dataset_name,alpha,sample_size,real_p,pred_p,abs_error,run_time
2dplanes,0.0,100,0.0,0.09,0.09,0.003113985061645508
2dplanes,0.0,100,0.0,0.02,0.02,0.014676332473754883
2dplanes,0.0,100,0.0,0.0,0.0,0.017460346221923828
2dplanes,0.0,100,0.0,0.0,0.0,0.01635599136352539
2dplanes,0.0,100,0.0,0.02,0.02,0.011505842208862305
2dplanes,0.0,100,0.0,0.02,0.02,0.01567816734313965
2dplanes,0.0,100,0.0,0.01,0.01,0.014726877212524414
2dplanes,0.0,100,0.0,0.1,0.1,0.012946367263793945
2dplanes,0.0,100,0.0,0.05,0.05,0.020655393600463867
2dplanes,0.0,100,0.0,0.0,0.0,0.015174150466918945
2dplanes,0.05,100,0.05,0.05,0.0,0.015428781509399414
2dplanes,0.05,100,0.05,0.08,0.03,0.015784740447998047
2dplanes,0.05,100,0.05,0.02,0.03,0.01593494415283203
2dplanes,0.05,100,0.05,0.0,0.05,0.012273311614990234
2dplanes,0.05,100,0.05,0.05,0.0,0.017131328582763672
2dplanes,0.05,100,0.05,0.02,0.03,0.018858671188354492
2dplanes,0.05,100,0.05,0.03,0.02,0.014884710311889648
2dplanes,0.05,100,0.05,0.1,0.05,0.015383720397949219
2dplanes,0.05,100,0.05,0.0,0.05,0.01563286781311035
2dplanes,0.05,100,0.05,0.01,0.04,0.014598369598388672
2dplanes,0.11,100,0.11,0.1,0.01,0.015175819396972656
2dplanes,0.11,100,0.11,0.15,0.04,0.01420736312866211
2dplanes,0.11,100,0.11,0.19,0.08,0.015982627868652344
2dplanes,0.11,100,0.11,0.17,0.06,0.012658119201660156
2dplanes,0.11,100,0.11,0.08,0.03,0.012249469757080078
2dplanes,0.11,100,0.11,0.13,0.02,0.017189502716064453
2dplanes,0.11,100,0.11,0.18,0.07,0.020440340042114258
2dplanes,0.11,100,0.11,0.15,0.04,0.015604019165039062
2dplanes,0.11,100,0.11,0.11,0.0,0.015233993530273438
2dplanes,0.11,100,0.11,0.18,0.07,0.010240793228149414
2dplanes,0.16,100,0.16,0.16,0.0,0.015321731567382812
2dplanes,0.16,100,0.16,0.14,0.02,0.012580394744873047
2dplanes,0.16,100,0.16,0.13,0.03,0.00961923599243164
2dplanes,0.16,100,0.16,0.14,0.02,0.014696121215820312
2dplanes,0.16,100,0.16,0.17,0.01,0.01409459114074707
2dplanes,0.16,100,0.16,0.23,0.07,0.014240026473999023
2dplanes,0.16,100,0.16,0.11,0.05,0.014973878860473633
2dplanes,0.16,100,0.16,0.08,0.08,0.014314413070678711
2dplanes,0.16,100,0.16,0.07,0.09,0.015193939208984375
2dplanes,0.16,100,0.16,0.09,0.07,0.018002986907958984
2dplanes,0.21,100,0.21,0.3,0.09,0.016367197036743164
2dplanes,0.21,100,0.21,0.16,0.05,0.014837980270385742
2dplanes,0.21,100,0.21,0.17,0.04,0.020298004150390625
2dplanes,0.21,100,0.21,0.22,0.01,0.013993024826049805
2dplanes,0.21,100,0.21,0.26,0.05,0.014461040496826172
2dplanes,0.21,100,0.21,0.22,0.01,0.012389421463012695
2dplanes,0.21,100,0.21,0.17,0.04,0.015079975128173828
2dplanes,0.21,100,0.21,0.15,0.06,0.01512598991394043
2dplanes,0.21,100,0.21,0.16,0.05,0.015566825866699219
2dplanes,0.21,100,0.21,0.22,0.01,0.015639305114746094
2dplanes,0.26,100,0.26,0.27,0.01,0.018198251724243164
2dplanes,0.26,100,0.26,0.31,0.05,0.015347480773925781
2dplanes,0.26,100,0.26,0.24,0.02,0.015796899795532227
2dplanes,0.26,100,0.26,0.24,0.02,0.012350797653198242
2dplanes,0.26,100,0.26,0.18,0.08,0.013531208038330078
2dplanes,0.26,100,0.26,0.27,0.01,0.013033151626586914
2dplanes,0.26,100,0.26,0.3,0.04,0.013538837432861328
2dplanes,0.26,100,0.26,0.25,0.01,0.01725935935974121
2dplanes,0.26,100,0.26,0.27,0.01,0.017684221267700195
2dplanes,0.26,100,0.26,0.24,0.02,0.013913154602050781
2dplanes,0.32,100,0.32,0.31,0.01,0.00946044921875
2dplanes,0.32,100,0.32,0.39,0.07,0.01570916175842285
2dplanes,0.32,100,0.32,0.3,0.02,0.0149078369140625
2dplanes,0.32,100,0.32,0.29,0.03,0.004407167434692383
2dplanes,0.32,100,0.32,0.33,0.01,0.015098333358764648
2dplanes,0.32,100,0.32,0.33,0.01,0.01483774185180664
2dplanes,0.32,100,0.32,0.34,0.02,0.012017250061035156
2dplanes,0.32,100,0.32,0.36,0.04,0.018172502517700195
2dplanes,0.32,100,0.32,0.34,0.02,0.01303553581237793
2dplanes,0.32,100,0.32,0.31,0.01,0.015662193298339844
2dplanes,0.37,100,0.37,0.4,0.03,0.016162633895874023
2dplanes,0.37,100,0.37,0.32,0.05,0.016364574432373047
2dplanes,0.37,100,0.37,0.44,0.07,0.004180431365966797
2dplanes,0.37,100,0.37,0.44,0.07,0.021856307983398438
2dplanes,0.37,100,0.37,0.42,0.05,0.025162696838378906
2dplanes,0.37,100,0.37,0.43,0.06,0.015204906463623047
2dplanes,0.37,100,0.37,0.27,0.1,0.014691591262817383
2dplanes,0.37,100,0.37,0.4,0.03,0.011214017868041992
2dplanes,0.37,100,0.37,0.36,0.01,0.01888895034790039
2dplanes,0.37,100,0.37,0.32,0.05,0.015278816223144531
2dplanes,0.42,100,0.42,0.41,0.01,0.014864921569824219
2dplanes,0.42,100,0.42,0.36,0.06,0.012877225875854492
2dplanes,0.42,100,0.42,0.44,0.02,0.014786481857299805
2dplanes,0.42,100,0.42,0.52,0.1,0.012215614318847656
2dplanes,0.42,100,0.42,0.38,0.04,0.016731739044189453
2dplanes,0.42,100,0.42,0.44,0.02,0.014477968215942383
2dplanes,0.42,100,0.42,0.39,0.03,0.015358924865722656
2dplanes,0.42,100,0.42,0.47,0.05,0.010361194610595703
2dplanes,0.42,100,0.42,0.49,0.07,0.015156030654907227
2dplanes,0.42,100,0.42,0.41,0.01,0.019037485122680664
2dplanes,0.47,100,0.47,0.56,0.09,0.012191534042358398
2dplanes,0.47,100,0.47,0.53,0.06,0.011160850524902344
2dplanes,0.47,100,0.47,0.49,0.02,0.016269445419311523
2dplanes,0.47,100,0.47,0.4,0.07,0.017398595809936523
2dplanes,0.47,100,0.47,0.53,0.06,0.017271995544433594
2dplanes,0.47,100,0.47,0.46,0.01,0.015921354293823242
2dplanes,0.47,100,0.47,0.44,0.03,0.014373064041137695
2dplanes,0.47,100,0.47,0.57,0.1,0.016588449478149414
2dplanes,0.47,100,0.47,0.5,0.03,0.011957645416259766
2dplanes,0.47,100,0.47,0.43,0.04,0.018157005310058594
2dplanes,0.53,100,0.53,0.51,0.02,0.015033960342407227
2dplanes,0.53,100,0.53,0.53,0.0,0.014507532119750977
2dplanes,0.53,100,0.53,0.61,0.08,0.015149593353271484
2dplanes,0.53,100,0.53,0.61,0.08,0.017536401748657227
2dplanes,0.53,100,0.53,0.52,0.01,0.014137983322143555
2dplanes,0.53,100,0.53,0.47,0.06,0.014085769653320312
2dplanes,0.53,100,0.53,0.55,0.02,0.012006521224975586
2dplanes,0.53,100,0.53,0.53,0.0,0.02015376091003418
2dplanes,0.53,100,0.53,0.55,0.02,0.017549991607666016
2dplanes,0.53,100,0.53,0.53,0.0,0.014964818954467773
2dplanes,0.58,100,0.58,0.56,0.02,0.016193628311157227
2dplanes,0.58,100,0.58,0.63,0.05,0.01886463165283203
2dplanes,0.58,100,0.58,0.55,0.03,0.01450657844543457
2dplanes,0.58,100,0.58,0.62,0.04,0.012134790420532227
2dplanes,0.58,100,0.58,0.53,0.05,0.014858722686767578
2dplanes,0.58,100,0.58,0.57,0.01,0.01468205451965332
2dplanes,0.58,100,0.58,0.57,0.01,0.011522769927978516
2dplanes,0.58,100,0.58,0.59,0.01,0.0156707763671875
2dplanes,0.58,100,0.58,0.52,0.06,0.01463007926940918
2dplanes,0.58,100,0.58,0.58,0.0,0.01377248764038086
2dplanes,0.63,100,0.63,0.6,0.03,0.014118194580078125
2dplanes,0.63,100,0.63,0.7,0.07,0.018258333206176758
2dplanes,0.63,100,0.63,0.62,0.01,0.009416818618774414
2dplanes,0.63,100,0.63,0.64,0.01,0.01562643051147461
2dplanes,0.63,100,0.63,0.66,0.03,0.019920825958251953
2dplanes,0.63,100,0.63,0.55,0.08,0.018102169036865234
2dplanes,0.63,100,0.63,0.59,0.04,0.015543460845947266
2dplanes,0.63,100,0.63,0.67,0.04,0.01589488983154297
2dplanes,0.63,100,0.63,0.56,0.07,0.015437126159667969
2dplanes,0.63,100,0.63,0.6,0.03,0.019678115844726562
2dplanes,0.68,100,0.68,0.69,0.01,0.014521598815917969
2dplanes,0.68,100,0.68,0.71,0.03,0.012960672378540039
2dplanes,0.68,100,0.68,0.7,0.02,0.015313863754272461
2dplanes,0.68,100,0.68,0.75,0.07,0.014247894287109375
2dplanes,0.68,100,0.68,0.73,0.05,0.012020587921142578
2dplanes,0.68,100,0.68,0.66,0.02,0.021124601364135742
2dplanes,0.68,100,0.68,0.64,0.04,0.019117116928100586
2dplanes,0.68,100,0.68,0.71,0.03,0.016173839569091797
2dplanes,0.68,100,0.68,0.68,0.0,0.01209568977355957
2dplanes,0.68,100,0.68,0.69,0.01,0.015486001968383789
2dplanes,0.74,100,0.74,0.75,0.01,0.024964570999145508
2dplanes,0.74,100,0.74,0.69,0.05,0.010416984558105469
2dplanes,0.74,100,0.74,0.72,0.02,0.01715707778930664
2dplanes,0.74,100,0.74,0.76,0.02,0.018245220184326172
2dplanes,0.74,100,0.74,0.74,0.0,0.01575636863708496
2dplanes,0.74,100,0.74,0.79,0.05,0.00972604751586914
2dplanes,0.74,100,0.74,0.74,0.0,0.014170646667480469
2dplanes,0.74,100,0.74,0.79,0.05,0.014793634414672852
2dplanes,0.74,100,0.74,0.78,0.04,0.02199101448059082
2dplanes,0.74,100,0.74,0.67,0.07,0.005360841751098633
2dplanes,0.79,100,0.79,0.83,0.04,0.005368232727050781
2dplanes,0.79,100,0.79,0.76,0.03,0.014459609985351562
2dplanes,0.79,100,0.79,0.66,0.13,0.01476287841796875
2dplanes,0.79,100,0.79,0.8,0.01,0.018793344497680664
2dplanes,0.79,100,0.79,0.76,0.03,0.012237548828125
2dplanes,0.79,100,0.79,0.86,0.07,0.010381937026977539
2dplanes,0.79,100,0.79,0.84,0.05,0.014929056167602539
2dplanes,0.79,100,0.79,0.7,0.09,0.015935420989990234
2dplanes,0.79,100,0.79,0.8,0.01,0.010523557662963867
2dplanes,0.79,100,0.79,0.81,0.02,0.01594233512878418
2dplanes,0.84,100,0.84,0.8,0.04,0.01047968864440918
2dplanes,0.84,100,0.84,0.84,0.0,0.009278059005737305
2dplanes,0.84,100,0.84,0.83,0.01,0.012449502944946289
2dplanes,0.84,100,0.84,0.85,0.01,0.014376163482666016
2dplanes,0.84,100,0.84,0.87,0.03,0.015527963638305664
2dplanes,0.84,100,0.84,0.78,0.06,0.01833939552307129
2dplanes,0.84,100,0.84,0.88,0.04,0.011209726333618164
2dplanes,0.84,100,0.84,0.86,0.02,0.01500558853149414
2dplanes,0.84,100,0.84,0.78,0.06,0.014898061752319336
2dplanes,0.84,100,0.84,0.73,0.11,0.01612067222595215
2dplanes,0.89,100,0.89,0.87,0.02,0.004292488098144531
2dplanes,0.89,100,0.89,0.89,0.0,0.014290094375610352
2dplanes,0.89,100,0.89,0.94,0.05,0.00756382942199707
2dplanes,0.89,100,0.89,0.93,0.04,0.010751962661743164
2dplanes,0.89,100,0.89,0.92,0.03,0.01240229606628418
2dplanes,0.89,100,0.89,0.9,0.01,0.020771503448486328
2dplanes,0.89,100,0.89,0.86,0.03,0.017987489700317383
2dplanes,0.89,100,0.89,0.85,0.04,0.016307830810546875
2dplanes,0.89,100,0.89,0.89,0.0,0.018188953399658203
2dplanes,0.89,100,0.89,0.91,0.02,0.012759685516357422
2dplanes,0.95,100,0.95,0.98,0.03,0.019738197326660156
2dplanes,0.95,100,0.95,0.97,0.02,0.014266490936279297
2dplanes,0.95,100,0.95,0.96,0.01,0.014107942581176758
2dplanes,0.95,100,0.95,1.0,0.05,0.015013933181762695
2dplanes,0.95,100,0.95,0.86,0.09,0.010583639144897461
2dplanes,0.95,100,0.95,0.88,0.07,0.010099649429321289
2dplanes,0.95,100,0.95,0.96,0.01,0.01897597312927246
2dplanes,0.95,100,0.95,0.9,0.05,0.01491093635559082
2dplanes,0.95,100,0.95,0.89,0.06,0.017694711685180664
2dplanes,0.95,100,0.95,0.98,0.03,0.018760204315185547
2dplanes,1.0,100,1.0,0.99,0.01,0.016766786575317383
2dplanes,1.0,100,1.0,0.98,0.02,0.017401456832885742
2dplanes,1.0,100,1.0,1.0,0.0,0.015097379684448242
2dplanes,1.0,100,1.0,1.0,0.0,0.015118837356567383
2dplanes,1.0,100,1.0,1.0,0.0,0.01045370101928711
2dplanes,1.0,100,1.0,1.0,0.0,0.01571822166442871
2dplanes,1.0,100,1.0,0.98,0.02,0.015416383743286133
2dplanes,1.0,100,1.0,1.0,0.0,0.024558067321777344
2dplanes,1.0,100,1.0,1.0,0.0,0.012443304061889648
2dplanes,1.0,100,1.0,1.0,0.0,0.012070178985595703
balloon,0.0,100,0.0,0.0,0.0,0.0153656005859375
balloon,0.0,100,0.0,0.0,0.0,0.0042591094970703125
balloon,0.0,100,0.0,0.0,0.0,0.01269674301147461
balloon,0.0,100,0.0,0.0,0.0,0.01380014419555664
balloon,0.0,100,0.0,0.0,0.0,0.010568857192993164
balloon,0.0,100,0.0,0.0,0.0,0.024760961532592773
balloon,0.0,100,0.0,0.0,0.0,0.014850378036499023
balloon,0.0,100,0.0,0.0,0.0,0.014108896255493164
balloon,0.0,100,0.0,0.0,0.0,0.017385482788085938
balloon,0.0,100,0.0,0.0,0.0,0.014688491821289062
balloon,0.05,100,0.05,0.04,0.01,0.013480424880981445
balloon,0.05,100,0.05,0.04,0.01,0.01483917236328125
balloon,0.05,100,0.05,0.03,0.02,0.023859262466430664
balloon,0.05,100,0.05,0.02,0.03,0.010572433471679688
balloon,0.05,100,0.05,0.01,0.04,0.014256954193115234
balloon,0.05,100,0.05,0.04,0.01,0.008603334426879883
balloon,0.05,100,0.05,0.03,0.02,0.011107444763183594
balloon,0.05,100,0.05,0.04,0.01,0.01689624786376953
balloon,0.05,100,0.05,0.02,0.03,0.01833486557006836
balloon,0.05,100,0.05,0.03,0.02,0.019173860549926758
balloon,0.11,100,0.11,0.15,0.04,0.018144607543945312
balloon,0.11,100,0.11,0.09,0.02,0.023270130157470703
balloon,0.11,100,0.11,0.09,0.02,0.01563882827758789
balloon,0.11,100,0.11,0.09,0.02,0.016568899154663086
balloon,0.11,100,0.11,0.12,0.01,0.014852523803710938
balloon,0.11,100,0.11,0.12,0.01,0.012557744979858398
balloon,0.11,100,0.11,0.07,0.04,0.014606475830078125
balloon,0.11,100,0.11,0.12,0.01,0.012903451919555664
balloon,0.11,100,0.11,0.1,0.01,0.01529550552368164
balloon,0.11,100,0.11,0.09,0.02,0.019695758819580078
balloon,0.16,100,0.16,0.15,0.01,0.012467622756958008
balloon,0.16,100,0.16,0.16,0.0,0.017580747604370117
balloon,0.16,100,0.16,0.16,0.0,0.014248847961425781
balloon,0.16,100,0.16,0.15,0.01,0.016147851943969727
balloon,0.16,100,0.16,0.15,0.01,0.011732816696166992
balloon,0.16,100,0.16,0.15,0.01,0.015247821807861328
balloon,0.16,100,0.16,0.11,0.05,0.01486349105834961
balloon,0.16,100,0.16,0.12,0.04,0.01886463165283203
balloon,0.16,100,0.16,0.13,0.03,0.01160430908203125
balloon,0.16,100,0.16,0.15,0.01,0.02420973777770996
balloon,0.21,100,0.21,0.21,0.0,0.01537775993347168
balloon,0.21,100,0.21,0.17,0.04,0.014910697937011719
balloon,0.21,100,0.21,0.2,0.01,0.01699519157409668
balloon,0.21,100,0.21,0.24,0.03,0.015610456466674805
balloon,0.21,100,0.21,0.22,0.01,0.02000284194946289
balloon,0.21,100,0.21,0.2,0.01,0.013223886489868164
balloon,0.21,100,0.21,0.15,0.06,0.017598628997802734
balloon,0.21,100,0.21,0.2,0.01,0.024244308471679688
balloon,0.21,100,0.21,0.2,0.01,0.015396356582641602
balloon,0.21,100,0.21,0.22,0.01,0.015161752700805664
balloon,0.26,100,0.26,0.27,0.01,0.017511367797851562
balloon,0.26,100,0.26,0.27,0.01,0.015320062637329102
balloon,0.26,100,0.26,0.22,0.04,0.01204228401184082
balloon,0.26,100,0.26,0.26,0.0,0.014110565185546875
balloon,0.26,100,0.26,0.22,0.04,0.017641067504882812
balloon,0.26,100,0.26,0.29,0.03,0.014624834060668945
balloon,0.26,100,0.26,0.25,0.01,0.012906789779663086
balloon,0.26,100,0.26,0.28,0.02,0.010545969009399414
balloon,0.26,100,0.26,0.27,0.01,0.018838167190551758
balloon,0.26,100,0.26,0.25,0.01,0.01759171485900879
balloon,0.32,100,0.32,0.28,0.04,0.014920711517333984
balloon,0.32,100,0.32,0.3,0.02,0.020679473876953125
balloon,0.32,100,0.32,0.32,0.0,0.015128135681152344
balloon,0.32,100,0.32,0.31,0.01,0.012816429138183594
balloon,0.32,100,0.32,0.33,0.01,0.01518702507019043
balloon,0.32,100,0.32,0.34,0.02,0.01269221305847168
balloon,0.32,100,0.32,0.3,0.02,0.009597301483154297
balloon,0.32,100,0.32,0.29,0.03,0.010229825973510742
balloon,0.32,100,0.32,0.32,0.0,0.010712623596191406
balloon,0.32,100,0.32,0.32,0.0,0.01548910140991211
balloon,0.37,100,0.37,0.37,0.0,0.01482248306274414
balloon,0.37,100,0.37,0.35,0.02,0.01621532440185547
balloon,0.37,100,0.37,0.35,0.02,0.012567520141601562
balloon,0.37,100,0.37,0.35,0.02,0.014828920364379883
balloon,0.37,100,0.37,0.36,0.01,0.016935348510742188
balloon,0.37,100,0.37,0.39,0.02,0.018842697143554688
balloon,0.37,100,0.37,0.35,0.02,0.015564203262329102
balloon,0.37,100,0.37,0.4,0.03,0.012505769729614258
balloon,0.37,100,0.37,0.33,0.04,0.014560461044311523
balloon,0.37,100,0.37,0.31,0.06,0.005559682846069336
balloon,0.42,100,0.42,0.38,0.04,0.018018722534179688
balloon,0.42,100,0.42,0.37,0.05,0.012758970260620117
balloon,0.42,100,0.42,0.4,0.02,0.014670372009277344
balloon,0.42,100,0.42,0.36,0.06,0.015396595001220703
balloon,0.42,100,0.42,0.42,0.0,0.012026071548461914
balloon,0.42,100,0.42,0.4,0.02,0.01404571533203125
balloon,0.42,100,0.42,0.43,0.01,0.012912511825561523
balloon,0.42,100,0.42,0.41,0.01,0.015986204147338867
balloon,0.42,100,0.42,0.41,0.01,0.013108491897583008
balloon,0.42,100,0.42,0.4,0.02,0.021780967712402344
balloon,0.47,100,0.47,0.46,0.01,0.018021345138549805
balloon,0.47,100,0.47,0.41,0.06,0.014251470565795898
balloon,0.47,100,0.47,0.47,0.0,0.014091253280639648
balloon,0.47,100,0.47,0.43,0.04,0.015062570571899414
balloon,0.47,100,0.47,0.38,0.09,0.013954639434814453
balloon,0.47,100,0.47,0.46,0.01,0.017297029495239258
balloon,0.47,100,0.47,0.45,0.02,0.012594938278198242
balloon,0.47,100,0.47,0.47,0.0,0.012392759323120117
balloon,0.47,100,0.47,0.46,0.01,0.012042522430419922
balloon,0.47,100,0.47,0.44,0.03,0.010091543197631836
balloon,0.53,100,0.53,0.49,0.04,0.014868974685668945
balloon,0.53,100,0.53,0.51,0.02,0.013409614562988281
balloon,0.53,100,0.53,0.52,0.01,0.01059865951538086
balloon,0.53,100,0.53,0.53,0.0,0.013541221618652344
balloon,0.53,100,0.53,0.51,0.02,0.014507532119750977
balloon,0.53,100,0.53,0.49,0.04,0.015448570251464844
balloon,0.53,100,0.53,0.52,0.01,0.013635635375976562
balloon,0.53,100,0.53,0.54,0.01,0.007569551467895508
balloon,0.53,100,0.53,0.51,0.02,0.020528316497802734
balloon,0.53,100,0.53,0.47,0.06,0.012779712677001953
balloon,0.58,100,0.58,0.54,0.04,0.01410365104675293
balloon,0.58,100,0.58,0.56,0.02,0.01427316665649414
balloon,0.58,100,0.58,0.54,0.04,0.014684438705444336
balloon,0.58,100,0.58,0.54,0.04,0.015009403228759766
balloon,0.58,100,0.58,0.56,0.02,0.015300750732421875
balloon,0.58,100,0.58,0.58,0.0,0.018572092056274414
balloon,0.58,100,0.58,0.56,0.02,0.017481565475463867
balloon,0.58,100,0.58,0.6,0.02,0.01844191551208496
balloon,0.58,100,0.58,0.53,0.05,0.017594575881958008
balloon,0.58,100,0.58,0.53,0.05,0.01987600326538086
balloon,0.63,100,0.63,0.59,0.04,0.014638185501098633
balloon,0.63,100,0.63,0.63,0.0,0.019112348556518555
balloon,0.63,100,0.63,0.62,0.01,0.015126943588256836
balloon,0.63,100,0.63,0.59,0.04,0.01519775390625
balloon,0.63,100,0.63,0.64,0.01,0.013894081115722656
balloon,0.63,100,0.63,0.59,0.04,0.014199495315551758
balloon,0.63,100,0.63,0.61,0.02,0.018412351608276367
balloon,0.63,100,0.63,0.58,0.05,0.015108585357666016
balloon,0.63,100,0.63,0.62,0.01,0.014188289642333984
balloon,0.63,100,0.63,0.56,0.07,0.009514331817626953
balloon,0.68,100,0.68,0.67,0.01,0.017615318298339844
balloon,0.68,100,0.68,0.64,0.04,0.012961149215698242
balloon,0.68,100,0.68,0.67,0.01,0.012403726577758789
balloon,0.68,100,0.68,0.64,0.04,0.015004873275756836
balloon,0.68,100,0.68,0.66,0.02,0.018038511276245117
balloon,0.68,100,0.68,0.64,0.04,0.01661229133605957
balloon,0.68,100,0.68,0.69,0.01,0.016211271286010742
balloon,0.68,100,0.68,0.67,0.01,0.015085458755493164
balloon,0.68,100,0.68,0.64,0.04,0.018706560134887695
balloon,0.68,100,0.68,0.61,0.07,0.015104532241821289
balloon,0.74,100,0.74,0.8,0.06,0.01747417449951172
balloon,0.74,100,0.74,0.72,0.02,0.016903162002563477
balloon,0.74,100,0.74,0.71,0.03,0.011968612670898438
balloon,0.74,100,0.74,0.73,0.01,0.012349367141723633
balloon,0.74,100,0.74,0.78,0.04,0.017589569091796875
balloon,0.74,100,0.74,0.8,0.06,0.012487411499023438
balloon,0.74,100,0.74,0.71,0.03,0.01528167724609375
balloon,0.74,100,0.74,0.74,0.0,0.012155532836914062
balloon,0.74,100,0.74,0.71,0.03,0.016060352325439453
balloon,0.74,100,0.74,0.73,0.01,0.016366004943847656
balloon,0.79,100,0.79,0.77,0.02,0.01997542381286621
balloon,0.79,100,0.79,0.78,0.01,0.018851518630981445
balloon,0.79,100,0.79,0.78,0.01,0.014709711074829102
balloon,0.79,100,0.79,0.71,0.08,0.011596441268920898
balloon,0.79,100,0.79,0.78,0.01,0.014415979385375977
balloon,0.79,100,0.79,0.77,0.02,0.013945579528808594
balloon,0.79,100,0.79,0.74,0.05,0.01217794418334961
balloon,0.79,100,0.79,0.74,0.05,0.014890670776367188
balloon,0.79,100,0.79,0.76,0.03,0.014763593673706055
balloon,0.79,100,0.79,0.76,0.03,0.015230178833007812
balloon,0.84,100,0.84,0.8,0.04,0.012328386306762695
balloon,0.84,100,0.84,0.82,0.02,0.014063119888305664
balloon,0.84,100,0.84,0.84,0.0,0.012726545333862305
balloon,0.84,100,0.84,0.87,0.03,0.01822495460510254
balloon,0.84,100,0.84,0.82,0.02,0.014622211456298828
balloon,0.84,100,0.84,0.83,0.01,0.014888763427734375
balloon,0.84,100,0.84,0.82,0.02,0.010592937469482422
balloon,0.84,100,0.84,0.84,0.0,0.01836228370666504
balloon,0.84,100,0.84,0.84,0.0,0.014191150665283203
balloon,0.84,100,0.84,0.81,0.03,0.01690983772277832
balloon,0.89,100,0.89,0.86,0.03,0.014672279357910156
balloon,0.89,100,0.89,0.88,0.01,0.01282954216003418
balloon,0.89,100,0.89,0.87,0.02,0.016457557678222656
balloon,0.89,100,0.89,0.82,0.07,0.018153667449951172
balloon,0.89,100,0.89,0.91,0.02,0.014693975448608398
balloon,0.89,100,0.89,0.89,0.0,0.01680159568786621
balloon,0.89,100,0.89,0.84,0.05,0.012756824493408203
balloon,0.89,100,0.89,0.83,0.06,0.014967203140258789
balloon,0.89,100,0.89,0.84,0.05,0.014056682586669922
balloon,0.89,100,0.89,0.84,0.05,0.013222217559814453
balloon,0.95,100,0.95,0.95,0.0,0.014956951141357422
balloon,0.95,100,0.95,0.94,0.01,0.011770248413085938
balloon,0.95,100,0.95,0.89,0.06,0.015209197998046875
balloon,0.95,100,0.95,0.91,0.04,0.0044782161712646484
balloon,0.95,100,0.95,0.85,0.1,0.014688968658447266
balloon,0.95,100,0.95,0.95,0.0,0.014618635177612305
balloon,0.95,100,0.95,0.95,0.0,0.00964975357055664
balloon,0.95,100,0.95,0.93,0.02,0.014944314956665039
balloon,0.95,100,0.95,0.95,0.0,0.014584779739379883
balloon,0.95,100,0.95,0.91,0.04,0.012096881866455078
balloon,1.0,100,1.0,1.0,0.0,0.016159534454345703
balloon,1.0,100,1.0,1.0,0.0,0.02062249183654785
balloon,1.0,100,1.0,0.99,0.01,0.01877880096435547
balloon,1.0,100,1.0,0.98,0.02,0.007444143295288086
balloon,1.0,100,1.0,1.0,0.0,0.015776395797729492
balloon,1.0,100,1.0,1.0,0.0,0.016490459442138672
balloon,1.0,100,1.0,0.95,0.05,0.021749258041381836
balloon,1.0,100,1.0,0.99,0.01,0.014088869094848633
balloon,1.0,100,1.0,1.0,0.0,0.018718719482421875
balloon,1.0,100,1.0,0.97,0.03,0.014626026153564453
bank8FM,0.0,100,0.0,0.0,0.0,0.018143653869628906
bank8FM,0.0,100,0.0,0.01,0.01,0.01831841468811035
bank8FM,0.0,100,0.0,0.0,0.0,0.019449234008789062
bank8FM,0.0,100,0.0,0.06,0.06,0.014147520065307617
bank8FM,0.0,100,0.0,0.05,0.05,0.012708902359008789
bank8FM,0.0,100,0.0,0.05,0.05,0.010081768035888672
bank8FM,0.0,100,0.0,0.0,0.0,0.012554168701171875
bank8FM,0.0,100,0.0,0.0,0.0,0.012698173522949219
bank8FM,0.0,100,0.0,0.06,0.06,0.013786077499389648
bank8FM,0.0,100,0.0,0.0,0.0,0.014047861099243164
bank8FM,0.05,100,0.05,0.05,0.0,0.014872550964355469
bank8FM,0.05,100,0.05,0.06,0.01,0.008895635604858398
bank8FM,0.05,100,0.05,0.06,0.01,0.015850067138671875
bank8FM,0.05,100,0.05,0.05,0.0,0.01375126838684082
bank8FM,0.05,100,0.05,0.05,0.0,0.014453887939453125
bank8FM,0.05,100,0.05,0.02,0.03,0.01765918731689453
bank8FM,0.05,100,0.05,0.05,0.0,0.014771461486816406
bank8FM,0.05,100,0.05,0.07,0.02,0.014373779296875
bank8FM,0.05,100,0.05,0.07,0.02,0.01766204833984375
bank8FM,0.05,100,0.05,0.07,0.02,0.012784957885742188
bank8FM,0.11,100,0.11,0.11,0.0,0.015674352645874023
bank8FM,0.11,100,0.11,0.17,0.06,0.017259836196899414
bank8FM,0.11,100,0.11,0.11,0.0,0.020959138870239258
bank8FM,0.11,100,0.11,0.1,0.01,0.014278173446655273
bank8FM,0.11,100,0.11,0.14,0.03,0.01761460304260254
bank8FM,0.11,100,0.11,0.14,0.03,0.017478466033935547
bank8FM,0.11,100,0.11,0.06,0.05,0.01688528060913086
bank8FM,0.11,100,0.11,0.13,0.02,0.012151241302490234
bank8FM,0.11,100,0.11,0.08,0.03,0.011111736297607422
bank8FM,0.11,100,0.11,0.16,0.05,0.024817705154418945
bank8FM,0.16,100,0.16,0.19,0.03,0.01780533790588379
bank8FM,0.16,100,0.16,0.16,0.0,0.01790022850036621
bank8FM,0.16,100,0.16,0.15,0.01,0.01021718978881836
bank8FM,0.16,100,0.16,0.17,0.01,0.012741804122924805
bank8FM,0.16,100,0.16,0.17,0.01,0.015007972717285156
bank8FM,0.16,100,0.16,0.16,0.0,0.012063264846801758
bank8FM,0.16,100,0.16,0.18,0.02,0.01790785789489746
bank8FM,0.16,100,0.16,0.17,0.01,0.010622262954711914
bank8FM,0.16,100,0.16,0.15,0.01,0.015870332717895508
bank8FM,0.16,100,0.16,0.18,0.02,0.006098747253417969
bank8FM,0.21,100,0.21,0.23,0.02,0.012050390243530273
bank8FM,0.21,100,0.21,0.2,0.01,0.014890909194946289
bank8FM,0.21,100,0.21,0.2,0.01,0.013957023620605469
bank8FM,0.21,100,0.21,0.18,0.03,0.015371561050415039
bank8FM,0.21,100,0.21,0.24,0.03,0.012742757797241211
bank8FM,0.21,100,0.21,0.21,0.0,0.016140222549438477
bank8FM,0.21,100,0.21,0.23,0.02,0.009814023971557617
bank8FM,0.21,100,0.21,0.22,0.01,0.012234926223754883
bank8FM,0.21,100,0.21,0.23,0.02,0.016961336135864258
bank8FM,0.21,100,0.21,0.22,0.01,0.012102603912353516
bank8FM,0.26,100,0.26,0.25,0.01,0.015421628952026367
bank8FM,0.26,100,0.26,0.25,0.01,0.014714241027832031
bank8FM,0.26,100,0.26,0.24,0.02,0.012405872344970703
bank8FM,0.26,100,0.26,0.29,0.03,0.009668827056884766
bank8FM,0.26,100,0.26,0.26,0.0,0.014032840728759766
bank8FM,0.26,100,0.26,0.29,0.03,0.011641263961791992
bank8FM,0.26,100,0.26,0.3,0.04,0.014156341552734375
bank8FM,0.26,100,0.26,0.29,0.03,0.014052629470825195
bank8FM,0.26,100,0.26,0.26,0.0,0.00655364990234375
bank8FM,0.26,100,0.26,0.24,0.02,0.014320135116577148
bank8FM,0.32,100,0.32,0.32,0.0,0.014659404754638672
bank8FM,0.32,100,0.32,0.33,0.01,0.008360147476196289
bank8FM,0.32,100,0.32,0.35,0.03,0.019550800323486328
bank8FM,0.32,100,0.32,0.32,0.0,0.011668205261230469
bank8FM,0.32,100,0.32,0.31,0.01,0.02485370635986328
bank8FM,0.32,100,0.32,0.31,0.01,0.015233993530273438
bank8FM,0.32,100,0.32,0.29,0.03,0.01601576805114746
bank8FM,0.32,100,0.32,0.31,0.01,0.015221595764160156
bank8FM,0.32,100,0.32,0.3,0.02,0.023755311965942383
bank8FM,0.32,100,0.32,0.29,0.03,0.014130353927612305
bank8FM,0.37,100,0.37,0.36,0.01,0.018001556396484375
bank8FM,0.37,100,0.37,0.39,0.02,0.016880512237548828
bank8FM,0.37,100,0.37,0.41,0.04,0.013791322708129883
bank8FM,0.37,100,0.37,0.37,0.0,0.015206336975097656
bank8FM,0.37,100,0.37,0.34,0.03,0.012184619903564453
bank8FM,0.37,100,0.37,0.37,0.0,0.0155792236328125
bank8FM,0.37,100,0.37,0.41,0.04,0.010845422744750977
bank8FM,0.37,100,0.37,0.38,0.01,0.010443687438964844
bank8FM,0.37,100,0.37,0.37,0.0,0.013939380645751953
bank8FM,0.37,100,0.37,0.37,0.0,0.016184329986572266
bank8FM,0.42,100,0.42,0.4,0.02,0.01420903205871582
bank8FM,0.42,100,0.42,0.43,0.01,0.014577865600585938
bank8FM,0.42,100,0.42,0.42,0.0,0.009613513946533203
bank8FM,0.42,100,0.42,0.44,0.02,0.015118598937988281
bank8FM,0.42,100,0.42,0.44,0.02,0.011646270751953125
bank8FM,0.42,100,0.42,0.39,0.03,0.014597654342651367
bank8FM,0.42,100,0.42,0.39,0.03,0.01494145393371582
bank8FM,0.42,100,0.42,0.44,0.02,0.015356779098510742
bank8FM,0.42,100,0.42,0.36,0.06,0.015450477600097656
bank8FM,0.42,100,0.42,0.39,0.03,0.012134790420532227
bank8FM,0.47,100,0.47,0.51,0.04,0.009894132614135742
bank8FM,0.47,100,0.47,0.45,0.02,0.014036178588867188
bank8FM,0.47,100,0.47,0.44,0.03,0.014246463775634766
bank8FM,0.47,100,0.47,0.51,0.04,0.011620283126831055
bank8FM,0.47,100,0.47,0.49,0.02,0.011603116989135742
bank8FM,0.47,100,0.47,0.48,0.01,0.01233053207397461
bank8FM,0.47,100,0.47,0.48,0.01,0.012150764465332031
bank8FM,0.47,100,0.47,0.44,0.03,0.01390981674194336
bank8FM,0.47,100,0.47,0.47,0.0,0.01235342025756836
bank8FM,0.47,100,0.47,0.47,0.0,0.010477066040039062
bank8FM,0.53,100,0.53,0.57,0.04,0.014325141906738281
bank8FM,0.53,100,0.53,0.53,0.0,0.010703325271606445
bank8FM,0.53,100,0.53,0.52,0.01,0.012088775634765625
bank8FM,0.53,100,0.53,0.52,0.01,0.014233112335205078
bank8FM,0.53,100,0.53,0.56,0.03,0.014114141464233398
bank8FM,0.53,100,0.53,0.51,0.02,0.014734506607055664
bank8FM,0.53,100,0.53,0.53,0.0,0.012349843978881836
bank8FM,0.53,100,0.53,0.51,0.02,0.01760411262512207
bank8FM,0.53,100,0.53,0.51,0.02,0.014010429382324219
bank8FM,0.53,100,0.53,0.49,0.04,0.016232728958129883
bank8FM,0.58,100,0.58,0.57,0.01,0.017723798751831055
bank8FM,0.58,100,0.58,0.63,0.05,0.017997026443481445
bank8FM,0.58,100,0.58,0.56,0.02,0.012984991073608398
bank8FM,0.58,100,0.58,0.59,0.01,0.012062311172485352
bank8FM,0.58,100,0.58,0.59,0.01,0.015538454055786133
bank8FM,0.58,100,0.58,0.59,0.01,0.012346744537353516
bank8FM,0.58,100,0.58,0.56,0.02,0.014699935913085938
bank8FM,0.58,100,0.58,0.61,0.03,0.009723901748657227
bank8FM,0.58,100,0.58,0.57,0.01,0.010881662368774414
bank8FM,0.58,100,0.58,0.61,0.03,0.012162923812866211
bank8FM,0.63,100,0.63,0.63,0.0,0.011460065841674805
bank8FM,0.63,100,0.63,0.64,0.01,0.005385398864746094
bank8FM,0.63,100,0.63,0.61,0.02,0.014824390411376953
bank8FM,0.63,100,0.63,0.63,0.0,0.01796865463256836
bank8FM,0.63,100,0.63,0.65,0.02,0.016440629959106445
bank8FM,0.63,100,0.63,0.65,0.02,0.015777587890625
bank8FM,0.63,100,0.63,0.61,0.02,0.01601862907409668
bank8FM,0.63,100,0.63,0.63,0.0,0.015064716339111328
bank8FM,0.63,100,0.63,0.62,0.01,0.014798879623413086
bank8FM,0.63,100,0.63,0.61,0.02,0.014486074447631836
bank8FM,0.68,100,0.68,0.69,0.01,0.012213706970214844
bank8FM,0.68,100,0.68,0.67,0.01,0.005633354187011719
bank8FM,0.68,100,0.68,0.69,0.01,0.013051271438598633
bank8FM,0.68,100,0.68,0.68,0.0,0.014694690704345703
bank8FM,0.68,100,0.68,0.67,0.01,0.004597187042236328
bank8FM,0.68,100,0.68,0.66,0.02,0.014821529388427734
bank8FM,0.68,100,0.68,0.65,0.03,0.015992403030395508
bank8FM,0.68,100,0.68,0.71,0.03,0.015106439590454102
bank8FM,0.68,100,0.68,0.66,0.02,0.018750667572021484
bank8FM,0.68,100,0.68,0.7,0.02,0.020885229110717773
bank8FM,0.74,100,0.74,0.73,0.01,0.012082815170288086
bank8FM,0.74,100,0.74,0.72,0.02,0.013559579849243164
bank8FM,0.74,100,0.74,0.71,0.03,0.01011800765991211
bank8FM,0.74,100,0.74,0.73,0.01,0.012579917907714844
bank8FM,0.74,100,0.74,0.81,0.07,0.014291524887084961
bank8FM,0.74,100,0.74,0.76,0.02,0.01255655288696289
bank8FM,0.74,100,0.74,0.74,0.0,0.012810945510864258
bank8FM,0.74,100,0.74,0.75,0.01,0.015081167221069336
bank8FM,0.74,100,0.74,0.73,0.01,0.012547016143798828
bank8FM,0.74,100,0.74,0.73,0.01,0.013216972351074219
bank8FM,0.79,100,0.79,0.77,0.02,0.018034696578979492
bank8FM,0.79,100,0.79,0.81,0.02,0.013821840286254883
bank8FM,0.79,100,0.79,0.74,0.05,0.018225431442260742
bank8FM,0.79,100,0.79,0.81,0.02,0.010633230209350586
bank8FM,0.79,100,0.79,0.77,0.02,0.014967203140258789
bank8FM,0.79,100,0.79,0.76,0.03,0.019318103790283203
bank8FM,0.79,100,0.79,0.78,0.01,0.007843971252441406
bank8FM,0.79,100,0.79,0.75,0.04,0.014206647872924805
bank8FM,0.79,100,0.79,0.81,0.02,0.018084287643432617
bank8FM,0.79,100,0.79,0.8,0.01,0.014978408813476562
bank8FM,0.84,100,0.84,0.84,0.0,0.017179489135742188
bank8FM,0.84,100,0.84,0.83,0.01,0.010863542556762695
bank8FM,0.84,100,0.84,0.83,0.01,0.020341873168945312
bank8FM,0.84,100,0.84,0.87,0.03,0.017702341079711914
bank8FM,0.84,100,0.84,0.84,0.0,0.012144327163696289
bank8FM,0.84,100,0.84,0.82,0.02,0.014658927917480469
bank8FM,0.84,100,0.84,0.85,0.01,0.018244504928588867
bank8FM,0.84,100,0.84,0.86,0.02,0.01401376724243164
bank8FM,0.84,100,0.84,0.85,0.01,0.009157657623291016
bank8FM,0.84,100,0.84,0.86,0.02,0.01879262924194336
bank8FM,0.89,100,0.89,0.91,0.02,0.0049512386322021484
bank8FM,0.89,100,0.89,0.89,0.0,0.012419462203979492
bank8FM,0.89,100,0.89,0.89,0.0,0.01317739486694336
bank8FM,0.89,100,0.89,0.91,0.02,0.018719196319580078
bank8FM,0.89,100,0.89,0.91,0.02,0.015514850616455078
bank8FM,0.89,100,0.89,0.92,0.03,0.014021635055541992
bank8FM,0.89,100,0.89,0.87,0.02,0.009515523910522461
bank8FM,0.89,100,0.89,0.88,0.01,0.01424860954284668
bank8FM,0.89,100,0.89,0.88,0.01,0.021328210830688477
bank8FM,0.89,100,0.89,0.87,0.02,0.014580249786376953
bank8FM,0.95,100,0.95,0.93,0.02,0.015346288681030273
bank8FM,0.95,100,0.95,0.97,0.02,0.011749982833862305
bank8FM,0.95,100,0.95,0.97,0.02,0.014089107513427734
bank8FM,0.95,100,0.95,0.95,0.0,0.013682842254638672
bank8FM,0.95,100,0.95,0.96,0.01,0.014780044555664062
bank8FM,0.95,100,0.95,0.94,0.01,0.009661674499511719
bank8FM,0.95,100,0.95,0.93,0.02,0.014635324478149414
bank8FM,0.95,100,0.95,0.96,0.01,0.015170812606811523
bank8FM,0.95,100,0.95,0.92,0.03,0.01938915252685547
bank8FM,0.95,100,0.95,0.96,0.01,0.015668630599975586
bank8FM,1.0,100,1.0,0.99,0.01,0.014911651611328125
bank8FM,1.0,100,1.0,1.0,0.0,0.012298107147216797
bank8FM,1.0,100,1.0,1.0,0.0,0.00758671760559082
bank8FM,1.0,100,1.0,0.98,0.02,0.014456510543823242
bank8FM,1.0,100,1.0,0.98,0.02,0.014693260192871094
bank8FM,1.0,100,1.0,1.0,0.0,0.006985187530517578
bank8FM,1.0,100,1.0,1.0,0.0,0.01719808578491211
bank8FM,1.0,100,1.0,0.95,0.05,0.009573221206665039
bank8FM,1.0,100,1.0,1.0,0.0,0.010564804077148438
bank8FM,1.0,100,1.0,1.0,0.0,0.016185760498046875
churn,0.0,100,0.0,0.0,0.0,0.018136262893676758
churn,0.0,100,0.0,0.0,0.0,0.012004375457763672
churn,0.0,100,0.0,0.03,0.03,0.01265859603881836
churn,0.0,100,0.0,0.0,0.0,0.01519775390625
churn,0.0,100,0.0,0.0,0.0,0.018933534622192383
churn,0.0,100,0.0,0.0,0.0,0.015283823013305664
churn,0.0,100,0.0,0.0,0.0,0.012019634246826172
churn,0.0,100,0.0,0.0,0.0,0.015636920928955078
churn,0.0,100,0.0,0.0,0.0,0.014872074127197266
churn,0.0,100,0.0,0.0,0.0,0.003652811050415039
churn,0.05,100,0.05,0.19,0.14,0.014182090759277344
churn,0.05,100,0.05,0.04,0.01,0.014316082000732422
churn,0.05,100,0.05,0.0,0.05,0.01231074333190918
churn,0.05,100,0.05,0.19,0.14,0.011758565902709961
churn,0.05,100,0.05,0.13,0.08,0.009831666946411133
churn,0.05,100,0.05,0.26,0.21,0.012740850448608398
churn,0.05,100,0.05,0.0,0.05,0.008561849594116211
churn,0.05,100,0.05,0.08,0.03,0.01612067222595215
churn,0.05,100,0.05,0.04,0.01,0.01269841194152832
churn,0.05,100,0.05,0.02,0.03,0.008506536483764648
churn,0.11,100,0.11,0.18,0.07,0.019657135009765625
churn,0.11,100,0.11,0.14,0.03,0.013540267944335938
churn,0.11,100,0.11,0.23,0.12,0.017696619033813477
churn,0.11,100,0.11,0.22,0.11,0.015390157699584961
churn,0.11,100,0.11,0.12,0.01,0.02269744873046875
churn,0.11,100,0.11,0.17,0.06,0.01908135414123535
churn,0.11,100,0.11,0.17,0.06,0.015301704406738281
churn,0.11,100,0.11,0.3,0.19,0.016907930374145508
churn,0.11,100,0.11,0.17,0.06,0.014154195785522461
churn,0.11,100,0.11,0.16,0.05,0.014670372009277344
churn,0.16,100,0.16,0.18,0.02,0.0245058536529541
churn,0.16,100,0.16,0.35,0.19,0.01768779754638672
churn,0.16,100,0.16,0.38,0.22,0.008969545364379883
churn,0.16,100,0.16,0.42,0.26,0.013236284255981445
churn,0.16,100,0.16,0.25,0.09,0.012228012084960938
churn,0.16,100,0.16,0.29,0.13,0.013284683227539062
churn,0.16,100,0.16,0.08,0.08,0.01812267303466797
churn,0.16,100,0.16,0.32,0.16,0.016208648681640625
churn,0.16,100,0.16,0.3,0.14,0.02020883560180664
churn,0.16,100,0.16,0.19,0.03,0.013223409652709961
churn,0.21,100,0.21,0.21,0.0,0.018869400024414062
churn,0.21,100,0.21,0.31,0.1,0.01573324203491211
churn,0.21,100,0.21,0.23,0.02,0.012100934982299805
churn,0.21,100,0.21,0.31,0.1,0.013762235641479492
churn,0.21,100,0.21,0.54,0.33,0.012702703475952148
churn,0.21,100,0.21,0.08,0.13,0.004305362701416016
churn,0.21,100,0.21,0.29,0.08,0.013769388198852539
churn,0.21,100,0.21,0.33,0.12,0.009309768676757812
churn,0.21,100,0.21,0.21,0.0,0.00946044921875
churn,0.21,100,0.21,0.35,0.14,0.015979766845703125
churn,0.26,100,0.26,0.23,0.03,0.012433767318725586
churn,0.26,100,0.26,0.33,0.07,0.01467275619506836
churn,0.26,100,0.26,0.48,0.22,0.014810323715209961
churn,0.26,100,0.26,0.38,0.12,0.012617826461791992
churn,0.26,100,0.26,0.39,0.13,0.01630878448486328
churn,0.26,100,0.26,0.38,0.12,0.011940240859985352
churn,0.26,100,0.26,0.22,0.04,0.010881423950195312
churn,0.26,100,0.26,0.44,0.18,0.014685869216918945
churn,0.26,100,0.26,0.57,0.31,0.014809608459472656
churn,0.26,100,0.26,0.3,0.04,0.014077186584472656
churn,0.32,100,0.32,0.33,0.01,0.015877485275268555
churn,0.32,100,0.32,0.5,0.18,0.012707948684692383
churn,0.32,100,0.32,0.57,0.25,0.02079176902770996
churn,0.32,100,0.32,0.5,0.18,0.018991470336914062
churn,0.32,100,0.32,0.45,0.13,0.013212203979492188
churn,0.32,100,0.32,0.4,0.08,0.01510477066040039
churn,0.32,100,0.32,0.35,0.03,0.018133878707885742
churn,0.32,100,0.32,0.4,0.08,0.02058696746826172
churn,0.32,100,0.32,0.6,0.28,0.016376972198486328
churn,0.32,100,0.32,0.29,0.03,0.012836456298828125
churn,0.37,100,0.37,0.56,0.19,0.018894672393798828
churn,0.37,100,0.37,0.56,0.19,0.014652013778686523
churn,0.37,100,0.37,0.7,0.33,0.018329143524169922
churn,0.37,100,0.37,0.73,0.36,0.018268346786499023
churn,0.37,100,0.37,0.5,0.13,0.009476661682128906
churn,0.37,100,0.37,0.6,0.23,0.014934778213500977
churn,0.37,100,0.37,0.78,0.41,0.014708280563354492
churn,0.37,100,0.37,0.53,0.16,0.006067037582397461
churn,0.37,100,0.37,0.46,0.09,0.02025318145751953
churn,0.37,100,0.37,0.59,0.22,0.014973163604736328
churn,0.42,100,0.42,0.6,0.18,0.017536401748657227
churn,0.42,100,0.42,0.5,0.08,0.019755840301513672
churn,0.42,100,0.42,0.51,0.09,0.014664411544799805
churn,0.42,100,0.42,0.5,0.08,0.013841867446899414
churn,0.42,100,0.42,0.6,0.18,0.012710809707641602
churn,0.42,100,0.42,0.59,0.17,0.006484270095825195
churn,0.42,100,0.42,0.5,0.08,0.01601862907409668
churn,0.42,100,0.42,0.43,0.01,0.019823789596557617
churn,0.42,100,0.42,0.5,0.08,0.01453399658203125
churn,0.42,100,0.42,0.44,0.02,0.017422914505004883
churn,0.47,100,0.47,0.57,0.1,0.01877903938293457
churn,0.47,100,0.47,1.0,0.53,0.014621973037719727
churn,0.47,100,0.47,0.68,0.21,0.014202117919921875
churn,0.47,100,0.47,0.5,0.03,0.012785673141479492
churn,0.47,100,0.47,0.67,0.2,0.012091398239135742
churn,0.47,100,0.47,0.63,0.16,0.015561580657958984
churn,0.47,100,0.47,0.79,0.32,0.012790679931640625
churn,0.47,100,0.47,0.76,0.29,0.014623641967773438
churn,0.47,100,0.47,0.6,0.13,0.011609077453613281
churn,0.47,100,0.47,0.67,0.2,0.02183365821838379
churn,0.53,100,0.53,1.0,0.47,0.012762069702148438
churn,0.53,100,0.53,0.76,0.23,0.008713006973266602
churn,0.53,100,0.53,0.7,0.17,0.014280319213867188
churn,0.53,100,0.53,0.88,0.35,0.015716075897216797
churn,0.53,100,0.53,0.85,0.32,0.017473936080932617
churn,0.53,100,0.53,0.57,0.04,0.015328407287597656
churn,0.53,100,0.53,1.0,0.47,0.014838933944702148
churn,0.53,100,0.53,0.88,0.35,0.014590978622436523
churn,0.53,100,0.53,0.67,0.14,0.011939287185668945
churn,0.53,100,0.53,0.83,0.3,0.014833450317382812
churn,0.58,100,0.58,0.95,0.37,0.01752614974975586
churn,0.58,100,0.58,0.89,0.31,0.018811941146850586
churn,0.58,100,0.58,0.67,0.09,0.01415705680847168
churn,0.58,100,0.58,1.0,0.42,0.012569904327392578
churn,0.58,100,0.58,0.93,0.35,0.018798828125
churn,0.58,100,0.58,0.78,0.2,0.022696971893310547
churn,0.58,100,0.58,0.65,0.07,0.01546335220336914
churn,0.58,100,0.58,0.57,0.01,0.012233734130859375
churn,0.58,100,0.58,0.67,0.09,0.01822495460510254
churn,0.58,100,0.58,0.74,0.16,0.01280522346496582
churn,0.63,100,0.63,1.0,0.37,0.01400899887084961
churn,0.63,100,0.63,0.83,0.2,0.015259265899658203
churn,0.63,100,0.63,0.92,0.29,0.012759923934936523
churn,0.63,100,0.63,0.77,0.14,0.009344339370727539
churn,0.63,100,0.63,0.78,0.15,0.01527547836303711
churn,0.63,100,0.63,1.0,0.37,0.0054111480712890625
churn,0.63,100,0.63,1.0,0.37,0.0191347599029541
churn,0.63,100,0.63,1.0,0.37,0.012166023254394531
churn,0.63,100,0.63,0.8,0.17,0.010453462600708008
churn,0.63,100,0.63,1.0,0.37,0.016083478927612305
churn,0.68,100,0.68,0.79,0.11,0.013358831405639648
churn,0.68,100,0.68,1.0,0.32,0.012105226516723633
churn,0.68,100,0.68,1.0,0.32,0.009587526321411133
churn,0.68,100,0.68,0.78,0.1,0.016028404235839844
churn,0.68,100,0.68,1.0,0.32,0.021642208099365234
churn,0.68,100,0.68,0.69,0.01,0.014282941818237305
churn,0.68,100,0.68,0.82,0.14,0.009528636932373047
churn,0.68,100,0.68,1.0,0.32,0.020869016647338867
churn,0.68,100,0.68,1.0,0.32,0.015532732009887695
churn,0.68,100,0.68,1.0,0.32,0.01096034049987793
churn,0.74,100,0.74,1.0,0.26,0.021307945251464844
churn,0.74,100,0.74,1.0,0.26,0.01511073112487793
churn,0.74,100,0.74,1.0,0.26,0.012111663818359375
churn,0.74,100,0.74,1.0,0.26,0.01447606086730957
churn,0.74,100,0.74,1.0,0.26,0.015091657638549805
churn,0.74,100,0.74,1.0,0.26,0.016132354736328125
churn,0.74,100,0.74,1.0,0.26,0.012813568115234375
churn,0.74,100,0.74,1.0,0.26,0.013266324996948242
churn,0.74,100,0.74,0.95,0.21,0.015042781829833984
churn,0.74,100,0.74,1.0,0.26,0.016145944595336914
churn,0.79,100,0.79,1.0,0.21,0.017071008682250977
churn,0.79,100,0.79,1.0,0.21,0.012141704559326172
churn,0.79,100,0.79,1.0,0.21,0.01042318344116211
churn,0.79,100,0.79,1.0,0.21,0.017691850662231445
churn,0.79,100,0.79,1.0,0.21,0.014157772064208984
churn,0.79,100,0.79,1.0,0.21,0.011649370193481445
churn,0.79,100,0.79,0.7,0.09,0.0078887939453125
churn,0.79,100,0.79,1.0,0.21,0.014698505401611328
churn,0.79,100,0.79,1.0,0.21,0.01821136474609375
churn,0.79,100,0.79,1.0,0.21,0.009073972702026367
churn,0.84,100,0.84,1.0,0.16,0.018229007720947266
churn,0.84,100,0.84,1.0,0.16,0.018801212310791016
churn,0.84,100,0.84,0.85,0.01,0.014670848846435547
churn,0.84,100,0.84,1.0,0.16,0.015144109725952148
churn,0.84,100,0.84,1.0,0.16,0.01833963394165039
churn,0.84,100,0.84,1.0,0.16,0.024204015731811523
churn,0.84,100,0.84,1.0,0.16,0.01407766342163086
churn,0.84,100,0.84,1.0,0.16,0.020721912384033203
churn,0.84,100,0.84,1.0,0.16,0.015035152435302734
churn,0.84,100,0.84,1.0,0.16,0.015254974365234375
churn,0.89,100,0.89,1.0,0.11,0.011286258697509766
churn,0.89,100,0.89,1.0,0.11,0.0
churn,0.89,100,0.89,1.0,0.11,0.01209568977355957
churn,0.89,100,0.89,1.0,0.11,0.009477853775024414
churn,0.89,100,0.89,1.0,0.11,0.011535882949829102
churn,0.89,100,0.89,1.0,0.11,0.01573657989501953
churn,0.89,100,0.89,1.0,0.11,0.01278066635131836
churn,0.89,100,0.89,1.0,0.11,0.0045626163482666016
churn,0.89,100,0.89,1.0,0.11,0.01505899429321289
churn,0.89,100,0.89,1.0,0.11,0.018726587295532227
churn,0.95,100,0.95,1.0,0.05,0.0181882381439209
churn,0.95,100,0.95,1.0,0.05,0.01401209831237793
churn,0.95,100,0.95,1.0,0.05,0.02485513687133789
churn,0.95,100,0.95,1.0,0.05,0.013231039047241211
churn,0.95,100,0.95,1.0,0.05,0.01439356803894043
churn,0.95,100,0.95,1.0,0.05,0.02383732795715332
churn,0.95,100,0.95,0.95,0.0,0.01825690269470215
churn,0.95,100,0.95,1.0,0.05,0.015580892562866211
churn,0.95,100,0.95,1.0,0.05,0.015075922012329102
churn,0.95,100,0.95,1.0,0.05,0.02026653289794922
churn,1.0,100,1.0,1.0,0.0,0.013110637664794922
churn,1.0,100,1.0,1.0,0.0,0.014787435531616211
churn,1.0,100,1.0,1.0,0.0,0.017848730087280273
churn,1.0,100,1.0,1.0,0.0,0.013196945190429688
churn,1.0,100,1.0,1.0,0.0,0.015599966049194336
churn,1.0,100,1.0,1.0,0.0,0.013187408447265625
churn,1.0,100,1.0,1.0,0.0,0.01682138442993164
churn,1.0,100,1.0,1.0,0.0,0.012051820755004883
churn,1.0,100,1.0,1.0,0.0,0.019246578216552734
churn,1.0,100,1.0,1.0,0.0,0.01798558235168457
clean2,0.0,100,0.0,0.0,0.0,0.010469913482666016
clean2,0.0,100,0.0,0.0,0.0,0.014783859252929688
clean2,0.0,100,0.0,0.0,0.0,0.016191959381103516
clean2,0.0,100,0.0,0.0,0.0,0.012121438980102539
clean2,0.0,100,0.0,0.0,0.0,0.014477968215942383
clean2,0.0,100,0.0,0.0,0.0,0.012013435363769531
clean2,0.0,100,0.0,0.0,0.0,0.017478466033935547
clean2,0.0,100,0.0,0.0,0.0,0.012415885925292969
clean2,0.0,100,0.0,0.0,0.0,0.013623476028442383
clean2,0.0,100,0.0,0.0,0.0,0.01595306396484375
clean2,0.05,100,0.05,0.05,0.0,0.012685537338256836
clean2,0.05,100,0.05,0.05,0.0,0.011182785034179688
clean2,0.05,100,0.05,0.05,0.0,0.016760587692260742
clean2,0.05,100,0.05,0.05,0.0,0.012158870697021484
clean2,0.05,100,0.05,0.05,0.0,0.018952369689941406
clean2,0.05,100,0.05,0.05,0.0,0.013894081115722656
clean2,0.05,100,0.05,0.05,0.0,0.014198541641235352
clean2,0.05,100,0.05,0.05,0.0,0.011813640594482422
clean2,0.05,100,0.05,0.05,0.0,0.018571138381958008
clean2,0.05,100,0.05,0.05,0.0,0.017496347427368164
clean2,0.11,100,0.11,0.11,0.0,0.014686107635498047
clean2,0.11,100,0.11,0.11,0.0,0.014218330383300781
clean2,0.11,100,0.11,0.11,0.0,0.01879405975341797
clean2,0.11,100,0.11,0.11,0.0,0.01820826530456543
clean2,0.11,100,0.11,0.11,0.0,0.012754678726196289
clean2,0.11,100,0.11,0.11,0.0,0.014686107635498047
clean2,0.11,100,0.11,0.11,0.0,0.024219512939453125
clean2,0.11,100,0.11,0.11,0.0,0.015655994415283203
clean2,0.11,100,0.11,0.11,0.0,0.0060613155364990234
clean2,0.11,100,0.11,0.11,0.0,0.01424551010131836
clean2,0.16,100,0.16,0.16,0.0,0.016172170639038086
clean2,0.16,100,0.16,0.16,0.0,0.012891292572021484
clean2,0.16,100,0.16,0.16,0.0,0.015643835067749023
clean2,0.16,100,0.16,0.16,0.0,0.008386373519897461
clean2,0.16,100,0.16,0.16,0.0,0.017886638641357422
clean2,0.16,100,0.16,0.16,0.0,0.016472578048706055
clean2,0.16,100,0.16,0.16,0.0,0.018658161163330078
clean2,0.16,100,0.16,0.16,0.0,0.012160301208496094
clean2,0.16,100,0.16,0.16,0.0,0.012711286544799805
clean2,0.16,100,0.16,0.16,0.0,0.014540433883666992
clean2,0.21,100,0.21,0.21,0.0,0.015596151351928711
clean2,0.21,100,0.21,0.21,0.0,0.015205144882202148
clean2,0.21,100,0.21,0.21,0.0,0.010607004165649414
clean2,0.21,100,0.21,0.21,0.0,0.016049861907958984
clean2,0.21,100,0.21,0.21,0.0,0.018080711364746094
clean2,0.21,100,0.21,0.21,0.0,0.019313573837280273
clean2,0.21,100,0.21,0.21,0.0,0.012117624282836914
clean2,0.21,100,0.21,0.21,0.0,0.018193960189819336
clean2,0.21,100,0.21,0.21,0.0,0.01671600341796875
clean2,0.21,100,0.21,0.21,0.0,0.014553070068359375
clean2,0.26,100,0.26,0.26,0.0,0.015012025833129883
clean2,0.26,100,0.26,0.26,0.0,0.014942407608032227
clean2,0.26,100,0.26,0.26,0.0,0.01764082908630371
clean2,0.26,100,0.26,0.26,0.0,0.015347719192504883
clean2,0.26,100,0.26,0.26,0.0,0.012250185012817383
clean2,0.26,100,0.26,0.26,0.0,0.01650714874267578
clean2,0.26,100,0.26,0.26,0.0,0.014231681823730469
clean2,0.26,100,0.26,0.26,0.0,0.015087604522705078
clean2,0.26,100,0.26,0.26,0.0,0.01381373405456543
clean2,0.26,100,0.26,0.26,0.0,0.015612363815307617
clean2,0.32,100,0.32,0.32,0.0,0.017934083938598633
clean2,0.32,100,0.32,0.32,0.0,0.018112659454345703
clean2,0.32,100,0.32,0.32,0.0,0.011506319046020508
clean2,0.32,100,0.32,0.32,0.0,0.014241933822631836
clean2,0.32,100,0.32,0.32,0.0,0.014721155166625977
clean2,0.32,100,0.32,0.32,0.0,0.014039039611816406
clean2,0.32,100,0.32,0.32,0.0,0.01055455207824707
clean2,0.32,100,0.32,0.32,0.0,0.014631986618041992
clean2,0.32,100,0.32,0.32,0.0,0.015114545822143555
clean2,0.32,100,0.32,0.32,0.0,0.014058351516723633
clean2,0.37,100,0.37,0.37,0.0,0.009783267974853516
clean2,0.37,100,0.37,0.37,0.0,0.014594316482543945
clean2,0.37,100,0.37,0.37,0.0,0.01939868927001953
clean2,0.37,100,0.37,0.37,0.0,0.015021800994873047
clean2,0.37,100,0.37,0.37,0.0,0.02436351776123047
clean2,0.37,100,0.37,0.37,0.0,0.01985764503479004
clean2,0.37,100,0.37,0.37,0.0,0.010687112808227539
clean2,0.37,100,0.37,0.37,0.0,0.018144845962524414
clean2,0.37,100,0.37,0.37,0.0,0.018077373504638672
clean2,0.37,100,0.37,0.37,0.0,0.01837897300720215
clean2,0.42,100,0.42,0.42,0.0,0.014566659927368164
clean2,0.42,100,0.42,0.42,0.0,0.014161348342895508
clean2,0.42,100,0.42,0.42,0.0,0.014203071594238281
clean2,0.42,100,0.42,0.42,0.0,0.012180566787719727
clean2,0.42,100,0.42,0.42,0.0,0.012701034545898438
clean2,0.42,100,0.42,0.42,0.0,0.014829158782958984
clean2,0.42,100,0.42,0.42,0.0,0.015389442443847656
clean2,0.42,100,0.42,0.42,0.0,0.01508331298828125
clean2,0.42,100,0.42,0.42,0.0,0.019165515899658203
clean2,0.42,100,0.42,0.42,0.0,0.011127471923828125
clean2,0.47,100,0.47,0.47,0.0,0.011603593826293945
clean2,0.47,100,0.47,0.47,0.0,0.009682893753051758
clean2,0.47,100,0.47,0.47,0.0,0.016285181045532227
clean2,0.47,100,0.47,0.47,0.0,0.014764070510864258
clean2,0.47,100,0.47,0.47,0.0,0.016117095947265625
clean2,0.47,100,0.47,0.47,0.0,0.015826940536499023
clean2,0.47,100,0.47,0.47,0.0,0.012754440307617188
clean2,0.47,100,0.47,0.47,0.0,0.01109170913696289
clean2,0.47,100,0.47,0.47,0.0,0.015562772750854492
clean2,0.47,100,0.47,0.47,0.0,0.01827859878540039
clean2,0.53,100,0.53,0.53,0.0,0.012665033340454102
clean2,0.53,100,0.53,0.53,0.0,0.011074304580688477
clean2,0.53,100,0.53,0.53,0.0,0.009896993637084961
clean2,0.53,100,0.53,0.53,0.0,0.0184173583984375
clean2,0.53,100,0.53,0.53,0.0,0.015114307403564453
clean2,0.53,100,0.53,0.53,0.0,0.010431528091430664
clean2,0.53,100,0.53,0.53,0.0,0.017111539840698242
clean2,0.53,100,0.53,0.53,0.0,0.024883270263671875
clean2,0.53,100,0.53,0.53,0.0,0.015703916549682617
clean2,0.53,100,0.53,0.53,0.0,0.009412765502929688
clean2,0.58,100,0.58,0.58,0.0,0.018079042434692383
clean2,0.58,100,0.58,0.58,0.0,0.012408733367919922
clean2,0.58,100,0.58,0.58,0.0,0.0149688720703125
clean2,0.58,100,0.58,0.58,0.0,0.023843765258789062
clean2,0.58,100,0.58,0.58,0.0,0.014920234680175781
clean2,0.58,100,0.58,0.58,0.0,0.014761924743652344
clean2,0.58,100,0.58,0.58,0.0,0.017923831939697266
clean2,0.58,100,0.58,0.58,0.0,0.011142492294311523
clean2,0.58,100,0.58,0.58,0.0,0.01398015022277832
clean2,0.58,100,0.58,0.58,0.0,0.017502546310424805
clean2,0.63,100,0.63,0.63,0.0,0.014631986618041992
clean2,0.63,100,0.63,0.63,0.0,0.02428126335144043
clean2,0.63,100,0.63,0.63,0.0,0.014599323272705078
clean2,0.63,100,0.63,0.63,0.0,0.010535240173339844
clean2,0.63,100,0.63,0.63,0.0,0.014821529388427734
clean2,0.63,100,0.63,0.63,0.0,0.011538267135620117
clean2,0.63,100,0.63,0.63,0.0,0.015219449996948242
clean2,0.63,100,0.63,0.63,0.0,0.024907588958740234
clean2,0.63,100,0.63,0.63,0.0,0.01523900032043457
clean2,0.63,100,0.63,0.63,0.0,0.014113903045654297
clean2,0.68,100,0.68,0.68,0.0,0.014987468719482422
clean2,0.68,100,0.68,0.68,0.0,0.01759028434753418
clean2,0.68,100,0.68,0.68,0.0,0.01281428337097168
clean2,0.68,100,0.68,0.68,0.0,0.015193700790405273
clean2,0.68,100,0.68,0.68,0.0,0.014132499694824219
clean2,0.68,100,0.68,0.68,0.0,0.010950088500976562
clean2,0.68,100,0.68,0.68,0.0,0.015100955963134766
clean2,0.68,100,0.68,0.68,0.0,0.01163935661315918
clean2,0.68,100,0.68,0.68,0.0,0.01563882827758789
clean2,0.68,100,0.68,0.68,0.0,0.014694690704345703
clean2,0.74,100,0.74,0.74,0.0,0.018090248107910156
clean2,0.74,100,0.74,0.74,0.0,0.012230157852172852
clean2,0.74,100,0.74,0.74,0.0,0.014109134674072266
clean2,0.74,100,0.74,0.74,0.0,0.020969867706298828
clean2,0.74,100,0.74,0.74,0.0,0.015126943588256836
clean2,0.74,100,0.74,0.74,0.0,0.014534950256347656
clean2,0.74,100,0.74,0.74,0.0,0.013670206069946289
clean2,0.74,100,0.74,0.74,0.0,0.012145757675170898
clean2,0.74,100,0.74,0.74,0.0,0.014569759368896484
clean2,0.74,100,0.74,0.74,0.0,0.015054702758789062
clean2,0.79,100,0.79,0.79,0.0,0.010579347610473633
clean2,0.79,100,0.79,0.79,0.0,0.013650894165039062
clean2,0.79,100,0.79,0.79,0.0,0.019763708114624023
clean2,0.79,100,0.79,0.79,0.0,0.015043497085571289
clean2,0.79,100,0.79,0.79,0.0,0.014250040054321289
clean2,0.79,100,0.79,0.79,0.0,0.018756389617919922
clean2,0.79,100,0.79,0.79,0.0,0.014651775360107422
clean2,0.79,100,0.79,0.79,0.0,0.01818561553955078
clean2,0.79,100,0.79,0.79,0.0,0.015080690383911133
clean2,0.79,100,0.79,0.79,0.0,0.014307498931884766
clean2,0.84,100,0.84,0.84,0.0,0.012689352035522461
clean2,0.84,100,0.84,0.84,0.0,0.007624387741088867
clean2,0.84,100,0.84,0.84,0.0,0.015043020248413086
clean2,0.84,100,0.84,0.84,0.0,0.014523983001708984
clean2,0.84,100,0.84,0.84,0.0,0.01748967170715332
clean2,0.84,100,0.84,0.84,0.0,0.01229238510131836
clean2,0.84,100,0.84,0.84,0.0,0.012113332748413086
clean2,0.84,100,0.84,0.84,0.0,0.015138387680053711
clean2,0.84,100,0.84,0.84,0.0,0.016276121139526367
clean2,0.84,100,0.84,0.84,0.0,0.015991687774658203
clean2,0.89,100,0.89,0.89,0.0,0.014808177947998047
clean2,0.89,100,0.89,0.89,0.0,0.011934518814086914
clean2,0.89,100,0.89,0.89,0.0,0.012883424758911133
clean2,0.89,100,0.89,0.89,0.0,0.012370109558105469
clean2,0.89,100,0.89,0.89,0.0,0.015047311782836914
clean2,0.89,100,0.89,0.89,0.0,0.017615079879760742
clean2,0.89,100,0.89,0.89,0.0,0.015810012817382812
clean2,0.89,100,0.89,0.89,0.0,0.015776872634887695
clean2,0.89,100,0.89,0.89,0.0,0.013988971710205078
clean2,0.89,100,0.89,0.89,0.0,0.017478466033935547
clean2,0.95,100,0.95,0.95,0.0,0.014761209487915039
clean2,0.95,100,0.95,0.95,0.0,0.012641668319702148
clean2,0.95,100,0.95,0.95,0.0,0.010140180587768555
clean2,0.95,100,0.95,0.95,0.0,0.014355659484863281
clean2,0.95,100,0.95,0.95,0.0,0.0034492015838623047
clean2,0.95,100,0.95,0.95,0.0,0.00606226921081543
clean2,0.95,100,0.95,0.95,0.0,0.013830423355102539
clean2,0.95,100,0.95,0.95,0.0,0.012727499008178711
clean2,0.95,100,0.95,0.95,0.0,0.011736154556274414
clean2,0.95,100,0.95,0.95,0.0,0.017933130264282227
clean2,1.0,100,1.0,1.0,0.0,0.012629032135009766
clean2,1.0,100,1.0,1.0,0.0,0.011760950088500977
clean2,1.0,100,1.0,1.0,0.0,0.014098644256591797
clean2,1.0,100,1.0,1.0,0.0,0.01786494255065918
clean2,1.0,100,1.0,1.0,0.0,0.024256229400634766
clean2,1.0,100,1.0,1.0,0.0,0.0034296512603759766
clean2,1.0,100,1.0,1.0,0.0,0.008579492568969727
clean2,1.0,100,1.0,1.0,0.0,0.010584115982055664
clean2,1.0,100,1.0,1.0,0.0,0.014736652374267578
clean2,1.0,100,1.0,1.0,0.0,0.012190580368041992
cpu_act,0.0,100,0.0,0.0,0.0,0.01894402503967285
cpu_act,0.0,100,0.0,0.0,0.0,0.018042802810668945
cpu_act,0.0,100,0.0,0.0,0.0,0.015062570571899414
cpu_act,0.0,100,0.0,0.01,0.01,0.014199495315551758
cpu_act,0.0,100,0.0,0.03,0.03,0.01601696014404297
cpu_act,0.0,100,0.0,0.04,0.04,0.017099618911743164
cpu_act,0.0,100,0.0,0.0,0.0,0.01522684097290039
cpu_act,0.0,100,0.0,0.0,0.0,0.01514124870300293
cpu_act,0.0,100,0.0,0.05,0.05,0.01311635971069336
cpu_act,0.0,100,0.0,0.0,0.0,0.012690305709838867
cpu_act,0.05,100,0.05,0.04,0.01,0.011806249618530273
cpu_act,0.05,100,0.05,0.07,0.02,0.012044429779052734
cpu_act,0.05,100,0.05,0.05,0.0,0.014904499053955078
cpu_act,0.05,100,0.05,0.04,0.01,0.011991262435913086
cpu_act,0.05,100,0.05,0.05,0.0,0.0120086669921875
cpu_act,0.05,100,0.05,0.07,0.02,0.015154838562011719
cpu_act,0.05,100,0.05,0.04,0.01,0.01450967788696289
cpu_act,0.05,100,0.05,0.05,0.0,0.017629146575927734
cpu_act,0.05,100,0.05,0.07,0.02,0.01492452621459961
cpu_act,0.05,100,0.05,0.05,0.0,0.01759791374206543
cpu_act,0.11,100,0.11,0.11,0.0,0.011096715927124023
cpu_act,0.11,100,0.11,0.12,0.01,0.011070013046264648
cpu_act,0.11,100,0.11,0.11,0.0,0.012681722640991211
cpu_act,0.11,100,0.11,0.12,0.01,0.018835067749023438
cpu_act,0.11,100,0.11,0.11,0.0,0.01102137565612793
cpu_act,0.11,100,0.11,0.11,0.0,0.009811639785766602
cpu_act,0.11,100,0.11,0.05,0.06,0.017595767974853516
cpu_act,0.11,100,0.11,0.12,0.01,0.01557779312133789
cpu_act,0.11,100,0.11,0.09,0.02,0.009604930877685547
cpu_act,0.11,100,0.11,0.1,0.01,0.01369023323059082
cpu_act,0.16,100,0.16,0.15,0.01,0.015260696411132812
cpu_act,0.16,100,0.16,0.19,0.03,0.01491546630859375
cpu_act,0.16,100,0.16,0.21,0.05,0.014662742614746094
cpu_act,0.16,100,0.16,0.19,0.03,0.012796878814697266
cpu_act,0.16,100,0.16,0.2,0.04,0.01174306869506836
cpu_act,0.16,100,0.16,0.12,0.04,0.01068425178527832
cpu_act,0.16,100,0.16,0.16,0.0,0.011668920516967773
cpu_act,0.16,100,0.16,0.19,0.03,0.015871047973632812
cpu_act,0.16,100,0.16,0.18,0.02,0.017052412033081055
cpu_act,0.16,100,0.16,0.19,0.03,0.015211343765258789
cpu_act,0.21,100,0.21,0.21,0.0,0.014989852905273438
cpu_act,0.21,100,0.21,0.21,0.0,0.015227079391479492
cpu_act,0.21,100,0.21,0.19,0.02,0.015665054321289062
cpu_act,0.21,100,0.21,0.21,0.0,0.01459193229675293
cpu_act,0.21,100,0.21,0.14,0.07,0.014432668685913086
cpu_act,0.21,100,0.21,0.23,0.02,0.018744230270385742
cpu_act,0.21,100,0.21,0.19,0.02,0.016088485717773438
cpu_act,0.21,100,0.21,0.18,0.03,0.019923686981201172
cpu_act,0.21,100,0.21,0.18,0.03,0.01017141342163086
cpu_act,0.21,100,0.21,0.19,0.02,0.015357494354248047
cpu_act,0.26,100,0.26,0.26,0.0,0.017953157424926758
cpu_act,0.26,100,0.26,0.22,0.04,0.010565996170043945
cpu_act,0.26,100,0.26,0.23,0.03,0.01750802993774414
cpu_act,0.26,100,0.26,0.28,0.02,0.017667531967163086
cpu_act,0.26,100,0.26,0.28,0.02,0.023792743682861328
cpu_act,0.26,100,0.26,0.27,0.01,0.016628026962280273
cpu_act,0.26,100,0.26,0.25,0.01,0.01393437385559082
cpu_act,0.26,100,0.26,0.24,0.02,0.02172541618347168
cpu_act,0.26,100,0.26,0.27,0.01,0.01424264907836914
cpu_act,0.26,100,0.26,0.24,0.02,0.013931751251220703
cpu_act,0.32,100,0.32,0.32,0.0,0.01655864715576172
cpu_act,0.32,100,0.32,0.31,0.01,0.008698225021362305
cpu_act,0.32,100,0.32,0.33,0.01,0.013216972351074219
cpu_act,0.32,100,0.32,0.29,0.03,0.017719268798828125
cpu_act,0.32,100,0.32,0.32,0.0,0.012858390808105469
cpu_act,0.32,100,0.32,0.33,0.01,0.014777898788452148
cpu_act,0.32,100,0.32,0.32,0.0,0.012830018997192383
cpu_act,0.32,100,0.32,0.3,0.02,0.01817154884338379
cpu_act,0.32,100,0.32,0.32,0.0,0.012744665145874023
cpu_act,0.32,100,0.32,0.33,0.01,0.014731407165527344
cpu_act,0.37,100,0.37,0.34,0.03,0.015822172164916992
cpu_act,0.37,100,0.37,0.39,0.02,0.01526021957397461
cpu_act,0.37,100,0.37,0.39,0.02,0.014888525009155273
cpu_act,0.37,100,0.37,0.38,0.01,0.011561155319213867
cpu_act,0.37,100,0.37,0.4,0.03,0.01070547103881836
cpu_act,0.37,100,0.37,0.36,0.01,0.014257192611694336
cpu_act,0.37,100,0.37,0.39,0.02,0.012735366821289062
cpu_act,0.37,100,0.37,0.35,0.02,0.01265263557434082
cpu_act,0.37,100,0.37,0.35,0.02,0.02424311637878418
cpu_act,0.37,100,0.37,0.38,0.01,0.014659881591796875
cpu_act,0.42,100,0.42,0.44,0.02,0.016170978546142578
cpu_act,0.42,100,0.42,0.43,0.01,0.015207052230834961
cpu_act,0.42,100,0.42,0.4,0.02,0.020936965942382812
cpu_act,0.42,100,0.42,0.41,0.01,0.014445066452026367
cpu_act,0.42,100,0.42,0.45,0.03,0.009414434432983398
cpu_act,0.42,100,0.42,0.43,0.01,0.01508188247680664
cpu_act,0.42,100,0.42,0.43,0.01,0.012705802917480469
cpu_act,0.42,100,0.42,0.41,0.01,0.017586946487426758
cpu_act,0.42,100,0.42,0.39,0.03,0.014864444732666016
cpu_act,0.42,100,0.42,0.37,0.05,0.01480245590209961
cpu_act,0.47,100,0.47,0.48,0.01,0.016061067581176758
cpu_act,0.47,100,0.47,0.42,0.05,0.018805742263793945
cpu_act,0.47,100,0.47,0.47,0.0,0.012270212173461914
cpu_act,0.47,100,0.47,0.48,0.01,0.008679389953613281
cpu_act,0.47,100,0.47,0.42,0.05,0.014959096908569336
cpu_act,0.47,100,0.47,0.46,0.01,0.01586627960205078
cpu_act,0.47,100,0.47,0.48,0.01,0.01410675048828125
cpu_act,0.47,100,0.47,0.48,0.01,0.014968395233154297
cpu_act,0.47,100,0.47,0.46,0.01,0.01478266716003418
cpu_act,0.47,100,0.47,0.49,0.02,0.018093109130859375
cpu_act,0.53,100,0.53,0.52,0.01,0.017948150634765625
cpu_act,0.53,100,0.53,0.48,0.05,0.01624917984008789
cpu_act,0.53,100,0.53,0.55,0.02,0.025397300720214844
cpu_act,0.53,100,0.53,0.54,0.01,0.017557382583618164
cpu_act,0.53,100,0.53,0.54,0.01,0.012760162353515625
cpu_act,0.53,100,0.53,0.54,0.01,0.014610528945922852
cpu_act,0.53,100,0.53,0.51,0.02,0.012889385223388672
cpu_act,0.53,100,0.53,0.56,0.03,0.018863916397094727
cpu_act,0.53,100,0.53,0.51,0.02,0.011550664901733398
cpu_act,0.53,100,0.53,0.52,0.01,0.0043811798095703125
cpu_act,0.58,100,0.58,0.58,0.0,0.01603102684020996
cpu_act,0.58,100,0.58,0.58,0.0,0.009416341781616211
cpu_act,0.58,100,0.58,0.51,0.07,0.0191347599029541
cpu_act,0.58,100,0.58,0.59,0.01,0.014757394790649414
cpu_act,0.58,100,0.58,0.53,0.05,0.012814760208129883
cpu_act,0.58,100,0.58,0.58,0.0,0.018715858459472656
cpu_act,0.58,100,0.58,0.59,0.01,0.010632753372192383
cpu_act,0.58,100,0.58,0.51,0.07,0.011774301528930664
cpu_act,0.58,100,0.58,0.6,0.02,0.0033707618713378906
cpu_act,0.58,100,0.58,0.59,0.01,0.014696598052978516
cpu_act,0.63,100,0.63,0.58,0.05,0.014924287796020508
cpu_act,0.63,100,0.63,0.67,0.04,0.017894744873046875
cpu_act,0.63,100,0.63,0.58,0.05,0.01279139518737793
cpu_act,0.63,100,0.63,0.62,0.01,0.014220952987670898
cpu_act,0.63,100,0.63,0.63,0.0,0.012123346328735352
cpu_act,0.63,100,0.63,0.62,0.01,0.007783651351928711
cpu_act,0.63,100,0.63,0.64,0.01,0.012778520584106445
cpu_act,0.63,100,0.63,0.55,0.08,0.015043973922729492
cpu_act,0.63,100,0.63,0.62,0.01,0.00945138931274414
cpu_act,0.63,100,0.63,0.63,0.0,0.009852886199951172
cpu_act,0.68,100,0.68,0.67,0.01,0.014964580535888672
cpu_act,0.68,100,0.68,0.7,0.02,0.013293981552124023
cpu_act,0.68,100,0.68,0.71,0.03,0.014238119125366211
cpu_act,0.68,100,0.68,0.68,0.0,0.014541864395141602
cpu_act,0.68,100,0.68,0.67,0.01,0.016249895095825195
cpu_act,0.68,100,0.68,0.68,0.0,0.017459869384765625
cpu_act,0.68,100,0.68,0.69,0.01,0.011609315872192383
cpu_act,0.68,100,0.68,0.65,0.03,0.012076854705810547
cpu_act,0.68,100,0.68,0.72,0.04,0.01838517189025879
cpu_act,0.68,100,0.68,0.68,0.0,0.018959999084472656
cpu_act,0.74,100,0.74,0.75,0.01,0.015165567398071289
cpu_act,0.74,100,0.74,0.73,0.01,0.015212297439575195
cpu_act,0.74,100,0.74,0.72,0.02,0.01213979721069336
cpu_act,0.74,100,0.74,0.71,0.03,0.014358758926391602
cpu_act,0.74,100,0.74,0.73,0.01,0.015532732009887695
cpu_act,0.74,100,0.74,0.75,0.01,0.015378713607788086
cpu_act,0.74,100,0.74,0.76,0.02,0.01334238052368164
cpu_act,0.74,100,0.74,0.74,0.0,0.018707990646362305
cpu_act,0.74,100,0.74,0.72,0.02,0.016233205795288086
cpu_act,0.74,100,0.74,0.76,0.02,0.014190196990966797
cpu_act,0.79,100,0.79,0.75,0.04,0.019744873046875
cpu_act,0.79,100,0.79,0.72,0.07,0.012192487716674805
cpu_act,0.79,100,0.79,0.82,0.03,0.015138387680053711
cpu_act,0.79,100,0.79,0.81,0.02,0.011803865432739258
cpu_act,0.79,100,0.79,0.79,0.0,0.01499485969543457
cpu_act,0.79,100,0.79,0.82,0.03,0.014935493469238281
cpu_act,0.79,100,0.79,0.79,0.0,0.009877681732177734
cpu_act,0.79,100,0.79,0.83,0.04,0.01511240005493164
cpu_act,0.79,100,0.79,0.74,0.05,0.014656305313110352
cpu_act,0.79,100,0.79,0.83,0.04,0.014558076858520508
cpu_act,0.84,100,0.84,0.8,0.04,0.012066841125488281
cpu_act,0.84,100,0.84,0.75,0.09,0.01639389991760254
cpu_act,0.84,100,0.84,0.82,0.02,0.014735937118530273
cpu_act,0.84,100,0.84,0.78,0.06,0.011610746383666992
cpu_act,0.84,100,0.84,0.81,0.03,0.016289949417114258
cpu_act,0.84,100,0.84,0.81,0.03,0.014875173568725586
cpu_act,0.84,100,0.84,0.84,0.0,0.013967514038085938
cpu_act,0.84,100,0.84,0.81,0.03,0.015106916427612305
cpu_act,0.84,100,0.84,0.8,0.04,0.017194271087646484
cpu_act,0.84,100,0.84,0.83,0.01,0.010157585144042969
cpu_act,0.89,100,0.89,0.87,0.02,0.015411853790283203
cpu_act,0.89,100,0.89,0.86,0.03,0.01421809196472168
cpu_act,0.89,100,0.89,0.84,0.05,0.011244535446166992
cpu_act,0.89,100,0.89,0.88,0.01,0.015636682510375977
cpu_act,0.89,100,0.89,0.89,0.0,0.022248506546020508
cpu_act,0.89,100,0.89,0.84,0.05,0.013735532760620117
cpu_act,0.89,100,0.89,0.95,0.06,0.014306068420410156
cpu_act,0.89,100,0.89,0.82,0.07,0.015296220779418945
cpu_act,0.89,100,0.89,0.85,0.04,0.015005350112915039
cpu_act,0.89,100,0.89,0.86,0.03,0.014852285385131836
cpu_act,0.95,100,0.95,0.94,0.01,0.01401972770690918
cpu_act,0.95,100,0.95,0.92,0.03,0.015172719955444336
cpu_act,0.95,100,0.95,0.9,0.05,0.014585494995117188
cpu_act,0.95,100,0.95,0.88,0.07,0.0175626277923584
cpu_act,0.95,100,0.95,0.96,0.01,0.017652273178100586
cpu_act,0.95,100,0.95,0.92,0.03,0.015115976333618164
cpu_act,0.95,100,0.95,0.99,0.04,0.009344100952148438
cpu_act,0.95,100,0.95,0.96,0.01,0.014624834060668945
cpu_act,0.95,100,0.95,0.9,0.05,0.01629328727722168
cpu_act,0.95,100,0.95,0.96,0.01,0.012725353240966797
cpu_act,1.0,100,1.0,1.0,0.0,0.018814563751220703
cpu_act,1.0,100,1.0,0.98,0.02,0.012669086456298828
cpu_act,1.0,100,1.0,0.99,0.01,0.014792442321777344
cpu_act,1.0,100,1.0,0.99,0.01,0.014277935028076172
cpu_act,1.0,100,1.0,1.0,0.0,0.014704465866088867
cpu_act,1.0,100,1.0,0.94,0.06,0.017515897750854492
cpu_act,1.0,100,1.0,1.0,0.0,0.01452779769897461
cpu_act,1.0,100,1.0,0.92,0.08,0.01564788818359375
cpu_act,1.0,100,1.0,1.0,0.0,0.019196271896362305
cpu_act,1.0,100,1.0,0.97,0.03,0.014332294464111328
delta_ailerons,0.0,100,0.0,0.01,0.01,0.013139724731445312
delta_ailerons,0.0,100,0.0,0.03,0.03,0.02252030372619629
delta_ailerons,0.0,100,0.0,0.03,0.03,0.015956401824951172
delta_ailerons,0.0,100,0.0,0.0,0.0,0.014289140701293945
delta_ailerons,0.0,100,0.0,0.0,0.0,0.01880192756652832
delta_ailerons,0.0,100,0.0,0.0,0.0,0.014714956283569336
delta_ailerons,0.0,100,0.0,0.03,0.03,0.01508641242980957
delta_ailerons,0.0,100,0.0,0.0,0.0,0.017578840255737305
delta_ailerons,0.0,100,0.0,0.02,0.02,0.014665603637695312
delta_ailerons,0.0,100,0.0,0.0,0.0,0.01491856575012207
delta_ailerons,0.05,100,0.05,0.04,0.01,0.011772871017456055
delta_ailerons,0.05,100,0.05,0.0,0.05,0.014248847961425781
delta_ailerons,0.05,100,0.05,0.05,0.0,0.012135982513427734
delta_ailerons,0.05,100,0.05,0.13,0.08,0.012636661529541016
delta_ailerons,0.05,100,0.05,0.09,0.04,0.018236875534057617
delta_ailerons,0.05,100,0.05,0.04,0.01,0.008661031723022461
delta_ailerons,0.05,100,0.05,0.12,0.07,0.018761157989501953
delta_ailerons,0.05,100,0.05,0.09,0.04,0.014633893966674805
delta_ailerons,0.05,100,0.05,0.07,0.02,0.018602371215820312
delta_ailerons,0.05,100,0.05,0.09,0.04,0.014510631561279297
delta_ailerons,0.11,100,0.11,0.09,0.02,0.01764369010925293
delta_ailerons,0.11,100,0.11,0.12,0.01,0.011690855026245117
delta_ailerons,0.11,100,0.11,0.1,0.01,0.016219139099121094
delta_ailerons,0.11,100,0.11,0.08,0.03,0.011608600616455078
delta_ailerons,0.11,100,0.11,0.18,0.07,0.017476797103881836
delta_ailerons,0.11,100,0.11,0.11,0.0,0.01804494857788086
delta_ailerons,0.11,100,0.11,0.17,0.06,0.014585494995117188
delta_ailerons,0.11,100,0.11,0.12,0.01,0.012813091278076172
delta_ailerons,0.11,100,0.11,0.13,0.02,0.01269984245300293
delta_ailerons,0.11,100,0.11,0.09,0.02,0.024938106536865234
delta_ailerons,0.16,100,0.16,0.17,0.01,0.014368534088134766
delta_ailerons,0.16,100,0.16,0.15,0.01,0.01420283317565918
delta_ailerons,0.16,100,0.16,0.16,0.0,0.011572599411010742
delta_ailerons,0.16,100,0.16,0.14,0.02,0.013971805572509766
delta_ailerons,0.16,100,0.16,0.16,0.0,0.012015819549560547
delta_ailerons,0.16,100,0.16,0.19,0.03,0.015308856964111328
delta_ailerons,0.16,100,0.16,0.15,0.01,0.014404058456420898
delta_ailerons,0.16,100,0.16,0.17,0.01,0.01518702507019043
delta_ailerons,0.16,100,0.16,0.15,0.01,0.014724016189575195
delta_ailerons,0.16,100,0.16,0.22,0.06,0.009415864944458008
delta_ailerons,0.21,100,0.21,0.24,0.03,0.02066659927368164
delta_ailerons,0.21,100,0.21,0.25,0.04,0.015522003173828125
delta_ailerons,0.21,100,0.21,0.2,0.01,0.015207767486572266
delta_ailerons,0.21,100,0.21,0.22,0.01,0.015178680419921875
delta_ailerons,0.21,100,0.21,0.27,0.06,0.009023666381835938
delta_ailerons,0.21,100,0.21,0.22,0.01,0.013590812683105469
delta_ailerons,0.21,100,0.21,0.2,0.01,0.015727758407592773
delta_ailerons,0.21,100,0.21,0.24,0.03,0.014057636260986328
delta_ailerons,0.21,100,0.21,0.25,0.04,0.014587879180908203
delta_ailerons,0.21,100,0.21,0.21,0.0,0.01808643341064453
delta_ailerons,0.26,100,0.26,0.24,0.02,0.01054072380065918
delta_ailerons,0.26,100,0.26,0.27,0.01,0.015547990798950195
delta_ailerons,0.26,100,0.26,0.29,0.03,0.018824100494384766
delta_ailerons,0.26,100,0.26,0.27,0.01,0.01419520378112793
delta_ailerons,0.26,100,0.26,0.19,0.07,0.015999555587768555
delta_ailerons,0.26,100,0.26,0.31,0.05,0.015240192413330078
delta_ailerons,0.26,100,0.26,0.3,0.04,0.014262199401855469
delta_ailerons,0.26,100,0.26,0.25,0.01,0.009620428085327148
delta_ailerons,0.26,100,0.26,0.26,0.0,0.015189170837402344
delta_ailerons,0.26,100,0.26,0.31,0.05,0.01882028579711914
delta_ailerons,0.32,100,0.32,0.31,0.01,0.013963937759399414
delta_ailerons,0.32,100,0.32,0.32,0.0,0.012029409408569336
delta_ailerons,0.32,100,0.32,0.35,0.03,0.014639139175415039
delta_ailerons,0.32,100,0.32,0.36,0.04,0.011686325073242188
delta_ailerons,0.32,100,0.32,0.33,0.01,0.010012626647949219
delta_ailerons,0.32,100,0.32,0.32,0.0,0.012244224548339844
delta_ailerons,0.32,100,0.32,0.34,0.02,0.017958879470825195
delta_ailerons,0.32,100,0.32,0.35,0.03,0.014680862426757812
delta_ailerons,0.32,100,0.32,0.3,0.02,0.01440739631652832
delta_ailerons,0.32,100,0.32,0.32,0.0,0.01407480239868164
delta_ailerons,0.37,100,0.37,0.38,0.01,0.012714147567749023
delta_ailerons,0.37,100,0.37,0.35,0.02,0.015141963958740234
delta_ailerons,0.37,100,0.37,0.42,0.05,0.014266252517700195
delta_ailerons,0.37,100,0.37,0.4,0.03,0.009570837020874023
delta_ailerons,0.37,100,0.37,0.4,0.03,0.013799190521240234
delta_ailerons,0.37,100,0.37,0.39,0.02,0.01052403450012207
delta_ailerons,0.37,100,0.37,0.36,0.01,0.01511836051940918
delta_ailerons,0.37,100,0.37,0.41,0.04,0.014185428619384766
delta_ailerons,0.37,100,0.37,0.37,0.0,0.018706560134887695
delta_ailerons,0.37,100,0.37,0.36,0.01,0.012314081192016602
delta_ailerons,0.42,100,0.42,0.4,0.02,0.014728307723999023
delta_ailerons,0.42,100,0.42,0.45,0.03,0.013979911804199219
delta_ailerons,0.42,100,0.42,0.42,0.0,0.018145322799682617
delta_ailerons,0.42,100,0.42,0.42,0.0,0.014748573303222656
delta_ailerons,0.42,100,0.42,0.45,0.03,0.015021085739135742
delta_ailerons,0.42,100,0.42,0.39,0.03,0.024921655654907227
delta_ailerons,0.42,100,0.42,0.35,0.07,0.015887737274169922
delta_ailerons,0.42,100,0.42,0.43,0.01,0.011998891830444336
delta_ailerons,0.42,100,0.42,0.44,0.02,0.01485896110534668
delta_ailerons,0.42,100,0.42,0.44,0.02,0.01818704605102539
delta_ailerons,0.47,100,0.47,0.47,0.0,0.010570764541625977
delta_ailerons,0.47,100,0.47,0.54,0.07,0.004665374755859375
delta_ailerons,0.47,100,0.47,0.45,0.02,0.013338088989257812
delta_ailerons,0.47,100,0.47,0.51,0.04,0.018710613250732422
delta_ailerons,0.47,100,0.47,0.53,0.06,0.012360334396362305
delta_ailerons,0.47,100,0.47,0.48,0.01,0.013700485229492188
delta_ailerons,0.47,100,0.47,0.47,0.0,0.016529321670532227
delta_ailerons,0.47,100,0.47,0.48,0.01,0.013930559158325195
delta_ailerons,0.47,100,0.47,0.52,0.05,0.01595592498779297
delta_ailerons,0.47,100,0.47,0.5,0.03,0.015150070190429688
delta_ailerons,0.53,100,0.53,0.53,0.0,0.013945579528808594
delta_ailerons,0.53,100,0.53,0.56,0.03,0.01423025131225586
delta_ailerons,0.53,100,0.53,0.55,0.02,0.014754056930541992
delta_ailerons,0.53,100,0.53,0.6,0.07,0.015183448791503906
delta_ailerons,0.53,100,0.53,0.51,0.02,0.009559392929077148
delta_ailerons,0.53,100,0.53,0.49,0.04,0.016492366790771484
delta_ailerons,0.53,100,0.53,0.56,0.03,0.017525911331176758
delta_ailerons,0.53,100,0.53,0.57,0.04,0.015030145645141602
delta_ailerons,0.53,100,0.53,0.52,0.01,0.010671138763427734
delta_ailerons,0.53,100,0.53,0.55,0.02,0.012821435928344727
delta_ailerons,0.58,100,0.58,0.59,0.01,0.012727022171020508
delta_ailerons,0.58,100,0.58,0.55,0.03,0.01660752296447754
delta_ailerons,0.58,100,0.58,0.62,0.04,0.019350528717041016
delta_ailerons,0.58,100,0.58,0.61,0.03,0.015087604522705078
delta_ailerons,0.58,100,0.58,0.61,0.03,0.01707601547241211
delta_ailerons,0.58,100,0.58,0.62,0.04,0.014231204986572266
delta_ailerons,0.58,100,0.58,0.57,0.01,0.01821160316467285
delta_ailerons,0.58,100,0.58,0.62,0.04,0.009697675704956055
delta_ailerons,0.58,100,0.58,0.63,0.05,0.014933586120605469
delta_ailerons,0.58,100,0.58,0.62,0.04,0.015224933624267578
delta_ailerons,0.63,100,0.63,0.64,0.01,0.014576196670532227
delta_ailerons,0.63,100,0.63,0.61,0.02,0.014846324920654297
delta_ailerons,0.63,100,0.63,0.66,0.03,0.012705564498901367
delta_ailerons,0.63,100,0.63,0.69,0.06,0.012801647186279297
delta_ailerons,0.63,100,0.63,0.62,0.01,0.012108802795410156
delta_ailerons,0.63,100,0.63,0.68,0.05,0.015608787536621094
delta_ailerons,0.63,100,0.63,0.66,0.03,0.014640331268310547
delta_ailerons,0.63,100,0.63,0.61,0.02,0.012861251831054688
delta_ailerons,0.63,100,0.63,0.65,0.02,0.009191751480102539
delta_ailerons,0.63,100,0.63,0.64,0.01,0.017790794372558594
delta_ailerons,0.68,100,0.68,0.7,0.02,0.014052152633666992
delta_ailerons,0.68,100,0.68,0.69,0.01,0.011604547500610352
delta_ailerons,0.68,100,0.68,0.68,0.0,0.01417231559753418
delta_ailerons,0.68,100,0.68,0.68,0.0,0.01913309097290039
delta_ailerons,0.68,100,0.68,0.72,0.04,0.0122222900390625
delta_ailerons,0.68,100,0.68,0.68,0.0,0.012830972671508789
delta_ailerons,0.68,100,0.68,0.71,0.03,0.013897180557250977
delta_ailerons,0.68,100,0.68,0.67,0.01,0.014916181564331055
delta_ailerons,0.68,100,0.68,0.73,0.05,0.007601022720336914
delta_ailerons,0.68,100,0.68,0.65,0.03,0.015167951583862305
delta_ailerons,0.74,100,0.74,0.83,0.09,0.01883530616760254
delta_ailerons,0.74,100,0.74,0.76,0.02,0.0160977840423584
delta_ailerons,0.74,100,0.74,0.75,0.01,0.01508474349975586
delta_ailerons,0.74,100,0.74,0.75,0.01,0.009846925735473633
delta_ailerons,0.74,100,0.74,0.72,0.02,0.015146970748901367
delta_ailerons,0.74,100,0.74,0.74,0.0,0.010556697845458984
delta_ailerons,0.74,100,0.74,0.75,0.01,0.0033409595489501953
delta_ailerons,0.74,100,0.74,0.75,0.01,0.01823878288269043
delta_ailerons,0.74,100,0.74,0.81,0.07,0.012593269348144531
delta_ailerons,0.74,100,0.74,0.72,0.02,0.017838478088378906
delta_ailerons,0.79,100,0.79,0.83,0.04,0.014526605606079102
delta_ailerons,0.79,100,0.79,0.79,0.0,0.012048482894897461
delta_ailerons,0.79,100,0.79,0.79,0.0,0.014979362487792969
delta_ailerons,0.79,100,0.79,0.78,0.01,0.012292146682739258
delta_ailerons,0.79,100,0.79,0.81,0.02,0.014676809310913086
delta_ailerons,0.79,100,0.79,0.8,0.01,0.015000343322753906
delta_ailerons,0.79,100,0.79,0.85,0.06,0.015454769134521484
delta_ailerons,0.79,100,0.79,0.8,0.01,0.015136003494262695
delta_ailerons,0.79,100,0.79,0.81,0.02,0.014820098876953125
delta_ailerons,0.79,100,0.79,0.83,0.04,0.011661529541015625
delta_ailerons,0.84,100,0.84,0.85,0.01,0.011461973190307617
delta_ailerons,0.84,100,0.84,0.86,0.02,0.012806892395019531
delta_ailerons,0.84,100,0.84,0.85,0.01,0.018428564071655273
delta_ailerons,0.84,100,0.84,0.86,0.02,0.014074325561523438
delta_ailerons,0.84,100,0.84,0.84,0.0,0.0174407958984375
delta_ailerons,0.84,100,0.84,0.82,0.02,0.011822223663330078
delta_ailerons,0.84,100,0.84,0.86,0.02,0.014596223831176758
delta_ailerons,0.84,100,0.84,0.8,0.04,0.015361785888671875
delta_ailerons,0.84,100,0.84,0.83,0.01,0.015066385269165039
delta_ailerons,0.84,100,0.84,0.89,0.05,0.012630939483642578
delta_ailerons,0.89,100,0.89,0.92,0.03,0.012100696563720703
delta_ailerons,0.89,100,0.89,0.9,0.01,0.01871776580810547
delta_ailerons,0.89,100,0.89,0.91,0.02,0.019911527633666992
delta_ailerons,0.89,100,0.89,0.9,0.01,0.011473655700683594
delta_ailerons,0.89,100,0.89,0.91,0.02,0.015362024307250977
delta_ailerons,0.89,100,0.89,0.9,0.01,0.02140641212463379
delta_ailerons,0.89,100,0.89,0.86,0.03,0.010181427001953125
delta_ailerons,0.89,100,0.89,0.88,0.01,0.017475128173828125
delta_ailerons,0.89,100,0.89,0.91,0.02,0.010493755340576172
delta_ailerons,0.89,100,0.89,0.92,0.03,0.015047550201416016
delta_ailerons,0.95,100,0.95,0.97,0.02,0.018202543258666992
delta_ailerons,0.95,100,0.95,0.96,0.01,0.005614757537841797
delta_ailerons,0.95,100,0.95,0.92,0.03,0.012703180313110352
delta_ailerons,0.95,100,0.95,0.97,0.02,0.012266159057617188
delta_ailerons,0.95,100,0.95,1.0,0.05,0.018102407455444336
delta_ailerons,0.95,100,0.95,0.95,0.0,0.020761966705322266
delta_ailerons,0.95,100,0.95,0.94,0.01,0.015312671661376953
delta_ailerons,0.95,100,0.95,0.98,0.03,0.01414179801940918
delta_ailerons,0.95,100,0.95,0.97,0.02,0.015302419662475586
delta_ailerons,0.95,100,0.95,0.96,0.01,0.015056848526000977
delta_ailerons,1.0,100,1.0,1.0,0.0,0.014212369918823242
delta_ailerons,1.0,100,1.0,1.0,0.0,0.014573097229003906
delta_ailerons,1.0,100,1.0,1.0,0.0,0.012339353561401367
delta_ailerons,1.0,100,1.0,0.98,0.02,0.015457630157470703
delta_ailerons,1.0,100,1.0,1.0,0.0,0.007324695587158203
delta_ailerons,1.0,100,1.0,1.0,0.0,0.014597177505493164
delta_ailerons,1.0,100,1.0,1.0,0.0,0.024276256561279297
delta_ailerons,1.0,100,1.0,0.99,0.01,0.013576030731201172
delta_ailerons,1.0,100,1.0,1.0,0.0,0.011062860488891602
delta_ailerons,1.0,100,1.0,1.0,0.0,0.014262199401855469
electricity-normalized,0.0,100,0.0,0.05,0.05,0.01672053337097168
electricity-normalized,0.0,100,0.0,0.0,0.0,0.01473689079284668
electricity-normalized,0.0,100,0.0,0.04,0.04,0.012032032012939453
electricity-normalized,0.0,100,0.0,0.0,0.0,0.010452985763549805
electricity-normalized,0.0,100,0.0,0.0,0.0,0.014746904373168945
electricity-normalized,0.0,100,0.0,0.11,0.11,0.016202211380004883
electricity-normalized,0.0,100,0.0,0.0,0.0,0.015842676162719727
electricity-normalized,0.0,100,0.0,0.07,0.07,0.01746821403503418
electricity-normalized,0.0,100,0.0,0.05,0.05,0.015302658081054688
electricity-normalized,0.0,100,0.0,0.0,0.0,0.018074750900268555
electricity-normalized,0.05,100,0.05,0.09,0.04,0.017472028732299805
electricity-normalized,0.05,100,0.05,0.0,0.05,0.01166987419128418
electricity-normalized,0.05,100,0.05,0.07,0.02,0.01519918441772461
electricity-normalized,0.05,100,0.05,0.0,0.05,0.018187999725341797
electricity-normalized,0.05,100,0.05,0.08,0.03,0.015055656433105469
electricity-normalized,0.05,100,0.05,0.11,0.06,0.016084671020507812
electricity-normalized,0.05,100,0.05,0.2,0.15,0.009510278701782227
electricity-normalized,0.05,100,0.05,0.07,0.02,0.015111446380615234
electricity-normalized,0.05,100,0.05,0.0,0.05,0.015205860137939453
electricity-normalized,0.05,100,0.05,0.08,0.03,0.0096435546875
electricity-normalized,0.11,100,0.11,0.16,0.05,0.014799356460571289
electricity-normalized,0.11,100,0.11,0.22,0.11,0.012772560119628906
electricity-normalized,0.11,100,0.11,0.16,0.05,0.010524272918701172
electricity-normalized,0.11,100,0.11,0.15,0.04,0.018126487731933594
electricity-normalized,0.11,100,0.11,0.13,0.02,0.016216278076171875
electricity-normalized,0.11,100,0.11,0.15,0.04,0.015180349349975586
electricity-normalized,0.11,100,0.11,0.07,0.04,0.010526895523071289
electricity-normalized,0.11,100,0.11,0.12,0.01,0.012914896011352539
electricity-normalized,0.11,100,0.11,0.03,0.08,0.017546892166137695
electricity-normalized,0.11,100,0.11,0.14,0.03,0.01574397087097168
electricity-normalized,0.16,100,0.16,0.2,0.04,0.016083955764770508
electricity-normalized,0.16,100,0.16,0.24,0.08,0.014547586441040039
electricity-normalized,0.16,100,0.16,0.11,0.05,0.014701128005981445
electricity-normalized,0.16,100,0.16,0.17,0.01,0.016176939010620117
electricity-normalized,0.16,100,0.16,0.19,0.03,0.014336824417114258
electricity-normalized,0.16,100,0.16,0.15,0.01,0.014357566833496094
electricity-normalized,0.16,100,0.16,0.22,0.06,0.01398921012878418
electricity-normalized,0.16,100,0.16,0.22,0.06,0.014007091522216797
electricity-normalized,0.16,100,0.16,0.19,0.03,0.014997482299804688
electricity-normalized,0.16,100,0.16,0.23,0.07,0.014919281005859375
electricity-normalized,0.21,100,0.21,0.14,0.07,0.01600027084350586
electricity-normalized,0.21,100,0.21,0.26,0.05,0.014942169189453125
electricity-normalized,0.21,100,0.21,0.24,0.03,0.014087915420532227
electricity-normalized,0.21,100,0.21,0.25,0.04,0.014420270919799805
electricity-normalized,0.21,100,0.21,0.27,0.06,0.015801191329956055
electricity-normalized,0.21,100,0.21,0.17,0.04,0.015845298767089844
electricity-normalized,0.21,100,0.21,0.3,0.09,0.015423059463500977
electricity-normalized,0.21,100,0.21,0.27,0.06,0.014363527297973633
electricity-normalized,0.21,100,0.21,0.14,0.07,0.013365745544433594
electricity-normalized,0.21,100,0.21,0.32,0.11,0.016688108444213867
electricity-normalized,0.26,100,0.26,0.26,0.0,0.015631437301635742
electricity-normalized,0.26,100,0.26,0.19,0.07,0.016340255737304688
electricity-normalized,0.26,100,0.26,0.3,0.04,0.016356468200683594
electricity-normalized,0.26,100,0.26,0.2,0.06,0.0164339542388916
electricity-normalized,0.26,100,0.26,0.22,0.04,0.015079021453857422
electricity-normalized,0.26,100,0.26,0.16,0.1,0.020406007766723633
electricity-normalized,0.26,100,0.26,0.33,0.07,0.011498451232910156
electricity-normalized,0.26,100,0.26,0.23,0.03,0.015620946884155273
electricity-normalized,0.26,100,0.26,0.33,0.07,0.014220237731933594
electricity-normalized,0.26,100,0.26,0.17,0.09,0.018563032150268555
electricity-normalized,0.32,100,0.32,0.22,0.1,0.015623092651367188
electricity-normalized,0.32,100,0.32,0.39,0.07,0.012252330780029297
electricity-normalized,0.32,100,0.32,0.33,0.01,0.0156252384185791
electricity-normalized,0.32,100,0.32,0.41,0.09,0.015624523162841797
electricity-normalized,0.32,100,0.32,0.26,0.06,0.003870725631713867
electricity-normalized,0.32,100,0.32,0.3,0.02,0.0
electricity-normalized,0.32,100,0.32,0.41,0.09,0.015715599060058594
electricity-normalized,0.32,100,0.32,0.34,0.02,0.013465642929077148
electricity-normalized,0.32,100,0.32,0.35,0.03,0.01562786102294922
electricity-normalized,0.32,100,0.32,0.36,0.04,0.015002965927124023
electricity-normalized,0.37,100,0.37,0.32,0.05,0.015712976455688477
electricity-normalized,0.37,100,0.37,0.45,0.08,0.02139592170715332
electricity-normalized,0.37,100,0.37,0.5,0.13,0.0
electricity-normalized,0.37,100,0.37,0.45,0.08,0.0
electricity-normalized,0.37,100,0.37,0.34,0.03,0.006000518798828125
electricity-normalized,0.37,100,0.37,0.36,0.01,0.015631914138793945
electricity-normalized,0.37,100,0.37,0.36,0.01,0.01570582389831543
electricity-normalized,0.37,100,0.37,0.41,0.04,0.028914213180541992
electricity-normalized,0.37,100,0.37,0.39,0.02,0.015627622604370117
electricity-normalized,0.37,100,0.37,0.26,0.11,0.0008573532104492188
electricity-normalized,0.42,100,0.42,0.46,0.04,0.015617132186889648
electricity-normalized,0.42,100,0.42,0.47,0.05,0.015716552734375
electricity-normalized,0.42,100,0.42,0.39,0.03,0.01357889175415039
electricity-normalized,0.42,100,0.42,0.49,0.07,0.016175031661987305
electricity-normalized,0.42,100,0.42,0.36,0.06,0.015619754791259766
electricity-normalized,0.42,100,0.42,0.47,0.05,0.015623331069946289
electricity-normalized,0.42,100,0.42,0.43,0.01,0.015624523162841797
electricity-normalized,0.42,100,0.42,0.47,0.05,0.015716075897216797
electricity-normalized,0.42,100,0.42,0.46,0.04,0.013588905334472656
electricity-normalized,0.42,100,0.42,0.49,0.07,0.015712738037109375
electricity-normalized,0.47,100,0.47,0.51,0.04,0.015718460083007812
electricity-normalized,0.47,100,0.47,0.47,0.0,0.01968669891357422
electricity-normalized,0.47,100,0.47,0.49,0.02,0.0
electricity-normalized,0.47,100,0.47,0.44,0.03,0.024239540100097656
electricity-normalized,0.47,100,0.47,0.62,0.15,0.01669454574584961
electricity-normalized,0.47,100,0.47,0.6,0.13,0.015623807907104492
electricity-normalized,0.47,100,0.47,0.37,0.1,0.009893417358398438
electricity-normalized,0.47,100,0.47,0.44,0.03,0.0
electricity-normalized,0.47,100,0.47,0.47,0.0,0.015080451965332031
electricity-normalized,0.47,100,0.47,0.61,0.14,0.028857946395874023
electricity-normalized,0.53,100,0.53,0.56,0.03,0.0
electricity-normalized,0.53,100,0.53,0.67,0.14,0.015074729919433594
electricity-normalized,0.53,100,0.53,0.56,0.03,0.024689197540283203
electricity-normalized,0.53,100,0.53,0.49,0.04,0.0156097412109375
electricity-normalized,0.53,100,0.53,0.77,0.24,0.00086212158203125
electricity-normalized,0.53,100,0.53,0.52,0.01,0.009919166564941406
electricity-normalized,0.53,100,0.53,0.49,0.04,0.01562666893005371
electricity-normalized,0.53,100,0.53,0.48,0.05,0.015612125396728516
electricity-normalized,0.53,100,0.53,0.39,0.14,0.0018613338470458984
electricity-normalized,0.53,100,0.53,0.48,0.05,0.01571345329284668
electricity-normalized,0.58,100,0.58,0.76,0.18,0.001851797103881836
electricity-normalized,0.58,100,0.58,0.64,0.06,0.01563858985900879
electricity-normalized,0.58,100,0.58,0.62,0.04,0.0059697628021240234
electricity-normalized,0.58,100,0.58,0.62,0.04,0.02326345443725586
electricity-normalized,0.58,100,0.58,0.53,0.05,0.005185127258300781
electricity-normalized,0.58,100,0.58,0.57,0.01,0.01217031478881836
electricity-normalized,0.58,100,0.58,0.59,0.01,0.015628576278686523
electricity-normalized,0.58,100,0.58,0.57,0.01,0.011087656021118164
electricity-normalized,0.58,100,0.58,0.62,0.04,0.018191814422607422
electricity-normalized,0.58,100,0.58,0.64,0.06,0.0070858001708984375
electricity-normalized,0.63,100,0.63,0.79,0.16,0.014583349227905273
electricity-normalized,0.63,100,0.63,0.56,0.07,0.011588096618652344
electricity-normalized,0.63,100,0.63,0.63,0.0,0.009089231491088867
electricity-normalized,0.63,100,0.63,0.64,0.01,0.015082597732543945
electricity-normalized,0.63,100,0.63,0.53,0.1,0.028107166290283203
electricity-normalized,0.63,100,0.63,0.43,0.2,0.015632152557373047
electricity-normalized,0.63,100,0.63,0.68,0.05,0.0
electricity-normalized,0.63,100,0.63,0.67,0.04,0.01562952995300293
electricity-normalized,0.63,100,0.63,0.61,0.02,0.015713930130004883
electricity-normalized,0.63,100,0.63,0.61,0.02,0.017876625061035156
electricity-normalized,0.68,100,0.68,0.77,0.09,0.015009641647338867
electricity-normalized,0.68,100,0.68,0.81,0.13,0.015639305114746094
electricity-normalized,0.68,100,0.68,0.83,0.15,0.013115167617797852
electricity-normalized,0.68,100,0.68,0.57,0.11,0.015621423721313477
electricity-normalized,0.68,100,0.68,0.66,0.02,0.015744447708129883
electricity-normalized,0.68,100,0.68,0.74,0.06,0.023416757583618164
electricity-normalized,0.68,100,0.68,0.73,0.05,0.015617609024047852
electricity-normalized,0.68,100,0.68,0.75,0.07,0.015618562698364258
electricity-normalized,0.68,100,0.68,0.54,0.14,0.0
electricity-normalized,0.68,100,0.68,0.63,0.05,0.015627622604370117
electricity-normalized,0.74,100,0.74,0.63,0.11,0.0
electricity-normalized,0.74,100,0.74,0.66,0.08,0.015006780624389648
electricity-normalized,0.74,100,0.74,0.71,0.03,0.0017242431640625
electricity-normalized,0.74,100,0.74,0.76,0.02,0.019634008407592773
electricity-normalized,0.74,100,0.74,0.77,0.03,0.0050961971282958984
electricity-normalized,0.74,100,0.74,0.76,0.02,0.004889726638793945
electricity-normalized,0.74,100,0.74,0.72,0.02,0.015708446502685547
electricity-normalized,0.74,100,0.74,0.78,0.04,0.0
electricity-normalized,0.74,100,0.74,0.67,0.07,0.006087779998779297
electricity-normalized,0.74,100,0.74,0.79,0.05,0.015707015991210938
electricity-normalized,0.79,100,0.79,0.82,0.03,0.020604372024536133
electricity-normalized,0.79,100,0.79,0.85,0.06,0.014899492263793945
electricity-normalized,0.79,100,0.79,0.82,0.03,0.015717029571533203
electricity-normalized,0.79,100,0.79,0.91,0.12,0.01508784294128418
electricity-normalized,0.79,100,0.79,0.78,0.01,0.02146291732788086
electricity-normalized,0.79,100,0.79,0.86,0.07,0.015784740447998047
electricity-normalized,0.79,100,0.79,0.66,0.13,0.02783942222595215
electricity-normalized,0.79,100,0.79,0.93,0.14,0.014243364334106445
electricity-normalized,0.79,100,0.79,0.76,0.03,0.015614748001098633
electricity-normalized,0.79,100,0.79,0.62,0.17,0.015628814697265625
electricity-normalized,0.84,100,0.84,1.0,0.16,0.015627145767211914
electricity-normalized,0.84,100,0.84,0.94,0.1,0.017684221267700195
electricity-normalized,0.84,100,0.84,0.77,0.07,0.01569962501525879
electricity-normalized,0.84,100,0.84,0.95,0.11,0.016560077667236328
electricity-normalized,0.84,100,0.84,1.0,0.16,0.01561594009399414
electricity-normalized,0.84,100,0.84,0.83,0.01,0.015649080276489258
electricity-normalized,0.84,100,0.84,0.98,0.14,0.015636205673217773
electricity-normalized,0.84,100,0.84,0.7,0.14,0.015630245208740234
electricity-normalized,0.84,100,0.84,0.77,0.07,0.015688419342041016
electricity-normalized,0.84,100,0.84,0.8,0.04,0.0
electricity-normalized,0.89,100,0.89,1.0,0.11,0.0156857967376709
electricity-normalized,0.89,100,0.89,1.0,0.11,0.017949342727661133
electricity-normalized,0.89,100,0.89,0.98,0.09,0.015737295150756836
electricity-normalized,0.89,100,0.89,1.0,0.11,0.02059030532836914
electricity-normalized,0.89,100,0.89,1.0,0.11,0.016214847564697266
electricity-normalized,0.89,100,0.89,0.98,0.09,0.014281511306762695
electricity-normalized,0.89,100,0.89,0.78,0.11,0.015676498413085938
electricity-normalized,0.89,100,0.89,0.83,0.06,0.016828298568725586
electricity-normalized,0.89,100,0.89,0.96,0.07,0.005508899688720703
electricity-normalized,0.89,100,0.89,0.85,0.04,0.015619993209838867
electricity-normalized,0.95,100,0.95,0.94,0.01,0.015585660934448242
electricity-normalized,0.95,100,0.95,0.94,0.01,0.01563715934753418
electricity-normalized,0.95,100,0.95,0.91,0.04,0.015627384185791016
electricity-normalized,0.95,100,0.95,0.9,0.05,0.009915351867675781
electricity-normalized,0.95,100,0.95,1.0,0.05,0.007555961608886719
electricity-normalized,0.95,100,0.95,1.0,0.05,0.0156857967376709
electricity-normalized,0.95,100,0.95,0.95,0.0,0.01505422592163086
electricity-normalized,0.95,100,0.95,1.0,0.05,0.015614748001098633
electricity-normalized,0.95,100,0.95,1.0,0.05,0.015391111373901367
electricity-normalized,0.95,100,0.95,1.0,0.05,0.0030198097229003906
electricity-normalized,1.0,100,1.0,1.0,0.0,0.01653432846069336
electricity-normalized,1.0,100,1.0,1.0,0.0,0.014173269271850586
electricity-normalized,1.0,100,1.0,1.0,0.0,0.0162355899810791
electricity-normalized,1.0,100,1.0,1.0,0.0,0.012052536010742188
electricity-normalized,1.0,100,1.0,1.0,0.0,0.0036051273345947266
electricity-normalized,1.0,100,1.0,1.0,0.0,0.009608030319213867
electricity-normalized,1.0,100,1.0,0.98,0.02,0.019704103469848633
electricity-normalized,1.0,100,1.0,1.0,0.0,0.01569199562072754
electricity-normalized,1.0,100,1.0,0.98,0.02,0.0059664249420166016
electricity-normalized,1.0,100,1.0,1.0,0.0,0.015733718872070312
elevators,0.0,100,0.0,0.1,0.1,0.0156097412109375
elevators,0.0,100,0.0,0.0,0.0,0.01570415496826172
elevators,0.0,100,0.0,0.0,0.0,0.015625476837158203
elevators,0.0,100,0.0,0.01,0.01,0.015079736709594727
elevators,0.0,100,0.0,0.0,0.0,0.015618562698364258
elevators,0.0,100,0.0,0.02,0.02,0.015719890594482422
elevators,0.0,100,0.0,0.0,0.0,0.01571345329284668
elevators,0.0,100,0.0,0.0,0.0,0.015639066696166992
elevators,0.0,100,0.0,0.0,0.0,0.01601433753967285
elevators,0.0,100,0.0,0.03,0.03,0.015623331069946289
elevators,0.05,100,0.05,0.0,0.05,0.00924372673034668
elevators,0.05,100,0.05,0.15,0.1,0.015625476837158203
elevators,0.05,100,0.05,0.08,0.03,0.015619993209838867
elevators,0.05,100,0.05,0.01,0.04,0.01563739776611328
elevators,0.05,100,0.05,0.14,0.09,0.015616178512573242
elevators,0.05,100,0.05,0.02,0.03,0.018634557723999023
elevators,0.05,100,0.05,0.01,0.04,0.0
elevators,0.05,100,0.05,0.04,0.01,0.014766454696655273
elevators,0.05,100,0.05,0.04,0.01,0.0
elevators,0.05,100,0.05,0.0,0.05,0.0060346126556396484
elevators,0.11,100,0.11,0.05,0.06,0.0008940696716308594
elevators,0.11,100,0.11,0.15,0.04,0.028624534606933594
elevators,0.11,100,0.11,0.1,0.01,0.015583038330078125
elevators,0.11,100,0.11,0.19,0.08,0.01098179817199707
elevators,0.11,100,0.11,0.19,0.08,0.008738040924072266
elevators,0.11,100,0.11,0.05,0.06,0.026273488998413086
elevators,0.11,100,0.11,0.15,0.04,0.015007257461547852
elevators,0.11,100,0.11,0.21,0.1,0.015633583068847656
elevators,0.11,100,0.11,0.13,0.02,0.01569986343383789
elevators,0.11,100,0.11,0.04,0.07,0.015627145767211914
elevators,0.16,100,0.16,0.15,0.01,0.015622615814208984
elevators,0.16,100,0.16,0.11,0.05,0.0
elevators,0.16,100,0.16,0.21,0.05,0.019213199615478516
elevators,0.16,100,0.16,0.13,0.03,0.017532825469970703
elevators,0.16,100,0.16,0.21,0.05,0.01582503318786621
elevators,0.16,100,0.16,0.2,0.04,0.015625715255737305
elevators,0.16,100,0.16,0.14,0.02,0.015622854232788086
elevators,0.16,100,0.16,0.12,0.04,0.01562786102294922
elevators,0.16,100,0.16,0.17,0.01,0.015612363815307617
elevators,0.16,100,0.16,0.17,0.01,0.022790193557739258
elevators,0.21,100,0.21,0.21,0.0,0.0
elevators,0.21,100,0.21,0.21,0.0,0.01866626739501953
elevators,0.21,100,0.21,0.18,0.03,0.015006780624389648
elevators,0.21,100,0.21,0.19,0.02,0.015633583068847656
elevators,0.21,100,0.21,0.16,0.05,0.0
elevators,0.21,100,0.21,0.19,0.02,0.015634775161743164
elevators,0.21,100,0.21,0.15,0.06,0.015616416931152344
elevators,0.21,100,0.21,0.19,0.02,0.015625
elevators,0.21,100,0.21,0.19,0.02,0.016016244888305664
elevators,0.21,100,0.21,0.21,0.0,0.01561284065246582
elevators,0.26,100,0.26,0.19,0.07,0.013410568237304688
elevators,0.26,100,0.26,0.2,0.06,0.012331247329711914
elevators,0.26,100,0.26,0.26,0.0,0.010915756225585938
elevators,0.26,100,0.26,0.2,0.06,0.015086174011230469
elevators,0.26,100,0.26,0.28,0.02,0.0059435367584228516
elevators,0.26,100,0.26,0.29,0.03,0.015079259872436523
elevators,0.26,100,0.26,0.2,0.06,0.01617884635925293
elevators,0.26,100,0.26,0.25,0.01,0.015703201293945312
elevators,0.26,100,0.26,0.32,0.06,0.015161514282226562
elevators,0.26,100,0.26,0.23,0.03,0.010931968688964844
elevators,0.32,100,0.32,0.24,0.08,0.0
elevators,0.32,100,0.32,0.36,0.04,0.021391868591308594
elevators,0.32,100,0.32,0.33,0.01,0.011277437210083008
elevators,0.32,100,0.32,0.26,0.06,0.014785289764404297
elevators,0.32,100,0.32,0.27,0.05,0.01230478286743164
elevators,0.32,100,0.32,0.32,0.0,0.015076160430908203
elevators,0.32,100,0.32,0.31,0.01,0.012262821197509766
elevators,0.32,100,0.32,0.38,0.06,0.014587879180908203
elevators,0.32,100,0.32,0.37,0.05,0.015698671340942383
elevators,0.32,100,0.32,0.37,0.05,0.015081405639648438
elevators,0.37,100,0.37,0.39,0.02,0.015084266662597656
elevators,0.37,100,0.37,0.34,0.03,0.015078544616699219
elevators,0.37,100,0.37,0.34,0.03,0.00601506233215332
elevators,0.37,100,0.37,0.43,0.06,0.005999088287353516
elevators,0.37,100,0.37,0.36,0.01,0.011977910995483398
elevators,0.37,100,0.37,0.43,0.06,0.011383295059204102
elevators,0.37,100,0.37,0.3,0.07,0.0217897891998291
elevators,0.37,100,0.37,0.43,0.06,0.02671360969543457
elevators,0.37,100,0.37,0.38,0.01,0.016208648681640625
elevators,0.37,100,0.37,0.39,0.02,0.006024360656738281
elevators,0.42,100,0.42,0.41,0.01,0.015705347061157227
elevators,0.42,100,0.42,0.45,0.03,0.024480581283569336
elevators,0.42,100,0.42,0.42,0.0,0.015077829360961914
elevators,0.42,100,0.42,0.43,0.01,0.011652946472167969
elevators,0.42,100,0.42,0.32,0.1,0.026911258697509766
elevators,0.42,100,0.42,0.42,0.0,0.015613794326782227
elevators,0.42,100,0.42,0.51,0.09,0.015079736709594727
elevators,0.42,100,0.42,0.44,0.02,0.0157010555267334
elevators,0.42,100,0.42,0.41,0.01,0.01235651969909668
elevators,0.42,100,0.42,0.46,0.04,0.0
elevators,0.47,100,0.47,0.45,0.02,0.023663043975830078
elevators,0.47,100,0.47,0.43,0.04,0.015635967254638672
elevators,0.47,100,0.47,0.45,0.02,0.0176699161529541
elevators,0.47,100,0.47,0.49,0.02,0.02675342559814453
elevators,0.47,100,0.47,0.55,0.08,0.022759199142456055
elevators,0.47,100,0.47,0.46,0.01,0.0
elevators,0.47,100,0.47,0.51,0.04,0.013524532318115234
elevators,0.47,100,0.47,0.44,0.03,0.01562976837158203
elevators,0.47,100,0.47,0.53,0.06,0.01616358757019043
elevators,0.47,100,0.47,0.46,0.01,0.015626192092895508
elevators,0.53,100,0.53,0.52,0.01,0.015710830688476562
elevators,0.53,100,0.53,0.54,0.01,0.015622377395629883
elevators,0.53,100,0.53,0.54,0.01,0.0
elevators,0.53,100,0.53,0.52,0.01,0.012302398681640625
elevators,0.53,100,0.53,0.57,0.04,0.003942012786865234
elevators,0.53,100,0.53,0.5,0.03,0.012217283248901367
elevators,0.53,100,0.53,0.55,0.02,0.01507258415222168
elevators,0.53,100,0.53,0.5,0.03,0.01569080352783203
elevators,0.53,100,0.53,0.56,0.03,0.015709877014160156
elevators,0.53,100,0.53,0.44,0.09,0.015715360641479492
elevators,0.58,100,0.58,0.7,0.12,0.00086212158203125
elevators,0.58,100,0.58,0.53,0.05,0.015098094940185547
elevators,0.58,100,0.58,0.58,0.0,0.010083913803100586
elevators,0.58,100,0.58,0.6,0.02,0.015085935592651367
elevators,0.58,100,0.58,0.61,0.03,0.012083768844604492
elevators,0.58,100,0.58,0.62,0.04,0.015714645385742188
elevators,0.58,100,0.58,0.51,0.07,0.02203965187072754
elevators,0.58,100,0.58,0.54,0.04,0.01817917823791504
elevators,0.58,100,0.58,0.56,0.02,0.015634775161743164
elevators,0.58,100,0.58,0.57,0.01,0.015618324279785156
elevators,0.63,100,0.63,0.58,0.05,0.01871776580810547
elevators,0.63,100,0.63,0.57,0.06,0.015625715255737305
elevators,0.63,100,0.63,0.61,0.02,0.021297454833984375
elevators,0.63,100,0.63,0.58,0.05,0.015717506408691406
elevators,0.63,100,0.63,0.63,0.0,0.012595653533935547
elevators,0.63,100,0.63,0.55,0.08,0.01562666893005371
elevators,0.63,100,0.63,0.66,0.03,0.017654895782470703
elevators,0.63,100,0.63,0.58,0.05,0.01562666893005371
elevators,0.63,100,0.63,0.63,0.0,0.0
elevators,0.63,100,0.63,0.68,0.05,0.015626907348632812
elevators,0.68,100,0.68,0.64,0.04,0.015633821487426758
elevators,0.68,100,0.68,0.68,0.0,0.01913309097290039
elevators,0.68,100,0.68,0.75,0.07,0.01562809944152832
elevators,0.68,100,0.68,0.7,0.02,0.007586240768432617
elevators,0.68,100,0.68,0.67,0.01,0.015625715255737305
elevators,0.68,100,0.68,0.69,0.01,0.015714168548583984
elevators,0.68,100,0.68,0.7,0.02,0.015634775161743164
elevators,0.68,100,0.68,0.67,0.01,0.015624284744262695
elevators,0.68,100,0.68,0.64,0.04,0.015712976455688477
elevators,0.68,100,0.68,0.68,0.0,0.0
elevators,0.74,100,0.74,0.75,0.01,0.019551992416381836
elevators,0.74,100,0.74,0.78,0.04,0.01500701904296875
elevators,0.74,100,0.74,0.72,0.02,0.015080451965332031
elevators,0.74,100,0.74,0.72,0.02,0.015085935592651367
elevators,0.74,100,0.74,0.74,0.0,0.0
elevators,0.74,100,0.74,0.72,0.02,0.016299962997436523
elevators,0.74,100,0.74,0.71,0.03,0.015617132186889648
elevators,0.74,100,0.74,0.76,0.02,0.01562047004699707
elevators,0.74,100,0.74,0.74,0.0,0.015631675720214844
elevators,0.74,100,0.74,0.74,0.0,0.01564764976501465
elevators,0.79,100,0.79,0.85,0.06,0.015635251998901367
elevators,0.79,100,0.79,0.8,0.01,0.00489497184753418
elevators,0.79,100,0.79,0.79,0.0,0.017168760299682617
elevators,0.79,100,0.79,0.85,0.06,0.015079975128173828
elevators,0.79,100,0.79,0.79,0.0,0.015255451202392578
elevators,0.79,100,0.79,0.79,0.0,0.025209665298461914
elevators,0.79,100,0.79,0.82,0.03,0.011799335479736328
elevators,0.79,100,0.79,0.72,0.07,0.0
elevators,0.79,100,0.79,0.8,0.01,0.015077829360961914
elevators,0.79,100,0.79,0.76,0.03,0.0
elevators,0.84,100,0.84,0.86,0.02,0.015622854232788086
elevators,0.84,100,0.84,0.85,0.01,0.007036447525024414
elevators,0.84,100,0.84,0.86,0.02,0.015077829360961914
elevators,0.84,100,0.84,0.82,0.02,0.008082151412963867
elevators,0.84,100,0.84,0.96,0.12,0.015083551406860352
elevators,0.84,100,0.84,0.87,0.03,0.015721797943115234
elevators,0.84,100,0.84,0.87,0.03,0.01563549041748047
elevators,0.84,100,0.84,0.85,0.01,0.015625715255737305
elevators,0.84,100,0.84,0.83,0.01,0.01761174201965332
elevators,0.84,100,0.84,0.84,0.0,0.015616178512573242
elevators,0.89,100,0.89,0.9,0.01,0.0161740779876709
elevators,0.89,100,0.89,0.88,0.01,0.015614986419677734
elevators,0.89,100,0.89,0.9,0.01,0.005589962005615234
elevators,0.89,100,0.89,0.89,0.0,0.0
elevators,0.89,100,0.89,0.89,0.0,0.018553495407104492
elevators,0.89,100,0.89,0.91,0.02,0.018052101135253906
elevators,0.89,100,0.89,0.9,0.01,0.01799488067626953
elevators,0.89,100,0.89,0.9,0.01,0.02020263671875
elevators,0.89,100,0.89,0.93,0.04,0.014608144760131836
elevators,0.89,100,0.89,0.88,0.01,0.01720881462097168
elevators,0.95,100,0.95,0.96,0.01,0.011556863784790039
elevators,0.95,100,0.95,0.99,0.04,0.007083415985107422
elevators,0.95,100,0.95,0.97,0.02,0.004156589508056641
elevators,0.95,100,0.95,0.96,0.01,0.0
elevators,0.95,100,0.95,0.95,0.0,0.015630245208740234
elevators,0.95,100,0.95,0.96,0.01,0.015632152557373047
elevators,0.95,100,0.95,0.91,0.04,0.01561737060546875
elevators,0.95,100,0.95,0.99,0.04,0.0
elevators,0.95,100,0.95,0.94,0.01,0.015624284744262695
elevators,0.95,100,0.95,0.95,0.0,0.01880621910095215
elevators,1.0,100,1.0,1.0,0.0,0.015625476837158203
elevators,1.0,100,1.0,1.0,0.0,0.01571488380432129
elevators,1.0,100,1.0,0.97,0.03,0.015644311904907227
elevators,1.0,100,1.0,0.98,0.02,0.015714168548583984
elevators,1.0,100,1.0,1.0,0.0,0.015630483627319336
elevators,1.0,100,1.0,1.0,0.0,0.015630006790161133
elevators,1.0,100,1.0,0.99,0.01,0.01571059226989746
elevators,1.0,100,1.0,0.98,0.02,0.015631675720214844
elevators,1.0,100,1.0,1.0,0.0,0.0
elevators,1.0,100,1.0,1.0,0.0,0.024660587310791016
file79b563a1a18,0.0,100,0.0,0.18,0.18,0.015717506408691406
file79b563a1a18,0.0,100,0.0,0.04,0.04,0.01227712631225586
file79b563a1a18,0.0,100,0.0,0.0,0.0,0.015717744827270508
file79b563a1a18,0.0,100,0.0,0.02,0.02,0.015634536743164062
file79b563a1a18,0.0,100,0.0,0.14,0.14,0.019073963165283203
file79b563a1a18,0.0,100,0.0,0.11,0.11,0.015700101852416992
file79b563a1a18,0.0,100,0.0,0.12,0.12,0.014586925506591797
file79b563a1a18,0.0,100,0.0,0.02,0.02,0.02701735496520996
file79b563a1a18,0.0,100,0.0,0.16,0.16,0.016120433807373047
file79b563a1a18,0.0,100,0.0,0.04,0.04,0.015711307525634766
file79b563a1a18,0.05,100,0.05,0.21,0.16,0.016180992126464844
file79b563a1a18,0.05,100,0.05,0.12,0.07,0.015087604522705078
file79b563a1a18,0.05,100,0.05,0.19,0.14,0.02724599838256836
file79b563a1a18,0.05,100,0.05,0.08,0.03,0.007557868957519531
file79b563a1a18,0.05,100,0.05,0.09,0.04,0.005997180938720703
file79b563a1a18,0.05,100,0.05,0.04,0.01,0.0020418167114257812
file79b563a1a18,0.05,100,0.05,0.11,0.06,0.02661895751953125
file79b563a1a18,0.05,100,0.05,0.09,0.04,0.028528690338134766
file79b563a1a18,0.05,100,0.05,0.11,0.06,0.01869964599609375
file79b563a1a18,0.05,100,0.05,0.07,0.02,0.0157010555267334
file79b563a1a18,0.11,100,0.11,0.14,0.03,0.025331497192382812
file79b563a1a18,0.11,100,0.11,0.21,0.1,0.01563262939453125
file79b563a1a18,0.11,100,0.11,0.14,0.03,0.015621662139892578
file79b563a1a18,0.11,100,0.11,0.2,0.09,0.011552095413208008
file79b563a1a18,0.11,100,0.11,0.11,0.0,0.01872110366821289
file79b563a1a18,0.11,100,0.11,0.19,0.08,0.015708208084106445
file79b563a1a18,0.11,100,0.11,0.19,0.08,0.010010719299316406
file79b563a1a18,0.11,100,0.11,0.11,0.0,0.015712976455688477
file79b563a1a18,0.11,100,0.11,0.14,0.03,0.0194857120513916
file79b563a1a18,0.11,100,0.11,0.14,0.03,0.015703201293945312
file79b563a1a18,0.16,100,0.16,0.12,0.04,0.016170740127563477
file79b563a1a18,0.16,100,0.16,0.2,0.04,0.014185667037963867
file79b563a1a18,0.16,100,0.16,0.34,0.18,0.002580404281616211
file79b563a1a18,0.16,100,0.16,0.21,0.05,0.01563429832458496
file79b563a1a18,0.16,100,0.16,0.2,0.04,0.011083126068115234
file79b563a1a18,0.16,100,0.16,0.25,0.09,0.013556241989135742
file79b563a1a18,0.16,100,0.16,0.16,0.0,0.015705347061157227
file79b563a1a18,0.16,100,0.16,0.17,0.01,0.01562809944152832
file79b563a1a18,0.16,100,0.16,0.12,0.04,0.014793157577514648
file79b563a1a18,0.16,100,0.16,0.18,0.02,0.01570725440979004
file79b563a1a18,0.21,100,0.21,0.31,0.1,0.0065844058990478516
file79b563a1a18,0.21,100,0.21,0.21,0.0,0.01322484016418457
file79b563a1a18,0.21,100,0.21,0.21,0.0,0.0020837783813476562
file79b563a1a18,0.21,100,0.21,0.16,0.05,0.015625476837158203
file79b563a1a18,0.21,100,0.21,0.2,0.01,0.015451669692993164
file79b563a1a18,0.21,100,0.21,0.3,0.09,0.015622854232788086
file79b563a1a18,0.21,100,0.21,0.26,0.05,0.015709638595581055
file79b563a1a18,0.21,100,0.21,0.27,0.06,0.010080099105834961
file79b563a1a18,0.21,100,0.21,0.29,0.08,0.01572871208190918
file79b563a1a18,0.21,100,0.21,0.16,0.05,0.015636682510375977
file79b563a1a18,0.26,100,0.26,0.3,0.04,0.010490179061889648
file79b563a1a18,0.26,100,0.26,0.39,0.13,0.015078544616699219
file79b563a1a18,0.26,100,0.26,0.33,0.07,0.015708208084106445
file79b563a1a18,0.26,100,0.26,0.26,0.0,0.01563429832458496
file79b563a1a18,0.26,100,0.26,0.16,0.1,0.0
file79b563a1a18,0.26,100,0.26,0.29,0.03,0.015625
file79b563a1a18,0.26,100,0.26,0.31,0.05,0.020102977752685547
file79b563a1a18,0.26,100,0.26,0.23,0.03,0.015718698501586914
file79b563a1a18,0.26,100,0.26,0.27,0.01,0.01562952995300293
file79b563a1a18,0.26,100,0.26,0.22,0.04,0.0
file79b563a1a18,0.32,100,0.32,0.37,0.05,0.015709638595581055
file79b563a1a18,0.32,100,0.32,0.36,0.04,0.015630722045898438
file79b563a1a18,0.32,100,0.32,0.34,0.02,0.016532421112060547
file79b563a1a18,0.32,100,0.32,0.36,0.04,0.024668455123901367
file79b563a1a18,0.32,100,0.32,0.31,0.01,0.015623092651367188
file79b563a1a18,0.32,100,0.32,0.45,0.13,0.01900959014892578
file79b563a1a18,0.32,100,0.32,0.34,0.02,0.015077590942382812
file79b563a1a18,0.32,100,0.32,0.46,0.14,0.0040836334228515625
file79b563a1a18,0.32,100,0.32,0.41,0.09,0.018548965454101562
file79b563a1a18,0.32,100,0.32,0.27,0.05,0.0
file79b563a1a18,0.37,100,0.37,0.48,0.11,0.015627384185791016
file79b563a1a18,0.37,100,0.37,0.46,0.09,0.0029637813568115234
file79b563a1a18,0.37,100,0.37,0.4,0.03,0.015627145767211914
file79b563a1a18,0.37,100,0.37,0.46,0.09,0.017751693725585938
file79b563a1a18,0.37,100,0.37,0.44,0.07,0.015077829360961914
file79b563a1a18,0.37,100,0.37,0.41,0.04,0.015712499618530273
file79b563a1a18,0.37,100,0.37,0.39,0.02,0.0
file79b563a1a18,0.37,100,0.37,0.33,0.04,0.01572394371032715
file79b563a1a18,0.37,100,0.37,0.32,0.05,0.015626192092895508
file79b563a1a18,0.37,100,0.37,0.39,0.02,0.015710830688476562
file79b563a1a18,0.42,100,0.42,0.55,0.13,0.015077829360961914
file79b563a1a18,0.42,100,0.42,0.5,0.08,0.0
file79b563a1a18,0.42,100,0.42,0.48,0.06,0.023400068283081055
file79b563a1a18,0.42,100,0.42,0.31,0.11,0.015084028244018555
file79b563a1a18,0.42,100,0.42,0.37,0.05,0.01562786102294922
file79b563a1a18,0.42,100,0.42,0.43,0.01,0.015627384185791016
file79b563a1a18,0.42,100,0.42,0.39,0.03,0.01507878303527832
file79b563a1a18,0.42,100,0.42,0.47,0.05,0.015626907348632812
file79b563a1a18,0.42,100,0.42,0.43,0.01,0.018677711486816406
file79b563a1a18,0.42,100,0.42,0.43,0.01,0.015715360641479492
file79b563a1a18,0.47,100,0.47,0.42,0.05,0.02179741859436035
file79b563a1a18,0.47,100,0.47,0.54,0.07,0.024784564971923828
file79b563a1a18,0.47,100,0.47,0.48,0.01,0.026584863662719727
file79b563a1a18,0.47,100,0.47,0.53,0.06,0.0
file79b563a1a18,0.47,100,0.47,0.47,0.0,0.0030820369720458984
file79b563a1a18,0.47,100,0.47,0.38,0.09,0.01570582389831543
file79b563a1a18,0.47,100,0.47,0.43,0.04,0.0157167911529541
file79b563a1a18,0.47,100,0.47,0.55,0.08,0.0239102840423584
file79b563a1a18,0.47,100,0.47,0.46,0.01,0.0030832290649414062
file79b563a1a18,0.47,100,0.47,0.54,0.07,0.015629053115844727
file79b563a1a18,0.53,100,0.53,0.67,0.14,0.01616835594177246
file79b563a1a18,0.53,100,0.53,0.65,0.12,0.01508021354675293
file79b563a1a18,0.53,100,0.53,0.53,0.0,0.027701854705810547
file79b563a1a18,0.53,100,0.53,0.54,0.01,0.015624761581420898
file79b563a1a18,0.53,100,0.53,0.52,0.01,0.006897926330566406
file79b563a1a18,0.53,100,0.53,0.53,0.0,0.015722990036010742
file79b563a1a18,0.53,100,0.53,0.53,0.0,0.015628337860107422
file79b563a1a18,0.53,100,0.53,0.47,0.06,0.025869369506835938
file79b563a1a18,0.53,100,0.53,0.53,0.0,0.01622319221496582
file79b563a1a18,0.53,100,0.53,0.49,0.04,0.010938405990600586
file79b563a1a18,0.58,100,0.58,0.59,0.01,0.010956764221191406
file79b563a1a18,0.58,100,0.58,0.52,0.06,0.015618562698364258
file79b563a1a18,0.58,100,0.58,0.68,0.1,0.01616978645324707
file79b563a1a18,0.58,100,0.58,0.62,0.04,0.014343738555908203
file79b563a1a18,0.58,100,0.58,0.6,0.02,0.015714168548583984
file79b563a1a18,0.58,100,0.58,0.62,0.04,0.01563549041748047
file79b563a1a18,0.58,100,0.58,0.62,0.04,0.00869131088256836
file79b563a1a18,0.58,100,0.58,0.55,0.03,0.0
file79b563a1a18,0.58,100,0.58,0.66,0.08,0.015766620635986328
file79b563a1a18,0.58,100,0.58,0.57,0.01,0.012189626693725586
file79b563a1a18,0.63,100,0.63,0.66,0.03,0.019211530685424805
file79b563a1a18,0.63,100,0.63,0.6,0.03,0.015641212463378906
file79b563a1a18,0.63,100,0.63,0.68,0.05,0.01717233657836914
file79b563a1a18,0.63,100,0.63,0.67,0.04,0.015629053115844727
file79b563a1a18,0.63,100,0.63,0.75,0.12,0.009519815444946289
file79b563a1a18,0.63,100,0.63,0.59,0.04,0.015711069107055664
file79b563a1a18,0.63,100,0.63,0.68,0.05,0.015711069107055664
file79b563a1a18,0.63,100,0.63,0.57,0.06,0.016590356826782227
file79b563a1a18,0.63,100,0.63,0.62,0.01,0.011081695556640625
file79b563a1a18,0.63,100,0.63,0.63,0.0,0.015624046325683594
file79b563a1a18,0.68,100,0.68,0.64,0.04,0.025908708572387695
file79b563a1a18,0.68,100,0.68,0.61,0.07,0.0157015323638916
file79b563a1a18,0.68,100,0.68,0.69,0.01,0.01570749282836914
file79b563a1a18,0.68,100,0.68,0.68,0.0,0.029020071029663086
file79b563a1a18,0.68,100,0.68,0.68,0.0,0.0156252384185791
file79b563a1a18,0.68,100,0.68,0.74,0.06,0.015620231628417969
file79b563a1a18,0.68,100,0.68,0.64,0.04,0.028913021087646484
file79b563a1a18,0.68,100,0.68,0.69,0.01,0.01571202278137207
file79b563a1a18,0.68,100,0.68,0.71,0.03,0.015624046325683594
file79b563a1a18,0.68,100,0.68,0.69,0.01,0.020685672760009766
file79b563a1a18,0.74,100,0.74,0.79,0.05,0.015075206756591797
file79b563a1a18,0.74,100,0.74,0.69,0.05,0.015621185302734375
file79b563a1a18,0.74,100,0.74,0.76,0.02,0.015623331069946289
file79b563a1a18,0.74,100,0.74,0.69,0.05,0.0008709430694580078
file79b563a1a18,0.74,100,0.74,0.73,0.01,0.01561737060546875
file79b563a1a18,0.74,100,0.74,0.78,0.04,0.015624523162841797
file79b563a1a18,0.74,100,0.74,0.75,0.01,0.0029036998748779297
file79b563a1a18,0.74,100,0.74,0.76,0.02,0.028716087341308594
file79b563a1a18,0.74,100,0.74,0.74,0.0,0.016356945037841797
file79b563a1a18,0.74,100,0.74,0.68,0.06,0.015157222747802734
file79b563a1a18,0.79,100,0.79,0.74,0.05,0.016393661499023438
file79b563a1a18,0.79,100,0.79,0.78,0.01,0.021197795867919922
file79b563a1a18,0.79,100,0.79,0.84,0.05,0.014314889907836914
file79b563a1a18,0.79,100,0.79,0.81,0.02,0.01617431640625
file79b563a1a18,0.79,100,0.79,0.8,0.01,0.0
file79b563a1a18,0.79,100,0.79,0.71,0.08,0.0059850215911865234
file79b563a1a18,0.79,100,0.79,0.74,0.05,0.024385452270507812
file79b563a1a18,0.79,100,0.79,0.77,0.02,0.008085966110229492
file79b563a1a18,0.79,100,0.79,0.79,0.0,0.012200117111206055
file79b563a1a18,0.79,100,0.79,0.86,0.07,0.012584686279296875
file79b563a1a18,0.84,100,0.84,0.84,0.0,0.0
file79b563a1a18,0.84,100,0.84,0.82,0.02,0.0038449764251708984
file79b563a1a18,0.84,100,0.84,0.84,0.0,0.015712738037109375
file79b563a1a18,0.84,100,0.84,0.75,0.09,0.015627622604370117
file79b563a1a18,0.84,100,0.84,0.87,0.03,0.029272079467773438
file79b563a1a18,0.84,100,0.84,0.76,0.08,0.015710115432739258
file79b563a1a18,0.84,100,0.84,0.91,0.07,0.018641948699951172
file79b563a1a18,0.84,100,0.84,0.83,0.01,0.0007996559143066406
file79b563a1a18,0.84,100,0.84,0.84,0.0,0.0011382102966308594
file79b563a1a18,0.84,100,0.84,0.84,0.0,0.015668153762817383
file79b563a1a18,0.89,100,0.89,0.85,0.04,0.011519193649291992
file79b563a1a18,0.89,100,0.89,0.91,0.02,0.015709400177001953
file79b563a1a18,0.89,100,0.89,0.85,0.04,0.01569986343383789
file79b563a1a18,0.89,100,0.89,0.9,0.01,0.015078306198120117
file79b563a1a18,0.89,100,0.89,0.84,0.05,0.015699386596679688
file79b563a1a18,0.89,100,0.89,0.81,0.08,0.0
file79b563a1a18,0.89,100,0.89,0.86,0.03,0.015551567077636719
file79b563a1a18,0.89,100,0.89,0.81,0.08,0.015625476837158203
file79b563a1a18,0.89,100,0.89,0.87,0.02,0.019948959350585938
file79b563a1a18,0.89,100,0.89,0.93,0.04,0.0
file79b563a1a18,0.95,100,0.95,0.96,0.01,0.015616655349731445
file79b563a1a18,0.95,100,0.95,0.91,0.04,0.024754762649536133
file79b563a1a18,0.95,100,0.95,0.92,0.03,0.02567148208618164
file79b563a1a18,0.95,100,0.95,0.96,0.01,0.015614986419677734
file79b563a1a18,0.95,100,0.95,0.93,0.02,0.010670900344848633
file79b563a1a18,0.95,100,0.95,0.91,0.04,0.015711069107055664
file79b563a1a18,0.95,100,0.95,0.93,0.02,0.008078813552856445
file79b563a1a18,0.95,100,0.95,0.97,0.02,0.004840373992919922
file79b563a1a18,0.95,100,0.95,0.96,0.01,0.016800403594970703
file79b563a1a18,0.95,100,0.95,0.93,0.02,0.01508021354675293
file79b563a1a18,1.0,100,1.0,0.9,0.1,0.0
file79b563a1a18,1.0,100,1.0,1.0,0.0,0.00970315933227539
file79b563a1a18,1.0,100,1.0,0.96,0.04,0.007585048675537109
file79b563a1a18,1.0,100,1.0,0.93,0.07,0.01571345329284668
file79b563a1a18,1.0,100,1.0,0.93,0.07,0.01570916175842285
file79b563a1a18,1.0,100,1.0,0.95,0.05,0.0188748836517334
file79b563a1a18,1.0,100,1.0,0.97,0.03,0.01571345329284668
file79b563a1a18,1.0,100,1.0,1.0,0.0,0.0
file79b563a1a18,1.0,100,1.0,0.96,0.04,0.02382063865661621
file79b563a1a18,1.0,100,1.0,0.98,0.02,0.015080690383911133
fried,0.0,100,0.0,0.0,0.0,0.0
fried,0.0,100,0.0,0.0,0.0,0.024128198623657227
fried,0.0,100,0.0,0.0,0.0,0.02096843719482422
fried,0.0,100,0.0,0.02,0.02,0.012202978134155273
fried,0.0,100,0.0,0.03,0.03,0.0
fried,0.0,100,0.0,0.0,0.0,0.015079975128173828
fried,0.0,100,0.0,0.0,0.0,0.015623807907104492
fried,0.0,100,0.0,0.0,0.0,0.02877521514892578
fried,0.0,100,0.0,0.0,0.0,0.016171693801879883
fried,0.0,100,0.0,0.0,0.0,0.00592803955078125
fried,0.05,100,0.05,0.13,0.08,0.017116785049438477
fried,0.05,100,0.05,0.06,0.01,0.01595759391784668
fried,0.05,100,0.05,0.09,0.04,0.012711286544799805
fried,0.05,100,0.05,0.0,0.05,0.015758275985717773
fried,0.05,100,0.05,0.09,0.04,0.009506464004516602
fried,0.05,100,0.05,0.03,0.02,0.01571965217590332
fried,0.05,100,0.05,0.04,0.01,0.013959407806396484
fried,0.05,100,0.05,0.06,0.01,0.005007743835449219
fried,0.05,100,0.05,0.06,0.01,0.014006853103637695
fried,0.05,100,0.05,0.01,0.04,0.013087034225463867
fried,0.11,100,0.11,0.14,0.03,0.015698671340942383
fried,0.11,100,0.11,0.13,0.02,0.015008687973022461
fried,0.11,100,0.11,0.15,0.04,0.015079498291015625
fried,0.11,100,0.11,0.09,0.02,0.015713214874267578
fried,0.11,100,0.11,0.19,0.08,0.027521371841430664
fried,0.11,100,0.11,0.07,0.04,0.01561737060546875
fried,0.11,100,0.11,0.15,0.04,0.01571941375732422
fried,0.11,100,0.11,0.19,0.08,0.015711545944213867
fried,0.11,100,0.11,0.22,0.11,0.015633583068847656
fried,0.11,100,0.11,0.22,0.11,0.015523672103881836
fried,0.16,100,0.16,0.2,0.04,0.0018169879913330078
fried,0.16,100,0.16,0.2,0.04,0.0156252384185791
fried,0.16,100,0.16,0.16,0.0,0.004876136779785156
fried,0.16,100,0.16,0.21,0.05,0.01231837272644043
fried,0.16,100,0.16,0.14,0.02,0.01562643051147461
fried,0.16,100,0.16,0.11,0.05,0.019706010818481445
fried,0.16,100,0.16,0.13,0.03,0.017674922943115234
fried,0.16,100,0.16,0.24,0.08,0.008581399917602539
fried,0.16,100,0.16,0.14,0.02,0.01507878303527832
fried,0.16,100,0.16,0.15,0.01,0.01562786102294922
fried,0.21,100,0.21,0.12,0.09,0.01563286781311035
fried,0.21,100,0.21,0.24,0.03,0.006071567535400391
fried,0.21,100,0.21,0.12,0.09,0.01778697967529297
fried,0.21,100,0.21,0.27,0.06,0.015625715255737305
fried,0.21,100,0.21,0.23,0.02,0.01562356948852539
fried,0.21,100,0.21,0.22,0.01,0.015090465545654297
fried,0.21,100,0.21,0.2,0.01,0.0059354305267333984
fried,0.21,100,0.21,0.23,0.02,0.015623807907104492
fried,0.21,100,0.21,0.24,0.03,0.0021424293518066406
fried,0.21,100,0.21,0.29,0.08,0.016181468963623047
fried,0.26,100,0.26,0.27,0.01,0.022680044174194336
fried,0.26,100,0.26,0.26,0.0,0.015612363815307617
fried,0.26,100,0.26,0.21,0.05,0.015629053115844727
fried,0.26,100,0.26,0.31,0.05,0.007638216018676758
fried,0.26,100,0.26,0.29,0.03,0.0009670257568359375
fried,0.26,100,0.26,0.24,0.02,0.024820327758789062
fried,0.26,100,0.26,0.31,0.05,0.017708301544189453
fried,0.26,100,0.26,0.26,0.0,0.016014575958251953
fried,0.26,100,0.26,0.28,0.02,0.005473613739013672
fried,0.26,100,0.26,0.28,0.02,0.01218104362487793
fried,0.32,100,0.32,0.39,0.07,0.013590097427368164
fried,0.32,100,0.32,0.32,0.0,0.006989717483520508
fried,0.32,100,0.32,0.36,0.04,0.016178131103515625
fried,0.32,100,0.32,0.32,0.0,0.017663002014160156
fried,0.32,100,0.32,0.25,0.07,0.027376890182495117
fried,0.32,100,0.32,0.27,0.05,0.01618194580078125
fried,0.32,100,0.32,0.3,0.02,0.016173124313354492
fried,0.32,100,0.32,0.3,0.02,0.015168190002441406
fried,0.32,100,0.32,0.29,0.03,0.02027583122253418
fried,0.32,100,0.32,0.35,0.03,0.01564335823059082
fried,0.37,100,0.37,0.37,0.0,0.018161773681640625
fried,0.37,100,0.37,0.43,0.06,0.015622377395629883
fried,0.37,100,0.37,0.32,0.05,0.005974531173706055
fried,0.37,100,0.37,0.34,0.03,0.015078544616699219
fried,0.37,100,0.37,0.35,0.02,0.01562952995300293
fried,0.37,100,0.37,0.31,0.06,0.015624046325683594
fried,0.37,100,0.37,0.38,0.01,0.015626907348632812
fried,0.37,100,0.37,0.37,0.0,0.015623092651367188
fried,0.37,100,0.37,0.39,0.02,0.02341914176940918
fried,0.37,100,0.37,0.4,0.03,0.015625953674316406
fried,0.42,100,0.42,0.47,0.05,0.015084266662597656
fried,0.42,100,0.42,0.46,0.04,0.020090341567993164
fried,0.42,100,0.42,0.41,0.01,0.016300439834594727
fried,0.42,100,0.42,0.38,0.04,0.015630006790161133
fried,0.42,100,0.42,0.45,0.03,0.02678227424621582
fried,0.42,100,0.42,0.38,0.04,0.018123626708984375
fried,0.42,100,0.42,0.42,0.0,0.015632152557373047
fried,0.42,100,0.42,0.45,0.03,0.015703916549682617
fried,0.42,100,0.42,0.43,0.01,0.01583075523376465
fried,0.42,100,0.42,0.45,0.03,0.015714645385742188
fried,0.47,100,0.47,0.52,0.05,0.013582706451416016
fried,0.47,100,0.47,0.48,0.01,0.01777195930480957
fried,0.47,100,0.47,0.51,0.04,0.01557612419128418
fried,0.47,100,0.47,0.47,0.0,0.0157167911529541
fried,0.47,100,0.47,0.4,0.07,0.015622615814208984
fried,0.47,100,0.47,0.42,0.05,0.015711307525634766
fried,0.47,100,0.47,0.39,0.08,0.006088733673095703
fried,0.47,100,0.47,0.48,0.01,0.0026197433471679688
fried,0.47,100,0.47,0.56,0.09,0.018204689025878906
fried,0.47,100,0.47,0.45,0.02,0.005581855773925781
fried,0.53,100,0.53,0.57,0.04,0.015622854232788086
fried,0.53,100,0.53,0.66,0.13,0.0
fried,0.53,100,0.53,0.65,0.12,0.0029993057250976562
fried,0.53,100,0.53,0.54,0.01,0.015629291534423828
fried,0.53,100,0.53,0.52,0.01,0.015712261199951172
fried,0.53,100,0.53,0.56,0.03,0.015080690383911133
fried,0.53,100,0.53,0.65,0.12,0.0029141902923583984
fried,0.53,100,0.53,0.45,0.08,0.02640819549560547
fried,0.53,100,0.53,0.53,0.0,0.01563429832458496
fried,0.53,100,0.53,0.52,0.01,0.015621423721313477
fried,0.58,100,0.58,0.67,0.09,0.015636920928955078
fried,0.58,100,0.58,0.66,0.08,0.015633344650268555
fried,0.58,100,0.58,0.67,0.09,0.0008504390716552734
fried,0.58,100,0.58,0.65,0.07,0.01563858985900879
fried,0.58,100,0.58,0.47,0.11,0.015709400177001953
fried,0.58,100,0.58,0.55,0.03,0.015086174011230469
fried,0.58,100,0.58,0.52,0.06,0.012494325637817383
fried,0.58,100,0.58,0.56,0.02,0.018500804901123047
fried,0.58,100,0.58,0.55,0.03,0.015618562698364258
fried,0.58,100,0.58,0.51,0.07,0.01572442054748535
fried,0.63,100,0.63,0.67,0.04,0.015081405639648438
fried,0.63,100,0.63,0.59,0.04,0.015089750289916992
fried,0.63,100,0.63,0.58,0.05,0.015627384185791016
fried,0.63,100,0.63,0.64,0.01,0.015622615814208984
fried,0.63,100,0.63,0.59,0.04,0.015084028244018555
fried,0.63,100,0.63,0.7,0.07,0.015089035034179688
fried,0.63,100,0.63,0.58,0.05,0.0
fried,0.63,100,0.63,0.7,0.07,0.015824079513549805
fried,0.63,100,0.63,0.65,0.02,0.015720129013061523
fried,0.63,100,0.63,0.74,0.11,0.01571345329284668
fried,0.68,100,0.68,0.64,0.04,0.015085220336914062
fried,0.68,100,0.68,0.64,0.04,0.010045766830444336
fried,0.68,100,0.68,0.67,0.01,0.015626907348632812
fried,0.68,100,0.68,0.64,0.04,0.0
fried,0.68,100,0.68,0.66,0.02,0.01563119888305664
fried,0.68,100,0.68,0.58,0.1,0.015079259872436523
fried,0.68,100,0.68,0.71,0.03,0.010636568069458008
fried,0.68,100,0.68,0.73,0.05,0.01562643051147461
fried,0.68,100,0.68,0.74,0.06,0.01563405990600586
fried,0.68,100,0.68,0.73,0.05,0.015716552734375
fried,0.74,100,0.74,0.73,0.01,0.012416839599609375
fried,0.74,100,0.74,0.72,0.02,0.0
fried,0.74,100,0.74,0.75,0.01,0.015712499618530273
fried,0.74,100,0.74,0.79,0.05,0.018197059631347656
fried,0.74,100,0.74,0.72,0.02,0.01562976837158203
fried,0.74,100,0.74,0.74,0.0,0.01562643051147461
fried,0.74,100,0.74,0.77,0.03,0.021215200424194336
fried,0.74,100,0.74,0.8,0.06,0.010590791702270508
fried,0.74,100,0.74,0.75,0.01,0.014134645462036133
fried,0.74,100,0.74,0.81,0.07,0.01920318603515625
fried,0.79,100,0.79,0.88,0.09,0.016179800033569336
fried,0.79,100,0.79,0.8,0.01,0.016739368438720703
fried,0.79,100,0.79,0.81,0.02,0.01562666893005371
fried,0.79,100,0.79,0.79,0.0,0.015619039535522461
fried,0.79,100,0.79,0.86,0.07,0.001013040542602539
fried,0.79,100,0.79,0.78,0.01,0.014570236206054688
fried,0.79,100,0.79,0.84,0.05,0.015635967254638672
fried,0.79,100,0.79,0.86,0.07,0.01565098762512207
fried,0.79,100,0.79,0.79,0.0,0.01562809944152832
fried,0.79,100,0.79,0.78,0.01,0.0
fried,0.84,100,0.84,0.89,0.05,0.01512765884399414
fried,0.84,100,0.84,0.8,0.04,0.01562786102294922
fried,0.84,100,0.84,0.84,0.0,0.015636205673217773
fried,0.84,100,0.84,0.91,0.07,0.015007972717285156
fried,0.84,100,0.84,0.85,0.01,0.012134552001953125
fried,0.84,100,0.84,0.85,0.01,0.018198490142822266
fried,0.84,100,0.84,0.92,0.08,0.0
fried,0.84,100,0.84,0.84,0.0,0.01563429832458496
fried,0.84,100,0.84,0.86,0.02,0.015506267547607422
fried,0.84,100,0.84,0.79,0.05,0.02423238754272461
fried,0.89,100,0.89,0.85,0.04,0.007561922073364258
fried,0.89,100,0.89,0.98,0.09,0.01562952995300293
fried,0.89,100,0.89,0.84,0.05,0.015623331069946289
fried,0.89,100,0.89,0.85,0.04,0.021713733673095703
fried,0.89,100,0.89,0.85,0.04,0.015550851821899414
fried,0.89,100,0.89,0.93,0.04,0.009508609771728516
fried,0.89,100,0.89,0.9,0.01,0.018326282501220703
fried,0.89,100,0.89,0.86,0.03,0.013466358184814453
fried,0.89,100,0.89,0.87,0.02,0.01562976837158203
fried,0.89,100,0.89,0.92,0.03,0.015630483627319336
fried,0.95,100,0.95,0.98,0.03,0.018316984176635742
fried,0.95,100,0.95,0.89,0.06,0.01372385025024414
fried,0.95,100,0.95,0.95,0.0,0.012167930603027344
fried,0.95,100,0.95,0.94,0.01,0.01563429832458496
fried,0.95,100,0.95,0.88,0.07,0.015635013580322266
fried,0.95,100,0.95,0.97,0.02,0.0
fried,0.95,100,0.95,0.94,0.01,0.01500701904296875
fried,0.95,100,0.95,0.89,0.06,0.025983572006225586
fried,0.95,100,0.95,0.93,0.02,0.0
fried,0.95,100,0.95,0.97,0.02,0.015635013580322266
fried,1.0,100,1.0,1.0,0.0,0.01562190055847168
fried,1.0,100,1.0,1.0,0.0,0.015626192092895508
fried,1.0,100,1.0,1.0,0.0,0.02534651756286621
fried,1.0,100,1.0,0.98,0.02,0.014632225036621094
fried,1.0,100,1.0,1.0,0.0,0.015625
fried,1.0,100,1.0,0.98,0.02,0.015703439712524414
fried,1.0,100,1.0,0.95,0.05,0.002871990203857422
fried,1.0,100,1.0,0.95,0.05,0.015710115432739258
fried,1.0,100,1.0,1.0,0.0,0.005946636199951172
fried,1.0,100,1.0,1.0,0.0,0.015573978424072266
fri_c2_1000_10,0.0,100,0.0,0.0,0.0,0.012314081192016602
fri_c2_1000_10,0.0,100,0.0,0.0,0.0,0.015585184097290039
fri_c2_1000_10,0.0,100,0.0,0.05,0.05,0.01569986343383789
fri_c2_1000_10,0.0,100,0.0,0.0,0.0,0.005067110061645508
fri_c2_1000_10,0.0,100,0.0,0.0,0.0,0.0184478759765625
fri_c2_1000_10,0.0,100,0.0,0.04,0.04,0.015665054321289062
fri_c2_1000_10,0.0,100,0.0,0.0,0.0,0.015642642974853516
fri_c2_1000_10,0.0,100,0.0,0.0,0.0,0.014030218124389648
fri_c2_1000_10,0.0,100,0.0,0.12,0.12,0.015642404556274414
fri_c2_1000_10,0.0,100,0.0,0.18,0.18,0.013551950454711914
fri_c2_1000_10,0.05,100,0.05,0.0,0.05,0.003366231918334961
fri_c2_1000_10,0.05,100,0.05,0.05,0.0,0.015629053115844727
fri_c2_1000_10,0.05,100,0.05,0.09,0.04,0.015641450881958008
fri_c2_1000_10,0.05,100,0.05,0.04,0.01,0.015119552612304688
fri_c2_1000_10,0.05,100,0.05,0.11,0.06,0.018779993057250977
fri_c2_1000_10,0.05,100,0.05,0.2,0.15,0.015741825103759766
fri_c2_1000_10,0.05,100,0.05,0.02,0.03,0.026218652725219727
fri_c2_1000_10,0.05,100,0.05,0.11,0.06,0.02613544464111328
fri_c2_1000_10,0.05,100,0.05,0.14,0.09,0.015624046325683594
fri_c2_1000_10,0.05,100,0.05,0.05,0.0,0.01508188247680664
fri_c2_1000_10,0.11,100,0.11,0.16,0.05,0.023850440979003906
fri_c2_1000_10,0.11,100,0.11,0.05,0.06,0.007579803466796875
fri_c2_1000_10,0.11,100,0.11,0.07,0.04,0.015707015991210938
fri_c2_1000_10,0.11,100,0.11,0.16,0.05,0.027378559112548828
fri_c2_1000_10,0.11,100,0.11,0.07,0.04,0.01563119888305664
fri_c2_1000_10,0.11,100,0.11,0.2,0.09,0.0
fri_c2_1000_10,0.11,100,0.11,0.21,0.1,0.015088558197021484
fri_c2_1000_10,0.11,100,0.11,0.04,0.07,0.0
fri_c2_1000_10,0.11,100,0.11,0.18,0.07,0.008606910705566406
fri_c2_1000_10,0.11,100,0.11,0.3,0.19,0.0
fri_c2_1000_10,0.16,100,0.16,0.21,0.05,0.018805980682373047
fri_c2_1000_10,0.16,100,0.16,0.21,0.05,0.015624523162841797
fri_c2_1000_10,0.16,100,0.16,0.27,0.11,0.015710115432739258
fri_c2_1000_10,0.16,100,0.16,0.23,0.07,0.0025091171264648438
fri_c2_1000_10,0.16,100,0.16,0.23,0.07,0.016458511352539062
fri_c2_1000_10,0.16,100,0.16,0.3,0.14,0.01562786102294922
fri_c2_1000_10,0.16,100,0.16,0.12,0.04,0.015627622604370117
fri_c2_1000_10,0.16,100,0.16,0.18,0.02,0.0
fri_c2_1000_10,0.16,100,0.16,0.21,0.05,0.015635251998901367
fri_c2_1000_10,0.16,100,0.16,0.21,0.05,0.0065076351165771484
fri_c2_1000_10,0.21,100,0.21,0.3,0.09,0.01563429832458496
fri_c2_1000_10,0.21,100,0.21,0.16,0.05,0.012271642684936523
fri_c2_1000_10,0.21,100,0.21,0.27,0.06,0.015627384185791016
fri_c2_1000_10,0.21,100,0.21,0.16,0.05,0.0
fri_c2_1000_10,0.21,100,0.21,0.32,0.11,0.02456808090209961
fri_c2_1000_10,0.21,100,0.21,0.39,0.18,0.006084442138671875
fri_c2_1000_10,0.21,100,0.21,0.29,0.08,0.01571059226989746
fri_c2_1000_10,0.21,100,0.21,0.34,0.13,0.012143135070800781
fri_c2_1000_10,0.21,100,0.21,0.21,0.0,0.015625953674316406
fri_c2_1000_10,0.21,100,0.21,0.16,0.05,0.015622377395629883
fri_c2_1000_10,0.26,100,0.26,0.36,0.1,0.014072418212890625
fri_c2_1000_10,0.26,100,0.26,0.32,0.06,0.024765968322753906
fri_c2_1000_10,0.26,100,0.26,0.32,0.06,0.015628337860107422
fri_c2_1000_10,0.26,100,0.26,0.29,0.03,0.01571035385131836
fri_c2_1000_10,0.26,100,0.26,0.27,0.01,0.01137852668762207
fri_c2_1000_10,0.26,100,0.26,0.36,0.1,0.015637636184692383
fri_c2_1000_10,0.26,100,0.26,0.3,0.04,0.015704631805419922
fri_c2_1000_10,0.26,100,0.26,0.36,0.1,0.010794401168823242
fri_c2_1000_10,0.26,100,0.26,0.21,0.05,0.005730390548706055
fri_c2_1000_10,0.26,100,0.26,0.16,0.1,0.015625953674316406
fri_c2_1000_10,0.32,100,0.32,0.3,0.02,0.0
fri_c2_1000_10,0.32,100,0.32,0.3,0.02,0.02431511878967285
fri_c2_1000_10,0.32,100,0.32,0.3,0.02,0.008082389831542969
fri_c2_1000_10,0.32,100,0.32,0.41,0.09,0.015712499618530273
fri_c2_1000_10,0.32,100,0.32,0.39,0.07,0.0008993148803710938
fri_c2_1000_10,0.32,100,0.32,0.32,0.0,0.015622854232788086
fri_c2_1000_10,0.32,100,0.32,0.25,0.07,0.0
fri_c2_1000_10,0.32,100,0.32,0.37,0.05,0.015623092651367188
fri_c2_1000_10,0.32,100,0.32,0.34,0.02,0.014470577239990234
fri_c2_1000_10,0.32,100,0.32,0.34,0.02,0.015667200088500977
fri_c2_1000_10,0.37,100,0.37,0.39,0.02,0.015619993209838867
fri_c2_1000_10,0.37,100,0.37,0.37,0.0,0.015079975128173828
fri_c2_1000_10,0.37,100,0.37,0.39,0.02,0.015609502792358398
fri_c2_1000_10,0.37,100,0.37,0.39,0.02,0.015621423721313477
fri_c2_1000_10,0.37,100,0.37,0.36,0.01,0.01571035385131836
fri_c2_1000_10,0.37,100,0.37,0.39,0.02,0.0047149658203125
fri_c2_1000_10,0.37,100,0.37,0.37,0.0,0.015619039535522461
fri_c2_1000_10,0.37,100,0.37,0.46,0.09,0.0041806697845458984
fri_c2_1000_10,0.37,100,0.37,0.45,0.08,0.01570415496826172
fri_c2_1000_10,0.37,100,0.37,0.45,0.08,0.013705253601074219
fri_c2_1000_10,0.42,100,0.42,0.43,0.01,0.01571512222290039
fri_c2_1000_10,0.42,100,0.42,0.43,0.01,0.00807642936706543
fri_c2_1000_10,0.42,100,0.42,0.39,0.03,0.013911008834838867
fri_c2_1000_10,0.42,100,0.42,0.43,0.01,0.015623092651367188
fri_c2_1000_10,0.42,100,0.42,0.39,0.03,0.015613079071044922
fri_c2_1000_10,0.42,100,0.42,0.41,0.01,0.01571345329284668
fri_c2_1000_10,0.42,100,0.42,0.41,0.01,0.018769264221191406
fri_c2_1000_10,0.42,100,0.42,0.5,0.08,0.0155792236328125
fri_c2_1000_10,0.42,100,0.42,0.48,0.06,0.023136138916015625
fri_c2_1000_10,0.42,100,0.42,0.48,0.06,0.025518417358398438
fri_c2_1000_10,0.47,100,0.47,0.46,0.01,0.015627384185791016
fri_c2_1000_10,0.47,100,0.47,0.48,0.01,0.0
fri_c2_1000_10,0.47,100,0.47,0.41,0.06,0.015082120895385742
fri_c2_1000_10,0.47,100,0.47,0.45,0.02,0.018521547317504883
fri_c2_1000_10,0.47,100,0.47,0.43,0.04,0.016707420349121094
fri_c2_1000_10,0.47,100,0.47,0.41,0.06,0.0
fri_c2_1000_10,0.47,100,0.47,0.54,0.07,0.014534235000610352
fri_c2_1000_10,0.47,100,0.47,0.43,0.04,0.024296045303344727
fri_c2_1000_10,0.47,100,0.47,0.54,0.07,0.015630006790161133
fri_c2_1000_10,0.47,100,0.47,0.59,0.12,0.015081644058227539
fri_c2_1000_10,0.53,100,0.53,0.41,0.12,0.013314008712768555
fri_c2_1000_10,0.53,100,0.53,0.62,0.09,0.015625953674316406
fri_c2_1000_10,0.53,100,0.53,0.62,0.09,0.015077590942382812
fri_c2_1000_10,0.53,100,0.53,0.55,0.02,0.0
fri_c2_1000_10,0.53,100,0.53,0.55,0.02,0.018301010131835938
fri_c2_1000_10,0.53,100,0.53,0.5,0.03,0.015636444091796875
fri_c2_1000_10,0.53,100,0.53,0.61,0.08,0.013800859451293945
fri_c2_1000_10,0.53,100,0.53,0.45,0.08,0.017729520797729492
fri_c2_1000_10,0.53,100,0.53,0.59,0.06,0.015721559524536133
fri_c2_1000_10,0.53,100,0.53,0.55,0.02,0.007327079772949219
fri_c2_1000_10,0.58,100,0.58,0.57,0.01,0.015626907348632812
fri_c2_1000_10,0.58,100,0.58,0.52,0.06,0.015707969665527344
fri_c2_1000_10,0.58,100,0.58,0.54,0.04,0.0157163143157959
fri_c2_1000_10,0.58,100,0.58,0.55,0.03,0.012658834457397461
fri_c2_1000_10,0.58,100,0.58,0.7,0.12,0.015621185302734375
fri_c2_1000_10,0.58,100,0.58,0.64,0.06,0.012749433517456055
fri_c2_1000_10,0.58,100,0.58,0.62,0.04,0.015718698501586914
fri_c2_1000_10,0.58,100,0.58,0.62,0.04,0.0
fri_c2_1000_10,0.58,100,0.58,0.64,0.06,0.015712261199951172
fri_c2_1000_10,0.58,100,0.58,0.59,0.01,0.01058506965637207
fri_c2_1000_10,0.63,100,0.63,0.7,0.07,0.027972936630249023
fri_c2_1000_10,0.63,100,0.63,0.61,0.02,0.015625
fri_c2_1000_10,0.63,100,0.63,0.57,0.06,0.015606403350830078
fri_c2_1000_10,0.63,100,0.63,0.66,0.03,0.017348051071166992
fri_c2_1000_10,0.63,100,0.63,0.68,0.05,0.0184476375579834
fri_c2_1000_10,0.63,100,0.63,0.62,0.01,0.016160249710083008
fri_c2_1000_10,0.63,100,0.63,0.61,0.02,0.015700578689575195
fri_c2_1000_10,0.63,100,0.63,0.64,0.01,0.02630782127380371
fri_c2_1000_10,0.63,100,0.63,0.55,0.08,0.0
fri_c2_1000_10,0.63,100,0.63,0.55,0.08,0.015709400177001953
fri_c2_1000_10,0.68,100,0.68,0.68,0.0,0.015697240829467773
fri_c2_1000_10,0.68,100,0.68,0.62,0.06,0.0
fri_c2_1000_10,0.68,100,0.68,0.73,0.05,0.02220606803894043
fri_c2_1000_10,0.68,100,0.68,0.71,0.03,0.015708208084106445
fri_c2_1000_10,0.68,100,0.68,0.61,0.07,0.011353254318237305
fri_c2_1000_10,0.68,100,0.68,0.71,0.03,0.01562809944152832
fri_c2_1000_10,0.68,100,0.68,0.61,0.07,0.015719175338745117
fri_c2_1000_10,0.68,100,0.68,0.71,0.03,0.01450800895690918
fri_c2_1000_10,0.68,100,0.68,0.71,0.03,0.023705244064331055
fri_c2_1000_10,0.68,100,0.68,0.62,0.06,0.01563096046447754
fri_c2_1000_10,0.74,100,0.74,0.66,0.08,0.011051654815673828
fri_c2_1000_10,0.74,100,0.74,0.77,0.03,0.01571512222290039
fri_c2_1000_10,0.74,100,0.74,0.66,0.08,0.013092756271362305
fri_c2_1000_10,0.74,100,0.74,0.77,0.03,0.012531280517578125
fri_c2_1000_10,0.74,100,0.74,0.77,0.03,0.0
fri_c2_1000_10,0.74,100,0.74,0.86,0.12,0.0
fri_c2_1000_10,0.74,100,0.74,0.73,0.01,0.0028693675994873047
fri_c2_1000_10,0.74,100,0.74,0.8,0.06,0.018410682678222656
fri_c2_1000_10,0.74,100,0.74,0.73,0.01,0.0050067901611328125
fri_c2_1000_10,0.74,100,0.74,0.77,0.03,0.01740741729736328
fri_c2_1000_10,0.79,100,0.79,0.75,0.04,0.025110244750976562
fri_c2_1000_10,0.79,100,0.79,0.84,0.05,0.015627145767211914
fri_c2_1000_10,0.79,100,0.79,0.8,0.01,0.015081405639648438
fri_c2_1000_10,0.79,100,0.79,0.8,0.01,0.012389183044433594
fri_c2_1000_10,0.79,100,0.79,0.86,0.07,0.01618337631225586
fri_c2_1000_10,0.79,100,0.79,0.7,0.09,0.015618562698364258
fri_c2_1000_10,0.79,100,0.79,0.73,0.06,0.015077829360961914
fri_c2_1000_10,0.79,100,0.79,0.71,0.08,0.0
fri_c2_1000_10,0.79,100,0.79,0.91,0.12,0.015637636184692383
fri_c2_1000_10,0.79,100,0.79,0.86,0.07,0.015079736709594727
fri_c2_1000_10,0.84,100,0.84,0.8,0.04,0.018483638763427734
fri_c2_1000_10,0.84,100,0.84,0.96,0.12,0.019208192825317383
fri_c2_1000_10,0.84,100,0.84,0.77,0.07,0.015079259872436523
fri_c2_1000_10,0.84,100,0.84,0.79,0.05,0.020061492919921875
fri_c2_1000_10,0.84,100,0.84,0.84,0.0,0.0204317569732666
fri_c2_1000_10,0.84,100,0.84,0.8,0.04,0.01571059226989746
fri_c2_1000_10,0.84,100,0.84,0.91,0.07,0.012315511703491211
fri_c2_1000_10,0.84,100,0.84,0.82,0.02,0.015624523162841797
fri_c2_1000_10,0.84,100,0.84,0.82,0.02,0.015716552734375
fri_c2_1000_10,0.84,100,0.84,0.91,0.07,0.0048983097076416016
fri_c2_1000_10,0.89,100,0.89,0.89,0.0,0.01558828353881836
fri_c2_1000_10,0.89,100,0.89,0.89,0.0,0.015706300735473633
fri_c2_1000_10,0.89,100,0.89,0.84,0.05,0.012520313262939453
fri_c2_1000_10,0.89,100,0.89,0.87,0.02,0.0059626102447509766
fri_c2_1000_10,0.89,100,0.89,0.86,0.03,0.015624761581420898
fri_c2_1000_10,0.89,100,0.89,0.82,0.07,0.015081644058227539
fri_c2_1000_10,0.89,100,0.89,0.89,0.0,0.0
fri_c2_1000_10,0.89,100,0.89,0.87,0.02,0.026960134506225586
fri_c2_1000_10,0.89,100,0.89,0.8,0.09,0.015708208084106445
fri_c2_1000_10,0.89,100,0.89,0.91,0.02,0.01617598533630371
fri_c2_1000_10,0.95,100,0.95,0.93,0.02,0.015079259872436523
fri_c2_1000_10,0.95,100,0.95,1.0,0.05,0.020246028900146484
fri_c2_1000_10,0.95,100,0.95,0.93,0.02,0.0
fri_c2_1000_10,0.95,100,0.95,0.91,0.04,0.014655351638793945
fri_c2_1000_10,0.95,100,0.95,0.96,0.01,0.015007972717285156
fri_c2_1000_10,0.95,100,0.95,1.0,0.05,0.01604008674621582
fri_c2_1000_10,0.95,100,0.95,0.87,0.08,0.023633718490600586
fri_c2_1000_10,0.95,100,0.95,0.95,0.0,0.015661954879760742
fri_c2_1000_10,0.95,100,0.95,0.98,0.03,0.01771235466003418
fri_c2_1000_10,0.95,100,0.95,0.96,0.01,0.01563739776611328
fri_c2_1000_10,1.0,100,1.0,1.0,0.0,0.015633583068847656
fri_c2_1000_10,1.0,100,1.0,0.96,0.04,0.012963533401489258
fri_c2_1000_10,1.0,100,1.0,1.0,0.0,0.0
fri_c2_1000_10,1.0,100,1.0,0.98,0.02,0.016103267669677734
fri_c2_1000_10,1.0,100,1.0,1.0,0.0,0.01571369171142578
fri_c2_1000_10,1.0,100,1.0,1.0,0.0,0.024117231369018555
fri_c2_1000_10,1.0,100,1.0,1.0,0.0,0.0
fri_c2_1000_10,1.0,100,1.0,1.0,0.0,0.0
fri_c2_1000_10,1.0,100,1.0,0.95,0.05,0.015079021453857422
fri_c2_1000_10,1.0,100,1.0,1.0,0.0,0.018583059310913086
GAMETES_Epistasis_2-Way_20atts_0.1H_EDM-1_1,0.0,100,0.0,1.0,1.0,0.012060880661010742
GAMETES_Epistasis_2-Way_20atts_0.1H_EDM-1_1,0.0,100,0.0,1.0,1.0,0.015667200088500977
GAMETES_Epistasis_2-Way_20atts_0.1H_EDM-1_1,0.0,100,0.0,1.0,1.0,0.014336347579956055
GAMETES_Epistasis_2-Way_20atts_0.1H_EDM-1_1,0.0,100,0.0,1.0,1.0,0.01402902603149414
GAMETES_Epistasis_2-Way_20atts_0.1H_EDM-1_1,0.0,100,0.0,1.0,1.0,0.012085914611816406
GAMETES_Epistasis_2-Way_20atts_0.1H_EDM-1_1,0.0,100,0.0,1.0,1.0,0.015638351440429688
GAMETES_Epistasis_2-Way_20atts_0.1H_EDM-1_1,0.0,100,0.0,1.0,1.0,0.015712261199951172
GAMETES_Epistasis_2-Way_20atts_0.1H_EDM-1_1,0.0,100,0.0,0.0,0.0,0.01571369171142578
GAMETES_Epistasis_2-Way_20atts_0.1H_EDM-1_1,0.0,100,0.0,1.0,1.0,0.015624046325683594
GAMETES_Epistasis_2-Way_20atts_0.1H_EDM-1_1,0.0,100,0.0,1.0,1.0,0.015625476837158203
GAMETES_Epistasis_2-Way_20atts_0.1H_EDM-1_1,0.05,100,0.05,1.0,0.95,0.015511751174926758
GAMETES_Epistasis_2-Way_20atts_0.1H_EDM-1_1,0.05,100,0.05,0.0,0.05,0.018289566040039062
GAMETES_Epistasis_2-Way_20atts_0.1H_EDM-1_1,0.05,100,0.05,1.0,0.95,0.021439790725708008
GAMETES_Epistasis_2-Way_20atts_0.1H_EDM-1_1,0.05,100,0.05,1.0,0.95,0.0
GAMETES_Epistasis_2-Way_20atts_0.1H_EDM-1_1,0.05,100,0.05,1.0,0.95,0.015618562698364258
GAMETES_Epistasis_2-Way_20atts_0.1H_EDM-1_1,0.05,100,0.05,0.0,0.05,0.015623092651367188
GAMETES_Epistasis_2-Way_20atts_0.1H_EDM-1_1,0.05,100,0.05,1.0,0.95,0.015640735626220703
GAMETES_Epistasis_2-Way_20atts_0.1H_EDM-1_1,0.05,100,0.05,1.0,0.95,0.0156404972076416
GAMETES_Epistasis_2-Way_20atts_0.1H_EDM-1_1,0.05,100,0.05,1.0,0.95,0.024239301681518555
GAMETES_Epistasis_2-Way_20atts_0.1H_EDM-1_1,0.05,100,0.05,0.0,0.05,0.015081644058227539
GAMETES_Epistasis_2-Way_20atts_0.1H_EDM-1_1,0.11,100,0.11,1.0,0.89,0.01507878303527832
GAMETES_Epistasis_2-Way_20atts_0.1H_EDM-1_1,0.11,100,0.11,1.0,0.89,0.02162003517150879
GAMETES_Epistasis_2-Way_20atts_0.1H_EDM-1_1,0.11,100,0.11,1.0,0.89,0.01516580581665039
GAMETES_Epistasis_2-Way_20atts_0.1H_EDM-1_1,0.11,100,0.11,1.0,0.89,0.012249469757080078
GAMETES_Epistasis_2-Way_20atts_0.1H_EDM-1_1,0.11,100,0.11,1.0,0.89,0.014301538467407227
GAMETES_Epistasis_2-Way_20atts_0.1H_EDM-1_1,0.11,100,0.11,1.0,0.89,0.01208186149597168
GAMETES_Epistasis_2-Way_20atts_0.1H_EDM-1_1,0.11,100,0.11,1.0,0.89,0.015700340270996094
GAMETES_Epistasis_2-Way_20atts_0.1H_EDM-1_1,0.11,100,0.11,0.0,0.11,0.004902839660644531
GAMETES_Epistasis_2-Way_20atts_0.1H_EDM-1_1,0.11,100,0.11,0.0,0.11,0.0
GAMETES_Epistasis_2-Way_20atts_0.1H_EDM-1_1,0.11,100,0.11,1.0,0.89,0.015702009201049805
GAMETES_Epistasis_2-Way_20atts_0.1H_EDM-1_1,0.16,100,0.16,1.0,0.84,0.015705585479736328
GAMETES_Epistasis_2-Way_20atts_0.1H_EDM-1_1,0.16,100,0.16,1.0,0.84,0.012239217758178711
GAMETES_Epistasis_2-Way_20atts_0.1H_EDM-1_1,0.16,100,0.16,1.0,0.84,0.018601655960083008
GAMETES_Epistasis_2-Way_20atts_0.1H_EDM-1_1,0.16,100,0.16,1.0,0.84,0.015613794326782227
GAMETES_Epistasis_2-Way_20atts_0.1H_EDM-1_1,0.16,100,0.16,1.0,0.84,0.015623331069946289
GAMETES_Epistasis_2-Way_20atts_0.1H_EDM-1_1,0.16,100,0.16,1.0,0.84,0.022592782974243164
GAMETES_Epistasis_2-Way_20atts_0.1H_EDM-1_1,0.16,100,0.16,1.0,0.84,0.0
GAMETES_Epistasis_2-Way_20atts_0.1H_EDM-1_1,0.16,100,0.16,1.0,0.84,0.015637874603271484
GAMETES_Epistasis_2-Way_20atts_0.1H_EDM-1_1,0.16,100,0.16,1.0,0.84,0.015633583068847656
GAMETES_Epistasis_2-Way_20atts_0.1H_EDM-1_1,0.16,100,0.16,1.0,0.84,0.01561594009399414
GAMETES_Epistasis_2-Way_20atts_0.1H_EDM-1_1,0.21,100,0.21,1.0,0.79,0.009584188461303711
GAMETES_Epistasis_2-Way_20atts_0.1H_EDM-1_1,0.21,100,0.21,1.0,0.79,0.014753341674804688
GAMETES_Epistasis_2-Way_20atts_0.1H_EDM-1_1,0.21,100,0.21,1.0,0.79,0.0038907527923583984
GAMETES_Epistasis_2-Way_20atts_0.1H_EDM-1_1,0.21,100,0.21,0.0,0.21,0.025339841842651367
GAMETES_Epistasis_2-Way_20atts_0.1H_EDM-1_1,0.21,100,0.21,1.0,0.79,0.02144169807434082
GAMETES_Epistasis_2-Way_20atts_0.1H_EDM-1_1,0.21,100,0.21,1.0,0.79,0.016204118728637695
GAMETES_Epistasis_2-Way_20atts_0.1H_EDM-1_1,0.21,100,0.21,0.0,0.21,0.016167402267456055
GAMETES_Epistasis_2-Way_20atts_0.1H_EDM-1_1,0.21,100,0.21,0.0,0.21,0.014576435089111328
GAMETES_Epistasis_2-Way_20atts_0.1H_EDM-1_1,0.21,100,0.21,1.0,0.79,0.01570296287536621
GAMETES_Epistasis_2-Way_20atts_0.1H_EDM-1_1,0.21,100,0.21,0.0,0.21,0.01571202278137207
GAMETES_Epistasis_2-Way_20atts_0.1H_EDM-1_1,0.26,100,0.26,1.0,0.74,0.015699148178100586
GAMETES_Epistasis_2-Way_20atts_0.1H_EDM-1_1,0.26,100,0.26,1.0,0.74,0.01508331298828125
GAMETES_Epistasis_2-Way_20atts_0.1H_EDM-1_1,0.26,100,0.26,1.0,0.74,0.012176275253295898
GAMETES_Epistasis_2-Way_20atts_0.1H_EDM-1_1,0.26,100,0.26,1.0,0.74,0.023463010787963867
GAMETES_Epistasis_2-Way_20atts_0.1H_EDM-1_1,0.26,100,0.26,1.0,0.74,0.01563096046447754
GAMETES_Epistasis_2-Way_20atts_0.1H_EDM-1_1,0.26,100,0.26,1.0,0.74,0.01562643051147461
GAMETES_Epistasis_2-Way_20atts_0.1H_EDM-1_1,0.26,100,0.26,1.0,0.74,0.015617609024047852
GAMETES_Epistasis_2-Way_20atts_0.1H_EDM-1_1,0.26,100,0.26,1.0,0.74,0.02306342124938965
GAMETES_Epistasis_2-Way_20atts_0.1H_EDM-1_1,0.26,100,0.26,1.0,0.74,0.004834651947021484
GAMETES_Epistasis_2-Way_20atts_0.1H_EDM-1_1,0.26,100,0.26,1.0,0.74,0.015714645385742188
GAMETES_Epistasis_2-Way_20atts_0.1H_EDM-1_1,0.32,100,0.32,1.0,0.68,0.015627384185791016
GAMETES_Epistasis_2-Way_20atts_0.1H_EDM-1_1,0.32,100,0.32,1.0,0.68,0.015708446502685547
GAMETES_Epistasis_2-Way_20atts_0.1H_EDM-1_1,0.32,100,0.32,1.0,0.68,0.005968809127807617
GAMETES_Epistasis_2-Way_20atts_0.1H_EDM-1_1,0.32,100,0.32,1.0,0.68,0.0252382755279541
GAMETES_Epistasis_2-Way_20atts_0.1H_EDM-1_1,0.32,100,0.32,0.0,0.32,0.02435159683227539
GAMETES_Epistasis_2-Way_20atts_0.1H_EDM-1_1,0.32,100,0.32,1.0,0.68,0.0202178955078125
GAMETES_Epistasis_2-Way_20atts_0.1H_EDM-1_1,0.32,100,0.32,0.0,0.32,0.01615118980407715
GAMETES_Epistasis_2-Way_20atts_0.1H_EDM-1_1,0.32,100,0.32,0.0,0.32,0.00907588005065918
GAMETES_Epistasis_2-Way_20atts_0.1H_EDM-1_1,0.32,100,0.32,1.0,0.68,0.011578083038330078
GAMETES_Epistasis_2-Way_20atts_0.1H_EDM-1_1,0.32,100,0.32,0.0,0.32,0.01571035385131836
GAMETES_Epistasis_2-Way_20atts_0.1H_EDM-1_1,0.37,100,0.37,1.0,0.63,0.015080690383911133
GAMETES_Epistasis_2-Way_20atts_0.1H_EDM-1_1,0.37,100,0.37,1.0,0.63,0.0038690567016601562
GAMETES_Epistasis_2-Way_20atts_0.1H_EDM-1_1,0.37,100,0.37,1.0,0.63,0.022193193435668945
GAMETES_Epistasis_2-Way_20atts_0.1H_EDM-1_1,0.37,100,0.37,1.0,0.63,0.0
GAMETES_Epistasis_2-Way_20atts_0.1H_EDM-1_1,0.37,100,0.37,1.0,0.63,0.015625953674316406
GAMETES_Epistasis_2-Way_20atts_0.1H_EDM-1_1,0.37,100,0.37,1.0,0.63,0.0
GAMETES_Epistasis_2-Way_20atts_0.1H_EDM-1_1,0.37,100,0.37,1.0,0.63,0.015623092651367188
GAMETES_Epistasis_2-Way_20atts_0.1H_EDM-1_1,0.37,100,0.37,0.0,0.37,0.015628814697265625
GAMETES_Epistasis_2-Way_20atts_0.1H_EDM-1_1,0.37,100,0.37,1.0,0.63,0.01571965217590332
GAMETES_Epistasis_2-Way_20atts_0.1H_EDM-1_1,0.37,100,0.37,1.0,0.63,0.01395273208618164
GAMETES_Epistasis_2-Way_20atts_0.1H_EDM-1_1,0.42,100,0.42,1.0,0.58,0.015072822570800781
GAMETES_Epistasis_2-Way_20atts_0.1H_EDM-1_1,0.42,100,0.42,0.0,0.42,0.010957717895507812
GAMETES_Epistasis_2-Way_20atts_0.1H_EDM-1_1,0.42,100,0.42,1.0,0.58,0.014220237731933594
GAMETES_Epistasis_2-Way_20atts_0.1H_EDM-1_1,0.42,100,0.42,1.0,0.58,0.016435623168945312
GAMETES_Epistasis_2-Way_20atts_0.1H_EDM-1_1,0.42,100,0.42,1.0,0.58,0.015695810317993164
GAMETES_Epistasis_2-Way_20atts_0.1H_EDM-1_1,0.42,100,0.42,1.0,0.58,0.015612602233886719
GAMETES_Epistasis_2-Way_20atts_0.1H_EDM-1_1,0.42,100,0.42,1.0,0.58,0.019190311431884766
GAMETES_Epistasis_2-Way_20atts_0.1H_EDM-1_1,0.42,100,0.42,1.0,0.58,0.016707658767700195
GAMETES_Epistasis_2-Way_20atts_0.1H_EDM-1_1,0.42,100,0.42,1.0,0.58,0.016160011291503906
GAMETES_Epistasis_2-Way_20atts_0.1H_EDM-1_1,0.42,100,0.42,1.0,0.58,0.012613534927368164
GAMETES_Epistasis_2-Way_20atts_0.1H_EDM-1_1,0.47,100,0.47,0.0,0.47,0.001978635787963867
GAMETES_Epistasis_2-Way_20atts_0.1H_EDM-1_1,0.47,100,0.47,1.0,0.53,0.009590387344360352
GAMETES_Epistasis_2-Way_20atts_0.1H_EDM-1_1,0.47,100,0.47,1.0,0.53,0.013025522232055664
GAMETES_Epistasis_2-Way_20atts_0.1H_EDM-1_1,0.47,100,0.47,1.0,0.53,0.015652179718017578
GAMETES_Epistasis_2-Way_20atts_0.1H_EDM-1_1,0.47,100,0.47,1.0,0.53,0.01564764976501465
GAMETES_Epistasis_2-Way_20atts_0.1H_EDM-1_1,0.47,100,0.47,1.0,0.53,0.01570916175842285
GAMETES_Epistasis_2-Way_20atts_0.1H_EDM-1_1,0.47,100,0.47,1.0,0.53,0.01571512222290039
GAMETES_Epistasis_2-Way_20atts_0.1H_EDM-1_1,0.47,100,0.47,1.0,0.53,0.015709877014160156
GAMETES_Epistasis_2-Way_20atts_0.1H_EDM-1_1,0.47,100,0.47,1.0,0.53,0.02425527572631836
GAMETES_Epistasis_2-Way_20atts_0.1H_EDM-1_1,0.47,100,0.47,1.0,0.53,0.015630722045898438
GAMETES_Epistasis_2-Way_20atts_0.1H_EDM-1_1,0.53,100,0.53,1.0,0.47,0.01562666893005371
GAMETES_Epistasis_2-Way_20atts_0.1H_EDM-1_1,0.53,100,0.53,1.0,0.47,0.015624523162841797
GAMETES_Epistasis_2-Way_20atts_0.1H_EDM-1_1,0.53,100,0.53,1.0,0.47,0.011506795883178711
GAMETES_Epistasis_2-Way_20atts_0.1H_EDM-1_1,0.53,100,0.53,1.0,0.47,0.019371509552001953
GAMETES_Epistasis_2-Way_20atts_0.1H_EDM-1_1,0.53,100,0.53,1.0,0.47,0.01563262939453125
GAMETES_Epistasis_2-Way_20atts_0.1H_EDM-1_1,0.53,100,0.53,1.0,0.47,0.0
GAMETES_Epistasis_2-Way_20atts_0.1H_EDM-1_1,0.53,100,0.53,0.0,0.53,0.013447046279907227
GAMETES_Epistasis_2-Way_20atts_0.1H_EDM-1_1,0.53,100,0.53,1.0,0.47,0.01561427116394043
GAMETES_Epistasis_2-Way_20atts_0.1H_EDM-1_1,0.53,100,0.53,1.0,0.47,0.015620231628417969
GAMETES_Epistasis_2-Way_20atts_0.1H_EDM-1_1,0.53,100,0.53,1.0,0.47,0.01570725440979004
GAMETES_Epistasis_2-Way_20atts_0.1H_EDM-1_1,0.58,100,0.58,0.0,0.58,0.015694141387939453
GAMETES_Epistasis_2-Way_20atts_0.1H_EDM-1_1,0.58,100,0.58,1.0,0.42,0.01569509506225586
GAMETES_Epistasis_2-Way_20atts_0.1H_EDM-1_1,0.58,100,0.58,1.0,0.42,0.004158735275268555
GAMETES_Epistasis_2-Way_20atts_0.1H_EDM-1_1,0.58,100,0.58,1.0,0.42,0.012410402297973633
GAMETES_Epistasis_2-Way_20atts_0.1H_EDM-1_1,0.58,100,0.58,1.0,0.42,0.0174558162689209
GAMETES_Epistasis_2-Way_20atts_0.1H_EDM-1_1,0.58,100,0.58,1.0,0.42,0.015613555908203125
GAMETES_Epistasis_2-Way_20atts_0.1H_EDM-1_1,0.58,100,0.58,1.0,0.42,0.015633583068847656
GAMETES_Epistasis_2-Way_20atts_0.1H_EDM-1_1,0.58,100,0.58,0.0,0.58,0.015708446502685547
GAMETES_Epistasis_2-Way_20atts_0.1H_EDM-1_1,0.58,100,0.58,1.0,0.42,0.015622377395629883
GAMETES_Epistasis_2-Way_20atts_0.1H_EDM-1_1,0.58,100,0.58,1.0,0.42,0.019782304763793945
GAMETES_Epistasis_2-Way_20atts_0.1H_EDM-1_1,0.63,100,0.63,0.0,0.63,0.02625751495361328
GAMETES_Epistasis_2-Way_20atts_0.1H_EDM-1_1,0.63,100,0.63,1.0,0.37,0.015254497528076172
GAMETES_Epistasis_2-Way_20atts_0.1H_EDM-1_1,0.63,100,0.63,0.0,0.63,0.014366865158081055
GAMETES_Epistasis_2-Way_20atts_0.1H_EDM-1_1,0.63,100,0.63,1.0,0.37,0.015314102172851562
GAMETES_Epistasis_2-Way_20atts_0.1H_EDM-1_1,0.63,100,0.63,1.0,0.37,0.019995450973510742
GAMETES_Epistasis_2-Way_20atts_0.1H_EDM-1_1,0.63,100,0.63,1.0,0.37,0.0
GAMETES_Epistasis_2-Way_20atts_0.1H_EDM-1_1,0.63,100,0.63,1.0,0.37,0.015625953674316406
GAMETES_Epistasis_2-Way_20atts_0.1H_EDM-1_1,0.63,100,0.63,1.0,0.37,0.014296770095825195
GAMETES_Epistasis_2-Way_20atts_0.1H_EDM-1_1,0.63,100,0.63,0.0,0.63,0.013889312744140625
GAMETES_Epistasis_2-Way_20atts_0.1H_EDM-1_1,0.63,100,0.63,1.0,0.37,0.013680458068847656
GAMETES_Epistasis_2-Way_20atts_0.1H_EDM-1_1,0.68,100,0.68,1.0,0.32,0.015531778335571289
GAMETES_Epistasis_2-Way_20atts_0.1H_EDM-1_1,0.68,100,0.68,1.0,0.32,0.013790369033813477
GAMETES_Epistasis_2-Way_20atts_0.1H_EDM-1_1,0.68,100,0.68,1.0,0.32,0.015325069427490234
GAMETES_Epistasis_2-Way_20atts_0.1H_EDM-1_1,0.68,100,0.68,1.0,0.32,0.013542413711547852
GAMETES_Epistasis_2-Way_20atts_0.1H_EDM-1_1,0.68,100,0.68,1.0,0.32,0.013398885726928711
GAMETES_Epistasis_2-Way_20atts_0.1H_EDM-1_1,0.68,100,0.68,1.0,0.32,0.014507293701171875
GAMETES_Epistasis_2-Way_20atts_0.1H_EDM-1_1,0.68,100,0.68,0.0,0.68,0.014529705047607422
GAMETES_Epistasis_2-Way_20atts_0.1H_EDM-1_1,0.68,100,0.68,1.0,0.32,0.014162540435791016
GAMETES_Epistasis_2-Way_20atts_0.1H_EDM-1_1,0.68,100,0.68,1.0,0.32,0.014285087585449219
GAMETES_Epistasis_2-Way_20atts_0.1H_EDM-1_1,0.68,100,0.68,1.0,0.32,0.014274358749389648
GAMETES_Epistasis_2-Way_20atts_0.1H_EDM-1_1,0.74,100,0.74,1.0,0.26,0.0134124755859375
GAMETES_Epistasis_2-Way_20atts_0.1H_EDM-1_1,0.74,100,0.74,1.0,0.26,0.01450657844543457
GAMETES_Epistasis_2-Way_20atts_0.1H_EDM-1_1,0.74,100,0.74,1.0,0.26,0.014281988143920898
GAMETES_Epistasis_2-Way_20atts_0.1H_EDM-1_1,0.74,100,0.74,1.0,0.26,0.01430058479309082
GAMETES_Epistasis_2-Way_20atts_0.1H_EDM-1_1,0.74,100,0.74,1.0,0.26,0.014326095581054688
GAMETES_Epistasis_2-Way_20atts_0.1H_EDM-1_1,0.74,100,0.74,1.0,0.26,0.014322042465209961
GAMETES_Epistasis_2-Way_20atts_0.1H_EDM-1_1,0.74,100,0.74,0.0,0.74,0.013751029968261719
GAMETES_Epistasis_2-Way_20atts_0.1H_EDM-1_1,0.74,100,0.74,1.0,0.26,0.013957738876342773
GAMETES_Epistasis_2-Way_20atts_0.1H_EDM-1_1,0.74,100,0.74,0.0,0.74,0.013226985931396484
GAMETES_Epistasis_2-Way_20atts_0.1H_EDM-1_1,0.74,100,0.74,1.0,0.26,0.013277053833007812
GAMETES_Epistasis_2-Way_20atts_0.1H_EDM-1_1,0.79,100,0.79,1.0,0.21,0.014376163482666016
GAMETES_Epistasis_2-Way_20atts_0.1H_EDM-1_1,0.79,100,0.79,1.0,0.21,0.014143705368041992
GAMETES_Epistasis_2-Way_20atts_0.1H_EDM-1_1,0.79,100,0.79,1.0,0.21,0.013339519500732422
GAMETES_Epistasis_2-Way_20atts_0.1H_EDM-1_1,0.79,100,0.79,1.0,0.21,0.01421046257019043
GAMETES_Epistasis_2-Way_20atts_0.1H_EDM-1_1,0.79,100,0.79,1.0,0.21,0.014885663986206055
GAMETES_Epistasis_2-Way_20atts_0.1H_EDM-1_1,0.79,100,0.79,1.0,0.21,0.013671636581420898
GAMETES_Epistasis_2-Way_20atts_0.1H_EDM-1_1,0.79,100,0.79,1.0,0.21,0.013808488845825195
GAMETES_Epistasis_2-Way_20atts_0.1H_EDM-1_1,0.79,100,0.79,1.0,0.21,0.014909029006958008
GAMETES_Epistasis_2-Way_20atts_0.1H_EDM-1_1,0.79,100,0.79,1.0,0.21,0.014278411865234375
GAMETES_Epistasis_2-Way_20atts_0.1H_EDM-1_1,0.79,100,0.79,1.0,0.21,0.013286590576171875
GAMETES_Epistasis_2-Way_20atts_0.1H_EDM-1_1,0.84,100,0.84,1.0,0.16,0.013271093368530273
GAMETES_Epistasis_2-Way_20atts_0.1H_EDM-1_1,0.84,100,0.84,1.0,0.16,0.014222860336303711
GAMETES_Epistasis_2-Way_20atts_0.1H_EDM-1_1,0.84,100,0.84,1.0,0.16,0.014296293258666992
GAMETES_Epistasis_2-Way_20atts_0.1H_EDM-1_1,0.84,100,0.84,1.0,0.16,0.01400303840637207
GAMETES_Epistasis_2-Way_20atts_0.1H_EDM-1_1,0.84,100,0.84,1.0,0.16,0.01400446891784668
GAMETES_Epistasis_2-Way_20atts_0.1H_EDM-1_1,0.84,100,0.84,1.0,0.16,0.01427149772644043
GAMETES_Epistasis_2-Way_20atts_0.1H_EDM-1_1,0.84,100,0.84,1.0,0.16,0.014276504516601562
GAMETES_Epistasis_2-Way_20atts_0.1H_EDM-1_1,0.84,100,0.84,1.0,0.16,0.013326406478881836
GAMETES_Epistasis_2-Way_20atts_0.1H_EDM-1_1,0.84,100,0.84,0.0,0.84,0.014301300048828125
GAMETES_Epistasis_2-Way_20atts_0.1H_EDM-1_1,0.84,100,0.84,1.0,0.16,0.014292478561401367
GAMETES_Epistasis_2-Way_20atts_0.1H_EDM-1_1,0.89,100,0.89,1.0,0.11,0.03262472152709961
GAMETES_Epistasis_2-Way_20atts_0.1H_EDM-1_1,0.89,100,0.89,1.0,0.11,0.013588666915893555
GAMETES_Epistasis_2-Way_20atts_0.1H_EDM-1_1,0.89,100,0.89,1.0,0.11,0.03000020980834961
GAMETES_Epistasis_2-Way_20atts_0.1H_EDM-1_1,0.89,100,0.89,1.0,0.11,0.01621556282043457
GAMETES_Epistasis_2-Way_20atts_0.1H_EDM-1_1,0.89,100,0.89,1.0,0.11,0.024529457092285156
GAMETES_Epistasis_2-Way_20atts_0.1H_EDM-1_1,0.89,100,0.89,1.0,0.11,0.016520023345947266
GAMETES_Epistasis_2-Way_20atts_0.1H_EDM-1_1,0.89,100,0.89,1.0,0.11,0.03095269203186035
GAMETES_Epistasis_2-Way_20atts_0.1H_EDM-1_1,0.89,100,0.89,1.0,0.11,0.025321245193481445
GAMETES_Epistasis_2-Way_20atts_0.1H_EDM-1_1,0.89,100,0.89,1.0,0.11,0.0005090236663818359
GAMETES_Epistasis_2-Way_20atts_0.1H_EDM-1_1,0.89,100,0.89,1.0,0.11,0.015624523162841797
GAMETES_Epistasis_2-Way_20atts_0.1H_EDM-1_1,0.95,100,0.95,1.0,0.05,0.015616655349731445
GAMETES_Epistasis_2-Way_20atts_0.1H_EDM-1_1,0.95,100,0.95,1.0,0.05,0.0
GAMETES_Epistasis_2-Way_20atts_0.1H_EDM-1_1,0.95,100,0.95,1.0,0.05,0.01563572883605957
GAMETES_Epistasis_2-Way_20atts_0.1H_EDM-1_1,0.95,100,0.95,0.0,0.95,0.015628814697265625
GAMETES_Epistasis_2-Way_20atts_0.1H_EDM-1_1,0.95,100,0.95,1.0,0.05,0.01616954803466797
GAMETES_Epistasis_2-Way_20atts_0.1H_EDM-1_1,0.95,100,0.95,1.0,0.05,0.016173362731933594
GAMETES_Epistasis_2-Way_20atts_0.1H_EDM-1_1,0.95,100,0.95,1.0,0.05,0.02002739906311035
GAMETES_Epistasis_2-Way_20atts_0.1H_EDM-1_1,0.95,100,0.95,1.0,0.05,0.010010957717895508
GAMETES_Epistasis_2-Way_20atts_0.1H_EDM-1_1,0.95,100,0.95,1.0,0.05,0.0025069713592529297
GAMETES_Epistasis_2-Way_20atts_0.1H_EDM-1_1,0.95,100,0.95,1.0,0.05,0.008601903915405273
GAMETES_Epistasis_2-Way_20atts_0.1H_EDM-1_1,1.0,100,1.0,1.0,0.0,0.015651226043701172
GAMETES_Epistasis_2-Way_20atts_0.1H_EDM-1_1,1.0,100,1.0,1.0,0.0,0.01571202278137207
GAMETES_Epistasis_2-Way_20atts_0.1H_EDM-1_1,1.0,100,1.0,1.0,0.0,0.015715360641479492
GAMETES_Epistasis_2-Way_20atts_0.1H_EDM-1_1,1.0,100,1.0,1.0,0.0,0.015708446502685547
GAMETES_Epistasis_2-Way_20atts_0.1H_EDM-1_1,1.0,100,1.0,1.0,0.0,0.015536069869995117
GAMETES_Epistasis_2-Way_20atts_0.1H_EDM-1_1,1.0,100,1.0,1.0,0.0,0.01698780059814453
GAMETES_Epistasis_2-Way_20atts_0.1H_EDM-1_1,1.0,100,1.0,1.0,0.0,0.02504420280456543
GAMETES_Epistasis_2-Way_20atts_0.1H_EDM-1_1,1.0,100,1.0,1.0,0.0,0.015017032623291016
GAMETES_Epistasis_2-Way_20atts_0.1H_EDM-1_1,1.0,100,1.0,1.0,0.0,0.015087366104125977
GAMETES_Epistasis_2-Way_20atts_0.1H_EDM-1_1,1.0,100,1.0,1.0,0.0,0.015006065368652344
GAMETES_Epistasis_2-Way_20atts_0.4H_EDM-1_1,0.0,100,0.0,0.0,0.0,0.016164064407348633
GAMETES_Epistasis_2-Way_20atts_0.4H_EDM-1_1,0.0,100,0.0,0.0,0.0,0.01716446876525879
GAMETES_Epistasis_2-Way_20atts_0.4H_EDM-1_1,0.0,100,0.0,0.0,0.0,0.005725383758544922
GAMETES_Epistasis_2-Way_20atts_0.4H_EDM-1_1,0.0,100,0.0,0.0,0.0,0.010356903076171875
GAMETES_Epistasis_2-Way_20atts_0.4H_EDM-1_1,0.0,100,0.0,0.0,0.0,0.00601959228515625
GAMETES_Epistasis_2-Way_20atts_0.4H_EDM-1_1,0.0,100,0.0,0.0,0.0,0.021391630172729492
GAMETES_Epistasis_2-Way_20atts_0.4H_EDM-1_1,0.0,100,0.0,0.0,0.0,0.024011850357055664
GAMETES_Epistasis_2-Way_20atts_0.4H_EDM-1_1,0.0,100,0.0,0.0,0.0,0.016582965850830078
GAMETES_Epistasis_2-Way_20atts_0.4H_EDM-1_1,0.0,100,0.0,0.0,0.0,0.017941713333129883
GAMETES_Epistasis_2-Way_20atts_0.4H_EDM-1_1,0.0,100,0.0,0.0,0.0,0.01891946792602539
GAMETES_Epistasis_2-Way_20atts_0.4H_EDM-1_1,0.05,100,0.05,0.0,0.05,0.01575469970703125
GAMETES_Epistasis_2-Way_20atts_0.4H_EDM-1_1,0.05,100,0.05,0.0,0.05,0.015627622604370117
GAMETES_Epistasis_2-Way_20atts_0.4H_EDM-1_1,0.05,100,0.05,0.0,0.05,0.025850772857666016
GAMETES_Epistasis_2-Way_20atts_0.4H_EDM-1_1,0.05,100,0.05,0.0,0.05,0.015621185302734375
GAMETES_Epistasis_2-Way_20atts_0.4H_EDM-1_1,0.05,100,0.05,0.0,0.05,0.015549182891845703
GAMETES_Epistasis_2-Way_20atts_0.4H_EDM-1_1,0.05,100,0.05,0.0,0.05,0.01563096046447754
GAMETES_Epistasis_2-Way_20atts_0.4H_EDM-1_1,0.05,100,0.05,0.0,0.05,0.0
GAMETES_Epistasis_2-Way_20atts_0.4H_EDM-1_1,0.05,100,0.05,0.0,0.05,0.015635251998901367
GAMETES_Epistasis_2-Way_20atts_0.4H_EDM-1_1,0.05,100,0.05,0.0,0.05,0.021780014038085938
GAMETES_Epistasis_2-Way_20atts_0.4H_EDM-1_1,0.05,100,0.05,0.0,0.05,0.01572871208190918
GAMETES_Epistasis_2-Way_20atts_0.4H_EDM-1_1,0.11,100,0.11,0.0,0.11,0.0019271373748779297
GAMETES_Epistasis_2-Way_20atts_0.4H_EDM-1_1,0.11,100,0.11,0.0,0.11,0.022593021392822266
GAMETES_Epistasis_2-Way_20atts_0.4H_EDM-1_1,0.11,100,0.11,0.0,0.11,0.0207064151763916
GAMETES_Epistasis_2-Way_20atts_0.4H_EDM-1_1,0.11,100,0.11,0.0,0.11,0.008132457733154297
GAMETES_Epistasis_2-Way_20atts_0.4H_EDM-1_1,0.11,100,0.11,0.0,0.11,0.008588790893554688
GAMETES_Epistasis_2-Way_20atts_0.4H_EDM-1_1,0.11,100,0.11,0.0,0.11,0.015708446502685547
GAMETES_Epistasis_2-Way_20atts_0.4H_EDM-1_1,0.11,100,0.11,0.0,0.11,0.0157167911529541
GAMETES_Epistasis_2-Way_20atts_0.4H_EDM-1_1,0.11,100,0.11,0.0,0.11,0.015712261199951172
GAMETES_Epistasis_2-Way_20atts_0.4H_EDM-1_1,0.11,100,0.11,0.0,0.11,0.0
GAMETES_Epistasis_2-Way_20atts_0.4H_EDM-1_1,0.11,100,0.11,0.0,0.11,0.024801969528198242
GAMETES_Epistasis_2-Way_20atts_0.4H_EDM-1_1,0.16,100,0.16,0.0,0.16,0.018311023712158203
GAMETES_Epistasis_2-Way_20atts_0.4H_EDM-1_1,0.16,100,0.16,0.0,0.16,0.015651941299438477
GAMETES_Epistasis_2-Way_20atts_0.4H_EDM-1_1,0.16,100,0.16,0.0,0.16,0.015628814697265625
GAMETES_Epistasis_2-Way_20atts_0.4H_EDM-1_1,0.16,100,0.16,0.0,0.16,0.015629053115844727
GAMETES_Epistasis_2-Way_20atts_0.4H_EDM-1_1,0.16,100,0.16,0.0,0.16,0.015622854232788086
GAMETES_Epistasis_2-Way_20atts_0.4H_EDM-1_1,0.16,100,0.16,0.0,0.16,0.015708446502685547
GAMETES_Epistasis_2-Way_20atts_0.4H_EDM-1_1,0.16,100,0.16,0.0,0.16,0.015083074569702148
GAMETES_Epistasis_2-Way_20atts_0.4H_EDM-1_1,0.16,100,0.16,0.0,0.16,0.0016503334045410156
GAMETES_Epistasis_2-Way_20atts_0.4H_EDM-1_1,0.16,100,0.16,0.0,0.16,0.005915641784667969
GAMETES_Epistasis_2-Way_20atts_0.4H_EDM-1_1,0.16,100,0.16,0.0,0.16,0.025345802307128906
GAMETES_Epistasis_2-Way_20atts_0.4H_EDM-1_1,0.21,100,0.21,0.0,0.21,0.01850414276123047
GAMETES_Epistasis_2-Way_20atts_0.4H_EDM-1_1,0.21,100,0.21,0.0,0.21,0.01562047004699707
GAMETES_Epistasis_2-Way_20atts_0.4H_EDM-1_1,0.21,100,0.21,0.0,0.21,0.015615701675415039
GAMETES_Epistasis_2-Way_20atts_0.4H_EDM-1_1,0.21,100,0.21,0.0,0.21,0.02149343490600586
GAMETES_Epistasis_2-Way_20atts_0.4H_EDM-1_1,0.21,100,0.21,0.0,0.21,0.015628337860107422
GAMETES_Epistasis_2-Way_20atts_0.4H_EDM-1_1,0.21,100,0.21,0.0,0.21,0.016639232635498047
GAMETES_Epistasis_2-Way_20atts_0.4H_EDM-1_1,0.21,100,0.21,0.0,0.21,0.004606962203979492
GAMETES_Epistasis_2-Way_20atts_0.4H_EDM-1_1,0.21,100,0.21,0.0,0.21,0.018297195434570312
GAMETES_Epistasis_2-Way_20atts_0.4H_EDM-1_1,0.21,100,0.21,0.0,0.21,0.014584779739379883
GAMETES_Epistasis_2-Way_20atts_0.4H_EDM-1_1,0.21,100,0.21,0.0,0.21,0.004926443099975586
GAMETES_Epistasis_2-Way_20atts_0.4H_EDM-1_1,0.26,100,0.26,0.0,0.26,0.022219181060791016
GAMETES_Epistasis_2-Way_20atts_0.4H_EDM-1_1,0.26,100,0.26,0.0,0.26,0.015725135803222656
GAMETES_Epistasis_2-Way_20atts_0.4H_EDM-1_1,0.26,100,0.26,0.0,0.26,0.015714406967163086
GAMETES_Epistasis_2-Way_20atts_0.4H_EDM-1_1,0.26,100,0.26,0.0,0.26,0.015628337860107422
GAMETES_Epistasis_2-Way_20atts_0.4H_EDM-1_1,0.26,100,0.26,0.0,0.26,0.015630006790161133
GAMETES_Epistasis_2-Way_20atts_0.4H_EDM-1_1,0.26,100,0.26,0.0,0.26,0.015721559524536133
GAMETES_Epistasis_2-Way_20atts_0.4H_EDM-1_1,0.26,100,0.26,0.0,0.26,0.003939390182495117
GAMETES_Epistasis_2-Way_20atts_0.4H_EDM-1_1,0.26,100,0.26,0.0,0.26,0.015717744827270508
GAMETES_Epistasis_2-Way_20atts_0.4H_EDM-1_1,0.26,100,0.26,0.0,0.26,0.0
GAMETES_Epistasis_2-Way_20atts_0.4H_EDM-1_1,0.26,100,0.26,0.0,0.26,0.015616178512573242
GAMETES_Epistasis_2-Way_20atts_0.4H_EDM-1_1,0.32,100,0.32,0.0,0.32,0.01563096046447754
GAMETES_Epistasis_2-Way_20atts_0.4H_EDM-1_1,0.32,100,0.32,0.0,0.32,0.01999831199645996
GAMETES_Epistasis_2-Way_20atts_0.4H_EDM-1_1,0.32,100,0.32,0.0,0.32,0.014040470123291016
GAMETES_Epistasis_2-Way_20atts_0.4H_EDM-1_1,0.32,100,0.32,0.0,0.32,0.01562786102294922
GAMETES_Epistasis_2-Way_20atts_0.4H_EDM-1_1,0.32,100,0.32,0.0,0.32,0.02213263511657715
GAMETES_Epistasis_2-Way_20atts_0.4H_EDM-1_1,0.32,100,0.32,0.0,0.32,0.010589122772216797
GAMETES_Epistasis_2-Way_20atts_0.4H_EDM-1_1,0.32,100,0.32,0.0,0.32,0.008588075637817383
GAMETES_Epistasis_2-Way_20atts_0.4H_EDM-1_1,0.32,100,0.32,0.0,0.32,0.015161514282226562
GAMETES_Epistasis_2-Way_20atts_0.4H_EDM-1_1,0.32,100,0.32,0.0,0.32,0.003869771957397461
GAMETES_Epistasis_2-Way_20atts_0.4H_EDM-1_1,0.32,100,0.32,0.0,0.32,0.02185535430908203
GAMETES_Epistasis_2-Way_20atts_0.4H_EDM-1_1,0.37,100,0.37,0.0,0.37,0.0
GAMETES_Epistasis_2-Way_20atts_0.4H_EDM-1_1,0.37,100,0.37,0.0,0.37,0.015631437301635742
GAMETES_Epistasis_2-Way_20atts_0.4H_EDM-1_1,0.37,100,0.37,0.0,0.37,0.015709400177001953
GAMETES_Epistasis_2-Way_20atts_0.4H_EDM-1_1,0.37,100,0.37,0.0,0.37,0.015635967254638672
GAMETES_Epistasis_2-Way_20atts_0.4H_EDM-1_1,0.37,100,0.37,0.0,0.37,0.026966333389282227
GAMETES_Epistasis_2-Way_20atts_0.4H_EDM-1_1,0.37,100,0.37,0.0,0.37,0.015713930130004883
GAMETES_Epistasis_2-Way_20atts_0.4H_EDM-1_1,0.37,100,0.37,0.0,0.37,0.01569962501525879
GAMETES_Epistasis_2-Way_20atts_0.4H_EDM-1_1,0.37,100,0.37,0.0,0.37,0.0
GAMETES_Epistasis_2-Way_20atts_0.4H_EDM-1_1,0.37,100,0.37,0.0,0.37,0.012324094772338867
GAMETES_Epistasis_2-Way_20atts_0.4H_EDM-1_1,0.37,100,0.37,0.0,0.37,0.014325141906738281
GAMETES_Epistasis_2-Way_20atts_0.4H_EDM-1_1,0.42,100,0.42,0.0,0.42,0.015621662139892578
GAMETES_Epistasis_2-Way_20atts_0.4H_EDM-1_1,0.42,100,0.42,0.0,0.42,0.015631914138793945
GAMETES_Epistasis_2-Way_20atts_0.4H_EDM-1_1,0.42,100,0.42,0.0,0.42,0.015624761581420898
GAMETES_Epistasis_2-Way_20atts_0.4H_EDM-1_1,0.42,100,0.42,0.0,0.42,0.015621185302734375
GAMETES_Epistasis_2-Way_20atts_0.4H_EDM-1_1,0.42,100,0.42,0.0,0.42,0.01822209358215332
GAMETES_Epistasis_2-Way_20atts_0.4H_EDM-1_1,0.42,100,0.42,0.0,0.42,0.019804716110229492
GAMETES_Epistasis_2-Way_20atts_0.4H_EDM-1_1,0.42,100,0.42,0.0,0.42,0.017293453216552734
GAMETES_Epistasis_2-Way_20atts_0.4H_EDM-1_1,0.42,100,0.42,0.0,0.42,0.015702247619628906
GAMETES_Epistasis_2-Way_20atts_0.4H_EDM-1_1,0.42,100,0.42,0.0,0.42,0.012129545211791992
GAMETES_Epistasis_2-Way_20atts_0.4H_EDM-1_1,0.42,100,0.42,0.0,0.42,0.016761302947998047
GAMETES_Epistasis_2-Way_20atts_0.4H_EDM-1_1,0.47,100,0.47,0.0,0.47,0.015712976455688477
GAMETES_Epistasis_2-Way_20atts_0.4H_EDM-1_1,0.47,100,0.47,0.0,0.47,0.01571345329284668
GAMETES_Epistasis_2-Way_20atts_0.4H_EDM-1_1,0.47,100,0.47,0.0,0.47,0.01315760612487793
GAMETES_Epistasis_2-Way_20atts_0.4H_EDM-1_1,0.47,100,0.47,0.0,0.47,0.015624284744262695
GAMETES_Epistasis_2-Way_20atts_0.4H_EDM-1_1,0.47,100,0.47,0.0,0.47,0.01570868492126465
GAMETES_Epistasis_2-Way_20atts_0.4H_EDM-1_1,0.47,100,0.47,0.0,0.47,0.015718460083007812
GAMETES_Epistasis_2-Way_20atts_0.4H_EDM-1_1,0.47,100,0.47,0.0,0.47,0.018134117126464844
GAMETES_Epistasis_2-Way_20atts_0.4H_EDM-1_1,0.47,100,0.47,0.0,0.47,0.0
GAMETES_Epistasis_2-Way_20atts_0.4H_EDM-1_1,0.47,100,0.47,0.0,0.47,0.02783989906311035
GAMETES_Epistasis_2-Way_20atts_0.4H_EDM-1_1,0.47,100,0.47,0.0,0.47,0.015621662139892578
GAMETES_Epistasis_2-Way_20atts_0.4H_EDM-1_1,0.53,100,0.53,0.0,0.53,0.0
GAMETES_Epistasis_2-Way_20atts_0.4H_EDM-1_1,0.53,100,0.53,0.0,0.53,0.007620811462402344
GAMETES_Epistasis_2-Way_20atts_0.4H_EDM-1_1,0.53,100,0.53,0.0,0.53,0.01570725440979004
GAMETES_Epistasis_2-Way_20atts_0.4H_EDM-1_1,0.53,100,0.53,0.0,0.53,0.015695571899414062
GAMETES_Epistasis_2-Way_20atts_0.4H_EDM-1_1,0.53,100,0.53,0.0,0.53,0.014028310775756836
GAMETES_Epistasis_2-Way_20atts_0.4H_EDM-1_1,0.53,100,0.53,0.0,0.53,0.015624523162841797
GAMETES_Epistasis_2-Way_20atts_0.4H_EDM-1_1,0.53,100,0.53,0.0,0.53,0.007551670074462891
GAMETES_Epistasis_2-Way_20atts_0.4H_EDM-1_1,0.53,100,0.53,0.0,0.53,0.01562666893005371
GAMETES_Epistasis_2-Way_20atts_0.4H_EDM-1_1,0.53,100,0.53,0.0,0.53,0.015720129013061523
GAMETES_Epistasis_2-Way_20atts_0.4H_EDM-1_1,0.53,100,0.53,0.0,0.53,0.00458073616027832
GAMETES_Epistasis_2-Way_20atts_0.4H_EDM-1_1,0.58,100,0.58,0.0,0.58,0.01508188247680664
GAMETES_Epistasis_2-Way_20atts_0.4H_EDM-1_1,0.58,100,0.58,0.0,0.58,0.015698909759521484
GAMETES_Epistasis_2-Way_20atts_0.4H_EDM-1_1,0.58,100,0.58,0.0,0.58,0.015012502670288086
GAMETES_Epistasis_2-Way_20atts_0.4H_EDM-1_1,0.58,100,0.58,0.0,0.58,0.010138511657714844
GAMETES_Epistasis_2-Way_20atts_0.4H_EDM-1_1,0.58,100,0.58,0.0,0.58,0.021193504333496094
GAMETES_Epistasis_2-Way_20atts_0.4H_EDM-1_1,0.58,100,0.58,0.0,0.58,0.01970815658569336
GAMETES_Epistasis_2-Way_20atts_0.4H_EDM-1_1,0.58,100,0.58,0.0,0.58,0.016164779663085938
GAMETES_Epistasis_2-Way_20atts_0.4H_EDM-1_1,0.58,100,0.58,0.0,0.58,0.004587411880493164
GAMETES_Epistasis_2-Way_20atts_0.4H_EDM-1_1,0.58,100,0.58,0.0,0.58,0.006583690643310547
GAMETES_Epistasis_2-Way_20atts_0.4H_EDM-1_1,0.58,100,0.58,0.0,0.58,0.014584779739379883
GAMETES_Epistasis_2-Way_20atts_0.4H_EDM-1_1,0.63,100,0.63,0.0,0.63,0.0
GAMETES_Epistasis_2-Way_20atts_0.4H_EDM-1_1,0.63,100,0.63,0.0,0.63,0.01569986343383789
GAMETES_Epistasis_2-Way_20atts_0.4H_EDM-1_1,0.63,100,0.63,0.0,0.63,0.0018506050109863281
GAMETES_Epistasis_2-Way_20atts_0.4H_EDM-1_1,0.63,100,0.63,0.0,0.63,0.029195547103881836
GAMETES_Epistasis_2-Way_20atts_0.4H_EDM-1_1,0.63,100,0.63,0.0,0.63,0.015619277954101562
GAMETES_Epistasis_2-Way_20atts_0.4H_EDM-1_1,0.63,100,0.63,0.0,0.63,0.0
GAMETES_Epistasis_2-Way_20atts_0.4H_EDM-1_1,0.63,100,0.63,0.0,0.63,0.015715837478637695
GAMETES_Epistasis_2-Way_20atts_0.4H_EDM-1_1,0.63,100,0.63,0.0,0.63,0.01562666893005371
GAMETES_Epistasis_2-Way_20atts_0.4H_EDM-1_1,0.63,100,0.63,0.0,0.63,0.005183696746826172
GAMETES_Epistasis_2-Way_20atts_0.4H_EDM-1_1,0.63,100,0.63,0.0,0.63,0.015714645385742188
GAMETES_Epistasis_2-Way_20atts_0.4H_EDM-1_1,0.68,100,0.68,0.0,0.68,0.015081405639648438
GAMETES_Epistasis_2-Way_20atts_0.4H_EDM-1_1,0.68,100,0.68,0.0,0.68,0.0010612010955810547
GAMETES_Epistasis_2-Way_20atts_0.4H_EDM-1_1,0.68,100,0.68,0.0,0.68,0.0008854866027832031
GAMETES_Epistasis_2-Way_20atts_0.4H_EDM-1_1,0.68,100,0.68,0.0,0.68,0.01073598861694336
GAMETES_Epistasis_2-Way_20atts_0.4H_EDM-1_1,0.68,100,0.68,0.0,0.68,0.022574424743652344
GAMETES_Epistasis_2-Way_20atts_0.4H_EDM-1_1,0.68,100,0.68,0.0,0.68,0.018241167068481445
GAMETES_Epistasis_2-Way_20atts_0.4H_EDM-1_1,0.68,100,0.68,0.0,0.68,0.0160830020904541
GAMETES_Epistasis_2-Way_20atts_0.4H_EDM-1_1,0.68,100,0.68,0.0,0.68,0.0030913352966308594
GAMETES_Epistasis_2-Way_20atts_0.4H_EDM-1_1,0.68,100,0.68,0.0,0.68,0.011585235595703125
GAMETES_Epistasis_2-Way_20atts_0.4H_EDM-1_1,0.68,100,0.68,0.0,0.68,0.015711307525634766
GAMETES_Epistasis_2-Way_20atts_0.4H_EDM-1_1,0.74,100,0.74,0.0,0.74,0.020629405975341797
GAMETES_Epistasis_2-Way_20atts_0.4H_EDM-1_1,0.74,100,0.74,0.0,0.74,0.005982875823974609
GAMETES_Epistasis_2-Way_20atts_0.4H_EDM-1_1,0.74,100,0.74,0.0,0.74,0.012240886688232422
GAMETES_Epistasis_2-Way_20atts_0.4H_EDM-1_1,0.74,100,0.74,0.0,0.74,0.01561880111694336
GAMETES_Epistasis_2-Way_20atts_0.4H_EDM-1_1,0.74,100,0.74,0.0,0.74,0.003949880599975586
GAMETES_Epistasis_2-Way_20atts_0.4H_EDM-1_1,0.74,100,0.74,0.0,0.74,0.014972448348999023
GAMETES_Epistasis_2-Way_20atts_0.4H_EDM-1_1,0.74,100,0.74,0.0,0.74,0.015618324279785156
GAMETES_Epistasis_2-Way_20atts_0.4H_EDM-1_1,0.74,100,0.74,0.0,0.74,0.01576066017150879
GAMETES_Epistasis_2-Way_20atts_0.4H_EDM-1_1,0.74,100,0.74,0.0,0.74,0.015630245208740234
GAMETES_Epistasis_2-Way_20atts_0.4H_EDM-1_1,0.74,100,0.74,0.0,0.74,0.015712499618530273
GAMETES_Epistasis_2-Way_20atts_0.4H_EDM-1_1,0.79,100,0.79,0.0,0.79,0.01508188247680664
GAMETES_Epistasis_2-Way_20atts_0.4H_EDM-1_1,0.79,100,0.79,0.0,0.79,0.011075735092163086
GAMETES_Epistasis_2-Way_20atts_0.4H_EDM-1_1,0.79,100,0.79,0.0,0.79,0.026314735412597656
GAMETES_Epistasis_2-Way_20atts_0.4H_EDM-1_1,0.79,100,0.79,0.0,0.79,0.02147674560546875
GAMETES_Epistasis_2-Way_20atts_0.4H_EDM-1_1,0.79,100,0.79,0.0,0.79,0.01848435401916504
GAMETES_Epistasis_2-Way_20atts_0.4H_EDM-1_1,0.79,100,0.79,0.0,0.79,0.02321147918701172
GAMETES_Epistasis_2-Way_20atts_0.4H_EDM-1_1,0.79,100,0.79,0.0,0.79,0.02071213722229004
GAMETES_Epistasis_2-Way_20atts_0.4H_EDM-1_1,0.79,100,0.79,0.0,0.79,0.016160964965820312
GAMETES_Epistasis_2-Way_20atts_0.4H_EDM-1_1,0.79,100,0.79,0.0,0.79,0.0
GAMETES_Epistasis_2-Way_20atts_0.4H_EDM-1_1,0.79,100,0.79,0.0,0.79,0.01058197021484375
GAMETES_Epistasis_2-Way_20atts_0.4H_EDM-1_1,0.84,100,0.84,0.0,0.84,0.015709638595581055
GAMETES_Epistasis_2-Way_20atts_0.4H_EDM-1_1,0.84,100,0.84,0.0,0.84,0.0
GAMETES_Epistasis_2-Way_20atts_0.4H_EDM-1_1,0.84,100,0.84,0.0,0.84,0.01563096046447754
GAMETES_Epistasis_2-Way_20atts_0.4H_EDM-1_1,0.84,100,0.84,0.0,0.84,0.015633583068847656
GAMETES_Epistasis_2-Way_20atts_0.4H_EDM-1_1,0.84,100,0.84,0.0,0.84,0.015716552734375
GAMETES_Epistasis_2-Way_20atts_0.4H_EDM-1_1,0.84,100,0.84,0.0,0.84,0.015080928802490234
GAMETES_Epistasis_2-Way_20atts_0.4H_EDM-1_1,0.84,100,0.84,0.0,0.84,0.0038802623748779297
GAMETES_Epistasis_2-Way_20atts_0.4H_EDM-1_1,0.84,100,0.84,0.0,0.84,0.014252662658691406
GAMETES_Epistasis_2-Way_20atts_0.4H_EDM-1_1,0.84,100,0.84,0.0,0.84,0.01008749008178711
GAMETES_Epistasis_2-Way_20atts_0.4H_EDM-1_1,0.84,100,0.84,0.0,0.84,0.02371525764465332
GAMETES_Epistasis_2-Way_20atts_0.4H_EDM-1_1,0.89,100,0.89,0.0,0.89,0.016114473342895508
GAMETES_Epistasis_2-Way_20atts_0.4H_EDM-1_1,0.89,100,0.89,0.0,0.89,0.012506484985351562
GAMETES_Epistasis_2-Way_20atts_0.4H_EDM-1_1,0.89,100,0.89,0.0,0.89,0.015007257461547852
GAMETES_Epistasis_2-Way_20atts_0.4H_EDM-1_1,0.89,100,0.89,0.0,0.89,0.01563239097595215
GAMETES_Epistasis_2-Way_20atts_0.4H_EDM-1_1,0.89,100,0.89,0.0,0.89,0.01076817512512207
GAMETES_Epistasis_2-Way_20atts_0.4H_EDM-1_1,0.89,100,0.89,0.0,0.89,0.01563405990600586
GAMETES_Epistasis_2-Way_20atts_0.4H_EDM-1_1,0.89,100,0.89,0.0,0.89,0.015006780624389648
GAMETES_Epistasis_2-Way_20atts_0.4H_EDM-1_1,0.89,100,0.89,0.0,0.89,0.012613296508789062
GAMETES_Epistasis_2-Way_20atts_0.4H_EDM-1_1,0.89,100,0.89,0.0,0.89,0.025102615356445312
GAMETES_Epistasis_2-Way_20atts_0.4H_EDM-1_1,0.89,100,0.89,0.0,0.89,0.018721580505371094
GAMETES_Epistasis_2-Way_20atts_0.4H_EDM-1_1,0.95,100,0.95,0.0,0.95,0.01744818687438965
GAMETES_Epistasis_2-Way_20atts_0.4H_EDM-1_1,0.95,100,0.95,0.0,0.95,0.0
GAMETES_Epistasis_2-Way_20atts_0.4H_EDM-1_1,0.95,100,0.95,0.0,0.95,0.015622138977050781
GAMETES_Epistasis_2-Way_20atts_0.4H_EDM-1_1,0.95,100,0.95,0.0,0.95,0.0
GAMETES_Epistasis_2-Way_20atts_0.4H_EDM-1_1,0.95,100,0.95,0.0,0.95,0.01562047004699707
GAMETES_Epistasis_2-Way_20atts_0.4H_EDM-1_1,0.95,100,0.95,0.0,0.95,0.014961957931518555
GAMETES_Epistasis_2-Way_20atts_0.4H_EDM-1_1,0.95,100,0.95,0.0,0.95,0.016017436981201172
GAMETES_Epistasis_2-Way_20atts_0.4H_EDM-1_1,0.95,100,0.95,0.0,0.95,0.0030083656311035156
GAMETES_Epistasis_2-Way_20atts_0.4H_EDM-1_1,0.95,100,0.95,0.0,0.95,0.01563429832458496
GAMETES_Epistasis_2-Way_20atts_0.4H_EDM-1_1,0.95,100,0.95,0.0,0.95,0.015009880065917969
GAMETES_Epistasis_2-Way_20atts_0.4H_EDM-1_1,1.0,100,1.0,0.0,1.0,0.015084028244018555
GAMETES_Epistasis_2-Way_20atts_0.4H_EDM-1_1,1.0,100,1.0,0.0,1.0,0.015867948532104492
GAMETES_Epistasis_2-Way_20atts_0.4H_EDM-1_1,1.0,100,1.0,0.0,1.0,0.015711069107055664
GAMETES_Epistasis_2-Way_20atts_0.4H_EDM-1_1,1.0,100,1.0,0.0,1.0,0.015621185302734375
GAMETES_Epistasis_2-Way_20atts_0.4H_EDM-1_1,1.0,100,1.0,0.0,1.0,0.01563549041748047
GAMETES_Epistasis_2-Way_20atts_0.4H_EDM-1_1,1.0,100,1.0,0.0,1.0,0.015626192092895508
GAMETES_Epistasis_2-Way_20atts_0.4H_EDM-1_1,1.0,100,1.0,0.0,1.0,0.0
GAMETES_Epistasis_2-Way_20atts_0.4H_EDM-1_1,1.0,100,1.0,0.0,1.0,0.015715837478637695
GAMETES_Epistasis_2-Way_20atts_0.4H_EDM-1_1,1.0,100,1.0,0.0,1.0,0.015697717666625977
GAMETES_Epistasis_2-Way_20atts_0.4H_EDM-1_1,1.0,100,1.0,0.0,1.0,0.0
gina_agnostic,0.0,100,0.0,0.0,0.0,0.027988433837890625
gina_agnostic,0.0,100,0.0,0.0,0.0,0.0
gina_agnostic,0.0,100,0.0,0.0,0.0,0.015700101852416992
gina_agnostic,0.0,100,0.0,0.0,0.0,0.00859522819519043
gina_agnostic,0.0,100,0.0,0.0,0.0,0.01562809944152832
gina_agnostic,0.0,100,0.0,0.0,0.0,0.012227773666381836
gina_agnostic,0.0,100,0.0,0.05,0.05,0.01563858985900879
gina_agnostic,0.0,100,0.0,0.0,0.0,0.011152267456054688
gina_agnostic,0.0,100,0.0,0.0,0.0,0.014625072479248047
gina_agnostic,0.0,100,0.0,0.02,0.02,0.015081167221069336
gina_agnostic,0.05,100,0.05,0.03,0.02,0.015707731246948242
gina_agnostic,0.05,100,0.05,0.09,0.04,0.015708446502685547
gina_agnostic,0.05,100,0.05,0.07,0.02,0.009017467498779297
gina_agnostic,0.05,100,0.05,0.1,0.05,0.015615463256835938
gina_agnostic,0.05,100,0.05,0.05,0.0,0.015709638595581055
gina_agnostic,0.05,100,0.05,0.0,0.05,0.015627145767211914
gina_agnostic,0.05,100,0.05,0.1,0.05,0.01571488380432129
gina_agnostic,0.05,100,0.05,0.07,0.02,0.017310380935668945
gina_agnostic,0.05,100,0.05,0.03,0.02,0.0
gina_agnostic,0.05,100,0.05,0.06,0.01,0.0
gina_agnostic,0.11,100,0.11,0.05,0.06,0.0157167911529541
gina_agnostic,0.11,100,0.11,0.13,0.02,0.015697956085205078
gina_agnostic,0.11,100,0.11,0.08,0.03,0.015625
gina_agnostic,0.11,100,0.11,0.11,0.0,0.01562666893005371
gina_agnostic,0.11,100,0.11,0.1,0.01,0.018041372299194336
gina_agnostic,0.11,100,0.11,0.09,0.02,0.0
gina_agnostic,0.11,100,0.11,0.14,0.03,0.012007951736450195
gina_agnostic,0.11,100,0.11,0.12,0.01,0.0
gina_agnostic,0.11,100,0.11,0.03,0.08,0.0
gina_agnostic,0.11,100,0.11,0.09,0.02,0.015007972717285156
gina_agnostic,0.16,100,0.16,0.19,0.03,0.015628576278686523
gina_agnostic,0.16,100,0.16,0.15,0.01,0.006508827209472656
gina_agnostic,0.16,100,0.16,0.17,0.01,0.015511035919189453
gina_agnostic,0.16,100,0.16,0.17,0.01,0.014423370361328125
gina_agnostic,0.16,100,0.16,0.17,0.01,0.01562809944152832
gina_agnostic,0.16,100,0.16,0.17,0.01,0.001995563507080078
gina_agnostic,0.16,100,0.16,0.12,0.04,0.012508630752563477
gina_agnostic,0.16,100,0.16,0.18,0.02,0.01603412628173828
gina_agnostic,0.16,100,0.16,0.15,0.01,0.018058061599731445
gina_agnostic,0.16,100,0.16,0.14,0.02,0.015637874603271484
gina_agnostic,0.21,100,0.21,0.19,0.02,0.0
gina_agnostic,0.21,100,0.21,0.21,0.0,0.013581991195678711
gina_agnostic,0.21,100,0.21,0.2,0.01,0.015041351318359375
gina_agnostic,0.21,100,0.21,0.23,0.02,0.02478647232055664
gina_agnostic,0.21,100,0.21,0.23,0.02,0.004853248596191406
gina_agnostic,0.21,100,0.21,0.25,0.04,0.015718460083007812
gina_agnostic,0.21,100,0.21,0.19,0.02,0.015574932098388672
gina_agnostic,0.21,100,0.21,0.25,0.04,0.015619993209838867
gina_agnostic,0.21,100,0.21,0.19,0.02,0.01476144790649414
gina_agnostic,0.21,100,0.21,0.19,0.02,0.015629291534423828
gina_agnostic,0.26,100,0.26,0.22,0.04,0.0
gina_agnostic,0.26,100,0.26,0.25,0.01,0.0156705379486084
gina_agnostic,0.26,100,0.26,0.25,0.01,0.015836477279663086
gina_agnostic,0.26,100,0.26,0.24,0.02,0.024962425231933594
gina_agnostic,0.26,100,0.26,0.25,0.01,0.01562976837158203
gina_agnostic,0.26,100,0.26,0.26,0.0,0.0
gina_agnostic,0.26,100,0.26,0.33,0.07,0.013588905334472656
gina_agnostic,0.26,100,0.26,0.27,0.01,0.015629291534423828
gina_agnostic,0.26,100,0.26,0.3,0.04,0.005976676940917969
gina_agnostic,0.26,100,0.26,0.23,0.03,0.01571798324584961
gina_agnostic,0.32,100,0.32,0.32,0.0,0.0030870437622070312
gina_agnostic,0.32,100,0.32,0.29,0.03,0.023415803909301758
gina_agnostic,0.32,100,0.32,0.36,0.04,0.015612125396728516
gina_agnostic,0.32,100,0.32,0.32,0.0,0.015706777572631836
gina_agnostic,0.32,100,0.32,0.37,0.05,0.01570868492126465
gina_agnostic,0.32,100,0.32,0.31,0.01,0.016168594360351562
gina_agnostic,0.32,100,0.32,0.28,0.04,0.024842023849487305
gina_agnostic,0.32,100,0.32,0.26,0.06,0.02423262596130371
gina_agnostic,0.32,100,0.32,0.3,0.02,0.015080690383911133
gina_agnostic,0.32,100,0.32,0.23,0.09,0.0
gina_agnostic,0.37,100,0.37,0.39,0.02,0.016176223754882812
gina_agnostic,0.37,100,0.37,0.4,0.03,0.028925418853759766
gina_agnostic,0.37,100,0.37,0.33,0.04,0.015639543533325195
gina_agnostic,0.37,100,0.37,0.37,0.0,0.015619039535522461
gina_agnostic,0.37,100,0.37,0.34,0.03,0.01650404930114746
gina_agnostic,0.37,100,0.37,0.32,0.05,0.015581130981445312
gina_agnostic,0.37,100,0.37,0.32,0.05,0.011183500289916992
gina_agnostic,0.37,100,0.37,0.33,0.04,0.01562643051147461
gina_agnostic,0.37,100,0.37,0.33,0.04,0.015079259872436523
gina_agnostic,0.37,100,0.37,0.26,0.11,0.01508641242980957
gina_agnostic,0.42,100,0.42,0.44,0.02,0.015081167221069336
gina_agnostic,0.42,100,0.42,0.44,0.02,0.015623807907104492
gina_agnostic,0.42,100,0.42,0.44,0.02,0.015638351440429688
gina_agnostic,0.42,100,0.42,0.4,0.02,0.025039196014404297
gina_agnostic,0.42,100,0.42,0.44,0.02,0.0015113353729248047
gina_agnostic,0.42,100,0.42,0.36,0.06,0.015074491500854492
gina_agnostic,0.42,100,0.42,0.49,0.07,0.01562786102294922
gina_agnostic,0.42,100,0.42,0.47,0.05,0.01562786102294922
gina_agnostic,0.42,100,0.42,0.45,0.03,0.0038962364196777344
gina_agnostic,0.42,100,0.42,0.47,0.05,0.016170501708984375
gina_agnostic,0.47,100,0.47,0.52,0.05,0.015738964080810547
gina_agnostic,0.47,100,0.47,0.49,0.02,0.01918506622314453
gina_agnostic,0.47,100,0.47,0.51,0.04,0.02883315086364746
gina_agnostic,0.47,100,0.47,0.44,0.03,0.015078306198120117
gina_agnostic,0.47,100,0.47,0.51,0.04,0.003089427947998047
gina_agnostic,0.47,100,0.47,0.41,0.06,0.015626907348632812
gina_agnostic,0.47,100,0.47,0.48,0.01,0.026884794235229492
gina_agnostic,0.47,100,0.47,0.49,0.02,0.025735139846801758
gina_agnostic,0.47,100,0.47,0.48,0.01,0.01569986343383789
gina_agnostic,0.47,100,0.47,0.48,0.01,0.013087272644042969
gina_agnostic,0.53,100,0.53,0.53,0.0,0.015078306198120117
gina_agnostic,0.53,100,0.53,0.54,0.01,0.029854774475097656
gina_agnostic,0.53,100,0.53,0.58,0.05,0.01571369171142578
gina_agnostic,0.53,100,0.53,0.52,0.01,0.007245302200317383
gina_agnostic,0.53,100,0.53,0.59,0.06,0.01562952995300293
gina_agnostic,0.53,100,0.53,0.55,0.02,0.015706777572631836
gina_agnostic,0.53,100,0.53,0.53,0.0,0.015622615814208984
gina_agnostic,0.53,100,0.53,0.55,0.02,0.01570868492126465
gina_agnostic,0.53,100,0.53,0.51,0.02,0.018996715545654297
gina_agnostic,0.53,100,0.53,0.56,0.03,0.015629053115844727
gina_agnostic,0.58,100,0.58,0.52,0.06,0.010152578353881836
gina_agnostic,0.58,100,0.58,0.6,0.02,0.015628337860107422
gina_agnostic,0.58,100,0.58,0.57,0.01,0.015707969665527344
gina_agnostic,0.58,100,0.58,0.66,0.08,0.01608896255493164
gina_agnostic,0.58,100,0.58,0.61,0.03,0.015086889266967773
gina_agnostic,0.58,100,0.58,0.67,0.09,0.028236865997314453
gina_agnostic,0.58,100,0.58,0.61,0.03,0.015078544616699219
gina_agnostic,0.58,100,0.58,0.6,0.02,0.022947072982788086
gina_agnostic,0.58,100,0.58,0.6,0.02,0.01616501808166504
gina_agnostic,0.58,100,0.58,0.58,0.0,0.015740394592285156
gina_agnostic,0.63,100,0.63,0.65,0.02,0.015548944473266602
gina_agnostic,0.63,100,0.63,0.66,0.03,0.01562809944152832
gina_agnostic,0.63,100,0.63,0.62,0.01,0.01250767707824707
gina_agnostic,0.63,100,0.63,0.62,0.01,0.023209571838378906
gina_agnostic,0.63,100,0.63,0.67,0.04,0.0
gina_agnostic,0.63,100,0.63,0.67,0.04,0.018323659896850586
gina_agnostic,0.63,100,0.63,0.62,0.01,0.02858734130859375
gina_agnostic,0.63,100,0.63,0.68,0.05,0.016167640686035156
gina_agnostic,0.63,100,0.63,0.55,0.08,0.015624761581420898
gina_agnostic,0.63,100,0.63,0.58,0.05,0.015621185302734375
gina_agnostic,0.68,100,0.68,0.62,0.06,0.01563096046447754
gina_agnostic,0.68,100,0.68,0.7,0.02,0.01670527458190918
gina_agnostic,0.68,100,0.68,0.58,0.1,0.015635013580322266
gina_agnostic,0.68,100,0.68,0.76,0.08,0.012193679809570312
gina_agnostic,0.68,100,0.68,0.68,0.0,0.0156404972076416
gina_agnostic,0.68,100,0.68,0.68,0.0,0.0
gina_agnostic,0.68,100,0.68,0.73,0.05,0.015625953674316406
gina_agnostic,0.68,100,0.68,0.72,0.04,0.0058820247650146484
gina_agnostic,0.68,100,0.68,0.74,0.06,0.015631914138793945
gina_agnostic,0.68,100,0.68,0.7,0.02,0.015706300735473633
gina_agnostic,0.74,100,0.74,0.73,0.01,0.016164779663085938
gina_agnostic,0.74,100,0.74,0.68,0.06,0.015703201293945312
gina_agnostic,0.74,100,0.74,0.77,0.03,0.018597126007080078
gina_agnostic,0.74,100,0.74,0.66,0.08,0.015625476837158203
gina_agnostic,0.74,100,0.74,0.72,0.02,0.016961336135864258
gina_agnostic,0.74,100,0.74,0.73,0.01,0.022696971893310547
gina_agnostic,0.74,100,0.74,0.79,0.05,0.015709638595581055
gina_agnostic,0.74,100,0.74,0.78,0.04,0.0184633731842041
gina_agnostic,0.74,100,0.74,0.76,0.02,0.015720844268798828
gina_agnostic,0.74,100,0.74,0.72,0.02,0.010355710983276367
gina_agnostic,0.79,100,0.79,0.78,0.01,0.01561880111694336
gina_agnostic,0.79,100,0.79,0.77,0.02,0.015707015991210938
gina_agnostic,0.79,100,0.79,0.81,0.02,0.025113821029663086
gina_agnostic,0.79,100,0.79,0.88,0.09,0.02527308464050293
gina_agnostic,0.79,100,0.79,0.78,0.01,0.015720605850219727
gina_agnostic,0.79,100,0.79,0.89,0.1,0.015625476837158203
gina_agnostic,0.79,100,0.79,0.74,0.05,0.009275436401367188
gina_agnostic,0.79,100,0.79,0.84,0.05,0.00851297378540039
gina_agnostic,0.79,100,0.79,0.88,0.09,0.019669294357299805
gina_agnostic,0.79,100,0.79,0.83,0.04,0.015007972717285156
gina_agnostic,0.84,100,0.84,0.9,0.06,0.015625953674316406
gina_agnostic,0.84,100,0.84,0.84,0.0,0.015636205673217773
gina_agnostic,0.84,100,0.84,0.85,0.01,0.014016151428222656
gina_agnostic,0.84,100,0.84,0.83,0.01,0.020711421966552734
gina_agnostic,0.84,100,0.84,0.87,0.03,0.0029010772705078125
gina_agnostic,0.84,100,0.84,0.85,0.01,0.015628337860107422
gina_agnostic,0.84,100,0.84,0.82,0.02,0.015080928802490234
gina_agnostic,0.84,100,0.84,0.82,0.02,0.009583234786987305
gina_agnostic,0.84,100,0.84,0.79,0.05,0.02730107307434082
gina_agnostic,0.84,100,0.84,0.85,0.01,0.024994850158691406
gina_agnostic,0.89,100,0.89,0.93,0.04,0.015625
gina_agnostic,0.89,100,0.89,0.9,0.01,0.015629053115844727
gina_agnostic,0.89,100,0.89,0.89,0.0,0.019551992416381836
gina_agnostic,0.89,100,0.89,0.9,0.01,0.018527746200561523
gina_agnostic,0.89,100,0.89,0.9,0.01,0.0
gina_agnostic,0.89,100,0.89,0.92,0.03,0.01255488395690918
gina_agnostic,0.89,100,0.89,0.85,0.04,0.015619516372680664
gina_agnostic,0.89,100,0.89,0.9,0.01,0.016016006469726562
gina_agnostic,0.89,100,0.89,0.95,0.06,0.016433238983154297
gina_agnostic,0.89,100,0.89,0.88,0.01,0.015625953674316406
gina_agnostic,0.95,100,0.95,0.96,0.01,0.01562666893005371
gina_agnostic,0.95,100,0.95,0.85,0.1,0.0
gina_agnostic,0.95,100,0.95,1.0,0.05,0.014508724212646484
gina_agnostic,0.95,100,0.95,0.91,0.04,0.007623195648193359
gina_agnostic,0.95,100,0.95,0.93,0.02,0.01562666893005371
gina_agnostic,0.95,100,0.95,0.92,0.03,0.015633344650268555
gina_agnostic,0.95,100,0.95,0.97,0.02,0.01713418960571289
gina_agnostic,0.95,100,0.95,1.0,0.05,0.015619754791259766
gina_agnostic,0.95,100,0.95,1.0,0.05,0.014995336532592773
gina_agnostic,0.95,100,0.95,0.97,0.02,0.0
gina_agnostic,1.0,100,1.0,0.97,0.03,0.015077829360961914
gina_agnostic,1.0,100,1.0,1.0,0.0,0.020215272903442383
gina_agnostic,1.0,100,1.0,1.0,0.0,0.015628814697265625
gina_agnostic,1.0,100,1.0,0.97,0.03,0.022439002990722656
gina_agnostic,1.0,100,1.0,0.97,0.03,0.028968095779418945
gina_agnostic,1.0,100,1.0,1.0,0.0,0.012007713317871094
gina_agnostic,1.0,100,1.0,1.0,0.0,0.021474838256835938
gina_agnostic,1.0,100,1.0,1.0,0.0,0.01562643051147461
gina_agnostic,1.0,100,1.0,1.0,0.0,0.022429466247558594
gina_agnostic,1.0,100,1.0,0.98,0.02,0.009081125259399414
kin8nm,0.0,100,0.0,0.11,0.11,0.026449203491210938
kin8nm,0.0,100,0.0,0.14,0.14,0.028565168380737305
kin8nm,0.0,100,0.0,0.09,0.09,0.026175975799560547
kin8nm,0.0,100,0.0,0.0,0.0,0.012293100357055664
kin8nm,0.0,100,0.0,0.0,0.0,0.015547990798950195
kin8nm,0.0,100,0.0,0.02,0.02,0.015722274780273438
kin8nm,0.0,100,0.0,0.0,0.0,0.009350776672363281
kin8nm,0.0,100,0.0,0.0,0.0,0.015618085861206055
kin8nm,0.0,100,0.0,0.0,0.0,0.015618324279785156
kin8nm,0.0,100,0.0,0.0,0.0,0.01571059226989746
kin8nm,0.05,100,0.05,0.02,0.03,0.015628576278686523
kin8nm,0.05,100,0.05,0.02,0.03,0.018568754196166992
kin8nm,0.05,100,0.05,0.09,0.04,0.01112508773803711
kin8nm,0.05,100,0.05,0.09,0.04,0.0
kin8nm,0.05,100,0.05,0.0,0.05,0.015722990036010742
kin8nm,0.05,100,0.05,0.04,0.01,0.015619277954101562
kin8nm,0.05,100,0.05,0.0,0.05,0.021230220794677734
kin8nm,0.05,100,0.05,0.18,0.13,0.01760101318359375
kin8nm,0.05,100,0.05,0.12,0.07,0.0
kin8nm,0.05,100,0.05,0.06,0.01,0.012093067169189453
kin8nm,0.11,100,0.11,0.11,0.0,0.005587577819824219
kin8nm,0.11,100,0.11,0.11,0.0,0.01563429832458496
kin8nm,0.11,100,0.11,0.13,0.02,0.01563286781311035
kin8nm,0.11,100,0.11,0.09,0.02,0.015628576278686523
kin8nm,0.11,100,0.11,0.09,0.02,0.008007526397705078
kin8nm,0.11,100,0.11,0.12,0.01,0.014484643936157227
kin8nm,0.11,100,0.11,0.1,0.01,0.015631914138793945
kin8nm,0.11,100,0.11,0.0,0.11,0.015712499618530273
kin8nm,0.11,100,0.11,0.14,0.03,0.015715360641479492
kin8nm,0.11,100,0.11,0.12,0.01,0.016881942749023438
kin8nm,0.16,100,0.16,0.21,0.05,0.02006840705871582
kin8nm,0.16,100,0.16,0.23,0.07,0.023052453994750977
kin8nm,0.16,100,0.16,0.17,0.01,0.025846004486083984
kin8nm,0.16,100,0.16,0.21,0.05,0.017592668533325195
kin8nm,0.16,100,0.16,0.13,0.03,0.01078939437866211
kin8nm,0.16,100,0.16,0.17,0.01,0.010239839553833008
kin8nm,0.16,100,0.16,0.17,0.01,0.01568889617919922
kin8nm,0.16,100,0.16,0.24,0.08,0.01571035385131836
kin8nm,0.16,100,0.16,0.23,0.07,0.01562666893005371
kin8nm,0.16,100,0.16,0.18,0.02,0.016167640686035156
kin8nm,0.21,100,0.21,0.14,0.07,0.015629291534423828
kin8nm,0.21,100,0.21,0.21,0.0,0.01508021354675293
kin8nm,0.21,100,0.21,0.14,0.07,0.014558553695678711
kin8nm,0.21,100,0.21,0.36,0.15,0.015627145767211914
kin8nm,0.21,100,0.21,0.23,0.02,0.019381046295166016
kin8nm,0.21,100,0.21,0.21,0.0,0.00667881965637207
kin8nm,0.21,100,0.21,0.3,0.09,0.015007257461547852
kin8nm,0.21,100,0.21,0.29,0.08,0.015007972717285156
kin8nm,0.21,100,0.21,0.06,0.15,0.015633821487426758
kin8nm,0.21,100,0.21,0.24,0.03,0.009007453918457031
kin8nm,0.26,100,0.26,0.13,0.13,0.015628814697265625
kin8nm,0.26,100,0.26,0.26,0.0,0.01563096046447754
kin8nm,0.26,100,0.26,0.28,0.02,0.0
kin8nm,0.26,100,0.26,0.29,0.03,0.012401103973388672
kin8nm,0.26,100,0.26,0.27,0.01,0.01562809944152832
kin8nm,0.26,100,0.26,0.17,0.09,0.015647172927856445
kin8nm,0.26,100,0.26,0.34,0.08,0.012507200241088867
kin8nm,0.26,100,0.26,0.36,0.1,0.01563239097595215
kin8nm,0.26,100,0.26,0.3,0.04,0.01870107650756836
kin8nm,0.26,100,0.26,0.23,0.03,0.005161285400390625
kin8nm,0.32,100,0.32,0.3,0.02,0.015623807907104492
kin8nm,0.32,100,0.32,0.33,0.01,0.018745899200439453
kin8nm,0.32,100,0.32,0.28,0.04,0.015625476837158203
kin8nm,0.32,100,0.32,0.28,0.04,0.023106813430786133
kin8nm,0.32,100,0.32,0.26,0.06,0.01426553726196289
kin8nm,0.32,100,0.32,0.3,0.02,0.014289379119873047
kin8nm,0.32,100,0.32,0.21,0.11,0.021338939666748047
kin8nm,0.32,100,0.32,0.35,0.03,0.01253199577331543
kin8nm,0.32,100,0.32,0.36,0.04,0.014248371124267578
kin8nm,0.32,100,0.32,0.22,0.1,0.012384891510009766
kin8nm,0.37,100,0.37,0.3,0.07,0.01569843292236328
kin8nm,0.37,100,0.37,0.4,0.03,0.015078067779541016
kin8nm,0.37,100,0.37,0.36,0.01,0.015707731246948242
kin8nm,0.37,100,0.37,0.3,0.07,0.015710115432739258
kin8nm,0.37,100,0.37,0.38,0.01,0.015627145767211914
kin8nm,0.37,100,0.37,0.4,0.03,0.018381595611572266
kin8nm,0.37,100,0.37,0.5,0.13,0.015628814697265625
kin8nm,0.37,100,0.37,0.35,0.02,0.015628337860107422
kin8nm,0.37,100,0.37,0.35,0.02,0.017717599868774414
kin8nm,0.37,100,0.37,0.36,0.01,0.015625953674316406
kin8nm,0.42,100,0.42,0.34,0.08,0.025902986526489258
kin8nm,0.42,100,0.42,0.35,0.07,0.014533519744873047
kin8nm,0.42,100,0.42,0.47,0.05,0.02625751495361328
kin8nm,0.42,100,0.42,0.41,0.01,0.014242887496948242
kin8nm,0.42,100,0.42,0.51,0.09,0.01457977294921875
kin8nm,0.42,100,0.42,0.38,0.04,0.015703916549682617
kin8nm,0.42,100,0.42,0.61,0.19,0.01920938491821289
kin8nm,0.42,100,0.42,0.43,0.01,0.0
kin8nm,0.42,100,0.42,0.26,0.16,0.017451047897338867
kin8nm,0.42,100,0.42,0.56,0.14,0.012578010559082031
kin8nm,0.47,100,0.47,0.54,0.07,0.01562786102294922
kin8nm,0.47,100,0.47,0.38,0.09,0.01405644416809082
kin8nm,0.47,100,0.47,0.56,0.09,0.015632152557373047
kin8nm,0.47,100,0.47,0.46,0.01,0.015615701675415039
kin8nm,0.47,100,0.47,0.53,0.06,0.012582778930664062
kin8nm,0.47,100,0.47,0.54,0.07,0.015707015991210938
kin8nm,0.47,100,0.47,0.51,0.04,0.01562952995300293
kin8nm,0.47,100,0.47,0.49,0.02,0.013080596923828125
kin8nm,0.47,100,0.47,0.49,0.02,0.015622854232788086
kin8nm,0.47,100,0.47,0.4,0.07,0.015018463134765625
kin8nm,0.53,100,0.53,0.47,0.06,0.01834845542907715
kin8nm,0.53,100,0.53,0.62,0.09,0.0185086727142334
kin8nm,0.53,100,0.53,0.49,0.04,0.015633106231689453
kin8nm,0.53,100,0.53,0.73,0.2,0.015716075897216797
kin8nm,0.53,100,0.53,0.52,0.01,0.016035079956054688
kin8nm,0.53,100,0.53,0.49,0.04,0.01562356948852539
kin8nm,0.53,100,0.53,0.62,0.09,0.015710830688476562
kin8nm,0.53,100,0.53,0.48,0.05,0.0120086669921875
kin8nm,0.53,100,0.53,0.61,0.08,0.01562809944152832
kin8nm,0.53,100,0.53,0.47,0.06,0.015626907348632812
kin8nm,0.58,100,0.58,0.54,0.04,0.015722990036010742
kin8nm,0.58,100,0.58,0.61,0.03,0.0
kin8nm,0.58,100,0.58,0.47,0.11,0.01815176010131836
kin8nm,0.58,100,0.58,0.55,0.03,0.02700066566467285
kin8nm,0.58,100,0.58,0.6,0.02,0.0038378238677978516
kin8nm,0.58,100,0.58,0.68,0.1,0.005992889404296875
kin8nm,0.58,100,0.58,0.49,0.09,0.017838478088378906
kin8nm,0.58,100,0.58,0.45,0.13,0.018204927444458008
kin8nm,0.58,100,0.58,0.48,0.1,0.015080451965332031
kin8nm,0.58,100,0.58,0.54,0.04,0.01571345329284668
kin8nm,0.63,100,0.63,0.64,0.01,0.016173362731933594
kin8nm,0.63,100,0.63,0.75,0.12,0.01562666893005371
kin8nm,0.63,100,0.63,0.55,0.08,0.021134138107299805
kin8nm,0.63,100,0.63,0.54,0.09,0.024647235870361328
kin8nm,0.63,100,0.63,0.61,0.02,0.007996797561645508
kin8nm,0.63,100,0.63,0.57,0.06,0.001878976821899414
kin8nm,0.63,100,0.63,0.57,0.06,0.01570916175842285
kin8nm,0.63,100,0.63,0.59,0.04,0.015711545944213867
kin8nm,0.63,100,0.63,0.76,0.13,0.01577305793762207
kin8nm,0.63,100,0.63,0.68,0.05,0.015631437301635742
kin8nm,0.68,100,0.68,0.68,0.0,0.02071237564086914
kin8nm,0.68,100,0.68,0.74,0.06,0.015619516372680664
kin8nm,0.68,100,0.68,0.67,0.01,0.0
kin8nm,0.68,100,0.68,0.6,0.08,0.010082244873046875
kin8nm,0.68,100,0.68,0.77,0.09,0.01767134666442871
kin8nm,0.68,100,0.68,0.63,0.05,0.01561737060546875
kin8nm,0.68,100,0.68,0.73,0.05,0.015705108642578125
kin8nm,0.68,100,0.68,0.66,0.02,0.015633344650268555
kin8nm,0.68,100,0.68,0.65,0.03,0.015630245208740234
kin8nm,0.68,100,0.68,0.68,0.0,0.015708208084106445
kin8nm,0.74,100,0.74,0.71,0.03,0.007005453109741211
kin8nm,0.74,100,0.74,0.73,0.01,0.01829838752746582
kin8nm,0.74,100,0.74,0.73,0.01,0.025979280471801758
kin8nm,0.74,100,0.74,0.73,0.01,0.014254570007324219
kin8nm,0.74,100,0.74,0.65,0.09,0.013265371322631836
kin8nm,0.74,100,0.74,0.7,0.04,0.0
kin8nm,0.74,100,0.74,0.77,0.03,0.013214588165283203
kin8nm,0.74,100,0.74,0.7,0.04,0.0
kin8nm,0.74,100,0.74,0.7,0.04,0.01628708839416504
kin8nm,0.74,100,0.74,0.77,0.03,0.015712499618530273
kin8nm,0.79,100,0.79,0.79,0.0,0.020194530487060547
kin8nm,0.79,100,0.79,0.78,0.01,0.004865407943725586
kin8nm,0.79,100,0.79,0.71,0.08,0.017968416213989258
kin8nm,0.79,100,0.79,0.81,0.02,0.015078544616699219
kin8nm,0.79,100,0.79,0.74,0.05,0.019295215606689453
kin8nm,0.79,100,0.79,0.77,0.02,0.015715837478637695
kin8nm,0.79,100,0.79,0.73,0.06,0.0
kin8nm,0.79,100,0.79,0.87,0.08,0.012079000473022461
kin8nm,0.79,100,0.79,0.94,0.15,0.015624284744262695
kin8nm,0.79,100,0.79,0.69,0.1,0.015619039535522461
kin8nm,0.84,100,0.84,0.72,0.12,0.015621423721313477
kin8nm,0.84,100,0.84,0.8,0.04,0.015623331069946289
kin8nm,0.84,100,0.84,0.68,0.16,0.01508474349975586
kin8nm,0.84,100,0.84,0.79,0.05,0.015622615814208984
kin8nm,0.84,100,0.84,1.0,0.16,0.015619754791259766
kin8nm,0.84,100,0.84,0.76,0.08,0.013841867446899414
kin8nm,0.84,100,0.84,0.93,0.09,0.015626192092895508
kin8nm,0.84,100,0.84,0.91,0.07,0.0180511474609375
kin8nm,0.84,100,0.84,0.79,0.05,0.012316226959228516
kin8nm,0.84,100,0.84,0.84,0.0,0.00188446044921875
kin8nm,0.89,100,0.89,0.97,0.08,0.015700817108154297
kin8nm,0.89,100,0.89,0.79,0.1,0.015727996826171875
kin8nm,0.89,100,0.89,0.86,0.03,0.015700817108154297
kin8nm,0.89,100,0.89,0.92,0.03,0.011660099029541016
kin8nm,0.89,100,0.89,0.88,0.01,0.015615701675415039
kin8nm,0.89,100,0.89,0.91,0.02,0.0157163143157959
kin8nm,0.89,100,0.89,0.88,0.01,0.015717267990112305
kin8nm,0.89,100,0.89,0.94,0.05,0.015714645385742188
kin8nm,0.89,100,0.89,0.94,0.05,0.015626907348632812
kin8nm,0.89,100,0.89,0.9,0.01,0.015627622604370117
kin8nm,0.95,100,0.95,1.0,0.05,0.01617264747619629
kin8nm,0.95,100,0.95,0.93,0.02,0.015077352523803711
kin8nm,0.95,100,0.95,0.97,0.02,0.019283294677734375
kin8nm,0.95,100,0.95,1.0,0.05,0.0221254825592041
kin8nm,0.95,100,0.95,1.0,0.05,0.012078523635864258
kin8nm,0.95,100,0.95,0.85,0.1,0.015668869018554688
kin8nm,0.95,100,0.95,1.0,0.05,0.015086889266967773
kin8nm,0.95,100,0.95,1.0,0.05,0.014168739318847656
kin8nm,0.95,100,0.95,0.95,0.0,0.006844758987426758
kin8nm,0.95,100,0.95,0.94,0.01,0.01571798324584961
kin8nm,1.0,100,1.0,1.0,0.0,0.015633106231689453
kin8nm,1.0,100,1.0,0.83,0.17,0.007506132125854492
kin8nm,1.0,100,1.0,1.0,0.0,0.015626192092895508
kin8nm,1.0,100,1.0,0.96,0.04,0.01563286781311035
kin8nm,1.0,100,1.0,1.0,0.0,0.015715360641479492
kin8nm,1.0,100,1.0,1.0,0.0,0.0156252384185791
kin8nm,1.0,100,1.0,0.91,0.09,0.0161740779876709
kin8nm,1.0,100,1.0,0.82,0.18,0.015630483627319336
kin8nm,1.0,100,1.0,0.98,0.02,0.0214080810546875
kin8nm,1.0,100,1.0,0.91,0.09,0.003920555114746094
parity5_plus_5,0.0,100,0.0,1.0,1.0,0.01573467254638672
parity5_plus_5,0.0,100,0.0,1.0,1.0,0.01571369171142578
parity5_plus_5,0.0,100,0.0,1.0,1.0,0.023264169692993164
parity5_plus_5,0.0,100,0.0,1.0,1.0,0.005089521408081055
parity5_plus_5,0.0,100,0.0,1.0,1.0,0.0
parity5_plus_5,0.0,100,0.0,1.0,1.0,0.01571488380432129
parity5_plus_5,0.0,100,0.0,1.0,1.0,0.01679229736328125
parity5_plus_5,0.0,100,0.0,1.0,1.0,0.024823904037475586
parity5_plus_5,0.0,100,0.0,1.0,1.0,0.0
parity5_plus_5,0.0,100,0.0,1.0,1.0,0.015628814697265625
parity5_plus_5,0.05,100,0.05,1.0,0.95,0.015697956085205078
parity5_plus_5,0.05,100,0.05,1.0,0.95,0.024733543395996094
parity5_plus_5,0.05,100,0.05,1.0,0.95,0.0
parity5_plus_5,0.05,100,0.05,1.0,0.95,0.016100645065307617
parity5_plus_5,0.05,100,0.05,1.0,0.95,0.015084028244018555
parity5_plus_5,0.05,100,0.05,1.0,0.95,0.015627622604370117
parity5_plus_5,0.05,100,0.05,1.0,0.95,0.029114484786987305
parity5_plus_5,0.05,100,0.05,1.0,0.95,0.015710830688476562
parity5_plus_5,0.05,100,0.05,1.0,0.95,0.014154195785522461
parity5_plus_5,0.05,100,0.05,1.0,0.95,0.015733957290649414
parity5_plus_5,0.11,100,0.11,1.0,0.89,0.012082815170288086
parity5_plus_5,0.11,100,0.11,1.0,0.89,0.01618218421936035
parity5_plus_5,0.11,100,0.11,1.0,0.89,0.004711627960205078
parity5_plus_5,0.11,100,0.11,1.0,0.89,0.015627622604370117
parity5_plus_5,0.11,100,0.11,1.0,0.89,0.015619993209838867
parity5_plus_5,0.11,100,0.11,1.0,0.89,0.01562976837158203
parity5_plus_5,0.11,100,0.11,1.0,0.89,0.0
parity5_plus_5,0.11,100,0.11,1.0,0.89,0.0
parity5_plus_5,0.11,100,0.11,1.0,0.89,0.007094860076904297
parity5_plus_5,0.11,100,0.11,1.0,0.89,0.01830744743347168
parity5_plus_5,0.16,100,0.16,1.0,0.84,0.0061130523681640625
parity5_plus_5,0.16,100,0.16,1.0,0.84,0.0
parity5_plus_5,0.16,100,0.16,1.0,0.84,0.015625715255737305
parity5_plus_5,0.16,100,0.16,1.0,0.84,0.0048487186431884766
parity5_plus_5,0.16,100,0.16,1.0,0.84,0.015726566314697266
parity5_plus_5,0.16,100,0.16,1.0,0.84,0.022127866744995117
parity5_plus_5,0.16,100,0.16,1.0,0.84,0.013077974319458008
parity5_plus_5,0.16,100,0.16,1.0,0.84,0.0070836544036865234
parity5_plus_5,0.16,100,0.16,1.0,0.84,0.015645265579223633
parity5_plus_5,0.16,100,0.16,1.0,0.84,0.0
parity5_plus_5,0.21,100,0.21,1.0,0.79,0.01562666893005371
parity5_plus_5,0.21,100,0.21,1.0,0.79,0.01563262939453125
parity5_plus_5,0.21,100,0.21,1.0,0.79,0.012216806411743164
parity5_plus_5,0.21,100,0.21,1.0,0.79,0.01563286781311035
parity5_plus_5,0.21,100,0.21,1.0,0.79,0.014506816864013672
parity5_plus_5,0.21,100,0.21,1.0,0.79,0.016048908233642578
parity5_plus_5,0.21,100,0.21,1.0,0.79,0.016650676727294922
parity5_plus_5,0.21,100,0.21,1.0,0.79,0.023885488510131836
parity5_plus_5,0.21,100,0.21,1.0,0.79,0.01562666893005371
parity5_plus_5,0.21,100,0.21,1.0,0.79,0.0
parity5_plus_5,0.26,100,0.26,1.0,0.74,0.01822638511657715
parity5_plus_5,0.26,100,0.26,1.0,0.74,0.01563405990600586
parity5_plus_5,0.26,100,0.26,1.0,0.74,0.014580011367797852
parity5_plus_5,0.26,100,0.26,1.0,0.74,0.0
parity5_plus_5,0.26,100,0.26,1.0,0.74,0.013088464736938477
parity5_plus_5,0.26,100,0.26,1.0,0.74,0.0156252384185791
parity5_plus_5,0.26,100,0.26,1.0,0.74,0.015720605850219727
parity5_plus_5,0.26,100,0.26,1.0,0.74,0.013734579086303711
parity5_plus_5,0.26,100,0.26,1.0,0.74,0.01562976837158203
parity5_plus_5,0.26,100,0.26,1.0,0.74,0.0156252384185791
parity5_plus_5,0.32,100,0.32,1.0,0.68,0.015712499618530273
parity5_plus_5,0.32,100,0.32,1.0,0.68,0.0
parity5_plus_5,0.32,100,0.32,1.0,0.68,0.02320075035095215
parity5_plus_5,0.32,100,0.32,1.0,0.68,0.015624761581420898
parity5_plus_5,0.32,100,0.32,1.0,0.68,0.015080690383911133
parity5_plus_5,0.32,100,0.32,1.0,0.68,0.015410661697387695
parity5_plus_5,0.32,100,0.32,1.0,0.68,0.015625953674316406
parity5_plus_5,0.32,100,0.32,1.0,0.68,0.015634536743164062
parity5_plus_5,0.32,100,0.32,1.0,0.68,0.0
parity5_plus_5,0.32,100,0.32,1.0,0.68,0.014616250991821289
parity5_plus_5,0.37,100,0.37,1.0,0.63,0.016172170639038086
parity5_plus_5,0.37,100,0.37,1.0,0.63,0.015624284744262695
parity5_plus_5,0.37,100,0.37,1.0,0.63,0.015718460083007812
parity5_plus_5,0.37,100,0.37,1.0,0.63,0.013765335083007812
parity5_plus_5,0.37,100,0.37,1.0,0.63,0.015617609024047852
parity5_plus_5,0.37,100,0.37,1.0,0.63,0.015623092651367188
parity5_plus_5,0.37,100,0.37,1.0,0.63,0.015089035034179688
parity5_plus_5,0.37,100,0.37,1.0,0.63,0.011331319808959961
parity5_plus_5,0.37,100,0.37,1.0,0.63,0.018363475799560547
parity5_plus_5,0.37,100,0.37,1.0,0.63,0.015625
parity5_plus_5,0.42,100,0.42,1.0,0.58,0.015706777572631836
parity5_plus_5,0.42,100,0.42,1.0,0.58,0.01647043228149414
parity5_plus_5,0.42,100,0.42,1.0,0.58,0.022504091262817383
parity5_plus_5,0.42,100,0.42,1.0,0.58,0.0
parity5_plus_5,0.42,100,0.42,1.0,0.58,0.015627622604370117
parity5_plus_5,0.42,100,0.42,1.0,0.58,0.015635013580322266
parity5_plus_5,0.42,100,0.42,1.0,0.58,0.02539968490600586
parity5_plus_5,0.42,100,0.42,1.0,0.58,0.016169071197509766
parity5_plus_5,0.42,100,0.42,1.0,0.58,0.027712106704711914
parity5_plus_5,0.42,100,0.42,1.0,0.58,0.0018589496612548828
parity5_plus_5,0.47,100,0.47,1.0,0.53,0.0248565673828125
parity5_plus_5,0.47,100,0.47,1.0,0.53,0.015632152557373047
parity5_plus_5,0.47,100,0.47,1.0,0.53,0.015713214874267578
parity5_plus_5,0.47,100,0.47,1.0,0.53,0.015085220336914062
parity5_plus_5,0.47,100,0.47,1.0,0.53,0.018260955810546875
parity5_plus_5,0.47,100,0.47,1.0,0.53,0.016184329986572266
parity5_plus_5,0.47,100,0.47,1.0,0.53,0.02279973030090332
parity5_plus_5,0.47,100,0.47,1.0,0.53,0.010236024856567383
parity5_plus_5,0.47,100,0.47,1.0,0.53,0.015621662139892578
parity5_plus_5,0.47,100,0.47,1.0,0.53,0.015624284744262695
parity5_plus_5,0.53,100,0.53,1.0,0.47,0.01571035385131836
parity5_plus_5,0.53,100,0.53,1.0,0.47,0.023840904235839844
parity5_plus_5,0.53,100,0.53,1.0,0.47,0.021063804626464844
parity5_plus_5,0.53,100,0.53,1.0,0.47,0.015635251998901367
parity5_plus_5,0.53,100,0.53,1.0,0.47,0.01571202278137207
parity5_plus_5,0.53,100,0.53,1.0,0.47,0.01639723777770996
parity5_plus_5,0.53,100,0.53,1.0,0.47,0.015636205673217773
parity5_plus_5,0.53,100,0.53,1.0,0.47,0.015077829360961914
parity5_plus_5,0.53,100,0.53,1.0,0.47,0.017316102981567383
parity5_plus_5,0.53,100,0.53,1.0,0.47,0.016164302825927734
parity5_plus_5,0.58,100,0.58,1.0,0.42,0.015630722045898438
parity5_plus_5,0.58,100,0.58,1.0,0.42,0.011229515075683594
parity5_plus_5,0.58,100,0.58,1.0,0.42,0.0008788108825683594
parity5_plus_5,0.58,100,0.58,1.0,0.42,0.013890266418457031
parity5_plus_5,0.58,100,0.58,1.0,0.42,0.015717506408691406
parity5_plus_5,0.58,100,0.58,1.0,0.42,0.015079736709594727
parity5_plus_5,0.58,100,0.58,1.0,0.42,0.011579275131225586
parity5_plus_5,0.58,100,0.58,1.0,0.42,0.018205642700195312
parity5_plus_5,0.58,100,0.58,1.0,0.42,0.0
parity5_plus_5,0.58,100,0.58,1.0,0.42,0.02472066879272461
parity5_plus_5,0.63,100,0.63,1.0,0.37,0.0
parity5_plus_5,0.63,100,0.63,1.0,0.37,0.015210390090942383
parity5_plus_5,0.63,100,0.63,1.0,0.37,0.0049228668212890625
parity5_plus_5,0.63,100,0.63,1.0,0.37,0.011092662811279297
parity5_plus_5,0.63,100,0.63,1.0,0.37,0.01150822639465332
parity5_plus_5,0.63,100,0.63,1.0,0.37,0.01563286781311035
parity5_plus_5,0.63,100,0.63,1.0,0.37,0.015629291534423828
parity5_plus_5,0.63,100,0.63,1.0,0.37,0.02509927749633789
parity5_plus_5,0.63,100,0.63,1.0,0.37,0.01563096046447754
parity5_plus_5,0.63,100,0.63,1.0,0.37,0.009555816650390625
parity5_plus_5,0.68,100,0.68,1.0,0.32,0.015716075897216797
parity5_plus_5,0.68,100,0.68,1.0,0.32,0.018799304962158203
parity5_plus_5,0.68,100,0.68,1.0,0.32,0.010583639144897461
parity5_plus_5,0.68,100,0.68,1.0,0.32,0.013099908828735352
parity5_plus_5,0.68,100,0.68,1.0,0.32,0.015077590942382812
parity5_plus_5,0.68,100,0.68,1.0,0.32,0.01563739776611328
parity5_plus_5,0.68,100,0.68,1.0,0.32,0.015619277954101562
parity5_plus_5,0.68,100,0.68,1.0,0.32,0.014671564102172852
parity5_plus_5,0.68,100,0.68,1.0,0.32,0.0
parity5_plus_5,0.68,100,0.68,1.0,0.32,0.0050890445709228516
parity5_plus_5,0.74,100,0.74,1.0,0.26,0.0172121524810791
parity5_plus_5,0.74,100,0.74,1.0,0.26,0.01569819450378418
parity5_plus_5,0.74,100,0.74,1.0,0.26,0.0188446044921875
parity5_plus_5,0.74,100,0.74,1.0,0.26,0.015703439712524414
parity5_plus_5,0.74,100,0.74,1.0,0.26,0.015628814697265625
parity5_plus_5,0.74,100,0.74,1.0,0.26,0.028743267059326172
parity5_plus_5,0.74,100,0.74,1.0,0.26,0.01571488380432129
parity5_plus_5,0.74,100,0.74,1.0,0.26,0.01617121696472168
parity5_plus_5,0.74,100,0.74,1.0,0.26,0.001939535140991211
parity5_plus_5,0.74,100,0.74,1.0,0.26,0.015628814697265625
parity5_plus_5,0.79,100,0.79,1.0,0.21,0.0
parity5_plus_5,0.79,100,0.79,1.0,0.21,0.015725135803222656
parity5_plus_5,0.79,100,0.79,1.0,0.21,0.015626907348632812
parity5_plus_5,0.79,100,0.79,1.0,0.21,0.016025543212890625
parity5_plus_5,0.79,100,0.79,1.0,0.21,0.015709638595581055
parity5_plus_5,0.79,100,0.79,1.0,0.21,0.015160799026489258
parity5_plus_5,0.79,100,0.79,1.0,0.21,0.020128726959228516
parity5_plus_5,0.79,100,0.79,1.0,0.21,0.015623807907104492
parity5_plus_5,0.79,100,0.79,1.0,0.21,0.01561594009399414
parity5_plus_5,0.79,100,0.79,1.0,0.21,0.01160430908203125
parity5_plus_5,0.84,100,0.84,1.0,0.16,0.018152713775634766
parity5_plus_5,0.84,100,0.84,1.0,0.16,0.011626482009887695
parity5_plus_5,0.84,100,0.84,1.0,0.16,0.012635231018066406
parity5_plus_5,0.84,100,0.84,1.0,0.16,0.011518239974975586
parity5_plus_5,0.84,100,0.84,1.0,0.16,0.01562666893005371
parity5_plus_5,0.84,100,0.84,1.0,0.16,0.015627145767211914
parity5_plus_5,0.84,100,0.84,1.0,0.16,0.015622854232788086
parity5_plus_5,0.84,100,0.84,1.0,0.16,0.0029113292694091797
parity5_plus_5,0.84,100,0.84,1.0,0.16,0.015621662139892578
parity5_plus_5,0.84,100,0.84,1.0,0.16,0.01331019401550293
parity5_plus_5,0.89,100,0.89,1.0,0.11,0.015619993209838867
parity5_plus_5,0.89,100,0.89,1.0,0.11,0.021394014358520508
parity5_plus_5,0.89,100,0.89,1.0,0.11,0.015079021453857422
parity5_plus_5,0.89,100,0.89,1.0,0.11,0.019266366958618164
parity5_plus_5,0.89,100,0.89,1.0,0.11,0.024124622344970703
parity5_plus_5,0.89,100,0.89,1.0,0.11,0.01616072654724121
parity5_plus_5,0.89,100,0.89,1.0,0.11,0.01250457763671875
parity5_plus_5,0.89,100,0.89,1.0,0.11,0.015626907348632812
parity5_plus_5,0.89,100,0.89,1.0,0.11,0.015631437301635742
parity5_plus_5,0.89,100,0.89,1.0,0.11,0.01562786102294922
parity5_plus_5,0.95,100,0.95,1.0,0.05,0.01507878303527832
parity5_plus_5,0.95,100,0.95,1.0,0.05,0.02471160888671875
parity5_plus_5,0.95,100,0.95,1.0,0.05,0.01221156120300293
parity5_plus_5,0.95,100,0.95,1.0,0.05,0.015710115432739258
parity5_plus_5,0.95,100,0.95,1.0,0.05,0.016165733337402344
parity5_plus_5,0.95,100,0.95,1.0,0.05,0.003987312316894531
parity5_plus_5,0.95,100,0.95,1.0,0.05,0.015631675720214844
parity5_plus_5,0.95,100,0.95,1.0,0.05,0.015634536743164062
parity5_plus_5,0.95,100,0.95,1.0,0.05,0.015092134475708008
parity5_plus_5,0.95,100,0.95,1.0,0.05,0.012042760848999023
parity5_plus_5,1.0,100,1.0,1.0,0.0,0.014219284057617188
parity5_plus_5,1.0,100,1.0,1.0,0.0,0.015717744827270508
parity5_plus_5,1.0,100,1.0,1.0,0.0,0.0035834312438964844
parity5_plus_5,1.0,100,1.0,1.0,0.0,0.024794340133666992
parity5_plus_5,1.0,100,1.0,1.0,0.0,0.01562643051147461
parity5_plus_5,1.0,100,1.0,1.0,0.0,0.015627384185791016
parity5_plus_5,1.0,100,1.0,1.0,0.0,0.015627622604370117
parity5_plus_5,1.0,100,1.0,1.0,0.0,0.015006780624389648
parity5_plus_5,1.0,100,1.0,1.0,0.0,0.012263774871826172
parity5_plus_5,1.0,100,1.0,1.0,0.0,0.015625953674316406
pendigits,0.0,100,0.0,0.0,0.0,0.015608549118041992
pendigits,0.0,100,0.0,0.0,0.0,0.015619039535522461
pendigits,0.0,100,0.0,0.02,0.02,0.015624761581420898
pendigits,0.0,100,0.0,0.0,0.0,0.015714406967163086
pendigits,0.0,100,0.0,0.0,0.0,0.015619039535522461
pendigits,0.0,100,0.0,0.0,0.0,0.016020536422729492
pendigits,0.0,100,0.0,0.0,0.0,0.01566624641418457
pendigits,0.0,100,0.0,0.0,0.0,0.011907577514648438
pendigits,0.0,100,0.0,0.0,0.0,0.0028252601623535156
pendigits,0.0,100,0.0,0.0,0.0,0.015659570693969727
pendigits,0.05,100,0.05,0.04,0.01,0.015629291534423828
pendigits,0.05,100,0.05,0.05,0.0,0.015625715255737305
pendigits,0.05,100,0.05,0.05,0.0,0.013015985488891602
pendigits,0.05,100,0.05,0.05,0.0,0.015620946884155273
pendigits,0.05,100,0.05,0.04,0.01,0.016175508499145508
pendigits,0.05,100,0.05,0.04,0.01,0.015628337860107422
pendigits,0.05,100,0.05,0.05,0.0,0.015610456466674805
pendigits,0.05,100,0.05,0.05,0.0,0.015712499618530273
pendigits,0.05,100,0.05,0.05,0.0,0.0
pendigits,0.05,100,0.05,0.04,0.01,0.012082576751708984
pendigits,0.11,100,0.11,0.12,0.01,0.011520147323608398
pendigits,0.11,100,0.11,0.11,0.0,0.0
pendigits,0.11,100,0.11,0.1,0.01,0.015626907348632812
pendigits,0.11,100,0.11,0.11,0.0,0.015623092651367188
pendigits,0.11,100,0.11,0.11,0.0,0.015717506408691406
pendigits,0.11,100,0.11,0.11,0.0,0.015620708465576172
pendigits,0.11,100,0.11,0.13,0.02,0.016162872314453125
pendigits,0.11,100,0.11,0.11,0.0,0.015616178512573242
pendigits,0.11,100,0.11,0.1,0.01,0.0
pendigits,0.11,100,0.11,0.11,0.0,0.0040814876556396484
pendigits,0.16,100,0.16,0.16,0.0,0.01562643051147461
pendigits,0.16,100,0.16,0.16,0.0,0.015625715255737305
pendigits,0.16,100,0.16,0.16,0.0,0.004106283187866211
pendigits,0.16,100,0.16,0.18,0.02,0.015622615814208984
pendigits,0.16,100,0.16,0.16,0.0,0.024525165557861328
pendigits,0.16,100,0.16,0.18,0.02,0.0009112358093261719
pendigits,0.16,100,0.16,0.15,0.01,0.00894784927368164
pendigits,0.16,100,0.16,0.15,0.01,0.015628337860107422
pendigits,0.16,100,0.16,0.15,0.01,0.016049861907958984
pendigits,0.16,100,0.16,0.18,0.02,0.015088319778442383
pendigits,0.21,100,0.21,0.21,0.0,0.01570892333984375
pendigits,0.21,100,0.21,0.22,0.01,0.015621662139892578
pendigits,0.21,100,0.21,0.22,0.01,0.015714406967163086
pendigits,0.21,100,0.21,0.2,0.01,0.01574110984802246
pendigits,0.21,100,0.21,0.21,0.0,0.01562047004699707
pendigits,0.21,100,0.21,0.2,0.01,0.007586956024169922
pendigits,0.21,100,0.21,0.22,0.01,0.015619516372680664
pendigits,0.21,100,0.21,0.21,0.0,0.021701574325561523
pendigits,0.21,100,0.21,0.21,0.0,0.015620946884155273
pendigits,0.21,100,0.21,0.2,0.01,0.015619277954101562
pendigits,0.26,100,0.26,0.26,0.0,0.01571035385131836
pendigits,0.26,100,0.26,0.26,0.0,0.01568913459777832
pendigits,0.26,100,0.26,0.27,0.01,0.008087158203125
pendigits,0.26,100,0.26,0.26,0.0,0.01562809944152832
pendigits,0.26,100,0.26,0.26,0.0,0.029887676239013672
pendigits,0.26,100,0.26,0.27,0.01,0.015627622604370117
pendigits,0.26,100,0.26,0.25,0.01,0.012464284896850586
pendigits,0.26,100,0.26,0.27,0.01,0.011526107788085938
pendigits,0.26,100,0.26,0.27,0.01,0.017551898956298828
pendigits,0.26,100,0.26,0.26,0.0,0.02173137664794922
pendigits,0.32,100,0.32,0.32,0.0,0.01570725440979004
pendigits,0.32,100,0.32,0.31,0.01,0.015626192092895508
pendigits,0.32,100,0.32,0.32,0.0,0.016748905181884766
pendigits,0.32,100,0.32,0.32,0.0,0.015628337860107422
pendigits,0.32,100,0.32,0.32,0.0,0.01563262939453125
pendigits,0.32,100,0.32,0.31,0.01,0.01229238510131836
pendigits,0.32,100,0.32,0.33,0.01,0.0
pendigits,0.32,100,0.32,0.33,0.01,0.006916999816894531
pendigits,0.32,100,0.32,0.32,0.0,0.015640974044799805
pendigits,0.32,100,0.32,0.33,0.01,0.015628337860107422
pendigits,0.37,100,0.37,0.36,0.01,0.01563262939453125
pendigits,0.37,100,0.37,0.36,0.01,0.015627384185791016
pendigits,0.37,100,0.37,0.37,0.0,0.01563429832458496
pendigits,0.37,100,0.37,0.38,0.01,0.015608549118041992
pendigits,0.37,100,0.37,0.35,0.02,0.006089925765991211
pendigits,0.37,100,0.37,0.36,0.01,0.016284465789794922
pendigits,0.37,100,0.37,0.37,0.0,0.026259899139404297
pendigits,0.37,100,0.37,0.36,0.01,0.015073537826538086
pendigits,0.37,100,0.37,0.37,0.0,0.01709890365600586
pendigits,0.37,100,0.37,0.38,0.01,0.011075973510742188
pendigits,0.42,100,0.42,0.42,0.0,0.015630006790161133
pendigits,0.42,100,0.42,0.43,0.01,0.01554560661315918
pendigits,0.42,100,0.42,0.41,0.01,0.015072107315063477
pendigits,0.42,100,0.42,0.42,0.0,0.01566171646118164
pendigits,0.42,100,0.42,0.41,0.01,0.015072345733642578
pendigits,0.42,100,0.42,0.43,0.01,0.015082359313964844
pendigits,0.42,100,0.42,0.42,0.0,0.015072345733642578
pendigits,0.42,100,0.42,0.42,0.0,0.015669584274291992
pendigits,0.42,100,0.42,0.44,0.02,0.011956453323364258
pendigits,0.42,100,0.42,0.42,0.0,0.0014812946319580078
pendigits,0.47,100,0.47,0.47,0.0,0.005145549774169922
pendigits,0.47,100,0.47,0.47,0.0,0.002858877182006836
pendigits,0.47,100,0.47,0.45,0.02,0.0
pendigits,0.47,100,0.47,0.48,0.01,0.012365102767944336
pendigits,0.47,100,0.47,0.44,0.03,0.006003856658935547
pendigits,0.47,100,0.47,0.47,0.0,0.0049021244049072266
pendigits,0.47,100,0.47,0.46,0.01,0.003245830535888672
pendigits,0.47,100,0.47,0.48,0.01,0.0030465126037597656
pendigits,0.47,100,0.47,0.45,0.02,0.012398242950439453
pendigits,0.47,100,0.47,0.48,0.01,0.012458562850952148
pendigits,0.53,100,0.53,0.54,0.01,0.015085935592651367
pendigits,0.53,100,0.53,0.53,0.0,0.015711069107055664
pendigits,0.53,100,0.53,0.54,0.01,0.02998828887939453
pendigits,0.53,100,0.53,0.54,0.01,0.016263961791992188
pendigits,0.53,100,0.53,0.54,0.01,0.01508021354675293
pendigits,0.53,100,0.53,0.52,0.01,0.0
pendigits,0.53,100,0.53,0.54,0.01,0.015709638595581055
pendigits,0.53,100,0.53,0.53,0.0,0.015712976455688477
pendigits,0.53,100,0.53,0.55,0.02,0.015716075897216797
pendigits,0.53,100,0.53,0.54,0.01,0.01562809944152832
pendigits,0.58,100,0.58,0.59,0.01,0.015726804733276367
pendigits,0.58,100,0.58,0.59,0.01,0.018176794052124023
pendigits,0.58,100,0.58,0.58,0.0,0.015541553497314453
pendigits,0.58,100,0.58,0.59,0.01,0.015627145767211914
pendigits,0.58,100,0.58,0.57,0.01,0.01638340950012207
pendigits,0.58,100,0.58,0.6,0.02,0.01573944091796875
pendigits,0.58,100,0.58,0.6,0.02,0.014082908630371094
pendigits,0.58,100,0.58,0.58,0.0,0.015710830688476562
pendigits,0.58,100,0.58,0.58,0.0,0.01570582389831543
pendigits,0.58,100,0.58,0.58,0.0,0.0157167911529541
pendigits,0.63,100,0.63,0.61,0.02,0.01738595962524414
pendigits,0.63,100,0.63,0.62,0.01,0.014560699462890625
pendigits,0.63,100,0.63,0.63,0.0,0.003049612045288086
pendigits,0.63,100,0.63,0.63,0.0,0.015080690383911133
pendigits,0.63,100,0.63,0.63,0.0,0.026058197021484375
pendigits,0.63,100,0.63,0.62,0.01,0.02630305290222168
pendigits,0.63,100,0.63,0.63,0.0,0.009344339370727539
pendigits,0.63,100,0.63,0.62,0.01,0.015635967254638672
pendigits,0.63,100,0.63,0.63,0.0,0.01845860481262207
pendigits,0.63,100,0.63,0.63,0.0,0.018903493881225586
pendigits,0.68,100,0.68,0.67,0.01,0.010599136352539062
pendigits,0.68,100,0.68,0.68,0.0,0.015626192092895508
pendigits,0.68,100,0.68,0.69,0.01,0.015618324279785156
pendigits,0.68,100,0.68,0.69,0.01,0.009600400924682617
pendigits,0.68,100,0.68,0.68,0.0,0.01562047004699707
pendigits,0.68,100,0.68,0.69,0.01,0.01560831069946289
pendigits,0.68,100,0.68,0.67,0.01,0.01562952995300293
pendigits,0.68,100,0.68,0.67,0.01,0.015630006790161133
pendigits,0.68,100,0.68,0.69,0.01,0.017090797424316406
pendigits,0.68,100,0.68,0.68,0.0,0.0156402587890625
pendigits,0.74,100,0.74,0.76,0.02,0.028703689575195312
pendigits,0.74,100,0.74,0.73,0.01,0.01562643051147461
pendigits,0.74,100,0.74,0.74,0.0,0.015621423721313477
pendigits,0.74,100,0.74,0.76,0.02,0.0
pendigits,0.74,100,0.74,0.74,0.0,0.018039703369140625
pendigits,0.74,100,0.74,0.75,0.01,0.013557910919189453
pendigits,0.74,100,0.74,0.73,0.01,0.006079435348510742
pendigits,0.74,100,0.74,0.72,0.02,0.015729427337646484
pendigits,0.74,100,0.74,0.75,0.01,0.0008845329284667969
pendigits,0.74,100,0.74,0.75,0.01,0.012371063232421875
pendigits,0.79,100,0.79,0.8,0.01,0.01903367042541504
pendigits,0.79,100,0.79,0.79,0.0,0.02538919448852539
pendigits,0.79,100,0.79,0.79,0.0,0.008832693099975586
pendigits,0.79,100,0.79,0.8,0.01,0.015698909759521484
pendigits,0.79,100,0.79,0.79,0.0,0.015082597732543945
pendigits,0.79,100,0.79,0.78,0.01,0.015168190002441406
pendigits,0.79,100,0.79,0.8,0.01,0.015078306198120117
pendigits,0.79,100,0.79,0.79,0.0,0.015627622604370117
pendigits,0.79,100,0.79,0.79,0.0,0.01508021354675293
pendigits,0.79,100,0.79,0.79,0.0,0.0
pendigits,0.84,100,0.84,0.84,0.0,0.00858616828918457
pendigits,0.84,100,0.84,0.84,0.0,0.015085935592651367
pendigits,0.84,100,0.84,0.85,0.01,0.014548301696777344
pendigits,0.84,100,0.84,0.85,0.01,0.0
pendigits,0.84,100,0.84,0.85,0.01,0.015096426010131836
pendigits,0.84,100,0.84,0.82,0.02,0.01508331298828125
pendigits,0.84,100,0.84,0.82,0.02,0.015632152557373047
pendigits,0.84,100,0.84,0.85,0.01,0.015718698501586914
pendigits,0.84,100,0.84,0.85,0.01,0.015623807907104492
pendigits,0.84,100,0.84,0.84,0.0,0.013087749481201172
pendigits,0.89,100,0.89,0.89,0.0,0.015621662139892578
pendigits,0.89,100,0.89,0.89,0.0,0.0156252384185791
pendigits,0.89,100,0.89,0.88,0.01,0.01829671859741211
pendigits,0.89,100,0.89,0.9,0.01,0.014104366302490234
pendigits,0.89,100,0.89,0.89,0.0,0.020405054092407227
pendigits,0.89,100,0.89,0.9,0.01,0.026278972625732422
pendigits,0.89,100,0.89,0.89,0.0,0.01369619369506836
pendigits,0.89,100,0.89,0.91,0.02,0.01218867301940918
pendigits,0.89,100,0.89,0.89,0.0,0.0029175281524658203
pendigits,0.89,100,0.89,0.89,0.0,0.014584064483642578
pendigits,0.95,100,0.95,0.95,0.0,0.015084266662597656
pendigits,0.95,100,0.95,0.97,0.02,0.01809549331665039
pendigits,0.95,100,0.95,0.96,0.01,0.015719175338745117
pendigits,0.95,100,0.95,0.95,0.0,0.0059621334075927734
pendigits,0.95,100,0.95,0.94,0.01,0.015006542205810547
pendigits,0.95,100,0.95,0.96,0.01,0.024459123611450195
pendigits,0.95,100,0.95,0.96,0.01,0.010940074920654297
pendigits,0.95,100,0.95,0.94,0.01,0.015706777572631836
pendigits,0.95,100,0.95,0.96,0.01,0.015087604522705078
pendigits,0.95,100,0.95,0.95,0.0,0.015163660049438477
pendigits,1.0,100,1.0,0.99,0.01,0.015709400177001953
pendigits,1.0,100,1.0,1.0,0.0,0.0
pendigits,1.0,100,1.0,1.0,0.0,0.015717029571533203
pendigits,1.0,100,1.0,1.0,0.0,0.015635013580322266
pendigits,1.0,100,1.0,1.0,0.0,0.02379441261291504
pendigits,1.0,100,1.0,1.0,0.0,0.015626907348632812
pendigits,1.0,100,1.0,1.0,0.0,0.01562666893005371
pendigits,1.0,100,1.0,1.0,0.0,0.015715599060058594
pendigits,1.0,100,1.0,1.0,0.0,0.017211198806762695
pendigits,1.0,100,1.0,1.0,0.0,0.02131056785583496
phpGUrE90,0.0,100,0.0,0.03,0.03,0.015004396438598633
phpGUrE90,0.0,100,0.0,0.04,0.04,0.015293598175048828
phpGUrE90,0.0,100,0.0,0.05,0.05,0.016719579696655273
phpGUrE90,0.0,100,0.0,0.0,0.0,0.01571178436279297
phpGUrE90,0.0,100,0.0,0.01,0.01,0.019283056259155273
phpGUrE90,0.0,100,0.0,0.06,0.06,0.0
phpGUrE90,0.0,100,0.0,0.03,0.03,0.015549898147583008
phpGUrE90,0.0,100,0.0,0.03,0.03,0.011290311813354492
phpGUrE90,0.0,100,0.0,0.06,0.06,0.010591506958007812
phpGUrE90,0.0,100,0.0,0.0,0.0,0.016331911087036133
phpGUrE90,0.05,100,0.05,0.07,0.02,0.015015602111816406
phpGUrE90,0.05,100,0.05,0.15,0.1,0.01866745948791504
phpGUrE90,0.05,100,0.05,0.09,0.04,0.015633583068847656
phpGUrE90,0.05,100,0.05,0.09,0.04,0.015590667724609375
phpGUrE90,0.05,100,0.05,0.09,0.04,0.011385679244995117
phpGUrE90,0.05,100,0.05,0.04,0.01,0.01617145538330078
phpGUrE90,0.05,100,0.05,0.06,0.01,0.01571345329284668
phpGUrE90,0.05,100,0.05,0.12,0.07,0.012270450592041016
phpGUrE90,0.05,100,0.05,0.05,0.0,0.015550613403320312
phpGUrE90,0.05,100,0.05,0.08,0.03,0.01563262939453125
phpGUrE90,0.11,100,0.11,0.13,0.02,0.028796672821044922
phpGUrE90,0.11,100,0.11,0.13,0.02,0.00661015510559082
phpGUrE90,0.11,100,0.11,0.16,0.05,0.018837928771972656
phpGUrE90,0.11,100,0.11,0.14,0.03,0.01562809944152832
phpGUrE90,0.11,100,0.11,0.09,0.02,0.015724897384643555
phpGUrE90,0.11,100,0.11,0.15,0.04,0.0008749961853027344
phpGUrE90,0.11,100,0.11,0.13,0.02,0.017421245574951172
phpGUrE90,0.11,100,0.11,0.16,0.05,0.01562190055847168
phpGUrE90,0.11,100,0.11,0.16,0.05,0.015639543533325195
phpGUrE90,0.11,100,0.11,0.1,0.01,0.0063817501068115234
phpGUrE90,0.16,100,0.16,0.18,0.02,0.0055158138275146484
phpGUrE90,0.16,100,0.16,0.13,0.03,0.015628337860107422
phpGUrE90,0.16,100,0.16,0.19,0.03,0.01572251319885254
phpGUrE90,0.16,100,0.16,0.22,0.06,0.02528691291809082
phpGUrE90,0.16,100,0.16,0.22,0.06,0.026430606842041016
phpGUrE90,0.16,100,0.16,0.18,0.02,0.015643596649169922
phpGUrE90,0.16,100,0.16,0.19,0.03,0.015708446502685547
phpGUrE90,0.16,100,0.16,0.23,0.07,0.015091896057128906
phpGUrE90,0.16,100,0.16,0.19,0.03,0.017370223999023438
phpGUrE90,0.16,100,0.16,0.23,0.07,0.01971721649169922
phpGUrE90,0.21,100,0.21,0.22,0.01,0.01570892333984375
phpGUrE90,0.21,100,0.21,0.28,0.07,0.012127876281738281
phpGUrE90,0.21,100,0.21,0.22,0.01,0.017807483673095703
phpGUrE90,0.21,100,0.21,0.24,0.03,0.0
phpGUrE90,0.21,100,0.21,0.24,0.03,0.015710830688476562
phpGUrE90,0.21,100,0.21,0.24,0.03,0.001943349838256836
phpGUrE90,0.21,100,0.21,0.24,0.03,0.018518924713134766
phpGUrE90,0.21,100,0.21,0.27,0.06,0.018702030181884766
phpGUrE90,0.21,100,0.21,0.28,0.07,0.015718460083007812
phpGUrE90,0.21,100,0.21,0.23,0.02,0.001936197280883789
phpGUrE90,0.26,100,0.26,0.3,0.04,0.015616416931152344
phpGUrE90,0.26,100,0.26,0.33,0.07,0.01391148567199707
phpGUrE90,0.26,100,0.26,0.31,0.05,0.015705347061157227
phpGUrE90,0.26,100,0.26,0.29,0.03,0.004471540451049805
phpGUrE90,0.26,100,0.26,0.24,0.02,0.02266693115234375
phpGUrE90,0.26,100,0.26,0.31,0.05,0.015619039535522461
phpGUrE90,0.26,100,0.26,0.3,0.04,0.015633583068847656
phpGUrE90,0.26,100,0.26,0.3,0.04,0.006015300750732422
phpGUrE90,0.26,100,0.26,0.32,0.06,0.015632152557373047
phpGUrE90,0.26,100,0.26,0.33,0.07,0.015620708465576172
phpGUrE90,0.32,100,0.32,0.43,0.11,0.01571798324584961
phpGUrE90,0.32,100,0.32,0.36,0.04,0.005852937698364258
phpGUrE90,0.32,100,0.32,0.35,0.03,0.021220684051513672
phpGUrE90,0.32,100,0.32,0.36,0.04,0.015616416931152344
phpGUrE90,0.32,100,0.32,0.39,0.07,0.0
phpGUrE90,0.32,100,0.32,0.33,0.01,0.02967095375061035
phpGUrE90,0.32,100,0.32,0.31,0.01,0.015623092651367188
phpGUrE90,0.32,100,0.32,0.39,0.07,0.015633344650268555
phpGUrE90,0.32,100,0.32,0.39,0.07,0.007981538772583008
phpGUrE90,0.32,100,0.32,0.41,0.09,0.017874717712402344
phpGUrE90,0.37,100,0.37,0.4,0.03,0.019206762313842773
phpGUrE90,0.37,100,0.37,0.38,0.01,0.01571965217590332
phpGUrE90,0.37,100,0.37,0.42,0.05,0.002887725830078125
phpGUrE90,0.37,100,0.37,0.42,0.05,0.015620231628417969
phpGUrE90,0.37,100,0.37,0.41,0.04,0.015619277954101562
phpGUrE90,0.37,100,0.37,0.43,0.06,0.01570868492126465
phpGUrE90,0.37,100,0.37,0.41,0.04,0.010882854461669922
phpGUrE90,0.37,100,0.37,0.4,0.03,0.0
phpGUrE90,0.37,100,0.37,0.43,0.06,0.024636507034301758
phpGUrE90,0.37,100,0.37,0.39,0.02,0.015626907348632812
phpGUrE90,0.42,100,0.42,0.53,0.11,0.015094518661499023
phpGUrE90,0.42,100,0.42,0.43,0.01,0.029123544692993164
phpGUrE90,0.42,100,0.42,0.44,0.02,0.017556190490722656
phpGUrE90,0.42,100,0.42,0.46,0.04,0.0157163143157959
phpGUrE90,0.42,100,0.42,0.43,0.01,0.022886991500854492
phpGUrE90,0.42,100,0.42,0.46,0.04,0.005972862243652344
phpGUrE90,0.42,100,0.42,0.47,0.05,0.015633821487426758
phpGUrE90,0.42,100,0.42,0.52,0.1,0.015705108642578125
phpGUrE90,0.42,100,0.42,0.51,0.09,0.019060611724853516
phpGUrE90,0.42,100,0.42,0.43,0.01,0.01562952995300293
phpGUrE90,0.47,100,0.47,0.55,0.08,0.015626192092895508
phpGUrE90,0.47,100,0.47,0.52,0.05,0.015707969665527344
phpGUrE90,0.47,100,0.47,0.45,0.02,0.012368917465209961
phpGUrE90,0.47,100,0.47,0.49,0.02,0.016176939010620117
phpGUrE90,0.47,100,0.47,0.48,0.01,0.015632152557373047
phpGUrE90,0.47,100,0.47,0.53,0.06,0.01570892333984375
phpGUrE90,0.47,100,0.47,0.47,0.0,0.01754474639892578
phpGUrE90,0.47,100,0.47,0.57,0.1,0.0
phpGUrE90,0.47,100,0.47,0.58,0.11,0.015627145767211914
phpGUrE90,0.47,100,0.47,0.48,0.01,0.019385576248168945
phpGUrE90,0.53,100,0.53,0.58,0.05,0.014171838760375977
phpGUrE90,0.53,100,0.53,0.55,0.02,0.01562666893005371
phpGUrE90,0.53,100,0.53,0.58,0.05,0.015078306198120117
phpGUrE90,0.53,100,0.53,0.57,0.04,0.015084266662597656
phpGUrE90,0.53,100,0.53,0.59,0.06,0.018320798873901367
phpGUrE90,0.53,100,0.53,0.58,0.05,0.01563882827758789
phpGUrE90,0.53,100,0.53,0.57,0.04,0.0
phpGUrE90,0.53,100,0.53,0.56,0.03,0.01507878303527832
phpGUrE90,0.53,100,0.53,0.58,0.05,0.025874853134155273
phpGUrE90,0.53,100,0.53,0.62,0.09,0.014581918716430664
phpGUrE90,0.58,100,0.58,0.61,0.03,0.015619039535522461
phpGUrE90,0.58,100,0.58,0.62,0.04,0.01508331298828125
phpGUrE90,0.58,100,0.58,0.6,0.02,0.023042917251586914
phpGUrE90,0.58,100,0.58,0.69,0.11,0.015625715255737305
phpGUrE90,0.58,100,0.58,0.62,0.04,0.015635967254638672
phpGUrE90,0.58,100,0.58,0.65,0.07,0.013082504272460938
phpGUrE90,0.58,100,0.58,0.66,0.08,0.014127016067504883
phpGUrE90,0.58,100,0.58,0.62,0.04,0.016173362731933594
phpGUrE90,0.58,100,0.58,0.64,0.06,0.015624523162841797
phpGUrE90,0.58,100,0.58,0.64,0.06,0.015722036361694336
phpGUrE90,0.63,100,0.63,0.73,0.1,0.012408256530761719
phpGUrE90,0.63,100,0.63,0.64,0.01,0.0157163143157959
phpGUrE90,0.63,100,0.63,0.7,0.07,0.015709638595581055
phpGUrE90,0.63,100,0.63,0.7,0.07,0.015172481536865234
phpGUrE90,0.63,100,0.63,0.69,0.06,0.015712738037109375
phpGUrE90,0.63,100,0.63,0.73,0.1,0.01563739776611328
phpGUrE90,0.63,100,0.63,0.71,0.08,0.015722036361694336
phpGUrE90,0.63,100,0.63,0.71,0.08,0.01226353645324707
phpGUrE90,0.63,100,0.63,0.71,0.08,0.015708446502685547
phpGUrE90,0.63,100,0.63,0.69,0.06,0.01508784294128418
phpGUrE90,0.68,100,0.68,0.75,0.07,0.020792245864868164
phpGUrE90,0.68,100,0.68,0.75,0.07,0.015627384185791016
phpGUrE90,0.68,100,0.68,0.8,0.12,0.012388229370117188
phpGUrE90,0.68,100,0.68,0.76,0.08,0.01572132110595703
phpGUrE90,0.68,100,0.68,0.72,0.04,0.005972862243652344
phpGUrE90,0.68,100,0.68,0.8,0.12,0.010575532913208008
phpGUrE90,0.68,100,0.68,0.75,0.07,0.024152755737304688
phpGUrE90,0.68,100,0.68,0.74,0.06,0.015082120895385742
phpGUrE90,0.68,100,0.68,0.7,0.02,0.018854856491088867
phpGUrE90,0.68,100,0.68,0.71,0.03,0.002864837646484375
phpGUrE90,0.74,100,0.74,0.8,0.06,0.01854228973388672
phpGUrE90,0.74,100,0.74,0.76,0.02,0.015080451965332031
phpGUrE90,0.74,100,0.74,0.74,0.0,0.003084897994995117
phpGUrE90,0.74,100,0.74,0.83,0.09,0.02020573616027832
phpGUrE90,0.74,100,0.74,0.81,0.07,0.01570725440979004
phpGUrE90,0.74,100,0.74,0.84,0.1,0.012665271759033203
phpGUrE90,0.74,100,0.74,0.75,0.01,0.01561594009399414
phpGUrE90,0.74,100,0.74,0.85,0.11,0.015714645385742188
phpGUrE90,0.74,100,0.74,0.78,0.04,0.015706300735473633
phpGUrE90,0.74,100,0.74,0.79,0.05,0.02595829963684082
phpGUrE90,0.79,100,0.79,0.88,0.09,0.015619993209838867
phpGUrE90,0.79,100,0.79,0.84,0.05,0.015700578689575195
phpGUrE90,0.79,100,0.79,0.84,0.05,0.01507878303527832
phpGUrE90,0.79,100,0.79,0.89,0.1,0.015615701675415039
phpGUrE90,0.79,100,0.79,0.84,0.05,0.015711545944213867
phpGUrE90,0.79,100,0.79,0.83,0.04,0.01629352569580078
phpGUrE90,0.79,100,0.79,0.85,0.06,0.025252580642700195
phpGUrE90,0.79,100,0.79,0.84,0.05,0.015624046325683594
phpGUrE90,0.79,100,0.79,0.83,0.04,0.015626907348632812
phpGUrE90,0.79,100,0.79,0.85,0.06,0.018520116806030273
phpGUrE90,0.84,100,0.84,0.9,0.06,0.01844620704650879
phpGUrE90,0.84,100,0.84,0.92,0.08,0.015712261199951172
phpGUrE90,0.84,100,0.84,0.86,0.02,0.023166179656982422
phpGUrE90,0.84,100,0.84,0.92,0.08,0.015075445175170898
phpGUrE90,0.84,100,0.84,0.9,0.06,0.020938873291015625
phpGUrE90,0.84,100,0.84,0.93,0.09,0.015618324279785156
phpGUrE90,0.84,100,0.84,0.96,0.12,0.01562643051147461
phpGUrE90,0.84,100,0.84,0.92,0.08,0.01256418228149414
phpGUrE90,0.84,100,0.84,0.89,0.05,0.012281656265258789
phpGUrE90,0.84,100,0.84,0.92,0.08,0.015635013580322266
phpGUrE90,0.89,100,0.89,0.99,0.1,0.015703439712524414
phpGUrE90,0.89,100,0.89,0.95,0.06,0.016170740127563477
phpGUrE90,0.89,100,0.89,0.96,0.07,0.014127016067504883
phpGUrE90,0.89,100,0.89,1.0,0.11,0.023868322372436523
phpGUrE90,0.89,100,0.89,0.98,0.09,0.015627145767211914
phpGUrE90,0.89,100,0.89,0.94,0.05,0.0021042823791503906
phpGUrE90,0.89,100,0.89,0.95,0.06,0.0234529972076416
phpGUrE90,0.89,100,0.89,1.0,0.11,0.01562666893005371
phpGUrE90,0.89,100,0.89,1.0,0.11,0.015627145767211914
phpGUrE90,0.89,100,0.89,0.98,0.09,0.015633583068847656
phpGUrE90,0.95,100,0.95,1.0,0.05,0.0028684139251708984
phpGUrE90,0.95,100,0.95,1.0,0.05,0.02171945571899414
phpGUrE90,0.95,100,0.95,1.0,0.05,0.015630006790161133
phpGUrE90,0.95,100,0.95,1.0,0.05,0.01569366455078125
phpGUrE90,0.95,100,0.95,1.0,0.05,0.015084266662597656
phpGUrE90,0.95,100,0.95,1.0,0.05,0.021334171295166016
phpGUrE90,0.95,100,0.95,1.0,0.05,0.015707015991210938
phpGUrE90,0.95,100,0.95,1.0,0.05,0.01407480239868164
phpGUrE90,0.95,100,0.95,1.0,0.05,0.015517473220825195
phpGUrE90,0.95,100,0.95,1.0,0.05,0.015625715255737305
phpGUrE90,1.0,100,1.0,1.0,0.0,0.012304544448852539
phpGUrE90,1.0,100,1.0,1.0,0.0,0.015629291534423828
phpGUrE90,1.0,100,1.0,1.0,0.0,0.015506982803344727
phpGUrE90,1.0,100,1.0,1.0,0.0,0.023847103118896484
phpGUrE90,1.0,100,1.0,1.0,0.0,0.015634536743164062
phpGUrE90,1.0,100,1.0,1.0,0.0,0.0020072460174560547
phpGUrE90,1.0,100,1.0,1.0,0.0,0.017015457153320312
phpGUrE90,1.0,100,1.0,1.0,0.0,0.016579627990722656
phpGUrE90,1.0,100,1.0,1.0,0.0,0.01562666893005371
phpGUrE90,1.0,100,1.0,1.0,0.0,0.0031080245971679688
phphQEck0,0.0,100,0.0,0.0,0.0,0.003101825714111328
phphQEck0,0.0,100,0.0,0.0,0.0,0.015102148056030273
phphQEck0,0.0,100,0.0,0.0,0.0,0.013549327850341797
phphQEck0,0.0,100,0.0,0.0,0.0,0.022446632385253906
phphQEck0,0.0,100,0.0,0.0,0.0,0.013602495193481445
phphQEck0,0.0,100,0.0,0.0,0.0,0.01623058319091797
phphQEck0,0.0,100,0.0,0.0,0.0,0.01573038101196289
phphQEck0,0.0,100,0.0,0.0,0.0,0.01510763168334961
phphQEck0,0.0,100,0.0,0.0,0.0,0.015089273452758789
phphQEck0,0.0,100,0.0,0.0,0.0,0.015627622604370117
phphQEck0,0.05,100,0.05,0.04,0.01,0.027550697326660156
phphQEck0,0.05,100,0.05,0.03,0.02,0.01573920249938965
phphQEck0,0.05,100,0.05,0.03,0.02,0.01695871353149414
phphQEck0,0.05,100,0.05,0.06,0.01,0.0
phphQEck0,0.05,100,0.05,0.05,0.0,0.0
phphQEck0,0.05,100,0.05,0.02,0.03,0.01572108268737793
phphQEck0,0.05,100,0.05,0.04,0.01,0.01734018325805664
phphQEck0,0.05,100,0.05,0.06,0.01,0.015100240707397461
phphQEck0,0.05,100,0.05,0.06,0.01,0.01574397087097168
phphQEck0,0.05,100,0.05,0.05,0.0,0.01901698112487793
phphQEck0,0.11,100,0.11,0.11,0.0,0.011198282241821289
phphQEck0,0.11,100,0.11,0.11,0.0,0.0
phphQEck0,0.11,100,0.11,0.1,0.01,0.015622138977050781
phphQEck0,0.11,100,0.11,0.1,0.01,0.010582208633422852
phphQEck0,0.11,100,0.11,0.12,0.01,0.018564224243164062
phphQEck0,0.11,100,0.11,0.09,0.02,0.010008811950683594
phphQEck0,0.11,100,0.11,0.11,0.0,0.015620946884155273
phphQEck0,0.11,100,0.11,0.1,0.01,0.015508651733398438
phphQEck0,0.11,100,0.11,0.11,0.0,0.017323970794677734
phphQEck0,0.11,100,0.11,0.1,0.01,0.015711069107055664
phphQEck0,0.16,100,0.16,0.18,0.02,0.012270927429199219
phphQEck0,0.16,100,0.16,0.15,0.01,0.0
phphQEck0,0.16,100,0.16,0.18,0.02,0.015083074569702148
phphQEck0,0.16,100,0.16,0.15,0.01,0.015626907348632812
phphQEck0,0.16,100,0.16,0.14,0.02,0.028063297271728516
phphQEck0,0.16,100,0.16,0.14,0.02,0.017507553100585938
phphQEck0,0.16,100,0.16,0.17,0.01,0.002081155776977539
phphQEck0,0.16,100,0.16,0.13,0.03,0.013093709945678711
phphQEck0,0.16,100,0.16,0.16,0.0,0.015623092651367188
phphQEck0,0.16,100,0.16,0.15,0.01,0.016450166702270508
phphQEck0,0.21,100,0.21,0.2,0.01,0.016132354736328125
phphQEck0,0.21,100,0.21,0.19,0.02,0.013838768005371094
phphQEck0,0.21,100,0.21,0.22,0.01,0.02474808692932129
phphQEck0,0.21,100,0.21,0.22,0.01,0.011073112487792969
phphQEck0,0.21,100,0.21,0.23,0.02,0.02793288230895996
phphQEck0,0.21,100,0.21,0.22,0.01,0.012150764465332031
phphQEck0,0.21,100,0.21,0.22,0.01,0.01563119888305664
phphQEck0,0.21,100,0.21,0.2,0.01,0.02685856819152832
phphQEck0,0.21,100,0.21,0.2,0.01,0.02137470245361328
phphQEck0,0.21,100,0.21,0.25,0.04,0.025131702423095703
phphQEck0,0.26,100,0.26,0.28,0.02,0.012071847915649414
phphQEck0,0.26,100,0.26,0.27,0.01,0.0
phphQEck0,0.26,100,0.26,0.27,0.01,0.0
phphQEck0,0.26,100,0.26,0.24,0.02,0.01562976837158203
phphQEck0,0.26,100,0.26,0.25,0.01,0.0156252384185791
phphQEck0,0.26,100,0.26,0.28,0.02,0.01900768280029297
phphQEck0,0.26,100,0.26,0.27,0.01,0.016191482543945312
phphQEck0,0.26,100,0.26,0.25,0.01,0.015727519989013672
phphQEck0,0.26,100,0.26,0.22,0.04,0.0139312744140625
phphQEck0,0.26,100,0.26,0.25,0.01,0.015710830688476562
phphQEck0,0.32,100,0.32,0.32,0.0,0.01571178436279297
phphQEck0,0.32,100,0.32,0.31,0.01,0.015896320343017578
phphQEck0,0.32,100,0.32,0.33,0.01,0.0157015323638916
phphQEck0,0.32,100,0.32,0.33,0.01,0.015630006790161133
phphQEck0,0.32,100,0.32,0.33,0.01,0.02586221694946289
phphQEck0,0.32,100,0.32,0.29,0.03,0.0
phphQEck0,0.32,100,0.32,0.31,0.01,0.010548830032348633
phphQEck0,0.32,100,0.32,0.33,0.01,0.012520790100097656
phphQEck0,0.32,100,0.32,0.3,0.02,0.01920151710510254
phphQEck0,0.32,100,0.32,0.32,0.0,0.015709638595581055
phphQEck0,0.37,100,0.37,0.37,0.0,0.013854265213012695
phphQEck0,0.37,100,0.37,0.4,0.03,0.015619993209838867
phphQEck0,0.37,100,0.37,0.32,0.05,0.029294252395629883
phphQEck0,0.37,100,0.37,0.38,0.01,0.005906105041503906
phphQEck0,0.37,100,0.37,0.38,0.01,0.0029327869415283203
phphQEck0,0.37,100,0.37,0.4,0.03,0.01570296287536621
phphQEck0,0.37,100,0.37,0.4,0.03,0.015621185302734375
phphQEck0,0.37,100,0.37,0.37,0.0,0.01572394371032715
phphQEck0,0.37,100,0.37,0.38,0.01,0.01842355728149414
phphQEck0,0.37,100,0.37,0.37,0.0,0.00451207160949707
phphQEck0,0.42,100,0.42,0.44,0.02,0.01832103729248047
phphQEck0,0.42,100,0.42,0.42,0.0,0.015613079071044922
phphQEck0,0.42,100,0.42,0.39,0.03,0.015630245208740234
phphQEck0,0.42,100,0.42,0.41,0.01,0.015628337860107422
phphQEck0,0.42,100,0.42,0.45,0.03,0.00812387466430664
phphQEck0,0.42,100,0.42,0.44,0.02,0.015639066696166992
phphQEck0,0.42,100,0.42,0.42,0.0,0.015715837478637695
phphQEck0,0.42,100,0.42,0.43,0.01,0.018221616744995117
phphQEck0,0.42,100,0.42,0.41,0.01,0.01562643051147461
phphQEck0,0.42,100,0.42,0.4,0.02,0.01572561264038086
phphQEck0,0.47,100,0.47,0.48,0.01,0.011242389678955078
phphQEck0,0.47,100,0.47,0.5,0.03,0.0
phphQEck0,0.47,100,0.47,0.42,0.05,0.0023174285888671875
phphQEck0,0.47,100,0.47,0.43,0.04,0.01570916175842285
phphQEck0,0.47,100,0.47,0.46,0.01,0.027044057846069336
phphQEck0,0.47,100,0.47,0.46,0.01,0.015593290328979492
phphQEck0,0.47,100,0.47,0.46,0.01,0.015622854232788086
phphQEck0,0.47,100,0.47,0.46,0.01,0.0018486976623535156
phphQEck0,0.47,100,0.47,0.48,0.01,0.01508784294128418
phphQEck0,0.47,100,0.47,0.49,0.02,0.0018169879913330078
phphQEck0,0.53,100,0.53,0.52,0.01,0.009084701538085938
phphQEck0,0.53,100,0.53,0.53,0.0,0.003918170928955078
phphQEck0,0.53,100,0.53,0.55,0.02,0.019652366638183594
phphQEck0,0.53,100,0.53,0.53,0.0,0.022962093353271484
phphQEck0,0.53,100,0.53,0.53,0.0,0.011721611022949219
phphQEck0,0.53,100,0.53,0.53,0.0,0.002882719039916992
phphQEck0,0.53,100,0.53,0.46,0.07,0.015620946884155273
phphQEck0,0.53,100,0.53,0.49,0.04,0.015628337860107422
phphQEck0,0.53,100,0.53,0.52,0.01,0.01908087730407715
phphQEck0,0.53,100,0.53,0.56,0.03,0.015040159225463867
phphQEck0,0.58,100,0.58,0.57,0.01,0.0157015323638916
phphQEck0,0.58,100,0.58,0.58,0.0,0.015622854232788086
phphQEck0,0.58,100,0.58,0.56,0.02,0.01563286781311035
phphQEck0,0.58,100,0.58,0.6,0.02,0.012450218200683594
phphQEck0,0.58,100,0.58,0.59,0.01,0.016664505004882812
phphQEck0,0.58,100,0.58,0.56,0.02,0.01562976837158203
phphQEck0,0.58,100,0.58,0.57,0.01,0.01450657844543457
phphQEck0,0.58,100,0.58,0.59,0.01,0.027805089950561523
phphQEck0,0.58,100,0.58,0.62,0.04,0.015636205673217773
phphQEck0,0.58,100,0.58,0.54,0.04,0.021701335906982422
phphQEck0,0.63,100,0.63,0.61,0.02,0.016017913818359375
phphQEck0,0.63,100,0.63,0.63,0.0,0.0037033557891845703
phphQEck0,0.63,100,0.63,0.66,0.03,0.015710115432739258
phphQEck0,0.63,100,0.63,0.6,0.03,0.015629053115844727
phphQEck0,0.63,100,0.63,0.64,0.01,0.01562356948852539
phphQEck0,0.63,100,0.63,0.57,0.06,0.015627622604370117
phphQEck0,0.63,100,0.63,0.61,0.02,0.0
phphQEck0,0.63,100,0.63,0.65,0.02,0.020748376846313477
phphQEck0,0.63,100,0.63,0.66,0.03,0.0011475086212158203
phphQEck0,0.63,100,0.63,0.67,0.04,0.015087604522705078
phphQEck0,0.68,100,0.68,0.69,0.01,0.015616655349731445
phphQEck0,0.68,100,0.68,0.64,0.04,0.012463569641113281
phphQEck0,0.68,100,0.68,0.65,0.03,0.015637874603271484
phphQEck0,0.68,100,0.68,0.67,0.01,0.0
phphQEck0,0.68,100,0.68,0.68,0.0,0.015619754791259766
phphQEck0,0.68,100,0.68,0.7,0.02,0.015624761581420898
phphQEck0,0.68,100,0.68,0.67,0.01,0.014281272888183594
phphQEck0,0.68,100,0.68,0.69,0.01,0.014374732971191406
phphQEck0,0.68,100,0.68,0.68,0.0,0.0
phphQEck0,0.68,100,0.68,0.66,0.02,0.015619754791259766
phphQEck0,0.74,100,0.74,0.73,0.01,0.015619993209838867
phphQEck0,0.74,100,0.74,0.76,0.02,0.015691757202148438
phphQEck0,0.74,100,0.74,0.75,0.01,0.015082359313964844
phphQEck0,0.74,100,0.74,0.74,0.0,0.015622615814208984
phphQEck0,0.74,100,0.74,0.75,0.01,0.014171838760375977
phphQEck0,0.74,100,0.74,0.71,0.03,0.015722036361694336
phphQEck0,0.74,100,0.74,0.76,0.02,0.015624284744262695
phphQEck0,0.74,100,0.74,0.73,0.01,0.0
phphQEck0,0.74,100,0.74,0.72,0.02,0.02063465118408203
phphQEck0,0.74,100,0.74,0.73,0.01,0.014437675476074219
phphQEck0,0.79,100,0.79,0.77,0.02,0.015619993209838867
phphQEck0,0.79,100,0.79,0.8,0.01,0.0050754547119140625
phphQEck0,0.79,100,0.79,0.81,0.02,0.01563882827758789
phphQEck0,0.79,100,0.79,0.8,0.01,0.011155843734741211
phphQEck0,0.79,100,0.79,0.8,0.01,0.019641876220703125
phphQEck0,0.79,100,0.79,0.79,0.0,0.01571822166442871
phphQEck0,0.79,100,0.79,0.75,0.04,0.015625953674316406
phphQEck0,0.79,100,0.79,0.75,0.04,0.015625715255737305
phphQEck0,0.79,100,0.79,0.83,0.04,0.015564918518066406
phphQEck0,0.79,100,0.79,0.82,0.03,0.02485370635986328
phphQEck0,0.84,100,0.84,0.83,0.01,0.015633106231689453
phphQEck0,0.84,100,0.84,0.85,0.01,0.015627145767211914
phphQEck0,0.84,100,0.84,0.89,0.05,0.012688636779785156
phphQEck0,0.84,100,0.84,0.84,0.0,0.015615701675415039
phphQEck0,0.84,100,0.84,0.83,0.01,0.01575016975402832
phphQEck0,0.84,100,0.84,0.9,0.06,0.015712499618530273
phphQEck0,0.84,100,0.84,0.84,0.0,0.015015125274658203
phphQEck0,0.84,100,0.84,0.83,0.01,0.012495279312133789
phphQEck0,0.84,100,0.84,0.84,0.0,0.01158452033996582
phphQEck0,0.84,100,0.84,0.84,0.0,0.015622138977050781
phphQEck0,0.89,100,0.89,0.91,0.02,0.01563286781311035
phphQEck0,0.89,100,0.89,0.88,0.01,0.015663623809814453
phphQEck0,0.89,100,0.89,0.86,0.03,0.015006542205810547
phphQEck0,0.89,100,0.89,0.9,0.01,0.01563405990600586
phphQEck0,0.89,100,0.89,0.91,0.02,0.01560068130493164
phphQEck0,0.89,100,0.89,0.87,0.02,0.01562356948852539
phphQEck0,0.89,100,0.89,0.92,0.03,0.015694618225097656
phphQEck0,0.89,100,0.89,0.82,0.07,0.0
phphQEck0,0.89,100,0.89,0.87,0.02,0.01562047004699707
phphQEck0,0.89,100,0.89,0.95,0.06,0.01561427116394043
phphQEck0,0.95,100,0.95,0.9,0.05,0.01563286781311035
phphQEck0,0.95,100,0.95,0.88,0.07,0.025918006896972656
phphQEck0,0.95,100,0.95,0.96,0.01,0.015639066696166992
phphQEck0,0.95,100,0.95,0.94,0.01,0.015624523162841797
phphQEck0,0.95,100,0.95,0.97,0.02,0.015716075897216797
phphQEck0,0.95,100,0.95,1.0,0.05,0.015732288360595703
phphQEck0,0.95,100,0.95,0.96,0.01,0.015630722045898438
phphQEck0,0.95,100,0.95,0.93,0.02,0.017429590225219727
phphQEck0,0.95,100,0.95,0.95,0.0,0.01570582389831543
phphQEck0,0.95,100,0.95,0.96,0.01,0.015087604522705078
phphQEck0,1.0,100,1.0,0.98,0.02,0.028119564056396484
phphQEck0,1.0,100,1.0,0.95,0.05,0.0
phphQEck0,1.0,100,1.0,1.0,0.0,0.01563572883605957
phphQEck0,1.0,100,1.0,1.0,0.0,0.015638113021850586
phphQEck0,1.0,100,1.0,0.96,0.04,0.01800823211669922
phphQEck0,1.0,100,1.0,1.0,0.0,0.01565074920654297
phphQEck0,1.0,100,1.0,1.0,0.0,0.0
phphQEck0,1.0,100,1.0,1.0,0.0,0.01563119888305664
phphQEck0,1.0,100,1.0,1.0,0.0,0.015079736709594727
phphQEck0,1.0,100,1.0,0.97,0.03,0.015628814697265625
phpMD2hR6,0.0,100,0.0,0.0,0.0,0.015625953674316406
phpMD2hR6,0.0,100,0.0,0.0,0.0,0.018267154693603516
phpMD2hR6,0.0,100,0.0,0.05,0.05,0.01261138916015625
phpMD2hR6,0.0,100,0.0,0.0,0.0,0.0077342987060546875
phpMD2hR6,0.0,100,0.0,0.0,0.0,0.015533447265625
phpMD2hR6,0.0,100,0.0,0.0,0.0,0.0157318115234375
phpMD2hR6,0.0,100,0.0,0.0,0.0,0.0061075687408447266
phpMD2hR6,0.0,100,0.0,0.0,0.0,0.018742799758911133
phpMD2hR6,0.0,100,0.0,0.0,0.0,0.015625476837158203
phpMD2hR6,0.0,100,0.0,0.0,0.0,0.012306451797485352
phpMD2hR6,0.05,100,0.05,0.05,0.0,0.015622377395629883
phpMD2hR6,0.05,100,0.05,0.06,0.01,0.018543243408203125
phpMD2hR6,0.05,100,0.05,0.0,0.05,0.015626192092895508
phpMD2hR6,0.05,100,0.05,0.09,0.04,0.01815056800842285
phpMD2hR6,0.05,100,0.05,0.2,0.15,0.025301218032836914
phpMD2hR6,0.05,100,0.05,0.05,0.0,0.0011463165283203125
phpMD2hR6,0.05,100,0.05,0.03,0.02,0.015614748001098633
phpMD2hR6,0.05,100,0.05,0.0,0.05,0.012135505676269531
phpMD2hR6,0.05,100,0.05,0.02,0.03,0.015726804733276367
phpMD2hR6,0.05,100,0.05,0.0,0.05,0.0
phpMD2hR6,0.11,100,0.11,0.02,0.09,0.01621222496032715
phpMD2hR6,0.11,100,0.11,0.12,0.01,0.015724897384643555
phpMD2hR6,0.11,100,0.11,0.2,0.09,0.017540931701660156
phpMD2hR6,0.11,100,0.11,0.04,0.07,0.015625
phpMD2hR6,0.11,100,0.11,0.05,0.06,0.015616178512573242
phpMD2hR6,0.11,100,0.11,0.25,0.14,0.016684532165527344
phpMD2hR6,0.11,100,0.11,0.02,0.09,0.01859426498413086
phpMD2hR6,0.11,100,0.11,0.0,0.11,0.008603334426879883
phpMD2hR6,0.11,100,0.11,0.1,0.01,0.010854721069335938
phpMD2hR6,0.11,100,0.11,0.03,0.08,0.015624761581420898
phpMD2hR6,0.16,100,0.16,0.16,0.0,0.015625
phpMD2hR6,0.16,100,0.16,0.12,0.04,0.008603334426879883
phpMD2hR6,0.16,100,0.16,0.23,0.07,0.015627384185791016
phpMD2hR6,0.16,100,0.16,0.09,0.07,0.005963563919067383
phpMD2hR6,0.16,100,0.16,0.18,0.02,0.026901721954345703
phpMD2hR6,0.16,100,0.16,0.14,0.02,0.0038704872131347656
phpMD2hR6,0.16,100,0.16,0.19,0.03,0.02696681022644043
phpMD2hR6,0.16,100,0.16,0.19,0.03,0.015732765197753906
phpMD2hR6,0.16,100,0.16,0.24,0.08,0.018406391143798828
phpMD2hR6,0.16,100,0.16,0.25,0.09,0.01212453842163086
phpMD2hR6,0.21,100,0.21,0.21,0.0,0.0157320499420166
phpMD2hR6,0.21,100,0.21,0.1,0.11,0.012245416641235352
phpMD2hR6,0.21,100,0.21,0.19,0.02,0.0
phpMD2hR6,0.21,100,0.21,0.14,0.07,0.0039017200469970703
phpMD2hR6,0.21,100,0.21,0.19,0.02,0.015625953674316406
phpMD2hR6,0.21,100,0.21,0.21,0.0,0.015614748001098633
phpMD2hR6,0.21,100,0.21,0.15,0.06,0.007105350494384766
phpMD2hR6,0.21,100,0.21,0.28,0.07,0.015033721923828125
phpMD2hR6,0.21,100,0.21,0.18,0.03,0.015626192092895508
phpMD2hR6,0.21,100,0.21,0.05,0.16,0.015207529067993164
phpMD2hR6,0.26,100,0.26,0.32,0.06,0.0011038780212402344
phpMD2hR6,0.26,100,0.26,0.25,0.01,0.015101194381713867
phpMD2hR6,0.26,100,0.26,0.37,0.11,0.025294780731201172
phpMD2hR6,0.26,100,0.26,0.21,0.05,0.015615463256835938
phpMD2hR6,0.26,100,0.26,0.31,0.05,0.015729904174804688
phpMD2hR6,0.26,100,0.26,0.3,0.04,0.015745162963867188
phpMD2hR6,0.26,100,0.26,0.32,0.06,0.026626110076904297
phpMD2hR6,0.26,100,0.26,0.33,0.07,0.01562643051147461
phpMD2hR6,0.26,100,0.26,0.18,0.08,0.015104532241821289
phpMD2hR6,0.26,100,0.26,0.35,0.09,0.01620936393737793
phpMD2hR6,0.32,100,0.32,0.32,0.0,0.015625953674316406
phpMD2hR6,0.32,100,0.32,0.37,0.05,0.015713930130004883
phpMD2hR6,0.32,100,0.32,0.33,0.01,0.015101194381713867
phpMD2hR6,0.32,100,0.32,0.27,0.05,0.01561737060546875
phpMD2hR6,0.32,100,0.32,0.35,0.03,0.015615224838256836
phpMD2hR6,0.32,100,0.32,0.24,0.08,0.0
phpMD2hR6,0.32,100,0.32,0.42,0.1,0.015623807907104492
phpMD2hR6,0.32,100,0.32,0.55,0.23,0.020287513732910156
phpMD2hR6,0.32,100,0.32,0.26,0.06,0.015102624893188477
phpMD2hR6,0.32,100,0.32,0.14,0.18,0.01573777198791504
phpMD2hR6,0.37,100,0.37,0.39,0.02,0.015677928924560547
phpMD2hR6,0.37,100,0.37,0.5,0.13,0.015099048614501953
phpMD2hR6,0.37,100,0.37,0.5,0.13,0.014963865280151367
phpMD2hR6,0.37,100,0.37,0.26,0.11,0.001909494400024414
phpMD2hR6,0.37,100,0.37,0.26,0.11,0.024988174438476562
phpMD2hR6,0.37,100,0.37,0.46,0.09,0.022240161895751953
phpMD2hR6,0.37,100,0.37,0.44,0.07,0.010973691940307617
phpMD2hR6,0.37,100,0.37,0.41,0.04,0.018250465393066406
phpMD2hR6,0.37,100,0.37,0.55,0.18,0.016164064407348633
phpMD2hR6,0.37,100,0.37,0.35,0.02,0.0
phpMD2hR6,0.42,100,0.42,0.36,0.06,0.0029048919677734375
phpMD2hR6,0.42,100,0.42,0.48,0.06,0.024225711822509766
phpMD2hR6,0.42,100,0.42,0.52,0.1,0.004738330841064453
phpMD2hR6,0.42,100,0.42,0.34,0.08,0.004858255386352539
phpMD2hR6,0.42,100,0.42,0.36,0.06,0.01837635040283203
phpMD2hR6,0.42,100,0.42,0.48,0.06,0.015731096267700195
phpMD2hR6,0.42,100,0.42,0.3,0.12,0.015105962753295898
phpMD2hR6,0.42,100,0.42,0.41,0.01,0.018018245697021484
phpMD2hR6,0.42,100,0.42,0.42,0.0,0.0
phpMD2hR6,0.42,100,0.42,0.38,0.04,0.015100955963134766
phpMD2hR6,0.47,100,0.47,0.46,0.01,0.015106916427612305
phpMD2hR6,0.47,100,0.47,0.47,0.0,0.0015115737915039062
phpMD2hR6,0.47,100,0.47,0.44,0.03,0.018482685089111328
phpMD2hR6,0.47,100,0.47,0.43,0.04,0.020163774490356445
phpMD2hR6,0.47,100,0.47,0.44,0.03,0.015623331069946289
phpMD2hR6,0.47,100,0.47,0.5,0.03,0.01245427131652832
phpMD2hR6,0.47,100,0.47,0.37,0.1,0.006106376647949219
phpMD2hR6,0.47,100,0.47,0.44,0.03,0.01685929298400879
phpMD2hR6,0.47,100,0.47,0.52,0.05,0.01622772216796875
phpMD2hR6,0.47,100,0.47,0.51,0.04,0.02985835075378418
phpMD2hR6,0.53,100,0.53,0.51,0.02,0.019659757614135742
phpMD2hR6,0.53,100,0.53,0.7,0.17,0.01563429832458496
phpMD2hR6,0.53,100,0.53,0.51,0.02,0.01562643051147461
phpMD2hR6,0.53,100,0.53,0.56,0.03,0.0
phpMD2hR6,0.53,100,0.53,0.53,0.0,0.015204429626464844
phpMD2hR6,0.53,100,0.53,0.56,0.03,0.015211105346679688
phpMD2hR6,0.53,100,0.53,0.56,0.03,0.0
phpMD2hR6,0.53,100,0.53,0.55,0.02,0.015620231628417969
phpMD2hR6,0.53,100,0.53,0.62,0.09,0.016643047332763672
phpMD2hR6,0.53,100,0.53,0.63,0.1,0.012194395065307617
phpMD2hR6,0.58,100,0.58,0.51,0.07,0.013767719268798828
phpMD2hR6,0.58,100,0.58,0.57,0.01,0.01562666893005371
phpMD2hR6,0.58,100,0.58,0.55,0.03,0.011148214340209961
phpMD2hR6,0.58,100,0.58,0.5,0.08,0.015233755111694336
phpMD2hR6,0.58,100,0.58,0.55,0.03,0.01439976692199707
phpMD2hR6,0.58,100,0.58,0.55,0.03,0.015103578567504883
phpMD2hR6,0.58,100,0.58,0.67,0.09,0.020333051681518555
phpMD2hR6,0.58,100,0.58,0.65,0.07,0.026907920837402344
phpMD2hR6,0.58,100,0.58,0.58,0.0,0.010749578475952148
phpMD2hR6,0.58,100,0.58,0.59,0.01,0.0018954277038574219
phpMD2hR6,0.63,100,0.63,0.68,0.05,0.015731334686279297
phpMD2hR6,0.63,100,0.63,0.58,0.05,0.014824867248535156
phpMD2hR6,0.63,100,0.63,0.65,0.02,0.01403665542602539
phpMD2hR6,0.63,100,0.63,0.62,0.01,0.01562190055847168
phpMD2hR6,0.63,100,0.63,0.55,0.08,0.0
phpMD2hR6,0.63,100,0.63,0.66,0.03,0.015625715255737305
phpMD2hR6,0.63,100,0.63,0.8,0.17,0.015620231628417969
phpMD2hR6,0.63,100,0.63,0.68,0.05,0.015620946884155273
phpMD2hR6,0.63,100,0.63,0.58,0.05,0.020430326461791992
phpMD2hR6,0.63,100,0.63,0.67,0.04,0.017645835876464844
phpMD2hR6,0.68,100,0.68,0.77,0.09,0.012606382369995117
phpMD2hR6,0.68,100,0.68,0.67,0.01,0.015631914138793945
phpMD2hR6,0.68,100,0.68,0.58,0.1,0.015735864639282227
phpMD2hR6,0.68,100,0.68,0.62,0.06,0.019449234008789062
phpMD2hR6,0.68,100,0.68,0.68,0.0,0.015105485916137695
phpMD2hR6,0.68,100,0.68,0.63,0.05,0.016208410263061523
phpMD2hR6,0.68,100,0.68,0.7,0.02,0.014987468719482422
phpMD2hR6,0.68,100,0.68,0.69,0.01,0.01583409309387207
phpMD2hR6,0.68,100,0.68,0.7,0.02,0.01563239097595215
phpMD2hR6,0.68,100,0.68,0.74,0.06,0.027657270431518555
phpMD2hR6,0.74,100,0.74,0.72,0.02,0.015622615814208984
phpMD2hR6,0.74,100,0.74,0.72,0.02,0.015624284744262695
phpMD2hR6,0.74,100,0.74,0.76,0.02,0.015625953674316406
phpMD2hR6,0.74,100,0.74,0.83,0.09,0.01308751106262207
phpMD2hR6,0.74,100,0.74,0.83,0.09,0.015096426010131836
phpMD2hR6,0.74,100,0.74,0.76,0.02,0.015719890594482422
phpMD2hR6,0.74,100,0.74,0.69,0.05,0.015173912048339844
phpMD2hR6,0.74,100,0.74,0.74,0.0,0.015707969665527344
phpMD2hR6,0.74,100,0.74,0.81,0.07,0.015621423721313477
phpMD2hR6,0.74,100,0.74,0.74,0.0,0.021555662155151367
phpMD2hR6,0.79,100,0.79,0.74,0.05,0.015627384185791016
phpMD2hR6,0.79,100,0.79,0.79,0.0,0.015712976455688477
phpMD2hR6,0.79,100,0.79,0.75,0.04,0.0
phpMD2hR6,0.79,100,0.79,0.79,0.0,0.015707731246948242
phpMD2hR6,0.79,100,0.79,0.74,0.05,0.02329397201538086
phpMD2hR6,0.79,100,0.79,0.79,0.0,0.024731159210205078
phpMD2hR6,0.79,100,0.79,0.77,0.02,0.00623774528503418
phpMD2hR6,0.79,100,0.79,0.78,0.01,0.015082836151123047
phpMD2hR6,0.79,100,0.79,0.81,0.02,0.0
phpMD2hR6,0.79,100,0.79,0.86,0.07,0.0
phpMD2hR6,0.84,100,0.84,0.88,0.04,0.0
phpMD2hR6,0.84,100,0.84,0.86,0.02,0.014020442962646484
phpMD2hR6,0.84,100,0.84,0.83,0.01,0.015715360641479492
phpMD2hR6,0.84,100,0.84,0.81,0.03,0.005906343460083008
phpMD2hR6,0.84,100,0.84,0.83,0.01,0.012449979782104492
phpMD2hR6,0.84,100,0.84,0.88,0.04,0.015704631805419922
phpMD2hR6,0.84,100,0.84,0.89,0.05,0.015705108642578125
phpMD2hR6,0.84,100,0.84,0.88,0.04,0.015713214874267578
phpMD2hR6,0.84,100,0.84,0.74,0.1,0.01563262939453125
phpMD2hR6,0.84,100,0.84,0.98,0.14,0.015629291534423828
phpMD2hR6,0.89,100,0.89,0.91,0.02,0.0019311904907226562
phpMD2hR6,0.89,100,0.89,0.86,0.03,0.013584136962890625
phpMD2hR6,0.89,100,0.89,0.88,0.01,0.010587453842163086
phpMD2hR6,0.89,100,0.89,0.93,0.04,0.016155481338500977
phpMD2hR6,0.89,100,0.89,0.91,0.02,0.019721031188964844
phpMD2hR6,0.89,100,0.89,0.92,0.03,0.016069412231445312
phpMD2hR6,0.89,100,0.89,0.95,0.06,0.014599800109863281
phpMD2hR6,0.89,100,0.89,0.89,0.0,0.015631437301635742
phpMD2hR6,0.89,100,0.89,0.97,0.08,0.02421092987060547
phpMD2hR6,0.89,100,0.89,0.86,0.03,0.012434959411621094
phpMD2hR6,0.95,100,0.95,0.95,0.0,0.015081644058227539
phpMD2hR6,0.95,100,0.95,1.0,0.05,0.025354385375976562
phpMD2hR6,0.95,100,0.95,0.98,0.03,0.010787010192871094
phpMD2hR6,0.95,100,0.95,0.93,0.02,0.025189876556396484
phpMD2hR6,0.95,100,0.95,0.93,0.02,0.015079021453857422
phpMD2hR6,0.95,100,0.95,0.93,0.02,0.015079736709594727
phpMD2hR6,0.95,100,0.95,0.91,0.04,0.015709877014160156
phpMD2hR6,0.95,100,0.95,0.98,0.03,0.015706300735473633
phpMD2hR6,0.95,100,0.95,1.0,0.05,0.015704870223999023
phpMD2hR6,0.95,100,0.95,0.93,0.02,0.015626907348632812
phpMD2hR6,1.0,100,1.0,1.0,0.0,0.015624523162841797
phpMD2hR6,1.0,100,1.0,1.0,0.0,0.015713214874267578
phpMD2hR6,1.0,100,1.0,1.0,0.0,0.0
phpMD2hR6,1.0,100,1.0,0.93,0.07,0.0038869380950927734
phpMD2hR6,1.0,100,1.0,1.0,0.0,0.0028493404388427734
phpMD2hR6,1.0,100,1.0,0.93,0.07,0.010582447052001953
phpMD2hR6,1.0,100,1.0,0.94,0.06,0.019701719284057617
phpMD2hR6,1.0,100,1.0,1.0,0.0,0.015620231628417969
phpMD2hR6,1.0,100,1.0,0.98,0.02,0.0069580078125
phpMD2hR6,1.0,100,1.0,1.0,0.0,0.015164375305175781
phpmPOD5A,0.0,100,0.0,1.0,1.0,0.019469022750854492
phpmPOD5A,0.0,100,0.0,1.0,1.0,0.017333030700683594
phpmPOD5A,0.0,100,0.0,1.0,1.0,0.01563119888305664
phpmPOD5A,0.0,100,0.0,1.0,1.0,0.015092134475708008
phpmPOD5A,0.0,100,0.0,1.0,1.0,0.015617132186889648
phpmPOD5A,0.0,100,0.0,1.0,1.0,0.01569986343383789
phpmPOD5A,0.0,100,0.0,1.0,1.0,0.015708208084106445
phpmPOD5A,0.0,100,0.0,1.0,1.0,0.015086174011230469
phpmPOD5A,0.0,100,0.0,1.0,1.0,0.004862308502197266
phpmPOD5A,0.0,100,0.0,1.0,1.0,0.018637657165527344
phpmPOD5A,0.05,100,0.05,1.0,0.95,0.009145975112915039
phpmPOD5A,0.05,100,0.05,1.0,0.95,0.0
phpmPOD5A,0.05,100,0.05,1.0,0.95,0.0
phpmPOD5A,0.05,100,0.05,1.0,0.95,0.015620946884155273
phpmPOD5A,0.05,100,0.05,1.0,0.95,0.0162966251373291
phpmPOD5A,0.05,100,0.05,1.0,0.95,0.01563119888305664
phpmPOD5A,0.05,100,0.05,1.0,0.95,0.015624284744262695
phpmPOD5A,0.05,100,0.05,1.0,0.95,0.01562666893005371
phpmPOD5A,0.05,100,0.05,1.0,0.95,0.015614748001098633
phpmPOD5A,0.05,100,0.05,1.0,0.95,0.014575719833374023
phpmPOD5A,0.11,100,0.11,1.0,0.89,0.015696287155151367
phpmPOD5A,0.11,100,0.11,1.0,0.89,0.015624284744262695
phpmPOD5A,0.11,100,0.11,1.0,0.89,0.015622615814208984
phpmPOD5A,0.11,100,0.11,1.0,0.89,0.015625476837158203
phpmPOD5A,0.11,100,0.11,1.0,0.89,0.025702714920043945
phpmPOD5A,0.11,100,0.11,1.0,0.89,0.016016483306884766
phpmPOD5A,0.11,100,0.11,1.0,0.89,0.01563405990600586
phpmPOD5A,0.11,100,0.11,1.0,0.89,0.015714168548583984
phpmPOD5A,0.11,100,0.11,1.0,0.89,0.015702009201049805
phpmPOD5A,0.11,100,0.11,1.0,0.89,0.012593984603881836
phpmPOD5A,0.16,100,0.16,1.0,0.84,0.016165733337402344
phpmPOD5A,0.16,100,0.16,1.0,0.84,0.02217245101928711
phpmPOD5A,0.16,100,0.16,1.0,0.84,0.012416601181030273
phpmPOD5A,0.16,100,0.16,1.0,0.84,0.015627145767211914
phpmPOD5A,0.16,100,0.16,1.0,0.84,0.015633344650268555
phpmPOD5A,0.16,100,0.16,1.0,0.84,0.015634775161743164
phpmPOD5A,0.16,100,0.16,1.0,0.84,0.015635967254638672
phpmPOD5A,0.16,100,0.16,1.0,0.84,0.015105247497558594
phpmPOD5A,0.16,100,0.16,1.0,0.84,0.012531757354736328
phpmPOD5A,0.16,100,0.16,1.0,0.84,0.018383502960205078
phpmPOD5A,0.21,100,0.21,1.0,0.79,0.01698017120361328
phpmPOD5A,0.21,100,0.21,1.0,0.79,0.013103723526000977
phpmPOD5A,0.21,100,0.21,1.0,0.79,0.015734195709228516
phpmPOD5A,0.21,100,0.21,1.0,0.79,0.015098333358764648
phpmPOD5A,0.21,100,0.21,1.0,0.79,0.012602090835571289
phpmPOD5A,0.21,100,0.21,1.0,0.79,0.007683515548706055
phpmPOD5A,0.21,100,0.21,1.0,0.79,0.02952289581298828
phpmPOD5A,0.21,100,0.21,1.0,0.79,0.015621185302734375
phpmPOD5A,0.21,100,0.21,1.0,0.79,0.01562643051147461
phpmPOD5A,0.21,100,0.21,1.0,0.79,0.0156707763671875
phpmPOD5A,0.26,100,0.26,1.0,0.74,0.015627145767211914
phpmPOD5A,0.26,100,0.26,1.0,0.74,0.015628814697265625
phpmPOD5A,0.26,100,0.26,1.0,0.74,0.01566457748413086
phpmPOD5A,0.26,100,0.26,1.0,0.74,0.0
phpmPOD5A,0.26,100,0.26,1.0,0.74,0.0156710147857666
phpmPOD5A,0.26,100,0.26,1.0,0.74,0.01849818229675293
phpmPOD5A,0.26,100,0.26,1.0,0.74,0.0038499832153320312
phpmPOD5A,0.26,100,0.26,1.0,0.74,0.014046430587768555
phpmPOD5A,0.26,100,0.26,1.0,0.74,0.01573348045349121
phpmPOD5A,0.26,100,0.26,1.0,0.74,0.01620650291442871
phpmPOD5A,0.32,100,0.32,1.0,0.68,0.016116619110107422
phpmPOD5A,0.32,100,0.32,1.0,0.68,0.010493755340576172
phpmPOD5A,0.32,100,0.32,1.0,0.68,0.012114286422729492
phpmPOD5A,0.32,100,0.32,1.0,0.68,0.016627788543701172
phpmPOD5A,0.32,100,0.32,1.0,0.68,0.01415252685546875
phpmPOD5A,0.32,100,0.32,1.0,0.68,0.0
phpmPOD5A,0.32,100,0.32,1.0,0.68,0.015108346939086914
phpmPOD5A,0.32,100,0.32,1.0,0.68,0.027824878692626953
phpmPOD5A,0.32,100,0.32,1.0,0.68,0.018866539001464844
phpmPOD5A,0.32,100,0.32,1.0,0.68,0.012526512145996094
phpmPOD5A,0.37,100,0.37,1.0,0.63,0.014102935791015625
phpmPOD5A,0.37,100,0.37,1.0,0.63,0.014096260070800781
phpmPOD5A,0.37,100,0.37,1.0,0.63,0.01452493667602539
phpmPOD5A,0.37,100,0.37,1.0,0.63,0.01562190055847168
phpmPOD5A,0.37,100,0.37,1.0,0.63,0.01562190055847168
phpmPOD5A,0.37,100,0.37,1.0,0.63,0.01834559440612793
phpmPOD5A,0.37,100,0.37,1.0,0.63,0.016770601272583008
phpmPOD5A,0.37,100,0.37,1.0,0.63,0.015632152557373047
phpmPOD5A,0.37,100,0.37,1.0,0.63,0.015625
phpmPOD5A,0.37,100,0.37,1.0,0.63,0.015732765197753906
phpmPOD5A,0.42,100,0.42,1.0,0.58,0.015738248825073242
phpmPOD5A,0.42,100,0.42,1.0,0.58,0.008111715316772461
phpmPOD5A,0.42,100,0.42,1.0,0.58,0.01621246337890625
phpmPOD5A,0.42,100,0.42,1.0,0.58,0.014321088790893555
phpmPOD5A,0.42,100,0.42,1.0,0.58,0.015734195709228516
phpmPOD5A,0.42,100,0.42,1.0,0.58,0.015106201171875
phpmPOD5A,0.42,100,0.42,1.0,0.58,0.016764402389526367
phpmPOD5A,0.42,100,0.42,1.0,0.58,0.01572728157043457
phpmPOD5A,0.42,100,0.42,1.0,0.58,0.01573944091796875
phpmPOD5A,0.42,100,0.42,1.0,0.58,0.015598058700561523
phpmPOD5A,0.47,100,0.47,1.0,0.53,0.015734195709228516
phpmPOD5A,0.47,100,0.47,1.0,0.53,0.010590076446533203
phpmPOD5A,0.47,100,0.47,1.0,0.53,0.029893875122070312
phpmPOD5A,0.47,100,0.47,1.0,0.53,0.015718698501586914
phpmPOD5A,0.47,100,0.47,1.0,0.53,0.015731334686279297
phpmPOD5A,0.47,100,0.47,1.0,0.53,0.015626192092895508
phpmPOD5A,0.47,100,0.47,1.0,0.53,0.015624046325683594
phpmPOD5A,0.47,100,0.47,1.0,0.53,0.015106201171875
phpmPOD5A,0.47,100,0.47,1.0,0.53,0.02533888816833496
phpmPOD5A,0.47,100,0.47,1.0,0.53,0.0
phpmPOD5A,0.53,100,0.53,1.0,0.47,0.015132665634155273
phpmPOD5A,0.53,100,0.53,1.0,0.47,0.0008897781372070312
phpmPOD5A,0.53,100,0.53,1.0,0.47,0.015348672866821289
phpmPOD5A,0.53,100,0.53,1.0,0.47,0.015633344650268555
phpmPOD5A,0.53,100,0.53,1.0,0.47,0.015630006790161133
phpmPOD5A,0.53,100,0.53,1.0,0.47,0.0
phpmPOD5A,0.53,100,0.53,1.0,0.47,0.01878809928894043
phpmPOD5A,0.53,100,0.53,1.0,0.47,0.027124881744384766
phpmPOD5A,0.53,100,0.53,1.0,0.47,0.015624761581420898
phpmPOD5A,0.53,100,0.53,1.0,0.47,0.01562786102294922
phpmPOD5A,0.58,100,0.58,1.0,0.42,0.015660762786865234
phpmPOD5A,0.58,100,0.58,1.0,0.42,0.015611648559570312
phpmPOD5A,0.58,100,0.58,1.0,0.42,0.01572442054748535
phpmPOD5A,0.58,100,0.58,1.0,0.42,0.015104055404663086
phpmPOD5A,0.58,100,0.58,1.0,0.42,0.014016151428222656
phpmPOD5A,0.58,100,0.58,1.0,0.42,0.013102293014526367
phpmPOD5A,0.58,100,0.58,1.0,0.42,0.020325183868408203
phpmPOD5A,0.58,100,0.58,1.0,0.42,0.015730619430541992
phpmPOD5A,0.58,100,0.58,1.0,0.42,0.015737295150756836
phpmPOD5A,0.58,100,0.58,1.0,0.42,0.002104520797729492
phpmPOD5A,0.63,100,0.63,1.0,0.37,0.0156707763671875
phpmPOD5A,0.63,100,0.63,1.0,0.37,0.01418757438659668
phpmPOD5A,0.63,100,0.63,1.0,0.37,0.015631914138793945
phpmPOD5A,0.63,100,0.63,1.0,0.37,0.015582084655761719
phpmPOD5A,0.63,100,0.63,1.0,0.37,0.01510167121887207
phpmPOD5A,0.63,100,0.63,1.0,0.37,0.0037841796875
phpmPOD5A,0.63,100,0.63,1.0,0.37,0.01457071304321289
phpmPOD5A,0.63,100,0.63,1.0,0.37,0.0
phpmPOD5A,0.63,100,0.63,1.0,0.37,0.01572871208190918
phpmPOD5A,0.63,100,0.63,1.0,0.37,0.0038068294525146484
phpmPOD5A,0.68,100,0.68,1.0,0.32,0.015626192092895508
phpmPOD5A,0.68,100,0.68,1.0,0.32,0.0
phpmPOD5A,0.68,100,0.68,1.0,0.32,0.01139211654663086
phpmPOD5A,0.68,100,0.68,1.0,0.32,0.015619754791259766
phpmPOD5A,0.68,100,0.68,1.0,0.32,0.016574382781982422
phpmPOD5A,0.68,100,0.68,1.0,0.32,0.007791280746459961
phpmPOD5A,0.68,100,0.68,1.0,0.32,0.016204833984375
phpmPOD5A,0.68,100,0.68,1.0,0.32,0.01524972915649414
phpmPOD5A,0.68,100,0.68,1.0,0.32,0.015624046325683594
phpmPOD5A,0.68,100,0.68,1.0,0.32,0.015624761581420898
phpmPOD5A,0.74,100,0.74,1.0,0.26,0.015682697296142578
phpmPOD5A,0.74,100,0.74,1.0,0.26,0.0
phpmPOD5A,0.74,100,0.74,1.0,0.26,0.0038394927978515625
phpmPOD5A,0.74,100,0.74,1.0,0.26,0.012005090713500977
phpmPOD5A,0.74,100,0.74,1.0,0.26,0.0
phpmPOD5A,0.74,100,0.74,1.0,0.26,0.027324914932250977
phpmPOD5A,0.74,100,0.74,1.0,0.26,0.013384580612182617
phpmPOD5A,0.74,100,0.74,1.0,0.26,0.015618085861206055
phpmPOD5A,0.74,100,0.74,1.0,0.26,0.015614032745361328
phpmPOD5A,0.74,100,0.74,1.0,0.26,0.015618562698364258
phpmPOD5A,0.79,100,0.79,1.0,0.21,0.01562952995300293
phpmPOD5A,0.79,100,0.79,1.0,0.21,0.015621662139892578
phpmPOD5A,0.79,100,0.79,1.0,0.21,0.015621423721313477
phpmPOD5A,0.79,100,0.79,1.0,0.21,0.01563429832458496
phpmPOD5A,0.79,100,0.79,1.0,0.21,0.015111684799194336
phpmPOD5A,0.79,100,0.79,1.0,0.21,0.01510930061340332
phpmPOD5A,0.79,100,0.79,1.0,0.21,0.014940977096557617
phpmPOD5A,0.79,100,0.79,1.0,0.21,0.015588760375976562
phpmPOD5A,0.79,100,0.79,1.0,0.21,0.0
phpmPOD5A,0.79,100,0.79,1.0,0.21,0.015106201171875
phpmPOD5A,0.84,100,0.84,1.0,0.16,0.012611150741577148
phpmPOD5A,0.84,100,0.84,1.0,0.16,0.015109777450561523
phpmPOD5A,0.84,100,0.84,1.0,0.16,0.015665531158447266
phpmPOD5A,0.84,100,0.84,1.0,0.16,0.026790618896484375
phpmPOD5A,0.84,100,0.84,1.0,0.16,0.0
phpmPOD5A,0.84,100,0.84,1.0,0.16,0.015623092651367188
phpmPOD5A,0.84,100,0.84,1.0,0.16,0.015619993209838867
phpmPOD5A,0.84,100,0.84,1.0,0.16,0.015620231628417969
phpmPOD5A,0.84,100,0.84,1.0,0.16,0.015728473663330078
phpmPOD5A,0.84,100,0.84,1.0,0.16,0.015109062194824219
phpmPOD5A,0.89,100,0.89,1.0,0.11,0.003771066665649414
phpmPOD5A,0.89,100,0.89,1.0,0.11,0.01573014259338379
phpmPOD5A,0.89,100,0.89,1.0,0.11,0.01572394371032715
phpmPOD5A,0.89,100,0.89,1.0,0.11,0.013605594635009766
phpmPOD5A,0.89,100,0.89,1.0,0.11,0.019176244735717773
phpmPOD5A,0.89,100,0.89,1.0,0.11,0.022180557250976562
phpmPOD5A,0.89,100,0.89,1.0,0.11,0.015729904174804688
phpmPOD5A,0.89,100,0.89,1.0,0.11,0.00182342529296875
phpmPOD5A,0.89,100,0.89,1.0,0.11,0.015620708465576172
phpmPOD5A,0.89,100,0.89,1.0,0.11,0.015731096267700195
phpmPOD5A,0.95,100,0.95,1.0,0.05,0.0
phpmPOD5A,0.95,100,0.95,1.0,0.05,0.008962154388427734
phpmPOD5A,0.95,100,0.95,1.0,0.05,0.021663665771484375
phpmPOD5A,0.95,100,0.95,1.0,0.05,0.0
phpmPOD5A,0.95,100,0.95,1.0,0.05,0.0290219783782959
phpmPOD5A,0.95,100,0.95,1.0,0.05,0.02072596549987793
phpmPOD5A,0.95,100,0.95,1.0,0.05,0.01411747932434082
phpmPOD5A,0.95,100,0.95,1.0,0.05,0.01557302474975586
phpmPOD5A,0.95,100,0.95,1.0,0.05,0.024211406707763672
phpmPOD5A,0.95,100,0.95,1.0,0.05,0.012303829193115234
phpmPOD5A,1.0,100,1.0,1.0,0.0,0.0
phpmPOD5A,1.0,100,1.0,1.0,0.0,0.016207218170166016
phpmPOD5A,1.0,100,1.0,1.0,0.0,0.015105485916137695
phpmPOD5A,1.0,100,1.0,1.0,0.0,0.018876075744628906
phpmPOD5A,1.0,100,1.0,1.0,0.0,0.015630483627319336
phpmPOD5A,1.0,100,1.0,1.0,0.0,0.0008368492126464844
phpmPOD5A,1.0,100,1.0,1.0,0.0,0.01573014259338379
phpmPOD5A,1.0,100,1.0,1.0,0.0,0.015739917755126953
phpmPOD5A,1.0,100,1.0,1.0,0.0,0.0026009082794189453
phpmPOD5A,1.0,100,1.0,1.0,0.0,0.015727758407592773
phpV5QYya,0.0,100,0.0,0.0,0.0,0.01562976837158203
phpV5QYya,0.0,100,0.0,0.02,0.02,0.019408226013183594
phpV5QYya,0.0,100,0.0,0.0,0.0,0.005600690841674805
phpV5QYya,0.0,100,0.0,0.04,0.04,0.028235197067260742
phpV5QYya,0.0,100,0.0,0.04,0.04,0.020333528518676758
phpV5QYya,0.0,100,0.0,0.0,0.0,0.025307178497314453
phpV5QYya,0.0,100,0.0,0.05,0.05,0.012710094451904297
phpV5QYya,0.0,100,0.0,0.0,0.0,0.01569986343383789
phpV5QYya,0.0,100,0.0,0.0,0.0,0.015080690383911133
phpV5QYya,0.0,100,0.0,0.01,0.01,0.015715360641479492
phpV5QYya,0.05,100,0.05,0.06,0.01,0.015626192092895508
phpV5QYya,0.05,100,0.05,0.05,0.0,0.01563405990600586
phpV5QYya,0.05,100,0.05,0.08,0.03,0.015630006790161133
phpV5QYya,0.05,100,0.05,0.05,0.0,0.01774120330810547
phpV5QYya,0.05,100,0.05,0.05,0.0,0.018525123596191406
phpV5QYya,0.05,100,0.05,0.11,0.06,0.014742136001586914
phpV5QYya,0.05,100,0.05,0.05,0.0,0.001745462417602539
phpV5QYya,0.05,100,0.05,0.05,0.0,0.015097856521606445
phpV5QYya,0.05,100,0.05,0.0,0.05,0.015714406967163086
phpV5QYya,0.05,100,0.05,0.05,0.0,0.015610456466674805
phpV5QYya,0.11,100,0.11,0.06,0.05,0.01915144920349121
phpV5QYya,0.11,100,0.11,0.14,0.03,0.014550924301147461
phpV5QYya,0.11,100,0.11,0.13,0.02,0.015178442001342773
phpV5QYya,0.11,100,0.11,0.08,0.03,0.015722990036010742
phpV5QYya,0.11,100,0.11,0.1,0.01,0.017292499542236328
phpV5QYya,0.11,100,0.11,0.13,0.02,0.0
phpV5QYya,0.11,100,0.11,0.1,0.01,0.015628337860107422
phpV5QYya,0.11,100,0.11,0.16,0.05,0.015631675720214844
phpV5QYya,0.11,100,0.11,0.07,0.04,0.015637636184692383
phpV5QYya,0.11,100,0.11,0.13,0.02,0.015613079071044922
phpV5QYya,0.16,100,0.16,0.16,0.0,0.021645545959472656
phpV5QYya,0.16,100,0.16,0.16,0.0,0.029052734375
phpV5QYya,0.16,100,0.16,0.12,0.04,0.013334035873413086
phpV5QYya,0.16,100,0.16,0.15,0.01,0.015079975128173828
phpV5QYya,0.16,100,0.16,0.14,0.02,0.008258819580078125
phpV5QYya,0.16,100,0.16,0.13,0.03,0.01570749282836914
phpV5QYya,0.16,100,0.16,0.15,0.01,0.015628814697265625
phpV5QYya,0.16,100,0.16,0.12,0.04,0.015710115432739258
phpV5QYya,0.16,100,0.16,0.14,0.02,0.015627145767211914
phpV5QYya,0.16,100,0.16,0.2,0.04,0.015709400177001953
phpV5QYya,0.21,100,0.21,0.27,0.06,0.015623807907104492
phpV5QYya,0.21,100,0.21,0.19,0.02,0.007695913314819336
phpV5QYya,0.21,100,0.21,0.19,0.02,0.015087366104125977
phpV5QYya,0.21,100,0.21,0.2,0.01,0.01973414421081543
phpV5QYya,0.21,100,0.21,0.22,0.01,0.011545419692993164
phpV5QYya,0.21,100,0.21,0.27,0.06,0.0
phpV5QYya,0.21,100,0.21,0.21,0.0,0.015080928802490234
phpV5QYya,0.21,100,0.21,0.22,0.01,0.0
phpV5QYya,0.21,100,0.21,0.15,0.06,0.015083551406860352
phpV5QYya,0.21,100,0.21,0.19,0.02,0.015714645385742188
phpV5QYya,0.26,100,0.26,0.25,0.01,0.015712738037109375
phpV5QYya,0.26,100,0.26,0.26,0.0,0.016306400299072266
phpV5QYya,0.26,100,0.26,0.21,0.05,0.01562976837158203
phpV5QYya,0.26,100,0.26,0.24,0.02,0.009582757949829102
phpV5QYya,0.26,100,0.26,0.24,0.02,0.012613534927368164
phpV5QYya,0.26,100,0.26,0.3,0.04,0.01720738410949707
phpV5QYya,0.26,100,0.26,0.27,0.01,0.01562786102294922
phpV5QYya,0.26,100,0.26,0.29,0.03,0.0
phpV5QYya,0.26,100,0.26,0.22,0.04,0.015573978424072266
phpV5QYya,0.26,100,0.26,0.25,0.01,0.01564335823059082
phpV5QYya,0.32,100,0.32,0.32,0.0,0.015079498291015625
phpV5QYya,0.32,100,0.32,0.35,0.03,0.015624523162841797
phpV5QYya,0.32,100,0.32,0.34,0.02,0.015714168548583984
phpV5QYya,0.32,100,0.32,0.32,0.0,0.02871394157409668
phpV5QYya,0.32,100,0.32,0.26,0.06,0.015622854232788086
phpV5QYya,0.32,100,0.32,0.33,0.01,0.015712499618530273
phpV5QYya,0.32,100,0.32,0.32,0.0,0.02581310272216797
phpV5QYya,0.32,100,0.32,0.31,0.01,0.015715360641479492
phpV5QYya,0.32,100,0.32,0.28,0.04,0.015714645385742188
phpV5QYya,0.32,100,0.32,0.35,0.03,0.016788721084594727
phpV5QYya,0.37,100,0.37,0.37,0.0,0.010590791702270508
phpV5QYya,0.37,100,0.37,0.39,0.02,0.015165328979492188
phpV5QYya,0.37,100,0.37,0.38,0.01,0.0
phpV5QYya,0.37,100,0.37,0.38,0.01,0.013252973556518555
phpV5QYya,0.37,100,0.37,0.36,0.01,0.0039031505584716797
phpV5QYya,0.37,100,0.37,0.37,0.0,0.015083789825439453
phpV5QYya,0.37,100,0.37,0.37,0.0,0.015711307525634766
phpV5QYya,0.37,100,0.37,0.36,0.01,0.015095710754394531
phpV5QYya,0.37,100,0.37,0.35,0.02,0.01571059226989746
phpV5QYya,0.37,100,0.37,0.38,0.01,0.01571369171142578
phpV5QYya,0.42,100,0.42,0.44,0.02,0.015727519989013672
phpV5QYya,0.42,100,0.42,0.39,0.03,0.015616655349731445
phpV5QYya,0.42,100,0.42,0.38,0.04,0.015623092651367188
phpV5QYya,0.42,100,0.42,0.44,0.02,0.01561594009399414
phpV5QYya,0.42,100,0.42,0.4,0.02,0.024603843688964844
phpV5QYya,0.42,100,0.42,0.38,0.04,0.025232553482055664
phpV5QYya,0.42,100,0.42,0.44,0.02,0.015084266662597656
phpV5QYya,0.42,100,0.42,0.4,0.02,0.015715837478637695
phpV5QYya,0.42,100,0.42,0.41,0.01,0.015711069107055664
phpV5QYya,0.42,100,0.42,0.45,0.03,0.015627384185791016
phpV5QYya,0.47,100,0.47,0.49,0.02,0.015629053115844727
phpV5QYya,0.47,100,0.47,0.41,0.06,0.015625953674316406
phpV5QYya,0.47,100,0.47,0.44,0.03,0.015711307525634766
phpV5QYya,0.47,100,0.47,0.55,0.08,0.014250516891479492
phpV5QYya,0.47,100,0.47,0.46,0.01,0.017638206481933594
phpV5QYya,0.47,100,0.47,0.44,0.03,0.018540143966674805
phpV5QYya,0.47,100,0.47,0.47,0.0,0.0
phpV5QYya,0.47,100,0.47,0.46,0.01,0.021948575973510742
phpV5QYya,0.47,100,0.47,0.43,0.04,0.01630401611328125
phpV5QYya,0.47,100,0.47,0.52,0.05,0.027846336364746094
phpV5QYya,0.53,100,0.53,0.52,0.01,0.004952669143676758
phpV5QYya,0.53,100,0.53,0.55,0.02,0.015616655349731445
phpV5QYya,0.53,100,0.53,0.5,0.03,0.015621185302734375
phpV5QYya,0.53,100,0.53,0.58,0.05,0.025177001953125
phpV5QYya,0.53,100,0.53,0.48,0.05,0.015625
phpV5QYya,0.53,100,0.53,0.52,0.01,0.015619993209838867
phpV5QYya,0.53,100,0.53,0.48,0.05,0.015713930130004883
phpV5QYya,0.53,100,0.53,0.51,0.02,0.027034521102905273
phpV5QYya,0.53,100,0.53,0.54,0.01,0.012314081192016602
phpV5QYya,0.53,100,0.53,0.52,0.01,0.014239788055419922
phpV5QYya,0.58,100,0.58,0.59,0.01,0.003924131393432617
phpV5QYya,0.58,100,0.58,0.59,0.01,0.01508641242980957
phpV5QYya,0.58,100,0.58,0.58,0.0,0.015717744827270508
phpV5QYya,0.58,100,0.58,0.57,0.01,0.023177146911621094
phpV5QYya,0.58,100,0.58,0.58,0.0,0.015722990036010742
phpV5QYya,0.58,100,0.58,0.58,0.0,0.01571488380432129
phpV5QYya,0.58,100,0.58,0.56,0.02,0.0
phpV5QYya,0.58,100,0.58,0.55,0.03,0.015714168548583984
phpV5QYya,0.58,100,0.58,0.56,0.02,0.01571345329284668
phpV5QYya,0.58,100,0.58,0.55,0.03,0.012432098388671875
phpV5QYya,0.63,100,0.63,0.65,0.02,0.015717267990112305
phpV5QYya,0.63,100,0.63,0.64,0.01,0.01562976837158203
phpV5QYya,0.63,100,0.63,0.58,0.05,0.009070158004760742
phpV5QYya,0.63,100,0.63,0.62,0.01,0.004487037658691406
phpV5QYya,0.63,100,0.63,0.61,0.02,0.0009260177612304688
phpV5QYya,0.63,100,0.63,0.65,0.02,0.015149354934692383
phpV5QYya,0.63,100,0.63,0.58,0.05,0.015697717666625977
phpV5QYya,0.63,100,0.63,0.69,0.06,0.015081167221069336
phpV5QYya,0.63,100,0.63,0.62,0.01,0.0055942535400390625
phpV5QYya,0.63,100,0.63,0.63,0.0,0.0
phpV5QYya,0.68,100,0.68,0.7,0.02,0.013585090637207031
phpV5QYya,0.68,100,0.68,0.64,0.04,0.01563882827758789
phpV5QYya,0.68,100,0.68,0.61,0.07,0.010091781616210938
phpV5QYya,0.68,100,0.68,0.66,0.02,0.013964653015136719
phpV5QYya,0.68,100,0.68,0.64,0.04,0.015709877014160156
phpV5QYya,0.68,100,0.68,0.66,0.02,0.015616178512573242
phpV5QYya,0.68,100,0.68,0.61,0.07,0.014375448226928711
phpV5QYya,0.68,100,0.68,0.69,0.01,0.005919694900512695
phpV5QYya,0.68,100,0.68,0.61,0.07,0.001194000244140625
phpV5QYya,0.68,100,0.68,0.69,0.01,0.015003442764282227
phpV5QYya,0.74,100,0.74,0.75,0.01,0.004583597183227539
phpV5QYya,0.74,100,0.74,0.73,0.01,0.015711545944213867
phpV5QYya,0.74,100,0.74,0.76,0.02,0.016560077667236328
phpV5QYya,0.74,100,0.74,0.7,0.04,0.0274658203125
phpV5QYya,0.74,100,0.74,0.73,0.01,0.026385068893432617
phpV5QYya,0.74,100,0.74,0.73,0.01,0.029378890991210938
phpV5QYya,0.74,100,0.74,0.7,0.04,0.014702081680297852
phpV5QYya,0.74,100,0.74,0.75,0.01,0.0039000511169433594
phpV5QYya,0.74,100,0.74,0.71,0.03,0.015079975128173828
phpV5QYya,0.74,100,0.74,0.73,0.01,0.015084028244018555
phpV5QYya,0.79,100,0.79,0.77,0.02,0.015711069107055664
phpV5QYya,0.79,100,0.79,0.75,0.04,0.015079021453857422
phpV5QYya,0.79,100,0.79,0.81,0.02,0.01570892333984375
phpV5QYya,0.79,100,0.79,0.82,0.03,0.01569819450378418
phpV5QYya,0.79,100,0.79,0.84,0.05,0.015712499618530273
phpV5QYya,0.79,100,0.79,0.76,0.03,0.015625953674316406
phpV5QYya,0.79,100,0.79,0.77,0.02,0.01571178436279297
phpV5QYya,0.79,100,0.79,0.78,0.01,0.018436431884765625
phpV5QYya,0.79,100,0.79,0.79,0.0,0.018189668655395508
phpV5QYya,0.79,100,0.79,0.78,0.01,0.018487215042114258
phpV5QYya,0.84,100,0.84,0.82,0.02,0.02596116065979004
phpV5QYya,0.84,100,0.84,0.85,0.01,0.01221466064453125
phpV5QYya,0.84,100,0.84,0.85,0.01,0.022212743759155273
phpV5QYya,0.84,100,0.84,0.82,0.02,0.01569819450378418
phpV5QYya,0.84,100,0.84,0.82,0.02,0.015712499618530273
phpV5QYya,0.84,100,0.84,0.84,0.0,0.01562786102294922
phpV5QYya,0.84,100,0.84,0.78,0.06,0.015715837478637695
phpV5QYya,0.84,100,0.84,0.82,0.02,0.015641212463378906
phpV5QYya,0.84,100,0.84,0.84,0.0,0.012090444564819336
phpV5QYya,0.84,100,0.84,0.79,0.05,0.02828383445739746
phpV5QYya,0.89,100,0.89,0.84,0.05,0.017890214920043945
phpV5QYya,0.89,100,0.89,0.92,0.03,0.021378040313720703
phpV5QYya,0.89,100,0.89,0.91,0.02,0.022332191467285156
phpV5QYya,0.89,100,0.89,0.83,0.06,0.00477910041809082
phpV5QYya,0.89,100,0.89,0.89,0.0,0.0
phpV5QYya,0.89,100,0.89,0.84,0.05,0.01572132110595703
phpV5QYya,0.89,100,0.89,0.91,0.02,0.015718698501586914
phpV5QYya,0.89,100,0.89,0.82,0.07,0.015620708465576172
phpV5QYya,0.89,100,0.89,0.83,0.06,0.008587121963500977
phpV5QYya,0.89,100,0.89,0.88,0.01,0.0
phpV5QYya,0.95,100,0.95,0.94,0.01,0.016176223754882812
phpV5QYya,0.95,100,0.95,0.93,0.02,0.015620708465576172
phpV5QYya,0.95,100,0.95,0.93,0.02,0.02179098129272461
phpV5QYya,0.95,100,0.95,0.95,0.0,0.02875971794128418
phpV5QYya,0.95,100,0.95,0.99,0.04,0.008394241333007812
phpV5QYya,0.95,100,0.95,0.96,0.01,0.011183023452758789
phpV5QYya,0.95,100,0.95,0.94,0.01,0.010087728500366211
phpV5QYya,0.95,100,0.95,0.95,0.0,0.015088081359863281
phpV5QYya,0.95,100,0.95,0.94,0.01,0.013597726821899414
phpV5QYya,0.95,100,0.95,0.91,0.04,0.015625715255737305
phpV5QYya,1.0,100,1.0,1.0,0.0,0.00959014892578125
phpV5QYya,1.0,100,1.0,1.0,0.0,0.01562976837158203
phpV5QYya,1.0,100,1.0,1.0,0.0,0.015275716781616211
phpV5QYya,1.0,100,1.0,0.98,0.02,0.009679555892944336
phpV5QYya,1.0,100,1.0,0.97,0.03,0.008537054061889648
phpV5QYya,1.0,100,1.0,1.0,0.0,0.014004230499267578
phpV5QYya,1.0,100,1.0,1.0,0.0,0.015154838562011719
phpV5QYya,1.0,100,1.0,0.99,0.01,0.015080928802490234
phpV5QYya,1.0,100,1.0,0.97,0.03,0.015080928802490234
phpV5QYya,1.0,100,1.0,0.94,0.06,0.015081405639648438
pol,0.0,100,0.0,0.0,0.0,0.0009322166442871094
pol,0.0,100,0.0,0.01,0.01,0.010085821151733398
pol,0.0,100,0.0,0.0,0.0,0.004086494445800781
pol,0.0,100,0.0,0.0,0.0,0.001585245132446289
pol,0.0,100,0.0,0.0,0.0,0.01572251319885254
pol,0.0,100,0.0,0.0,0.0,0.015722990036010742
pol,0.0,100,0.0,0.0,0.0,0.0018651485443115234
pol,0.0,100,0.0,0.0,0.0,0.01561880111694336
pol,0.0,100,0.0,0.0,0.0,0.0262148380279541
pol,0.0,100,0.0,0.0,0.0,0.01562666893005371
pol,0.05,100,0.05,0.12,0.07,0.0
pol,0.05,100,0.05,0.0,0.05,0.0
pol,0.05,100,0.05,0.04,0.01,0.015081167221069336
pol,0.05,100,0.05,0.04,0.01,0.015622138977050781
pol,0.05,100,0.05,0.08,0.03,0.01570892333984375
pol,0.05,100,0.05,0.06,0.01,0.015711307525634766
pol,0.05,100,0.05,0.0,0.05,0.015716552734375
pol,0.05,100,0.05,0.0,0.05,0.01562643051147461
pol,0.05,100,0.05,0.09,0.04,0.01571965217590332
pol,0.05,100,0.05,0.06,0.01,0.0
pol,0.11,100,0.11,0.15,0.04,0.014452219009399414
pol,0.11,100,0.11,0.04,0.07,0.015617847442626953
pol,0.11,100,0.11,0.08,0.03,0.024235010147094727
pol,0.11,100,0.11,0.11,0.0,0.0
pol,0.11,100,0.11,0.11,0.0,0.018500089645385742
pol,0.11,100,0.11,0.12,0.01,0.0041656494140625
pol,0.11,100,0.11,0.12,0.01,0.023581266403198242
pol,0.11,100,0.11,0.07,0.04,0.0
pol,0.11,100,0.11,0.08,0.03,0.015619039535522461
pol,0.11,100,0.11,0.09,0.02,0.01720714569091797
pol,0.16,100,0.16,0.15,0.01,0.01819753646850586
pol,0.16,100,0.16,0.12,0.04,0.02020740509033203
pol,0.16,100,0.16,0.12,0.04,0.014221906661987305
pol,0.16,100,0.16,0.15,0.01,0.006044149398803711
pol,0.16,100,0.16,0.29,0.13,0.01515054702758789
pol,0.16,100,0.16,0.04,0.12,0.005087375640869141
pol,0.16,100,0.16,0.16,0.0,0.0
pol,0.16,100,0.16,0.15,0.01,0.015707015991210938
pol,0.16,100,0.16,0.2,0.04,0.015698909759521484
pol,0.16,100,0.16,0.16,0.0,0.004879951477050781
pol,0.21,100,0.21,0.19,0.02,0.01508021354675293
pol,0.21,100,0.21,0.23,0.02,0.015705585479736328
pol,0.21,100,0.21,0.28,0.07,0.01931452751159668
pol,0.21,100,0.21,0.23,0.02,0.01571345329284668
pol,0.21,100,0.21,0.15,0.06,0.015085935592651367
pol,0.21,100,0.21,0.18,0.03,0.015712261199951172
pol,0.21,100,0.21,0.19,0.02,0.014265298843383789
pol,0.21,100,0.21,0.2,0.01,0.01762676239013672
pol,0.21,100,0.21,0.26,0.05,0.02469015121459961
pol,0.21,100,0.21,0.24,0.03,0.015712261199951172
pol,0.26,100,0.26,0.24,0.02,0.015629291534423828
pol,0.26,100,0.26,0.33,0.07,0.0
pol,0.26,100,0.26,0.2,0.06,0.01743006706237793
pol,0.26,100,0.26,0.33,0.07,0.01561737060546875
pol,0.26,100,0.26,0.21,0.05,0.0009150505065917969
pol,0.26,100,0.26,0.3,0.04,0.015625715255737305
pol,0.26,100,0.26,0.25,0.01,0.015073537826538086
pol,0.26,100,0.26,0.2,0.06,0.0
pol,0.26,100,0.26,0.17,0.09,0.015075206756591797
pol,0.26,100,0.26,0.28,0.02,0.015631437301635742
pol,0.32,100,0.32,0.32,0.0,0.015085697174072266
pol,0.32,100,0.32,0.35,0.03,0.015622138977050781
pol,0.32,100,0.32,0.32,0.0,0.01114964485168457
pol,0.32,100,0.32,0.26,0.06,0.0
pol,0.32,100,0.32,0.32,0.0,0.015710115432739258
pol,0.32,100,0.32,0.32,0.0,0.015614748001098633
pol,0.32,100,0.32,0.34,0.02,0.018577098846435547
pol,0.32,100,0.32,0.34,0.02,0.0
pol,0.32,100,0.32,0.37,0.05,0.01213979721069336
pol,0.32,100,0.32,0.37,0.05,0.0
pol,0.37,100,0.37,0.36,0.01,0.015711545944213867
pol,0.37,100,0.37,0.37,0.0,0.015616655349731445
pol,0.37,100,0.37,0.35,0.02,0.0166623592376709
pol,0.37,100,0.37,0.34,0.03,0.015708446502685547
pol,0.37,100,0.37,0.42,0.05,0.015620946884155273
pol,0.37,100,0.37,0.4,0.03,0.015624523162841797
pol,0.37,100,0.37,0.34,0.03,0.015084266662597656
pol,0.37,100,0.37,0.44,0.07,0.01570606231689453
pol,0.37,100,0.37,0.39,0.02,0.01562643051147461
pol,0.37,100,0.37,0.29,0.08,0.010131120681762695
pol,0.42,100,0.42,0.42,0.0,0.015614748001098633
pol,0.42,100,0.42,0.44,0.02,0.013398885726928711
pol,0.42,100,0.42,0.49,0.07,0.014825105667114258
pol,0.42,100,0.42,0.37,0.05,0.002920866012573242
pol,0.42,100,0.42,0.49,0.07,0.023187875747680664
pol,0.42,100,0.42,0.51,0.09,0.0008401870727539062
pol,0.42,100,0.42,0.5,0.08,0.015635967254638672
pol,0.42,100,0.42,0.42,0.0,0.015715360641479492
pol,0.42,100,0.42,0.42,0.0,0.015014171600341797
pol,0.42,100,0.42,0.45,0.03,0.01573348045349121
pol,0.47,100,0.47,0.52,0.05,0.020247697830200195
pol,0.47,100,0.47,0.5,0.03,0.019407987594604492
pol,0.47,100,0.47,0.57,0.1,0.008087158203125
pol,0.47,100,0.47,0.48,0.01,0.01566767692565918
pol,0.47,100,0.47,0.5,0.03,0.0032138824462890625
pol,0.47,100,0.47,0.52,0.05,0.015086889266967773
pol,0.47,100,0.47,0.49,0.02,0.003579378128051758
pol,0.47,100,0.47,0.45,0.02,0.015169382095336914
pol,0.47,100,0.47,0.45,0.02,0.007582426071166992
pol,0.47,100,0.47,0.55,0.08,0.0
pol,0.53,100,0.53,0.57,0.04,0.0
pol,0.53,100,0.53,0.55,0.02,0.016171693801879883
pol,0.53,100,0.53,0.56,0.03,0.016173124313354492
pol,0.53,100,0.53,0.47,0.06,0.0015828609466552734
pol,0.53,100,0.53,0.5,0.03,0.01100611686706543
pol,0.53,100,0.53,0.62,0.09,0.001013040542602539
pol,0.53,100,0.53,0.48,0.05,0.013621807098388672
pol,0.53,100,0.53,0.5,0.03,0.011075019836425781
pol,0.53,100,0.53,0.54,0.01,0.0014734268188476562
pol,0.53,100,0.53,0.58,0.05,0.008082151412963867
pol,0.58,100,0.58,0.6,0.02,0.015087366104125977
pol,0.58,100,0.58,0.63,0.05,0.010084152221679688
pol,0.58,100,0.58,0.61,0.03,0.016188383102416992
pol,0.58,100,0.58,0.55,0.03,0.023165464401245117
pol,0.58,100,0.58,0.62,0.04,0.027811765670776367
pol,0.58,100,0.58,0.61,0.03,0.01562643051147461
pol,0.58,100,0.58,0.65,0.07,0.010789871215820312
pol,0.58,100,0.58,0.54,0.04,0.015621185302734375
pol,0.58,100,0.58,0.55,0.03,0.013470649719238281
pol,0.58,100,0.58,0.63,0.05,0.01570439338684082
pol,0.63,100,0.63,0.61,0.02,0.018444061279296875
pol,0.63,100,0.63,0.7,0.07,0.0035886764526367188
pol,0.63,100,0.63,0.62,0.01,0.01508188247680664
pol,0.63,100,0.63,0.66,0.03,0.017199277877807617
pol,0.63,100,0.63,0.62,0.01,0.0191342830657959
pol,0.63,100,0.63,0.64,0.01,0.02533555030822754
pol,0.63,100,0.63,0.61,0.02,0.0
pol,0.63,100,0.63,0.62,0.01,0.0
pol,0.63,100,0.63,0.58,0.05,0.0025925636291503906
pol,0.63,100,0.63,0.66,0.03,0.013131141662597656
pol,0.68,100,0.68,0.69,0.01,0.0035064220428466797
pol,0.68,100,0.68,0.71,0.03,0.010506868362426758
pol,0.68,100,0.68,0.68,0.0,0.023702144622802734
pol,0.68,100,0.68,0.66,0.02,0.01571178436279297
pol,0.68,100,0.68,0.68,0.0,0.02121710777282715
pol,0.68,100,0.68,0.7,0.02,0.01570868492126465
pol,0.68,100,0.68,0.67,0.01,0.028333663940429688
pol,0.68,100,0.68,0.71,0.03,0.015719175338745117
pol,0.68,100,0.68,0.68,0.0,0.0
pol,0.68,100,0.68,0.74,0.06,0.015722274780273438
pol,0.74,100,0.74,0.84,0.1,0.0156252384185791
pol,0.74,100,0.74,0.89,0.15,0.015115499496459961
pol,0.74,100,0.74,0.69,0.05,0.0
pol,0.74,100,0.74,0.7,0.04,0.0157163143157959
pol,0.74,100,0.74,0.85,0.11,0.015078544616699219
pol,0.74,100,0.74,0.76,0.02,0.015713214874267578
pol,0.74,100,0.74,0.71,0.03,0.016924381256103516
pol,0.74,100,0.74,0.72,0.02,0.015633821487426758
pol,0.74,100,0.74,0.74,0.0,0.015631675720214844
pol,0.74,100,0.74,0.77,0.03,0.010960102081298828
pol,0.79,100,0.79,0.77,0.02,0.015705347061157227
pol,0.79,100,0.79,0.77,0.02,0.024677753448486328
pol,0.79,100,0.79,0.74,0.05,0.0
pol,0.79,100,0.79,0.89,0.1,0.012340307235717773
pol,0.79,100,0.79,0.77,0.02,0.01562643051147461
pol,0.79,100,0.79,0.81,0.02,0.0029442310333251953
pol,0.79,100,0.79,0.82,0.03,0.022424697875976562
pol,0.79,100,0.79,0.82,0.03,0.016164302825927734
pol,0.79,100,0.79,0.77,0.02,0.014946222305297852
pol,0.79,100,0.79,0.76,0.03,0.01618671417236328
pol,0.84,100,0.84,0.92,0.08,0.013582468032836914
pol,0.84,100,0.84,0.88,0.04,0.019515514373779297
pol,0.84,100,0.84,0.78,0.06,0.014585733413696289
pol,0.84,100,0.84,0.89,0.05,0.02946186065673828
pol,0.84,100,0.84,0.85,0.01,0.021713972091674805
pol,0.84,100,0.84,0.85,0.01,0.009411811828613281
pol,0.84,100,0.84,0.95,0.11,0.012590646743774414
pol,0.84,100,0.84,0.86,0.02,0.02792668342590332
pol,0.84,100,0.84,0.85,0.01,0.01952075958251953
pol,0.84,100,0.84,0.83,0.01,0.02225470542907715
pol,0.89,100,0.89,0.86,0.03,0.01562666893005371
pol,0.89,100,0.89,0.93,0.04,0.018598318099975586
pol,0.89,100,0.89,0.92,0.03,0.01763319969177246
pol,0.89,100,0.89,0.9,0.01,0.014451026916503906
pol,0.89,100,0.89,0.88,0.01,0.01616501808166504
pol,0.89,100,0.89,0.92,0.03,0.011039495468139648
pol,0.89,100,0.89,0.86,0.03,0.01570892333984375
pol,0.89,100,0.89,0.96,0.07,0.0
pol,0.89,100,0.89,0.83,0.06,0.015210866928100586
pol,0.89,100,0.89,0.86,0.03,0.015619516372680664
pol,0.95,100,0.95,0.96,0.01,0.01235508918762207
pol,0.95,100,0.95,0.98,0.03,0.015624761581420898
pol,0.95,100,0.95,0.95,0.0,0.029100418090820312
pol,0.95,100,0.95,1.0,0.05,0.02475285530090332
pol,0.95,100,0.95,1.0,0.05,0.022504329681396484
pol,0.95,100,0.95,0.98,0.03,0.015630483627319336
pol,0.95,100,0.95,0.95,0.0,0.004912137985229492
pol,0.95,100,0.95,1.0,0.05,0.01571059226989746
pol,0.95,100,0.95,1.0,0.05,0.014885425567626953
pol,0.95,100,0.95,1.0,0.05,0.015629053115844727
pol,1.0,100,1.0,1.0,0.0,0.015166759490966797
pol,1.0,100,1.0,1.0,0.0,0.016724824905395508
pol,1.0,100,1.0,1.0,0.0,0.008084297180175781
pol,1.0,100,1.0,1.0,0.0,0.00858449935913086
pol,1.0,100,1.0,1.0,0.0,0.008653640747070312
pol,1.0,100,1.0,1.0,0.0,0.016133785247802734
pol,1.0,100,1.0,1.0,0.0,0.0030090808868408203
pol,1.0,100,1.0,1.0,0.0,0.007594585418701172
pol,1.0,100,1.0,1.0,0.0,0.006090641021728516
pol,1.0,100,1.0,1.0,0.0,0.015016317367553711
pollen,0.0,100,0.0,1.0,1.0,0.015631437301635742
pollen,0.0,100,0.0,0.99,0.99,0.007317304611206055
pollen,0.0,100,0.0,1.0,1.0,0.01216888427734375
pollen,0.0,100,0.0,0.99,0.99,0.0020127296447753906
pollen,0.0,100,0.0,1.0,1.0,0.01563572883605957
pollen,0.0,100,0.0,0.99,0.99,0.015062808990478516
pollen,0.0,100,0.0,1.0,1.0,0.015582561492919922
pollen,0.0,100,0.0,1.0,1.0,0.015624523162841797
pollen,0.0,100,0.0,0.02,0.02,0.0156404972076416
pollen,0.0,100,0.0,0.01,0.01,0.023862123489379883
pollen,0.05,100,0.05,0.03,0.02,0.01602911949157715
pollen,0.05,100,0.05,0.97,0.92,0.015013456344604492
pollen,0.05,100,0.05,0.99,0.94,0.015624523162841797
pollen,0.05,100,0.05,1.0,0.95,0.015610694885253906
pollen,0.05,100,0.05,1.0,0.95,0.015192270278930664
pollen,0.05,100,0.05,1.0,0.95,0.015683412551879883
pollen,0.05,100,0.05,0.97,0.92,0.0020554065704345703
pollen,0.05,100,0.05,0.03,0.02,0.014592170715332031
pollen,0.05,100,0.05,0.99,0.94,0.01562809944152832
pollen,0.05,100,0.05,0.01,0.04,0.0
pollen,0.11,100,0.11,1.0,0.89,0.012191295623779297
pollen,0.11,100,0.11,0.99,0.88,0.015732288360595703
pollen,0.11,100,0.11,0.93,0.82,0.015743494033813477
pollen,0.11,100,0.11,0.93,0.82,0.01922464370727539
pollen,0.11,100,0.11,0.0,0.11,0.0
pollen,0.11,100,0.11,1.0,0.89,0.010832786560058594
pollen,0.11,100,0.11,0.99,0.88,0.015620231628417969
pollen,0.11,100,0.11,1.0,0.89,0.021732568740844727
pollen,0.11,100,0.11,1.0,0.89,0.026052474975585938
pollen,0.11,100,0.11,0.02,0.09,0.008104562759399414
pollen,0.16,100,0.16,0.0,0.16,0.0
pollen,0.16,100,0.16,0.01,0.15,0.015636444091796875
pollen,0.16,100,0.16,0.0,0.16,0.015620231628417969
pollen,0.16,100,0.16,0.96,0.8,0.012551546096801758
pollen,0.16,100,0.16,0.01,0.15,0.015734195709228516
pollen,0.16,100,0.16,0.9,0.74,0.016225576400756836
pollen,0.16,100,0.16,1.0,0.84,0.015613555908203125
pollen,0.16,100,0.16,0.9,0.74,0.01568293571472168
pollen,0.16,100,0.16,0.03,0.13,0.015105247497558594
pollen,0.16,100,0.16,1.0,0.84,0.008024215698242188
pollen,0.21,100,0.21,0.99,0.78,0.018177509307861328
pollen,0.21,100,0.21,1.0,0.79,0.00590205192565918
pollen,0.21,100,0.21,0.03,0.18,0.02604198455810547
pollen,0.21,100,0.21,1.0,0.79,0.015108346939086914
pollen,0.21,100,0.21,0.92,0.71,0.023511886596679688
pollen,0.21,100,0.21,1.0,0.79,0.015732526779174805
pollen,0.21,100,0.21,0.99,0.78,0.011257171630859375
pollen,0.21,100,0.21,0.5,0.29,0.017676115036010742
pollen,0.21,100,0.21,0.05,0.16,0.015579700469970703
pollen,0.21,100,0.21,0.92,0.71,0.01510930061340332
pollen,0.26,100,0.26,0.95,0.69,0.015621423721313477
pollen,0.26,100,0.26,0.03,0.23,0.015625
pollen,0.26,100,0.26,0.99,0.73,0.01562047004699707
pollen,0.26,100,0.26,1.0,0.74,0.010956525802612305
pollen,0.26,100,0.26,1.0,0.74,0.0
pollen,0.26,100,0.26,0.89,0.63,0.015678882598876953
pollen,0.26,100,0.26,0.04,0.22,0.005929470062255859
pollen,0.26,100,0.26,0.5,0.24,0.0
pollen,0.26,100,0.26,0.02,0.24,0.015619039535522461
pollen,0.26,100,0.26,0.99,0.73,0.0008571147918701172
pollen,0.32,100,0.32,0.0,0.32,0.015633344650268555
pollen,0.32,100,0.32,0.92,0.6,0.015629053115844727
pollen,0.32,100,0.32,0.99,0.67,0.012661457061767578
pollen,0.32,100,0.32,0.99,0.67,0.002103090286254883
pollen,0.32,100,0.32,1.0,0.68,0.018847227096557617
pollen,0.32,100,0.32,1.0,0.68,0.01826953887939453
pollen,0.32,100,0.32,1.0,0.68,0.0029299259185791016
pollen,0.32,100,0.32,0.94,0.62,0.0157318115234375
pollen,0.32,100,0.32,1.0,0.68,0.010456562042236328
pollen,0.32,100,0.32,0.93,0.61,0.015731334686279297
pollen,0.37,100,0.37,0.93,0.56,0.008192300796508789
pollen,0.37,100,0.37,1.0,0.63,0.008044242858886719
pollen,0.37,100,0.37,0.5,0.13,0.027341365814208984
pollen,0.37,100,0.37,0.96,0.59,0.015651226043701172
pollen,0.37,100,0.37,0.06,0.31,0.015101432800292969
pollen,0.37,100,0.37,0.94,0.57,0.015625
pollen,0.37,100,0.37,0.97,0.6,0.015628576278686523
pollen,0.37,100,0.37,0.05,0.32,0.02195882797241211
pollen,0.37,100,0.37,1.0,0.63,0.016211271286010742
pollen,0.37,100,0.37,0.99,0.62,0.015758991241455078
pollen,0.42,100,0.42,0.99,0.57,0.017744064331054688
pollen,0.42,100,0.42,0.01,0.41,0.015624761581420898
pollen,0.42,100,0.42,1.0,0.58,0.0
pollen,0.42,100,0.42,0.0,0.42,0.015729427337646484
pollen,0.42,100,0.42,0.95,0.53,0.015729904174804688
pollen,0.42,100,0.42,0.02,0.4,0.007073163986206055
pollen,0.42,100,0.42,0.99,0.57,0.02953362464904785
pollen,0.42,100,0.42,1.0,0.58,0.0157320499420166
pollen,0.42,100,0.42,0.96,0.54,0.018770933151245117
pollen,0.42,100,0.42,1.0,0.58,0.015623331069946289
pollen,0.47,100,0.47,0.93,0.46,0.010816574096679688
pollen,0.47,100,0.47,0.0,0.47,0.016208410263061523
pollen,0.47,100,0.47,0.94,0.47,0.015733957290649414
pollen,0.47,100,0.47,0.99,0.52,0.014484882354736328
pollen,0.47,100,0.47,0.94,0.47,0.01562976837158203
pollen,0.47,100,0.47,0.01,0.46,0.015108823776245117
pollen,0.47,100,0.47,0.93,0.46,0.017461776733398438
pollen,0.47,100,0.47,0.99,0.52,0.015732288360595703
pollen,0.47,100,0.47,0.05,0.42,0.008000373840332031
pollen,0.47,100,0.47,1.0,0.53,0.0
pollen,0.53,100,0.53,0.02,0.51,0.027218103408813477
pollen,0.53,100,0.53,0.97,0.44,0.01818394660949707
pollen,0.53,100,0.53,0.93,0.4,0.015729904174804688
pollen,0.53,100,0.53,1.0,0.47,0.01805591583251953
pollen,0.53,100,0.53,1.0,0.47,0.010553836822509766
pollen,0.53,100,0.53,0.94,0.41,0.015683889389038086
pollen,0.53,100,0.53,0.5,0.03,0.013550519943237305
pollen,0.53,100,0.53,0.93,0.4,0.0
pollen,0.53,100,0.53,0.01,0.52,0.015766382217407227
pollen,0.53,100,0.53,0.0,0.53,0.013597726821899414
pollen,0.58,100,0.58,0.94,0.36,0.015732288360595703
pollen,0.58,100,0.58,0.96,0.38,0.023615360260009766
pollen,0.58,100,0.58,0.96,0.38,0.015622854232788086
pollen,0.58,100,0.58,0.94,0.36,0.0048677921295166016
pollen,0.58,100,0.58,1.0,0.42,0.015734195709228516
pollen,0.58,100,0.58,0.94,0.36,0.005111217498779297
pollen,0.58,100,0.58,0.01,0.57,0.006341457366943359
pollen,0.58,100,0.58,0.98,0.4,0.015620946884155273
pollen,0.58,100,0.58,0.02,0.56,0.012133598327636719
pollen,0.58,100,0.58,1.0,0.42,0.015630245208740234
pollen,0.63,100,0.63,0.96,0.33,0.0008244514465332031
pollen,0.63,100,0.63,0.91,0.28,0.016208410263061523
pollen,0.63,100,0.63,0.99,0.36,0.015736103057861328
pollen,0.63,100,0.63,0.95,0.32,0.016205787658691406
pollen,0.63,100,0.63,0.03,0.6,0.02508831024169922
pollen,0.63,100,0.63,0.03,0.6,0.015621662139892578
pollen,0.63,100,0.63,1.0,0.37,0.0
pollen,0.63,100,0.63,0.0,0.63,0.0238344669342041
pollen,0.63,100,0.63,0.96,0.33,0.0
pollen,0.63,100,0.63,0.02,0.61,0.020621538162231445
pollen,0.68,100,0.68,0.93,0.25,0.016634702682495117
pollen,0.68,100,0.68,1.0,0.32,0.01572871208190918
pollen,0.68,100,0.68,0.93,0.25,0.015741825103759766
pollen,0.68,100,0.68,0.01,0.67,0.022953271865844727
pollen,0.68,100,0.68,1.0,0.32,0.01574110984802246
pollen,0.68,100,0.68,0.0,0.68,0.002012014389038086
pollen,0.68,100,0.68,1.0,0.32,0.015628337860107422
pollen,0.68,100,0.68,1.0,0.32,0.015713930130004883
pollen,0.68,100,0.68,0.0,0.68,0.01562976837158203
pollen,0.68,100,0.68,0.01,0.67,0.015631914138793945
pollen,0.74,100,0.74,0.01,0.73,0.0038089752197265625
pollen,0.74,100,0.74,0.0,0.74,0.018732309341430664
pollen,0.74,100,0.74,0.5,0.24,0.0
pollen,0.74,100,0.74,1.0,0.26,0.01853489875793457
pollen,0.74,100,0.74,0.0,0.74,0.014030933380126953
pollen,0.74,100,0.74,0.99,0.25,0.015104532241821289
pollen,0.74,100,0.74,0.93,0.19,0.015730619430541992
pollen,0.74,100,0.74,0.96,0.22,0.02184605598449707
pollen,0.74,100,0.74,1.0,0.26,0.015612363815307617
pollen,0.74,100,0.74,0.97,0.23,0.021223783493041992
pollen,0.79,100,0.79,0.91,0.12,0.0017936229705810547
pollen,0.79,100,0.79,0.04,0.75,0.013651847839355469
pollen,0.79,100,0.79,0.92,0.13,0.01574087142944336
pollen,0.79,100,0.79,0.5,0.29,0.0030601024627685547
pollen,0.79,100,0.79,1.0,0.21,0.015622615814208984
pollen,0.79,100,0.79,0.01,0.78,0.015100240707397461
pollen,0.79,100,0.79,0.05,0.74,0.015618562698364258
pollen,0.79,100,0.79,0.5,0.29,0.022377729415893555
pollen,0.79,100,0.79,0.0,0.79,0.01168060302734375
pollen,0.79,100,0.79,0.97,0.18,0.01060175895690918
pollen,0.84,100,0.84,0.02,0.82,0.019113779067993164
pollen,0.84,100,0.84,0.0,0.84,0.01562786102294922
pollen,0.84,100,0.84,1.0,0.16,0.0156252384185791
pollen,0.84,100,0.84,0.99,0.15,0.028881072998046875
pollen,0.84,100,0.84,1.0,0.16,0.015731096267700195
pollen,0.84,100,0.84,0.92,0.08,0.0
pollen,0.84,100,0.84,0.95,0.11,0.015625476837158203
pollen,0.84,100,0.84,0.01,0.83,0.015729665756225586
pollen,0.84,100,0.84,0.99,0.15,0.018230438232421875
pollen,0.84,100,0.84,0.0,0.84,0.015618085861206055
pollen,0.89,100,0.89,0.02,0.87,0.0029060840606689453
pollen,0.89,100,0.89,0.9,0.01,0.015682220458984375
pollen,0.89,100,0.89,1.0,0.11,0.0066034793853759766
pollen,0.89,100,0.89,0.04,0.85,0.002820253372192383
pollen,0.89,100,0.89,1.0,0.11,0.01562356948852539
pollen,0.89,100,0.89,0.5,0.39,0.015614986419677734
pollen,0.89,100,0.89,0.96,0.07,0.015103578567504883
pollen,0.89,100,0.89,0.01,0.88,0.015738964080810547
pollen,0.89,100,0.89,0.0,0.89,0.01160120964050293
pollen,0.89,100,0.89,1.0,0.11,0.016251087188720703
pollen,0.95,100,0.95,0.04,0.91,0.015624284744262695
pollen,0.95,100,0.95,1.0,0.05,0.015735149383544922
pollen,0.95,100,0.95,1.0,0.05,0.013101339340209961
pollen,0.95,100,0.95,1.0,0.05,0.022873401641845703
pollen,0.95,100,0.95,1.0,0.05,0.015621423721313477
pollen,0.95,100,0.95,1.0,0.05,0.00598907470703125
pollen,0.95,100,0.95,0.0,0.95,0.016199350357055664
pollen,0.95,100,0.95,0.03,0.92,0.0
pollen,0.95,100,0.95,1.0,0.05,0.015725135803222656
pollen,0.95,100,0.95,1.0,0.05,0.015710830688476562
pollen,1.0,100,1.0,1.0,0.0,0.015618562698364258
pollen,1.0,100,1.0,0.01,0.99,0.0
pollen,1.0,100,1.0,1.0,0.0,0.009106874465942383
pollen,1.0,100,1.0,1.0,0.0,0.01665949821472168
pollen,1.0,100,1.0,0.5,0.5,0.005437135696411133
pollen,1.0,100,1.0,0.96,0.04,0.015614986419677734
pollen,1.0,100,1.0,0.01,0.99,0.015103340148925781
pollen,1.0,100,1.0,1.0,0.0,0.015636205673217773
pollen,1.0,100,1.0,0.02,0.98,0.011107683181762695
pollen,1.0,100,1.0,0.02,0.98,0.01562786102294922
puma32H,0.0,100,0.0,0.0,0.0,0.015028238296508789
puma32H,0.0,100,0.0,0.0,0.0,0.009143590927124023
puma32H,0.0,100,0.0,0.17,0.17,0.015633583068847656
puma32H,0.0,100,0.0,0.0,0.0,0.015619754791259766
puma32H,0.0,100,0.0,0.0,0.0,0.010512351989746094
puma32H,0.0,100,0.0,0.0,0.0,0.02472376823425293
puma32H,0.0,100,0.0,0.0,0.0,0.016090869903564453
puma32H,0.0,100,0.0,0.14,0.14,0.015090227127075195
puma32H,0.0,100,0.0,0.04,0.04,0.02577519416809082
puma32H,0.0,100,0.0,0.41,0.41,0.0
puma32H,0.05,100,0.05,0.0,0.05,0.014340400695800781
puma32H,0.05,100,0.05,0.0,0.05,0.015710830688476562
puma32H,0.05,100,0.05,0.41,0.36,0.015208005905151367
puma32H,0.05,100,0.05,0.0,0.05,0.019102096557617188
puma32H,0.05,100,0.05,0.04,0.01,0.025875329971313477
puma32H,0.05,100,0.05,0.1,0.05,0.020655393600463867
puma32H,0.05,100,0.05,0.39,0.34,0.004875898361206055
puma32H,0.05,100,0.05,0.0,0.05,0.012207508087158203
puma32H,0.05,100,0.05,0.07,0.02,0.012460708618164062
puma32H,0.05,100,0.05,0.04,0.01,0.0
puma32H,0.11,100,0.11,0.2,0.09,0.017839431762695312
puma32H,0.11,100,0.11,0.07,0.04,0.01571178436279297
puma32H,0.11,100,0.11,0.07,0.04,0.01562643051147461
puma32H,0.11,100,0.11,0.0,0.11,0.0
puma32H,0.11,100,0.11,0.04,0.07,0.015635967254638672
puma32H,0.11,100,0.11,0.0,0.11,0.02013683319091797
puma32H,0.11,100,0.11,0.28,0.17,0.013233184814453125
puma32H,0.11,100,0.11,0.25,0.14,0.023867368698120117
puma32H,0.11,100,0.11,0.04,0.07,0.0
puma32H,0.11,100,0.11,0.17,0.06,0.0009140968322753906
puma32H,0.16,100,0.16,0.05,0.11,0.009085655212402344
puma32H,0.16,100,0.16,0.12,0.04,0.015625476837158203
puma32H,0.16,100,0.16,0.21,0.05,0.006028175354003906
puma32H,0.16,100,0.16,0.22,0.06,0.015621185302734375
puma32H,0.16,100,0.16,0.14,0.02,0.015628337860107422
puma32H,0.16,100,0.16,0.0,0.16,0.01571059226989746
puma32H,0.16,100,0.16,0.32,0.16,0.0041615962982177734
puma32H,0.16,100,0.16,0.24,0.08,0.007086515426635742
puma32H,0.16,100,0.16,0.04,0.12,0.015073299407958984
puma32H,0.16,100,0.16,0.5,0.34,0.01922154426574707
puma32H,0.21,100,0.21,0.06,0.15,0.018357515335083008
puma32H,0.21,100,0.21,0.28,0.07,0.02469325065612793
puma32H,0.21,100,0.21,0.0,0.21,0.02775096893310547
puma32H,0.21,100,0.21,0.14,0.07,0.012186050415039062
puma32H,0.21,100,0.21,0.0,0.21,0.015993118286132812
puma32H,0.21,100,0.21,0.4,0.19,0.014576911926269531
puma32H,0.21,100,0.21,0.0,0.21,0.015071868896484375
puma32H,0.21,100,0.21,0.26,0.05,0.015713214874267578
puma32H,0.21,100,0.21,0.0,0.21,0.015620231628417969
puma32H,0.21,100,0.21,0.03,0.18,0.017201662063598633
puma32H,0.26,100,0.26,0.15,0.11,0.010505914688110352
puma32H,0.26,100,0.26,0.75,0.49,0.0
puma32H,0.26,100,0.26,0.34,0.08,0.027605533599853516
puma32H,0.26,100,0.26,0.0,0.26,0.011240482330322266
puma32H,0.26,100,0.26,0.19,0.07,0.015300750732421875
puma32H,0.26,100,0.26,0.0,0.26,0.02724456787109375
puma32H,0.26,100,0.26,0.62,0.36,0.014002561569213867
puma32H,0.26,100,0.26,0.5,0.24,0.012258768081665039
puma32H,0.26,100,0.26,0.1,0.16,0.015717029571533203
puma32H,0.26,100,0.26,0.09,0.17,0.021327495574951172
puma32H,0.32,100,0.32,0.67,0.35,0.015009403228759766
puma32H,0.32,100,0.32,0.38,0.06,0.01563096046447754
puma32H,0.32,100,0.32,0.24,0.08,0.014685392379760742
puma32H,0.32,100,0.32,0.28,0.04,0.015628337860107422
puma32H,0.32,100,0.32,0.26,0.06,0.017603397369384766
puma32H,0.32,100,0.32,0.36,0.04,0.012054920196533203
puma32H,0.32,100,0.32,0.32,0.0,0.015016317367553711
puma32H,0.32,100,0.32,0.43,0.11,0.015628814697265625
puma32H,0.32,100,0.32,0.3,0.02,0.01571369171142578
puma32H,0.32,100,0.32,0.0,0.32,0.015725374221801758
puma32H,0.37,100,0.37,0.4,0.03,0.01569652557373047
puma32H,0.37,100,0.37,0.59,0.22,0.0020906925201416016
puma32H,0.37,100,0.37,0.42,0.05,0.01563239097595215
puma32H,0.37,100,0.37,0.33,0.04,0.015623331069946289
puma32H,0.37,100,0.37,0.4,0.03,0.015089988708496094
puma32H,0.37,100,0.37,0.25,0.12,0.018527746200561523
puma32H,0.37,100,0.37,0.32,0.05,0.024382829666137695
puma32H,0.37,100,0.37,0.27,0.1,0.015082597732543945
puma32H,0.37,100,0.37,0.53,0.16,0.015715837478637695
puma32H,0.37,100,0.37,0.52,0.15,0.022150516510009766
puma32H,0.42,100,0.42,0.47,0.05,0.008397340774536133
puma32H,0.42,100,0.42,0.42,0.0,0.017220020294189453
puma32H,0.42,100,0.42,0.59,0.17,0.015626907348632812
puma32H,0.42,100,0.42,0.69,0.27,0.015623092651367188
puma32H,0.42,100,0.42,0.48,0.06,0.0005869865417480469
puma32H,0.42,100,0.42,0.31,0.11,0.015622854232788086
puma32H,0.42,100,0.42,0.26,0.16,0.0
puma32H,0.42,100,0.42,0.38,0.04,0.013818740844726562
puma32H,0.42,100,0.42,0.52,0.1,0.015624523162841797
puma32H,0.42,100,0.42,0.31,0.11,0.017215251922607422
puma32H,0.47,100,0.47,0.41,0.06,0.01562643051147461
puma32H,0.47,100,0.47,0.71,0.24,0.0
puma32H,0.47,100,0.47,0.15,0.32,0.0
puma32H,0.47,100,0.47,0.76,0.29,0.015624523162841797
puma32H,0.47,100,0.47,0.71,0.24,0.015630722045898438
puma32H,0.47,100,0.47,0.47,0.0,0.007518291473388672
puma32H,0.47,100,0.47,0.59,0.12,0.013389348983764648
puma32H,0.47,100,0.47,0.4,0.07,0.01571822166442871
puma32H,0.47,100,0.47,1.0,0.53,0.015615224838256836
puma32H,0.47,100,0.47,0.38,0.09,0.015651941299438477
puma32H,0.53,100,0.53,0.75,0.22,0.0
puma32H,0.53,100,0.53,0.74,0.21,0.017138004302978516
puma32H,0.53,100,0.53,0.72,0.19,0.015624284744262695
puma32H,0.53,100,0.53,0.71,0.18,0.015621662139892578
puma32H,0.53,100,0.53,0.69,0.16,0.01683640480041504
puma32H,0.53,100,0.53,0.53,0.0,0.01791858673095703
puma32H,0.53,100,0.53,0.62,0.09,0.0190889835357666
puma32H,0.53,100,0.53,0.36,0.17,0.01218867301940918
puma32H,0.53,100,0.53,0.48,0.05,0.015077352523803711
puma32H,0.53,100,0.53,0.79,0.26,0.015708446502685547
puma32H,0.58,100,0.58,0.67,0.09,0.015083789825439453
puma32H,0.58,100,0.58,0.52,0.06,0.006582975387573242
puma32H,0.58,100,0.58,0.83,0.25,0.01570415496826172
puma32H,0.58,100,0.58,0.62,0.04,0.015622615814208984
puma32H,0.58,100,0.58,0.28,0.3,0.0
puma32H,0.58,100,0.58,0.61,0.03,0.015635967254638672
puma32H,0.58,100,0.58,0.55,0.03,0.0
puma32H,0.58,100,0.58,0.42,0.16,0.0
puma32H,0.58,100,0.58,0.5,0.08,0.015637874603271484
puma32H,0.58,100,0.58,0.79,0.21,0.015715837478637695
puma32H,0.63,100,0.63,0.83,0.2,0.0
puma32H,0.63,100,0.63,0.52,0.11,0.0285186767578125
puma32H,0.63,100,0.63,0.64,0.01,0.015622377395629883
puma32H,0.63,100,0.63,0.53,0.1,0.018545866012573242
puma32H,0.63,100,0.63,0.56,0.07,0.01899433135986328
puma32H,0.63,100,0.63,0.71,0.08,0.012112140655517578
puma32H,0.63,100,0.63,0.84,0.21,0.015080451965332031
puma32H,0.63,100,0.63,0.62,0.01,0.01562786102294922
puma32H,0.63,100,0.63,0.86,0.23,0.005009889602661133
puma32H,0.63,100,0.63,0.58,0.05,0.015628576278686523
puma32H,0.68,100,0.68,0.95,0.27,0.015628814697265625
puma32H,0.68,100,0.68,0.42,0.26,0.02171945571899414
puma32H,0.68,100,0.68,1.0,0.32,0.005991220474243164
puma32H,0.68,100,0.68,0.53,0.15,0.0009458065032958984
puma32H,0.68,100,0.68,0.57,0.11,0.015712738037109375
puma32H,0.68,100,0.68,1.0,0.32,0.0160825252532959
puma32H,0.68,100,0.68,0.71,0.03,0.015705347061157227
puma32H,0.68,100,0.68,0.72,0.04,0.015615224838256836
puma32H,0.68,100,0.68,0.45,0.23,0.015012264251708984
puma32H,0.68,100,0.68,0.8,0.12,0.015619993209838867
puma32H,0.74,100,0.74,1.0,0.26,0.016646146774291992
puma32H,0.74,100,0.74,0.62,0.12,0.01562952995300293
puma32H,0.74,100,0.74,0.72,0.02,0.015615224838256836
puma32H,0.74,100,0.74,0.8,0.06,0.00392603874206543
puma32H,0.74,100,0.74,0.33,0.41,0.015079021453857422
puma32H,0.74,100,0.74,0.88,0.14,0.0
puma32H,0.74,100,0.74,0.62,0.12,0.025780916213989258
puma32H,0.74,100,0.74,0.96,0.22,0.0021855831146240234
puma32H,0.74,100,0.74,0.71,0.03,0.026373863220214844
puma32H,0.74,100,0.74,0.69,0.05,0.01736736297607422
puma32H,0.79,100,0.79,0.76,0.03,0.015084028244018555
puma32H,0.79,100,0.79,0.45,0.34,0.021176815032958984
puma32H,0.79,100,0.79,1.0,0.21,0.01571798324584961
puma32H,0.79,100,0.79,0.63,0.16,0.015712261199951172
puma32H,0.79,100,0.79,0.66,0.13,0.015724897384643555
puma32H,0.79,100,0.79,1.0,0.21,0.015618324279785156
puma32H,0.79,100,0.79,0.76,0.03,0.014711141586303711
puma32H,0.79,100,0.79,0.5,0.29,0.0
puma32H,0.79,100,0.79,0.52,0.27,0.014447927474975586
puma32H,0.79,100,0.79,0.86,0.07,0.018849611282348633
puma32H,0.84,100,0.84,0.71,0.13,0.028832435607910156
puma32H,0.84,100,0.84,0.63,0.21,0.02477860450744629
puma32H,0.84,100,0.84,0.78,0.06,0.012305974960327148
puma32H,0.84,100,0.84,0.93,0.09,0.009296655654907227
puma32H,0.84,100,0.84,0.82,0.02,0.004102945327758789
puma32H,0.84,100,0.84,0.7,0.14,0.015076398849487305
puma32H,0.84,100,0.84,1.0,0.16,0.017720937728881836
puma32H,0.84,100,0.84,0.52,0.32,0.015625476837158203
puma32H,0.84,100,0.84,1.0,0.16,0.015627384185791016
puma32H,0.84,100,0.84,0.78,0.06,0.0
puma32H,0.89,100,0.89,0.96,0.07,0.011178970336914062
puma32H,0.89,100,0.89,0.83,0.06,0.012367010116577148
puma32H,0.89,100,0.89,1.0,0.11,0.003963947296142578
puma32H,0.89,100,0.89,1.0,0.11,0.00524449348449707
puma32H,0.89,100,0.89,0.82,0.07,0.015080690383911133
puma32H,0.89,100,0.89,1.0,0.11,0.015707015991210938
puma32H,0.89,100,0.89,0.8,0.09,0.0029833316802978516
puma32H,0.89,100,0.89,0.75,0.14,0.01575183868408203
puma32H,0.89,100,0.89,1.0,0.11,0.009081602096557617
puma32H,0.89,100,0.89,0.63,0.26,0.015611886978149414
puma32H,0.95,100,0.95,1.0,0.05,0.010584115982055664
puma32H,0.95,100,0.95,1.0,0.05,0.024848461151123047
puma32H,0.95,100,0.95,1.0,0.05,0.019591331481933594
puma32H,0.95,100,0.95,1.0,0.05,0.015635013580322266
puma32H,0.95,100,0.95,0.94,0.01,0.015627145767211914
puma32H,0.95,100,0.95,1.0,0.05,0.0
puma32H,0.95,100,0.95,1.0,0.05,0.01562190055847168
puma32H,0.95,100,0.95,0.67,0.28,0.018706560134887695
puma32H,0.95,100,0.95,0.86,0.09,0.015712499618530273
puma32H,0.95,100,0.95,1.0,0.05,0.01810288429260254
puma32H,1.0,100,1.0,0.69,0.31,0.029210329055786133
puma32H,1.0,100,1.0,0.57,0.43,0.012337207794189453
puma32H,1.0,100,1.0,0.88,0.12,0.004090070724487305
puma32H,1.0,100,1.0,1.0,0.0,0.015712976455688477
puma32H,1.0,100,1.0,1.0,0.0,0.015084028244018555
puma32H,1.0,100,1.0,1.0,0.0,0.01750969886779785
puma32H,1.0,100,1.0,0.7,0.3,0.0258181095123291
puma32H,1.0,100,1.0,1.0,0.0,0.01830315589904785
puma32H,1.0,100,1.0,1.0,0.0,0.0187532901763916
puma32H,1.0,100,1.0,0.86,0.14,0.015008926391601562
puma8NH,0.0,100,0.0,0.0,0.0,0.015622138977050781
puma8NH,0.0,100,0.0,0.05,0.05,0.01658773422241211
puma8NH,0.0,100,0.0,0.05,0.05,0.018687009811401367
puma8NH,0.0,100,0.0,0.02,0.02,0.01813983917236328
puma8NH,0.0,100,0.0,0.0,0.0,0.013586997985839844
puma8NH,0.0,100,0.0,0.0,0.0,0.015555381774902344
puma8NH,0.0,100,0.0,0.0,0.0,0.015722036361694336
puma8NH,0.0,100,0.0,0.02,0.02,0.01570749282836914
puma8NH,0.0,100,0.0,0.08,0.08,0.0
puma8NH,0.0,100,0.0,0.0,0.0,0.016170024871826172
puma8NH,0.05,100,0.05,0.17,0.12,0.015618324279785156
puma8NH,0.05,100,0.05,0.09,0.04,0.015630722045898438
puma8NH,0.05,100,0.05,0.1,0.05,0.011622905731201172
puma8NH,0.05,100,0.05,0.0,0.05,0.015054464340209961
puma8NH,0.05,100,0.05,0.18,0.13,0.0048902034759521484
puma8NH,0.05,100,0.05,0.06,0.01,0.015744686126708984
puma8NH,0.05,100,0.05,0.15,0.1,0.015099763870239258
puma8NH,0.05,100,0.05,0.04,0.01,0.015710115432739258
puma8NH,0.05,100,0.05,0.0,0.05,0.029104232788085938
puma8NH,0.05,100,0.05,0.09,0.04,0.01617121696472168
puma8NH,0.11,100,0.11,0.06,0.05,0.015630245208740234
puma8NH,0.11,100,0.11,0.07,0.04,0.015611886978149414
puma8NH,0.11,100,0.11,0.2,0.09,0.015703439712524414
puma8NH,0.11,100,0.11,0.09,0.02,0.015633106231689453
puma8NH,0.11,100,0.11,0.09,0.02,0.01507711410522461
puma8NH,0.11,100,0.11,0.25,0.14,0.01571369171142578
puma8NH,0.11,100,0.11,0.14,0.03,0.014893770217895508
puma8NH,0.11,100,0.11,0.11,0.0,0.024892807006835938
puma8NH,0.11,100,0.11,0.06,0.05,0.012302398681640625
puma8NH,0.11,100,0.11,0.17,0.06,0.003975629806518555
puma8NH,0.16,100,0.16,0.11,0.05,0.020452260971069336
puma8NH,0.16,100,0.16,0.16,0.0,0.0
puma8NH,0.16,100,0.16,0.1,0.06,0.015166044235229492
puma8NH,0.16,100,0.16,0.18,0.02,0.003862619400024414
puma8NH,0.16,100,0.16,0.08,0.08,0.0
puma8NH,0.16,100,0.16,0.18,0.02,0.013584375381469727
puma8NH,0.16,100,0.16,0.26,0.1,0.02238917350769043
puma8NH,0.16,100,0.16,0.11,0.05,0.018708467483520508
puma8NH,0.16,100,0.16,0.13,0.03,0.015636205673217773
puma8NH,0.16,100,0.16,0.08,0.08,0.0
puma8NH,0.21,100,0.21,0.21,0.0,0.00908207893371582
puma8NH,0.21,100,0.21,0.18,0.03,0.015627384185791016
puma8NH,0.21,100,0.21,0.22,0.01,0.01561880111694336
puma8NH,0.21,100,0.21,0.08,0.13,0.028795480728149414
puma8NH,0.21,100,0.21,0.21,0.0,0.017670631408691406
puma8NH,0.21,100,0.21,0.14,0.07,0.01563119888305664
puma8NH,0.21,100,0.21,0.13,0.08,0.0
puma8NH,0.21,100,0.21,0.24,0.03,0.015708446502685547
puma8NH,0.21,100,0.21,0.21,0.0,0.005945920944213867
puma8NH,0.21,100,0.21,0.21,0.0,0.016177654266357422
puma8NH,0.26,100,0.26,0.23,0.03,0.015615701675415039
puma8NH,0.26,100,0.26,0.23,0.03,0.022371768951416016
puma8NH,0.26,100,0.26,0.42,0.16,0.016010284423828125
puma8NH,0.26,100,0.26,0.29,0.03,0.0
puma8NH,0.26,100,0.26,0.28,0.02,0.008899450302124023
puma8NH,0.26,100,0.26,0.29,0.03,0.015631437301635742
puma8NH,0.26,100,0.26,0.17,0.09,0.015617609024047852
puma8NH,0.26,100,0.26,0.27,0.01,0.025993824005126953
puma8NH,0.26,100,0.26,0.29,0.03,0.014365673065185547
puma8NH,0.26,100,0.26,0.26,0.0,0.004173755645751953
puma8NH,0.32,100,0.32,0.41,0.09,0.011341094970703125
puma8NH,0.32,100,0.32,0.33,0.01,0.015179872512817383
puma8NH,0.32,100,0.32,0.47,0.15,0.015714645385742188
puma8NH,0.32,100,0.32,0.3,0.02,0.015622377395629883
puma8NH,0.32,100,0.32,0.38,0.06,0.01713418960571289
puma8NH,0.32,100,0.32,0.35,0.03,0.015629291534423828
puma8NH,0.32,100,0.32,0.29,0.03,0.011928081512451172
puma8NH,0.32,100,0.32,0.34,0.02,0.018391847610473633
puma8NH,0.32,100,0.32,0.33,0.01,0.010804176330566406
puma8NH,0.32,100,0.32,0.32,0.0,0.018528461456298828
puma8NH,0.37,100,0.37,0.35,0.02,0.015633821487426758
puma8NH,0.37,100,0.37,0.39,0.02,0.015633344650268555
puma8NH,0.37,100,0.37,0.34,0.03,0.00919795036315918
puma8NH,0.37,100,0.37,0.37,0.0,0.015719175338745117
puma8NH,0.37,100,0.37,0.34,0.03,0.005585432052612305
puma8NH,0.37,100,0.37,0.33,0.04,0.0
puma8NH,0.37,100,0.37,0.36,0.01,0.01570892333984375
puma8NH,0.37,100,0.37,0.46,0.09,0.0041697025299072266
puma8NH,0.37,100,0.37,0.36,0.01,0.015618562698364258
puma8NH,0.37,100,0.37,0.41,0.04,0.0156252384185791
puma8NH,0.42,100,0.42,0.45,0.03,0.0157468318939209
puma8NH,0.42,100,0.42,0.42,0.0,0.01562976837158203
puma8NH,0.42,100,0.42,0.36,0.06,0.016730546951293945
puma8NH,0.42,100,0.42,0.33,0.09,0.007993459701538086
puma8NH,0.42,100,0.42,0.4,0.02,0.012403488159179688
puma8NH,0.42,100,0.42,0.48,0.06,0.01569962501525879
puma8NH,0.42,100,0.42,0.34,0.08,0.015079259872436523
puma8NH,0.42,100,0.42,0.51,0.09,0.016167640686035156
puma8NH,0.42,100,0.42,0.41,0.01,0.015084505081176758
puma8NH,0.42,100,0.42,0.44,0.02,0.015089035034179688
puma8NH,0.47,100,0.47,0.41,0.06,0.004094362258911133
puma8NH,0.47,100,0.47,0.51,0.04,0.0
puma8NH,0.47,100,0.47,0.46,0.01,0.01571202278137207
puma8NH,0.47,100,0.47,0.51,0.04,0.0
puma8NH,0.47,100,0.47,0.57,0.1,0.014458179473876953
puma8NH,0.47,100,0.47,0.52,0.05,0.01960158348083496
puma8NH,0.47,100,0.47,0.48,0.01,0.012371063232421875
puma8NH,0.47,100,0.47,0.55,0.08,0.015703916549682617
puma8NH,0.47,100,0.47,0.53,0.06,0.015728473663330078
puma8NH,0.47,100,0.47,0.49,0.02,0.016168594360351562
puma8NH,0.53,100,0.53,0.53,0.0,0.015704870223999023
puma8NH,0.53,100,0.53,0.57,0.04,0.015626907348632812
puma8NH,0.53,100,0.53,0.56,0.03,0.026482582092285156
puma8NH,0.53,100,0.53,0.55,0.02,0.015657663345336914
puma8NH,0.53,100,0.53,0.44,0.09,0.016173601150512695
puma8NH,0.53,100,0.53,0.49,0.04,0.015627622604370117
puma8NH,0.53,100,0.53,0.46,0.07,0.0
puma8NH,0.53,100,0.53,0.52,0.01,0.0
puma8NH,0.53,100,0.53,0.49,0.04,0.015631914138793945
puma8NH,0.53,100,0.53,0.43,0.1,0.01771855354309082
puma8NH,0.58,100,0.58,0.57,0.01,0.015623807907104492
puma8NH,0.58,100,0.58,0.66,0.08,0.01917243003845215
puma8NH,0.58,100,0.58,0.46,0.12,0.0028228759765625
puma8NH,0.58,100,0.58,0.61,0.03,0.015084981918334961
puma8NH,0.58,100,0.58,0.53,0.05,0.015586376190185547
puma8NH,0.58,100,0.58,0.59,0.01,0.015628576278686523
puma8NH,0.58,100,0.58,0.48,0.1,0.01562666893005371
puma8NH,0.58,100,0.58,0.52,0.06,0.008577108383178711
puma8NH,0.58,100,0.58,0.49,0.09,0.015633583068847656
puma8NH,0.58,100,0.58,0.41,0.17,0.02516770362854004
puma8NH,0.63,100,0.63,0.59,0.04,0.015707731246948242
puma8NH,0.63,100,0.63,0.6,0.03,0.015622615814208984
puma8NH,0.63,100,0.63,0.7,0.07,0.0
puma8NH,0.63,100,0.63,0.68,0.05,0.015624284744262695
puma8NH,0.63,100,0.63,0.63,0.0,0.022611141204833984
puma8NH,0.63,100,0.63,0.56,0.07,0.015006303787231445
puma8NH,0.63,100,0.63,0.56,0.07,0.015008211135864258
puma8NH,0.63,100,0.63,0.62,0.01,0.015708208084106445
puma8NH,0.63,100,0.63,0.68,0.05,0.018646955490112305
puma8NH,0.63,100,0.63,0.56,0.07,0.02021336555480957
puma8NH,0.68,100,0.68,0.75,0.07,0.01571965217590332
puma8NH,0.68,100,0.68,0.69,0.01,0.010808229446411133
puma8NH,0.68,100,0.68,0.72,0.04,0.017197132110595703
puma8NH,0.68,100,0.68,0.54,0.14,0.015719175338745117
puma8NH,0.68,100,0.68,0.57,0.11,0.015635967254638672
puma8NH,0.68,100,0.68,0.53,0.15,0.001619100570678711
puma8NH,0.68,100,0.68,0.63,0.05,0.0
puma8NH,0.68,100,0.68,0.56,0.12,0.015642404556274414
puma8NH,0.68,100,0.68,0.71,0.03,0.015710830688476562
puma8NH,0.68,100,0.68,0.63,0.05,0.0
puma8NH,0.74,100,0.74,0.76,0.02,0.018223285675048828
puma8NH,0.74,100,0.74,0.73,0.01,0.024805784225463867
puma8NH,0.74,100,0.74,0.74,0.0,0.011098384857177734
puma8NH,0.74,100,0.74,0.69,0.05,0.003309965133666992
puma8NH,0.74,100,0.74,0.65,0.09,0.015649080276489258
puma8NH,0.74,100,0.74,0.77,0.03,0.0
puma8NH,0.74,100,0.74,0.72,0.02,0.015624284744262695
puma8NH,0.74,100,0.74,0.78,0.04,0.017081499099731445
puma8NH,0.74,100,0.74,0.69,0.05,0.015621662139892578
puma8NH,0.74,100,0.74,0.66,0.08,0.0
puma8NH,0.79,100,0.79,0.77,0.02,0.0160524845123291
puma8NH,0.79,100,0.79,0.81,0.02,0.0243377685546875
puma8NH,0.79,100,0.79,0.83,0.04,0.02335071563720703
puma8NH,0.79,100,0.79,0.79,0.0,0.012491703033447266
puma8NH,0.79,100,0.79,0.72,0.07,0.010797500610351562
puma8NH,0.79,100,0.79,0.81,0.02,0.012351274490356445
puma8NH,0.79,100,0.79,0.83,0.04,0.004850864410400391
puma8NH,0.79,100,0.79,0.77,0.02,0.0
puma8NH,0.79,100,0.79,0.71,0.08,0.012418270111083984
puma8NH,0.79,100,0.79,0.81,0.02,0.015078544616699219
puma8NH,0.84,100,0.84,0.71,0.13,0.022092819213867188
puma8NH,0.84,100,0.84,0.98,0.14,0.015174627304077148
puma8NH,0.84,100,0.84,0.87,0.03,0.015706539154052734
puma8NH,0.84,100,0.84,0.78,0.06,0.0
puma8NH,0.84,100,0.84,0.91,0.07,0.015626192092895508
puma8NH,0.84,100,0.84,0.86,0.02,0.015625953674316406
puma8NH,0.84,100,0.84,0.75,0.09,0.015720605850219727
puma8NH,0.84,100,0.84,0.81,0.03,0.015623331069946289
puma8NH,0.84,100,0.84,0.9,0.06,0.019216299057006836
puma8NH,0.84,100,0.84,0.8,0.04,0.015776634216308594
puma8NH,0.89,100,0.89,0.88,0.01,0.015623807907104492
puma8NH,0.89,100,0.89,0.75,0.14,0.015555858612060547
puma8NH,0.89,100,0.89,0.86,0.03,0.018094778060913086
puma8NH,0.89,100,0.89,0.83,0.06,0.008658885955810547
puma8NH,0.89,100,0.89,0.9,0.01,0.012253046035766602
puma8NH,0.89,100,0.89,0.91,0.02,0.012458324432373047
puma8NH,0.89,100,0.89,0.7,0.19,0.015700578689575195
puma8NH,0.89,100,0.89,0.86,0.03,0.0
puma8NH,0.89,100,0.89,0.76,0.13,0.006012916564941406
puma8NH,0.89,100,0.89,0.86,0.03,0.015722036361694336
puma8NH,0.95,100,0.95,0.89,0.06,0.01570916175842285
puma8NH,0.95,100,0.95,1.0,0.05,0.01566338539123535
puma8NH,0.95,100,0.95,0.88,0.07,0.015712738037109375
puma8NH,0.95,100,0.95,0.88,0.07,0.015630483627319336
puma8NH,0.95,100,0.95,0.88,0.07,0.012584209442138672
puma8NH,0.95,100,0.95,0.84,0.11,0.0
puma8NH,0.95,100,0.95,0.89,0.06,0.0156252384185791
puma8NH,0.95,100,0.95,0.98,0.03,0.016109704971313477
puma8NH,0.95,100,0.95,0.96,0.01,0.014245748519897461
puma8NH,0.95,100,0.95,0.97,0.02,0.009810209274291992
puma8NH,1.0,100,1.0,1.0,0.0,0.02478790283203125
puma8NH,1.0,100,1.0,1.0,0.0,0.018067598342895508
puma8NH,1.0,100,1.0,0.98,0.02,0.012694835662841797
puma8NH,1.0,100,1.0,0.98,0.02,0.015138864517211914
puma8NH,1.0,100,1.0,1.0,0.0,0.0009982585906982422
puma8NH,1.0,100,1.0,0.89,0.11,0.015617132186889648
puma8NH,1.0,100,1.0,1.0,0.0,0.021795988082885742
puma8NH,1.0,100,1.0,0.91,0.09,0.015623807907104492
puma8NH,1.0,100,1.0,0.89,0.11,0.015630245208740234
puma8NH,1.0,100,1.0,1.0,0.0,0.011581182479858398
quake,0.0,100,0.0,1.0,1.0,0.011976957321166992
quake,0.0,100,0.0,1.0,1.0,0.0030078887939453125
quake,0.0,100,0.0,1.0,1.0,0.015007257461547852
quake,0.0,100,0.0,1.0,1.0,0.01500701904296875
quake,0.0,100,0.0,0.95,0.95,0.015631675720214844
quake,0.0,100,0.0,0.5,0.5,0.015702247619628906
quake,0.0,100,0.0,0.29,0.29,0.015622377395629883
quake,0.0,100,0.0,0.0,0.0,0.0
quake,0.0,100,0.0,1.0,1.0,0.01618480682373047
quake,0.0,100,0.0,1.0,1.0,0.0
quake,0.05,100,0.05,0.11,0.06,0.015627622604370117
quake,0.05,100,0.05,0.6,0.55,0.015622377395629883
quake,0.05,100,0.05,1.0,0.95,0.0028798580169677734
quake,0.05,100,0.05,0.0,0.05,0.016178369522094727
quake,0.05,100,0.05,1.0,0.95,0.01571202278137207
quake,0.05,100,0.05,0.5,0.45,0.015625476837158203
quake,0.05,100,0.05,1.0,0.95,0.017366647720336914
quake,0.05,100,0.05,1.0,0.95,0.021668672561645508
quake,0.05,100,0.05,0.2,0.15,0.023934602737426758
quake,0.05,100,0.05,0.5,0.45,0.014198780059814453
quake,0.11,100,0.11,0.87,0.76,0.015084505081176758
quake,0.11,100,0.11,0.29,0.18,0.01976776123046875
quake,0.11,100,0.11,1.0,0.89,0.011576414108276367
quake,0.11,100,0.11,1.0,0.89,0.0
quake,0.11,100,0.11,1.0,0.89,0.015715360641479492
quake,0.11,100,0.11,0.8,0.69,0.015625953674316406
quake,0.11,100,0.11,1.0,0.89,0.01617574691772461
quake,0.11,100,0.11,1.0,0.89,0.01572704315185547
quake,0.11,100,0.11,0.0,0.11,0.015615701675415039
quake,0.11,100,0.11,0.63,0.52,0.01562190055847168
quake,0.16,100,0.16,0.4,0.24,0.026498794555664062
quake,0.16,100,0.16,0.01,0.15,0.010178327560424805
quake,0.16,100,0.16,0.75,0.59,0.015720605850219727
quake,0.16,100,0.16,0.0,0.16,0.01745152473449707
quake,0.16,100,0.16,1.0,0.84,0.028783321380615234
quake,0.16,100,0.16,0.11,0.05,0.010457038879394531
quake,0.16,100,0.16,0.97,0.81,0.0
quake,0.16,100,0.16,1.0,0.84,0.0029850006103515625
quake,0.16,100,0.16,0.71,0.55,0.015079498291015625
quake,0.16,100,0.16,0.78,0.62,0.02103114128112793
quake,0.21,100,0.21,1.0,0.79,0.015089035034179688
quake,0.21,100,0.21,0.01,0.2,0.015620946884155273
quake,0.21,100,0.21,1.0,0.79,0.015624523162841797
quake,0.21,100,0.21,0.5,0.29,0.015078306198120117
quake,0.21,100,0.21,0.6,0.39,0.01616978645324707
quake,0.21,100,0.21,0.01,0.2,0.015627622604370117
quake,0.21,100,0.21,1.0,0.79,0.015615463256835938
quake,0.21,100,0.21,0.0,0.21,0.01562666893005371
quake,0.21,100,0.21,0.87,0.66,0.01339411735534668
quake,0.21,100,0.21,1.0,0.79,0.012430191040039062
quake,0.26,100,0.26,1.0,0.74,0.01828789710998535
quake,0.26,100,0.26,0.0,0.26,0.015630722045898438
quake,0.26,100,0.26,1.0,0.74,0.016082048416137695
quake,0.26,100,0.26,1.0,0.74,0.01571488380432129
quake,0.26,100,0.26,0.92,0.66,0.015622615814208984
quake,0.26,100,0.26,0.5,0.24,0.0
quake,0.26,100,0.26,1.0,0.74,0.015625476837158203
quake,0.26,100,0.26,0.12,0.14,0.01570272445678711
quake,0.26,100,0.26,0.67,0.41,0.015622854232788086
quake,0.26,100,0.26,0.0,0.26,0.015625
quake,0.32,100,0.32,0.5,0.18,0.017426252365112305
quake,0.32,100,0.32,0.5,0.18,0.016544342041015625
quake,0.32,100,0.32,1.0,0.68,0.024732112884521484
quake,0.32,100,0.32,1.0,0.68,0.012228250503540039
quake,0.32,100,0.32,0.12,0.2,0.015584230422973633
quake,0.32,100,0.32,0.8,0.48,0.01666545867919922
quake,0.32,100,0.32,0.02,0.3,0.015717506408691406
quake,0.32,100,0.32,1.0,0.68,0.01562809944152832
quake,0.32,100,0.32,1.0,0.68,0.0
quake,0.32,100,0.32,0.14,0.18,0.021795988082885742
quake,0.37,100,0.37,0.11,0.26,0.015712261199951172
quake,0.37,100,0.37,0.89,0.52,0.015623331069946289
quake,0.37,100,0.37,0.67,0.3,0.015621423721313477
quake,0.37,100,0.37,1.0,0.63,0.017519712448120117
quake,0.37,100,0.37,0.33,0.04,0.010153532028198242
quake,0.37,100,0.37,0.67,0.3,0.012412071228027344
quake,0.37,100,0.37,0.33,0.04,0.010420560836791992
quake,0.37,100,0.37,0.8,0.43,0.016070127487182617
quake,0.37,100,0.37,0.63,0.26,0.020290136337280273
quake,0.37,100,0.37,1.0,0.63,0.015712261199951172
quake,0.42,100,0.42,1.0,0.58,0.015708208084106445
quake,0.42,100,0.42,0.63,0.21,0.015708208084106445
quake,0.42,100,0.42,0.95,0.53,0.012088298797607422
quake,0.42,100,0.42,0.4,0.02,0.015718698501586914
quake,0.42,100,0.42,0.29,0.13,0.015615701675415039
quake,0.42,100,0.42,0.25,0.17,0.015617609024047852
quake,0.42,100,0.42,0.93,0.51,0.007839202880859375
quake,0.42,100,0.42,0.8,0.38,0.015714406967163086
quake,0.42,100,0.42,0.43,0.01,0.015078544616699219
quake,0.42,100,0.42,0.0,0.42,0.01664280891418457
quake,0.47,100,0.47,1.0,0.53,0.020676851272583008
quake,0.47,100,0.47,0.5,0.03,0.022134065628051758
quake,0.47,100,0.47,0.67,0.2,0.01885533332824707
quake,0.47,100,0.47,0.91,0.44,0.0184323787689209
quake,0.47,100,0.47,0.8,0.33,0.0249326229095459
quake,0.47,100,0.47,0.2,0.27,0.012254953384399414
quake,0.47,100,0.47,0.25,0.22,0.012506484985351562
quake,0.47,100,0.47,0.0,0.47,0.015629291534423828
quake,0.47,100,0.47,1.0,0.53,0.01562666893005371
quake,0.47,100,0.47,1.0,0.53,0.015633821487426758
quake,0.53,100,0.53,0.75,0.22,0.022643089294433594
quake,0.53,100,0.53,0.6,0.07,0.012008428573608398
quake,0.53,100,0.53,0.25,0.28,0.01562976837158203
quake,0.53,100,0.53,1.0,0.47,0.015627145767211914
quake,0.53,100,0.53,0.02,0.51,0.0031108856201171875
quake,0.53,100,0.53,1.0,0.47,0.0
quake,0.53,100,0.53,0.4,0.13,0.015712976455688477
quake,0.53,100,0.53,1.0,0.47,0.015047550201416016
quake,0.53,100,0.53,1.0,0.47,0.02919769287109375
quake,0.53,100,0.53,0.67,0.14,0.008200645446777344
quake,0.58,100,0.58,0.5,0.08,0.005957841873168945
quake,0.58,100,0.58,0.0,0.58,0.015008926391601562
quake,0.58,100,0.58,1.0,0.42,0.015082597732543945
quake,0.58,100,0.58,1.0,0.42,0.004152536392211914
quake,0.58,100,0.58,0.96,0.38,0.006587982177734375
quake,0.58,100,0.58,1.0,0.42,0.01570916175842285
quake,0.58,100,0.58,0.75,0.17,0.015625
quake,0.58,100,0.58,0.6,0.02,0.01571345329284668
quake,0.58,100,0.58,0.5,0.08,0.01571965217590332
quake,0.58,100,0.58,0.0,0.58,0.01208353042602539
quake,0.63,100,0.63,0.33,0.3,0.015623092651367188
quake,0.63,100,0.63,0.75,0.12,0.01562666893005371
quake,0.63,100,0.63,1.0,0.37,0.003143310546875
quake,0.63,100,0.63,0.0,0.63,0.01690983772277832
quake,0.63,100,0.63,0.71,0.08,0.018522024154663086
quake,0.63,100,0.63,0.0,0.63,0.012136459350585938
quake,0.63,100,0.63,0.67,0.04,0.018471717834472656
quake,0.63,100,0.63,0.87,0.24,0.015079736709594727
quake,0.63,100,0.63,1.0,0.37,0.015714406967163086
quake,0.63,100,0.63,0.75,0.12,0.01571345329284668
quake,0.68,100,0.68,1.0,0.32,0.015628337860107422
quake,0.68,100,0.68,1.0,0.32,0.015707015991210938
quake,0.68,100,0.68,0.67,0.01,0.012006282806396484
quake,0.68,100,0.68,0.75,0.07,0.018069028854370117
quake,0.68,100,0.68,1.0,0.32,0.02084636688232422
quake,0.68,100,0.68,1.0,0.32,0.004400491714477539
quake,0.68,100,0.68,1.0,0.32,0.01570892333984375
quake,0.68,100,0.68,1.0,0.32,0.0157012939453125
quake,0.68,100,0.68,1.0,0.32,0.015626192092895508
quake,0.68,100,0.68,1.0,0.32,0.015709400177001953
quake,0.74,100,0.74,1.0,0.26,0.01572275161743164
quake,0.74,100,0.74,1.0,0.26,0.015711069107055664
quake,0.74,100,0.74,0.57,0.17,0.016617298126220703
quake,0.74,100,0.74,1.0,0.26,0.015624523162841797
quake,0.74,100,0.74,0.33,0.41,0.004582643508911133
quake,0.74,100,0.74,0.01,0.73,0.015007734298706055
quake,0.74,100,0.74,0.5,0.24,0.02504897117614746
quake,0.74,100,0.74,1.0,0.26,0.015630006790161133
quake,0.74,100,0.74,1.0,0.26,0.015169143676757812
quake,0.74,100,0.74,0.0,0.74,0.015072822570800781
quake,0.79,100,0.79,1.0,0.21,0.01563429832458496
quake,0.79,100,0.79,1.0,0.21,0.0
quake,0.79,100,0.79,0.4,0.39,0.012477397918701172
quake,0.79,100,0.79,1.0,0.21,0.015632152557373047
quake,0.79,100,0.79,0.38,0.41,0.01562666893005371
quake,0.79,100,0.79,1.0,0.21,0.024655818939208984
quake,0.79,100,0.79,1.0,0.21,0.008357048034667969
quake,0.79,100,0.79,0.67,0.12,0.015698671340942383
quake,0.79,100,0.79,1.0,0.21,0.015703916549682617
quake,0.79,100,0.79,0.33,0.46,0.024221181869506836
quake,0.84,100,0.84,1.0,0.16,0.015711307525634766
quake,0.84,100,0.84,0.5,0.34,0.013581275939941406
quake,0.84,100,0.84,1.0,0.16,0.01571059226989746
quake,0.84,100,0.84,1.0,0.16,0.015708446502685547
quake,0.84,100,0.84,1.0,0.16,0.015079021453857422
quake,0.84,100,0.84,0.67,0.17,0.015616655349731445
quake,0.84,100,0.84,0.67,0.17,0.0050945281982421875
quake,0.84,100,0.84,1.0,0.16,0.015630006790161133
quake,0.84,100,0.84,1.0,0.16,0.0
quake,0.84,100,0.84,0.33,0.51,0.01562786102294922
quake,0.89,100,0.89,1.0,0.11,0.005506277084350586
quake,0.89,100,0.89,1.0,0.11,0.01073598861694336
quake,0.89,100,0.89,0.95,0.06,0.02891254425048828
quake,0.89,100,0.89,1.0,0.11,0.014536142349243164
quake,0.89,100,0.89,1.0,0.11,0.0
quake,0.89,100,0.89,1.0,0.11,0.015165567398071289
quake,0.89,100,0.89,0.44,0.45,0.015081167221069336
quake,0.89,100,0.89,0.5,0.39,0.015079021453857422
quake,0.89,100,0.89,1.0,0.11,0.0157015323638916
quake,0.89,100,0.89,1.0,0.11,0.015705585479736328
quake,0.95,100,0.95,1.0,0.05,0.015721559524536133
quake,0.95,100,0.95,0.0,0.95,0.015719175338745117
quake,0.95,100,0.95,1.0,0.05,0.015615701675415039
quake,0.95,100,0.95,0.8,0.15,0.015080690383911133
quake,0.95,100,0.95,0.0,0.95,0.01618027687072754
quake,0.95,100,0.95,1.0,0.05,0.01572132110595703
quake,0.95,100,0.95,0.67,0.28,0.01562786102294922
quake,0.95,100,0.95,0.01,0.94,0.017386436462402344
quake,0.95,100,0.95,0.67,0.28,0.025525331497192383
quake,0.95,100,0.95,1.0,0.05,0.014938831329345703
quake,1.0,100,1.0,0.94,0.06,0.01939225196838379
quake,1.0,100,1.0,1.0,0.0,0.01571369171142578
quake,1.0,100,1.0,1.0,0.0,0.015712738037109375
quake,1.0,100,1.0,1.0,0.0,0.011585235595703125
quake,1.0,100,1.0,1.0,0.0,0.015710830688476562
quake,1.0,100,1.0,1.0,0.0,0.015709400177001953
quake,1.0,100,1.0,1.0,0.0,0.015700817108154297
quake,1.0,100,1.0,1.0,0.0,0.0
quake,1.0,100,1.0,1.0,0.0,0.006584882736206055
quake,1.0,100,1.0,0.13,0.87,0.015717029571533203
space_ga,0.0,100,0.0,0.0,0.0,0.015080451965332031
space_ga,0.0,100,0.0,0.0,0.0,0.023656368255615234
space_ga,0.0,100,0.0,0.0,0.0,0.018229961395263672
space_ga,0.0,100,0.0,0.0,0.0,0.0221405029296875
space_ga,0.0,100,0.0,0.0,0.0,0.0
space_ga,0.0,100,0.0,0.0,0.0,0.004357337951660156
space_ga,0.0,100,0.0,0.0,0.0,0.015651226043701172
space_ga,0.0,100,0.0,0.0,0.0,0.01571965217590332
space_ga,0.0,100,0.0,0.0,0.0,0.015077590942382812
space_ga,0.0,100,0.0,0.01,0.01,0.015585899353027344
space_ga,0.05,100,0.05,0.04,0.01,0.018128395080566406
space_ga,0.05,100,0.05,0.1,0.05,0.015636920928955078
space_ga,0.05,100,0.05,0.0,0.05,0.02255105972290039
space_ga,0.05,100,0.05,0.05,0.0,0.015581130981445312
space_ga,0.05,100,0.05,0.0,0.05,0.01563262939453125
space_ga,0.05,100,0.05,0.05,0.0,0.01054525375366211
space_ga,0.05,100,0.05,0.07,0.02,0.0
space_ga,0.05,100,0.05,0.09,0.04,0.0157010555267334
space_ga,0.05,100,0.05,0.07,0.02,0.013798952102661133
space_ga,0.05,100,0.05,0.09,0.04,0.015080451965332031
space_ga,0.11,100,0.11,0.08,0.03,0.0
space_ga,0.11,100,0.11,0.15,0.04,0.015553951263427734
space_ga,0.11,100,0.11,0.12,0.01,0.02411794662475586
space_ga,0.11,100,0.11,0.09,0.02,0.015631675720214844
space_ga,0.11,100,0.11,0.09,0.02,0.016906261444091797
space_ga,0.11,100,0.11,0.04,0.07,0.015014886856079102
space_ga,0.11,100,0.11,0.12,0.01,0.016173601150512695
space_ga,0.11,100,0.11,0.08,0.03,0.015677690505981445
space_ga,0.11,100,0.11,0.09,0.02,0.010583877563476562
space_ga,0.11,100,0.11,0.05,0.06,0.015628337860107422
space_ga,0.16,100,0.16,0.1,0.06,0.016188383102416992
space_ga,0.16,100,0.16,0.1,0.06,0.0
space_ga,0.16,100,0.16,0.15,0.01,0.016175031661987305
space_ga,0.16,100,0.16,0.17,0.01,0.015626192092895508
space_ga,0.16,100,0.16,0.18,0.02,0.011081457138061523
space_ga,0.16,100,0.16,0.07,0.09,0.01562952995300293
space_ga,0.16,100,0.16,0.16,0.0,0.01671147346496582
space_ga,0.16,100,0.16,0.08,0.08,0.0157167911529541
space_ga,0.16,100,0.16,0.15,0.01,0.015628814697265625
space_ga,0.16,100,0.16,0.21,0.05,0.015621185302734375
space_ga,0.21,100,0.21,0.18,0.03,0.015720844268798828
space_ga,0.21,100,0.21,0.19,0.02,0.015621662139892578
space_ga,0.21,100,0.21,0.17,0.04,0.015623092651367188
space_ga,0.21,100,0.21,0.19,0.02,0.004868745803833008
space_ga,0.21,100,0.21,0.18,0.03,0.0
space_ga,0.21,100,0.21,0.2,0.01,0.0
space_ga,0.21,100,0.21,0.24,0.03,0.012407541275024414
space_ga,0.21,100,0.21,0.2,0.01,0.015778303146362305
space_ga,0.21,100,0.21,0.14,0.07,0.005952596664428711
space_ga,0.21,100,0.21,0.17,0.04,0.015087604522705078
space_ga,0.26,100,0.26,0.3,0.04,0.01562643051147461
space_ga,0.26,100,0.26,0.3,0.04,0.015712261199951172
space_ga,0.26,100,0.26,0.22,0.04,0.01507258415222168
space_ga,0.26,100,0.26,0.19,0.07,0.015704870223999023
space_ga,0.26,100,0.26,0.29,0.03,0.024802684783935547
space_ga,0.26,100,0.26,0.28,0.02,0.015711545944213867
space_ga,0.26,100,0.26,0.27,0.01,0.015637874603271484
space_ga,0.26,100,0.26,0.22,0.04,0.016338109970092773
space_ga,0.26,100,0.26,0.26,0.0,0.015085220336914062
space_ga,0.26,100,0.26,0.31,0.05,0.010578393936157227
space_ga,0.32,100,0.32,0.31,0.01,0.015631437301635742
space_ga,0.32,100,0.32,0.25,0.07,0.015703916549682617
space_ga,0.32,100,0.32,0.35,0.03,0.015627384185791016
space_ga,0.32,100,0.32,0.23,0.09,0.015707969665527344
space_ga,0.32,100,0.32,0.28,0.04,0.015086174011230469
space_ga,0.32,100,0.32,0.34,0.02,0.015076875686645508
space_ga,0.32,100,0.32,0.21,0.11,0.018420696258544922
space_ga,0.32,100,0.32,0.32,0.0,0.012080192565917969
space_ga,0.32,100,0.32,0.28,0.04,0.015629291534423828
space_ga,0.32,100,0.32,0.25,0.07,0.015629053115844727
space_ga,0.37,100,0.37,0.4,0.03,0.01571488380432129
space_ga,0.37,100,0.37,0.4,0.03,0.0
space_ga,0.37,100,0.37,0.32,0.05,0.028977632522583008
space_ga,0.37,100,0.37,0.36,0.01,0.01570868492126465
space_ga,0.37,100,0.37,0.32,0.05,0.017699480056762695
space_ga,0.37,100,0.37,0.34,0.03,0.018250226974487305
space_ga,0.37,100,0.37,0.31,0.06,0.020669221878051758
space_ga,0.37,100,0.37,0.34,0.03,0.015625476837158203
space_ga,0.37,100,0.37,0.25,0.12,0.025322675704956055
space_ga,0.37,100,0.37,0.31,0.06,0.0156252384185791
space_ga,0.42,100,0.42,0.42,0.0,0.013587474822998047
space_ga,0.42,100,0.42,0.48,0.06,0.012331008911132812
space_ga,0.42,100,0.42,0.36,0.06,0.0050907135009765625
space_ga,0.42,100,0.42,0.42,0.0,0.015630483627319336
space_ga,0.42,100,0.42,0.44,0.02,0.009591102600097656
space_ga,0.42,100,0.42,0.49,0.07,0.0157167911529541
space_ga,0.42,100,0.42,0.42,0.0,0.0
space_ga,0.42,100,0.42,0.46,0.04,0.012223482131958008
space_ga,0.42,100,0.42,0.41,0.01,0.017986774444580078
space_ga,0.42,100,0.42,0.34,0.08,0.01562976837158203
space_ga,0.47,100,0.47,0.44,0.03,0.02653646469116211
space_ga,0.47,100,0.47,0.47,0.0,0.0
space_ga,0.47,100,0.47,0.48,0.01,0.0030829906463623047
space_ga,0.47,100,0.47,0.47,0.0,0.012375354766845703
space_ga,0.47,100,0.47,0.48,0.01,0.01616692543029785
space_ga,0.47,100,0.47,0.46,0.01,0.0
space_ga,0.47,100,0.47,0.49,0.02,0.021771907806396484
space_ga,0.47,100,0.47,0.48,0.01,0.015722990036010742
space_ga,0.47,100,0.47,0.45,0.02,0.019222021102905273
space_ga,0.47,100,0.47,0.5,0.03,0.0
space_ga,0.53,100,0.53,0.51,0.02,0.01571488380432129
space_ga,0.53,100,0.53,0.45,0.08,0.0
space_ga,0.53,100,0.53,0.49,0.04,0.0
space_ga,0.53,100,0.53,0.48,0.05,0.01563119888305664
space_ga,0.53,100,0.53,0.45,0.08,0.01571822166442871
space_ga,0.53,100,0.53,0.56,0.03,0.0
space_ga,0.53,100,0.53,0.51,0.02,0.0
space_ga,0.53,100,0.53,0.51,0.02,0.0
space_ga,0.53,100,0.53,0.51,0.02,0.0029671192169189453
space_ga,0.53,100,0.53,0.48,0.05,0.015717506408691406
space_ga,0.58,100,0.58,0.54,0.04,0.015713930130004883
space_ga,0.58,100,0.58,0.55,0.03,0.02463841438293457
space_ga,0.58,100,0.58,0.53,0.05,0.01570749282836914
space_ga,0.58,100,0.58,0.54,0.04,0.015619516372680664
space_ga,0.58,100,0.58,0.55,0.03,0.0
space_ga,0.58,100,0.58,0.58,0.0,0.015715599060058594
space_ga,0.58,100,0.58,0.52,0.06,0.015713214874267578
space_ga,0.58,100,0.58,0.54,0.04,0.02895498275756836
space_ga,0.58,100,0.58,0.63,0.05,0.015726804733276367
space_ga,0.58,100,0.58,0.59,0.01,0.015612602233886719
space_ga,0.63,100,0.63,0.6,0.03,0.00493311882019043
space_ga,0.63,100,0.63,0.65,0.02,0.0
space_ga,0.63,100,0.63,0.58,0.05,0.0
space_ga,0.63,100,0.63,0.6,0.03,0.012244939804077148
space_ga,0.63,100,0.63,0.53,0.1,0.0027348995208740234
space_ga,0.63,100,0.63,0.58,0.05,0.015630006790161133
space_ga,0.63,100,0.63,0.65,0.02,0.0279541015625
space_ga,0.63,100,0.63,0.69,0.06,0.015080690383911133
space_ga,0.63,100,0.63,0.63,0.0,0.015711307525634766
space_ga,0.63,100,0.63,0.55,0.08,0.01797795295715332
space_ga,0.68,100,0.68,0.58,0.1,0.015708208084106445
space_ga,0.68,100,0.68,0.57,0.11,0.015631675720214844
space_ga,0.68,100,0.68,0.66,0.02,0.014271259307861328
space_ga,0.68,100,0.68,0.71,0.03,0.01570892333984375
space_ga,0.68,100,0.68,0.63,0.05,0.015630722045898438
space_ga,0.68,100,0.68,0.69,0.01,0.024290084838867188
space_ga,0.68,100,0.68,0.75,0.07,0.015776395797729492
space_ga,0.68,100,0.68,0.69,0.01,0.01563262939453125
space_ga,0.68,100,0.68,0.6,0.08,0.014259815216064453
space_ga,0.68,100,0.68,0.67,0.01,0.02280259132385254
space_ga,0.74,100,0.74,0.7,0.04,0.015634536743164062
space_ga,0.74,100,0.74,0.75,0.01,0.013089656829833984
space_ga,0.74,100,0.74,0.77,0.03,0.015638113021850586
space_ga,0.74,100,0.74,0.69,0.05,0.016171932220458984
space_ga,0.74,100,0.74,0.66,0.08,0.015094757080078125
space_ga,0.74,100,0.74,0.66,0.08,0.01308131217956543
space_ga,0.74,100,0.74,0.63,0.11,0.02458977699279785
space_ga,0.74,100,0.74,0.67,0.07,0.02094411849975586
space_ga,0.74,100,0.74,0.72,0.02,0.015628337860107422
space_ga,0.74,100,0.74,0.79,0.05,0.018347978591918945
space_ga,0.79,100,0.79,0.72,0.07,0.015716552734375
space_ga,0.79,100,0.79,0.8,0.01,0.015632152557373047
space_ga,0.79,100,0.79,0.7,0.09,0.015162467956542969
space_ga,0.79,100,0.79,0.8,0.01,0.015623092651367188
space_ga,0.79,100,0.79,0.8,0.01,0.01562047004699707
space_ga,0.79,100,0.79,0.76,0.03,0.0
space_ga,0.79,100,0.79,0.78,0.01,0.0
space_ga,0.79,100,0.79,0.78,0.01,0.015616655349731445
space_ga,0.79,100,0.79,0.76,0.03,0.0061283111572265625
space_ga,0.79,100,0.79,0.82,0.03,0.0
space_ga,0.84,100,0.84,0.88,0.04,0.0
space_ga,0.84,100,0.84,0.79,0.05,0.01572108268737793
space_ga,0.84,100,0.84,0.85,0.01,0.016379117965698242
space_ga,0.84,100,0.84,0.75,0.09,0.01801776885986328
space_ga,0.84,100,0.84,0.93,0.09,0.01813960075378418
space_ga,0.84,100,0.84,0.89,0.05,0.0
space_ga,0.84,100,0.84,0.9,0.06,0.02246713638305664
space_ga,0.84,100,0.84,0.81,0.03,0.01571202278137207
space_ga,0.84,100,0.84,0.85,0.01,0.018576622009277344
space_ga,0.84,100,0.84,0.8,0.04,0.012306451797485352
space_ga,0.89,100,0.89,0.84,0.05,0.02301478385925293
space_ga,0.89,100,0.89,0.88,0.01,0.01561737060546875
space_ga,0.89,100,0.89,0.85,0.04,0.01372385025024414
space_ga,0.89,100,0.89,0.81,0.08,0.015623331069946289
space_ga,0.89,100,0.89,0.95,0.06,0.005523681640625
space_ga,0.89,100,0.89,0.85,0.04,0.001867055892944336
space_ga,0.89,100,0.89,0.87,0.02,0.009777069091796875
space_ga,0.89,100,0.89,0.85,0.04,0.0
space_ga,0.89,100,0.89,0.87,0.02,0.007080793380737305
space_ga,0.89,100,0.89,0.9,0.01,0.015624284744262695
space_ga,0.95,100,0.95,0.85,0.1,0.021388530731201172
space_ga,0.95,100,0.95,0.92,0.03,0.015709638595581055
space_ga,0.95,100,0.95,0.93,0.02,0.0
space_ga,0.95,100,0.95,1.0,0.05,0.02547478675842285
space_ga,0.95,100,0.95,0.87,0.08,0.01570439338684082
space_ga,0.95,100,0.95,0.91,0.04,0.015709638595581055
space_ga,0.95,100,0.95,1.0,0.05,0.01562952995300293
space_ga,0.95,100,0.95,0.91,0.04,0.015080690383911133
space_ga,0.95,100,0.95,0.93,0.02,0.015085220336914062
space_ga,0.95,100,0.95,0.9,0.05,0.005967617034912109
space_ga,1.0,100,1.0,1.0,0.0,0.019199848175048828
space_ga,1.0,100,1.0,1.0,0.0,0.017395496368408203
space_ga,1.0,100,1.0,0.95,0.05,0.015616655349731445
space_ga,1.0,100,1.0,0.96,0.04,0.01570892333984375
space_ga,1.0,100,1.0,0.94,0.06,0.0028488636016845703
space_ga,1.0,100,1.0,0.97,0.03,0.015622377395629883
space_ga,1.0,100,1.0,1.0,0.0,0.01563096046447754
space_ga,1.0,100,1.0,0.98,0.02,0.0
space_ga,1.0,100,1.0,0.94,0.06,0.01558232307434082
space_ga,1.0,100,1.0,1.0,0.0,0.015615224838256836
sylva_prior,0.0,100,0.0,0.01,0.01,0.01663494110107422
sylva_prior,0.0,100,0.0,0.0,0.0,0.013624429702758789
sylva_prior,0.0,100,0.0,0.0,0.0,0.015715360641479492
sylva_prior,0.0,100,0.0,0.0,0.0,0.01921701431274414
sylva_prior,0.0,100,0.0,0.0,0.0,0.01571345329284668
sylva_prior,0.0,100,0.0,0.0,0.0,0.014086246490478516
sylva_prior,0.0,100,0.0,0.0,0.0,0.02654886245727539
sylva_prior,0.0,100,0.0,0.0,0.0,0.015625715255737305
sylva_prior,0.0,100,0.0,0.0,0.0,0.018299579620361328
sylva_prior,0.0,100,0.0,0.0,0.0,0.015081644058227539
sylva_prior,0.05,100,0.05,0.06,0.01,0.013588190078735352
sylva_prior,0.05,100,0.05,0.05,0.0,0.015616893768310547
sylva_prior,0.05,100,0.05,0.03,0.02,0.02599620819091797
sylva_prior,0.05,100,0.05,0.07,0.02,0.015094518661499023
sylva_prior,0.05,100,0.05,0.04,0.01,0.015712738037109375
sylva_prior,0.05,100,0.05,0.04,0.01,0.01765275001525879
sylva_prior,0.05,100,0.05,0.05,0.0,0.015713930130004883
sylva_prior,0.05,100,0.05,0.06,0.01,0.015700340270996094
sylva_prior,0.05,100,0.05,0.06,0.01,0.0157167911529541
sylva_prior,0.05,100,0.05,0.05,0.0,0.014373540878295898
sylva_prior,0.11,100,0.11,0.11,0.0,0.0029222965240478516
sylva_prior,0.11,100,0.11,0.12,0.01,0.01558375358581543
sylva_prior,0.11,100,0.11,0.11,0.0,0.01572394371032715
sylva_prior,0.11,100,0.11,0.11,0.0,0.0
sylva_prior,0.11,100,0.11,0.1,0.01,0.0
sylva_prior,0.11,100,0.11,0.11,0.0,0.015629291534423828
sylva_prior,0.11,100,0.11,0.11,0.0,0.007066249847412109
sylva_prior,0.11,100,0.11,0.11,0.0,0.015709877014160156
sylva_prior,0.11,100,0.11,0.11,0.0,0.01562643051147461
sylva_prior,0.11,100,0.11,0.12,0.01,0.02797555923461914
sylva_prior,0.16,100,0.16,0.15,0.01,0.015182018280029297
sylva_prior,0.16,100,0.16,0.16,0.0,0.004597902297973633
sylva_prior,0.16,100,0.16,0.15,0.01,0.015714645385742188
sylva_prior,0.16,100,0.16,0.15,0.01,0.008085012435913086
sylva_prior,0.16,100,0.16,0.16,0.0,0.0
sylva_prior,0.16,100,0.16,0.15,0.01,0.016173124313354492
sylva_prior,0.16,100,0.16,0.16,0.0,0.017551183700561523
sylva_prior,0.16,100,0.16,0.16,0.0,0.015632152557373047
sylva_prior,0.16,100,0.16,0.16,0.0,0.0018589496612548828
sylva_prior,0.16,100,0.16,0.16,0.0,0.01880478858947754
sylva_prior,0.21,100,0.21,0.2,0.01,0.015632152557373047
sylva_prior,0.21,100,0.21,0.21,0.0,0.015616893768310547
sylva_prior,0.21,100,0.21,0.2,0.01,0.01563119888305664
sylva_prior,0.21,100,0.21,0.21,0.0,0.01613306999206543
sylva_prior,0.21,100,0.21,0.2,0.01,0.023638010025024414
sylva_prior,0.21,100,0.21,0.21,0.0,0.015627622604370117
sylva_prior,0.21,100,0.21,0.21,0.0,0.015704631805419922
sylva_prior,0.21,100,0.21,0.2,0.01,0.011275291442871094
sylva_prior,0.21,100,0.21,0.2,0.01,0.026463747024536133
sylva_prior,0.21,100,0.21,0.19,0.02,0.013952493667602539
sylva_prior,0.26,100,0.26,0.26,0.0,0.015623807907104492
sylva_prior,0.26,100,0.26,0.25,0.01,0.014084100723266602
sylva_prior,0.26,100,0.26,0.26,0.0,0.01433253288269043
sylva_prior,0.26,100,0.26,0.26,0.0,0.014288187026977539
sylva_prior,0.26,100,0.26,0.26,0.0,0.01400613784790039
sylva_prior,0.26,100,0.26,0.27,0.01,0.014951229095458984
sylva_prior,0.26,100,0.26,0.27,0.01,0.013586997985839844
sylva_prior,0.26,100,0.26,0.24,0.02,0.01453542709350586
sylva_prior,0.26,100,0.26,0.27,0.01,0.013160228729248047
sylva_prior,0.26,100,0.26,0.27,0.01,0.01506948471069336
sylva_prior,0.32,100,0.32,0.32,0.0,0.01463174819946289
sylva_prior,0.32,100,0.32,0.32,0.0,0.014524698257446289
sylva_prior,0.32,100,0.32,0.3,0.02,0.014526844024658203
sylva_prior,0.32,100,0.32,0.33,0.01,0.032492637634277344
sylva_prior,0.32,100,0.32,0.33,0.01,0.01906132698059082
sylva_prior,0.32,100,0.32,0.32,0.0,0.02529168128967285
sylva_prior,0.32,100,0.32,0.32,0.0,0.04782581329345703
sylva_prior,0.32,100,0.32,0.31,0.01,0.0
sylva_prior,0.32,100,0.32,0.32,0.0,0.015671730041503906
sylva_prior,0.32,100,0.32,0.32,0.0,0.015619516372680664
sylva_prior,0.37,100,0.37,0.37,0.0,0.0
sylva_prior,0.37,100,0.37,0.36,0.01,0.0
sylva_prior,0.37,100,0.37,0.37,0.0,0.015630245208740234
sylva_prior,0.37,100,0.37,0.38,0.01,0.015735149383544922
sylva_prior,0.37,100,0.37,0.36,0.01,0.01393747329711914
sylva_prior,0.37,100,0.37,0.36,0.01,0.015630245208740234
sylva_prior,0.37,100,0.37,0.36,0.01,0.015624523162841797
sylva_prior,0.37,100,0.37,0.37,0.0,0.015630483627319336
sylva_prior,0.37,100,0.37,0.38,0.01,0.01571798324584961
sylva_prior,0.37,100,0.37,0.36,0.01,0.019995450973510742
sylva_prior,0.42,100,0.42,0.42,0.0,0.02752065658569336
sylva_prior,0.42,100,0.42,0.41,0.01,0.015617609024047852
sylva_prior,0.42,100,0.42,0.44,0.02,0.01562643051147461
sylva_prior,0.42,100,0.42,0.42,0.0,0.018862009048461914
sylva_prior,0.42,100,0.42,0.4,0.02,0.010012388229370117
sylva_prior,0.42,100,0.42,0.42,0.0,0.015617847442626953
sylva_prior,0.42,100,0.42,0.42,0.0,0.015630245208740234
sylva_prior,0.42,100,0.42,0.41,0.01,0.015712976455688477
sylva_prior,0.42,100,0.42,0.41,0.01,0.015711307525634766
sylva_prior,0.42,100,0.42,0.42,0.0,0.01571345329284668
sylva_prior,0.47,100,0.47,0.47,0.0,0.015714406967163086
sylva_prior,0.47,100,0.47,0.48,0.01,0.017705440521240234
sylva_prior,0.47,100,0.47,0.46,0.01,0.016435861587524414
sylva_prior,0.47,100,0.47,0.47,0.0,0.01571345329284668
sylva_prior,0.47,100,0.47,0.45,0.02,0.015686750411987305
sylva_prior,0.47,100,0.47,0.47,0.0,0.0038628578186035156
sylva_prior,0.47,100,0.47,0.46,0.01,0.01618027687072754
sylva_prior,0.47,100,0.47,0.46,0.01,0.015614748001098633
sylva_prior,0.47,100,0.47,0.45,0.02,0.026893138885498047
sylva_prior,0.47,100,0.47,0.45,0.02,0.015623807907104492
sylva_prior,0.53,100,0.53,0.53,0.0,0.008580446243286133
sylva_prior,0.53,100,0.53,0.51,0.02,0.019994020462036133
sylva_prior,0.53,100,0.53,0.5,0.03,0.015086889266967773
sylva_prior,0.53,100,0.53,0.52,0.01,0.01570916175842285
sylva_prior,0.53,100,0.53,0.52,0.01,0.013576269149780273
sylva_prior,0.53,100,0.53,0.53,0.0,0.019307374954223633
sylva_prior,0.53,100,0.53,0.52,0.01,0.015583038330078125
sylva_prior,0.53,100,0.53,0.54,0.01,0.015623807907104492
sylva_prior,0.53,100,0.53,0.53,0.0,0.01563429832458496
sylva_prior,0.53,100,0.53,0.51,0.02,0.0
sylva_prior,0.58,100,0.58,0.58,0.0,0.015168428421020508
sylva_prior,0.58,100,0.58,0.56,0.02,0.01616072654724121
sylva_prior,0.58,100,0.58,0.59,0.01,0.007753849029541016
sylva_prior,0.58,100,0.58,0.58,0.0,0.02898573875427246
sylva_prior,0.58,100,0.58,0.58,0.0,0.015089035034179688
sylva_prior,0.58,100,0.58,0.57,0.01,0.016167640686035156
sylva_prior,0.58,100,0.58,0.58,0.0,0.015079021453857422
sylva_prior,0.58,100,0.58,0.55,0.03,0.02471160888671875
sylva_prior,0.58,100,0.58,0.58,0.0,0.0
sylva_prior,0.58,100,0.58,0.57,0.01,0.01615595817565918
sylva_prior,0.63,100,0.63,0.63,0.0,0.015077829360961914
sylva_prior,0.63,100,0.63,0.61,0.02,0.015627384185791016
sylva_prior,0.63,100,0.63,0.62,0.01,0.0156252384185791
sylva_prior,0.63,100,0.63,0.62,0.01,0.019517183303833008
sylva_prior,0.63,100,0.63,0.64,0.01,0.0035827159881591797
sylva_prior,0.63,100,0.63,0.62,0.01,0.015627622604370117
sylva_prior,0.63,100,0.63,0.63,0.0,0.015085935592651367
sylva_prior,0.63,100,0.63,0.62,0.01,0.015081405639648438
sylva_prior,0.63,100,0.63,0.62,0.01,0.014077901840209961
sylva_prior,0.63,100,0.63,0.63,0.0,0.02355337142944336
sylva_prior,0.68,100,0.68,0.68,0.0,0.0198972225189209
sylva_prior,0.68,100,0.68,0.68,0.0,0.015709400177001953
sylva_prior,0.68,100,0.68,0.69,0.01,0.01570415496826172
sylva_prior,0.68,100,0.68,0.67,0.01,0.025229930877685547
sylva_prior,0.68,100,0.68,0.66,0.02,0.008888006210327148
sylva_prior,0.68,100,0.68,0.65,0.03,0.015718936920166016
sylva_prior,0.68,100,0.68,0.68,0.0,0.015081167221069336
sylva_prior,0.68,100,0.68,0.68,0.0,0.016567230224609375
sylva_prior,0.68,100,0.68,0.68,0.0,0.005956172943115234
sylva_prior,0.68,100,0.68,0.67,0.01,0.015081644058227539
sylva_prior,0.74,100,0.74,0.72,0.02,0.014307022094726562
sylva_prior,0.74,100,0.74,0.74,0.0,0.015674114227294922
sylva_prior,0.74,100,0.74,0.73,0.01,0.011080265045166016
sylva_prior,0.74,100,0.74,0.72,0.02,0.01563239097595215
sylva_prior,0.74,100,0.74,0.73,0.01,0.015634536743164062
sylva_prior,0.74,100,0.74,0.73,0.01,0.015080928802490234
sylva_prior,0.74,100,0.74,0.73,0.01,0.015706300735473633
sylva_prior,0.74,100,0.74,0.74,0.0,0.0257112979888916
sylva_prior,0.74,100,0.74,0.76,0.02,0.015078067779541016
sylva_prior,0.74,100,0.74,0.74,0.0,0.015633821487426758
sylva_prior,0.79,100,0.79,0.78,0.01,0.01829838752746582
sylva_prior,0.79,100,0.79,0.79,0.0,0.02849411964416504
sylva_prior,0.79,100,0.79,0.79,0.0,0.01562952995300293
sylva_prior,0.79,100,0.79,0.79,0.0,0.018124818801879883
sylva_prior,0.79,100,0.79,0.78,0.01,0.0028879642486572266
sylva_prior,0.79,100,0.79,0.79,0.0,0.0008211135864257812
sylva_prior,0.79,100,0.79,0.78,0.01,0.015619993209838867
sylva_prior,0.79,100,0.79,0.78,0.01,0.015084028244018555
sylva_prior,0.79,100,0.79,0.8,0.01,0.015617609024047852
sylva_prior,0.79,100,0.79,0.79,0.0,0.01571035385131836
sylva_prior,0.84,100,0.84,0.84,0.0,0.02433609962463379
sylva_prior,0.84,100,0.84,0.84,0.0,0.015624284744262695
sylva_prior,0.84,100,0.84,0.85,0.01,0.015706300735473633
sylva_prior,0.84,100,0.84,0.83,0.01,0.016122817993164062
sylva_prior,0.84,100,0.84,0.83,0.01,0.0269775390625
sylva_prior,0.84,100,0.84,0.84,0.0,0.015077590942382812
sylva_prior,0.84,100,0.84,0.84,0.0,0.0
sylva_prior,0.84,100,0.84,0.86,0.02,0.016167640686035156
sylva_prior,0.84,100,0.84,0.82,0.02,0.0
sylva_prior,0.84,100,0.84,0.85,0.01,0.003899097442626953
sylva_prior,0.89,100,0.89,0.88,0.01,0.015636444091796875
sylva_prior,0.89,100,0.89,0.89,0.0,0.008091449737548828
sylva_prior,0.89,100,0.89,0.88,0.01,0.01562809944152832
sylva_prior,0.89,100,0.89,0.88,0.01,0.0
sylva_prior,0.89,100,0.89,0.89,0.0,0.0
sylva_prior,0.89,100,0.89,0.9,0.01,0.01570892333984375
sylva_prior,0.89,100,0.89,0.89,0.0,0.027848482131958008
sylva_prior,0.89,100,0.89,0.88,0.01,0.010324239730834961
sylva_prior,0.89,100,0.89,0.89,0.0,0.015712499618530273
sylva_prior,0.89,100,0.89,0.88,0.01,0.0
sylva_prior,0.95,100,0.95,0.94,0.01,0.024165630340576172
sylva_prior,0.95,100,0.95,0.95,0.0,0.0172119140625
sylva_prior,0.95,100,0.95,0.94,0.01,0.013551712036132812
sylva_prior,0.95,100,0.95,0.94,0.01,0.015087604522705078
sylva_prior,0.95,100,0.95,0.94,0.01,0.015708208084106445
sylva_prior,0.95,100,0.95,0.94,0.01,0.015087366104125977
sylva_prior,0.95,100,0.95,0.94,0.01,0.021660566329956055
sylva_prior,0.95,100,0.95,0.92,0.03,0.0048520565032958984
sylva_prior,0.95,100,0.95,0.92,0.03,0.01562047004699707
sylva_prior,0.95,100,0.95,0.94,0.01,0.009086847305297852
sylva_prior,1.0,100,1.0,1.0,0.0,0.015626907348632812
sylva_prior,1.0,100,1.0,1.0,0.0,0.006588935852050781
sylva_prior,1.0,100,1.0,1.0,0.0,0.015716075897216797
sylva_prior,1.0,100,1.0,1.0,0.0,0.01616978645324707
sylva_prior,1.0,100,1.0,1.0,0.0,0.020172834396362305
sylva_prior,1.0,100,1.0,0.99,0.01,0.003974199295043945
sylva_prior,1.0,100,1.0,1.0,0.0,0.015007972717285156
sylva_prior,1.0,100,1.0,0.99,0.01,0.01616072654724121
sylva_prior,1.0,100,1.0,0.99,0.01,0.015625953674316406
sylva_prior,1.0,100,1.0,0.99,0.01,0.01827216148376465
visualizing_soil,0.0,100,0.0,0.0,0.0,0.015713930130004883
visualizing_soil,0.0,100,0.0,0.0,0.0,0.007152080535888672
visualizing_soil,0.0,100,0.0,0.01,0.01,0.01571822166442871
visualizing_soil,0.0,100,0.0,0.0,0.0,0.01557612419128418
visualizing_soil,0.0,100,0.0,0.0,0.0,0.015625953674316406
visualizing_soil,0.0,100,0.0,0.0,0.0,0.013009309768676758
visualizing_soil,0.0,100,0.0,0.0,0.0,0.01658344268798828
visualizing_soil,0.0,100,0.0,0.0,0.0,0.011133670806884766
visualizing_soil,0.0,100,0.0,0.0,0.0,0.005051851272583008
visualizing_soil,0.0,100,0.0,0.0,0.0,0.013391971588134766
visualizing_soil,0.05,100,0.05,0.05,0.0,0.015626192092895508
visualizing_soil,0.05,100,0.05,0.05,0.0,0.028023481369018555
visualizing_soil,0.05,100,0.05,0.05,0.0,0.024858474731445312
visualizing_soil,0.05,100,0.05,0.05,0.0,0.012088298797607422
visualizing_soil,0.05,100,0.05,0.05,0.0,0.011207342147827148
visualizing_soil,0.05,100,0.05,0.05,0.0,0.0
visualizing_soil,0.05,100,0.05,0.05,0.0,0.0029480457305908203
visualizing_soil,0.05,100,0.05,0.05,0.0,0.017182111740112305
visualizing_soil,0.05,100,0.05,0.06,0.01,0.0018463134765625
visualizing_soil,0.05,100,0.05,0.05,0.0,0.012253999710083008
visualizing_soil,0.11,100,0.11,0.11,0.0,0.018523693084716797
visualizing_soil,0.11,100,0.11,0.11,0.0,0.015080451965332031
visualizing_soil,0.11,100,0.11,0.11,0.0,0.012472867965698242
visualizing_soil,0.11,100,0.11,0.11,0.0,0.012119054794311523
visualizing_soil,0.11,100,0.11,0.11,0.0,0.01660442352294922
visualizing_soil,0.11,100,0.11,0.11,0.0,0.01562643051147461
visualizing_soil,0.11,100,0.11,0.11,0.0,0.0
visualizing_soil,0.11,100,0.11,0.11,0.0,0.014925003051757812
visualizing_soil,0.11,100,0.11,0.11,0.0,0.0
visualizing_soil,0.11,100,0.11,0.11,0.0,0.015625
visualizing_soil,0.16,100,0.16,0.17,0.01,0.015629053115844727
visualizing_soil,0.16,100,0.16,0.16,0.0,0.01563429832458496
visualizing_soil,0.16,100,0.16,0.16,0.0,0.015630722045898438
visualizing_soil,0.16,100,0.16,0.16,0.0,0.01563405990600586
visualizing_soil,0.16,100,0.16,0.17,0.01,0.016170263290405273
visualizing_soil,0.16,100,0.16,0.16,0.0,0.01570415496826172
visualizing_soil,0.16,100,0.16,0.16,0.0,0.015629291534423828
visualizing_soil,0.16,100,0.16,0.16,0.0,0.0157320499420166
visualizing_soil,0.16,100,0.16,0.15,0.01,0.019713640213012695
visualizing_soil,0.16,100,0.16,0.16,0.0,0.01572108268737793
visualizing_soil,0.21,100,0.21,0.21,0.0,0.015634775161743164
visualizing_soil,0.21,100,0.21,0.21,0.0,0.0
visualizing_soil,0.21,100,0.21,0.21,0.0,0.01057577133178711
visualizing_soil,0.21,100,0.21,0.21,0.0,0.0
visualizing_soil,0.21,100,0.21,0.21,0.0,0.003069162368774414
visualizing_soil,0.21,100,0.21,0.21,0.0,0.015626192092895508
visualizing_soil,0.21,100,0.21,0.21,0.0,0.0
visualizing_soil,0.21,100,0.21,0.21,0.0,0.015627384185791016
visualizing_soil,0.21,100,0.21,0.21,0.0,0.023483753204345703
visualizing_soil,0.21,100,0.21,0.21,0.0,0.003028392791748047
visualizing_soil,0.26,100,0.26,0.27,0.01,0.015708446502685547
visualizing_soil,0.26,100,0.26,0.26,0.0,0.015205621719360352
visualizing_soil,0.26,100,0.26,0.26,0.0,0.015709638595581055
visualizing_soil,0.26,100,0.26,0.27,0.01,0.011046648025512695
visualizing_soil,0.26,100,0.26,0.26,0.0,0.026230335235595703
visualizing_soil,0.26,100,0.26,0.26,0.0,0.018538951873779297
visualizing_soil,0.26,100,0.26,0.26,0.0,0.018426895141601562
visualizing_soil,0.26,100,0.26,0.26,0.0,0.01831793785095215
visualizing_soil,0.26,100,0.26,0.26,0.0,0.01551675796508789
visualizing_soil,0.26,100,0.26,0.26,0.0,0.015631914138793945
visualizing_soil,0.32,100,0.32,0.31,0.01,0.006087064743041992
visualizing_soil,0.32,100,0.32,0.32,0.0,0.015717744827270508
visualizing_soil,0.32,100,0.32,0.32,0.0,0.015636682510375977
visualizing_soil,0.32,100,0.32,0.32,0.0,0.015621423721313477
visualizing_soil,0.32,100,0.32,0.32,0.0,0.014083623886108398
visualizing_soil,0.32,100,0.32,0.32,0.0,0.007721424102783203
visualizing_soil,0.32,100,0.32,0.32,0.0,0.01563262939453125
visualizing_soil,0.32,100,0.32,0.31,0.01,0.020711183547973633
visualizing_soil,0.32,100,0.32,0.32,0.0,0.015718460083007812
visualizing_soil,0.32,100,0.32,0.32,0.0,0.015608787536621094
visualizing_soil,0.37,100,0.37,0.36,0.01,0.01839590072631836
visualizing_soil,0.37,100,0.37,0.37,0.0,0.025890350341796875
visualizing_soil,0.37,100,0.37,0.37,0.0,0.015618324279785156
visualizing_soil,0.37,100,0.37,0.36,0.01,0.009084939956665039
visualizing_soil,0.37,100,0.37,0.37,0.0,0.01562809944152832
visualizing_soil,0.37,100,0.37,0.36,0.01,0.015623331069946289
visualizing_soil,0.37,100,0.37,0.36,0.01,0.016173601150512695
visualizing_soil,0.37,100,0.37,0.37,0.0,0.024775981903076172
visualizing_soil,0.37,100,0.37,0.37,0.0,0.011221885681152344
visualizing_soil,0.37,100,0.37,0.37,0.0,0.008972883224487305
visualizing_soil,0.42,100,0.42,0.42,0.0,0.015712738037109375
visualizing_soil,0.42,100,0.42,0.42,0.0,0.0008513927459716797
visualizing_soil,0.42,100,0.42,0.42,0.0,0.015019655227661133
visualizing_soil,0.42,100,0.42,0.42,0.0,0.02017378807067871
visualizing_soil,0.42,100,0.42,0.42,0.0,0.0018494129180908203
visualizing_soil,0.42,100,0.42,0.42,0.0,0.016505956649780273
visualizing_soil,0.42,100,0.42,0.42,0.0,0.01826643943786621
visualizing_soil,0.42,100,0.42,0.41,0.01,0.003931283950805664
visualizing_soil,0.42,100,0.42,0.42,0.0,0.01114511489868164
visualizing_soil,0.42,100,0.42,0.42,0.0,0.023398399353027344
visualizing_soil,0.47,100,0.47,0.47,0.0,0.015079736709594727
visualizing_soil,0.47,100,0.47,0.47,0.0,0.0
visualizing_soil,0.47,100,0.47,0.46,0.01,0.015636205673217773
visualizing_soil,0.47,100,0.47,0.46,0.01,0.015625715255737305
visualizing_soil,0.47,100,0.47,0.47,0.0,0.015628814697265625
visualizing_soil,0.47,100,0.47,0.47,0.0,0.015709400177001953
visualizing_soil,0.47,100,0.47,0.46,0.01,0.015630722045898438
visualizing_soil,0.47,100,0.47,0.47,0.0,0.01563119888305664
visualizing_soil,0.47,100,0.47,0.47,0.0,0.01507711410522461
visualizing_soil,0.47,100,0.47,0.47,0.0,0.012574911117553711
visualizing_soil,0.53,100,0.53,0.53,0.0,0.015695810317993164
visualizing_soil,0.53,100,0.53,0.53,0.0,0.0017943382263183594
visualizing_soil,0.53,100,0.53,0.53,0.0,0.00488591194152832
visualizing_soil,0.53,100,0.53,0.53,0.0,0.01336216926574707
visualizing_soil,0.53,100,0.53,0.53,0.0,0.020064830780029297
visualizing_soil,0.53,100,0.53,0.54,0.01,0.015638351440429688
visualizing_soil,0.53,100,0.53,0.53,0.0,0.017390012741088867
visualizing_soil,0.53,100,0.53,0.53,0.0,0.018514394760131836
visualizing_soil,0.53,100,0.53,0.53,0.0,0.0
visualizing_soil,0.53,100,0.53,0.53,0.0,0.013586997985839844
visualizing_soil,0.58,100,0.58,0.59,0.01,0.015711545944213867
visualizing_soil,0.58,100,0.58,0.57,0.01,0.0178835391998291
visualizing_soil,0.58,100,0.58,0.58,0.0,0.015630006790161133
visualizing_soil,0.58,100,0.58,0.58,0.0,0.018712520599365234
visualizing_soil,0.58,100,0.58,0.58,0.0,0.01569819450378418
visualizing_soil,0.58,100,0.58,0.58,0.0,0.015628814697265625
visualizing_soil,0.58,100,0.58,0.58,0.0,0.001878976821899414
visualizing_soil,0.58,100,0.58,0.59,0.01,0.01571059226989746
visualizing_soil,0.58,100,0.58,0.59,0.01,0.015621423721313477
visualizing_soil,0.58,100,0.58,0.58,0.0,0.011861801147460938
visualizing_soil,0.63,100,0.63,0.64,0.01,0.018205642700195312
visualizing_soil,0.63,100,0.63,0.63,0.0,0.02389979362487793
visualizing_soil,0.63,100,0.63,0.63,0.0,0.028000354766845703
visualizing_soil,0.63,100,0.63,0.63,0.0,0.016547441482543945
visualizing_soil,0.63,100,0.63,0.63,0.0,0.0156252384185791
visualizing_soil,0.63,100,0.63,0.63,0.0,0.01562666893005371
visualizing_soil,0.63,100,0.63,0.63,0.0,0.0
visualizing_soil,0.63,100,0.63,0.63,0.0,0.013693809509277344
visualizing_soil,0.63,100,0.63,0.63,0.0,0.015626907348632812
visualizing_soil,0.63,100,0.63,0.63,0.0,0.019217967987060547
visualizing_soil,0.68,100,0.68,0.69,0.01,0.01571512222290039
visualizing_soil,0.68,100,0.68,0.68,0.0,0.015712499618530273
visualizing_soil,0.68,100,0.68,0.68,0.0,0.0009634494781494141
visualizing_soil,0.68,100,0.68,0.68,0.0,0.015708446502685547
visualizing_soil,0.68,100,0.68,0.69,0.01,0.012585163116455078
visualizing_soil,0.68,100,0.68,0.68,0.0,0.015078544616699219
visualizing_soil,0.68,100,0.68,0.69,0.01,0.012375593185424805
visualizing_soil,0.68,100,0.68,0.68,0.0,0.012467384338378906
visualizing_soil,0.68,100,0.68,0.68,0.0,0.017088890075683594
visualizing_soil,0.68,100,0.68,0.68,0.0,0.015775442123413086
visualizing_soil,0.74,100,0.74,0.74,0.0,0.018189668655395508
visualizing_soil,0.74,100,0.74,0.74,0.0,0.01564931869506836
visualizing_soil,0.74,100,0.74,0.74,0.0,0.015164852142333984
visualizing_soil,0.74,100,0.74,0.74,0.0,0.01571178436279297
visualizing_soil,0.74,100,0.74,0.74,0.0,0.0
visualizing_soil,0.74,100,0.74,0.74,0.0,0.015622138977050781
visualizing_soil,0.74,100,0.74,0.74,0.0,0.01832294464111328
visualizing_soil,0.74,100,0.74,0.74,0.0,0.015094995498657227
visualizing_soil,0.74,100,0.74,0.74,0.0,0.0038335323333740234
visualizing_soil,0.74,100,0.74,0.74,0.0,0.029209375381469727
visualizing_soil,0.79,100,0.79,0.79,0.0,0.028084754943847656
visualizing_soil,0.79,100,0.79,0.79,0.0,0.01894664764404297
visualizing_soil,0.79,100,0.79,0.79,0.0,0.015073537826538086
visualizing_soil,0.79,100,0.79,0.78,0.01,0.01561737060546875
visualizing_soil,0.79,100,0.79,0.79,0.0,0.013582468032836914
visualizing_soil,0.79,100,0.79,0.79,0.0,0.015708446502685547
visualizing_soil,0.79,100,0.79,0.79,0.0,0.02411055564880371
visualizing_soil,0.79,100,0.79,0.79,0.0,0.015615224838256836
visualizing_soil,0.79,100,0.79,0.79,0.0,0.013580799102783203
visualizing_soil,0.79,100,0.79,0.79,0.0,0.015622854232788086
visualizing_soil,0.84,100,0.84,0.85,0.01,0.015620231628417969
visualizing_soil,0.84,100,0.84,0.85,0.01,0.015622138977050781
visualizing_soil,0.84,100,0.84,0.84,0.0,0.015707731246948242
visualizing_soil,0.84,100,0.84,0.84,0.0,0.01562976837158203
visualizing_soil,0.84,100,0.84,0.84,0.0,0.01573920249938965
visualizing_soil,0.84,100,0.84,0.84,0.0,0.015617609024047852
visualizing_soil,0.84,100,0.84,0.85,0.01,0.011586427688598633
visualizing_soil,0.84,100,0.84,0.84,0.0,0.0156252384185791
visualizing_soil,0.84,100,0.84,0.84,0.0,0.0
visualizing_soil,0.84,100,0.84,0.84,0.0,0.015625953674316406
visualizing_soil,0.89,100,0.89,0.89,0.0,0.009263277053833008
visualizing_soil,0.89,100,0.89,0.89,0.0,0.017633676528930664
visualizing_soil,0.89,100,0.89,0.89,0.0,0.020615577697753906
visualizing_soil,0.89,100,0.89,0.89,0.0,0.0
visualizing_soil,0.89,100,0.89,0.89,0.0,0.015633583068847656
visualizing_soil,0.89,100,0.89,0.89,0.0,0.01571035385131836
visualizing_soil,0.89,100,0.89,0.89,0.0,0.01562047004699707
visualizing_soil,0.89,100,0.89,0.89,0.0,0.004152774810791016
visualizing_soil,0.89,100,0.89,0.89,0.0,0.002077341079711914
visualizing_soil,0.89,100,0.89,0.89,0.0,0.015706777572631836
visualizing_soil,0.95,100,0.95,0.95,0.0,0.015621662139892578
visualizing_soil,0.95,100,0.95,0.95,0.0,0.015630722045898438
visualizing_soil,0.95,100,0.95,0.95,0.0,0.006091117858886719
visualizing_soil,0.95,100,0.95,0.95,0.0,0.015631675720214844
visualizing_soil,0.95,100,0.95,0.95,0.0,0.024203062057495117
visualizing_soil,0.95,100,0.95,0.95,0.0,0.0
visualizing_soil,0.95,100,0.95,0.95,0.0,0.01408076286315918
visualizing_soil,0.95,100,0.95,0.95,0.0,0.015624761581420898
visualizing_soil,0.95,100,0.95,0.95,0.0,0.01571035385131836
visualizing_soil,0.95,100,0.95,0.95,0.0,0.024191856384277344
visualizing_soil,1.0,100,1.0,1.0,0.0,0.015719890594482422
visualizing_soil,1.0,100,1.0,1.0,0.0,0.01401209831237793
visualizing_soil,1.0,100,1.0,1.0,0.0,0.01570725440979004
visualizing_soil,1.0,100,1.0,1.0,0.0,0.0008563995361328125
visualizing_soil,1.0,100,1.0,1.0,0.0,0.005938529968261719
visualizing_soil,1.0,100,1.0,1.0,0.0,0.01215982437133789
visualizing_soil,1.0,100,1.0,1.0,0.0,0.018360137939453125
visualizing_soil,1.0,100,1.0,1.0,0.0,0.0
visualizing_soil,1.0,100,1.0,1.0,0.0,0.014574766159057617
visualizing_soil,1.0,100,1.0,1.0,0.0,0.005963563919067383
wind,0.0,100,0.0,0.0,0.0,0.009621858596801758
wind,0.0,100,0.0,0.0,0.0,0.018537282943725586
wind,0.0,100,0.0,0.0,0.0,0.013811111450195312
wind,0.0,100,0.0,0.0,0.0,0.008075475692749023
wind,0.0,100,0.0,0.0,0.0,0.0
wind,0.0,100,0.0,0.04,0.04,0.003854990005493164
wind,0.0,100,0.0,0.02,0.02,0.01562190055847168
wind,0.0,100,0.0,0.0,0.0,0.015626192092895508
wind,0.0,100,0.0,0.0,0.0,0.02698659896850586
wind,0.0,100,0.0,0.0,0.0,0.016208887100219727
wind,0.05,100,0.05,0.04,0.01,0.00592350959777832
wind,0.05,100,0.05,0.0,0.05,0.015619039535522461
wind,0.05,100,0.05,0.0,0.05,0.015598535537719727
wind,0.05,100,0.05,0.06,0.01,0.011232376098632812
wind,0.05,100,0.05,0.0,0.05,0.015726566314697266
wind,0.05,100,0.05,0.07,0.02,0.004052400588989258
wind,0.05,100,0.05,0.03,0.02,0.018415212631225586
wind,0.05,100,0.05,0.04,0.01,0.0
wind,0.05,100,0.05,0.14,0.09,0.015083789825439453
wind,0.05,100,0.05,0.06,0.01,0.015624284744262695
wind,0.11,100,0.11,0.11,0.0,0.01562952995300293
wind,0.11,100,0.11,0.18,0.07,0.015703439712524414
wind,0.11,100,0.11,0.1,0.01,0.02465224266052246
wind,0.11,100,0.11,0.07,0.04,0.015615224838256836
wind,0.11,100,0.11,0.18,0.07,0.015077590942382812
wind,0.11,100,0.11,0.13,0.02,0.02420186996459961
wind,0.11,100,0.11,0.14,0.03,0.0157468318939209
wind,0.11,100,0.11,0.1,0.01,0.015622138977050781
wind,0.11,100,0.11,0.1,0.01,0.016467809677124023
wind,0.11,100,0.11,0.07,0.04,0.015080451965332031
wind,0.16,100,0.16,0.16,0.0,0.015082836151123047
wind,0.16,100,0.16,0.12,0.04,0.02578592300415039
wind,0.16,100,0.16,0.14,0.02,0.015630245208740234
wind,0.16,100,0.16,0.14,0.02,0.015623331069946289
wind,0.16,100,0.16,0.14,0.02,0.018210411071777344
wind,0.16,100,0.16,0.18,0.02,0.01569843292236328
wind,0.16,100,0.16,0.1,0.06,0.024237632751464844
wind,0.16,100,0.16,0.17,0.01,0.022302865982055664
wind,0.16,100,0.16,0.15,0.01,0.012076139450073242
wind,0.16,100,0.16,0.18,0.02,0.015616893768310547
wind,0.21,100,0.21,0.23,0.02,0.015709400177001953
wind,0.21,100,0.21,0.21,0.0,0.0156400203704834
wind,0.21,100,0.21,0.24,0.03,0.013080596923828125
wind,0.21,100,0.21,0.17,0.04,0.025710582733154297
wind,0.21,100,0.21,0.18,0.03,0.01571369171142578
wind,0.21,100,0.21,0.23,0.02,0.015628337860107422
wind,0.21,100,0.21,0.22,0.01,0.0018553733825683594
wind,0.21,100,0.21,0.23,0.02,0.012265443801879883
wind,0.21,100,0.21,0.21,0.0,0.0026154518127441406
wind,0.21,100,0.21,0.19,0.02,0.01742863655090332
wind,0.26,100,0.26,0.27,0.01,0.015682697296142578
wind,0.26,100,0.26,0.22,0.04,0.024688005447387695
wind,0.26,100,0.26,0.25,0.01,0.015633583068847656
wind,0.26,100,0.26,0.28,0.02,0.01567697525024414
wind,0.26,100,0.26,0.3,0.04,0.01562047004699707
wind,0.26,100,0.26,0.23,0.03,0.015581130981445312
wind,0.26,100,0.26,0.23,0.03,0.015616893768310547
wind,0.26,100,0.26,0.27,0.01,0.01570892333984375
wind,0.26,100,0.26,0.23,0.03,0.025566816329956055
wind,0.26,100,0.26,0.15,0.11,0.01563096046447754
wind,0.32,100,0.32,0.29,0.03,0.010260581970214844
wind,0.32,100,0.32,0.27,0.05,0.015622615814208984
wind,0.32,100,0.32,0.31,0.01,0.010080575942993164
wind,0.32,100,0.32,0.35,0.03,0.015630722045898438
wind,0.32,100,0.32,0.42,0.1,0.015083074569702148
wind,0.32,100,0.32,0.3,0.02,0.01561737060546875
wind,0.32,100,0.32,0.33,0.01,0.015556573867797852
wind,0.32,100,0.32,0.37,0.05,0.015706539154052734
wind,0.32,100,0.32,0.24,0.08,0.02421426773071289
wind,0.32,100,0.32,0.32,0.0,0.014235496520996094
wind,0.37,100,0.37,0.29,0.08,0.015614509582519531
wind,0.37,100,0.37,0.32,0.05,0.018353700637817383
wind,0.37,100,0.37,0.39,0.02,0.015715837478637695
wind,0.37,100,0.37,0.28,0.09,0.005452632904052734
wind,0.37,100,0.37,0.33,0.04,0.015686988830566406
wind,0.37,100,0.37,0.32,0.05,0.015092134475708008
wind,0.37,100,0.37,0.38,0.01,0.0
wind,0.37,100,0.37,0.33,0.04,0.01572132110595703
wind,0.37,100,0.37,0.33,0.04,0.01462101936340332
wind,0.37,100,0.37,0.36,0.01,0.015639781951904297
wind,0.42,100,0.42,0.41,0.01,0.006582021713256836
wind,0.42,100,0.42,0.45,0.03,0.015623092651367188
wind,0.42,100,0.42,0.34,0.08,0.011317968368530273
wind,0.42,100,0.42,0.45,0.03,0.017537593841552734
wind,0.42,100,0.42,0.38,0.04,0.015628814697265625
wind,0.42,100,0.42,0.43,0.01,0.0269472599029541
wind,0.42,100,0.42,0.39,0.03,0.0071146488189697266
wind,0.42,100,0.42,0.34,0.08,0.010473489761352539
wind,0.42,100,0.42,0.35,0.07,0.01563262939453125
wind,0.42,100,0.42,0.43,0.01,0.0018877983093261719
wind,0.47,100,0.47,0.46,0.01,0.015628337860107422
wind,0.47,100,0.47,0.42,0.05,0.015118837356567383
wind,0.47,100,0.47,0.37,0.1,0.015712976455688477
wind,0.47,100,0.47,0.49,0.02,0.01443624496459961
wind,0.47,100,0.47,0.4,0.07,0.01562809944152832
wind,0.47,100,0.47,0.45,0.02,0.013269901275634766
wind,0.47,100,0.47,0.52,0.05,0.015617609024047852
wind,0.47,100,0.47,0.39,0.08,0.015720367431640625
wind,0.47,100,0.47,0.53,0.06,0.009081602096557617
wind,0.47,100,0.47,0.45,0.02,0.024178028106689453
wind,0.53,100,0.53,0.57,0.04,0.00289154052734375
wind,0.53,100,0.53,0.59,0.06,0.01507878303527832
wind,0.53,100,0.53,0.54,0.01,0.0156252384185791
wind,0.53,100,0.53,0.53,0.0,0.015710830688476562
wind,0.53,100,0.53,0.51,0.02,0.014580249786376953
wind,0.53,100,0.53,0.53,0.0,0.022805452346801758
wind,0.53,100,0.53,0.46,0.07,0.012517213821411133
wind,0.53,100,0.53,0.54,0.01,0.015623331069946289
wind,0.53,100,0.53,0.46,0.07,0.019194841384887695
wind,0.53,100,0.53,0.51,0.02,0.015726327896118164
wind,0.58,100,0.58,0.6,0.02,0.0
wind,0.58,100,0.58,0.49,0.09,0.016310930252075195
wind,0.58,100,0.58,0.55,0.03,0.015707969665527344
wind,0.58,100,0.58,0.59,0.01,0.012166261672973633
wind,0.58,100,0.58,0.53,0.05,0.0
wind,0.58,100,0.58,0.62,0.04,0.015089035034179688
wind,0.58,100,0.58,0.61,0.03,0.01575636863708496
wind,0.58,100,0.58,0.56,0.02,0.01572561264038086
wind,0.58,100,0.58,0.59,0.01,0.024189233779907227
wind,0.58,100,0.58,0.61,0.03,0.015625
wind,0.63,100,0.63,0.62,0.01,0.015710830688476562
wind,0.63,100,0.63,0.59,0.04,0.023807048797607422
wind,0.63,100,0.63,0.64,0.01,0.016176700592041016
wind,0.63,100,0.63,0.6,0.03,0.015703439712524414
wind,0.63,100,0.63,0.59,0.04,0.015555620193481445
wind,0.63,100,0.63,0.63,0.0,0.015725135803222656
wind,0.63,100,0.63,0.64,0.01,0.012222051620483398
wind,0.63,100,0.63,0.61,0.02,0.015767335891723633
wind,0.63,100,0.63,0.55,0.08,0.004871845245361328
wind,0.63,100,0.63,0.68,0.05,0.0038857460021972656
wind,0.68,100,0.68,0.66,0.02,0.015713214874267578
wind,0.68,100,0.68,0.62,0.06,0.015620946884155273
wind,0.68,100,0.68,0.71,0.03,0.01569676399230957
wind,0.68,100,0.68,0.7,0.02,0.013581514358520508
wind,0.68,100,0.68,0.7,0.02,0.016162633895874023
wind,0.68,100,0.68,0.67,0.01,0.029033184051513672
wind,0.68,100,0.68,0.73,0.05,0.015621185302734375
wind,0.68,100,0.68,0.71,0.03,0.004888057708740234
wind,0.68,100,0.68,0.66,0.02,0.01888251304626465
wind,0.68,100,0.68,0.63,0.05,0.015626907348632812
wind,0.74,100,0.74,0.7,0.04,0.0028514862060546875
wind,0.74,100,0.74,0.75,0.01,0.015728235244750977
wind,0.74,100,0.74,0.7,0.04,0.015164375305175781
wind,0.74,100,0.74,0.76,0.02,0.015622854232788086
wind,0.74,100,0.74,0.73,0.01,0.015715360641479492
wind,0.74,100,0.74,0.71,0.03,0.024649381637573242
wind,0.74,100,0.74,0.74,0.0,0.015618562698364258
wind,0.74,100,0.74,0.8,0.06,0.007524251937866211
wind,0.74,100,0.74,0.73,0.01,0.015709400177001953
wind,0.74,100,0.74,0.77,0.03,0.003082752227783203
wind,0.79,100,0.79,0.74,0.05,0.015624284744262695
wind,0.79,100,0.79,0.77,0.02,0.0
wind,0.79,100,0.79,0.79,0.0,0.012392282485961914
wind,0.79,100,0.79,0.82,0.03,0.015619039535522461
wind,0.79,100,0.79,0.76,0.03,0.0
wind,0.79,100,0.79,0.8,0.01,0.021849870681762695
wind,0.79,100,0.79,0.81,0.02,0.011081457138061523
wind,0.79,100,0.79,0.78,0.01,0.015627384185791016
wind,0.79,100,0.79,0.82,0.03,0.01571345329284668
wind,0.79,100,0.79,0.83,0.04,0.01831197738647461
wind,0.84,100,0.84,0.83,0.01,0.015702009201049805
wind,0.84,100,0.84,0.9,0.06,0.003785371780395508
wind,0.84,100,0.84,0.84,0.0,0.01259303092956543
wind,0.84,100,0.84,0.82,0.02,0.0140838623046875
wind,0.84,100,0.84,0.79,0.05,0.018181324005126953
wind,0.84,100,0.84,0.85,0.01,0.015633106231689453
wind,0.84,100,0.84,0.85,0.01,0.01755237579345703
wind,0.84,100,0.84,0.8,0.04,0.015618562698364258
wind,0.84,100,0.84,0.82,0.02,0.015709877014160156
wind,0.84,100,0.84,0.79,0.05,0.02446722984313965
wind,0.89,100,0.89,0.86,0.03,0.0
wind,0.89,100,0.89,0.84,0.05,0.024764060974121094
wind,0.89,100,0.89,0.86,0.03,0.0
wind,0.89,100,0.89,0.88,0.01,0.015611886978149414
wind,0.89,100,0.89,0.93,0.04,0.015712499618530273
wind,0.89,100,0.89,0.93,0.04,0.015706539154052734
wind,0.89,100,0.89,0.85,0.04,0.021094322204589844
wind,0.89,100,0.89,0.83,0.06,0.017662763595581055
wind,0.89,100,0.89,0.82,0.07,0.015077829360961914
wind,0.89,100,0.89,0.87,0.02,0.015629291534423828
wind,0.95,100,0.95,0.95,0.0,0.0
wind,0.95,100,0.95,0.9,0.05,0.0015170574188232422
wind,0.95,100,0.95,0.8,0.15,0.01436471939086914
wind,0.95,100,0.95,0.97,0.02,0.004875659942626953
wind,0.95,100,0.95,0.94,0.01,0.015087604522705078
wind,0.95,100,0.95,0.92,0.03,0.015085935592651367
wind,0.95,100,0.95,0.96,0.01,0.015708446502685547
wind,0.95,100,0.95,0.86,0.09,0.015162229537963867
wind,0.95,100,0.95,0.93,0.02,0.01862311363220215
wind,0.95,100,0.95,0.98,0.03,0.015719175338745117
wind,1.0,100,1.0,1.0,0.0,0.015617847442626953
wind,1.0,100,1.0,1.0,0.0,0.01571798324584961
wind,1.0,100,1.0,0.99,0.01,0.015711307525634766
wind,1.0,100,1.0,0.97,0.03,0.016222238540649414
wind,1.0,100,1.0,1.0,0.0,0.025435686111450195
wind,1.0,100,1.0,0.94,0.06,0.012523174285888672
wind,1.0,100,1.0,0.97,0.03,0.005926847457885742
wind,1.0,100,1.0,1.0,0.0,0.01562976837158203
wind,1.0,100,1.0,0.97,0.03,0.015631914138793945
wind,1.0,100,1.0,1.0,0.0,0.01471090316772461
