dataset_name,alpha,sample_size,real_p,pred_p,abs_error,run_time
2dplanes,0.0,100,0.0,0.1,0.1,0.0
2dplanes,0.0,100,0.0,0.03,0.03,0.0006163120269775391
2dplanes,0.0,100,0.0,0.0,0.0,0.0
2dplanes,0.0,100,0.0,0.03,0.03,0.0002493858337402344
2dplanes,0.0,100,0.0,0.06,0.06,0.0
2dplanes,0.0,100,0.0,0.0,0.0,0.0
2dplanes,0.0,100,0.0,0.0,0.0,0.0
2dplanes,0.0,100,0.0,0.07,0.07,0.0
2dplanes,0.0,100,0.0,0.09,0.09,0.0
2dplanes,0.0,100,0.0,0.06,0.06,0.0
2dplanes,0.05,100,0.05,0.06,0.01,0.0007505416870117188
2dplanes,0.05,100,0.05,0.16,0.11,0.0
2dplanes,0.05,100,0.05,0.09,0.04,0.0
2dplanes,0.05,100,0.05,0.0,0.05,0.0
2dplanes,0.05,100,0.05,0.01,0.04,0.0
2dplanes,0.05,100,0.05,0.0,0.05,0.0
2dplanes,0.05,100,0.05,0.0,0.05,0.0
2dplanes,0.05,100,0.05,0.09,0.04,0.0
2dplanes,0.05,100,0.05,0.0,0.05,0.0
2dplanes,0.05,100,0.05,0.01,0.04,0.0
2dplanes,0.11,100,0.11,0.09,0.02,0.0
2dplanes,0.11,100,0.11,0.16,0.05,0.0
2dplanes,0.11,100,0.11,0.19,0.08,0.0005331039428710938
2dplanes,0.11,100,0.11,0.21,0.1,0.0
2dplanes,0.11,100,0.11,0.1,0.01,0.0
2dplanes,0.11,100,0.11,0.22,0.11,0.0
2dplanes,0.11,100,0.11,0.19,0.08,0.0
2dplanes,0.11,100,0.11,0.13,0.02,0.0
2dplanes,0.11,100,0.11,0.1,0.01,0.0
2dplanes,0.11,100,0.11,0.19,0.08,0.0
2dplanes,0.16,100,0.16,0.19,0.03,0.0
2dplanes,0.16,100,0.16,0.16,0.0,0.0
2dplanes,0.16,100,0.16,0.09,0.07,0.0
2dplanes,0.16,100,0.16,0.13,0.03,0.0
2dplanes,0.16,100,0.16,0.19,0.03,0.0
2dplanes,0.16,100,0.16,0.26,0.1,0.0
2dplanes,0.16,100,0.16,0.09,0.07,0.0
2dplanes,0.16,100,0.16,0.06,0.1,0.0
2dplanes,0.16,100,0.16,0.09,0.07,0.0
2dplanes,0.16,100,0.16,0.12,0.04,0.0
2dplanes,0.21,100,0.21,0.34,0.13,0.0
2dplanes,0.21,100,0.21,0.15,0.06,0.0
2dplanes,0.21,100,0.21,0.13,0.08,0.0
2dplanes,0.21,100,0.21,0.25,0.04,0.0
2dplanes,0.21,100,0.21,0.25,0.04,0.0
2dplanes,0.21,100,0.21,0.21,0.0,0.0
2dplanes,0.21,100,0.21,0.12,0.09,0.0
2dplanes,0.21,100,0.21,0.12,0.09,0.0
2dplanes,0.21,100,0.21,0.13,0.08,0.0
2dplanes,0.21,100,0.21,0.24,0.03,0.0
2dplanes,0.26,100,0.26,0.25,0.01,0.0
2dplanes,0.26,100,0.26,0.32,0.06,0.0
2dplanes,0.26,100,0.26,0.24,0.02,0.0
2dplanes,0.26,100,0.26,0.21,0.05,0.0
2dplanes,0.26,100,0.26,0.19,0.07,0.0
2dplanes,0.26,100,0.26,0.24,0.02,0.0
2dplanes,0.26,100,0.26,0.18,0.08,0.0
2dplanes,0.26,100,0.26,0.22,0.04,0.0
2dplanes,0.26,100,0.26,0.25,0.01,0.0025391578674316406
2dplanes,0.26,100,0.26,0.22,0.04,0.0
2dplanes,0.32,100,0.32,0.28,0.04,0.0
2dplanes,0.32,100,0.32,0.4,0.08,0.0
2dplanes,0.32,100,0.32,0.29,0.03,0.0
2dplanes,0.32,100,0.32,0.28,0.04,0.0
2dplanes,0.32,100,0.32,0.29,0.03,0.0
2dplanes,0.32,100,0.32,0.32,0.0,0.0
2dplanes,0.32,100,0.32,0.32,0.0,0.0
2dplanes,0.32,100,0.32,0.32,0.0,0.0
2dplanes,0.32,100,0.32,0.32,0.0,0.0
2dplanes,0.32,100,0.32,0.29,0.03,0.0
2dplanes,0.37,100,0.37,0.32,0.05,0.0
2dplanes,0.37,100,0.37,0.32,0.05,0.0
2dplanes,0.37,100,0.37,0.44,0.07,0.0
2dplanes,0.37,100,0.37,0.44,0.07,0.0
2dplanes,0.37,100,0.37,0.4,0.03,0.0
2dplanes,0.37,100,0.37,0.44,0.07,0.0
2dplanes,0.37,100,0.37,0.25,0.12,0.0
2dplanes,0.37,100,0.37,0.37,0.0,0.0
2dplanes,0.37,100,0.37,0.34,0.03,0.0
2dplanes,0.37,100,0.37,0.37,0.0,0.0
2dplanes,0.42,100,0.42,0.4,0.02,0.0
2dplanes,0.42,100,0.42,0.35,0.07,0.0
2dplanes,0.42,100,0.42,0.46,0.04,0.0
2dplanes,0.42,100,0.42,0.54,0.12,0.0
2dplanes,0.42,100,0.42,0.35,0.07,0.0
2dplanes,0.42,100,0.42,0.43,0.01,0.0
2dplanes,0.42,100,0.42,0.38,0.04,0.0
2dplanes,0.42,100,0.42,0.46,0.04,0.0
2dplanes,0.42,100,0.42,0.5,0.08,0.0
2dplanes,0.42,100,0.42,0.4,0.02,0.0
2dplanes,0.47,100,0.47,0.6,0.13,0.0
2dplanes,0.47,100,0.47,0.49,0.02,0.0
2dplanes,0.47,100,0.47,0.51,0.04,0.0
2dplanes,0.47,100,0.47,0.41,0.06,0.0
2dplanes,0.47,100,0.47,0.5,0.03,0.0
2dplanes,0.47,100,0.47,0.43,0.04,0.0003635883331298828
2dplanes,0.47,100,0.47,0.41,0.06,0.0
2dplanes,0.47,100,0.47,0.53,0.06,0.0009975433349609375
2dplanes,0.47,100,0.47,0.5,0.03,0.0
2dplanes,0.47,100,0.47,0.38,0.09,0.0
2dplanes,0.53,100,0.53,0.51,0.02,0.0
2dplanes,0.53,100,0.53,0.62,0.09,0.0
2dplanes,0.53,100,0.53,0.63,0.1,0.0010497570037841797
2dplanes,0.53,100,0.53,0.62,0.09,0.0
2dplanes,0.53,100,0.53,0.5,0.03,0.0
2dplanes,0.53,100,0.53,0.46,0.07,0.0
2dplanes,0.53,100,0.53,0.54,0.01,0.0
2dplanes,0.53,100,0.53,0.5,0.03,0.0
2dplanes,0.53,100,0.53,0.57,0.04,0.0
2dplanes,0.53,100,0.53,0.53,0.0,0.0
2dplanes,0.58,100,0.58,0.51,0.07,0.0
2dplanes,0.58,100,0.58,0.59,0.01,0.0
2dplanes,0.58,100,0.58,0.49,0.09,0.0
2dplanes,0.58,100,0.58,0.63,0.05,0.0
2dplanes,0.58,100,0.58,0.51,0.07,0.0
2dplanes,0.58,100,0.58,0.59,0.01,0.0
2dplanes,0.58,100,0.58,0.54,0.04,0.0
2dplanes,0.58,100,0.58,0.51,0.07,0.0
2dplanes,0.58,100,0.58,0.5,0.08,0.0002884864807128906
2dplanes,0.58,100,0.58,0.59,0.01,0.0
2dplanes,0.63,100,0.63,0.57,0.06,0.0
2dplanes,0.63,100,0.63,0.69,0.06,0.0
2dplanes,0.63,100,0.63,0.57,0.06,0.00046324729919433594
2dplanes,0.63,100,0.63,0.62,0.01,0.0
2dplanes,0.63,100,0.63,0.63,0.0,0.0010075569152832031
2dplanes,0.63,100,0.63,0.56,0.07,0.0
2dplanes,0.63,100,0.63,0.6,0.03,0.0
2dplanes,0.63,100,0.63,0.66,0.03,0.0
2dplanes,0.63,100,0.63,0.56,0.07,0.0
2dplanes,0.63,100,0.63,0.57,0.06,0.0
2dplanes,0.68,100,0.68,0.72,0.04,0.0
2dplanes,0.68,100,0.68,0.71,0.03,0.0
2dplanes,0.68,100,0.68,0.71,0.03,0.0
2dplanes,0.68,100,0.68,0.69,0.01,0.0
2dplanes,0.68,100,0.68,0.76,0.08,0.0
2dplanes,0.68,100,0.68,0.66,0.02,0.0006263256072998047
2dplanes,0.68,100,0.68,0.62,0.06,0.0
2dplanes,0.68,100,0.68,0.69,0.01,0.0
2dplanes,0.68,100,0.68,0.71,0.03,0.0
2dplanes,0.68,100,0.68,0.71,0.03,0.0
2dplanes,0.74,100,0.74,0.85,0.11,0.0
2dplanes,0.74,100,0.74,0.66,0.08,0.0
2dplanes,0.74,100,0.74,0.71,0.03,0.0
2dplanes,0.74,100,0.74,0.72,0.02,0.0
2dplanes,0.74,100,0.74,0.69,0.05,0.0
2dplanes,0.74,100,0.74,0.82,0.08,0.0
2dplanes,0.74,100,0.74,0.72,0.02,0.0
2dplanes,0.74,100,0.74,0.76,0.02,0.0
2dplanes,0.74,100,0.74,0.71,0.03,0.0
2dplanes,0.74,100,0.74,0.62,0.12,0.0
2dplanes,0.79,100,0.79,0.78,0.01,0.0
2dplanes,0.79,100,0.79,0.76,0.03,0.0
2dplanes,0.79,100,0.79,0.65,0.14,0.0
2dplanes,0.79,100,0.79,0.82,0.03,0.0
2dplanes,0.79,100,0.79,0.75,0.04,0.0
2dplanes,0.79,100,0.79,0.82,0.03,0.0
2dplanes,0.79,100,0.79,0.85,0.06,0.0
2dplanes,0.79,100,0.79,0.68,0.11,0.0
2dplanes,0.79,100,0.79,0.79,0.0,0.0
2dplanes,0.79,100,0.79,0.78,0.01,0.00099945068359375
2dplanes,0.84,100,0.84,0.79,0.05,0.0
2dplanes,0.84,100,0.84,0.78,0.06,0.0
2dplanes,0.84,100,0.84,0.88,0.04,0.0
2dplanes,0.84,100,0.84,0.84,0.0,0.0009999275207519531
2dplanes,0.84,100,0.84,0.85,0.01,0.0
2dplanes,0.84,100,0.84,0.76,0.08,0.0
2dplanes,0.84,100,0.84,0.87,0.03,0.0
2dplanes,0.84,100,0.84,0.87,0.03,0.0
2dplanes,0.84,100,0.84,0.71,0.13,0.0
2dplanes,0.84,100,0.84,0.72,0.12,0.0
2dplanes,0.89,100,0.89,0.87,0.02,0.0
2dplanes,0.89,100,0.89,0.87,0.02,0.0
2dplanes,0.89,100,0.89,0.9,0.01,0.0
2dplanes,0.89,100,0.89,0.91,0.02,0.0
2dplanes,0.89,100,0.89,0.9,0.01,0.0
2dplanes,0.89,100,0.89,0.9,0.01,0.0
2dplanes,0.89,100,0.89,0.85,0.04,0.0
2dplanes,0.89,100,0.89,0.87,0.02,0.0
2dplanes,0.89,100,0.89,0.82,0.07,0.0
2dplanes,0.89,100,0.89,0.91,0.02,0.0
2dplanes,0.95,100,0.95,0.97,0.02,0.0
2dplanes,0.95,100,0.95,0.94,0.01,0.0
2dplanes,0.95,100,0.95,0.97,0.02,0.0
2dplanes,0.95,100,0.95,1.0,0.05,0.0
2dplanes,0.95,100,0.95,0.87,0.08,0.0
2dplanes,0.95,100,0.95,0.85,0.1,0.0003745555877685547
2dplanes,0.95,100,0.95,0.96,0.01,0.0
2dplanes,0.95,100,0.95,0.88,0.07,0.0
2dplanes,0.95,100,0.95,0.88,0.07,0.0
2dplanes,0.95,100,0.95,0.96,0.01,0.0
2dplanes,1.0,100,1.0,0.97,0.03,0.0
2dplanes,1.0,100,1.0,0.91,0.09,0.0
2dplanes,1.0,100,1.0,0.93,0.07,0.0
2dplanes,1.0,100,1.0,0.99,0.01,0.0
2dplanes,1.0,100,1.0,1.0,0.0,0.0
2dplanes,1.0,100,1.0,1.0,0.0,0.0009806156158447266
2dplanes,1.0,100,1.0,0.88,0.12,0.0
2dplanes,1.0,100,1.0,1.0,0.0,0.0
2dplanes,1.0,100,1.0,1.0,0.0,0.0
2dplanes,1.0,100,1.0,1.0,0.0,0.0
balloon,0.0,100,0.0,0.0,0.0,0.0
balloon,0.0,100,0.0,0.0,0.0,0.0
balloon,0.0,100,0.0,0.0,0.0,0.0
balloon,0.0,100,0.0,0.0,0.0,0.0
balloon,0.0,100,0.0,0.0,0.0,0.0
balloon,0.0,100,0.0,0.0,0.0,0.0
balloon,0.0,100,0.0,0.01,0.01,0.0
balloon,0.0,100,0.0,0.0,0.0,0.0
balloon,0.0,100,0.0,0.0,0.0,0.0
balloon,0.0,100,0.0,0.0,0.0,0.0
balloon,0.05,100,0.05,0.02,0.03,0.0
balloon,0.05,100,0.05,0.02,0.03,0.0
balloon,0.05,100,0.05,0.0,0.05,0.0
balloon,0.05,100,0.05,0.02,0.03,0.0
balloon,0.05,100,0.05,0.0,0.05,0.0
balloon,0.05,100,0.05,0.05,0.0,0.0
balloon,0.05,100,0.05,0.01,0.04,0.0
balloon,0.05,100,0.05,0.04,0.01,0.0008013248443603516
balloon,0.05,100,0.05,0.02,0.03,0.0008540153503417969
balloon,0.05,100,0.05,0.01,0.04,0.0
balloon,0.11,100,0.11,0.11,0.0,0.0
balloon,0.11,100,0.11,0.1,0.01,0.0
balloon,0.11,100,0.11,0.07,0.04,0.0
balloon,0.11,100,0.11,0.06,0.05,0.0
balloon,0.11,100,0.11,0.1,0.01,0.0
balloon,0.11,100,0.11,0.1,0.01,0.0
balloon,0.11,100,0.11,0.05,0.06,0.0011069774627685547
balloon,0.11,100,0.11,0.12,0.01,0.0
balloon,0.11,100,0.11,0.11,0.0,0.0
balloon,0.11,100,0.11,0.08,0.03,0.0
balloon,0.16,100,0.16,0.13,0.03,0.0
balloon,0.16,100,0.16,0.15,0.01,0.0
balloon,0.16,100,0.16,0.15,0.01,0.0
balloon,0.16,100,0.16,0.17,0.01,0.0
balloon,0.16,100,0.16,0.12,0.04,0.0
balloon,0.16,100,0.16,0.15,0.01,0.0
balloon,0.16,100,0.16,0.08,0.08,0.0
balloon,0.16,100,0.16,0.12,0.04,0.0
balloon,0.16,100,0.16,0.14,0.02,0.0
balloon,0.16,100,0.16,0.12,0.04,0.0
balloon,0.21,100,0.21,0.23,0.02,0.0
balloon,0.21,100,0.21,0.14,0.07,0.0
balloon,0.21,100,0.21,0.19,0.02,0.0
balloon,0.21,100,0.21,0.2,0.01,0.0
balloon,0.21,100,0.21,0.18,0.03,0.0
balloon,0.21,100,0.21,0.2,0.01,0.0
balloon,0.21,100,0.21,0.14,0.07,0.0
balloon,0.21,100,0.21,0.19,0.02,0.0
balloon,0.21,100,0.21,0.2,0.01,0.0
balloon,0.21,100,0.21,0.19,0.02,0.0
balloon,0.26,100,0.26,0.25,0.01,0.0
balloon,0.26,100,0.26,0.26,0.0,0.0
balloon,0.26,100,0.26,0.21,0.05,0.0
balloon,0.26,100,0.26,0.29,0.03,0.0
balloon,0.26,100,0.26,0.25,0.01,0.0
balloon,0.26,100,0.26,0.27,0.01,0.0010004043579101562
balloon,0.26,100,0.26,0.25,0.01,0.0
balloon,0.26,100,0.26,0.29,0.03,0.0
balloon,0.26,100,0.26,0.27,0.01,0.0004448890686035156
balloon,0.26,100,0.26,0.23,0.03,0.0
balloon,0.32,100,0.32,0.23,0.09,0.0010046958923339844
balloon,0.32,100,0.32,0.27,0.05,0.0
balloon,0.32,100,0.32,0.29,0.03,0.0
balloon,0.32,100,0.32,0.31,0.01,0.0
balloon,0.32,100,0.32,0.31,0.01,0.0
balloon,0.32,100,0.32,0.33,0.01,0.0
balloon,0.32,100,0.32,0.29,0.03,0.0
balloon,0.32,100,0.32,0.3,0.02,0.0
balloon,0.32,100,0.32,0.29,0.03,0.0
balloon,0.32,100,0.32,0.27,0.05,0.0
balloon,0.37,100,0.37,0.37,0.0,0.0
balloon,0.37,100,0.37,0.35,0.02,0.0
balloon,0.37,100,0.37,0.35,0.02,0.0
balloon,0.37,100,0.37,0.37,0.0,0.0
balloon,0.37,100,0.37,0.36,0.01,0.0002014636993408203
balloon,0.37,100,0.37,0.37,0.0,0.0
balloon,0.37,100,0.37,0.36,0.01,0.0
balloon,0.37,100,0.37,0.38,0.01,0.0
balloon,0.37,100,0.37,0.31,0.06,0.0
balloon,0.37,100,0.37,0.3,0.07,0.0
balloon,0.42,100,0.42,0.36,0.06,0.0
balloon,0.42,100,0.42,0.37,0.05,0.0
balloon,0.42,100,0.42,0.43,0.01,0.0
balloon,0.42,100,0.42,0.33,0.09,0.0
balloon,0.42,100,0.42,0.44,0.02,0.0
balloon,0.42,100,0.42,0.37,0.05,0.0
balloon,0.42,100,0.42,0.42,0.0,0.0
balloon,0.42,100,0.42,0.37,0.05,0.0010066032409667969
balloon,0.42,100,0.42,0.39,0.03,0.0
balloon,0.42,100,0.42,0.39,0.03,0.0
balloon,0.47,100,0.47,0.43,0.04,0.0
balloon,0.47,100,0.47,0.4,0.07,0.0
balloon,0.47,100,0.47,0.43,0.04,0.0
balloon,0.47,100,0.47,0.4,0.07,0.0
balloon,0.47,100,0.47,0.38,0.09,0.0
balloon,0.47,100,0.47,0.46,0.01,0.0005145072937011719
balloon,0.47,100,0.47,0.44,0.03,0.0
balloon,0.47,100,0.47,0.45,0.02,0.00038552284240722656
balloon,0.47,100,0.47,0.44,0.03,0.0
balloon,0.47,100,0.47,0.4,0.07,0.0
balloon,0.53,100,0.53,0.48,0.05,0.0009958744049072266
balloon,0.53,100,0.53,0.48,0.05,0.0
balloon,0.53,100,0.53,0.51,0.02,0.0
balloon,0.53,100,0.53,0.5,0.03,0.0
balloon,0.53,100,0.53,0.51,0.02,0.0
balloon,0.53,100,0.53,0.46,0.07,0.0
balloon,0.53,100,0.53,0.49,0.04,0.0
balloon,0.53,100,0.53,0.49,0.04,0.0
balloon,0.53,100,0.53,0.48,0.05,0.0
balloon,0.53,100,0.53,0.45,0.08,0.0
balloon,0.58,100,0.58,0.51,0.07,0.0
balloon,0.58,100,0.58,0.57,0.01,0.0
balloon,0.58,100,0.58,0.54,0.04,0.0010018348693847656
balloon,0.58,100,0.58,0.55,0.03,0.0
balloon,0.58,100,0.58,0.55,0.03,0.0
balloon,0.58,100,0.58,0.58,0.0,0.0
balloon,0.58,100,0.58,0.56,0.02,0.0
balloon,0.58,100,0.58,0.56,0.02,0.0
balloon,0.58,100,0.58,0.54,0.04,0.0
balloon,0.58,100,0.58,0.54,0.04,0.0
balloon,0.63,100,0.63,0.55,0.08,0.0
balloon,0.63,100,0.63,0.62,0.01,0.0
balloon,0.63,100,0.63,0.6,0.03,0.0
balloon,0.63,100,0.63,0.56,0.07,0.0
balloon,0.63,100,0.63,0.61,0.02,0.0010006427764892578
balloon,0.63,100,0.63,0.61,0.02,0.0
balloon,0.63,100,0.63,0.56,0.07,0.0
balloon,0.63,100,0.63,0.58,0.05,0.0
balloon,0.63,100,0.63,0.61,0.02,0.0
balloon,0.63,100,0.63,0.57,0.06,0.0
balloon,0.68,100,0.68,0.64,0.04,0.0
balloon,0.68,100,0.68,0.62,0.06,0.0
balloon,0.68,100,0.68,0.62,0.06,0.0
balloon,0.68,100,0.68,0.64,0.04,0.0
balloon,0.68,100,0.68,0.64,0.04,0.0011060237884521484
balloon,0.68,100,0.68,0.62,0.06,0.0
balloon,0.68,100,0.68,0.69,0.01,0.0
balloon,0.68,100,0.68,0.62,0.06,0.0
balloon,0.68,100,0.68,0.61,0.07,0.0
balloon,0.68,100,0.68,0.58,0.1,0.0
balloon,0.74,100,0.74,0.76,0.02,0.0
balloon,0.74,100,0.74,0.69,0.05,0.0
balloon,0.74,100,0.74,0.7,0.04,0.0
balloon,0.74,100,0.74,0.65,0.09,0.0
balloon,0.74,100,0.74,0.76,0.02,0.0
balloon,0.74,100,0.74,0.77,0.03,0.0
balloon,0.74,100,0.74,0.68,0.06,0.0
balloon,0.74,100,0.74,0.71,0.03,0.0
balloon,0.74,100,0.74,0.71,0.03,0.0
balloon,0.74,100,0.74,0.71,0.03,0.0
balloon,0.79,100,0.79,0.75,0.04,0.0
balloon,0.79,100,0.79,0.73,0.06,0.0
balloon,0.79,100,0.79,0.71,0.08,0.0
balloon,0.79,100,0.79,0.7,0.09,0.0
balloon,0.79,100,0.79,0.75,0.04,0.0
balloon,0.79,100,0.79,0.76,0.03,0.0
balloon,0.79,100,0.79,0.73,0.06,0.0
balloon,0.79,100,0.79,0.73,0.06,0.0
balloon,0.79,100,0.79,0.74,0.05,0.0
balloon,0.79,100,0.79,0.69,0.1,0.0
balloon,0.84,100,0.84,0.79,0.05,0.0
balloon,0.84,100,0.84,0.79,0.05,0.0
balloon,0.84,100,0.84,0.79,0.05,0.0
balloon,0.84,100,0.84,0.85,0.01,0.0
balloon,0.84,100,0.84,0.77,0.07,0.0
balloon,0.84,100,0.84,0.82,0.02,0.0
balloon,0.84,100,0.84,0.79,0.05,0.0
balloon,0.84,100,0.84,0.83,0.01,0.0
balloon,0.84,100,0.84,0.8,0.04,0.0
balloon,0.84,100,0.84,0.77,0.07,0.0
balloon,0.89,100,0.89,0.86,0.03,0.0
balloon,0.89,100,0.89,0.82,0.07,0.0
balloon,0.89,100,0.89,0.86,0.03,0.0
balloon,0.89,100,0.89,0.8,0.09,0.0
balloon,0.89,100,0.89,0.86,0.03,0.0010042190551757812
balloon,0.89,100,0.89,0.85,0.04,0.0
balloon,0.89,100,0.89,0.82,0.07,0.0
balloon,0.89,100,0.89,0.82,0.07,0.0
balloon,0.89,100,0.89,0.81,0.08,0.0
balloon,0.89,100,0.89,0.82,0.07,0.0
balloon,0.95,100,0.95,0.88,0.07,0.0
balloon,0.95,100,0.95,0.93,0.02,0.0
balloon,0.95,100,0.95,0.88,0.07,0.0
balloon,0.95,100,0.95,0.89,0.06,0.0
balloon,0.95,100,0.95,0.82,0.13,0.0
balloon,0.95,100,0.95,0.9,0.05,0.0
balloon,0.95,100,0.95,0.9,0.05,0.0
balloon,0.95,100,0.95,0.9,0.05,0.0
balloon,0.95,100,0.95,0.88,0.07,0.0
balloon,0.95,100,0.95,0.88,0.07,0.0
balloon,1.0,100,1.0,0.96,0.04,0.0
balloon,1.0,100,1.0,0.93,0.07,0.0010159015655517578
balloon,1.0,100,1.0,0.92,0.08,0.0
balloon,1.0,100,1.0,0.93,0.07,0.0
balloon,1.0,100,1.0,0.93,0.07,0.0010013580322265625
balloon,1.0,100,1.0,0.94,0.06,0.0
balloon,1.0,100,1.0,0.92,0.08,0.0
balloon,1.0,100,1.0,0.92,0.08,0.0010066032409667969
balloon,1.0,100,1.0,0.96,0.04,0.0
balloon,1.0,100,1.0,0.93,0.07,0.0
bank8FM,0.0,100,0.0,0.0,0.0,0.0010001659393310547
bank8FM,0.0,100,0.0,0.0,0.0,0.0
bank8FM,0.0,100,0.0,0.02,0.02,0.0
bank8FM,0.0,100,0.0,0.04,0.04,0.0
bank8FM,0.0,100,0.0,0.04,0.04,0.0
bank8FM,0.0,100,0.0,0.01,0.01,0.0
bank8FM,0.0,100,0.0,0.0,0.0,0.0
bank8FM,0.0,100,0.0,0.0,0.0,0.0
bank8FM,0.0,100,0.0,0.01,0.01,0.0
bank8FM,0.0,100,0.0,0.0,0.0,0.0
bank8FM,0.05,100,0.05,0.04,0.01,0.0
bank8FM,0.05,100,0.05,0.07,0.02,0.0
bank8FM,0.05,100,0.05,0.07,0.02,0.0
bank8FM,0.05,100,0.05,0.06,0.01,0.0
bank8FM,0.05,100,0.05,0.06,0.01,0.0
bank8FM,0.05,100,0.05,0.03,0.02,0.0
bank8FM,0.05,100,0.05,0.07,0.02,0.0
bank8FM,0.05,100,0.05,0.08,0.03,0.0
bank8FM,0.05,100,0.05,0.07,0.02,0.0
bank8FM,0.05,100,0.05,0.08,0.03,0.0
bank8FM,0.11,100,0.11,0.11,0.0,0.0
bank8FM,0.11,100,0.11,0.13,0.02,0.0005221366882324219
bank8FM,0.11,100,0.11,0.11,0.0,0.0
bank8FM,0.11,100,0.11,0.1,0.01,0.0
bank8FM,0.11,100,0.11,0.1,0.01,0.0
bank8FM,0.11,100,0.11,0.15,0.04,0.0
bank8FM,0.11,100,0.11,0.06,0.05,0.0005040168762207031
bank8FM,0.11,100,0.11,0.1,0.01,0.0
bank8FM,0.11,100,0.11,0.11,0.0,0.0
bank8FM,0.11,100,0.11,0.15,0.04,0.0
bank8FM,0.16,100,0.16,0.19,0.03,0.0
bank8FM,0.16,100,0.16,0.16,0.0,0.0
bank8FM,0.16,100,0.16,0.16,0.0,0.0003859996795654297
bank8FM,0.16,100,0.16,0.17,0.01,0.005608320236206055
bank8FM,0.16,100,0.16,0.17,0.01,0.00099945068359375
bank8FM,0.16,100,0.16,0.15,0.01,0.0
bank8FM,0.16,100,0.16,0.2,0.04,0.0
bank8FM,0.16,100,0.16,0.18,0.02,0.0
bank8FM,0.16,100,0.16,0.18,0.02,0.0
bank8FM,0.16,100,0.16,0.19,0.03,0.0
bank8FM,0.21,100,0.21,0.22,0.01,0.0
bank8FM,0.21,100,0.21,0.19,0.02,0.0
bank8FM,0.21,100,0.21,0.21,0.0,0.0
bank8FM,0.21,100,0.21,0.19,0.02,0.0006730556488037109
bank8FM,0.21,100,0.21,0.25,0.04,0.0002658367156982422
bank8FM,0.21,100,0.21,0.21,0.0,0.0009920597076416016
bank8FM,0.21,100,0.21,0.22,0.01,0.0
bank8FM,0.21,100,0.21,0.24,0.03,0.0
bank8FM,0.21,100,0.21,0.22,0.01,0.0
bank8FM,0.21,100,0.21,0.21,0.0,0.0
bank8FM,0.26,100,0.26,0.25,0.01,0.0
bank8FM,0.26,100,0.26,0.27,0.01,0.0
bank8FM,0.26,100,0.26,0.22,0.04,0.0
bank8FM,0.26,100,0.26,0.29,0.03,0.0
bank8FM,0.26,100,0.26,0.26,0.0,0.0
bank8FM,0.26,100,0.26,0.29,0.03,0.0
bank8FM,0.26,100,0.26,0.29,0.03,0.0
bank8FM,0.26,100,0.26,0.29,0.03,0.0
bank8FM,0.26,100,0.26,0.24,0.02,0.0
bank8FM,0.26,100,0.26,0.25,0.01,0.0
bank8FM,0.32,100,0.32,0.3,0.02,0.0010013580322265625
bank8FM,0.32,100,0.32,0.31,0.01,0.0
bank8FM,0.32,100,0.32,0.36,0.04,0.0
bank8FM,0.32,100,0.32,0.35,0.03,0.0
bank8FM,0.32,100,0.32,0.3,0.02,0.0
bank8FM,0.32,100,0.32,0.34,0.02,0.0
bank8FM,0.32,100,0.32,0.27,0.05,0.0
bank8FM,0.32,100,0.32,0.33,0.01,0.0
bank8FM,0.32,100,0.32,0.27,0.05,0.0
bank8FM,0.32,100,0.32,0.3,0.02,0.0
bank8FM,0.37,100,0.37,0.36,0.01,0.0
bank8FM,0.37,100,0.37,0.39,0.02,0.0007162094116210938
bank8FM,0.37,100,0.37,0.4,0.03,0.0
bank8FM,0.37,100,0.37,0.4,0.03,0.0
bank8FM,0.37,100,0.37,0.35,0.02,0.0
bank8FM,0.37,100,0.37,0.36,0.01,0.0
bank8FM,0.37,100,0.37,0.4,0.03,0.0
bank8FM,0.37,100,0.37,0.39,0.02,0.0
bank8FM,0.37,100,0.37,0.37,0.0,0.0
bank8FM,0.37,100,0.37,0.36,0.01,0.0
bank8FM,0.42,100,0.42,0.39,0.03,0.0
bank8FM,0.42,100,0.42,0.43,0.01,0.0
bank8FM,0.42,100,0.42,0.4,0.02,0.006124734878540039
bank8FM,0.42,100,0.42,0.45,0.03,0.0
bank8FM,0.42,100,0.42,0.43,0.01,0.0
bank8FM,0.42,100,0.42,0.4,0.02,0.0009846687316894531
bank8FM,0.42,100,0.42,0.39,0.03,0.0
bank8FM,0.42,100,0.42,0.45,0.03,0.0
bank8FM,0.42,100,0.42,0.37,0.05,0.0
bank8FM,0.42,100,0.42,0.4,0.02,0.0
bank8FM,0.47,100,0.47,0.51,0.04,0.0
bank8FM,0.47,100,0.47,0.43,0.04,0.0
bank8FM,0.47,100,0.47,0.46,0.01,0.0
bank8FM,0.47,100,0.47,0.49,0.02,0.0
bank8FM,0.47,100,0.47,0.51,0.04,0.0
bank8FM,0.47,100,0.47,0.46,0.01,0.0
bank8FM,0.47,100,0.47,0.48,0.01,0.0
bank8FM,0.47,100,0.47,0.45,0.02,0.0
bank8FM,0.47,100,0.47,0.47,0.0,0.0
bank8FM,0.47,100,0.47,0.51,0.04,0.0
bank8FM,0.53,100,0.53,0.57,0.04,0.0
bank8FM,0.53,100,0.53,0.54,0.01,0.0
bank8FM,0.53,100,0.53,0.54,0.01,0.0
bank8FM,0.53,100,0.53,0.52,0.01,0.0
bank8FM,0.53,100,0.53,0.57,0.04,0.0
bank8FM,0.53,100,0.53,0.51,0.02,0.0
bank8FM,0.53,100,0.53,0.52,0.01,0.0
bank8FM,0.53,100,0.53,0.52,0.01,0.0
bank8FM,0.53,100,0.53,0.49,0.04,0.0
bank8FM,0.53,100,0.53,0.47,0.06,0.0
bank8FM,0.58,100,0.58,0.61,0.03,0.0
bank8FM,0.58,100,0.58,0.62,0.04,0.0
bank8FM,0.58,100,0.58,0.55,0.03,0.0
bank8FM,0.58,100,0.58,0.6,0.02,0.0
bank8FM,0.58,100,0.58,0.58,0.0,0.0
bank8FM,0.58,100,0.58,0.61,0.03,0.0
bank8FM,0.58,100,0.58,0.58,0.0,0.0
bank8FM,0.58,100,0.58,0.64,0.06,0.0
bank8FM,0.58,100,0.58,0.56,0.02,0.0
bank8FM,0.58,100,0.58,0.63,0.05,0.0
bank8FM,0.63,100,0.63,0.66,0.03,0.0
bank8FM,0.63,100,0.63,0.63,0.0,0.0
bank8FM,0.63,100,0.63,0.63,0.0,0.0
bank8FM,0.63,100,0.63,0.63,0.0,0.0011110305786132812
bank8FM,0.63,100,0.63,0.65,0.02,0.0009999275207519531
bank8FM,0.63,100,0.63,0.66,0.03,0.0
bank8FM,0.63,100,0.63,0.64,0.01,0.00048089027404785156
bank8FM,0.63,100,0.63,0.63,0.0,0.0
bank8FM,0.63,100,0.63,0.58,0.05,0.0
bank8FM,0.63,100,0.63,0.58,0.05,0.0009984970092773438
bank8FM,0.68,100,0.68,0.7,0.02,0.0
bank8FM,0.68,100,0.68,0.69,0.01,0.0
bank8FM,0.68,100,0.68,0.67,0.01,0.0
bank8FM,0.68,100,0.68,0.67,0.01,0.0
bank8FM,0.68,100,0.68,0.67,0.01,0.0
bank8FM,0.68,100,0.68,0.64,0.04,0.0
bank8FM,0.68,100,0.68,0.66,0.02,0.0
bank8FM,0.68,100,0.68,0.72,0.04,0.0
bank8FM,0.68,100,0.68,0.65,0.03,0.0
bank8FM,0.68,100,0.68,0.67,0.01,0.0
bank8FM,0.74,100,0.74,0.73,0.01,0.0
bank8FM,0.74,100,0.74,0.72,0.02,0.0
bank8FM,0.74,100,0.74,0.67,0.07,0.0
bank8FM,0.74,100,0.74,0.73,0.01,0.0
bank8FM,0.74,100,0.74,0.8,0.06,0.0
bank8FM,0.74,100,0.74,0.78,0.04,0.0
bank8FM,0.74,100,0.74,0.75,0.01,0.0
bank8FM,0.74,100,0.74,0.78,0.04,0.0009944438934326172
bank8FM,0.74,100,0.74,0.75,0.01,0.0
bank8FM,0.74,100,0.74,0.75,0.01,0.0
bank8FM,0.79,100,0.79,0.78,0.01,0.0
bank8FM,0.79,100,0.79,0.81,0.02,0.0
bank8FM,0.79,100,0.79,0.74,0.05,0.0
bank8FM,0.79,100,0.79,0.82,0.03,0.0
bank8FM,0.79,100,0.79,0.79,0.0,0.0
bank8FM,0.79,100,0.79,0.79,0.0,0.0
bank8FM,0.79,100,0.79,0.82,0.03,0.0
bank8FM,0.79,100,0.79,0.74,0.05,0.0
bank8FM,0.79,100,0.79,0.8,0.01,0.0
bank8FM,0.79,100,0.79,0.81,0.02,0.0
bank8FM,0.84,100,0.84,0.85,0.01,0.0
bank8FM,0.84,100,0.84,0.82,0.02,0.0
bank8FM,0.84,100,0.84,0.85,0.01,0.0
bank8FM,0.84,100,0.84,0.88,0.04,0.0
bank8FM,0.84,100,0.84,0.84,0.0,0.0
bank8FM,0.84,100,0.84,0.81,0.03,0.0
bank8FM,0.84,100,0.84,0.84,0.0,0.0006058216094970703
bank8FM,0.84,100,0.84,0.87,0.03,0.0
bank8FM,0.84,100,0.84,0.84,0.0,0.00043892860412597656
bank8FM,0.84,100,0.84,0.85,0.01,0.0
bank8FM,0.89,100,0.89,0.93,0.04,0.0
bank8FM,0.89,100,0.89,0.9,0.01,0.0
bank8FM,0.89,100,0.89,0.89,0.0,0.0
bank8FM,0.89,100,0.89,0.92,0.03,0.0
bank8FM,0.89,100,0.89,0.93,0.04,0.0
bank8FM,0.89,100,0.89,0.93,0.04,0.0
bank8FM,0.89,100,0.89,0.89,0.0,0.0
bank8FM,0.89,100,0.89,0.9,0.01,0.0
bank8FM,0.89,100,0.89,0.88,0.01,0.0
bank8FM,0.89,100,0.89,0.87,0.02,0.0
bank8FM,0.95,100,0.95,0.92,0.03,0.0
bank8FM,0.95,100,0.95,0.98,0.03,0.0
bank8FM,0.95,100,0.95,0.98,0.03,0.0
bank8FM,0.95,100,0.95,0.98,0.03,0.0
bank8FM,0.95,100,0.95,0.93,0.02,0.0009996891021728516
bank8FM,0.95,100,0.95,0.92,0.03,0.0
bank8FM,0.95,100,0.95,0.91,0.04,0.0
bank8FM,0.95,100,0.95,0.97,0.02,0.0
bank8FM,0.95,100,0.95,0.9,0.05,0.0
bank8FM,0.95,100,0.95,0.97,0.02,0.0
bank8FM,1.0,100,1.0,0.98,0.02,0.0009970664978027344
bank8FM,1.0,100,1.0,1.0,0.0,0.0
bank8FM,1.0,100,1.0,1.0,0.0,0.0
bank8FM,1.0,100,1.0,0.94,0.06,0.0
bank8FM,1.0,100,1.0,0.96,0.04,0.0
bank8FM,1.0,100,1.0,0.99,0.01,0.0
bank8FM,1.0,100,1.0,1.0,0.0,0.0
bank8FM,1.0,100,1.0,0.93,0.07,0.0
bank8FM,1.0,100,1.0,1.0,0.0,0.0
bank8FM,1.0,100,1.0,1.0,0.0,0.0009982585906982422
churn,0.0,100,0.0,0.0,0.0,0.0
churn,0.0,100,0.0,0.0,0.0,0.0
churn,0.0,100,0.0,0.0,0.0,0.0
churn,0.0,100,0.0,0.07,0.07,0.0
churn,0.0,100,0.0,0.04,0.04,0.0
churn,0.0,100,0.0,0.0,0.0,0.0
churn,0.0,100,0.0,0.0,0.0,0.0
churn,0.0,100,0.0,0.0,0.0,0.0
churn,0.0,100,0.0,0.02,0.02,0.0
churn,0.0,100,0.0,0.11,0.11,0.0
churn,0.05,100,0.05,0.11,0.06,0.0
churn,0.05,100,0.05,0.11,0.06,0.0
churn,0.05,100,0.05,0.0,0.05,0.0
churn,0.05,100,0.05,0.04,0.01,0.0
churn,0.05,100,0.05,0.07,0.02,0.0
churn,0.05,100,0.05,0.19,0.14,0.0
churn,0.05,100,0.05,0.02,0.03,0.0
churn,0.05,100,0.05,0.0,0.05,0.0
churn,0.05,100,0.05,0.07,0.02,0.0
churn,0.05,100,0.05,0.0,0.05,0.0
churn,0.11,100,0.11,0.11,0.0,0.0
churn,0.11,100,0.11,0.02,0.09,0.0
churn,0.11,100,0.11,0.24,0.13,0.0
churn,0.11,100,0.11,0.2,0.09,0.0
churn,0.11,100,0.11,0.04,0.07,0.0
churn,0.11,100,0.11,0.04,0.07,0.0
churn,0.11,100,0.11,0.15,0.04,0.0
churn,0.11,100,0.11,0.2,0.09,0.0
churn,0.11,100,0.11,0.0,0.11,0.0
churn,0.11,100,0.11,0.11,0.0,0.0009996891021728516
churn,0.16,100,0.16,0.15,0.01,0.0
churn,0.16,100,0.16,0.15,0.01,0.0
churn,0.16,100,0.16,0.24,0.08,0.0
churn,0.16,100,0.16,0.3,0.14,0.0
churn,0.16,100,0.16,0.07,0.09,0.0
churn,0.16,100,0.16,0.15,0.01,0.0
churn,0.16,100,0.16,0.04,0.12,0.0
churn,0.16,100,0.16,0.33,0.17,0.0
churn,0.16,100,0.16,0.24,0.08,0.0
churn,0.16,100,0.16,0.11,0.05,0.0
churn,0.21,100,0.21,0.17,0.04,0.0
churn,0.21,100,0.21,0.19,0.02,0.0
churn,0.21,100,0.21,0.19,0.02,0.0
churn,0.21,100,0.21,0.22,0.01,0.0
churn,0.21,100,0.21,0.46,0.25,0.0
churn,0.21,100,0.21,0.07,0.14,0.0
churn,0.21,100,0.21,0.15,0.06,0.0
churn,0.21,100,0.21,0.26,0.05,0.0
churn,0.21,100,0.21,0.11,0.1,0.0
churn,0.21,100,0.21,0.26,0.05,0.0004487037658691406
churn,0.26,100,0.26,0.26,0.0,0.0
churn,0.26,100,0.26,0.22,0.04,0.0
churn,0.26,100,0.26,0.31,0.05,0.0
churn,0.26,100,0.26,0.33,0.07,0.0055522918701171875
churn,0.26,100,0.26,0.28,0.02,0.0
churn,0.26,100,0.26,0.28,0.02,0.0
churn,0.26,100,0.26,0.3,0.04,0.0
churn,0.26,100,0.26,0.31,0.05,0.0
churn,0.26,100,0.26,0.46,0.2,0.0
churn,0.26,100,0.26,0.28,0.02,0.0
churn,0.32,100,0.32,0.3,0.02,0.0
churn,0.32,100,0.32,0.28,0.04,0.0
churn,0.32,100,0.32,0.43,0.11,0.0
churn,0.32,100,0.32,0.33,0.01,0.0
churn,0.32,100,0.32,0.43,0.11,0.0
churn,0.32,100,0.32,0.33,0.01,0.0
churn,0.32,100,0.32,0.28,0.04,0.0
churn,0.32,100,0.32,0.35,0.03,0.0
churn,0.32,100,0.32,0.41,0.09,0.0
churn,0.32,100,0.32,0.22,0.1,0.0
churn,0.37,100,0.37,0.43,0.06,0.0
churn,0.37,100,0.37,0.41,0.04,0.0
churn,0.37,100,0.37,0.43,0.06,0.0
churn,0.37,100,0.37,0.56,0.19,0.0
churn,0.37,100,0.37,0.48,0.11,0.0061321258544921875
churn,0.37,100,0.37,0.39,0.02,0.0
churn,0.37,100,0.37,0.41,0.04,0.0
churn,0.37,100,0.37,0.39,0.02,0.0
churn,0.37,100,0.37,0.41,0.04,0.0009677410125732422
churn,0.37,100,0.37,0.37,0.0,0.0
churn,0.42,100,0.42,0.48,0.06,0.0
churn,0.42,100,0.42,0.44,0.02,0.0
churn,0.42,100,0.42,0.43,0.01,0.0
churn,0.42,100,0.42,0.37,0.05,0.0
churn,0.42,100,0.42,0.35,0.07,0.0
churn,0.42,100,0.42,0.33,0.09,0.0
churn,0.42,100,0.42,0.52,0.1,0.0004296302795410156
churn,0.42,100,0.42,0.43,0.01,0.0
churn,0.42,100,0.42,0.43,0.01,0.0
churn,0.42,100,0.42,0.43,0.01,0.0
churn,0.47,100,0.47,0.57,0.1,0.0
churn,0.47,100,0.47,0.5,0.03,0.0
churn,0.47,100,0.47,0.57,0.1,0.0
churn,0.47,100,0.47,0.48,0.01,0.0
churn,0.47,100,0.47,0.59,0.12,0.0
churn,0.47,100,0.47,0.46,0.01,0.0
churn,0.47,100,0.47,0.54,0.07,0.0
churn,0.47,100,0.47,0.43,0.04,0.001001596450805664
churn,0.47,100,0.47,0.46,0.01,0.0
churn,0.47,100,0.47,0.44,0.03,0.0009748935699462891
churn,0.53,100,0.53,0.39,0.14,0.0
churn,0.53,100,0.53,0.69,0.16,0.0
churn,0.53,100,0.53,0.74,0.21,0.0
churn,0.53,100,0.53,0.56,0.03,0.0
churn,0.53,100,0.53,0.69,0.16,0.0
churn,0.53,100,0.53,0.65,0.12,0.0
churn,0.53,100,0.53,0.65,0.12,0.0
churn,0.53,100,0.53,0.63,0.1,0.0
churn,0.53,100,0.53,0.52,0.01,0.0
churn,0.53,100,0.53,0.59,0.06,0.0
churn,0.58,100,0.58,0.61,0.03,0.0
churn,0.58,100,0.58,0.7,0.12,0.0
churn,0.58,100,0.58,0.59,0.01,0.0
churn,0.58,100,0.58,0.61,0.03,0.0
churn,0.58,100,0.58,0.63,0.05,0.0
churn,0.58,100,0.58,0.61,0.03,0.0
churn,0.58,100,0.58,0.56,0.02,0.0011281967163085938
churn,0.58,100,0.58,0.52,0.06,0.0
churn,0.58,100,0.58,0.61,0.03,0.0
churn,0.58,100,0.58,0.61,0.03,0.0
churn,0.63,100,0.63,0.72,0.09,0.0
churn,0.63,100,0.63,0.67,0.04,0.0010056495666503906
churn,0.63,100,0.63,0.65,0.02,0.0
churn,0.63,100,0.63,0.65,0.02,0.0
churn,0.63,100,0.63,0.7,0.07,0.0
churn,0.63,100,0.63,0.72,0.09,0.0
churn,0.63,100,0.63,0.72,0.09,0.0
churn,0.63,100,0.63,0.65,0.02,0.005433797836303711
churn,0.63,100,0.63,0.67,0.04,0.0
churn,0.63,100,0.63,0.65,0.02,0.0009975433349609375
churn,0.68,100,0.68,0.67,0.01,0.0
churn,0.68,100,0.68,0.67,0.01,0.0
churn,0.68,100,0.68,0.76,0.08,0.0
churn,0.68,100,0.68,0.67,0.01,0.0004029273986816406
churn,0.68,100,0.68,0.74,0.06,0.0
churn,0.68,100,0.68,0.7,0.02,0.0
churn,0.68,100,0.68,0.74,0.06,0.0
churn,0.68,100,0.68,0.74,0.06,0.0
churn,0.68,100,0.68,0.76,0.08,0.0
churn,0.68,100,0.68,0.76,0.08,0.0
churn,0.74,100,0.74,0.69,0.05,0.0
churn,0.74,100,0.74,0.83,0.09,0.0010004043579101562
churn,0.74,100,0.74,0.81,0.07,0.0
churn,0.74,100,0.74,0.85,0.11,0.0
churn,0.74,100,0.74,0.8,0.06,0.0
churn,0.74,100,0.74,0.74,0.0,0.0004324913024902344
churn,0.74,100,0.74,0.83,0.09,0.0
churn,0.74,100,0.74,0.72,0.02,0.0
churn,0.74,100,0.74,0.74,0.0,0.0
churn,0.74,100,0.74,0.8,0.06,0.0
churn,0.79,100,0.79,0.87,0.08,0.0
churn,0.79,100,0.79,0.81,0.02,0.0
churn,0.79,100,0.79,0.83,0.04,0.0
churn,0.79,100,0.79,0.85,0.06,0.0
churn,0.79,100,0.79,0.81,0.02,0.0
churn,0.79,100,0.79,0.81,0.02,0.0
churn,0.79,100,0.79,0.78,0.01,0.0
churn,0.79,100,0.79,0.85,0.06,0.0
churn,0.79,100,0.79,0.85,0.06,0.0007264614105224609
churn,0.79,100,0.79,0.81,0.02,0.0
churn,0.84,100,0.84,0.87,0.03,0.0
churn,0.84,100,0.84,0.85,0.01,0.005481243133544922
churn,0.84,100,0.84,0.76,0.08,0.0
churn,0.84,100,0.84,0.96,0.12,0.0
churn,0.84,100,0.84,0.96,0.12,0.0
churn,0.84,100,0.84,0.93,0.09,0.0
churn,0.84,100,0.84,0.83,0.01,0.0
churn,0.84,100,0.84,0.83,0.01,0.0
churn,0.84,100,0.84,0.83,0.01,0.0
churn,0.84,100,0.84,0.85,0.01,0.0
churn,0.89,100,0.89,0.93,0.04,0.0
churn,0.89,100,0.89,0.8,0.09,0.0
churn,0.89,100,0.89,0.91,0.02,0.0
churn,0.89,100,0.89,0.87,0.02,0.0
churn,0.89,100,0.89,1.0,0.11,0.0
churn,0.89,100,0.89,0.94,0.05,0.0
churn,0.89,100,0.89,0.87,0.02,0.0
churn,0.89,100,0.89,0.93,0.04,0.0
churn,0.89,100,0.89,1.0,0.11,0.0
churn,0.89,100,0.89,0.94,0.05,0.0
churn,0.95,100,0.95,1.0,0.05,0.0006403923034667969
churn,0.95,100,0.95,1.0,0.05,0.0
churn,0.95,100,0.95,0.94,0.01,0.0
churn,0.95,100,0.95,1.0,0.05,0.0
churn,0.95,100,0.95,0.96,0.01,0.0
churn,0.95,100,0.95,1.0,0.05,0.0
churn,0.95,100,0.95,0.87,0.08,0.0
churn,0.95,100,0.95,1.0,0.05,0.0
churn,0.95,100,0.95,1.0,0.05,0.0
churn,0.95,100,0.95,0.96,0.01,0.0010013580322265625
churn,1.0,100,1.0,1.0,0.0,0.0
churn,1.0,100,1.0,0.98,0.02,0.0
churn,1.0,100,1.0,1.0,0.0,0.0
churn,1.0,100,1.0,0.98,0.02,0.0
churn,1.0,100,1.0,1.0,0.0,0.0
churn,1.0,100,1.0,1.0,0.0,0.0
churn,1.0,100,1.0,1.0,0.0,0.0
churn,1.0,100,1.0,1.0,0.0,0.0
churn,1.0,100,1.0,1.0,0.0,0.0
churn,1.0,100,1.0,1.0,0.0,0.0
clean2,0.0,100,0.0,0.0,0.0,0.0
clean2,0.0,100,0.0,0.0,0.0,0.0
clean2,0.0,100,0.0,0.0,0.0,0.0
clean2,0.0,100,0.0,0.0,0.0,0.0
clean2,0.0,100,0.0,0.0,0.0,0.0
clean2,0.0,100,0.0,0.0,0.0,0.0
clean2,0.0,100,0.0,0.0,0.0,0.0
clean2,0.0,100,0.0,0.0,0.0,0.0
clean2,0.0,100,0.0,0.0,0.0,0.0
clean2,0.0,100,0.0,0.0,0.0,0.0
clean2,0.05,100,0.05,0.05,0.0,0.0
clean2,0.05,100,0.05,0.05,0.0,0.0
clean2,0.05,100,0.05,0.05,0.0,0.0
clean2,0.05,100,0.05,0.05,0.0,0.0
clean2,0.05,100,0.05,0.05,0.0,0.0
clean2,0.05,100,0.05,0.05,0.0,0.0
clean2,0.05,100,0.05,0.05,0.0,0.0
clean2,0.05,100,0.05,0.05,0.0,0.0
clean2,0.05,100,0.05,0.05,0.0,0.0
clean2,0.05,100,0.05,0.05,0.0,0.0
clean2,0.11,100,0.11,0.11,0.0,0.0
clean2,0.11,100,0.11,0.11,0.0,0.001583099365234375
clean2,0.11,100,0.11,0.11,0.0,0.0
clean2,0.11,100,0.11,0.11,0.0,0.0
clean2,0.11,100,0.11,0.11,0.0,0.0
clean2,0.11,100,0.11,0.12,0.01,0.0
clean2,0.11,100,0.11,0.11,0.0,0.0
clean2,0.11,100,0.11,0.11,0.0,0.0
clean2,0.11,100,0.11,0.11,0.0,0.0
clean2,0.11,100,0.11,0.11,0.0,0.0
clean2,0.16,100,0.16,0.16,0.0,0.0
clean2,0.16,100,0.16,0.16,0.0,0.0
clean2,0.16,100,0.16,0.16,0.0,0.0
clean2,0.16,100,0.16,0.16,0.0,0.0
clean2,0.16,100,0.16,0.16,0.0,0.0
clean2,0.16,100,0.16,0.16,0.0,0.0
clean2,0.16,100,0.16,0.16,0.0,0.0
clean2,0.16,100,0.16,0.16,0.0,0.005484342575073242
clean2,0.16,100,0.16,0.16,0.0,0.0
clean2,0.16,100,0.16,0.16,0.0,0.0007359981536865234
clean2,0.21,100,0.21,0.22,0.01,0.0
clean2,0.21,100,0.21,0.21,0.0,0.0
clean2,0.21,100,0.21,0.21,0.0,0.0
clean2,0.21,100,0.21,0.21,0.0,0.0
clean2,0.21,100,0.21,0.21,0.0,0.0
clean2,0.21,100,0.21,0.21,0.0,0.0002124309539794922
clean2,0.21,100,0.21,0.21,0.0,0.0
clean2,0.21,100,0.21,0.21,0.0,0.0
clean2,0.21,100,0.21,0.22,0.01,0.0
clean2,0.21,100,0.21,0.23,0.02,0.0
clean2,0.26,100,0.26,0.26,0.0,0.0
clean2,0.26,100,0.26,0.26,0.0,0.0
clean2,0.26,100,0.26,0.26,0.0,0.0
clean2,0.26,100,0.26,0.26,0.0,0.0
clean2,0.26,100,0.26,0.27,0.01,0.0
clean2,0.26,100,0.26,0.26,0.0,0.0
clean2,0.26,100,0.26,0.26,0.0,0.0
clean2,0.26,100,0.26,0.26,0.0,0.0
clean2,0.26,100,0.26,0.26,0.0,0.0
clean2,0.26,100,0.26,0.26,0.0,0.0
clean2,0.32,100,0.32,0.32,0.0,0.0
clean2,0.32,100,0.32,0.32,0.0,0.0
clean2,0.32,100,0.32,0.32,0.0,0.0
clean2,0.32,100,0.32,0.32,0.0,0.0
clean2,0.32,100,0.32,0.32,0.0,0.0
clean2,0.32,100,0.32,0.33,0.01,0.0
clean2,0.32,100,0.32,0.32,0.0,0.0
clean2,0.32,100,0.32,0.32,0.0,0.0
clean2,0.32,100,0.32,0.32,0.0,0.0
clean2,0.32,100,0.32,0.32,0.0,0.0
clean2,0.37,100,0.37,0.37,0.0,0.0
clean2,0.37,100,0.37,0.38,0.01,0.0
clean2,0.37,100,0.37,0.37,0.0,0.0
clean2,0.37,100,0.37,0.37,0.0,0.0
clean2,0.37,100,0.37,0.37,0.0,0.0
clean2,0.37,100,0.37,0.37,0.0,0.0010066032409667969
clean2,0.37,100,0.37,0.37,0.0,0.0
clean2,0.37,100,0.37,0.37,0.0,0.0
clean2,0.37,100,0.37,0.37,0.0,0.0
clean2,0.37,100,0.37,0.37,0.0,0.0
clean2,0.42,100,0.42,0.42,0.0,0.0
clean2,0.42,100,0.42,0.42,0.0,0.0011174678802490234
clean2,0.42,100,0.42,0.42,0.0,0.0
clean2,0.42,100,0.42,0.42,0.0,0.0
clean2,0.42,100,0.42,0.42,0.0,0.0
clean2,0.42,100,0.42,0.42,0.0,0.0
clean2,0.42,100,0.42,0.43,0.01,0.0
clean2,0.42,100,0.42,0.42,0.0,0.0
clean2,0.42,100,0.42,0.42,0.0,0.0
clean2,0.42,100,0.42,0.42,0.0,0.0
clean2,0.47,100,0.47,0.47,0.0,0.0
clean2,0.47,100,0.47,0.47,0.0,0.0
clean2,0.47,100,0.47,0.47,0.0,0.0
clean2,0.47,100,0.47,0.47,0.0,0.0
clean2,0.47,100,0.47,0.47,0.0,0.0
clean2,0.47,100,0.47,0.47,0.0,0.0
clean2,0.47,100,0.47,0.47,0.0,0.0
clean2,0.47,100,0.47,0.47,0.0,0.0
clean2,0.47,100,0.47,0.47,0.0,0.0
clean2,0.47,100,0.47,0.47,0.0,0.0
clean2,0.53,100,0.53,0.53,0.0,0.0
clean2,0.53,100,0.53,0.53,0.0,0.0
clean2,0.53,100,0.53,0.53,0.0,0.0
clean2,0.53,100,0.53,0.53,0.0,0.0
clean2,0.53,100,0.53,0.53,0.0,0.0
clean2,0.53,100,0.53,0.53,0.0,0.0
clean2,0.53,100,0.53,0.53,0.0,0.0
clean2,0.53,100,0.53,0.53,0.0,0.0
clean2,0.53,100,0.53,0.53,0.0,0.0
clean2,0.53,100,0.53,0.53,0.0,0.0
clean2,0.58,100,0.58,0.58,0.0,0.0
clean2,0.58,100,0.58,0.58,0.0,0.0
clean2,0.58,100,0.58,0.58,0.0,0.0010008811950683594
clean2,0.58,100,0.58,0.58,0.0,0.0
clean2,0.58,100,0.58,0.58,0.0,0.0010013580322265625
clean2,0.58,100,0.58,0.58,0.0,0.0010004043579101562
clean2,0.58,100,0.58,0.58,0.0,0.0
clean2,0.58,100,0.58,0.58,0.0,0.0
clean2,0.58,100,0.58,0.58,0.0,0.0
clean2,0.58,100,0.58,0.58,0.0,0.0
clean2,0.63,100,0.63,0.63,0.0,0.0
clean2,0.63,100,0.63,0.63,0.0,0.0007319450378417969
clean2,0.63,100,0.63,0.63,0.0,0.0
clean2,0.63,100,0.63,0.63,0.0,0.0
clean2,0.63,100,0.63,0.63,0.0,0.0
clean2,0.63,100,0.63,0.63,0.0,0.0
clean2,0.63,100,0.63,0.63,0.0,0.0
clean2,0.63,100,0.63,0.63,0.0,0.0
clean2,0.63,100,0.63,0.63,0.0,0.0
clean2,0.63,100,0.63,0.63,0.0,0.0
clean2,0.68,100,0.68,0.68,0.0,0.0
clean2,0.68,100,0.68,0.68,0.0,0.0
clean2,0.68,100,0.68,0.68,0.0,0.0
clean2,0.68,100,0.68,0.68,0.0,0.0
clean2,0.68,100,0.68,0.68,0.0,0.0
clean2,0.68,100,0.68,0.68,0.0,0.0
clean2,0.68,100,0.68,0.68,0.0,0.00044655799865722656
clean2,0.68,100,0.68,0.68,0.0,0.0
clean2,0.68,100,0.68,0.68,0.0,0.0
clean2,0.68,100,0.68,0.68,0.0,0.0
clean2,0.74,100,0.74,0.74,0.0,0.0
clean2,0.74,100,0.74,0.74,0.0,0.0
clean2,0.74,100,0.74,0.74,0.0,0.0
clean2,0.74,100,0.74,0.74,0.0,0.0
clean2,0.74,100,0.74,0.74,0.0,0.0009918212890625
clean2,0.74,100,0.74,0.74,0.0,0.0
clean2,0.74,100,0.74,0.74,0.0,0.0
clean2,0.74,100,0.74,0.74,0.0,0.0
clean2,0.74,100,0.74,0.74,0.0,0.0
clean2,0.74,100,0.74,0.74,0.0,0.0
clean2,0.79,100,0.79,0.79,0.0,0.0
clean2,0.79,100,0.79,0.79,0.0,0.0
clean2,0.79,100,0.79,0.79,0.0,0.0010013580322265625
clean2,0.79,100,0.79,0.79,0.0,0.0
clean2,0.79,100,0.79,0.79,0.0,0.0
clean2,0.79,100,0.79,0.79,0.0,0.0
clean2,0.79,100,0.79,0.79,0.0,0.0
clean2,0.79,100,0.79,0.79,0.0,0.0
clean2,0.79,100,0.79,0.79,0.0,0.0
clean2,0.79,100,0.79,0.79,0.0,0.0
clean2,0.84,100,0.84,0.84,0.0,0.0
clean2,0.84,100,0.84,0.84,0.0,0.0
clean2,0.84,100,0.84,0.84,0.0,0.0
clean2,0.84,100,0.84,0.84,0.0,0.0
clean2,0.84,100,0.84,0.84,0.0,0.0010008811950683594
clean2,0.84,100,0.84,0.84,0.0,0.0
clean2,0.84,100,0.84,0.84,0.0,0.0
clean2,0.84,100,0.84,0.84,0.0,0.0
clean2,0.84,100,0.84,0.84,0.0,0.0
clean2,0.84,100,0.84,0.84,0.0,0.0
clean2,0.89,100,0.89,0.89,0.0,0.0010001659393310547
clean2,0.89,100,0.89,0.89,0.0,0.0
clean2,0.89,100,0.89,0.89,0.0,0.0
clean2,0.89,100,0.89,0.89,0.0,0.0
clean2,0.89,100,0.89,0.89,0.0,0.0
clean2,0.89,100,0.89,0.89,0.0,0.0
clean2,0.89,100,0.89,0.89,0.0,0.0010886192321777344
clean2,0.89,100,0.89,0.89,0.0,0.0
clean2,0.89,100,0.89,0.89,0.0,0.0
clean2,0.89,100,0.89,0.89,0.0,0.0
clean2,0.95,100,0.95,0.95,0.0,0.0009214878082275391
clean2,0.95,100,0.95,0.95,0.0,0.0
clean2,0.95,100,0.95,0.95,0.0,0.0
clean2,0.95,100,0.95,0.95,0.0,0.0
clean2,0.95,100,0.95,0.95,0.0,0.0
clean2,0.95,100,0.95,0.95,0.0,0.0
clean2,0.95,100,0.95,0.95,0.0,0.0
clean2,0.95,100,0.95,0.95,0.0,0.0
clean2,0.95,100,0.95,0.95,0.0,0.0
clean2,0.95,100,0.95,0.95,0.0,0.0
clean2,1.0,100,1.0,1.0,0.0,0.0
clean2,1.0,100,1.0,1.0,0.0,0.0
clean2,1.0,100,1.0,1.0,0.0,0.0010821819305419922
clean2,1.0,100,1.0,1.0,0.0,0.0
clean2,1.0,100,1.0,1.0,0.0,0.0
clean2,1.0,100,1.0,1.0,0.0,0.0
clean2,1.0,100,1.0,1.0,0.0,0.0
clean2,1.0,100,1.0,1.0,0.0,0.0
clean2,1.0,100,1.0,1.0,0.0,0.0
clean2,1.0,100,1.0,1.0,0.0,0.0
cpu_act,0.0,100,0.0,0.0,0.0,0.0
cpu_act,0.0,100,0.0,0.0,0.0,0.0
cpu_act,0.0,100,0.0,0.0,0.0,0.0
cpu_act,0.0,100,0.0,0.07,0.07,0.0
cpu_act,0.0,100,0.0,0.05,0.05,0.0003986358642578125
cpu_act,0.0,100,0.0,0.05,0.05,0.0
cpu_act,0.0,100,0.0,0.0,0.0,0.0
cpu_act,0.0,100,0.0,0.0,0.0,0.0
cpu_act,0.0,100,0.0,0.06,0.06,0.0
cpu_act,0.0,100,0.0,0.0,0.0,0.0
cpu_act,0.05,100,0.05,0.04,0.01,0.0
cpu_act,0.05,100,0.05,0.13,0.08,0.0
cpu_act,0.05,100,0.05,0.06,0.01,0.0
cpu_act,0.05,100,0.05,0.0,0.05,0.0
cpu_act,0.05,100,0.05,0.04,0.01,0.0
cpu_act,0.05,100,0.05,0.07,0.02,0.0
cpu_act,0.05,100,0.05,0.04,0.01,0.0
cpu_act,0.05,100,0.05,0.05,0.0,0.0
cpu_act,0.05,100,0.05,0.07,0.02,0.0
cpu_act,0.05,100,0.05,0.07,0.02,0.0
cpu_act,0.11,100,0.11,0.09,0.02,0.0
cpu_act,0.11,100,0.11,0.12,0.01,0.0
cpu_act,0.11,100,0.11,0.09,0.02,0.0
cpu_act,0.11,100,0.11,0.14,0.03,0.0
cpu_act,0.11,100,0.11,0.18,0.07,0.0
cpu_act,0.11,100,0.11,0.12,0.01,0.00033211708068847656
cpu_act,0.11,100,0.11,0.05,0.06,0.0
cpu_act,0.11,100,0.11,0.12,0.01,0.0
cpu_act,0.11,100,0.11,0.08,0.03,0.0
cpu_act,0.11,100,0.11,0.13,0.02,0.0
cpu_act,0.16,100,0.16,0.2,0.04,0.0
cpu_act,0.16,100,0.16,0.18,0.02,0.0
cpu_act,0.16,100,0.16,0.2,0.04,0.0
cpu_act,0.16,100,0.16,0.21,0.05,0.0
cpu_act,0.16,100,0.16,0.2,0.04,0.0
cpu_act,0.16,100,0.16,0.18,0.02,0.0
cpu_act,0.16,100,0.16,0.14,0.02,0.0
cpu_act,0.16,100,0.16,0.21,0.05,0.001001119613647461
cpu_act,0.16,100,0.16,0.18,0.02,0.0
cpu_act,0.16,100,0.16,0.2,0.04,0.0
cpu_act,0.21,100,0.21,0.24,0.03,0.0
cpu_act,0.21,100,0.21,0.2,0.01,0.0
cpu_act,0.21,100,0.21,0.15,0.06,0.0
cpu_act,0.21,100,0.21,0.19,0.02,0.0
cpu_act,0.21,100,0.21,0.13,0.08,0.0
cpu_act,0.21,100,0.21,0.24,0.03,0.0
cpu_act,0.21,100,0.21,0.19,0.02,0.0010004043579101562
cpu_act,0.21,100,0.21,0.18,0.03,0.0
cpu_act,0.21,100,0.21,0.16,0.05,0.0
cpu_act,0.21,100,0.21,0.21,0.0,0.0
cpu_act,0.26,100,0.26,0.29,0.03,0.0
cpu_act,0.26,100,0.26,0.26,0.0,0.0
cpu_act,0.26,100,0.26,0.25,0.01,0.0
cpu_act,0.26,100,0.26,0.32,0.06,0.0
cpu_act,0.26,100,0.26,0.28,0.02,0.0
cpu_act,0.26,100,0.26,0.26,0.0,0.0
cpu_act,0.26,100,0.26,0.25,0.01,0.0
cpu_act,0.26,100,0.26,0.24,0.02,0.0
cpu_act,0.26,100,0.26,0.26,0.0,0.0
cpu_act,0.26,100,0.26,0.31,0.05,0.0
cpu_act,0.32,100,0.32,0.28,0.04,0.0
cpu_act,0.32,100,0.32,0.31,0.01,0.0
cpu_act,0.32,100,0.32,0.32,0.0,0.0
cpu_act,0.32,100,0.32,0.32,0.0,0.0
cpu_act,0.32,100,0.32,0.32,0.0,0.0
cpu_act,0.32,100,0.32,0.36,0.04,0.0
cpu_act,0.32,100,0.32,0.34,0.02,0.0
cpu_act,0.32,100,0.32,0.31,0.01,0.0
cpu_act,0.32,100,0.32,0.35,0.03,0.0
cpu_act,0.32,100,0.32,0.33,0.01,0.0
cpu_act,0.37,100,0.37,0.38,0.01,0.0
cpu_act,0.37,100,0.37,0.46,0.09,0.0
cpu_act,0.37,100,0.37,0.44,0.07,0.0
cpu_act,0.37,100,0.37,0.39,0.02,0.0
cpu_act,0.37,100,0.37,0.39,0.02,0.0
cpu_act,0.37,100,0.37,0.41,0.04,0.0
cpu_act,0.37,100,0.37,0.38,0.01,0.0
cpu_act,0.37,100,0.37,0.38,0.01,0.0
cpu_act,0.37,100,0.37,0.32,0.05,0.0
cpu_act,0.37,100,0.37,0.39,0.02,0.0
cpu_act,0.42,100,0.42,0.42,0.0,0.0010023117065429688
cpu_act,0.42,100,0.42,0.42,0.0,0.0
cpu_act,0.42,100,0.42,0.4,0.02,0.0
cpu_act,0.42,100,0.42,0.45,0.03,0.0010013580322265625
cpu_act,0.42,100,0.42,0.48,0.06,0.0004909038543701172
cpu_act,0.42,100,0.42,0.42,0.0,0.0
cpu_act,0.42,100,0.42,0.47,0.05,0.0
cpu_act,0.42,100,0.42,0.42,0.0,0.0
cpu_act,0.42,100,0.42,0.41,0.01,0.0
cpu_act,0.42,100,0.42,0.41,0.01,0.0
cpu_act,0.47,100,0.47,0.47,0.0,0.0
cpu_act,0.47,100,0.47,0.42,0.05,0.0
cpu_act,0.47,100,0.47,0.48,0.01,0.0
cpu_act,0.47,100,0.47,0.49,0.02,0.0
cpu_act,0.47,100,0.47,0.47,0.0,0.0
cpu_act,0.47,100,0.47,0.47,0.0,0.0
cpu_act,0.47,100,0.47,0.53,0.06,0.0
cpu_act,0.47,100,0.47,0.47,0.0,0.0
cpu_act,0.47,100,0.47,0.48,0.01,0.0
cpu_act,0.47,100,0.47,0.49,0.02,0.0
cpu_act,0.53,100,0.53,0.53,0.0,0.0011112689971923828
cpu_act,0.53,100,0.53,0.51,0.02,0.0
cpu_act,0.53,100,0.53,0.54,0.01,0.0
cpu_act,0.53,100,0.53,0.58,0.05,0.0
cpu_act,0.53,100,0.53,0.55,0.02,0.0
cpu_act,0.53,100,0.53,0.54,0.01,0.0
cpu_act,0.53,100,0.53,0.53,0.0,0.0
cpu_act,0.53,100,0.53,0.58,0.05,0.0
cpu_act,0.53,100,0.53,0.49,0.04,0.0
cpu_act,0.53,100,0.53,0.52,0.01,0.0
cpu_act,0.58,100,0.58,0.59,0.01,0.0
cpu_act,0.58,100,0.58,0.6,0.02,0.0004127025604248047
cpu_act,0.58,100,0.58,0.56,0.02,0.0
cpu_act,0.58,100,0.58,0.64,0.06,0.0
cpu_act,0.58,100,0.58,0.58,0.0,0.0
cpu_act,0.58,100,0.58,0.59,0.01,0.0
cpu_act,0.58,100,0.58,0.59,0.01,0.0
cpu_act,0.58,100,0.58,0.51,0.07,0.0
cpu_act,0.58,100,0.58,0.64,0.06,0.00038623809814453125
cpu_act,0.58,100,0.58,0.59,0.01,0.0
cpu_act,0.63,100,0.63,0.62,0.01,0.0
cpu_act,0.63,100,0.63,0.69,0.06,0.0
cpu_act,0.63,100,0.63,0.6,0.03,0.0
cpu_act,0.63,100,0.63,0.6,0.03,0.0
cpu_act,0.63,100,0.63,0.67,0.04,0.0
cpu_act,0.63,100,0.63,0.66,0.03,0.0
cpu_act,0.63,100,0.63,0.66,0.03,0.0
cpu_act,0.63,100,0.63,0.56,0.07,0.0
cpu_act,0.63,100,0.63,0.62,0.01,0.0
cpu_act,0.63,100,0.63,0.65,0.02,0.0
cpu_act,0.68,100,0.68,0.71,0.03,0.0
cpu_act,0.68,100,0.68,0.74,0.06,0.0
cpu_act,0.68,100,0.68,0.73,0.05,0.0
cpu_act,0.68,100,0.68,0.66,0.02,0.0
cpu_act,0.68,100,0.68,0.66,0.02,0.0
cpu_act,0.68,100,0.68,0.72,0.04,0.0
cpu_act,0.68,100,0.68,0.69,0.01,0.0
cpu_act,0.68,100,0.68,0.66,0.02,0.0
cpu_act,0.68,100,0.68,0.72,0.04,0.0
cpu_act,0.68,100,0.68,0.69,0.01,0.0
cpu_act,0.74,100,0.74,0.78,0.04,0.0
cpu_act,0.74,100,0.74,0.73,0.01,0.0
cpu_act,0.74,100,0.74,0.75,0.01,0.0
cpu_act,0.74,100,0.74,0.74,0.0,0.0
cpu_act,0.74,100,0.74,0.74,0.0,0.0
cpu_act,0.74,100,0.74,0.79,0.05,0.0
cpu_act,0.74,100,0.74,0.79,0.05,0.0
cpu_act,0.74,100,0.74,0.74,0.0,0.0
cpu_act,0.74,100,0.74,0.75,0.01,0.0010025501251220703
cpu_act,0.74,100,0.74,0.79,0.05,0.0
cpu_act,0.79,100,0.79,0.76,0.03,0.0
cpu_act,0.79,100,0.79,0.75,0.04,0.0
cpu_act,0.79,100,0.79,0.82,0.03,0.0
cpu_act,0.79,100,0.79,0.81,0.02,0.0
cpu_act,0.79,100,0.79,0.84,0.05,0.0
cpu_act,0.79,100,0.79,0.84,0.05,0.0
cpu_act,0.79,100,0.79,0.81,0.02,0.0
cpu_act,0.79,100,0.79,0.85,0.06,0.0
cpu_act,0.79,100,0.79,0.79,0.0,0.0
cpu_act,0.79,100,0.79,0.85,0.06,0.0
cpu_act,0.84,100,0.84,0.82,0.02,0.0
cpu_act,0.84,100,0.84,0.79,0.05,0.0010101795196533203
cpu_act,0.84,100,0.84,0.85,0.01,0.0
cpu_act,0.84,100,0.84,0.85,0.01,0.0
cpu_act,0.84,100,0.84,0.85,0.01,0.0
cpu_act,0.84,100,0.84,0.86,0.02,0.0
cpu_act,0.84,100,0.84,0.86,0.02,0.0
cpu_act,0.84,100,0.84,0.84,0.0,0.0
cpu_act,0.84,100,0.84,0.8,0.04,0.0
cpu_act,0.84,100,0.84,0.85,0.01,0.0004582405090332031
cpu_act,0.89,100,0.89,0.88,0.01,0.0
cpu_act,0.89,100,0.89,0.88,0.01,0.0
cpu_act,0.89,100,0.89,0.87,0.02,0.0
cpu_act,0.89,100,0.89,0.89,0.0,0.0
cpu_act,0.89,100,0.89,0.93,0.04,0.0010018348693847656
cpu_act,0.89,100,0.89,0.87,0.02,0.0
cpu_act,0.89,100,0.89,0.92,0.03,0.001102447509765625
cpu_act,0.89,100,0.89,0.82,0.07,0.0
cpu_act,0.89,100,0.89,0.87,0.02,0.0011131763458251953
cpu_act,0.89,100,0.89,0.88,0.01,0.0
cpu_act,0.95,100,0.95,0.95,0.0,0.0
cpu_act,0.95,100,0.95,0.93,0.02,0.0
cpu_act,0.95,100,0.95,0.93,0.02,0.0
cpu_act,0.95,100,0.95,0.91,0.04,0.0
cpu_act,0.95,100,0.95,1.0,0.05,0.0
cpu_act,0.95,100,0.95,0.93,0.02,0.0
cpu_act,0.95,100,0.95,0.99,0.04,0.0
cpu_act,0.95,100,0.95,0.98,0.03,0.0
cpu_act,0.95,100,0.95,0.93,0.02,0.0
cpu_act,0.95,100,0.95,0.96,0.01,0.0
cpu_act,1.0,100,1.0,1.0,0.0,0.0
cpu_act,1.0,100,1.0,1.0,0.0,0.0
cpu_act,1.0,100,1.0,1.0,0.0,0.0
cpu_act,1.0,100,1.0,1.0,0.0,0.0
cpu_act,1.0,100,1.0,1.0,0.0,0.0
cpu_act,1.0,100,1.0,1.0,0.0,0.0
cpu_act,1.0,100,1.0,1.0,0.0,0.0
cpu_act,1.0,100,1.0,1.0,0.0,0.0
cpu_act,1.0,100,1.0,1.0,0.0,0.0
cpu_act,1.0,100,1.0,0.99,0.01,0.0
delta_ailerons,0.0,100,0.0,0.02,0.02,0.0
delta_ailerons,0.0,100,0.0,0.03,0.03,0.0
delta_ailerons,0.0,100,0.0,0.05,0.05,0.0
delta_ailerons,0.0,100,0.0,0.03,0.03,0.0
delta_ailerons,0.0,100,0.0,0.0,0.0,0.0
delta_ailerons,0.0,100,0.0,0.0,0.0,0.0
delta_ailerons,0.0,100,0.0,0.06,0.06,0.001001596450805664
delta_ailerons,0.0,100,0.0,0.01,0.01,0.0
delta_ailerons,0.0,100,0.0,0.03,0.03,0.0
delta_ailerons,0.0,100,0.0,0.0,0.0,0.0009996891021728516
delta_ailerons,0.05,100,0.05,0.06,0.01,0.0
delta_ailerons,0.05,100,0.05,0.0,0.05,0.0
delta_ailerons,0.05,100,0.05,0.07,0.02,0.0
delta_ailerons,0.05,100,0.05,0.14,0.09,0.0
delta_ailerons,0.05,100,0.05,0.11,0.06,0.0011141300201416016
delta_ailerons,0.05,100,0.05,0.03,0.02,0.0
delta_ailerons,0.05,100,0.05,0.12,0.07,0.0
delta_ailerons,0.05,100,0.05,0.09,0.04,0.001001119613647461
delta_ailerons,0.05,100,0.05,0.07,0.02,0.0
delta_ailerons,0.05,100,0.05,0.08,0.03,0.0
delta_ailerons,0.11,100,0.11,0.08,0.03,0.0
delta_ailerons,0.11,100,0.11,0.15,0.04,0.0
delta_ailerons,0.11,100,0.11,0.11,0.0,0.0
delta_ailerons,0.11,100,0.11,0.07,0.04,0.0
delta_ailerons,0.11,100,0.11,0.19,0.08,0.0
delta_ailerons,0.11,100,0.11,0.12,0.01,0.0
delta_ailerons,0.11,100,0.11,0.17,0.06,0.0
delta_ailerons,0.11,100,0.11,0.12,0.01,0.0
delta_ailerons,0.11,100,0.11,0.12,0.01,0.0
delta_ailerons,0.11,100,0.11,0.09,0.02,0.0
delta_ailerons,0.16,100,0.16,0.19,0.03,0.0
delta_ailerons,0.16,100,0.16,0.16,0.0,0.0
delta_ailerons,0.16,100,0.16,0.15,0.01,0.0
delta_ailerons,0.16,100,0.16,0.15,0.01,0.0
delta_ailerons,0.16,100,0.16,0.17,0.01,0.0005958080291748047
delta_ailerons,0.16,100,0.16,0.22,0.06,0.0
delta_ailerons,0.16,100,0.16,0.15,0.01,0.0
delta_ailerons,0.16,100,0.16,0.17,0.01,0.0
delta_ailerons,0.16,100,0.16,0.17,0.01,0.0
delta_ailerons,0.16,100,0.16,0.22,0.06,0.0
delta_ailerons,0.21,100,0.21,0.25,0.04,0.0
delta_ailerons,0.21,100,0.21,0.27,0.06,0.0004112720489501953
delta_ailerons,0.21,100,0.21,0.19,0.02,0.0
delta_ailerons,0.21,100,0.21,0.24,0.03,0.0
delta_ailerons,0.21,100,0.21,0.27,0.06,0.0
delta_ailerons,0.21,100,0.21,0.22,0.01,0.0
delta_ailerons,0.21,100,0.21,0.22,0.01,0.0
delta_ailerons,0.21,100,0.21,0.22,0.01,0.0
delta_ailerons,0.21,100,0.21,0.24,0.03,0.0
delta_ailerons,0.21,100,0.21,0.2,0.01,0.0
delta_ailerons,0.26,100,0.26,0.25,0.01,0.0
delta_ailerons,0.26,100,0.26,0.27,0.01,0.0
delta_ailerons,0.26,100,0.26,0.3,0.04,0.0
delta_ailerons,0.26,100,0.26,0.26,0.0,0.0010008811950683594
delta_ailerons,0.26,100,0.26,0.18,0.08,0.0
delta_ailerons,0.26,100,0.26,0.32,0.06,0.0
delta_ailerons,0.26,100,0.26,0.31,0.05,0.0
delta_ailerons,0.26,100,0.26,0.25,0.01,0.0
delta_ailerons,0.26,100,0.26,0.26,0.0,0.0
delta_ailerons,0.26,100,0.26,0.31,0.05,0.0
delta_ailerons,0.32,100,0.32,0.32,0.0,0.0
delta_ailerons,0.32,100,0.32,0.32,0.0,0.0
delta_ailerons,0.32,100,0.32,0.35,0.03,0.0
delta_ailerons,0.32,100,0.32,0.36,0.04,0.0
delta_ailerons,0.32,100,0.32,0.33,0.01,0.0
delta_ailerons,0.32,100,0.32,0.33,0.01,0.0
delta_ailerons,0.32,100,0.32,0.34,0.02,0.0
delta_ailerons,0.32,100,0.32,0.35,0.03,0.0
delta_ailerons,0.32,100,0.32,0.31,0.01,0.0
delta_ailerons,0.32,100,0.32,0.32,0.0,0.0
delta_ailerons,0.37,100,0.37,0.39,0.02,0.0
delta_ailerons,0.37,100,0.37,0.37,0.0,0.0009963512420654297
delta_ailerons,0.37,100,0.37,0.43,0.06,0.0
delta_ailerons,0.37,100,0.37,0.41,0.04,0.006100893020629883
delta_ailerons,0.37,100,0.37,0.39,0.02,0.0
delta_ailerons,0.37,100,0.37,0.4,0.03,0.0
delta_ailerons,0.37,100,0.37,0.36,0.01,0.0
delta_ailerons,0.37,100,0.37,0.42,0.05,0.0
delta_ailerons,0.37,100,0.37,0.37,0.0,0.0
delta_ailerons,0.37,100,0.37,0.37,0.0,0.0
delta_ailerons,0.42,100,0.42,0.41,0.01,0.0
delta_ailerons,0.42,100,0.42,0.45,0.03,0.0004649162292480469
delta_ailerons,0.42,100,0.42,0.42,0.0,0.0
delta_ailerons,0.42,100,0.42,0.42,0.0,0.0
delta_ailerons,0.42,100,0.42,0.45,0.03,0.0
delta_ailerons,0.42,100,0.42,0.39,0.03,0.0
delta_ailerons,0.42,100,0.42,0.35,0.07,0.0005810260772705078
delta_ailerons,0.42,100,0.42,0.42,0.0,0.0
delta_ailerons,0.42,100,0.42,0.43,0.01,0.0009961128234863281
delta_ailerons,0.42,100,0.42,0.44,0.02,0.0
delta_ailerons,0.47,100,0.47,0.47,0.0,0.0
delta_ailerons,0.47,100,0.47,0.55,0.08,0.0
delta_ailerons,0.47,100,0.47,0.47,0.0,0.0
delta_ailerons,0.47,100,0.47,0.51,0.04,0.0
delta_ailerons,0.47,100,0.47,0.53,0.06,0.0
delta_ailerons,0.47,100,0.47,0.5,0.03,0.0
delta_ailerons,0.47,100,0.47,0.47,0.0,0.0009927749633789062
delta_ailerons,0.47,100,0.47,0.47,0.0,0.0
delta_ailerons,0.47,100,0.47,0.53,0.06,0.0
delta_ailerons,0.47,100,0.47,0.51,0.04,0.0
delta_ailerons,0.53,100,0.53,0.52,0.01,0.0
delta_ailerons,0.53,100,0.53,0.56,0.03,0.0
delta_ailerons,0.53,100,0.53,0.56,0.03,8.368492126464844e-05
delta_ailerons,0.53,100,0.53,0.6,0.07,0.0
delta_ailerons,0.53,100,0.53,0.52,0.01,0.0
delta_ailerons,0.53,100,0.53,0.49,0.04,0.0
delta_ailerons,0.53,100,0.53,0.6,0.07,0.0
delta_ailerons,0.53,100,0.53,0.57,0.04,0.0
delta_ailerons,0.53,100,0.53,0.52,0.01,0.0
delta_ailerons,0.53,100,0.53,0.53,0.0,0.0
delta_ailerons,0.58,100,0.58,0.6,0.02,0.0
delta_ailerons,0.58,100,0.58,0.56,0.02,0.0
delta_ailerons,0.58,100,0.58,0.61,0.03,0.0
delta_ailerons,0.58,100,0.58,0.61,0.03,0.0
delta_ailerons,0.58,100,0.58,0.6,0.02,0.0
delta_ailerons,0.58,100,0.58,0.62,0.04,0.0
delta_ailerons,0.58,100,0.58,0.56,0.02,0.0
delta_ailerons,0.58,100,0.58,0.62,0.04,0.0
delta_ailerons,0.58,100,0.58,0.64,0.06,0.0
delta_ailerons,0.58,100,0.58,0.61,0.03,0.0
delta_ailerons,0.63,100,0.63,0.65,0.02,0.0
delta_ailerons,0.63,100,0.63,0.61,0.02,0.0
delta_ailerons,0.63,100,0.63,0.68,0.05,0.0
delta_ailerons,0.63,100,0.63,0.69,0.06,0.0
delta_ailerons,0.63,100,0.63,0.62,0.01,0.0
delta_ailerons,0.63,100,0.63,0.67,0.04,0.0
delta_ailerons,0.63,100,0.63,0.64,0.01,0.0
delta_ailerons,0.63,100,0.63,0.62,0.01,0.0
delta_ailerons,0.63,100,0.63,0.65,0.02,0.0
delta_ailerons,0.63,100,0.63,0.64,0.01,0.0
delta_ailerons,0.68,100,0.68,0.7,0.02,0.0
delta_ailerons,0.68,100,0.68,0.7,0.02,0.0
delta_ailerons,0.68,100,0.68,0.68,0.0,0.00042557716369628906
delta_ailerons,0.68,100,0.68,0.68,0.0,0.0
delta_ailerons,0.68,100,0.68,0.7,0.02,0.0
delta_ailerons,0.68,100,0.68,0.69,0.01,0.0
delta_ailerons,0.68,100,0.68,0.7,0.02,0.00032401084899902344
delta_ailerons,0.68,100,0.68,0.67,0.01,0.0
delta_ailerons,0.68,100,0.68,0.73,0.05,0.0
delta_ailerons,0.68,100,0.68,0.66,0.02,0.0
delta_ailerons,0.74,100,0.74,0.82,0.08,0.0
delta_ailerons,0.74,100,0.74,0.76,0.02,0.0
delta_ailerons,0.74,100,0.74,0.76,0.02,0.0
delta_ailerons,0.74,100,0.74,0.74,0.0,0.0
delta_ailerons,0.74,100,0.74,0.73,0.01,0.0
delta_ailerons,0.74,100,0.74,0.73,0.01,0.0
delta_ailerons,0.74,100,0.74,0.75,0.01,0.0
delta_ailerons,0.74,100,0.74,0.75,0.01,0.0
delta_ailerons,0.74,100,0.74,0.82,0.08,0.0
delta_ailerons,0.74,100,0.74,0.73,0.01,0.0
delta_ailerons,0.79,100,0.79,0.84,0.05,0.0
delta_ailerons,0.79,100,0.79,0.8,0.01,0.0
delta_ailerons,0.79,100,0.79,0.8,0.01,0.0
delta_ailerons,0.79,100,0.79,0.8,0.01,0.0
delta_ailerons,0.79,100,0.79,0.81,0.02,0.0
delta_ailerons,0.79,100,0.79,0.8,0.01,0.0
delta_ailerons,0.79,100,0.79,0.85,0.06,0.0
delta_ailerons,0.79,100,0.79,0.83,0.04,0.0
delta_ailerons,0.79,100,0.79,0.82,0.03,0.0
delta_ailerons,0.79,100,0.79,0.83,0.04,0.0
delta_ailerons,0.84,100,0.84,0.85,0.01,0.0
delta_ailerons,0.84,100,0.84,0.86,0.02,0.0
delta_ailerons,0.84,100,0.84,0.85,0.01,0.0
delta_ailerons,0.84,100,0.84,0.85,0.01,0.0
delta_ailerons,0.84,100,0.84,0.84,0.0,0.0
delta_ailerons,0.84,100,0.84,0.83,0.01,0.0
delta_ailerons,0.84,100,0.84,0.85,0.01,0.0
delta_ailerons,0.84,100,0.84,0.8,0.04,0.0
delta_ailerons,0.84,100,0.84,0.84,0.0,0.0
delta_ailerons,0.84,100,0.84,0.89,0.05,0.0
delta_ailerons,0.89,100,0.89,0.93,0.04,0.0055959224700927734
delta_ailerons,0.89,100,0.89,0.89,0.0,0.0
delta_ailerons,0.89,100,0.89,0.91,0.02,0.0
delta_ailerons,0.89,100,0.89,0.91,0.02,0.0
delta_ailerons,0.89,100,0.89,0.91,0.02,0.0
delta_ailerons,0.89,100,0.89,0.9,0.01,0.0
delta_ailerons,0.89,100,0.89,0.86,0.03,0.0
delta_ailerons,0.89,100,0.89,0.89,0.0,0.0
delta_ailerons,0.89,100,0.89,0.9,0.01,0.0
delta_ailerons,0.89,100,0.89,0.91,0.02,0.0010864734649658203
delta_ailerons,0.95,100,0.95,0.97,0.02,0.0
delta_ailerons,0.95,100,0.95,0.95,0.0,0.0
delta_ailerons,0.95,100,0.95,0.92,0.03,0.0
delta_ailerons,0.95,100,0.95,0.97,0.02,0.0
delta_ailerons,0.95,100,0.95,1.0,0.05,0.0
delta_ailerons,0.95,100,0.95,0.97,0.02,0.0
delta_ailerons,0.95,100,0.95,0.92,0.03,0.0
delta_ailerons,0.95,100,0.95,0.97,0.02,0.0
delta_ailerons,0.95,100,0.95,0.97,0.02,0.0
delta_ailerons,0.95,100,0.95,0.95,0.0,0.0010020732879638672
delta_ailerons,1.0,100,1.0,1.0,0.0,0.0
delta_ailerons,1.0,100,1.0,0.99,0.01,0.0
delta_ailerons,1.0,100,1.0,1.0,0.0,0.0
delta_ailerons,1.0,100,1.0,0.98,0.02,0.0
delta_ailerons,1.0,100,1.0,1.0,0.0,0.0
delta_ailerons,1.0,100,1.0,1.0,0.0,0.0010001659393310547
delta_ailerons,1.0,100,1.0,1.0,0.0,0.0
delta_ailerons,1.0,100,1.0,0.97,0.03,0.0
delta_ailerons,1.0,100,1.0,1.0,0.0,0.0
delta_ailerons,1.0,100,1.0,1.0,0.0,0.0
electricity-normalized,0.0,100,0.0,0.0,0.0,0.0010061264038085938
electricity-normalized,0.0,100,0.0,0.0,0.0,0.0
electricity-normalized,0.0,100,0.0,0.02,0.02,0.0
electricity-normalized,0.0,100,0.0,0.0,0.0,0.0
electricity-normalized,0.0,100,0.0,0.0,0.0,0.0
electricity-normalized,0.0,100,0.0,0.12,0.12,0.0
electricity-normalized,0.0,100,0.0,0.0,0.0,0.0009932518005371094
electricity-normalized,0.0,100,0.0,0.08,0.08,0.0
electricity-normalized,0.0,100,0.0,0.04,0.04,0.0
electricity-normalized,0.0,100,0.0,0.0,0.0,0.0
electricity-normalized,0.05,100,0.05,0.06,0.01,0.0
electricity-normalized,0.05,100,0.05,0.02,0.03,0.0
electricity-normalized,0.05,100,0.05,0.02,0.03,0.0
electricity-normalized,0.05,100,0.05,0.0,0.05,0.0
electricity-normalized,0.05,100,0.05,0.19,0.14,0.0
electricity-normalized,0.05,100,0.05,0.12,0.07,0.0
electricity-normalized,0.05,100,0.05,0.19,0.14,0.0
electricity-normalized,0.05,100,0.05,0.17,0.12,0.0
electricity-normalized,0.05,100,0.05,0.0,0.05,0.0
electricity-normalized,0.05,100,0.05,0.04,0.01,0.0
electricity-normalized,0.11,100,0.11,0.15,0.04,0.0
electricity-normalized,0.11,100,0.11,0.23,0.12,0.0
electricity-normalized,0.11,100,0.11,0.06,0.05,0.0
electricity-normalized,0.11,100,0.11,0.1,0.01,0.0
electricity-normalized,0.11,100,0.11,0.1,0.01,0.0
electricity-normalized,0.11,100,0.11,0.19,0.08,0.0
electricity-normalized,0.11,100,0.11,0.15,0.04,0.0
electricity-normalized,0.11,100,0.11,0.15,0.04,0.0
electricity-normalized,0.11,100,0.11,0.0,0.11,0.0010836124420166016
electricity-normalized,0.11,100,0.11,0.1,0.01,0.0
electricity-normalized,0.16,100,0.16,0.21,0.05,0.0009906291961669922
electricity-normalized,0.16,100,0.16,0.19,0.03,0.0
electricity-normalized,0.16,100,0.16,0.04,0.12,0.0
electricity-normalized,0.16,100,0.16,0.06,0.1,0.0
electricity-normalized,0.16,100,0.16,0.25,0.09,0.0
electricity-normalized,0.16,100,0.16,0.17,0.01,0.0
electricity-normalized,0.16,100,0.16,0.21,0.05,0.0
electricity-normalized,0.16,100,0.16,0.19,0.03,0.0
electricity-normalized,0.16,100,0.16,0.17,0.01,0.0
electricity-normalized,0.16,100,0.16,0.31,0.15,0.0
electricity-normalized,0.21,100,0.21,0.06,0.15,0.0
electricity-normalized,0.21,100,0.21,0.27,0.06,0.0
electricity-normalized,0.21,100,0.21,0.23,0.02,0.0
electricity-normalized,0.21,100,0.21,0.31,0.1,0.0
electricity-normalized,0.21,100,0.21,0.23,0.02,0.0
electricity-normalized,0.21,100,0.21,0.19,0.02,0.0
electricity-normalized,0.21,100,0.21,0.27,0.06,0.0010080337524414062
electricity-normalized,0.21,100,0.21,0.27,0.06,0.0
electricity-normalized,0.21,100,0.21,0.21,0.0,0.0
electricity-normalized,0.21,100,0.21,0.29,0.08,0.0004911422729492188
electricity-normalized,0.26,100,0.26,0.19,0.07,0.0
electricity-normalized,0.26,100,0.26,0.21,0.05,0.0
electricity-normalized,0.26,100,0.26,0.42,0.16,0.0
electricity-normalized,0.26,100,0.26,0.17,0.09,0.0
electricity-normalized,0.26,100,0.26,0.25,0.01,0.0
electricity-normalized,0.26,100,0.26,0.27,0.01,0.0
electricity-normalized,0.26,100,0.26,0.27,0.01,0.0
electricity-normalized,0.26,100,0.26,0.17,0.09,0.0
electricity-normalized,0.26,100,0.26,0.31,0.05,0.0
electricity-normalized,0.26,100,0.26,0.19,0.07,0.0
electricity-normalized,0.32,100,0.32,0.25,0.07,0.0
electricity-normalized,0.32,100,0.32,0.27,0.05,0.0
electricity-normalized,0.32,100,0.32,0.31,0.01,0.0
electricity-normalized,0.32,100,0.32,0.37,0.05,0.0
electricity-normalized,0.32,100,0.32,0.31,0.01,0.0
electricity-normalized,0.32,100,0.32,0.27,0.05,0.0
electricity-normalized,0.32,100,0.32,0.33,0.01,0.0
electricity-normalized,0.32,100,0.32,0.27,0.05,0.0
electricity-normalized,0.32,100,0.32,0.33,0.01,0.0
electricity-normalized,0.32,100,0.32,0.29,0.03,0.0
electricity-normalized,0.37,100,0.37,0.23,0.14,0.0
electricity-normalized,0.37,100,0.37,0.46,0.09,0.0
electricity-normalized,0.37,100,0.37,0.52,0.15,0.0
electricity-normalized,0.37,100,0.37,0.4,0.03,0.0
electricity-normalized,0.37,100,0.37,0.33,0.04,0.0
electricity-normalized,0.37,100,0.37,0.33,0.04,0.0
electricity-normalized,0.37,100,0.37,0.37,0.0,0.0
electricity-normalized,0.37,100,0.37,0.35,0.02,0.0
electricity-normalized,0.37,100,0.37,0.4,0.03,0.0
electricity-normalized,0.37,100,0.37,0.21,0.16,0.0
electricity-normalized,0.42,100,0.42,0.44,0.02,0.0
electricity-normalized,0.42,100,0.42,0.54,0.12,0.0
electricity-normalized,0.42,100,0.42,0.42,0.0,0.0
electricity-normalized,0.42,100,0.42,0.37,0.05,0.0
electricity-normalized,0.42,100,0.42,0.33,0.09,0.0
electricity-normalized,0.42,100,0.42,0.52,0.1,0.0
electricity-normalized,0.42,100,0.42,0.4,0.02,0.0
electricity-normalized,0.42,100,0.42,0.48,0.06,0.0
electricity-normalized,0.42,100,0.42,0.31,0.11,0.0
electricity-normalized,0.42,100,0.42,0.58,0.16,0.0
electricity-normalized,0.47,100,0.47,0.5,0.03,0.0
electricity-normalized,0.47,100,0.47,0.52,0.05,0.0
electricity-normalized,0.47,100,0.47,0.48,0.01,0.0
electricity-normalized,0.47,100,0.47,0.37,0.1,0.0
electricity-normalized,0.47,100,0.47,0.42,0.05,0.0
electricity-normalized,0.47,100,0.47,0.48,0.01,0.0
electricity-normalized,0.47,100,0.47,0.35,0.12,0.0
electricity-normalized,0.47,100,0.47,0.48,0.01,0.0
electricity-normalized,0.47,100,0.47,0.37,0.1,0.0
electricity-normalized,0.47,100,0.47,0.58,0.11,0.0
electricity-normalized,0.53,100,0.53,0.54,0.01,0.0
electricity-normalized,0.53,100,0.53,0.65,0.12,0.0
electricity-normalized,0.53,100,0.53,0.56,0.03,0.0
electricity-normalized,0.53,100,0.53,0.42,0.11,0.0
electricity-normalized,0.53,100,0.53,0.75,0.22,0.0
electricity-normalized,0.53,100,0.53,0.56,0.03,0.0
electricity-normalized,0.53,100,0.53,0.44,0.09,0.0
electricity-normalized,0.53,100,0.53,0.46,0.07,0.0
electricity-normalized,0.53,100,0.53,0.35,0.18,0.0
electricity-normalized,0.53,100,0.53,0.4,0.13,0.0
electricity-normalized,0.58,100,0.58,0.69,0.11,0.0
electricity-normalized,0.58,100,0.58,0.5,0.08,0.0
electricity-normalized,0.58,100,0.58,0.62,0.04,0.0
electricity-normalized,0.58,100,0.58,0.58,0.0,0.0
electricity-normalized,0.58,100,0.58,0.54,0.04,0.0
electricity-normalized,0.58,100,0.58,0.62,0.04,0.0
electricity-normalized,0.58,100,0.58,0.6,0.02,0.0
electricity-normalized,0.58,100,0.58,0.48,0.1,0.0
electricity-normalized,0.58,100,0.58,0.5,0.08,0.0
electricity-normalized,0.58,100,0.58,0.62,0.04,0.0
electricity-normalized,0.63,100,0.63,0.71,0.08,0.0
electricity-normalized,0.63,100,0.63,0.52,0.11,0.0
electricity-normalized,0.63,100,0.63,0.62,0.01,0.0
electricity-normalized,0.63,100,0.63,0.5,0.13,0.0
electricity-normalized,0.63,100,0.63,0.58,0.05,0.0
electricity-normalized,0.63,100,0.63,0.42,0.21,0.0
electricity-normalized,0.63,100,0.63,0.79,0.16,0.0
electricity-normalized,0.63,100,0.63,0.71,0.08,0.0
electricity-normalized,0.63,100,0.63,0.48,0.15,0.0
electricity-normalized,0.63,100,0.63,0.77,0.14,0.0
electricity-normalized,0.68,100,0.68,0.69,0.01,0.0
electricity-normalized,0.68,100,0.68,0.73,0.05,0.0
electricity-normalized,0.68,100,0.68,0.83,0.15,0.0
electricity-normalized,0.68,100,0.68,0.5,0.18,0.0
electricity-normalized,0.68,100,0.68,0.62,0.06,0.0
electricity-normalized,0.68,100,0.68,0.75,0.07,0.0
electricity-normalized,0.68,100,0.68,0.69,0.01,0.0
electricity-normalized,0.68,100,0.68,0.67,0.01,0.0
electricity-normalized,0.68,100,0.68,0.67,0.01,0.0
electricity-normalized,0.68,100,0.68,0.71,0.03,0.0
electricity-normalized,0.74,100,0.74,0.6,0.14,0.0
electricity-normalized,0.74,100,0.74,0.73,0.01,0.0
electricity-normalized,0.74,100,0.74,0.75,0.01,0.0
electricity-normalized,0.74,100,0.74,0.65,0.09,0.0
electricity-normalized,0.74,100,0.74,0.77,0.03,0.0
electricity-normalized,0.74,100,0.74,0.62,0.12,0.0
electricity-normalized,0.74,100,0.74,0.77,0.03,0.0
electricity-normalized,0.74,100,0.74,0.75,0.01,0.0
electricity-normalized,0.74,100,0.74,0.69,0.05,0.0
electricity-normalized,0.74,100,0.74,0.77,0.03,0.0
electricity-normalized,0.79,100,0.79,0.73,0.06,0.0
electricity-normalized,0.79,100,0.79,0.83,0.04,0.0010042190551757812
electricity-normalized,0.79,100,0.79,0.85,0.06,0.0
electricity-normalized,0.79,100,0.79,0.85,0.06,0.0
electricity-normalized,0.79,100,0.79,0.69,0.1,0.0
electricity-normalized,0.79,100,0.79,0.92,0.13,0.0
electricity-normalized,0.79,100,0.79,0.79,0.0,0.0
electricity-normalized,0.79,100,0.79,0.87,0.08,0.0
electricity-normalized,0.79,100,0.79,0.71,0.08,0.0
electricity-normalized,0.79,100,0.79,0.58,0.21,0.0
electricity-normalized,0.84,100,0.84,0.94,0.1,0.0
electricity-normalized,0.84,100,0.84,0.98,0.14,0.0
electricity-normalized,0.84,100,0.84,0.77,0.07,0.0
electricity-normalized,0.84,100,0.84,0.81,0.03,0.0
electricity-normalized,0.84,100,0.84,1.0,0.16,0.0
electricity-normalized,0.84,100,0.84,0.77,0.07,0.0
electricity-normalized,0.84,100,0.84,0.85,0.01,0.0
electricity-normalized,0.84,100,0.84,0.71,0.13,0.0
electricity-normalized,0.84,100,0.84,0.77,0.07,0.0
electricity-normalized,0.84,100,0.84,0.77,0.07,0.0
electricity-normalized,0.89,100,0.89,0.96,0.07,0.0
electricity-normalized,0.89,100,0.89,0.9,0.01,0.004329681396484375
electricity-normalized,0.89,100,0.89,0.98,0.09,0.0
electricity-normalized,0.89,100,0.89,1.0,0.11,0.0
electricity-normalized,0.89,100,0.89,0.98,0.09,0.0
electricity-normalized,0.89,100,0.89,0.98,0.09,0.0
electricity-normalized,0.89,100,0.89,0.69,0.2,0.0
electricity-normalized,0.89,100,0.89,0.92,0.03,0.0
electricity-normalized,0.89,100,0.89,0.92,0.03,0.0
electricity-normalized,0.89,100,0.89,0.85,0.04,0.0
electricity-normalized,0.95,100,0.95,0.87,0.08,0.0
electricity-normalized,0.95,100,0.95,0.94,0.01,0.0
electricity-normalized,0.95,100,0.95,0.94,0.01,0.0
electricity-normalized,0.95,100,0.95,0.9,0.05,0.0
electricity-normalized,0.95,100,0.95,1.0,0.05,0.0
electricity-normalized,0.95,100,0.95,1.0,0.05,0.0
electricity-normalized,0.95,100,0.95,0.94,0.01,0.0
electricity-normalized,0.95,100,0.95,1.0,0.05,0.0
electricity-normalized,0.95,100,0.95,0.98,0.03,0.0009849071502685547
electricity-normalized,0.95,100,0.95,1.0,0.05,0.0
electricity-normalized,1.0,100,1.0,1.0,0.0,0.0009186267852783203
electricity-normalized,1.0,100,1.0,1.0,0.0,0.0
electricity-normalized,1.0,100,1.0,0.96,0.04,0.0
electricity-normalized,1.0,100,1.0,1.0,0.0,0.0
electricity-normalized,1.0,100,1.0,0.94,0.06,0.0
electricity-normalized,1.0,100,1.0,0.9,0.1,0.0
electricity-normalized,1.0,100,1.0,0.94,0.06,0.0
electricity-normalized,1.0,100,1.0,0.77,0.23,0.0
electricity-normalized,1.0,100,1.0,0.98,0.02,0.0
electricity-normalized,1.0,100,1.0,1.0,0.0,0.0
elevators,0.0,100,0.0,0.05,0.05,0.0
elevators,0.0,100,0.0,0.0,0.0,0.0
elevators,0.0,100,0.0,0.0,0.0,0.0
elevators,0.0,100,0.0,0.0,0.0,0.0
elevators,0.0,100,0.0,0.0,0.0,0.0
elevators,0.0,100,0.0,0.08,0.08,0.0
elevators,0.0,100,0.0,0.01,0.01,0.0
elevators,0.0,100,0.0,0.0,0.0,0.0
elevators,0.0,100,0.0,0.03,0.03,0.0
elevators,0.0,100,0.0,0.04,0.04,0.0
elevators,0.05,100,0.05,0.0,0.05,0.0
elevators,0.05,100,0.05,0.14,0.09,0.0
elevators,0.05,100,0.05,0.05,0.0,0.0
elevators,0.05,100,0.05,0.01,0.04,0.0
elevators,0.05,100,0.05,0.14,0.09,0.0
elevators,0.05,100,0.05,0.05,0.0,0.0
elevators,0.05,100,0.05,0.07,0.02,0.01562786102294922
elevators,0.05,100,0.05,0.0,0.05,0.0
elevators,0.05,100,0.05,0.03,0.02,0.0
elevators,0.05,100,0.05,0.0,0.05,0.0
elevators,0.11,100,0.11,0.04,0.07,0.0
elevators,0.11,100,0.11,0.18,0.07,0.0
elevators,0.11,100,0.11,0.08,0.03,0.0
elevators,0.11,100,0.11,0.19,0.08,0.0
elevators,0.11,100,0.11,0.14,0.03,0.0
elevators,0.11,100,0.11,0.04,0.07,0.0
elevators,0.11,100,0.11,0.15,0.04,0.0
elevators,0.11,100,0.11,0.16,0.05,0.0
elevators,0.11,100,0.11,0.14,0.03,0.0
elevators,0.11,100,0.11,0.01,0.1,0.0
elevators,0.16,100,0.16,0.18,0.02,0.0
elevators,0.16,100,0.16,0.04,0.12,0.015623331069946289
elevators,0.16,100,0.16,0.15,0.01,0.0
elevators,0.16,100,0.16,0.14,0.02,0.0
elevators,0.16,100,0.16,0.22,0.06,0.0
elevators,0.16,100,0.16,0.18,0.02,0.0
elevators,0.16,100,0.16,0.11,0.05,0.0
elevators,0.16,100,0.16,0.11,0.05,0.0
elevators,0.16,100,0.16,0.16,0.0,0.0
elevators,0.16,100,0.16,0.18,0.02,0.0
elevators,0.21,100,0.21,0.2,0.01,0.01562666893005371
elevators,0.21,100,0.21,0.2,0.01,0.0
elevators,0.21,100,0.21,0.18,0.03,0.0
elevators,0.21,100,0.21,0.19,0.02,0.0
elevators,0.21,100,0.21,0.2,0.01,0.0
elevators,0.21,100,0.21,0.2,0.01,0.0
elevators,0.21,100,0.21,0.16,0.05,0.0
elevators,0.21,100,0.21,0.18,0.03,0.0
elevators,0.21,100,0.21,0.15,0.06,0.0
elevators,0.21,100,0.21,0.15,0.06,0.0
elevators,0.26,100,0.26,0.18,0.08,0.0
elevators,0.26,100,0.26,0.2,0.06,0.0
elevators,0.26,100,0.26,0.28,0.02,0.0
elevators,0.26,100,0.26,0.2,0.06,0.0
elevators,0.26,100,0.26,0.27,0.01,0.0
elevators,0.26,100,0.26,0.3,0.04,0.0
elevators,0.26,100,0.26,0.22,0.04,0.0
elevators,0.26,100,0.26,0.22,0.04,0.0
elevators,0.26,100,0.26,0.31,0.05,0.0
elevators,0.26,100,0.26,0.24,0.02,0.0
elevators,0.32,100,0.32,0.22,0.1,0.01571798324584961
elevators,0.32,100,0.32,0.38,0.06,0.0
elevators,0.32,100,0.32,0.35,0.03,0.0
elevators,0.32,100,0.32,0.24,0.08,0.0
elevators,0.32,100,0.32,0.32,0.0,0.0
elevators,0.32,100,0.32,0.38,0.06,0.0
elevators,0.32,100,0.32,0.35,0.03,0.0
elevators,0.32,100,0.32,0.39,0.07,0.0
elevators,0.32,100,0.32,0.41,0.09,0.0
elevators,0.32,100,0.32,0.32,0.0,0.0
elevators,0.37,100,0.37,0.31,0.06,0.0
elevators,0.37,100,0.37,0.36,0.01,0.0
elevators,0.37,100,0.37,0.38,0.01,0.0
elevators,0.37,100,0.37,0.46,0.09,0.0
elevators,0.37,100,0.37,0.35,0.02,0.0
elevators,0.37,100,0.37,0.42,0.05,0.0
elevators,0.37,100,0.37,0.28,0.09,0.0
elevators,0.37,100,0.37,0.39,0.02,0.0
elevators,0.37,100,0.37,0.39,0.02,0.0
elevators,0.37,100,0.37,0.41,0.04,0.0
elevators,0.42,100,0.42,0.46,0.04,0.0
elevators,0.42,100,0.42,0.45,0.03,0.0
elevators,0.42,100,0.42,0.45,0.03,0.0
elevators,0.42,100,0.42,0.38,0.04,0.0
elevators,0.42,100,0.42,0.31,0.11,0.0
elevators,0.42,100,0.42,0.42,0.0,0.0
elevators,0.42,100,0.42,0.49,0.07,0.0
elevators,0.42,100,0.42,0.42,0.0,0.0
elevators,0.42,100,0.42,0.45,0.03,0.0
elevators,0.42,100,0.42,0.45,0.03,0.0
elevators,0.47,100,0.47,0.45,0.02,0.0
elevators,0.47,100,0.47,0.42,0.05,0.0
elevators,0.47,100,0.47,0.45,0.02,0.0
elevators,0.47,100,0.47,0.51,0.04,0.0
elevators,0.47,100,0.47,0.53,0.06,0.0007717609405517578
elevators,0.47,100,0.47,0.41,0.06,0.0
elevators,0.47,100,0.47,0.5,0.03,0.0
elevators,0.47,100,0.47,0.47,0.0,0.0
elevators,0.47,100,0.47,0.53,0.06,0.0
elevators,0.47,100,0.47,0.53,0.06,0.0
elevators,0.53,100,0.53,0.55,0.02,0.0
elevators,0.53,100,0.53,0.51,0.02,0.0
elevators,0.53,100,0.53,0.53,0.0,0.0
elevators,0.53,100,0.53,0.54,0.01,0.0
elevators,0.53,100,0.53,0.55,0.02,0.0
elevators,0.53,100,0.53,0.49,0.04,0.0
elevators,0.53,100,0.53,0.54,0.01,0.0
elevators,0.53,100,0.53,0.54,0.01,0.0
elevators,0.53,100,0.53,0.55,0.02,0.0
elevators,0.53,100,0.53,0.49,0.04,0.0
elevators,0.58,100,0.58,0.66,0.08,0.0
elevators,0.58,100,0.58,0.54,0.04,0.0
elevators,0.58,100,0.58,0.58,0.0,0.0
elevators,0.58,100,0.58,0.64,0.06,0.0
elevators,0.58,100,0.58,0.57,0.01,0.0
elevators,0.58,100,0.58,0.66,0.08,0.0
elevators,0.58,100,0.58,0.51,0.07,0.0
elevators,0.58,100,0.58,0.53,0.05,0.0
elevators,0.58,100,0.58,0.54,0.04,0.0
elevators,0.58,100,0.58,0.55,0.03,0.0
elevators,0.63,100,0.63,0.55,0.08,0.0
elevators,0.63,100,0.63,0.58,0.05,0.0
elevators,0.63,100,0.63,0.66,0.03,0.0
elevators,0.63,100,0.63,0.64,0.01,0.0
elevators,0.63,100,0.63,0.61,0.02,0.0
elevators,0.63,100,0.63,0.54,0.09,0.0
elevators,0.63,100,0.63,0.65,0.02,0.0
elevators,0.63,100,0.63,0.57,0.06,0.0
elevators,0.63,100,0.63,0.61,0.02,0.0
elevators,0.63,100,0.63,0.68,0.05,0.0
elevators,0.68,100,0.68,0.62,0.06,0.0
elevators,0.68,100,0.68,0.66,0.02,0.0
elevators,0.68,100,0.68,0.72,0.04,0.0
elevators,0.68,100,0.68,0.68,0.0,0.0
elevators,0.68,100,0.68,0.66,0.02,0.0
elevators,0.68,100,0.68,0.68,0.0,0.0
elevators,0.68,100,0.68,0.68,0.0,0.0
elevators,0.68,100,0.68,0.59,0.09,0.0
elevators,0.68,100,0.68,0.58,0.1,0.0
elevators,0.68,100,0.68,0.72,0.04,0.0
elevators,0.74,100,0.74,0.77,0.03,0.0
elevators,0.74,100,0.74,0.8,0.06,0.0
elevators,0.74,100,0.74,0.72,0.02,0.0
elevators,0.74,100,0.74,0.76,0.02,0.0
elevators,0.74,100,0.74,0.72,0.02,0.0
elevators,0.74,100,0.74,0.7,0.04,0.0
elevators,0.74,100,0.74,0.69,0.05,0.0
elevators,0.74,100,0.74,0.73,0.01,0.0
elevators,0.74,100,0.74,0.78,0.04,0.0
elevators,0.74,100,0.74,0.74,0.0,0.0
elevators,0.79,100,0.79,0.84,0.05,0.0
elevators,0.79,100,0.79,0.81,0.02,0.0
elevators,0.79,100,0.79,0.8,0.01,0.0
elevators,0.79,100,0.79,0.89,0.1,0.0
elevators,0.79,100,0.79,0.84,0.05,0.0
elevators,0.79,100,0.79,0.81,0.02,0.0
elevators,0.79,100,0.79,0.86,0.07,0.0
elevators,0.79,100,0.79,0.7,0.09,0.0
elevators,0.79,100,0.79,0.76,0.03,0.0
elevators,0.79,100,0.79,0.77,0.02,0.015711069107055664
elevators,0.84,100,0.84,0.88,0.04,0.0
elevators,0.84,100,0.84,0.85,0.01,0.0
elevators,0.84,100,0.84,0.86,0.02,0.0
elevators,0.84,100,0.84,0.82,0.02,0.0
elevators,0.84,100,0.84,0.93,0.09,0.0
elevators,0.84,100,0.84,0.82,0.02,0.0
elevators,0.84,100,0.84,0.85,0.01,0.0
elevators,0.84,100,0.84,0.85,0.01,0.0
elevators,0.84,100,0.84,0.86,0.02,0.0
elevators,0.84,100,0.84,0.86,0.02,0.0
elevators,0.89,100,0.89,0.86,0.03,0.0
elevators,0.89,100,0.89,0.89,0.0,0.0
elevators,0.89,100,0.89,0.91,0.02,0.0
elevators,0.89,100,0.89,0.93,0.04,0.0
elevators,0.89,100,0.89,0.89,0.0,0.0
elevators,0.89,100,0.89,0.89,0.0,0.0
elevators,0.89,100,0.89,0.85,0.04,0.0
elevators,0.89,100,0.89,0.93,0.04,0.0
elevators,0.89,100,0.89,0.89,0.0,0.0
elevators,0.89,100,0.89,0.88,0.01,0.0
elevators,0.95,100,0.95,0.93,0.02,0.0
elevators,0.95,100,0.95,0.99,0.04,0.0
elevators,0.95,100,0.95,0.95,0.0,0.0
elevators,0.95,100,0.95,0.95,0.0,0.0
elevators,0.95,100,0.95,0.95,0.0,0.0
elevators,0.95,100,0.95,0.95,0.0,0.0
elevators,0.95,100,0.95,0.88,0.07,0.0
elevators,0.95,100,0.95,1.0,0.05,0.0
elevators,0.95,100,0.95,0.91,0.04,0.0
elevators,0.95,100,0.95,0.95,0.0,0.0
elevators,1.0,100,1.0,0.97,0.03,0.0
elevators,1.0,100,1.0,0.99,0.01,0.0
elevators,1.0,100,1.0,0.96,0.04,0.0
elevators,1.0,100,1.0,0.96,0.04,0.0
elevators,1.0,100,1.0,0.96,0.04,0.0
elevators,1.0,100,1.0,0.99,0.01,0.0
elevators,1.0,100,1.0,0.95,0.05,0.0
elevators,1.0,100,1.0,0.95,0.05,0.0
elevators,1.0,100,1.0,1.0,0.0,0.015629291534423828
elevators,1.0,100,1.0,0.99,0.01,0.0
file79b563a1a18,0.0,100,0.0,0.2,0.2,0.0
file79b563a1a18,0.0,100,0.0,0.1,0.1,0.0
file79b563a1a18,0.0,100,0.0,0.0,0.0,0.0
file79b563a1a18,0.0,100,0.0,0.05,0.05,0.0
file79b563a1a18,0.0,100,0.0,0.22,0.22,0.0010752677917480469
file79b563a1a18,0.0,100,0.0,0.15,0.15,0.0
file79b563a1a18,0.0,100,0.0,0.19,0.19,0.0
file79b563a1a18,0.0,100,0.0,0.08,0.08,0.0
file79b563a1a18,0.0,100,0.0,0.22,0.22,0.0
file79b563a1a18,0.0,100,0.0,0.1,0.1,0.0
file79b563a1a18,0.05,100,0.05,0.22,0.17,0.0
file79b563a1a18,0.05,100,0.05,0.17,0.12,0.0
file79b563a1a18,0.05,100,0.05,0.22,0.17,0.0
file79b563a1a18,0.05,100,0.05,0.1,0.05,0.0
file79b563a1a18,0.05,100,0.05,0.14,0.09,0.0
file79b563a1a18,0.05,100,0.05,0.07,0.02,0.0
file79b563a1a18,0.05,100,0.05,0.14,0.09,0.0
file79b563a1a18,0.05,100,0.05,0.14,0.09,0.0
file79b563a1a18,0.05,100,0.05,0.17,0.12,0.0
file79b563a1a18,0.05,100,0.05,0.14,0.09,0.0
file79b563a1a18,0.11,100,0.11,0.14,0.03,0.0
file79b563a1a18,0.11,100,0.11,0.24,0.13,0.0
file79b563a1a18,0.11,100,0.11,0.14,0.03,0.0
file79b563a1a18,0.11,100,0.11,0.27,0.16,0.0
file79b563a1a18,0.11,100,0.11,0.07,0.04,0.0
file79b563a1a18,0.11,100,0.11,0.24,0.13,0.0
file79b563a1a18,0.11,100,0.11,0.24,0.13,0.0
file79b563a1a18,0.11,100,0.11,0.15,0.04,0.0
file79b563a1a18,0.11,100,0.11,0.14,0.03,0.0
file79b563a1a18,0.11,100,0.11,0.22,0.11,0.0
file79b563a1a18,0.16,100,0.16,0.17,0.01,0.0
file79b563a1a18,0.16,100,0.16,0.19,0.03,0.0
file79b563a1a18,0.16,100,0.16,0.36,0.2,0.0
file79b563a1a18,0.16,100,0.16,0.25,0.09,0.0
file79b563a1a18,0.16,100,0.16,0.17,0.01,0.0
file79b563a1a18,0.16,100,0.16,0.29,0.13,0.0
file79b563a1a18,0.16,100,0.16,0.2,0.04,0.0
file79b563a1a18,0.16,100,0.16,0.17,0.01,0.0
file79b563a1a18,0.16,100,0.16,0.14,0.02,0.0
file79b563a1a18,0.16,100,0.16,0.2,0.04,0.0
file79b563a1a18,0.21,100,0.21,0.36,0.15,0.0
file79b563a1a18,0.21,100,0.21,0.25,0.04,0.0
file79b563a1a18,0.21,100,0.21,0.25,0.04,0.0
file79b563a1a18,0.21,100,0.21,0.15,0.06,0.0
file79b563a1a18,0.21,100,0.21,0.24,0.03,0.0
file79b563a1a18,0.21,100,0.21,0.29,0.08,0.0
file79b563a1a18,0.21,100,0.21,0.29,0.08,0.0
file79b563a1a18,0.21,100,0.21,0.31,0.1,0.0
file79b563a1a18,0.21,100,0.21,0.31,0.1,0.0
file79b563a1a18,0.21,100,0.21,0.17,0.04,0.0
file79b563a1a18,0.26,100,0.26,0.32,0.06,0.0
file79b563a1a18,0.26,100,0.26,0.44,0.18,0.0
file79b563a1a18,0.26,100,0.26,0.32,0.06,0.0
file79b563a1a18,0.26,100,0.26,0.27,0.01,0.0
file79b563a1a18,0.26,100,0.26,0.24,0.02,0.0
file79b563a1a18,0.26,100,0.26,0.25,0.01,0.0
file79b563a1a18,0.26,100,0.26,0.34,0.08,0.0
file79b563a1a18,0.26,100,0.26,0.27,0.01,0.0
file79b563a1a18,0.26,100,0.26,0.32,0.06,0.0
file79b563a1a18,0.26,100,0.26,0.34,0.08,0.0
file79b563a1a18,0.32,100,0.32,0.44,0.12,0.0
file79b563a1a18,0.32,100,0.32,0.44,0.12,0.0
file79b563a1a18,0.32,100,0.32,0.36,0.04,0.0
file79b563a1a18,0.32,100,0.32,0.36,0.04,0.0
file79b563a1a18,0.32,100,0.32,0.32,0.0,0.0
file79b563a1a18,0.32,100,0.32,0.49,0.17,0.0
file79b563a1a18,0.32,100,0.32,0.34,0.02,0.0
file79b563a1a18,0.32,100,0.32,0.51,0.19,0.0
file79b563a1a18,0.32,100,0.32,0.47,0.15,0.0
file79b563a1a18,0.32,100,0.32,0.32,0.0,0.0
file79b563a1a18,0.37,100,0.37,0.49,0.12,0.0
file79b563a1a18,0.37,100,0.37,0.46,0.09,0.0
file79b563a1a18,0.37,100,0.37,0.41,0.04,0.0
file79b563a1a18,0.37,100,0.37,0.47,0.1,0.0
file79b563a1a18,0.37,100,0.37,0.42,0.05,0.0
file79b563a1a18,0.37,100,0.37,0.44,0.07,0.0
file79b563a1a18,0.37,100,0.37,0.39,0.02,0.0
file79b563a1a18,0.37,100,0.37,0.31,0.06,0.0
file79b563a1a18,0.37,100,0.37,0.32,0.05,0.0
file79b563a1a18,0.37,100,0.37,0.46,0.09,0.0
file79b563a1a18,0.42,100,0.42,0.56,0.14,0.0
file79b563a1a18,0.42,100,0.42,0.54,0.12,0.0
file79b563a1a18,0.42,100,0.42,0.54,0.12,0.0
file79b563a1a18,0.42,100,0.42,0.37,0.05,0.0
file79b563a1a18,0.42,100,0.42,0.46,0.04,0.0
file79b563a1a18,0.42,100,0.42,0.46,0.04,0.0
file79b563a1a18,0.42,100,0.42,0.39,0.03,0.0
file79b563a1a18,0.42,100,0.42,0.53,0.11,0.0
file79b563a1a18,0.42,100,0.42,0.42,0.0,0.0
file79b563a1a18,0.42,100,0.42,0.41,0.01,0.0
file79b563a1a18,0.47,100,0.47,0.42,0.05,0.0
file79b563a1a18,0.47,100,0.47,0.54,0.07,0.0
file79b563a1a18,0.47,100,0.47,0.49,0.02,0.0
file79b563a1a18,0.47,100,0.47,0.54,0.07,0.0
file79b563a1a18,0.47,100,0.47,0.51,0.04,0.0
file79b563a1a18,0.47,100,0.47,0.41,0.06,0.0
file79b563a1a18,0.47,100,0.47,0.46,0.01,0.0
file79b563a1a18,0.47,100,0.47,0.54,0.07,0.0
file79b563a1a18,0.47,100,0.47,0.44,0.03,0.0
file79b563a1a18,0.47,100,0.47,0.59,0.12,0.0
file79b563a1a18,0.53,100,0.53,0.71,0.18,0.0008771419525146484
file79b563a1a18,0.53,100,0.53,0.64,0.11,0.0
file79b563a1a18,0.53,100,0.53,0.56,0.03,0.0
file79b563a1a18,0.53,100,0.53,0.53,0.0,0.0
file79b563a1a18,0.53,100,0.53,0.51,0.02,0.0
file79b563a1a18,0.53,100,0.53,0.54,0.01,0.0
file79b563a1a18,0.53,100,0.53,0.51,0.02,0.0
file79b563a1a18,0.53,100,0.53,0.47,0.06,0.0
file79b563a1a18,0.53,100,0.53,0.58,0.05,0.0
file79b563a1a18,0.53,100,0.53,0.47,0.06,0.0
file79b563a1a18,0.58,100,0.58,0.63,0.05,0.0
file79b563a1a18,0.58,100,0.58,0.54,0.04,0.0
file79b563a1a18,0.58,100,0.58,0.73,0.15,0.0
file79b563a1a18,0.58,100,0.58,0.63,0.05,0.0
file79b563a1a18,0.58,100,0.58,0.58,0.0,0.0
file79b563a1a18,0.58,100,0.58,0.63,0.05,0.0
file79b563a1a18,0.58,100,0.58,0.64,0.06,0.0
file79b563a1a18,0.58,100,0.58,0.54,0.04,0.0
file79b563a1a18,0.58,100,0.58,0.68,0.1,0.0
file79b563a1a18,0.58,100,0.58,0.54,0.04,0.0
file79b563a1a18,0.63,100,0.63,0.73,0.1,0.0
file79b563a1a18,0.63,100,0.63,0.58,0.05,0.0
file79b563a1a18,0.63,100,0.63,0.66,0.03,0.0
file79b563a1a18,0.63,100,0.63,0.71,0.08,0.0
file79b563a1a18,0.63,100,0.63,0.76,0.13,0.0
file79b563a1a18,0.63,100,0.63,0.56,0.07,0.0
file79b563a1a18,0.63,100,0.63,0.59,0.04,0.0
file79b563a1a18,0.63,100,0.63,0.61,0.02,0.0
file79b563a1a18,0.63,100,0.63,0.59,0.04,0.0
file79b563a1a18,0.63,100,0.63,0.63,0.0,0.0
file79b563a1a18,0.68,100,0.68,0.66,0.02,0.0
file79b563a1a18,0.68,100,0.68,0.66,0.02,0.0
file79b563a1a18,0.68,100,0.68,0.71,0.03,0.0
file79b563a1a18,0.68,100,0.68,0.69,0.01,0.0
file79b563a1a18,0.68,100,0.68,0.68,0.0,0.0
file79b563a1a18,0.68,100,0.68,0.75,0.07,0.0
file79b563a1a18,0.68,100,0.68,0.66,0.02,0.0010030269622802734
file79b563a1a18,0.68,100,0.68,0.73,0.05,0.0
file79b563a1a18,0.68,100,0.68,0.68,0.0,0.0
file79b563a1a18,0.68,100,0.68,0.64,0.04,0.0
file79b563a1a18,0.74,100,0.74,0.78,0.04,0.0
file79b563a1a18,0.74,100,0.74,0.73,0.01,0.0
file79b563a1a18,0.74,100,0.74,0.76,0.02,0.0
file79b563a1a18,0.74,100,0.74,0.68,0.06,0.0
file79b563a1a18,0.74,100,0.74,0.75,0.01,0.0
file79b563a1a18,0.74,100,0.74,0.75,0.01,0.0
file79b563a1a18,0.74,100,0.74,0.76,0.02,0.0
file79b563a1a18,0.74,100,0.74,0.68,0.06,0.0
file79b563a1a18,0.74,100,0.74,0.75,0.01,0.0010912418365478516
file79b563a1a18,0.74,100,0.74,0.61,0.13,0.0
file79b563a1a18,0.79,100,0.79,0.73,0.06,0.0
file79b563a1a18,0.79,100,0.79,0.78,0.01,0.0
file79b563a1a18,0.79,100,0.79,0.92,0.13,0.0
file79b563a1a18,0.79,100,0.79,0.85,0.06,0.0
file79b563a1a18,0.79,100,0.79,0.76,0.03,0.0
file79b563a1a18,0.79,100,0.79,0.69,0.1,0.0
file79b563a1a18,0.79,100,0.79,0.71,0.08,0.0
file79b563a1a18,0.79,100,0.79,0.76,0.03,0.0
file79b563a1a18,0.79,100,0.79,0.81,0.02,0.0
file79b563a1a18,0.79,100,0.79,0.9,0.11,0.0
file79b563a1a18,0.84,100,0.84,0.86,0.02,0.0
file79b563a1a18,0.84,100,0.84,0.8,0.04,0.0
file79b563a1a18,0.84,100,0.84,0.85,0.01,0.0
file79b563a1a18,0.84,100,0.84,0.73,0.11,0.0
file79b563a1a18,0.84,100,0.84,0.92,0.08,0.0
file79b563a1a18,0.84,100,0.84,0.78,0.06,0.0
file79b563a1a18,0.84,100,0.84,0.93,0.09,0.0
file79b563a1a18,0.84,100,0.84,0.85,0.01,0.0
file79b563a1a18,0.84,100,0.84,0.8,0.04,0.0
file79b563a1a18,0.84,100,0.84,0.85,0.01,0.0
file79b563a1a18,0.89,100,0.89,0.85,0.04,0.0
file79b563a1a18,0.89,100,0.89,0.88,0.01,0.0
file79b563a1a18,0.89,100,0.89,0.85,0.04,0.0
file79b563a1a18,0.89,100,0.89,0.93,0.04,0.0
file79b563a1a18,0.89,100,0.89,0.78,0.11,0.0
file79b563a1a18,0.89,100,0.89,0.81,0.08,0.0
file79b563a1a18,0.89,100,0.89,0.85,0.04,0.0
file79b563a1a18,0.89,100,0.89,0.81,0.08,0.0
file79b563a1a18,0.89,100,0.89,0.9,0.01,0.0
file79b563a1a18,0.89,100,0.89,0.95,0.06,0.0
file79b563a1a18,0.95,100,0.95,0.97,0.02,0.0
file79b563a1a18,0.95,100,0.95,0.9,0.05,0.0010809898376464844
file79b563a1a18,0.95,100,0.95,0.92,0.03,0.0
file79b563a1a18,0.95,100,0.95,1.0,0.05,0.0
file79b563a1a18,0.95,100,0.95,0.93,0.02,0.0
file79b563a1a18,0.95,100,0.95,0.93,0.02,0.0
file79b563a1a18,0.95,100,0.95,0.92,0.03,0.008085489273071289
file79b563a1a18,0.95,100,0.95,0.98,0.03,0.0
file79b563a1a18,0.95,100,0.95,1.0,0.05,0.0
file79b563a1a18,0.95,100,0.95,0.95,0.0,0.0
file79b563a1a18,1.0,100,1.0,0.93,0.07,0.0
file79b563a1a18,1.0,100,1.0,1.0,0.0,0.0
file79b563a1a18,1.0,100,1.0,0.97,0.03,0.0
file79b563a1a18,1.0,100,1.0,0.92,0.08,0.0
file79b563a1a18,1.0,100,1.0,0.86,0.14,0.0
file79b563a1a18,1.0,100,1.0,0.97,0.03,0.0
file79b563a1a18,1.0,100,1.0,1.0,0.0,0.0
file79b563a1a18,1.0,100,1.0,1.0,0.0,0.0
file79b563a1a18,1.0,100,1.0,0.93,0.07,0.0
file79b563a1a18,1.0,100,1.0,0.97,0.03,0.0
fried,0.0,100,0.0,0.01,0.01,0.01571035385131836
fried,0.0,100,0.0,0.0,0.0,0.0
fried,0.0,100,0.0,0.0,0.0,0.0
fried,0.0,100,0.0,0.03,0.03,0.0
fried,0.0,100,0.0,0.04,0.04,0.01562666893005371
fried,0.0,100,0.0,0.0,0.0,0.0
fried,0.0,100,0.0,0.0,0.0,0.0
fried,0.0,100,0.0,0.0,0.0,0.0
fried,0.0,100,0.0,0.01,0.01,0.0
fried,0.0,100,0.0,0.0,0.0,0.0
fried,0.05,100,0.05,0.15,0.1,0.0
fried,0.05,100,0.05,0.07,0.02,0.0
fried,0.05,100,0.05,0.09,0.04,0.0
fried,0.05,100,0.05,0.03,0.02,0.0
fried,0.05,100,0.05,0.12,0.07,0.0
fried,0.05,100,0.05,0.03,0.02,0.0
fried,0.05,100,0.05,0.06,0.01,0.0
fried,0.05,100,0.05,0.03,0.02,0.0
fried,0.05,100,0.05,0.04,0.01,0.0
fried,0.05,100,0.05,0.04,0.01,0.0
fried,0.11,100,0.11,0.16,0.05,0.0
fried,0.11,100,0.11,0.1,0.01,0.0
fried,0.11,100,0.11,0.13,0.02,0.0
fried,0.11,100,0.11,0.09,0.02,0.0
fried,0.11,100,0.11,0.18,0.07,0.0
fried,0.11,100,0.11,0.03,0.08,0.0
fried,0.11,100,0.11,0.19,0.08,0.0
fried,0.11,100,0.11,0.21,0.1,0.0
fried,0.11,100,0.11,0.19,0.08,0.0
fried,0.11,100,0.11,0.22,0.11,0.0
fried,0.16,100,0.16,0.18,0.02,0.0
fried,0.16,100,0.16,0.21,0.05,0.0
fried,0.16,100,0.16,0.13,0.03,0.0
fried,0.16,100,0.16,0.21,0.05,0.0
fried,0.16,100,0.16,0.16,0.0,0.0
fried,0.16,100,0.16,0.12,0.04,0.0
fried,0.16,100,0.16,0.13,0.03,0.0
fried,0.16,100,0.16,0.22,0.06,0.0
fried,0.16,100,0.16,0.12,0.04,0.0
fried,0.16,100,0.16,0.12,0.04,0.0
fried,0.21,100,0.21,0.1,0.11,0.0
fried,0.21,100,0.21,0.21,0.0,0.0
fried,0.21,100,0.21,0.12,0.09,0.0
fried,0.21,100,0.21,0.32,0.11,0.0
fried,0.21,100,0.21,0.22,0.01,0.0
fried,0.21,100,0.21,0.28,0.07,0.0
fried,0.21,100,0.21,0.22,0.01,0.0
fried,0.21,100,0.21,0.24,0.03,0.0
fried,0.21,100,0.21,0.21,0.0,0.0
fried,0.21,100,0.21,0.26,0.05,0.0
fried,0.26,100,0.26,0.28,0.02,0.0
fried,0.26,100,0.26,0.24,0.02,0.0
fried,0.26,100,0.26,0.22,0.04,0.0
fried,0.26,100,0.26,0.24,0.02,0.0
fried,0.26,100,0.26,0.29,0.03,0.0
fried,0.26,100,0.26,0.25,0.01,0.0
fried,0.26,100,0.26,0.28,0.02,0.0
fried,0.26,100,0.26,0.28,0.02,0.0
fried,0.26,100,0.26,0.31,0.05,0.0
fried,0.26,100,0.26,0.31,0.05,0.0
fried,0.32,100,0.32,0.41,0.09,0.0
fried,0.32,100,0.32,0.37,0.05,0.0
fried,0.32,100,0.32,0.35,0.03,0.0
fried,0.32,100,0.32,0.35,0.03,0.0
fried,0.32,100,0.32,0.22,0.1,0.0
fried,0.32,100,0.32,0.31,0.01,0.0
fried,0.32,100,0.32,0.29,0.03,0.0
fried,0.32,100,0.32,0.34,0.02,0.0
fried,0.32,100,0.32,0.31,0.01,0.0
fried,0.32,100,0.32,0.28,0.04,0.0
fried,0.37,100,0.37,0.41,0.04,0.0
fried,0.37,100,0.37,0.46,0.09,0.0
fried,0.37,100,0.37,0.32,0.05,0.0
fried,0.37,100,0.37,0.29,0.08,0.0
fried,0.37,100,0.37,0.35,0.02,0.0
fried,0.37,100,0.37,0.32,0.05,0.0
fried,0.37,100,0.37,0.38,0.01,0.0
fried,0.37,100,0.37,0.37,0.0,0.0
fried,0.37,100,0.37,0.4,0.03,0.0
fried,0.37,100,0.37,0.43,0.06,0.0
fried,0.42,100,0.42,0.5,0.08,0.0
fried,0.42,100,0.42,0.46,0.04,0.0
fried,0.42,100,0.42,0.43,0.01,0.0010838508605957031
fried,0.42,100,0.42,0.46,0.04,0.0
fried,0.42,100,0.42,0.47,0.05,0.0
fried,0.42,100,0.42,0.4,0.02,0.0
fried,0.42,100,0.42,0.44,0.02,0.0
fried,0.42,100,0.42,0.43,0.01,0.0
fried,0.42,100,0.42,0.43,0.01,0.0
fried,0.42,100,0.42,0.47,0.05,0.0
fried,0.47,100,0.47,0.51,0.04,0.0
fried,0.47,100,0.47,0.49,0.02,0.0
fried,0.47,100,0.47,0.54,0.07,0.0
fried,0.47,100,0.47,0.47,0.0,0.0
fried,0.47,100,0.47,0.41,0.06,0.0010371208190917969
fried,0.47,100,0.47,0.49,0.02,0.0
fried,0.47,100,0.47,0.43,0.04,0.0
fried,0.47,100,0.47,0.44,0.03,0.0
fried,0.47,100,0.47,0.54,0.07,0.0
fried,0.47,100,0.47,0.53,0.06,0.0
fried,0.53,100,0.53,0.57,0.04,0.0
fried,0.53,100,0.53,0.54,0.01,0.0
fried,0.53,100,0.53,0.56,0.03,0.0
fried,0.53,100,0.53,0.54,0.01,0.0
fried,0.53,100,0.53,0.49,0.04,0.0
fried,0.53,100,0.53,0.54,0.01,0.0
fried,0.53,100,0.53,0.63,0.1,0.0
fried,0.53,100,0.53,0.49,0.04,0.0
fried,0.53,100,0.53,0.47,0.06,0.0
fried,0.53,100,0.53,0.54,0.01,0.0
fried,0.58,100,0.58,0.65,0.07,0.0
fried,0.58,100,0.58,0.71,0.13,0.0
fried,0.58,100,0.58,0.66,0.08,0.0
fried,0.58,100,0.58,0.66,0.08,0.0
fried,0.58,100,0.58,0.47,0.11,0.0
fried,0.58,100,0.58,0.49,0.09,0.0
fried,0.58,100,0.58,0.54,0.04,0.0
fried,0.58,100,0.58,0.53,0.05,0.0
fried,0.58,100,0.58,0.51,0.07,0.0
fried,0.58,100,0.58,0.49,0.09,0.0
fried,0.63,100,0.63,0.66,0.03,0.0
fried,0.63,100,0.63,0.59,0.04,0.0
fried,0.63,100,0.63,0.63,0.0,0.0
fried,0.63,100,0.63,0.65,0.02,0.0
fried,0.63,100,0.63,0.62,0.01,0.0
fried,0.63,100,0.63,0.74,0.11,0.0
fried,0.63,100,0.63,0.63,0.0,0.0
fried,0.63,100,0.63,0.66,0.03,0.0
fried,0.63,100,0.63,0.68,0.05,0.0
fried,0.63,100,0.63,0.72,0.09,0.0
fried,0.68,100,0.68,0.57,0.11,0.0
fried,0.68,100,0.68,0.65,0.03,0.0
fried,0.68,100,0.68,0.65,0.03,0.0
fried,0.68,100,0.68,0.65,0.03,0.0
fried,0.68,100,0.68,0.65,0.03,0.0
fried,0.68,100,0.68,0.65,0.03,0.0
fried,0.68,100,0.68,0.71,0.03,0.0
fried,0.68,100,0.68,0.76,0.08,0.0
fried,0.68,100,0.68,0.74,0.06,0.0
fried,0.68,100,0.68,0.76,0.08,0.0
fried,0.74,100,0.74,0.75,0.01,0.0
fried,0.74,100,0.74,0.72,0.02,0.015624761581420898
fried,0.74,100,0.74,0.76,0.02,0.0
fried,0.74,100,0.74,0.81,0.07,0.0
fried,0.74,100,0.74,0.63,0.11,0.0
fried,0.74,100,0.74,0.74,0.0,0.0
fried,0.74,100,0.74,0.79,0.05,0.0
fried,0.74,100,0.74,0.79,0.05,0.0
fried,0.74,100,0.74,0.71,0.03,0.0
fried,0.74,100,0.74,0.79,0.05,0.0
fried,0.79,100,0.79,0.84,0.05,0.0
fried,0.79,100,0.79,0.79,0.0,0.0
fried,0.79,100,0.79,0.76,0.03,0.0
fried,0.79,100,0.79,0.78,0.01,0.0
fried,0.79,100,0.79,0.85,0.06,0.0
fried,0.79,100,0.79,0.78,0.01,0.0
fried,0.79,100,0.79,0.87,0.08,0.0
fried,0.79,100,0.79,0.9,0.11,0.0
fried,0.79,100,0.79,0.79,0.0,0.0
fried,0.79,100,0.79,0.76,0.03,0.0
fried,0.84,100,0.84,0.87,0.03,0.0
fried,0.84,100,0.84,0.75,0.09,0.0
fried,0.84,100,0.84,0.82,0.02,0.0
fried,0.84,100,0.84,0.91,0.07,0.0
fried,0.84,100,0.84,0.84,0.0,0.0
fried,0.84,100,0.84,0.85,0.01,0.0
fried,0.84,100,0.84,0.93,0.09,0.0
fried,0.84,100,0.84,0.85,0.01,0.0
fried,0.84,100,0.84,0.85,0.01,0.0
fried,0.84,100,0.84,0.81,0.03,0.0
fried,0.89,100,0.89,0.85,0.04,0.0
fried,0.89,100,0.89,1.0,0.11,0.0
fried,0.89,100,0.89,0.85,0.04,0.0
fried,0.89,100,0.89,0.85,0.04,0.0
fried,0.89,100,0.89,0.85,0.04,0.0
fried,0.89,100,0.89,0.93,0.04,0.0
fried,0.89,100,0.89,0.9,0.01,0.0
fried,0.89,100,0.89,0.85,0.04,0.0
fried,0.89,100,0.89,0.84,0.05,0.0
fried,0.89,100,0.89,0.91,0.02,0.0
fried,0.95,100,0.95,1.0,0.05,0.0
fried,0.95,100,0.95,0.88,0.07,0.0
fried,0.95,100,0.95,0.96,0.01,0.0
fried,0.95,100,0.95,0.88,0.07,0.0
fried,0.95,100,0.95,0.93,0.02,0.0
fried,0.95,100,0.95,0.91,0.04,0.0
fried,0.95,100,0.95,0.94,0.01,0.0
fried,0.95,100,0.95,0.88,0.07,0.0
fried,0.95,100,0.95,0.9,0.05,0.0
fried,0.95,100,0.95,0.97,0.02,0.0
fried,1.0,100,1.0,1.0,0.0,0.0
fried,1.0,100,1.0,1.0,0.0,0.0
fried,1.0,100,1.0,0.97,0.03,0.0
fried,1.0,100,1.0,0.93,0.07,0.0
fried,1.0,100,1.0,1.0,0.0,0.0
fried,1.0,100,1.0,0.94,0.06,0.0
fried,1.0,100,1.0,0.94,0.06,0.0
fried,1.0,100,1.0,0.99,0.01,0.0
fried,1.0,100,1.0,1.0,0.0,0.0
fried,1.0,100,1.0,1.0,0.0,0.0
fri_c2_1000_10,0.0,100,0.0,0.0,0.0,0.0
fri_c2_1000_10,0.0,100,0.0,0.0,0.0,0.0
fri_c2_1000_10,0.0,100,0.0,0.05,0.05,0.0
fri_c2_1000_10,0.0,100,0.0,0.0,0.0,0.0
fri_c2_1000_10,0.0,100,0.0,0.0,0.0,0.0
fri_c2_1000_10,0.0,100,0.0,0.04,0.04,0.0
fri_c2_1000_10,0.0,100,0.0,0.0,0.0,0.0
fri_c2_1000_10,0.0,100,0.0,0.0,0.0,0.0
fri_c2_1000_10,0.0,100,0.0,0.12,0.12,0.0
fri_c2_1000_10,0.0,100,0.0,0.18,0.18,0.0
fri_c2_1000_10,0.05,100,0.05,0.0,0.05,0.0
fri_c2_1000_10,0.05,100,0.05,0.05,0.0,0.0
fri_c2_1000_10,0.05,100,0.05,0.09,0.04,0.0
fri_c2_1000_10,0.05,100,0.05,0.04,0.01,0.0
fri_c2_1000_10,0.05,100,0.05,0.11,0.06,0.0
fri_c2_1000_10,0.05,100,0.05,0.2,0.15,0.0
fri_c2_1000_10,0.05,100,0.05,0.02,0.03,0.0
fri_c2_1000_10,0.05,100,0.05,0.11,0.06,0.0
fri_c2_1000_10,0.05,100,0.05,0.14,0.09,0.0
fri_c2_1000_10,0.05,100,0.05,0.05,0.0,0.0
fri_c2_1000_10,0.11,100,0.11,0.16,0.05,0.0
fri_c2_1000_10,0.11,100,0.11,0.05,0.06,0.0
fri_c2_1000_10,0.11,100,0.11,0.07,0.04,0.0
fri_c2_1000_10,0.11,100,0.11,0.16,0.05,0.0
fri_c2_1000_10,0.11,100,0.11,0.07,0.04,0.0
fri_c2_1000_10,0.11,100,0.11,0.2,0.09,0.0
fri_c2_1000_10,0.11,100,0.11,0.21,0.1,0.0
fri_c2_1000_10,0.11,100,0.11,0.04,0.07,0.0
fri_c2_1000_10,0.11,100,0.11,0.18,0.07,0.0
fri_c2_1000_10,0.11,100,0.11,0.3,0.19,0.0
fri_c2_1000_10,0.16,100,0.16,0.21,0.05,0.0
fri_c2_1000_10,0.16,100,0.16,0.21,0.05,0.0
fri_c2_1000_10,0.16,100,0.16,0.27,0.11,0.0
fri_c2_1000_10,0.16,100,0.16,0.23,0.07,0.0
fri_c2_1000_10,0.16,100,0.16,0.23,0.07,0.0
fri_c2_1000_10,0.16,100,0.16,0.3,0.14,0.0
fri_c2_1000_10,0.16,100,0.16,0.12,0.04,0.0
fri_c2_1000_10,0.16,100,0.16,0.18,0.02,0.015009641647338867
fri_c2_1000_10,0.16,100,0.16,0.21,0.05,0.0
fri_c2_1000_10,0.16,100,0.16,0.21,0.05,0.0
fri_c2_1000_10,0.21,100,0.21,0.3,0.09,0.0
fri_c2_1000_10,0.21,100,0.21,0.16,0.05,0.0
fri_c2_1000_10,0.21,100,0.21,0.27,0.06,0.0
fri_c2_1000_10,0.21,100,0.21,0.16,0.05,0.0
fri_c2_1000_10,0.21,100,0.21,0.32,0.11,0.0
fri_c2_1000_10,0.21,100,0.21,0.39,0.18,0.0
fri_c2_1000_10,0.21,100,0.21,0.29,0.08,0.0
fri_c2_1000_10,0.21,100,0.21,0.34,0.13,0.0
fri_c2_1000_10,0.21,100,0.21,0.21,0.0,0.0
fri_c2_1000_10,0.21,100,0.21,0.16,0.05,0.0
fri_c2_1000_10,0.26,100,0.26,0.36,0.1,0.0
fri_c2_1000_10,0.26,100,0.26,0.32,0.06,0.0
fri_c2_1000_10,0.26,100,0.26,0.32,0.06,0.0
fri_c2_1000_10,0.26,100,0.26,0.29,0.03,0.0
fri_c2_1000_10,0.26,100,0.26,0.27,0.01,0.0
fri_c2_1000_10,0.26,100,0.26,0.36,0.1,0.0
fri_c2_1000_10,0.26,100,0.26,0.3,0.04,0.0
fri_c2_1000_10,0.26,100,0.26,0.36,0.1,0.0
fri_c2_1000_10,0.26,100,0.26,0.21,0.05,0.0
fri_c2_1000_10,0.26,100,0.26,0.16,0.1,0.0
fri_c2_1000_10,0.32,100,0.32,0.3,0.02,0.0
fri_c2_1000_10,0.32,100,0.32,0.3,0.02,0.0
fri_c2_1000_10,0.32,100,0.32,0.3,0.02,0.0
fri_c2_1000_10,0.32,100,0.32,0.41,0.09,0.0
fri_c2_1000_10,0.32,100,0.32,0.39,0.07,0.0
fri_c2_1000_10,0.32,100,0.32,0.32,0.0,0.0
fri_c2_1000_10,0.32,100,0.32,0.25,0.07,0.0
fri_c2_1000_10,0.32,100,0.32,0.37,0.05,0.0
fri_c2_1000_10,0.32,100,0.32,0.34,0.02,0.0
fri_c2_1000_10,0.32,100,0.32,0.34,0.02,0.0
fri_c2_1000_10,0.37,100,0.37,0.39,0.02,0.0
fri_c2_1000_10,0.37,100,0.37,0.37,0.0,0.0
fri_c2_1000_10,0.37,100,0.37,0.39,0.02,0.0
fri_c2_1000_10,0.37,100,0.37,0.39,0.02,0.0
fri_c2_1000_10,0.37,100,0.37,0.36,0.01,0.0
fri_c2_1000_10,0.37,100,0.37,0.39,0.02,0.0
fri_c2_1000_10,0.37,100,0.37,0.37,0.0,0.0
fri_c2_1000_10,0.37,100,0.37,0.46,0.09,0.0
fri_c2_1000_10,0.37,100,0.37,0.45,0.08,0.0
fri_c2_1000_10,0.37,100,0.37,0.45,0.08,0.0
fri_c2_1000_10,0.42,100,0.42,0.43,0.01,0.0
fri_c2_1000_10,0.42,100,0.42,0.43,0.01,0.0
fri_c2_1000_10,0.42,100,0.42,0.39,0.03,0.0
fri_c2_1000_10,0.42,100,0.42,0.43,0.01,0.0
fri_c2_1000_10,0.42,100,0.42,0.39,0.03,0.0
fri_c2_1000_10,0.42,100,0.42,0.41,0.01,0.0
fri_c2_1000_10,0.42,100,0.42,0.41,0.01,0.0
fri_c2_1000_10,0.42,100,0.42,0.5,0.08,0.0
fri_c2_1000_10,0.42,100,0.42,0.48,0.06,0.0
fri_c2_1000_10,0.42,100,0.42,0.48,0.06,0.0
fri_c2_1000_10,0.47,100,0.47,0.46,0.01,0.0
fri_c2_1000_10,0.47,100,0.47,0.48,0.01,0.0
fri_c2_1000_10,0.47,100,0.47,0.41,0.06,0.0
fri_c2_1000_10,0.47,100,0.47,0.45,0.02,0.0
fri_c2_1000_10,0.47,100,0.47,0.43,0.04,0.0
fri_c2_1000_10,0.47,100,0.47,0.41,0.06,0.0
fri_c2_1000_10,0.47,100,0.47,0.54,0.07,0.0
fri_c2_1000_10,0.47,100,0.47,0.43,0.04,0.0
fri_c2_1000_10,0.47,100,0.47,0.54,0.07,0.0
fri_c2_1000_10,0.47,100,0.47,0.59,0.12,0.0
fri_c2_1000_10,0.53,100,0.53,0.41,0.12,0.0
fri_c2_1000_10,0.53,100,0.53,0.62,0.09,0.0
fri_c2_1000_10,0.53,100,0.53,0.62,0.09,0.0
fri_c2_1000_10,0.53,100,0.53,0.55,0.02,0.0
fri_c2_1000_10,0.53,100,0.53,0.55,0.02,0.0
fri_c2_1000_10,0.53,100,0.53,0.5,0.03,0.0
fri_c2_1000_10,0.53,100,0.53,0.61,0.08,0.0
fri_c2_1000_10,0.53,100,0.53,0.45,0.08,0.0
fri_c2_1000_10,0.53,100,0.53,0.59,0.06,0.0
fri_c2_1000_10,0.53,100,0.53,0.55,0.02,0.0
fri_c2_1000_10,0.58,100,0.58,0.57,0.01,0.0
fri_c2_1000_10,0.58,100,0.58,0.52,0.06,0.0
fri_c2_1000_10,0.58,100,0.58,0.54,0.04,0.0
fri_c2_1000_10,0.58,100,0.58,0.55,0.03,0.0
fri_c2_1000_10,0.58,100,0.58,0.7,0.12,0.0
fri_c2_1000_10,0.58,100,0.58,0.64,0.06,0.0
fri_c2_1000_10,0.58,100,0.58,0.62,0.04,0.0
fri_c2_1000_10,0.58,100,0.58,0.62,0.04,0.0
fri_c2_1000_10,0.58,100,0.58,0.64,0.06,0.0
fri_c2_1000_10,0.58,100,0.58,0.59,0.01,0.005597114562988281
fri_c2_1000_10,0.63,100,0.63,0.7,0.07,0.0
fri_c2_1000_10,0.63,100,0.63,0.61,0.02,0.0
fri_c2_1000_10,0.63,100,0.63,0.57,0.06,0.0
fri_c2_1000_10,0.63,100,0.63,0.66,0.03,0.0
fri_c2_1000_10,0.63,100,0.63,0.68,0.05,0.0
fri_c2_1000_10,0.63,100,0.63,0.62,0.01,0.0
fri_c2_1000_10,0.63,100,0.63,0.61,0.02,0.0
fri_c2_1000_10,0.63,100,0.63,0.64,0.01,0.0009949207305908203
fri_c2_1000_10,0.63,100,0.63,0.55,0.08,0.0
fri_c2_1000_10,0.63,100,0.63,0.55,0.08,0.0
fri_c2_1000_10,0.68,100,0.68,0.68,0.0,0.0
fri_c2_1000_10,0.68,100,0.68,0.62,0.06,0.0
fri_c2_1000_10,0.68,100,0.68,0.73,0.05,0.0
fri_c2_1000_10,0.68,100,0.68,0.71,0.03,0.0
fri_c2_1000_10,0.68,100,0.68,0.61,0.07,0.0
fri_c2_1000_10,0.68,100,0.68,0.71,0.03,0.0
fri_c2_1000_10,0.68,100,0.68,0.61,0.07,0.0
fri_c2_1000_10,0.68,100,0.68,0.71,0.03,0.0
fri_c2_1000_10,0.68,100,0.68,0.71,0.03,0.0
fri_c2_1000_10,0.68,100,0.68,0.62,0.06,0.0
fri_c2_1000_10,0.74,100,0.74,0.66,0.08,0.0
fri_c2_1000_10,0.74,100,0.74,0.77,0.03,0.0
fri_c2_1000_10,0.74,100,0.74,0.66,0.08,0.0
fri_c2_1000_10,0.74,100,0.74,0.77,0.03,0.0
fri_c2_1000_10,0.74,100,0.74,0.77,0.03,0.0
fri_c2_1000_10,0.74,100,0.74,0.86,0.12,0.0
fri_c2_1000_10,0.74,100,0.74,0.73,0.01,0.0
fri_c2_1000_10,0.74,100,0.74,0.8,0.06,0.0
fri_c2_1000_10,0.74,100,0.74,0.73,0.01,0.0
fri_c2_1000_10,0.74,100,0.74,0.77,0.03,0.0
fri_c2_1000_10,0.79,100,0.79,0.75,0.04,0.0
fri_c2_1000_10,0.79,100,0.79,0.84,0.05,0.0
fri_c2_1000_10,0.79,100,0.79,0.8,0.01,0.0
fri_c2_1000_10,0.79,100,0.79,0.8,0.01,0.0
fri_c2_1000_10,0.79,100,0.79,0.86,0.07,0.0
fri_c2_1000_10,0.79,100,0.79,0.7,0.09,0.0
fri_c2_1000_10,0.79,100,0.79,0.73,0.06,0.0
fri_c2_1000_10,0.79,100,0.79,0.71,0.08,0.0
fri_c2_1000_10,0.79,100,0.79,0.91,0.12,0.0
fri_c2_1000_10,0.79,100,0.79,0.86,0.07,0.0
fri_c2_1000_10,0.84,100,0.84,0.8,0.04,0.0
fri_c2_1000_10,0.84,100,0.84,0.96,0.12,0.0
fri_c2_1000_10,0.84,100,0.84,0.77,0.07,0.0
fri_c2_1000_10,0.84,100,0.84,0.79,0.05,0.0
fri_c2_1000_10,0.84,100,0.84,0.84,0.0,0.0
fri_c2_1000_10,0.84,100,0.84,0.8,0.04,0.0
fri_c2_1000_10,0.84,100,0.84,0.91,0.07,0.0
fri_c2_1000_10,0.84,100,0.84,0.82,0.02,0.0
fri_c2_1000_10,0.84,100,0.84,0.82,0.02,0.0
fri_c2_1000_10,0.84,100,0.84,0.91,0.07,0.0
fri_c2_1000_10,0.89,100,0.89,0.89,0.0,0.0
fri_c2_1000_10,0.89,100,0.89,0.89,0.0,0.0
fri_c2_1000_10,0.89,100,0.89,0.84,0.05,0.0
fri_c2_1000_10,0.89,100,0.89,0.87,0.02,0.009080886840820312
fri_c2_1000_10,0.89,100,0.89,0.86,0.03,0.0
fri_c2_1000_10,0.89,100,0.89,0.82,0.07,0.0
fri_c2_1000_10,0.89,100,0.89,0.89,0.0,0.0
fri_c2_1000_10,0.89,100,0.89,0.87,0.02,0.0
fri_c2_1000_10,0.89,100,0.89,0.8,0.09,0.0
fri_c2_1000_10,0.89,100,0.89,0.91,0.02,0.0
fri_c2_1000_10,0.95,100,0.95,0.93,0.02,0.0
fri_c2_1000_10,0.95,100,0.95,1.0,0.05,0.0
fri_c2_1000_10,0.95,100,0.95,0.93,0.02,0.0
fri_c2_1000_10,0.95,100,0.95,0.91,0.04,0.0010013580322265625
fri_c2_1000_10,0.95,100,0.95,0.96,0.01,0.0
fri_c2_1000_10,0.95,100,0.95,1.0,0.05,0.0
fri_c2_1000_10,0.95,100,0.95,0.87,0.08,0.0
fri_c2_1000_10,0.95,100,0.95,0.95,0.0,0.0
fri_c2_1000_10,0.95,100,0.95,0.98,0.03,0.0
fri_c2_1000_10,0.95,100,0.95,0.96,0.01,0.0
fri_c2_1000_10,1.0,100,1.0,1.0,0.0,0.0
fri_c2_1000_10,1.0,100,1.0,0.96,0.04,0.0
fri_c2_1000_10,1.0,100,1.0,1.0,0.0,0.015633821487426758
fri_c2_1000_10,1.0,100,1.0,0.98,0.02,0.0
fri_c2_1000_10,1.0,100,1.0,1.0,0.0,0.0
fri_c2_1000_10,1.0,100,1.0,1.0,0.0,0.0
fri_c2_1000_10,1.0,100,1.0,1.0,0.0,0.0
fri_c2_1000_10,1.0,100,1.0,1.0,0.0,0.0
fri_c2_1000_10,1.0,100,1.0,0.95,0.05,0.0
fri_c2_1000_10,1.0,100,1.0,1.0,0.0,0.0
GAMETES_Epistasis_2-Way_20atts_0.1H_EDM-1_1,0.0,100,0.0,1.0,1.0,0.0
GAMETES_Epistasis_2-Way_20atts_0.1H_EDM-1_1,0.0,100,0.0,1.0,1.0,0.0
GAMETES_Epistasis_2-Way_20atts_0.1H_EDM-1_1,0.0,100,0.0,1.0,1.0,0.0
GAMETES_Epistasis_2-Way_20atts_0.1H_EDM-1_1,0.0,100,0.0,1.0,1.0,0.0
GAMETES_Epistasis_2-Way_20atts_0.1H_EDM-1_1,0.0,100,0.0,1.0,1.0,0.0
GAMETES_Epistasis_2-Way_20atts_0.1H_EDM-1_1,0.0,100,0.0,1.0,1.0,0.0
GAMETES_Epistasis_2-Way_20atts_0.1H_EDM-1_1,0.0,100,0.0,1.0,1.0,0.0
GAMETES_Epistasis_2-Way_20atts_0.1H_EDM-1_1,0.0,100,0.0,0.0,0.0,0.0
GAMETES_Epistasis_2-Way_20atts_0.1H_EDM-1_1,0.0,100,0.0,1.0,1.0,0.0
GAMETES_Epistasis_2-Way_20atts_0.1H_EDM-1_1,0.0,100,0.0,1.0,1.0,0.0
GAMETES_Epistasis_2-Way_20atts_0.1H_EDM-1_1,0.05,100,0.05,1.0,0.95,0.0
GAMETES_Epistasis_2-Way_20atts_0.1H_EDM-1_1,0.05,100,0.05,0.0,0.05,0.0
GAMETES_Epistasis_2-Way_20atts_0.1H_EDM-1_1,0.05,100,0.05,1.0,0.95,0.0
GAMETES_Epistasis_2-Way_20atts_0.1H_EDM-1_1,0.05,100,0.05,1.0,0.95,0.0
GAMETES_Epistasis_2-Way_20atts_0.1H_EDM-1_1,0.05,100,0.05,1.0,0.95,0.0
GAMETES_Epistasis_2-Way_20atts_0.1H_EDM-1_1,0.05,100,0.05,0.0,0.05,0.0
GAMETES_Epistasis_2-Way_20atts_0.1H_EDM-1_1,0.05,100,0.05,1.0,0.95,0.0
GAMETES_Epistasis_2-Way_20atts_0.1H_EDM-1_1,0.05,100,0.05,1.0,0.95,0.0
GAMETES_Epistasis_2-Way_20atts_0.1H_EDM-1_1,0.05,100,0.05,1.0,0.95,0.0
GAMETES_Epistasis_2-Way_20atts_0.1H_EDM-1_1,0.05,100,0.05,0.0,0.05,0.0
GAMETES_Epistasis_2-Way_20atts_0.1H_EDM-1_1,0.11,100,0.11,1.0,0.89,0.0
GAMETES_Epistasis_2-Way_20atts_0.1H_EDM-1_1,0.11,100,0.11,1.0,0.89,0.0
GAMETES_Epistasis_2-Way_20atts_0.1H_EDM-1_1,0.11,100,0.11,1.0,0.89,0.0
GAMETES_Epistasis_2-Way_20atts_0.1H_EDM-1_1,0.11,100,0.11,1.0,0.89,0.0
GAMETES_Epistasis_2-Way_20atts_0.1H_EDM-1_1,0.11,100,0.11,1.0,0.89,0.0
GAMETES_Epistasis_2-Way_20atts_0.1H_EDM-1_1,0.11,100,0.11,1.0,0.89,0.0
GAMETES_Epistasis_2-Way_20atts_0.1H_EDM-1_1,0.11,100,0.11,1.0,0.89,0.0
GAMETES_Epistasis_2-Way_20atts_0.1H_EDM-1_1,0.11,100,0.11,0.0,0.11,0.0
GAMETES_Epistasis_2-Way_20atts_0.1H_EDM-1_1,0.11,100,0.11,0.0,0.11,0.0
GAMETES_Epistasis_2-Way_20atts_0.1H_EDM-1_1,0.11,100,0.11,1.0,0.89,0.0
GAMETES_Epistasis_2-Way_20atts_0.1H_EDM-1_1,0.16,100,0.16,1.0,0.84,0.0
GAMETES_Epistasis_2-Way_20atts_0.1H_EDM-1_1,0.16,100,0.16,1.0,0.84,0.0
GAMETES_Epistasis_2-Way_20atts_0.1H_EDM-1_1,0.16,100,0.16,1.0,0.84,0.0
GAMETES_Epistasis_2-Way_20atts_0.1H_EDM-1_1,0.16,100,0.16,1.0,0.84,0.0
GAMETES_Epistasis_2-Way_20atts_0.1H_EDM-1_1,0.16,100,0.16,1.0,0.84,0.0
GAMETES_Epistasis_2-Way_20atts_0.1H_EDM-1_1,0.16,100,0.16,1.0,0.84,0.0
GAMETES_Epistasis_2-Way_20atts_0.1H_EDM-1_1,0.16,100,0.16,1.0,0.84,0.0
GAMETES_Epistasis_2-Way_20atts_0.1H_EDM-1_1,0.16,100,0.16,1.0,0.84,0.0
GAMETES_Epistasis_2-Way_20atts_0.1H_EDM-1_1,0.16,100,0.16,1.0,0.84,0.0
GAMETES_Epistasis_2-Way_20atts_0.1H_EDM-1_1,0.16,100,0.16,1.0,0.84,0.0
GAMETES_Epistasis_2-Way_20atts_0.1H_EDM-1_1,0.21,100,0.21,1.0,0.79,0.0
GAMETES_Epistasis_2-Way_20atts_0.1H_EDM-1_1,0.21,100,0.21,1.0,0.79,0.0
GAMETES_Epistasis_2-Way_20atts_0.1H_EDM-1_1,0.21,100,0.21,1.0,0.79,0.0
GAMETES_Epistasis_2-Way_20atts_0.1H_EDM-1_1,0.21,100,0.21,0.0,0.21,0.0
GAMETES_Epistasis_2-Way_20atts_0.1H_EDM-1_1,0.21,100,0.21,1.0,0.79,0.0
GAMETES_Epistasis_2-Way_20atts_0.1H_EDM-1_1,0.21,100,0.21,1.0,0.79,0.0
GAMETES_Epistasis_2-Way_20atts_0.1H_EDM-1_1,0.21,100,0.21,0.0,0.21,0.0
GAMETES_Epistasis_2-Way_20atts_0.1H_EDM-1_1,0.21,100,0.21,0.0,0.21,0.0
GAMETES_Epistasis_2-Way_20atts_0.1H_EDM-1_1,0.21,100,0.21,1.0,0.79,0.0
GAMETES_Epistasis_2-Way_20atts_0.1H_EDM-1_1,0.21,100,0.21,0.0,0.21,0.0
GAMETES_Epistasis_2-Way_20atts_0.1H_EDM-1_1,0.26,100,0.26,1.0,0.74,0.0
GAMETES_Epistasis_2-Way_20atts_0.1H_EDM-1_1,0.26,100,0.26,1.0,0.74,0.0
GAMETES_Epistasis_2-Way_20atts_0.1H_EDM-1_1,0.26,100,0.26,1.0,0.74,0.0
GAMETES_Epistasis_2-Way_20atts_0.1H_EDM-1_1,0.26,100,0.26,1.0,0.74,0.0
GAMETES_Epistasis_2-Way_20atts_0.1H_EDM-1_1,0.26,100,0.26,1.0,0.74,0.0
GAMETES_Epistasis_2-Way_20atts_0.1H_EDM-1_1,0.26,100,0.26,1.0,0.74,0.0
GAMETES_Epistasis_2-Way_20atts_0.1H_EDM-1_1,0.26,100,0.26,1.0,0.74,0.0
GAMETES_Epistasis_2-Way_20atts_0.1H_EDM-1_1,0.26,100,0.26,1.0,0.74,0.0
GAMETES_Epistasis_2-Way_20atts_0.1H_EDM-1_1,0.26,100,0.26,1.0,0.74,0.0
GAMETES_Epistasis_2-Way_20atts_0.1H_EDM-1_1,0.26,100,0.26,1.0,0.74,0.0
GAMETES_Epistasis_2-Way_20atts_0.1H_EDM-1_1,0.32,100,0.32,1.0,0.68,0.0
GAMETES_Epistasis_2-Way_20atts_0.1H_EDM-1_1,0.32,100,0.32,1.0,0.68,0.0
GAMETES_Epistasis_2-Way_20atts_0.1H_EDM-1_1,0.32,100,0.32,1.0,0.68,0.0
GAMETES_Epistasis_2-Way_20atts_0.1H_EDM-1_1,0.32,100,0.32,1.0,0.68,0.0
GAMETES_Epistasis_2-Way_20atts_0.1H_EDM-1_1,0.32,100,0.32,0.0,0.32,0.0
GAMETES_Epistasis_2-Way_20atts_0.1H_EDM-1_1,0.32,100,0.32,1.0,0.68,0.0
GAMETES_Epistasis_2-Way_20atts_0.1H_EDM-1_1,0.32,100,0.32,0.0,0.32,0.0
GAMETES_Epistasis_2-Way_20atts_0.1H_EDM-1_1,0.32,100,0.32,0.0,0.32,0.0
GAMETES_Epistasis_2-Way_20atts_0.1H_EDM-1_1,0.32,100,0.32,1.0,0.68,0.0
GAMETES_Epistasis_2-Way_20atts_0.1H_EDM-1_1,0.32,100,0.32,0.0,0.32,0.0
GAMETES_Epistasis_2-Way_20atts_0.1H_EDM-1_1,0.37,100,0.37,1.0,0.63,0.0
GAMETES_Epistasis_2-Way_20atts_0.1H_EDM-1_1,0.37,100,0.37,1.0,0.63,0.0
GAMETES_Epistasis_2-Way_20atts_0.1H_EDM-1_1,0.37,100,0.37,1.0,0.63,0.0
GAMETES_Epistasis_2-Way_20atts_0.1H_EDM-1_1,0.37,100,0.37,1.0,0.63,0.0
GAMETES_Epistasis_2-Way_20atts_0.1H_EDM-1_1,0.37,100,0.37,1.0,0.63,0.0007607936859130859
GAMETES_Epistasis_2-Way_20atts_0.1H_EDM-1_1,0.37,100,0.37,1.0,0.63,0.0
GAMETES_Epistasis_2-Way_20atts_0.1H_EDM-1_1,0.37,100,0.37,1.0,0.63,0.0
GAMETES_Epistasis_2-Way_20atts_0.1H_EDM-1_1,0.37,100,0.37,0.0,0.37,0.0
GAMETES_Epistasis_2-Way_20atts_0.1H_EDM-1_1,0.37,100,0.37,1.0,0.63,0.0
GAMETES_Epistasis_2-Way_20atts_0.1H_EDM-1_1,0.37,100,0.37,1.0,0.63,0.0
GAMETES_Epistasis_2-Way_20atts_0.1H_EDM-1_1,0.42,100,0.42,1.0,0.58,0.0
GAMETES_Epistasis_2-Way_20atts_0.1H_EDM-1_1,0.42,100,0.42,0.0,0.42,0.0
GAMETES_Epistasis_2-Way_20atts_0.1H_EDM-1_1,0.42,100,0.42,1.0,0.58,0.0009434223175048828
GAMETES_Epistasis_2-Way_20atts_0.1H_EDM-1_1,0.42,100,0.42,1.0,0.58,0.0
GAMETES_Epistasis_2-Way_20atts_0.1H_EDM-1_1,0.42,100,0.42,1.0,0.58,0.0
GAMETES_Epistasis_2-Way_20atts_0.1H_EDM-1_1,0.42,100,0.42,1.0,0.58,0.0
GAMETES_Epistasis_2-Way_20atts_0.1H_EDM-1_1,0.42,100,0.42,1.0,0.58,0.0
GAMETES_Epistasis_2-Way_20atts_0.1H_EDM-1_1,0.42,100,0.42,1.0,0.58,0.0
GAMETES_Epistasis_2-Way_20atts_0.1H_EDM-1_1,0.42,100,0.42,1.0,0.58,0.0
GAMETES_Epistasis_2-Way_20atts_0.1H_EDM-1_1,0.42,100,0.42,1.0,0.58,0.0
GAMETES_Epistasis_2-Way_20atts_0.1H_EDM-1_1,0.47,100,0.47,0.0,0.47,0.0
GAMETES_Epistasis_2-Way_20atts_0.1H_EDM-1_1,0.47,100,0.47,1.0,0.53,0.0
GAMETES_Epistasis_2-Way_20atts_0.1H_EDM-1_1,0.47,100,0.47,1.0,0.53,0.0
GAMETES_Epistasis_2-Way_20atts_0.1H_EDM-1_1,0.47,100,0.47,1.0,0.53,0.0
GAMETES_Epistasis_2-Way_20atts_0.1H_EDM-1_1,0.47,100,0.47,1.0,0.53,0.0
GAMETES_Epistasis_2-Way_20atts_0.1H_EDM-1_1,0.47,100,0.47,1.0,0.53,0.0
GAMETES_Epistasis_2-Way_20atts_0.1H_EDM-1_1,0.47,100,0.47,1.0,0.53,0.0
GAMETES_Epistasis_2-Way_20atts_0.1H_EDM-1_1,0.47,100,0.47,1.0,0.53,0.0
GAMETES_Epistasis_2-Way_20atts_0.1H_EDM-1_1,0.47,100,0.47,1.0,0.53,0.0
GAMETES_Epistasis_2-Way_20atts_0.1H_EDM-1_1,0.47,100,0.47,1.0,0.53,0.0
GAMETES_Epistasis_2-Way_20atts_0.1H_EDM-1_1,0.53,100,0.53,1.0,0.47,0.0
GAMETES_Epistasis_2-Way_20atts_0.1H_EDM-1_1,0.53,100,0.53,1.0,0.47,0.0
GAMETES_Epistasis_2-Way_20atts_0.1H_EDM-1_1,0.53,100,0.53,1.0,0.47,0.0
GAMETES_Epistasis_2-Way_20atts_0.1H_EDM-1_1,0.53,100,0.53,1.0,0.47,0.0
GAMETES_Epistasis_2-Way_20atts_0.1H_EDM-1_1,0.53,100,0.53,1.0,0.47,0.0
GAMETES_Epistasis_2-Way_20atts_0.1H_EDM-1_1,0.53,100,0.53,1.0,0.47,0.0
GAMETES_Epistasis_2-Way_20atts_0.1H_EDM-1_1,0.53,100,0.53,0.0,0.53,0.0
GAMETES_Epistasis_2-Way_20atts_0.1H_EDM-1_1,0.53,100,0.53,1.0,0.47,0.0
GAMETES_Epistasis_2-Way_20atts_0.1H_EDM-1_1,0.53,100,0.53,1.0,0.47,0.0
GAMETES_Epistasis_2-Way_20atts_0.1H_EDM-1_1,0.53,100,0.53,1.0,0.47,0.0
GAMETES_Epistasis_2-Way_20atts_0.1H_EDM-1_1,0.58,100,0.58,0.0,0.58,0.0
GAMETES_Epistasis_2-Way_20atts_0.1H_EDM-1_1,0.58,100,0.58,1.0,0.42,0.0
GAMETES_Epistasis_2-Way_20atts_0.1H_EDM-1_1,0.58,100,0.58,1.0,0.42,0.0
GAMETES_Epistasis_2-Way_20atts_0.1H_EDM-1_1,0.58,100,0.58,1.0,0.42,0.0
GAMETES_Epistasis_2-Way_20atts_0.1H_EDM-1_1,0.58,100,0.58,1.0,0.42,0.0
GAMETES_Epistasis_2-Way_20atts_0.1H_EDM-1_1,0.58,100,0.58,1.0,0.42,0.0
GAMETES_Epistasis_2-Way_20atts_0.1H_EDM-1_1,0.58,100,0.58,1.0,0.42,0.0
GAMETES_Epistasis_2-Way_20atts_0.1H_EDM-1_1,0.58,100,0.58,0.0,0.58,0.0
GAMETES_Epistasis_2-Way_20atts_0.1H_EDM-1_1,0.58,100,0.58,1.0,0.42,0.0
GAMETES_Epistasis_2-Way_20atts_0.1H_EDM-1_1,0.58,100,0.58,1.0,0.42,0.0
GAMETES_Epistasis_2-Way_20atts_0.1H_EDM-1_1,0.63,100,0.63,0.0,0.63,0.0
GAMETES_Epistasis_2-Way_20atts_0.1H_EDM-1_1,0.63,100,0.63,1.0,0.37,0.0
GAMETES_Epistasis_2-Way_20atts_0.1H_EDM-1_1,0.63,100,0.63,0.0,0.63,0.0
GAMETES_Epistasis_2-Way_20atts_0.1H_EDM-1_1,0.63,100,0.63,1.0,0.37,0.0
GAMETES_Epistasis_2-Way_20atts_0.1H_EDM-1_1,0.63,100,0.63,1.0,0.37,0.0
GAMETES_Epistasis_2-Way_20atts_0.1H_EDM-1_1,0.63,100,0.63,1.0,0.37,0.0
GAMETES_Epistasis_2-Way_20atts_0.1H_EDM-1_1,0.63,100,0.63,1.0,0.37,0.0
GAMETES_Epistasis_2-Way_20atts_0.1H_EDM-1_1,0.63,100,0.63,1.0,0.37,0.0
GAMETES_Epistasis_2-Way_20atts_0.1H_EDM-1_1,0.63,100,0.63,0.0,0.63,0.0
GAMETES_Epistasis_2-Way_20atts_0.1H_EDM-1_1,0.63,100,0.63,1.0,0.37,0.0
GAMETES_Epistasis_2-Way_20atts_0.1H_EDM-1_1,0.68,100,0.68,1.0,0.32,0.0
GAMETES_Epistasis_2-Way_20atts_0.1H_EDM-1_1,0.68,100,0.68,1.0,0.32,0.0001506805419921875
GAMETES_Epistasis_2-Way_20atts_0.1H_EDM-1_1,0.68,100,0.68,1.0,0.32,0.0
GAMETES_Epistasis_2-Way_20atts_0.1H_EDM-1_1,0.68,100,0.68,1.0,0.32,0.0
GAMETES_Epistasis_2-Way_20atts_0.1H_EDM-1_1,0.68,100,0.68,1.0,0.32,0.0
GAMETES_Epistasis_2-Way_20atts_0.1H_EDM-1_1,0.68,100,0.68,1.0,0.32,0.0010106563568115234
GAMETES_Epistasis_2-Way_20atts_0.1H_EDM-1_1,0.68,100,0.68,0.0,0.68,0.0
GAMETES_Epistasis_2-Way_20atts_0.1H_EDM-1_1,0.68,100,0.68,1.0,0.32,0.0
GAMETES_Epistasis_2-Way_20atts_0.1H_EDM-1_1,0.68,100,0.68,1.0,0.32,0.0
GAMETES_Epistasis_2-Way_20atts_0.1H_EDM-1_1,0.68,100,0.68,1.0,0.32,0.0
GAMETES_Epistasis_2-Way_20atts_0.1H_EDM-1_1,0.74,100,0.74,1.0,0.26,0.0
GAMETES_Epistasis_2-Way_20atts_0.1H_EDM-1_1,0.74,100,0.74,1.0,0.26,0.0
GAMETES_Epistasis_2-Way_20atts_0.1H_EDM-1_1,0.74,100,0.74,1.0,0.26,0.0
GAMETES_Epistasis_2-Way_20atts_0.1H_EDM-1_1,0.74,100,0.74,1.0,0.26,0.0
GAMETES_Epistasis_2-Way_20atts_0.1H_EDM-1_1,0.74,100,0.74,1.0,0.26,0.0
GAMETES_Epistasis_2-Way_20atts_0.1H_EDM-1_1,0.74,100,0.74,1.0,0.26,0.0
GAMETES_Epistasis_2-Way_20atts_0.1H_EDM-1_1,0.74,100,0.74,0.0,0.74,0.0
GAMETES_Epistasis_2-Way_20atts_0.1H_EDM-1_1,0.74,100,0.74,1.0,0.26,0.0
GAMETES_Epistasis_2-Way_20atts_0.1H_EDM-1_1,0.74,100,0.74,0.0,0.74,0.0
GAMETES_Epistasis_2-Way_20atts_0.1H_EDM-1_1,0.74,100,0.74,1.0,0.26,0.0
GAMETES_Epistasis_2-Way_20atts_0.1H_EDM-1_1,0.79,100,0.79,1.0,0.21,0.0
GAMETES_Epistasis_2-Way_20atts_0.1H_EDM-1_1,0.79,100,0.79,1.0,0.21,0.0
GAMETES_Epistasis_2-Way_20atts_0.1H_EDM-1_1,0.79,100,0.79,1.0,0.21,0.0
GAMETES_Epistasis_2-Way_20atts_0.1H_EDM-1_1,0.79,100,0.79,1.0,0.21,0.0
GAMETES_Epistasis_2-Way_20atts_0.1H_EDM-1_1,0.79,100,0.79,1.0,0.21,0.0
GAMETES_Epistasis_2-Way_20atts_0.1H_EDM-1_1,0.79,100,0.79,1.0,0.21,0.001004934310913086
GAMETES_Epistasis_2-Way_20atts_0.1H_EDM-1_1,0.79,100,0.79,1.0,0.21,0.0
GAMETES_Epistasis_2-Way_20atts_0.1H_EDM-1_1,0.79,100,0.79,1.0,0.21,0.0
GAMETES_Epistasis_2-Way_20atts_0.1H_EDM-1_1,0.79,100,0.79,1.0,0.21,0.0010106563568115234
GAMETES_Epistasis_2-Way_20atts_0.1H_EDM-1_1,0.79,100,0.79,1.0,0.21,0.0
GAMETES_Epistasis_2-Way_20atts_0.1H_EDM-1_1,0.84,100,0.84,1.0,0.16,0.0
GAMETES_Epistasis_2-Way_20atts_0.1H_EDM-1_1,0.84,100,0.84,1.0,0.16,0.0
GAMETES_Epistasis_2-Way_20atts_0.1H_EDM-1_1,0.84,100,0.84,1.0,0.16,0.0009968280792236328
GAMETES_Epistasis_2-Way_20atts_0.1H_EDM-1_1,0.84,100,0.84,1.0,0.16,0.0
GAMETES_Epistasis_2-Way_20atts_0.1H_EDM-1_1,0.84,100,0.84,1.0,0.16,0.0
GAMETES_Epistasis_2-Way_20atts_0.1H_EDM-1_1,0.84,100,0.84,1.0,0.16,0.0009791851043701172
GAMETES_Epistasis_2-Way_20atts_0.1H_EDM-1_1,0.84,100,0.84,1.0,0.16,0.0
GAMETES_Epistasis_2-Way_20atts_0.1H_EDM-1_1,0.84,100,0.84,1.0,0.16,0.0
GAMETES_Epistasis_2-Way_20atts_0.1H_EDM-1_1,0.84,100,0.84,0.0,0.84,0.00010657310485839844
GAMETES_Epistasis_2-Way_20atts_0.1H_EDM-1_1,0.84,100,0.84,1.0,0.16,0.0
GAMETES_Epistasis_2-Way_20atts_0.1H_EDM-1_1,0.89,100,0.89,1.0,0.11,0.0
GAMETES_Epistasis_2-Way_20atts_0.1H_EDM-1_1,0.89,100,0.89,1.0,0.11,0.0
GAMETES_Epistasis_2-Way_20atts_0.1H_EDM-1_1,0.89,100,0.89,1.0,0.11,0.0
GAMETES_Epistasis_2-Way_20atts_0.1H_EDM-1_1,0.89,100,0.89,1.0,0.11,0.0
GAMETES_Epistasis_2-Way_20atts_0.1H_EDM-1_1,0.89,100,0.89,1.0,0.11,0.0
GAMETES_Epistasis_2-Way_20atts_0.1H_EDM-1_1,0.89,100,0.89,1.0,0.11,0.0
GAMETES_Epistasis_2-Way_20atts_0.1H_EDM-1_1,0.89,100,0.89,1.0,0.11,0.0
GAMETES_Epistasis_2-Way_20atts_0.1H_EDM-1_1,0.89,100,0.89,1.0,0.11,0.0
GAMETES_Epistasis_2-Way_20atts_0.1H_EDM-1_1,0.89,100,0.89,1.0,0.11,0.0
GAMETES_Epistasis_2-Way_20atts_0.1H_EDM-1_1,0.89,100,0.89,1.0,0.11,0.0
GAMETES_Epistasis_2-Way_20atts_0.1H_EDM-1_1,0.95,100,0.95,1.0,0.05,0.0
GAMETES_Epistasis_2-Way_20atts_0.1H_EDM-1_1,0.95,100,0.95,1.0,0.05,0.0
GAMETES_Epistasis_2-Way_20atts_0.1H_EDM-1_1,0.95,100,0.95,1.0,0.05,0.0
GAMETES_Epistasis_2-Way_20atts_0.1H_EDM-1_1,0.95,100,0.95,0.0,0.95,0.0
GAMETES_Epistasis_2-Way_20atts_0.1H_EDM-1_1,0.95,100,0.95,1.0,0.05,0.0
GAMETES_Epistasis_2-Way_20atts_0.1H_EDM-1_1,0.95,100,0.95,1.0,0.05,0.0
GAMETES_Epistasis_2-Way_20atts_0.1H_EDM-1_1,0.95,100,0.95,1.0,0.05,0.0
GAMETES_Epistasis_2-Way_20atts_0.1H_EDM-1_1,0.95,100,0.95,1.0,0.05,0.0
GAMETES_Epistasis_2-Way_20atts_0.1H_EDM-1_1,0.95,100,0.95,1.0,0.05,0.0
GAMETES_Epistasis_2-Way_20atts_0.1H_EDM-1_1,0.95,100,0.95,1.0,0.05,0.0
GAMETES_Epistasis_2-Way_20atts_0.1H_EDM-1_1,1.0,100,1.0,1.0,0.0,0.0
GAMETES_Epistasis_2-Way_20atts_0.1H_EDM-1_1,1.0,100,1.0,1.0,0.0,0.0
GAMETES_Epistasis_2-Way_20atts_0.1H_EDM-1_1,1.0,100,1.0,1.0,0.0,0.0
GAMETES_Epistasis_2-Way_20atts_0.1H_EDM-1_1,1.0,100,1.0,1.0,0.0,0.0
GAMETES_Epistasis_2-Way_20atts_0.1H_EDM-1_1,1.0,100,1.0,1.0,0.0,0.0
GAMETES_Epistasis_2-Way_20atts_0.1H_EDM-1_1,1.0,100,1.0,1.0,0.0,0.0
GAMETES_Epistasis_2-Way_20atts_0.1H_EDM-1_1,1.0,100,1.0,1.0,0.0,0.0
GAMETES_Epistasis_2-Way_20atts_0.1H_EDM-1_1,1.0,100,1.0,1.0,0.0,0.0
GAMETES_Epistasis_2-Way_20atts_0.1H_EDM-1_1,1.0,100,1.0,1.0,0.0,0.0
GAMETES_Epistasis_2-Way_20atts_0.1H_EDM-1_1,1.0,100,1.0,1.0,0.0,0.0
GAMETES_Epistasis_2-Way_20atts_0.4H_EDM-1_1,0.0,100,0.0,1.0,1.0,0.0
GAMETES_Epistasis_2-Way_20atts_0.4H_EDM-1_1,0.0,100,0.0,0.0,0.0,0.0
GAMETES_Epistasis_2-Way_20atts_0.4H_EDM-1_1,0.0,100,0.0,0.0,0.0,0.0
GAMETES_Epistasis_2-Way_20atts_0.4H_EDM-1_1,0.0,100,0.0,1.0,1.0,0.0
GAMETES_Epistasis_2-Way_20atts_0.4H_EDM-1_1,0.0,100,0.0,0.33,0.33,0.0
GAMETES_Epistasis_2-Way_20atts_0.4H_EDM-1_1,0.0,100,0.0,0.67,0.67,0.0
GAMETES_Epistasis_2-Way_20atts_0.4H_EDM-1_1,0.0,100,0.0,0.0,0.0,0.0
GAMETES_Epistasis_2-Way_20atts_0.4H_EDM-1_1,0.0,100,0.0,0.67,0.67,0.0
GAMETES_Epistasis_2-Way_20atts_0.4H_EDM-1_1,0.0,100,0.0,1.0,1.0,0.0
GAMETES_Epistasis_2-Way_20atts_0.4H_EDM-1_1,0.0,100,0.0,0.0,0.0,0.0
GAMETES_Epistasis_2-Way_20atts_0.4H_EDM-1_1,0.05,100,0.05,1.0,0.95,0.0
GAMETES_Epistasis_2-Way_20atts_0.4H_EDM-1_1,0.05,100,0.05,0.0,0.05,0.0
GAMETES_Epistasis_2-Way_20atts_0.4H_EDM-1_1,0.05,100,0.05,1.0,0.95,0.0
GAMETES_Epistasis_2-Way_20atts_0.4H_EDM-1_1,0.05,100,0.05,1.0,0.95,0.0
GAMETES_Epistasis_2-Way_20atts_0.4H_EDM-1_1,0.05,100,0.05,0.0,0.05,0.0
GAMETES_Epistasis_2-Way_20atts_0.4H_EDM-1_1,0.05,100,0.05,0.0,0.05,0.0
GAMETES_Epistasis_2-Way_20atts_0.4H_EDM-1_1,0.05,100,0.05,0.0,0.05,0.0
GAMETES_Epistasis_2-Way_20atts_0.4H_EDM-1_1,0.05,100,0.05,0.0,0.05,0.0
GAMETES_Epistasis_2-Way_20atts_0.4H_EDM-1_1,0.05,100,0.05,1.0,0.95,0.0010006427764892578
GAMETES_Epistasis_2-Way_20atts_0.4H_EDM-1_1,0.05,100,0.05,0.0,0.05,0.0
GAMETES_Epistasis_2-Way_20atts_0.4H_EDM-1_1,0.11,100,0.11,1.0,0.89,0.0
GAMETES_Epistasis_2-Way_20atts_0.4H_EDM-1_1,0.11,100,0.11,1.0,0.89,0.0
GAMETES_Epistasis_2-Way_20atts_0.4H_EDM-1_1,0.11,100,0.11,1.0,0.89,0.0
GAMETES_Epistasis_2-Way_20atts_0.4H_EDM-1_1,0.11,100,0.11,1.0,0.89,0.0
GAMETES_Epistasis_2-Way_20atts_0.4H_EDM-1_1,0.11,100,0.11,0.0,0.11,0.0
GAMETES_Epistasis_2-Way_20atts_0.4H_EDM-1_1,0.11,100,0.11,0.0,0.11,0.0
GAMETES_Epistasis_2-Way_20atts_0.4H_EDM-1_1,0.11,100,0.11,1.0,0.89,0.0
GAMETES_Epistasis_2-Way_20atts_0.4H_EDM-1_1,0.11,100,0.11,1.0,0.89,0.0
GAMETES_Epistasis_2-Way_20atts_0.4H_EDM-1_1,0.11,100,0.11,0.0,0.11,0.015078306198120117
GAMETES_Epistasis_2-Way_20atts_0.4H_EDM-1_1,0.11,100,0.11,1.0,0.89,0.0
GAMETES_Epistasis_2-Way_20atts_0.4H_EDM-1_1,0.16,100,0.16,0.0,0.16,0.0
GAMETES_Epistasis_2-Way_20atts_0.4H_EDM-1_1,0.16,100,0.16,0.0,0.16,0.0
GAMETES_Epistasis_2-Way_20atts_0.4H_EDM-1_1,0.16,100,0.16,0.0,0.16,0.0
GAMETES_Epistasis_2-Way_20atts_0.4H_EDM-1_1,0.16,100,0.16,0.33,0.17,0.0
GAMETES_Epistasis_2-Way_20atts_0.4H_EDM-1_1,0.16,100,0.16,0.0,0.16,0.0
GAMETES_Epistasis_2-Way_20atts_0.4H_EDM-1_1,0.16,100,0.16,0.0,0.16,0.0
GAMETES_Epistasis_2-Way_20atts_0.4H_EDM-1_1,0.16,100,0.16,0.0,0.16,0.0
GAMETES_Epistasis_2-Way_20atts_0.4H_EDM-1_1,0.16,100,0.16,0.0,0.16,0.015088319778442383
GAMETES_Epistasis_2-Way_20atts_0.4H_EDM-1_1,0.16,100,0.16,0.67,0.51,0.0
GAMETES_Epistasis_2-Way_20atts_0.4H_EDM-1_1,0.16,100,0.16,0.33,0.17,0.0
GAMETES_Epistasis_2-Way_20atts_0.4H_EDM-1_1,0.21,100,0.21,0.67,0.46,0.0
GAMETES_Epistasis_2-Way_20atts_0.4H_EDM-1_1,0.21,100,0.21,1.0,0.79,0.0
GAMETES_Epistasis_2-Way_20atts_0.4H_EDM-1_1,0.21,100,0.21,0.0,0.21,0.0
GAMETES_Epistasis_2-Way_20atts_0.4H_EDM-1_1,0.21,100,0.21,1.0,0.79,0.0
GAMETES_Epistasis_2-Way_20atts_0.4H_EDM-1_1,0.21,100,0.21,0.0,0.21,0.0
GAMETES_Epistasis_2-Way_20atts_0.4H_EDM-1_1,0.21,100,0.21,0.67,0.46,0.0
GAMETES_Epistasis_2-Way_20atts_0.4H_EDM-1_1,0.21,100,0.21,0.0,0.21,0.0
GAMETES_Epistasis_2-Way_20atts_0.4H_EDM-1_1,0.21,100,0.21,1.0,0.79,0.0
GAMETES_Epistasis_2-Way_20atts_0.4H_EDM-1_1,0.21,100,0.21,0.67,0.46,0.0
GAMETES_Epistasis_2-Way_20atts_0.4H_EDM-1_1,0.21,100,0.21,0.0,0.21,0.0
GAMETES_Epistasis_2-Way_20atts_0.4H_EDM-1_1,0.26,100,0.26,0.0,0.26,0.0
GAMETES_Epistasis_2-Way_20atts_0.4H_EDM-1_1,0.26,100,0.26,1.0,0.74,0.0
GAMETES_Epistasis_2-Way_20atts_0.4H_EDM-1_1,0.26,100,0.26,1.0,0.74,0.0
GAMETES_Epistasis_2-Way_20atts_0.4H_EDM-1_1,0.26,100,0.26,0.0,0.26,0.0
GAMETES_Epistasis_2-Way_20atts_0.4H_EDM-1_1,0.26,100,0.26,0.0,0.26,0.0
GAMETES_Epistasis_2-Way_20atts_0.4H_EDM-1_1,0.26,100,0.26,1.0,0.74,0.0
GAMETES_Epistasis_2-Way_20atts_0.4H_EDM-1_1,0.26,100,0.26,0.0,0.26,0.0
GAMETES_Epistasis_2-Way_20atts_0.4H_EDM-1_1,0.26,100,0.26,1.0,0.74,0.0
GAMETES_Epistasis_2-Way_20atts_0.4H_EDM-1_1,0.26,100,0.26,0.0,0.26,0.0
GAMETES_Epistasis_2-Way_20atts_0.4H_EDM-1_1,0.26,100,0.26,0.0,0.26,0.0
GAMETES_Epistasis_2-Way_20atts_0.4H_EDM-1_1,0.32,100,0.32,1.0,0.68,0.0
GAMETES_Epistasis_2-Way_20atts_0.4H_EDM-1_1,0.32,100,0.32,1.0,0.68,0.0
GAMETES_Epistasis_2-Way_20atts_0.4H_EDM-1_1,0.32,100,0.32,0.0,0.32,0.0
GAMETES_Epistasis_2-Way_20atts_0.4H_EDM-1_1,0.32,100,0.32,0.0,0.32,0.0
GAMETES_Epistasis_2-Way_20atts_0.4H_EDM-1_1,0.32,100,0.32,1.0,0.68,0.0
GAMETES_Epistasis_2-Way_20atts_0.4H_EDM-1_1,0.32,100,0.32,1.0,0.68,0.0
GAMETES_Epistasis_2-Way_20atts_0.4H_EDM-1_1,0.32,100,0.32,0.0,0.32,0.0
GAMETES_Epistasis_2-Way_20atts_0.4H_EDM-1_1,0.32,100,0.32,0.67,0.35,0.0
GAMETES_Epistasis_2-Way_20atts_0.4H_EDM-1_1,0.32,100,0.32,1.0,0.68,0.0
GAMETES_Epistasis_2-Way_20atts_0.4H_EDM-1_1,0.32,100,0.32,1.0,0.68,0.0
GAMETES_Epistasis_2-Way_20atts_0.4H_EDM-1_1,0.37,100,0.37,0.33,0.04,0.0
GAMETES_Epistasis_2-Way_20atts_0.4H_EDM-1_1,0.37,100,0.37,0.0,0.37,0.0
GAMETES_Epistasis_2-Way_20atts_0.4H_EDM-1_1,0.37,100,0.37,0.67,0.3,0.0
GAMETES_Epistasis_2-Way_20atts_0.4H_EDM-1_1,0.37,100,0.37,0.0,0.37,0.0
GAMETES_Epistasis_2-Way_20atts_0.4H_EDM-1_1,0.37,100,0.37,0.67,0.3,0.0
GAMETES_Epistasis_2-Way_20atts_0.4H_EDM-1_1,0.37,100,0.37,0.0,0.37,0.0
GAMETES_Epistasis_2-Way_20atts_0.4H_EDM-1_1,0.37,100,0.37,0.67,0.3,0.0
GAMETES_Epistasis_2-Way_20atts_0.4H_EDM-1_1,0.37,100,0.37,1.0,0.63,0.0
GAMETES_Epistasis_2-Way_20atts_0.4H_EDM-1_1,0.37,100,0.37,0.0,0.37,0.0
GAMETES_Epistasis_2-Way_20atts_0.4H_EDM-1_1,0.37,100,0.37,1.0,0.63,0.0
GAMETES_Epistasis_2-Way_20atts_0.4H_EDM-1_1,0.42,100,0.42,0.0,0.42,0.0
GAMETES_Epistasis_2-Way_20atts_0.4H_EDM-1_1,0.42,100,0.42,0.67,0.25,0.0
GAMETES_Epistasis_2-Way_20atts_0.4H_EDM-1_1,0.42,100,0.42,1.0,0.58,0.0
GAMETES_Epistasis_2-Way_20atts_0.4H_EDM-1_1,0.42,100,0.42,1.0,0.58,0.0
GAMETES_Epistasis_2-Way_20atts_0.4H_EDM-1_1,0.42,100,0.42,0.0,0.42,0.0
GAMETES_Epistasis_2-Way_20atts_0.4H_EDM-1_1,0.42,100,0.42,1.0,0.58,0.0
GAMETES_Epistasis_2-Way_20atts_0.4H_EDM-1_1,0.42,100,0.42,0.0,0.42,0.0
GAMETES_Epistasis_2-Way_20atts_0.4H_EDM-1_1,0.42,100,0.42,0.0,0.42,0.0
GAMETES_Epistasis_2-Way_20atts_0.4H_EDM-1_1,0.42,100,0.42,0.67,0.25,0.0
GAMETES_Epistasis_2-Way_20atts_0.4H_EDM-1_1,0.42,100,0.42,0.0,0.42,0.0009248256683349609
GAMETES_Epistasis_2-Way_20atts_0.4H_EDM-1_1,0.47,100,0.47,1.0,0.53,0.0
GAMETES_Epistasis_2-Way_20atts_0.4H_EDM-1_1,0.47,100,0.47,1.0,0.53,0.0
GAMETES_Epistasis_2-Way_20atts_0.4H_EDM-1_1,0.47,100,0.47,0.0,0.47,0.0
GAMETES_Epistasis_2-Way_20atts_0.4H_EDM-1_1,0.47,100,0.47,0.33,0.14,0.0
GAMETES_Epistasis_2-Way_20atts_0.4H_EDM-1_1,0.47,100,0.47,1.0,0.53,0.0
GAMETES_Epistasis_2-Way_20atts_0.4H_EDM-1_1,0.47,100,0.47,0.67,0.2,0.0
GAMETES_Epistasis_2-Way_20atts_0.4H_EDM-1_1,0.47,100,0.47,1.0,0.53,0.0
GAMETES_Epistasis_2-Way_20atts_0.4H_EDM-1_1,0.47,100,0.47,0.0,0.47,0.0
GAMETES_Epistasis_2-Way_20atts_0.4H_EDM-1_1,0.47,100,0.47,1.0,0.53,0.0
GAMETES_Epistasis_2-Way_20atts_0.4H_EDM-1_1,0.47,100,0.47,1.0,0.53,0.0
GAMETES_Epistasis_2-Way_20atts_0.4H_EDM-1_1,0.53,100,0.53,0.0,0.53,0.0
GAMETES_Epistasis_2-Way_20atts_0.4H_EDM-1_1,0.53,100,0.53,0.67,0.14,0.0
GAMETES_Epistasis_2-Way_20atts_0.4H_EDM-1_1,0.53,100,0.53,1.0,0.47,0.0
GAMETES_Epistasis_2-Way_20atts_0.4H_EDM-1_1,0.53,100,0.53,1.0,0.47,0.0
GAMETES_Epistasis_2-Way_20atts_0.4H_EDM-1_1,0.53,100,0.53,0.0,0.53,0.0
GAMETES_Epistasis_2-Way_20atts_0.4H_EDM-1_1,0.53,100,0.53,0.33,0.2,0.0
GAMETES_Epistasis_2-Way_20atts_0.4H_EDM-1_1,0.53,100,0.53,0.0,0.53,0.0
GAMETES_Epistasis_2-Way_20atts_0.4H_EDM-1_1,0.53,100,0.53,0.0,0.53,0.0
GAMETES_Epistasis_2-Way_20atts_0.4H_EDM-1_1,0.53,100,0.53,1.0,0.47,0.0
GAMETES_Epistasis_2-Way_20atts_0.4H_EDM-1_1,0.53,100,0.53,0.0,0.53,0.0
GAMETES_Epistasis_2-Way_20atts_0.4H_EDM-1_1,0.58,100,0.58,1.0,0.42,0.0
GAMETES_Epistasis_2-Way_20atts_0.4H_EDM-1_1,0.58,100,0.58,1.0,0.42,0.0
GAMETES_Epistasis_2-Way_20atts_0.4H_EDM-1_1,0.58,100,0.58,1.0,0.42,0.0
GAMETES_Epistasis_2-Way_20atts_0.4H_EDM-1_1,0.58,100,0.58,0.0,0.58,0.0
GAMETES_Epistasis_2-Way_20atts_0.4H_EDM-1_1,0.58,100,0.58,0.0,0.58,0.0
GAMETES_Epistasis_2-Way_20atts_0.4H_EDM-1_1,0.58,100,0.58,0.67,0.09,0.0
GAMETES_Epistasis_2-Way_20atts_0.4H_EDM-1_1,0.58,100,0.58,1.0,0.42,0.0
GAMETES_Epistasis_2-Way_20atts_0.4H_EDM-1_1,0.58,100,0.58,0.67,0.09,0.0
GAMETES_Epistasis_2-Way_20atts_0.4H_EDM-1_1,0.58,100,0.58,0.0,0.58,0.0
GAMETES_Epistasis_2-Way_20atts_0.4H_EDM-1_1,0.58,100,0.58,0.33,0.25,0.0
GAMETES_Epistasis_2-Way_20atts_0.4H_EDM-1_1,0.63,100,0.63,1.0,0.37,0.0
GAMETES_Epistasis_2-Way_20atts_0.4H_EDM-1_1,0.63,100,0.63,0.0,0.63,0.0
GAMETES_Epistasis_2-Way_20atts_0.4H_EDM-1_1,0.63,100,0.63,1.0,0.37,0.0
GAMETES_Epistasis_2-Way_20atts_0.4H_EDM-1_1,0.63,100,0.63,1.0,0.37,0.0
GAMETES_Epistasis_2-Way_20atts_0.4H_EDM-1_1,0.63,100,0.63,1.0,0.37,0.0
GAMETES_Epistasis_2-Way_20atts_0.4H_EDM-1_1,0.63,100,0.63,1.0,0.37,0.015622138977050781
GAMETES_Epistasis_2-Way_20atts_0.4H_EDM-1_1,0.63,100,0.63,1.0,0.37,0.0
GAMETES_Epistasis_2-Way_20atts_0.4H_EDM-1_1,0.63,100,0.63,0.67,0.04,0.0
GAMETES_Epistasis_2-Way_20atts_0.4H_EDM-1_1,0.63,100,0.63,0.33,0.3,0.0
GAMETES_Epistasis_2-Way_20atts_0.4H_EDM-1_1,0.63,100,0.63,0.33,0.3,0.0
GAMETES_Epistasis_2-Way_20atts_0.4H_EDM-1_1,0.68,100,0.68,1.0,0.32,0.0
GAMETES_Epistasis_2-Way_20atts_0.4H_EDM-1_1,0.68,100,0.68,1.0,0.32,0.0
GAMETES_Epistasis_2-Way_20atts_0.4H_EDM-1_1,0.68,100,0.68,1.0,0.32,0.0
GAMETES_Epistasis_2-Way_20atts_0.4H_EDM-1_1,0.68,100,0.68,1.0,0.32,0.0
GAMETES_Epistasis_2-Way_20atts_0.4H_EDM-1_1,0.68,100,0.68,1.0,0.32,0.0010094642639160156
GAMETES_Epistasis_2-Way_20atts_0.4H_EDM-1_1,0.68,100,0.68,1.0,0.32,0.0
GAMETES_Epistasis_2-Way_20atts_0.4H_EDM-1_1,0.68,100,0.68,0.0,0.68,0.0
GAMETES_Epistasis_2-Way_20atts_0.4H_EDM-1_1,0.68,100,0.68,0.0,0.68,0.0
GAMETES_Epistasis_2-Way_20atts_0.4H_EDM-1_1,0.68,100,0.68,1.0,0.32,0.0
GAMETES_Epistasis_2-Way_20atts_0.4H_EDM-1_1,0.68,100,0.68,0.0,0.68,0.0
GAMETES_Epistasis_2-Way_20atts_0.4H_EDM-1_1,0.74,100,0.74,0.67,0.07,0.0
GAMETES_Epistasis_2-Way_20atts_0.4H_EDM-1_1,0.74,100,0.74,0.0,0.74,0.0
GAMETES_Epistasis_2-Way_20atts_0.4H_EDM-1_1,0.74,100,0.74,0.0,0.74,0.0
GAMETES_Epistasis_2-Way_20atts_0.4H_EDM-1_1,0.74,100,0.74,0.0,0.74,0.0
GAMETES_Epistasis_2-Way_20atts_0.4H_EDM-1_1,0.74,100,0.74,1.0,0.26,0.0
GAMETES_Epistasis_2-Way_20atts_0.4H_EDM-1_1,0.74,100,0.74,1.0,0.26,0.0
GAMETES_Epistasis_2-Way_20atts_0.4H_EDM-1_1,0.74,100,0.74,1.0,0.26,0.0
GAMETES_Epistasis_2-Way_20atts_0.4H_EDM-1_1,0.74,100,0.74,0.0,0.74,0.0
GAMETES_Epistasis_2-Way_20atts_0.4H_EDM-1_1,0.74,100,0.74,1.0,0.26,0.0
GAMETES_Epistasis_2-Way_20atts_0.4H_EDM-1_1,0.74,100,0.74,0.0,0.74,0.0
GAMETES_Epistasis_2-Way_20atts_0.4H_EDM-1_1,0.79,100,0.79,0.0,0.79,0.0
GAMETES_Epistasis_2-Way_20atts_0.4H_EDM-1_1,0.79,100,0.79,0.0,0.79,0.0
GAMETES_Epistasis_2-Way_20atts_0.4H_EDM-1_1,0.79,100,0.79,1.0,0.21,0.0
GAMETES_Epistasis_2-Way_20atts_0.4H_EDM-1_1,0.79,100,0.79,0.0,0.79,0.0
GAMETES_Epistasis_2-Way_20atts_0.4H_EDM-1_1,0.79,100,0.79,0.0,0.79,0.0
GAMETES_Epistasis_2-Way_20atts_0.4H_EDM-1_1,0.79,100,0.79,1.0,0.21,0.0
GAMETES_Epistasis_2-Way_20atts_0.4H_EDM-1_1,0.79,100,0.79,0.67,0.12,0.0
GAMETES_Epistasis_2-Way_20atts_0.4H_EDM-1_1,0.79,100,0.79,0.0,0.79,0.0
GAMETES_Epistasis_2-Way_20atts_0.4H_EDM-1_1,0.79,100,0.79,0.0,0.79,0.0
GAMETES_Epistasis_2-Way_20atts_0.4H_EDM-1_1,0.79,100,0.79,0.0,0.79,0.0
GAMETES_Epistasis_2-Way_20atts_0.4H_EDM-1_1,0.84,100,0.84,0.67,0.17,0.0
GAMETES_Epistasis_2-Way_20atts_0.4H_EDM-1_1,0.84,100,0.84,1.0,0.16,0.0
GAMETES_Epistasis_2-Way_20atts_0.4H_EDM-1_1,0.84,100,0.84,0.0,0.84,0.0
GAMETES_Epistasis_2-Way_20atts_0.4H_EDM-1_1,0.84,100,0.84,0.0,0.84,0.0
GAMETES_Epistasis_2-Way_20atts_0.4H_EDM-1_1,0.84,100,0.84,0.0,0.84,0.0
GAMETES_Epistasis_2-Way_20atts_0.4H_EDM-1_1,0.84,100,0.84,1.0,0.16,0.0
GAMETES_Epistasis_2-Way_20atts_0.4H_EDM-1_1,0.84,100,0.84,0.0,0.84,0.0
GAMETES_Epistasis_2-Way_20atts_0.4H_EDM-1_1,0.84,100,0.84,0.0,0.84,0.0
GAMETES_Epistasis_2-Way_20atts_0.4H_EDM-1_1,0.84,100,0.84,1.0,0.16,0.0
GAMETES_Epistasis_2-Way_20atts_0.4H_EDM-1_1,0.84,100,0.84,0.0,0.84,0.0
GAMETES_Epistasis_2-Way_20atts_0.4H_EDM-1_1,0.89,100,0.89,1.0,0.11,0.0
GAMETES_Epistasis_2-Way_20atts_0.4H_EDM-1_1,0.89,100,0.89,0.67,0.22,0.0
GAMETES_Epistasis_2-Way_20atts_0.4H_EDM-1_1,0.89,100,0.89,0.0,0.89,0.0
GAMETES_Epistasis_2-Way_20atts_0.4H_EDM-1_1,0.89,100,0.89,1.0,0.11,0.0
GAMETES_Epistasis_2-Way_20atts_0.4H_EDM-1_1,0.89,100,0.89,1.0,0.11,0.0
GAMETES_Epistasis_2-Way_20atts_0.4H_EDM-1_1,0.89,100,0.89,0.0,0.89,0.0
GAMETES_Epistasis_2-Way_20atts_0.4H_EDM-1_1,0.89,100,0.89,1.0,0.11,0.0
GAMETES_Epistasis_2-Way_20atts_0.4H_EDM-1_1,0.89,100,0.89,1.0,0.11,0.0
GAMETES_Epistasis_2-Way_20atts_0.4H_EDM-1_1,0.89,100,0.89,1.0,0.11,0.0
GAMETES_Epistasis_2-Way_20atts_0.4H_EDM-1_1,0.89,100,0.89,0.67,0.22,0.0
GAMETES_Epistasis_2-Way_20atts_0.4H_EDM-1_1,0.95,100,0.95,1.0,0.05,0.0
GAMETES_Epistasis_2-Way_20atts_0.4H_EDM-1_1,0.95,100,0.95,1.0,0.05,0.0
GAMETES_Epistasis_2-Way_20atts_0.4H_EDM-1_1,0.95,100,0.95,0.0,0.95,0.0
GAMETES_Epistasis_2-Way_20atts_0.4H_EDM-1_1,0.95,100,0.95,0.0,0.95,0.0
GAMETES_Epistasis_2-Way_20atts_0.4H_EDM-1_1,0.95,100,0.95,0.0,0.95,0.0
GAMETES_Epistasis_2-Way_20atts_0.4H_EDM-1_1,0.95,100,0.95,0.0,0.95,0.0
GAMETES_Epistasis_2-Way_20atts_0.4H_EDM-1_1,0.95,100,0.95,0.67,0.28,0.0
GAMETES_Epistasis_2-Way_20atts_0.4H_EDM-1_1,0.95,100,0.95,1.0,0.05,0.0
GAMETES_Epistasis_2-Way_20atts_0.4H_EDM-1_1,0.95,100,0.95,1.0,0.05,0.0
GAMETES_Epistasis_2-Way_20atts_0.4H_EDM-1_1,0.95,100,0.95,0.33,0.62,0.0
GAMETES_Epistasis_2-Way_20atts_0.4H_EDM-1_1,1.0,100,1.0,1.0,0.0,0.0
GAMETES_Epistasis_2-Way_20atts_0.4H_EDM-1_1,1.0,100,1.0,0.33,0.67,0.0
GAMETES_Epistasis_2-Way_20atts_0.4H_EDM-1_1,1.0,100,1.0,1.0,0.0,0.0
GAMETES_Epistasis_2-Way_20atts_0.4H_EDM-1_1,1.0,100,1.0,0.0,1.0,0.0
GAMETES_Epistasis_2-Way_20atts_0.4H_EDM-1_1,1.0,100,1.0,0.33,0.67,0.0
GAMETES_Epistasis_2-Way_20atts_0.4H_EDM-1_1,1.0,100,1.0,0.0,1.0,0.0
GAMETES_Epistasis_2-Way_20atts_0.4H_EDM-1_1,1.0,100,1.0,1.0,0.0,0.0
GAMETES_Epistasis_2-Way_20atts_0.4H_EDM-1_1,1.0,100,1.0,0.0,1.0,0.0
GAMETES_Epistasis_2-Way_20atts_0.4H_EDM-1_1,1.0,100,1.0,0.33,0.67,0.0
GAMETES_Epistasis_2-Way_20atts_0.4H_EDM-1_1,1.0,100,1.0,0.0,1.0,0.0
gina_agnostic,0.0,100,0.0,0.0,0.0,0.0
gina_agnostic,0.0,100,0.0,0.0,0.0,0.0
gina_agnostic,0.0,100,0.0,0.0,0.0,0.0
gina_agnostic,0.0,100,0.0,0.0,0.0,0.0
gina_agnostic,0.0,100,0.0,0.0,0.0,0.0
gina_agnostic,0.0,100,0.0,0.0,0.0,0.0
gina_agnostic,0.0,100,0.0,0.07,0.07,0.0
gina_agnostic,0.0,100,0.0,0.0,0.0,0.0
gina_agnostic,0.0,100,0.0,0.01,0.01,0.0
gina_agnostic,0.0,100,0.0,0.04,0.04,0.0
gina_agnostic,0.05,100,0.05,0.03,0.02,0.0
gina_agnostic,0.05,100,0.05,0.11,0.06,0.0
gina_agnostic,0.05,100,0.05,0.04,0.01,0.0
gina_agnostic,0.05,100,0.05,0.12,0.07,0.0
gina_agnostic,0.05,100,0.05,0.08,0.03,0.0
gina_agnostic,0.05,100,0.05,0.01,0.04,0.0
gina_agnostic,0.05,100,0.05,0.15,0.1,0.0
gina_agnostic,0.05,100,0.05,0.08,0.03,0.0
gina_agnostic,0.05,100,0.05,0.01,0.04,0.0
gina_agnostic,0.05,100,0.05,0.07,0.02,0.0
gina_agnostic,0.11,100,0.11,0.07,0.04,0.0
gina_agnostic,0.11,100,0.11,0.12,0.01,0.0
gina_agnostic,0.11,100,0.11,0.11,0.0,0.0
gina_agnostic,0.11,100,0.11,0.12,0.01,0.0
gina_agnostic,0.11,100,0.11,0.1,0.01,0.0
gina_agnostic,0.11,100,0.11,0.08,0.03,0.0
gina_agnostic,0.11,100,0.11,0.12,0.01,0.0
gina_agnostic,0.11,100,0.11,0.14,0.03,0.0
gina_agnostic,0.11,100,0.11,0.01,0.1,0.0
gina_agnostic,0.11,100,0.11,0.08,0.03,0.0
gina_agnostic,0.16,100,0.16,0.21,0.05,0.0
gina_agnostic,0.16,100,0.16,0.15,0.01,0.0
gina_agnostic,0.16,100,0.16,0.18,0.02,0.0
gina_agnostic,0.16,100,0.16,0.21,0.05,0.0
gina_agnostic,0.16,100,0.16,0.14,0.02,0.0
gina_agnostic,0.16,100,0.16,0.12,0.04,0.0
gina_agnostic,0.16,100,0.16,0.15,0.01,0.0
gina_agnostic,0.16,100,0.16,0.23,0.07,0.0
gina_agnostic,0.16,100,0.16,0.11,0.05,0.0
gina_agnostic,0.16,100,0.16,0.16,0.0,0.0
gina_agnostic,0.21,100,0.21,0.16,0.05,0.0
gina_agnostic,0.21,100,0.21,0.19,0.02,0.0
gina_agnostic,0.21,100,0.21,0.18,0.03,0.0
gina_agnostic,0.21,100,0.21,0.26,0.05,0.0
gina_agnostic,0.21,100,0.21,0.26,0.05,0.0
gina_agnostic,0.21,100,0.21,0.23,0.02,0.0
gina_agnostic,0.21,100,0.21,0.19,0.02,0.0
gina_agnostic,0.21,100,0.21,0.27,0.06,0.0
gina_agnostic,0.21,100,0.21,0.21,0.0,0.0009100437164306641
gina_agnostic,0.21,100,0.21,0.21,0.0,0.0
gina_agnostic,0.26,100,0.26,0.19,0.07,0.0
gina_agnostic,0.26,100,0.26,0.25,0.01,0.0
gina_agnostic,0.26,100,0.26,0.29,0.03,0.0
gina_agnostic,0.26,100,0.26,0.23,0.03,0.0
gina_agnostic,0.26,100,0.26,0.34,0.08,0.0
gina_agnostic,0.26,100,0.26,0.25,0.01,0.0
gina_agnostic,0.26,100,0.26,0.34,0.08,0.0
gina_agnostic,0.26,100,0.26,0.29,0.03,0.0
gina_agnostic,0.26,100,0.26,0.34,0.08,0.0
gina_agnostic,0.26,100,0.26,0.23,0.03,0.0
gina_agnostic,0.32,100,0.32,0.34,0.02,0.0
gina_agnostic,0.32,100,0.32,0.3,0.02,0.0
gina_agnostic,0.32,100,0.32,0.36,0.04,0.0
gina_agnostic,0.32,100,0.32,0.33,0.01,0.0
gina_agnostic,0.32,100,0.32,0.37,0.05,0.0
gina_agnostic,0.32,100,0.32,0.3,0.02,0.0
gina_agnostic,0.32,100,0.32,0.26,0.06,0.0
gina_agnostic,0.32,100,0.32,0.29,0.03,0.0
gina_agnostic,0.32,100,0.32,0.27,0.05,0.0
gina_agnostic,0.32,100,0.32,0.22,0.1,0.0
gina_agnostic,0.37,100,0.37,0.38,0.01,0.0
gina_agnostic,0.37,100,0.37,0.38,0.01,0.0
gina_agnostic,0.37,100,0.37,0.33,0.04,0.0
gina_agnostic,0.37,100,0.37,0.37,0.0,0.0
gina_agnostic,0.37,100,0.37,0.36,0.01,0.0005383491516113281
gina_agnostic,0.37,100,0.37,0.32,0.05,0.0
gina_agnostic,0.37,100,0.37,0.32,0.05,0.0
gina_agnostic,0.37,100,0.37,0.34,0.03,0.0
gina_agnostic,0.37,100,0.37,0.34,0.03,0.0
gina_agnostic,0.37,100,0.37,0.25,0.12,0.0
gina_agnostic,0.42,100,0.42,0.47,0.05,0.0
gina_agnostic,0.42,100,0.42,0.42,0.0,0.0
gina_agnostic,0.42,100,0.42,0.44,0.02,0.0
gina_agnostic,0.42,100,0.42,0.38,0.04,0.0
gina_agnostic,0.42,100,0.42,0.45,0.03,0.0
gina_agnostic,0.42,100,0.42,0.36,0.06,0.0
gina_agnostic,0.42,100,0.42,0.49,0.07,0.0
gina_agnostic,0.42,100,0.42,0.44,0.02,0.0
gina_agnostic,0.42,100,0.42,0.45,0.03,0.0
gina_agnostic,0.42,100,0.42,0.47,0.05,0.0
gina_agnostic,0.47,100,0.47,0.52,0.05,0.0
gina_agnostic,0.47,100,0.47,0.42,0.05,0.0
gina_agnostic,0.47,100,0.47,0.51,0.04,0.0003726482391357422
gina_agnostic,0.47,100,0.47,0.44,0.03,0.0
gina_agnostic,0.47,100,0.47,0.49,0.02,0.0
gina_agnostic,0.47,100,0.47,0.42,0.05,0.0
gina_agnostic,0.47,100,0.47,0.49,0.02,0.0
gina_agnostic,0.47,100,0.47,0.49,0.02,0.0
gina_agnostic,0.47,100,0.47,0.49,0.02,0.0
gina_agnostic,0.47,100,0.47,0.45,0.02,0.0
gina_agnostic,0.53,100,0.53,0.53,0.0,0.0
gina_agnostic,0.53,100,0.53,0.52,0.01,0.0
gina_agnostic,0.53,100,0.53,0.58,0.05,0.0
gina_agnostic,0.53,100,0.53,0.51,0.02,0.0
gina_agnostic,0.53,100,0.53,0.56,0.03,0.0
gina_agnostic,0.53,100,0.53,0.55,0.02,0.0
gina_agnostic,0.53,100,0.53,0.52,0.01,0.0
gina_agnostic,0.53,100,0.53,0.51,0.02,0.0
gina_agnostic,0.53,100,0.53,0.51,0.02,0.0
gina_agnostic,0.53,100,0.53,0.53,0.0,0.0
gina_agnostic,0.58,100,0.58,0.49,0.09,0.0
gina_agnostic,0.58,100,0.58,0.6,0.02,0.0
gina_agnostic,0.58,100,0.58,0.58,0.0,0.0
gina_agnostic,0.58,100,0.58,0.64,0.06,0.0
gina_agnostic,0.58,100,0.58,0.62,0.04,0.0
gina_agnostic,0.58,100,0.58,0.66,0.08,0.0010042190551757812
gina_agnostic,0.58,100,0.58,0.6,0.02,0.0
gina_agnostic,0.58,100,0.58,0.66,0.08,0.0
gina_agnostic,0.58,100,0.58,0.63,0.05,0.0
gina_agnostic,0.58,100,0.58,0.55,0.03,0.0
gina_agnostic,0.63,100,0.63,0.66,0.03,0.0
gina_agnostic,0.63,100,0.63,0.63,0.0,0.0
gina_agnostic,0.63,100,0.63,0.62,0.01,0.0
gina_agnostic,0.63,100,0.63,0.6,0.03,0.0
gina_agnostic,0.63,100,0.63,0.66,0.03,0.0
gina_agnostic,0.63,100,0.63,0.67,0.04,0.0
gina_agnostic,0.63,100,0.63,0.62,0.01,0.0
gina_agnostic,0.63,100,0.63,0.7,0.07,0.0
gina_agnostic,0.63,100,0.63,0.52,0.11,0.0
gina_agnostic,0.63,100,0.63,0.6,0.03,0.0
gina_agnostic,0.68,100,0.68,0.64,0.04,0.0
gina_agnostic,0.68,100,0.68,0.7,0.02,0.0
gina_agnostic,0.68,100,0.68,0.58,0.1,0.0
gina_agnostic,0.68,100,0.68,0.77,0.09,0.0
gina_agnostic,0.68,100,0.68,0.7,0.02,0.0
gina_agnostic,0.68,100,0.68,0.64,0.04,0.0
gina_agnostic,0.68,100,0.68,0.75,0.07,0.0
gina_agnostic,0.68,100,0.68,0.71,0.03,0.0
gina_agnostic,0.68,100,0.68,0.71,0.03,0.0
gina_agnostic,0.68,100,0.68,0.67,0.01,0.0
gina_agnostic,0.74,100,0.74,0.75,0.01,0.0
gina_agnostic,0.74,100,0.74,0.67,0.07,0.0
gina_agnostic,0.74,100,0.74,0.78,0.04,0.0
gina_agnostic,0.74,100,0.74,0.7,0.04,0.0
gina_agnostic,0.74,100,0.74,0.7,0.04,0.0002460479736328125
gina_agnostic,0.74,100,0.74,0.7,0.04,0.0
gina_agnostic,0.74,100,0.74,0.77,0.03,0.0
gina_agnostic,0.74,100,0.74,0.77,0.03,0.0
gina_agnostic,0.74,100,0.74,0.74,0.0,0.0
gina_agnostic,0.74,100,0.74,0.71,0.03,0.0
gina_agnostic,0.79,100,0.79,0.81,0.02,0.0
gina_agnostic,0.79,100,0.79,0.78,0.01,0.0
gina_agnostic,0.79,100,0.79,0.82,0.03,0.0
gina_agnostic,0.79,100,0.79,0.85,0.06,0.0002579689025878906
gina_agnostic,0.79,100,0.79,0.78,0.01,0.0
gina_agnostic,0.79,100,0.79,0.86,0.07,0.0
gina_agnostic,0.79,100,0.79,0.74,0.05,0.0
gina_agnostic,0.79,100,0.79,0.84,0.05,0.0
gina_agnostic,0.79,100,0.79,0.86,0.07,0.0
gina_agnostic,0.79,100,0.79,0.82,0.03,0.0
gina_agnostic,0.84,100,0.84,0.88,0.04,0.0
gina_agnostic,0.84,100,0.84,0.82,0.02,0.0
gina_agnostic,0.84,100,0.84,0.85,0.01,0.0
gina_agnostic,0.84,100,0.84,0.82,0.02,0.0
gina_agnostic,0.84,100,0.84,0.85,0.01,0.0
gina_agnostic,0.84,100,0.84,0.85,0.01,0.0
gina_agnostic,0.84,100,0.84,0.77,0.07,0.0
gina_agnostic,0.84,100,0.84,0.78,0.06,0.0
gina_agnostic,0.84,100,0.84,0.79,0.05,0.0
gina_agnostic,0.84,100,0.84,0.84,0.0,0.0
gina_agnostic,0.89,100,0.89,0.92,0.03,0.0
gina_agnostic,0.89,100,0.89,0.89,0.0,0.0
gina_agnostic,0.89,100,0.89,0.88,0.01,0.0
gina_agnostic,0.89,100,0.89,0.88,0.01,0.0
gina_agnostic,0.89,100,0.89,0.85,0.04,0.0
gina_agnostic,0.89,100,0.89,0.89,0.0,0.0
gina_agnostic,0.89,100,0.89,0.84,0.05,0.0
gina_agnostic,0.89,100,0.89,0.88,0.01,0.0
gina_agnostic,0.89,100,0.89,0.93,0.04,0.0
gina_agnostic,0.89,100,0.89,0.82,0.07,0.0
gina_agnostic,0.95,100,0.95,0.93,0.02,0.0
gina_agnostic,0.95,100,0.95,0.82,0.13,0.0
gina_agnostic,0.95,100,0.95,1.0,0.05,0.0
gina_agnostic,0.95,100,0.95,0.9,0.05,0.0
gina_agnostic,0.95,100,0.95,0.89,0.06,0.0
gina_agnostic,0.95,100,0.95,0.93,0.02,0.0
gina_agnostic,0.95,100,0.95,0.97,0.02,0.0
gina_agnostic,0.95,100,0.95,1.0,0.05,0.0
gina_agnostic,0.95,100,0.95,1.0,0.05,0.0
gina_agnostic,0.95,100,0.95,0.95,0.0,0.0
gina_agnostic,1.0,100,1.0,0.97,0.03,0.0
gina_agnostic,1.0,100,1.0,1.0,0.0,0.0
gina_agnostic,1.0,100,1.0,1.0,0.0,0.0
gina_agnostic,1.0,100,1.0,0.96,0.04,0.0
gina_agnostic,1.0,100,1.0,0.96,0.04,0.0
gina_agnostic,1.0,100,1.0,1.0,0.0,0.0
gina_agnostic,1.0,100,1.0,0.99,0.01,0.0
gina_agnostic,1.0,100,1.0,0.99,0.01,0.0
gina_agnostic,1.0,100,1.0,1.0,0.0,0.0
gina_agnostic,1.0,100,1.0,0.97,0.03,0.0
kin8nm,0.0,100,0.0,0.1,0.1,0.0
kin8nm,0.0,100,0.0,0.25,0.25,0.0
kin8nm,0.0,100,0.0,0.17,0.17,0.0
kin8nm,0.0,100,0.0,0.0,0.0,0.0
kin8nm,0.0,100,0.0,0.02,0.02,0.0
kin8nm,0.0,100,0.0,0.0,0.0,0.0
kin8nm,0.0,100,0.0,0.0,0.0,0.0
kin8nm,0.0,100,0.0,0.0,0.0,0.0
kin8nm,0.0,100,0.0,0.04,0.04,0.0
kin8nm,0.0,100,0.0,0.0,0.0,0.0
kin8nm,0.05,100,0.05,0.12,0.07,0.0
kin8nm,0.05,100,0.05,0.08,0.03,0.0
kin8nm,0.05,100,0.05,0.06,0.01,0.0
kin8nm,0.05,100,0.05,0.08,0.03,0.0
kin8nm,0.05,100,0.05,0.0,0.05,0.0
kin8nm,0.05,100,0.05,0.17,0.12,0.0
kin8nm,0.05,100,0.05,0.0,0.05,0.0
kin8nm,0.05,100,0.05,0.33,0.28,0.0
kin8nm,0.05,100,0.05,0.19,0.14,0.015636920928955078
kin8nm,0.05,100,0.05,0.12,0.07,0.0
kin8nm,0.11,100,0.11,0.17,0.06,0.0
kin8nm,0.11,100,0.11,0.15,0.04,0.0
kin8nm,0.11,100,0.11,0.19,0.08,0.0
kin8nm,0.11,100,0.11,0.0,0.11,0.0
kin8nm,0.11,100,0.11,0.04,0.07,0.0
kin8nm,0.11,100,0.11,0.12,0.01,0.0
kin8nm,0.11,100,0.11,0.12,0.01,0.0
kin8nm,0.11,100,0.11,0.0,0.11,0.0
kin8nm,0.11,100,0.11,0.12,0.01,0.0
kin8nm,0.11,100,0.11,0.12,0.01,0.0
kin8nm,0.16,100,0.16,0.23,0.07,0.0
kin8nm,0.16,100,0.16,0.23,0.07,0.0010001659393310547
kin8nm,0.16,100,0.16,0.23,0.07,0.0
kin8nm,0.16,100,0.16,0.25,0.09,0.00010657310485839844
kin8nm,0.16,100,0.16,0.15,0.01,0.0
kin8nm,0.16,100,0.16,0.23,0.07,0.0
kin8nm,0.16,100,0.16,0.33,0.17,0.0
kin8nm,0.16,100,0.16,0.25,0.09,0.0
kin8nm,0.16,100,0.16,0.23,0.07,0.0
kin8nm,0.16,100,0.16,0.21,0.05,0.0
kin8nm,0.21,100,0.21,0.15,0.06,0.0
kin8nm,0.21,100,0.21,0.15,0.06,0.0
kin8nm,0.21,100,0.21,0.15,0.06,0.0
kin8nm,0.21,100,0.21,0.33,0.12,0.0
kin8nm,0.21,100,0.21,0.23,0.02,0.0
kin8nm,0.21,100,0.21,0.23,0.02,0.0
kin8nm,0.21,100,0.21,0.31,0.1,0.0
kin8nm,0.21,100,0.21,0.25,0.04,0.0
kin8nm,0.21,100,0.21,0.1,0.11,0.0
kin8nm,0.21,100,0.21,0.29,0.08,0.0
kin8nm,0.26,100,0.26,0.12,0.14,0.0
kin8nm,0.26,100,0.26,0.25,0.01,0.0
kin8nm,0.26,100,0.26,0.46,0.2,0.0
kin8nm,0.26,100,0.26,0.33,0.07,0.0
kin8nm,0.26,100,0.26,0.29,0.03,0.0
kin8nm,0.26,100,0.26,0.21,0.05,0.0
kin8nm,0.26,100,0.26,0.35,0.09,0.0
kin8nm,0.26,100,0.26,0.33,0.07,0.0
kin8nm,0.26,100,0.26,0.27,0.01,0.0
kin8nm,0.26,100,0.26,0.27,0.01,0.0
kin8nm,0.32,100,0.32,0.27,0.05,0.0
kin8nm,0.32,100,0.32,0.42,0.1,0.0
kin8nm,0.32,100,0.32,0.29,0.03,0.0
kin8nm,0.32,100,0.32,0.35,0.03,0.0
kin8nm,0.32,100,0.32,0.29,0.03,0.0
kin8nm,0.32,100,0.32,0.35,0.03,0.0008957386016845703
kin8nm,0.32,100,0.32,0.19,0.13,0.0
kin8nm,0.32,100,0.32,0.4,0.08,0.0
kin8nm,0.32,100,0.32,0.33,0.01,0.0
kin8nm,0.32,100,0.32,0.21,0.11,0.0
kin8nm,0.37,100,0.37,0.4,0.03,0.0
kin8nm,0.37,100,0.37,0.4,0.03,0.0
kin8nm,0.37,100,0.37,0.35,0.02,0.0
kin8nm,0.37,100,0.37,0.42,0.05,0.0
kin8nm,0.37,100,0.37,0.46,0.09,0.0
kin8nm,0.37,100,0.37,0.42,0.05,0.0
kin8nm,0.37,100,0.37,0.54,0.17,0.0
kin8nm,0.37,100,0.37,0.33,0.04,0.0
kin8nm,0.37,100,0.37,0.4,0.03,0.0
kin8nm,0.37,100,0.37,0.35,0.02,0.0
kin8nm,0.42,100,0.42,0.38,0.04,0.0
kin8nm,0.42,100,0.42,0.46,0.04,0.0
kin8nm,0.42,100,0.42,0.5,0.08,0.0
kin8nm,0.42,100,0.42,0.44,0.02,0.0
kin8nm,0.42,100,0.42,0.44,0.02,0.0
kin8nm,0.42,100,0.42,0.35,0.07,0.0
kin8nm,0.42,100,0.42,0.63,0.21,0.0
kin8nm,0.42,100,0.42,0.48,0.06,0.0
kin8nm,0.42,100,0.42,0.29,0.13,0.0
kin8nm,0.42,100,0.42,0.56,0.14,0.0
kin8nm,0.47,100,0.47,0.56,0.09,0.0
kin8nm,0.47,100,0.47,0.42,0.05,0.0
kin8nm,0.47,100,0.47,0.56,0.09,0.0
kin8nm,0.47,100,0.47,0.6,0.13,0.0
kin8nm,0.47,100,0.47,0.48,0.01,0.0
kin8nm,0.47,100,0.47,0.54,0.07,0.0
kin8nm,0.47,100,0.47,0.52,0.05,0.0
kin8nm,0.47,100,0.47,0.5,0.03,0.0
kin8nm,0.47,100,0.47,0.4,0.07,0.0
kin8nm,0.47,100,0.47,0.44,0.03,0.0
kin8nm,0.53,100,0.53,0.5,0.03,0.0
kin8nm,0.53,100,0.53,0.58,0.05,0.0
kin8nm,0.53,100,0.53,0.48,0.05,0.0
kin8nm,0.53,100,0.53,0.71,0.18,0.0
kin8nm,0.53,100,0.53,0.54,0.01,0.0
kin8nm,0.53,100,0.53,0.48,0.05,0.0
kin8nm,0.53,100,0.53,0.63,0.1,0.0
kin8nm,0.53,100,0.53,0.42,0.11,0.0
kin8nm,0.53,100,0.53,0.58,0.05,0.0
kin8nm,0.53,100,0.53,0.5,0.03,0.0
kin8nm,0.58,100,0.58,0.56,0.02,0.0
kin8nm,0.58,100,0.58,0.67,0.09,0.0
kin8nm,0.58,100,0.58,0.4,0.18,0.0
kin8nm,0.58,100,0.58,0.56,0.02,0.0
kin8nm,0.58,100,0.58,0.63,0.05,0.0
kin8nm,0.58,100,0.58,0.77,0.19,0.0
kin8nm,0.58,100,0.58,0.44,0.14,0.0
kin8nm,0.58,100,0.58,0.54,0.04,0.0
kin8nm,0.58,100,0.58,0.52,0.06,0.0
kin8nm,0.58,100,0.58,0.58,0.0,0.0
kin8nm,0.63,100,0.63,0.67,0.04,0.0
kin8nm,0.63,100,0.63,0.77,0.14,0.0
kin8nm,0.63,100,0.63,0.54,0.09,0.0
kin8nm,0.63,100,0.63,0.54,0.09,0.0
kin8nm,0.63,100,0.63,0.67,0.04,0.0
kin8nm,0.63,100,0.63,0.65,0.02,0.0
kin8nm,0.63,100,0.63,0.56,0.07,0.0
kin8nm,0.63,100,0.63,0.67,0.04,0.0
kin8nm,0.63,100,0.63,0.67,0.04,0.0
kin8nm,0.63,100,0.63,0.73,0.1,0.0
kin8nm,0.68,100,0.68,0.69,0.01,0.0
kin8nm,0.68,100,0.68,0.73,0.05,0.0
kin8nm,0.68,100,0.68,0.79,0.11,0.015629053115844727
kin8nm,0.68,100,0.68,0.71,0.03,0.0
kin8nm,0.68,100,0.68,0.81,0.13,0.0010001659393310547
kin8nm,0.68,100,0.68,0.65,0.03,0.0
kin8nm,0.68,100,0.68,0.71,0.03,0.0
kin8nm,0.68,100,0.68,0.67,0.01,0.0
kin8nm,0.68,100,0.68,0.69,0.01,0.0
kin8nm,0.68,100,0.68,0.67,0.01,0.0
kin8nm,0.74,100,0.74,0.83,0.09,0.0
kin8nm,0.74,100,0.74,0.75,0.01,0.0
kin8nm,0.74,100,0.74,0.83,0.09,0.0
kin8nm,0.74,100,0.74,0.79,0.05,0.0
kin8nm,0.74,100,0.74,0.69,0.05,0.0
kin8nm,0.74,100,0.74,0.75,0.01,0.0
kin8nm,0.74,100,0.74,0.75,0.01,0.0
kin8nm,0.74,100,0.74,0.73,0.01,0.0
kin8nm,0.74,100,0.74,0.77,0.03,0.0
kin8nm,0.74,100,0.74,0.81,0.07,0.0
kin8nm,0.79,100,0.79,0.83,0.04,0.0
kin8nm,0.79,100,0.79,0.79,0.0,0.0
kin8nm,0.79,100,0.79,0.75,0.04,0.0
kin8nm,0.79,100,0.79,0.85,0.06,0.0
kin8nm,0.79,100,0.79,0.79,0.0,0.0
kin8nm,0.79,100,0.79,0.71,0.08,0.0
kin8nm,0.79,100,0.79,0.75,0.04,0.0
kin8nm,0.79,100,0.79,0.92,0.13,0.0
kin8nm,0.79,100,0.79,0.94,0.15,0.0
kin8nm,0.79,100,0.79,0.73,0.06,0.0
kin8nm,0.84,100,0.84,0.69,0.15,0.0
kin8nm,0.84,100,0.84,0.83,0.01,0.0
kin8nm,0.84,100,0.84,0.79,0.05,0.0
kin8nm,0.84,100,0.84,0.9,0.06,0.0
kin8nm,0.84,100,0.84,1.0,0.16,0.0
kin8nm,0.84,100,0.84,0.75,0.09,0.0
kin8nm,0.84,100,0.84,1.0,0.16,0.0
kin8nm,0.84,100,0.84,0.98,0.14,0.0008628368377685547
kin8nm,0.84,100,0.84,0.79,0.05,0.0
kin8nm,0.84,100,0.84,0.85,0.01,0.0
kin8nm,0.89,100,0.89,1.0,0.11,0.0
kin8nm,0.89,100,0.89,0.77,0.12,0.0
kin8nm,0.89,100,0.89,0.81,0.08,0.0
kin8nm,0.89,100,0.89,1.0,0.11,0.0
kin8nm,0.89,100,0.89,0.96,0.07,0.0
kin8nm,0.89,100,0.89,0.94,0.05,0.0
kin8nm,0.89,100,0.89,0.98,0.09,0.0
kin8nm,0.89,100,0.89,0.96,0.07,0.0
kin8nm,0.89,100,0.89,0.98,0.09,0.0
kin8nm,0.89,100,0.89,0.94,0.05,0.0
kin8nm,0.95,100,0.95,1.0,0.05,0.0
kin8nm,0.95,100,0.95,1.0,0.05,0.0
kin8nm,0.95,100,0.95,0.94,0.01,0.0
kin8nm,0.95,100,0.95,1.0,0.05,0.0
kin8nm,0.95,100,0.95,1.0,0.05,0.0
kin8nm,0.95,100,0.95,0.9,0.05,0.0
kin8nm,0.95,100,0.95,0.9,0.05,0.0
kin8nm,0.95,100,0.95,1.0,0.05,0.0
kin8nm,0.95,100,0.95,1.0,0.05,0.0
kin8nm,0.95,100,0.95,0.94,0.01,0.0
kin8nm,1.0,100,1.0,1.0,0.0,0.0
kin8nm,1.0,100,1.0,0.83,0.17,0.0
kin8nm,1.0,100,1.0,1.0,0.0,0.0
kin8nm,1.0,100,1.0,1.0,0.0,0.0
kin8nm,1.0,100,1.0,1.0,0.0,0.0
kin8nm,1.0,100,1.0,1.0,0.0,0.0
kin8nm,1.0,100,1.0,0.94,0.06,0.0
kin8nm,1.0,100,1.0,0.83,0.17,0.0
kin8nm,1.0,100,1.0,1.0,0.0,0.0
kin8nm,1.0,100,1.0,1.0,0.0,0.0
parity5_plus_5,0.0,100,0.0,0.0,0.0,0.0
parity5_plus_5,0.0,100,0.0,0.0,0.0,0.0
parity5_plus_5,0.0,100,0.0,0.0,0.0,0.0
parity5_plus_5,0.0,100,0.0,0.0,0.0,0.011084318161010742
parity5_plus_5,0.0,100,0.0,0.0,0.0,0.0
parity5_plus_5,0.0,100,0.0,0.0,0.0,0.0
parity5_plus_5,0.0,100,0.0,0.0,0.0,0.0
parity5_plus_5,0.0,100,0.0,0.0,0.0,0.0
parity5_plus_5,0.0,100,0.0,0.0,0.0,0.0
parity5_plus_5,0.0,100,0.0,0.0,0.0,0.0
parity5_plus_5,0.05,100,0.05,0.0,0.05,0.0
parity5_plus_5,0.05,100,0.05,0.0,0.05,0.0
parity5_plus_5,0.05,100,0.05,0.5,0.45,0.0
parity5_plus_5,0.05,100,0.05,0.0,0.05,0.0
parity5_plus_5,0.05,100,0.05,0.0,0.05,0.0
parity5_plus_5,0.05,100,0.05,0.5,0.45,0.0
parity5_plus_5,0.05,100,0.05,1.0,0.95,0.0
parity5_plus_5,0.05,100,0.05,0.0,0.05,0.0
parity5_plus_5,0.05,100,0.05,0.5,0.45,0.0
parity5_plus_5,0.05,100,0.05,0.0,0.05,0.0
parity5_plus_5,0.11,100,0.11,0.0,0.11,0.0
parity5_plus_5,0.11,100,0.11,0.0,0.11,0.0
parity5_plus_5,0.11,100,0.11,0.0,0.11,0.0
parity5_plus_5,0.11,100,0.11,0.0,0.11,0.0
parity5_plus_5,0.11,100,0.11,0.0,0.11,0.0
parity5_plus_5,0.11,100,0.11,0.0,0.11,0.0
parity5_plus_5,0.11,100,0.11,0.0,0.11,0.0
parity5_plus_5,0.11,100,0.11,0.0,0.11,0.0
parity5_plus_5,0.11,100,0.11,0.0,0.11,0.0
parity5_plus_5,0.11,100,0.11,0.0,0.11,0.0
parity5_plus_5,0.16,100,0.16,0.0,0.16,0.0
parity5_plus_5,0.16,100,0.16,0.0,0.16,0.0
parity5_plus_5,0.16,100,0.16,0.0,0.16,0.0
parity5_plus_5,0.16,100,0.16,0.0,0.16,0.0
parity5_plus_5,0.16,100,0.16,0.0,0.16,0.0
parity5_plus_5,0.16,100,0.16,0.0,0.16,0.0
parity5_plus_5,0.16,100,0.16,1.0,0.84,0.0
parity5_plus_5,0.16,100,0.16,0.0,0.16,0.0
parity5_plus_5,0.16,100,0.16,0.0,0.16,0.0
parity5_plus_5,0.16,100,0.16,0.0,0.16,0.0
parity5_plus_5,0.21,100,0.21,0.0,0.21,0.0
parity5_plus_5,0.21,100,0.21,1.0,0.79,0.0
parity5_plus_5,0.21,100,0.21,1.0,0.79,0.0
parity5_plus_5,0.21,100,0.21,0.0,0.21,0.0
parity5_plus_5,0.21,100,0.21,0.0,0.21,0.0
parity5_plus_5,0.21,100,0.21,0.0,0.21,0.0
parity5_plus_5,0.21,100,0.21,0.0,0.21,0.0
parity5_plus_5,0.21,100,0.21,0.0,0.21,0.0
parity5_plus_5,0.21,100,0.21,0.0,0.21,0.0
parity5_plus_5,0.21,100,0.21,0.5,0.29,0.0
parity5_plus_5,0.26,100,0.26,0.0,0.26,0.0
parity5_plus_5,0.26,100,0.26,0.0,0.26,0.0
parity5_plus_5,0.26,100,0.26,0.0,0.26,0.0
parity5_plus_5,0.26,100,0.26,0.5,0.24,0.0
parity5_plus_5,0.26,100,0.26,0.5,0.24,0.0030846595764160156
parity5_plus_5,0.26,100,0.26,0.5,0.24,0.0
parity5_plus_5,0.26,100,0.26,0.0,0.26,0.0
parity5_plus_5,0.26,100,0.26,0.0,0.26,0.0
parity5_plus_5,0.26,100,0.26,1.0,0.74,0.0
parity5_plus_5,0.26,100,0.26,0.0,0.26,0.0
parity5_plus_5,0.32,100,0.32,0.0,0.32,0.0
parity5_plus_5,0.32,100,0.32,0.5,0.18,0.0
parity5_plus_5,0.32,100,0.32,0.0,0.32,0.0
parity5_plus_5,0.32,100,0.32,0.0,0.32,0.0
parity5_plus_5,0.32,100,0.32,0.5,0.18,0.0
parity5_plus_5,0.32,100,0.32,0.0,0.32,0.0
parity5_plus_5,0.32,100,0.32,1.0,0.68,0.0
parity5_plus_5,0.32,100,0.32,0.5,0.18,0.0
parity5_plus_5,0.32,100,0.32,0.0,0.32,0.0
parity5_plus_5,0.32,100,0.32,1.0,0.68,0.0
parity5_plus_5,0.37,100,0.37,0.0,0.37,0.0
parity5_plus_5,0.37,100,0.37,0.0,0.37,0.0
parity5_plus_5,0.37,100,0.37,0.0,0.37,0.0
parity5_plus_5,0.37,100,0.37,0.0,0.37,0.0009949207305908203
parity5_plus_5,0.37,100,0.37,0.5,0.13,0.0
parity5_plus_5,0.37,100,0.37,1.0,0.63,0.0
parity5_plus_5,0.37,100,0.37,0.5,0.13,0.0
parity5_plus_5,0.37,100,0.37,0.0,0.37,0.0
parity5_plus_5,0.37,100,0.37,0.0,0.37,0.0
parity5_plus_5,0.37,100,0.37,0.0,0.37,0.0
parity5_plus_5,0.42,100,0.42,1.0,0.58,0.0
parity5_plus_5,0.42,100,0.42,0.0,0.42,0.0
parity5_plus_5,0.42,100,0.42,0.0,0.42,0.0
parity5_plus_5,0.42,100,0.42,0.5,0.08,0.0
parity5_plus_5,0.42,100,0.42,0.0,0.42,0.0
parity5_plus_5,0.42,100,0.42,1.0,0.58,0.0
parity5_plus_5,0.42,100,0.42,0.0,0.42,0.0
parity5_plus_5,0.42,100,0.42,0.0,0.42,0.0
parity5_plus_5,0.42,100,0.42,0.5,0.08,0.0
parity5_plus_5,0.42,100,0.42,0.0,0.42,0.0
parity5_plus_5,0.47,100,0.47,0.0,0.47,0.0010879039764404297
parity5_plus_5,0.47,100,0.47,1.0,0.53,0.0
parity5_plus_5,0.47,100,0.47,1.0,0.53,0.0
parity5_plus_5,0.47,100,0.47,1.0,0.53,0.0
parity5_plus_5,0.47,100,0.47,0.5,0.03,0.0
parity5_plus_5,0.47,100,0.47,0.0,0.47,0.0
parity5_plus_5,0.47,100,0.47,0.0,0.47,0.0
parity5_plus_5,0.47,100,0.47,0.5,0.03,0.0
parity5_plus_5,0.47,100,0.47,0.5,0.03,0.0
parity5_plus_5,0.47,100,0.47,0.5,0.03,0.0
parity5_plus_5,0.53,100,0.53,0.0,0.53,0.0
parity5_plus_5,0.53,100,0.53,1.0,0.47,0.0
parity5_plus_5,0.53,100,0.53,0.0,0.53,0.0
parity5_plus_5,0.53,100,0.53,0.0,0.53,0.0
parity5_plus_5,0.53,100,0.53,0.0,0.53,0.0
parity5_plus_5,0.53,100,0.53,0.0,0.53,0.0
parity5_plus_5,0.53,100,0.53,0.0,0.53,0.0
parity5_plus_5,0.53,100,0.53,1.0,0.47,0.0
parity5_plus_5,0.53,100,0.53,0.5,0.03,0.0
parity5_plus_5,0.53,100,0.53,0.0,0.53,0.0
parity5_plus_5,0.58,100,0.58,0.5,0.08,0.0
parity5_plus_5,0.58,100,0.58,0.0,0.58,0.0
parity5_plus_5,0.58,100,0.58,0.0,0.58,0.0
parity5_plus_5,0.58,100,0.58,0.0,0.58,0.0
parity5_plus_5,0.58,100,0.58,0.0,0.58,0.0
parity5_plus_5,0.58,100,0.58,0.0,0.58,0.0
parity5_plus_5,0.58,100,0.58,0.0,0.58,0.0
parity5_plus_5,0.58,100,0.58,0.0,0.58,0.0
parity5_plus_5,0.58,100,0.58,1.0,0.42,0.0
parity5_plus_5,0.58,100,0.58,0.0,0.58,0.0
parity5_plus_5,0.63,100,0.63,1.0,0.37,0.0
parity5_plus_5,0.63,100,0.63,0.0,0.63,0.0
parity5_plus_5,0.63,100,0.63,0.0,0.63,0.0
parity5_plus_5,0.63,100,0.63,0.5,0.13,0.0
parity5_plus_5,0.63,100,0.63,0.0,0.63,0.0
parity5_plus_5,0.63,100,0.63,0.0,0.63,0.0
parity5_plus_5,0.63,100,0.63,0.0,0.63,0.0
parity5_plus_5,0.63,100,0.63,0.0,0.63,0.0
parity5_plus_5,0.63,100,0.63,0.0,0.63,0.0
parity5_plus_5,0.63,100,0.63,0.0,0.63,0.0
parity5_plus_5,0.68,100,0.68,0.0,0.68,0.0
parity5_plus_5,0.68,100,0.68,0.0,0.68,0.0
parity5_plus_5,0.68,100,0.68,0.5,0.18,0.0
parity5_plus_5,0.68,100,0.68,1.0,0.32,0.0
parity5_plus_5,0.68,100,0.68,0.0,0.68,0.0
parity5_plus_5,0.68,100,0.68,0.0,0.68,0.0
parity5_plus_5,0.68,100,0.68,0.0,0.68,0.0
parity5_plus_5,0.68,100,0.68,1.0,0.32,0.0009965896606445312
parity5_plus_5,0.68,100,0.68,0.0,0.68,0.0
parity5_plus_5,0.68,100,0.68,0.0,0.68,0.0
parity5_plus_5,0.74,100,0.74,1.0,0.26,0.0
parity5_plus_5,0.74,100,0.74,1.0,0.26,0.0
parity5_plus_5,0.74,100,0.74,0.0,0.74,0.0
parity5_plus_5,0.74,100,0.74,0.5,0.24,0.0
parity5_plus_5,0.74,100,0.74,1.0,0.26,0.0
parity5_plus_5,0.74,100,0.74,0.0,0.74,0.0
parity5_plus_5,0.74,100,0.74,1.0,0.26,0.0
parity5_plus_5,0.74,100,0.74,0.5,0.24,0.0
parity5_plus_5,0.74,100,0.74,0.0,0.74,0.0
parity5_plus_5,0.74,100,0.74,0.0,0.74,0.0
parity5_plus_5,0.79,100,0.79,0.0,0.79,0.0
parity5_plus_5,0.79,100,0.79,1.0,0.21,0.0
parity5_plus_5,0.79,100,0.79,1.0,0.21,0.0
parity5_plus_5,0.79,100,0.79,1.0,0.21,0.000997304916381836
parity5_plus_5,0.79,100,0.79,1.0,0.21,0.0
parity5_plus_5,0.79,100,0.79,0.5,0.29,0.0
parity5_plus_5,0.79,100,0.79,1.0,0.21,0.0009958744049072266
parity5_plus_5,0.79,100,0.79,0.0,0.79,0.0
parity5_plus_5,0.79,100,0.79,0.0,0.79,0.0
parity5_plus_5,0.79,100,0.79,0.5,0.29,0.0
parity5_plus_5,0.84,100,0.84,1.0,0.16,0.0
parity5_plus_5,0.84,100,0.84,0.5,0.34,0.0
parity5_plus_5,0.84,100,0.84,1.0,0.16,0.0
parity5_plus_5,0.84,100,0.84,0.5,0.34,0.0
parity5_plus_5,0.84,100,0.84,0.0,0.84,0.0
parity5_plus_5,0.84,100,0.84,1.0,0.16,0.0
parity5_plus_5,0.84,100,0.84,0.0,0.84,0.0
parity5_plus_5,0.84,100,0.84,1.0,0.16,0.0
parity5_plus_5,0.84,100,0.84,0.0,0.84,0.0
parity5_plus_5,0.84,100,0.84,1.0,0.16,0.0
parity5_plus_5,0.89,100,0.89,1.0,0.11,0.0
parity5_plus_5,0.89,100,0.89,1.0,0.11,0.0
parity5_plus_5,0.89,100,0.89,1.0,0.11,0.0
parity5_plus_5,0.89,100,0.89,0.0,0.89,0.0
parity5_plus_5,0.89,100,0.89,1.0,0.11,0.0
parity5_plus_5,0.89,100,0.89,0.5,0.39,0.0
parity5_plus_5,0.89,100,0.89,0.5,0.39,0.0
parity5_plus_5,0.89,100,0.89,1.0,0.11,0.0
parity5_plus_5,0.89,100,0.89,1.0,0.11,0.0
parity5_plus_5,0.89,100,0.89,1.0,0.11,0.0
parity5_plus_5,0.95,100,0.95,1.0,0.05,0.0
parity5_plus_5,0.95,100,0.95,0.0,0.95,0.0
parity5_plus_5,0.95,100,0.95,1.0,0.05,0.0
parity5_plus_5,0.95,100,0.95,1.0,0.05,0.0
parity5_plus_5,0.95,100,0.95,1.0,0.05,0.0
parity5_plus_5,0.95,100,0.95,1.0,0.05,0.0
parity5_plus_5,0.95,100,0.95,0.0,0.95,0.0
parity5_plus_5,0.95,100,0.95,0.0,0.95,0.0
parity5_plus_5,0.95,100,0.95,1.0,0.05,0.0
parity5_plus_5,0.95,100,0.95,0.0,0.95,0.0
parity5_plus_5,1.0,100,1.0,0.0,1.0,0.0
parity5_plus_5,1.0,100,1.0,1.0,0.0,0.0
parity5_plus_5,1.0,100,1.0,1.0,0.0,0.0
parity5_plus_5,1.0,100,1.0,1.0,0.0,0.0
parity5_plus_5,1.0,100,1.0,1.0,0.0,0.0
parity5_plus_5,1.0,100,1.0,1.0,0.0,0.0
parity5_plus_5,1.0,100,1.0,0.5,0.5,0.0
parity5_plus_5,1.0,100,1.0,0.0,1.0,0.0
parity5_plus_5,1.0,100,1.0,0.0,1.0,0.0
parity5_plus_5,1.0,100,1.0,0.0,1.0,0.0
pendigits,0.0,100,0.0,0.0,0.0,0.0
pendigits,0.0,100,0.0,0.0,0.0,0.0
pendigits,0.0,100,0.0,0.02,0.02,0.0
pendigits,0.0,100,0.0,0.0,0.0,0.0
pendigits,0.0,100,0.0,0.01,0.01,0.0
pendigits,0.0,100,0.0,0.0,0.0,0.0
pendigits,0.0,100,0.0,0.0,0.0,0.0
pendigits,0.0,100,0.0,0.0,0.0,0.0
pendigits,0.0,100,0.0,0.0,0.0,0.0
pendigits,0.0,100,0.0,0.0,0.0,0.0
pendigits,0.05,100,0.05,0.04,0.01,0.0
pendigits,0.05,100,0.05,0.04,0.01,0.0
pendigits,0.05,100,0.05,0.05,0.0,0.0
pendigits,0.05,100,0.05,0.04,0.01,0.0
pendigits,0.05,100,0.05,0.05,0.0,0.0
pendigits,0.05,100,0.05,0.04,0.01,0.0
pendigits,0.05,100,0.05,0.04,0.01,0.0
pendigits,0.05,100,0.05,0.04,0.01,0.0
pendigits,0.05,100,0.05,0.04,0.01,0.0
pendigits,0.05,100,0.05,0.06,0.01,0.0
pendigits,0.11,100,0.11,0.13,0.02,0.0
pendigits,0.11,100,0.11,0.11,0.0,0.0
pendigits,0.11,100,0.11,0.12,0.01,0.0
pendigits,0.11,100,0.11,0.1,0.01,0.0
pendigits,0.11,100,0.11,0.12,0.01,0.0
pendigits,0.11,100,0.11,0.11,0.0,0.0
pendigits,0.11,100,0.11,0.13,0.02,0.0
pendigits,0.11,100,0.11,0.11,0.0,0.0
pendigits,0.11,100,0.11,0.1,0.01,0.0
pendigits,0.11,100,0.11,0.12,0.01,0.0
pendigits,0.16,100,0.16,0.15,0.01,0.0
pendigits,0.16,100,0.16,0.16,0.0,0.0
pendigits,0.16,100,0.16,0.15,0.01,0.0
pendigits,0.16,100,0.16,0.18,0.02,0.0
pendigits,0.16,100,0.16,0.17,0.01,0.0
pendigits,0.16,100,0.16,0.16,0.0,0.0
pendigits,0.16,100,0.16,0.15,0.01,0.0
pendigits,0.16,100,0.16,0.15,0.01,0.0
pendigits,0.16,100,0.16,0.15,0.01,0.0
pendigits,0.16,100,0.16,0.19,0.03,0.0
pendigits,0.21,100,0.21,0.19,0.02,0.0
pendigits,0.21,100,0.21,0.21,0.0,0.0
pendigits,0.21,100,0.21,0.22,0.01,0.0
pendigits,0.21,100,0.21,0.2,0.01,0.0
pendigits,0.21,100,0.21,0.2,0.01,0.0
pendigits,0.21,100,0.21,0.2,0.01,0.0
pendigits,0.21,100,0.21,0.22,0.01,0.0
pendigits,0.21,100,0.21,0.21,0.0,0.0
pendigits,0.21,100,0.21,0.2,0.01,0.0
pendigits,0.21,100,0.21,0.21,0.0,0.0
pendigits,0.26,100,0.26,0.27,0.01,0.0
pendigits,0.26,100,0.26,0.27,0.01,0.0
pendigits,0.26,100,0.26,0.27,0.01,0.0
pendigits,0.26,100,0.26,0.26,0.0,0.0
pendigits,0.26,100,0.26,0.26,0.0,0.0
pendigits,0.26,100,0.26,0.27,0.01,0.0
pendigits,0.26,100,0.26,0.26,0.0,0.0
pendigits,0.26,100,0.26,0.28,0.02,0.0
pendigits,0.26,100,0.26,0.27,0.01,0.0
pendigits,0.26,100,0.26,0.26,0.0,0.0
pendigits,0.32,100,0.32,0.32,0.0,0.0
pendigits,0.32,100,0.32,0.32,0.0,0.0
pendigits,0.32,100,0.32,0.32,0.0,0.0
pendigits,0.32,100,0.32,0.33,0.01,0.0
pendigits,0.32,100,0.32,0.32,0.0,0.0
pendigits,0.32,100,0.32,0.32,0.0,0.0
pendigits,0.32,100,0.32,0.32,0.0,0.0
pendigits,0.32,100,0.32,0.33,0.01,0.0
pendigits,0.32,100,0.32,0.32,0.0,0.0
pendigits,0.32,100,0.32,0.34,0.02,0.0
pendigits,0.37,100,0.37,0.37,0.0,0.0
pendigits,0.37,100,0.37,0.36,0.01,0.0
pendigits,0.37,100,0.37,0.38,0.01,0.0
pendigits,0.37,100,0.37,0.38,0.01,0.0
pendigits,0.37,100,0.37,0.37,0.0,0.0
pendigits,0.37,100,0.37,0.37,0.0,0.0
pendigits,0.37,100,0.37,0.37,0.0,0.0
pendigits,0.37,100,0.37,0.37,0.0,0.0
pendigits,0.37,100,0.37,0.37,0.0,0.0
pendigits,0.37,100,0.37,0.37,0.0,0.0
pendigits,0.42,100,0.42,0.43,0.01,0.0
pendigits,0.42,100,0.42,0.42,0.0,0.0
pendigits,0.42,100,0.42,0.43,0.01,0.0
pendigits,0.42,100,0.42,0.42,0.0,0.0
pendigits,0.42,100,0.42,0.42,0.0,0.0
pendigits,0.42,100,0.42,0.42,0.0,0.0
pendigits,0.42,100,0.42,0.42,0.0,0.0
pendigits,0.42,100,0.42,0.43,0.01,0.0
pendigits,0.42,100,0.42,0.45,0.03,0.0
pendigits,0.42,100,0.42,0.42,0.0,0.0
pendigits,0.47,100,0.47,0.47,0.0,0.0
pendigits,0.47,100,0.47,0.47,0.0,0.0
pendigits,0.47,100,0.47,0.46,0.01,0.0
pendigits,0.47,100,0.47,0.49,0.02,0.0
pendigits,0.47,100,0.47,0.44,0.03,0.0
pendigits,0.47,100,0.47,0.47,0.0,0.0
pendigits,0.47,100,0.47,0.46,0.01,0.0
pendigits,0.47,100,0.47,0.47,0.0,0.0
pendigits,0.47,100,0.47,0.45,0.02,0.0
pendigits,0.47,100,0.47,0.48,0.01,0.0
pendigits,0.53,100,0.53,0.53,0.0,0.0
pendigits,0.53,100,0.53,0.53,0.0,0.0
pendigits,0.53,100,0.53,0.54,0.01,0.0
pendigits,0.53,100,0.53,0.53,0.0,0.0
pendigits,0.53,100,0.53,0.53,0.0,0.0
pendigits,0.53,100,0.53,0.52,0.01,0.0
pendigits,0.53,100,0.53,0.53,0.0,0.0
pendigits,0.53,100,0.53,0.53,0.0,0.0
pendigits,0.53,100,0.53,0.53,0.0,0.0
pendigits,0.53,100,0.53,0.54,0.01,0.0
pendigits,0.58,100,0.58,0.58,0.0,0.0
pendigits,0.58,100,0.58,0.57,0.01,0.0
pendigits,0.58,100,0.58,0.59,0.01,0.0
pendigits,0.58,100,0.58,0.58,0.0,0.0
pendigits,0.58,100,0.58,0.56,0.02,0.0
pendigits,0.58,100,0.58,0.59,0.01,0.0
pendigits,0.58,100,0.58,0.59,0.01,0.0
pendigits,0.58,100,0.58,0.58,0.0,0.0
pendigits,0.58,100,0.58,0.57,0.01,0.0
pendigits,0.58,100,0.58,0.58,0.0,0.0
pendigits,0.63,100,0.63,0.63,0.0,0.0
pendigits,0.63,100,0.63,0.63,0.0,0.0
pendigits,0.63,100,0.63,0.62,0.01,0.0
pendigits,0.63,100,0.63,0.61,0.02,0.0
pendigits,0.63,100,0.63,0.63,0.0,0.0
pendigits,0.63,100,0.63,0.61,0.02,0.0
pendigits,0.63,100,0.63,0.63,0.0,0.0
pendigits,0.63,100,0.63,0.62,0.01,0.0
pendigits,0.63,100,0.63,0.63,0.0,0.0
pendigits,0.63,100,0.63,0.64,0.01,0.0
pendigits,0.68,100,0.68,0.67,0.01,0.0
pendigits,0.68,100,0.68,0.68,0.0,0.0
pendigits,0.68,100,0.68,0.68,0.0,0.0
pendigits,0.68,100,0.68,0.69,0.01,0.0
pendigits,0.68,100,0.68,0.67,0.01,0.0
pendigits,0.68,100,0.68,0.69,0.01,0.0
pendigits,0.68,100,0.68,0.68,0.0,0.0
pendigits,0.68,100,0.68,0.67,0.01,0.0
pendigits,0.68,100,0.68,0.67,0.01,0.0
pendigits,0.68,100,0.68,0.68,0.0,0.0
pendigits,0.74,100,0.74,0.76,0.02,0.0
pendigits,0.74,100,0.74,0.73,0.01,0.0
pendigits,0.74,100,0.74,0.74,0.0,0.0
pendigits,0.74,100,0.74,0.74,0.0,0.0
pendigits,0.74,100,0.74,0.73,0.01,0.0
pendigits,0.74,100,0.74,0.74,0.0,0.0
pendigits,0.74,100,0.74,0.73,0.01,0.0
pendigits,0.74,100,0.74,0.73,0.01,0.0
pendigits,0.74,100,0.74,0.74,0.0,0.0
pendigits,0.74,100,0.74,0.74,0.0,0.0
pendigits,0.79,100,0.79,0.8,0.01,0.0
pendigits,0.79,100,0.79,0.8,0.01,0.0
pendigits,0.79,100,0.79,0.79,0.0,0.0
pendigits,0.79,100,0.79,0.8,0.01,0.0
pendigits,0.79,100,0.79,0.79,0.0,0.0
pendigits,0.79,100,0.79,0.79,0.0,0.0
pendigits,0.79,100,0.79,0.81,0.02,0.0
pendigits,0.79,100,0.79,0.79,0.0,0.0
pendigits,0.79,100,0.79,0.79,0.0,0.0
pendigits,0.79,100,0.79,0.8,0.01,0.0
pendigits,0.84,100,0.84,0.84,0.0,0.0
pendigits,0.84,100,0.84,0.83,0.01,0.0
pendigits,0.84,100,0.84,0.84,0.0,0.0
pendigits,0.84,100,0.84,0.85,0.01,0.0
pendigits,0.84,100,0.84,0.85,0.01,0.0
pendigits,0.84,100,0.84,0.83,0.01,0.0
pendigits,0.84,100,0.84,0.83,0.01,0.0
pendigits,0.84,100,0.84,0.85,0.01,0.0
pendigits,0.84,100,0.84,0.83,0.01,0.0
pendigits,0.84,100,0.84,0.84,0.0,0.0
pendigits,0.89,100,0.89,0.89,0.0,0.0
pendigits,0.89,100,0.89,0.89,0.0,0.0
pendigits,0.89,100,0.89,0.88,0.01,0.0
pendigits,0.89,100,0.89,0.9,0.01,0.0
pendigits,0.89,100,0.89,0.89,0.0,0.0
pendigits,0.89,100,0.89,0.9,0.01,0.0
pendigits,0.89,100,0.89,0.88,0.01,0.0
pendigits,0.89,100,0.89,0.9,0.01,0.0
pendigits,0.89,100,0.89,0.88,0.01,0.0
pendigits,0.89,100,0.89,0.89,0.0,0.0
pendigits,0.95,100,0.95,0.94,0.01,0.0
pendigits,0.95,100,0.95,0.95,0.0,0.0
pendigits,0.95,100,0.95,0.95,0.0,0.0
pendigits,0.95,100,0.95,0.94,0.01,0.0
pendigits,0.95,100,0.95,0.95,0.0,0.0
pendigits,0.95,100,0.95,0.96,0.01,0.0
pendigits,0.95,100,0.95,0.95,0.0,0.0
pendigits,0.95,100,0.95,0.95,0.0,0.0
pendigits,0.95,100,0.95,0.94,0.01,0.0
pendigits,0.95,100,0.95,0.95,0.0,0.0
pendigits,1.0,100,1.0,0.99,0.01,0.0
pendigits,1.0,100,1.0,1.0,0.0,0.0
pendigits,1.0,100,1.0,1.0,0.0,0.0
pendigits,1.0,100,1.0,1.0,0.0,0.0
pendigits,1.0,100,1.0,1.0,0.0,0.0
pendigits,1.0,100,1.0,1.0,0.0,0.0
pendigits,1.0,100,1.0,1.0,0.0,0.0
pendigits,1.0,100,1.0,1.0,0.0,0.0
pendigits,1.0,100,1.0,1.0,0.0,0.0
pendigits,1.0,100,1.0,1.0,0.0,0.0
phpGUrE90,0.0,100,0.0,0.07,0.07,0.0
phpGUrE90,0.0,100,0.0,0.13,0.13,0.0
phpGUrE90,0.0,100,0.0,0.1,0.1,0.0
phpGUrE90,0.0,100,0.0,0.03,0.03,0.0
phpGUrE90,0.0,100,0.0,0.09,0.09,0.0
phpGUrE90,0.0,100,0.0,0.09,0.09,0.0
phpGUrE90,0.0,100,0.0,0.07,0.07,0.0
phpGUrE90,0.0,100,0.0,0.09,0.09,0.0
phpGUrE90,0.0,100,0.0,0.1,0.1,0.0
phpGUrE90,0.0,100,0.0,0.06,0.06,0.0
phpGUrE90,0.05,100,0.05,0.13,0.08,0.0
phpGUrE90,0.05,100,0.05,0.2,0.15,0.0
phpGUrE90,0.05,100,0.05,0.14,0.09,0.0
phpGUrE90,0.05,100,0.05,0.14,0.09,0.0
phpGUrE90,0.05,100,0.05,0.13,0.08,0.0
phpGUrE90,0.05,100,0.05,0.06,0.01,0.0
phpGUrE90,0.05,100,0.05,0.16,0.11,0.0
phpGUrE90,0.05,100,0.05,0.19,0.14,0.0
phpGUrE90,0.05,100,0.05,0.13,0.08,0.0
phpGUrE90,0.05,100,0.05,0.14,0.09,0.0
phpGUrE90,0.11,100,0.11,0.17,0.06,0.0010390281677246094
phpGUrE90,0.11,100,0.11,0.2,0.09,0.0
phpGUrE90,0.11,100,0.11,0.2,0.09,0.0
phpGUrE90,0.11,100,0.11,0.2,0.09,0.0
phpGUrE90,0.11,100,0.11,0.11,0.0,0.0
phpGUrE90,0.11,100,0.11,0.26,0.15,0.0
phpGUrE90,0.11,100,0.11,0.21,0.1,0.0
phpGUrE90,0.11,100,0.11,0.21,0.1,0.0
phpGUrE90,0.11,100,0.11,0.21,0.1,0.0
phpGUrE90,0.11,100,0.11,0.14,0.03,0.0
phpGUrE90,0.16,100,0.16,0.26,0.1,0.0
phpGUrE90,0.16,100,0.16,0.23,0.07,0.0
phpGUrE90,0.16,100,0.16,0.27,0.11,0.0
phpGUrE90,0.16,100,0.16,0.3,0.14,0.0
phpGUrE90,0.16,100,0.16,0.27,0.11,0.0
phpGUrE90,0.16,100,0.16,0.19,0.03,0.0
phpGUrE90,0.16,100,0.16,0.24,0.08,0.0
phpGUrE90,0.16,100,0.16,0.3,0.14,0.0
phpGUrE90,0.16,100,0.16,0.19,0.03,0.0008304119110107422
phpGUrE90,0.16,100,0.16,0.31,0.15,0.0
phpGUrE90,0.21,100,0.21,0.29,0.08,0.0
phpGUrE90,0.21,100,0.21,0.36,0.15,0.0
phpGUrE90,0.21,100,0.21,0.29,0.08,0.0
phpGUrE90,0.21,100,0.21,0.33,0.12,0.0
phpGUrE90,0.21,100,0.21,0.26,0.05,0.0
phpGUrE90,0.21,100,0.21,0.33,0.12,0.0
phpGUrE90,0.21,100,0.21,0.27,0.06,0.000156402587890625
phpGUrE90,0.21,100,0.21,0.33,0.12,0.0
phpGUrE90,0.21,100,0.21,0.33,0.12,0.0
phpGUrE90,0.21,100,0.21,0.27,0.06,0.0
phpGUrE90,0.26,100,0.26,0.39,0.13,0.0
phpGUrE90,0.26,100,0.26,0.36,0.1,0.0
phpGUrE90,0.26,100,0.26,0.37,0.11,0.0
phpGUrE90,0.26,100,0.26,0.41,0.15,0.0
phpGUrE90,0.26,100,0.26,0.31,0.05,0.0
phpGUrE90,0.26,100,0.26,0.34,0.08,0.0
phpGUrE90,0.26,100,0.26,0.34,0.08,0.0
phpGUrE90,0.26,100,0.26,0.33,0.07,0.0
phpGUrE90,0.26,100,0.26,0.34,0.08,0.0
phpGUrE90,0.26,100,0.26,0.41,0.15,0.0
phpGUrE90,0.32,100,0.32,0.49,0.17,0.0
phpGUrE90,0.32,100,0.32,0.41,0.09,0.0
phpGUrE90,0.32,100,0.32,0.36,0.04,0.0
phpGUrE90,0.32,100,0.32,0.41,0.09,0.0
phpGUrE90,0.32,100,0.32,0.47,0.15,0.0
phpGUrE90,0.32,100,0.32,0.4,0.08,0.0
phpGUrE90,0.32,100,0.32,0.34,0.02,0.0
phpGUrE90,0.32,100,0.32,0.44,0.12,0.0
phpGUrE90,0.32,100,0.32,0.46,0.14,0.0
phpGUrE90,0.32,100,0.32,0.46,0.14,0.0
phpGUrE90,0.37,100,0.37,0.41,0.04,0.0
phpGUrE90,0.37,100,0.37,0.43,0.06,0.0
phpGUrE90,0.37,100,0.37,0.46,0.09,0.0
phpGUrE90,0.37,100,0.37,0.49,0.12,0.0
phpGUrE90,0.37,100,0.37,0.41,0.04,0.0
phpGUrE90,0.37,100,0.37,0.44,0.07,0.0
phpGUrE90,0.37,100,0.37,0.41,0.04,0.0
phpGUrE90,0.37,100,0.37,0.46,0.09,0.0
phpGUrE90,0.37,100,0.37,0.46,0.09,0.0
phpGUrE90,0.37,100,0.37,0.43,0.06,0.0
phpGUrE90,0.42,100,0.42,0.59,0.17,0.0
phpGUrE90,0.42,100,0.42,0.46,0.04,0.0
phpGUrE90,0.42,100,0.42,0.5,0.08,0.0
phpGUrE90,0.42,100,0.42,0.51,0.09,0.0
phpGUrE90,0.42,100,0.42,0.51,0.09,0.0
phpGUrE90,0.42,100,0.42,0.49,0.07,0.0
phpGUrE90,0.42,100,0.42,0.51,0.09,0.0
phpGUrE90,0.42,100,0.42,0.51,0.09,0.0
phpGUrE90,0.42,100,0.42,0.57,0.15,0.0
phpGUrE90,0.42,100,0.42,0.51,0.09,0.0
phpGUrE90,0.47,100,0.47,0.59,0.12,0.0
phpGUrE90,0.47,100,0.47,0.57,0.1,0.0
phpGUrE90,0.47,100,0.47,0.49,0.02,0.0
phpGUrE90,0.47,100,0.47,0.53,0.06,0.0
phpGUrE90,0.47,100,0.47,0.54,0.07,0.0
phpGUrE90,0.47,100,0.47,0.61,0.14,0.0
phpGUrE90,0.47,100,0.47,0.51,0.04,0.0
phpGUrE90,0.47,100,0.47,0.6,0.13,0.0
phpGUrE90,0.47,100,0.47,0.63,0.16,0.0
phpGUrE90,0.47,100,0.47,0.56,0.09,0.0
phpGUrE90,0.53,100,0.53,0.64,0.11,0.0
phpGUrE90,0.53,100,0.53,0.57,0.04,0.0
phpGUrE90,0.53,100,0.53,0.63,0.1,0.0
phpGUrE90,0.53,100,0.53,0.63,0.1,0.0
phpGUrE90,0.53,100,0.53,0.64,0.11,0.0
phpGUrE90,0.53,100,0.53,0.6,0.07,0.0
phpGUrE90,0.53,100,0.53,0.61,0.08,0.0
phpGUrE90,0.53,100,0.53,0.66,0.13,0.0
phpGUrE90,0.53,100,0.53,0.63,0.1,0.0
phpGUrE90,0.53,100,0.53,0.69,0.16,0.0015826225280761719
phpGUrE90,0.58,100,0.58,0.76,0.18,0.0
phpGUrE90,0.58,100,0.58,0.67,0.09,0.0
phpGUrE90,0.58,100,0.58,0.63,0.05,0.0
phpGUrE90,0.58,100,0.58,0.71,0.13,0.0
phpGUrE90,0.58,100,0.58,0.69,0.11,0.0
phpGUrE90,0.58,100,0.58,0.69,0.11,0.0
phpGUrE90,0.58,100,0.58,0.71,0.13,0.0
phpGUrE90,0.58,100,0.58,0.67,0.09,0.0
phpGUrE90,0.58,100,0.58,0.7,0.12,0.0
phpGUrE90,0.58,100,0.58,0.7,0.12,0.0
phpGUrE90,0.63,100,0.63,0.77,0.14,0.0
phpGUrE90,0.63,100,0.63,0.7,0.07,0.0
phpGUrE90,0.63,100,0.63,0.74,0.11,0.0
phpGUrE90,0.63,100,0.63,0.79,0.16,0.0
phpGUrE90,0.63,100,0.63,0.73,0.1,0.0
phpGUrE90,0.63,100,0.63,0.8,0.17,0.0
phpGUrE90,0.63,100,0.63,0.76,0.13,0.0
phpGUrE90,0.63,100,0.63,0.71,0.08,0.0
phpGUrE90,0.63,100,0.63,0.73,0.1,0.0
phpGUrE90,0.63,100,0.63,0.71,0.08,0.0
phpGUrE90,0.68,100,0.68,0.77,0.09,0.0
phpGUrE90,0.68,100,0.68,0.79,0.11,0.0
phpGUrE90,0.68,100,0.68,0.86,0.18,0.0
phpGUrE90,0.68,100,0.68,0.81,0.13,0.0
phpGUrE90,0.68,100,0.68,0.76,0.08,0.0
phpGUrE90,0.68,100,0.68,0.89,0.21,0.0
phpGUrE90,0.68,100,0.68,0.77,0.09,0.0
phpGUrE90,0.68,100,0.68,0.77,0.09,0.0
phpGUrE90,0.68,100,0.68,0.77,0.09,0.0
phpGUrE90,0.68,100,0.68,0.79,0.11,0.0
phpGUrE90,0.74,100,0.74,0.81,0.07,0.0
phpGUrE90,0.74,100,0.74,0.8,0.06,0.0
phpGUrE90,0.74,100,0.74,0.81,0.07,0.0
phpGUrE90,0.74,100,0.74,0.86,0.12,0.0
phpGUrE90,0.74,100,0.74,0.87,0.13,0.0
phpGUrE90,0.74,100,0.74,0.9,0.16,0.0
phpGUrE90,0.74,100,0.74,0.8,0.06,0.0
phpGUrE90,0.74,100,0.74,0.89,0.15,0.0
phpGUrE90,0.74,100,0.74,0.81,0.07,0.0
phpGUrE90,0.74,100,0.74,0.83,0.09,0.0010008811950683594
phpGUrE90,0.79,100,0.79,0.94,0.15,0.0
phpGUrE90,0.79,100,0.79,0.9,0.11,0.0
phpGUrE90,0.79,100,0.79,0.9,0.11,0.0
phpGUrE90,0.79,100,0.79,0.91,0.12,0.0
phpGUrE90,0.79,100,0.79,0.87,0.08,0.0
phpGUrE90,0.79,100,0.79,0.84,0.05,0.0
phpGUrE90,0.79,100,0.79,0.93,0.14,0.0
phpGUrE90,0.79,100,0.79,0.89,0.1,0.0
phpGUrE90,0.79,100,0.79,0.9,0.11,0.0
phpGUrE90,0.79,100,0.79,0.91,0.12,0.0
phpGUrE90,0.84,100,0.84,0.91,0.07,0.0
phpGUrE90,0.84,100,0.84,0.96,0.12,0.0
phpGUrE90,0.84,100,0.84,0.91,0.07,0.0
phpGUrE90,0.84,100,0.84,0.97,0.13,0.0
phpGUrE90,0.84,100,0.84,0.94,0.1,0.0
phpGUrE90,0.84,100,0.84,0.97,0.13,0.0
phpGUrE90,0.84,100,0.84,0.99,0.15,0.0
phpGUrE90,0.84,100,0.84,0.99,0.15,0.0
phpGUrE90,0.84,100,0.84,0.99,0.15,0.0
phpGUrE90,0.84,100,0.84,0.93,0.09,0.0
phpGUrE90,0.89,100,0.89,1.0,0.11,0.0
phpGUrE90,0.89,100,0.89,1.0,0.11,0.0
phpGUrE90,0.89,100,0.89,1.0,0.11,0.0
phpGUrE90,0.89,100,0.89,1.0,0.11,0.0
phpGUrE90,0.89,100,0.89,0.99,0.1,0.0
phpGUrE90,0.89,100,0.89,0.99,0.1,0.0
phpGUrE90,0.89,100,0.89,1.0,0.11,0.0
phpGUrE90,0.89,100,0.89,1.0,0.11,0.0
phpGUrE90,0.89,100,0.89,1.0,0.11,0.0
phpGUrE90,0.89,100,0.89,1.0,0.11,0.0
phpGUrE90,0.95,100,0.95,1.0,0.05,0.0
phpGUrE90,0.95,100,0.95,1.0,0.05,0.0
phpGUrE90,0.95,100,0.95,1.0,0.05,0.0
phpGUrE90,0.95,100,0.95,1.0,0.05,0.0
phpGUrE90,0.95,100,0.95,1.0,0.05,0.0
phpGUrE90,0.95,100,0.95,1.0,0.05,0.0
phpGUrE90,0.95,100,0.95,1.0,0.05,0.0
phpGUrE90,0.95,100,0.95,1.0,0.05,0.0
phpGUrE90,0.95,100,0.95,1.0,0.05,0.0
phpGUrE90,0.95,100,0.95,1.0,0.05,0.0
phpGUrE90,1.0,100,1.0,1.0,0.0,0.0
phpGUrE90,1.0,100,1.0,1.0,0.0,0.0
phpGUrE90,1.0,100,1.0,1.0,0.0,0.0
phpGUrE90,1.0,100,1.0,1.0,0.0,0.0010013580322265625
phpGUrE90,1.0,100,1.0,1.0,0.0,0.0
phpGUrE90,1.0,100,1.0,1.0,0.0,0.0
phpGUrE90,1.0,100,1.0,1.0,0.0,0.0
phpGUrE90,1.0,100,1.0,1.0,0.0,0.0
phpGUrE90,1.0,100,1.0,1.0,0.0,0.0
phpGUrE90,1.0,100,1.0,1.0,0.0,0.0
phphQEck0,0.0,100,0.0,0.0,0.0,0.0
phphQEck0,0.0,100,0.0,0.0,0.0,0.0
phphQEck0,0.0,100,0.0,0.0,0.0,0.0
phphQEck0,0.0,100,0.0,0.0,0.0,0.0
phphQEck0,0.0,100,0.0,0.0,0.0,0.0
phphQEck0,0.0,100,0.0,0.0,0.0,0.0
phphQEck0,0.0,100,0.0,0.0,0.0,0.0
phphQEck0,0.0,100,0.0,0.0,0.0,0.0
phphQEck0,0.0,100,0.0,0.0,0.0,0.0
phphQEck0,0.0,100,0.0,0.0,0.0,0.0
phphQEck0,0.05,100,0.05,0.05,0.0,0.0
phphQEck0,0.05,100,0.05,0.03,0.02,0.0
phphQEck0,0.05,100,0.05,0.04,0.01,0.0011014938354492188
phphQEck0,0.05,100,0.05,0.05,0.0,0.0
phphQEck0,0.05,100,0.05,0.05,0.0,0.0
phphQEck0,0.05,100,0.05,0.03,0.02,0.0
phphQEck0,0.05,100,0.05,0.04,0.01,0.0
phphQEck0,0.05,100,0.05,0.05,0.0,0.0
phphQEck0,0.05,100,0.05,0.05,0.0,0.0
phphQEck0,0.05,100,0.05,0.07,0.02,0.0
phphQEck0,0.11,100,0.11,0.11,0.0,0.0
phphQEck0,0.11,100,0.11,0.12,0.01,0.0
phphQEck0,0.11,100,0.11,0.1,0.01,0.0
phphQEck0,0.11,100,0.11,0.1,0.01,0.0
phphQEck0,0.11,100,0.11,0.13,0.02,0.0
phphQEck0,0.11,100,0.11,0.12,0.01,0.0
phphQEck0,0.11,100,0.11,0.12,0.01,0.0
phphQEck0,0.11,100,0.11,0.11,0.0,0.0
phphQEck0,0.11,100,0.11,0.11,0.0,0.0
phphQEck0,0.11,100,0.11,0.12,0.01,0.0
phphQEck0,0.16,100,0.16,0.17,0.01,0.0
phphQEck0,0.16,100,0.16,0.15,0.01,0.0
phphQEck0,0.16,100,0.16,0.16,0.0,0.0
phphQEck0,0.16,100,0.16,0.17,0.01,0.0
phphQEck0,0.16,100,0.16,0.14,0.02,0.0010039806365966797
phphQEck0,0.16,100,0.16,0.16,0.0,0.0
phphQEck0,0.16,100,0.16,0.16,0.0,0.0
phphQEck0,0.16,100,0.16,0.15,0.01,0.0
phphQEck0,0.16,100,0.16,0.16,0.0,0.0
phphQEck0,0.16,100,0.16,0.16,0.0,0.0010075569152832031
phphQEck0,0.21,100,0.21,0.2,0.01,0.0
phphQEck0,0.21,100,0.21,0.18,0.03,0.0
phphQEck0,0.21,100,0.21,0.21,0.0,0.0
phphQEck0,0.21,100,0.21,0.23,0.02,0.0
phphQEck0,0.21,100,0.21,0.23,0.02,0.0011005401611328125
phphQEck0,0.21,100,0.21,0.23,0.02,0.0
phphQEck0,0.21,100,0.21,0.23,0.02,0.0
phphQEck0,0.21,100,0.21,0.21,0.0,0.0
phphQEck0,0.21,100,0.21,0.22,0.01,0.0
phphQEck0,0.21,100,0.21,0.23,0.02,0.0
phphQEck0,0.26,100,0.26,0.28,0.02,0.0
phphQEck0,0.26,100,0.26,0.26,0.0,0.0
phphQEck0,0.26,100,0.26,0.26,0.0,0.0
phphQEck0,0.26,100,0.26,0.25,0.01,0.0
phphQEck0,0.26,100,0.26,0.26,0.0,0.0
phphQEck0,0.26,100,0.26,0.27,0.01,0.0
phphQEck0,0.26,100,0.26,0.26,0.0,0.0
phphQEck0,0.26,100,0.26,0.26,0.0,0.0
phphQEck0,0.26,100,0.26,0.23,0.03,0.0
phphQEck0,0.26,100,0.26,0.25,0.01,0.0
phphQEck0,0.32,100,0.32,0.32,0.0,0.0
phphQEck0,0.32,100,0.32,0.32,0.0,0.0
phphQEck0,0.32,100,0.32,0.32,0.0,0.0
phphQEck0,0.32,100,0.32,0.34,0.02,0.0
phphQEck0,0.32,100,0.32,0.32,0.0,0.0
phphQEck0,0.32,100,0.32,0.3,0.02,0.015707731246948242
phphQEck0,0.32,100,0.32,0.32,0.0,0.0
phphQEck0,0.32,100,0.32,0.34,0.02,0.0
phphQEck0,0.32,100,0.32,0.3,0.02,0.0
phphQEck0,0.32,100,0.32,0.32,0.0,0.0
phphQEck0,0.37,100,0.37,0.36,0.01,0.0
phphQEck0,0.37,100,0.37,0.39,0.02,0.0
phphQEck0,0.37,100,0.37,0.32,0.05,0.0
phphQEck0,0.37,100,0.37,0.38,0.01,0.0
phphQEck0,0.37,100,0.37,0.37,0.0,0.0
phphQEck0,0.37,100,0.37,0.39,0.02,0.0
phphQEck0,0.37,100,0.37,0.39,0.02,0.0
phphQEck0,0.37,100,0.37,0.38,0.01,0.0
phphQEck0,0.37,100,0.37,0.38,0.01,0.0
phphQEck0,0.37,100,0.37,0.38,0.01,0.0
phphQEck0,0.42,100,0.42,0.45,0.03,0.0
phphQEck0,0.42,100,0.42,0.4,0.02,0.0
phphQEck0,0.42,100,0.42,0.41,0.01,0.0
phphQEck0,0.42,100,0.42,0.4,0.02,0.0
phphQEck0,0.42,100,0.42,0.43,0.01,0.0
phphQEck0,0.42,100,0.42,0.43,0.01,0.0
phphQEck0,0.42,100,0.42,0.41,0.01,0.0
phphQEck0,0.42,100,0.42,0.45,0.03,0.0
phphQEck0,0.42,100,0.42,0.41,0.01,0.0
phphQEck0,0.42,100,0.42,0.4,0.02,0.0
phphQEck0,0.47,100,0.47,0.47,0.0,0.0
phphQEck0,0.47,100,0.47,0.49,0.02,0.0
phphQEck0,0.47,100,0.47,0.42,0.05,0.0
phphQEck0,0.47,100,0.47,0.45,0.02,0.0
phphQEck0,0.47,100,0.47,0.46,0.01,0.0
phphQEck0,0.47,100,0.47,0.47,0.0,0.0
phphQEck0,0.47,100,0.47,0.45,0.02,0.0
phphQEck0,0.47,100,0.47,0.47,0.0,0.0
phphQEck0,0.47,100,0.47,0.49,0.02,0.0
phphQEck0,0.47,100,0.47,0.5,0.03,0.0
phphQEck0,0.53,100,0.53,0.52,0.01,0.0
phphQEck0,0.53,100,0.53,0.53,0.0,0.0
phphQEck0,0.53,100,0.53,0.54,0.01,0.0010099411010742188
phphQEck0,0.53,100,0.53,0.52,0.01,0.0
phphQEck0,0.53,100,0.53,0.53,0.0,0.0
phphQEck0,0.53,100,0.53,0.53,0.0,0.0
phphQEck0,0.53,100,0.53,0.46,0.07,0.0
phphQEck0,0.53,100,0.53,0.5,0.03,0.0
phphQEck0,0.53,100,0.53,0.52,0.01,0.0
phphQEck0,0.53,100,0.53,0.54,0.01,0.0
phphQEck0,0.58,100,0.58,0.58,0.0,0.0
phphQEck0,0.58,100,0.58,0.59,0.01,0.0
phphQEck0,0.58,100,0.58,0.58,0.0,0.0
phphQEck0,0.58,100,0.58,0.6,0.02,0.0
phphQEck0,0.58,100,0.58,0.58,0.0,0.0
phphQEck0,0.58,100,0.58,0.57,0.01,0.0
phphQEck0,0.58,100,0.58,0.55,0.03,0.0
phphQEck0,0.58,100,0.58,0.6,0.02,0.0
phphQEck0,0.58,100,0.58,0.61,0.03,0.0
phphQEck0,0.58,100,0.58,0.55,0.03,0.0
phphQEck0,0.63,100,0.63,0.63,0.0,0.0
phphQEck0,0.63,100,0.63,0.63,0.0,0.0
phphQEck0,0.63,100,0.63,0.66,0.03,0.0
phphQEck0,0.63,100,0.63,0.6,0.03,0.0
phphQEck0,0.63,100,0.63,0.64,0.01,0.0
phphQEck0,0.63,100,0.63,0.59,0.04,0.0
phphQEck0,0.63,100,0.63,0.62,0.01,0.0
phphQEck0,0.63,100,0.63,0.65,0.02,0.0
phphQEck0,0.63,100,0.63,0.66,0.03,0.0
phphQEck0,0.63,100,0.63,0.67,0.04,0.0
phphQEck0,0.68,100,0.68,0.68,0.0,0.0
phphQEck0,0.68,100,0.68,0.64,0.04,0.0
phphQEck0,0.68,100,0.68,0.65,0.03,0.0
phphQEck0,0.68,100,0.68,0.67,0.01,0.01570749282836914
phphQEck0,0.68,100,0.68,0.7,0.02,0.0
phphQEck0,0.68,100,0.68,0.71,0.03,0.0
phphQEck0,0.68,100,0.68,0.66,0.02,0.0
phphQEck0,0.68,100,0.68,0.71,0.03,0.0
phphQEck0,0.68,100,0.68,0.68,0.0,0.0
phphQEck0,0.68,100,0.68,0.65,0.03,0.0
phphQEck0,0.74,100,0.74,0.73,0.01,0.0
phphQEck0,0.74,100,0.74,0.75,0.01,0.0
phphQEck0,0.74,100,0.74,0.73,0.01,0.0
phphQEck0,0.74,100,0.74,0.74,0.0,0.0
phphQEck0,0.74,100,0.74,0.72,0.02,0.0
phphQEck0,0.74,100,0.74,0.71,0.03,0.0
phphQEck0,0.74,100,0.74,0.76,0.02,0.0
phphQEck0,0.74,100,0.74,0.73,0.01,0.0
phphQEck0,0.74,100,0.74,0.72,0.02,0.0
phphQEck0,0.74,100,0.74,0.73,0.01,0.0
phphQEck0,0.79,100,0.79,0.77,0.02,0.0
phphQEck0,0.79,100,0.79,0.82,0.03,0.01008152961730957
phphQEck0,0.79,100,0.79,0.8,0.01,0.0
phphQEck0,0.79,100,0.79,0.78,0.01,0.0
phphQEck0,0.79,100,0.79,0.82,0.03,0.0
phphQEck0,0.79,100,0.79,0.8,0.01,0.0
phphQEck0,0.79,100,0.79,0.75,0.04,0.0
phphQEck0,0.79,100,0.79,0.76,0.03,0.0
phphQEck0,0.79,100,0.79,0.8,0.01,0.0
phphQEck0,0.79,100,0.79,0.82,0.03,0.0
phphQEck0,0.84,100,0.84,0.85,0.01,0.0
phphQEck0,0.84,100,0.84,0.84,0.0,0.0
phphQEck0,0.84,100,0.84,0.87,0.03,0.0
phphQEck0,0.84,100,0.84,0.84,0.0,0.0
phphQEck0,0.84,100,0.84,0.83,0.01,0.0
phphQEck0,0.84,100,0.84,0.88,0.04,0.0
phphQEck0,0.84,100,0.84,0.85,0.01,0.0010046958923339844
phphQEck0,0.84,100,0.84,0.82,0.02,0.0
phphQEck0,0.84,100,0.84,0.85,0.01,0.0
phphQEck0,0.84,100,0.84,0.84,0.0,0.0
phphQEck0,0.89,100,0.89,0.9,0.01,0.0
phphQEck0,0.89,100,0.89,0.9,0.01,0.0
phphQEck0,0.89,100,0.89,0.87,0.02,0.0
phphQEck0,0.89,100,0.89,0.9,0.01,0.0
phphQEck0,0.89,100,0.89,0.9,0.01,0.0
phphQEck0,0.89,100,0.89,0.87,0.02,0.0
phphQEck0,0.89,100,0.89,0.91,0.02,0.0
phphQEck0,0.89,100,0.89,0.83,0.06,0.0
phphQEck0,0.89,100,0.89,0.87,0.02,0.0
phphQEck0,0.89,100,0.89,0.95,0.06,0.0
phphQEck0,0.95,100,0.95,0.9,0.05,0.0
phphQEck0,0.95,100,0.95,0.89,0.06,0.0
phphQEck0,0.95,100,0.95,0.96,0.01,0.0
phphQEck0,0.95,100,0.95,0.93,0.02,0.0
phphQEck0,0.95,100,0.95,0.97,0.02,0.0
phphQEck0,0.95,100,0.95,1.0,0.05,0.0
phphQEck0,0.95,100,0.95,0.96,0.01,0.0
phphQEck0,0.95,100,0.95,0.93,0.02,0.0
phphQEck0,0.95,100,0.95,0.98,0.03,0.0
phphQEck0,0.95,100,0.95,0.97,0.02,0.0
phphQEck0,1.0,100,1.0,0.97,0.03,0.0
phphQEck0,1.0,100,1.0,0.93,0.07,0.0
phphQEck0,1.0,100,1.0,1.0,0.0,0.0
phphQEck0,1.0,100,1.0,1.0,0.0,0.0
phphQEck0,1.0,100,1.0,0.96,0.04,0.0
phphQEck0,1.0,100,1.0,1.0,0.0,0.0
phphQEck0,1.0,100,1.0,1.0,0.0,0.0
phphQEck0,1.0,100,1.0,1.0,0.0,0.0
phphQEck0,1.0,100,1.0,1.0,0.0,0.0
phphQEck0,1.0,100,1.0,0.97,0.03,0.0
phpMD2hR6,0.0,100,0.0,0.02,0.02,0.0
phpMD2hR6,0.0,100,0.0,0.02,0.02,0.0
phpMD2hR6,0.0,100,0.0,0.0,0.0,0.0
phpMD2hR6,0.0,100,0.0,0.0,0.0,0.0
phpMD2hR6,0.0,100,0.0,0.03,0.03,0.0
phpMD2hR6,0.0,100,0.0,0.0,0.0,0.0
phpMD2hR6,0.0,100,0.0,0.0,0.0,0.0
phpMD2hR6,0.0,100,0.0,0.08,0.08,0.0
phpMD2hR6,0.0,100,0.0,0.02,0.02,0.0
phpMD2hR6,0.0,100,0.0,0.0,0.0,0.0
phpMD2hR6,0.05,100,0.05,0.03,0.02,0.0
phpMD2hR6,0.05,100,0.05,0.06,0.01,0.0
phpMD2hR6,0.05,100,0.05,0.03,0.02,0.0
phpMD2hR6,0.05,100,0.05,0.09,0.04,0.0
phpMD2hR6,0.05,100,0.05,0.08,0.03,0.0
phpMD2hR6,0.05,100,0.05,0.02,0.03,0.0
phpMD2hR6,0.05,100,0.05,0.08,0.03,0.0
phpMD2hR6,0.05,100,0.05,0.03,0.02,0.0
phpMD2hR6,0.05,100,0.05,0.03,0.02,0.0
phpMD2hR6,0.05,100,0.05,0.0,0.05,0.0
phpMD2hR6,0.11,100,0.11,0.06,0.05,0.0
phpMD2hR6,0.11,100,0.11,0.09,0.02,0.0
phpMD2hR6,0.11,100,0.11,0.11,0.0,0.0
phpMD2hR6,0.11,100,0.11,0.09,0.02,0.0
phpMD2hR6,0.11,100,0.11,0.09,0.02,0.0
phpMD2hR6,0.11,100,0.11,0.09,0.02,0.0
phpMD2hR6,0.11,100,0.11,0.09,0.02,0.0
phpMD2hR6,0.11,100,0.11,0.11,0.0,0.0
phpMD2hR6,0.11,100,0.11,0.17,0.06,0.0
phpMD2hR6,0.11,100,0.11,0.12,0.01,0.0
phpMD2hR6,0.16,100,0.16,0.14,0.02,0.0
phpMD2hR6,0.16,100,0.16,0.2,0.04,0.0
phpMD2hR6,0.16,100,0.16,0.12,0.04,0.0
phpMD2hR6,0.16,100,0.16,0.14,0.02,0.0
phpMD2hR6,0.16,100,0.16,0.17,0.01,0.0
phpMD2hR6,0.16,100,0.16,0.18,0.02,0.0
phpMD2hR6,0.16,100,0.16,0.2,0.04,0.0
phpMD2hR6,0.16,100,0.16,0.08,0.08,0.0
phpMD2hR6,0.16,100,0.16,0.18,0.02,0.0
phpMD2hR6,0.16,100,0.16,0.15,0.01,0.0
phpMD2hR6,0.21,100,0.21,0.29,0.08,0.0
phpMD2hR6,0.21,100,0.21,0.24,0.03,0.0
phpMD2hR6,0.21,100,0.21,0.21,0.0,0.0
phpMD2hR6,0.21,100,0.21,0.11,0.1,0.0
phpMD2hR6,0.21,100,0.21,0.23,0.02,0.0
phpMD2hR6,0.21,100,0.21,0.2,0.01,0.0
phpMD2hR6,0.21,100,0.21,0.11,0.1,0.0
phpMD2hR6,0.21,100,0.21,0.27,0.06,0.0
phpMD2hR6,0.21,100,0.21,0.24,0.03,0.0
phpMD2hR6,0.21,100,0.21,0.15,0.06,0.0
phpMD2hR6,0.26,100,0.26,0.26,0.0,0.0
phpMD2hR6,0.26,100,0.26,0.27,0.01,0.0
phpMD2hR6,0.26,100,0.26,0.29,0.03,0.0
phpMD2hR6,0.26,100,0.26,0.23,0.03,0.0
phpMD2hR6,0.26,100,0.26,0.26,0.0,0.0
phpMD2hR6,0.26,100,0.26,0.32,0.06,0.0
phpMD2hR6,0.26,100,0.26,0.29,0.03,0.0
phpMD2hR6,0.26,100,0.26,0.26,0.0,0.0
phpMD2hR6,0.26,100,0.26,0.24,0.02,0.0
phpMD2hR6,0.26,100,0.26,0.29,0.03,0.0
phpMD2hR6,0.32,100,0.32,0.3,0.02,0.0
phpMD2hR6,0.32,100,0.32,0.41,0.09,0.0
phpMD2hR6,0.32,100,0.32,0.36,0.04,0.0
phpMD2hR6,0.32,100,0.32,0.21,0.11,0.0
phpMD2hR6,0.32,100,0.32,0.24,0.08,0.0
phpMD2hR6,0.32,100,0.32,0.24,0.08,0.0
phpMD2hR6,0.32,100,0.32,0.41,0.09,0.0
phpMD2hR6,0.32,100,0.32,0.35,0.03,0.0
phpMD2hR6,0.32,100,0.32,0.35,0.03,0.0
phpMD2hR6,0.32,100,0.32,0.26,0.06,0.0
phpMD2hR6,0.37,100,0.37,0.33,0.04,0.0
phpMD2hR6,0.37,100,0.37,0.42,0.05,0.0
phpMD2hR6,0.37,100,0.37,0.41,0.04,0.0
phpMD2hR6,0.37,100,0.37,0.29,0.08,0.0
phpMD2hR6,0.37,100,0.37,0.26,0.11,0.0
phpMD2hR6,0.37,100,0.37,0.32,0.05,0.0
phpMD2hR6,0.37,100,0.37,0.39,0.02,0.0
phpMD2hR6,0.37,100,0.37,0.41,0.04,0.0
phpMD2hR6,0.37,100,0.37,0.42,0.05,0.0
phpMD2hR6,0.37,100,0.37,0.32,0.05,0.0
phpMD2hR6,0.42,100,0.42,0.32,0.1,0.0
phpMD2hR6,0.42,100,0.42,0.42,0.0,0.0
phpMD2hR6,0.42,100,0.42,0.47,0.05,0.0
phpMD2hR6,0.42,100,0.42,0.42,0.0,0.0
phpMD2hR6,0.42,100,0.42,0.5,0.08,0.0
phpMD2hR6,0.42,100,0.42,0.47,0.05,0.0
phpMD2hR6,0.42,100,0.42,0.44,0.02,0.0
phpMD2hR6,0.42,100,0.42,0.41,0.01,0.0
phpMD2hR6,0.42,100,0.42,0.36,0.06,0.0
phpMD2hR6,0.42,100,0.42,0.35,0.07,0.0
phpMD2hR6,0.47,100,0.47,0.5,0.03,0.0
phpMD2hR6,0.47,100,0.47,0.52,0.05,0.0
phpMD2hR6,0.47,100,0.47,0.5,0.03,0.0
phpMD2hR6,0.47,100,0.47,0.48,0.01,0.0
phpMD2hR6,0.47,100,0.47,0.41,0.06,0.0
phpMD2hR6,0.47,100,0.47,0.52,0.05,0.0
phpMD2hR6,0.47,100,0.47,0.35,0.12,0.0
phpMD2hR6,0.47,100,0.47,0.53,0.06,0.0010445117950439453
phpMD2hR6,0.47,100,0.47,0.47,0.0,0.0
phpMD2hR6,0.47,100,0.47,0.5,0.03,0.00090789794921875
phpMD2hR6,0.53,100,0.53,0.41,0.12,0.0
phpMD2hR6,0.53,100,0.53,0.59,0.06,0.0
phpMD2hR6,0.53,100,0.53,0.48,0.05,0.0
phpMD2hR6,0.53,100,0.53,0.55,0.02,0.015616893768310547
phpMD2hR6,0.53,100,0.53,0.55,0.02,0.0
phpMD2hR6,0.53,100,0.53,0.44,0.09,0.0
phpMD2hR6,0.53,100,0.53,0.5,0.03,0.0
phpMD2hR6,0.53,100,0.53,0.55,0.02,0.0
phpMD2hR6,0.53,100,0.53,0.58,0.05,0.0
phpMD2hR6,0.53,100,0.53,0.61,0.08,0.0
phpMD2hR6,0.58,100,0.58,0.64,0.06,0.0
phpMD2hR6,0.58,100,0.58,0.58,0.0,0.0
phpMD2hR6,0.58,100,0.58,0.58,0.0,0.0
phpMD2hR6,0.58,100,0.58,0.55,0.03,0.0
phpMD2hR6,0.58,100,0.58,0.62,0.04,0.0
phpMD2hR6,0.58,100,0.58,0.52,0.06,0.0
phpMD2hR6,0.58,100,0.58,0.59,0.01,0.0
phpMD2hR6,0.58,100,0.58,0.68,0.1,0.0
phpMD2hR6,0.58,100,0.58,0.65,0.07,0.0
phpMD2hR6,0.58,100,0.58,0.48,0.1,0.0
phpMD2hR6,0.63,100,0.63,0.65,0.02,0.0
phpMD2hR6,0.63,100,0.63,0.55,0.08,0.0
phpMD2hR6,0.63,100,0.63,0.65,0.02,0.0
phpMD2hR6,0.63,100,0.63,0.55,0.08,0.0
phpMD2hR6,0.63,100,0.63,0.55,0.08,0.0
phpMD2hR6,0.63,100,0.63,0.68,0.05,0.0
phpMD2hR6,0.63,100,0.63,0.68,0.05,0.0
phpMD2hR6,0.63,100,0.63,0.64,0.01,0.0
phpMD2hR6,0.63,100,0.63,0.61,0.02,0.0
phpMD2hR6,0.63,100,0.63,0.65,0.02,0.0
phpMD2hR6,0.68,100,0.68,0.73,0.05,0.0
phpMD2hR6,0.68,100,0.68,0.7,0.02,0.0
phpMD2hR6,0.68,100,0.68,0.73,0.05,0.0
phpMD2hR6,0.68,100,0.68,0.61,0.07,0.0
phpMD2hR6,0.68,100,0.68,0.62,0.06,0.0
phpMD2hR6,0.68,100,0.68,0.62,0.06,0.0
phpMD2hR6,0.68,100,0.68,0.73,0.05,0.0
phpMD2hR6,0.68,100,0.68,0.61,0.07,0.0
phpMD2hR6,0.68,100,0.68,0.73,0.05,0.0
phpMD2hR6,0.68,100,0.68,0.73,0.05,0.0
phpMD2hR6,0.74,100,0.74,0.73,0.01,0.0
phpMD2hR6,0.74,100,0.74,0.8,0.06,0.0
phpMD2hR6,0.74,100,0.74,0.76,0.02,0.0
phpMD2hR6,0.74,100,0.74,0.74,0.0,0.0
phpMD2hR6,0.74,100,0.74,0.83,0.09,0.0
phpMD2hR6,0.74,100,0.74,0.74,0.0,0.0
phpMD2hR6,0.74,100,0.74,0.71,0.03,0.0
phpMD2hR6,0.74,100,0.74,0.79,0.05,0.0
phpMD2hR6,0.74,100,0.74,0.73,0.01,0.0
phpMD2hR6,0.74,100,0.74,0.76,0.02,0.0
phpMD2hR6,0.79,100,0.79,0.74,0.05,0.0
phpMD2hR6,0.79,100,0.79,0.82,0.03,0.0
phpMD2hR6,0.79,100,0.79,0.85,0.06,0.0
phpMD2hR6,0.79,100,0.79,0.76,0.03,0.0
phpMD2hR6,0.79,100,0.79,0.82,0.03,0.0
phpMD2hR6,0.79,100,0.79,0.8,0.01,0.0
phpMD2hR6,0.79,100,0.79,0.73,0.06,0.0
phpMD2hR6,0.79,100,0.79,0.73,0.06,0.0
phpMD2hR6,0.79,100,0.79,0.68,0.11,0.0
phpMD2hR6,0.79,100,0.79,0.65,0.14,0.0
phpMD2hR6,0.84,100,0.84,0.94,0.1,0.0
phpMD2hR6,0.84,100,0.84,0.85,0.01,0.0
phpMD2hR6,0.84,100,0.84,0.77,0.07,0.0
phpMD2hR6,0.84,100,0.84,0.88,0.04,0.0
phpMD2hR6,0.84,100,0.84,0.85,0.01,0.0
phpMD2hR6,0.84,100,0.84,0.86,0.02,0.0
phpMD2hR6,0.84,100,0.84,0.88,0.04,0.0
phpMD2hR6,0.84,100,0.84,0.83,0.01,0.0
phpMD2hR6,0.84,100,0.84,0.79,0.05,0.0
phpMD2hR6,0.84,100,0.84,0.98,0.14,0.0
phpMD2hR6,0.89,100,0.89,0.8,0.09,0.0
phpMD2hR6,0.89,100,0.89,0.85,0.04,0.0
phpMD2hR6,0.89,100,0.89,0.83,0.06,0.0
phpMD2hR6,0.89,100,0.89,0.91,0.02,0.0
phpMD2hR6,0.89,100,0.89,0.91,0.02,0.0
phpMD2hR6,0.89,100,0.89,0.91,0.02,0.001008749008178711
phpMD2hR6,0.89,100,0.89,0.83,0.06,0.0
phpMD2hR6,0.89,100,0.89,0.89,0.0,0.0
phpMD2hR6,0.89,100,0.89,0.98,0.09,0.0
phpMD2hR6,0.89,100,0.89,0.85,0.04,0.0
phpMD2hR6,0.95,100,0.95,0.94,0.01,0.0
phpMD2hR6,0.95,100,0.95,1.0,0.05,0.0
phpMD2hR6,0.95,100,0.95,0.98,0.03,0.0
phpMD2hR6,0.95,100,0.95,0.85,0.1,0.0
phpMD2hR6,0.95,100,0.95,0.85,0.1,0.0
phpMD2hR6,0.95,100,0.95,0.83,0.12,0.0
phpMD2hR6,0.95,100,0.95,0.91,0.04,0.0
phpMD2hR6,0.95,100,0.95,1.0,0.05,0.0
phpMD2hR6,0.95,100,0.95,1.0,0.05,0.0
phpMD2hR6,0.95,100,0.95,0.95,0.0,0.0
phpMD2hR6,1.0,100,1.0,1.0,0.0,0.0
phpMD2hR6,1.0,100,1.0,1.0,0.0,0.0
phpMD2hR6,1.0,100,1.0,0.98,0.02,0.0
phpMD2hR6,1.0,100,1.0,0.89,0.11,0.0
phpMD2hR6,1.0,100,1.0,1.0,0.0,0.0
phpMD2hR6,1.0,100,1.0,0.89,0.11,0.0
phpMD2hR6,1.0,100,1.0,0.94,0.06,0.0
phpMD2hR6,1.0,100,1.0,1.0,0.0,0.0
phpMD2hR6,1.0,100,1.0,0.98,0.02,0.0
phpMD2hR6,1.0,100,1.0,1.0,0.0,0.0
phpmPOD5A,0.0,100,0.0,1.0,1.0,0.0
phpmPOD5A,0.0,100,0.0,1.0,1.0,0.0005457401275634766
phpmPOD5A,0.0,100,0.0,1.0,1.0,0.0
phpmPOD5A,0.0,100,0.0,1.0,1.0,0.0
phpmPOD5A,0.0,100,0.0,1.0,1.0,0.0
phpmPOD5A,0.0,100,0.0,1.0,1.0,0.0
phpmPOD5A,0.0,100,0.0,1.0,1.0,0.0
phpmPOD5A,0.0,100,0.0,1.0,1.0,0.0
phpmPOD5A,0.0,100,0.0,1.0,1.0,0.0
phpmPOD5A,0.0,100,0.0,1.0,1.0,0.0
phpmPOD5A,0.05,100,0.05,1.0,0.95,0.0
phpmPOD5A,0.05,100,0.05,1.0,0.95,0.0
phpmPOD5A,0.05,100,0.05,1.0,0.95,0.0
phpmPOD5A,0.05,100,0.05,1.0,0.95,0.0
phpmPOD5A,0.05,100,0.05,1.0,0.95,0.0
phpmPOD5A,0.05,100,0.05,1.0,0.95,0.0
phpmPOD5A,0.05,100,0.05,1.0,0.95,0.0
phpmPOD5A,0.05,100,0.05,1.0,0.95,0.0
phpmPOD5A,0.05,100,0.05,1.0,0.95,0.0
phpmPOD5A,0.05,100,0.05,1.0,0.95,0.0
phpmPOD5A,0.11,100,0.11,1.0,0.89,0.0
phpmPOD5A,0.11,100,0.11,1.0,0.89,0.0
phpmPOD5A,0.11,100,0.11,1.0,0.89,0.0
phpmPOD5A,0.11,100,0.11,1.0,0.89,0.0
phpmPOD5A,0.11,100,0.11,1.0,0.89,0.0
phpmPOD5A,0.11,100,0.11,1.0,0.89,0.0
phpmPOD5A,0.11,100,0.11,1.0,0.89,0.0
phpmPOD5A,0.11,100,0.11,1.0,0.89,0.0
phpmPOD5A,0.11,100,0.11,1.0,0.89,0.0
phpmPOD5A,0.11,100,0.11,1.0,0.89,0.0
phpmPOD5A,0.16,100,0.16,1.0,0.84,0.0
phpmPOD5A,0.16,100,0.16,1.0,0.84,0.0
phpmPOD5A,0.16,100,0.16,1.0,0.84,0.0
phpmPOD5A,0.16,100,0.16,1.0,0.84,0.0
phpmPOD5A,0.16,100,0.16,1.0,0.84,0.0
phpmPOD5A,0.16,100,0.16,1.0,0.84,0.0
phpmPOD5A,0.16,100,0.16,1.0,0.84,0.0
phpmPOD5A,0.16,100,0.16,1.0,0.84,0.0
phpmPOD5A,0.16,100,0.16,1.0,0.84,0.0
phpmPOD5A,0.16,100,0.16,1.0,0.84,0.0
phpmPOD5A,0.21,100,0.21,1.0,0.79,0.0
phpmPOD5A,0.21,100,0.21,1.0,0.79,0.0
phpmPOD5A,0.21,100,0.21,1.0,0.79,0.0
phpmPOD5A,0.21,100,0.21,1.0,0.79,0.0
phpmPOD5A,0.21,100,0.21,1.0,0.79,0.0
phpmPOD5A,0.21,100,0.21,1.0,0.79,0.0
phpmPOD5A,0.21,100,0.21,1.0,0.79,0.0
phpmPOD5A,0.21,100,0.21,1.0,0.79,0.0
phpmPOD5A,0.21,100,0.21,1.0,0.79,0.0
phpmPOD5A,0.21,100,0.21,1.0,0.79,0.0
phpmPOD5A,0.26,100,0.26,1.0,0.74,0.0
phpmPOD5A,0.26,100,0.26,1.0,0.74,0.0
phpmPOD5A,0.26,100,0.26,1.0,0.74,0.0
phpmPOD5A,0.26,100,0.26,1.0,0.74,0.0
phpmPOD5A,0.26,100,0.26,1.0,0.74,0.0
phpmPOD5A,0.26,100,0.26,1.0,0.74,0.0
phpmPOD5A,0.26,100,0.26,1.0,0.74,0.0
phpmPOD5A,0.26,100,0.26,1.0,0.74,0.0
phpmPOD5A,0.26,100,0.26,1.0,0.74,0.0
phpmPOD5A,0.26,100,0.26,1.0,0.74,0.0
phpmPOD5A,0.32,100,0.32,1.0,0.68,0.0
phpmPOD5A,0.32,100,0.32,1.0,0.68,0.0
phpmPOD5A,0.32,100,0.32,1.0,0.68,0.0
phpmPOD5A,0.32,100,0.32,1.0,0.68,0.0
phpmPOD5A,0.32,100,0.32,1.0,0.68,0.0
phpmPOD5A,0.32,100,0.32,1.0,0.68,0.0
phpmPOD5A,0.32,100,0.32,1.0,0.68,0.0
phpmPOD5A,0.32,100,0.32,1.0,0.68,0.0010023117065429688
phpmPOD5A,0.32,100,0.32,1.0,0.68,0.0
phpmPOD5A,0.32,100,0.32,1.0,0.68,0.0
phpmPOD5A,0.37,100,0.37,1.0,0.63,0.0
phpmPOD5A,0.37,100,0.37,1.0,0.63,0.0
phpmPOD5A,0.37,100,0.37,1.0,0.63,0.0
phpmPOD5A,0.37,100,0.37,1.0,0.63,0.0
phpmPOD5A,0.37,100,0.37,1.0,0.63,0.0
phpmPOD5A,0.37,100,0.37,1.0,0.63,0.0
phpmPOD5A,0.37,100,0.37,1.0,0.63,0.0006270408630371094
phpmPOD5A,0.37,100,0.37,1.0,0.63,0.0
phpmPOD5A,0.37,100,0.37,1.0,0.63,0.0
phpmPOD5A,0.37,100,0.37,1.0,0.63,0.0
phpmPOD5A,0.42,100,0.42,1.0,0.58,0.0
phpmPOD5A,0.42,100,0.42,1.0,0.58,0.0
phpmPOD5A,0.42,100,0.42,1.0,0.58,0.0
phpmPOD5A,0.42,100,0.42,1.0,0.58,0.0
phpmPOD5A,0.42,100,0.42,1.0,0.58,0.0
phpmPOD5A,0.42,100,0.42,1.0,0.58,0.0
phpmPOD5A,0.42,100,0.42,1.0,0.58,6.222724914550781e-05
phpmPOD5A,0.42,100,0.42,1.0,0.58,0.0
phpmPOD5A,0.42,100,0.42,1.0,0.58,0.0
phpmPOD5A,0.42,100,0.42,1.0,0.58,0.0
phpmPOD5A,0.47,100,0.47,1.0,0.53,0.0
phpmPOD5A,0.47,100,0.47,1.0,0.53,0.0
phpmPOD5A,0.47,100,0.47,1.0,0.53,0.0
phpmPOD5A,0.47,100,0.47,1.0,0.53,0.0
phpmPOD5A,0.47,100,0.47,1.0,0.53,0.0
phpmPOD5A,0.47,100,0.47,1.0,0.53,0.0
phpmPOD5A,0.47,100,0.47,1.0,0.53,0.0
phpmPOD5A,0.47,100,0.47,1.0,0.53,0.0
phpmPOD5A,0.47,100,0.47,1.0,0.53,0.0
phpmPOD5A,0.47,100,0.47,1.0,0.53,0.0
phpmPOD5A,0.53,100,0.53,1.0,0.47,0.0
phpmPOD5A,0.53,100,0.53,1.0,0.47,0.0
phpmPOD5A,0.53,100,0.53,1.0,0.47,0.0
phpmPOD5A,0.53,100,0.53,1.0,0.47,0.0
phpmPOD5A,0.53,100,0.53,1.0,0.47,0.0
phpmPOD5A,0.53,100,0.53,1.0,0.47,0.0
phpmPOD5A,0.53,100,0.53,1.0,0.47,0.0
phpmPOD5A,0.53,100,0.53,1.0,0.47,0.0
phpmPOD5A,0.53,100,0.53,1.0,0.47,0.0
phpmPOD5A,0.53,100,0.53,1.0,0.47,0.0
phpmPOD5A,0.58,100,0.58,1.0,0.42,0.0
phpmPOD5A,0.58,100,0.58,1.0,0.42,0.0
phpmPOD5A,0.58,100,0.58,1.0,0.42,0.0
phpmPOD5A,0.58,100,0.58,1.0,0.42,0.0
phpmPOD5A,0.58,100,0.58,1.0,0.42,0.0
phpmPOD5A,0.58,100,0.58,1.0,0.42,0.0
phpmPOD5A,0.58,100,0.58,1.0,0.42,0.0
phpmPOD5A,0.58,100,0.58,1.0,0.42,0.0
phpmPOD5A,0.58,100,0.58,1.0,0.42,0.0
phpmPOD5A,0.58,100,0.58,1.0,0.42,0.0
phpmPOD5A,0.63,100,0.63,1.0,0.37,0.0
phpmPOD5A,0.63,100,0.63,1.0,0.37,0.0
phpmPOD5A,0.63,100,0.63,1.0,0.37,0.0
phpmPOD5A,0.63,100,0.63,1.0,0.37,0.0
phpmPOD5A,0.63,100,0.63,1.0,0.37,0.0
phpmPOD5A,0.63,100,0.63,1.0,0.37,0.0
phpmPOD5A,0.63,100,0.63,1.0,0.37,0.0
phpmPOD5A,0.63,100,0.63,1.0,0.37,0.0
phpmPOD5A,0.63,100,0.63,1.0,0.37,0.0
phpmPOD5A,0.63,100,0.63,1.0,0.37,0.0
phpmPOD5A,0.68,100,0.68,1.0,0.32,0.0
phpmPOD5A,0.68,100,0.68,1.0,0.32,0.0
phpmPOD5A,0.68,100,0.68,1.0,0.32,0.0
phpmPOD5A,0.68,100,0.68,1.0,0.32,0.0
phpmPOD5A,0.68,100,0.68,1.0,0.32,0.0
phpmPOD5A,0.68,100,0.68,1.0,0.32,0.0
phpmPOD5A,0.68,100,0.68,1.0,0.32,0.0
phpmPOD5A,0.68,100,0.68,1.0,0.32,0.0
phpmPOD5A,0.68,100,0.68,1.0,0.32,0.0
phpmPOD5A,0.68,100,0.68,1.0,0.32,0.0
phpmPOD5A,0.74,100,0.74,1.0,0.26,0.0
phpmPOD5A,0.74,100,0.74,1.0,0.26,0.0
phpmPOD5A,0.74,100,0.74,1.0,0.26,0.0
phpmPOD5A,0.74,100,0.74,1.0,0.26,0.0
phpmPOD5A,0.74,100,0.74,1.0,0.26,0.0
phpmPOD5A,0.74,100,0.74,1.0,0.26,0.0
phpmPOD5A,0.74,100,0.74,1.0,0.26,0.0
phpmPOD5A,0.74,100,0.74,1.0,0.26,0.0
phpmPOD5A,0.74,100,0.74,1.0,0.26,0.0
phpmPOD5A,0.74,100,0.74,1.0,0.26,0.0
phpmPOD5A,0.79,100,0.79,1.0,0.21,0.0
phpmPOD5A,0.79,100,0.79,1.0,0.21,0.0
phpmPOD5A,0.79,100,0.79,1.0,0.21,0.0
phpmPOD5A,0.79,100,0.79,1.0,0.21,0.0
phpmPOD5A,0.79,100,0.79,1.0,0.21,0.0
phpmPOD5A,0.79,100,0.79,1.0,0.21,0.0
phpmPOD5A,0.79,100,0.79,1.0,0.21,0.0
phpmPOD5A,0.79,100,0.79,1.0,0.21,0.0
phpmPOD5A,0.79,100,0.79,1.0,0.21,0.0
phpmPOD5A,0.79,100,0.79,1.0,0.21,0.0
phpmPOD5A,0.84,100,0.84,1.0,0.16,0.0
phpmPOD5A,0.84,100,0.84,1.0,0.16,0.0
phpmPOD5A,0.84,100,0.84,1.0,0.16,0.0
phpmPOD5A,0.84,100,0.84,1.0,0.16,0.0010030269622802734
phpmPOD5A,0.84,100,0.84,1.0,0.16,0.0
phpmPOD5A,0.84,100,0.84,1.0,0.16,0.0
phpmPOD5A,0.84,100,0.84,1.0,0.16,0.0
phpmPOD5A,0.84,100,0.84,1.0,0.16,0.0
phpmPOD5A,0.84,100,0.84,1.0,0.16,0.0
phpmPOD5A,0.84,100,0.84,1.0,0.16,0.0
phpmPOD5A,0.89,100,0.89,1.0,0.11,0.0
phpmPOD5A,0.89,100,0.89,1.0,0.11,0.0
phpmPOD5A,0.89,100,0.89,1.0,0.11,0.0
phpmPOD5A,0.89,100,0.89,1.0,0.11,0.0
phpmPOD5A,0.89,100,0.89,1.0,0.11,0.0
phpmPOD5A,0.89,100,0.89,1.0,0.11,0.0
phpmPOD5A,0.89,100,0.89,1.0,0.11,0.0
phpmPOD5A,0.89,100,0.89,1.0,0.11,0.0
phpmPOD5A,0.89,100,0.89,1.0,0.11,0.0
phpmPOD5A,0.89,100,0.89,1.0,0.11,0.0
phpmPOD5A,0.95,100,0.95,1.0,0.05,0.0
phpmPOD5A,0.95,100,0.95,1.0,0.05,0.0
phpmPOD5A,0.95,100,0.95,1.0,0.05,0.0
phpmPOD5A,0.95,100,0.95,1.0,0.05,0.0
phpmPOD5A,0.95,100,0.95,1.0,0.05,0.0
phpmPOD5A,0.95,100,0.95,1.0,0.05,0.0
phpmPOD5A,0.95,100,0.95,1.0,0.05,0.0
phpmPOD5A,0.95,100,0.95,1.0,0.05,0.0
phpmPOD5A,0.95,100,0.95,1.0,0.05,0.0
phpmPOD5A,0.95,100,0.95,1.0,0.05,0.0
phpmPOD5A,1.0,100,1.0,1.0,0.0,0.0
phpmPOD5A,1.0,100,1.0,1.0,0.0,0.0
phpmPOD5A,1.0,100,1.0,1.0,0.0,0.0
phpmPOD5A,1.0,100,1.0,1.0,0.0,0.0
phpmPOD5A,1.0,100,1.0,1.0,0.0,0.0
phpmPOD5A,1.0,100,1.0,1.0,0.0,0.0
phpmPOD5A,1.0,100,1.0,1.0,0.0,0.0
phpmPOD5A,1.0,100,1.0,1.0,0.0,0.0
phpmPOD5A,1.0,100,1.0,1.0,0.0,0.0
phpmPOD5A,1.0,100,1.0,1.0,0.0,0.0
phpV5QYya,0.0,100,0.0,0.0,0.0,0.0
phpV5QYya,0.0,100,0.0,0.05,0.05,0.0
phpV5QYya,0.0,100,0.0,0.01,0.01,0.0
phpV5QYya,0.0,100,0.0,0.06,0.06,0.0
phpV5QYya,0.0,100,0.0,0.05,0.05,0.0
phpV5QYya,0.0,100,0.0,0.0,0.0,0.0
phpV5QYya,0.0,100,0.0,0.05,0.05,0.0
phpV5QYya,0.0,100,0.0,0.0,0.0,0.0
phpV5QYya,0.0,100,0.0,0.0,0.0,0.0
phpV5QYya,0.0,100,0.0,0.01,0.01,0.0
phpV5QYya,0.05,100,0.05,0.07,0.02,0.0
phpV5QYya,0.05,100,0.05,0.05,0.0,0.0
phpV5QYya,0.05,100,0.05,0.08,0.03,0.0
phpV5QYya,0.05,100,0.05,0.03,0.02,0.0
phpV5QYya,0.05,100,0.05,0.05,0.0,0.0
phpV5QYya,0.05,100,0.05,0.14,0.09,0.0
phpV5QYya,0.05,100,0.05,0.06,0.01,0.0
phpV5QYya,0.05,100,0.05,0.05,0.0,0.0
phpV5QYya,0.05,100,0.05,0.0,0.05,0.0
phpV5QYya,0.05,100,0.05,0.06,0.01,0.0
phpV5QYya,0.11,100,0.11,0.06,0.05,0.0
phpV5QYya,0.11,100,0.11,0.16,0.05,0.0
phpV5QYya,0.11,100,0.11,0.13,0.02,0.0
phpV5QYya,0.11,100,0.11,0.09,0.02,0.0
phpV5QYya,0.11,100,0.11,0.1,0.01,0.0
phpV5QYya,0.11,100,0.11,0.14,0.03,0.015627622604370117
phpV5QYya,0.11,100,0.11,0.09,0.02,0.0
phpV5QYya,0.11,100,0.11,0.17,0.06,0.0
phpV5QYya,0.11,100,0.11,0.09,0.02,0.0
phpV5QYya,0.11,100,0.11,0.14,0.03,0.0
phpV5QYya,0.16,100,0.16,0.14,0.02,0.0010035037994384766
phpV5QYya,0.16,100,0.16,0.15,0.01,0.0
phpV5QYya,0.16,100,0.16,0.13,0.03,0.0
phpV5QYya,0.16,100,0.16,0.16,0.0,0.0
phpV5QYya,0.16,100,0.16,0.13,0.03,0.0
phpV5QYya,0.16,100,0.16,0.13,0.03,0.0
phpV5QYya,0.16,100,0.16,0.15,0.01,0.0
phpV5QYya,0.16,100,0.16,0.13,0.03,0.0
phpV5QYya,0.16,100,0.16,0.14,0.02,0.0
phpV5QYya,0.16,100,0.16,0.21,0.05,0.0
phpV5QYya,0.21,100,0.21,0.28,0.07,0.0
phpV5QYya,0.21,100,0.21,0.2,0.01,0.0
phpV5QYya,0.21,100,0.21,0.2,0.01,0.0
phpV5QYya,0.21,100,0.21,0.2,0.01,0.0
phpV5QYya,0.21,100,0.21,0.22,0.01,0.0
phpV5QYya,0.21,100,0.21,0.27,0.06,0.0
phpV5QYya,0.21,100,0.21,0.22,0.01,0.0
phpV5QYya,0.21,100,0.21,0.24,0.03,0.0
phpV5QYya,0.21,100,0.21,0.14,0.07,0.0
phpV5QYya,0.21,100,0.21,0.19,0.02,0.0
phpV5QYya,0.26,100,0.26,0.27,0.01,0.0
phpV5QYya,0.26,100,0.26,0.27,0.01,0.0
phpV5QYya,0.26,100,0.26,0.19,0.07,0.0
phpV5QYya,0.26,100,0.26,0.23,0.03,0.0
phpV5QYya,0.26,100,0.26,0.23,0.03,0.0
phpV5QYya,0.26,100,0.26,0.28,0.02,0.0
phpV5QYya,0.26,100,0.26,0.28,0.02,0.0
phpV5QYya,0.26,100,0.26,0.28,0.02,0.0
phpV5QYya,0.26,100,0.26,0.23,0.03,0.0
phpV5QYya,0.26,100,0.26,0.27,0.01,0.0
phpV5QYya,0.32,100,0.32,0.31,0.01,0.0
phpV5QYya,0.32,100,0.32,0.33,0.01,0.0
phpV5QYya,0.32,100,0.32,0.34,0.02,0.0
phpV5QYya,0.32,100,0.32,0.31,0.01,0.0
phpV5QYya,0.32,100,0.32,0.23,0.09,0.0
phpV5QYya,0.32,100,0.32,0.33,0.01,0.0
phpV5QYya,0.32,100,0.32,0.3,0.02,0.0
phpV5QYya,0.32,100,0.32,0.29,0.03,0.0
phpV5QYya,0.32,100,0.32,0.29,0.03,0.0
phpV5QYya,0.32,100,0.32,0.34,0.02,0.0
phpV5QYya,0.37,100,0.37,0.37,0.0,0.0
phpV5QYya,0.37,100,0.37,0.4,0.03,0.0
phpV5QYya,0.37,100,0.37,0.4,0.03,0.0
phpV5QYya,0.37,100,0.37,0.38,0.01,0.0
phpV5QYya,0.37,100,0.37,0.36,0.01,0.0
phpV5QYya,0.37,100,0.37,0.38,0.01,0.0
phpV5QYya,0.37,100,0.37,0.38,0.01,0.0
phpV5QYya,0.37,100,0.37,0.37,0.0,0.0
phpV5QYya,0.37,100,0.37,0.36,0.01,0.0
phpV5QYya,0.37,100,0.37,0.37,0.0,0.0
phpV5QYya,0.42,100,0.42,0.45,0.03,0.0
phpV5QYya,0.42,100,0.42,0.37,0.05,0.0
phpV5QYya,0.42,100,0.42,0.38,0.04,0.0
phpV5QYya,0.42,100,0.42,0.47,0.05,0.0
phpV5QYya,0.42,100,0.42,0.38,0.04,0.0
phpV5QYya,0.42,100,0.42,0.36,0.06,0.0
phpV5QYya,0.42,100,0.42,0.44,0.02,0.0
phpV5QYya,0.42,100,0.42,0.42,0.0,0.0
phpV5QYya,0.42,100,0.42,0.38,0.04,0.0
phpV5QYya,0.42,100,0.42,0.45,0.03,0.0
phpV5QYya,0.47,100,0.47,0.5,0.03,0.0
phpV5QYya,0.47,100,0.47,0.4,0.07,0.0
phpV5QYya,0.47,100,0.47,0.45,0.02,0.0
phpV5QYya,0.47,100,0.47,0.55,0.08,0.0
phpV5QYya,0.47,100,0.47,0.48,0.01,0.0
phpV5QYya,0.47,100,0.47,0.44,0.03,0.0
phpV5QYya,0.47,100,0.47,0.45,0.02,0.0
phpV5QYya,0.47,100,0.47,0.47,0.0,0.0
phpV5QYya,0.47,100,0.47,0.43,0.04,0.0
phpV5QYya,0.47,100,0.47,0.52,0.05,0.0
phpV5QYya,0.53,100,0.53,0.51,0.02,0.0
phpV5QYya,0.53,100,0.53,0.51,0.02,0.0
phpV5QYya,0.53,100,0.53,0.48,0.05,0.0
phpV5QYya,0.53,100,0.53,0.58,0.05,0.0
phpV5QYya,0.53,100,0.53,0.49,0.04,0.0
phpV5QYya,0.53,100,0.53,0.51,0.02,0.0
phpV5QYya,0.53,100,0.53,0.49,0.04,0.0
phpV5QYya,0.53,100,0.53,0.51,0.02,0.0
phpV5QYya,0.53,100,0.53,0.53,0.0,0.0
phpV5QYya,0.53,100,0.53,0.5,0.03,0.0
phpV5QYya,0.58,100,0.58,0.56,0.02,0.0
phpV5QYya,0.58,100,0.58,0.6,0.02,0.0
phpV5QYya,0.58,100,0.58,0.57,0.01,0.0
phpV5QYya,0.58,100,0.58,0.58,0.0,0.0
phpV5QYya,0.58,100,0.58,0.6,0.02,0.0
phpV5QYya,0.58,100,0.58,0.6,0.02,0.0
phpV5QYya,0.58,100,0.58,0.56,0.02,0.0
phpV5QYya,0.58,100,0.58,0.52,0.06,0.0
phpV5QYya,0.58,100,0.58,0.56,0.02,0.0
phpV5QYya,0.58,100,0.58,0.55,0.03,0.0
phpV5QYya,0.63,100,0.63,0.65,0.02,0.0
phpV5QYya,0.63,100,0.63,0.65,0.02,0.0
phpV5QYya,0.63,100,0.63,0.57,0.06,0.0
phpV5QYya,0.63,100,0.63,0.63,0.0,0.0
phpV5QYya,0.63,100,0.63,0.63,0.0,0.0
phpV5QYya,0.63,100,0.63,0.63,0.0,0.0
phpV5QYya,0.63,100,0.63,0.58,0.05,0.0
phpV5QYya,0.63,100,0.63,0.7,0.07,0.0
phpV5QYya,0.63,100,0.63,0.63,0.0,0.0
phpV5QYya,0.63,100,0.63,0.64,0.01,0.0
phpV5QYya,0.68,100,0.68,0.69,0.01,0.0
phpV5QYya,0.68,100,0.68,0.63,0.05,0.0
phpV5QYya,0.68,100,0.68,0.59,0.09,0.0
phpV5QYya,0.68,100,0.68,0.67,0.01,0.0
phpV5QYya,0.68,100,0.68,0.62,0.06,0.0
phpV5QYya,0.68,100,0.68,0.65,0.03,0.0
phpV5QYya,0.68,100,0.68,0.59,0.09,0.0
phpV5QYya,0.68,100,0.68,0.7,0.02,0.0
phpV5QYya,0.68,100,0.68,0.59,0.09,0.0
phpV5QYya,0.68,100,0.68,0.67,0.01,0.0
phpV5QYya,0.74,100,0.74,0.73,0.01,0.0
phpV5QYya,0.74,100,0.74,0.76,0.02,0.0
phpV5QYya,0.74,100,0.74,0.72,0.02,0.0011014938354492188
phpV5QYya,0.74,100,0.74,0.69,0.05,0.0
phpV5QYya,0.74,100,0.74,0.72,0.02,0.0
phpV5QYya,0.74,100,0.74,0.71,0.03,0.0
phpV5QYya,0.74,100,0.74,0.69,0.05,0.0
phpV5QYya,0.74,100,0.74,0.77,0.03,0.0
phpV5QYya,0.74,100,0.74,0.69,0.05,0.0
phpV5QYya,0.74,100,0.74,0.73,0.01,0.0
phpV5QYya,0.79,100,0.79,0.77,0.02,0.0
phpV5QYya,0.79,100,0.79,0.76,0.03,0.0
phpV5QYya,0.79,100,0.79,0.8,0.01,0.0
phpV5QYya,0.79,100,0.79,0.81,0.02,0.0
phpV5QYya,0.79,100,0.79,0.84,0.05,0.0
phpV5QYya,0.79,100,0.79,0.78,0.01,0.0
phpV5QYya,0.79,100,0.79,0.77,0.02,0.0
phpV5QYya,0.79,100,0.79,0.79,0.0,0.0
phpV5QYya,0.79,100,0.79,0.79,0.0,0.0
phpV5QYya,0.79,100,0.79,0.78,0.01,0.0
phpV5QYya,0.84,100,0.84,0.8,0.04,0.0
phpV5QYya,0.84,100,0.84,0.84,0.0,0.0
phpV5QYya,0.84,100,0.84,0.87,0.03,0.0
phpV5QYya,0.84,100,0.84,0.81,0.03,0.0
phpV5QYya,0.84,100,0.84,0.83,0.01,0.0
phpV5QYya,0.84,100,0.84,0.84,0.0,0.0
phpV5QYya,0.84,100,0.84,0.78,0.06,0.0
phpV5QYya,0.84,100,0.84,0.81,0.03,0.0
phpV5QYya,0.84,100,0.84,0.84,0.0,0.0
phpV5QYya,0.84,100,0.84,0.78,0.06,0.0
phpV5QYya,0.89,100,0.89,0.84,0.05,0.0
phpV5QYya,0.89,100,0.89,0.94,0.05,0.0
phpV5QYya,0.89,100,0.89,0.91,0.02,0.0
phpV5QYya,0.89,100,0.89,0.81,0.08,0.0
phpV5QYya,0.89,100,0.89,0.87,0.02,0.0
phpV5QYya,0.89,100,0.89,0.83,0.06,0.0
phpV5QYya,0.89,100,0.89,0.92,0.03,0.0
phpV5QYya,0.89,100,0.89,0.79,0.1,0.0
phpV5QYya,0.89,100,0.89,0.84,0.05,0.0
phpV5QYya,0.89,100,0.89,0.88,0.01,0.0
phpV5QYya,0.95,100,0.95,0.9,0.05,0.0
phpV5QYya,0.95,100,0.95,0.94,0.01,0.0
phpV5QYya,0.95,100,0.95,0.93,0.02,0.0
phpV5QYya,0.95,100,0.95,0.95,0.0,0.0010898113250732422
phpV5QYya,0.95,100,0.95,0.98,0.03,0.0
phpV5QYya,0.95,100,0.95,0.97,0.02,0.0
phpV5QYya,0.95,100,0.95,0.93,0.02,0.0
phpV5QYya,0.95,100,0.95,0.93,0.02,0.0
phpV5QYya,0.95,100,0.95,0.94,0.01,0.0
phpV5QYya,0.95,100,0.95,0.88,0.07,0.0
phpV5QYya,1.0,100,1.0,1.0,0.0,0.0
phpV5QYya,1.0,100,1.0,0.98,0.02,0.0
phpV5QYya,1.0,100,1.0,0.98,0.02,0.0
phpV5QYya,1.0,100,1.0,0.97,0.03,0.0
phpV5QYya,1.0,100,1.0,0.94,0.06,0.0
phpV5QYya,1.0,100,1.0,1.0,0.0,0.0
phpV5QYya,1.0,100,1.0,1.0,0.0,0.0
phpV5QYya,1.0,100,1.0,0.97,0.03,0.0
phpV5QYya,1.0,100,1.0,0.97,0.03,0.0
phpV5QYya,1.0,100,1.0,0.94,0.06,0.0
pol,0.0,100,0.0,0.0,0.0,0.0
pol,0.0,100,0.0,0.0,0.0,0.0
pol,0.0,100,0.0,0.0,0.0,0.0
pol,0.0,100,0.0,0.0,0.0,0.0
pol,0.0,100,0.0,0.0,0.0,0.0
pol,0.0,100,0.0,0.0,0.0,0.0
pol,0.0,100,0.0,0.0,0.0,0.0
pol,0.0,100,0.0,0.0,0.0,0.0
pol,0.0,100,0.0,0.0,0.0,0.0
pol,0.0,100,0.0,0.0,0.0,0.0
pol,0.05,100,0.05,0.15,0.1,0.0
pol,0.05,100,0.05,0.0,0.05,0.0
pol,0.05,100,0.05,0.04,0.01,0.0
pol,0.05,100,0.05,0.01,0.04,0.0
pol,0.05,100,0.05,0.09,0.04,0.0
pol,0.05,100,0.05,0.0,0.05,0.0
pol,0.05,100,0.05,0.0,0.05,0.0
pol,0.05,100,0.05,0.0,0.05,0.0
pol,0.05,100,0.05,0.07,0.02,0.0
pol,0.05,100,0.05,0.03,0.02,0.0
pol,0.11,100,0.11,0.12,0.01,0.0
pol,0.11,100,0.11,0.0,0.11,0.0
pol,0.11,100,0.11,0.08,0.03,0.0
pol,0.11,100,0.11,0.13,0.02,0.0
pol,0.11,100,0.11,0.11,0.0,0.0
pol,0.11,100,0.11,0.09,0.02,0.0
pol,0.11,100,0.11,0.08,0.03,0.0010008811950683594
pol,0.11,100,0.11,0.03,0.08,0.0
pol,0.11,100,0.11,0.01,0.1,0.0
pol,0.11,100,0.11,0.12,0.01,0.0
pol,0.16,100,0.16,0.13,0.03,0.0
pol,0.16,100,0.16,0.07,0.09,0.0
pol,0.16,100,0.16,0.11,0.05,0.0
pol,0.16,100,0.16,0.15,0.01,0.0
pol,0.16,100,0.16,0.28,0.12,0.0
pol,0.16,100,0.16,0.04,0.12,0.0
pol,0.16,100,0.16,0.11,0.05,0.0
pol,0.16,100,0.16,0.13,0.03,0.0
pol,0.16,100,0.16,0.15,0.01,0.0
pol,0.16,100,0.16,0.09,0.07,0.0
pol,0.21,100,0.21,0.19,0.02,0.0
pol,0.21,100,0.21,0.27,0.06,0.0
pol,0.21,100,0.21,0.25,0.04,0.0
pol,0.21,100,0.21,0.23,0.02,0.0
pol,0.21,100,0.21,0.11,0.1,0.0
pol,0.21,100,0.21,0.16,0.05,0.0
pol,0.21,100,0.21,0.16,0.05,0.0
pol,0.21,100,0.21,0.2,0.01,0.0
pol,0.21,100,0.21,0.2,0.01,0.0
pol,0.21,100,0.21,0.16,0.05,0.0
pol,0.26,100,0.26,0.28,0.02,0.0
pol,0.26,100,0.26,0.29,0.03,0.015715599060058594
pol,0.26,100,0.26,0.21,0.05,0.0
pol,0.26,100,0.26,0.28,0.02,0.0
pol,0.26,100,0.26,0.21,0.05,0.0
pol,0.26,100,0.26,0.31,0.05,0.0
pol,0.26,100,0.26,0.21,0.05,0.0
pol,0.26,100,0.26,0.15,0.11,0.0
pol,0.26,100,0.26,0.21,0.05,0.0
pol,0.26,100,0.26,0.25,0.01,0.0
pol,0.32,100,0.32,0.28,0.04,0.0
pol,0.32,100,0.32,0.33,0.01,0.0
pol,0.32,100,0.32,0.27,0.05,0.0
pol,0.32,100,0.32,0.23,0.09,0.0
pol,0.32,100,0.32,0.31,0.01,0.0
pol,0.32,100,0.32,0.33,0.01,0.0
pol,0.32,100,0.32,0.31,0.01,0.0
pol,0.32,100,0.32,0.36,0.04,0.0
pol,0.32,100,0.32,0.25,0.07,0.0
pol,0.32,100,0.32,0.33,0.01,0.0
pol,0.37,100,0.37,0.35,0.02,0.0
pol,0.37,100,0.37,0.41,0.04,0.0
pol,0.37,100,0.37,0.31,0.06,0.0
pol,0.37,100,0.37,0.33,0.04,0.0
pol,0.37,100,0.37,0.36,0.01,0.0
pol,0.37,100,0.37,0.35,0.02,0.0
pol,0.37,100,0.37,0.31,0.06,0.0
pol,0.37,100,0.37,0.44,0.07,0.0
pol,0.37,100,0.37,0.33,0.04,0.0
pol,0.37,100,0.37,0.28,0.09,0.0
pol,0.42,100,0.42,0.37,0.05,0.0
pol,0.42,100,0.42,0.4,0.02,0.0
pol,0.42,100,0.42,0.49,0.07,0.0
pol,0.42,100,0.42,0.31,0.11,0.0
pol,0.42,100,0.42,0.44,0.02,0.0
pol,0.42,100,0.42,0.45,0.03,0.0
pol,0.42,100,0.42,0.44,0.02,0.0
pol,0.42,100,0.42,0.45,0.03,0.0
pol,0.42,100,0.42,0.39,0.03,0.0
pol,0.42,100,0.42,0.45,0.03,0.0
pol,0.47,100,0.47,0.47,0.0,0.0
pol,0.47,100,0.47,0.48,0.01,0.0
pol,0.47,100,0.47,0.51,0.04,0.0
pol,0.47,100,0.47,0.44,0.03,0.0
pol,0.47,100,0.47,0.51,0.04,0.0
pol,0.47,100,0.47,0.51,0.04,0.0
pol,0.47,100,0.47,0.48,0.01,0.0
pol,0.47,100,0.47,0.44,0.03,0.0
pol,0.47,100,0.47,0.43,0.04,0.0
pol,0.47,100,0.47,0.43,0.04,0.0
pol,0.53,100,0.53,0.52,0.01,0.0
pol,0.53,100,0.53,0.53,0.0,0.0
pol,0.53,100,0.53,0.52,0.01,0.0
pol,0.53,100,0.53,0.45,0.08,0.0
pol,0.53,100,0.53,0.51,0.02,0.0
pol,0.53,100,0.53,0.53,0.0,0.0
pol,0.53,100,0.53,0.45,0.08,0.0
pol,0.53,100,0.53,0.49,0.04,0.0
pol,0.53,100,0.53,0.52,0.01,0.0
pol,0.53,100,0.53,0.48,0.05,0.0
pol,0.58,100,0.58,0.51,0.07,0.0
pol,0.58,100,0.58,0.59,0.01,0.0
pol,0.58,100,0.58,0.56,0.02,0.0
pol,0.58,100,0.58,0.55,0.03,0.0
pol,0.58,100,0.58,0.56,0.02,0.0
pol,0.58,100,0.58,0.53,0.05,0.0
pol,0.58,100,0.58,0.61,0.03,0.0
pol,0.58,100,0.58,0.53,0.05,0.0
pol,0.58,100,0.58,0.51,0.07,0.0
pol,0.58,100,0.58,0.61,0.03,0.0
pol,0.63,100,0.63,0.59,0.04,0.0
pol,0.63,100,0.63,0.64,0.01,0.0
pol,0.63,100,0.63,0.64,0.01,0.0
pol,0.63,100,0.63,0.59,0.04,0.0
pol,0.63,100,0.63,0.6,0.03,0.0
pol,0.63,100,0.63,0.61,0.02,0.0
pol,0.63,100,0.63,0.63,0.0,0.0
pol,0.63,100,0.63,0.6,0.03,0.0
pol,0.63,100,0.63,0.52,0.11,0.0
pol,0.63,100,0.63,0.64,0.01,0.0
pol,0.68,100,0.68,0.69,0.01,0.0
pol,0.68,100,0.68,0.65,0.03,0.0
pol,0.68,100,0.68,0.68,0.0,0.0
pol,0.68,100,0.68,0.61,0.07,0.0
pol,0.68,100,0.68,0.67,0.01,0.0
pol,0.68,100,0.68,0.71,0.03,0.0
pol,0.68,100,0.68,0.68,0.0,0.0
pol,0.68,100,0.68,0.67,0.01,0.0
pol,0.68,100,0.68,0.64,0.04,0.0
pol,0.68,100,0.68,0.63,0.05,0.0
pol,0.74,100,0.74,0.73,0.01,0.0
pol,0.74,100,0.74,0.71,0.03,0.0
pol,0.74,100,0.74,0.65,0.09,0.0
pol,0.74,100,0.74,0.65,0.09,0.0
pol,0.74,100,0.74,0.79,0.05,0.0
pol,0.74,100,0.74,0.72,0.02,0.0
pol,0.74,100,0.74,0.65,0.09,0.0
pol,0.74,100,0.74,0.71,0.03,0.0
pol,0.74,100,0.74,0.73,0.01,0.0
pol,0.74,100,0.74,0.75,0.01,0.0
pol,0.79,100,0.79,0.73,0.06,0.0
pol,0.79,100,0.79,0.76,0.03,0.0
pol,0.79,100,0.79,0.72,0.07,0.0
pol,0.79,100,0.79,0.8,0.01,0.0
pol,0.79,100,0.79,0.79,0.0,0.0
pol,0.79,100,0.79,0.75,0.04,0.0
pol,0.79,100,0.79,0.8,0.01,0.0
pol,0.79,100,0.79,0.8,0.01,0.0
pol,0.79,100,0.79,0.73,0.06,0.0
pol,0.79,100,0.79,0.73,0.06,0.0
pol,0.84,100,0.84,0.83,0.01,0.0
pol,0.84,100,0.84,0.8,0.04,0.0
pol,0.84,100,0.84,0.77,0.07,0.0
pol,0.84,100,0.84,0.84,0.0,0.0
pol,0.84,100,0.84,0.8,0.04,0.0
pol,0.84,100,0.84,0.85,0.01,0.0
pol,0.84,100,0.84,0.8,0.04,0.0
pol,0.84,100,0.84,0.87,0.03,0.0
pol,0.84,100,0.84,0.81,0.03,0.0
pol,0.84,100,0.84,0.81,0.03,0.0
pol,0.89,100,0.89,0.84,0.05,0.0
pol,0.89,100,0.89,0.88,0.01,0.0
pol,0.89,100,0.89,0.85,0.04,0.0
pol,0.89,100,0.89,0.85,0.04,0.0008907318115234375
pol,0.89,100,0.89,0.88,0.01,0.0
pol,0.89,100,0.89,0.84,0.05,0.0
pol,0.89,100,0.89,0.89,0.0,0.0
pol,0.89,100,0.89,0.91,0.02,0.0
pol,0.89,100,0.89,0.84,0.05,0.0
pol,0.89,100,0.89,0.85,0.04,0.0
pol,0.95,100,0.95,0.92,0.03,0.0
pol,0.95,100,0.95,0.95,0.0,0.0
pol,0.95,100,0.95,0.95,0.0,0.0
pol,0.95,100,0.95,0.92,0.03,0.0
pol,0.95,100,0.95,0.93,0.02,0.0
pol,0.95,100,0.95,0.91,0.04,0.0
pol,0.95,100,0.95,0.95,0.0,0.0
pol,0.95,100,0.95,0.97,0.02,0.0
pol,0.95,100,0.95,0.97,0.02,0.0
pol,0.95,100,0.95,0.96,0.01,0.0
pol,1.0,100,1.0,1.0,0.0,0.0
pol,1.0,100,1.0,0.96,0.04,0.0
pol,1.0,100,1.0,1.0,0.0,0.0
pol,1.0,100,1.0,1.0,0.0,0.0
pol,1.0,100,1.0,1.0,0.0,0.0
pol,1.0,100,1.0,0.96,0.04,0.0
pol,1.0,100,1.0,0.96,0.04,0.0
pol,1.0,100,1.0,1.0,0.0,0.0
pol,1.0,100,1.0,1.0,0.0,0.010082006454467773
pol,1.0,100,1.0,1.0,0.0,0.0
pollen,0.0,100,0.0,1.0,1.0,0.0
pollen,0.0,100,0.0,0.0,0.0,0.0
pollen,0.0,100,0.0,1.0,1.0,0.0
pollen,0.0,100,0.0,1.0,1.0,0.0
pollen,0.0,100,0.0,1.0,1.0,0.0
pollen,0.0,100,0.0,0.0,0.0,0.0
pollen,0.0,100,0.0,1.0,1.0,0.0
pollen,0.0,100,0.0,1.0,1.0,0.0
pollen,0.0,100,0.0,0.5,0.5,0.0
pollen,0.0,100,0.0,1.0,1.0,0.0
pollen,0.05,100,0.05,0.0,0.05,0.0
pollen,0.05,100,0.05,1.0,0.95,0.0
pollen,0.05,100,0.05,0.0,0.05,0.0
pollen,0.05,100,0.05,0.5,0.45,0.0
pollen,0.05,100,0.05,1.0,0.95,0.0
pollen,0.05,100,0.05,0.5,0.45,0.0
pollen,0.05,100,0.05,0.0,0.05,0.0
pollen,0.05,100,0.05,0.0,0.05,0.0
pollen,0.05,100,0.05,1.0,0.95,0.0
pollen,0.05,100,0.05,1.0,0.95,0.01562190055847168
pollen,0.11,100,0.11,1.0,0.89,0.0
pollen,0.11,100,0.11,0.0,0.11,0.0
pollen,0.11,100,0.11,0.5,0.39,0.0
pollen,0.11,100,0.11,0.5,0.39,0.0
pollen,0.11,100,0.11,1.0,0.89,0.0
pollen,0.11,100,0.11,0.0,0.11,0.0
pollen,0.11,100,0.11,0.0,0.11,0.0
pollen,0.11,100,0.11,0.5,0.39,0.0
pollen,0.11,100,0.11,0.0,0.11,0.0
pollen,0.11,100,0.11,1.0,0.89,0.0
pollen,0.16,100,0.16,0.5,0.34,0.0
pollen,0.16,100,0.16,1.0,0.84,0.0
pollen,0.16,100,0.16,0.0,0.16,0.0
pollen,0.16,100,0.16,1.0,0.84,0.0
pollen,0.16,100,0.16,1.0,0.84,0.0
pollen,0.16,100,0.16,0.0,0.16,0.0
pollen,0.16,100,0.16,1.0,0.84,0.0
pollen,0.16,100,0.16,1.0,0.84,0.0
pollen,0.16,100,0.16,0.0,0.16,0.0
pollen,0.16,100,0.16,1.0,0.84,0.0
pollen,0.21,100,0.21,0.0,0.21,0.0
pollen,0.21,100,0.21,1.0,0.79,0.0
pollen,0.21,100,0.21,1.0,0.79,0.0
pollen,0.21,100,0.21,1.0,0.79,0.0
pollen,0.21,100,0.21,0.0,0.21,0.0
pollen,0.21,100,0.21,1.0,0.79,0.0
pollen,0.21,100,0.21,0.0,0.21,0.0
pollen,0.21,100,0.21,0.5,0.29,0.0
pollen,0.21,100,0.21,0.5,0.29,0.0
pollen,0.21,100,0.21,0.0,0.21,0.0
pollen,0.26,100,0.26,0.0,0.26,0.0
pollen,0.26,100,0.26,0.0,0.26,0.0
pollen,0.26,100,0.26,0.0,0.26,0.0
pollen,0.26,100,0.26,1.0,0.74,0.0
pollen,0.26,100,0.26,1.0,0.74,0.0
pollen,0.26,100,0.26,0.0,0.26,0.0
pollen,0.26,100,0.26,1.0,0.74,0.0
pollen,0.26,100,0.26,0.5,0.24,0.0
pollen,0.26,100,0.26,0.5,0.24,0.0
pollen,0.26,100,0.26,0.5,0.24,0.0
pollen,0.32,100,0.32,1.0,0.68,0.0
pollen,0.32,100,0.32,1.0,0.68,0.0
pollen,0.32,100,0.32,0.5,0.18,0.0
pollen,0.32,100,0.32,0.5,0.18,0.0
pollen,0.32,100,0.32,1.0,0.68,0.0
pollen,0.32,100,0.32,1.0,0.68,0.0
pollen,0.32,100,0.32,0.5,0.18,0.0
pollen,0.32,100,0.32,0.0,0.32,0.0
pollen,0.32,100,0.32,1.0,0.68,0.0
pollen,0.32,100,0.32,0.0,0.32,0.0
pollen,0.37,100,0.37,0.5,0.13,0.0
pollen,0.37,100,0.37,1.0,0.63,0.0
pollen,0.37,100,0.37,0.5,0.13,0.0002474784851074219
pollen,0.37,100,0.37,0.0,0.37,0.0
pollen,0.37,100,0.37,0.0,0.37,0.0
pollen,0.37,100,0.37,1.0,0.63,0.0
pollen,0.37,100,0.37,0.0,0.37,0.0
pollen,0.37,100,0.37,0.0,0.37,0.0
pollen,0.37,100,0.37,1.0,0.63,0.0
pollen,0.37,100,0.37,0.0,0.37,0.00021958351135253906
pollen,0.42,100,0.42,1.0,0.58,0.0
pollen,0.42,100,0.42,1.0,0.58,0.0
pollen,0.42,100,0.42,1.0,0.58,0.0
pollen,0.42,100,0.42,1.0,0.58,0.0
pollen,0.42,100,0.42,0.5,0.08,0.0
pollen,0.42,100,0.42,1.0,0.58,0.0
pollen,0.42,100,0.42,0.5,0.08,0.0
pollen,0.42,100,0.42,0.0,0.42,0.0
pollen,0.42,100,0.42,0.0,0.42,0.0
pollen,0.42,100,0.42,1.0,0.58,0.0
pollen,0.47,100,0.47,0.5,0.03,0.0
pollen,0.47,100,0.47,0.5,0.03,0.0
pollen,0.47,100,0.47,1.0,0.53,0.0
pollen,0.47,100,0.47,0.5,0.03,0.0
pollen,0.47,100,0.47,0.0,0.47,0.0
pollen,0.47,100,0.47,1.0,0.53,0.0
pollen,0.47,100,0.47,1.0,0.53,0.0
pollen,0.47,100,0.47,1.0,0.53,0.0
pollen,0.47,100,0.47,0.0,0.47,0.0
pollen,0.47,100,0.47,1.0,0.53,0.0
pollen,0.53,100,0.53,0.5,0.03,0.0
pollen,0.53,100,0.53,0.0,0.53,0.0
pollen,0.53,100,0.53,1.0,0.47,0.0
pollen,0.53,100,0.53,1.0,0.47,0.0
pollen,0.53,100,0.53,1.0,0.47,0.0
pollen,0.53,100,0.53,0.0,0.53,0.0
pollen,0.53,100,0.53,0.5,0.03,0.0
pollen,0.53,100,0.53,1.0,0.47,0.0
pollen,0.53,100,0.53,0.0,0.53,0.0
pollen,0.53,100,0.53,1.0,0.47,0.0
pollen,0.58,100,0.58,1.0,0.42,0.0
pollen,0.58,100,0.58,1.0,0.42,0.0001971721649169922
pollen,0.58,100,0.58,0.0,0.58,0.0
pollen,0.58,100,0.58,0.0,0.58,0.0
pollen,0.58,100,0.58,0.0,0.58,0.0
pollen,0.58,100,0.58,0.5,0.08,0.0
pollen,0.58,100,0.58,0.0,0.58,0.0
pollen,0.58,100,0.58,0.0,0.58,0.0
pollen,0.58,100,0.58,1.0,0.42,0.0
pollen,0.58,100,0.58,1.0,0.42,0.0
pollen,0.63,100,0.63,0.5,0.13,0.0
pollen,0.63,100,0.63,0.5,0.13,0.0
pollen,0.63,100,0.63,1.0,0.37,0.0
pollen,0.63,100,0.63,0.0,0.63,0.0
pollen,0.63,100,0.63,0.0,0.63,0.0
pollen,0.63,100,0.63,0.0,0.63,0.0
pollen,0.63,100,0.63,1.0,0.37,0.0
pollen,0.63,100,0.63,0.0,0.63,0.0
pollen,0.63,100,0.63,0.0,0.63,0.0
pollen,0.63,100,0.63,1.0,0.37,0.0
pollen,0.68,100,0.68,0.0,0.68,0.0
pollen,0.68,100,0.68,1.0,0.32,0.0
pollen,0.68,100,0.68,1.0,0.32,0.0
pollen,0.68,100,0.68,0.0,0.68,0.0009927749633789062
pollen,0.68,100,0.68,1.0,0.32,0.0
pollen,0.68,100,0.68,0.0,0.68,0.0
pollen,0.68,100,0.68,1.0,0.32,0.0
pollen,0.68,100,0.68,1.0,0.32,0.0
pollen,0.68,100,0.68,0.5,0.18,0.0
pollen,0.68,100,0.68,1.0,0.32,0.0
pollen,0.74,100,0.74,1.0,0.26,0.0
pollen,0.74,100,0.74,0.0,0.74,0.0
pollen,0.74,100,0.74,0.5,0.24,0.0
pollen,0.74,100,0.74,1.0,0.26,0.0
pollen,0.74,100,0.74,0.0,0.74,0.0
pollen,0.74,100,0.74,0.5,0.24,0.0
pollen,0.74,100,0.74,0.0,0.74,0.0
pollen,0.74,100,0.74,0.0,0.74,0.0
pollen,0.74,100,0.74,0.0,0.74,0.0
pollen,0.74,100,0.74,0.0,0.74,0.0
pollen,0.79,100,0.79,0.5,0.29,0.0
pollen,0.79,100,0.79,0.0,0.79,0.0
pollen,0.79,100,0.79,0.5,0.29,0.0
pollen,0.79,100,0.79,0.5,0.29,0.0
pollen,0.79,100,0.79,1.0,0.21,0.0
pollen,0.79,100,0.79,0.5,0.29,0.0
pollen,0.79,100,0.79,0.0,0.79,0.0
pollen,0.79,100,0.79,0.5,0.29,0.0
pollen,0.79,100,0.79,1.0,0.21,0.0
pollen,0.79,100,0.79,0.0,0.79,0.0
pollen,0.84,100,0.84,0.0,0.84,0.0
pollen,0.84,100,0.84,0.5,0.34,0.0
pollen,0.84,100,0.84,1.0,0.16,0.0
pollen,0.84,100,0.84,0.0,0.84,0.0
pollen,0.84,100,0.84,0.5,0.34,0.0
pollen,0.84,100,0.84,0.0,0.84,0.0
pollen,0.84,100,0.84,0.5,0.34,0.0
pollen,0.84,100,0.84,1.0,0.16,0.0
pollen,0.84,100,0.84,0.5,0.34,0.0
pollen,0.84,100,0.84,1.0,0.16,0.0
pollen,0.89,100,0.89,0.0,0.89,0.0
pollen,0.89,100,0.89,1.0,0.11,0.0
pollen,0.89,100,0.89,0.0,0.89,0.0
pollen,0.89,100,0.89,1.0,0.11,0.0
pollen,0.89,100,0.89,1.0,0.11,0.0
pollen,0.89,100,0.89,0.5,0.39,0.0
pollen,0.89,100,0.89,1.0,0.11,0.0
pollen,0.89,100,0.89,0.5,0.39,0.0
pollen,0.89,100,0.89,1.0,0.11,0.0
pollen,0.89,100,0.89,1.0,0.11,0.0
pollen,0.95,100,0.95,0.0,0.95,0.0
pollen,0.95,100,0.95,1.0,0.05,0.0
pollen,0.95,100,0.95,0.5,0.45,0.0
pollen,0.95,100,0.95,1.0,0.05,0.0010068416595458984
pollen,0.95,100,0.95,1.0,0.05,0.0
pollen,0.95,100,0.95,0.0,0.95,0.0
pollen,0.95,100,0.95,1.0,0.05,0.0
pollen,0.95,100,0.95,1.0,0.05,0.0
pollen,0.95,100,0.95,1.0,0.05,0.0
pollen,0.95,100,0.95,1.0,0.05,0.0
pollen,1.0,100,1.0,1.0,0.0,0.0
pollen,1.0,100,1.0,1.0,0.0,0.0
pollen,1.0,100,1.0,1.0,0.0,0.0
pollen,1.0,100,1.0,1.0,0.0,0.0
pollen,1.0,100,1.0,0.5,0.5,0.0
pollen,1.0,100,1.0,0.0,1.0,0.0
pollen,1.0,100,1.0,1.0,0.0,0.0
pollen,1.0,100,1.0,1.0,0.0,0.0
pollen,1.0,100,1.0,1.0,0.0,0.0
pollen,1.0,100,1.0,1.0,0.0,0.0
puma32H,0.0,100,0.0,0.0,0.0,0.0
puma32H,0.0,100,0.0,0.0,0.0,0.0
puma32H,0.0,100,0.0,0.2,0.2,0.0
puma32H,0.0,100,0.0,0.0,0.0,0.0
puma32H,0.0,100,0.0,0.0,0.0,0.0
puma32H,0.0,100,0.0,0.0,0.0,0.0
puma32H,0.0,100,0.0,0.03,0.03,0.0
puma32H,0.0,100,0.0,0.27,0.27,0.0
puma32H,0.0,100,0.0,0.03,0.03,0.00033783912658691406
puma32H,0.0,100,0.0,0.1,0.1,0.0
puma32H,0.05,100,0.05,0.1,0.05,0.0
puma32H,0.05,100,0.05,0.0,0.05,0.0
puma32H,0.05,100,0.05,0.5,0.45,0.0
puma32H,0.05,100,0.05,0.0,0.05,0.0
puma32H,0.05,100,0.05,0.07,0.02,0.0
puma32H,0.05,100,0.05,0.0,0.05,0.0
puma32H,0.05,100,0.05,0.5,0.45,0.0
puma32H,0.05,100,0.05,0.0,0.05,0.0
puma32H,0.05,100,0.05,0.0,0.05,0.0
puma32H,0.05,100,0.05,0.1,0.05,0.0
puma32H,0.11,100,0.11,0.13,0.02,0.0
puma32H,0.11,100,0.11,0.17,0.06,0.0
puma32H,0.11,100,0.11,0.0,0.11,0.0
puma32H,0.11,100,0.11,0.0,0.11,0.0
puma32H,0.11,100,0.11,0.13,0.02,0.0
puma32H,0.11,100,0.11,0.07,0.04,0.0
puma32H,0.11,100,0.11,0.23,0.12,0.0
puma32H,0.11,100,0.11,0.07,0.04,0.0
puma32H,0.11,100,0.11,0.07,0.04,0.0
puma32H,0.11,100,0.11,0.03,0.08,0.0
puma32H,0.16,100,0.16,0.0,0.16,0.0
puma32H,0.16,100,0.16,0.1,0.06,0.0
puma32H,0.16,100,0.16,0.13,0.03,0.0
puma32H,0.16,100,0.16,0.2,0.04,0.0
puma32H,0.16,100,0.16,0.17,0.01,0.0
puma32H,0.16,100,0.16,0.0,0.16,0.0
puma32H,0.16,100,0.16,0.2,0.04,0.0
puma32H,0.16,100,0.16,0.17,0.01,0.0
puma32H,0.16,100,0.16,0.0,0.16,0.001018524169921875
puma32H,0.16,100,0.16,0.3,0.14,0.0
puma32H,0.21,100,0.21,0.07,0.14,0.0
puma32H,0.21,100,0.21,0.2,0.01,0.0
puma32H,0.21,100,0.21,0.1,0.11,0.0
puma32H,0.21,100,0.21,0.13,0.08,0.0
puma32H,0.21,100,0.21,0.0,0.21,0.0010974407196044922
puma32H,0.21,100,0.21,0.43,0.22,0.0
puma32H,0.21,100,0.21,0.0,0.21,0.0
puma32H,0.21,100,0.21,0.33,0.12,0.0
puma32H,0.21,100,0.21,0.0,0.21,0.0
puma32H,0.21,100,0.21,0.03,0.18,0.0
puma32H,0.26,100,0.26,0.2,0.06,0.0
puma32H,0.26,100,0.26,0.63,0.37,0.01561427116394043
puma32H,0.26,100,0.26,0.33,0.07,0.0
puma32H,0.26,100,0.26,0.0,0.26,0.0
puma32H,0.26,100,0.26,0.27,0.01,0.0
puma32H,0.26,100,0.26,0.13,0.13,0.0
puma32H,0.26,100,0.26,0.57,0.31,0.0
puma32H,0.26,100,0.26,0.27,0.01,0.0
puma32H,0.26,100,0.26,0.13,0.13,0.0
puma32H,0.26,100,0.26,0.27,0.01,0.0
puma32H,0.32,100,0.32,0.57,0.25,0.0
puma32H,0.32,100,0.32,0.4,0.08,0.0
puma32H,0.32,100,0.32,0.07,0.25,0.0
puma32H,0.32,100,0.32,0.2,0.12,0.0
puma32H,0.32,100,0.32,0.33,0.01,0.0
puma32H,0.32,100,0.32,0.27,0.05,0.0
puma32H,0.32,100,0.32,0.2,0.12,0.0
puma32H,0.32,100,0.32,0.4,0.08,0.0
puma32H,0.32,100,0.32,0.53,0.21,0.0
puma32H,0.32,100,0.32,0.0,0.32,0.0
puma32H,0.37,100,0.37,0.3,0.07,0.0
puma32H,0.37,100,0.37,0.53,0.16,0.0
puma32H,0.37,100,0.37,0.4,0.03,0.0
puma32H,0.37,100,0.37,0.3,0.07,0.0
puma32H,0.37,100,0.37,0.57,0.2,0.0
puma32H,0.37,100,0.37,0.23,0.14,0.0
puma32H,0.37,100,0.37,0.37,0.0,0.0008673667907714844
puma32H,0.37,100,0.37,0.13,0.24,0.0
puma32H,0.37,100,0.37,0.63,0.26,0.0
puma32H,0.37,100,0.37,0.4,0.03,0.0
puma32H,0.42,100,0.42,0.47,0.05,0.0
puma32H,0.42,100,0.42,0.4,0.02,0.0
puma32H,0.42,100,0.42,0.5,0.08,0.0
puma32H,0.42,100,0.42,0.67,0.25,0.0
puma32H,0.42,100,0.42,0.57,0.15,0.0
puma32H,0.42,100,0.42,0.3,0.12,0.0
puma32H,0.42,100,0.42,0.27,0.15,0.015619039535522461
puma32H,0.42,100,0.42,0.4,0.02,0.0
puma32H,0.42,100,0.42,0.5,0.08,0.0
puma32H,0.42,100,0.42,0.43,0.01,0.0
puma32H,0.47,100,0.47,0.27,0.2,0.0
puma32H,0.47,100,0.47,0.6,0.13,0.0
puma32H,0.47,100,0.47,0.03,0.44,0.0
puma32H,0.47,100,0.47,0.67,0.2,0.0
puma32H,0.47,100,0.47,0.7,0.23,0.0
puma32H,0.47,100,0.47,0.53,0.06,0.0
puma32H,0.47,100,0.47,0.57,0.1,0.0
puma32H,0.47,100,0.47,0.43,0.04,0.0
puma32H,0.47,100,0.47,0.73,0.26,0.0
puma32H,0.47,100,0.47,0.33,0.14,0.0
puma32H,0.53,100,0.53,0.73,0.2,0.0
puma32H,0.53,100,0.53,0.37,0.16,0.0
puma32H,0.53,100,0.53,0.63,0.1,0.0
puma32H,0.53,100,0.53,0.57,0.04,0.0
puma32H,0.53,100,0.53,0.5,0.03,0.0008857250213623047
puma32H,0.53,100,0.53,0.53,0.0,0.0
puma32H,0.53,100,0.53,0.47,0.06,0.0
puma32H,0.53,100,0.53,0.4,0.13,0.0
puma32H,0.53,100,0.53,0.67,0.14,0.0
puma32H,0.53,100,0.53,0.83,0.3,0.0
puma32H,0.58,100,0.58,0.67,0.09,0.0
puma32H,0.58,100,0.58,0.5,0.08,0.0
puma32H,0.58,100,0.58,0.8,0.22,0.0
puma32H,0.58,100,0.58,0.67,0.09,0.0
puma32H,0.58,100,0.58,0.17,0.41,0.0
puma32H,0.58,100,0.58,0.6,0.02,0.0
puma32H,0.58,100,0.58,0.6,0.02,0.015711545944213867
puma32H,0.58,100,0.58,0.37,0.21,0.0
puma32H,0.58,100,0.58,0.43,0.15,0.0
puma32H,0.58,100,0.58,0.77,0.19,0.0
puma32H,0.63,100,0.63,0.8,0.17,0.0
puma32H,0.63,100,0.63,0.5,0.13,0.0
puma32H,0.63,100,0.63,0.7,0.07,0.0
puma32H,0.63,100,0.63,0.47,0.16,0.0
puma32H,0.63,100,0.63,0.6,0.03,0.0
puma32H,0.63,100,0.63,0.73,0.1,0.0
puma32H,0.63,100,0.63,0.77,0.14,0.0
puma32H,0.63,100,0.63,0.53,0.1,0.0
puma32H,0.63,100,0.63,0.8,0.17,0.0
puma32H,0.63,100,0.63,0.63,0.0,0.0
puma32H,0.68,100,0.68,0.77,0.09,0.0
puma32H,0.68,100,0.68,0.57,0.11,0.0
puma32H,0.68,100,0.68,0.97,0.29,0.0
puma32H,0.68,100,0.68,0.57,0.11,0.0
puma32H,0.68,100,0.68,0.57,0.11,0.0
puma32H,0.68,100,0.68,0.7,0.02,0.0
puma32H,0.68,100,0.68,0.73,0.05,0.0
puma32H,0.68,100,0.68,0.77,0.09,0.0
puma32H,0.68,100,0.68,0.43,0.25,0.0
puma32H,0.68,100,0.68,0.8,0.12,0.0
puma32H,0.74,100,0.74,1.0,0.26,0.0
puma32H,0.74,100,0.74,0.53,0.21,0.0
puma32H,0.74,100,0.74,0.7,0.04,0.0
puma32H,0.74,100,0.74,0.73,0.01,0.0
puma32H,0.74,100,0.74,0.3,0.44,0.0
puma32H,0.74,100,0.74,0.77,0.03,0.0
puma32H,0.74,100,0.74,0.7,0.04,0.0
puma32H,0.74,100,0.74,0.87,0.13,0.0
puma32H,0.74,100,0.74,0.57,0.17,0.0
puma32H,0.74,100,0.74,0.8,0.06,0.0
puma32H,0.79,100,0.79,0.8,0.01,0.0
puma32H,0.79,100,0.79,0.5,0.29,0.0
puma32H,0.79,100,0.79,0.93,0.14,0.0
puma32H,0.79,100,0.79,0.63,0.16,0.0
puma32H,0.79,100,0.79,0.6,0.19,0.0
puma32H,0.79,100,0.79,1.0,0.21,0.0
puma32H,0.79,100,0.79,0.77,0.02,0.0
puma32H,0.79,100,0.79,0.6,0.19,0.0
puma32H,0.79,100,0.79,0.47,0.32,0.0
puma32H,0.79,100,0.79,0.87,0.08,0.0
puma32H,0.84,100,0.84,0.73,0.11,0.0
puma32H,0.84,100,0.84,0.43,0.41,0.0
puma32H,0.84,100,0.84,0.73,0.11,0.0
puma32H,0.84,100,0.84,0.87,0.03,0.0
puma32H,0.84,100,0.84,0.8,0.04,0.0
puma32H,0.84,100,0.84,0.83,0.01,0.0
puma32H,0.84,100,0.84,1.0,0.16,0.0
puma32H,0.84,100,0.84,0.63,0.21,0.0
puma32H,0.84,100,0.84,1.0,0.16,0.0
puma32H,0.84,100,0.84,0.77,0.07,0.0
puma32H,0.89,100,0.89,0.87,0.02,0.0
puma32H,0.89,100,0.89,0.9,0.01,0.0
puma32H,0.89,100,0.89,1.0,0.11,0.0
puma32H,0.89,100,0.89,1.0,0.11,0.0
puma32H,0.89,100,0.89,0.7,0.19,0.0
puma32H,0.89,100,0.89,0.87,0.02,0.0
puma32H,0.89,100,0.89,0.8,0.09,0.0
puma32H,0.89,100,0.89,0.7,0.19,0.0
puma32H,0.89,100,0.89,1.0,0.11,0.0
puma32H,0.89,100,0.89,0.57,0.32,0.0
puma32H,0.95,100,0.95,0.77,0.18,0.0
puma32H,0.95,100,0.95,1.0,0.05,0.0
puma32H,0.95,100,0.95,1.0,0.05,0.0
puma32H,0.95,100,0.95,1.0,0.05,0.0
puma32H,0.95,100,0.95,0.77,0.18,0.0
puma32H,0.95,100,0.95,0.97,0.02,0.0
puma32H,0.95,100,0.95,1.0,0.05,0.0
puma32H,0.95,100,0.95,0.67,0.28,0.0
puma32H,0.95,100,0.95,0.83,0.12,0.0
puma32H,0.95,100,0.95,1.0,0.05,0.0
puma32H,1.0,100,1.0,0.7,0.3,0.0
puma32H,1.0,100,1.0,0.63,0.37,0.0
puma32H,1.0,100,1.0,0.73,0.27,0.0
puma32H,1.0,100,1.0,1.0,0.0,0.0
puma32H,1.0,100,1.0,1.0,0.0,0.0
puma32H,1.0,100,1.0,0.97,0.03,0.0
puma32H,1.0,100,1.0,0.8,0.2,0.0
puma32H,1.0,100,1.0,1.0,0.0,0.0
puma32H,1.0,100,1.0,1.0,0.0,0.0
puma32H,1.0,100,1.0,0.77,0.23,0.0
puma8NH,0.0,100,0.0,0.0,0.0,0.0
puma8NH,0.0,100,0.0,0.06,0.06,0.0
puma8NH,0.0,100,0.0,0.04,0.04,0.0
puma8NH,0.0,100,0.0,0.04,0.04,0.0
puma8NH,0.0,100,0.0,0.0,0.0,0.0
puma8NH,0.0,100,0.0,0.0,0.0,0.0
puma8NH,0.0,100,0.0,0.0,0.0,0.0
puma8NH,0.0,100,0.0,0.03,0.03,0.0
puma8NH,0.0,100,0.0,0.1,0.1,0.0
puma8NH,0.0,100,0.0,0.0,0.0,0.0
puma8NH,0.05,100,0.05,0.1,0.05,0.0
puma8NH,0.05,100,0.05,0.12,0.07,0.0
puma8NH,0.05,100,0.05,0.09,0.04,0.0
puma8NH,0.05,100,0.05,0.0,0.05,0.0
puma8NH,0.05,100,0.05,0.19,0.14,0.0
puma8NH,0.05,100,0.05,0.06,0.01,0.0
puma8NH,0.05,100,0.05,0.13,0.08,0.0
puma8NH,0.05,100,0.05,0.07,0.02,0.0
puma8NH,0.05,100,0.05,0.0,0.05,0.0
puma8NH,0.05,100,0.05,0.03,0.02,0.0
puma8NH,0.11,100,0.11,0.12,0.01,0.0
puma8NH,0.11,100,0.11,0.01,0.1,0.0
puma8NH,0.11,100,0.11,0.15,0.04,0.0
puma8NH,0.11,100,0.11,0.12,0.01,0.0
puma8NH,0.11,100,0.11,0.13,0.02,0.0
puma8NH,0.11,100,0.11,0.19,0.08,0.0
puma8NH,0.11,100,0.11,0.12,0.01,0.0009074211120605469
puma8NH,0.11,100,0.11,0.1,0.01,0.0
puma8NH,0.11,100,0.11,0.04,0.07,0.0
puma8NH,0.11,100,0.11,0.15,0.04,0.0
puma8NH,0.16,100,0.16,0.1,0.06,0.0
puma8NH,0.16,100,0.16,0.16,0.0,0.0
puma8NH,0.16,100,0.16,0.07,0.09,0.0
puma8NH,0.16,100,0.16,0.19,0.03,0.0
puma8NH,0.16,100,0.16,0.07,0.09,0.0
puma8NH,0.16,100,0.16,0.21,0.05,0.0
puma8NH,0.16,100,0.16,0.21,0.05,0.0
puma8NH,0.16,100,0.16,0.12,0.04,0.0
puma8NH,0.16,100,0.16,0.21,0.05,0.0
puma8NH,0.16,100,0.16,0.07,0.09,0.0
puma8NH,0.21,100,0.21,0.18,0.03,0.0
puma8NH,0.21,100,0.21,0.19,0.02,0.0
puma8NH,0.21,100,0.21,0.19,0.02,0.0
puma8NH,0.21,100,0.21,0.06,0.15,0.0
puma8NH,0.21,100,0.21,0.22,0.01,0.0
puma8NH,0.21,100,0.21,0.16,0.05,0.0
puma8NH,0.21,100,0.21,0.12,0.09,0.0
puma8NH,0.21,100,0.21,0.19,0.02,0.0
puma8NH,0.21,100,0.21,0.21,0.0,0.0
puma8NH,0.21,100,0.21,0.25,0.04,0.0
puma8NH,0.26,100,0.26,0.27,0.01,0.0
puma8NH,0.26,100,0.26,0.25,0.01,0.0
puma8NH,0.26,100,0.26,0.45,0.19,0.0
puma8NH,0.26,100,0.26,0.27,0.01,0.0
puma8NH,0.26,100,0.26,0.28,0.02,0.0
puma8NH,0.26,100,0.26,0.24,0.02,0.0
puma8NH,0.26,100,0.26,0.21,0.05,0.0
puma8NH,0.26,100,0.26,0.3,0.04,0.0
puma8NH,0.26,100,0.26,0.3,0.04,0.0
puma8NH,0.26,100,0.26,0.22,0.04,0.0
puma8NH,0.32,100,0.32,0.37,0.05,0.0
puma8NH,0.32,100,0.32,0.34,0.02,0.0
puma8NH,0.32,100,0.32,0.48,0.16,0.0
puma8NH,0.32,100,0.32,0.34,0.02,0.0
puma8NH,0.32,100,0.32,0.34,0.02,0.0
puma8NH,0.32,100,0.32,0.34,0.02,0.0
puma8NH,0.32,100,0.32,0.3,0.02,0.0
puma8NH,0.32,100,0.32,0.33,0.01,0.0
puma8NH,0.32,100,0.32,0.28,0.04,0.0
puma8NH,0.32,100,0.32,0.3,0.02,0.0010266304016113281
puma8NH,0.37,100,0.37,0.39,0.02,0.0
puma8NH,0.37,100,0.37,0.45,0.08,0.0
puma8NH,0.37,100,0.37,0.3,0.07,0.0
puma8NH,0.37,100,0.37,0.37,0.0,0.0
puma8NH,0.37,100,0.37,0.31,0.06,0.0
puma8NH,0.37,100,0.37,0.36,0.01,0.0
puma8NH,0.37,100,0.37,0.37,0.0,0.0
puma8NH,0.37,100,0.37,0.42,0.05,0.0
puma8NH,0.37,100,0.37,0.37,0.0,0.0
puma8NH,0.37,100,0.37,0.37,0.0,0.0
puma8NH,0.42,100,0.42,0.45,0.03,0.0
puma8NH,0.42,100,0.42,0.4,0.02,0.0
puma8NH,0.42,100,0.42,0.36,0.06,0.0
puma8NH,0.42,100,0.42,0.31,0.11,0.0
puma8NH,0.42,100,0.42,0.4,0.02,0.0
puma8NH,0.42,100,0.42,0.51,0.09,0.0
puma8NH,0.42,100,0.42,0.37,0.05,0.0
puma8NH,0.42,100,0.42,0.45,0.03,0.0
puma8NH,0.42,100,0.42,0.36,0.06,0.0
puma8NH,0.42,100,0.42,0.43,0.01,0.0
puma8NH,0.47,100,0.47,0.4,0.07,0.0
puma8NH,0.47,100,0.47,0.52,0.05,0.0
puma8NH,0.47,100,0.47,0.51,0.04,0.0
puma8NH,0.47,100,0.47,0.58,0.11,0.0
puma8NH,0.47,100,0.47,0.49,0.02,0.0010845661163330078
puma8NH,0.47,100,0.47,0.49,0.02,0.0
puma8NH,0.47,100,0.47,0.48,0.01,0.0
puma8NH,0.47,100,0.47,0.61,0.14,0.0
puma8NH,0.47,100,0.47,0.6,0.13,0.0
puma8NH,0.47,100,0.47,0.4,0.07,0.0
puma8NH,0.53,100,0.53,0.48,0.05,0.0
puma8NH,0.53,100,0.53,0.58,0.05,0.0
puma8NH,0.53,100,0.53,0.57,0.04,0.0
puma8NH,0.53,100,0.53,0.54,0.01,0.0
puma8NH,0.53,100,0.53,0.46,0.07,0.0
puma8NH,0.53,100,0.53,0.54,0.01,0.0
puma8NH,0.53,100,0.53,0.45,0.08,0.0
puma8NH,0.53,100,0.53,0.57,0.04,0.01571965217590332
puma8NH,0.53,100,0.53,0.49,0.04,0.0
puma8NH,0.53,100,0.53,0.45,0.08,0.0
puma8NH,0.58,100,0.58,0.55,0.03,0.0
puma8NH,0.58,100,0.58,0.6,0.02,0.0
puma8NH,0.58,100,0.58,0.51,0.07,0.0
puma8NH,0.58,100,0.58,0.6,0.02,0.0
puma8NH,0.58,100,0.58,0.49,0.09,0.0
puma8NH,0.58,100,0.58,0.54,0.04,0.0
puma8NH,0.58,100,0.58,0.51,0.07,0.0
puma8NH,0.58,100,0.58,0.48,0.1,0.0
puma8NH,0.58,100,0.58,0.49,0.09,0.0
puma8NH,0.58,100,0.58,0.42,0.16,0.0
puma8NH,0.63,100,0.63,0.58,0.05,0.0
puma8NH,0.63,100,0.63,0.6,0.03,0.0
puma8NH,0.63,100,0.63,0.61,0.02,0.0
puma8NH,0.63,100,0.63,0.6,0.03,0.0
puma8NH,0.63,100,0.63,0.55,0.08,0.0
puma8NH,0.63,100,0.63,0.58,0.05,0.0
puma8NH,0.63,100,0.63,0.54,0.09,0.0
puma8NH,0.63,100,0.63,0.51,0.12,0.0
puma8NH,0.63,100,0.63,0.69,0.06,0.0
puma8NH,0.63,100,0.63,0.51,0.12,0.0
puma8NH,0.68,100,0.68,0.69,0.01,0.0
puma8NH,0.68,100,0.68,0.63,0.05,0.0
puma8NH,0.68,100,0.68,0.63,0.05,0.0
puma8NH,0.68,100,0.68,0.55,0.13,0.0
puma8NH,0.68,100,0.68,0.57,0.11,0.0
puma8NH,0.68,100,0.68,0.55,0.13,0.0
puma8NH,0.68,100,0.68,0.58,0.1,0.0
puma8NH,0.68,100,0.68,0.55,0.13,0.0
puma8NH,0.68,100,0.68,0.7,0.02,0.0
puma8NH,0.68,100,0.68,0.7,0.02,0.01563119888305664
puma8NH,0.74,100,0.74,0.73,0.01,0.0
puma8NH,0.74,100,0.74,0.72,0.02,0.0
puma8NH,0.74,100,0.74,0.75,0.01,0.0
puma8NH,0.74,100,0.74,0.72,0.02,0.0
puma8NH,0.74,100,0.74,0.66,0.08,0.0
puma8NH,0.74,100,0.74,0.75,0.01,0.0
puma8NH,0.74,100,0.74,0.7,0.04,0.0
puma8NH,0.74,100,0.74,0.78,0.04,0.0
puma8NH,0.74,100,0.74,0.67,0.07,0.0
puma8NH,0.74,100,0.74,0.66,0.08,0.0
puma8NH,0.79,100,0.79,0.75,0.04,0.0009996891021728516
puma8NH,0.79,100,0.79,0.81,0.02,0.0
puma8NH,0.79,100,0.79,0.84,0.05,0.0
puma8NH,0.79,100,0.79,0.72,0.07,0.0
puma8NH,0.79,100,0.79,0.69,0.1,0.0
puma8NH,0.79,100,0.79,0.76,0.03,0.0
puma8NH,0.79,100,0.79,0.84,0.05,0.0
puma8NH,0.79,100,0.79,0.73,0.06,0.0
puma8NH,0.79,100,0.79,0.72,0.07,0.0
puma8NH,0.79,100,0.79,0.79,0.0,0.0
puma8NH,0.84,100,0.84,0.78,0.06,0.0
puma8NH,0.84,100,0.84,0.99,0.15,0.0
puma8NH,0.84,100,0.84,0.88,0.04,0.0
puma8NH,0.84,100,0.84,0.75,0.09,0.0
puma8NH,0.84,100,0.84,0.9,0.06,0.0
puma8NH,0.84,100,0.84,0.84,0.0,0.0
puma8NH,0.84,100,0.84,0.79,0.05,0.0
puma8NH,0.84,100,0.84,0.88,0.04,0.0
puma8NH,0.84,100,0.84,0.84,0.0,0.0
puma8NH,0.84,100,0.84,0.79,0.05,0.0
puma8NH,0.89,100,0.89,0.9,0.01,0.0
puma8NH,0.89,100,0.89,0.73,0.16,0.0
puma8NH,0.89,100,0.89,0.9,0.01,0.0
puma8NH,0.89,100,0.89,0.81,0.08,0.0
puma8NH,0.89,100,0.89,0.88,0.01,0.0
puma8NH,0.89,100,0.89,0.91,0.02,0.0
puma8NH,0.89,100,0.89,0.76,0.13,0.0
puma8NH,0.89,100,0.89,0.87,0.02,0.0
puma8NH,0.89,100,0.89,0.73,0.16,0.0
puma8NH,0.89,100,0.89,0.85,0.04,0.0
puma8NH,0.95,100,0.95,0.9,0.05,0.0
puma8NH,0.95,100,0.95,0.99,0.04,0.0
puma8NH,0.95,100,0.95,0.85,0.1,0.0
puma8NH,0.95,100,0.95,0.84,0.11,0.0
puma8NH,0.95,100,0.95,0.9,0.05,0.0
puma8NH,0.95,100,0.95,0.79,0.16,0.0
puma8NH,0.95,100,0.95,0.88,0.07,0.0
puma8NH,0.95,100,0.95,0.91,0.04,0.0
puma8NH,0.95,100,0.95,1.0,0.05,0.0
puma8NH,0.95,100,0.95,0.99,0.04,0.0
puma8NH,1.0,100,1.0,0.97,0.03,0.0
puma8NH,1.0,100,1.0,1.0,0.0,0.0
puma8NH,1.0,100,1.0,0.96,0.04,0.0
puma8NH,1.0,100,1.0,0.99,0.01,0.0
puma8NH,1.0,100,1.0,0.97,0.03,0.0
puma8NH,1.0,100,1.0,0.85,0.15,0.0
puma8NH,1.0,100,1.0,1.0,0.0,0.0
puma8NH,1.0,100,1.0,0.9,0.1,0.0
puma8NH,1.0,100,1.0,0.9,0.1,0.0
puma8NH,1.0,100,1.0,0.96,0.04,0.0
quake,0.0,100,0.0,0.89,0.89,0.0
quake,0.0,100,0.0,1.0,1.0,0.0
quake,0.0,100,0.0,0.67,0.67,0.0
quake,0.0,100,0.0,1.0,1.0,0.0
quake,0.0,100,0.0,1.0,1.0,0.0
quake,0.0,100,0.0,1.0,1.0,0.0
quake,0.0,100,0.0,0.56,0.56,0.0
quake,0.0,100,0.0,0.0,0.0,0.0
quake,0.0,100,0.0,1.0,1.0,0.0
quake,0.0,100,0.0,0.78,0.78,0.0
quake,0.05,100,0.05,0.11,0.06,0.0
quake,0.05,100,0.05,0.0,0.05,0.0
quake,0.05,100,0.05,0.89,0.84,0.0
quake,0.05,100,0.05,0.0,0.05,0.0
quake,0.05,100,0.05,1.0,0.95,0.0
quake,0.05,100,0.05,0.78,0.73,0.0
quake,0.05,100,0.05,1.0,0.95,0.0
quake,0.05,100,0.05,0.78,0.73,0.0
quake,0.05,100,0.05,0.33,0.28,0.0
quake,0.05,100,0.05,0.56,0.51,0.0
quake,0.11,100,0.11,0.78,0.67,0.0
quake,0.11,100,0.11,0.67,0.56,0.0
quake,0.11,100,0.11,0.0,0.11,0.0
quake,0.11,100,0.11,0.89,0.78,0.01571035385131836
quake,0.11,100,0.11,0.89,0.78,0.0
quake,0.11,100,0.11,1.0,0.89,0.0
quake,0.11,100,0.11,1.0,0.89,0.0
quake,0.11,100,0.11,1.0,0.89,0.0
quake,0.11,100,0.11,0.0,0.11,0.0
quake,0.11,100,0.11,0.78,0.67,0.0
quake,0.16,100,0.16,0.44,0.28,0.0
quake,0.16,100,0.16,0.11,0.05,0.0
quake,0.16,100,0.16,0.44,0.28,0.0
quake,0.16,100,0.16,0.33,0.17,0.0008921623229980469
quake,0.16,100,0.16,1.0,0.84,0.0
quake,0.16,100,0.16,0.11,0.05,0.0
quake,0.16,100,0.16,0.67,0.51,0.0
quake,0.16,100,0.16,0.89,0.73,0.0
quake,0.16,100,0.16,0.56,0.4,0.0
quake,0.16,100,0.16,0.78,0.62,0.0
quake,0.21,100,0.21,0.89,0.68,0.0
quake,0.21,100,0.21,0.0,0.21,0.0
quake,0.21,100,0.21,0.56,0.35,0.0
quake,0.21,100,0.21,0.0,0.21,0.0
quake,0.21,100,0.21,0.44,0.23,0.0
quake,0.21,100,0.21,0.11,0.1,0.0
quake,0.21,100,0.21,1.0,0.79,0.0
quake,0.21,100,0.21,0.11,0.1,0.0
quake,0.21,100,0.21,0.67,0.46,0.0
quake,0.21,100,0.21,1.0,0.79,0.0
quake,0.26,100,0.26,0.89,0.63,0.0
quake,0.26,100,0.26,0.0,0.26,0.0
quake,0.26,100,0.26,1.0,0.74,0.0
quake,0.26,100,0.26,0.0,0.26,0.0
quake,0.26,100,0.26,0.33,0.07,0.0
quake,0.26,100,0.26,0.33,0.07,0.0
quake,0.26,100,0.26,0.44,0.18,0.0
quake,0.26,100,0.26,0.33,0.07,0.0
quake,0.26,100,0.26,0.0,0.26,0.0
quake,0.26,100,0.26,0.0,0.26,0.0
quake,0.32,100,0.32,0.44,0.12,0.0001671314239501953
quake,0.32,100,0.32,0.0,0.32,0.0
quake,0.32,100,0.32,1.0,0.68,0.0
quake,0.32,100,0.32,1.0,0.68,0.0
quake,0.32,100,0.32,0.22,0.1,0.0
quake,0.32,100,0.32,1.0,0.68,0.0
quake,0.32,100,0.32,0.11,0.21,0.0
quake,0.32,100,0.32,0.67,0.35,0.0
quake,0.32,100,0.32,0.0,0.32,0.01562786102294922
quake,0.32,100,0.32,1.0,0.68,0.0
quake,0.37,100,0.37,0.11,0.26,0.0
quake,0.37,100,0.37,0.89,0.52,0.0
quake,0.37,100,0.37,0.33,0.04,0.0
quake,0.37,100,0.37,0.33,0.04,0.0
quake,0.37,100,0.37,0.33,0.04,0.0
quake,0.37,100,0.37,0.22,0.15,0.0
quake,0.37,100,0.37,0.67,0.3,0.0
quake,0.37,100,0.37,0.22,0.15,0.0
quake,0.37,100,0.37,0.56,0.19,0.0
quake,0.37,100,0.37,1.0,0.63,0.0
quake,0.42,100,0.42,1.0,0.58,0.0
quake,0.42,100,0.42,0.78,0.36,0.0
quake,0.42,100,0.42,0.89,0.47,0.0
quake,0.42,100,0.42,0.0,0.42,0.0
quake,0.42,100,0.42,0.22,0.2,0.0
quake,0.42,100,0.42,0.22,0.2,0.0
quake,0.42,100,0.42,0.56,0.14,0.0
quake,0.42,100,0.42,0.56,0.14,0.0
quake,0.42,100,0.42,0.33,0.09,0.0
quake,0.42,100,0.42,0.0,0.42,0.0
quake,0.47,100,0.47,0.33,0.14,0.0
quake,0.47,100,0.47,0.44,0.03,0.0
quake,0.47,100,0.47,0.0,0.47,0.0
quake,0.47,100,0.47,1.0,0.53,0.0
quake,0.47,100,0.47,1.0,0.53,0.0
quake,0.47,100,0.47,0.0,0.47,0.0
quake,0.47,100,0.47,0.56,0.09,0.0
quake,0.47,100,0.47,0.0,0.47,0.0
quake,0.47,100,0.47,0.56,0.09,0.0
quake,0.47,100,0.47,1.0,0.53,0.0
quake,0.53,100,0.53,0.78,0.25,0.0
quake,0.53,100,0.53,0.44,0.09,0.0
quake,0.53,100,0.53,0.11,0.42,0.0
quake,0.53,100,0.53,1.0,0.47,0.0
quake,0.53,100,0.53,0.0,0.53,0.0
quake,0.53,100,0.53,1.0,0.47,0.0
quake,0.53,100,0.53,0.0,0.53,0.0
quake,0.53,100,0.53,0.89,0.36,0.0
quake,0.53,100,0.53,0.56,0.03,0.0
quake,0.53,100,0.53,0.67,0.14,0.0
quake,0.58,100,0.58,0.44,0.14,0.0
quake,0.58,100,0.58,0.0,0.58,0.0
quake,0.58,100,0.58,0.56,0.02,0.0
quake,0.58,100,0.58,0.78,0.2,0.0
quake,0.58,100,0.58,0.89,0.31,0.0
quake,0.58,100,0.58,0.0,0.58,0.0
quake,0.58,100,0.58,0.78,0.2,0.0
quake,0.58,100,0.58,0.67,0.09,0.0
quake,0.58,100,0.58,0.33,0.25,0.0
quake,0.58,100,0.58,0.0,0.58,0.0
quake,0.63,100,0.63,0.33,0.3,0.0
quake,0.63,100,0.63,0.44,0.19,0.0
quake,0.63,100,0.63,0.22,0.41,0.0
quake,0.63,100,0.63,0.0,0.63,0.0006270408630371094
quake,0.63,100,0.63,0.33,0.3,0.0
quake,0.63,100,0.63,0.0,0.63,0.0
quake,0.63,100,0.63,0.11,0.52,0.0
quake,0.63,100,0.63,0.67,0.04,0.0
quake,0.63,100,0.63,0.67,0.04,0.0
quake,0.63,100,0.63,0.44,0.19,0.0
quake,0.68,100,0.68,0.67,0.01,0.0
quake,0.68,100,0.68,0.33,0.35,0.0
quake,0.68,100,0.68,0.11,0.57,0.0
quake,0.68,100,0.68,0.44,0.24,0.0
quake,0.68,100,0.68,1.0,0.32,0.0010004043579101562
quake,0.68,100,0.68,1.0,0.32,0.0
quake,0.68,100,0.68,0.0,0.68,0.0
quake,0.68,100,0.68,0.22,0.46,0.0
quake,0.68,100,0.68,0.56,0.12,0.0
quake,0.68,100,0.68,0.0,0.68,0.0
quake,0.74,100,0.74,0.44,0.3,0.0
quake,0.74,100,0.74,0.33,0.41,0.0
quake,0.74,100,0.74,0.11,0.63,0.0
quake,0.74,100,0.74,0.0,0.74,0.0
quake,0.74,100,0.74,0.33,0.41,0.0
quake,0.74,100,0.74,0.0,0.74,0.0
quake,0.74,100,0.74,0.33,0.41,0.0
quake,0.74,100,0.74,0.44,0.3,0.0
quake,0.74,100,0.74,1.0,0.26,0.0
quake,0.74,100,0.74,0.0,0.74,0.0
quake,0.79,100,0.79,0.56,0.23,0.0
quake,0.79,100,0.79,0.0,0.79,0.0
quake,0.79,100,0.79,0.44,0.35,0.0
quake,0.79,100,0.79,1.0,0.21,0.0
quake,0.79,100,0.79,0.33,0.46,0.0
quake,0.79,100,0.79,0.0,0.79,0.0
quake,0.79,100,0.79,0.11,0.68,0.0
quake,0.79,100,0.79,0.0,0.79,0.0
quake,0.79,100,0.79,0.89,0.1,0.0
quake,0.79,100,0.79,0.11,0.68,0.0
quake,0.84,100,0.84,0.78,0.06,0.0
quake,0.84,100,0.84,0.22,0.62,0.0
quake,0.84,100,0.84,0.0,0.84,0.0
quake,0.84,100,0.84,0.78,0.06,0.0
quake,0.84,100,0.84,1.0,0.16,0.0
quake,0.84,100,0.84,0.11,0.73,0.0
quake,0.84,100,0.84,0.0,0.84,0.0
quake,0.84,100,0.84,0.22,0.62,0.0
quake,0.84,100,0.84,1.0,0.16,0.0
quake,0.84,100,0.84,0.33,0.51,0.0
quake,0.89,100,0.89,0.0,0.89,0.0
quake,0.89,100,0.89,0.33,0.56,0.0
quake,0.89,100,0.89,0.44,0.45,0.0
quake,0.89,100,0.89,0.0,0.89,0.0
quake,0.89,100,0.89,0.67,0.22,0.0
quake,0.89,100,0.89,0.11,0.78,0.0
quake,0.89,100,0.89,0.44,0.45,0.0
quake,0.89,100,0.89,0.33,0.56,0.0
quake,0.89,100,0.89,0.33,0.56,0.0
quake,0.89,100,0.89,0.33,0.56,0.0
quake,0.95,100,0.95,0.78,0.17,0.0
quake,0.95,100,0.95,0.0,0.95,0.0
quake,0.95,100,0.95,0.22,0.73,0.0
quake,0.95,100,0.95,0.22,0.73,0.0
quake,0.95,100,0.95,0.0,0.95,0.0
quake,0.95,100,0.95,0.67,0.28,0.0
quake,0.95,100,0.95,0.56,0.39,0.0
quake,0.95,100,0.95,0.0,0.95,0.0
quake,0.95,100,0.95,0.0,0.95,0.0
quake,0.95,100,0.95,0.56,0.39,0.0
quake,1.0,100,1.0,0.33,0.67,0.0
quake,1.0,100,1.0,0.0,1.0,0.0
quake,1.0,100,1.0,0.22,0.78,0.0
quake,1.0,100,1.0,0.22,0.78,0.0
quake,1.0,100,1.0,0.0,1.0,0.0
quake,1.0,100,1.0,0.0,1.0,0.0
quake,1.0,100,1.0,0.44,0.56,0.0
quake,1.0,100,1.0,0.11,0.89,0.0
quake,1.0,100,1.0,0.0,1.0,0.0
quake,1.0,100,1.0,0.44,0.56,0.0
space_ga,0.0,100,0.0,0.0,0.0,0.0
space_ga,0.0,100,0.0,0.0,0.0,0.0
space_ga,0.0,100,0.0,0.0,0.0,0.0
space_ga,0.0,100,0.0,0.0,0.0,0.0
space_ga,0.0,100,0.0,0.0,0.0,0.0
space_ga,0.0,100,0.0,0.0,0.0,0.0
space_ga,0.0,100,0.0,0.0,0.0,0.0
space_ga,0.0,100,0.0,0.0,0.0,0.0
space_ga,0.0,100,0.0,0.0,0.0,0.0
space_ga,0.0,100,0.0,0.01,0.01,0.0
space_ga,0.05,100,0.05,0.03,0.02,0.0
space_ga,0.05,100,0.05,0.07,0.02,0.0
space_ga,0.05,100,0.05,0.0,0.05,0.0
space_ga,0.05,100,0.05,0.06,0.01,0.0
space_ga,0.05,100,0.05,0.0,0.05,0.0
space_ga,0.05,100,0.05,0.01,0.04,0.0
space_ga,0.05,100,0.05,0.0,0.05,0.0
space_ga,0.05,100,0.05,0.01,0.04,0.0
space_ga,0.05,100,0.05,0.07,0.02,0.0
space_ga,0.05,100,0.05,0.1,0.05,0.0
space_ga,0.11,100,0.11,0.07,0.04,0.0
space_ga,0.11,100,0.11,0.15,0.04,0.0
space_ga,0.11,100,0.11,0.1,0.01,0.0
space_ga,0.11,100,0.11,0.07,0.04,0.0
space_ga,0.11,100,0.11,0.07,0.04,0.0
space_ga,0.11,100,0.11,0.0,0.11,0.0
space_ga,0.11,100,0.11,0.09,0.02,0.0
space_ga,0.11,100,0.11,0.1,0.01,0.0
space_ga,0.11,100,0.11,0.04,0.07,0.0
space_ga,0.11,100,0.11,0.04,0.07,0.0
space_ga,0.16,100,0.16,0.12,0.04,0.0
space_ga,0.16,100,0.16,0.09,0.07,0.0
space_ga,0.16,100,0.16,0.12,0.04,0.0
space_ga,0.16,100,0.16,0.15,0.01,0.0
space_ga,0.16,100,0.16,0.16,0.0,0.0
space_ga,0.16,100,0.16,0.07,0.09,0.0
space_ga,0.16,100,0.16,0.18,0.02,0.0009653568267822266
space_ga,0.16,100,0.16,0.04,0.12,0.0
space_ga,0.16,100,0.16,0.15,0.01,0.0
space_ga,0.16,100,0.16,0.16,0.0,0.0009074211120605469
space_ga,0.21,100,0.21,0.16,0.05,0.0
space_ga,0.21,100,0.21,0.21,0.0,0.0
space_ga,0.21,100,0.21,0.13,0.08,0.0
space_ga,0.21,100,0.21,0.16,0.05,0.0
space_ga,0.21,100,0.21,0.16,0.05,0.0
space_ga,0.21,100,0.21,0.21,0.0,0.0
space_ga,0.21,100,0.21,0.21,0.0,0.0
space_ga,0.21,100,0.21,0.18,0.03,0.0
space_ga,0.21,100,0.21,0.12,0.09,0.0
space_ga,0.21,100,0.21,0.16,0.05,0.0
space_ga,0.26,100,0.26,0.19,0.07,0.0
space_ga,0.26,100,0.26,0.28,0.02,0.0
space_ga,0.26,100,0.26,0.18,0.08,0.0
space_ga,0.26,100,0.26,0.19,0.07,0.0
space_ga,0.26,100,0.26,0.26,0.0,0.0
space_ga,0.26,100,0.26,0.29,0.03,0.0
space_ga,0.26,100,0.26,0.26,0.0,0.0
space_ga,0.26,100,0.26,0.18,0.08,0.0
space_ga,0.26,100,0.26,0.25,0.01,0.0
space_ga,0.26,100,0.26,0.24,0.02,0.0
space_ga,0.32,100,0.32,0.28,0.04,0.0
space_ga,0.32,100,0.32,0.26,0.06,0.0
space_ga,0.32,100,0.32,0.35,0.03,0.0
space_ga,0.32,100,0.32,0.24,0.08,0.007031679153442383
space_ga,0.32,100,0.32,0.28,0.04,0.0
space_ga,0.32,100,0.32,0.31,0.01,0.0
space_ga,0.32,100,0.32,0.21,0.11,0.0
space_ga,0.32,100,0.32,0.29,0.03,0.0
space_ga,0.32,100,0.32,0.25,0.07,0.0
space_ga,0.32,100,0.32,0.25,0.07,0.0
space_ga,0.37,100,0.37,0.38,0.01,0.0
space_ga,0.37,100,0.37,0.37,0.0,0.0
space_ga,0.37,100,0.37,0.32,0.05,0.0
space_ga,0.37,100,0.37,0.38,0.01,0.0
space_ga,0.37,100,0.37,0.31,0.06,0.0
space_ga,0.37,100,0.37,0.32,0.05,0.0
space_ga,0.37,100,0.37,0.32,0.05,0.0
space_ga,0.37,100,0.37,0.37,0.0,0.0
space_ga,0.37,100,0.37,0.25,0.12,0.0
space_ga,0.37,100,0.37,0.31,0.06,0.0
space_ga,0.42,100,0.42,0.41,0.01,0.0
space_ga,0.42,100,0.42,0.51,0.09,0.0
space_ga,0.42,100,0.42,0.35,0.07,0.0
space_ga,0.42,100,0.42,0.4,0.02,0.0
space_ga,0.42,100,0.42,0.46,0.04,0.0
space_ga,0.42,100,0.42,0.47,0.05,0.0
space_ga,0.42,100,0.42,0.41,0.01,0.0
space_ga,0.42,100,0.42,0.46,0.04,0.0
space_ga,0.42,100,0.42,0.37,0.05,0.0
space_ga,0.42,100,0.42,0.34,0.08,0.0
space_ga,0.47,100,0.47,0.46,0.01,0.0
space_ga,0.47,100,0.47,0.49,0.02,0.0
space_ga,0.47,100,0.47,0.5,0.03,0.013080835342407227
space_ga,0.47,100,0.47,0.37,0.1,0.0
space_ga,0.47,100,0.47,0.41,0.06,0.0
space_ga,0.47,100,0.47,0.47,0.0,0.0
space_ga,0.47,100,0.47,0.5,0.03,0.0
space_ga,0.47,100,0.47,0.51,0.04,0.0
space_ga,0.47,100,0.47,0.46,0.01,0.0
space_ga,0.47,100,0.47,0.56,0.09,0.015085935592651367
space_ga,0.53,100,0.53,0.49,0.04,0.0
space_ga,0.53,100,0.53,0.44,0.09,0.0
space_ga,0.53,100,0.53,0.49,0.04,0.015084266662597656
space_ga,0.53,100,0.53,0.49,0.04,0.0
space_ga,0.53,100,0.53,0.46,0.07,0.0
space_ga,0.53,100,0.53,0.53,0.0,0.0
space_ga,0.53,100,0.53,0.47,0.06,0.0
space_ga,0.53,100,0.53,0.5,0.03,0.0
space_ga,0.53,100,0.53,0.5,0.03,0.0
space_ga,0.53,100,0.53,0.49,0.04,0.0
space_ga,0.58,100,0.58,0.56,0.02,0.0
space_ga,0.58,100,0.58,0.53,0.05,0.0
space_ga,0.58,100,0.58,0.51,0.07,0.0
space_ga,0.58,100,0.58,0.51,0.07,0.0
space_ga,0.58,100,0.58,0.5,0.08,0.0
space_ga,0.58,100,0.58,0.56,0.02,0.0
space_ga,0.58,100,0.58,0.6,0.02,0.0
space_ga,0.58,100,0.58,0.56,0.02,0.0
space_ga,0.58,100,0.58,0.6,0.02,0.0
space_ga,0.58,100,0.58,0.56,0.02,0.0
space_ga,0.63,100,0.63,0.57,0.06,0.0
space_ga,0.63,100,0.63,0.66,0.03,0.0
space_ga,0.63,100,0.63,0.56,0.07,0.0
space_ga,0.63,100,0.63,0.63,0.0,0.0
space_ga,0.63,100,0.63,0.5,0.13,0.0
space_ga,0.63,100,0.63,0.54,0.09,0.0
space_ga,0.63,100,0.63,0.65,0.02,0.0
space_ga,0.63,100,0.63,0.71,0.08,0.0
space_ga,0.63,100,0.63,0.6,0.03,0.0
space_ga,0.63,100,0.63,0.54,0.09,0.0
space_ga,0.68,100,0.68,0.57,0.11,0.0
space_ga,0.68,100,0.68,0.57,0.11,0.0
space_ga,0.68,100,0.68,0.65,0.03,0.0008561611175537109
space_ga,0.68,100,0.68,0.72,0.04,0.0
space_ga,0.68,100,0.68,0.6,0.08,0.0
space_ga,0.68,100,0.68,0.66,0.02,0.0
space_ga,0.68,100,0.68,0.75,0.07,0.0
space_ga,0.68,100,0.68,0.72,0.04,0.0
space_ga,0.68,100,0.68,0.6,0.08,0.0008823871612548828
space_ga,0.68,100,0.68,0.68,0.0,0.0
space_ga,0.74,100,0.74,0.69,0.05,0.0
space_ga,0.74,100,0.74,0.78,0.04,0.0
space_ga,0.74,100,0.74,0.76,0.02,0.0
space_ga,0.74,100,0.74,0.69,0.05,0.0
space_ga,0.74,100,0.74,0.71,0.03,0.0
space_ga,0.74,100,0.74,0.63,0.11,0.0
space_ga,0.74,100,0.74,0.59,0.15,0.0
space_ga,0.74,100,0.74,0.65,0.09,0.0
space_ga,0.74,100,0.74,0.71,0.03,0.0
space_ga,0.74,100,0.74,0.74,0.0,0.0
space_ga,0.79,100,0.79,0.71,0.08,0.0
space_ga,0.79,100,0.79,0.78,0.01,0.0
space_ga,0.79,100,0.79,0.69,0.1,0.0
space_ga,0.79,100,0.79,0.78,0.01,0.0
space_ga,0.79,100,0.79,0.79,0.0,0.0
space_ga,0.79,100,0.79,0.72,0.07,0.0
space_ga,0.79,100,0.79,0.79,0.0,0.0
space_ga,0.79,100,0.79,0.79,0.0,0.0
space_ga,0.79,100,0.79,0.72,0.07,0.0
space_ga,0.79,100,0.79,0.84,0.05,0.0
space_ga,0.84,100,0.84,0.87,0.03,0.0
space_ga,0.84,100,0.84,0.79,0.05,0.0
space_ga,0.84,100,0.84,0.85,0.01,0.0
space_ga,0.84,100,0.84,0.75,0.09,0.0
space_ga,0.84,100,0.84,0.94,0.1,0.0
space_ga,0.84,100,0.84,0.88,0.04,0.0
space_ga,0.84,100,0.84,0.87,0.03,0.0
space_ga,0.84,100,0.84,0.82,0.02,0.0
space_ga,0.84,100,0.84,0.87,0.03,0.0
space_ga,0.84,100,0.84,0.75,0.09,0.0
space_ga,0.89,100,0.89,0.85,0.04,0.0
space_ga,0.89,100,0.89,0.9,0.01,0.0
space_ga,0.89,100,0.89,0.85,0.04,0.0
space_ga,0.89,100,0.89,0.79,0.1,0.0
space_ga,0.89,100,0.89,0.96,0.07,0.0
space_ga,0.89,100,0.89,0.84,0.05,0.0
space_ga,0.89,100,0.89,0.82,0.07,0.0
space_ga,0.89,100,0.89,0.79,0.1,0.0
space_ga,0.89,100,0.89,0.88,0.01,0.0
space_ga,0.89,100,0.89,0.84,0.05,0.0
space_ga,0.95,100,0.95,0.82,0.13,0.0
space_ga,0.95,100,0.95,0.91,0.04,0.0
space_ga,0.95,100,0.95,0.94,0.01,0.0
space_ga,0.95,100,0.95,0.99,0.04,0.0
space_ga,0.95,100,0.95,0.88,0.07,0.0
space_ga,0.95,100,0.95,0.88,0.07,0.0
space_ga,0.95,100,0.95,1.0,0.05,0.0
space_ga,0.95,100,0.95,0.9,0.05,0.0
space_ga,0.95,100,0.95,0.9,0.05,0.0
space_ga,0.95,100,0.95,0.91,0.04,0.0
space_ga,1.0,100,1.0,1.0,0.0,0.0
space_ga,1.0,100,1.0,1.0,0.0,0.0
space_ga,1.0,100,1.0,0.96,0.04,0.0
space_ga,1.0,100,1.0,0.93,0.07,0.0
space_ga,1.0,100,1.0,0.93,0.07,0.0
space_ga,1.0,100,1.0,0.96,0.04,0.0
space_ga,1.0,100,1.0,1.0,0.0,0.0
space_ga,1.0,100,1.0,0.96,0.04,0.0
space_ga,1.0,100,1.0,0.93,0.07,0.0
space_ga,1.0,100,1.0,1.0,0.0,0.0
sylva_prior,0.0,100,0.0,0.01,0.01,0.0
sylva_prior,0.0,100,0.0,0.0,0.0,0.0
sylva_prior,0.0,100,0.0,0.0,0.0,0.0
sylva_prior,0.0,100,0.0,0.0,0.0,0.0
sylva_prior,0.0,100,0.0,0.0,0.0,0.0
sylva_prior,0.0,100,0.0,0.01,0.01,0.0
sylva_prior,0.0,100,0.0,0.01,0.01,0.0
sylva_prior,0.0,100,0.0,0.01,0.01,0.0
sylva_prior,0.0,100,0.0,0.0,0.0,0.0
sylva_prior,0.0,100,0.0,0.0,0.0,0.0
sylva_prior,0.05,100,0.05,0.05,0.0,0.0
sylva_prior,0.05,100,0.05,0.06,0.01,0.0
sylva_prior,0.05,100,0.05,0.04,0.01,0.0
sylva_prior,0.05,100,0.05,0.06,0.01,0.0
sylva_prior,0.05,100,0.05,0.05,0.0,0.0
sylva_prior,0.05,100,0.05,0.04,0.01,0.0
sylva_prior,0.05,100,0.05,0.06,0.01,0.0
sylva_prior,0.05,100,0.05,0.08,0.03,0.0
sylva_prior,0.05,100,0.05,0.05,0.0,0.0
sylva_prior,0.05,100,0.05,0.05,0.0,0.0
sylva_prior,0.11,100,0.11,0.13,0.02,0.0
sylva_prior,0.11,100,0.11,0.14,0.03,0.0
sylva_prior,0.11,100,0.11,0.11,0.0,0.001012563705444336
sylva_prior,0.11,100,0.11,0.1,0.01,0.0
sylva_prior,0.11,100,0.11,0.1,0.01,0.015621662139892578
sylva_prior,0.11,100,0.11,0.1,0.01,0.0
sylva_prior,0.11,100,0.11,0.12,0.01,0.0
sylva_prior,0.11,100,0.11,0.11,0.0,0.0
sylva_prior,0.11,100,0.11,0.12,0.01,0.0
sylva_prior,0.11,100,0.11,0.13,0.02,0.0009999275207519531
sylva_prior,0.16,100,0.16,0.16,0.0,0.0
sylva_prior,0.16,100,0.16,0.16,0.0,0.0
sylva_prior,0.16,100,0.16,0.15,0.01,0.0
sylva_prior,0.16,100,0.16,0.17,0.01,0.0
sylva_prior,0.16,100,0.16,0.16,0.0,0.0
sylva_prior,0.16,100,0.16,0.18,0.02,0.0
sylva_prior,0.16,100,0.16,0.17,0.01,0.0
sylva_prior,0.16,100,0.16,0.17,0.01,0.0
sylva_prior,0.16,100,0.16,0.18,0.02,0.0
sylva_prior,0.16,100,0.16,0.17,0.01,0.0
sylva_prior,0.21,100,0.21,0.22,0.01,0.0
sylva_prior,0.21,100,0.21,0.21,0.0,0.0
sylva_prior,0.21,100,0.21,0.2,0.01,0.0
sylva_prior,0.21,100,0.21,0.23,0.02,0.0
sylva_prior,0.21,100,0.21,0.21,0.0,0.0010399818420410156
sylva_prior,0.21,100,0.21,0.22,0.01,0.0
sylva_prior,0.21,100,0.21,0.22,0.01,0.0
sylva_prior,0.21,100,0.21,0.22,0.01,0.0
sylva_prior,0.21,100,0.21,0.21,0.0,0.0
sylva_prior,0.21,100,0.21,0.2,0.01,0.0010066032409667969
sylva_prior,0.26,100,0.26,0.26,0.0,0.0
sylva_prior,0.26,100,0.26,0.25,0.01,0.0
sylva_prior,0.26,100,0.26,0.25,0.01,0.0
sylva_prior,0.26,100,0.26,0.25,0.01,0.001027822494506836
sylva_prior,0.26,100,0.26,0.25,0.01,0.0
sylva_prior,0.26,100,0.26,0.27,0.01,0.0
sylva_prior,0.26,100,0.26,0.26,0.0,0.0
sylva_prior,0.26,100,0.26,0.28,0.02,0.0
sylva_prior,0.26,100,0.26,0.26,0.0,0.0
sylva_prior,0.26,100,0.26,0.27,0.01,0.0
sylva_prior,0.32,100,0.32,0.32,0.0,0.0
sylva_prior,0.32,100,0.32,0.31,0.01,0.0
sylva_prior,0.32,100,0.32,0.33,0.01,0.0
sylva_prior,0.32,100,0.32,0.34,0.02,0.0010020732879638672
sylva_prior,0.32,100,0.32,0.34,0.02,0.0
sylva_prior,0.32,100,0.32,0.32,0.0,0.0
sylva_prior,0.32,100,0.32,0.32,0.0,0.0010128021240234375
sylva_prior,0.32,100,0.32,0.31,0.01,0.0
sylva_prior,0.32,100,0.32,0.32,0.0,0.0
sylva_prior,0.32,100,0.32,0.33,0.01,0.0
sylva_prior,0.37,100,0.37,0.38,0.01,0.0
sylva_prior,0.37,100,0.37,0.36,0.01,0.0
sylva_prior,0.37,100,0.37,0.38,0.01,0.0
sylva_prior,0.37,100,0.37,0.37,0.0,0.0
sylva_prior,0.37,100,0.37,0.37,0.0,0.0
sylva_prior,0.37,100,0.37,0.36,0.01,0.0
sylva_prior,0.37,100,0.37,0.37,0.0,0.0
sylva_prior,0.37,100,0.37,0.37,0.0,0.0
sylva_prior,0.37,100,0.37,0.39,0.02,0.0
sylva_prior,0.37,100,0.37,0.36,0.01,0.0
sylva_prior,0.42,100,0.42,0.41,0.01,0.0
sylva_prior,0.42,100,0.42,0.42,0.0,0.0
sylva_prior,0.42,100,0.42,0.43,0.01,0.0
sylva_prior,0.42,100,0.42,0.41,0.01,0.0
sylva_prior,0.42,100,0.42,0.42,0.0,0.0
sylva_prior,0.42,100,0.42,0.41,0.01,0.0
sylva_prior,0.42,100,0.42,0.42,0.0,0.0
sylva_prior,0.42,100,0.42,0.41,0.01,0.0
sylva_prior,0.42,100,0.42,0.41,0.01,0.0
sylva_prior,0.42,100,0.42,0.43,0.01,0.0
sylva_prior,0.47,100,0.47,0.48,0.01,0.0
sylva_prior,0.47,100,0.47,0.47,0.0,0.0
sylva_prior,0.47,100,0.47,0.47,0.0,0.0
sylva_prior,0.47,100,0.47,0.48,0.01,0.0
sylva_prior,0.47,100,0.47,0.47,0.0,0.0
sylva_prior,0.47,100,0.47,0.48,0.01,0.0
sylva_prior,0.47,100,0.47,0.46,0.01,0.0
sylva_prior,0.47,100,0.47,0.47,0.0,0.0
sylva_prior,0.47,100,0.47,0.47,0.0,0.0
sylva_prior,0.47,100,0.47,0.47,0.0,0.0
sylva_prior,0.53,100,0.53,0.53,0.0,0.0
sylva_prior,0.53,100,0.53,0.54,0.01,0.0
sylva_prior,0.53,100,0.53,0.53,0.0,0.0
sylva_prior,0.53,100,0.53,0.53,0.0,0.0
sylva_prior,0.53,100,0.53,0.53,0.0,0.0
sylva_prior,0.53,100,0.53,0.54,0.01,0.0
sylva_prior,0.53,100,0.53,0.53,0.0,0.0
sylva_prior,0.53,100,0.53,0.54,0.01,0.0
sylva_prior,0.53,100,0.53,0.54,0.01,0.0
sylva_prior,0.53,100,0.53,0.53,0.0,0.0
sylva_prior,0.58,100,0.58,0.59,0.01,0.0
sylva_prior,0.58,100,0.58,0.6,0.02,0.0
sylva_prior,0.58,100,0.58,0.59,0.01,0.0
sylva_prior,0.58,100,0.58,0.58,0.0,0.0
sylva_prior,0.58,100,0.58,0.58,0.0,0.0
sylva_prior,0.58,100,0.58,0.58,0.0,0.0
sylva_prior,0.58,100,0.58,0.58,0.0,0.0
sylva_prior,0.58,100,0.58,0.58,0.0,0.0
sylva_prior,0.58,100,0.58,0.58,0.0,0.0
sylva_prior,0.58,100,0.58,0.59,0.01,0.0
sylva_prior,0.63,100,0.63,0.63,0.0,0.0
sylva_prior,0.63,100,0.63,0.65,0.02,0.0
sylva_prior,0.63,100,0.63,0.64,0.01,0.0
sylva_prior,0.63,100,0.63,0.63,0.0,0.0
sylva_prior,0.63,100,0.63,0.65,0.02,0.0
sylva_prior,0.63,100,0.63,0.63,0.0,0.0
sylva_prior,0.63,100,0.63,0.63,0.0,0.0
sylva_prior,0.63,100,0.63,0.63,0.0,0.0
sylva_prior,0.63,100,0.63,0.63,0.0,0.0
sylva_prior,0.63,100,0.63,0.63,0.0,0.0
sylva_prior,0.68,100,0.68,0.68,0.0,0.0
sylva_prior,0.68,100,0.68,0.68,0.0,0.0
sylva_prior,0.68,100,0.68,0.71,0.03,0.0
sylva_prior,0.68,100,0.68,0.71,0.03,0.0
sylva_prior,0.68,100,0.68,0.68,0.0,0.0
sylva_prior,0.68,100,0.68,0.69,0.01,0.0
sylva_prior,0.68,100,0.68,0.69,0.01,0.0
sylva_prior,0.68,100,0.68,0.68,0.0,0.0
sylva_prior,0.68,100,0.68,0.68,0.0,0.0
sylva_prior,0.68,100,0.68,0.68,0.0,0.0
sylva_prior,0.74,100,0.74,0.74,0.0,0.0009284019470214844
sylva_prior,0.74,100,0.74,0.74,0.0,0.0
sylva_prior,0.74,100,0.74,0.74,0.0,0.0
sylva_prior,0.74,100,0.74,0.74,0.0,0.0
sylva_prior,0.74,100,0.74,0.74,0.0,0.0
sylva_prior,0.74,100,0.74,0.75,0.01,0.0
sylva_prior,0.74,100,0.74,0.74,0.0,0.0
sylva_prior,0.74,100,0.74,0.74,0.0,0.0
sylva_prior,0.74,100,0.74,0.75,0.01,0.0
sylva_prior,0.74,100,0.74,0.74,0.0,0.0
sylva_prior,0.79,100,0.79,0.79,0.0,0.0
sylva_prior,0.79,100,0.79,0.79,0.0,0.0
sylva_prior,0.79,100,0.79,0.79,0.0,0.0
sylva_prior,0.79,100,0.79,0.79,0.0,0.0008945465087890625
sylva_prior,0.79,100,0.79,0.79,0.0,0.0
sylva_prior,0.79,100,0.79,0.79,0.0,0.0
sylva_prior,0.79,100,0.79,0.79,0.0,0.0
sylva_prior,0.79,100,0.79,0.79,0.0,0.0
sylva_prior,0.79,100,0.79,0.8,0.01,0.0
sylva_prior,0.79,100,0.79,0.79,0.0,0.0
sylva_prior,0.84,100,0.84,0.84,0.0,0.0
sylva_prior,0.84,100,0.84,0.85,0.01,0.0
sylva_prior,0.84,100,0.84,0.85,0.01,0.0
sylva_prior,0.84,100,0.84,0.84,0.0,0.0
sylva_prior,0.84,100,0.84,0.84,0.0,0.0
sylva_prior,0.84,100,0.84,0.85,0.01,0.0
sylva_prior,0.84,100,0.84,0.84,0.0,0.0
sylva_prior,0.84,100,0.84,0.85,0.01,0.0
sylva_prior,0.84,100,0.84,0.84,0.0,0.015624046325683594
sylva_prior,0.84,100,0.84,0.84,0.0,0.0
sylva_prior,0.89,100,0.89,0.89,0.0,0.0
sylva_prior,0.89,100,0.89,0.89,0.0,0.0
sylva_prior,0.89,100,0.89,0.89,0.0,0.0
sylva_prior,0.89,100,0.89,0.89,0.0,0.0006742477416992188
sylva_prior,0.89,100,0.89,0.89,0.0,0.0
sylva_prior,0.89,100,0.89,0.9,0.01,0.0
sylva_prior,0.89,100,0.89,0.89,0.0,0.0
sylva_prior,0.89,100,0.89,0.89,0.0,0.0
sylva_prior,0.89,100,0.89,0.89,0.0,0.0
sylva_prior,0.89,100,0.89,0.89,0.0,0.0
sylva_prior,0.95,100,0.95,0.95,0.0,0.0
sylva_prior,0.95,100,0.95,0.95,0.0,0.0
sylva_prior,0.95,100,0.95,0.95,0.0,0.0
sylva_prior,0.95,100,0.95,0.95,0.0,0.0
sylva_prior,0.95,100,0.95,0.95,0.0,0.0
sylva_prior,0.95,100,0.95,0.95,0.0,0.0
sylva_prior,0.95,100,0.95,0.95,0.0,0.0
sylva_prior,0.95,100,0.95,0.95,0.0,0.0
sylva_prior,0.95,100,0.95,0.95,0.0,0.0
sylva_prior,0.95,100,0.95,0.95,0.0,0.0
sylva_prior,1.0,100,1.0,1.0,0.0,0.0
sylva_prior,1.0,100,1.0,1.0,0.0,0.0
sylva_prior,1.0,100,1.0,1.0,0.0,0.0
sylva_prior,1.0,100,1.0,1.0,0.0,0.0
sylva_prior,1.0,100,1.0,1.0,0.0,0.0
sylva_prior,1.0,100,1.0,1.0,0.0,0.0
sylva_prior,1.0,100,1.0,1.0,0.0,0.0
sylva_prior,1.0,100,1.0,1.0,0.0,0.0
sylva_prior,1.0,100,1.0,1.0,0.0,0.0
sylva_prior,1.0,100,1.0,1.0,0.0,0.0
visualizing_soil,0.0,100,0.0,0.0,0.0,0.0
visualizing_soil,0.0,100,0.0,0.01,0.01,0.0
visualizing_soil,0.0,100,0.0,0.01,0.01,0.0
visualizing_soil,0.0,100,0.0,0.0,0.0,0.0
visualizing_soil,0.0,100,0.0,0.01,0.01,0.0
visualizing_soil,0.0,100,0.0,0.0,0.0,0.0
visualizing_soil,0.0,100,0.0,0.0,0.0,0.0
visualizing_soil,0.0,100,0.0,0.0,0.0,0.0
visualizing_soil,0.0,100,0.0,0.01,0.01,0.0
visualizing_soil,0.0,100,0.0,0.01,0.01,0.0
visualizing_soil,0.05,100,0.05,0.05,0.0,0.0
visualizing_soil,0.05,100,0.05,0.05,0.0,0.0
visualizing_soil,0.05,100,0.05,0.06,0.01,0.0
visualizing_soil,0.05,100,0.05,0.05,0.0,0.0
visualizing_soil,0.05,100,0.05,0.05,0.0,0.0
visualizing_soil,0.05,100,0.05,0.07,0.02,0.0
visualizing_soil,0.05,100,0.05,0.05,0.0,0.0
visualizing_soil,0.05,100,0.05,0.05,0.0,0.0
visualizing_soil,0.05,100,0.05,0.07,0.02,0.0
visualizing_soil,0.05,100,0.05,0.05,0.0,0.0
visualizing_soil,0.11,100,0.11,0.11,0.0,0.0
visualizing_soil,0.11,100,0.11,0.12,0.01,0.0
visualizing_soil,0.11,100,0.11,0.11,0.0,0.0
visualizing_soil,0.11,100,0.11,0.11,0.0,0.0
visualizing_soil,0.11,100,0.11,0.11,0.0,0.0
visualizing_soil,0.11,100,0.11,0.12,0.01,0.0
visualizing_soil,0.11,100,0.11,0.11,0.0,0.0
visualizing_soil,0.11,100,0.11,0.12,0.01,0.0
visualizing_soil,0.11,100,0.11,0.12,0.01,0.0
visualizing_soil,0.11,100,0.11,0.11,0.0,0.0
visualizing_soil,0.16,100,0.16,0.18,0.02,0.0
visualizing_soil,0.16,100,0.16,0.16,0.0,0.0
visualizing_soil,0.16,100,0.16,0.16,0.0,0.0
visualizing_soil,0.16,100,0.16,0.17,0.01,0.0
visualizing_soil,0.16,100,0.16,0.18,0.02,0.0
visualizing_soil,0.16,100,0.16,0.16,0.0,0.0
visualizing_soil,0.16,100,0.16,0.16,0.0,0.0
visualizing_soil,0.16,100,0.16,0.17,0.01,0.0
visualizing_soil,0.16,100,0.16,0.16,0.0,0.0
visualizing_soil,0.16,100,0.16,0.16,0.0,0.0
visualizing_soil,0.21,100,0.21,0.22,0.01,0.0
visualizing_soil,0.21,100,0.21,0.21,0.0,0.0
visualizing_soil,0.21,100,0.21,0.22,0.01,0.0
visualizing_soil,0.21,100,0.21,0.21,0.0,0.0
visualizing_soil,0.21,100,0.21,0.21,0.0,0.0
visualizing_soil,0.21,100,0.21,0.21,0.0,0.0
visualizing_soil,0.21,100,0.21,0.21,0.0,0.0
visualizing_soil,0.21,100,0.21,0.21,0.0,0.0
visualizing_soil,0.21,100,0.21,0.22,0.01,0.0
visualizing_soil,0.21,100,0.21,0.21,0.0,0.0
visualizing_soil,0.26,100,0.26,0.28,0.02,0.0
visualizing_soil,0.26,100,0.26,0.26,0.0,0.0
visualizing_soil,0.26,100,0.26,0.26,0.0,0.0
visualizing_soil,0.26,100,0.26,0.28,0.02,0.0
visualizing_soil,0.26,100,0.26,0.26,0.0,0.0
visualizing_soil,0.26,100,0.26,0.26,0.0,0.0
visualizing_soil,0.26,100,0.26,0.26,0.0,0.0
visualizing_soil,0.26,100,0.26,0.27,0.01,0.0
visualizing_soil,0.26,100,0.26,0.26,0.0,0.0
visualizing_soil,0.26,100,0.26,0.27,0.01,0.0
visualizing_soil,0.32,100,0.32,0.32,0.0,0.0
visualizing_soil,0.32,100,0.32,0.33,0.01,0.0
visualizing_soil,0.32,100,0.32,0.33,0.01,0.0
visualizing_soil,0.32,100,0.32,0.33,0.01,0.0
visualizing_soil,0.32,100,0.32,0.33,0.01,0.0
visualizing_soil,0.32,100,0.32,0.33,0.01,0.0
visualizing_soil,0.32,100,0.32,0.33,0.01,0.0
visualizing_soil,0.32,100,0.32,0.32,0.0,0.0
visualizing_soil,0.32,100,0.32,0.32,0.0,0.0
visualizing_soil,0.32,100,0.32,0.32,0.0,0.0
visualizing_soil,0.37,100,0.37,0.37,0.0,0.0
visualizing_soil,0.37,100,0.37,0.37,0.0,0.0010006427764892578
visualizing_soil,0.37,100,0.37,0.37,0.0,0.0
visualizing_soil,0.37,100,0.37,0.37,0.0,0.0
visualizing_soil,0.37,100,0.37,0.37,0.0,0.0
visualizing_soil,0.37,100,0.37,0.37,0.0,0.0
visualizing_soil,0.37,100,0.37,0.37,0.0,0.0011246204376220703
visualizing_soil,0.37,100,0.37,0.37,0.0,0.0
visualizing_soil,0.37,100,0.37,0.37,0.0,0.0
visualizing_soil,0.37,100,0.37,0.37,0.0,0.0
visualizing_soil,0.42,100,0.42,0.42,0.0,0.0
visualizing_soil,0.42,100,0.42,0.42,0.0,0.0
visualizing_soil,0.42,100,0.42,0.42,0.0,0.0
visualizing_soil,0.42,100,0.42,0.43,0.01,0.0
visualizing_soil,0.42,100,0.42,0.43,0.01,0.0
visualizing_soil,0.42,100,0.42,0.42,0.0,0.0
visualizing_soil,0.42,100,0.42,0.42,0.0,0.0
visualizing_soil,0.42,100,0.42,0.42,0.0,0.0
visualizing_soil,0.42,100,0.42,0.42,0.0,0.0
visualizing_soil,0.42,100,0.42,0.42,0.0,0.0
visualizing_soil,0.47,100,0.47,0.47,0.0,0.0
visualizing_soil,0.47,100,0.47,0.47,0.0,0.0
visualizing_soil,0.47,100,0.47,0.47,0.0,0.0
visualizing_soil,0.47,100,0.47,0.47,0.0,0.0
visualizing_soil,0.47,100,0.47,0.47,0.0,0.0
visualizing_soil,0.47,100,0.47,0.47,0.0,0.0
visualizing_soil,0.47,100,0.47,0.47,0.0,0.0
visualizing_soil,0.47,100,0.47,0.48,0.01,0.0
visualizing_soil,0.47,100,0.47,0.47,0.0,0.0
visualizing_soil,0.47,100,0.47,0.47,0.0,0.0
visualizing_soil,0.53,100,0.53,0.53,0.0,0.0
visualizing_soil,0.53,100,0.53,0.53,0.0,0.0
visualizing_soil,0.53,100,0.53,0.53,0.0,0.0
visualizing_soil,0.53,100,0.53,0.53,0.0,0.0
visualizing_soil,0.53,100,0.53,0.53,0.0,0.0
visualizing_soil,0.53,100,0.53,0.55,0.02,0.0
visualizing_soil,0.53,100,0.53,0.53,0.0,0.0010271072387695312
visualizing_soil,0.53,100,0.53,0.53,0.0,0.0
visualizing_soil,0.53,100,0.53,0.53,0.0,0.0
visualizing_soil,0.53,100,0.53,0.53,0.0,0.0
visualizing_soil,0.58,100,0.58,0.59,0.01,0.0
visualizing_soil,0.58,100,0.58,0.58,0.0,0.0
visualizing_soil,0.58,100,0.58,0.58,0.0,0.0
visualizing_soil,0.58,100,0.58,0.58,0.0,0.0
visualizing_soil,0.58,100,0.58,0.58,0.0,0.0
visualizing_soil,0.58,100,0.58,0.58,0.0,0.0
visualizing_soil,0.58,100,0.58,0.58,0.0,0.0
visualizing_soil,0.58,100,0.58,0.59,0.01,0.0
visualizing_soil,0.58,100,0.58,0.59,0.01,0.0
visualizing_soil,0.58,100,0.58,0.58,0.0,0.0
visualizing_soil,0.63,100,0.63,0.64,0.01,0.0
visualizing_soil,0.63,100,0.63,0.63,0.0,0.0
visualizing_soil,0.63,100,0.63,0.63,0.0,0.0
visualizing_soil,0.63,100,0.63,0.63,0.0,0.000118255615234375
visualizing_soil,0.63,100,0.63,0.63,0.0,0.0
visualizing_soil,0.63,100,0.63,0.63,0.0,0.0
visualizing_soil,0.63,100,0.63,0.63,0.0,0.0
visualizing_soil,0.63,100,0.63,0.63,0.0,0.0
visualizing_soil,0.63,100,0.63,0.63,0.0,0.0
visualizing_soil,0.63,100,0.63,0.63,0.0,0.0010035037994384766
visualizing_soil,0.68,100,0.68,0.68,0.0,0.0
visualizing_soil,0.68,100,0.68,0.68,0.0,0.0
visualizing_soil,0.68,100,0.68,0.68,0.0,0.0
visualizing_soil,0.68,100,0.68,0.68,0.0,0.0
visualizing_soil,0.68,100,0.68,0.69,0.01,0.0
visualizing_soil,0.68,100,0.68,0.68,0.0,0.0
visualizing_soil,0.68,100,0.68,0.7,0.02,0.0
visualizing_soil,0.68,100,0.68,0.68,0.0,0.0
visualizing_soil,0.68,100,0.68,0.68,0.0,0.0
visualizing_soil,0.68,100,0.68,0.68,0.0,0.0
visualizing_soil,0.74,100,0.74,0.74,0.0,0.0
visualizing_soil,0.74,100,0.74,0.74,0.0,0.0
visualizing_soil,0.74,100,0.74,0.74,0.0,0.0
visualizing_soil,0.74,100,0.74,0.74,0.0,0.0
visualizing_soil,0.74,100,0.74,0.74,0.0,0.0
visualizing_soil,0.74,100,0.74,0.74,0.0,0.0
visualizing_soil,0.74,100,0.74,0.75,0.01,0.0
visualizing_soil,0.74,100,0.74,0.74,0.0,0.0
visualizing_soil,0.74,100,0.74,0.74,0.0,0.0
visualizing_soil,0.74,100,0.74,0.74,0.0,0.0
visualizing_soil,0.79,100,0.79,0.79,0.0,0.0
visualizing_soil,0.79,100,0.79,0.79,0.0,0.0
visualizing_soil,0.79,100,0.79,0.79,0.0,0.0
visualizing_soil,0.79,100,0.79,0.79,0.0,0.0
visualizing_soil,0.79,100,0.79,0.79,0.0,0.0
visualizing_soil,0.79,100,0.79,0.79,0.0,0.0
visualizing_soil,0.79,100,0.79,0.79,0.0,0.0009949207305908203
visualizing_soil,0.79,100,0.79,0.79,0.0,0.0
visualizing_soil,0.79,100,0.79,0.79,0.0,0.0
visualizing_soil,0.79,100,0.79,0.79,0.0,0.0
visualizing_soil,0.84,100,0.84,0.84,0.0,0.0
visualizing_soil,0.84,100,0.84,0.85,0.01,0.0
visualizing_soil,0.84,100,0.84,0.84,0.0,0.0
visualizing_soil,0.84,100,0.84,0.84,0.0,0.0
visualizing_soil,0.84,100,0.84,0.85,0.01,0.0
visualizing_soil,0.84,100,0.84,0.84,0.0,0.0
visualizing_soil,0.84,100,0.84,0.84,0.0,0.0
visualizing_soil,0.84,100,0.84,0.84,0.0,0.0
visualizing_soil,0.84,100,0.84,0.84,0.0,0.0
visualizing_soil,0.84,100,0.84,0.84,0.0,0.0
visualizing_soil,0.89,100,0.89,0.89,0.0,0.0
visualizing_soil,0.89,100,0.89,0.89,0.0,0.0
visualizing_soil,0.89,100,0.89,0.89,0.0,0.0
visualizing_soil,0.89,100,0.89,0.89,0.0,0.0
visualizing_soil,0.89,100,0.89,0.89,0.0,0.0
visualizing_soil,0.89,100,0.89,0.89,0.0,0.0
visualizing_soil,0.89,100,0.89,0.89,0.0,0.0
visualizing_soil,0.89,100,0.89,0.89,0.0,0.0
visualizing_soil,0.89,100,0.89,0.89,0.0,0.0
visualizing_soil,0.89,100,0.89,0.89,0.0,0.0
visualizing_soil,0.95,100,0.95,0.95,0.0,0.0
visualizing_soil,0.95,100,0.95,0.95,0.0,0.0
visualizing_soil,0.95,100,0.95,0.95,0.0,0.0
visualizing_soil,0.95,100,0.95,0.95,0.0,0.0
visualizing_soil,0.95,100,0.95,0.95,0.0,0.0
visualizing_soil,0.95,100,0.95,0.95,0.0,0.0
visualizing_soil,0.95,100,0.95,0.95,0.0,0.0
visualizing_soil,0.95,100,0.95,0.95,0.0,0.0
visualizing_soil,0.95,100,0.95,0.95,0.0,0.0
visualizing_soil,0.95,100,0.95,0.95,0.0,0.0
visualizing_soil,1.0,100,1.0,1.0,0.0,0.0
visualizing_soil,1.0,100,1.0,1.0,0.0,0.0
visualizing_soil,1.0,100,1.0,1.0,0.0,0.0
visualizing_soil,1.0,100,1.0,1.0,0.0,0.0
visualizing_soil,1.0,100,1.0,1.0,0.0,0.0
visualizing_soil,1.0,100,1.0,1.0,0.0,0.0
visualizing_soil,1.0,100,1.0,1.0,0.0,0.0
visualizing_soil,1.0,100,1.0,1.0,0.0,0.0
visualizing_soil,1.0,100,1.0,1.0,0.0,0.0
visualizing_soil,1.0,100,1.0,1.0,0.0,0.0
wind,0.0,100,0.0,0.0,0.0,0.0
wind,0.0,100,0.0,0.0,0.0,0.0
wind,0.0,100,0.0,0.0,0.0,0.0
wind,0.0,100,0.0,0.0,0.0,0.0
wind,0.0,100,0.0,0.0,0.0,0.0
wind,0.0,100,0.0,0.01,0.01,0.0
wind,0.0,100,0.0,0.04,0.04,0.0
wind,0.0,100,0.0,0.0,0.0,0.0
wind,0.0,100,0.0,0.0,0.0,0.0
wind,0.0,100,0.0,0.0,0.0,0.0
wind,0.05,100,0.05,0.01,0.04,0.0
wind,0.05,100,0.05,0.0,0.05,0.0
wind,0.05,100,0.05,0.0,0.05,0.0
wind,0.05,100,0.05,0.07,0.02,0.0
wind,0.05,100,0.05,0.0,0.05,0.0
wind,0.05,100,0.05,0.07,0.02,0.0
wind,0.05,100,0.05,0.0,0.05,0.0
wind,0.05,100,0.05,0.04,0.01,0.0
wind,0.05,100,0.05,0.14,0.09,0.0
wind,0.05,100,0.05,0.04,0.01,0.0
wind,0.11,100,0.11,0.06,0.05,0.0
wind,0.11,100,0.11,0.18,0.07,0.0
wind,0.11,100,0.11,0.08,0.03,0.0
wind,0.11,100,0.11,0.04,0.07,0.0
wind,0.11,100,0.11,0.2,0.09,0.0
wind,0.11,100,0.11,0.13,0.02,0.0
wind,0.11,100,0.11,0.13,0.02,0.0
wind,0.11,100,0.11,0.07,0.04,0.0
wind,0.11,100,0.11,0.13,0.02,0.0
wind,0.11,100,0.11,0.08,0.03,0.0
wind,0.16,100,0.16,0.13,0.03,0.0
wind,0.16,100,0.16,0.08,0.08,0.0
wind,0.16,100,0.16,0.14,0.02,0.0
wind,0.16,100,0.16,0.18,0.02,0.0
wind,0.16,100,0.16,0.13,0.03,0.0
wind,0.16,100,0.16,0.15,0.01,0.0
wind,0.16,100,0.16,0.1,0.06,0.0
wind,0.16,100,0.16,0.15,0.01,0.0
wind,0.16,100,0.16,0.14,0.02,0.0
wind,0.16,100,0.16,0.14,0.02,0.0
wind,0.21,100,0.21,0.17,0.04,0.0
wind,0.21,100,0.21,0.17,0.04,0.0
wind,0.21,100,0.21,0.2,0.01,0.0
wind,0.21,100,0.21,0.17,0.04,0.0
wind,0.21,100,0.21,0.14,0.07,0.0
wind,0.21,100,0.21,0.15,0.06,0.0
wind,0.21,100,0.21,0.21,0.0,0.0
wind,0.21,100,0.21,0.18,0.03,0.0
wind,0.21,100,0.21,0.23,0.02,0.0
wind,0.21,100,0.21,0.17,0.04,0.0
wind,0.26,100,0.26,0.25,0.01,0.0
wind,0.26,100,0.26,0.2,0.06,0.0
wind,0.26,100,0.26,0.25,0.01,0.0
wind,0.26,100,0.26,0.27,0.01,0.0
wind,0.26,100,0.26,0.32,0.06,0.0
wind,0.26,100,0.26,0.23,0.03,0.0
wind,0.26,100,0.26,0.18,0.08,0.0
wind,0.26,100,0.26,0.27,0.01,0.0
wind,0.26,100,0.26,0.2,0.06,0.0
wind,0.26,100,0.26,0.17,0.09,0.0
wind,0.32,100,0.32,0.3,0.02,0.0
wind,0.32,100,0.32,0.21,0.11,0.0
wind,0.32,100,0.32,0.25,0.07,0.0
wind,0.32,100,0.32,0.34,0.02,0.0
wind,0.32,100,0.32,0.41,0.09,0.0
wind,0.32,100,0.32,0.3,0.02,0.0
wind,0.32,100,0.32,0.3,0.02,0.0
wind,0.32,100,0.32,0.34,0.02,0.0
wind,0.32,100,0.32,0.27,0.05,0.0
wind,0.32,100,0.32,0.23,0.09,0.0
wind,0.37,100,0.37,0.28,0.09,0.0
wind,0.37,100,0.37,0.3,0.07,0.0064580440521240234
wind,0.37,100,0.37,0.34,0.03,0.0
wind,0.37,100,0.37,0.28,0.09,0.0
wind,0.37,100,0.37,0.31,0.06,0.0
wind,0.37,100,0.37,0.28,0.09,0.0
wind,0.37,100,0.37,0.37,0.0,0.0
wind,0.37,100,0.37,0.32,0.05,0.0
wind,0.37,100,0.37,0.31,0.06,0.0
wind,0.37,100,0.37,0.38,0.01,0.0
wind,0.42,100,0.42,0.38,0.04,0.0
wind,0.42,100,0.42,0.46,0.04,0.014091014862060547
wind,0.42,100,0.42,0.3,0.12,0.0
wind,0.42,100,0.42,0.45,0.03,0.0
wind,0.42,100,0.42,0.39,0.03,0.0
wind,0.42,100,0.42,0.41,0.01,0.0
wind,0.42,100,0.42,0.35,0.07,0.0
wind,0.42,100,0.42,0.32,0.1,0.0
wind,0.42,100,0.42,0.32,0.1,0.0
wind,0.42,100,0.42,0.45,0.03,0.0
wind,0.47,100,0.47,0.44,0.03,0.0
wind,0.47,100,0.47,0.39,0.08,0.0
wind,0.47,100,0.47,0.32,0.15,0.0
wind,0.47,100,0.47,0.49,0.02,0.0
wind,0.47,100,0.47,0.32,0.15,0.0
wind,0.47,100,0.47,0.44,0.03,0.0
wind,0.47,100,0.47,0.49,0.02,0.0
wind,0.47,100,0.47,0.35,0.12,0.0
wind,0.47,100,0.47,0.52,0.05,0.0
wind,0.47,100,0.47,0.42,0.05,0.0
wind,0.53,100,0.53,0.55,0.02,0.0
wind,0.53,100,0.53,0.56,0.03,0.0
wind,0.53,100,0.53,0.52,0.01,0.0
wind,0.53,100,0.53,0.51,0.02,0.0
wind,0.53,100,0.53,0.51,0.02,0.0
wind,0.53,100,0.53,0.51,0.02,0.0
wind,0.53,100,0.53,0.44,0.09,0.0
wind,0.53,100,0.53,0.54,0.01,0.0
wind,0.53,100,0.53,0.44,0.09,0.0006182193756103516
wind,0.53,100,0.53,0.52,0.01,0.0
wind,0.58,100,0.58,0.55,0.03,0.0
wind,0.58,100,0.58,0.44,0.14,0.0
wind,0.58,100,0.58,0.52,0.06,0.0
wind,0.58,100,0.58,0.55,0.03,0.0
wind,0.58,100,0.58,0.45,0.13,0.0
wind,0.58,100,0.58,0.61,0.03,0.0
wind,0.58,100,0.58,0.59,0.01,0.0
wind,0.58,100,0.58,0.55,0.03,0.0
wind,0.58,100,0.58,0.59,0.01,0.0
wind,0.58,100,0.58,0.61,0.03,0.0
wind,0.63,100,0.63,0.61,0.02,0.0
wind,0.63,100,0.63,0.59,0.04,0.0
wind,0.63,100,0.63,0.65,0.02,0.0
wind,0.63,100,0.63,0.61,0.02,0.0
wind,0.63,100,0.63,0.58,0.05,0.0
wind,0.63,100,0.63,0.63,0.0,0.0
wind,0.63,100,0.63,0.63,0.0,0.0
wind,0.63,100,0.63,0.61,0.02,0.0
wind,0.63,100,0.63,0.55,0.08,0.0
wind,0.63,100,0.63,0.72,0.09,0.0
wind,0.68,100,0.68,0.68,0.0,0.0
wind,0.68,100,0.68,0.62,0.06,0.0
wind,0.68,100,0.68,0.7,0.02,0.0
wind,0.68,100,0.68,0.66,0.02,0.0
wind,0.68,100,0.68,0.66,0.02,0.0
wind,0.68,100,0.68,0.61,0.07,0.0
wind,0.68,100,0.68,0.72,0.04,0.0
wind,0.68,100,0.68,0.7,0.02,0.0
wind,0.68,100,0.68,0.63,0.05,0.0
wind,0.68,100,0.68,0.61,0.07,0.0
wind,0.74,100,0.74,0.66,0.08,0.0
wind,0.74,100,0.74,0.76,0.02,0.0
wind,0.74,100,0.74,0.66,0.08,0.0
wind,0.74,100,0.74,0.73,0.01,0.0
wind,0.74,100,0.74,0.69,0.05,0.0
wind,0.74,100,0.74,0.68,0.06,0.0
wind,0.74,100,0.74,0.73,0.01,0.0
wind,0.74,100,0.74,0.75,0.01,0.0
wind,0.74,100,0.74,0.72,0.02,0.0
wind,0.74,100,0.74,0.75,0.01,0.0
wind,0.79,100,0.79,0.73,0.06,0.0
wind,0.79,100,0.79,0.75,0.04,0.0
wind,0.79,100,0.79,0.79,0.0,0.0
wind,0.79,100,0.79,0.77,0.02,0.0
wind,0.79,100,0.79,0.69,0.1,0.01573014259338379
wind,0.79,100,0.79,0.77,0.02,0.0010807514190673828
wind,0.79,100,0.79,0.77,0.02,0.0
wind,0.79,100,0.79,0.73,0.06,0.0
wind,0.79,100,0.79,0.79,0.0,0.0
wind,0.79,100,0.79,0.82,0.03,0.0
wind,0.84,100,0.84,0.79,0.05,0.0
wind,0.84,100,0.84,0.87,0.03,0.0
wind,0.84,100,0.84,0.85,0.01,0.0
wind,0.84,100,0.84,0.76,0.08,0.0
wind,0.84,100,0.84,0.76,0.08,0.0
wind,0.84,100,0.84,0.83,0.01,0.0
wind,0.84,100,0.84,0.85,0.01,0.0
wind,0.84,100,0.84,0.77,0.07,0.0
wind,0.84,100,0.84,0.8,0.04,0.0
wind,0.84,100,0.84,0.77,0.07,0.004313230514526367
wind,0.89,100,0.89,0.79,0.1,0.01562809944152832
wind,0.89,100,0.89,0.77,0.12,0.0
wind,0.89,100,0.89,0.83,0.06,0.0
wind,0.89,100,0.89,0.87,0.02,0.0
wind,0.89,100,0.89,0.92,0.03,0.0
wind,0.89,100,0.89,0.94,0.05,0.0
wind,0.89,100,0.89,0.83,0.06,0.0
wind,0.89,100,0.89,0.79,0.1,0.0
wind,0.89,100,0.89,0.8,0.09,0.0
wind,0.89,100,0.89,0.86,0.03,0.0
wind,0.95,100,0.95,0.89,0.06,0.0
wind,0.95,100,0.95,0.86,0.09,0.0
wind,0.95,100,0.95,0.8,0.15,0.0
wind,0.95,100,0.95,0.93,0.02,0.0
wind,0.95,100,0.95,0.93,0.02,0.0
wind,0.95,100,0.95,0.92,0.03,0.0
wind,0.95,100,0.95,0.93,0.02,0.0
wind,0.95,100,0.95,0.85,0.1,0.0
wind,0.95,100,0.95,0.89,0.06,0.0
wind,0.95,100,0.95,0.96,0.01,0.0
wind,1.0,100,1.0,1.0,0.0,0.0
wind,1.0,100,1.0,1.0,0.0,0.0
wind,1.0,100,1.0,0.93,0.07,0.0
wind,1.0,100,1.0,0.94,0.06,0.0
wind,1.0,100,1.0,1.0,0.0,0.0005993843078613281
wind,1.0,100,1.0,0.9,0.1,0.0
wind,1.0,100,1.0,0.94,0.06,0.0
wind,1.0,100,1.0,0.93,0.07,0.0
wind,1.0,100,1.0,0.92,0.08,0.0
wind,1.0,100,1.0,1.0,0.0,0.0
