dataset_name,alpha,sample_size,real_p,pred_p,abs_error,run_time
2dplanes,0.0,100,0.0,0.29,0.29,0.0
2dplanes,0.0,100,0.0,0.26,0.26,0.0
2dplanes,0.0,100,0.0,0.22,0.22,0.0019948482513427734
2dplanes,0.0,100,0.0,0.22,0.22,0.0005424022674560547
2dplanes,0.0,100,0.0,0.25,0.25,0.006566047668457031
2dplanes,0.0,100,0.0,0.25,0.25,0.0023353099822998047
2dplanes,0.0,100,0.0,0.25,0.25,0.0006852149963378906
2dplanes,0.0,100,0.0,0.28,0.28,0.0019927024841308594
2dplanes,0.0,100,0.0,0.26,0.26,0.005609750747680664
2dplanes,0.0,100,0.0,0.24,0.24,0.0
2dplanes,0.05,100,0.05,0.27,0.22,0.0011408329010009766
2dplanes,0.05,100,0.05,0.29,0.24,0.0005376338958740234
2dplanes,0.05,100,0.05,0.25,0.2,0.002074003219604492
2dplanes,0.05,100,0.05,0.22,0.17,0.0011026859283447266
2dplanes,0.05,100,0.05,0.26,0.21,0.002007007598876953
2dplanes,0.05,100,0.05,0.23,0.18,0.0009982585906982422
2dplanes,0.05,100,0.05,0.25,0.2,0.0
2dplanes,0.05,100,0.05,0.3,0.25,0.0
2dplanes,0.05,100,0.05,0.22,0.17,0.0
2dplanes,0.05,100,0.05,0.24,0.19,0.0009915828704833984
2dplanes,0.11,100,0.11,0.29,0.18,0.0009894371032714844
2dplanes,0.11,100,0.11,0.3,0.19,0.001111745834350586
2dplanes,0.11,100,0.11,0.33,0.22,0.0020542144775390625
2dplanes,0.11,100,0.11,0.33,0.22,0.005278110504150391
2dplanes,0.11,100,0.11,0.27,0.16,0.0019941329956054688
2dplanes,0.11,100,0.11,0.31,0.2,0.0019996166229248047
2dplanes,0.11,100,0.11,0.32,0.21,0.0019998550415039062
2dplanes,0.11,100,0.11,0.31,0.2,0.0
2dplanes,0.11,100,0.11,0.3,0.19,0.001997232437133789
2dplanes,0.11,100,0.11,0.33,0.22,0.002000570297241211
2dplanes,0.16,100,0.16,0.32,0.16,0.001546621322631836
2dplanes,0.16,100,0.16,0.31,0.15,0.0
2dplanes,0.16,100,0.16,0.3,0.14,0.0
2dplanes,0.16,100,0.16,0.31,0.15,0.0011878013610839844
2dplanes,0.16,100,0.16,0.33,0.17,0.0
2dplanes,0.16,100,0.16,0.35,0.19,0.0
2dplanes,0.16,100,0.16,0.29,0.13,0.0
2dplanes,0.16,100,0.16,0.28,0.12,0.0
2dplanes,0.16,100,0.16,0.26,0.1,0.0
2dplanes,0.16,100,0.16,0.28,0.12,0.000995635986328125
2dplanes,0.21,100,0.21,0.39,0.18,0.0011057853698730469
2dplanes,0.21,100,0.21,0.32,0.11,0.0021371841430664062
2dplanes,0.21,100,0.21,0.32,0.11,0.0010352134704589844
2dplanes,0.21,100,0.21,0.36,0.15,0.0
2dplanes,0.21,100,0.21,0.37,0.16,0.0
2dplanes,0.21,100,0.21,0.35,0.14,0.0
2dplanes,0.21,100,0.21,0.33,0.12,0.0010523796081542969
2dplanes,0.21,100,0.21,0.31,0.1,0.0059795379638671875
2dplanes,0.21,100,0.21,0.31,0.1,0.0
2dplanes,0.21,100,0.21,0.37,0.16,0.0020351409912109375
2dplanes,0.26,100,0.26,0.38,0.12,0.0011065006256103516
2dplanes,0.26,100,0.26,0.4,0.14,0.0
2dplanes,0.26,100,0.26,0.36,0.1,0.0006780624389648438
2dplanes,0.26,100,0.26,0.36,0.1,0.0020751953125
2dplanes,0.26,100,0.26,0.33,0.07,0.0009920597076416016
2dplanes,0.26,100,0.26,0.37,0.11,0.0
2dplanes,0.26,100,0.26,0.37,0.11,0.0
2dplanes,0.26,100,0.26,0.37,0.11,0.0020003318786621094
2dplanes,0.26,100,0.26,0.38,0.12,0.0014553070068359375
2dplanes,0.26,100,0.26,0.36,0.1,0.0059528350830078125
2dplanes,0.32,100,0.32,0.4,0.08,0.002002239227294922
2dplanes,0.32,100,0.32,0.44,0.12,0.012786626815795898
2dplanes,0.32,100,0.32,0.4,0.08,0.0
2dplanes,0.32,100,0.32,0.39,0.07,0.0009987354278564453
2dplanes,0.32,100,0.32,0.41,0.09,0.0019922256469726562
2dplanes,0.32,100,0.32,0.41,0.09,0.0011463165283203125
2dplanes,0.32,100,0.32,0.42,0.1,0.0009992122650146484
2dplanes,0.32,100,0.32,0.42,0.1,0.0
2dplanes,0.32,100,0.32,0.41,0.09,0.0
2dplanes,0.32,100,0.32,0.39,0.07,0.0019958019256591797
2dplanes,0.37,100,0.37,0.44,0.07,0.0009999275207519531
2dplanes,0.37,100,0.37,0.4,0.03,0.0061686038970947266
2dplanes,0.37,100,0.37,0.47,0.1,0.006146907806396484
2dplanes,0.37,100,0.37,0.47,0.1,0.006051301956176758
2dplanes,0.37,100,0.37,0.46,0.09,0.0
2dplanes,0.37,100,0.37,0.45,0.08,0.0009927749633789062
2dplanes,0.37,100,0.37,0.38,0.01,0.0012235641479492188
2dplanes,0.37,100,0.37,0.45,0.08,0.0009951591491699219
2dplanes,0.37,100,0.37,0.43,0.06,0.0023932456970214844
2dplanes,0.37,100,0.37,0.4,0.03,0.002004861831665039
2dplanes,0.42,100,0.42,0.45,0.03,0.005724191665649414
2dplanes,0.42,100,0.42,0.42,0.0,0.0
2dplanes,0.42,100,0.42,0.47,0.05,0.0
2dplanes,0.42,100,0.42,0.51,0.09,0.0
2dplanes,0.42,100,0.42,0.43,0.01,0.0016551017761230469
2dplanes,0.42,100,0.42,0.47,0.05,0.0010001659393310547
2dplanes,0.42,100,0.42,0.44,0.02,0.0010411739349365234
2dplanes,0.42,100,0.42,0.49,0.07,0.0011708736419677734
2dplanes,0.42,100,0.42,0.49,0.07,0.0016374588012695312
2dplanes,0.42,100,0.42,0.45,0.03,0.002004861831665039
2dplanes,0.47,100,0.47,0.53,0.06,0.0
2dplanes,0.47,100,0.47,0.52,0.05,0.0022094249725341797
2dplanes,0.47,100,0.47,0.49,0.02,0.0013041496276855469
2dplanes,0.47,100,0.47,0.45,0.02,0.006198883056640625
2dplanes,0.47,100,0.47,0.52,0.05,0.0
2dplanes,0.47,100,0.47,0.48,0.01,0.0
2dplanes,0.47,100,0.47,0.47,0.0,0.003058195114135742
2dplanes,0.47,100,0.47,0.54,0.07,0.0010898113250732422
2dplanes,0.47,100,0.47,0.49,0.02,0.0
2dplanes,0.47,100,0.47,0.46,0.01,0.0
2dplanes,0.53,100,0.53,0.51,0.02,0.0
2dplanes,0.53,100,0.53,0.53,0.0,0.0
2dplanes,0.53,100,0.53,0.56,0.03,0.0
2dplanes,0.53,100,0.53,0.56,0.03,0.0010023117065429688
2dplanes,0.53,100,0.53,0.52,0.01,0.002003192901611328
2dplanes,0.53,100,0.53,0.5,0.03,0.0
2dplanes,0.53,100,0.53,0.53,0.0,0.0
2dplanes,0.53,100,0.53,0.53,0.0,0.000997304916381836
2dplanes,0.53,100,0.53,0.53,0.0,0.0
2dplanes,0.53,100,0.53,0.52,0.01,0.0015282630920410156
2dplanes,0.58,100,0.58,0.53,0.05,0.0
2dplanes,0.58,100,0.58,0.57,0.01,0.006206035614013672
2dplanes,0.58,100,0.58,0.52,0.06,0.0010066032409667969
2dplanes,0.58,100,0.58,0.57,0.01,0.0
2dplanes,0.58,100,0.58,0.52,0.06,0.0009903907775878906
2dplanes,0.58,100,0.58,0.54,0.04,0.0
2dplanes,0.58,100,0.58,0.55,0.03,0.0006384849548339844
2dplanes,0.58,100,0.58,0.54,0.04,0.001951456069946289
2dplanes,0.58,100,0.58,0.51,0.07,0.0
2dplanes,0.58,100,0.58,0.54,0.04,0.0020322799682617188
2dplanes,0.63,100,0.63,0.55,0.08,0.002007007598876953
2dplanes,0.63,100,0.63,0.61,0.02,0.005798816680908203
2dplanes,0.63,100,0.63,0.56,0.07,0.000576019287109375
2dplanes,0.63,100,0.63,0.58,0.05,0.001165628433227539
2dplanes,0.63,100,0.63,0.59,0.04,0.0009801387786865234
2dplanes,0.63,100,0.63,0.53,0.1,0.0
2dplanes,0.63,100,0.63,0.54,0.09,0.0010199546813964844
2dplanes,0.63,100,0.63,0.59,0.04,0.0011532306671142578
2dplanes,0.63,100,0.63,0.54,0.09,0.0
2dplanes,0.63,100,0.63,0.56,0.07,0.0006449222564697266
2dplanes,0.68,100,0.68,0.6,0.08,0.0
2dplanes,0.68,100,0.68,0.62,0.06,0.0009987354278564453
2dplanes,0.68,100,0.68,0.61,0.07,0.0010001659393310547
2dplanes,0.68,100,0.68,0.64,0.04,0.001081705093383789
2dplanes,0.68,100,0.68,0.62,0.06,0.0
2dplanes,0.68,100,0.68,0.59,0.09,0.0019996166229248047
2dplanes,0.68,100,0.68,0.58,0.1,0.0
2dplanes,0.68,100,0.68,0.61,0.07,0.0
2dplanes,0.68,100,0.68,0.59,0.09,0.0012559890747070312
2dplanes,0.68,100,0.68,0.6,0.08,0.0
2dplanes,0.74,100,0.74,0.64,0.1,0.002122163772583008
2dplanes,0.74,100,0.74,0.6,0.14,0.002107381820678711
2dplanes,0.74,100,0.74,0.62,0.12,0.0
2dplanes,0.74,100,0.74,0.65,0.09,0.0
2dplanes,0.74,100,0.74,0.63,0.11,0.0
2dplanes,0.74,100,0.74,0.66,0.08,0.002105236053466797
2dplanes,0.74,100,0.74,0.63,0.11,0.0012552738189697266
2dplanes,0.74,100,0.74,0.65,0.09,0.0
2dplanes,0.74,100,0.74,0.65,0.09,0.0
2dplanes,0.74,100,0.74,0.59,0.15,0.0046465396881103516
2dplanes,0.79,100,0.79,0.68,0.11,0.0
2dplanes,0.79,100,0.79,0.64,0.15,0.0020051002502441406
2dplanes,0.79,100,0.79,0.59,0.2,0.0005676746368408203
2dplanes,0.79,100,0.79,0.66,0.13,0.0059201717376708984
2dplanes,0.79,100,0.79,0.64,0.15,0.002105236053466797
2dplanes,0.79,100,0.79,0.7,0.09,0.0014755725860595703
2dplanes,0.79,100,0.79,0.69,0.1,0.0015282630920410156
2dplanes,0.79,100,0.79,0.61,0.18,0.0
2dplanes,0.79,100,0.79,0.66,0.13,0.0
2dplanes,0.79,100,0.79,0.66,0.13,0.0054857730865478516
2dplanes,0.84,100,0.84,0.66,0.18,0.0
2dplanes,0.84,100,0.84,0.7,0.14,0.001997709274291992
2dplanes,0.84,100,0.84,0.67,0.17,0.0011649131774902344
2dplanes,0.84,100,0.84,0.69,0.15,0.002007007598876953
2dplanes,0.84,100,0.84,0.7,0.14,0.0
2dplanes,0.84,100,0.84,0.65,0.19,0.0
2dplanes,0.84,100,0.84,0.71,0.13,0.0009930133819580078
2dplanes,0.84,100,0.84,0.69,0.15,0.0
2dplanes,0.84,100,0.84,0.65,0.19,0.0
2dplanes,0.84,100,0.84,0.63,0.21,0.0
2dplanes,0.89,100,0.89,0.7,0.19,0.005766153335571289
2dplanes,0.89,100,0.89,0.71,0.18,0.0
2dplanes,0.89,100,0.89,0.74,0.15,0.005359649658203125
2dplanes,0.89,100,0.89,0.74,0.15,0.0
2dplanes,0.89,100,0.89,0.73,0.16,0.001997232437133789
2dplanes,0.89,100,0.89,0.71,0.18,0.0010035037994384766
2dplanes,0.89,100,0.89,0.69,0.2,0.0
2dplanes,0.89,100,0.89,0.69,0.2,0.0006539821624755859
2dplanes,0.89,100,0.89,0.71,0.18,0.0
2dplanes,0.89,100,0.89,0.73,0.16,0.0
2dplanes,0.95,100,0.95,0.76,0.19,0.0
2dplanes,0.95,100,0.95,0.74,0.21,0.0
2dplanes,0.95,100,0.95,0.75,0.2,0.0009927749633789062
2dplanes,0.95,100,0.95,0.8,0.15,0.0015399456024169922
2dplanes,0.95,100,0.95,0.7,0.25,0.0010025501251220703
2dplanes,0.95,100,0.95,0.69,0.26,0.0015802383422851562
2dplanes,0.95,100,0.95,0.75,0.2,0.0012137889862060547
2dplanes,0.95,100,0.95,0.72,0.23,0.0
2dplanes,0.95,100,0.95,0.7,0.25,0.002110004425048828
2dplanes,0.95,100,0.95,0.76,0.19,0.0014624595642089844
2dplanes,1.0,100,1.0,0.76,0.24,0.000997781753540039
2dplanes,1.0,100,1.0,0.76,0.24,0.003610849380493164
2dplanes,1.0,100,1.0,0.76,0.24,0.0066089630126953125
2dplanes,1.0,100,1.0,0.78,0.22,0.0010023117065429688
2dplanes,1.0,100,1.0,0.78,0.22,0.0016026496887207031
2dplanes,1.0,100,1.0,0.82,0.18,0.001560211181640625
2dplanes,1.0,100,1.0,0.74,0.26,0.0019996166229248047
2dplanes,1.0,100,1.0,0.77,0.23,0.0016875267028808594
2dplanes,1.0,100,1.0,0.78,0.22,0.0010943412780761719
2dplanes,1.0,100,1.0,0.79,0.21,0.0020003318786621094
balloon,0.0,100,0.0,0.07,0.07,0.0013451576232910156
balloon,0.0,100,0.0,0.06,0.06,0.0009660720825195312
balloon,0.0,100,0.0,0.06,0.06,0.0020024776458740234
balloon,0.0,100,0.0,0.06,0.06,0.0020875930786132812
balloon,0.0,100,0.0,0.05,0.05,0.0020847320556640625
balloon,0.0,100,0.0,0.07,0.07,0.0
balloon,0.0,100,0.0,0.07,0.07,0.0010967254638671875
balloon,0.0,100,0.0,0.08,0.08,0.0009953975677490234
balloon,0.0,100,0.0,0.06,0.06,0.005531787872314453
balloon,0.0,100,0.0,0.06,0.06,0.0020363330841064453
balloon,0.05,100,0.05,0.1,0.05,0.0019981861114501953
balloon,0.05,100,0.05,0.1,0.05,0.0020017623901367188
balloon,0.05,100,0.05,0.09,0.04,0.0
balloon,0.05,100,0.05,0.08,0.03,0.005700111389160156
balloon,0.05,100,0.05,0.07,0.02,0.0009958744049072266
balloon,0.05,100,0.05,0.1,0.05,0.0010013580322265625
balloon,0.05,100,0.05,0.09,0.04,0.000530242919921875
balloon,0.05,100,0.05,0.1,0.05,0.0
balloon,0.05,100,0.05,0.09,0.04,0.0016434192657470703
balloon,0.05,100,0.05,0.09,0.04,0.0004761219024658203
balloon,0.11,100,0.11,0.17,0.06,0.0
balloon,0.11,100,0.11,0.14,0.03,0.0
balloon,0.11,100,0.11,0.14,0.03,0.005899906158447266
balloon,0.11,100,0.11,0.13,0.02,0.0035791397094726562
balloon,0.11,100,0.11,0.15,0.04,0.0010001659393310547
balloon,0.11,100,0.11,0.15,0.04,0.0
balloon,0.11,100,0.11,0.12,0.01,0.0019936561584472656
balloon,0.11,100,0.11,0.15,0.04,0.0
balloon,0.11,100,0.11,0.14,0.03,0.0
balloon,0.11,100,0.11,0.14,0.03,0.0
balloon,0.16,100,0.16,0.18,0.02,0.0
balloon,0.16,100,0.16,0.18,0.02,0.0
balloon,0.16,100,0.16,0.19,0.03,0.0011391639709472656
balloon,0.16,100,0.16,0.18,0.02,0.0
balloon,0.16,100,0.16,0.17,0.01,0.0064542293548583984
balloon,0.16,100,0.16,0.17,0.01,0.0
balloon,0.16,100,0.16,0.15,0.01,0.0
balloon,0.16,100,0.16,0.15,0.01,0.005690336227416992
balloon,0.16,100,0.16,0.16,0.0,0.0011131763458251953
balloon,0.16,100,0.16,0.18,0.02,0.0
balloon,0.21,100,0.21,0.22,0.01,0.0076105594635009766
balloon,0.21,100,0.21,0.19,0.02,0.0019996166229248047
balloon,0.21,100,0.21,0.21,0.0,0.0
balloon,0.21,100,0.21,0.24,0.03,0.00470423698425293
balloon,0.21,100,0.21,0.22,0.01,0.0
balloon,0.21,100,0.21,0.22,0.01,0.0019872188568115234
balloon,0.21,100,0.21,0.17,0.04,0.0
balloon,0.21,100,0.21,0.21,0.0,0.0
balloon,0.21,100,0.21,0.22,0.01,0.002009868621826172
balloon,0.21,100,0.21,0.22,0.01,0.00099945068359375
balloon,0.26,100,0.26,0.26,0.0,0.006034135818481445
balloon,0.26,100,0.26,0.26,0.0,0.007185459136962891
balloon,0.26,100,0.26,0.22,0.04,0.0
balloon,0.26,100,0.26,0.25,0.01,0.003853321075439453
balloon,0.26,100,0.26,0.23,0.03,0.0
balloon,0.26,100,0.26,0.28,0.02,0.0010962486267089844
balloon,0.26,100,0.26,0.25,0.01,0.0022475719451904297
balloon,0.26,100,0.26,0.26,0.0,0.0
balloon,0.26,100,0.26,0.26,0.0,0.0
balloon,0.26,100,0.26,0.24,0.02,0.006097555160522461
balloon,0.32,100,0.32,0.26,0.06,0.0010056495666503906
balloon,0.32,100,0.32,0.27,0.05,0.0
balloon,0.32,100,0.32,0.29,0.03,0.0013079643249511719
balloon,0.32,100,0.32,0.29,0.03,0.001999378204345703
balloon,0.32,100,0.32,0.3,0.02,0.0010004043579101562
balloon,0.32,100,0.32,0.32,0.0,0.0010006427764892578
balloon,0.32,100,0.32,0.29,0.03,0.0
balloon,0.32,100,0.32,0.28,0.04,0.012207508087158203
balloon,0.32,100,0.32,0.29,0.03,0.00038695335388183594
balloon,0.32,100,0.32,0.29,0.03,0.001995086669921875
balloon,0.37,100,0.37,0.34,0.03,0.0
balloon,0.37,100,0.37,0.32,0.05,0.0
balloon,0.37,100,0.37,0.32,0.05,0.006562709808349609
balloon,0.37,100,0.37,0.32,0.05,0.0
balloon,0.37,100,0.37,0.32,0.05,0.0
balloon,0.37,100,0.37,0.35,0.02,0.006182432174682617
balloon,0.37,100,0.37,0.32,0.05,0.0020034313201904297
balloon,0.37,100,0.37,0.35,0.02,0.0058362483978271484
balloon,0.37,100,0.37,0.3,0.07,0.0010008811950683594
balloon,0.37,100,0.37,0.29,0.08,0.0012211799621582031
balloon,0.42,100,0.42,0.33,0.09,0.0
balloon,0.42,100,0.42,0.33,0.09,0.0017101764678955078
balloon,0.42,100,0.42,0.36,0.06,0.0010004043579101562
balloon,0.42,100,0.42,0.33,0.09,0.0033326148986816406
balloon,0.42,100,0.42,0.37,0.05,0.0
balloon,0.42,100,0.42,0.35,0.07,0.0
balloon,0.42,100,0.42,0.37,0.05,0.0
balloon,0.42,100,0.42,0.36,0.06,0.0
balloon,0.42,100,0.42,0.36,0.06,0.0050830841064453125
balloon,0.42,100,0.42,0.36,0.06,0.0
balloon,0.47,100,0.47,0.4,0.07,0.0
balloon,0.47,100,0.47,0.36,0.11,0.0011086463928222656
balloon,0.47,100,0.47,0.41,0.06,0.0
balloon,0.47,100,0.47,0.38,0.09,0.0
balloon,0.47,100,0.47,0.34,0.13,0.0
balloon,0.47,100,0.47,0.39,0.08,0.0
balloon,0.47,100,0.47,0.39,0.08,0.005860805511474609
balloon,0.47,100,0.47,0.4,0.07,0.0010044574737548828
balloon,0.47,100,0.47,0.39,0.08,0.0014433860778808594
balloon,0.47,100,0.47,0.39,0.08,0.001004934310913086
balloon,0.53,100,0.53,0.42,0.11,0.0014262199401855469
balloon,0.53,100,0.53,0.43,0.1,0.0
balloon,0.53,100,0.53,0.43,0.1,0.0010788440704345703
balloon,0.53,100,0.53,0.44,0.09,0.0025038719177246094
balloon,0.53,100,0.53,0.43,0.1,0.0
balloon,0.53,100,0.53,0.42,0.11,0.00171661376953125
balloon,0.53,100,0.53,0.43,0.1,0.0
balloon,0.53,100,0.53,0.44,0.09,0.0010020732879638672
balloon,0.53,100,0.53,0.42,0.11,0.0011103153228759766
balloon,0.53,100,0.53,0.4,0.13,0.006079912185668945
balloon,0.58,100,0.58,0.46,0.12,0.0
balloon,0.58,100,0.58,0.48,0.1,0.0
balloon,0.58,100,0.58,0.45,0.13,0.0
balloon,0.58,100,0.58,0.45,0.13,0.00128936767578125
balloon,0.58,100,0.58,0.47,0.11,0.001085042953491211
balloon,0.58,100,0.58,0.48,0.1,0.0
balloon,0.58,100,0.58,0.46,0.12,0.0009839534759521484
balloon,0.58,100,0.58,0.49,0.09,0.0009522438049316406
balloon,0.58,100,0.58,0.45,0.13,0.0009961128234863281
balloon,0.58,100,0.58,0.44,0.14,0.0
balloon,0.63,100,0.63,0.51,0.12,0.0
balloon,0.63,100,0.63,0.51,0.12,0.0
balloon,0.63,100,0.63,0.51,0.12,0.0014781951904296875
balloon,0.63,100,0.63,0.49,0.14,0.0
balloon,0.63,100,0.63,0.53,0.1,0.0009987354278564453
balloon,0.63,100,0.63,0.48,0.15,0.0010869503021240234
balloon,0.63,100,0.63,0.48,0.15,0.0010118484497070312
balloon,0.63,100,0.63,0.48,0.15,0.0011126995086669922
balloon,0.63,100,0.63,0.52,0.11,0.0
balloon,0.63,100,0.63,0.46,0.17,0.0010952949523925781
balloon,0.68,100,0.68,0.54,0.14,0.01247406005859375
balloon,0.68,100,0.68,0.52,0.16,0.006125450134277344
balloon,0.68,100,0.68,0.53,0.15,0.003442525863647461
balloon,0.68,100,0.68,0.52,0.16,0.0020008087158203125
balloon,0.68,100,0.68,0.54,0.14,0.0
balloon,0.68,100,0.68,0.52,0.16,0.0
balloon,0.68,100,0.68,0.55,0.13,0.0
balloon,0.68,100,0.68,0.54,0.14,0.0009191036224365234
balloon,0.68,100,0.68,0.52,0.16,0.0
balloon,0.68,100,0.68,0.5,0.18,0.00043964385986328125
balloon,0.74,100,0.74,0.62,0.12,0.0
balloon,0.74,100,0.74,0.58,0.16,0.0007281303405761719
balloon,0.74,100,0.74,0.57,0.17,0.000993967056274414
balloon,0.74,100,0.74,0.58,0.16,0.0
balloon,0.74,100,0.74,0.63,0.11,0.0
balloon,0.74,100,0.74,0.64,0.1,0.002002716064453125
balloon,0.74,100,0.74,0.57,0.17,0.0
balloon,0.74,100,0.74,0.59,0.15,0.0019996166229248047
balloon,0.74,100,0.74,0.56,0.18,0.0014982223510742188
balloon,0.74,100,0.74,0.59,0.15,0.006414890289306641
balloon,0.79,100,0.79,0.62,0.17,0.0
balloon,0.79,100,0.79,0.61,0.18,0.0
balloon,0.79,100,0.79,0.62,0.17,0.0
balloon,0.79,100,0.79,0.57,0.22,0.0
balloon,0.79,100,0.79,0.62,0.17,0.0
balloon,0.79,100,0.79,0.61,0.18,0.0020036697387695312
balloon,0.79,100,0.79,0.59,0.2,0.0
balloon,0.79,100,0.79,0.59,0.2,0.001001119613647461
balloon,0.79,100,0.79,0.6,0.19,0.001634359359741211
balloon,0.79,100,0.79,0.59,0.2,0.0010111331939697266
balloon,0.84,100,0.84,0.64,0.2,0.0
balloon,0.84,100,0.84,0.63,0.21,0.0010004043579101562
balloon,0.84,100,0.84,0.66,0.18,0.001444101333618164
balloon,0.84,100,0.84,0.69,0.15,0.0011208057403564453
balloon,0.84,100,0.84,0.65,0.19,0.0009996891021728516
balloon,0.84,100,0.84,0.66,0.18,0.005765199661254883
balloon,0.84,100,0.84,0.65,0.19,0.002109050750732422
balloon,0.84,100,0.84,0.68,0.16,0.0
balloon,0.84,100,0.84,0.67,0.17,0.0020017623901367188
balloon,0.84,100,0.84,0.64,0.2,0.0
balloon,0.89,100,0.89,0.68,0.21,0.0014040470123291016
balloon,0.89,100,0.89,0.67,0.22,0.0010044574737548828
balloon,0.89,100,0.89,0.69,0.2,0.00612950325012207
balloon,0.89,100,0.89,0.65,0.24,0.0
balloon,0.89,100,0.89,0.71,0.18,0.0066449642181396484
balloon,0.89,100,0.89,0.69,0.2,0.0
balloon,0.89,100,0.89,0.66,0.23,0.0
balloon,0.89,100,0.89,0.65,0.24,0.0010004043579101562
balloon,0.89,100,0.89,0.66,0.23,0.0010023117065429688
balloon,0.89,100,0.89,0.66,0.23,0.0019960403442382812
balloon,0.95,100,0.95,0.73,0.22,0.0011188983917236328
balloon,0.95,100,0.95,0.74,0.21,0.0011150836944580078
balloon,0.95,100,0.95,0.69,0.26,0.0010023117065429688
balloon,0.95,100,0.95,0.7,0.25,0.0010025501251220703
balloon,0.95,100,0.95,0.67,0.28,0.0019893646240234375
balloon,0.95,100,0.95,0.73,0.22,0.0011298656463623047
balloon,0.95,100,0.95,0.74,0.21,0.0010116100311279297
balloon,0.95,100,0.95,0.73,0.22,0.005590677261352539
balloon,0.95,100,0.95,0.72,0.23,0.005536556243896484
balloon,0.95,100,0.95,0.71,0.24,0.006432056427001953
balloon,1.0,100,1.0,0.77,0.23,0.005630970001220703
balloon,1.0,100,1.0,0.76,0.24,0.0
balloon,1.0,100,1.0,0.75,0.25,0.0
balloon,1.0,100,1.0,0.75,0.25,0.001996755599975586
balloon,1.0,100,1.0,0.77,0.23,0.0021314620971679688
balloon,1.0,100,1.0,0.77,0.23,0.002045869827270508
balloon,1.0,100,1.0,0.73,0.27,0.0
balloon,1.0,100,1.0,0.75,0.25,0.0
balloon,1.0,100,1.0,0.77,0.23,0.0
balloon,1.0,100,1.0,0.75,0.25,0.0005056858062744141
bank8FM,0.0,100,0.0,0.08,0.08,0.002125978469848633
bank8FM,0.0,100,0.0,0.12,0.12,0.0
bank8FM,0.0,100,0.0,0.1,0.1,0.0019979476928710938
bank8FM,0.0,100,0.0,0.14,0.14,0.0021123886108398438
bank8FM,0.0,100,0.0,0.14,0.14,0.0009999275207519531
bank8FM,0.0,100,0.0,0.14,0.14,0.001995563507080078
bank8FM,0.0,100,0.0,0.09,0.09,0.0015289783477783203
bank8FM,0.0,100,0.0,0.1,0.1,0.001589059829711914
bank8FM,0.0,100,0.0,0.14,0.14,0.0
bank8FM,0.0,100,0.0,0.09,0.09,0.0
bank8FM,0.05,100,0.05,0.15,0.1,0.0006124973297119141
bank8FM,0.05,100,0.05,0.15,0.1,0.0
bank8FM,0.05,100,0.05,0.15,0.1,0.0013134479522705078
bank8FM,0.05,100,0.05,0.13,0.08,0.0
bank8FM,0.05,100,0.05,0.14,0.09,0.0020096302032470703
bank8FM,0.05,100,0.05,0.12,0.07,0.001001596450805664
bank8FM,0.05,100,0.05,0.14,0.09,0.00110626220703125
bank8FM,0.05,100,0.05,0.15,0.1,0.0005624294281005859
bank8FM,0.05,100,0.05,0.16,0.11,0.0010035037994384766
bank8FM,0.05,100,0.05,0.15,0.1,0.0
bank8FM,0.11,100,0.11,0.19,0.08,0.003085613250732422
bank8FM,0.11,100,0.11,0.23,0.12,0.001005411148071289
bank8FM,0.11,100,0.11,0.2,0.09,0.0042018890380859375
bank8FM,0.11,100,0.11,0.19,0.08,0.0017192363739013672
bank8FM,0.11,100,0.11,0.21,0.1,0.0021088123321533203
bank8FM,0.11,100,0.11,0.21,0.1,0.0002887248992919922
bank8FM,0.11,100,0.11,0.16,0.05,0.0007848739624023438
bank8FM,0.11,100,0.11,0.21,0.1,0.00043892860412597656
bank8FM,0.11,100,0.11,0.17,0.06,0.005972862243652344
bank8FM,0.11,100,0.11,0.24,0.13,0.001005411148071289
bank8FM,0.16,100,0.16,0.25,0.09,0.0011072158813476562
bank8FM,0.16,100,0.16,0.24,0.08,0.0011038780212402344
bank8FM,0.16,100,0.16,0.23,0.07,0.0011014938354492188
bank8FM,0.16,100,0.16,0.24,0.08,0.0008409023284912109
bank8FM,0.16,100,0.16,0.25,0.09,0.002076864242553711
bank8FM,0.16,100,0.16,0.23,0.07,0.0
bank8FM,0.16,100,0.16,0.25,0.09,0.0
bank8FM,0.16,100,0.16,0.24,0.08,0.0
bank8FM,0.16,100,0.16,0.22,0.06,0.0009984970092773438
bank8FM,0.16,100,0.16,0.25,0.09,0.0
bank8FM,0.21,100,0.21,0.3,0.09,0.0009984970092773438
bank8FM,0.21,100,0.21,0.26,0.05,0.0
bank8FM,0.21,100,0.21,0.27,0.06,0.0
bank8FM,0.21,100,0.21,0.25,0.04,0.00130462646484375
bank8FM,0.21,100,0.21,0.3,0.09,0.0063359737396240234
bank8FM,0.21,100,0.21,0.27,0.06,0.0012905597686767578
bank8FM,0.21,100,0.21,0.29,0.08,0.004862546920776367
bank8FM,0.21,100,0.21,0.28,0.07,0.001993417739868164
bank8FM,0.21,100,0.21,0.3,0.09,0.0032546520233154297
bank8FM,0.21,100,0.21,0.28,0.07,0.0012822151184082031
bank8FM,0.26,100,0.26,0.31,0.05,0.0010020732879638672
bank8FM,0.26,100,0.26,0.31,0.05,0.0020112991333007812
bank8FM,0.26,100,0.26,0.3,0.04,0.0
bank8FM,0.26,100,0.26,0.33,0.07,0.0010056495666503906
bank8FM,0.26,100,0.26,0.31,0.05,0.0015635490417480469
bank8FM,0.26,100,0.26,0.34,0.08,0.0
bank8FM,0.26,100,0.26,0.35,0.09,0.0
bank8FM,0.26,100,0.26,0.34,0.08,0.0
bank8FM,0.26,100,0.26,0.32,0.06,0.00124359130859375
bank8FM,0.26,100,0.26,0.29,0.03,0.0010833740234375
bank8FM,0.32,100,0.32,0.36,0.04,0.00035500526428222656
bank8FM,0.32,100,0.32,0.38,0.06,0.0
bank8FM,0.32,100,0.32,0.39,0.07,0.0013957023620605469
bank8FM,0.32,100,0.32,0.36,0.04,0.0010097026824951172
bank8FM,0.32,100,0.32,0.36,0.04,0.000995635986328125
bank8FM,0.32,100,0.32,0.36,0.04,0.00200653076171875
bank8FM,0.32,100,0.32,0.34,0.02,0.0020003318786621094
bank8FM,0.32,100,0.32,0.35,0.03,0.0011091232299804688
bank8FM,0.32,100,0.32,0.35,0.03,0.0020020008087158203
bank8FM,0.32,100,0.32,0.34,0.02,0.005761384963989258
bank8FM,0.37,100,0.37,0.41,0.04,0.0009920597076416016
bank8FM,0.37,100,0.37,0.42,0.05,0.0011050701141357422
bank8FM,0.37,100,0.37,0.44,0.07,0.001409769058227539
bank8FM,0.37,100,0.37,0.41,0.04,0.0
bank8FM,0.37,100,0.37,0.39,0.02,0.005835533142089844
bank8FM,0.37,100,0.37,0.4,0.03,0.0
bank8FM,0.37,100,0.37,0.43,0.06,0.0
bank8FM,0.37,100,0.37,0.41,0.04,0.0
bank8FM,0.37,100,0.37,0.4,0.03,0.0019974708557128906
bank8FM,0.37,100,0.37,0.41,0.04,0.0013241767883300781
bank8FM,0.42,100,0.42,0.44,0.02,0.00619053840637207
bank8FM,0.42,100,0.42,0.45,0.03,0.002032041549682617
bank8FM,0.42,100,0.42,0.45,0.03,0.0011169910430908203
bank8FM,0.42,100,0.42,0.47,0.05,0.0021457672119140625
bank8FM,0.42,100,0.42,0.47,0.05,0.000997781753540039
bank8FM,0.42,100,0.42,0.42,0.0,0.0
bank8FM,0.42,100,0.42,0.42,0.0,0.0010039806365966797
bank8FM,0.42,100,0.42,0.47,0.05,0.0
bank8FM,0.42,100,0.42,0.4,0.02,0.0010836124420166016
bank8FM,0.42,100,0.42,0.43,0.01,0.006545066833496094
bank8FM,0.47,100,0.47,0.52,0.05,0.0
bank8FM,0.47,100,0.47,0.47,0.0,0.006023883819580078
bank8FM,0.47,100,0.47,0.46,0.01,0.0
bank8FM,0.47,100,0.47,0.52,0.05,0.0
bank8FM,0.47,100,0.47,0.51,0.04,0.0
bank8FM,0.47,100,0.47,0.5,0.03,0.002008676528930664
bank8FM,0.47,100,0.47,0.5,0.03,0.0019981861114501953
bank8FM,0.47,100,0.47,0.47,0.0,0.002005338668823242
bank8FM,0.47,100,0.47,0.49,0.02,0.0
bank8FM,0.47,100,0.47,0.5,0.03,0.0020003318786621094
bank8FM,0.53,100,0.53,0.56,0.03,0.0056476593017578125
bank8FM,0.53,100,0.53,0.55,0.02,0.0019998550415039062
bank8FM,0.53,100,0.53,0.53,0.0,0.0
bank8FM,0.53,100,0.53,0.53,0.0,0.0010080337524414062
bank8FM,0.53,100,0.53,0.56,0.03,0.0010073184967041016
bank8FM,0.53,100,0.53,0.52,0.01,0.0
bank8FM,0.53,100,0.53,0.55,0.02,0.00372314453125
bank8FM,0.53,100,0.53,0.53,0.0,0.0009975433349609375
bank8FM,0.53,100,0.53,0.53,0.0,0.0014388561248779297
bank8FM,0.53,100,0.53,0.51,0.02,0.00041103363037109375
bank8FM,0.58,100,0.58,0.58,0.0,0.0
bank8FM,0.58,100,0.58,0.63,0.05,0.0011091232299804688
bank8FM,0.58,100,0.58,0.57,0.01,0.0
bank8FM,0.58,100,0.58,0.59,0.01,0.00603485107421875
bank8FM,0.58,100,0.58,0.6,0.02,0.0015168190002441406
bank8FM,0.58,100,0.58,0.59,0.01,0.0020401477813720703
bank8FM,0.58,100,0.58,0.56,0.02,0.0010077953338623047
bank8FM,0.58,100,0.58,0.61,0.03,0.0005328655242919922
bank8FM,0.58,100,0.58,0.58,0.0,0.004574298858642578
bank8FM,0.58,100,0.58,0.61,0.03,0.0
bank8FM,0.63,100,0.63,0.63,0.0,0.0
bank8FM,0.63,100,0.63,0.63,0.0,0.0010151863098144531
bank8FM,0.63,100,0.63,0.61,0.02,0.0019922256469726562
bank8FM,0.63,100,0.63,0.62,0.01,0.0011174678802490234
bank8FM,0.63,100,0.63,0.65,0.02,0.0010867118835449219
bank8FM,0.63,100,0.63,0.64,0.01,0.0
bank8FM,0.63,100,0.63,0.62,0.01,0.0010356903076171875
bank8FM,0.63,100,0.63,0.63,0.0,0.0015969276428222656
bank8FM,0.63,100,0.63,0.6,0.03,0.0
bank8FM,0.63,100,0.63,0.61,0.02,0.0015146732330322266
bank8FM,0.68,100,0.68,0.66,0.02,0.0
bank8FM,0.68,100,0.68,0.66,0.02,0.005618095397949219
bank8FM,0.68,100,0.68,0.67,0.01,0.0
bank8FM,0.68,100,0.68,0.66,0.02,0.0
bank8FM,0.68,100,0.68,0.65,0.03,0.006529569625854492
bank8FM,0.68,100,0.68,0.65,0.03,0.0019898414611816406
bank8FM,0.68,100,0.68,0.65,0.03,0.0
bank8FM,0.68,100,0.68,0.69,0.01,0.006507396697998047
bank8FM,0.68,100,0.68,0.65,0.03,0.0010001659393310547
bank8FM,0.68,100,0.68,0.68,0.0,0.0
bank8FM,0.74,100,0.74,0.7,0.04,0.0010869503021240234
bank8FM,0.74,100,0.74,0.7,0.04,0.0018963813781738281
bank8FM,0.74,100,0.74,0.69,0.05,0.0
bank8FM,0.74,100,0.74,0.71,0.03,0.0013892650604248047
bank8FM,0.74,100,0.74,0.77,0.03,0.0015838146209716797
bank8FM,0.74,100,0.74,0.73,0.01,0.0
bank8FM,0.74,100,0.74,0.71,0.03,0.0
bank8FM,0.74,100,0.74,0.73,0.01,0.006622791290283203
bank8FM,0.74,100,0.74,0.7,0.04,0.0
bank8FM,0.74,100,0.74,0.71,0.03,0.0009922981262207031
bank8FM,0.79,100,0.79,0.74,0.05,0.0010042190551757812
bank8FM,0.79,100,0.79,0.77,0.02,0.0020911693572998047
bank8FM,0.79,100,0.79,0.72,0.07,0.0
bank8FM,0.79,100,0.79,0.77,0.02,0.0
bank8FM,0.79,100,0.79,0.75,0.04,0.0
bank8FM,0.79,100,0.79,0.73,0.06,0.0006003379821777344
bank8FM,0.79,100,0.79,0.76,0.03,0.0
bank8FM,0.79,100,0.79,0.73,0.06,0.002119302749633789
bank8FM,0.79,100,0.79,0.77,0.02,0.0
bank8FM,0.79,100,0.79,0.77,0.02,0.0010867118835449219
bank8FM,0.84,100,0.84,0.8,0.04,0.001110076904296875
bank8FM,0.84,100,0.84,0.79,0.05,0.0
bank8FM,0.84,100,0.84,0.8,0.04,0.0009980201721191406
bank8FM,0.84,100,0.84,0.82,0.02,0.0009963512420654297
bank8FM,0.84,100,0.84,0.8,0.04,0.0004184246063232422
bank8FM,0.84,100,0.84,0.78,0.06,0.0015549659729003906
bank8FM,0.84,100,0.84,0.8,0.04,0.002005338668823242
bank8FM,0.84,100,0.84,0.82,0.02,0.0006170272827148438
bank8FM,0.84,100,0.84,0.81,0.03,0.0
bank8FM,0.84,100,0.84,0.82,0.02,0.0058994293212890625
bank8FM,0.89,100,0.89,0.86,0.03,0.0
bank8FM,0.89,100,0.89,0.85,0.04,0.0
bank8FM,0.89,100,0.89,0.84,0.05,0.00099945068359375
bank8FM,0.89,100,0.89,0.86,0.03,0.0
bank8FM,0.89,100,0.89,0.86,0.03,0.001983165740966797
bank8FM,0.89,100,0.89,0.86,0.03,0.0010066032409667969
bank8FM,0.89,100,0.89,0.83,0.06,0.0
bank8FM,0.89,100,0.89,0.84,0.05,0.0
bank8FM,0.89,100,0.89,0.83,0.06,0.0
bank8FM,0.89,100,0.89,0.83,0.06,0.0
bank8FM,0.95,100,0.95,0.87,0.08,0.0
bank8FM,0.95,100,0.95,0.91,0.04,0.0
bank8FM,0.95,100,0.95,0.9,0.05,0.0010352134704589844
bank8FM,0.95,100,0.95,0.9,0.05,0.0010066032409667969
bank8FM,0.95,100,0.95,0.9,0.05,0.0
bank8FM,0.95,100,0.95,0.88,0.07,0.0
bank8FM,0.95,100,0.95,0.87,0.08,0.001573801040649414
bank8FM,0.95,100,0.95,0.9,0.05,0.0
bank8FM,0.95,100,0.95,0.87,0.08,0.0020220279693603516
bank8FM,0.95,100,0.95,0.89,0.06,0.0010068416595458984
bank8FM,1.0,100,1.0,0.93,0.07,0.0006284713745117188
bank8FM,1.0,100,1.0,0.95,0.05,0.0
bank8FM,1.0,100,1.0,0.94,0.06,0.0
bank8FM,1.0,100,1.0,0.91,0.09,0.0
bank8FM,1.0,100,1.0,0.92,0.08,0.0
bank8FM,1.0,100,1.0,0.93,0.07,0.006134033203125
bank8FM,1.0,100,1.0,0.94,0.06,0.0009932518005371094
bank8FM,1.0,100,1.0,0.9,0.1,0.0
bank8FM,1.0,100,1.0,0.95,0.05,0.0022754669189453125
bank8FM,1.0,100,1.0,0.93,0.07,0.0009922981262207031
churn,0.0,100,0.0,0.11,0.11,0.0011653900146484375
churn,0.0,100,0.0,0.11,0.11,0.0020003318786621094
churn,0.0,100,0.0,0.13,0.13,0.005865573883056641
churn,0.0,100,0.0,0.12,0.12,0.0018732547760009766
churn,0.0,100,0.0,0.12,0.12,0.0
churn,0.0,100,0.0,0.1,0.1,0.002117156982421875
churn,0.0,100,0.0,0.11,0.11,0.0
churn,0.0,100,0.0,0.1,0.1,0.0
churn,0.0,100,0.0,0.13,0.13,0.0
churn,0.0,100,0.0,0.13,0.13,0.0
churn,0.05,100,0.05,0.14,0.09,0.005433320999145508
churn,0.05,100,0.05,0.13,0.08,0.0
churn,0.05,100,0.05,0.12,0.07,0.0010001659393310547
churn,0.05,100,0.05,0.14,0.09,0.0011363029479980469
churn,0.05,100,0.05,0.14,0.09,0.0019669532775878906
churn,0.05,100,0.05,0.16,0.11,0.0009999275207519531
churn,0.05,100,0.05,0.12,0.07,0.0
churn,0.05,100,0.05,0.12,0.07,0.0035173892974853516
churn,0.05,100,0.05,0.14,0.09,0.0
churn,0.05,100,0.05,0.12,0.07,0.0
churn,0.11,100,0.11,0.15,0.04,0.002147674560546875
churn,0.11,100,0.11,0.13,0.02,0.0
churn,0.11,100,0.11,0.16,0.05,0.0
churn,0.11,100,0.11,0.15,0.04,0.0021028518676757812
churn,0.11,100,0.11,0.14,0.03,0.0010023117065429688
churn,0.11,100,0.11,0.14,0.03,0.006330251693725586
churn,0.11,100,0.11,0.15,0.04,0.0021064281463623047
churn,0.11,100,0.11,0.17,0.06,0.0011065006256103516
churn,0.11,100,0.11,0.14,0.03,0.0061187744140625
churn,0.11,100,0.11,0.15,0.04,0.0010037422180175781
churn,0.16,100,0.16,0.15,0.01,0.000997781753540039
churn,0.16,100,0.16,0.17,0.01,0.0013942718505859375
churn,0.16,100,0.16,0.19,0.03,0.002506256103515625
churn,0.16,100,0.16,0.19,0.03,0.0016293525695800781
churn,0.16,100,0.16,0.15,0.01,0.0
churn,0.16,100,0.16,0.16,0.0,0.0010001659393310547
churn,0.16,100,0.16,0.13,0.03,0.0015554428100585938
churn,0.16,100,0.16,0.17,0.01,0.0011126995086669922
churn,0.16,100,0.16,0.17,0.01,0.006502389907836914
churn,0.16,100,0.16,0.15,0.01,0.0009999275207519531
churn,0.21,100,0.21,0.16,0.05,0.0
churn,0.21,100,0.21,0.18,0.03,0.0021114349365234375
churn,0.21,100,0.21,0.16,0.05,0.0012900829315185547
churn,0.21,100,0.21,0.17,0.04,0.0
churn,0.21,100,0.21,0.22,0.01,0.00041675567626953125
churn,0.21,100,0.21,0.14,0.07,0.0024657249450683594
churn,0.21,100,0.21,0.16,0.05,0.0010008811950683594
churn,0.21,100,0.21,0.17,0.04,0.0
churn,0.21,100,0.21,0.15,0.06,0.0054395198822021484
churn,0.21,100,0.21,0.18,0.03,0.01373434066772461
churn,0.26,100,0.26,0.16,0.1,0.006475210189819336
churn,0.26,100,0.26,0.17,0.09,0.0019998550415039062
churn,0.26,100,0.26,0.2,0.06,0.001007080078125
churn,0.26,100,0.26,0.18,0.08,0.0
churn,0.26,100,0.26,0.19,0.07,0.0016326904296875
churn,0.26,100,0.26,0.18,0.08,0.006459236145019531
churn,0.26,100,0.26,0.17,0.09,0.0034143924713134766
churn,0.26,100,0.26,0.19,0.07,0.0
churn,0.26,100,0.26,0.21,0.05,0.0
churn,0.26,100,0.26,0.18,0.08,0.0004067420959472656
churn,0.32,100,0.32,0.18,0.14,0.0009927749633789062
churn,0.32,100,0.32,0.19,0.13,0.0
churn,0.32,100,0.32,0.22,0.1,0.0019237995147705078
churn,0.32,100,0.32,0.21,0.11,0.0
churn,0.32,100,0.32,0.2,0.12,0.0019991397857666016
churn,0.32,100,0.32,0.2,0.12,0.0009801387786865234
churn,0.32,100,0.32,0.19,0.13,0.0
churn,0.32,100,0.32,0.19,0.13,0.001708984375
churn,0.32,100,0.32,0.21,0.11,0.0
churn,0.32,100,0.32,0.17,0.15,0.0020046234130859375
churn,0.37,100,0.37,0.21,0.16,0.0009970664978027344
churn,0.37,100,0.37,0.21,0.16,0.0
churn,0.37,100,0.37,0.23,0.14,0.0017311573028564453
churn,0.37,100,0.37,0.24,0.13,0.0010058879852294922
churn,0.37,100,0.37,0.21,0.16,0.0
churn,0.37,100,0.37,0.23,0.14,0.0021524429321289062
churn,0.37,100,0.37,0.22,0.15,0.0
churn,0.37,100,0.37,0.21,0.16,0.0
churn,0.37,100,0.37,0.2,0.17,0.002001047134399414
churn,0.37,100,0.37,0.22,0.15,0.0
churn,0.42,100,0.42,0.22,0.2,0.0
churn,0.42,100,0.42,0.21,0.21,0.0021123886108398438
churn,0.42,100,0.42,0.22,0.2,0.0
churn,0.42,100,0.42,0.2,0.22,0.0017180442810058594
churn,0.42,100,0.42,0.21,0.21,0.006135225296020508
churn,0.42,100,0.42,0.21,0.21,0.001997709274291992
churn,0.42,100,0.42,0.21,0.21,0.0020058155059814453
churn,0.42,100,0.42,0.2,0.22,0.006451129913330078
churn,0.42,100,0.42,0.21,0.21,0.0
churn,0.42,100,0.42,0.2,0.22,0.0
churn,0.47,100,0.47,0.22,0.25,0.0011146068572998047
churn,0.47,100,0.47,0.25,0.22,0.0007297992706298828
churn,0.47,100,0.47,0.25,0.22,0.0010058879852294922
churn,0.47,100,0.47,0.22,0.25,0.006094694137573242
churn,0.47,100,0.47,0.24,0.23,0.0010094642639160156
churn,0.47,100,0.47,0.23,0.24,0.00099945068359375
churn,0.47,100,0.47,0.24,0.23,0.0
churn,0.47,100,0.47,0.23,0.24,0.0010647773742675781
churn,0.47,100,0.47,0.22,0.25,0.0
churn,0.47,100,0.47,0.22,0.25,0.0010001659393310547
churn,0.53,100,0.53,0.26,0.27,0.0
churn,0.53,100,0.53,0.26,0.27,0.0
churn,0.53,100,0.53,0.25,0.28,0.001294851303100586
churn,0.53,100,0.53,0.27,0.26,0.0010790824890136719
churn,0.53,100,0.53,0.27,0.26,0.0006732940673828125
churn,0.53,100,0.53,0.23,0.3,0.0010914802551269531
churn,0.53,100,0.53,0.27,0.26,0.0
churn,0.53,100,0.53,0.26,0.27,0.005872488021850586
churn,0.53,100,0.53,0.23,0.3,0.0016722679138183594
churn,0.53,100,0.53,0.26,0.27,0.0019958019256591797
churn,0.58,100,0.58,0.27,0.31,0.0
churn,0.58,100,0.58,0.27,0.31,0.00128936767578125
churn,0.58,100,0.58,0.24,0.34,0.0
churn,0.58,100,0.58,0.3,0.28,0.0010116100311279297
churn,0.58,100,0.58,0.26,0.32,0.0
churn,0.58,100,0.58,0.27,0.31,0.0
churn,0.58,100,0.58,0.23,0.35,0.0061473846435546875
churn,0.58,100,0.58,0.22,0.36,0.0
churn,0.58,100,0.58,0.25,0.33,0.0020852088928222656
churn,0.58,100,0.58,0.26,0.32,0.0
churn,0.63,100,0.63,0.28,0.35,0.0009987354278564453
churn,0.63,100,0.63,0.27,0.36,0.0
churn,0.63,100,0.63,0.27,0.36,0.002818584442138672
churn,0.63,100,0.63,0.26,0.37,0.0009975433349609375
churn,0.63,100,0.63,0.26,0.37,0.012640237808227539
churn,0.63,100,0.63,0.32,0.31,0.001987457275390625
churn,0.63,100,0.63,0.29,0.34,0.0
churn,0.63,100,0.63,0.3,0.33,0.0
churn,0.63,100,0.63,0.27,0.36,0.001995086669921875
churn,0.63,100,0.63,0.27,0.36,0.0
churn,0.68,100,0.68,0.26,0.42,0.0022912025451660156
churn,0.68,100,0.68,0.27,0.41,0.0013687610626220703
churn,0.68,100,0.68,0.34,0.34,0.0
churn,0.68,100,0.68,0.26,0.42,0.012624740600585938
churn,0.68,100,0.68,0.31,0.37,0.006507396697998047
churn,0.68,100,0.68,0.25,0.43,0.005896568298339844
churn,0.68,100,0.68,0.27,0.41,0.0
churn,0.68,100,0.68,0.3,0.38,0.0014531612396240234
churn,0.68,100,0.68,0.29,0.39,0.0
churn,0.68,100,0.68,0.3,0.38,0.0006146430969238281
churn,0.74,100,0.74,0.32,0.42,0.0020003318786621094
churn,0.74,100,0.74,0.3,0.44,0.0
churn,0.74,100,0.74,0.3,0.44,0.0
churn,0.74,100,0.74,0.3,0.44,0.0009922981262207031
churn,0.74,100,0.74,0.28,0.46,0.0
churn,0.74,100,0.74,0.3,0.44,0.0007147789001464844
churn,0.74,100,0.74,0.32,0.42,0.006508827209472656
churn,0.74,100,0.74,0.31,0.43,0.006023883819580078
churn,0.74,100,0.74,0.28,0.46,0.0
churn,0.74,100,0.74,0.3,0.44,0.0008544921875
churn,0.79,100,0.79,0.31,0.48,0.0014715194702148438
churn,0.79,100,0.79,0.32,0.47,0.0015306472778320312
churn,0.79,100,0.79,0.33,0.46,0.0
churn,0.79,100,0.79,0.3,0.49,0.0022649765014648438
churn,0.79,100,0.79,0.32,0.47,0.0
churn,0.79,100,0.79,0.31,0.48,0.0009987354278564453
churn,0.79,100,0.79,0.25,0.54,0.002527952194213867
churn,0.79,100,0.79,0.32,0.47,0.002081632614135742
churn,0.79,100,0.79,0.31,0.48,0.0
churn,0.79,100,0.79,0.31,0.48,0.005949258804321289
churn,0.84,100,0.84,0.34,0.5,0.0014405250549316406
churn,0.84,100,0.84,0.32,0.52,0.0010929107666015625
churn,0.84,100,0.84,0.28,0.56,0.0060999393463134766
churn,0.84,100,0.84,0.34,0.5,0.0019989013671875
churn,0.84,100,0.84,0.34,0.5,0.002000570297241211
churn,0.84,100,0.84,0.33,0.51,0.001999378204345703
churn,0.84,100,0.84,0.33,0.51,0.0021142959594726562
churn,0.84,100,0.84,0.3,0.54,0.0019996166229248047
churn,0.84,100,0.84,0.32,0.52,0.0
churn,0.84,100,0.84,0.32,0.52,0.0
churn,0.89,100,0.89,0.31,0.58,0.001999378204345703
churn,0.89,100,0.89,0.31,0.58,0.0014972686767578125
churn,0.89,100,0.89,0.34,0.55,0.0
churn,0.89,100,0.89,0.31,0.58,0.0011279582977294922
churn,0.89,100,0.89,0.34,0.55,0.012051820755004883
churn,0.89,100,0.89,0.33,0.56,0.0
churn,0.89,100,0.89,0.31,0.58,0.0
churn,0.89,100,0.89,0.33,0.56,0.0009999275207519531
churn,0.89,100,0.89,0.34,0.55,0.002000570297241211
churn,0.89,100,0.89,0.35,0.54,0.0
churn,0.95,100,0.95,0.34,0.61,0.0
churn,0.95,100,0.95,0.35,0.6,0.0005893707275390625
churn,0.95,100,0.95,0.33,0.62,0.0009996891021728516
churn,0.95,100,0.95,0.35,0.6,0.0020055770874023438
churn,0.95,100,0.95,0.35,0.6,0.0
churn,0.95,100,0.95,0.34,0.61,0.0010998249053955078
churn,0.95,100,0.95,0.3,0.65,0.00566554069519043
churn,0.95,100,0.95,0.37,0.58,0.0016484260559082031
churn,0.95,100,0.95,0.36,0.59,0.0
churn,0.95,100,0.95,0.33,0.62,0.0
churn,1.0,100,1.0,0.36,0.64,0.0
churn,1.0,100,1.0,0.34,0.66,0.002000570297241211
churn,1.0,100,1.0,0.36,0.64,0.0
churn,1.0,100,1.0,0.33,0.67,0.0
churn,1.0,100,1.0,0.36,0.64,0.0019996166229248047
churn,1.0,100,1.0,0.37,0.63,0.0
churn,1.0,100,1.0,0.35,0.65,0.000993490219116211
churn,1.0,100,1.0,0.38,0.62,0.0014667510986328125
churn,1.0,100,1.0,0.38,0.62,0.0
churn,1.0,100,1.0,0.36,0.64,0.0
clean2,0.0,100,0.0,0.0,0.0,0.0020253658294677734
clean2,0.0,100,0.0,0.0,0.0,0.0034203529357910156
clean2,0.0,100,0.0,0.0,0.0,0.0
clean2,0.0,100,0.0,0.0,0.0,0.002263784408569336
clean2,0.0,100,0.0,0.0,0.0,0.0020072460174560547
clean2,0.0,100,0.0,0.0,0.0,0.0034716129302978516
clean2,0.0,100,0.0,0.0,0.0,0.0
clean2,0.0,100,0.0,0.0,0.0,0.0
clean2,0.0,100,0.0,0.0,0.0,0.002471446990966797
clean2,0.0,100,0.0,0.0,0.0,0.006102561950683594
clean2,0.05,100,0.05,0.05,0.0,0.0
clean2,0.05,100,0.05,0.05,0.0,0.0061910152435302734
clean2,0.05,100,0.05,0.05,0.0,0.0058746337890625
clean2,0.05,100,0.05,0.05,0.0,0.006615638732910156
clean2,0.05,100,0.05,0.05,0.0,0.003223419189453125
clean2,0.05,100,0.05,0.05,0.0,0.002000093460083008
clean2,0.05,100,0.05,0.05,0.0,0.0019910335540771484
clean2,0.05,100,0.05,0.05,0.0,0.002000093460083008
clean2,0.05,100,0.05,0.05,0.0,0.0011906623840332031
clean2,0.05,100,0.05,0.05,0.0,0.0019998550415039062
clean2,0.11,100,0.11,0.11,0.0,0.0019996166229248047
clean2,0.11,100,0.11,0.11,0.0,0.00652766227722168
clean2,0.11,100,0.11,0.11,0.0,0.0023097991943359375
clean2,0.11,100,0.11,0.11,0.0,0.0024261474609375
clean2,0.11,100,0.11,0.11,0.0,0.00241851806640625
clean2,0.11,100,0.11,0.11,0.0,0.007030010223388672
clean2,0.11,100,0.11,0.11,0.0,0.003019571304321289
clean2,0.11,100,0.11,0.11,0.0,0.0030007362365722656
clean2,0.11,100,0.11,0.11,0.0,0.0012967586517333984
clean2,0.11,100,0.11,0.11,0.0,0.002011537551879883
clean2,0.16,100,0.16,0.16,0.0,0.002995729446411133
clean2,0.16,100,0.16,0.16,0.0,0.002000570297241211
clean2,0.16,100,0.16,0.16,0.0,0.0030438899993896484
clean2,0.16,100,0.16,0.16,0.0,0.0014522075653076172
clean2,0.16,100,0.16,0.16,0.0,0.002087831497192383
clean2,0.16,100,0.16,0.16,0.0,0.0
clean2,0.16,100,0.16,0.16,0.0,0.0020072460174560547
clean2,0.16,100,0.16,0.16,0.0,0.0019943714141845703
clean2,0.16,100,0.16,0.16,0.0,0.002046823501586914
clean2,0.16,100,0.16,0.16,0.0,0.0071887969970703125
clean2,0.21,100,0.21,0.21,0.0,0.0
clean2,0.21,100,0.21,0.21,0.0,0.0058574676513671875
clean2,0.21,100,0.21,0.21,0.0,0.0
clean2,0.21,100,0.21,0.21,0.0,0.0025589466094970703
clean2,0.21,100,0.21,0.21,0.0,0.002182483673095703
clean2,0.21,100,0.21,0.21,0.0,0.0019953250885009766
clean2,0.21,100,0.21,0.21,0.0,0.0
clean2,0.21,100,0.21,0.21,0.0,0.005949735641479492
clean2,0.21,100,0.21,0.21,0.0,0.0
clean2,0.21,100,0.21,0.21,0.0,0.0
clean2,0.26,100,0.26,0.26,0.0,0.0
clean2,0.26,100,0.26,0.26,0.0,0.0019996166229248047
clean2,0.26,100,0.26,0.26,0.0,0.0025758743286132812
clean2,0.26,100,0.26,0.26,0.0,0.0
clean2,0.26,100,0.26,0.26,0.0,0.0020074844360351562
clean2,0.26,100,0.26,0.26,0.0,0.0025544166564941406
clean2,0.26,100,0.26,0.26,0.0,0.0
clean2,0.26,100,0.26,0.26,0.0,0.0030319690704345703
clean2,0.26,100,0.26,0.26,0.0,0.0
clean2,0.26,100,0.26,0.26,0.0,0.0030126571655273438
clean2,0.32,100,0.32,0.32,0.0,0.001508474349975586
clean2,0.32,100,0.32,0.32,0.0,0.0019998550415039062
clean2,0.32,100,0.32,0.32,0.0,0.002999544143676758
clean2,0.32,100,0.32,0.32,0.0,0.0014371871948242188
clean2,0.32,100,0.32,0.32,0.0,0.0
clean2,0.32,100,0.32,0.32,0.0,0.006727695465087891
clean2,0.32,100,0.32,0.32,0.0,0.0019998550415039062
clean2,0.32,100,0.32,0.32,0.0,0.0025784969329833984
clean2,0.32,100,0.32,0.32,0.0,0.003082275390625
clean2,0.32,100,0.32,0.32,0.0,0.002164602279663086
clean2,0.37,100,0.37,0.37,0.0,0.0
clean2,0.37,100,0.37,0.37,0.0,0.002124309539794922
clean2,0.37,100,0.37,0.37,0.0,0.0014483928680419922
clean2,0.37,100,0.37,0.37,0.0,0.0
clean2,0.37,100,0.37,0.37,0.0,0.0
clean2,0.37,100,0.37,0.37,0.0,0.002984285354614258
clean2,0.37,100,0.37,0.37,0.0,0.0
clean2,0.37,100,0.37,0.37,0.0,0.002191305160522461
clean2,0.37,100,0.37,0.37,0.0,0.0025811195373535156
clean2,0.37,100,0.37,0.37,0.0,0.002000093460083008
clean2,0.42,100,0.42,0.42,0.0,0.0
clean2,0.42,100,0.42,0.42,0.0,0.0
clean2,0.42,100,0.42,0.42,0.0,0.0
clean2,0.42,100,0.42,0.42,0.0,0.0
clean2,0.42,100,0.42,0.42,0.0,0.0023317337036132812
clean2,0.42,100,0.42,0.42,0.0,0.0006747245788574219
clean2,0.42,100,0.42,0.42,0.0,0.0
clean2,0.42,100,0.42,0.42,0.0,0.0007550716400146484
clean2,0.42,100,0.42,0.42,0.0,0.002003192901611328
clean2,0.42,100,0.42,0.42,0.0,0.0
clean2,0.47,100,0.47,0.47,0.0,0.0031113624572753906
clean2,0.47,100,0.47,0.47,0.0,0.002567291259765625
clean2,0.47,100,0.47,0.47,0.0,0.0
clean2,0.47,100,0.47,0.47,0.0,0.0
clean2,0.47,100,0.47,0.47,0.0,0.0022940635681152344
clean2,0.47,100,0.47,0.46,0.01,0.0025298595428466797
clean2,0.47,100,0.47,0.47,0.0,0.003003835678100586
clean2,0.47,100,0.47,0.47,0.0,0.006105661392211914
clean2,0.47,100,0.47,0.47,0.0,0.002219676971435547
clean2,0.47,100,0.47,0.47,0.0,0.0
clean2,0.53,100,0.53,0.52,0.01,0.0019867420196533203
clean2,0.53,100,0.53,0.53,0.0,0.0
clean2,0.53,100,0.53,0.53,0.0,0.002015829086303711
clean2,0.53,100,0.53,0.53,0.0,0.0
clean2,0.53,100,0.53,0.53,0.0,0.0
clean2,0.53,100,0.53,0.53,0.0,0.0
clean2,0.53,100,0.53,0.53,0.0,0.002274751663208008
clean2,0.53,100,0.53,0.53,0.0,0.0
clean2,0.53,100,0.53,0.53,0.0,0.0030066967010498047
clean2,0.53,100,0.53,0.53,0.0,0.005859375
clean2,0.58,100,0.58,0.58,0.0,0.0020835399627685547
clean2,0.58,100,0.58,0.58,0.0,0.0
clean2,0.58,100,0.58,0.57,0.01,0.002403736114501953
clean2,0.58,100,0.58,0.57,0.01,0.0005564689636230469
clean2,0.58,100,0.58,0.57,0.01,0.003109455108642578
clean2,0.58,100,0.58,0.57,0.01,0.002000093460083008
clean2,0.58,100,0.58,0.57,0.01,0.002534151077270508
clean2,0.58,100,0.58,0.58,0.0,0.0014641284942626953
clean2,0.58,100,0.58,0.57,0.01,0.0025177001953125
clean2,0.58,100,0.58,0.58,0.0,0.0005922317504882812
clean2,0.63,100,0.63,0.62,0.01,0.0019898414611816406
clean2,0.63,100,0.63,0.62,0.01,0.0021164417266845703
clean2,0.63,100,0.63,0.63,0.0,0.0019989013671875
clean2,0.63,100,0.63,0.62,0.01,0.0029921531677246094
clean2,0.63,100,0.63,0.62,0.01,0.012714147567749023
clean2,0.63,100,0.63,0.62,0.01,0.0
clean2,0.63,100,0.63,0.63,0.0,0.0026330947875976562
clean2,0.63,100,0.63,0.62,0.01,0.00650787353515625
clean2,0.63,100,0.63,0.62,0.01,0.003012418746948242
clean2,0.63,100,0.63,0.63,0.0,0.0
clean2,0.68,100,0.68,0.67,0.01,0.0024526119232177734
clean2,0.68,100,0.68,0.68,0.0,0.001257181167602539
clean2,0.68,100,0.68,0.67,0.01,0.0019872188568115234
clean2,0.68,100,0.68,0.67,0.01,0.002079486846923828
clean2,0.68,100,0.68,0.68,0.0,0.0
clean2,0.68,100,0.68,0.67,0.01,0.0
clean2,0.68,100,0.68,0.68,0.0,0.0021886825561523438
clean2,0.68,100,0.68,0.67,0.01,0.0
clean2,0.68,100,0.68,0.67,0.01,0.0071294307708740234
clean2,0.68,100,0.68,0.68,0.0,0.0
clean2,0.74,100,0.74,0.73,0.01,0.003100872039794922
clean2,0.74,100,0.74,0.73,0.01,0.0
clean2,0.74,100,0.74,0.73,0.01,0.0021202564239501953
clean2,0.74,100,0.74,0.73,0.01,0.0
clean2,0.74,100,0.74,0.73,0.01,0.0021295547485351562
clean2,0.74,100,0.74,0.74,0.0,0.0019998550415039062
clean2,0.74,100,0.74,0.73,0.01,0.009489059448242188
clean2,0.74,100,0.74,0.73,0.01,0.0029685497283935547
clean2,0.74,100,0.74,0.73,0.01,0.006635904312133789
clean2,0.74,100,0.74,0.73,0.01,0.006041526794433594
clean2,0.79,100,0.79,0.78,0.01,0.0
clean2,0.79,100,0.79,0.78,0.01,0.0021445751190185547
clean2,0.79,100,0.79,0.78,0.01,0.0019991397857666016
clean2,0.79,100,0.79,0.78,0.01,0.0061168670654296875
clean2,0.79,100,0.79,0.78,0.01,0.0015099048614501953
clean2,0.79,100,0.79,0.78,0.01,0.0029981136322021484
clean2,0.79,100,0.79,0.78,0.01,0.0
clean2,0.79,100,0.79,0.79,0.0,0.0059816837310791016
clean2,0.79,100,0.79,0.78,0.01,0.0030024051666259766
clean2,0.79,100,0.79,0.78,0.01,0.0
clean2,0.84,100,0.84,0.83,0.01,0.0029473304748535156
clean2,0.84,100,0.84,0.83,0.01,0.0006144046783447266
clean2,0.84,100,0.84,0.83,0.01,0.0
clean2,0.84,100,0.84,0.83,0.01,0.0
clean2,0.84,100,0.84,0.83,0.01,0.0031049251556396484
clean2,0.84,100,0.84,0.83,0.01,0.0
clean2,0.84,100,0.84,0.83,0.01,0.0029582977294921875
clean2,0.84,100,0.84,0.83,0.01,0.002711772918701172
clean2,0.84,100,0.84,0.83,0.01,0.0
clean2,0.84,100,0.84,0.84,0.0,0.0
clean2,0.89,100,0.89,0.88,0.01,0.004680633544921875
clean2,0.89,100,0.89,0.88,0.01,0.006593942642211914
clean2,0.89,100,0.89,0.88,0.01,0.004769086837768555
clean2,0.89,100,0.89,0.88,0.01,0.00060272216796875
clean2,0.89,100,0.89,0.88,0.01,0.0
clean2,0.89,100,0.89,0.88,0.01,0.0
clean2,0.89,100,0.89,0.88,0.01,0.001999378204345703
clean2,0.89,100,0.89,0.88,0.01,0.0013442039489746094
clean2,0.89,100,0.89,0.88,0.01,0.003088235855102539
clean2,0.89,100,0.89,0.88,0.01,0.00024819374084472656
clean2,0.95,100,0.95,0.94,0.01,0.0019981861114501953
clean2,0.95,100,0.95,0.94,0.01,0.003278493881225586
clean2,0.95,100,0.95,0.94,0.01,0.005549907684326172
clean2,0.95,100,0.95,0.94,0.01,0.0027344226837158203
clean2,0.95,100,0.95,0.94,0.01,0.0016939640045166016
clean2,0.95,100,0.95,0.94,0.01,0.001032114028930664
clean2,0.95,100,0.95,0.94,0.01,0.002640962600708008
clean2,0.95,100,0.95,0.94,0.01,0.0
clean2,0.95,100,0.95,0.94,0.01,0.003029346466064453
clean2,0.95,100,0.95,0.94,0.01,0.0025870800018310547
clean2,1.0,100,1.0,0.99,0.01,0.0030090808868408203
clean2,1.0,100,1.0,0.99,0.01,0.0
clean2,1.0,100,1.0,0.99,0.01,0.008086442947387695
clean2,1.0,100,1.0,0.99,0.01,0.0020012855529785156
clean2,1.0,100,1.0,0.99,0.01,0.0
clean2,1.0,100,1.0,0.99,0.01,0.002074003219604492
clean2,1.0,100,1.0,0.99,0.01,0.0007312297821044922
clean2,1.0,100,1.0,0.99,0.01,0.0030002593994140625
clean2,1.0,100,1.0,0.99,0.01,0.0024378299713134766
clean2,1.0,100,1.0,0.99,0.01,0.0011105537414550781
cpu_act,0.0,100,0.0,0.06,0.06,0.0016591548919677734
cpu_act,0.0,100,0.0,0.07,0.07,0.0020291805267333984
cpu_act,0.0,100,0.0,0.07,0.07,0.0010073184967041016
cpu_act,0.0,100,0.0,0.09,0.09,0.0
cpu_act,0.0,100,0.0,0.09,0.09,0.0
cpu_act,0.0,100,0.0,0.1,0.1,0.006536245346069336
cpu_act,0.0,100,0.0,0.07,0.07,0.006462812423706055
cpu_act,0.0,100,0.0,0.08,0.08,0.0010111331939697266
cpu_act,0.0,100,0.0,0.11,0.11,0.0
cpu_act,0.0,100,0.0,0.06,0.06,0.0007097721099853516
cpu_act,0.05,100,0.05,0.09,0.04,0.002275228500366211
cpu_act,0.05,100,0.05,0.13,0.08,0.001009225845336914
cpu_act,0.05,100,0.05,0.11,0.06,0.0015764236450195312
cpu_act,0.05,100,0.05,0.09,0.04,0.0019981861114501953
cpu_act,0.05,100,0.05,0.11,0.06,0.0
cpu_act,0.05,100,0.05,0.13,0.08,0.0019528865814208984
cpu_act,0.05,100,0.05,0.1,0.05,0.0011243820190429688
cpu_act,0.05,100,0.05,0.11,0.06,0.0014500617980957031
cpu_act,0.05,100,0.05,0.12,0.07,0.001110076904296875
cpu_act,0.05,100,0.05,0.11,0.06,0.0009984970092773438
cpu_act,0.11,100,0.11,0.15,0.04,0.0
cpu_act,0.11,100,0.11,0.17,0.06,0.002003192901611328
cpu_act,0.11,100,0.11,0.15,0.04,0.0013628005981445312
cpu_act,0.11,100,0.11,0.16,0.05,0.002001047134399414
cpu_act,0.11,100,0.11,0.17,0.06,0.0
cpu_act,0.11,100,0.11,0.16,0.05,0.001997232437133789
cpu_act,0.11,100,0.11,0.11,0.0,0.0013353824615478516
cpu_act,0.11,100,0.11,0.16,0.05,0.0
cpu_act,0.11,100,0.11,0.13,0.02,0.00612330436706543
cpu_act,0.11,100,0.11,0.15,0.04,0.006062030792236328
cpu_act,0.16,100,0.16,0.18,0.02,0.0
cpu_act,0.16,100,0.16,0.21,0.05,0.0020034313201904297
cpu_act,0.16,100,0.16,0.23,0.07,0.006170511245727539
cpu_act,0.16,100,0.16,0.22,0.06,0.0
cpu_act,0.16,100,0.16,0.23,0.07,0.0
cpu_act,0.16,100,0.16,0.17,0.01,0.0
cpu_act,0.16,100,0.16,0.19,0.03,0.012212514877319336
cpu_act,0.16,100,0.16,0.21,0.05,0.002000093460083008
cpu_act,0.16,100,0.16,0.21,0.05,0.0019996166229248047
cpu_act,0.16,100,0.16,0.22,0.06,0.007605791091918945
cpu_act,0.21,100,0.21,0.24,0.03,0.0
cpu_act,0.21,100,0.21,0.24,0.03,0.0005631446838378906
cpu_act,0.21,100,0.21,0.22,0.01,0.0009975433349609375
cpu_act,0.21,100,0.21,0.24,0.03,0.0
cpu_act,0.21,100,0.21,0.18,0.03,0.0010006427764892578
cpu_act,0.21,100,0.21,0.25,0.04,0.0010051727294921875
cpu_act,0.21,100,0.21,0.22,0.01,0.0
cpu_act,0.21,100,0.21,0.2,0.01,0.00582432746887207
cpu_act,0.21,100,0.21,0.21,0.0,0.0
cpu_act,0.21,100,0.21,0.22,0.01,0.002005338668823242
cpu_act,0.26,100,0.26,0.28,0.02,0.006120920181274414
cpu_act,0.26,100,0.26,0.24,0.02,0.0010988712310791016
cpu_act,0.26,100,0.26,0.25,0.01,0.0
cpu_act,0.26,100,0.26,0.3,0.04,0.0
cpu_act,0.26,100,0.26,0.29,0.03,0.0013852119445800781
cpu_act,0.26,100,0.26,0.27,0.01,0.001481771469116211
cpu_act,0.26,100,0.26,0.26,0.0,0.004434347152709961
cpu_act,0.26,100,0.26,0.26,0.0,0.0018303394317626953
cpu_act,0.26,100,0.26,0.28,0.02,0.0
cpu_act,0.26,100,0.26,0.26,0.0,0.0009989738464355469
cpu_act,0.32,100,0.32,0.31,0.01,0.0
cpu_act,0.32,100,0.32,0.31,0.01,0.006046295166015625
cpu_act,0.32,100,0.32,0.32,0.0,0.0005207061767578125
cpu_act,0.32,100,0.32,0.3,0.02,0.0015223026275634766
cpu_act,0.32,100,0.32,0.32,0.0,0.006766319274902344
cpu_act,0.32,100,0.32,0.33,0.01,0.0009946823120117188
cpu_act,0.32,100,0.32,0.32,0.0,0.0
cpu_act,0.32,100,0.32,0.3,0.02,0.0015511512756347656
cpu_act,0.32,100,0.32,0.32,0.0,0.0
cpu_act,0.32,100,0.32,0.33,0.01,0.002000093460083008
cpu_act,0.37,100,0.37,0.34,0.03,0.0
cpu_act,0.37,100,0.37,0.39,0.02,0.0012412071228027344
cpu_act,0.37,100,0.37,0.37,0.0,0.0
cpu_act,0.37,100,0.37,0.37,0.0,0.0
cpu_act,0.37,100,0.37,0.38,0.01,0.0010073184967041016
cpu_act,0.37,100,0.37,0.35,0.02,0.0035245418548583984
cpu_act,0.37,100,0.37,0.37,0.0,0.002008199691772461
cpu_act,0.37,100,0.37,0.34,0.03,0.0009958744049072266
cpu_act,0.37,100,0.37,0.34,0.03,0.006012439727783203
cpu_act,0.37,100,0.37,0.36,0.01,0.0009999275207519531
cpu_act,0.42,100,0.42,0.4,0.02,0.0020058155059814453
cpu_act,0.42,100,0.42,0.41,0.01,0.0
cpu_act,0.42,100,0.42,0.38,0.04,0.0
cpu_act,0.42,100,0.42,0.39,0.03,0.0
cpu_act,0.42,100,0.42,0.42,0.0,0.003194570541381836
cpu_act,0.42,100,0.42,0.41,0.01,0.0019807815551757812
cpu_act,0.42,100,0.42,0.4,0.02,0.0004680156707763672
cpu_act,0.42,100,0.42,0.39,0.03,0.0010004043579101562
cpu_act,0.42,100,0.42,0.38,0.04,0.0
cpu_act,0.42,100,0.42,0.37,0.05,0.0011017322540283203
cpu_act,0.47,100,0.47,0.44,0.03,0.0019991397857666016
cpu_act,0.47,100,0.47,0.4,0.07,0.0009999275207519531
cpu_act,0.47,100,0.47,0.44,0.03,0.002111196517944336
cpu_act,0.47,100,0.47,0.44,0.03,0.0019998550415039062
cpu_act,0.47,100,0.47,0.4,0.07,0.0014433860778808594
cpu_act,0.47,100,0.47,0.42,0.05,0.0011348724365234375
cpu_act,0.47,100,0.47,0.43,0.04,0.0
cpu_act,0.47,100,0.47,0.44,0.03,0.0009996891021728516
cpu_act,0.47,100,0.47,0.43,0.04,0.0
cpu_act,0.47,100,0.47,0.45,0.02,0.0
cpu_act,0.53,100,0.53,0.47,0.06,0.001995563507080078
cpu_act,0.53,100,0.53,0.45,0.08,0.001085519790649414
cpu_act,0.53,100,0.53,0.49,0.04,0.006528377532958984
cpu_act,0.53,100,0.53,0.49,0.04,0.0017898082733154297
cpu_act,0.53,100,0.53,0.48,0.05,0.0006201267242431641
cpu_act,0.53,100,0.53,0.49,0.04,0.002444744110107422
cpu_act,0.53,100,0.53,0.46,0.07,0.0011715888977050781
cpu_act,0.53,100,0.53,0.5,0.03,0.001088857650756836
cpu_act,0.53,100,0.53,0.46,0.07,0.0
cpu_act,0.53,100,0.53,0.47,0.06,0.002012968063354492
cpu_act,0.58,100,0.58,0.5,0.08,0.001992464065551758
cpu_act,0.58,100,0.58,0.52,0.06,0.0
cpu_act,0.58,100,0.58,0.47,0.11,0.001089334487915039
cpu_act,0.58,100,0.58,0.53,0.05,0.001001596450805664
cpu_act,0.58,100,0.58,0.48,0.1,0.0015292167663574219
cpu_act,0.58,100,0.58,0.52,0.06,0.0
cpu_act,0.58,100,0.58,0.52,0.06,0.0
cpu_act,0.58,100,0.58,0.48,0.1,0.0
cpu_act,0.58,100,0.58,0.54,0.04,0.0020847320556640625
cpu_act,0.58,100,0.58,0.52,0.06,0.0012464523315429688
cpu_act,0.63,100,0.63,0.52,0.11,0.0
cpu_act,0.63,100,0.63,0.59,0.04,0.0
cpu_act,0.63,100,0.63,0.52,0.11,0.0035812854766845703
cpu_act,0.63,100,0.63,0.55,0.08,0.002012491226196289
cpu_act,0.63,100,0.63,0.56,0.07,0.0010509490966796875
cpu_act,0.63,100,0.63,0.56,0.07,0.0
cpu_act,0.63,100,0.63,0.57,0.06,0.0
cpu_act,0.63,100,0.63,0.49,0.14,0.0009913444519042969
cpu_act,0.63,100,0.63,0.55,0.08,0.0
cpu_act,0.63,100,0.63,0.56,0.07,0.0
cpu_act,0.68,100,0.68,0.59,0.09,0.002043485641479492
cpu_act,0.68,100,0.68,0.61,0.07,0.002001523971557617
cpu_act,0.68,100,0.68,0.61,0.07,0.0019943714141845703
cpu_act,0.68,100,0.68,0.6,0.08,0.0
cpu_act,0.68,100,0.68,0.59,0.09,0.0011143684387207031
cpu_act,0.68,100,0.68,0.6,0.08,0.0
cpu_act,0.68,100,0.68,0.61,0.07,0.0021233558654785156
cpu_act,0.68,100,0.68,0.57,0.11,0.0009894371032714844
cpu_act,0.68,100,0.68,0.63,0.05,0.0016293525695800781
cpu_act,0.68,100,0.68,0.6,0.08,0.0002956390380859375
cpu_act,0.74,100,0.74,0.65,0.09,0.0
cpu_act,0.74,100,0.74,0.64,0.1,0.0011115074157714844
cpu_act,0.74,100,0.74,0.63,0.11,0.002007007598876953
cpu_act,0.74,100,0.74,0.62,0.12,0.0009930133819580078
cpu_act,0.74,100,0.74,0.63,0.11,0.00101470947265625
cpu_act,0.74,100,0.74,0.66,0.08,0.00044798851013183594
cpu_act,0.74,100,0.74,0.66,0.08,0.0
cpu_act,0.74,100,0.74,0.65,0.09,0.0016248226165771484
cpu_act,0.74,100,0.74,0.62,0.12,0.0
cpu_act,0.74,100,0.74,0.66,0.08,0.0015285015106201172
cpu_act,0.79,100,0.79,0.65,0.14,0.004081010818481445
cpu_act,0.79,100,0.79,0.63,0.16,0.0
cpu_act,0.79,100,0.79,0.7,0.09,0.002003908157348633
cpu_act,0.79,100,0.79,0.69,0.1,0.0
cpu_act,0.79,100,0.79,0.67,0.12,0.006022214889526367
cpu_act,0.79,100,0.79,0.7,0.09,0.0006389617919921875
cpu_act,0.79,100,0.79,0.68,0.11,0.0
cpu_act,0.79,100,0.79,0.72,0.07,0.012166023254394531
cpu_act,0.79,100,0.79,0.65,0.14,0.0009980201721191406
cpu_act,0.79,100,0.79,0.71,0.08,0.0011141300201416016
cpu_act,0.84,100,0.84,0.69,0.15,0.0019989013671875
cpu_act,0.84,100,0.84,0.65,0.19,0.0
cpu_act,0.84,100,0.84,0.71,0.13,0.0021033287048339844
cpu_act,0.84,100,0.84,0.67,0.17,0.0
cpu_act,0.84,100,0.84,0.68,0.16,0.0015933513641357422
cpu_act,0.84,100,0.84,0.71,0.13,0.004151105880737305
cpu_act,0.84,100,0.84,0.72,0.12,0.0011017322540283203
cpu_act,0.84,100,0.84,0.69,0.15,0.0017914772033691406
cpu_act,0.84,100,0.84,0.68,0.16,0.0
cpu_act,0.84,100,0.84,0.72,0.12,0.006455183029174805
cpu_act,0.89,100,0.89,0.74,0.15,0.0016145706176757812
cpu_act,0.89,100,0.89,0.75,0.14,0.0020461082458496094
cpu_act,0.89,100,0.89,0.71,0.18,0.0
cpu_act,0.89,100,0.89,0.74,0.15,0.0
cpu_act,0.89,100,0.89,0.76,0.13,0.0
cpu_act,0.89,100,0.89,0.7,0.19,0.0
cpu_act,0.89,100,0.89,0.8,0.09,0.0020003318786621094
cpu_act,0.89,100,0.89,0.71,0.18,0.0
cpu_act,0.89,100,0.89,0.72,0.17,0.0015690326690673828
cpu_act,0.89,100,0.89,0.73,0.16,0.001115560531616211
cpu_act,0.95,100,0.95,0.8,0.15,0.0
cpu_act,0.95,100,0.95,0.78,0.17,0.0014133453369140625
cpu_act,0.95,100,0.95,0.77,0.18,0.0
cpu_act,0.95,100,0.95,0.75,0.2,0.0013163089752197266
cpu_act,0.95,100,0.95,0.81,0.14,0.0
cpu_act,0.95,100,0.95,0.78,0.17,0.001991748809814453
cpu_act,0.95,100,0.95,0.83,0.12,0.0013778209686279297
cpu_act,0.95,100,0.95,0.81,0.14,0.01279306411743164
cpu_act,0.95,100,0.95,0.78,0.17,0.0010862350463867188
cpu_act,0.95,100,0.95,0.81,0.14,0.00099945068359375
cpu_act,1.0,100,1.0,0.85,0.15,0.001992940902709961
cpu_act,1.0,100,1.0,0.82,0.18,0.0
cpu_act,1.0,100,1.0,0.81,0.19,0.0020003318786621094
cpu_act,1.0,100,1.0,0.83,0.17,0.0007524490356445312
cpu_act,1.0,100,1.0,0.85,0.15,0.0
cpu_act,1.0,100,1.0,0.81,0.19,0.0
cpu_act,1.0,100,1.0,0.84,0.16,0.0010378360748291016
cpu_act,1.0,100,1.0,0.79,0.21,0.0011684894561767578
cpu_act,1.0,100,1.0,0.87,0.13,0.0015835762023925781
cpu_act,1.0,100,1.0,0.82,0.18,0.000997304916381836
delta_ailerons,0.0,100,0.0,0.14,0.14,0.005181074142456055
delta_ailerons,0.0,100,0.0,0.15,0.15,0.0010004043579101562
delta_ailerons,0.0,100,0.0,0.14,0.14,0.003021240234375
delta_ailerons,0.0,100,0.0,0.12,0.12,0.0006830692291259766
delta_ailerons,0.0,100,0.0,0.1,0.1,0.0015943050384521484
delta_ailerons,0.0,100,0.0,0.09,0.09,0.0
delta_ailerons,0.0,100,0.0,0.15,0.15,0.0058095455169677734
delta_ailerons,0.0,100,0.0,0.12,0.12,0.0
delta_ailerons,0.0,100,0.0,0.13,0.13,0.0010073184967041016
delta_ailerons,0.0,100,0.0,0.12,0.12,0.0006296634674072266
delta_ailerons,0.05,100,0.05,0.15,0.1,0.0
delta_ailerons,0.05,100,0.05,0.12,0.07,0.0010001659393310547
delta_ailerons,0.05,100,0.05,0.16,0.11,0.0005412101745605469
delta_ailerons,0.05,100,0.05,0.22,0.17,0.0
delta_ailerons,0.05,100,0.05,0.19,0.14,0.00014090538024902344
delta_ailerons,0.05,100,0.05,0.15,0.1,0.0
delta_ailerons,0.05,100,0.05,0.22,0.17,0.012527942657470703
delta_ailerons,0.05,100,0.05,0.19,0.14,0.0
delta_ailerons,0.05,100,0.05,0.17,0.12,0.0
delta_ailerons,0.05,100,0.05,0.19,0.14,0.0019953250885009766
delta_ailerons,0.11,100,0.11,0.19,0.08,0.0010018348693847656
delta_ailerons,0.11,100,0.11,0.21,0.1,0.0
delta_ailerons,0.11,100,0.11,0.2,0.09,0.000997781753540039
delta_ailerons,0.11,100,0.11,0.18,0.07,0.0
delta_ailerons,0.11,100,0.11,0.26,0.15,0.0019998550415039062
delta_ailerons,0.11,100,0.11,0.21,0.1,0.0
delta_ailerons,0.11,100,0.11,0.26,0.15,0.0010466575622558594
delta_ailerons,0.11,100,0.11,0.21,0.1,0.0
delta_ailerons,0.11,100,0.11,0.22,0.11,0.0
delta_ailerons,0.11,100,0.11,0.19,0.08,0.0034940242767333984
delta_ailerons,0.16,100,0.16,0.26,0.1,0.0009958744049072266
delta_ailerons,0.16,100,0.16,0.23,0.07,0.0
delta_ailerons,0.16,100,0.16,0.25,0.09,0.0
delta_ailerons,0.16,100,0.16,0.23,0.07,0.0019989013671875
delta_ailerons,0.16,100,0.16,0.25,0.09,0.00584101676940918
delta_ailerons,0.16,100,0.16,0.27,0.11,0.0020444393157958984
delta_ailerons,0.16,100,0.16,0.23,0.07,0.0011148452758789062
delta_ailerons,0.16,100,0.16,0.26,0.1,0.002002716064453125
delta_ailerons,0.16,100,0.16,0.24,0.08,0.0
delta_ailerons,0.16,100,0.16,0.29,0.13,0.0010001659393310547
delta_ailerons,0.21,100,0.21,0.3,0.09,0.006159067153930664
delta_ailerons,0.21,100,0.21,0.31,0.1,0.0
delta_ailerons,0.21,100,0.21,0.26,0.05,0.0005486011505126953
delta_ailerons,0.21,100,0.21,0.29,0.08,0.005397319793701172
delta_ailerons,0.21,100,0.21,0.33,0.12,0.0010006427764892578
delta_ailerons,0.21,100,0.21,0.29,0.08,0.0013670921325683594
delta_ailerons,0.21,100,0.21,0.27,0.06,0.0010063648223876953
delta_ailerons,0.21,100,0.21,0.31,0.1,0.0006573200225830078
delta_ailerons,0.21,100,0.21,0.31,0.1,0.0
delta_ailerons,0.21,100,0.21,0.28,0.07,0.0006046295166015625
delta_ailerons,0.26,100,0.26,0.31,0.05,0.0
delta_ailerons,0.26,100,0.26,0.33,0.07,0.0
delta_ailerons,0.26,100,0.26,0.34,0.08,0.0007276535034179688
delta_ailerons,0.26,100,0.26,0.33,0.07,0.0011148452758789062
delta_ailerons,0.26,100,0.26,0.27,0.01,0.001990079879760742
delta_ailerons,0.26,100,0.26,0.36,0.1,0.0
delta_ailerons,0.26,100,0.26,0.35,0.09,0.0016782283782958984
delta_ailerons,0.26,100,0.26,0.31,0.05,0.0
delta_ailerons,0.26,100,0.26,0.32,0.06,0.0014734268188476562
delta_ailerons,0.26,100,0.26,0.36,0.1,0.0
delta_ailerons,0.32,100,0.32,0.36,0.04,0.0
delta_ailerons,0.32,100,0.32,0.36,0.04,0.0019998550415039062
delta_ailerons,0.32,100,0.32,0.39,0.07,0.002077817916870117
delta_ailerons,0.32,100,0.32,0.4,0.08,0.0016663074493408203
delta_ailerons,0.32,100,0.32,0.38,0.06,0.0
delta_ailerons,0.32,100,0.32,0.37,0.05,0.0060842037200927734
delta_ailerons,0.32,100,0.32,0.39,0.07,0.002003192901611328
delta_ailerons,0.32,100,0.32,0.39,0.07,0.002042531967163086
delta_ailerons,0.32,100,0.32,0.36,0.04,0.0
delta_ailerons,0.32,100,0.32,0.36,0.04,0.0015361309051513672
delta_ailerons,0.37,100,0.37,0.41,0.04,0.0
delta_ailerons,0.37,100,0.37,0.39,0.02,0.005526065826416016
delta_ailerons,0.37,100,0.37,0.45,0.08,0.001003265380859375
delta_ailerons,0.37,100,0.37,0.43,0.06,0.0
delta_ailerons,0.37,100,0.37,0.43,0.06,0.0020639896392822266
delta_ailerons,0.37,100,0.37,0.42,0.05,0.0
delta_ailerons,0.37,100,0.37,0.41,0.04,0.012218475341796875
delta_ailerons,0.37,100,0.37,0.44,0.07,0.0006940364837646484
delta_ailerons,0.37,100,0.37,0.41,0.04,0.0
delta_ailerons,0.37,100,0.37,0.39,0.02,0.0015530586242675781
delta_ailerons,0.42,100,0.42,0.43,0.01,0.0
delta_ailerons,0.42,100,0.42,0.47,0.05,0.0014705657958984375
delta_ailerons,0.42,100,0.42,0.45,0.03,0.0004811286926269531
delta_ailerons,0.42,100,0.42,0.45,0.03,0.001115560531616211
delta_ailerons,0.42,100,0.42,0.47,0.05,0.0020012855529785156
delta_ailerons,0.42,100,0.42,0.42,0.0,0.0
delta_ailerons,0.42,100,0.42,0.39,0.03,0.0009992122650146484
delta_ailerons,0.42,100,0.42,0.46,0.04,0.003340482711791992
delta_ailerons,0.42,100,0.42,0.46,0.04,0.0012137889862060547
delta_ailerons,0.42,100,0.42,0.46,0.04,0.0018160343170166016
delta_ailerons,0.47,100,0.47,0.49,0.02,0.0
delta_ailerons,0.47,100,0.47,0.54,0.07,0.005515098571777344
delta_ailerons,0.47,100,0.47,0.47,0.0,0.0
delta_ailerons,0.47,100,0.47,0.52,0.05,0.001001119613647461
delta_ailerons,0.47,100,0.47,0.53,0.06,0.0
delta_ailerons,0.47,100,0.47,0.49,0.02,0.0009963512420654297
delta_ailerons,0.47,100,0.47,0.48,0.01,0.0009887218475341797
delta_ailerons,0.47,100,0.47,0.49,0.02,0.006535530090332031
delta_ailerons,0.47,100,0.47,0.53,0.06,0.0
delta_ailerons,0.47,100,0.47,0.5,0.03,0.0016112327575683594
delta_ailerons,0.53,100,0.53,0.53,0.0,0.0013189315795898438
delta_ailerons,0.53,100,0.53,0.55,0.02,0.0009953975677490234
delta_ailerons,0.53,100,0.53,0.55,0.02,0.0
delta_ailerons,0.53,100,0.53,0.59,0.06,0.0034711360931396484
delta_ailerons,0.53,100,0.53,0.51,0.02,0.0014481544494628906
delta_ailerons,0.53,100,0.53,0.5,0.03,0.005520820617675781
delta_ailerons,0.53,100,0.53,0.56,0.03,0.0
delta_ailerons,0.53,100,0.53,0.57,0.04,0.0013966560363769531
delta_ailerons,0.53,100,0.53,0.53,0.0,0.0
delta_ailerons,0.53,100,0.53,0.55,0.02,0.0014162063598632812
delta_ailerons,0.58,100,0.58,0.58,0.0,0.0030863285064697266
delta_ailerons,0.58,100,0.58,0.55,0.03,0.0
delta_ailerons,0.58,100,0.58,0.6,0.02,0.0
delta_ailerons,0.58,100,0.58,0.6,0.02,0.001748800277709961
delta_ailerons,0.58,100,0.58,0.59,0.01,0.0
delta_ailerons,0.58,100,0.58,0.61,0.03,0.006186485290527344
delta_ailerons,0.58,100,0.58,0.56,0.02,0.001081705093383789
delta_ailerons,0.58,100,0.58,0.6,0.02,0.0066754817962646484
delta_ailerons,0.58,100,0.58,0.61,0.03,0.005745410919189453
delta_ailerons,0.58,100,0.58,0.6,0.02,0.0011086463928222656
delta_ailerons,0.63,100,0.63,0.62,0.01,0.0
delta_ailerons,0.63,100,0.63,0.59,0.04,0.0019915103912353516
delta_ailerons,0.63,100,0.63,0.63,0.0,0.0
delta_ailerons,0.63,100,0.63,0.65,0.02,0.0
delta_ailerons,0.63,100,0.63,0.6,0.03,0.004400014877319336
delta_ailerons,0.63,100,0.63,0.65,0.02,0.0016367435455322266
delta_ailerons,0.63,100,0.63,0.63,0.0,0.0
delta_ailerons,0.63,100,0.63,0.59,0.04,0.0010271072387695312
delta_ailerons,0.63,100,0.63,0.62,0.01,0.0
delta_ailerons,0.63,100,0.63,0.62,0.01,0.0018527507781982422
delta_ailerons,0.68,100,0.68,0.67,0.01,0.0009875297546386719
delta_ailerons,0.68,100,0.68,0.65,0.03,0.0
delta_ailerons,0.68,100,0.68,0.64,0.04,0.0010085105895996094
delta_ailerons,0.68,100,0.68,0.64,0.04,0.0014002323150634766
delta_ailerons,0.68,100,0.68,0.68,0.0,0.0
delta_ailerons,0.68,100,0.68,0.65,0.03,0.0
delta_ailerons,0.68,100,0.68,0.67,0.01,0.0
delta_ailerons,0.68,100,0.68,0.65,0.03,0.0011284351348876953
delta_ailerons,0.68,100,0.68,0.67,0.01,0.0
delta_ailerons,0.68,100,0.68,0.63,0.05,0.0011315345764160156
delta_ailerons,0.74,100,0.74,0.77,0.03,0.0
delta_ailerons,0.74,100,0.74,0.71,0.03,0.006102323532104492
delta_ailerons,0.74,100,0.74,0.7,0.04,0.001999378204345703
delta_ailerons,0.74,100,0.74,0.71,0.03,0.0
delta_ailerons,0.74,100,0.74,0.67,0.07,0.0014019012451171875
delta_ailerons,0.74,100,0.74,0.69,0.05,0.0
delta_ailerons,0.74,100,0.74,0.7,0.04,0.0
delta_ailerons,0.74,100,0.74,0.7,0.04,0.005884408950805664
delta_ailerons,0.74,100,0.74,0.75,0.01,0.0005433559417724609
delta_ailerons,0.74,100,0.74,0.68,0.06,0.0009922981262207031
delta_ailerons,0.79,100,0.79,0.76,0.03,0.0
delta_ailerons,0.79,100,0.79,0.74,0.05,0.0058002471923828125
delta_ailerons,0.79,100,0.79,0.73,0.06,0.0009999275207519531
delta_ailerons,0.79,100,0.79,0.73,0.06,0.0
delta_ailerons,0.79,100,0.79,0.75,0.04,0.0
delta_ailerons,0.79,100,0.79,0.75,0.04,0.0010514259338378906
delta_ailerons,0.79,100,0.79,0.77,0.02,0.0
delta_ailerons,0.79,100,0.79,0.73,0.06,0.0010833740234375
delta_ailerons,0.79,100,0.79,0.75,0.04,0.0020093917846679688
delta_ailerons,0.79,100,0.79,0.76,0.03,0.0
delta_ailerons,0.84,100,0.84,0.78,0.06,0.0
delta_ailerons,0.84,100,0.84,0.78,0.06,0.0
delta_ailerons,0.84,100,0.84,0.77,0.07,0.0010046958923339844
delta_ailerons,0.84,100,0.84,0.79,0.05,0.00199127197265625
delta_ailerons,0.84,100,0.84,0.77,0.07,0.0010042190551757812
delta_ailerons,0.84,100,0.84,0.75,0.09,0.0
delta_ailerons,0.84,100,0.84,0.79,0.05,0.0009937286376953125
delta_ailerons,0.84,100,0.84,0.74,0.1,0.0
delta_ailerons,0.84,100,0.84,0.77,0.07,0.0
delta_ailerons,0.84,100,0.84,0.81,0.03,0.0
delta_ailerons,0.89,100,0.89,0.83,0.06,0.0
delta_ailerons,0.89,100,0.89,0.82,0.07,0.001931905746459961
delta_ailerons,0.89,100,0.89,0.83,0.06,0.001117706298828125
delta_ailerons,0.89,100,0.89,0.81,0.08,0.0
delta_ailerons,0.89,100,0.89,0.83,0.06,0.0010030269622802734
delta_ailerons,0.89,100,0.89,0.82,0.07,0.0
delta_ailerons,0.89,100,0.89,0.79,0.1,0.005678415298461914
delta_ailerons,0.89,100,0.89,0.8,0.09,0.0032694339752197266
delta_ailerons,0.89,100,0.89,0.82,0.07,0.0012516975402832031
delta_ailerons,0.89,100,0.89,0.84,0.05,0.0010075569152832031
delta_ailerons,0.95,100,0.95,0.87,0.08,0.0013854503631591797
delta_ailerons,0.95,100,0.95,0.87,0.08,0.00908517837524414
delta_ailerons,0.95,100,0.95,0.83,0.12,0.0
delta_ailerons,0.95,100,0.95,0.87,0.08,0.002003192901611328
delta_ailerons,0.95,100,0.95,0.9,0.05,0.0029096603393554688
delta_ailerons,0.95,100,0.95,0.86,0.09,0.001001596450805664
delta_ailerons,0.95,100,0.95,0.85,0.1,0.0
delta_ailerons,0.95,100,0.95,0.88,0.07,0.0
delta_ailerons,0.95,100,0.95,0.87,0.08,0.0010061264038085938
delta_ailerons,0.95,100,0.95,0.87,0.08,0.0
delta_ailerons,1.0,100,1.0,0.9,0.1,0.0
delta_ailerons,1.0,100,1.0,0.89,0.11,0.0
delta_ailerons,1.0,100,1.0,0.92,0.08,0.0
delta_ailerons,1.0,100,1.0,0.88,0.12,0.0009987354278564453
delta_ailerons,1.0,100,1.0,0.91,0.09,0.0
delta_ailerons,1.0,100,1.0,0.91,0.09,0.0009937286376953125
delta_ailerons,1.0,100,1.0,0.92,0.08,0.0009970664978027344
delta_ailerons,1.0,100,1.0,0.88,0.12,0.0016987323760986328
delta_ailerons,1.0,100,1.0,0.93,0.07,0.0
delta_ailerons,1.0,100,1.0,0.91,0.09,0.0013654232025146484
electricity-normalized,0.0,100,0.0,0.31,0.31,0.0
electricity-normalized,0.0,100,0.0,0.25,0.25,0.003877878189086914
electricity-normalized,0.0,100,0.0,0.31,0.31,0.0010123252868652344
electricity-normalized,0.0,100,0.0,0.28,0.28,0.006701469421386719
electricity-normalized,0.0,100,0.0,0.28,0.28,0.01224064826965332
electricity-normalized,0.0,100,0.0,0.33,0.33,0.0
electricity-normalized,0.0,100,0.0,0.26,0.26,0.0
electricity-normalized,0.0,100,0.0,0.32,0.32,0.0061185359954833984
electricity-normalized,0.0,100,0.0,0.31,0.31,0.0011057853698730469
electricity-normalized,0.0,100,0.0,0.28,0.28,0.0
electricity-normalized,0.05,100,0.05,0.32,0.27,0.0
electricity-normalized,0.05,100,0.05,0.29,0.24,0.001436471939086914
electricity-normalized,0.05,100,0.05,0.31,0.26,0.0
electricity-normalized,0.05,100,0.05,0.29,0.24,0.0010008811950683594
electricity-normalized,0.05,100,0.05,0.32,0.27,0.0009891986846923828
electricity-normalized,0.05,100,0.05,0.32,0.27,0.0016329288482666016
electricity-normalized,0.05,100,0.05,0.35,0.3,0.0030214786529541016
electricity-normalized,0.05,100,0.05,0.32,0.27,0.001596212387084961
electricity-normalized,0.05,100,0.05,0.28,0.23,0.0011034011840820312
electricity-normalized,0.05,100,0.05,0.31,0.26,0.002126932144165039
electricity-normalized,0.11,100,0.11,0.34,0.23,0.003532886505126953
electricity-normalized,0.11,100,0.11,0.37,0.26,0.0
electricity-normalized,0.11,100,0.11,0.34,0.23,0.0020885467529296875
electricity-normalized,0.11,100,0.11,0.35,0.24,0.0016088485717773438
electricity-normalized,0.11,100,0.11,0.33,0.22,0.0010025501251220703
electricity-normalized,0.11,100,0.11,0.33,0.22,0.005735158920288086
electricity-normalized,0.11,100,0.11,0.32,0.21,0.001997232437133789
electricity-normalized,0.11,100,0.11,0.34,0.23,0.0031554698944091797
electricity-normalized,0.11,100,0.11,0.31,0.2,0.0014388561248779297
electricity-normalized,0.11,100,0.11,0.33,0.22,0.0011239051818847656
electricity-normalized,0.16,100,0.16,0.36,0.2,0.0
electricity-normalized,0.16,100,0.16,0.37,0.21,0.003056049346923828
electricity-normalized,0.16,100,0.16,0.32,0.16,0.0016939640045166016
electricity-normalized,0.16,100,0.16,0.34,0.18,0.0
electricity-normalized,0.16,100,0.16,0.36,0.2,0.0
electricity-normalized,0.16,100,0.16,0.34,0.18,0.0010123252868652344
electricity-normalized,0.16,100,0.16,0.36,0.2,0.0009989738464355469
electricity-normalized,0.16,100,0.16,0.36,0.2,0.0009987354278564453
electricity-normalized,0.16,100,0.16,0.34,0.18,0.002000570297241211
electricity-normalized,0.16,100,0.16,0.36,0.2,0.0009999275207519531
electricity-normalized,0.21,100,0.21,0.34,0.13,0.0009946823120117188
electricity-normalized,0.21,100,0.21,0.37,0.16,0.0010006427764892578
electricity-normalized,0.21,100,0.21,0.37,0.16,0.002083301544189453
electricity-normalized,0.21,100,0.21,0.37,0.16,0.0020041465759277344
electricity-normalized,0.21,100,0.21,0.37,0.16,0.0020008087158203125
electricity-normalized,0.21,100,0.21,0.34,0.13,0.0020058155059814453
electricity-normalized,0.21,100,0.21,0.38,0.17,0.0009996891021728516
electricity-normalized,0.21,100,0.21,0.37,0.16,0.0010061264038085938
electricity-normalized,0.21,100,0.21,0.33,0.12,0.002080678939819336
electricity-normalized,0.21,100,0.21,0.39,0.18,0.0
electricity-normalized,0.26,100,0.26,0.37,0.11,0.0
electricity-normalized,0.26,100,0.26,0.35,0.09,0.0156252384185791
electricity-normalized,0.26,100,0.26,0.39,0.13,0.0007903575897216797
electricity-normalized,0.26,100,0.26,0.35,0.09,0.002125978469848633
electricity-normalized,0.26,100,0.26,0.36,0.1,0.002007007598876953
electricity-normalized,0.26,100,0.26,0.35,0.09,0.0
electricity-normalized,0.26,100,0.26,0.39,0.13,0.0
electricity-normalized,0.26,100,0.26,0.36,0.1,0.0
electricity-normalized,0.26,100,0.26,0.39,0.13,0.0
electricity-normalized,0.26,100,0.26,0.35,0.09,0.0
electricity-normalized,0.32,100,0.32,0.37,0.05,0.0009996891021728516
electricity-normalized,0.32,100,0.32,0.41,0.09,0.0
electricity-normalized,0.32,100,0.32,0.39,0.07,0.0
electricity-normalized,0.32,100,0.32,0.42,0.1,0.0
electricity-normalized,0.32,100,0.32,0.37,0.05,0.01562643051147461
electricity-normalized,0.32,100,0.32,0.4,0.08,0.00029397010803222656
electricity-normalized,0.32,100,0.32,0.42,0.1,0.0
electricity-normalized,0.32,100,0.32,0.4,0.08,0.0
electricity-normalized,0.32,100,0.32,0.4,0.08,0.0
electricity-normalized,0.32,100,0.32,0.4,0.08,0.0
electricity-normalized,0.37,100,0.37,0.39,0.02,0.0009999275207519531
electricity-normalized,0.37,100,0.37,0.43,0.06,0.01008915901184082
electricity-normalized,0.37,100,0.37,0.45,0.08,0.0
electricity-normalized,0.37,100,0.37,0.42,0.05,0.0
electricity-normalized,0.37,100,0.37,0.4,0.03,0.0
electricity-normalized,0.37,100,0.37,0.4,0.03,0.015077352523803711
electricity-normalized,0.37,100,0.37,0.4,0.03,0.0
electricity-normalized,0.37,100,0.37,0.41,0.04,0.0
electricity-normalized,0.37,100,0.37,0.42,0.05,0.0
electricity-normalized,0.37,100,0.37,0.37,0.0,0.0
electricity-normalized,0.42,100,0.42,0.44,0.02,0.0
electricity-normalized,0.42,100,0.42,0.44,0.02,0.0016968250274658203
electricity-normalized,0.42,100,0.42,0.42,0.0,0.0
electricity-normalized,0.42,100,0.42,0.44,0.02,0.0
electricity-normalized,0.42,100,0.42,0.41,0.01,0.0
electricity-normalized,0.42,100,0.42,0.44,0.02,0.008591651916503906
electricity-normalized,0.42,100,0.42,0.42,0.0,0.0
electricity-normalized,0.42,100,0.42,0.44,0.02,0.0
electricity-normalized,0.42,100,0.42,0.43,0.01,0.0
electricity-normalized,0.42,100,0.42,0.44,0.02,0.0
electricity-normalized,0.47,100,0.47,0.45,0.02,0.0010211467742919922
electricity-normalized,0.47,100,0.47,0.44,0.03,0.0
electricity-normalized,0.47,100,0.47,0.44,0.03,0.0
electricity-normalized,0.47,100,0.47,0.42,0.05,0.0
electricity-normalized,0.47,100,0.47,0.46,0.01,0.0
electricity-normalized,0.47,100,0.47,0.47,0.0,0.005798816680908203
electricity-normalized,0.47,100,0.47,0.41,0.06,0.0
electricity-normalized,0.47,100,0.47,0.43,0.04,0.0
electricity-normalized,0.47,100,0.47,0.44,0.03,0.0
electricity-normalized,0.47,100,0.47,0.48,0.01,0.0
electricity-normalized,0.53,100,0.53,0.47,0.06,0.0
electricity-normalized,0.53,100,0.53,0.49,0.04,0.0
electricity-normalized,0.53,100,0.53,0.47,0.06,0.01571822166442871
electricity-normalized,0.53,100,0.53,0.44,0.09,0.0
electricity-normalized,0.53,100,0.53,0.53,0.0,0.0
electricity-normalized,0.53,100,0.53,0.45,0.08,0.0
electricity-normalized,0.53,100,0.53,0.45,0.08,0.0
electricity-normalized,0.53,100,0.53,0.45,0.08,0.0
electricity-normalized,0.53,100,0.53,0.41,0.12,0.0
electricity-normalized,0.53,100,0.53,0.44,0.09,0.0
electricity-normalized,0.58,100,0.58,0.52,0.06,0.0
electricity-normalized,0.58,100,0.58,0.49,0.09,0.0009996891021728516
electricity-normalized,0.58,100,0.58,0.48,0.1,0.01561594009399414
electricity-normalized,0.58,100,0.58,0.49,0.09,0.015078544616699219
electricity-normalized,0.58,100,0.58,0.45,0.13,0.0
electricity-normalized,0.58,100,0.58,0.47,0.11,0.015700578689575195
electricity-normalized,0.58,100,0.58,0.47,0.11,0.0
electricity-normalized,0.58,100,0.58,0.45,0.13,0.015624761581420898
electricity-normalized,0.58,100,0.58,0.48,0.1,0.0
electricity-normalized,0.58,100,0.58,0.49,0.09,0.001993417739868164
electricity-normalized,0.63,100,0.63,0.53,0.1,0.0010001659393310547
electricity-normalized,0.63,100,0.63,0.46,0.17,0.0
electricity-normalized,0.63,100,0.63,0.49,0.14,0.0
electricity-normalized,0.63,100,0.63,0.48,0.15,0.0
electricity-normalized,0.63,100,0.63,0.45,0.18,0.0
electricity-normalized,0.63,100,0.63,0.43,0.2,0.0
electricity-normalized,0.63,100,0.63,0.51,0.12,0.015625476837158203
electricity-normalized,0.63,100,0.63,0.49,0.14,0.0
electricity-normalized,0.63,100,0.63,0.47,0.16,0.0011544227600097656
electricity-normalized,0.63,100,0.63,0.49,0.14,0.0
electricity-normalized,0.68,100,0.68,0.53,0.15,0.0061070919036865234
electricity-normalized,0.68,100,0.68,0.55,0.13,0.0
electricity-normalized,0.68,100,0.68,0.54,0.14,0.0
electricity-normalized,0.68,100,0.68,0.47,0.21,0.0
electricity-normalized,0.68,100,0.68,0.49,0.19,0.0
electricity-normalized,0.68,100,0.68,0.52,0.16,0.0
electricity-normalized,0.68,100,0.68,0.53,0.15,0.0010826587677001953
electricity-normalized,0.68,100,0.68,0.53,0.15,0.0
electricity-normalized,0.68,100,0.68,0.47,0.21,0.0011944770812988281
electricity-normalized,0.68,100,0.68,0.49,0.19,0.0
electricity-normalized,0.74,100,0.74,0.49,0.25,0.015623807907104492
electricity-normalized,0.74,100,0.74,0.49,0.25,0.0
electricity-normalized,0.74,100,0.74,0.51,0.23,0.0
electricity-normalized,0.74,100,0.74,0.52,0.22,0.0
electricity-normalized,0.74,100,0.74,0.53,0.21,0.0
electricity-normalized,0.74,100,0.74,0.52,0.22,0.0
electricity-normalized,0.74,100,0.74,0.52,0.22,0.015081644058227539
electricity-normalized,0.74,100,0.74,0.53,0.21,0.0
electricity-normalized,0.74,100,0.74,0.5,0.24,0.0
electricity-normalized,0.74,100,0.74,0.53,0.21,0.015707969665527344
electricity-normalized,0.79,100,0.79,0.54,0.25,0.0
electricity-normalized,0.79,100,0.79,0.55,0.24,0.0
electricity-normalized,0.79,100,0.79,0.55,0.24,0.0
electricity-normalized,0.79,100,0.79,0.58,0.21,0.0
electricity-normalized,0.79,100,0.79,0.53,0.26,0.0
electricity-normalized,0.79,100,0.79,0.56,0.23,0.0
electricity-normalized,0.79,100,0.79,0.5,0.29,0.0
electricity-normalized,0.79,100,0.79,0.59,0.2,0.0
electricity-normalized,0.79,100,0.79,0.52,0.27,0.0
electricity-normalized,0.79,100,0.79,0.48,0.31,0.015620946884155273
electricity-normalized,0.84,100,0.84,0.61,0.23,0.0
electricity-normalized,0.84,100,0.84,0.58,0.26,0.0
electricity-normalized,0.84,100,0.84,0.53,0.31,0.0
electricity-normalized,0.84,100,0.84,0.58,0.26,0.015628814697265625
electricity-normalized,0.84,100,0.84,0.6,0.24,0.005941629409790039
electricity-normalized,0.84,100,0.84,0.55,0.29,0.0
electricity-normalized,0.84,100,0.84,0.6,0.24,0.015584230422973633
electricity-normalized,0.84,100,0.84,0.51,0.33,0.0
electricity-normalized,0.84,100,0.84,0.53,0.31,0.0
electricity-normalized,0.84,100,0.84,0.54,0.3,0.0
electricity-normalized,0.89,100,0.89,0.6,0.29,0.0036242008209228516
electricity-normalized,0.89,100,0.89,0.6,0.29,0.0
electricity-normalized,0.89,100,0.89,0.6,0.29,0.0008378028869628906
electricity-normalized,0.89,100,0.89,0.67,0.22,0.0
electricity-normalized,0.89,100,0.89,0.62,0.27,0.0
electricity-normalized,0.89,100,0.89,0.6,0.29,0.0
electricity-normalized,0.89,100,0.89,0.53,0.36,0.0
electricity-normalized,0.89,100,0.89,0.55,0.34,0.0
electricity-normalized,0.89,100,0.89,0.59,0.3,0.014556884765625
electricity-normalized,0.89,100,0.89,0.55,0.34,0.0
electricity-normalized,0.95,100,0.95,0.58,0.37,0.0
electricity-normalized,0.95,100,0.95,0.58,0.37,0.015664339065551758
electricity-normalized,0.95,100,0.95,0.57,0.38,0.015624046325683594
electricity-normalized,0.95,100,0.95,0.57,0.38,0.004567384719848633
electricity-normalized,0.95,100,0.95,0.6,0.35,0.0
electricity-normalized,0.95,100,0.95,0.61,0.34,0.0
electricity-normalized,0.95,100,0.95,0.58,0.37,0.0
electricity-normalized,0.95,100,0.95,0.62,0.33,0.0
electricity-normalized,0.95,100,0.95,0.62,0.33,0.0
electricity-normalized,0.95,100,0.95,0.61,0.34,0.0
electricity-normalized,1.0,100,1.0,0.6,0.4,0.0
electricity-normalized,1.0,100,1.0,0.61,0.39,0.0
electricity-normalized,1.0,100,1.0,0.6,0.4,0.0004363059997558594
electricity-normalized,1.0,100,1.0,0.63,0.37,0.0
electricity-normalized,1.0,100,1.0,0.61,0.39,0.0
electricity-normalized,1.0,100,1.0,0.6,0.4,0.0
electricity-normalized,1.0,100,1.0,0.6,0.4,0.0
electricity-normalized,1.0,100,1.0,0.58,0.42,0.0
electricity-normalized,1.0,100,1.0,0.59,0.41,0.0
electricity-normalized,1.0,100,1.0,0.65,0.35,0.015102386474609375
elevators,0.0,100,0.0,0.31,0.31,0.0
elevators,0.0,100,0.0,0.22,0.22,0.0
elevators,0.0,100,0.0,0.23,0.23,0.0
elevators,0.0,100,0.0,0.26,0.26,0.0
elevators,0.0,100,0.0,0.23,0.23,0.0
elevators,0.0,100,0.0,0.27,0.27,0.0
elevators,0.0,100,0.0,0.24,0.24,0.0
elevators,0.0,100,0.0,0.2,0.2,0.014083385467529297
elevators,0.0,100,0.0,0.25,0.25,0.0
elevators,0.0,100,0.0,0.27,0.27,0.0
elevators,0.05,100,0.05,0.23,0.18,0.0
elevators,0.05,100,0.05,0.34,0.29,0.0
elevators,0.05,100,0.05,0.3,0.25,0.0
elevators,0.05,100,0.05,0.26,0.21,0.0
elevators,0.05,100,0.05,0.34,0.29,0.0
elevators,0.05,100,0.05,0.26,0.21,0.0
elevators,0.05,100,0.05,0.26,0.21,0.0
elevators,0.05,100,0.05,0.27,0.22,0.001001596450805664
elevators,0.05,100,0.05,0.28,0.23,0.0
elevators,0.05,100,0.05,0.25,0.2,0.0
elevators,0.11,100,0.11,0.29,0.18,0.01574993133544922
elevators,0.11,100,0.11,0.35,0.24,0.0
elevators,0.11,100,0.11,0.33,0.22,0.0
elevators,0.11,100,0.11,0.38,0.27,0.0
elevators,0.11,100,0.11,0.36,0.25,0.0
elevators,0.11,100,0.11,0.28,0.17,0.0
elevators,0.11,100,0.11,0.35,0.24,0.0
elevators,0.11,100,0.11,0.38,0.27,0.0
elevators,0.11,100,0.11,0.33,0.22,0.0
elevators,0.11,100,0.11,0.28,0.17,0.0
elevators,0.16,100,0.16,0.35,0.19,0.0
elevators,0.16,100,0.16,0.32,0.16,0.013587236404418945
elevators,0.16,100,0.16,0.38,0.22,0.0
elevators,0.16,100,0.16,0.34,0.18,0.0
elevators,0.16,100,0.16,0.38,0.22,0.007333993911743164
elevators,0.16,100,0.16,0.38,0.22,0.0
elevators,0.16,100,0.16,0.34,0.18,0.0
elevators,0.16,100,0.16,0.33,0.17,0.0
elevators,0.16,100,0.16,0.37,0.21,0.0
elevators,0.16,100,0.16,0.36,0.2,0.0
elevators,0.21,100,0.21,0.38,0.17,0.0
elevators,0.21,100,0.21,0.39,0.18,0.0020885467529296875
elevators,0.21,100,0.21,0.36,0.15,0.0
elevators,0.21,100,0.21,0.38,0.17,0.0
elevators,0.21,100,0.21,0.36,0.15,0.0
elevators,0.21,100,0.21,0.37,0.16,0.0
elevators,0.21,100,0.21,0.35,0.14,0.0
elevators,0.21,100,0.21,0.37,0.16,0.0
elevators,0.21,100,0.21,0.37,0.16,0.0
elevators,0.21,100,0.21,0.37,0.16,0.0
elevators,0.26,100,0.26,0.38,0.12,0.0
elevators,0.26,100,0.26,0.38,0.12,0.0
elevators,0.26,100,0.26,0.42,0.16,0.0
elevators,0.26,100,0.26,0.38,0.12,0.0
elevators,0.26,100,0.26,0.44,0.18,0.0
elevators,0.26,100,0.26,0.43,0.17,0.015079021453857422
elevators,0.26,100,0.26,0.37,0.11,0.0
elevators,0.26,100,0.26,0.41,0.15,0.0
elevators,0.26,100,0.26,0.45,0.19,0.0
elevators,0.26,100,0.26,0.4,0.14,0.0
elevators,0.32,100,0.32,0.41,0.09,0.0
elevators,0.32,100,0.32,0.48,0.16,0.0
elevators,0.32,100,0.32,0.46,0.14,0.0
elevators,0.32,100,0.32,0.42,0.1,0.0
elevators,0.32,100,0.32,0.43,0.11,0.0
elevators,0.32,100,0.32,0.47,0.15,0.01508021354675293
elevators,0.32,100,0.32,0.45,0.13,0.0
elevators,0.32,100,0.32,0.49,0.17,0.0
elevators,0.32,100,0.32,0.49,0.17,0.015705108642578125
elevators,0.32,100,0.32,0.48,0.16,0.0
elevators,0.37,100,0.37,0.49,0.12,0.0
elevators,0.37,100,0.37,0.47,0.1,0.0
elevators,0.37,100,0.37,0.48,0.11,0.0
elevators,0.37,100,0.37,0.53,0.16,0.0010912418365478516
elevators,0.37,100,0.37,0.49,0.12,0.015079021453857422
elevators,0.37,100,0.37,0.54,0.17,0.0
elevators,0.37,100,0.37,0.44,0.07,0.0
elevators,0.37,100,0.37,0.52,0.15,0.0
elevators,0.37,100,0.37,0.5,0.13,0.0
elevators,0.37,100,0.37,0.49,0.12,0.0
elevators,0.42,100,0.42,0.52,0.1,0.01570415496826172
elevators,0.42,100,0.42,0.55,0.13,0.0
elevators,0.42,100,0.42,0.52,0.1,0.002008199691772461
elevators,0.42,100,0.42,0.53,0.11,0.0
elevators,0.42,100,0.42,0.46,0.04,0.009079694747924805
elevators,0.42,100,0.42,0.53,0.11,0.0
elevators,0.42,100,0.42,0.58,0.16,0.0
elevators,0.42,100,0.42,0.54,0.12,0.0
elevators,0.42,100,0.42,0.5,0.08,0.0
elevators,0.42,100,0.42,0.55,0.13,0.0
elevators,0.47,100,0.47,0.53,0.06,0.0
elevators,0.47,100,0.47,0.53,0.06,0.0
elevators,0.47,100,0.47,0.54,0.07,0.0
elevators,0.47,100,0.47,0.56,0.09,0.0
elevators,0.47,100,0.47,0.61,0.14,0.0
elevators,0.47,100,0.47,0.54,0.07,0.005208015441894531
elevators,0.47,100,0.47,0.58,0.11,0.0
elevators,0.47,100,0.47,0.53,0.06,0.0019898414611816406
elevators,0.47,100,0.47,0.59,0.12,0.015614748001098633
elevators,0.47,100,0.47,0.55,0.08,0.0
elevators,0.53,100,0.53,0.58,0.05,0.0
elevators,0.53,100,0.53,0.6,0.07,0.0
elevators,0.53,100,0.53,0.6,0.07,0.01562952995300293
elevators,0.53,100,0.53,0.58,0.05,0.0
elevators,0.53,100,0.53,0.61,0.08,0.0
elevators,0.53,100,0.53,0.57,0.04,0.0
elevators,0.53,100,0.53,0.6,0.07,0.0
elevators,0.53,100,0.53,0.57,0.04,0.0
elevators,0.53,100,0.53,0.6,0.07,0.0
elevators,0.53,100,0.53,0.54,0.01,0.0
elevators,0.58,100,0.58,0.69,0.11,0.0
elevators,0.58,100,0.58,0.6,0.02,0.0
elevators,0.58,100,0.58,0.62,0.04,0.0
elevators,0.58,100,0.58,0.63,0.05,0.0
elevators,0.58,100,0.58,0.65,0.07,0.0
elevators,0.58,100,0.58,0.65,0.07,0.0
elevators,0.58,100,0.58,0.58,0.0,0.0156252384185791
elevators,0.58,100,0.58,0.61,0.03,0.001995086669921875
elevators,0.58,100,0.58,0.61,0.03,0.0
elevators,0.58,100,0.58,0.62,0.04,0.0156252384185791
elevators,0.63,100,0.63,0.62,0.01,0.0
elevators,0.63,100,0.63,0.62,0.01,0.0
elevators,0.63,100,0.63,0.64,0.01,0.0
elevators,0.63,100,0.63,0.64,0.01,0.0
elevators,0.63,100,0.63,0.65,0.02,0.0
elevators,0.63,100,0.63,0.61,0.02,0.0
elevators,0.63,100,0.63,0.67,0.04,0.01562786102294922
elevators,0.63,100,0.63,0.64,0.01,0.001001596450805664
elevators,0.63,100,0.63,0.65,0.02,0.0
elevators,0.63,100,0.63,0.69,0.06,0.0
elevators,0.68,100,0.68,0.67,0.01,0.0
elevators,0.68,100,0.68,0.67,0.01,0.0
elevators,0.68,100,0.68,0.73,0.05,0.0
elevators,0.68,100,0.68,0.7,0.02,0.0
elevators,0.68,100,0.68,0.68,0.0,0.0
elevators,0.68,100,0.68,0.69,0.01,0.0
elevators,0.68,100,0.68,0.7,0.02,0.0
elevators,0.68,100,0.68,0.68,0.0,0.0
elevators,0.68,100,0.68,0.65,0.03,0.0
elevators,0.68,100,0.68,0.69,0.01,0.015624523162841797
elevators,0.74,100,0.74,0.73,0.01,0.0
elevators,0.74,100,0.74,0.74,0.0,0.0018966197967529297
elevators,0.74,100,0.74,0.72,0.02,0.0
elevators,0.74,100,0.74,0.72,0.02,0.0
elevators,0.74,100,0.74,0.73,0.01,0.0
elevators,0.74,100,0.74,0.7,0.04,0.0
elevators,0.74,100,0.74,0.7,0.04,0.0009922981262207031
elevators,0.74,100,0.74,0.74,0.0,0.0
elevators,0.74,100,0.74,0.73,0.01,0.0020780563354492188
elevators,0.74,100,0.74,0.73,0.01,0.0
elevators,0.79,100,0.79,0.8,0.01,0.0
elevators,0.79,100,0.79,0.76,0.03,0.0
elevators,0.79,100,0.79,0.76,0.03,0.0
elevators,0.79,100,0.79,0.8,0.01,0.0
elevators,0.79,100,0.79,0.76,0.03,0.01571202278137207
elevators,0.79,100,0.79,0.76,0.03,0.0
elevators,0.79,100,0.79,0.78,0.01,0.0
elevators,0.79,100,0.79,0.72,0.07,0.0
elevators,0.79,100,0.79,0.75,0.04,0.0
elevators,0.79,100,0.79,0.74,0.05,0.015726089477539062
elevators,0.84,100,0.84,0.8,0.04,0.00650787353515625
elevators,0.84,100,0.84,0.79,0.05,0.0
elevators,0.84,100,0.84,0.8,0.04,0.014090776443481445
elevators,0.84,100,0.84,0.77,0.07,0.0
elevators,0.84,100,0.84,0.85,0.01,0.0
elevators,0.84,100,0.84,0.79,0.05,0.0
elevators,0.84,100,0.84,0.81,0.03,0.0
elevators,0.84,100,0.84,0.8,0.04,0.0
elevators,0.84,100,0.84,0.79,0.05,0.0
elevators,0.84,100,0.84,0.79,0.05,0.0017833709716796875
elevators,0.89,100,0.89,0.83,0.06,0.0
elevators,0.89,100,0.89,0.81,0.08,0.0
elevators,0.89,100,0.89,0.83,0.06,0.0
elevators,0.89,100,0.89,0.82,0.07,0.0002753734588623047
elevators,0.89,100,0.89,0.82,0.07,0.004021644592285156
elevators,0.89,100,0.89,0.83,0.06,0.0010807514190673828
elevators,0.89,100,0.89,0.82,0.07,0.002003908157348633
elevators,0.89,100,0.89,0.82,0.07,0.0010056495666503906
elevators,0.89,100,0.89,0.84,0.05,0.0019981861114501953
elevators,0.89,100,0.89,0.81,0.08,0.005198955535888672
elevators,0.95,100,0.95,0.85,0.1,0.0015301704406738281
elevators,0.95,100,0.95,0.89,0.06,0.0
elevators,0.95,100,0.95,0.87,0.08,0.015712261199951172
elevators,0.95,100,0.95,0.86,0.09,0.01635432243347168
elevators,0.95,100,0.95,0.86,0.09,0.0
elevators,0.95,100,0.95,0.86,0.09,0.001508474349975586
elevators,0.95,100,0.95,0.82,0.13,0.0
elevators,0.95,100,0.95,0.88,0.07,0.0
elevators,0.95,100,0.95,0.85,0.1,0.005586147308349609
elevators,0.95,100,0.95,0.86,0.09,0.0
elevators,1.0,100,1.0,0.88,0.12,0.0
elevators,1.0,100,1.0,0.89,0.11,0.0
elevators,1.0,100,1.0,0.87,0.13,0.0
elevators,1.0,100,1.0,0.87,0.13,0.0
elevators,1.0,100,1.0,0.89,0.11,0.0
elevators,1.0,100,1.0,0.9,0.1,0.0
elevators,1.0,100,1.0,0.87,0.13,0.0
elevators,1.0,100,1.0,0.87,0.13,0.0
elevators,1.0,100,1.0,0.9,0.1,0.0
elevators,1.0,100,1.0,0.89,0.11,0.002000093460083008
file79b563a1a18,0.0,100,0.0,0.35,0.35,0.0
file79b563a1a18,0.0,100,0.0,0.31,0.31,0.0
file79b563a1a18,0.0,100,0.0,0.29,0.29,0.015085220336914062
file79b563a1a18,0.0,100,0.0,0.3,0.3,0.0
file79b563a1a18,0.0,100,0.0,0.35,0.35,0.015609502792358398
file79b563a1a18,0.0,100,0.0,0.34,0.34,0.0
file79b563a1a18,0.0,100,0.0,0.34,0.34,0.0
file79b563a1a18,0.0,100,0.0,0.3,0.3,0.0
file79b563a1a18,0.0,100,0.0,0.35,0.35,0.0
file79b563a1a18,0.0,100,0.0,0.3,0.3,0.0
file79b563a1a18,0.05,100,0.05,0.38,0.33,0.0
file79b563a1a18,0.05,100,0.05,0.34,0.29,0.002006053924560547
file79b563a1a18,0.05,100,0.05,0.37,0.32,0.0
file79b563a1a18,0.05,100,0.05,0.33,0.28,0.0
file79b563a1a18,0.05,100,0.05,0.32,0.27,0.015699386596679688
file79b563a1a18,0.05,100,0.05,0.31,0.26,0.0065822601318359375
file79b563a1a18,0.05,100,0.05,0.33,0.28,0.0
file79b563a1a18,0.05,100,0.05,0.32,0.27,0.0
file79b563a1a18,0.05,100,0.05,0.35,0.3,0.0
file79b563a1a18,0.05,100,0.05,0.32,0.27,0.0
file79b563a1a18,0.11,100,0.11,0.35,0.24,0.0
file79b563a1a18,0.11,100,0.11,0.38,0.27,0.0
file79b563a1a18,0.11,100,0.11,0.34,0.23,0.0
file79b563a1a18,0.11,100,0.11,0.37,0.26,0.0
file79b563a1a18,0.11,100,0.11,0.33,0.22,0.0
file79b563a1a18,0.11,100,0.11,0.37,0.26,0.0
file79b563a1a18,0.11,100,0.11,0.37,0.26,0.0
file79b563a1a18,0.11,100,0.11,0.33,0.22,0.0
file79b563a1a18,0.11,100,0.11,0.35,0.24,0.0
file79b563a1a18,0.11,100,0.11,0.36,0.25,0.0
file79b563a1a18,0.16,100,0.16,0.35,0.19,0.0
file79b563a1a18,0.16,100,0.16,0.37,0.21,0.0
file79b563a1a18,0.16,100,0.16,0.42,0.26,0.0
file79b563a1a18,0.16,100,0.16,0.38,0.22,0.0
file79b563a1a18,0.16,100,0.16,0.38,0.22,0.0013964176177978516
file79b563a1a18,0.16,100,0.16,0.39,0.23,0.0
file79b563a1a18,0.16,100,0.16,0.35,0.19,0.0
file79b563a1a18,0.16,100,0.16,0.35,0.19,0.0
file79b563a1a18,0.16,100,0.16,0.34,0.18,0.0
file79b563a1a18,0.16,100,0.16,0.36,0.2,0.0
file79b563a1a18,0.21,100,0.21,0.42,0.21,0.0
file79b563a1a18,0.21,100,0.21,0.37,0.16,0.0
file79b563a1a18,0.21,100,0.21,0.38,0.17,0.0
file79b563a1a18,0.21,100,0.21,0.35,0.14,0.0
file79b563a1a18,0.21,100,0.21,0.38,0.17,0.015625
file79b563a1a18,0.21,100,0.21,0.42,0.21,0.0
file79b563a1a18,0.21,100,0.21,0.39,0.18,0.0
file79b563a1a18,0.21,100,0.21,0.4,0.19,0.0
file79b563a1a18,0.21,100,0.21,0.41,0.2,0.0
file79b563a1a18,0.21,100,0.21,0.37,0.16,0.015609502792358398
file79b563a1a18,0.26,100,0.26,0.41,0.15,0.0
file79b563a1a18,0.26,100,0.26,0.45,0.19,0.0020759105682373047
file79b563a1a18,0.26,100,0.26,0.42,0.16,0.0
file79b563a1a18,0.26,100,0.26,0.4,0.14,0.0
file79b563a1a18,0.26,100,0.26,0.36,0.1,0.0
file79b563a1a18,0.26,100,0.26,0.42,0.16,0.0
file79b563a1a18,0.26,100,0.26,0.42,0.16,0.0
file79b563a1a18,0.26,100,0.26,0.38,0.12,0.0
file79b563a1a18,0.26,100,0.26,0.4,0.14,0.0
file79b563a1a18,0.26,100,0.26,0.39,0.13,0.0
file79b563a1a18,0.32,100,0.32,0.44,0.12,0.0031461715698242188
file79b563a1a18,0.32,100,0.32,0.45,0.13,0.0
file79b563a1a18,0.32,100,0.32,0.43,0.11,0.0
file79b563a1a18,0.32,100,0.32,0.44,0.12,0.007503032684326172
file79b563a1a18,0.32,100,0.32,0.42,0.1,0.0
file79b563a1a18,0.32,100,0.32,0.47,0.15,0.0
file79b563a1a18,0.32,100,0.32,0.42,0.1,0.0018794536590576172
file79b563a1a18,0.32,100,0.32,0.48,0.16,0.0
file79b563a1a18,0.32,100,0.32,0.45,0.13,0.0
file79b563a1a18,0.32,100,0.32,0.4,0.08,0.002961397171020508
file79b563a1a18,0.37,100,0.37,0.49,0.12,0.0
file79b563a1a18,0.37,100,0.37,0.47,0.1,0.0
file79b563a1a18,0.37,100,0.37,0.45,0.08,0.0
file79b563a1a18,0.37,100,0.37,0.48,0.11,0.0
file79b563a1a18,0.37,100,0.37,0.46,0.09,0.005815029144287109
file79b563a1a18,0.37,100,0.37,0.47,0.1,0.0
file79b563a1a18,0.37,100,0.37,0.45,0.08,0.0
file79b563a1a18,0.37,100,0.37,0.43,0.06,0.0019958019256591797
file79b563a1a18,0.37,100,0.37,0.43,0.06,0.0
file79b563a1a18,0.37,100,0.37,0.45,0.08,0.0
file79b563a1a18,0.42,100,0.42,0.51,0.09,0.0
file79b563a1a18,0.42,100,0.42,0.5,0.08,0.0020818710327148438
file79b563a1a18,0.42,100,0.42,0.49,0.07,0.0
file79b563a1a18,0.42,100,0.42,0.42,0.0,0.0
file79b563a1a18,0.42,100,0.42,0.45,0.03,0.0
file79b563a1a18,0.42,100,0.42,0.46,0.04,0.0
file79b563a1a18,0.42,100,0.42,0.46,0.04,0.015624046325683594
file79b563a1a18,0.42,100,0.42,0.49,0.07,0.0
file79b563a1a18,0.42,100,0.42,0.47,0.05,0.0
file79b563a1a18,0.42,100,0.42,0.47,0.05,0.0008761882781982422
file79b563a1a18,0.47,100,0.47,0.47,0.0,0.0
file79b563a1a18,0.47,100,0.47,0.52,0.05,0.0
file79b563a1a18,0.47,100,0.47,0.49,0.02,0.0
file79b563a1a18,0.47,100,0.47,0.5,0.03,0.0
file79b563a1a18,0.47,100,0.47,0.48,0.01,0.0
file79b563a1a18,0.47,100,0.47,0.44,0.03,0.0020072460174560547
file79b563a1a18,0.47,100,0.47,0.47,0.0,0.0
file79b563a1a18,0.47,100,0.47,0.51,0.04,0.0
file79b563a1a18,0.47,100,0.47,0.48,0.01,0.0
file79b563a1a18,0.47,100,0.47,0.52,0.05,0.0
file79b563a1a18,0.53,100,0.53,0.57,0.04,0.0
file79b563a1a18,0.53,100,0.53,0.56,0.03,0.00746917724609375
file79b563a1a18,0.53,100,0.53,0.52,0.01,0.0
file79b563a1a18,0.53,100,0.53,0.51,0.02,0.0
file79b563a1a18,0.53,100,0.53,0.5,0.03,0.0
file79b563a1a18,0.53,100,0.53,0.52,0.01,0.0035881996154785156
file79b563a1a18,0.53,100,0.53,0.51,0.02,0.0
file79b563a1a18,0.53,100,0.53,0.5,0.03,0.0
file79b563a1a18,0.53,100,0.53,0.51,0.02,0.0
file79b563a1a18,0.53,100,0.53,0.5,0.03,0.0
file79b563a1a18,0.58,100,0.58,0.52,0.06,0.015078306198120117
file79b563a1a18,0.58,100,0.58,0.5,0.08,0.0
file79b563a1a18,0.58,100,0.58,0.57,0.01,0.0010082721710205078
file79b563a1a18,0.58,100,0.58,0.54,0.04,0.0
file79b563a1a18,0.58,100,0.58,0.54,0.04,0.0
file79b563a1a18,0.58,100,0.58,0.55,0.03,0.0
file79b563a1a18,0.58,100,0.58,0.55,0.03,0.0
file79b563a1a18,0.58,100,0.58,0.51,0.07,0.0
file79b563a1a18,0.58,100,0.58,0.55,0.03,0.0
file79b563a1a18,0.58,100,0.58,0.52,0.06,0.0
file79b563a1a18,0.63,100,0.63,0.57,0.06,0.015084505081176758
file79b563a1a18,0.63,100,0.63,0.54,0.09,0.0
file79b563a1a18,0.63,100,0.63,0.57,0.06,0.0
file79b563a1a18,0.63,100,0.63,0.57,0.06,0.0
file79b563a1a18,0.63,100,0.63,0.6,0.03,0.0
file79b563a1a18,0.63,100,0.63,0.53,0.1,0.0
file79b563a1a18,0.63,100,0.63,0.57,0.06,0.0
file79b563a1a18,0.63,100,0.63,0.52,0.11,0.0
file79b563a1a18,0.63,100,0.63,0.54,0.09,0.007563352584838867
file79b563a1a18,0.63,100,0.63,0.55,0.08,0.0
file79b563a1a18,0.68,100,0.68,0.55,0.13,0.0
file79b563a1a18,0.68,100,0.68,0.54,0.14,0.0
file79b563a1a18,0.68,100,0.68,0.58,0.1,0.0
file79b563a1a18,0.68,100,0.68,0.55,0.13,0.0
file79b563a1a18,0.68,100,0.68,0.58,0.1,0.0
file79b563a1a18,0.68,100,0.68,0.59,0.09,0.0
file79b563a1a18,0.68,100,0.68,0.55,0.13,0.0
file79b563a1a18,0.68,100,0.68,0.58,0.1,0.0
file79b563a1a18,0.68,100,0.68,0.58,0.1,0.0
file79b563a1a18,0.68,100,0.68,0.58,0.1,0.0
file79b563a1a18,0.74,100,0.74,0.61,0.13,0.004586219787597656
file79b563a1a18,0.74,100,0.74,0.58,0.16,0.0
file79b563a1a18,0.74,100,0.74,0.59,0.15,0.0
file79b563a1a18,0.74,100,0.74,0.58,0.16,0.0
file79b563a1a18,0.74,100,0.74,0.59,0.15,0.0
file79b563a1a18,0.74,100,0.74,0.61,0.13,0.017719268798828125
file79b563a1a18,0.74,100,0.74,0.6,0.14,0.0
file79b563a1a18,0.74,100,0.74,0.61,0.13,0.0024340152740478516
file79b563a1a18,0.74,100,0.74,0.6,0.14,0.0
file79b563a1a18,0.74,100,0.74,0.56,0.18,0.003000020980834961
file79b563a1a18,0.79,100,0.79,0.6,0.19,0.0
file79b563a1a18,0.79,100,0.79,0.6,0.19,0.0029075145721435547
file79b563a1a18,0.79,100,0.79,0.64,0.15,0.0
file79b563a1a18,0.79,100,0.79,0.62,0.17,0.0
file79b563a1a18,0.79,100,0.79,0.62,0.17,0.0
file79b563a1a18,0.79,100,0.79,0.58,0.21,0.0
file79b563a1a18,0.79,100,0.79,0.6,0.19,0.015697717666625977
file79b563a1a18,0.79,100,0.79,0.6,0.19,0.0027844905853271484
file79b563a1a18,0.79,100,0.79,0.6,0.19,0.0
file79b563a1a18,0.79,100,0.79,0.65,0.14,0.004291057586669922
file79b563a1a18,0.84,100,0.84,0.64,0.2,0.0
file79b563a1a18,0.84,100,0.84,0.63,0.21,0.004762411117553711
file79b563a1a18,0.84,100,0.84,0.63,0.21,0.0
file79b563a1a18,0.84,100,0.84,0.6,0.24,0.000827789306640625
file79b563a1a18,0.84,100,0.84,0.65,0.19,0.003078937530517578
file79b563a1a18,0.84,100,0.84,0.61,0.23,0.002081155776977539
file79b563a1a18,0.84,100,0.84,0.66,0.18,0.0
file79b563a1a18,0.84,100,0.84,0.63,0.21,0.0
file79b563a1a18,0.84,100,0.84,0.64,0.2,0.0
file79b563a1a18,0.84,100,0.84,0.62,0.22,0.0
file79b563a1a18,0.89,100,0.89,0.65,0.24,0.0
file79b563a1a18,0.89,100,0.89,0.66,0.23,0.0
file79b563a1a18,0.89,100,0.89,0.64,0.25,0.015633344650268555
file79b563a1a18,0.89,100,0.89,0.67,0.22,0.002088308334350586
file79b563a1a18,0.89,100,0.89,0.64,0.25,0.0
file79b563a1a18,0.89,100,0.89,0.63,0.26,0.01563572883605957
file79b563a1a18,0.89,100,0.89,0.64,0.25,0.0
file79b563a1a18,0.89,100,0.89,0.63,0.26,0.0
file79b563a1a18,0.89,100,0.89,0.64,0.25,0.0
file79b563a1a18,0.89,100,0.89,0.68,0.21,0.0
file79b563a1a18,0.95,100,0.95,0.68,0.27,0.0
file79b563a1a18,0.95,100,0.95,0.67,0.28,0.00808405876159668
file79b563a1a18,0.95,100,0.95,0.67,0.28,0.0
file79b563a1a18,0.95,100,0.95,0.69,0.26,0.0
file79b563a1a18,0.95,100,0.95,0.67,0.28,0.0
file79b563a1a18,0.95,100,0.95,0.67,0.28,0.0
file79b563a1a18,0.95,100,0.95,0.66,0.29,0.0
file79b563a1a18,0.95,100,0.95,0.69,0.26,0.0
file79b563a1a18,0.95,100,0.95,0.68,0.27,0.0
file79b563a1a18,0.95,100,0.95,0.68,0.27,0.0
file79b563a1a18,1.0,100,1.0,0.66,0.34,0.0
file79b563a1a18,1.0,100,1.0,0.72,0.28,0.0
file79b563a1a18,1.0,100,1.0,0.69,0.31,0.0
file79b563a1a18,1.0,100,1.0,0.67,0.33,0.0
file79b563a1a18,1.0,100,1.0,0.68,0.32,0.0
file79b563a1a18,1.0,100,1.0,0.68,0.32,0.0
file79b563a1a18,1.0,100,1.0,0.69,0.31,0.0
file79b563a1a18,1.0,100,1.0,0.7,0.3,0.0
file79b563a1a18,1.0,100,1.0,0.67,0.33,0.0
file79b563a1a18,1.0,100,1.0,0.68,0.32,0.0
fried,0.0,100,0.0,0.23,0.23,0.0
fried,0.0,100,0.0,0.22,0.22,0.0
fried,0.0,100,0.0,0.2,0.2,0.0
fried,0.0,100,0.0,0.25,0.25,0.0
fried,0.0,100,0.0,0.25,0.25,0.0
fried,0.0,100,0.0,0.21,0.21,0.0
fried,0.0,100,0.0,0.22,0.22,0.0
fried,0.0,100,0.0,0.23,0.23,0.0
fried,0.0,100,0.0,0.22,0.22,0.0
fried,0.0,100,0.0,0.23,0.23,0.0
fried,0.05,100,0.05,0.31,0.26,0.015090227127075195
fried,0.05,100,0.05,0.27,0.22,0.0053293704986572266
fried,0.05,100,0.05,0.29,0.24,0.0
fried,0.05,100,0.05,0.23,0.18,0.0
fried,0.05,100,0.05,0.29,0.24,0.0
fried,0.05,100,0.05,0.25,0.2,0.0
fried,0.05,100,0.05,0.25,0.2,0.0
fried,0.05,100,0.05,0.28,0.23,0.0
fried,0.05,100,0.05,0.27,0.22,0.002310037612915039
fried,0.05,100,0.05,0.25,0.2,0.0
fried,0.11,100,0.11,0.31,0.2,0.0
fried,0.11,100,0.11,0.31,0.2,0.015634775161743164
fried,0.11,100,0.11,0.31,0.2,0.0
fried,0.11,100,0.11,0.29,0.18,0.0
fried,0.11,100,0.11,0.32,0.21,0.0
fried,0.11,100,0.11,0.27,0.16,0.0
fried,0.11,100,0.11,0.31,0.2,0.0
fried,0.11,100,0.11,0.34,0.23,0.0
fried,0.11,100,0.11,0.36,0.25,0.0
fried,0.11,100,0.11,0.36,0.25,0.0
fried,0.16,100,0.16,0.34,0.18,0.0
fried,0.16,100,0.16,0.35,0.19,0.0
fried,0.16,100,0.16,0.32,0.16,0.015625715255737305
fried,0.16,100,0.16,0.35,0.19,0.0
fried,0.16,100,0.16,0.31,0.15,0.0
fried,0.16,100,0.16,0.29,0.13,0.01327061653137207
fried,0.16,100,0.16,0.3,0.14,0.0
fried,0.16,100,0.16,0.36,0.2,0.0021882057189941406
fried,0.16,100,0.16,0.31,0.15,0.0
fried,0.16,100,0.16,0.32,0.16,0.0
fried,0.21,100,0.21,0.3,0.09,0.001020193099975586
fried,0.21,100,0.21,0.36,0.15,0.0
fried,0.21,100,0.21,0.3,0.09,0.01571059226989746
fried,0.21,100,0.21,0.38,0.17,0.001085042953491211
fried,0.21,100,0.21,0.36,0.15,0.0
fried,0.21,100,0.21,0.35,0.14,0.0
fried,0.21,100,0.21,0.33,0.12,0.0
fried,0.21,100,0.21,0.36,0.15,0.015081644058227539
fried,0.21,100,0.21,0.36,0.15,0.0
fried,0.21,100,0.21,0.39,0.18,0.0
fried,0.26,100,0.26,0.37,0.11,0.0
fried,0.26,100,0.26,0.37,0.11,0.0
fried,0.26,100,0.26,0.35,0.09,0.0
fried,0.26,100,0.26,0.38,0.12,0.0
fried,0.26,100,0.26,0.4,0.14,0.0
fried,0.26,100,0.26,0.36,0.1,0.0
fried,0.26,100,0.26,0.43,0.17,0.0
fried,0.26,100,0.26,0.37,0.11,0.0
fried,0.26,100,0.26,0.38,0.12,0.0
fried,0.26,100,0.26,0.39,0.13,0.015700817108154297
fried,0.32,100,0.32,0.45,0.13,0.0
fried,0.32,100,0.32,0.41,0.09,0.0
fried,0.32,100,0.32,0.43,0.11,0.0
fried,0.32,100,0.32,0.4,0.08,0.0
fried,0.32,100,0.32,0.37,0.05,0.0
fried,0.32,100,0.32,0.38,0.06,0.0
fried,0.32,100,0.32,0.39,0.07,0.0
fried,0.32,100,0.32,0.4,0.08,0.0
fried,0.32,100,0.32,0.38,0.06,0.0
fried,0.32,100,0.32,0.42,0.1,0.0
fried,0.37,100,0.37,0.43,0.06,0.015617609024047852
fried,0.37,100,0.37,0.46,0.09,0.007353305816650391
fried,0.37,100,0.37,0.4,0.03,0.0
fried,0.37,100,0.37,0.42,0.05,0.015082120895385742
fried,0.37,100,0.37,0.42,0.05,0.0
fried,0.37,100,0.37,0.42,0.05,0.0
fried,0.37,100,0.37,0.44,0.07,0.0010776519775390625
fried,0.37,100,0.37,0.43,0.06,0.0
fried,0.37,100,0.37,0.44,0.07,0.0
fried,0.37,100,0.37,0.45,0.08,0.0
fried,0.42,100,0.42,0.48,0.06,0.0
fried,0.42,100,0.42,0.48,0.06,0.0
fried,0.42,100,0.42,0.45,0.03,0.0
fried,0.42,100,0.42,0.44,0.02,0.001001119613647461
fried,0.42,100,0.42,0.47,0.05,0.0
fried,0.42,100,0.42,0.44,0.02,0.0
fried,0.42,100,0.42,0.45,0.03,0.0018794536590576172
fried,0.42,100,0.42,0.47,0.05,0.0
fried,0.42,100,0.42,0.46,0.04,0.0
fried,0.42,100,0.42,0.47,0.05,0.0
fried,0.47,100,0.47,0.51,0.04,0.0
fried,0.47,100,0.47,0.49,0.02,0.0
fried,0.47,100,0.47,0.51,0.04,0.006302595138549805
fried,0.47,100,0.47,0.49,0.02,0.0
fried,0.47,100,0.47,0.45,0.02,0.0
fried,0.47,100,0.47,0.46,0.01,0.0
fried,0.47,100,0.47,0.44,0.03,0.015625953674316406
fried,0.47,100,0.47,0.49,0.02,0.01571965217590332
fried,0.47,100,0.47,0.53,0.06,0.0
fried,0.47,100,0.47,0.47,0.0,0.006126880645751953
fried,0.53,100,0.53,0.53,0.0,0.0
fried,0.53,100,0.53,0.57,0.04,0.0
fried,0.53,100,0.53,0.57,0.04,0.0
fried,0.53,100,0.53,0.52,0.01,0.0020058155059814453
fried,0.53,100,0.53,0.51,0.02,0.0
fried,0.53,100,0.53,0.53,0.0,0.0
fried,0.53,100,0.53,0.57,0.04,0.0
fried,0.53,100,0.53,0.47,0.06,0.0
fried,0.53,100,0.53,0.51,0.02,0.0
fried,0.53,100,0.53,0.52,0.01,0.0
fried,0.58,100,0.58,0.59,0.01,0.0
fried,0.58,100,0.58,0.59,0.01,0.0009996891021728516
fried,0.58,100,0.58,0.58,0.0,0.0
fried,0.58,100,0.58,0.58,0.0,0.0
fried,0.58,100,0.58,0.47,0.11,0.0
fried,0.58,100,0.58,0.52,0.06,0.0
fried,0.58,100,0.58,0.52,0.06,0.0
fried,0.58,100,0.58,0.53,0.05,0.0
fried,0.58,100,0.58,0.52,0.06,0.0010018348693847656
fried,0.58,100,0.58,0.51,0.07,0.0
fried,0.63,100,0.63,0.6,0.03,0.0
fried,0.63,100,0.63,0.55,0.08,0.0
fried,0.63,100,0.63,0.54,0.09,0.0
fried,0.63,100,0.63,0.57,0.06,0.0
fried,0.63,100,0.63,0.55,0.08,0.0
fried,0.63,100,0.63,0.61,0.02,0.0
fried,0.63,100,0.63,0.55,0.08,0.0
fried,0.63,100,0.63,0.6,0.03,0.0036704540252685547
fried,0.63,100,0.63,0.58,0.05,0.0
fried,0.63,100,0.63,0.62,0.01,0.0
fried,0.68,100,0.68,0.57,0.11,0.0
fried,0.68,100,0.68,0.58,0.1,0.0
fried,0.68,100,0.68,0.59,0.09,0.0
fried,0.68,100,0.68,0.57,0.11,0.0
fried,0.68,100,0.68,0.58,0.1,0.0
fried,0.68,100,0.68,0.55,0.13,0.0
fried,0.68,100,0.68,0.61,0.07,0.0
fried,0.68,100,0.68,0.62,0.06,0.0
fried,0.68,100,0.68,0.63,0.05,0.0
fried,0.68,100,0.68,0.62,0.06,0.0
fried,0.74,100,0.74,0.62,0.12,0.0
fried,0.74,100,0.74,0.62,0.12,0.0
fried,0.74,100,0.74,0.63,0.11,0.0
fried,0.74,100,0.74,0.67,0.07,0.0
fried,0.74,100,0.74,0.61,0.13,0.002003192901611328
fried,0.74,100,0.74,0.63,0.11,0.0
fried,0.74,100,0.74,0.64,0.1,0.0
fried,0.74,100,0.74,0.67,0.07,0.0
fried,0.74,100,0.74,0.62,0.12,0.0
fried,0.74,100,0.74,0.67,0.07,0.008081436157226562
fried,0.79,100,0.79,0.69,0.1,0.0
fried,0.79,100,0.79,0.65,0.14,0.0
fried,0.79,100,0.79,0.66,0.13,0.0021514892578125
fried,0.79,100,0.79,0.65,0.14,0.0
fried,0.79,100,0.79,0.69,0.1,0.0
fried,0.79,100,0.79,0.65,0.14,0.0
fried,0.79,100,0.79,0.67,0.12,0.0
fried,0.79,100,0.79,0.69,0.1,0.0
fried,0.79,100,0.79,0.66,0.13,0.0
fried,0.79,100,0.79,0.65,0.14,0.0
fried,0.84,100,0.84,0.71,0.13,0.0
fried,0.84,100,0.84,0.66,0.18,0.0
fried,0.84,100,0.84,0.68,0.16,0.0
fried,0.84,100,0.84,0.72,0.12,0.0
fried,0.84,100,0.84,0.69,0.15,0.0
fried,0.84,100,0.84,0.68,0.16,0.0
fried,0.84,100,0.84,0.72,0.12,0.0008780956268310547
fried,0.84,100,0.84,0.69,0.15,0.0
fried,0.84,100,0.84,0.69,0.15,0.0
fried,0.84,100,0.84,0.66,0.18,0.0
fried,0.89,100,0.89,0.68,0.21,0.0
fried,0.89,100,0.89,0.75,0.14,0.0
fried,0.89,100,0.89,0.68,0.21,0.0015056133270263672
fried,0.89,100,0.89,0.68,0.21,0.014089107513427734
fried,0.89,100,0.89,0.69,0.2,0.0
fried,0.89,100,0.89,0.73,0.16,0.0
fried,0.89,100,0.89,0.72,0.17,0.0
fried,0.89,100,0.89,0.69,0.2,0.001001119613647461
fried,0.89,100,0.89,0.7,0.19,0.0
fried,0.89,100,0.89,0.73,0.16,0.016419649124145508
fried,0.95,100,0.95,0.75,0.2,0.0
fried,0.95,100,0.95,0.71,0.24,0.0
fried,0.95,100,0.95,0.74,0.21,0.001003265380859375
fried,0.95,100,0.95,0.73,0.22,0.0
fried,0.95,100,0.95,0.7,0.25,0.0
fried,0.95,100,0.95,0.74,0.21,0.0
fried,0.95,100,0.95,0.73,0.22,0.0
fried,0.95,100,0.95,0.71,0.24,0.0
fried,0.95,100,0.95,0.72,0.23,0.0
fried,0.95,100,0.95,0.74,0.21,0.0
fried,1.0,100,1.0,0.79,0.21,0.0
fried,1.0,100,1.0,0.81,0.19,0.015627622604370117
fried,1.0,100,1.0,0.77,0.23,0.0
fried,1.0,100,1.0,0.75,0.25,0.0
fried,1.0,100,1.0,0.78,0.22,0.0
fried,1.0,100,1.0,0.75,0.25,0.0
fried,1.0,100,1.0,0.74,0.26,0.0
fried,1.0,100,1.0,0.73,0.27,0.0
fried,1.0,100,1.0,0.77,0.23,0.0
fried,1.0,100,1.0,0.81,0.19,0.015009164810180664
fri_c2_1000_10,0.0,100,0.0,0.35,0.35,0.0
fri_c2_1000_10,0.0,100,0.0,0.33,0.33,0.0
fri_c2_1000_10,0.0,100,0.0,0.35,0.35,0.0
fri_c2_1000_10,0.0,100,0.0,0.34,0.34,0.0
fri_c2_1000_10,0.0,100,0.0,0.33,0.33,0.0
fri_c2_1000_10,0.0,100,0.0,0.35,0.35,0.002062559127807617
fri_c2_1000_10,0.0,100,0.0,0.33,0.33,0.0
fri_c2_1000_10,0.0,100,0.0,0.32,0.32,0.0
fri_c2_1000_10,0.0,100,0.0,0.37,0.37,0.0
fri_c2_1000_10,0.0,100,0.0,0.37,0.37,0.0
fri_c2_1000_10,0.05,100,0.05,0.33,0.28,0.0
fri_c2_1000_10,0.05,100,0.05,0.35,0.3,0.0
fri_c2_1000_10,0.05,100,0.05,0.37,0.32,0.00115203857421875
fri_c2_1000_10,0.05,100,0.05,0.35,0.3,0.0
fri_c2_1000_10,0.05,100,0.05,0.37,0.32,0.0
fri_c2_1000_10,0.05,100,0.05,0.38,0.33,0.0019936561584472656
fri_c2_1000_10,0.05,100,0.05,0.35,0.3,0.0
fri_c2_1000_10,0.05,100,0.05,0.36,0.31,0.0
fri_c2_1000_10,0.05,100,0.05,0.37,0.32,0.0010025501251220703
fri_c2_1000_10,0.05,100,0.05,0.36,0.31,0.0
fri_c2_1000_10,0.11,100,0.11,0.36,0.25,0.0
fri_c2_1000_10,0.11,100,0.11,0.34,0.23,0.0
fri_c2_1000_10,0.11,100,0.11,0.35,0.24,0.0
fri_c2_1000_10,0.11,100,0.11,0.37,0.26,0.0
fri_c2_1000_10,0.11,100,0.11,0.35,0.24,0.0
fri_c2_1000_10,0.11,100,0.11,0.38,0.27,0.0
fri_c2_1000_10,0.11,100,0.11,0.38,0.27,0.0
fri_c2_1000_10,0.11,100,0.11,0.34,0.23,0.0
fri_c2_1000_10,0.11,100,0.11,0.37,0.26,0.0
fri_c2_1000_10,0.11,100,0.11,0.4,0.29,0.0
fri_c2_1000_10,0.16,100,0.16,0.38,0.22,0.0
fri_c2_1000_10,0.16,100,0.16,0.36,0.2,0.0018374919891357422
fri_c2_1000_10,0.16,100,0.16,0.39,0.23,0.0
fri_c2_1000_10,0.16,100,0.16,0.39,0.23,0.0
fri_c2_1000_10,0.16,100,0.16,0.38,0.22,0.0
fri_c2_1000_10,0.16,100,0.16,0.39,0.23,0.0010006427764892578
fri_c2_1000_10,0.16,100,0.16,0.35,0.19,0.0
fri_c2_1000_10,0.16,100,0.16,0.36,0.2,0.0017466545104980469
fri_c2_1000_10,0.16,100,0.16,0.38,0.22,0.0
fri_c2_1000_10,0.16,100,0.16,0.37,0.21,0.015625715255737305
fri_c2_1000_10,0.21,100,0.21,0.39,0.18,0.0
fri_c2_1000_10,0.21,100,0.21,0.37,0.16,0.0
fri_c2_1000_10,0.21,100,0.21,0.39,0.18,0.0
fri_c2_1000_10,0.21,100,0.21,0.37,0.16,0.0
fri_c2_1000_10,0.21,100,0.21,0.39,0.18,0.0
fri_c2_1000_10,0.21,100,0.21,0.41,0.2,0.0009326934814453125
fri_c2_1000_10,0.21,100,0.21,0.4,0.19,0.0
fri_c2_1000_10,0.21,100,0.21,0.41,0.2,0.0
fri_c2_1000_10,0.21,100,0.21,0.37,0.16,0.0053446292877197266
fri_c2_1000_10,0.21,100,0.21,0.37,0.16,0.0
fri_c2_1000_10,0.26,100,0.26,0.4,0.14,0.0
fri_c2_1000_10,0.26,100,0.26,0.39,0.13,0.0
fri_c2_1000_10,0.26,100,0.26,0.38,0.12,0.0009577274322509766
fri_c2_1000_10,0.26,100,0.26,0.4,0.14,0.0
fri_c2_1000_10,0.26,100,0.26,0.38,0.12,0.0
fri_c2_1000_10,0.26,100,0.26,0.41,0.15,0.0
fri_c2_1000_10,0.26,100,0.26,0.4,0.14,0.0
fri_c2_1000_10,0.26,100,0.26,0.41,0.15,0.0
fri_c2_1000_10,0.26,100,0.26,0.37,0.11,0.009087800979614258
fri_c2_1000_10,0.26,100,0.26,0.35,0.09,0.015079736709594727
fri_c2_1000_10,0.32,100,0.32,0.39,0.07,0.0
fri_c2_1000_10,0.32,100,0.32,0.4,0.08,0.0
fri_c2_1000_10,0.32,100,0.32,0.4,0.08,0.0
fri_c2_1000_10,0.32,100,0.32,0.42,0.1,0.0
fri_c2_1000_10,0.32,100,0.32,0.38,0.06,0.0
fri_c2_1000_10,0.32,100,0.32,0.4,0.08,0.0
fri_c2_1000_10,0.32,100,0.32,0.38,0.06,0.016579389572143555
fri_c2_1000_10,0.32,100,0.32,0.41,0.09,0.0
fri_c2_1000_10,0.32,100,0.32,0.41,0.09,0.0
fri_c2_1000_10,0.32,100,0.32,0.41,0.09,0.0
fri_c2_1000_10,0.37,100,0.37,0.42,0.05,0.0
fri_c2_1000_10,0.37,100,0.37,0.4,0.03,0.01562952995300293
fri_c2_1000_10,0.37,100,0.37,0.42,0.05,0.0
fri_c2_1000_10,0.37,100,0.37,0.41,0.04,0.0020847320556640625
fri_c2_1000_10,0.37,100,0.37,0.4,0.03,0.0
fri_c2_1000_10,0.37,100,0.37,0.4,0.03,0.0
fri_c2_1000_10,0.37,100,0.37,0.4,0.03,0.015702009201049805
fri_c2_1000_10,0.37,100,0.37,0.42,0.05,0.0
fri_c2_1000_10,0.37,100,0.37,0.41,0.04,0.0
fri_c2_1000_10,0.37,100,0.37,0.42,0.05,0.0
fri_c2_1000_10,0.42,100,0.42,0.43,0.01,0.0
fri_c2_1000_10,0.42,100,0.42,0.41,0.01,0.0
fri_c2_1000_10,0.42,100,0.42,0.4,0.02,0.015714406967163086
fri_c2_1000_10,0.42,100,0.42,0.41,0.01,0.0
fri_c2_1000_10,0.42,100,0.42,0.41,0.01,0.0020530223846435547
fri_c2_1000_10,0.42,100,0.42,0.41,0.01,0.0
fri_c2_1000_10,0.42,100,0.42,0.43,0.01,0.0020813941955566406
fri_c2_1000_10,0.42,100,0.42,0.43,0.01,0.0019981861114501953
fri_c2_1000_10,0.42,100,0.42,0.43,0.01,0.0
fri_c2_1000_10,0.42,100,0.42,0.43,0.01,0.0
fri_c2_1000_10,0.47,100,0.47,0.43,0.04,0.0
fri_c2_1000_10,0.47,100,0.47,0.42,0.05,0.0
fri_c2_1000_10,0.47,100,0.47,0.4,0.07,0.0
fri_c2_1000_10,0.47,100,0.47,0.41,0.06,0.0
fri_c2_1000_10,0.47,100,0.47,0.42,0.05,0.0009965896606445312
fri_c2_1000_10,0.47,100,0.47,0.4,0.07,0.0
fri_c2_1000_10,0.47,100,0.47,0.43,0.04,0.0
fri_c2_1000_10,0.47,100,0.47,0.42,0.05,0.0
fri_c2_1000_10,0.47,100,0.47,0.43,0.04,0.0
fri_c2_1000_10,0.47,100,0.47,0.44,0.03,0.0
fri_c2_1000_10,0.53,100,0.53,0.41,0.12,0.0
fri_c2_1000_10,0.53,100,0.53,0.47,0.06,0.0065135955810546875
fri_c2_1000_10,0.53,100,0.53,0.44,0.09,0.0
fri_c2_1000_10,0.53,100,0.53,0.43,0.1,0.0
fri_c2_1000_10,0.53,100,0.53,0.43,0.1,0.0009958744049072266
fri_c2_1000_10,0.53,100,0.53,0.42,0.11,0.0019948482513427734
fri_c2_1000_10,0.53,100,0.53,0.44,0.09,0.0
fri_c2_1000_10,0.53,100,0.53,0.41,0.12,0.0
fri_c2_1000_10,0.53,100,0.53,0.44,0.09,0.0
fri_c2_1000_10,0.53,100,0.53,0.44,0.09,0.0
fri_c2_1000_10,0.58,100,0.58,0.43,0.15,0.0
fri_c2_1000_10,0.58,100,0.58,0.43,0.15,0.0
fri_c2_1000_10,0.58,100,0.58,0.44,0.14,0.0
fri_c2_1000_10,0.58,100,0.58,0.43,0.15,0.0
fri_c2_1000_10,0.58,100,0.58,0.47,0.11,0.0
fri_c2_1000_10,0.58,100,0.58,0.44,0.14,0.0
fri_c2_1000_10,0.58,100,0.58,0.45,0.13,0.0
fri_c2_1000_10,0.58,100,0.58,0.46,0.12,0.0
fri_c2_1000_10,0.58,100,0.58,0.45,0.13,0.0
fri_c2_1000_10,0.58,100,0.58,0.43,0.15,0.0
fri_c2_1000_10,0.63,100,0.63,0.47,0.16,0.0
fri_c2_1000_10,0.63,100,0.63,0.45,0.18,0.0
fri_c2_1000_10,0.63,100,0.63,0.44,0.19,0.0
fri_c2_1000_10,0.63,100,0.63,0.46,0.17,0.0
fri_c2_1000_10,0.63,100,0.63,0.45,0.18,0.0071392059326171875
fri_c2_1000_10,0.63,100,0.63,0.44,0.19,0.0020012855529785156
fri_c2_1000_10,0.63,100,0.63,0.44,0.19,0.0
fri_c2_1000_10,0.63,100,0.63,0.45,0.18,0.0
fri_c2_1000_10,0.63,100,0.63,0.43,0.2,0.0
fri_c2_1000_10,0.63,100,0.63,0.45,0.18,0.0
fri_c2_1000_10,0.68,100,0.68,0.45,0.23,0.0
fri_c2_1000_10,0.68,100,0.68,0.44,0.24,0.0
fri_c2_1000_10,0.68,100,0.68,0.47,0.21,0.0
fri_c2_1000_10,0.68,100,0.68,0.47,0.21,0.0
fri_c2_1000_10,0.68,100,0.68,0.45,0.23,0.0
fri_c2_1000_10,0.68,100,0.68,0.46,0.22,0.0
fri_c2_1000_10,0.68,100,0.68,0.45,0.23,0.0
fri_c2_1000_10,0.68,100,0.68,0.46,0.22,0.015635967254638672
fri_c2_1000_10,0.68,100,0.68,0.45,0.23,0.0
fri_c2_1000_10,0.68,100,0.68,0.45,0.23,0.0
fri_c2_1000_10,0.74,100,0.74,0.44,0.3,0.0
fri_c2_1000_10,0.74,100,0.74,0.47,0.27,0.0
fri_c2_1000_10,0.74,100,0.74,0.47,0.27,0.0
fri_c2_1000_10,0.74,100,0.74,0.47,0.27,0.0
fri_c2_1000_10,0.74,100,0.74,0.48,0.26,0.008579730987548828
fri_c2_1000_10,0.74,100,0.74,0.48,0.26,0.0
fri_c2_1000_10,0.74,100,0.74,0.48,0.26,0.0
fri_c2_1000_10,0.74,100,0.74,0.48,0.26,0.0011565685272216797
fri_c2_1000_10,0.74,100,0.74,0.47,0.27,0.0009999275207519531
fri_c2_1000_10,0.74,100,0.74,0.46,0.28,0.0
fri_c2_1000_10,0.79,100,0.79,0.46,0.33,0.0011332035064697266
fri_c2_1000_10,0.79,100,0.79,0.48,0.31,0.0
fri_c2_1000_10,0.79,100,0.79,0.48,0.31,0.0
fri_c2_1000_10,0.79,100,0.79,0.49,0.3,0.0
fri_c2_1000_10,0.79,100,0.79,0.48,0.31,0.004555463790893555
fri_c2_1000_10,0.79,100,0.79,0.45,0.34,0.0
fri_c2_1000_10,0.79,100,0.79,0.46,0.33,0.0
fri_c2_1000_10,0.79,100,0.79,0.47,0.32,0.0
fri_c2_1000_10,0.79,100,0.79,0.5,0.29,0.0
fri_c2_1000_10,0.79,100,0.79,0.5,0.29,0.0
fri_c2_1000_10,0.84,100,0.84,0.47,0.37,0.0
fri_c2_1000_10,0.84,100,0.84,0.51,0.33,0.0009996891021728516
fri_c2_1000_10,0.84,100,0.84,0.47,0.37,0.0
fri_c2_1000_10,0.84,100,0.84,0.47,0.37,0.0
fri_c2_1000_10,0.84,100,0.84,0.49,0.35,0.0
fri_c2_1000_10,0.84,100,0.84,0.48,0.36,0.0
fri_c2_1000_10,0.84,100,0.84,0.49,0.35,0.0
fri_c2_1000_10,0.84,100,0.84,0.49,0.35,0.0
fri_c2_1000_10,0.84,100,0.84,0.48,0.36,0.0
fri_c2_1000_10,0.84,100,0.84,0.5,0.34,0.0
fri_c2_1000_10,0.89,100,0.89,0.49,0.4,0.015079259872436523
fri_c2_1000_10,0.89,100,0.89,0.5,0.39,0.0
fri_c2_1000_10,0.89,100,0.89,0.49,0.4,0.0
fri_c2_1000_10,0.89,100,0.89,0.49,0.4,0.0018706321716308594
fri_c2_1000_10,0.89,100,0.89,0.47,0.42,0.006083011627197266
fri_c2_1000_10,0.89,100,0.89,0.48,0.41,0.001150369644165039
fri_c2_1000_10,0.89,100,0.89,0.49,0.4,0.0
fri_c2_1000_10,0.89,100,0.89,0.49,0.4,0.0
fri_c2_1000_10,0.89,100,0.89,0.47,0.42,0.0
fri_c2_1000_10,0.89,100,0.89,0.49,0.4,0.0
fri_c2_1000_10,0.95,100,0.95,0.49,0.46,0.0
fri_c2_1000_10,0.95,100,0.95,0.51,0.44,0.0
fri_c2_1000_10,0.95,100,0.95,0.5,0.45,0.0
fri_c2_1000_10,0.95,100,0.95,0.49,0.46,0.0
fri_c2_1000_10,0.95,100,0.95,0.51,0.44,0.0
fri_c2_1000_10,0.95,100,0.95,0.52,0.43,0.0
fri_c2_1000_10,0.95,100,0.95,0.49,0.46,0.005080461502075195
fri_c2_1000_10,0.95,100,0.95,0.5,0.45,0.0
fri_c2_1000_10,0.95,100,0.95,0.51,0.44,0.0
fri_c2_1000_10,0.95,100,0.95,0.51,0.44,0.0010099411010742188
fri_c2_1000_10,1.0,100,1.0,0.52,0.48,0.0
fri_c2_1000_10,1.0,100,1.0,0.51,0.49,0.01562356948852539
fri_c2_1000_10,1.0,100,1.0,0.52,0.48,0.0
fri_c2_1000_10,1.0,100,1.0,0.51,0.49,0.004346370697021484
fri_c2_1000_10,1.0,100,1.0,0.51,0.49,0.0
fri_c2_1000_10,1.0,100,1.0,0.52,0.48,0.014577388763427734
fri_c2_1000_10,1.0,100,1.0,0.52,0.48,0.0
fri_c2_1000_10,1.0,100,1.0,0.51,0.49,0.0
fri_c2_1000_10,1.0,100,1.0,0.51,0.49,0.0
fri_c2_1000_10,1.0,100,1.0,0.51,0.49,0.0
GAMETES_Epistasis_2-Way_20atts_0.1H_EDM-1_1,0.0,100,0.0,0.49,0.49,0.0
GAMETES_Epistasis_2-Way_20atts_0.1H_EDM-1_1,0.0,100,0.0,0.49,0.49,0.0
GAMETES_Epistasis_2-Way_20atts_0.1H_EDM-1_1,0.0,100,0.0,0.49,0.49,0.0021598339080810547
GAMETES_Epistasis_2-Way_20atts_0.1H_EDM-1_1,0.0,100,0.0,0.49,0.49,0.0075685977935791016
GAMETES_Epistasis_2-Way_20atts_0.1H_EDM-1_1,0.0,100,0.0,0.49,0.49,0.0
GAMETES_Epistasis_2-Way_20atts_0.1H_EDM-1_1,0.0,100,0.0,0.49,0.49,0.0
GAMETES_Epistasis_2-Way_20atts_0.1H_EDM-1_1,0.0,100,0.0,0.49,0.49,0.0
GAMETES_Epistasis_2-Way_20atts_0.1H_EDM-1_1,0.0,100,0.0,0.49,0.49,0.0
GAMETES_Epistasis_2-Way_20atts_0.1H_EDM-1_1,0.0,100,0.0,0.49,0.49,0.0
GAMETES_Epistasis_2-Way_20atts_0.1H_EDM-1_1,0.0,100,0.0,0.49,0.49,0.0
GAMETES_Epistasis_2-Way_20atts_0.1H_EDM-1_1,0.05,100,0.05,0.49,0.44,0.0
GAMETES_Epistasis_2-Way_20atts_0.1H_EDM-1_1,0.05,100,0.05,0.49,0.44,0.0
GAMETES_Epistasis_2-Way_20atts_0.1H_EDM-1_1,0.05,100,0.05,0.49,0.44,0.0
GAMETES_Epistasis_2-Way_20atts_0.1H_EDM-1_1,0.05,100,0.05,0.49,0.44,0.0
GAMETES_Epistasis_2-Way_20atts_0.1H_EDM-1_1,0.05,100,0.05,0.49,0.44,0.0
GAMETES_Epistasis_2-Way_20atts_0.1H_EDM-1_1,0.05,100,0.05,0.49,0.44,0.0019998550415039062
GAMETES_Epistasis_2-Way_20atts_0.1H_EDM-1_1,0.05,100,0.05,0.49,0.44,0.0
GAMETES_Epistasis_2-Way_20atts_0.1H_EDM-1_1,0.05,100,0.05,0.49,0.44,0.0
GAMETES_Epistasis_2-Way_20atts_0.1H_EDM-1_1,0.05,100,0.05,0.49,0.44,0.0
GAMETES_Epistasis_2-Way_20atts_0.1H_EDM-1_1,0.05,100,0.05,0.49,0.44,0.001991748809814453
GAMETES_Epistasis_2-Way_20atts_0.1H_EDM-1_1,0.11,100,0.11,0.49,0.38,0.0
GAMETES_Epistasis_2-Way_20atts_0.1H_EDM-1_1,0.11,100,0.11,0.49,0.38,0.004086494445800781
GAMETES_Epistasis_2-Way_20atts_0.1H_EDM-1_1,0.11,100,0.11,0.49,0.38,0.009589195251464844
GAMETES_Epistasis_2-Way_20atts_0.1H_EDM-1_1,0.11,100,0.11,0.49,0.38,0.0
GAMETES_Epistasis_2-Way_20atts_0.1H_EDM-1_1,0.11,100,0.11,0.49,0.38,0.0
GAMETES_Epistasis_2-Way_20atts_0.1H_EDM-1_1,0.11,100,0.11,0.49,0.38,0.0
GAMETES_Epistasis_2-Way_20atts_0.1H_EDM-1_1,0.11,100,0.11,0.49,0.38,0.0
GAMETES_Epistasis_2-Way_20atts_0.1H_EDM-1_1,0.11,100,0.11,0.49,0.38,0.0
GAMETES_Epistasis_2-Way_20atts_0.1H_EDM-1_1,0.11,100,0.11,0.49,0.38,0.0
GAMETES_Epistasis_2-Way_20atts_0.1H_EDM-1_1,0.11,100,0.11,0.49,0.38,0.0
GAMETES_Epistasis_2-Way_20atts_0.1H_EDM-1_1,0.16,100,0.16,0.49,0.33,0.0
GAMETES_Epistasis_2-Way_20atts_0.1H_EDM-1_1,0.16,100,0.16,0.49,0.33,0.0
GAMETES_Epistasis_2-Way_20atts_0.1H_EDM-1_1,0.16,100,0.16,0.49,0.33,0.0
GAMETES_Epistasis_2-Way_20atts_0.1H_EDM-1_1,0.16,100,0.16,0.49,0.33,0.0019991397857666016
GAMETES_Epistasis_2-Way_20atts_0.1H_EDM-1_1,0.16,100,0.16,0.49,0.33,0.001857757568359375
GAMETES_Epistasis_2-Way_20atts_0.1H_EDM-1_1,0.16,100,0.16,0.49,0.33,0.0
GAMETES_Epistasis_2-Way_20atts_0.1H_EDM-1_1,0.16,100,0.16,0.49,0.33,0.004386425018310547
GAMETES_Epistasis_2-Way_20atts_0.1H_EDM-1_1,0.16,100,0.16,0.49,0.33,0.0
GAMETES_Epistasis_2-Way_20atts_0.1H_EDM-1_1,0.16,100,0.16,0.49,0.33,0.0
GAMETES_Epistasis_2-Way_20atts_0.1H_EDM-1_1,0.16,100,0.16,0.49,0.33,0.0
GAMETES_Epistasis_2-Way_20atts_0.1H_EDM-1_1,0.21,100,0.21,0.49,0.28,0.0
GAMETES_Epistasis_2-Way_20atts_0.1H_EDM-1_1,0.21,100,0.21,0.49,0.28,0.0
GAMETES_Epistasis_2-Way_20atts_0.1H_EDM-1_1,0.21,100,0.21,0.49,0.28,0.0
GAMETES_Epistasis_2-Way_20atts_0.1H_EDM-1_1,0.21,100,0.21,0.49,0.28,0.0
GAMETES_Epistasis_2-Way_20atts_0.1H_EDM-1_1,0.21,100,0.21,0.49,0.28,0.0
GAMETES_Epistasis_2-Way_20atts_0.1H_EDM-1_1,0.21,100,0.21,0.49,0.28,0.0
GAMETES_Epistasis_2-Way_20atts_0.1H_EDM-1_1,0.21,100,0.21,0.49,0.28,0.016400814056396484
GAMETES_Epistasis_2-Way_20atts_0.1H_EDM-1_1,0.21,100,0.21,0.49,0.28,0.0
GAMETES_Epistasis_2-Way_20atts_0.1H_EDM-1_1,0.21,100,0.21,0.49,0.28,0.0
GAMETES_Epistasis_2-Way_20atts_0.1H_EDM-1_1,0.21,100,0.21,0.49,0.28,0.0
GAMETES_Epistasis_2-Way_20atts_0.1H_EDM-1_1,0.26,100,0.26,0.49,0.23,0.015623807907104492
GAMETES_Epistasis_2-Way_20atts_0.1H_EDM-1_1,0.26,100,0.26,0.49,0.23,0.0
GAMETES_Epistasis_2-Way_20atts_0.1H_EDM-1_1,0.26,100,0.26,0.49,0.23,0.0
GAMETES_Epistasis_2-Way_20atts_0.1H_EDM-1_1,0.26,100,0.26,0.49,0.23,0.0
GAMETES_Epistasis_2-Way_20atts_0.1H_EDM-1_1,0.26,100,0.26,0.49,0.23,0.0
GAMETES_Epistasis_2-Way_20atts_0.1H_EDM-1_1,0.26,100,0.26,0.49,0.23,0.0
GAMETES_Epistasis_2-Way_20atts_0.1H_EDM-1_1,0.26,100,0.26,0.49,0.23,0.0
GAMETES_Epistasis_2-Way_20atts_0.1H_EDM-1_1,0.26,100,0.26,0.49,0.23,0.015622854232788086
GAMETES_Epistasis_2-Way_20atts_0.1H_EDM-1_1,0.26,100,0.26,0.49,0.23,0.0009930133819580078
GAMETES_Epistasis_2-Way_20atts_0.1H_EDM-1_1,0.26,100,0.26,0.49,0.23,0.0
GAMETES_Epistasis_2-Way_20atts_0.1H_EDM-1_1,0.32,100,0.32,0.49,0.17,0.0
GAMETES_Epistasis_2-Way_20atts_0.1H_EDM-1_1,0.32,100,0.32,0.49,0.17,0.0
GAMETES_Epistasis_2-Way_20atts_0.1H_EDM-1_1,0.32,100,0.32,0.49,0.17,0.0
GAMETES_Epistasis_2-Way_20atts_0.1H_EDM-1_1,0.32,100,0.32,0.49,0.17,0.015578269958496094
GAMETES_Epistasis_2-Way_20atts_0.1H_EDM-1_1,0.32,100,0.32,0.49,0.17,0.0
GAMETES_Epistasis_2-Way_20atts_0.1H_EDM-1_1,0.32,100,0.32,0.49,0.17,0.0
GAMETES_Epistasis_2-Way_20atts_0.1H_EDM-1_1,0.32,100,0.32,0.49,0.17,0.0015513896942138672
GAMETES_Epistasis_2-Way_20atts_0.1H_EDM-1_1,0.32,100,0.32,0.49,0.17,0.0
GAMETES_Epistasis_2-Way_20atts_0.1H_EDM-1_1,0.32,100,0.32,0.49,0.17,0.0
GAMETES_Epistasis_2-Way_20atts_0.1H_EDM-1_1,0.32,100,0.32,0.49,0.17,0.015708208084106445
GAMETES_Epistasis_2-Way_20atts_0.1H_EDM-1_1,0.37,100,0.37,0.49,0.12,0.0
GAMETES_Epistasis_2-Way_20atts_0.1H_EDM-1_1,0.37,100,0.37,0.49,0.12,0.0
GAMETES_Epistasis_2-Way_20atts_0.1H_EDM-1_1,0.37,100,0.37,0.49,0.12,0.0
GAMETES_Epistasis_2-Way_20atts_0.1H_EDM-1_1,0.37,100,0.37,0.49,0.12,0.0
GAMETES_Epistasis_2-Way_20atts_0.1H_EDM-1_1,0.37,100,0.37,0.49,0.12,0.0
GAMETES_Epistasis_2-Way_20atts_0.1H_EDM-1_1,0.37,100,0.37,0.49,0.12,0.00461268424987793
GAMETES_Epistasis_2-Way_20atts_0.1H_EDM-1_1,0.37,100,0.37,0.49,0.12,0.0
GAMETES_Epistasis_2-Way_20atts_0.1H_EDM-1_1,0.37,100,0.37,0.49,0.12,0.0
GAMETES_Epistasis_2-Way_20atts_0.1H_EDM-1_1,0.37,100,0.37,0.49,0.12,0.0
GAMETES_Epistasis_2-Way_20atts_0.1H_EDM-1_1,0.37,100,0.37,0.49,0.12,0.0
GAMETES_Epistasis_2-Way_20atts_0.1H_EDM-1_1,0.42,100,0.42,0.49,0.07,0.0
GAMETES_Epistasis_2-Way_20atts_0.1H_EDM-1_1,0.42,100,0.42,0.49,0.07,0.0
GAMETES_Epistasis_2-Way_20atts_0.1H_EDM-1_1,0.42,100,0.42,0.49,0.07,0.0
GAMETES_Epistasis_2-Way_20atts_0.1H_EDM-1_1,0.42,100,0.42,0.49,0.07,0.0
GAMETES_Epistasis_2-Way_20atts_0.1H_EDM-1_1,0.42,100,0.42,0.49,0.07,0.001012563705444336
GAMETES_Epistasis_2-Way_20atts_0.1H_EDM-1_1,0.42,100,0.42,0.49,0.07,0.0017960071563720703
GAMETES_Epistasis_2-Way_20atts_0.1H_EDM-1_1,0.42,100,0.42,0.49,0.07,0.0
GAMETES_Epistasis_2-Way_20atts_0.1H_EDM-1_1,0.42,100,0.42,0.49,0.07,0.0
GAMETES_Epistasis_2-Way_20atts_0.1H_EDM-1_1,0.42,100,0.42,0.49,0.07,0.0
GAMETES_Epistasis_2-Way_20atts_0.1H_EDM-1_1,0.42,100,0.42,0.49,0.07,0.0
GAMETES_Epistasis_2-Way_20atts_0.1H_EDM-1_1,0.47,100,0.47,0.49,0.02,0.0
GAMETES_Epistasis_2-Way_20atts_0.1H_EDM-1_1,0.47,100,0.47,0.49,0.02,0.0
GAMETES_Epistasis_2-Way_20atts_0.1H_EDM-1_1,0.47,100,0.47,0.49,0.02,0.0
GAMETES_Epistasis_2-Way_20atts_0.1H_EDM-1_1,0.47,100,0.47,0.49,0.02,0.0156404972076416
GAMETES_Epistasis_2-Way_20atts_0.1H_EDM-1_1,0.47,100,0.47,0.49,0.02,0.0
GAMETES_Epistasis_2-Way_20atts_0.1H_EDM-1_1,0.47,100,0.47,0.49,0.02,0.0
GAMETES_Epistasis_2-Way_20atts_0.1H_EDM-1_1,0.47,100,0.47,0.49,0.02,0.0
GAMETES_Epistasis_2-Way_20atts_0.1H_EDM-1_1,0.47,100,0.47,0.49,0.02,0.0
GAMETES_Epistasis_2-Way_20atts_0.1H_EDM-1_1,0.47,100,0.47,0.49,0.02,0.0
GAMETES_Epistasis_2-Way_20atts_0.1H_EDM-1_1,0.47,100,0.47,0.49,0.02,0.008083820343017578
GAMETES_Epistasis_2-Way_20atts_0.1H_EDM-1_1,0.53,100,0.53,0.49,0.04,0.0
GAMETES_Epistasis_2-Way_20atts_0.1H_EDM-1_1,0.53,100,0.53,0.49,0.04,0.0
GAMETES_Epistasis_2-Way_20atts_0.1H_EDM-1_1,0.53,100,0.53,0.49,0.04,0.0
GAMETES_Epistasis_2-Way_20atts_0.1H_EDM-1_1,0.53,100,0.53,0.49,0.04,0.0
GAMETES_Epistasis_2-Way_20atts_0.1H_EDM-1_1,0.53,100,0.53,0.49,0.04,0.002007007598876953
GAMETES_Epistasis_2-Way_20atts_0.1H_EDM-1_1,0.53,100,0.53,0.49,0.04,0.0020020008087158203
GAMETES_Epistasis_2-Way_20atts_0.1H_EDM-1_1,0.53,100,0.53,0.49,0.04,0.0
GAMETES_Epistasis_2-Way_20atts_0.1H_EDM-1_1,0.53,100,0.53,0.49,0.04,0.0
GAMETES_Epistasis_2-Way_20atts_0.1H_EDM-1_1,0.53,100,0.53,0.49,0.04,0.0
GAMETES_Epistasis_2-Way_20atts_0.1H_EDM-1_1,0.53,100,0.53,0.49,0.04,0.0
GAMETES_Epistasis_2-Way_20atts_0.1H_EDM-1_1,0.58,100,0.58,0.49,0.09,0.0
GAMETES_Epistasis_2-Way_20atts_0.1H_EDM-1_1,0.58,100,0.58,0.49,0.09,0.0
GAMETES_Epistasis_2-Way_20atts_0.1H_EDM-1_1,0.58,100,0.58,0.49,0.09,0.0
GAMETES_Epistasis_2-Way_20atts_0.1H_EDM-1_1,0.58,100,0.58,0.49,0.09,0.0
GAMETES_Epistasis_2-Way_20atts_0.1H_EDM-1_1,0.58,100,0.58,0.49,0.09,0.0
GAMETES_Epistasis_2-Way_20atts_0.1H_EDM-1_1,0.58,100,0.58,0.49,0.09,0.0011239051818847656
GAMETES_Epistasis_2-Way_20atts_0.1H_EDM-1_1,0.58,100,0.58,0.49,0.09,0.0156252384185791
GAMETES_Epistasis_2-Way_20atts_0.1H_EDM-1_1,0.58,100,0.58,0.49,0.09,0.010092973709106445
GAMETES_Epistasis_2-Way_20atts_0.1H_EDM-1_1,0.58,100,0.58,0.49,0.09,0.0
GAMETES_Epistasis_2-Way_20atts_0.1H_EDM-1_1,0.58,100,0.58,0.49,0.09,0.0
GAMETES_Epistasis_2-Way_20atts_0.1H_EDM-1_1,0.63,100,0.63,0.49,0.14,0.0
GAMETES_Epistasis_2-Way_20atts_0.1H_EDM-1_1,0.63,100,0.63,0.49,0.14,0.0012066364288330078
GAMETES_Epistasis_2-Way_20atts_0.1H_EDM-1_1,0.63,100,0.63,0.49,0.14,0.002130746841430664
GAMETES_Epistasis_2-Way_20atts_0.1H_EDM-1_1,0.63,100,0.63,0.49,0.14,0.0010027885437011719
GAMETES_Epistasis_2-Way_20atts_0.1H_EDM-1_1,0.63,100,0.63,0.49,0.14,0.002039194107055664
GAMETES_Epistasis_2-Way_20atts_0.1H_EDM-1_1,0.63,100,0.63,0.49,0.14,0.0
GAMETES_Epistasis_2-Way_20atts_0.1H_EDM-1_1,0.63,100,0.63,0.49,0.14,0.0
GAMETES_Epistasis_2-Way_20atts_0.1H_EDM-1_1,0.63,100,0.63,0.49,0.14,0.0
GAMETES_Epistasis_2-Way_20atts_0.1H_EDM-1_1,0.63,100,0.63,0.49,0.14,0.0010688304901123047
GAMETES_Epistasis_2-Way_20atts_0.1H_EDM-1_1,0.63,100,0.63,0.49,0.14,0.001001119613647461
GAMETES_Epistasis_2-Way_20atts_0.1H_EDM-1_1,0.68,100,0.68,0.49,0.19,0.002012491226196289
GAMETES_Epistasis_2-Way_20atts_0.1H_EDM-1_1,0.68,100,0.68,0.49,0.19,0.0021200180053710938
GAMETES_Epistasis_2-Way_20atts_0.1H_EDM-1_1,0.68,100,0.68,0.49,0.19,0.001008749008178711
GAMETES_Epistasis_2-Way_20atts_0.1H_EDM-1_1,0.68,100,0.68,0.49,0.19,0.002118825912475586
GAMETES_Epistasis_2-Way_20atts_0.1H_EDM-1_1,0.68,100,0.68,0.49,0.19,0.0010066032409667969
GAMETES_Epistasis_2-Way_20atts_0.1H_EDM-1_1,0.68,100,0.68,0.49,0.19,0.000993967056274414
GAMETES_Epistasis_2-Way_20atts_0.1H_EDM-1_1,0.68,100,0.68,0.49,0.19,0.001007080078125
GAMETES_Epistasis_2-Way_20atts_0.1H_EDM-1_1,0.68,100,0.68,0.49,0.19,0.0021119117736816406
GAMETES_Epistasis_2-Way_20atts_0.1H_EDM-1_1,0.68,100,0.68,0.49,0.19,0.0010001659393310547
GAMETES_Epistasis_2-Way_20atts_0.1H_EDM-1_1,0.68,100,0.68,0.49,0.19,0.002004384994506836
GAMETES_Epistasis_2-Way_20atts_0.1H_EDM-1_1,0.74,100,0.74,0.49,0.25,0.0020017623901367188
GAMETES_Epistasis_2-Way_20atts_0.1H_EDM-1_1,0.74,100,0.74,0.49,0.25,0.0009331703186035156
GAMETES_Epistasis_2-Way_20atts_0.1H_EDM-1_1,0.74,100,0.74,0.49,0.25,0.0020051002502441406
GAMETES_Epistasis_2-Way_20atts_0.1H_EDM-1_1,0.74,100,0.74,0.49,0.25,0.0009996891021728516
GAMETES_Epistasis_2-Way_20atts_0.1H_EDM-1_1,0.74,100,0.74,0.49,0.25,0.0020780563354492188
GAMETES_Epistasis_2-Way_20atts_0.1H_EDM-1_1,0.74,100,0.74,0.49,0.25,0.0009989738464355469
GAMETES_Epistasis_2-Way_20atts_0.1H_EDM-1_1,0.74,100,0.74,0.49,0.25,0.002103090286254883
GAMETES_Epistasis_2-Way_20atts_0.1H_EDM-1_1,0.74,100,0.74,0.49,0.25,0.0011849403381347656
GAMETES_Epistasis_2-Way_20atts_0.1H_EDM-1_1,0.74,100,0.74,0.49,0.25,0.0020804405212402344
GAMETES_Epistasis_2-Way_20atts_0.1H_EDM-1_1,0.74,100,0.74,0.49,0.25,0.0019283294677734375
GAMETES_Epistasis_2-Way_20atts_0.1H_EDM-1_1,0.79,100,0.79,0.49,0.3,0.0010118484497070312
GAMETES_Epistasis_2-Way_20atts_0.1H_EDM-1_1,0.79,100,0.79,0.49,0.3,0.0019953250885009766
GAMETES_Epistasis_2-Way_20atts_0.1H_EDM-1_1,0.79,100,0.79,0.49,0.3,0.001999378204345703
GAMETES_Epistasis_2-Way_20atts_0.1H_EDM-1_1,0.79,100,0.79,0.49,0.3,0.0016765594482421875
GAMETES_Epistasis_2-Way_20atts_0.1H_EDM-1_1,0.79,100,0.79,0.49,0.3,0.0006899833679199219
GAMETES_Epistasis_2-Way_20atts_0.1H_EDM-1_1,0.79,100,0.79,0.49,0.3,0.0010616779327392578
GAMETES_Epistasis_2-Way_20atts_0.1H_EDM-1_1,0.79,100,0.79,0.49,0.3,0.0010676383972167969
GAMETES_Epistasis_2-Way_20atts_0.1H_EDM-1_1,0.79,100,0.79,0.49,0.3,0.0020012855529785156
GAMETES_Epistasis_2-Way_20atts_0.1H_EDM-1_1,0.79,100,0.79,0.49,0.3,0.0020627975463867188
GAMETES_Epistasis_2-Way_20atts_0.1H_EDM-1_1,0.79,100,0.79,0.49,0.3,0.001001596450805664
GAMETES_Epistasis_2-Way_20atts_0.1H_EDM-1_1,0.84,100,0.84,0.49,0.35,0.0009922981262207031
GAMETES_Epistasis_2-Way_20atts_0.1H_EDM-1_1,0.84,100,0.84,0.49,0.35,0.0010845661163330078
GAMETES_Epistasis_2-Way_20atts_0.1H_EDM-1_1,0.84,100,0.84,0.49,0.35,0.0009982585906982422
GAMETES_Epistasis_2-Way_20atts_0.1H_EDM-1_1,0.84,100,0.84,0.49,0.35,0.0020024776458740234
GAMETES_Epistasis_2-Way_20atts_0.1H_EDM-1_1,0.84,100,0.84,0.49,0.35,0.001077413558959961
GAMETES_Epistasis_2-Way_20atts_0.1H_EDM-1_1,0.84,100,0.84,0.49,0.35,0.0021407604217529297
GAMETES_Epistasis_2-Way_20atts_0.1H_EDM-1_1,0.84,100,0.84,0.49,0.35,0.001987934112548828
GAMETES_Epistasis_2-Way_20atts_0.1H_EDM-1_1,0.84,100,0.84,0.49,0.35,0.0021452903747558594
GAMETES_Epistasis_2-Way_20atts_0.1H_EDM-1_1,0.84,100,0.84,0.49,0.35,0.0010023117065429688
GAMETES_Epistasis_2-Way_20atts_0.1H_EDM-1_1,0.84,100,0.84,0.49,0.35,0.0009999275207519531
GAMETES_Epistasis_2-Way_20atts_0.1H_EDM-1_1,0.89,100,0.89,0.49,0.4,0.0010447502136230469
GAMETES_Epistasis_2-Way_20atts_0.1H_EDM-1_1,0.89,100,0.89,0.49,0.4,0.0022552013397216797
GAMETES_Epistasis_2-Way_20atts_0.1H_EDM-1_1,0.89,100,0.89,0.49,0.4,0.0010037422180175781
GAMETES_Epistasis_2-Way_20atts_0.1H_EDM-1_1,0.89,100,0.89,0.49,0.4,0.0009963512420654297
GAMETES_Epistasis_2-Way_20atts_0.1H_EDM-1_1,0.89,100,0.89,0.49,0.4,0.0030050277709960938
GAMETES_Epistasis_2-Way_20atts_0.1H_EDM-1_1,0.89,100,0.89,0.49,0.4,0.0009899139404296875
GAMETES_Epistasis_2-Way_20atts_0.1H_EDM-1_1,0.89,100,0.89,0.49,0.4,0.0013091564178466797
GAMETES_Epistasis_2-Way_20atts_0.1H_EDM-1_1,0.89,100,0.89,0.49,0.4,0.0029954910278320312
GAMETES_Epistasis_2-Way_20atts_0.1H_EDM-1_1,0.89,100,0.89,0.49,0.4,0.0021927356719970703
GAMETES_Epistasis_2-Way_20atts_0.1H_EDM-1_1,0.89,100,0.89,0.49,0.4,0.0
GAMETES_Epistasis_2-Way_20atts_0.1H_EDM-1_1,0.95,100,0.95,0.49,0.46,0.0
GAMETES_Epistasis_2-Way_20atts_0.1H_EDM-1_1,0.95,100,0.95,0.49,0.46,0.0
GAMETES_Epistasis_2-Way_20atts_0.1H_EDM-1_1,0.95,100,0.95,0.49,0.46,0.0
GAMETES_Epistasis_2-Way_20atts_0.1H_EDM-1_1,0.95,100,0.95,0.49,0.46,0.0
GAMETES_Epistasis_2-Way_20atts_0.1H_EDM-1_1,0.95,100,0.95,0.49,0.46,0.0
GAMETES_Epistasis_2-Way_20atts_0.1H_EDM-1_1,0.95,100,0.95,0.49,0.46,0.0
GAMETES_Epistasis_2-Way_20atts_0.1H_EDM-1_1,0.95,100,0.95,0.49,0.46,0.0
GAMETES_Epistasis_2-Way_20atts_0.1H_EDM-1_1,0.95,100,0.95,0.49,0.46,0.0010001659393310547
GAMETES_Epistasis_2-Way_20atts_0.1H_EDM-1_1,0.95,100,0.95,0.49,0.46,0.001725912094116211
GAMETES_Epistasis_2-Way_20atts_0.1H_EDM-1_1,0.95,100,0.95,0.49,0.46,0.0
GAMETES_Epistasis_2-Way_20atts_0.1H_EDM-1_1,1.0,100,1.0,0.49,0.51,0.0
GAMETES_Epistasis_2-Way_20atts_0.1H_EDM-1_1,1.0,100,1.0,0.49,0.51,0.0
GAMETES_Epistasis_2-Way_20atts_0.1H_EDM-1_1,1.0,100,1.0,0.49,0.51,0.0
GAMETES_Epistasis_2-Way_20atts_0.1H_EDM-1_1,1.0,100,1.0,0.49,0.51,0.015623092651367188
GAMETES_Epistasis_2-Way_20atts_0.1H_EDM-1_1,1.0,100,1.0,0.49,0.51,0.0156252384185791
GAMETES_Epistasis_2-Way_20atts_0.1H_EDM-1_1,1.0,100,1.0,0.49,0.51,0.0
GAMETES_Epistasis_2-Way_20atts_0.1H_EDM-1_1,1.0,100,1.0,0.49,0.51,0.0
GAMETES_Epistasis_2-Way_20atts_0.1H_EDM-1_1,1.0,100,1.0,0.49,0.51,0.0
GAMETES_Epistasis_2-Way_20atts_0.1H_EDM-1_1,1.0,100,1.0,0.49,0.51,0.015698909759521484
GAMETES_Epistasis_2-Way_20atts_0.1H_EDM-1_1,1.0,100,1.0,0.49,0.51,0.0
GAMETES_Epistasis_2-Way_20atts_0.4H_EDM-1_1,0.0,100,0.0,0.49,0.49,0.01335763931274414
GAMETES_Epistasis_2-Way_20atts_0.4H_EDM-1_1,0.0,100,0.0,0.49,0.49,0.0
GAMETES_Epistasis_2-Way_20atts_0.4H_EDM-1_1,0.0,100,0.0,0.49,0.49,0.0
GAMETES_Epistasis_2-Way_20atts_0.4H_EDM-1_1,0.0,100,0.0,0.49,0.49,0.0
GAMETES_Epistasis_2-Way_20atts_0.4H_EDM-1_1,0.0,100,0.0,0.49,0.49,0.0
GAMETES_Epistasis_2-Way_20atts_0.4H_EDM-1_1,0.0,100,0.0,0.49,0.49,0.015712499618530273
GAMETES_Epistasis_2-Way_20atts_0.4H_EDM-1_1,0.0,100,0.0,0.49,0.49,0.0
GAMETES_Epistasis_2-Way_20atts_0.4H_EDM-1_1,0.0,100,0.0,0.49,0.49,0.0
GAMETES_Epistasis_2-Way_20atts_0.4H_EDM-1_1,0.0,100,0.0,0.49,0.49,0.0
GAMETES_Epistasis_2-Way_20atts_0.4H_EDM-1_1,0.0,100,0.0,0.49,0.49,0.0
GAMETES_Epistasis_2-Way_20atts_0.4H_EDM-1_1,0.05,100,0.05,0.49,0.44,0.0
GAMETES_Epistasis_2-Way_20atts_0.4H_EDM-1_1,0.05,100,0.05,0.49,0.44,0.0
GAMETES_Epistasis_2-Way_20atts_0.4H_EDM-1_1,0.05,100,0.05,0.49,0.44,0.0
GAMETES_Epistasis_2-Way_20atts_0.4H_EDM-1_1,0.05,100,0.05,0.49,0.44,0.0
GAMETES_Epistasis_2-Way_20atts_0.4H_EDM-1_1,0.05,100,0.05,0.49,0.44,0.0
GAMETES_Epistasis_2-Way_20atts_0.4H_EDM-1_1,0.05,100,0.05,0.49,0.44,0.0
GAMETES_Epistasis_2-Way_20atts_0.4H_EDM-1_1,0.05,100,0.05,0.49,0.44,0.0
GAMETES_Epistasis_2-Way_20atts_0.4H_EDM-1_1,0.05,100,0.05,0.49,0.44,0.0
GAMETES_Epistasis_2-Way_20atts_0.4H_EDM-1_1,0.05,100,0.05,0.49,0.44,0.0
GAMETES_Epistasis_2-Way_20atts_0.4H_EDM-1_1,0.05,100,0.05,0.49,0.44,0.001035451889038086
GAMETES_Epistasis_2-Way_20atts_0.4H_EDM-1_1,0.11,100,0.11,0.49,0.38,0.015609264373779297
GAMETES_Epistasis_2-Way_20atts_0.4H_EDM-1_1,0.11,100,0.11,0.49,0.38,0.0
GAMETES_Epistasis_2-Way_20atts_0.4H_EDM-1_1,0.11,100,0.11,0.49,0.38,0.0010063648223876953
GAMETES_Epistasis_2-Way_20atts_0.4H_EDM-1_1,0.11,100,0.11,0.49,0.38,0.0016484260559082031
GAMETES_Epistasis_2-Way_20atts_0.4H_EDM-1_1,0.11,100,0.11,0.49,0.38,0.0
GAMETES_Epistasis_2-Way_20atts_0.4H_EDM-1_1,0.11,100,0.11,0.49,0.38,0.0
GAMETES_Epistasis_2-Way_20atts_0.4H_EDM-1_1,0.11,100,0.11,0.49,0.38,0.0
GAMETES_Epistasis_2-Way_20atts_0.4H_EDM-1_1,0.11,100,0.11,0.49,0.38,0.0
GAMETES_Epistasis_2-Way_20atts_0.4H_EDM-1_1,0.11,100,0.11,0.49,0.38,0.015634775161743164
GAMETES_Epistasis_2-Way_20atts_0.4H_EDM-1_1,0.11,100,0.11,0.49,0.38,0.0
GAMETES_Epistasis_2-Way_20atts_0.4H_EDM-1_1,0.16,100,0.16,0.49,0.33,0.0
GAMETES_Epistasis_2-Way_20atts_0.4H_EDM-1_1,0.16,100,0.16,0.49,0.33,0.0009949207305908203
GAMETES_Epistasis_2-Way_20atts_0.4H_EDM-1_1,0.16,100,0.16,0.49,0.33,0.0
GAMETES_Epistasis_2-Way_20atts_0.4H_EDM-1_1,0.16,100,0.16,0.49,0.33,0.0
GAMETES_Epistasis_2-Way_20atts_0.4H_EDM-1_1,0.16,100,0.16,0.49,0.33,0.0
GAMETES_Epistasis_2-Way_20atts_0.4H_EDM-1_1,0.16,100,0.16,0.49,0.33,0.0
GAMETES_Epistasis_2-Way_20atts_0.4H_EDM-1_1,0.16,100,0.16,0.49,0.33,0.01562976837158203
GAMETES_Epistasis_2-Way_20atts_0.4H_EDM-1_1,0.16,100,0.16,0.49,0.33,0.0
GAMETES_Epistasis_2-Way_20atts_0.4H_EDM-1_1,0.16,100,0.16,0.49,0.33,0.0
GAMETES_Epistasis_2-Way_20atts_0.4H_EDM-1_1,0.16,100,0.16,0.49,0.33,0.015083074569702148
GAMETES_Epistasis_2-Way_20atts_0.4H_EDM-1_1,0.21,100,0.21,0.49,0.28,0.0
GAMETES_Epistasis_2-Way_20atts_0.4H_EDM-1_1,0.21,100,0.21,0.49,0.28,0.0010840892791748047
GAMETES_Epistasis_2-Way_20atts_0.4H_EDM-1_1,0.21,100,0.21,0.49,0.28,0.0
GAMETES_Epistasis_2-Way_20atts_0.4H_EDM-1_1,0.21,100,0.21,0.49,0.28,0.0
GAMETES_Epistasis_2-Way_20atts_0.4H_EDM-1_1,0.21,100,0.21,0.49,0.28,0.0
GAMETES_Epistasis_2-Way_20atts_0.4H_EDM-1_1,0.21,100,0.21,0.49,0.28,0.0
GAMETES_Epistasis_2-Way_20atts_0.4H_EDM-1_1,0.21,100,0.21,0.49,0.28,0.0
GAMETES_Epistasis_2-Way_20atts_0.4H_EDM-1_1,0.21,100,0.21,0.49,0.28,0.0
GAMETES_Epistasis_2-Way_20atts_0.4H_EDM-1_1,0.21,100,0.21,0.49,0.28,0.0
GAMETES_Epistasis_2-Way_20atts_0.4H_EDM-1_1,0.21,100,0.21,0.49,0.28,0.0
GAMETES_Epistasis_2-Way_20atts_0.4H_EDM-1_1,0.26,100,0.26,0.49,0.23,0.015083789825439453
GAMETES_Epistasis_2-Way_20atts_0.4H_EDM-1_1,0.26,100,0.26,0.49,0.23,0.0
GAMETES_Epistasis_2-Way_20atts_0.4H_EDM-1_1,0.26,100,0.26,0.49,0.23,0.0020003318786621094
GAMETES_Epistasis_2-Way_20atts_0.4H_EDM-1_1,0.26,100,0.26,0.49,0.23,0.0
GAMETES_Epistasis_2-Way_20atts_0.4H_EDM-1_1,0.26,100,0.26,0.49,0.23,0.0
GAMETES_Epistasis_2-Way_20atts_0.4H_EDM-1_1,0.26,100,0.26,0.49,0.23,0.0
GAMETES_Epistasis_2-Way_20atts_0.4H_EDM-1_1,0.26,100,0.26,0.49,0.23,0.0
GAMETES_Epistasis_2-Way_20atts_0.4H_EDM-1_1,0.26,100,0.26,0.49,0.23,0.0
GAMETES_Epistasis_2-Way_20atts_0.4H_EDM-1_1,0.26,100,0.26,0.49,0.23,0.0
GAMETES_Epistasis_2-Way_20atts_0.4H_EDM-1_1,0.26,100,0.26,0.49,0.23,0.0
GAMETES_Epistasis_2-Way_20atts_0.4H_EDM-1_1,0.32,100,0.32,0.49,0.17,0.0
GAMETES_Epistasis_2-Way_20atts_0.4H_EDM-1_1,0.32,100,0.32,0.49,0.17,0.0
GAMETES_Epistasis_2-Way_20atts_0.4H_EDM-1_1,0.32,100,0.32,0.49,0.17,0.010645627975463867
GAMETES_Epistasis_2-Way_20atts_0.4H_EDM-1_1,0.32,100,0.32,0.49,0.17,0.0
GAMETES_Epistasis_2-Way_20atts_0.4H_EDM-1_1,0.32,100,0.32,0.49,0.17,0.0045850276947021484
GAMETES_Epistasis_2-Way_20atts_0.4H_EDM-1_1,0.32,100,0.32,0.49,0.17,0.0
GAMETES_Epistasis_2-Way_20atts_0.4H_EDM-1_1,0.32,100,0.32,0.49,0.17,0.0
GAMETES_Epistasis_2-Way_20atts_0.4H_EDM-1_1,0.32,100,0.32,0.49,0.17,0.0
GAMETES_Epistasis_2-Way_20atts_0.4H_EDM-1_1,0.32,100,0.32,0.49,0.17,0.015719175338745117
GAMETES_Epistasis_2-Way_20atts_0.4H_EDM-1_1,0.32,100,0.32,0.49,0.17,0.0
GAMETES_Epistasis_2-Way_20atts_0.4H_EDM-1_1,0.37,100,0.37,0.49,0.12,0.0
GAMETES_Epistasis_2-Way_20atts_0.4H_EDM-1_1,0.37,100,0.37,0.49,0.12,0.0
GAMETES_Epistasis_2-Way_20atts_0.4H_EDM-1_1,0.37,100,0.37,0.49,0.12,0.0
GAMETES_Epistasis_2-Way_20atts_0.4H_EDM-1_1,0.37,100,0.37,0.49,0.12,0.0
GAMETES_Epistasis_2-Way_20atts_0.4H_EDM-1_1,0.37,100,0.37,0.49,0.12,0.0
GAMETES_Epistasis_2-Way_20atts_0.4H_EDM-1_1,0.37,100,0.37,0.49,0.12,0.0
GAMETES_Epistasis_2-Way_20atts_0.4H_EDM-1_1,0.37,100,0.37,0.49,0.12,0.0
GAMETES_Epistasis_2-Way_20atts_0.4H_EDM-1_1,0.37,100,0.37,0.49,0.12,0.0
GAMETES_Epistasis_2-Way_20atts_0.4H_EDM-1_1,0.37,100,0.37,0.49,0.12,0.0
GAMETES_Epistasis_2-Way_20atts_0.4H_EDM-1_1,0.37,100,0.37,0.49,0.12,0.0
GAMETES_Epistasis_2-Way_20atts_0.4H_EDM-1_1,0.42,100,0.42,0.49,0.07,0.001997709274291992
GAMETES_Epistasis_2-Way_20atts_0.4H_EDM-1_1,0.42,100,0.42,0.49,0.07,0.01648235321044922
GAMETES_Epistasis_2-Way_20atts_0.4H_EDM-1_1,0.42,100,0.42,0.49,0.07,0.0
GAMETES_Epistasis_2-Way_20atts_0.4H_EDM-1_1,0.42,100,0.42,0.49,0.07,0.0
GAMETES_Epistasis_2-Way_20atts_0.4H_EDM-1_1,0.42,100,0.42,0.49,0.07,0.0
GAMETES_Epistasis_2-Way_20atts_0.4H_EDM-1_1,0.42,100,0.42,0.49,0.07,0.0
GAMETES_Epistasis_2-Way_20atts_0.4H_EDM-1_1,0.42,100,0.42,0.49,0.07,0.0
GAMETES_Epistasis_2-Way_20atts_0.4H_EDM-1_1,0.42,100,0.42,0.49,0.07,0.014577388763427734
GAMETES_Epistasis_2-Way_20atts_0.4H_EDM-1_1,0.42,100,0.42,0.49,0.07,0.0
GAMETES_Epistasis_2-Way_20atts_0.4H_EDM-1_1,0.42,100,0.42,0.49,0.07,0.0
GAMETES_Epistasis_2-Way_20atts_0.4H_EDM-1_1,0.47,100,0.47,0.49,0.02,0.006009340286254883
GAMETES_Epistasis_2-Way_20atts_0.4H_EDM-1_1,0.47,100,0.47,0.49,0.02,0.015630245208740234
GAMETES_Epistasis_2-Way_20atts_0.4H_EDM-1_1,0.47,100,0.47,0.49,0.02,0.0
GAMETES_Epistasis_2-Way_20atts_0.4H_EDM-1_1,0.47,100,0.47,0.49,0.02,0.0
GAMETES_Epistasis_2-Way_20atts_0.4H_EDM-1_1,0.47,100,0.47,0.49,0.02,0.0
GAMETES_Epistasis_2-Way_20atts_0.4H_EDM-1_1,0.47,100,0.47,0.49,0.02,0.0
GAMETES_Epistasis_2-Way_20atts_0.4H_EDM-1_1,0.47,100,0.47,0.49,0.02,0.0
GAMETES_Epistasis_2-Way_20atts_0.4H_EDM-1_1,0.47,100,0.47,0.49,0.02,0.0011446475982666016
GAMETES_Epistasis_2-Way_20atts_0.4H_EDM-1_1,0.47,100,0.47,0.49,0.02,0.0
GAMETES_Epistasis_2-Way_20atts_0.4H_EDM-1_1,0.47,100,0.47,0.49,0.02,0.0
GAMETES_Epistasis_2-Way_20atts_0.4H_EDM-1_1,0.53,100,0.53,0.49,0.04,0.0008656978607177734
GAMETES_Epistasis_2-Way_20atts_0.4H_EDM-1_1,0.53,100,0.53,0.49,0.04,0.0
GAMETES_Epistasis_2-Way_20atts_0.4H_EDM-1_1,0.53,100,0.53,0.49,0.04,0.0
GAMETES_Epistasis_2-Way_20atts_0.4H_EDM-1_1,0.53,100,0.53,0.49,0.04,0.015633821487426758
GAMETES_Epistasis_2-Way_20atts_0.4H_EDM-1_1,0.53,100,0.53,0.49,0.04,0.0
GAMETES_Epistasis_2-Way_20atts_0.4H_EDM-1_1,0.53,100,0.53,0.49,0.04,0.0
GAMETES_Epistasis_2-Way_20atts_0.4H_EDM-1_1,0.53,100,0.53,0.49,0.04,0.0
GAMETES_Epistasis_2-Way_20atts_0.4H_EDM-1_1,0.53,100,0.53,0.49,0.04,0.0
GAMETES_Epistasis_2-Way_20atts_0.4H_EDM-1_1,0.53,100,0.53,0.49,0.04,0.0
GAMETES_Epistasis_2-Way_20atts_0.4H_EDM-1_1,0.53,100,0.53,0.49,0.04,0.01561284065246582
GAMETES_Epistasis_2-Way_20atts_0.4H_EDM-1_1,0.58,100,0.58,0.49,0.09,0.0
GAMETES_Epistasis_2-Way_20atts_0.4H_EDM-1_1,0.58,100,0.58,0.49,0.09,0.0
GAMETES_Epistasis_2-Way_20atts_0.4H_EDM-1_1,0.58,100,0.58,0.49,0.09,0.0
GAMETES_Epistasis_2-Way_20atts_0.4H_EDM-1_1,0.58,100,0.58,0.49,0.09,0.011016607284545898
GAMETES_Epistasis_2-Way_20atts_0.4H_EDM-1_1,0.58,100,0.58,0.49,0.09,0.0
GAMETES_Epistasis_2-Way_20atts_0.4H_EDM-1_1,0.58,100,0.58,0.49,0.09,0.001995086669921875
GAMETES_Epistasis_2-Way_20atts_0.4H_EDM-1_1,0.58,100,0.58,0.49,0.09,0.0
GAMETES_Epistasis_2-Way_20atts_0.4H_EDM-1_1,0.58,100,0.58,0.49,0.09,0.0
GAMETES_Epistasis_2-Way_20atts_0.4H_EDM-1_1,0.58,100,0.58,0.49,0.09,0.0
GAMETES_Epistasis_2-Way_20atts_0.4H_EDM-1_1,0.58,100,0.58,0.49,0.09,0.0019221305847167969
GAMETES_Epistasis_2-Way_20atts_0.4H_EDM-1_1,0.63,100,0.63,0.49,0.14,0.0
GAMETES_Epistasis_2-Way_20atts_0.4H_EDM-1_1,0.63,100,0.63,0.49,0.14,0.0
GAMETES_Epistasis_2-Way_20atts_0.4H_EDM-1_1,0.63,100,0.63,0.49,0.14,0.015633106231689453
GAMETES_Epistasis_2-Way_20atts_0.4H_EDM-1_1,0.63,100,0.63,0.49,0.14,0.0
GAMETES_Epistasis_2-Way_20atts_0.4H_EDM-1_1,0.63,100,0.63,0.49,0.14,0.0021457672119140625
GAMETES_Epistasis_2-Way_20atts_0.4H_EDM-1_1,0.63,100,0.63,0.49,0.14,0.0018775463104248047
GAMETES_Epistasis_2-Way_20atts_0.4H_EDM-1_1,0.63,100,0.63,0.49,0.14,0.0
GAMETES_Epistasis_2-Way_20atts_0.4H_EDM-1_1,0.63,100,0.63,0.49,0.14,0.0
GAMETES_Epistasis_2-Way_20atts_0.4H_EDM-1_1,0.63,100,0.63,0.49,0.14,0.015610694885253906
GAMETES_Epistasis_2-Way_20atts_0.4H_EDM-1_1,0.63,100,0.63,0.49,0.14,0.01569986343383789
GAMETES_Epistasis_2-Way_20atts_0.4H_EDM-1_1,0.68,100,0.68,0.49,0.19,0.015625
GAMETES_Epistasis_2-Way_20atts_0.4H_EDM-1_1,0.68,100,0.68,0.49,0.19,0.0
GAMETES_Epistasis_2-Way_20atts_0.4H_EDM-1_1,0.68,100,0.68,0.49,0.19,0.0009932518005371094
GAMETES_Epistasis_2-Way_20atts_0.4H_EDM-1_1,0.68,100,0.68,0.49,0.19,0.0
GAMETES_Epistasis_2-Way_20atts_0.4H_EDM-1_1,0.68,100,0.68,0.49,0.19,0.01358342170715332
GAMETES_Epistasis_2-Way_20atts_0.4H_EDM-1_1,0.68,100,0.68,0.49,0.19,0.005833864212036133
GAMETES_Epistasis_2-Way_20atts_0.4H_EDM-1_1,0.68,100,0.68,0.49,0.19,0.0
GAMETES_Epistasis_2-Way_20atts_0.4H_EDM-1_1,0.68,100,0.68,0.49,0.19,0.0
GAMETES_Epistasis_2-Way_20atts_0.4H_EDM-1_1,0.68,100,0.68,0.49,0.19,0.0
GAMETES_Epistasis_2-Way_20atts_0.4H_EDM-1_1,0.68,100,0.68,0.49,0.19,0.01570439338684082
GAMETES_Epistasis_2-Way_20atts_0.4H_EDM-1_1,0.74,100,0.74,0.49,0.25,0.0
GAMETES_Epistasis_2-Way_20atts_0.4H_EDM-1_1,0.74,100,0.74,0.49,0.25,0.0019998550415039062
GAMETES_Epistasis_2-Way_20atts_0.4H_EDM-1_1,0.74,100,0.74,0.49,0.25,0.015090703964233398
GAMETES_Epistasis_2-Way_20atts_0.4H_EDM-1_1,0.74,100,0.74,0.49,0.25,0.0
GAMETES_Epistasis_2-Way_20atts_0.4H_EDM-1_1,0.74,100,0.74,0.49,0.25,0.0010709762573242188
GAMETES_Epistasis_2-Way_20atts_0.4H_EDM-1_1,0.74,100,0.74,0.49,0.25,0.0
GAMETES_Epistasis_2-Way_20atts_0.4H_EDM-1_1,0.74,100,0.74,0.49,0.25,0.0010056495666503906
GAMETES_Epistasis_2-Way_20atts_0.4H_EDM-1_1,0.74,100,0.74,0.49,0.25,0.0
GAMETES_Epistasis_2-Way_20atts_0.4H_EDM-1_1,0.74,100,0.74,0.49,0.25,0.0
GAMETES_Epistasis_2-Way_20atts_0.4H_EDM-1_1,0.74,100,0.74,0.49,0.25,0.0
GAMETES_Epistasis_2-Way_20atts_0.4H_EDM-1_1,0.79,100,0.79,0.49,0.3,0.0016429424285888672
GAMETES_Epistasis_2-Way_20atts_0.4H_EDM-1_1,0.79,100,0.79,0.49,0.3,0.0
GAMETES_Epistasis_2-Way_20atts_0.4H_EDM-1_1,0.79,100,0.79,0.49,0.3,0.0
GAMETES_Epistasis_2-Way_20atts_0.4H_EDM-1_1,0.79,100,0.79,0.49,0.3,0.0
GAMETES_Epistasis_2-Way_20atts_0.4H_EDM-1_1,0.79,100,0.79,0.49,0.3,0.0
GAMETES_Epistasis_2-Way_20atts_0.4H_EDM-1_1,0.79,100,0.79,0.49,0.3,0.007077932357788086
GAMETES_Epistasis_2-Way_20atts_0.4H_EDM-1_1,0.79,100,0.79,0.49,0.3,0.0019431114196777344
GAMETES_Epistasis_2-Way_20atts_0.4H_EDM-1_1,0.79,100,0.79,0.49,0.3,0.0
GAMETES_Epistasis_2-Way_20atts_0.4H_EDM-1_1,0.79,100,0.79,0.49,0.3,0.0
GAMETES_Epistasis_2-Way_20atts_0.4H_EDM-1_1,0.79,100,0.79,0.49,0.3,0.0
GAMETES_Epistasis_2-Way_20atts_0.4H_EDM-1_1,0.84,100,0.84,0.49,0.35,0.0
GAMETES_Epistasis_2-Way_20atts_0.4H_EDM-1_1,0.84,100,0.84,0.49,0.35,0.0
GAMETES_Epistasis_2-Way_20atts_0.4H_EDM-1_1,0.84,100,0.84,0.49,0.35,0.0
GAMETES_Epistasis_2-Way_20atts_0.4H_EDM-1_1,0.84,100,0.84,0.49,0.35,0.0
GAMETES_Epistasis_2-Way_20atts_0.4H_EDM-1_1,0.84,100,0.84,0.49,0.35,0.0
GAMETES_Epistasis_2-Way_20atts_0.4H_EDM-1_1,0.84,100,0.84,0.49,0.35,0.0
GAMETES_Epistasis_2-Way_20atts_0.4H_EDM-1_1,0.84,100,0.84,0.49,0.35,0.0
GAMETES_Epistasis_2-Way_20atts_0.4H_EDM-1_1,0.84,100,0.84,0.49,0.35,0.0
GAMETES_Epistasis_2-Way_20atts_0.4H_EDM-1_1,0.84,100,0.84,0.49,0.35,0.0
GAMETES_Epistasis_2-Way_20atts_0.4H_EDM-1_1,0.84,100,0.84,0.49,0.35,0.0
GAMETES_Epistasis_2-Way_20atts_0.4H_EDM-1_1,0.89,100,0.89,0.49,0.4,0.0
GAMETES_Epistasis_2-Way_20atts_0.4H_EDM-1_1,0.89,100,0.89,0.49,0.4,0.0
GAMETES_Epistasis_2-Way_20atts_0.4H_EDM-1_1,0.89,100,0.89,0.49,0.4,0.0
GAMETES_Epistasis_2-Way_20atts_0.4H_EDM-1_1,0.89,100,0.89,0.49,0.4,0.01563429832458496
GAMETES_Epistasis_2-Way_20atts_0.4H_EDM-1_1,0.89,100,0.89,0.49,0.4,0.0
GAMETES_Epistasis_2-Way_20atts_0.4H_EDM-1_1,0.89,100,0.89,0.49,0.4,0.0
GAMETES_Epistasis_2-Way_20atts_0.4H_EDM-1_1,0.89,100,0.89,0.49,0.4,0.0
GAMETES_Epistasis_2-Way_20atts_0.4H_EDM-1_1,0.89,100,0.89,0.49,0.4,0.0
GAMETES_Epistasis_2-Way_20atts_0.4H_EDM-1_1,0.89,100,0.89,0.49,0.4,0.0
GAMETES_Epistasis_2-Way_20atts_0.4H_EDM-1_1,0.89,100,0.89,0.49,0.4,0.0
GAMETES_Epistasis_2-Way_20atts_0.4H_EDM-1_1,0.95,100,0.95,0.49,0.46,0.0009758472442626953
GAMETES_Epistasis_2-Way_20atts_0.4H_EDM-1_1,0.95,100,0.95,0.49,0.46,0.002111196517944336
GAMETES_Epistasis_2-Way_20atts_0.4H_EDM-1_1,0.95,100,0.95,0.49,0.46,0.0
GAMETES_Epistasis_2-Way_20atts_0.4H_EDM-1_1,0.95,100,0.95,0.49,0.46,0.0
GAMETES_Epistasis_2-Way_20atts_0.4H_EDM-1_1,0.95,100,0.95,0.49,0.46,0.0
GAMETES_Epistasis_2-Way_20atts_0.4H_EDM-1_1,0.95,100,0.95,0.49,0.46,0.0
GAMETES_Epistasis_2-Way_20atts_0.4H_EDM-1_1,0.95,100,0.95,0.49,0.46,0.0
GAMETES_Epistasis_2-Way_20atts_0.4H_EDM-1_1,0.95,100,0.95,0.49,0.46,0.0
GAMETES_Epistasis_2-Way_20atts_0.4H_EDM-1_1,0.95,100,0.95,0.49,0.46,0.0
GAMETES_Epistasis_2-Way_20atts_0.4H_EDM-1_1,0.95,100,0.95,0.49,0.46,0.0
GAMETES_Epistasis_2-Way_20atts_0.4H_EDM-1_1,1.0,100,1.0,0.49,0.51,0.0
GAMETES_Epistasis_2-Way_20atts_0.4H_EDM-1_1,1.0,100,1.0,0.49,0.51,0.01648092269897461
GAMETES_Epistasis_2-Way_20atts_0.4H_EDM-1_1,1.0,100,1.0,0.49,0.51,0.0
GAMETES_Epistasis_2-Way_20atts_0.4H_EDM-1_1,1.0,100,1.0,0.49,0.51,0.015629291534423828
GAMETES_Epistasis_2-Way_20atts_0.4H_EDM-1_1,1.0,100,1.0,0.49,0.51,0.0
GAMETES_Epistasis_2-Way_20atts_0.4H_EDM-1_1,1.0,100,1.0,0.49,0.51,0.0
GAMETES_Epistasis_2-Way_20atts_0.4H_EDM-1_1,1.0,100,1.0,0.49,0.51,0.015625953674316406
GAMETES_Epistasis_2-Way_20atts_0.4H_EDM-1_1,1.0,100,1.0,0.49,0.51,0.0
GAMETES_Epistasis_2-Way_20atts_0.4H_EDM-1_1,1.0,100,1.0,0.49,0.51,0.015635967254638672
GAMETES_Epistasis_2-Way_20atts_0.4H_EDM-1_1,1.0,100,1.0,0.49,0.51,0.0
gina_agnostic,0.0,100,0.0,0.22,0.22,0.0
gina_agnostic,0.0,100,0.0,0.2,0.2,0.015088558197021484
gina_agnostic,0.0,100,0.0,0.18,0.18,0.015620231628417969
gina_agnostic,0.0,100,0.0,0.2,0.2,0.015638351440429688
gina_agnostic,0.0,100,0.0,0.18,0.18,0.0028510093688964844
gina_agnostic,0.0,100,0.0,0.19,0.19,0.0045092105865478516
gina_agnostic,0.0,100,0.0,0.24,0.24,0.0
gina_agnostic,0.0,100,0.0,0.18,0.18,0.009881734848022461
gina_agnostic,0.0,100,0.0,0.21,0.21,0.0
gina_agnostic,0.0,100,0.0,0.23,0.23,0.015696048736572266
gina_agnostic,0.05,100,0.05,0.22,0.17,0.015721797943115234
gina_agnostic,0.05,100,0.05,0.27,0.22,0.0
gina_agnostic,0.05,100,0.05,0.26,0.21,0.0
gina_agnostic,0.05,100,0.05,0.26,0.21,0.0
gina_agnostic,0.05,100,0.05,0.24,0.19,0.0
gina_agnostic,0.05,100,0.05,0.22,0.17,0.0
gina_agnostic,0.05,100,0.05,0.26,0.21,0.018974781036376953
gina_agnostic,0.05,100,0.05,0.25,0.2,0.015621423721313477
gina_agnostic,0.05,100,0.05,0.23,0.18,0.0
gina_agnostic,0.05,100,0.05,0.25,0.2,0.016169071197509766
gina_agnostic,0.11,100,0.11,0.25,0.14,0.015711069107055664
gina_agnostic,0.11,100,0.11,0.29,0.18,0.0
gina_agnostic,0.11,100,0.11,0.26,0.15,0.0
gina_agnostic,0.11,100,0.11,0.27,0.16,0.014833688735961914
gina_agnostic,0.11,100,0.11,0.27,0.16,0.015626907348632812
gina_agnostic,0.11,100,0.11,0.26,0.15,0.0
gina_agnostic,0.11,100,0.11,0.29,0.18,0.0009403228759765625
gina_agnostic,0.11,100,0.11,0.28,0.17,0.0
gina_agnostic,0.11,100,0.11,0.23,0.12,0.0
gina_agnostic,0.11,100,0.11,0.27,0.16,0.015628814697265625
gina_agnostic,0.16,100,0.16,0.33,0.17,0.0
gina_agnostic,0.16,100,0.16,0.3,0.14,0.004712343215942383
gina_agnostic,0.16,100,0.16,0.32,0.16,0.015624284744262695
gina_agnostic,0.16,100,0.16,0.31,0.15,0.015637636184692383
gina_agnostic,0.16,100,0.16,0.32,0.16,0.022036075592041016
gina_agnostic,0.16,100,0.16,0.32,0.16,0.0
gina_agnostic,0.16,100,0.16,0.28,0.12,0.01563882827758789
gina_agnostic,0.16,100,0.16,0.31,0.15,0.015629291534423828
gina_agnostic,0.16,100,0.16,0.3,0.14,0.0
gina_agnostic,0.16,100,0.16,0.3,0.14,0.0
gina_agnostic,0.21,100,0.21,0.33,0.12,0.0
gina_agnostic,0.21,100,0.21,0.34,0.13,0.017684221267700195
gina_agnostic,0.21,100,0.21,0.33,0.12,0.005991697311401367
gina_agnostic,0.21,100,0.21,0.34,0.13,0.0
gina_agnostic,0.21,100,0.21,0.34,0.13,0.007596254348754883
gina_agnostic,0.21,100,0.21,0.36,0.15,0.0
gina_agnostic,0.21,100,0.21,0.34,0.13,0.0
gina_agnostic,0.21,100,0.21,0.36,0.15,0.0008814334869384766
gina_agnostic,0.21,100,0.21,0.32,0.11,0.011074066162109375
gina_agnostic,0.21,100,0.21,0.32,0.11,0.015075206756591797
gina_agnostic,0.26,100,0.26,0.34,0.08,0.018410444259643555
gina_agnostic,0.26,100,0.26,0.36,0.1,0.015618562698364258
gina_agnostic,0.26,100,0.26,0.35,0.09,0.003882169723510742
gina_agnostic,0.26,100,0.26,0.36,0.1,0.007586956024169922
gina_agnostic,0.26,100,0.26,0.37,0.11,0.0
gina_agnostic,0.26,100,0.26,0.37,0.11,0.0
gina_agnostic,0.26,100,0.26,0.39,0.13,0.015615463256835938
gina_agnostic,0.26,100,0.26,0.37,0.11,0.0
gina_agnostic,0.26,100,0.26,0.38,0.12,0.0
gina_agnostic,0.26,100,0.26,0.34,0.08,0.0070383548736572266
gina_agnostic,0.32,100,0.32,0.39,0.07,0.0
gina_agnostic,0.32,100,0.32,0.39,0.07,0.015628814697265625
gina_agnostic,0.32,100,0.32,0.42,0.1,0.012084245681762695
gina_agnostic,0.32,100,0.32,0.4,0.08,0.0
gina_agnostic,0.32,100,0.32,0.41,0.09,0.0
gina_agnostic,0.32,100,0.32,0.39,0.07,0.01851797103881836
gina_agnostic,0.32,100,0.32,0.37,0.05,0.0
gina_agnostic,0.32,100,0.32,0.36,0.04,0.0
gina_agnostic,0.32,100,0.32,0.4,0.08,0.0
gina_agnostic,0.32,100,0.32,0.35,0.03,0.0
gina_agnostic,0.37,100,0.37,0.44,0.07,0.0
gina_agnostic,0.37,100,0.37,0.44,0.07,0.01570868492126465
gina_agnostic,0.37,100,0.37,0.41,0.04,0.016680002212524414
gina_agnostic,0.37,100,0.37,0.44,0.07,0.0
gina_agnostic,0.37,100,0.37,0.41,0.04,0.0
gina_agnostic,0.37,100,0.37,0.41,0.04,0.0
gina_agnostic,0.37,100,0.37,0.39,0.02,0.0
gina_agnostic,0.37,100,0.37,0.4,0.03,0.004083871841430664
gina_agnostic,0.37,100,0.37,0.41,0.04,0.0
gina_agnostic,0.37,100,0.37,0.37,0.0,0.0029244422912597656
gina_agnostic,0.42,100,0.42,0.48,0.06,0.00740814208984375
gina_agnostic,0.42,100,0.42,0.47,0.05,0.012094736099243164
gina_agnostic,0.42,100,0.42,0.47,0.05,0.0
gina_agnostic,0.42,100,0.42,0.46,0.04,0.0
gina_agnostic,0.42,100,0.42,0.47,0.05,0.0072824954986572266
gina_agnostic,0.42,100,0.42,0.43,0.01,0.01563882827758789
gina_agnostic,0.42,100,0.42,0.5,0.08,0.010085821151733398
gina_agnostic,0.42,100,0.42,0.49,0.07,0.0070896148681640625
gina_agnostic,0.42,100,0.42,0.48,0.06,0.015615463256835938
gina_agnostic,0.42,100,0.42,0.5,0.08,0.0
gina_agnostic,0.47,100,0.47,0.51,0.04,0.0157163143157959
gina_agnostic,0.47,100,0.47,0.49,0.02,0.00450897216796875
gina_agnostic,0.47,100,0.47,0.5,0.03,0.015013933181762695
gina_agnostic,0.47,100,0.47,0.47,0.0,0.0
gina_agnostic,0.47,100,0.47,0.52,0.05,0.015608787536621094
gina_agnostic,0.47,100,0.47,0.44,0.03,0.0
gina_agnostic,0.47,100,0.47,0.49,0.02,0.01025843620300293
gina_agnostic,0.47,100,0.47,0.51,0.04,0.015082597732543945
gina_agnostic,0.47,100,0.47,0.49,0.02,0.015086650848388672
gina_agnostic,0.47,100,0.47,0.49,0.02,0.0
gina_agnostic,0.53,100,0.53,0.53,0.0,0.019237518310546875
gina_agnostic,0.53,100,0.53,0.53,0.0,0.0
gina_agnostic,0.53,100,0.53,0.56,0.03,0.001894235610961914
gina_agnostic,0.53,100,0.53,0.52,0.01,0.01561880111694336
gina_agnostic,0.53,100,0.53,0.56,0.03,0.0
gina_agnostic,0.53,100,0.53,0.53,0.0,0.013281822204589844
gina_agnostic,0.53,100,0.53,0.53,0.0,0.0
gina_agnostic,0.53,100,0.53,0.53,0.0,0.004715442657470703
gina_agnostic,0.53,100,0.53,0.51,0.02,0.0
gina_agnostic,0.53,100,0.53,0.54,0.01,0.0
gina_agnostic,0.58,100,0.58,0.52,0.06,0.0
gina_agnostic,0.58,100,0.58,0.56,0.02,0.0
gina_agnostic,0.58,100,0.58,0.55,0.03,0.01654529571533203
gina_agnostic,0.58,100,0.58,0.6,0.02,0.01563286781311035
gina_agnostic,0.58,100,0.58,0.57,0.01,0.004971027374267578
gina_agnostic,0.58,100,0.58,0.6,0.02,0.007962703704833984
gina_agnostic,0.58,100,0.58,0.57,0.01,0.015084505081176758
gina_agnostic,0.58,100,0.58,0.55,0.03,0.0
gina_agnostic,0.58,100,0.58,0.56,0.02,0.0
gina_agnostic,0.58,100,0.58,0.55,0.03,0.006189584732055664
gina_agnostic,0.63,100,0.63,0.6,0.03,0.012080907821655273
gina_agnostic,0.63,100,0.63,0.61,0.02,0.0
gina_agnostic,0.63,100,0.63,0.58,0.05,0.0
gina_agnostic,0.63,100,0.63,0.58,0.05,0.0
gina_agnostic,0.63,100,0.63,0.61,0.02,0.009515762329101562
gina_agnostic,0.63,100,0.63,0.6,0.03,0.01822066307067871
gina_agnostic,0.63,100,0.63,0.57,0.06,0.0
gina_agnostic,0.63,100,0.63,0.6,0.03,0.015749216079711914
gina_agnostic,0.63,100,0.63,0.53,0.1,0.0008332729339599609
gina_agnostic,0.63,100,0.63,0.54,0.09,0.005090236663818359
gina_agnostic,0.68,100,0.68,0.56,0.12,0.00943899154663086
gina_agnostic,0.68,100,0.68,0.61,0.07,0.01562190055847168
gina_agnostic,0.68,100,0.68,0.55,0.13,0.011470556259155273
gina_agnostic,0.68,100,0.68,0.64,0.04,0.0
gina_agnostic,0.68,100,0.68,0.62,0.06,0.0
gina_agnostic,0.68,100,0.68,0.61,0.07,0.015620708465576172
gina_agnostic,0.68,100,0.68,0.63,0.05,0.006203651428222656
gina_agnostic,0.68,100,0.68,0.62,0.06,0.0
gina_agnostic,0.68,100,0.68,0.64,0.04,0.0
gina_agnostic,0.68,100,0.68,0.61,0.07,0.0
gina_agnostic,0.74,100,0.74,0.64,0.1,0.0
gina_agnostic,0.74,100,0.74,0.62,0.12,0.0017058849334716797
gina_agnostic,0.74,100,0.74,0.64,0.1,0.012583255767822266
gina_agnostic,0.74,100,0.74,0.59,0.15,0.0
gina_agnostic,0.74,100,0.74,0.65,0.09,0.0
gina_agnostic,0.74,100,0.74,0.62,0.12,0.0
gina_agnostic,0.74,100,0.74,0.67,0.07,0.011604785919189453
gina_agnostic,0.74,100,0.74,0.66,0.08,0.0
gina_agnostic,0.74,100,0.74,0.66,0.08,0.0
gina_agnostic,0.74,100,0.74,0.62,0.12,0.0
gina_agnostic,0.79,100,0.79,0.65,0.14,0.0
gina_agnostic,0.79,100,0.79,0.65,0.14,0.006113290786743164
gina_agnostic,0.79,100,0.79,0.69,0.1,0.0
gina_agnostic,0.79,100,0.79,0.73,0.06,0.0
gina_agnostic,0.79,100,0.79,0.67,0.12,0.0
gina_agnostic,0.79,100,0.79,0.74,0.05,0.004880189895629883
gina_agnostic,0.79,100,0.79,0.64,0.15,0.008959293365478516
gina_agnostic,0.79,100,0.79,0.7,0.09,0.0
gina_agnostic,0.79,100,0.79,0.73,0.06,0.0
gina_agnostic,0.79,100,0.79,0.7,0.09,0.0
gina_agnostic,0.84,100,0.84,0.75,0.09,0.004507303237915039
gina_agnostic,0.84,100,0.84,0.69,0.15,0.0
gina_agnostic,0.84,100,0.84,0.71,0.13,0.015622854232788086
gina_agnostic,0.84,100,0.84,0.7,0.14,0.015079498291015625
gina_agnostic,0.84,100,0.84,0.71,0.13,0.0
gina_agnostic,0.84,100,0.84,0.71,0.13,0.01615762710571289
gina_agnostic,0.84,100,0.84,0.69,0.15,0.0
gina_agnostic,0.84,100,0.84,0.7,0.14,0.015613555908203125
gina_agnostic,0.84,100,0.84,0.68,0.16,0.00598597526550293
gina_agnostic,0.84,100,0.84,0.7,0.14,0.015707731246948242
gina_agnostic,0.89,100,0.89,0.76,0.13,0.015672683715820312
gina_agnostic,0.89,100,0.89,0.74,0.15,0.0
gina_agnostic,0.89,100,0.89,0.73,0.16,0.0
gina_agnostic,0.89,100,0.89,0.74,0.15,0.0
gina_agnostic,0.89,100,0.89,0.74,0.15,0.015009164810180664
gina_agnostic,0.89,100,0.89,0.74,0.15,0.0157012939453125
gina_agnostic,0.89,100,0.89,0.72,0.17,0.0
gina_agnostic,0.89,100,0.89,0.75,0.14,0.01563715934753418
gina_agnostic,0.89,100,0.89,0.76,0.13,0.003114938735961914
gina_agnostic,0.89,100,0.89,0.73,0.16,0.0021109580993652344
gina_agnostic,0.95,100,0.95,0.77,0.18,0.008539438247680664
gina_agnostic,0.95,100,0.95,0.71,0.24,0.0
gina_agnostic,0.95,100,0.95,0.79,0.16,0.0010020732879638672
gina_agnostic,0.95,100,0.95,0.74,0.21,0.015632152557373047
gina_agnostic,0.95,100,0.95,0.75,0.2,0.0
gina_agnostic,0.95,100,0.95,0.73,0.22,0.0
gina_agnostic,0.95,100,0.95,0.78,0.17,0.0
gina_agnostic,0.95,100,0.95,0.79,0.16,0.004924297332763672
gina_agnostic,0.95,100,0.95,0.81,0.14,0.009629964828491211
gina_agnostic,0.95,100,0.95,0.78,0.17,0.01508951187133789
gina_agnostic,1.0,100,1.0,0.77,0.23,0.015633106231689453
gina_agnostic,1.0,100,1.0,0.81,0.19,0.01561427116394043
gina_agnostic,1.0,100,1.0,0.82,0.18,0.012291669845581055
gina_agnostic,1.0,100,1.0,0.78,0.22,0.007131338119506836
gina_agnostic,1.0,100,1.0,0.77,0.23,0.015006542205810547
gina_agnostic,1.0,100,1.0,0.83,0.17,0.015008687973022461
gina_agnostic,1.0,100,1.0,0.81,0.19,0.0
gina_agnostic,1.0,100,1.0,0.8,0.2,0.006165981292724609
gina_agnostic,1.0,100,1.0,0.81,0.19,0.0
gina_agnostic,1.0,100,1.0,0.78,0.22,0.015006303787231445
kin8nm,0.0,100,0.0,0.39,0.39,0.0
kin8nm,0.0,100,0.0,0.4,0.4,0.0005075931549072266
kin8nm,0.0,100,0.0,0.38,0.38,0.0
kin8nm,0.0,100,0.0,0.36,0.36,0.0
kin8nm,0.0,100,0.0,0.34,0.34,0.0
kin8nm,0.0,100,0.0,0.36,0.36,0.0
kin8nm,0.0,100,0.0,0.34,0.34,0.0
kin8nm,0.0,100,0.0,0.35,0.35,0.0
kin8nm,0.0,100,0.0,0.34,0.34,0.0
kin8nm,0.0,100,0.0,0.31,0.31,0.0
kin8nm,0.05,100,0.05,0.37,0.32,0.0017108917236328125
kin8nm,0.05,100,0.05,0.36,0.31,0.0
kin8nm,0.05,100,0.05,0.38,0.33,0.0017800331115722656
kin8nm,0.05,100,0.05,0.39,0.34,0.0
kin8nm,0.05,100,0.05,0.3,0.25,0.0
kin8nm,0.05,100,0.05,0.37,0.32,0.0
kin8nm,0.05,100,0.05,0.35,0.3,0.0
kin8nm,0.05,100,0.05,0.42,0.37,0.0
kin8nm,0.05,100,0.05,0.39,0.34,0.001004934310913086
kin8nm,0.05,100,0.05,0.38,0.33,0.0009963512420654297
kin8nm,0.11,100,0.11,0.38,0.27,0.0
kin8nm,0.11,100,0.11,0.39,0.28,0.015506505966186523
kin8nm,0.11,100,0.11,0.39,0.28,0.0
kin8nm,0.11,100,0.11,0.38,0.27,0.0
kin8nm,0.11,100,0.11,0.37,0.26,0.0
kin8nm,0.11,100,0.11,0.4,0.29,0.0
kin8nm,0.11,100,0.11,0.39,0.28,0.0
kin8nm,0.11,100,0.11,0.36,0.25,0.0
kin8nm,0.11,100,0.11,0.4,0.29,0.0
kin8nm,0.11,100,0.11,0.39,0.28,0.0
kin8nm,0.16,100,0.16,0.42,0.26,0.0
kin8nm,0.16,100,0.16,0.43,0.27,0.0
kin8nm,0.16,100,0.16,0.41,0.25,0.0
kin8nm,0.16,100,0.16,0.42,0.26,0.0
kin8nm,0.16,100,0.16,0.39,0.23,0.0009975433349609375
kin8nm,0.16,100,0.16,0.4,0.24,0.0
kin8nm,0.16,100,0.16,0.39,0.23,0.015080690383911133
kin8nm,0.16,100,0.16,0.44,0.28,0.015085935592651367
kin8nm,0.16,100,0.16,0.43,0.27,0.01562666893005371
kin8nm,0.16,100,0.16,0.41,0.25,0.0
kin8nm,0.21,100,0.21,0.4,0.19,0.0
kin8nm,0.21,100,0.21,0.42,0.21,0.0
kin8nm,0.21,100,0.21,0.39,0.18,0.0
kin8nm,0.21,100,0.21,0.46,0.25,0.0
kin8nm,0.21,100,0.21,0.44,0.23,0.0009944438934326172
kin8nm,0.21,100,0.21,0.42,0.21,0.0
kin8nm,0.21,100,0.21,0.44,0.23,0.0
kin8nm,0.21,100,0.21,0.44,0.23,0.0
kin8nm,0.21,100,0.21,0.38,0.17,0.0
kin8nm,0.21,100,0.21,0.43,0.22,0.0
kin8nm,0.26,100,0.26,0.4,0.14,0.0
kin8nm,0.26,100,0.26,0.44,0.18,0.0
kin8nm,0.26,100,0.26,0.45,0.19,0.0
kin8nm,0.26,100,0.26,0.44,0.18,0.0
kin8nm,0.26,100,0.26,0.43,0.17,0.0
kin8nm,0.26,100,0.26,0.41,0.15,0.0
kin8nm,0.26,100,0.26,0.46,0.2,0.0
kin8nm,0.26,100,0.26,0.46,0.2,0.0
kin8nm,0.26,100,0.26,0.45,0.19,0.0
kin8nm,0.26,100,0.26,0.42,0.16,0.0
kin8nm,0.32,100,0.32,0.44,0.12,0.015703916549682617
kin8nm,0.32,100,0.32,0.45,0.13,0.0
kin8nm,0.32,100,0.32,0.44,0.12,0.001573801040649414
kin8nm,0.32,100,0.32,0.44,0.12,0.0
kin8nm,0.32,100,0.32,0.43,0.11,0.0
kin8nm,0.32,100,0.32,0.45,0.13,0.0
kin8nm,0.32,100,0.32,0.42,0.1,0.0
kin8nm,0.32,100,0.32,0.46,0.14,0.0
kin8nm,0.32,100,0.32,0.46,0.14,0.0
kin8nm,0.32,100,0.32,0.42,0.1,0.0
kin8nm,0.37,100,0.37,0.45,0.08,0.0
kin8nm,0.37,100,0.37,0.47,0.1,0.0
kin8nm,0.37,100,0.37,0.46,0.09,0.0
kin8nm,0.37,100,0.37,0.44,0.07,0.014084339141845703
kin8nm,0.37,100,0.37,0.47,0.1,0.0
kin8nm,0.37,100,0.37,0.48,0.11,0.0
kin8nm,0.37,100,0.37,0.5,0.13,0.002084493637084961
kin8nm,0.37,100,0.37,0.46,0.09,0.0
kin8nm,0.37,100,0.37,0.46,0.09,0.0
kin8nm,0.37,100,0.37,0.47,0.1,0.0020241737365722656
kin8nm,0.42,100,0.42,0.46,0.04,0.0
kin8nm,0.42,100,0.42,0.47,0.05,0.0
kin8nm,0.42,100,0.42,0.49,0.07,0.0
kin8nm,0.42,100,0.42,0.48,0.06,0.0
kin8nm,0.42,100,0.42,0.5,0.08,0.0010020732879638672
kin8nm,0.42,100,0.42,0.47,0.05,0.0
kin8nm,0.42,100,0.42,0.53,0.11,0.0
kin8nm,0.42,100,0.42,0.48,0.06,0.012588262557983398
kin8nm,0.42,100,0.42,0.43,0.01,0.0
kin8nm,0.42,100,0.42,0.52,0.1,0.0009918212890625
kin8nm,0.47,100,0.47,0.51,0.04,0.0
kin8nm,0.47,100,0.47,0.47,0.0,0.0
kin8nm,0.47,100,0.47,0.53,0.06,0.0
kin8nm,0.47,100,0.47,0.5,0.03,0.0
kin8nm,0.47,100,0.47,0.52,0.05,0.0
kin8nm,0.47,100,0.47,0.52,0.05,0.0
kin8nm,0.47,100,0.47,0.51,0.04,0.0
kin8nm,0.47,100,0.47,0.5,0.03,0.0
kin8nm,0.47,100,0.47,0.5,0.03,0.016547679901123047
kin8nm,0.47,100,0.47,0.47,0.0,0.015625476837158203
kin8nm,0.53,100,0.53,0.5,0.03,0.0
kin8nm,0.53,100,0.53,0.54,0.01,0.0020062923431396484
kin8nm,0.53,100,0.53,0.5,0.03,0.002004384994506836
kin8nm,0.53,100,0.53,0.57,0.04,0.0
kin8nm,0.53,100,0.53,0.51,0.02,0.0
kin8nm,0.53,100,0.53,0.5,0.03,0.0
kin8nm,0.53,100,0.53,0.53,0.0,0.01562047004699707
kin8nm,0.53,100,0.53,0.5,0.03,0.0
kin8nm,0.53,100,0.53,0.54,0.01,0.0
kin8nm,0.53,100,0.53,0.49,0.04,0.0
kin8nm,0.58,100,0.58,0.52,0.06,0.0
kin8nm,0.58,100,0.58,0.53,0.05,0.0
kin8nm,0.58,100,0.58,0.5,0.08,0.0
kin8nm,0.58,100,0.58,0.51,0.07,0.006172657012939453
kin8nm,0.58,100,0.58,0.53,0.05,0.0
kin8nm,0.58,100,0.58,0.56,0.02,0.0
kin8nm,0.58,100,0.58,0.51,0.07,0.015080451965332031
kin8nm,0.58,100,0.58,0.49,0.09,0.0019676685333251953
kin8nm,0.58,100,0.58,0.5,0.08,0.0
kin8nm,0.58,100,0.58,0.52,0.06,0.0
kin8nm,0.63,100,0.63,0.54,0.09,0.0
kin8nm,0.63,100,0.63,0.58,0.05,0.0
kin8nm,0.63,100,0.63,0.52,0.11,0.0
kin8nm,0.63,100,0.63,0.51,0.12,0.0
kin8nm,0.63,100,0.63,0.54,0.09,0.0
kin8nm,0.63,100,0.63,0.52,0.11,0.0
kin8nm,0.63,100,0.63,0.52,0.11,0.0
kin8nm,0.63,100,0.63,0.53,0.1,0.0
kin8nm,0.63,100,0.63,0.58,0.05,0.0
kin8nm,0.63,100,0.63,0.56,0.07,0.0
kin8nm,0.68,100,0.68,0.56,0.12,0.006178379058837891
kin8nm,0.68,100,0.68,0.58,0.1,0.0
kin8nm,0.68,100,0.68,0.55,0.13,0.0
kin8nm,0.68,100,0.68,0.54,0.14,0.0
kin8nm,0.68,100,0.68,0.59,0.09,0.0
kin8nm,0.68,100,0.68,0.54,0.14,0.0009996891021728516
kin8nm,0.68,100,0.68,0.57,0.11,0.015625476837158203
kin8nm,0.68,100,0.68,0.55,0.13,0.0
kin8nm,0.68,100,0.68,0.55,0.13,0.0
kin8nm,0.68,100,0.68,0.56,0.12,0.0
kin8nm,0.74,100,0.74,0.57,0.17,0.0
kin8nm,0.74,100,0.74,0.57,0.17,0.0
kin8nm,0.74,100,0.74,0.57,0.17,0.00031828880310058594
kin8nm,0.74,100,0.74,0.57,0.17,0.0
kin8nm,0.74,100,0.74,0.55,0.19,0.0
kin8nm,0.74,100,0.74,0.56,0.18,0.0
kin8nm,0.74,100,0.74,0.58,0.16,0.0
kin8nm,0.74,100,0.74,0.57,0.17,0.0
kin8nm,0.74,100,0.74,0.57,0.17,0.0
kin8nm,0.74,100,0.74,0.59,0.15,0.0019953250885009766
kin8nm,0.79,100,0.79,0.59,0.2,0.0
kin8nm,0.79,100,0.79,0.59,0.2,0.0
kin8nm,0.79,100,0.79,0.57,0.22,0.0
kin8nm,0.79,100,0.79,0.6,0.19,0.0020864009857177734
kin8nm,0.79,100,0.79,0.58,0.21,0.0
kin8nm,0.79,100,0.79,0.59,0.2,0.0
kin8nm,0.79,100,0.79,0.57,0.22,0.0
kin8nm,0.79,100,0.79,0.61,0.18,0.0
kin8nm,0.79,100,0.79,0.63,0.16,0.0
kin8nm,0.79,100,0.79,0.57,0.22,0.0
kin8nm,0.84,100,0.84,0.57,0.27,0.0
kin8nm,0.84,100,0.84,0.59,0.25,0.0
kin8nm,0.84,100,0.84,0.57,0.27,0.0
kin8nm,0.84,100,0.84,0.6,0.24,0.0
kin8nm,0.84,100,0.84,0.65,0.19,0.0
kin8nm,0.84,100,0.84,0.58,0.26,0.0010859966278076172
kin8nm,0.84,100,0.84,0.63,0.21,0.0
kin8nm,0.84,100,0.84,0.63,0.21,0.0
kin8nm,0.84,100,0.84,0.59,0.25,0.006510257720947266
kin8nm,0.84,100,0.84,0.61,0.23,0.0
kin8nm,0.89,100,0.89,0.65,0.24,0.0
kin8nm,0.89,100,0.89,0.59,0.3,0.0
kin8nm,0.89,100,0.89,0.61,0.28,0.0
kin8nm,0.89,100,0.89,0.64,0.25,0.0045855045318603516
kin8nm,0.89,100,0.89,0.62,0.27,0.0
kin8nm,0.89,100,0.89,0.62,0.27,0.0
kin8nm,0.89,100,0.89,0.61,0.28,0.0
kin8nm,0.89,100,0.89,0.63,0.26,0.015619277954101562
kin8nm,0.89,100,0.89,0.62,0.27,0.0
kin8nm,0.89,100,0.89,0.62,0.27,0.0
kin8nm,0.95,100,0.95,0.65,0.3,0.0
kin8nm,0.95,100,0.95,0.63,0.32,0.0
kin8nm,0.95,100,0.95,0.64,0.31,0.0
kin8nm,0.95,100,0.95,0.67,0.28,0.0
kin8nm,0.95,100,0.95,0.68,0.27,0.0
kin8nm,0.95,100,0.95,0.6,0.35,0.0
kin8nm,0.95,100,0.95,0.64,0.31,0.0
kin8nm,0.95,100,0.95,0.69,0.26,0.0
kin8nm,0.95,100,0.95,0.63,0.32,0.0
kin8nm,0.95,100,0.95,0.63,0.32,0.0
kin8nm,1.0,100,1.0,0.69,0.31,0.0
kin8nm,1.0,100,1.0,0.6,0.4,0.0
kin8nm,1.0,100,1.0,0.66,0.34,0.0
kin8nm,1.0,100,1.0,0.65,0.35,0.0
kin8nm,1.0,100,1.0,0.65,0.35,0.0010845661163330078
kin8nm,1.0,100,1.0,0.67,0.33,0.0
kin8nm,1.0,100,1.0,0.62,0.38,0.0
kin8nm,1.0,100,1.0,0.6,0.4,0.0
kin8nm,1.0,100,1.0,0.65,0.35,0.0
kin8nm,1.0,100,1.0,0.63,0.37,0.002071380615234375
parity5_plus_5,0.0,100,0.0,0.5,0.5,0.0
parity5_plus_5,0.0,100,0.0,0.5,0.5,0.0
parity5_plus_5,0.0,100,0.0,0.5,0.5,0.0
parity5_plus_5,0.0,100,0.0,0.5,0.5,0.0
parity5_plus_5,0.0,100,0.0,0.5,0.5,0.0
parity5_plus_5,0.0,100,0.0,0.5,0.5,0.0
parity5_plus_5,0.0,100,0.0,0.5,0.5,0.0
parity5_plus_5,0.0,100,0.0,0.5,0.5,0.0017786026000976562
parity5_plus_5,0.0,100,0.0,0.5,0.5,0.0
parity5_plus_5,0.0,100,0.0,0.5,0.5,0.0
parity5_plus_5,0.05,100,0.05,0.5,0.45,0.0
parity5_plus_5,0.05,100,0.05,0.5,0.45,0.0
parity5_plus_5,0.05,100,0.05,0.5,0.45,0.0
parity5_plus_5,0.05,100,0.05,0.5,0.45,0.0
parity5_plus_5,0.05,100,0.05,0.5,0.45,0.0
parity5_plus_5,0.05,100,0.05,0.5,0.45,0.0
parity5_plus_5,0.05,100,0.05,0.5,0.45,0.0017802715301513672
parity5_plus_5,0.05,100,0.05,0.5,0.45,0.0
parity5_plus_5,0.05,100,0.05,0.5,0.45,0.0
parity5_plus_5,0.05,100,0.05,0.49,0.44,0.0
parity5_plus_5,0.11,100,0.11,0.5,0.39,0.0
parity5_plus_5,0.11,100,0.11,0.5,0.39,0.0
parity5_plus_5,0.11,100,0.11,0.5,0.39,0.0
parity5_plus_5,0.11,100,0.11,0.5,0.39,0.001592874526977539
parity5_plus_5,0.11,100,0.11,0.5,0.39,0.01634073257446289
parity5_plus_5,0.11,100,0.11,0.5,0.39,0.0
parity5_plus_5,0.11,100,0.11,0.5,0.39,0.0
parity5_plus_5,0.11,100,0.11,0.5,0.39,0.0
parity5_plus_5,0.11,100,0.11,0.5,0.39,0.0
parity5_plus_5,0.11,100,0.11,0.5,0.39,0.0
parity5_plus_5,0.16,100,0.16,0.5,0.34,0.013581514358520508
parity5_plus_5,0.16,100,0.16,0.5,0.34,0.0
parity5_plus_5,0.16,100,0.16,0.5,0.34,0.0
parity5_plus_5,0.16,100,0.16,0.5,0.34,0.0
parity5_plus_5,0.16,100,0.16,0.5,0.34,0.015599250793457031
parity5_plus_5,0.16,100,0.16,0.5,0.34,0.0
parity5_plus_5,0.16,100,0.16,0.5,0.34,0.0
parity5_plus_5,0.16,100,0.16,0.5,0.34,0.0
parity5_plus_5,0.16,100,0.16,0.5,0.34,0.0
parity5_plus_5,0.16,100,0.16,0.5,0.34,0.0
parity5_plus_5,0.21,100,0.21,0.5,0.29,0.0010013580322265625
parity5_plus_5,0.21,100,0.21,0.51,0.3,0.0
parity5_plus_5,0.21,100,0.21,0.5,0.29,0.016237974166870117
parity5_plus_5,0.21,100,0.21,0.5,0.29,0.0
parity5_plus_5,0.21,100,0.21,0.5,0.29,0.0
parity5_plus_5,0.21,100,0.21,0.5,0.29,0.01563572883605957
parity5_plus_5,0.21,100,0.21,0.5,0.29,0.0
parity5_plus_5,0.21,100,0.21,0.5,0.29,0.0010066032409667969
parity5_plus_5,0.21,100,0.21,0.5,0.29,0.0
parity5_plus_5,0.21,100,0.21,0.5,0.29,0.0
parity5_plus_5,0.26,100,0.26,0.5,0.24,0.0029630661010742188
parity5_plus_5,0.26,100,0.26,0.5,0.24,0.0
parity5_plus_5,0.26,100,0.26,0.5,0.24,0.0
parity5_plus_5,0.26,100,0.26,0.5,0.24,0.0
parity5_plus_5,0.26,100,0.26,0.5,0.24,0.0
parity5_plus_5,0.26,100,0.26,0.5,0.24,0.0020024776458740234
parity5_plus_5,0.26,100,0.26,0.5,0.24,0.0
parity5_plus_5,0.26,100,0.26,0.5,0.24,0.0
parity5_plus_5,0.26,100,0.26,0.51,0.25,0.001990795135498047
parity5_plus_5,0.26,100,0.26,0.5,0.24,0.0
parity5_plus_5,0.32,100,0.32,0.5,0.18,0.0
parity5_plus_5,0.32,100,0.32,0.5,0.18,0.0
parity5_plus_5,0.32,100,0.32,0.5,0.18,0.0
parity5_plus_5,0.32,100,0.32,0.5,0.18,0.00859212875366211
parity5_plus_5,0.32,100,0.32,0.51,0.19,0.0
parity5_plus_5,0.32,100,0.32,0.5,0.18,0.0
parity5_plus_5,0.32,100,0.32,0.5,0.18,0.0010046958923339844
parity5_plus_5,0.32,100,0.32,0.51,0.19,0.0017888545989990234
parity5_plus_5,0.32,100,0.32,0.49,0.17,0.0
parity5_plus_5,0.32,100,0.32,0.5,0.18,0.0
parity5_plus_5,0.37,100,0.37,0.5,0.13,0.0
parity5_plus_5,0.37,100,0.37,0.5,0.13,0.0
parity5_plus_5,0.37,100,0.37,0.5,0.13,0.0
parity5_plus_5,0.37,100,0.37,0.5,0.13,0.0
parity5_plus_5,0.37,100,0.37,0.5,0.13,0.0
parity5_plus_5,0.37,100,0.37,0.5,0.13,0.0
parity5_plus_5,0.37,100,0.37,0.5,0.13,0.0
parity5_plus_5,0.37,100,0.37,0.5,0.13,0.0
parity5_plus_5,0.37,100,0.37,0.5,0.13,0.0
parity5_plus_5,0.37,100,0.37,0.5,0.13,0.0019996166229248047
parity5_plus_5,0.42,100,0.42,0.51,0.09,0.0
parity5_plus_5,0.42,100,0.42,0.5,0.08,0.015637636184692383
parity5_plus_5,0.42,100,0.42,0.5,0.08,0.0
parity5_plus_5,0.42,100,0.42,0.5,0.08,0.0
parity5_plus_5,0.42,100,0.42,0.5,0.08,0.0
parity5_plus_5,0.42,100,0.42,0.51,0.09,0.0
parity5_plus_5,0.42,100,0.42,0.5,0.08,0.015626907348632812
parity5_plus_5,0.42,100,0.42,0.5,0.08,0.0
parity5_plus_5,0.42,100,0.42,0.5,0.08,0.0
parity5_plus_5,0.42,100,0.42,0.5,0.08,0.0
parity5_plus_5,0.47,100,0.47,0.5,0.03,0.0
parity5_plus_5,0.47,100,0.47,0.51,0.04,0.0
parity5_plus_5,0.47,100,0.47,0.5,0.03,0.0
parity5_plus_5,0.47,100,0.47,0.51,0.04,0.0
parity5_plus_5,0.47,100,0.47,0.5,0.03,0.0
parity5_plus_5,0.47,100,0.47,0.5,0.03,0.0010852813720703125
parity5_plus_5,0.47,100,0.47,0.5,0.03,0.0
parity5_plus_5,0.47,100,0.47,0.5,0.03,0.0
parity5_plus_5,0.47,100,0.47,0.51,0.04,0.0
parity5_plus_5,0.47,100,0.47,0.5,0.03,0.0016438961029052734
parity5_plus_5,0.53,100,0.53,0.5,0.03,0.0
parity5_plus_5,0.53,100,0.53,0.51,0.02,0.0
parity5_plus_5,0.53,100,0.53,0.5,0.03,0.0
parity5_plus_5,0.53,100,0.53,0.5,0.03,0.0
parity5_plus_5,0.53,100,0.53,0.51,0.02,0.010084867477416992
parity5_plus_5,0.53,100,0.53,0.5,0.03,0.0
parity5_plus_5,0.53,100,0.53,0.5,0.03,0.00208282470703125
parity5_plus_5,0.53,100,0.53,0.51,0.02,0.0
parity5_plus_5,0.53,100,0.53,0.51,0.02,0.015717029571533203
parity5_plus_5,0.53,100,0.53,0.5,0.03,0.0
parity5_plus_5,0.58,100,0.58,0.5,0.08,0.0
parity5_plus_5,0.58,100,0.58,0.5,0.08,0.00859212875366211
parity5_plus_5,0.58,100,0.58,0.5,0.08,0.0
parity5_plus_5,0.58,100,0.58,0.5,0.08,0.0
parity5_plus_5,0.58,100,0.58,0.5,0.08,0.0
parity5_plus_5,0.58,100,0.58,0.51,0.07,0.015629291534423828
parity5_plus_5,0.58,100,0.58,0.5,0.08,0.0
parity5_plus_5,0.58,100,0.58,0.5,0.08,0.0016255378723144531
parity5_plus_5,0.58,100,0.58,0.51,0.07,0.0
parity5_plus_5,0.58,100,0.58,0.5,0.08,0.0
parity5_plus_5,0.63,100,0.63,0.51,0.12,0.0
parity5_plus_5,0.63,100,0.63,0.51,0.12,0.0
parity5_plus_5,0.63,100,0.63,0.5,0.13,0.0
parity5_plus_5,0.63,100,0.63,0.51,0.12,0.0
parity5_plus_5,0.63,100,0.63,0.5,0.13,0.0
parity5_plus_5,0.63,100,0.63,0.5,0.13,0.0
parity5_plus_5,0.63,100,0.63,0.5,0.13,0.0
parity5_plus_5,0.63,100,0.63,0.5,0.13,0.0
parity5_plus_5,0.63,100,0.63,0.5,0.13,0.0
parity5_plus_5,0.63,100,0.63,0.5,0.13,0.0
parity5_plus_5,0.68,100,0.68,0.51,0.17,0.0
parity5_plus_5,0.68,100,0.68,0.51,0.17,0.0
parity5_plus_5,0.68,100,0.68,0.51,0.17,0.0009951591491699219
parity5_plus_5,0.68,100,0.68,0.5,0.18,0.0
parity5_plus_5,0.68,100,0.68,0.5,0.18,0.0
parity5_plus_5,0.68,100,0.68,0.51,0.17,0.0
parity5_plus_5,0.68,100,0.68,0.5,0.18,0.0
parity5_plus_5,0.68,100,0.68,0.51,0.17,0.0
parity5_plus_5,0.68,100,0.68,0.5,0.18,0.0
parity5_plus_5,0.68,100,0.68,0.5,0.18,0.0
parity5_plus_5,0.74,100,0.74,0.51,0.23,0.0009968280792236328
parity5_plus_5,0.74,100,0.74,0.5,0.24,0.0
parity5_plus_5,0.74,100,0.74,0.51,0.23,0.00959014892578125
parity5_plus_5,0.74,100,0.74,0.5,0.24,0.0010008811950683594
parity5_plus_5,0.74,100,0.74,0.51,0.23,0.0
parity5_plus_5,0.74,100,0.74,0.5,0.24,0.0
parity5_plus_5,0.74,100,0.74,0.51,0.23,0.0010046958923339844
parity5_plus_5,0.74,100,0.74,0.51,0.23,0.0
parity5_plus_5,0.74,100,0.74,0.5,0.24,0.0
parity5_plus_5,0.74,100,0.74,0.51,0.23,0.0
parity5_plus_5,0.79,100,0.79,0.51,0.28,0.0
parity5_plus_5,0.79,100,0.79,0.51,0.28,0.0
parity5_plus_5,0.79,100,0.79,0.51,0.28,0.0
parity5_plus_5,0.79,100,0.79,0.51,0.28,0.0
parity5_plus_5,0.79,100,0.79,0.5,0.29,0.001996755599975586
parity5_plus_5,0.79,100,0.79,0.5,0.29,0.0
parity5_plus_5,0.79,100,0.79,0.51,0.28,0.0
parity5_plus_5,0.79,100,0.79,0.51,0.28,0.0
parity5_plus_5,0.79,100,0.79,0.5,0.29,0.0
parity5_plus_5,0.79,100,0.79,0.51,0.28,0.0
parity5_plus_5,0.84,100,0.84,0.51,0.33,0.0
parity5_plus_5,0.84,100,0.84,0.51,0.33,0.0019974708557128906
parity5_plus_5,0.84,100,0.84,0.51,0.33,0.0
parity5_plus_5,0.84,100,0.84,0.51,0.33,0.0
parity5_plus_5,0.84,100,0.84,0.5,0.34,0.0
parity5_plus_5,0.84,100,0.84,0.51,0.33,0.006347179412841797
parity5_plus_5,0.84,100,0.84,0.5,0.34,0.0
parity5_plus_5,0.84,100,0.84,0.51,0.33,0.015635967254638672
parity5_plus_5,0.84,100,0.84,0.5,0.34,0.0
parity5_plus_5,0.84,100,0.84,0.51,0.33,0.0
parity5_plus_5,0.89,100,0.89,0.51,0.38,0.0
parity5_plus_5,0.89,100,0.89,0.51,0.38,0.0
parity5_plus_5,0.89,100,0.89,0.51,0.38,0.0
parity5_plus_5,0.89,100,0.89,0.51,0.38,0.0
parity5_plus_5,0.89,100,0.89,0.51,0.38,0.0010001659393310547
parity5_plus_5,0.89,100,0.89,0.51,0.38,0.0011742115020751953
parity5_plus_5,0.89,100,0.89,0.51,0.38,0.0
parity5_plus_5,0.89,100,0.89,0.51,0.38,0.0
parity5_plus_5,0.89,100,0.89,0.51,0.38,0.0008318424224853516
parity5_plus_5,0.89,100,0.89,0.51,0.38,0.0
parity5_plus_5,0.95,100,0.95,0.51,0.44,0.0
parity5_plus_5,0.95,100,0.95,0.51,0.44,0.0
parity5_plus_5,0.95,100,0.95,0.51,0.44,0.0
parity5_plus_5,0.95,100,0.95,0.51,0.44,0.0
parity5_plus_5,0.95,100,0.95,0.51,0.44,0.0
parity5_plus_5,0.95,100,0.95,0.51,0.44,0.01571345329284668
parity5_plus_5,0.95,100,0.95,0.5,0.45,0.001298666000366211
parity5_plus_5,0.95,100,0.95,0.51,0.44,0.0
parity5_plus_5,0.95,100,0.95,0.51,0.44,0.0
parity5_plus_5,0.95,100,0.95,0.51,0.44,0.0
parity5_plus_5,1.0,100,1.0,0.51,0.49,0.0
parity5_plus_5,1.0,100,1.0,0.51,0.49,0.0
parity5_plus_5,1.0,100,1.0,0.51,0.49,0.0
parity5_plus_5,1.0,100,1.0,0.51,0.49,0.0
parity5_plus_5,1.0,100,1.0,0.51,0.49,0.0
parity5_plus_5,1.0,100,1.0,0.51,0.49,0.0034019947052001953
parity5_plus_5,1.0,100,1.0,0.51,0.49,0.0
parity5_plus_5,1.0,100,1.0,0.51,0.49,0.0
parity5_plus_5,1.0,100,1.0,0.51,0.49,0.0
parity5_plus_5,1.0,100,1.0,0.51,0.49,0.0
pendigits,0.0,100,0.0,0.0,0.0,0.0
pendigits,0.0,100,0.0,0.01,0.01,0.015626192092895508
pendigits,0.0,100,0.0,0.02,0.02,0.0
pendigits,0.0,100,0.0,0.0,0.0,0.003031492233276367
pendigits,0.0,100,0.0,0.01,0.01,0.0
pendigits,0.0,100,0.0,0.0,0.0,0.0
pendigits,0.0,100,0.0,0.01,0.01,0.0
pendigits,0.0,100,0.0,0.0,0.0,0.0
pendigits,0.0,100,0.0,0.0,0.0,0.0
pendigits,0.0,100,0.0,0.01,0.01,0.0
pendigits,0.05,100,0.05,0.05,0.0,0.0
pendigits,0.05,100,0.05,0.05,0.0,0.0
pendigits,0.05,100,0.05,0.05,0.0,0.0
pendigits,0.05,100,0.05,0.05,0.0,0.0
pendigits,0.05,100,0.05,0.05,0.0,0.0
pendigits,0.05,100,0.05,0.05,0.0,0.0
pendigits,0.05,100,0.05,0.05,0.0,0.0
pendigits,0.05,100,0.05,0.05,0.0,0.015625
pendigits,0.05,100,0.05,0.05,0.0,0.0
pendigits,0.05,100,0.05,0.05,0.0,0.0
pendigits,0.11,100,0.11,0.12,0.01,0.0
pendigits,0.11,100,0.11,0.11,0.0,0.0
pendigits,0.11,100,0.11,0.11,0.0,0.0
pendigits,0.11,100,0.11,0.11,0.0,0.0
pendigits,0.11,100,0.11,0.11,0.0,0.0
pendigits,0.11,100,0.11,0.11,0.0,0.0
pendigits,0.11,100,0.11,0.12,0.01,0.0
pendigits,0.11,100,0.11,0.11,0.0,0.0
pendigits,0.11,100,0.11,0.1,0.01,0.0
pendigits,0.11,100,0.11,0.11,0.0,0.0
pendigits,0.16,100,0.16,0.15,0.01,0.0
pendigits,0.16,100,0.16,0.15,0.01,0.0
pendigits,0.16,100,0.16,0.16,0.0,0.0
pendigits,0.16,100,0.16,0.17,0.01,0.002051115036010742
pendigits,0.16,100,0.16,0.16,0.0,0.0
pendigits,0.16,100,0.16,0.17,0.01,0.0
pendigits,0.16,100,0.16,0.15,0.01,0.0
pendigits,0.16,100,0.16,0.15,0.01,0.0
pendigits,0.16,100,0.16,0.15,0.01,0.0
pendigits,0.16,100,0.16,0.17,0.01,0.0
pendigits,0.21,100,0.21,0.19,0.02,0.0
pendigits,0.21,100,0.21,0.21,0.0,0.0
pendigits,0.21,100,0.21,0.21,0.0,0.0
pendigits,0.21,100,0.21,0.19,0.02,0.0
pendigits,0.21,100,0.21,0.2,0.01,0.0
pendigits,0.21,100,0.21,0.2,0.01,0.015625953674316406
pendigits,0.21,100,0.21,0.21,0.0,0.0
pendigits,0.21,100,0.21,0.2,0.01,0.0
pendigits,0.21,100,0.21,0.2,0.01,0.0
pendigits,0.21,100,0.21,0.19,0.02,0.0
pendigits,0.26,100,0.26,0.25,0.01,0.0
pendigits,0.26,100,0.26,0.25,0.01,0.0
pendigits,0.26,100,0.26,0.25,0.01,0.0
pendigits,0.26,100,0.26,0.25,0.01,0.0
pendigits,0.26,100,0.26,0.25,0.01,0.0
pendigits,0.26,100,0.26,0.26,0.0,0.0009992122650146484
pendigits,0.26,100,0.26,0.23,0.03,0.0009982585906982422
pendigits,0.26,100,0.26,0.26,0.0,0.0
pendigits,0.26,100,0.26,0.26,0.0,0.0
pendigits,0.26,100,0.26,0.25,0.01,0.006558895111083984
pendigits,0.32,100,0.32,0.3,0.02,0.0011432170867919922
pendigits,0.32,100,0.32,0.29,0.03,0.0
pendigits,0.32,100,0.32,0.31,0.01,0.002082347869873047
pendigits,0.32,100,0.32,0.3,0.02,0.001088857650756836
pendigits,0.32,100,0.32,0.3,0.02,0.0015225410461425781
pendigits,0.32,100,0.32,0.29,0.03,0.005004167556762695
pendigits,0.32,100,0.32,0.31,0.01,0.0
pendigits,0.32,100,0.32,0.31,0.01,0.0
pendigits,0.32,100,0.32,0.3,0.02,0.0
pendigits,0.32,100,0.32,0.31,0.01,0.0
pendigits,0.37,100,0.37,0.34,0.03,0.009507894515991211
pendigits,0.37,100,0.37,0.34,0.03,0.0
pendigits,0.37,100,0.37,0.35,0.02,0.0
pendigits,0.37,100,0.37,0.36,0.01,0.0
pendigits,0.37,100,0.37,0.34,0.03,0.0
pendigits,0.37,100,0.37,0.34,0.03,0.004726886749267578
pendigits,0.37,100,0.37,0.35,0.02,0.0020885467529296875
pendigits,0.37,100,0.37,0.34,0.03,0.0
pendigits,0.37,100,0.37,0.36,0.01,0.0
pendigits,0.37,100,0.37,0.36,0.01,0.0019485950469970703
pendigits,0.42,100,0.42,0.4,0.02,0.0
pendigits,0.42,100,0.42,0.4,0.02,0.002075672149658203
pendigits,0.42,100,0.42,0.37,0.05,0.0016870498657226562
pendigits,0.42,100,0.42,0.4,0.02,0.0
pendigits,0.42,100,0.42,0.38,0.04,0.0
pendigits,0.42,100,0.42,0.41,0.01,0.0
pendigits,0.42,100,0.42,0.4,0.02,0.0
pendigits,0.42,100,0.42,0.4,0.02,0.0
pendigits,0.42,100,0.42,0.41,0.01,0.0
pendigits,0.42,100,0.42,0.39,0.03,0.0
pendigits,0.47,100,0.47,0.45,0.02,0.0
pendigits,0.47,100,0.47,0.45,0.02,0.01569819450378418
pendigits,0.47,100,0.47,0.42,0.05,0.0
pendigits,0.47,100,0.47,0.46,0.01,0.0
pendigits,0.47,100,0.47,0.41,0.06,0.0
pendigits,0.47,100,0.47,0.44,0.03,0.01508331298828125
pendigits,0.47,100,0.47,0.44,0.03,0.0
pendigits,0.47,100,0.47,0.45,0.02,0.0
pendigits,0.47,100,0.47,0.43,0.04,0.0
pendigits,0.47,100,0.47,0.45,0.02,0.0
pendigits,0.53,100,0.53,0.5,0.03,0.0
pendigits,0.53,100,0.53,0.5,0.03,0.0
pendigits,0.53,100,0.53,0.51,0.02,0.0
pendigits,0.53,100,0.53,0.51,0.02,0.0
pendigits,0.53,100,0.53,0.5,0.03,0.0
pendigits,0.53,100,0.53,0.49,0.04,0.0
pendigits,0.53,100,0.53,0.51,0.02,0.0
pendigits,0.53,100,0.53,0.5,0.03,0.0
pendigits,0.53,100,0.53,0.51,0.02,0.0
pendigits,0.53,100,0.53,0.5,0.03,0.0
pendigits,0.58,100,0.58,0.55,0.03,0.0
pendigits,0.58,100,0.58,0.55,0.03,0.0
pendigits,0.58,100,0.58,0.55,0.03,0.0
pendigits,0.58,100,0.58,0.55,0.03,0.0
pendigits,0.58,100,0.58,0.52,0.06,0.0
pendigits,0.58,100,0.58,0.56,0.02,0.002151966094970703
pendigits,0.58,100,0.58,0.56,0.02,0.0
pendigits,0.58,100,0.58,0.55,0.03,0.0
pendigits,0.58,100,0.58,0.54,0.04,0.0
pendigits,0.58,100,0.58,0.54,0.04,0.0
pendigits,0.63,100,0.63,0.58,0.05,0.015623331069946289
pendigits,0.63,100,0.63,0.59,0.04,0.002000570297241211
pendigits,0.63,100,0.63,0.59,0.04,0.0
pendigits,0.63,100,0.63,0.59,0.04,0.0
pendigits,0.63,100,0.63,0.59,0.04,0.0
pendigits,0.63,100,0.63,0.58,0.05,0.0
pendigits,0.63,100,0.63,0.58,0.05,0.0
pendigits,0.63,100,0.63,0.58,0.05,0.0
pendigits,0.63,100,0.63,0.6,0.03,0.0
pendigits,0.63,100,0.63,0.59,0.04,0.0008871555328369141
pendigits,0.68,100,0.68,0.63,0.05,0.0009987354278564453
pendigits,0.68,100,0.68,0.63,0.05,0.0
pendigits,0.68,100,0.68,0.65,0.03,0.0
pendigits,0.68,100,0.68,0.63,0.05,0.0
pendigits,0.68,100,0.68,0.65,0.03,0.0
pendigits,0.68,100,0.68,0.65,0.03,0.0
pendigits,0.68,100,0.68,0.63,0.05,0.0
pendigits,0.68,100,0.68,0.63,0.05,0.0
pendigits,0.68,100,0.68,0.64,0.04,0.0
pendigits,0.68,100,0.68,0.64,0.04,0.0
pendigits,0.74,100,0.74,0.71,0.03,0.0
pendigits,0.74,100,0.74,0.68,0.06,0.0
pendigits,0.74,100,0.74,0.69,0.05,0.0
pendigits,0.74,100,0.74,0.71,0.03,0.0
pendigits,0.74,100,0.74,0.69,0.05,0.0
pendigits,0.74,100,0.74,0.7,0.04,0.0008797645568847656
pendigits,0.74,100,0.74,0.68,0.06,0.0
pendigits,0.74,100,0.74,0.67,0.07,0.01571345329284668
pendigits,0.74,100,0.74,0.71,0.03,0.0
pendigits,0.74,100,0.74,0.7,0.04,0.0
pendigits,0.79,100,0.79,0.76,0.03,0.0
pendigits,0.79,100,0.79,0.73,0.06,0.0
pendigits,0.79,100,0.79,0.74,0.05,0.0
pendigits,0.79,100,0.79,0.75,0.04,0.0
pendigits,0.79,100,0.79,0.73,0.06,0.015630722045898438
pendigits,0.79,100,0.79,0.73,0.06,0.0
pendigits,0.79,100,0.79,0.75,0.04,0.0
pendigits,0.79,100,0.79,0.73,0.06,0.0
pendigits,0.79,100,0.79,0.74,0.05,0.0
pendigits,0.79,100,0.79,0.73,0.06,0.01572704315185547
pendigits,0.84,100,0.84,0.78,0.06,0.0
pendigits,0.84,100,0.84,0.79,0.05,0.0
pendigits,0.84,100,0.84,0.79,0.05,0.0
pendigits,0.84,100,0.84,0.79,0.05,0.0
pendigits,0.84,100,0.84,0.79,0.05,0.0
pendigits,0.84,100,0.84,0.76,0.08,0.016349077224731445
pendigits,0.84,100,0.84,0.76,0.08,0.0
pendigits,0.84,100,0.84,0.79,0.05,0.0
pendigits,0.84,100,0.84,0.79,0.05,0.0
pendigits,0.84,100,0.84,0.78,0.06,0.0
pendigits,0.89,100,0.89,0.83,0.06,0.0
pendigits,0.89,100,0.89,0.83,0.06,0.0
pendigits,0.89,100,0.89,0.82,0.07,0.0010814666748046875
pendigits,0.89,100,0.89,0.84,0.05,0.0010037422180175781
pendigits,0.89,100,0.89,0.83,0.06,0.0020112991333007812
pendigits,0.89,100,0.89,0.84,0.05,0.0
pendigits,0.89,100,0.89,0.84,0.05,0.0
pendigits,0.89,100,0.89,0.85,0.04,0.0
pendigits,0.89,100,0.89,0.83,0.06,0.0
pendigits,0.89,100,0.89,0.83,0.06,0.0
pendigits,0.95,100,0.95,0.88,0.07,0.0
pendigits,0.95,100,0.95,0.9,0.05,0.0
pendigits,0.95,100,0.95,0.89,0.06,0.0
pendigits,0.95,100,0.95,0.88,0.07,0.0
pendigits,0.95,100,0.95,0.86,0.09,0.01507878303527832
pendigits,0.95,100,0.95,0.9,0.05,0.0
pendigits,0.95,100,0.95,0.89,0.06,0.001111745834350586
pendigits,0.95,100,0.95,0.88,0.07,0.0
pendigits,0.95,100,0.95,0.9,0.05,0.0
pendigits,0.95,100,0.95,0.88,0.07,0.0
pendigits,1.0,100,1.0,0.92,0.08,0.0
pendigits,1.0,100,1.0,0.95,0.05,0.0
pendigits,1.0,100,1.0,0.93,0.07,0.0
pendigits,1.0,100,1.0,0.94,0.06,0.0
pendigits,1.0,100,1.0,0.95,0.05,0.015621423721313477
pendigits,1.0,100,1.0,0.95,0.05,0.0
pendigits,1.0,100,1.0,0.93,0.07,0.0
pendigits,1.0,100,1.0,0.94,0.06,0.0
pendigits,1.0,100,1.0,0.94,0.06,0.0
pendigits,1.0,100,1.0,0.93,0.07,0.0
phpGUrE90,0.0,100,0.0,0.19,0.19,0.0
phpGUrE90,0.0,100,0.0,0.19,0.19,0.0019996166229248047
phpGUrE90,0.0,100,0.0,0.2,0.2,0.0
phpGUrE90,0.0,100,0.0,0.17,0.17,0.0
phpGUrE90,0.0,100,0.0,0.19,0.19,0.014592885971069336
phpGUrE90,0.0,100,0.0,0.2,0.2,0.0
phpGUrE90,0.0,100,0.0,0.19,0.19,0.0
phpGUrE90,0.0,100,0.0,0.19,0.19,0.015624523162841797
phpGUrE90,0.0,100,0.0,0.21,0.21,0.015111684799194336
phpGUrE90,0.0,100,0.0,0.17,0.17,0.0
phpGUrE90,0.05,100,0.05,0.2,0.15,0.0
phpGUrE90,0.05,100,0.05,0.23,0.18,0.0
phpGUrE90,0.05,100,0.05,0.21,0.16,0.0008962154388427734
phpGUrE90,0.05,100,0.05,0.22,0.17,0.0
phpGUrE90,0.05,100,0.05,0.21,0.16,0.0
phpGUrE90,0.05,100,0.05,0.19,0.14,0.0
phpGUrE90,0.05,100,0.05,0.2,0.15,0.0
phpGUrE90,0.05,100,0.05,0.22,0.17,0.012584209442138672
phpGUrE90,0.05,100,0.05,0.2,0.15,0.0
phpGUrE90,0.05,100,0.05,0.22,0.17,0.0
phpGUrE90,0.11,100,0.11,0.24,0.13,0.0
phpGUrE90,0.11,100,0.11,0.23,0.12,0.0
phpGUrE90,0.11,100,0.11,0.25,0.14,0.0
phpGUrE90,0.11,100,0.11,0.24,0.13,0.0009963512420654297
phpGUrE90,0.11,100,0.11,0.21,0.1,0.0
phpGUrE90,0.11,100,0.11,0.24,0.13,0.0
phpGUrE90,0.11,100,0.11,0.24,0.13,0.0
phpGUrE90,0.11,100,0.11,0.25,0.14,0.002004384994506836
phpGUrE90,0.11,100,0.11,0.24,0.13,0.0
phpGUrE90,0.11,100,0.11,0.23,0.12,0.0
phpGUrE90,0.16,100,0.16,0.26,0.1,0.015034675598144531
phpGUrE90,0.16,100,0.16,0.24,0.08,0.0
phpGUrE90,0.16,100,0.16,0.26,0.1,0.0030863285064697266
phpGUrE90,0.16,100,0.16,0.28,0.12,0.0
phpGUrE90,0.16,100,0.16,0.27,0.11,0.0
phpGUrE90,0.16,100,0.16,0.26,0.1,0.0061092376708984375
phpGUrE90,0.16,100,0.16,0.26,0.1,0.0
phpGUrE90,0.16,100,0.16,0.28,0.12,0.015630245208740234
phpGUrE90,0.16,100,0.16,0.26,0.1,0.0
phpGUrE90,0.16,100,0.16,0.28,0.12,0.0053827762603759766
phpGUrE90,0.21,100,0.21,0.28,0.07,0.0
phpGUrE90,0.21,100,0.21,0.31,0.1,0.0
phpGUrE90,0.21,100,0.21,0.28,0.07,0.0053517818450927734
phpGUrE90,0.21,100,0.21,0.29,0.08,0.0074079036712646484
phpGUrE90,0.21,100,0.21,0.28,0.07,0.0
phpGUrE90,0.21,100,0.21,0.29,0.08,0.0
phpGUrE90,0.21,100,0.21,0.27,0.06,0.0
phpGUrE90,0.21,100,0.21,0.3,0.09,0.0010874271392822266
phpGUrE90,0.21,100,0.21,0.31,0.1,0.0
phpGUrE90,0.21,100,0.21,0.28,0.07,0.0
phpGUrE90,0.26,100,0.26,0.32,0.06,0.0
phpGUrE90,0.26,100,0.26,0.33,0.07,0.0018873214721679688
phpGUrE90,0.26,100,0.26,0.32,0.06,0.0
phpGUrE90,0.26,100,0.26,0.33,0.07,0.0
phpGUrE90,0.26,100,0.26,0.29,0.03,0.0
phpGUrE90,0.26,100,0.26,0.32,0.06,0.0023276805877685547
phpGUrE90,0.26,100,0.26,0.31,0.05,0.0
phpGUrE90,0.26,100,0.26,0.32,0.06,0.0
phpGUrE90,0.26,100,0.26,0.32,0.06,0.015707969665527344
phpGUrE90,0.26,100,0.26,0.33,0.07,0.015632152557373047
phpGUrE90,0.32,100,0.32,0.38,0.06,0.0
phpGUrE90,0.32,100,0.32,0.34,0.02,0.0
phpGUrE90,0.32,100,0.32,0.34,0.02,0.01508474349975586
phpGUrE90,0.32,100,0.32,0.34,0.02,0.0
phpGUrE90,0.32,100,0.32,0.36,0.04,0.0
phpGUrE90,0.32,100,0.32,0.33,0.01,0.0
phpGUrE90,0.32,100,0.32,0.32,0.0,0.0
phpGUrE90,0.32,100,0.32,0.35,0.03,0.0
phpGUrE90,0.32,100,0.32,0.36,0.04,0.0
phpGUrE90,0.32,100,0.32,0.36,0.04,0.0
phpGUrE90,0.37,100,0.37,0.36,0.01,0.007482051849365234
phpGUrE90,0.37,100,0.37,0.36,0.01,0.0
phpGUrE90,0.37,100,0.37,0.37,0.0,0.0
phpGUrE90,0.37,100,0.37,0.37,0.0,0.0
phpGUrE90,0.37,100,0.37,0.37,0.0,0.002408266067504883
phpGUrE90,0.37,100,0.37,0.37,0.0,0.0
phpGUrE90,0.37,100,0.37,0.37,0.0,0.0
phpGUrE90,0.37,100,0.37,0.36,0.01,0.0
phpGUrE90,0.37,100,0.37,0.37,0.0,0.0019996166229248047
phpGUrE90,0.37,100,0.37,0.36,0.01,0.0
phpGUrE90,0.42,100,0.42,0.42,0.0,0.0
phpGUrE90,0.42,100,0.42,0.38,0.04,0.0
phpGUrE90,0.42,100,0.42,0.39,0.03,0.0012121200561523438
phpGUrE90,0.42,100,0.42,0.41,0.01,0.0019981861114501953
phpGUrE90,0.42,100,0.42,0.37,0.05,0.0
phpGUrE90,0.42,100,0.42,0.39,0.03,0.0
phpGUrE90,0.42,100,0.42,0.4,0.02,0.0
phpGUrE90,0.42,100,0.42,0.41,0.01,0.0
phpGUrE90,0.42,100,0.42,0.41,0.01,0.0
phpGUrE90,0.42,100,0.42,0.39,0.03,0.0018658638000488281
phpGUrE90,0.47,100,0.47,0.43,0.04,0.015615463256835938
phpGUrE90,0.47,100,0.47,0.42,0.05,0.0
phpGUrE90,0.47,100,0.47,0.39,0.08,0.0
phpGUrE90,0.47,100,0.47,0.4,0.07,0.0
phpGUrE90,0.47,100,0.47,0.41,0.06,0.0
phpGUrE90,0.47,100,0.47,0.43,0.04,0.0
phpGUrE90,0.47,100,0.47,0.4,0.07,0.0
phpGUrE90,0.47,100,0.47,0.45,0.02,0.006383657455444336
phpGUrE90,0.47,100,0.47,0.45,0.02,0.003805875778198242
phpGUrE90,0.47,100,0.47,0.4,0.07,0.0
phpGUrE90,0.53,100,0.53,0.45,0.08,0.0
phpGUrE90,0.53,100,0.53,0.43,0.1,0.0
phpGUrE90,0.53,100,0.53,0.45,0.08,0.0
phpGUrE90,0.53,100,0.53,0.45,0.08,0.0
phpGUrE90,0.53,100,0.53,0.45,0.08,0.0
phpGUrE90,0.53,100,0.53,0.45,0.08,0.0018472671508789062
phpGUrE90,0.53,100,0.53,0.44,0.09,0.0
phpGUrE90,0.53,100,0.53,0.45,0.08,0.0
phpGUrE90,0.53,100,0.53,0.45,0.08,0.0
phpGUrE90,0.53,100,0.53,0.47,0.06,0.0
phpGUrE90,0.58,100,0.58,0.48,0.1,0.0
phpGUrE90,0.58,100,0.58,0.47,0.11,0.0
phpGUrE90,0.58,100,0.58,0.47,0.11,0.0
phpGUrE90,0.58,100,0.58,0.5,0.08,0.0
phpGUrE90,0.58,100,0.58,0.47,0.11,0.0010852813720703125
phpGUrE90,0.58,100,0.58,0.48,0.1,0.0
phpGUrE90,0.58,100,0.58,0.49,0.09,0.0
phpGUrE90,0.58,100,0.58,0.47,0.11,0.0
phpGUrE90,0.58,100,0.58,0.48,0.1,0.0
phpGUrE90,0.58,100,0.58,0.48,0.1,0.015629053115844727
phpGUrE90,0.63,100,0.63,0.51,0.12,0.0
phpGUrE90,0.63,100,0.63,0.48,0.15,0.0
phpGUrE90,0.63,100,0.63,0.51,0.12,0.0
phpGUrE90,0.63,100,0.63,0.5,0.13,0.0
phpGUrE90,0.63,100,0.63,0.51,0.12,0.0
phpGUrE90,0.63,100,0.63,0.52,0.11,0.0019648075103759766
phpGUrE90,0.63,100,0.63,0.51,0.12,0.0
phpGUrE90,0.63,100,0.63,0.52,0.11,0.0
phpGUrE90,0.63,100,0.63,0.51,0.12,0.0
phpGUrE90,0.63,100,0.63,0.5,0.13,0.0
phpGUrE90,0.68,100,0.68,0.53,0.15,0.0
phpGUrE90,0.68,100,0.68,0.53,0.15,0.0
phpGUrE90,0.68,100,0.68,0.56,0.12,0.002103090286254883
phpGUrE90,0.68,100,0.68,0.54,0.14,0.0
phpGUrE90,0.68,100,0.68,0.52,0.16,0.0
phpGUrE90,0.68,100,0.68,0.56,0.12,0.01508641242980957
phpGUrE90,0.68,100,0.68,0.53,0.15,0.0009810924530029297
phpGUrE90,0.68,100,0.68,0.53,0.15,0.0020101070404052734
phpGUrE90,0.68,100,0.68,0.51,0.17,0.01570749282836914
phpGUrE90,0.68,100,0.68,0.51,0.17,0.0010001659393310547
phpGUrE90,0.74,100,0.74,0.55,0.19,0.0
phpGUrE90,0.74,100,0.74,0.54,0.2,0.002000093460083008
phpGUrE90,0.74,100,0.74,0.53,0.21,0.0
phpGUrE90,0.74,100,0.74,0.57,0.17,0.0026025772094726562
phpGUrE90,0.74,100,0.74,0.56,0.18,0.0
phpGUrE90,0.74,100,0.74,0.58,0.16,0.0
phpGUrE90,0.74,100,0.74,0.53,0.21,0.0
phpGUrE90,0.74,100,0.74,0.57,0.17,0.01633477210998535
phpGUrE90,0.74,100,0.74,0.55,0.19,0.0
phpGUrE90,0.74,100,0.74,0.55,0.19,0.0
phpGUrE90,0.79,100,0.79,0.6,0.19,0.0
phpGUrE90,0.79,100,0.79,0.58,0.21,0.0
phpGUrE90,0.79,100,0.79,0.58,0.21,0.0
phpGUrE90,0.79,100,0.79,0.6,0.19,0.0
phpGUrE90,0.79,100,0.79,0.58,0.21,0.000965118408203125
phpGUrE90,0.79,100,0.79,0.56,0.23,0.0
phpGUrE90,0.79,100,0.79,0.58,0.21,0.0
phpGUrE90,0.79,100,0.79,0.58,0.21,0.0
phpGUrE90,0.79,100,0.79,0.57,0.22,0.0
phpGUrE90,0.79,100,0.79,0.58,0.21,0.0
phpGUrE90,0.84,100,0.84,0.6,0.24,0.0
phpGUrE90,0.84,100,0.84,0.61,0.23,0.0010063648223876953
phpGUrE90,0.84,100,0.84,0.58,0.26,0.0
phpGUrE90,0.84,100,0.84,0.61,0.23,0.0
phpGUrE90,0.84,100,0.84,0.6,0.24,0.0
phpGUrE90,0.84,100,0.84,0.62,0.22,0.0
phpGUrE90,0.84,100,0.84,0.63,0.21,0.0
phpGUrE90,0.84,100,0.84,0.62,0.22,0.0
phpGUrE90,0.84,100,0.84,0.6,0.24,0.0
phpGUrE90,0.84,100,0.84,0.61,0.23,0.01500844955444336
phpGUrE90,0.89,100,0.89,0.64,0.25,0.002058267593383789
phpGUrE90,0.89,100,0.89,0.64,0.25,0.0
phpGUrE90,0.89,100,0.89,0.63,0.26,0.0
phpGUrE90,0.89,100,0.89,0.65,0.24,0.0
phpGUrE90,0.89,100,0.89,0.63,0.26,0.0019996166229248047
phpGUrE90,0.89,100,0.89,0.62,0.27,0.0
phpGUrE90,0.89,100,0.89,0.63,0.26,0.0
phpGUrE90,0.89,100,0.89,0.65,0.24,0.0
phpGUrE90,0.89,100,0.89,0.64,0.25,0.0
phpGUrE90,0.89,100,0.89,0.65,0.24,0.0
phpGUrE90,0.95,100,0.95,0.66,0.29,0.0
phpGUrE90,0.95,100,0.95,0.66,0.29,0.0
phpGUrE90,0.95,100,0.95,0.66,0.29,0.0020024776458740234
phpGUrE90,0.95,100,0.95,0.67,0.28,0.0
phpGUrE90,0.95,100,0.95,0.69,0.26,0.0
phpGUrE90,0.95,100,0.95,0.67,0.28,0.0
phpGUrE90,0.95,100,0.95,0.66,0.29,0.0
phpGUrE90,0.95,100,0.95,0.66,0.29,0.0
phpGUrE90,0.95,100,0.95,0.66,0.29,0.01570439338684082
phpGUrE90,0.95,100,0.95,0.67,0.28,0.0
phpGUrE90,1.0,100,1.0,0.68,0.32,0.0010089874267578125
phpGUrE90,1.0,100,1.0,0.69,0.31,0.0
phpGUrE90,1.0,100,1.0,0.69,0.31,0.0
phpGUrE90,1.0,100,1.0,0.7,0.3,0.0
phpGUrE90,1.0,100,1.0,0.69,0.31,0.0
phpGUrE90,1.0,100,1.0,0.69,0.31,0.0
phpGUrE90,1.0,100,1.0,0.69,0.31,0.0
phpGUrE90,1.0,100,1.0,0.69,0.31,0.0
phpGUrE90,1.0,100,1.0,0.68,0.32,0.0019998550415039062
phpGUrE90,1.0,100,1.0,0.69,0.31,0.0
phphQEck0,0.0,100,0.0,0.32,0.32,0.0
phphQEck0,0.0,100,0.0,0.36,0.36,0.0
phphQEck0,0.0,100,0.0,0.33,0.33,0.0
phphQEck0,0.0,100,0.0,0.34,0.34,0.0
phphQEck0,0.0,100,0.0,0.34,0.34,0.0
phphQEck0,0.0,100,0.0,0.36,0.36,0.0014197826385498047
phphQEck0,0.0,100,0.0,0.34,0.34,0.0
phphQEck0,0.0,100,0.0,0.33,0.33,0.0
phphQEck0,0.0,100,0.0,0.34,0.34,0.0
phphQEck0,0.0,100,0.0,0.35,0.35,0.0
phphQEck0,0.05,100,0.05,0.37,0.32,0.0
phphQEck0,0.05,100,0.05,0.36,0.31,0.0
phphQEck0,0.05,100,0.05,0.37,0.32,0.0
phphQEck0,0.05,100,0.05,0.39,0.34,0.0062503814697265625
phphQEck0,0.05,100,0.05,0.36,0.31,0.0
phphQEck0,0.05,100,0.05,0.35,0.3,0.0
phphQEck0,0.05,100,0.05,0.36,0.31,0.0
phphQEck0,0.05,100,0.05,0.38,0.33,0.0
phphQEck0,0.05,100,0.05,0.38,0.33,0.0
phphQEck0,0.05,100,0.05,0.36,0.31,0.0
phphQEck0,0.11,100,0.11,0.43,0.32,0.0
phphQEck0,0.11,100,0.11,0.4,0.29,0.015080690383911133
phphQEck0,0.11,100,0.11,0.41,0.3,0.0
phphQEck0,0.11,100,0.11,0.39,0.28,0.0020101070404052734
phphQEck0,0.11,100,0.11,0.4,0.29,0.0
phphQEck0,0.11,100,0.11,0.38,0.27,0.001001596450805664
phphQEck0,0.11,100,0.11,0.41,0.3,0.016623735427856445
phphQEck0,0.11,100,0.11,0.39,0.28,0.0
phphQEck0,0.11,100,0.11,0.39,0.28,0.0
phphQEck0,0.11,100,0.11,0.4,0.29,0.0059814453125
phphQEck0,0.16,100,0.16,0.44,0.28,0.0
phphQEck0,0.16,100,0.16,0.44,0.28,0.0
phphQEck0,0.16,100,0.16,0.46,0.3,0.0
phphQEck0,0.16,100,0.16,0.42,0.26,0.0
phphQEck0,0.16,100,0.16,0.41,0.25,0.0
phphQEck0,0.16,100,0.16,0.42,0.26,0.0
phphQEck0,0.16,100,0.16,0.45,0.29,0.007204771041870117
phphQEck0,0.16,100,0.16,0.4,0.24,0.0
phphQEck0,0.16,100,0.16,0.44,0.28,0.01570749282836914
phphQEck0,0.16,100,0.16,0.42,0.26,0.0
phphQEck0,0.21,100,0.21,0.47,0.26,0.0
phphQEck0,0.21,100,0.21,0.45,0.24,0.0
phphQEck0,0.21,100,0.21,0.48,0.27,0.0
phphQEck0,0.21,100,0.21,0.47,0.26,0.0
phphQEck0,0.21,100,0.21,0.47,0.26,0.0
phphQEck0,0.21,100,0.21,0.47,0.26,0.0
phphQEck0,0.21,100,0.21,0.46,0.25,0.0
phphQEck0,0.21,100,0.21,0.44,0.23,0.0
phphQEck0,0.21,100,0.21,0.45,0.24,0.0
phphQEck0,0.21,100,0.21,0.5,0.29,0.0
phphQEck0,0.26,100,0.26,0.51,0.25,0.0
phphQEck0,0.26,100,0.26,0.5,0.24,0.0
phphQEck0,0.26,100,0.26,0.49,0.23,0.005442380905151367
phphQEck0,0.26,100,0.26,0.49,0.23,0.0
phphQEck0,0.26,100,0.26,0.48,0.22,0.0
phphQEck0,0.26,100,0.26,0.51,0.25,0.0
phphQEck0,0.26,100,0.26,0.5,0.24,0.0
phphQEck0,0.26,100,0.26,0.49,0.23,0.0
phphQEck0,0.26,100,0.26,0.45,0.19,0.0
phphQEck0,0.26,100,0.26,0.5,0.24,0.0
phphQEck0,0.32,100,0.32,0.53,0.21,0.0
phphQEck0,0.32,100,0.32,0.51,0.19,0.0
phphQEck0,0.32,100,0.32,0.54,0.22,0.006220817565917969
phphQEck0,0.32,100,0.32,0.53,0.21,0.016425371170043945
phphQEck0,0.32,100,0.32,0.53,0.21,0.0
phphQEck0,0.32,100,0.32,0.49,0.17,0.0
phphQEck0,0.32,100,0.32,0.52,0.2,0.0010058879852294922
phphQEck0,0.32,100,0.32,0.52,0.2,0.0
phphQEck0,0.32,100,0.32,0.51,0.19,0.0
phphQEck0,0.32,100,0.32,0.54,0.22,0.0
phphQEck0,0.37,100,0.37,0.55,0.18,0.015621423721313477
phphQEck0,0.37,100,0.37,0.57,0.2,0.0
phphQEck0,0.37,100,0.37,0.52,0.15,0.0
phphQEck0,0.37,100,0.37,0.55,0.18,0.0
phphQEck0,0.37,100,0.37,0.56,0.19,0.0157010555267334
phphQEck0,0.37,100,0.37,0.57,0.2,0.0
phphQEck0,0.37,100,0.37,0.58,0.21,0.0
phphQEck0,0.37,100,0.37,0.55,0.18,0.0
phphQEck0,0.37,100,0.37,0.58,0.21,0.0
phphQEck0,0.37,100,0.37,0.54,0.17,0.001081228256225586
phphQEck0,0.42,100,0.42,0.59,0.17,0.0
phphQEck0,0.42,100,0.42,0.59,0.17,0.0009996891021728516
phphQEck0,0.42,100,0.42,0.57,0.15,0.0
phphQEck0,0.42,100,0.42,0.57,0.15,0.0
phphQEck0,0.42,100,0.42,0.61,0.19,0.013582944869995117
phphQEck0,0.42,100,0.42,0.59,0.17,0.0
phphQEck0,0.42,100,0.42,0.57,0.15,0.0
phphQEck0,0.42,100,0.42,0.58,0.16,0.0
phphQEck0,0.42,100,0.42,0.57,0.15,0.0
phphQEck0,0.42,100,0.42,0.56,0.14,0.015613079071044922
phphQEck0,0.47,100,0.47,0.62,0.15,0.0
phphQEck0,0.47,100,0.47,0.63,0.16,0.0
phphQEck0,0.47,100,0.47,0.57,0.1,0.0
phphQEck0,0.47,100,0.47,0.57,0.1,0.0
phphQEck0,0.47,100,0.47,0.61,0.14,0.0
phphQEck0,0.47,100,0.47,0.6,0.13,0.0011799335479736328
phphQEck0,0.47,100,0.47,0.61,0.14,0.0
phphQEck0,0.47,100,0.47,0.6,0.13,0.0
phphQEck0,0.47,100,0.47,0.61,0.14,0.0
phphQEck0,0.47,100,0.47,0.62,0.15,0.0
phphQEck0,0.53,100,0.53,0.63,0.1,0.0
phphQEck0,0.53,100,0.53,0.64,0.11,0.016699552536010742
phphQEck0,0.53,100,0.53,0.67,0.14,0.0
phphQEck0,0.53,100,0.53,0.64,0.11,0.0
phphQEck0,0.53,100,0.53,0.63,0.1,0.0009996891021728516
phphQEck0,0.53,100,0.53,0.65,0.12,0.0004451274871826172
phphQEck0,0.53,100,0.53,0.6,0.07,0.0009992122650146484
phphQEck0,0.53,100,0.53,0.62,0.09,0.0
phphQEck0,0.53,100,0.53,0.63,0.1,0.0
phphQEck0,0.53,100,0.53,0.67,0.14,0.0008170604705810547
phphQEck0,0.58,100,0.58,0.67,0.09,0.0
phphQEck0,0.58,100,0.58,0.67,0.09,0.0
phphQEck0,0.58,100,0.58,0.66,0.08,0.0
phphQEck0,0.58,100,0.58,0.69,0.11,0.0
phphQEck0,0.58,100,0.58,0.68,0.1,0.0
phphQEck0,0.58,100,0.58,0.67,0.09,0.00722813606262207
phphQEck0,0.58,100,0.58,0.66,0.08,0.0
phphQEck0,0.58,100,0.58,0.66,0.08,0.0013117790222167969
phphQEck0,0.58,100,0.58,0.7,0.12,0.0011518001556396484
phphQEck0,0.58,100,0.58,0.64,0.06,0.0
phphQEck0,0.63,100,0.63,0.69,0.06,0.0
phphQEck0,0.63,100,0.63,0.7,0.07,0.001955270767211914
phphQEck0,0.63,100,0.63,0.72,0.09,0.0
phphQEck0,0.63,100,0.63,0.68,0.05,0.0
phphQEck0,0.63,100,0.63,0.71,0.08,0.0
phphQEck0,0.63,100,0.63,0.66,0.03,0.0
phphQEck0,0.63,100,0.63,0.68,0.05,0.0
phphQEck0,0.63,100,0.63,0.71,0.08,0.0
phphQEck0,0.63,100,0.63,0.72,0.09,0.0
phphQEck0,0.63,100,0.63,0.74,0.11,0.0
phphQEck0,0.68,100,0.68,0.73,0.05,0.0
phphQEck0,0.68,100,0.68,0.7,0.02,0.0
phphQEck0,0.68,100,0.68,0.71,0.03,0.0
phphQEck0,0.68,100,0.68,0.72,0.04,0.0
phphQEck0,0.68,100,0.68,0.73,0.05,0.0
phphQEck0,0.68,100,0.68,0.75,0.07,0.0
phphQEck0,0.68,100,0.68,0.72,0.04,0.0
phphQEck0,0.68,100,0.68,0.73,0.05,0.0
phphQEck0,0.68,100,0.68,0.74,0.06,0.0
phphQEck0,0.68,100,0.68,0.72,0.04,0.0
phphQEck0,0.74,100,0.74,0.75,0.01,0.0
phphQEck0,0.74,100,0.74,0.8,0.06,0.0
phphQEck0,0.74,100,0.74,0.77,0.03,0.0
phphQEck0,0.74,100,0.74,0.76,0.02,0.0
phphQEck0,0.74,100,0.74,0.78,0.04,0.0
phphQEck0,0.74,100,0.74,0.74,0.0,0.0
phphQEck0,0.74,100,0.74,0.79,0.05,0.0
phphQEck0,0.74,100,0.74,0.76,0.02,0.0
phphQEck0,0.74,100,0.74,0.75,0.01,0.0
phphQEck0,0.74,100,0.74,0.75,0.01,0.012021303176879883
phphQEck0,0.79,100,0.79,0.78,0.01,0.0011658668518066406
phphQEck0,0.79,100,0.79,0.8,0.01,0.0
phphQEck0,0.79,100,0.79,0.81,0.02,0.0
phphQEck0,0.79,100,0.79,0.8,0.01,0.0
phphQEck0,0.79,100,0.79,0.8,0.01,0.0
phphQEck0,0.79,100,0.79,0.78,0.01,0.0010037422180175781
phphQEck0,0.79,100,0.79,0.76,0.03,0.0
phphQEck0,0.79,100,0.79,0.76,0.03,0.01562190055847168
phphQEck0,0.79,100,0.79,0.83,0.04,0.0
phphQEck0,0.79,100,0.79,0.82,0.03,0.015690088272094727
phphQEck0,0.84,100,0.84,0.81,0.03,0.0
phphQEck0,0.84,100,0.84,0.83,0.01,0.0
phphQEck0,0.84,100,0.84,0.85,0.01,0.0
phphQEck0,0.84,100,0.84,0.81,0.03,0.0
phphQEck0,0.84,100,0.84,0.82,0.02,0.01659083366394043
phphQEck0,0.84,100,0.84,0.86,0.02,0.0
phphQEck0,0.84,100,0.84,0.82,0.02,0.0
phphQEck0,0.84,100,0.84,0.82,0.02,0.0010066032409667969
phphQEck0,0.84,100,0.84,0.82,0.02,0.0
phphQEck0,0.84,100,0.84,0.82,0.02,0.0164487361907959
phphQEck0,0.89,100,0.89,0.86,0.03,0.0
phphQEck0,0.89,100,0.89,0.84,0.05,0.0
phphQEck0,0.89,100,0.89,0.82,0.07,0.0
phphQEck0,0.89,100,0.89,0.86,0.03,0.0
phphQEck0,0.89,100,0.89,0.86,0.03,0.0
phphQEck0,0.89,100,0.89,0.84,0.05,0.0
phphQEck0,0.89,100,0.89,0.88,0.01,0.0
phphQEck0,0.89,100,0.89,0.8,0.09,0.0
phphQEck0,0.89,100,0.89,0.83,0.06,0.0
phphQEck0,0.89,100,0.89,0.89,0.0,0.0
phphQEck0,0.95,100,0.95,0.84,0.11,0.0
phphQEck0,0.95,100,0.95,0.83,0.12,0.0
phphQEck0,0.95,100,0.95,0.88,0.07,0.0
phphQEck0,0.95,100,0.95,0.88,0.07,0.0
phphQEck0,0.95,100,0.95,0.89,0.06,0.0
phphQEck0,0.95,100,0.95,0.92,0.03,0.0
phphQEck0,0.95,100,0.95,0.89,0.06,0.0
phphQEck0,0.95,100,0.95,0.88,0.07,0.0
phphQEck0,0.95,100,0.95,0.88,0.07,0.0010037422180175781
phphQEck0,0.95,100,0.95,0.89,0.06,0.0
phphQEck0,1.0,100,1.0,0.9,0.1,0.0
phphQEck0,1.0,100,1.0,0.88,0.12,0.0
phphQEck0,1.0,100,1.0,0.92,0.08,0.0
phphQEck0,1.0,100,1.0,0.92,0.08,0.0
phphQEck0,1.0,100,1.0,0.89,0.11,0.0
phphQEck0,1.0,100,1.0,0.91,0.09,0.0010826587677001953
phphQEck0,1.0,100,1.0,0.93,0.07,0.0
phphQEck0,1.0,100,1.0,0.93,0.07,0.0
phphQEck0,1.0,100,1.0,0.93,0.07,0.0
phphQEck0,1.0,100,1.0,0.89,0.11,0.0
phpMD2hR6,0.0,100,0.0,0.26,0.26,0.005458354949951172
phpMD2hR6,0.0,100,0.0,0.3,0.3,0.0
phpMD2hR6,0.0,100,0.0,0.31,0.31,0.002002716064453125
phpMD2hR6,0.0,100,0.0,0.26,0.26,0.0
phpMD2hR6,0.0,100,0.0,0.29,0.29,0.0
phpMD2hR6,0.0,100,0.0,0.27,0.27,0.0
phpMD2hR6,0.0,100,0.0,0.25,0.25,0.015622615814208984
phpMD2hR6,0.0,100,0.0,0.29,0.29,0.0
phpMD2hR6,0.0,100,0.0,0.3,0.3,0.0
phpMD2hR6,0.0,100,0.0,0.3,0.3,0.0
phpMD2hR6,0.05,100,0.05,0.31,0.26,0.0
phpMD2hR6,0.05,100,0.05,0.33,0.28,0.0010030269622802734
phpMD2hR6,0.05,100,0.05,0.29,0.24,0.0009963512420654297
phpMD2hR6,0.05,100,0.05,0.34,0.29,0.0
phpMD2hR6,0.05,100,0.05,0.39,0.34,0.000995635986328125
phpMD2hR6,0.05,100,0.05,0.32,0.27,0.0
phpMD2hR6,0.05,100,0.05,0.3,0.25,0.0
phpMD2hR6,0.05,100,0.05,0.31,0.26,0.0
phpMD2hR6,0.05,100,0.05,0.3,0.25,0.0036084651947021484
phpMD2hR6,0.05,100,0.05,0.29,0.24,0.0
phpMD2hR6,0.11,100,0.11,0.32,0.21,0.0
phpMD2hR6,0.11,100,0.11,0.34,0.23,0.0167543888092041
phpMD2hR6,0.11,100,0.11,0.37,0.26,0.0
phpMD2hR6,0.11,100,0.11,0.32,0.21,0.0018355846405029297
phpMD2hR6,0.11,100,0.11,0.32,0.21,0.0
phpMD2hR6,0.11,100,0.11,0.38,0.27,0.0
phpMD2hR6,0.11,100,0.11,0.32,0.21,0.0
phpMD2hR6,0.11,100,0.11,0.31,0.2,0.000997304916381836
phpMD2hR6,0.11,100,0.11,0.34,0.23,0.0006020069122314453
phpMD2hR6,0.11,100,0.11,0.3,0.19,0.0
phpMD2hR6,0.16,100,0.16,0.36,0.2,0.0
phpMD2hR6,0.16,100,0.16,0.35,0.19,0.0
phpMD2hR6,0.16,100,0.16,0.38,0.22,0.0
phpMD2hR6,0.16,100,0.16,0.34,0.18,0.0
phpMD2hR6,0.16,100,0.16,0.37,0.21,0.015854835510253906
phpMD2hR6,0.16,100,0.16,0.36,0.2,0.0
phpMD2hR6,0.16,100,0.16,0.39,0.23,0.0
phpMD2hR6,0.16,100,0.16,0.38,0.22,0.0
phpMD2hR6,0.16,100,0.16,0.39,0.23,0.0
phpMD2hR6,0.16,100,0.16,0.39,0.23,0.000934600830078125
phpMD2hR6,0.21,100,0.21,0.39,0.18,0.0
phpMD2hR6,0.21,100,0.21,0.36,0.15,0.0
phpMD2hR6,0.21,100,0.21,0.39,0.18,0.015110969543457031
phpMD2hR6,0.21,100,0.21,0.35,0.14,0.0
phpMD2hR6,0.21,100,0.21,0.37,0.16,0.0014863014221191406
phpMD2hR6,0.21,100,0.21,0.38,0.17,0.0
phpMD2hR6,0.21,100,0.21,0.36,0.15,0.0018024444580078125
phpMD2hR6,0.21,100,0.21,0.41,0.2,0.0
phpMD2hR6,0.21,100,0.21,0.37,0.16,0.0
phpMD2hR6,0.21,100,0.21,0.34,0.13,0.015614032745361328
phpMD2hR6,0.26,100,0.26,0.42,0.16,0.0
phpMD2hR6,0.26,100,0.26,0.4,0.14,0.0
phpMD2hR6,0.26,100,0.26,0.44,0.18,0.0
phpMD2hR6,0.26,100,0.26,0.38,0.12,0.0
phpMD2hR6,0.26,100,0.26,0.43,0.17,0.0
phpMD2hR6,0.26,100,0.26,0.41,0.15,0.0020732879638671875
phpMD2hR6,0.26,100,0.26,0.42,0.16,0.0
phpMD2hR6,0.26,100,0.26,0.43,0.17,0.0
phpMD2hR6,0.26,100,0.26,0.37,0.11,0.0
phpMD2hR6,0.26,100,0.26,0.44,0.18,0.0
phpMD2hR6,0.32,100,0.32,0.42,0.1,0.0
phpMD2hR6,0.32,100,0.32,0.45,0.13,0.0
phpMD2hR6,0.32,100,0.32,0.44,0.12,0.0
phpMD2hR6,0.32,100,0.32,0.4,0.08,0.0
phpMD2hR6,0.32,100,0.32,0.43,0.11,0.011609792709350586
phpMD2hR6,0.32,100,0.32,0.4,0.08,0.015603303909301758
phpMD2hR6,0.32,100,0.32,0.46,0.14,0.0
phpMD2hR6,0.32,100,0.32,0.5,0.18,0.0
phpMD2hR6,0.32,100,0.32,0.39,0.07,0.0021109580993652344
phpMD2hR6,0.32,100,0.32,0.38,0.06,0.0
phpMD2hR6,0.37,100,0.37,0.44,0.07,0.0
phpMD2hR6,0.37,100,0.37,0.49,0.12,0.0
phpMD2hR6,0.37,100,0.37,0.49,0.12,0.0
phpMD2hR6,0.37,100,0.37,0.42,0.05,0.0016841888427734375
phpMD2hR6,0.37,100,0.37,0.4,0.03,0.0
phpMD2hR6,0.37,100,0.37,0.48,0.11,0.0020041465759277344
phpMD2hR6,0.37,100,0.37,0.48,0.11,0.0
phpMD2hR6,0.37,100,0.37,0.47,0.1,0.0
phpMD2hR6,0.37,100,0.37,0.5,0.13,0.0020058155059814453
phpMD2hR6,0.37,100,0.37,0.44,0.07,0.0
phpMD2hR6,0.42,100,0.42,0.44,0.02,0.0
phpMD2hR6,0.42,100,0.42,0.5,0.08,0.0
phpMD2hR6,0.42,100,0.42,0.51,0.09,0.0
phpMD2hR6,0.42,100,0.42,0.44,0.02,0.0
phpMD2hR6,0.42,100,0.42,0.46,0.04,0.0
phpMD2hR6,0.42,100,0.42,0.49,0.07,0.0010018348693847656
phpMD2hR6,0.42,100,0.42,0.44,0.02,0.0
phpMD2hR6,0.42,100,0.42,0.46,0.04,0.0
phpMD2hR6,0.42,100,0.42,0.46,0.04,0.0010004043579101562
phpMD2hR6,0.42,100,0.42,0.45,0.03,0.0
phpMD2hR6,0.47,100,0.47,0.49,0.02,0.0
phpMD2hR6,0.47,100,0.47,0.49,0.02,0.0
phpMD2hR6,0.47,100,0.47,0.48,0.01,0.0
phpMD2hR6,0.47,100,0.47,0.48,0.01,0.0010004043579101562
phpMD2hR6,0.47,100,0.47,0.48,0.01,0.0010001659393310547
phpMD2hR6,0.47,100,0.47,0.51,0.04,0.0010497570037841797
phpMD2hR6,0.47,100,0.47,0.45,0.02,0.0
phpMD2hR6,0.47,100,0.47,0.49,0.02,0.015736818313598633
phpMD2hR6,0.47,100,0.47,0.51,0.04,0.006022453308105469
phpMD2hR6,0.47,100,0.47,0.51,0.04,0.01572895050048828
phpMD2hR6,0.53,100,0.53,0.5,0.03,0.0
phpMD2hR6,0.53,100,0.53,0.57,0.04,0.0
phpMD2hR6,0.53,100,0.53,0.51,0.02,0.0
phpMD2hR6,0.53,100,0.53,0.53,0.0,0.0
phpMD2hR6,0.53,100,0.53,0.52,0.01,0.0010001659393310547
phpMD2hR6,0.53,100,0.53,0.52,0.01,0.0
phpMD2hR6,0.53,100,0.53,0.51,0.02,0.0
phpMD2hR6,0.53,100,0.53,0.53,0.0,0.0011069774627685547
phpMD2hR6,0.53,100,0.53,0.54,0.01,0.002049684524536133
phpMD2hR6,0.53,100,0.53,0.56,0.03,0.0010912418365478516
phpMD2hR6,0.58,100,0.58,0.52,0.06,0.015100717544555664
phpMD2hR6,0.58,100,0.58,0.54,0.04,0.0
phpMD2hR6,0.58,100,0.58,0.54,0.04,0.0
phpMD2hR6,0.58,100,0.58,0.51,0.07,0.0
phpMD2hR6,0.58,100,0.58,0.52,0.06,0.0
phpMD2hR6,0.58,100,0.58,0.52,0.06,0.0
phpMD2hR6,0.58,100,0.58,0.57,0.01,0.0
phpMD2hR6,0.58,100,0.58,0.56,0.02,0.002003192901611328
phpMD2hR6,0.58,100,0.58,0.54,0.04,0.0
phpMD2hR6,0.58,100,0.58,0.53,0.05,0.0
phpMD2hR6,0.63,100,0.63,0.58,0.05,0.0
phpMD2hR6,0.63,100,0.63,0.56,0.07,0.01562786102294922
phpMD2hR6,0.63,100,0.63,0.57,0.06,0.0
phpMD2hR6,0.63,100,0.63,0.54,0.09,0.007107257843017578
phpMD2hR6,0.63,100,0.63,0.54,0.09,0.0
phpMD2hR6,0.63,100,0.63,0.58,0.05,0.0
phpMD2hR6,0.63,100,0.63,0.63,0.0,0.0018677711486816406
phpMD2hR6,0.63,100,0.63,0.58,0.05,0.0
phpMD2hR6,0.63,100,0.63,0.53,0.1,0.0
phpMD2hR6,0.63,100,0.63,0.57,0.06,0.0
phpMD2hR6,0.68,100,0.68,0.61,0.07,0.0
phpMD2hR6,0.68,100,0.68,0.58,0.1,0.0
phpMD2hR6,0.68,100,0.68,0.54,0.14,0.015627145767211914
phpMD2hR6,0.68,100,0.68,0.55,0.13,0.0
phpMD2hR6,0.68,100,0.68,0.57,0.11,0.0018534660339355469
phpMD2hR6,0.68,100,0.68,0.56,0.12,0.0
phpMD2hR6,0.68,100,0.68,0.58,0.1,0.0
phpMD2hR6,0.68,100,0.68,0.57,0.11,0.0
phpMD2hR6,0.68,100,0.68,0.6,0.08,0.0
phpMD2hR6,0.68,100,0.68,0.59,0.09,0.0005986690521240234
phpMD2hR6,0.74,100,0.74,0.59,0.15,0.0
phpMD2hR6,0.74,100,0.74,0.6,0.14,0.0
phpMD2hR6,0.74,100,0.74,0.62,0.12,0.003083944320678711
phpMD2hR6,0.74,100,0.74,0.64,0.1,0.0
phpMD2hR6,0.74,100,0.74,0.64,0.1,0.0
phpMD2hR6,0.74,100,0.74,0.62,0.12,0.0
phpMD2hR6,0.74,100,0.74,0.59,0.15,0.0
phpMD2hR6,0.74,100,0.74,0.61,0.13,0.0
phpMD2hR6,0.74,100,0.74,0.62,0.12,0.0
phpMD2hR6,0.74,100,0.74,0.59,0.15,0.0
phpMD2hR6,0.79,100,0.79,0.6,0.19,0.0
phpMD2hR6,0.79,100,0.79,0.62,0.17,0.00485539436340332
phpMD2hR6,0.79,100,0.79,0.62,0.17,0.0
phpMD2hR6,0.79,100,0.79,0.61,0.18,0.0
phpMD2hR6,0.79,100,0.79,0.61,0.18,0.0
phpMD2hR6,0.79,100,0.79,0.62,0.17,0.0085906982421875
phpMD2hR6,0.79,100,0.79,0.61,0.18,0.0
phpMD2hR6,0.79,100,0.79,0.61,0.18,0.015714168548583984
phpMD2hR6,0.79,100,0.79,0.61,0.18,0.0
phpMD2hR6,0.79,100,0.79,0.63,0.16,0.0
phpMD2hR6,0.84,100,0.84,0.67,0.17,0.0
phpMD2hR6,0.84,100,0.84,0.65,0.19,0.0
phpMD2hR6,0.84,100,0.84,0.62,0.22,0.0039784908294677734
phpMD2hR6,0.84,100,0.84,0.64,0.2,0.0
phpMD2hR6,0.84,100,0.84,0.64,0.2,0.01508021354675293
phpMD2hR6,0.84,100,0.84,0.66,0.18,0.0
phpMD2hR6,0.84,100,0.84,0.66,0.18,0.0
phpMD2hR6,0.84,100,0.84,0.67,0.17,0.0
phpMD2hR6,0.84,100,0.84,0.61,0.23,0.01562643051147461
phpMD2hR6,0.84,100,0.84,0.71,0.13,0.0
phpMD2hR6,0.89,100,0.89,0.66,0.23,0.0
phpMD2hR6,0.89,100,0.89,0.65,0.24,0.0
phpMD2hR6,0.89,100,0.89,0.65,0.24,0.0
phpMD2hR6,0.89,100,0.89,0.67,0.22,0.0
phpMD2hR6,0.89,100,0.89,0.67,0.22,0.0
phpMD2hR6,0.89,100,0.89,0.68,0.21,0.0
phpMD2hR6,0.89,100,0.89,0.67,0.22,0.0010001659393310547
phpMD2hR6,0.89,100,0.89,0.65,0.24,0.0
phpMD2hR6,0.89,100,0.89,0.7,0.19,0.0
phpMD2hR6,0.89,100,0.89,0.64,0.25,0.0009996891021728516
phpMD2hR6,0.95,100,0.95,0.7,0.25,0.0
phpMD2hR6,0.95,100,0.95,0.74,0.21,0.015713930130004883
phpMD2hR6,0.95,100,0.95,0.69,0.26,0.0
phpMD2hR6,0.95,100,0.95,0.68,0.27,0.0
phpMD2hR6,0.95,100,0.95,0.67,0.28,0.0
phpMD2hR6,0.95,100,0.95,0.68,0.27,0.0
phpMD2hR6,0.95,100,0.95,0.67,0.28,0.0
phpMD2hR6,0.95,100,0.95,0.7,0.25,0.0
phpMD2hR6,0.95,100,0.95,0.74,0.21,0.0
phpMD2hR6,0.95,100,0.95,0.68,0.27,0.0
phpMD2hR6,1.0,100,1.0,0.68,0.32,0.01258397102355957
phpMD2hR6,1.0,100,1.0,0.74,0.26,0.0
phpMD2hR6,1.0,100,1.0,0.7,0.3,0.0
phpMD2hR6,1.0,100,1.0,0.66,0.34,0.0
phpMD2hR6,1.0,100,1.0,0.72,0.28,0.003092527389526367
phpMD2hR6,1.0,100,1.0,0.67,0.33,0.0
phpMD2hR6,1.0,100,1.0,0.68,0.32,0.01570868492126465
phpMD2hR6,1.0,100,1.0,0.71,0.29,0.0
phpMD2hR6,1.0,100,1.0,0.7,0.3,0.0
phpMD2hR6,1.0,100,1.0,0.72,0.28,0.0
phpmPOD5A,0.0,100,0.0,0.94,0.94,0.0
phpmPOD5A,0.0,100,0.0,0.94,0.94,0.001995563507080078
phpmPOD5A,0.0,100,0.0,0.94,0.94,0.0011332035064697266
phpmPOD5A,0.0,100,0.0,0.94,0.94,0.015625953674316406
phpmPOD5A,0.0,100,0.0,0.94,0.94,0.0
phpmPOD5A,0.0,100,0.0,0.94,0.94,0.0
phpmPOD5A,0.0,100,0.0,0.94,0.94,0.0
phpmPOD5A,0.0,100,0.0,0.94,0.94,0.0
phpmPOD5A,0.0,100,0.0,0.94,0.94,0.0
phpmPOD5A,0.0,100,0.0,0.94,0.94,0.0
phpmPOD5A,0.05,100,0.05,0.94,0.89,0.002082347869873047
phpmPOD5A,0.05,100,0.05,0.94,0.89,0.0
phpmPOD5A,0.05,100,0.05,0.94,0.89,0.0009946823120117188
phpmPOD5A,0.05,100,0.05,0.94,0.89,0.0
phpmPOD5A,0.05,100,0.05,0.94,0.89,0.01562952995300293
phpmPOD5A,0.05,100,0.05,0.94,0.89,0.0
phpmPOD5A,0.05,100,0.05,0.94,0.89,0.0
phpmPOD5A,0.05,100,0.05,0.94,0.89,0.0
phpmPOD5A,0.05,100,0.05,0.94,0.89,0.0
phpmPOD5A,0.05,100,0.05,0.94,0.89,0.0
phpmPOD5A,0.11,100,0.11,0.94,0.83,0.0
phpmPOD5A,0.11,100,0.11,0.94,0.83,0.0
phpmPOD5A,0.11,100,0.11,0.94,0.83,0.015618085861206055
phpmPOD5A,0.11,100,0.11,0.94,0.83,0.0010972023010253906
phpmPOD5A,0.11,100,0.11,0.94,0.83,0.0
phpmPOD5A,0.11,100,0.11,0.94,0.83,0.0
phpmPOD5A,0.11,100,0.11,0.94,0.83,0.0
phpmPOD5A,0.11,100,0.11,0.94,0.83,0.0
phpmPOD5A,0.11,100,0.11,0.94,0.83,0.0
phpmPOD5A,0.11,100,0.11,0.94,0.83,0.0
phpmPOD5A,0.16,100,0.16,0.94,0.78,0.0
phpmPOD5A,0.16,100,0.16,0.94,0.78,0.0
phpmPOD5A,0.16,100,0.16,0.94,0.78,0.009081125259399414
phpmPOD5A,0.16,100,0.16,0.94,0.78,0.014081716537475586
phpmPOD5A,0.16,100,0.16,0.94,0.78,0.0
phpmPOD5A,0.16,100,0.16,0.94,0.78,0.0
phpmPOD5A,0.16,100,0.16,0.94,0.78,0.0
phpmPOD5A,0.16,100,0.16,0.94,0.78,0.0
phpmPOD5A,0.16,100,0.16,0.94,0.78,0.0
phpmPOD5A,0.16,100,0.16,0.94,0.78,0.0
phpmPOD5A,0.21,100,0.21,0.94,0.73,0.0009927749633789062
phpmPOD5A,0.21,100,0.21,0.94,0.73,0.0
phpmPOD5A,0.21,100,0.21,0.94,0.73,0.0
phpmPOD5A,0.21,100,0.21,0.94,0.73,0.0
phpmPOD5A,0.21,100,0.21,0.94,0.73,0.0
phpmPOD5A,0.21,100,0.21,0.94,0.73,0.0
phpmPOD5A,0.21,100,0.21,0.94,0.73,0.0
phpmPOD5A,0.21,100,0.21,0.94,0.73,0.0
phpmPOD5A,0.21,100,0.21,0.94,0.73,0.002105236053466797
phpmPOD5A,0.21,100,0.21,0.94,0.73,0.0
phpmPOD5A,0.26,100,0.26,0.94,0.68,0.0
phpmPOD5A,0.26,100,0.26,0.94,0.68,0.0
phpmPOD5A,0.26,100,0.26,0.94,0.68,0.0
phpmPOD5A,0.26,100,0.26,0.94,0.68,0.0
phpmPOD5A,0.26,100,0.26,0.94,0.68,0.0
phpmPOD5A,0.26,100,0.26,0.94,0.68,0.0
phpmPOD5A,0.26,100,0.26,0.94,0.68,0.0013165473937988281
phpmPOD5A,0.26,100,0.26,0.94,0.68,0.0
phpmPOD5A,0.26,100,0.26,0.94,0.68,0.0
phpmPOD5A,0.26,100,0.26,0.94,0.68,0.0
phpmPOD5A,0.32,100,0.32,0.94,0.62,0.0
phpmPOD5A,0.32,100,0.32,0.94,0.62,0.0
phpmPOD5A,0.32,100,0.32,0.94,0.62,0.0
phpmPOD5A,0.32,100,0.32,0.94,0.62,0.00410771369934082
phpmPOD5A,0.32,100,0.32,0.94,0.62,0.0
phpmPOD5A,0.32,100,0.32,0.94,0.62,0.0
phpmPOD5A,0.32,100,0.32,0.94,0.62,0.0
phpmPOD5A,0.32,100,0.32,0.94,0.62,0.0
phpmPOD5A,0.32,100,0.32,0.94,0.62,0.0
phpmPOD5A,0.32,100,0.32,0.94,0.62,0.0007569789886474609
phpmPOD5A,0.37,100,0.37,0.94,0.57,0.0
phpmPOD5A,0.37,100,0.37,0.94,0.57,0.0
phpmPOD5A,0.37,100,0.37,0.94,0.57,0.0
phpmPOD5A,0.37,100,0.37,0.94,0.57,0.0
phpmPOD5A,0.37,100,0.37,0.94,0.57,0.016569852828979492
phpmPOD5A,0.37,100,0.37,0.94,0.57,0.0
phpmPOD5A,0.37,100,0.37,0.94,0.57,0.001999378204345703
phpmPOD5A,0.37,100,0.37,0.94,0.57,0.00522923469543457
phpmPOD5A,0.37,100,0.37,0.94,0.57,0.015618085861206055
phpmPOD5A,0.37,100,0.37,0.94,0.57,0.0
phpmPOD5A,0.42,100,0.42,0.94,0.52,0.0
phpmPOD5A,0.42,100,0.42,0.94,0.52,0.0
phpmPOD5A,0.42,100,0.42,0.94,0.52,0.0
phpmPOD5A,0.42,100,0.42,0.94,0.52,0.015689373016357422
phpmPOD5A,0.42,100,0.42,0.94,0.52,0.0008771419525146484
phpmPOD5A,0.42,100,0.42,0.94,0.52,0.0
phpmPOD5A,0.42,100,0.42,0.94,0.52,0.0
phpmPOD5A,0.42,100,0.42,0.94,0.52,0.0061817169189453125
phpmPOD5A,0.42,100,0.42,0.94,0.52,0.0
phpmPOD5A,0.42,100,0.42,0.94,0.52,0.0
phpmPOD5A,0.47,100,0.47,0.94,0.47,0.0
phpmPOD5A,0.47,100,0.47,0.94,0.47,0.0
phpmPOD5A,0.47,100,0.47,0.94,0.47,0.0
phpmPOD5A,0.47,100,0.47,0.94,0.47,0.0
phpmPOD5A,0.47,100,0.47,0.94,0.47,0.0
phpmPOD5A,0.47,100,0.47,0.94,0.47,0.0
phpmPOD5A,0.47,100,0.47,0.94,0.47,0.0
phpmPOD5A,0.47,100,0.47,0.94,0.47,0.0
phpmPOD5A,0.47,100,0.47,0.94,0.47,0.0
phpmPOD5A,0.47,100,0.47,0.94,0.47,0.0
phpmPOD5A,0.53,100,0.53,0.94,0.41,0.0
phpmPOD5A,0.53,100,0.53,0.94,0.41,0.0
phpmPOD5A,0.53,100,0.53,0.94,0.41,0.0
phpmPOD5A,0.53,100,0.53,0.94,0.41,0.0
phpmPOD5A,0.53,100,0.53,0.94,0.41,0.0
phpmPOD5A,0.53,100,0.53,0.94,0.41,0.0
phpmPOD5A,0.53,100,0.53,0.94,0.41,0.0
phpmPOD5A,0.53,100,0.53,0.94,0.41,0.0009982585906982422
phpmPOD5A,0.53,100,0.53,0.94,0.41,0.0011909008026123047
phpmPOD5A,0.53,100,0.53,0.94,0.41,0.0
phpmPOD5A,0.58,100,0.58,0.94,0.36,0.0
phpmPOD5A,0.58,100,0.58,0.94,0.36,0.0
phpmPOD5A,0.58,100,0.58,0.94,0.36,0.0
phpmPOD5A,0.58,100,0.58,0.94,0.36,0.0
phpmPOD5A,0.58,100,0.58,0.94,0.36,0.0
phpmPOD5A,0.58,100,0.58,0.94,0.36,0.0
phpmPOD5A,0.58,100,0.58,0.94,0.36,0.0
phpmPOD5A,0.58,100,0.58,0.94,0.36,0.011606454849243164
phpmPOD5A,0.58,100,0.58,0.94,0.36,0.0
phpmPOD5A,0.58,100,0.58,0.94,0.36,0.0
phpmPOD5A,0.63,100,0.63,0.94,0.31,0.0
phpmPOD5A,0.63,100,0.63,0.94,0.31,0.0
phpmPOD5A,0.63,100,0.63,0.94,0.31,0.0
phpmPOD5A,0.63,100,0.63,0.94,0.31,0.0
phpmPOD5A,0.63,100,0.63,0.94,0.31,0.0
phpmPOD5A,0.63,100,0.63,0.94,0.31,0.0
phpmPOD5A,0.63,100,0.63,0.94,0.31,0.0
phpmPOD5A,0.63,100,0.63,0.94,0.31,0.0011935234069824219
phpmPOD5A,0.63,100,0.63,0.94,0.31,0.0
phpmPOD5A,0.63,100,0.63,0.94,0.31,0.0
phpmPOD5A,0.68,100,0.68,0.94,0.26,0.0
phpmPOD5A,0.68,100,0.68,0.94,0.26,0.0
phpmPOD5A,0.68,100,0.68,0.94,0.26,0.0
phpmPOD5A,0.68,100,0.68,0.94,0.26,0.0
phpmPOD5A,0.68,100,0.68,0.94,0.26,0.015623807907104492
phpmPOD5A,0.68,100,0.68,0.94,0.26,0.0011053085327148438
phpmPOD5A,0.68,100,0.68,0.94,0.26,0.0
phpmPOD5A,0.68,100,0.68,0.94,0.26,0.0
phpmPOD5A,0.68,100,0.68,0.94,0.26,0.0
phpmPOD5A,0.68,100,0.68,0.94,0.26,0.0019233226776123047
phpmPOD5A,0.74,100,0.74,0.94,0.2,0.0
phpmPOD5A,0.74,100,0.74,0.94,0.2,0.0
phpmPOD5A,0.74,100,0.74,0.94,0.2,0.0
phpmPOD5A,0.74,100,0.74,0.94,0.2,0.0
phpmPOD5A,0.74,100,0.74,0.94,0.2,0.0
phpmPOD5A,0.74,100,0.74,0.94,0.2,0.0
phpmPOD5A,0.74,100,0.74,0.94,0.2,0.0
phpmPOD5A,0.74,100,0.74,0.94,0.2,0.0
phpmPOD5A,0.74,100,0.74,0.94,0.2,0.0
phpmPOD5A,0.74,100,0.74,0.94,0.2,0.0
phpmPOD5A,0.79,100,0.79,0.94,0.15,0.0
phpmPOD5A,0.79,100,0.79,0.94,0.15,0.015617609024047852
phpmPOD5A,0.79,100,0.79,0.94,0.15,0.0
phpmPOD5A,0.79,100,0.79,0.94,0.15,0.015626907348632812
phpmPOD5A,0.79,100,0.79,0.94,0.15,0.0
phpmPOD5A,0.79,100,0.79,0.94,0.15,0.0009438991546630859
phpmPOD5A,0.79,100,0.79,0.94,0.15,0.0
phpmPOD5A,0.79,100,0.79,0.94,0.15,0.0
phpmPOD5A,0.79,100,0.79,0.94,0.15,0.0
phpmPOD5A,0.79,100,0.79,0.94,0.15,0.0
phpmPOD5A,0.84,100,0.84,0.94,0.1,0.0
phpmPOD5A,0.84,100,0.84,0.94,0.1,0.0
phpmPOD5A,0.84,100,0.84,0.94,0.1,0.0
phpmPOD5A,0.84,100,0.84,0.94,0.1,0.0
phpmPOD5A,0.84,100,0.84,0.94,0.1,0.0012214183807373047
phpmPOD5A,0.84,100,0.84,0.94,0.1,0.0
phpmPOD5A,0.84,100,0.84,0.94,0.1,0.0
phpmPOD5A,0.84,100,0.84,0.94,0.1,0.0
phpmPOD5A,0.84,100,0.84,0.94,0.1,0.0
phpmPOD5A,0.84,100,0.84,0.94,0.1,0.0
phpmPOD5A,0.89,100,0.89,0.94,0.05,0.0
phpmPOD5A,0.89,100,0.89,0.94,0.05,0.0
phpmPOD5A,0.89,100,0.89,0.94,0.05,0.0
phpmPOD5A,0.89,100,0.89,0.94,0.05,0.015625715255737305
phpmPOD5A,0.89,100,0.89,0.94,0.05,0.0
phpmPOD5A,0.89,100,0.89,0.94,0.05,0.0
phpmPOD5A,0.89,100,0.89,0.94,0.05,0.0
phpmPOD5A,0.89,100,0.89,0.94,0.05,0.0
phpmPOD5A,0.89,100,0.89,0.94,0.05,0.0010960102081298828
phpmPOD5A,0.89,100,0.89,0.94,0.05,0.0
phpmPOD5A,0.95,100,0.95,0.94,0.01,0.01563119888305664
phpmPOD5A,0.95,100,0.95,0.94,0.01,0.0
phpmPOD5A,0.95,100,0.95,0.94,0.01,0.0
phpmPOD5A,0.95,100,0.95,0.94,0.01,0.009604692459106445
phpmPOD5A,0.95,100,0.95,0.94,0.01,0.0
phpmPOD5A,0.95,100,0.95,0.94,0.01,0.0
phpmPOD5A,0.95,100,0.95,0.94,0.01,0.011103153228759766
phpmPOD5A,0.95,100,0.95,0.94,0.01,0.0
phpmPOD5A,0.95,100,0.95,0.94,0.01,0.0
phpmPOD5A,0.95,100,0.95,0.94,0.01,0.0
phpmPOD5A,1.0,100,1.0,0.94,0.06,0.0
phpmPOD5A,1.0,100,1.0,0.94,0.06,0.0010046958923339844
phpmPOD5A,1.0,100,1.0,0.94,0.06,0.0
phpmPOD5A,1.0,100,1.0,0.94,0.06,0.0
phpmPOD5A,1.0,100,1.0,0.94,0.06,0.0009813308715820312
phpmPOD5A,1.0,100,1.0,0.94,0.06,0.0
phpmPOD5A,1.0,100,1.0,0.94,0.06,0.0
phpmPOD5A,1.0,100,1.0,0.94,0.06,0.01562666893005371
phpmPOD5A,1.0,100,1.0,0.94,0.06,0.0
phpmPOD5A,1.0,100,1.0,0.94,0.06,0.0
phpV5QYya,0.0,100,0.0,0.11,0.11,0.0
phpV5QYya,0.0,100,0.0,0.13,0.13,0.002012491226196289
phpV5QYya,0.0,100,0.0,0.12,0.12,0.0
phpV5QYya,0.0,100,0.0,0.15,0.15,0.0035867691040039062
phpV5QYya,0.0,100,0.0,0.16,0.16,0.0
phpV5QYya,0.0,100,0.0,0.11,0.11,0.0019931793212890625
phpV5QYya,0.0,100,0.0,0.15,0.15,0.0020580291748046875
phpV5QYya,0.0,100,0.0,0.09,0.09,0.0
phpV5QYya,0.0,100,0.0,0.11,0.11,0.0
phpV5QYya,0.0,100,0.0,0.14,0.14,0.0
phpV5QYya,0.05,100,0.05,0.17,0.12,0.0
phpV5QYya,0.05,100,0.05,0.16,0.11,0.0
phpV5QYya,0.05,100,0.05,0.18,0.13,0.0
phpV5QYya,0.05,100,0.05,0.16,0.11,0.0
phpV5QYya,0.05,100,0.05,0.16,0.11,0.007321357727050781
phpV5QYya,0.05,100,0.05,0.21,0.16,0.0020165443420410156
phpV5QYya,0.05,100,0.05,0.16,0.11,0.001996278762817383
phpV5QYya,0.05,100,0.05,0.16,0.11,0.0
phpV5QYya,0.05,100,0.05,0.1,0.05,0.0
phpV5QYya,0.05,100,0.05,0.15,0.1,0.0
phpV5QYya,0.11,100,0.11,0.17,0.06,0.0
phpV5QYya,0.11,100,0.11,0.23,0.12,0.0009996891021728516
phpV5QYya,0.11,100,0.11,0.22,0.11,0.0
phpV5QYya,0.11,100,0.11,0.19,0.08,0.0
phpV5QYya,0.11,100,0.11,0.2,0.09,0.016636371612548828
phpV5QYya,0.11,100,0.11,0.23,0.12,0.0
phpV5QYya,0.11,100,0.11,0.2,0.09,0.0
phpV5QYya,0.11,100,0.11,0.24,0.13,0.0
phpV5QYya,0.11,100,0.11,0.18,0.07,0.015614032745361328
phpV5QYya,0.11,100,0.11,0.22,0.11,0.0
phpV5QYya,0.16,100,0.16,0.26,0.1,0.0
phpV5QYya,0.16,100,0.16,0.25,0.09,0.0030846595764160156
phpV5QYya,0.16,100,0.16,0.21,0.05,0.0
phpV5QYya,0.16,100,0.16,0.24,0.08,0.0
phpV5QYya,0.16,100,0.16,0.23,0.07,0.0
phpV5QYya,0.16,100,0.16,0.22,0.06,0.0
phpV5QYya,0.16,100,0.16,0.24,0.08,0.0
phpV5QYya,0.16,100,0.16,0.22,0.06,0.0
phpV5QYya,0.16,100,0.16,0.23,0.07,0.01562786102294922
phpV5QYya,0.16,100,0.16,0.28,0.12,0.015625715255737305
phpV5QYya,0.21,100,0.21,0.33,0.12,0.0
phpV5QYya,0.21,100,0.21,0.27,0.06,0.0
phpV5QYya,0.21,100,0.21,0.27,0.06,0.0
phpV5QYya,0.21,100,0.21,0.27,0.06,0.0
phpV5QYya,0.21,100,0.21,0.3,0.09,0.0
phpV5QYya,0.21,100,0.21,0.34,0.13,0.0
phpV5QYya,0.21,100,0.21,0.28,0.07,0.0
phpV5QYya,0.21,100,0.21,0.3,0.09,0.015722036361694336
phpV5QYya,0.21,100,0.21,0.24,0.03,0.0
phpV5QYya,0.21,100,0.21,0.27,0.06,0.0
phpV5QYya,0.26,100,0.26,0.31,0.05,0.0
phpV5QYya,0.26,100,0.26,0.32,0.06,0.015627622604370117
phpV5QYya,0.26,100,0.26,0.29,0.03,0.0
phpV5QYya,0.26,100,0.26,0.31,0.05,0.0
phpV5QYya,0.26,100,0.26,0.31,0.05,0.0
phpV5QYya,0.26,100,0.26,0.36,0.1,0.0
phpV5QYya,0.26,100,0.26,0.33,0.07,0.0
phpV5QYya,0.26,100,0.26,0.35,0.09,0.0
phpV5QYya,0.26,100,0.26,0.29,0.03,0.0
phpV5QYya,0.26,100,0.26,0.31,0.05,0.0
phpV5QYya,0.32,100,0.32,0.37,0.05,0.0050885677337646484
phpV5QYya,0.32,100,0.32,0.39,0.07,0.0
phpV5QYya,0.32,100,0.32,0.39,0.07,0.0
phpV5QYya,0.32,100,0.32,0.37,0.05,0.0
phpV5QYya,0.32,100,0.32,0.33,0.01,0.0
phpV5QYya,0.32,100,0.32,0.38,0.06,0.0
phpV5QYya,0.32,100,0.32,0.37,0.05,0.0016870498657226562
phpV5QYya,0.32,100,0.32,0.36,0.04,0.0
phpV5QYya,0.32,100,0.32,0.35,0.03,0.0
phpV5QYya,0.32,100,0.32,0.39,0.07,0.0
phpV5QYya,0.37,100,0.37,0.41,0.04,0.0009975433349609375
phpV5QYya,0.37,100,0.37,0.44,0.07,0.0
phpV5QYya,0.37,100,0.37,0.42,0.05,0.0
phpV5QYya,0.37,100,0.37,0.41,0.04,0.0
phpV5QYya,0.37,100,0.37,0.4,0.03,0.0008857250213623047
phpV5QYya,0.37,100,0.37,0.41,0.04,0.0
phpV5QYya,0.37,100,0.37,0.4,0.03,0.0
phpV5QYya,0.37,100,0.37,0.41,0.04,0.0
phpV5QYya,0.37,100,0.37,0.39,0.02,0.0
phpV5QYya,0.37,100,0.37,0.42,0.05,0.0
phpV5QYya,0.42,100,0.42,0.47,0.05,0.0
phpV5QYya,0.42,100,0.42,0.43,0.01,0.0
phpV5QYya,0.42,100,0.42,0.42,0.0,0.0
phpV5QYya,0.42,100,0.42,0.47,0.05,0.0
phpV5QYya,0.42,100,0.42,0.43,0.01,0.0019996166229248047
phpV5QYya,0.42,100,0.42,0.42,0.0,0.0009980201721191406
phpV5QYya,0.42,100,0.42,0.47,0.05,0.0
phpV5QYya,0.42,100,0.42,0.43,0.01,0.0
phpV5QYya,0.42,100,0.42,0.44,0.02,0.0
phpV5QYya,0.42,100,0.42,0.48,0.06,0.0
phpV5QYya,0.47,100,0.47,0.5,0.03,0.0
phpV5QYya,0.47,100,0.47,0.46,0.01,0.0
phpV5QYya,0.47,100,0.47,0.46,0.01,0.0
phpV5QYya,0.47,100,0.47,0.55,0.08,0.0
phpV5QYya,0.47,100,0.47,0.48,0.01,0.001993417739868164
phpV5QYya,0.47,100,0.47,0.47,0.0,0.00757908821105957
phpV5QYya,0.47,100,0.47,0.48,0.01,0.002002239227294922
phpV5QYya,0.47,100,0.47,0.48,0.01,0.0010013580322265625
phpV5QYya,0.47,100,0.47,0.46,0.01,0.0
phpV5QYya,0.47,100,0.47,0.53,0.06,0.0010073184967041016
phpV5QYya,0.53,100,0.53,0.53,0.0,0.0
phpV5QYya,0.53,100,0.53,0.55,0.02,0.0
phpV5QYya,0.53,100,0.53,0.52,0.01,0.01563096046447754
phpV5QYya,0.53,100,0.53,0.58,0.05,0.0
phpV5QYya,0.53,100,0.53,0.49,0.04,0.0009987354278564453
phpV5QYya,0.53,100,0.53,0.52,0.01,0.0
phpV5QYya,0.53,100,0.53,0.5,0.03,0.0
phpV5QYya,0.53,100,0.53,0.53,0.0,0.0
phpV5QYya,0.53,100,0.53,0.54,0.01,0.0
phpV5QYya,0.53,100,0.53,0.53,0.0,0.0
phpV5QYya,0.58,100,0.58,0.59,0.01,0.0
phpV5QYya,0.58,100,0.58,0.58,0.0,0.0
phpV5QYya,0.58,100,0.58,0.57,0.01,0.0
phpV5QYya,0.58,100,0.58,0.56,0.02,0.0
phpV5QYya,0.58,100,0.58,0.58,0.0,0.0020890235900878906
phpV5QYya,0.58,100,0.58,0.58,0.0,0.0
phpV5QYya,0.58,100,0.58,0.56,0.02,0.0
phpV5QYya,0.58,100,0.58,0.55,0.03,0.0
phpV5QYya,0.58,100,0.58,0.56,0.02,0.0
phpV5QYya,0.58,100,0.58,0.55,0.03,0.004681587219238281
phpV5QYya,0.63,100,0.63,0.63,0.0,0.0
phpV5QYya,0.63,100,0.63,0.62,0.01,0.0
phpV5QYya,0.63,100,0.63,0.58,0.05,0.0010132789611816406
phpV5QYya,0.63,100,0.63,0.61,0.02,0.0
phpV5QYya,0.63,100,0.63,0.6,0.03,0.0
phpV5QYya,0.63,100,0.63,0.63,0.0,0.0
phpV5QYya,0.63,100,0.63,0.58,0.05,0.0
phpV5QYya,0.63,100,0.63,0.66,0.03,0.0
phpV5QYya,0.63,100,0.63,0.6,0.03,0.015710830688476562
phpV5QYya,0.63,100,0.63,0.61,0.02,0.0
phpV5QYya,0.68,100,0.68,0.67,0.01,0.0
phpV5QYya,0.68,100,0.68,0.61,0.07,0.0
phpV5QYya,0.68,100,0.68,0.6,0.08,0.0
phpV5QYya,0.68,100,0.68,0.65,0.03,0.0
phpV5QYya,0.68,100,0.68,0.63,0.05,0.0
phpV5QYya,0.68,100,0.68,0.64,0.04,0.0
phpV5QYya,0.68,100,0.68,0.61,0.07,0.0010175704956054688
phpV5QYya,0.68,100,0.68,0.67,0.01,0.0
phpV5QYya,0.68,100,0.68,0.61,0.07,0.0
phpV5QYya,0.68,100,0.68,0.66,0.02,0.0
phpV5QYya,0.74,100,0.74,0.71,0.03,0.0
phpV5QYya,0.74,100,0.74,0.69,0.05,0.0
phpV5QYya,0.74,100,0.74,0.71,0.03,0.0
phpV5QYya,0.74,100,0.74,0.67,0.07,0.004994630813598633
phpV5QYya,0.74,100,0.74,0.69,0.05,0.0
phpV5QYya,0.74,100,0.74,0.69,0.05,0.0
phpV5QYya,0.74,100,0.74,0.67,0.07,0.0
phpV5QYya,0.74,100,0.74,0.71,0.03,0.0
phpV5QYya,0.74,100,0.74,0.68,0.06,0.0
phpV5QYya,0.74,100,0.74,0.68,0.06,0.015712738037109375
phpV5QYya,0.79,100,0.79,0.72,0.07,0.0
phpV5QYya,0.79,100,0.79,0.71,0.08,0.0
phpV5QYya,0.79,100,0.79,0.75,0.04,0.0
phpV5QYya,0.79,100,0.79,0.76,0.03,0.0010254383087158203
phpV5QYya,0.79,100,0.79,0.78,0.01,0.015623331069946289
phpV5QYya,0.79,100,0.79,0.72,0.07,0.0
phpV5QYya,0.79,100,0.79,0.73,0.06,0.0
phpV5QYya,0.79,100,0.79,0.74,0.05,0.0007832050323486328
phpV5QYya,0.79,100,0.79,0.74,0.05,0.0020911693572998047
phpV5QYya,0.79,100,0.79,0.73,0.06,0.0020046234130859375
phpV5QYya,0.84,100,0.84,0.77,0.07,0.0009167194366455078
phpV5QYya,0.84,100,0.84,0.78,0.06,0.0
phpV5QYya,0.84,100,0.84,0.79,0.05,0.0
phpV5QYya,0.84,100,0.84,0.76,0.08,0.0018737316131591797
phpV5QYya,0.84,100,0.84,0.77,0.07,0.0
phpV5QYya,0.84,100,0.84,0.78,0.06,0.0
phpV5QYya,0.84,100,0.84,0.74,0.1,0.0
phpV5QYya,0.84,100,0.84,0.76,0.08,0.0
phpV5QYya,0.84,100,0.84,0.78,0.06,0.0
phpV5QYya,0.84,100,0.84,0.74,0.1,0.0
phpV5QYya,0.89,100,0.89,0.78,0.11,0.0013186931610107422
phpV5QYya,0.89,100,0.89,0.84,0.05,0.002001047134399414
phpV5QYya,0.89,100,0.89,0.83,0.06,0.0
phpV5QYya,0.89,100,0.89,0.77,0.12,0.0013279914855957031
phpV5QYya,0.89,100,0.89,0.82,0.07,0.0
phpV5QYya,0.89,100,0.89,0.78,0.11,0.0
phpV5QYya,0.89,100,0.89,0.84,0.05,0.0
phpV5QYya,0.89,100,0.89,0.77,0.12,0.0
phpV5QYya,0.89,100,0.89,0.78,0.11,0.0
phpV5QYya,0.89,100,0.89,0.81,0.08,0.0
phpV5QYya,0.95,100,0.95,0.85,0.1,0.0
phpV5QYya,0.95,100,0.95,0.84,0.11,0.0
phpV5QYya,0.95,100,0.95,0.85,0.1,0.0
phpV5QYya,0.95,100,0.95,0.86,0.09,0.004869937896728516
phpV5QYya,0.95,100,0.95,0.9,0.05,0.0
phpV5QYya,0.95,100,0.95,0.88,0.07,0.0
phpV5QYya,0.95,100,0.95,0.86,0.09,0.0
phpV5QYya,0.95,100,0.95,0.87,0.08,0.0
phpV5QYya,0.95,100,0.95,0.86,0.09,0.015709638595581055
phpV5QYya,0.95,100,0.95,0.83,0.12,0.0
phpV5QYya,1.0,100,1.0,0.93,0.07,0.0
phpV5QYya,1.0,100,1.0,0.9,0.1,0.0
phpV5QYya,1.0,100,1.0,0.91,0.09,0.0
phpV5QYya,1.0,100,1.0,0.9,0.1,0.0
phpV5QYya,1.0,100,1.0,0.88,0.12,0.0
phpV5QYya,1.0,100,1.0,0.91,0.09,0.0
phpV5QYya,1.0,100,1.0,0.92,0.08,0.0
phpV5QYya,1.0,100,1.0,0.89,0.11,0.0
phpV5QYya,1.0,100,1.0,0.88,0.12,0.0
phpV5QYya,1.0,100,1.0,0.86,0.14,0.0
pol,0.0,100,0.0,0.26,0.26,0.0
pol,0.0,100,0.0,0.3,0.3,0.0
pol,0.0,100,0.0,0.26,0.26,0.0
pol,0.0,100,0.0,0.25,0.25,0.0
pol,0.0,100,0.0,0.23,0.23,0.0
pol,0.0,100,0.0,0.29,0.29,0.0
pol,0.0,100,0.0,0.26,0.26,0.0
pol,0.0,100,0.0,0.27,0.27,0.0
pol,0.0,100,0.0,0.27,0.27,0.0
pol,0.0,100,0.0,0.26,0.26,0.0
pol,0.05,100,0.05,0.35,0.3,0.0
pol,0.05,100,0.05,0.28,0.23,0.0
pol,0.05,100,0.05,0.3,0.25,0.0
pol,0.05,100,0.05,0.3,0.25,0.0
pol,0.05,100,0.05,0.34,0.29,0.0
pol,0.05,100,0.05,0.31,0.26,0.0
pol,0.05,100,0.05,0.25,0.2,0.0010035037994384766
pol,0.05,100,0.05,0.27,0.22,0.0
pol,0.05,100,0.05,0.33,0.28,0.0017249584197998047
pol,0.05,100,0.05,0.31,0.26,0.0
pol,0.11,100,0.11,0.38,0.27,0.0
pol,0.11,100,0.11,0.29,0.18,0.000993967056274414
pol,0.11,100,0.11,0.32,0.21,0.009085893630981445
pol,0.11,100,0.11,0.34,0.23,0.006043672561645508
pol,0.11,100,0.11,0.34,0.23,0.006597757339477539
pol,0.11,100,0.11,0.34,0.23,0.002665996551513672
pol,0.11,100,0.11,0.34,0.23,0.0
pol,0.11,100,0.11,0.32,0.21,0.0
pol,0.11,100,0.11,0.32,0.21,0.0
pol,0.11,100,0.11,0.33,0.22,0.0
pol,0.16,100,0.16,0.36,0.2,0.0
pol,0.16,100,0.16,0.35,0.19,0.0
pol,0.16,100,0.16,0.36,0.2,0.011582136154174805
pol,0.16,100,0.16,0.37,0.21,0.0
pol,0.16,100,0.16,0.45,0.29,0.0
pol,0.16,100,0.16,0.31,0.15,0.0
pol,0.16,100,0.16,0.36,0.2,0.0
pol,0.16,100,0.16,0.36,0.2,0.0
pol,0.16,100,0.16,0.38,0.22,0.0
pol,0.16,100,0.16,0.36,0.2,0.0
pol,0.21,100,0.21,0.4,0.19,0.0016465187072753906
pol,0.21,100,0.21,0.42,0.21,0.0
pol,0.21,100,0.21,0.45,0.24,0.0
pol,0.21,100,0.21,0.41,0.2,0.0019953250885009766
pol,0.21,100,0.21,0.35,0.14,0.0
pol,0.21,100,0.21,0.39,0.18,0.0
pol,0.21,100,0.21,0.38,0.17,0.0
pol,0.21,100,0.21,0.4,0.19,0.0
pol,0.21,100,0.21,0.41,0.2,0.0019941329956054688
pol,0.21,100,0.21,0.4,0.19,0.0
pol,0.26,100,0.26,0.42,0.16,0.0
pol,0.26,100,0.26,0.47,0.21,0.0
pol,0.26,100,0.26,0.4,0.14,0.0
pol,0.26,100,0.26,0.46,0.2,0.0
pol,0.26,100,0.26,0.39,0.13,0.0
pol,0.26,100,0.26,0.45,0.19,0.0
pol,0.26,100,0.26,0.41,0.15,0.015625715255737305
pol,0.26,100,0.26,0.39,0.13,0.0
pol,0.26,100,0.26,0.39,0.13,0.0
pol,0.26,100,0.26,0.45,0.19,0.0
pol,0.32,100,0.32,0.46,0.14,0.015619277954101562
pol,0.32,100,0.32,0.48,0.16,0.01570725440979004
pol,0.32,100,0.32,0.45,0.13,0.015620946884155273
pol,0.32,100,0.32,0.43,0.11,0.01508021354675293
pol,0.32,100,0.32,0.46,0.14,0.0
pol,0.32,100,0.32,0.46,0.14,0.0
pol,0.32,100,0.32,0.47,0.15,0.0
pol,0.32,100,0.32,0.48,0.16,0.0010089874267578125
pol,0.32,100,0.32,0.45,0.13,0.0
pol,0.32,100,0.32,0.49,0.17,0.0
pol,0.37,100,0.37,0.48,0.11,0.0
pol,0.37,100,0.37,0.5,0.13,0.003091096878051758
pol,0.37,100,0.37,0.46,0.09,0.0
pol,0.37,100,0.37,0.47,0.1,0.0011868476867675781
pol,0.37,100,0.37,0.51,0.14,0.0
pol,0.37,100,0.37,0.5,0.13,0.0
pol,0.37,100,0.37,0.48,0.11,0.0
pol,0.37,100,0.37,0.53,0.16,0.0
pol,0.37,100,0.37,0.49,0.12,0.0
pol,0.37,100,0.37,0.46,0.09,0.0
pol,0.42,100,0.42,0.52,0.1,0.0
pol,0.42,100,0.42,0.52,0.1,0.0
pol,0.42,100,0.42,0.56,0.14,0.0
pol,0.42,100,0.42,0.49,0.07,0.0
pol,0.42,100,0.42,0.56,0.14,0.0
pol,0.42,100,0.42,0.57,0.15,0.002002239227294922
pol,0.42,100,0.42,0.55,0.13,0.0009992122650146484
pol,0.42,100,0.42,0.52,0.1,0.0
pol,0.42,100,0.42,0.52,0.1,0.0
pol,0.42,100,0.42,0.54,0.12,0.0
pol,0.47,100,0.47,0.57,0.1,0.0
pol,0.47,100,0.47,0.57,0.1,0.0
pol,0.47,100,0.47,0.6,0.13,0.0
pol,0.47,100,0.47,0.56,0.09,0.001847982406616211
pol,0.47,100,0.47,0.57,0.1,0.0
pol,0.47,100,0.47,0.58,0.11,0.0
pol,0.47,100,0.47,0.56,0.09,0.0
pol,0.47,100,0.47,0.54,0.07,0.0
pol,0.47,100,0.47,0.53,0.06,0.0
pol,0.47,100,0.47,0.57,0.1,0.01571512222290039
pol,0.53,100,0.53,0.59,0.06,0.0
pol,0.53,100,0.53,0.6,0.07,0.0
pol,0.53,100,0.53,0.61,0.08,0.01571488380432129
pol,0.53,100,0.53,0.55,0.02,0.0
pol,0.53,100,0.53,0.57,0.04,0.0
pol,0.53,100,0.53,0.61,0.08,0.0
pol,0.53,100,0.53,0.55,0.02,0.0
pol,0.53,100,0.53,0.56,0.03,0.0
pol,0.53,100,0.53,0.58,0.05,0.015719175338745117
pol,0.53,100,0.53,0.58,0.05,0.0
pol,0.58,100,0.58,0.6,0.02,0.0
pol,0.58,100,0.58,0.63,0.05,0.0
pol,0.58,100,0.58,0.62,0.04,0.0
pol,0.58,100,0.58,0.6,0.02,0.0
pol,0.58,100,0.58,0.62,0.04,0.0
pol,0.58,100,0.58,0.62,0.04,0.0
pol,0.58,100,0.58,0.64,0.06,0.0
pol,0.58,100,0.58,0.59,0.01,0.0
pol,0.58,100,0.58,0.59,0.01,0.0
pol,0.58,100,0.58,0.64,0.06,0.0
pol,0.63,100,0.63,0.63,0.0,0.0
pol,0.63,100,0.63,0.67,0.04,0.002085447311401367
pol,0.63,100,0.63,0.65,0.02,0.0
pol,0.63,100,0.63,0.63,0.0,0.0
pol,0.63,100,0.63,0.63,0.0,0.0008425712585449219
pol,0.63,100,0.63,0.64,0.01,0.012508153915405273
pol,0.63,100,0.63,0.63,0.0,0.0
pol,0.63,100,0.63,0.64,0.01,0.0
pol,0.63,100,0.63,0.61,0.02,0.0020003318786621094
pol,0.63,100,0.63,0.66,0.03,0.0
pol,0.68,100,0.68,0.67,0.01,0.0
pol,0.68,100,0.68,0.68,0.0,0.0
pol,0.68,100,0.68,0.67,0.01,0.0020093917846679688
pol,0.68,100,0.68,0.63,0.05,0.0
pol,0.68,100,0.68,0.68,0.0,0.0
pol,0.68,100,0.68,0.69,0.01,0.0
pol,0.68,100,0.68,0.66,0.02,0.015624046325683594
pol,0.68,100,0.68,0.67,0.01,0.001142740249633789
pol,0.68,100,0.68,0.67,0.01,0.0
pol,0.68,100,0.68,0.7,0.02,0.0
pol,0.74,100,0.74,0.74,0.0,0.0
pol,0.74,100,0.74,0.73,0.01,0.0
pol,0.74,100,0.74,0.68,0.06,0.0
pol,0.74,100,0.74,0.68,0.06,0.0
pol,0.74,100,0.74,0.75,0.01,0.0
pol,0.74,100,0.74,0.72,0.02,0.0
pol,0.74,100,0.74,0.69,0.05,0.0
pol,0.74,100,0.74,0.69,0.05,0.0
pol,0.74,100,0.74,0.7,0.04,0.0
pol,0.74,100,0.74,0.71,0.03,0.0
pol,0.79,100,0.79,0.71,0.08,0.015008926391601562
pol,0.79,100,0.79,0.71,0.08,0.0
pol,0.79,100,0.79,0.7,0.09,0.00185394287109375
pol,0.79,100,0.79,0.77,0.02,0.0
pol,0.79,100,0.79,0.72,0.07,0.0
pol,0.79,100,0.79,0.73,0.06,0.0
pol,0.79,100,0.79,0.74,0.05,0.0
pol,0.79,100,0.79,0.75,0.04,0.0
pol,0.79,100,0.79,0.72,0.07,0.0
pol,0.79,100,0.79,0.71,0.08,0.0
pol,0.84,100,0.84,0.77,0.07,0.0
pol,0.84,100,0.84,0.78,0.06,0.0
pol,0.84,100,0.84,0.73,0.11,0.0
pol,0.84,100,0.84,0.79,0.05,0.0
pol,0.84,100,0.84,0.76,0.08,0.0009970664978027344
pol,0.84,100,0.84,0.77,0.07,0.0
pol,0.84,100,0.84,0.78,0.06,0.0
pol,0.84,100,0.84,0.77,0.07,0.0
pol,0.84,100,0.84,0.76,0.08,0.0
pol,0.84,100,0.84,0.76,0.08,0.001998424530029297
pol,0.89,100,0.89,0.76,0.13,0.0
pol,0.89,100,0.89,0.81,0.08,0.0
pol,0.89,100,0.89,0.78,0.11,0.0019986629486083984
pol,0.89,100,0.89,0.79,0.1,0.0
pol,0.89,100,0.89,0.79,0.1,0.0
pol,0.89,100,0.89,0.78,0.11,0.0
pol,0.89,100,0.89,0.79,0.1,0.0
pol,0.89,100,0.89,0.81,0.08,0.0
pol,0.89,100,0.89,0.74,0.15,0.0
pol,0.89,100,0.89,0.76,0.13,0.0020020008087158203
pol,0.95,100,0.95,0.82,0.13,0.0
pol,0.95,100,0.95,0.83,0.12,0.0
pol,0.95,100,0.95,0.82,0.13,0.0
pol,0.95,100,0.95,0.84,0.11,0.0
pol,0.95,100,0.95,0.84,0.11,0.001999378204345703
pol,0.95,100,0.95,0.83,0.12,0.0
pol,0.95,100,0.95,0.81,0.14,0.0
pol,0.95,100,0.95,0.84,0.11,0.0
pol,0.95,100,0.95,0.88,0.07,0.0
pol,0.95,100,0.95,0.86,0.09,0.0010967254638671875
pol,1.0,100,1.0,0.88,0.12,0.0
pol,1.0,100,1.0,0.83,0.17,0.0
pol,1.0,100,1.0,0.89,0.11,0.0
pol,1.0,100,1.0,0.89,0.11,0.0
pol,1.0,100,1.0,0.87,0.13,0.0
pol,1.0,100,1.0,0.86,0.14,0.01500701904296875
pol,1.0,100,1.0,0.86,0.14,0.0
pol,1.0,100,1.0,0.88,0.12,0.0
pol,1.0,100,1.0,0.9,0.1,0.0
pol,1.0,100,1.0,0.87,0.13,0.0
pollen,0.0,100,0.0,0.49,0.49,0.0
pollen,0.0,100,0.0,0.49,0.49,0.0
pollen,0.0,100,0.0,0.49,0.49,0.0
pollen,0.0,100,0.0,0.49,0.49,0.0010554790496826172
pollen,0.0,100,0.0,0.49,0.49,0.0010030269622802734
pollen,0.0,100,0.0,0.49,0.49,0.0
pollen,0.0,100,0.0,0.49,0.49,0.0
pollen,0.0,100,0.0,0.49,0.49,0.0015897750854492188
pollen,0.0,100,0.0,0.49,0.49,0.0
pollen,0.0,100,0.0,0.49,0.49,0.0
pollen,0.05,100,0.05,0.49,0.44,0.0004904270172119141
pollen,0.05,100,0.05,0.49,0.44,0.0
pollen,0.05,100,0.05,0.49,0.44,0.0
pollen,0.05,100,0.05,0.49,0.44,0.0015411376953125
pollen,0.05,100,0.05,0.49,0.44,0.0
pollen,0.05,100,0.05,0.49,0.44,0.0
pollen,0.05,100,0.05,0.49,0.44,0.0
pollen,0.05,100,0.05,0.49,0.44,0.0020046234130859375
pollen,0.05,100,0.05,0.49,0.44,0.0
pollen,0.05,100,0.05,0.49,0.44,0.0
pollen,0.11,100,0.11,0.49,0.38,0.0
pollen,0.11,100,0.11,0.49,0.38,0.0
pollen,0.11,100,0.11,0.49,0.38,0.0
pollen,0.11,100,0.11,0.49,0.38,0.0
pollen,0.11,100,0.11,0.49,0.38,0.01353311538696289
pollen,0.11,100,0.11,0.49,0.38,0.0
pollen,0.11,100,0.11,0.49,0.38,0.0
pollen,0.11,100,0.11,0.49,0.38,0.0
pollen,0.11,100,0.11,0.49,0.38,0.0
pollen,0.11,100,0.11,0.49,0.38,0.0
pollen,0.16,100,0.16,0.49,0.33,0.0
pollen,0.16,100,0.16,0.49,0.33,0.0
pollen,0.16,100,0.16,0.49,0.33,0.0
pollen,0.16,100,0.16,0.49,0.33,0.0
pollen,0.16,100,0.16,0.49,0.33,0.0
pollen,0.16,100,0.16,0.49,0.33,0.0
pollen,0.16,100,0.16,0.49,0.33,0.0
pollen,0.16,100,0.16,0.49,0.33,0.0020291805267333984
pollen,0.16,100,0.16,0.49,0.33,0.0
pollen,0.16,100,0.16,0.49,0.33,0.0
pollen,0.21,100,0.21,0.49,0.28,0.0
pollen,0.21,100,0.21,0.49,0.28,0.0
pollen,0.21,100,0.21,0.49,0.28,0.0020530223846435547
pollen,0.21,100,0.21,0.49,0.28,0.0
pollen,0.21,100,0.21,0.49,0.28,0.0
pollen,0.21,100,0.21,0.49,0.28,0.006285429000854492
pollen,0.21,100,0.21,0.49,0.28,0.01562976837158203
pollen,0.21,100,0.21,0.49,0.28,0.0
pollen,0.21,100,0.21,0.49,0.28,0.014918804168701172
pollen,0.21,100,0.21,0.49,0.28,0.009103536605834961
pollen,0.26,100,0.26,0.49,0.23,0.0
pollen,0.26,100,0.26,0.49,0.23,0.0007984638214111328
pollen,0.26,100,0.26,0.49,0.23,0.016597747802734375
pollen,0.26,100,0.26,0.49,0.23,0.0
pollen,0.26,100,0.26,0.49,0.23,0.0
pollen,0.26,100,0.26,0.49,0.23,0.0
pollen,0.26,100,0.26,0.49,0.23,0.0
pollen,0.26,100,0.26,0.49,0.23,0.0
pollen,0.26,100,0.26,0.49,0.23,0.0
pollen,0.26,100,0.26,0.49,0.23,0.0
pollen,0.32,100,0.32,0.49,0.17,0.0
pollen,0.32,100,0.32,0.49,0.17,0.0
pollen,0.32,100,0.32,0.49,0.17,0.0
pollen,0.32,100,0.32,0.49,0.17,0.0
pollen,0.32,100,0.32,0.49,0.17,0.0
pollen,0.32,100,0.32,0.49,0.17,0.0
pollen,0.32,100,0.32,0.49,0.17,0.0010001659393310547
pollen,0.32,100,0.32,0.49,0.17,0.0
pollen,0.32,100,0.32,0.49,0.17,0.0
pollen,0.32,100,0.32,0.49,0.17,0.0
pollen,0.37,100,0.37,0.49,0.12,0.015623807907104492
pollen,0.37,100,0.37,0.49,0.12,0.0
pollen,0.37,100,0.37,0.49,0.12,0.0
pollen,0.37,100,0.37,0.49,0.12,0.0010471343994140625
pollen,0.37,100,0.37,0.49,0.12,0.0
pollen,0.37,100,0.37,0.49,0.12,0.0
pollen,0.37,100,0.37,0.49,0.12,0.0
pollen,0.37,100,0.37,0.49,0.12,0.0
pollen,0.37,100,0.37,0.49,0.12,0.0
pollen,0.37,100,0.37,0.49,0.12,0.0
pollen,0.42,100,0.42,0.49,0.07,0.005113840103149414
pollen,0.42,100,0.42,0.49,0.07,0.006264925003051758
pollen,0.42,100,0.42,0.49,0.07,0.0
pollen,0.42,100,0.42,0.49,0.07,0.0
pollen,0.42,100,0.42,0.49,0.07,0.0008673667907714844
pollen,0.42,100,0.42,0.49,0.07,0.0
pollen,0.42,100,0.42,0.49,0.07,0.0
pollen,0.42,100,0.42,0.49,0.07,0.0046155452728271484
pollen,0.42,100,0.42,0.49,0.07,0.0
pollen,0.42,100,0.42,0.49,0.07,0.0011076927185058594
pollen,0.47,100,0.47,0.49,0.02,0.0
pollen,0.47,100,0.47,0.49,0.02,0.0
pollen,0.47,100,0.47,0.49,0.02,0.0
pollen,0.47,100,0.47,0.49,0.02,0.0
pollen,0.47,100,0.47,0.49,0.02,0.0
pollen,0.47,100,0.47,0.49,0.02,0.0
pollen,0.47,100,0.47,0.49,0.02,0.0
pollen,0.47,100,0.47,0.49,0.02,0.00644993782043457
pollen,0.47,100,0.47,0.49,0.02,0.0
pollen,0.47,100,0.47,0.49,0.02,0.013109683990478516
pollen,0.53,100,0.53,0.49,0.04,0.0
pollen,0.53,100,0.53,0.49,0.04,0.0013244152069091797
pollen,0.53,100,0.53,0.49,0.04,0.0019965171813964844
pollen,0.53,100,0.53,0.49,0.04,0.0
pollen,0.53,100,0.53,0.49,0.04,0.0010001659393310547
pollen,0.53,100,0.53,0.49,0.04,0.0
pollen,0.53,100,0.53,0.49,0.04,0.0
pollen,0.53,100,0.53,0.49,0.04,0.0
pollen,0.53,100,0.53,0.49,0.04,0.0009982585906982422
pollen,0.53,100,0.53,0.49,0.04,0.0
pollen,0.58,100,0.58,0.49,0.09,0.0
pollen,0.58,100,0.58,0.49,0.09,0.0
pollen,0.58,100,0.58,0.49,0.09,0.0011112689971923828
pollen,0.58,100,0.58,0.49,0.09,0.0
pollen,0.58,100,0.58,0.49,0.09,0.0
pollen,0.58,100,0.58,0.49,0.09,0.0
pollen,0.58,100,0.58,0.49,0.09,0.0
pollen,0.58,100,0.58,0.49,0.09,0.0
pollen,0.58,100,0.58,0.49,0.09,0.0
pollen,0.58,100,0.58,0.49,0.09,0.0
pollen,0.63,100,0.63,0.49,0.14,0.0
pollen,0.63,100,0.63,0.49,0.14,0.0
pollen,0.63,100,0.63,0.49,0.14,0.0
pollen,0.63,100,0.63,0.49,0.14,0.0
pollen,0.63,100,0.63,0.49,0.14,0.0
pollen,0.63,100,0.63,0.49,0.14,0.009012460708618164
pollen,0.63,100,0.63,0.49,0.14,0.0
pollen,0.63,100,0.63,0.49,0.14,0.0
pollen,0.63,100,0.63,0.49,0.14,0.0
pollen,0.63,100,0.63,0.49,0.14,0.0
pollen,0.68,100,0.68,0.49,0.19,0.0
pollen,0.68,100,0.68,0.49,0.19,0.0010061264038085938
pollen,0.68,100,0.68,0.49,0.19,0.0
pollen,0.68,100,0.68,0.49,0.19,0.0
pollen,0.68,100,0.68,0.49,0.19,0.0
pollen,0.68,100,0.68,0.49,0.19,0.0
pollen,0.68,100,0.68,0.49,0.19,0.0
pollen,0.68,100,0.68,0.49,0.19,0.0
pollen,0.68,100,0.68,0.49,0.19,0.0
pollen,0.68,100,0.68,0.49,0.19,0.0
pollen,0.74,100,0.74,0.49,0.25,0.0
pollen,0.74,100,0.74,0.49,0.25,0.0
pollen,0.74,100,0.74,0.49,0.25,0.0
pollen,0.74,100,0.74,0.49,0.25,0.0
pollen,0.74,100,0.74,0.49,0.25,0.0009996891021728516
pollen,0.74,100,0.74,0.49,0.25,0.0
pollen,0.74,100,0.74,0.49,0.25,0.0
pollen,0.74,100,0.74,0.49,0.25,0.0
pollen,0.74,100,0.74,0.49,0.25,0.0
pollen,0.74,100,0.74,0.49,0.25,0.0
pollen,0.79,100,0.79,0.49,0.3,0.0
pollen,0.79,100,0.79,0.49,0.3,0.0
pollen,0.79,100,0.79,0.49,0.3,0.0
pollen,0.79,100,0.79,0.49,0.3,0.0
pollen,0.79,100,0.79,0.49,0.3,0.0
pollen,0.79,100,0.79,0.49,0.3,0.0
pollen,0.79,100,0.79,0.49,0.3,0.0
pollen,0.79,100,0.79,0.49,0.3,0.0
pollen,0.79,100,0.79,0.49,0.3,0.004871845245361328
pollen,0.79,100,0.79,0.49,0.3,0.0
pollen,0.84,100,0.84,0.49,0.35,0.0
pollen,0.84,100,0.84,0.49,0.35,0.0
pollen,0.84,100,0.84,0.49,0.35,0.0019974708557128906
pollen,0.84,100,0.84,0.49,0.35,0.0
pollen,0.84,100,0.84,0.49,0.35,0.0
pollen,0.84,100,0.84,0.49,0.35,0.0
pollen,0.84,100,0.84,0.49,0.35,0.0
pollen,0.84,100,0.84,0.49,0.35,0.0
pollen,0.84,100,0.84,0.49,0.35,0.0
pollen,0.84,100,0.84,0.49,0.35,0.0009989738464355469
pollen,0.89,100,0.89,0.49,0.4,0.0
pollen,0.89,100,0.89,0.49,0.4,0.0
pollen,0.89,100,0.89,0.49,0.4,0.0
pollen,0.89,100,0.89,0.49,0.4,0.0028722286224365234
pollen,0.89,100,0.89,0.49,0.4,0.0045773983001708984
pollen,0.89,100,0.89,0.49,0.4,0.0
pollen,0.89,100,0.89,0.49,0.4,0.0
pollen,0.89,100,0.89,0.49,0.4,0.0
pollen,0.89,100,0.89,0.49,0.4,0.0
pollen,0.89,100,0.89,0.49,0.4,0.0
pollen,0.95,100,0.95,0.49,0.46,0.0020372867584228516
pollen,0.95,100,0.95,0.49,0.46,0.0
pollen,0.95,100,0.95,0.49,0.46,0.0
pollen,0.95,100,0.95,0.49,0.46,0.0
pollen,0.95,100,0.95,0.49,0.46,0.0
pollen,0.95,100,0.95,0.49,0.46,0.0
pollen,0.95,100,0.95,0.49,0.46,0.0
pollen,0.95,100,0.95,0.49,0.46,0.0011169910430908203
pollen,0.95,100,0.95,0.49,0.46,0.0
pollen,0.95,100,0.95,0.49,0.46,0.0
pollen,1.0,100,1.0,0.49,0.51,0.0
pollen,1.0,100,1.0,0.49,0.51,0.0
pollen,1.0,100,1.0,0.49,0.51,0.0
pollen,1.0,100,1.0,0.49,0.51,0.0
pollen,1.0,100,1.0,0.49,0.51,0.004834890365600586
pollen,1.0,100,1.0,0.49,0.51,0.015708208084106445
pollen,1.0,100,1.0,0.49,0.51,0.0
pollen,1.0,100,1.0,0.49,0.51,0.0
pollen,1.0,100,1.0,0.49,0.51,0.0
pollen,1.0,100,1.0,0.49,0.51,0.0
puma32H,0.0,100,0.0,0.43,0.43,0.0
puma32H,0.0,100,0.0,0.45,0.45,0.0
puma32H,0.0,100,0.0,0.47,0.47,0.0
puma32H,0.0,100,0.0,0.46,0.46,0.0018274784088134766
puma32H,0.0,100,0.0,0.45,0.45,0.0
puma32H,0.0,100,0.0,0.45,0.45,0.0
puma32H,0.0,100,0.0,0.46,0.46,0.0
puma32H,0.0,100,0.0,0.47,0.47,0.0
puma32H,0.0,100,0.0,0.46,0.46,0.0
puma32H,0.0,100,0.0,0.48,0.48,0.0
puma32H,0.05,100,0.05,0.46,0.41,0.0
puma32H,0.05,100,0.05,0.46,0.41,0.0
puma32H,0.05,100,0.05,0.49,0.44,0.0
puma32H,0.05,100,0.05,0.46,0.41,0.0
puma32H,0.05,100,0.05,0.47,0.42,0.0019016265869140625
puma32H,0.05,100,0.05,0.46,0.41,0.0
puma32H,0.05,100,0.05,0.49,0.44,0.0
puma32H,0.05,100,0.05,0.44,0.39,0.0
puma32H,0.05,100,0.05,0.47,0.42,0.0
puma32H,0.05,100,0.05,0.46,0.41,0.0
puma32H,0.11,100,0.11,0.47,0.36,0.0
puma32H,0.11,100,0.11,0.47,0.36,0.0009005069732666016
puma32H,0.11,100,0.11,0.46,0.35,0.0
puma32H,0.11,100,0.11,0.46,0.35,0.0
puma32H,0.11,100,0.11,0.47,0.36,0.0
puma32H,0.11,100,0.11,0.46,0.35,0.0
puma32H,0.11,100,0.11,0.48,0.37,0.0017192363739013672
puma32H,0.11,100,0.11,0.48,0.37,0.0
puma32H,0.11,100,0.11,0.47,0.36,0.0020835399627685547
puma32H,0.11,100,0.11,0.47,0.36,0.0
puma32H,0.16,100,0.16,0.46,0.3,0.0
puma32H,0.16,100,0.16,0.47,0.31,0.0
puma32H,0.16,100,0.16,0.48,0.32,0.0
puma32H,0.16,100,0.16,0.48,0.32,0.0
puma32H,0.16,100,0.16,0.47,0.31,0.0
puma32H,0.16,100,0.16,0.46,0.3,0.0
puma32H,0.16,100,0.16,0.48,0.32,0.0
puma32H,0.16,100,0.16,0.48,0.32,0.0
puma32H,0.16,100,0.16,0.46,0.3,0.0
puma32H,0.16,100,0.16,0.49,0.33,0.0
puma32H,0.21,100,0.21,0.46,0.25,0.0
puma32H,0.21,100,0.21,0.48,0.27,0.0019097328186035156
puma32H,0.21,100,0.21,0.46,0.25,0.0
puma32H,0.21,100,0.21,0.47,0.26,0.0
puma32H,0.21,100,0.21,0.46,0.25,0.0
puma32H,0.21,100,0.21,0.49,0.28,0.0020749568939208984
puma32H,0.21,100,0.21,0.45,0.24,0.0
puma32H,0.21,100,0.21,0.48,0.27,0.0
puma32H,0.21,100,0.21,0.46,0.25,0.0
puma32H,0.21,100,0.21,0.46,0.25,0.0
puma32H,0.26,100,0.26,0.47,0.21,0.014574527740478516
puma32H,0.26,100,0.26,0.51,0.25,0.015087127685546875
puma32H,0.26,100,0.26,0.48,0.22,0.0009999275207519531
puma32H,0.26,100,0.26,0.46,0.2,0.0
puma32H,0.26,100,0.26,0.48,0.22,0.0
puma32H,0.26,100,0.26,0.46,0.2,0.0
puma32H,0.26,100,0.26,0.51,0.25,0.0
puma32H,0.26,100,0.26,0.5,0.24,0.0
puma32H,0.26,100,0.26,0.47,0.21,0.0
puma32H,0.26,100,0.26,0.47,0.21,0.0
puma32H,0.32,100,0.32,0.51,0.19,0.01058340072631836
puma32H,0.32,100,0.32,0.49,0.17,0.0
puma32H,0.32,100,0.32,0.47,0.15,0.0
puma32H,0.32,100,0.32,0.48,0.16,0.0014786720275878906
puma32H,0.32,100,0.32,0.48,0.16,0.0
puma32H,0.32,100,0.32,0.49,0.17,0.00099945068359375
puma32H,0.32,100,0.32,0.48,0.16,0.0
puma32H,0.32,100,0.32,0.5,0.18,0.0
puma32H,0.32,100,0.32,0.49,0.17,0.0
puma32H,0.32,100,0.32,0.46,0.14,0.0
puma32H,0.37,100,0.37,0.49,0.12,0.0
puma32H,0.37,100,0.37,0.51,0.14,0.0
puma32H,0.37,100,0.37,0.49,0.12,0.0
puma32H,0.37,100,0.37,0.49,0.12,0.0
puma32H,0.37,100,0.37,0.49,0.12,0.0
puma32H,0.37,100,0.37,0.48,0.11,0.0
puma32H,0.37,100,0.37,0.49,0.12,0.0009975433349609375
puma32H,0.37,100,0.37,0.48,0.11,0.0
puma32H,0.37,100,0.37,0.5,0.13,0.0
puma32H,0.37,100,0.37,0.5,0.13,0.0
puma32H,0.42,100,0.42,0.5,0.08,0.001996278762817383
puma32H,0.42,100,0.42,0.49,0.07,0.0
puma32H,0.42,100,0.42,0.5,0.08,0.0
puma32H,0.42,100,0.42,0.51,0.09,0.0
puma32H,0.42,100,0.42,0.5,0.08,0.0
puma32H,0.42,100,0.42,0.49,0.07,0.0
puma32H,0.42,100,0.42,0.48,0.06,0.0
puma32H,0.42,100,0.42,0.49,0.07,0.0
puma32H,0.42,100,0.42,0.5,0.08,0.0
puma32H,0.42,100,0.42,0.49,0.07,0.0
puma32H,0.47,100,0.47,0.49,0.02,0.0
puma32H,0.47,100,0.47,0.52,0.05,0.0
puma32H,0.47,100,0.47,0.47,0.0,0.0
puma32H,0.47,100,0.47,0.52,0.05,0.0
puma32H,0.47,100,0.47,0.51,0.04,0.0
puma32H,0.47,100,0.47,0.5,0.03,0.01008749008178711
puma32H,0.47,100,0.47,0.51,0.04,0.015087127685546875
puma32H,0.47,100,0.47,0.49,0.02,0.0010027885437011719
puma32H,0.47,100,0.47,0.54,0.07,0.0
puma32H,0.47,100,0.47,0.49,0.02,0.0030786991119384766
puma32H,0.53,100,0.53,0.52,0.01,0.0
puma32H,0.53,100,0.53,0.51,0.02,0.0
puma32H,0.53,100,0.53,0.52,0.01,0.0
puma32H,0.53,100,0.53,0.52,0.01,0.0
puma32H,0.53,100,0.53,0.51,0.02,0.001886129379272461
puma32H,0.53,100,0.53,0.5,0.03,0.002012014389038086
puma32H,0.53,100,0.53,0.51,0.02,0.0018930435180664062
puma32H,0.53,100,0.53,0.49,0.04,0.0020012855529785156
puma32H,0.53,100,0.53,0.5,0.03,0.0
puma32H,0.53,100,0.53,0.52,0.01,0.0
puma32H,0.58,100,0.58,0.51,0.07,0.0
puma32H,0.58,100,0.58,0.5,0.08,0.0
puma32H,0.58,100,0.58,0.53,0.05,0.0
puma32H,0.58,100,0.58,0.51,0.07,0.0
puma32H,0.58,100,0.58,0.48,0.1,0.0
puma32H,0.58,100,0.58,0.51,0.07,0.0
puma32H,0.58,100,0.58,0.5,0.08,0.0
puma32H,0.58,100,0.58,0.49,0.09,0.0
puma32H,0.58,100,0.58,0.5,0.08,0.0
puma32H,0.58,100,0.58,0.52,0.06,0.0
puma32H,0.63,100,0.63,0.52,0.11,0.0
puma32H,0.63,100,0.63,0.5,0.13,0.0
puma32H,0.63,100,0.63,0.51,0.12,0.0
puma32H,0.63,100,0.63,0.5,0.13,0.0021393299102783203
puma32H,0.63,100,0.63,0.5,0.13,0.0009944438934326172
puma32H,0.63,100,0.63,0.52,0.11,0.002005338668823242
puma32H,0.63,100,0.63,0.53,0.1,0.0
puma32H,0.63,100,0.63,0.51,0.12,0.0
puma32H,0.63,100,0.63,0.53,0.1,0.0
puma32H,0.63,100,0.63,0.51,0.12,0.0
puma32H,0.68,100,0.68,0.53,0.15,0.0
puma32H,0.68,100,0.68,0.5,0.18,0.0
puma32H,0.68,100,0.68,0.54,0.14,0.0
puma32H,0.68,100,0.68,0.5,0.18,0.015080451965332031
puma32H,0.68,100,0.68,0.5,0.18,0.0
puma32H,0.68,100,0.68,0.53,0.15,0.0
puma32H,0.68,100,0.68,0.52,0.16,0.0
puma32H,0.68,100,0.68,0.52,0.16,0.0
puma32H,0.68,100,0.68,0.5,0.18,0.0
puma32H,0.68,100,0.68,0.52,0.16,0.0010066032409667969
puma32H,0.74,100,0.74,0.56,0.18,0.0
puma32H,0.74,100,0.74,0.51,0.23,0.0
puma32H,0.74,100,0.74,0.52,0.22,0.0
puma32H,0.74,100,0.74,0.53,0.21,0.002165079116821289
puma32H,0.74,100,0.74,0.49,0.25,0.0
puma32H,0.74,100,0.74,0.53,0.21,0.0
puma32H,0.74,100,0.74,0.51,0.23,0.0
puma32H,0.74,100,0.74,0.54,0.2,0.0
puma32H,0.74,100,0.74,0.52,0.22,0.0
puma32H,0.74,100,0.74,0.52,0.22,0.0
puma32H,0.79,100,0.79,0.52,0.27,0.0
puma32H,0.79,100,0.79,0.49,0.3,0.0
puma32H,0.79,100,0.79,0.54,0.25,0.0
puma32H,0.79,100,0.79,0.51,0.28,0.0
puma32H,0.79,100,0.79,0.51,0.28,0.0
puma32H,0.79,100,0.79,0.55,0.24,0.0
puma32H,0.79,100,0.79,0.52,0.27,0.0
puma32H,0.79,100,0.79,0.5,0.29,0.0
puma32H,0.79,100,0.79,0.5,0.29,0.0
puma32H,0.79,100,0.79,0.53,0.26,0.0
puma32H,0.84,100,0.84,0.52,0.32,0.0010039806365966797
puma32H,0.84,100,0.84,0.51,0.33,0.0
puma32H,0.84,100,0.84,0.52,0.32,0.0
puma32H,0.84,100,0.84,0.54,0.3,0.0
puma32H,0.84,100,0.84,0.53,0.31,0.0
puma32H,0.84,100,0.84,0.52,0.32,0.0010073184967041016
puma32H,0.84,100,0.84,0.55,0.29,0.015712738037109375
puma32H,0.84,100,0.84,0.51,0.33,0.0
puma32H,0.84,100,0.84,0.55,0.29,0.0
puma32H,0.84,100,0.84,0.52,0.32,0.0
puma32H,0.89,100,0.89,0.54,0.35,0.0
puma32H,0.89,100,0.89,0.52,0.37,0.005540609359741211
puma32H,0.89,100,0.89,0.55,0.34,0.0
puma32H,0.89,100,0.89,0.55,0.34,0.0
puma32H,0.89,100,0.89,0.52,0.37,0.0
puma32H,0.89,100,0.89,0.54,0.35,0.0
puma32H,0.89,100,0.89,0.52,0.37,0.0
puma32H,0.89,100,0.89,0.52,0.37,0.0
puma32H,0.89,100,0.89,0.56,0.33,0.0
puma32H,0.89,100,0.89,0.51,0.38,0.0
puma32H,0.95,100,0.95,0.54,0.41,0.0
puma32H,0.95,100,0.95,0.55,0.4,0.0020766258239746094
puma32H,0.95,100,0.95,0.55,0.4,0.0010044574737548828
puma32H,0.95,100,0.95,0.55,0.4,0.0
puma32H,0.95,100,0.95,0.53,0.42,0.0
puma32H,0.95,100,0.95,0.54,0.41,0.0
puma32H,0.95,100,0.95,0.55,0.4,0.0
puma32H,0.95,100,0.95,0.51,0.44,0.0
puma32H,0.95,100,0.95,0.53,0.42,0.0
puma32H,0.95,100,0.95,0.54,0.41,0.0
puma32H,1.0,100,1.0,0.52,0.48,0.0019948482513427734
puma32H,1.0,100,1.0,0.5,0.5,0.0
puma32H,1.0,100,1.0,0.53,0.47,0.0
puma32H,1.0,100,1.0,0.55,0.45,0.0
puma32H,1.0,100,1.0,0.55,0.45,0.01562666893005371
puma32H,1.0,100,1.0,0.54,0.46,0.01571369171142578
puma32H,1.0,100,1.0,0.52,0.48,0.007405996322631836
puma32H,1.0,100,1.0,0.55,0.45,0.0
puma32H,1.0,100,1.0,0.55,0.45,0.0008924007415771484
puma32H,1.0,100,1.0,0.53,0.47,0.0009617805480957031
puma8NH,0.0,100,0.0,0.3,0.3,0.0
puma8NH,0.0,100,0.0,0.34,0.34,0.0
puma8NH,0.0,100,0.0,0.34,0.34,0.0
puma8NH,0.0,100,0.0,0.33,0.33,0.0009281635284423828
puma8NH,0.0,100,0.0,0.3,0.3,0.0019273757934570312
puma8NH,0.0,100,0.0,0.28,0.28,0.0
puma8NH,0.0,100,0.0,0.31,0.31,0.0
puma8NH,0.0,100,0.0,0.34,0.34,0.0
puma8NH,0.0,100,0.0,0.35,0.35,0.015574455261230469
puma8NH,0.0,100,0.0,0.31,0.31,0.0
puma8NH,0.05,100,0.05,0.38,0.33,0.0
puma8NH,0.05,100,0.05,0.36,0.31,0.0
puma8NH,0.05,100,0.05,0.36,0.31,0.0011756420135498047
puma8NH,0.05,100,0.05,0.32,0.27,0.0
puma8NH,0.05,100,0.05,0.38,0.33,0.0
puma8NH,0.05,100,0.05,0.35,0.3,0.015697956085205078
puma8NH,0.05,100,0.05,0.38,0.33,0.0
puma8NH,0.05,100,0.05,0.35,0.3,0.0
puma8NH,0.05,100,0.05,0.3,0.25,0.0
puma8NH,0.05,100,0.05,0.34,0.29,0.0011572837829589844
puma8NH,0.11,100,0.11,0.34,0.23,0.0
puma8NH,0.11,100,0.11,0.35,0.24,0.0
puma8NH,0.11,100,0.11,0.4,0.29,0.0
puma8NH,0.11,100,0.11,0.36,0.25,0.0
puma8NH,0.11,100,0.11,0.36,0.25,0.0
puma8NH,0.11,100,0.11,0.42,0.31,0.0
puma8NH,0.11,100,0.11,0.37,0.26,0.0
puma8NH,0.11,100,0.11,0.37,0.26,0.004305601119995117
puma8NH,0.11,100,0.11,0.37,0.26,0.0
puma8NH,0.11,100,0.11,0.39,0.28,0.0
puma8NH,0.16,100,0.16,0.37,0.21,0.0
puma8NH,0.16,100,0.16,0.38,0.22,0.0
puma8NH,0.16,100,0.16,0.36,0.2,0.0
puma8NH,0.16,100,0.16,0.38,0.22,0.0
puma8NH,0.16,100,0.16,0.35,0.19,0.0
puma8NH,0.16,100,0.16,0.39,0.23,0.0
puma8NH,0.16,100,0.16,0.42,0.26,0.016439437866210938
puma8NH,0.16,100,0.16,0.36,0.2,0.0
puma8NH,0.16,100,0.16,0.38,0.22,0.0
puma8NH,0.16,100,0.16,0.35,0.19,0.0
puma8NH,0.21,100,0.21,0.41,0.2,0.0
puma8NH,0.21,100,0.21,0.39,0.18,0.0
puma8NH,0.21,100,0.21,0.39,0.18,0.015620708465576172
puma8NH,0.21,100,0.21,0.35,0.14,0.0
puma8NH,0.21,100,0.21,0.4,0.19,0.0011167526245117188
puma8NH,0.21,100,0.21,0.37,0.16,0.0
puma8NH,0.21,100,0.21,0.37,0.16,0.0
puma8NH,0.21,100,0.21,0.42,0.21,0.0
puma8NH,0.21,100,0.21,0.4,0.19,0.0
puma8NH,0.21,100,0.21,0.41,0.2,0.015079259872436523
puma8NH,0.26,100,0.26,0.4,0.14,0.0
puma8NH,0.26,100,0.26,0.41,0.15,0.0
puma8NH,0.26,100,0.26,0.48,0.22,0.0
puma8NH,0.26,100,0.26,0.43,0.17,0.0020012855529785156
puma8NH,0.26,100,0.26,0.43,0.17,0.0
puma8NH,0.26,100,0.26,0.43,0.17,0.0
puma8NH,0.26,100,0.26,0.38,0.12,0.0
puma8NH,0.26,100,0.26,0.42,0.16,0.0
puma8NH,0.26,100,0.26,0.42,0.16,0.0
puma8NH,0.26,100,0.26,0.42,0.16,0.0
puma8NH,0.32,100,0.32,0.48,0.16,0.0
puma8NH,0.32,100,0.32,0.44,0.12,0.015076637268066406
puma8NH,0.32,100,0.32,0.49,0.17,0.0
puma8NH,0.32,100,0.32,0.43,0.11,0.0
puma8NH,0.32,100,0.32,0.46,0.14,0.0
puma8NH,0.32,100,0.32,0.46,0.14,0.0
puma8NH,0.32,100,0.32,0.43,0.11,0.015626192092895508
puma8NH,0.32,100,0.32,0.45,0.13,0.0025815963745117188
puma8NH,0.32,100,0.32,0.44,0.12,0.002087116241455078
puma8NH,0.32,100,0.32,0.44,0.12,0.0
puma8NH,0.37,100,0.37,0.46,0.09,0.0
puma8NH,0.37,100,0.37,0.47,0.1,0.0
puma8NH,0.37,100,0.37,0.45,0.08,0.0
puma8NH,0.37,100,0.37,0.46,0.09,0.0
puma8NH,0.37,100,0.37,0.45,0.08,0.0
puma8NH,0.37,100,0.37,0.44,0.07,0.0
puma8NH,0.37,100,0.37,0.45,0.08,0.0
puma8NH,0.37,100,0.37,0.49,0.12,0.015627622604370117
puma8NH,0.37,100,0.37,0.46,0.09,0.0
puma8NH,0.37,100,0.37,0.48,0.11,0.0
puma8NH,0.42,100,0.42,0.49,0.07,0.0
puma8NH,0.42,100,0.42,0.48,0.06,0.0
puma8NH,0.42,100,0.42,0.46,0.04,0.0
puma8NH,0.42,100,0.42,0.44,0.02,0.0
puma8NH,0.42,100,0.42,0.47,0.05,0.0
puma8NH,0.42,100,0.42,0.5,0.08,0.010087728500366211
puma8NH,0.42,100,0.42,0.45,0.03,0.0
puma8NH,0.42,100,0.42,0.51,0.09,0.0
puma8NH,0.42,100,0.42,0.47,0.05,0.0
puma8NH,0.42,100,0.42,0.48,0.06,0.0
puma8NH,0.47,100,0.47,0.47,0.0,0.0
puma8NH,0.47,100,0.47,0.51,0.04,0.0
puma8NH,0.47,100,0.47,0.49,0.02,0.0
puma8NH,0.47,100,0.47,0.52,0.05,0.0
puma8NH,0.47,100,0.47,0.52,0.05,0.0
puma8NH,0.47,100,0.47,0.52,0.05,0.001003265380859375
puma8NH,0.47,100,0.47,0.51,0.04,0.0
puma8NH,0.47,100,0.47,0.52,0.05,0.015076398849487305
puma8NH,0.47,100,0.47,0.52,0.05,0.0
puma8NH,0.47,100,0.47,0.5,0.03,0.01561737060546875
puma8NH,0.53,100,0.53,0.51,0.02,0.0
puma8NH,0.53,100,0.53,0.52,0.01,0.0
puma8NH,0.53,100,0.53,0.53,0.0,0.0
puma8NH,0.53,100,0.53,0.52,0.01,0.0
puma8NH,0.53,100,0.53,0.48,0.05,0.0
puma8NH,0.53,100,0.53,0.51,0.02,0.0
puma8NH,0.53,100,0.53,0.5,0.03,0.0
puma8NH,0.53,100,0.53,0.51,0.02,0.0
puma8NH,0.53,100,0.53,0.5,0.03,0.0
puma8NH,0.53,100,0.53,0.48,0.05,0.0
puma8NH,0.58,100,0.58,0.54,0.04,0.014086008071899414
puma8NH,0.58,100,0.58,0.57,0.01,0.0
puma8NH,0.58,100,0.58,0.5,0.08,0.0
puma8NH,0.58,100,0.58,0.55,0.03,0.0
puma8NH,0.58,100,0.58,0.51,0.07,0.0
puma8NH,0.58,100,0.58,0.54,0.04,0.0
puma8NH,0.58,100,0.58,0.5,0.08,0.0
puma8NH,0.58,100,0.58,0.51,0.07,0.0
puma8NH,0.58,100,0.58,0.5,0.08,0.0
puma8NH,0.58,100,0.58,0.47,0.11,0.0
puma8NH,0.63,100,0.63,0.54,0.09,0.0
puma8NH,0.63,100,0.63,0.54,0.09,0.0
puma8NH,0.63,100,0.63,0.58,0.05,0.0018291473388671875
puma8NH,0.63,100,0.63,0.57,0.06,0.0
puma8NH,0.63,100,0.63,0.54,0.09,0.0
puma8NH,0.63,100,0.63,0.53,0.1,0.0
puma8NH,0.63,100,0.63,0.53,0.1,0.0
puma8NH,0.63,100,0.63,0.55,0.08,0.0
puma8NH,0.63,100,0.63,0.57,0.06,0.0
puma8NH,0.63,100,0.63,0.53,0.1,0.0020246505737304688
puma8NH,0.68,100,0.68,0.59,0.09,0.0
puma8NH,0.68,100,0.68,0.57,0.11,0.015617609024047852
puma8NH,0.68,100,0.68,0.57,0.11,0.0
puma8NH,0.68,100,0.68,0.52,0.16,0.014583110809326172
puma8NH,0.68,100,0.68,0.52,0.16,0.0
puma8NH,0.68,100,0.68,0.52,0.16,0.0
puma8NH,0.68,100,0.68,0.56,0.12,0.0
puma8NH,0.68,100,0.68,0.53,0.15,0.0009891986846923828
puma8NH,0.68,100,0.68,0.58,0.1,0.0
puma8NH,0.68,100,0.68,0.56,0.12,0.0
puma8NH,0.74,100,0.74,0.6,0.14,0.0
puma8NH,0.74,100,0.74,0.59,0.15,0.014281988143920898
puma8NH,0.74,100,0.74,0.59,0.15,0.0
puma8NH,0.74,100,0.74,0.58,0.16,0.0
puma8NH,0.74,100,0.74,0.58,0.16,0.0
puma8NH,0.74,100,0.74,0.6,0.14,0.013009071350097656
puma8NH,0.74,100,0.74,0.58,0.16,0.0
puma8NH,0.74,100,0.74,0.61,0.13,0.0
puma8NH,0.74,100,0.74,0.58,0.16,0.006424903869628906
puma8NH,0.74,100,0.74,0.57,0.17,0.0010275840759277344
puma8NH,0.79,100,0.79,0.61,0.18,0.0
puma8NH,0.79,100,0.79,0.61,0.18,0.0
puma8NH,0.79,100,0.79,0.63,0.16,0.0020897388458251953
puma8NH,0.79,100,0.79,0.61,0.18,0.004587411880493164
puma8NH,0.79,100,0.79,0.58,0.21,0.0
puma8NH,0.79,100,0.79,0.62,0.17,0.0
puma8NH,0.79,100,0.79,0.63,0.16,0.0
puma8NH,0.79,100,0.79,0.61,0.18,0.0
puma8NH,0.79,100,0.79,0.58,0.21,0.0
puma8NH,0.79,100,0.79,0.62,0.17,0.0
puma8NH,0.84,100,0.84,0.58,0.26,0.0
puma8NH,0.84,100,0.84,0.67,0.17,0.009078741073608398
puma8NH,0.84,100,0.84,0.64,0.2,0.0
puma8NH,0.84,100,0.84,0.61,0.23,0.0
puma8NH,0.84,100,0.84,0.66,0.18,0.0
puma8NH,0.84,100,0.84,0.65,0.19,0.0
puma8NH,0.84,100,0.84,0.6,0.24,0.007084369659423828
puma8NH,0.84,100,0.84,0.62,0.22,0.0
puma8NH,0.84,100,0.84,0.65,0.19,0.0
puma8NH,0.84,100,0.84,0.62,0.22,0.0
puma8NH,0.89,100,0.89,0.64,0.25,0.0020906925201416016
puma8NH,0.89,100,0.89,0.6,0.29,0.0
puma8NH,0.89,100,0.89,0.63,0.26,0.0010004043579101562
puma8NH,0.89,100,0.89,0.62,0.27,0.001001119613647461
puma8NH,0.89,100,0.89,0.65,0.24,0.0
puma8NH,0.89,100,0.89,0.65,0.24,0.0
puma8NH,0.89,100,0.89,0.59,0.3,0.0
puma8NH,0.89,100,0.89,0.63,0.26,0.0
puma8NH,0.89,100,0.89,0.6,0.29,0.0
puma8NH,0.89,100,0.89,0.63,0.26,0.01571369171142578
puma8NH,0.95,100,0.95,0.65,0.3,0.015614032745361328
puma8NH,0.95,100,0.95,0.69,0.26,0.0
puma8NH,0.95,100,0.95,0.64,0.31,0.0
puma8NH,0.95,100,0.95,0.64,0.31,0.0
puma8NH,0.95,100,0.95,0.64,0.31,0.015625476837158203
puma8NH,0.95,100,0.95,0.63,0.32,0.0
puma8NH,0.95,100,0.95,0.65,0.3,0.0
puma8NH,0.95,100,0.95,0.67,0.28,0.0
puma8NH,0.95,100,0.95,0.67,0.28,0.0010006427764892578
puma8NH,0.95,100,0.95,0.68,0.27,0.0
puma8NH,1.0,100,1.0,0.68,0.32,0.0
puma8NH,1.0,100,1.0,0.69,0.31,0.0
puma8NH,1.0,100,1.0,0.68,0.32,0.00099945068359375
puma8NH,1.0,100,1.0,0.69,0.31,0.0009999275207519531
puma8NH,1.0,100,1.0,0.68,0.32,0.0
puma8NH,1.0,100,1.0,0.65,0.35,0.0
puma8NH,1.0,100,1.0,0.7,0.3,0.01563286781311035
puma8NH,1.0,100,1.0,0.65,0.35,0.0017616748809814453
puma8NH,1.0,100,1.0,0.65,0.35,0.0
puma8NH,1.0,100,1.0,0.7,0.3,0.0
quake,0.0,100,0.0,0.56,0.56,0.003032207489013672
quake,0.0,100,0.0,0.56,0.56,0.0
quake,0.0,100,0.0,0.56,0.56,0.0
quake,0.0,100,0.0,0.56,0.56,0.0
quake,0.0,100,0.0,0.56,0.56,0.0029649734497070312
quake,0.0,100,0.0,0.56,0.56,0.015630722045898438
quake,0.0,100,0.0,0.56,0.56,0.0
quake,0.0,100,0.0,0.55,0.55,0.0
quake,0.0,100,0.0,0.56,0.56,0.005086421966552734
quake,0.0,100,0.0,0.56,0.56,0.0
quake,0.05,100,0.05,0.56,0.51,0.0
quake,0.05,100,0.05,0.56,0.51,0.0
quake,0.05,100,0.05,0.56,0.51,0.016387462615966797
quake,0.05,100,0.05,0.55,0.5,0.0013394355773925781
quake,0.05,100,0.05,0.57,0.52,0.0
quake,0.05,100,0.05,0.56,0.51,0.0
quake,0.05,100,0.05,0.56,0.51,0.0011544227600097656
quake,0.05,100,0.05,0.56,0.51,0.00637364387512207
quake,0.05,100,0.05,0.56,0.51,0.001901388168334961
quake,0.05,100,0.05,0.56,0.51,0.0
quake,0.11,100,0.11,0.56,0.45,0.0
quake,0.11,100,0.11,0.56,0.45,0.0
quake,0.11,100,0.11,0.56,0.45,0.0010073184967041016
quake,0.11,100,0.11,0.57,0.46,0.0
quake,0.11,100,0.11,0.56,0.45,0.0
quake,0.11,100,0.11,0.56,0.45,0.0
quake,0.11,100,0.11,0.57,0.46,0.015616655349731445
quake,0.11,100,0.11,0.56,0.45,0.0
quake,0.11,100,0.11,0.55,0.44,0.015621662139892578
quake,0.11,100,0.11,0.56,0.45,0.0
quake,0.16,100,0.16,0.56,0.4,0.015622854232788086
quake,0.16,100,0.16,0.56,0.4,0.0
quake,0.16,100,0.16,0.56,0.4,0.0
quake,0.16,100,0.16,0.56,0.4,0.0
quake,0.16,100,0.16,0.57,0.41,0.0010867118835449219
quake,0.16,100,0.16,0.56,0.4,0.0
quake,0.16,100,0.16,0.56,0.4,0.0
quake,0.16,100,0.16,0.56,0.4,0.0
quake,0.16,100,0.16,0.56,0.4,0.0
quake,0.16,100,0.16,0.56,0.4,0.0
quake,0.21,100,0.21,0.56,0.35,0.0013089179992675781
quake,0.21,100,0.21,0.56,0.35,0.0
quake,0.21,100,0.21,0.56,0.35,0.0
quake,0.21,100,0.21,0.56,0.35,0.0
quake,0.21,100,0.21,0.56,0.35,0.01570892333984375
quake,0.21,100,0.21,0.56,0.35,0.0
quake,0.21,100,0.21,0.57,0.36,0.0
quake,0.21,100,0.21,0.56,0.35,0.0
quake,0.21,100,0.21,0.56,0.35,0.0009341239929199219
quake,0.21,100,0.21,0.56,0.35,0.0
quake,0.26,100,0.26,0.56,0.3,0.0
quake,0.26,100,0.26,0.56,0.3,0.0
quake,0.26,100,0.26,0.57,0.31,0.0
quake,0.26,100,0.26,0.56,0.3,0.0
quake,0.26,100,0.26,0.56,0.3,0.0
quake,0.26,100,0.26,0.56,0.3,0.0
quake,0.26,100,0.26,0.56,0.3,0.0
quake,0.26,100,0.26,0.56,0.3,0.0
quake,0.26,100,0.26,0.56,0.3,0.0
quake,0.26,100,0.26,0.55,0.29,0.0
quake,0.32,100,0.32,0.56,0.24,0.0002067089080810547
quake,0.32,100,0.32,0.56,0.24,0.001458883285522461
quake,0.32,100,0.32,0.57,0.25,0.0
quake,0.32,100,0.32,0.56,0.24,0.0
quake,0.32,100,0.32,0.56,0.24,0.0
quake,0.32,100,0.32,0.56,0.24,0.0
quake,0.32,100,0.32,0.56,0.24,0.0
quake,0.32,100,0.32,0.56,0.24,0.0
quake,0.32,100,0.32,0.56,0.24,0.0
quake,0.32,100,0.32,0.56,0.24,0.001064300537109375
quake,0.37,100,0.37,0.56,0.19,0.0
quake,0.37,100,0.37,0.56,0.19,0.0
quake,0.37,100,0.37,0.56,0.19,0.0
quake,0.37,100,0.37,0.56,0.19,0.0010356903076171875
quake,0.37,100,0.37,0.56,0.19,0.00493168830871582
quake,0.37,100,0.37,0.56,0.19,0.0
quake,0.37,100,0.37,0.56,0.19,0.0
quake,0.37,100,0.37,0.56,0.19,0.0008883476257324219
quake,0.37,100,0.37,0.56,0.19,0.00099945068359375
quake,0.37,100,0.37,0.56,0.19,0.0
quake,0.42,100,0.42,0.56,0.14,0.0
quake,0.42,100,0.42,0.56,0.14,0.0
quake,0.42,100,0.42,0.56,0.14,0.015636444091796875
quake,0.42,100,0.42,0.56,0.14,0.0
quake,0.42,100,0.42,0.56,0.14,0.0
quake,0.42,100,0.42,0.56,0.14,0.01562190055847168
quake,0.42,100,0.42,0.56,0.14,0.0
quake,0.42,100,0.42,0.56,0.14,0.0
quake,0.42,100,0.42,0.56,0.14,0.0
quake,0.42,100,0.42,0.56,0.14,0.0
quake,0.47,100,0.47,0.56,0.09,0.005233287811279297
quake,0.47,100,0.47,0.56,0.09,0.0
quake,0.47,100,0.47,0.56,0.09,0.0017011165618896484
quake,0.47,100,0.47,0.56,0.09,0.002000570297241211
quake,0.47,100,0.47,0.56,0.09,0.0020003318786621094
quake,0.47,100,0.47,0.56,0.09,0.0
quake,0.47,100,0.47,0.56,0.09,0.009009838104248047
quake,0.47,100,0.47,0.55,0.08,0.0
quake,0.47,100,0.47,0.56,0.09,0.0
quake,0.47,100,0.47,0.56,0.09,0.0
quake,0.53,100,0.53,0.56,0.03,0.0
quake,0.53,100,0.53,0.56,0.03,0.0
quake,0.53,100,0.53,0.56,0.03,0.0
quake,0.53,100,0.53,0.56,0.03,0.0
quake,0.53,100,0.53,0.56,0.03,0.0
quake,0.53,100,0.53,0.57,0.04,0.0
quake,0.53,100,0.53,0.56,0.03,0.0
quake,0.53,100,0.53,0.57,0.04,0.0
quake,0.53,100,0.53,0.56,0.03,0.0
quake,0.53,100,0.53,0.56,0.03,0.0
quake,0.58,100,0.58,0.56,0.02,0.0
quake,0.58,100,0.58,0.56,0.02,0.0
quake,0.58,100,0.58,0.56,0.02,0.0
quake,0.58,100,0.58,0.57,0.01,0.0
quake,0.58,100,0.58,0.56,0.02,0.0
quake,0.58,100,0.58,0.56,0.02,0.0
quake,0.58,100,0.58,0.56,0.02,0.0
quake,0.58,100,0.58,0.56,0.02,0.0
quake,0.58,100,0.58,0.56,0.02,0.0
quake,0.58,100,0.58,0.55,0.03,0.0
quake,0.63,100,0.63,0.56,0.07,0.0
quake,0.63,100,0.63,0.56,0.07,0.0
quake,0.63,100,0.63,0.56,0.07,0.0
quake,0.63,100,0.63,0.56,0.07,0.0018241405487060547
quake,0.63,100,0.63,0.56,0.07,0.005269765853881836
quake,0.63,100,0.63,0.56,0.07,0.002001523971557617
quake,0.63,100,0.63,0.56,0.07,0.0
quake,0.63,100,0.63,0.56,0.07,0.0
quake,0.63,100,0.63,0.56,0.07,0.0
quake,0.63,100,0.63,0.56,0.07,0.0
quake,0.68,100,0.68,0.56,0.12,0.0
quake,0.68,100,0.68,0.56,0.12,0.0
quake,0.68,100,0.68,0.56,0.12,0.0
quake,0.68,100,0.68,0.56,0.12,0.015635013580322266
quake,0.68,100,0.68,0.57,0.11,0.002237081527709961
quake,0.68,100,0.68,0.56,0.12,0.0
quake,0.68,100,0.68,0.56,0.12,0.0
quake,0.68,100,0.68,0.56,0.12,0.0
quake,0.68,100,0.68,0.56,0.12,0.0
quake,0.68,100,0.68,0.56,0.12,0.0
quake,0.74,100,0.74,0.56,0.18,0.0
quake,0.74,100,0.74,0.56,0.18,0.0
quake,0.74,100,0.74,0.56,0.18,0.0
quake,0.74,100,0.74,0.56,0.18,0.0
quake,0.74,100,0.74,0.56,0.18,0.01562047004699707
quake,0.74,100,0.74,0.56,0.18,0.0
quake,0.74,100,0.74,0.56,0.18,0.0010247230529785156
quake,0.74,100,0.74,0.56,0.18,0.0
quake,0.74,100,0.74,0.57,0.17,0.0
quake,0.74,100,0.74,0.56,0.18,0.0
quake,0.79,100,0.79,0.57,0.22,0.0
quake,0.79,100,0.79,0.56,0.23,0.0
quake,0.79,100,0.79,0.56,0.23,0.0
quake,0.79,100,0.79,0.56,0.23,0.0
quake,0.79,100,0.79,0.56,0.23,0.0006859302520751953
quake,0.79,100,0.79,0.56,0.23,0.0
quake,0.79,100,0.79,0.56,0.23,0.0
quake,0.79,100,0.79,0.56,0.23,0.0
quake,0.79,100,0.79,0.56,0.23,0.0
quake,0.79,100,0.79,0.56,0.23,0.0
quake,0.84,100,0.84,0.57,0.27,0.0
quake,0.84,100,0.84,0.56,0.28,0.0
quake,0.84,100,0.84,0.56,0.28,0.0
quake,0.84,100,0.84,0.57,0.27,0.016256093978881836
quake,0.84,100,0.84,0.57,0.27,0.0
quake,0.84,100,0.84,0.56,0.28,0.0
quake,0.84,100,0.84,0.56,0.28,0.01308441162109375
quake,0.84,100,0.84,0.57,0.27,0.0
quake,0.84,100,0.84,0.57,0.27,0.0
quake,0.84,100,0.84,0.56,0.28,0.0
quake,0.89,100,0.89,0.56,0.33,0.0
quake,0.89,100,0.89,0.56,0.33,0.0
quake,0.89,100,0.89,0.56,0.33,0.0
quake,0.89,100,0.89,0.56,0.33,0.0
quake,0.89,100,0.89,0.56,0.33,0.0
quake,0.89,100,0.89,0.56,0.33,0.0
quake,0.89,100,0.89,0.56,0.33,0.0
quake,0.89,100,0.89,0.56,0.33,0.0
quake,0.89,100,0.89,0.56,0.33,0.0
quake,0.89,100,0.89,0.56,0.33,0.0
quake,0.95,100,0.95,0.56,0.39,0.0011119842529296875
quake,0.95,100,0.95,0.56,0.39,0.0
quake,0.95,100,0.95,0.56,0.39,0.0
quake,0.95,100,0.95,0.56,0.39,0.0
quake,0.95,100,0.95,0.56,0.39,0.0
quake,0.95,100,0.95,0.56,0.39,0.0
quake,0.95,100,0.95,0.56,0.39,0.0
quake,0.95,100,0.95,0.56,0.39,0.0
quake,0.95,100,0.95,0.56,0.39,0.002000093460083008
quake,0.95,100,0.95,0.56,0.39,0.0
quake,1.0,100,1.0,0.56,0.44,0.001102447509765625
quake,1.0,100,1.0,0.56,0.44,0.0
quake,1.0,100,1.0,0.56,0.44,0.0
quake,1.0,100,1.0,0.56,0.44,0.0
quake,1.0,100,1.0,0.56,0.44,0.0
quake,1.0,100,1.0,0.56,0.44,0.0
quake,1.0,100,1.0,0.56,0.44,0.0
quake,1.0,100,1.0,0.56,0.44,0.0
quake,1.0,100,1.0,0.56,0.44,0.0
quake,1.0,100,1.0,0.56,0.44,0.001554727554321289
space_ga,0.0,100,0.0,0.23,0.23,0.0
space_ga,0.0,100,0.0,0.23,0.23,0.0
space_ga,0.0,100,0.0,0.2,0.2,0.00808405876159668
space_ga,0.0,100,0.0,0.18,0.18,0.0009925365447998047
space_ga,0.0,100,0.0,0.2,0.2,0.009508371353149414
space_ga,0.0,100,0.0,0.22,0.22,0.0
space_ga,0.0,100,0.0,0.21,0.21,0.015697956085205078
space_ga,0.0,100,0.0,0.23,0.23,0.0
space_ga,0.0,100,0.0,0.22,0.22,0.00496673583984375
space_ga,0.0,100,0.0,0.24,0.24,0.0
space_ga,0.05,100,0.05,0.25,0.2,0.0
space_ga,0.05,100,0.05,0.29,0.24,0.0
space_ga,0.05,100,0.05,0.23,0.18,0.0
space_ga,0.05,100,0.05,0.26,0.21,0.0
space_ga,0.05,100,0.05,0.24,0.19,0.015659570693969727
space_ga,0.05,100,0.05,0.26,0.21,0.0025146007537841797
space_ga,0.05,100,0.05,0.27,0.22,0.0
space_ga,0.05,100,0.05,0.28,0.23,0.0
space_ga,0.05,100,0.05,0.28,0.23,0.0
space_ga,0.05,100,0.05,0.28,0.23,0.0
space_ga,0.11,100,0.11,0.28,0.17,0.0
space_ga,0.11,100,0.11,0.31,0.2,0.0
space_ga,0.11,100,0.11,0.3,0.19,0.0
space_ga,0.11,100,0.11,0.28,0.17,0.0
space_ga,0.11,100,0.11,0.28,0.17,0.015610694885253906
space_ga,0.11,100,0.11,0.26,0.15,0.006471872329711914
space_ga,0.11,100,0.11,0.3,0.19,0.0
space_ga,0.11,100,0.11,0.27,0.16,0.0
space_ga,0.11,100,0.11,0.28,0.17,0.0
space_ga,0.11,100,0.11,0.27,0.16,0.0
space_ga,0.16,100,0.16,0.29,0.13,0.0
space_ga,0.16,100,0.16,0.29,0.13,0.0
space_ga,0.16,100,0.16,0.31,0.15,0.0
space_ga,0.16,100,0.16,0.33,0.17,0.0
space_ga,0.16,100,0.16,0.33,0.17,0.0
space_ga,0.16,100,0.16,0.27,0.11,0.0
space_ga,0.16,100,0.16,0.32,0.16,0.0
space_ga,0.16,100,0.16,0.29,0.13,0.0009860992431640625
space_ga,0.16,100,0.16,0.31,0.15,0.0
space_ga,0.16,100,0.16,0.34,0.18,0.0
space_ga,0.21,100,0.21,0.32,0.11,0.0010879039764404297
space_ga,0.21,100,0.21,0.33,0.12,0.0
space_ga,0.21,100,0.21,0.33,0.12,0.0
space_ga,0.21,100,0.21,0.34,0.13,0.010089874267578125
space_ga,0.21,100,0.21,0.33,0.12,0.015079736709594727
space_ga,0.21,100,0.21,0.33,0.12,0.0
space_ga,0.21,100,0.21,0.36,0.15,0.0
space_ga,0.21,100,0.21,0.35,0.14,0.0
space_ga,0.21,100,0.21,0.31,0.1,0.0
space_ga,0.21,100,0.21,0.33,0.12,0.015084505081176758
space_ga,0.26,100,0.26,0.38,0.12,0.0
space_ga,0.26,100,0.26,0.4,0.14,0.0013148784637451172
space_ga,0.26,100,0.26,0.35,0.09,0.0
space_ga,0.26,100,0.26,0.34,0.08,0.0
space_ga,0.26,100,0.26,0.39,0.13,0.0
space_ga,0.26,100,0.26,0.38,0.12,0.0
space_ga,0.26,100,0.26,0.38,0.12,0.0
space_ga,0.26,100,0.26,0.36,0.1,0.0
space_ga,0.26,100,0.26,0.37,0.11,0.0
space_ga,0.26,100,0.26,0.4,0.14,0.0
space_ga,0.32,100,0.32,0.4,0.08,0.0
space_ga,0.32,100,0.32,0.36,0.04,0.0
space_ga,0.32,100,0.32,0.42,0.1,0.0
space_ga,0.32,100,0.32,0.36,0.04,0.0
space_ga,0.32,100,0.32,0.38,0.06,0.0044291019439697266
space_ga,0.32,100,0.32,0.42,0.1,0.0
space_ga,0.32,100,0.32,0.34,0.02,0.0
space_ga,0.32,100,0.32,0.41,0.09,0.0006656646728515625
space_ga,0.32,100,0.32,0.38,0.06,0.0
space_ga,0.32,100,0.32,0.36,0.04,0.015627622604370117
space_ga,0.37,100,0.37,0.44,0.07,0.002046346664428711
space_ga,0.37,100,0.37,0.44,0.07,0.0
space_ga,0.37,100,0.37,0.4,0.03,0.0
space_ga,0.37,100,0.37,0.43,0.06,0.0
space_ga,0.37,100,0.37,0.41,0.04,0.0
space_ga,0.37,100,0.37,0.42,0.05,0.0
space_ga,0.37,100,0.37,0.4,0.03,0.001856088638305664
space_ga,0.37,100,0.37,0.41,0.04,0.0
space_ga,0.37,100,0.37,0.36,0.01,0.0
space_ga,0.37,100,0.37,0.39,0.02,0.0
space_ga,0.42,100,0.42,0.46,0.04,0.0
space_ga,0.42,100,0.42,0.48,0.06,0.0
space_ga,0.42,100,0.42,0.43,0.01,0.0
space_ga,0.42,100,0.42,0.45,0.03,0.0
space_ga,0.42,100,0.42,0.47,0.05,0.0
space_ga,0.42,100,0.42,0.49,0.07,0.0
space_ga,0.42,100,0.42,0.45,0.03,0.0
space_ga,0.42,100,0.42,0.47,0.05,0.0
space_ga,0.42,100,0.42,0.45,0.03,0.0
space_ga,0.42,100,0.42,0.43,0.01,0.0010001659393310547
space_ga,0.47,100,0.47,0.46,0.01,0.015620231628417969
space_ga,0.47,100,0.47,0.48,0.01,0.0
space_ga,0.47,100,0.47,0.48,0.01,0.0
space_ga,0.47,100,0.47,0.48,0.01,0.0
space_ga,0.47,100,0.47,0.48,0.01,0.0
space_ga,0.47,100,0.47,0.47,0.0,0.0
space_ga,0.47,100,0.47,0.49,0.02,0.0
space_ga,0.47,100,0.47,0.48,0.01,0.0
space_ga,0.47,100,0.47,0.47,0.0,0.0
space_ga,0.47,100,0.47,0.5,0.03,0.0
space_ga,0.53,100,0.53,0.5,0.03,0.0
space_ga,0.53,100,0.53,0.48,0.05,0.0
space_ga,0.53,100,0.53,0.48,0.05,0.0
space_ga,0.53,100,0.53,0.5,0.03,0.0
space_ga,0.53,100,0.53,0.47,0.06,0.0
space_ga,0.53,100,0.53,0.52,0.01,0.0
space_ga,0.53,100,0.53,0.51,0.02,0.0
space_ga,0.53,100,0.53,0.5,0.03,0.0
space_ga,0.53,100,0.53,0.5,0.03,0.0
space_ga,0.53,100,0.53,0.49,0.04,0.0
space_ga,0.58,100,0.58,0.52,0.06,0.0
space_ga,0.58,100,0.58,0.52,0.06,0.0
space_ga,0.58,100,0.58,0.51,0.07,0.0
space_ga,0.58,100,0.58,0.51,0.07,0.0
space_ga,0.58,100,0.58,0.52,0.06,0.0
space_ga,0.58,100,0.58,0.54,0.04,0.0
space_ga,0.58,100,0.58,0.51,0.07,0.0
space_ga,0.58,100,0.58,0.51,0.07,0.0
space_ga,0.58,100,0.58,0.56,0.02,0.0
space_ga,0.58,100,0.58,0.54,0.04,0.015616416931152344
space_ga,0.63,100,0.63,0.55,0.08,0.0
space_ga,0.63,100,0.63,0.57,0.06,0.0
space_ga,0.63,100,0.63,0.55,0.08,0.0
space_ga,0.63,100,0.63,0.55,0.08,0.0
space_ga,0.63,100,0.63,0.51,0.12,0.0
space_ga,0.63,100,0.63,0.54,0.09,0.0
space_ga,0.63,100,0.63,0.57,0.06,0.0
space_ga,0.63,100,0.63,0.59,0.04,0.0
space_ga,0.63,100,0.63,0.56,0.07,0.0
space_ga,0.63,100,0.63,0.52,0.11,0.0
space_ga,0.68,100,0.68,0.54,0.14,0.0010061264038085938
space_ga,0.68,100,0.68,0.53,0.15,0.0
space_ga,0.68,100,0.68,0.58,0.1,0.0
space_ga,0.68,100,0.68,0.6,0.08,0.0
space_ga,0.68,100,0.68,0.56,0.12,0.0
space_ga,0.68,100,0.68,0.59,0.09,0.0
space_ga,0.68,100,0.68,0.63,0.05,0.005606651306152344
space_ga,0.68,100,0.68,0.59,0.09,0.0
space_ga,0.68,100,0.68,0.55,0.13,0.0
space_ga,0.68,100,0.68,0.58,0.1,0.0
space_ga,0.74,100,0.74,0.6,0.14,0.009091377258300781
space_ga,0.74,100,0.74,0.63,0.11,0.0
space_ga,0.74,100,0.74,0.63,0.11,0.0
space_ga,0.74,100,0.74,0.6,0.14,0.0
space_ga,0.74,100,0.74,0.58,0.16,0.0011241436004638672
space_ga,0.74,100,0.74,0.58,0.16,0.0
space_ga,0.74,100,0.74,0.56,0.18,0.0
space_ga,0.74,100,0.74,0.58,0.16,0.0
space_ga,0.74,100,0.74,0.61,0.13,0.0
space_ga,0.74,100,0.74,0.64,0.1,0.0
space_ga,0.79,100,0.79,0.62,0.17,0.0009925365447998047
space_ga,0.79,100,0.79,0.65,0.14,0.015623331069946289
space_ga,0.79,100,0.79,0.6,0.19,0.0
space_ga,0.79,100,0.79,0.65,0.14,0.0
space_ga,0.79,100,0.79,0.65,0.14,0.0
space_ga,0.79,100,0.79,0.63,0.16,0.0
space_ga,0.79,100,0.79,0.64,0.15,0.0
space_ga,0.79,100,0.79,0.64,0.15,0.0010838508605957031
space_ga,0.79,100,0.79,0.63,0.16,0.0010385513305664062
space_ga,0.79,100,0.79,0.67,0.12,0.0020041465759277344
space_ga,0.84,100,0.84,0.69,0.15,0.0
space_ga,0.84,100,0.84,0.64,0.2,0.0
space_ga,0.84,100,0.84,0.68,0.16,0.0
space_ga,0.84,100,0.84,0.63,0.21,0.0009212493896484375
space_ga,0.84,100,0.84,0.72,0.12,0.0010952949523925781
space_ga,0.84,100,0.84,0.7,0.14,0.0
space_ga,0.84,100,0.84,0.7,0.14,0.0
space_ga,0.84,100,0.84,0.66,0.18,0.0
space_ga,0.84,100,0.84,0.68,0.16,0.0
space_ga,0.84,100,0.84,0.65,0.19,0.0013051033020019531
space_ga,0.89,100,0.89,0.68,0.21,0.0
space_ga,0.89,100,0.89,0.69,0.2,0.0
space_ga,0.89,100,0.89,0.68,0.21,0.0
space_ga,0.89,100,0.89,0.66,0.23,0.0013031959533691406
space_ga,0.89,100,0.89,0.73,0.16,0.0
space_ga,0.89,100,0.89,0.67,0.22,0.0157012939453125
space_ga,0.89,100,0.89,0.69,0.2,0.0
space_ga,0.89,100,0.89,0.68,0.21,0.0
space_ga,0.89,100,0.89,0.7,0.19,0.0
space_ga,0.89,100,0.89,0.7,0.19,0.0
space_ga,0.95,100,0.95,0.68,0.27,0.0
space_ga,0.95,100,0.95,0.71,0.24,0.0
space_ga,0.95,100,0.95,0.71,0.24,0.0
space_ga,0.95,100,0.95,0.77,0.18,0.0
space_ga,0.95,100,0.95,0.68,0.27,0.0
space_ga,0.95,100,0.95,0.71,0.24,0.0
space_ga,0.95,100,0.95,0.76,0.19,0.0
space_ga,0.95,100,0.95,0.72,0.23,0.0
space_ga,0.95,100,0.95,0.72,0.23,0.0020821094512939453
space_ga,0.95,100,0.95,0.7,0.25,0.0
space_ga,1.0,100,1.0,0.78,0.22,0.015083551406860352
space_ga,1.0,100,1.0,0.77,0.23,0.0
space_ga,1.0,100,1.0,0.73,0.27,0.0008864402770996094
space_ga,1.0,100,1.0,0.73,0.27,0.0
space_ga,1.0,100,1.0,0.73,0.27,0.0
space_ga,1.0,100,1.0,0.73,0.27,0.0
space_ga,1.0,100,1.0,0.78,0.22,0.0
space_ga,1.0,100,1.0,0.75,0.25,0.0007338523864746094
space_ga,1.0,100,1.0,0.72,0.28,0.0
space_ga,1.0,100,1.0,0.79,0.21,0.0
sylva_prior,0.0,100,0.0,0.01,0.01,0.0019609928131103516
sylva_prior,0.0,100,0.0,0.0,0.0,0.0
sylva_prior,0.0,100,0.0,0.0,0.0,0.0
sylva_prior,0.0,100,0.0,0.01,0.01,0.0
sylva_prior,0.0,100,0.0,0.0,0.0,0.0023102760314941406
sylva_prior,0.0,100,0.0,0.0,0.0,0.0
sylva_prior,0.0,100,0.0,0.0,0.0,0.0
sylva_prior,0.0,100,0.0,0.0,0.0,0.0
sylva_prior,0.0,100,0.0,0.0,0.0,0.0
sylva_prior,0.0,100,0.0,0.0,0.0,0.0008721351623535156
sylva_prior,0.05,100,0.05,0.06,0.01,0.016368389129638672
sylva_prior,0.05,100,0.05,0.05,0.0,0.0
sylva_prior,0.05,100,0.05,0.04,0.01,0.0
sylva_prior,0.05,100,0.05,0.07,0.02,0.0
sylva_prior,0.05,100,0.05,0.05,0.0,0.01569819450378418
sylva_prior,0.05,100,0.05,0.05,0.0,0.0
sylva_prior,0.05,100,0.05,0.05,0.0,0.005265712738037109
sylva_prior,0.05,100,0.05,0.06,0.01,0.0
sylva_prior,0.05,100,0.05,0.06,0.01,0.0
sylva_prior,0.05,100,0.05,0.05,0.0,0.015622854232788086
sylva_prior,0.11,100,0.11,0.11,0.0,0.0
sylva_prior,0.11,100,0.11,0.12,0.01,0.0
sylva_prior,0.11,100,0.11,0.1,0.01,0.0
sylva_prior,0.11,100,0.11,0.1,0.01,0.006458282470703125
sylva_prior,0.11,100,0.11,0.09,0.02,0.0
sylva_prior,0.11,100,0.11,0.1,0.01,0.0
sylva_prior,0.11,100,0.11,0.11,0.0,0.0
sylva_prior,0.11,100,0.11,0.1,0.01,0.01571822166442871
sylva_prior,0.11,100,0.11,0.11,0.0,0.0
sylva_prior,0.11,100,0.11,0.12,0.01,0.015630722045898438
sylva_prior,0.16,100,0.16,0.14,0.02,0.0
sylva_prior,0.16,100,0.16,0.15,0.01,0.0
sylva_prior,0.16,100,0.16,0.14,0.02,0.0
sylva_prior,0.16,100,0.16,0.14,0.02,0.015616416931152344
sylva_prior,0.16,100,0.16,0.15,0.01,0.0
sylva_prior,0.16,100,0.16,0.15,0.01,0.0
sylva_prior,0.16,100,0.16,0.15,0.01,0.0
sylva_prior,0.16,100,0.16,0.16,0.0,0.0020825862884521484
sylva_prior,0.16,100,0.16,0.15,0.01,0.0
sylva_prior,0.16,100,0.16,0.16,0.0,0.0
sylva_prior,0.21,100,0.21,0.19,0.02,0.0
sylva_prior,0.21,100,0.21,0.2,0.01,0.0
sylva_prior,0.21,100,0.21,0.18,0.03,0.0
sylva_prior,0.21,100,0.21,0.2,0.01,0.0
sylva_prior,0.21,100,0.21,0.19,0.02,0.0
sylva_prior,0.21,100,0.21,0.19,0.02,0.0020723342895507812
sylva_prior,0.21,100,0.21,0.2,0.01,0.0
sylva_prior,0.21,100,0.21,0.19,0.02,0.0
sylva_prior,0.21,100,0.21,0.18,0.03,0.0
sylva_prior,0.21,100,0.21,0.18,0.03,0.0
sylva_prior,0.26,100,0.26,0.24,0.02,0.0020067691802978516
sylva_prior,0.26,100,0.26,0.23,0.03,0.0
sylva_prior,0.26,100,0.26,0.24,0.02,0.002287149429321289
sylva_prior,0.26,100,0.26,0.24,0.02,0.002080678939819336
sylva_prior,0.26,100,0.26,0.24,0.02,0.002055644989013672
sylva_prior,0.26,100,0.26,0.24,0.02,0.002285480499267578
sylva_prior,0.26,100,0.26,0.25,0.01,0.0019974708557128906
sylva_prior,0.26,100,0.26,0.23,0.03,0.0019996166229248047
sylva_prior,0.26,100,0.26,0.25,0.01,0.0022668838500976562
sylva_prior,0.26,100,0.26,0.24,0.02,0.002064228057861328
sylva_prior,0.32,100,0.32,0.28,0.04,0.002000570297241211
sylva_prior,0.32,100,0.32,0.3,0.02,0.001993894577026367
sylva_prior,0.32,100,0.32,0.28,0.04,0.002146482467651367
sylva_prior,0.32,100,0.32,0.3,0.02,0.002142190933227539
sylva_prior,0.32,100,0.32,0.31,0.01,0.003998517990112305
sylva_prior,0.32,100,0.32,0.29,0.03,0.0019140243530273438
sylva_prior,0.32,100,0.32,0.3,0.02,0.0022318363189697266
sylva_prior,0.32,100,0.32,0.27,0.05,0.002055644989013672
sylva_prior,0.32,100,0.32,0.3,0.02,0.0030002593994140625
sylva_prior,0.32,100,0.32,0.29,0.03,0.0
sylva_prior,0.37,100,0.37,0.34,0.03,0.0
sylva_prior,0.37,100,0.37,0.34,0.03,0.0
sylva_prior,0.37,100,0.37,0.35,0.02,0.0021369457244873047
sylva_prior,0.37,100,0.37,0.35,0.02,0.0
sylva_prior,0.37,100,0.37,0.34,0.03,0.0
sylva_prior,0.37,100,0.37,0.34,0.03,0.0011174678802490234
sylva_prior,0.37,100,0.37,0.34,0.03,0.0
sylva_prior,0.37,100,0.37,0.33,0.04,0.0156252384185791
sylva_prior,0.37,100,0.37,0.35,0.02,0.0
sylva_prior,0.37,100,0.37,0.34,0.03,0.015620231628417969
sylva_prior,0.42,100,0.42,0.38,0.04,0.003515481948852539
sylva_prior,0.42,100,0.42,0.37,0.05,0.0
sylva_prior,0.42,100,0.42,0.4,0.02,0.002093076705932617
sylva_prior,0.42,100,0.42,0.39,0.03,0.0
sylva_prior,0.42,100,0.42,0.36,0.06,0.0020067691802978516
sylva_prior,0.42,100,0.42,0.39,0.03,0.0
sylva_prior,0.42,100,0.42,0.39,0.03,0.0
sylva_prior,0.42,100,0.42,0.38,0.04,0.0
sylva_prior,0.42,100,0.42,0.37,0.05,0.0
sylva_prior,0.42,100,0.42,0.39,0.03,0.0
sylva_prior,0.47,100,0.47,0.43,0.04,0.0002579689025878906
sylva_prior,0.47,100,0.47,0.44,0.03,0.0
sylva_prior,0.47,100,0.47,0.42,0.05,0.0020084381103515625
sylva_prior,0.47,100,0.47,0.44,0.03,0.0
sylva_prior,0.47,100,0.47,0.41,0.06,0.0
sylva_prior,0.47,100,0.47,0.43,0.04,0.0
sylva_prior,0.47,100,0.47,0.43,0.04,0.0
sylva_prior,0.47,100,0.47,0.42,0.05,0.0
sylva_prior,0.47,100,0.47,0.42,0.05,0.0023908615112304688
sylva_prior,0.47,100,0.47,0.41,0.06,0.0
sylva_prior,0.53,100,0.53,0.49,0.04,0.0
sylva_prior,0.53,100,0.53,0.46,0.07,0.0
sylva_prior,0.53,100,0.53,0.47,0.06,0.0009713172912597656
sylva_prior,0.53,100,0.53,0.47,0.06,0.015709638595581055
sylva_prior,0.53,100,0.53,0.48,0.05,0.0
sylva_prior,0.53,100,0.53,0.49,0.04,0.0
sylva_prior,0.53,100,0.53,0.47,0.06,0.0
sylva_prior,0.53,100,0.53,0.5,0.03,0.0
sylva_prior,0.53,100,0.53,0.49,0.04,0.0
sylva_prior,0.53,100,0.53,0.47,0.06,0.015625953674316406
sylva_prior,0.58,100,0.58,0.53,0.05,0.0021126270294189453
sylva_prior,0.58,100,0.58,0.52,0.06,0.0
sylva_prior,0.58,100,0.58,0.55,0.03,0.0
sylva_prior,0.58,100,0.58,0.54,0.04,0.01569962501525879
sylva_prior,0.58,100,0.58,0.53,0.05,0.0
sylva_prior,0.58,100,0.58,0.52,0.06,0.0
sylva_prior,0.58,100,0.58,0.53,0.05,0.0
sylva_prior,0.58,100,0.58,0.5,0.08,0.0
sylva_prior,0.58,100,0.58,0.54,0.04,0.0
sylva_prior,0.58,100,0.58,0.52,0.06,0.0
sylva_prior,0.63,100,0.63,0.58,0.05,0.017206192016601562
sylva_prior,0.63,100,0.63,0.56,0.07,0.0
sylva_prior,0.63,100,0.63,0.57,0.06,0.0
sylva_prior,0.63,100,0.63,0.55,0.08,0.0
sylva_prior,0.63,100,0.63,0.59,0.04,0.002007722854614258
sylva_prior,0.63,100,0.63,0.57,0.06,0.0
sylva_prior,0.63,100,0.63,0.58,0.05,0.0
sylva_prior,0.63,100,0.63,0.57,0.06,0.006140232086181641
sylva_prior,0.63,100,0.63,0.57,0.06,0.0
sylva_prior,0.63,100,0.63,0.58,0.05,0.0
sylva_prior,0.68,100,0.68,0.62,0.06,0.001997709274291992
sylva_prior,0.68,100,0.68,0.62,0.06,0.0020012855529785156
sylva_prior,0.68,100,0.68,0.64,0.04,0.0
sylva_prior,0.68,100,0.68,0.61,0.07,0.0
sylva_prior,0.68,100,0.68,0.6,0.08,0.0
sylva_prior,0.68,100,0.68,0.6,0.08,0.01507878303527832
sylva_prior,0.68,100,0.68,0.61,0.07,0.0
sylva_prior,0.68,100,0.68,0.63,0.05,0.0
sylva_prior,0.68,100,0.68,0.62,0.06,0.006890535354614258
sylva_prior,0.68,100,0.68,0.62,0.06,0.0
sylva_prior,0.74,100,0.74,0.66,0.08,0.015720844268798828
sylva_prior,0.74,100,0.74,0.68,0.06,0.0
sylva_prior,0.74,100,0.74,0.67,0.07,0.0
sylva_prior,0.74,100,0.74,0.67,0.07,0.0
sylva_prior,0.74,100,0.74,0.67,0.07,0.0
sylva_prior,0.74,100,0.74,0.67,0.07,0.0
sylva_prior,0.74,100,0.74,0.67,0.07,0.0
sylva_prior,0.74,100,0.74,0.68,0.06,0.0
sylva_prior,0.74,100,0.74,0.69,0.05,0.0
sylva_prior,0.74,100,0.74,0.68,0.06,0.0
sylva_prior,0.79,100,0.79,0.7,0.09,0.0
sylva_prior,0.79,100,0.79,0.72,0.07,0.0
sylva_prior,0.79,100,0.79,0.72,0.07,0.0011565685272216797
sylva_prior,0.79,100,0.79,0.72,0.07,0.0
sylva_prior,0.79,100,0.79,0.7,0.09,0.002002239227294922
sylva_prior,0.79,100,0.79,0.72,0.07,0.0
sylva_prior,0.79,100,0.79,0.72,0.07,0.0
sylva_prior,0.79,100,0.79,0.71,0.08,0.0
sylva_prior,0.79,100,0.79,0.74,0.05,0.0
sylva_prior,0.79,100,0.79,0.72,0.07,0.0
sylva_prior,0.84,100,0.84,0.77,0.07,0.0
sylva_prior,0.84,100,0.84,0.77,0.07,0.0
sylva_prior,0.84,100,0.84,0.78,0.06,0.0
sylva_prior,0.84,100,0.84,0.76,0.08,0.0
sylva_prior,0.84,100,0.84,0.77,0.07,0.0
sylva_prior,0.84,100,0.84,0.75,0.09,0.0
sylva_prior,0.84,100,0.84,0.77,0.07,0.0
sylva_prior,0.84,100,0.84,0.79,0.05,0.0
sylva_prior,0.84,100,0.84,0.75,0.09,0.015711545944213867
sylva_prior,0.84,100,0.84,0.79,0.05,0.0
sylva_prior,0.89,100,0.89,0.8,0.09,0.0
sylva_prior,0.89,100,0.89,0.8,0.09,0.0
sylva_prior,0.89,100,0.89,0.8,0.09,0.0
sylva_prior,0.89,100,0.89,0.81,0.08,0.0020761489868164062
sylva_prior,0.89,100,0.89,0.81,0.08,0.001920461654663086
sylva_prior,0.89,100,0.89,0.83,0.06,0.0
sylva_prior,0.89,100,0.89,0.83,0.06,0.0
sylva_prior,0.89,100,0.89,0.79,0.1,0.0
sylva_prior,0.89,100,0.89,0.82,0.07,0.0
sylva_prior,0.89,100,0.89,0.8,0.09,0.015629291534423828
sylva_prior,0.95,100,0.95,0.85,0.1,0.0020356178283691406
sylva_prior,0.95,100,0.95,0.86,0.09,0.0
sylva_prior,0.95,100,0.95,0.85,0.1,0.0
sylva_prior,0.95,100,0.95,0.87,0.08,0.0
sylva_prior,0.95,100,0.95,0.85,0.1,0.015712976455688477
sylva_prior,0.95,100,0.95,0.86,0.09,0.0
sylva_prior,0.95,100,0.95,0.86,0.09,0.01570439338684082
sylva_prior,0.95,100,0.95,0.84,0.11,0.0008695125579833984
sylva_prior,0.95,100,0.95,0.85,0.1,0.0
sylva_prior,0.95,100,0.95,0.86,0.09,0.0
sylva_prior,1.0,100,1.0,0.91,0.09,0.0
sylva_prior,1.0,100,1.0,0.91,0.09,0.0020775794982910156
sylva_prior,1.0,100,1.0,0.9,0.1,0.015581369400024414
sylva_prior,1.0,100,1.0,0.91,0.09,0.0
sylva_prior,1.0,100,1.0,0.91,0.09,0.0
sylva_prior,1.0,100,1.0,0.89,0.11,0.0
sylva_prior,1.0,100,1.0,0.93,0.07,0.0
sylva_prior,1.0,100,1.0,0.9,0.1,0.0
sylva_prior,1.0,100,1.0,0.9,0.1,0.0
sylva_prior,1.0,100,1.0,0.92,0.08,0.0
visualizing_soil,0.0,100,0.0,0.02,0.02,0.0
visualizing_soil,0.0,100,0.0,0.02,0.02,0.0
visualizing_soil,0.0,100,0.0,0.03,0.03,0.0015459060668945312
visualizing_soil,0.0,100,0.0,0.02,0.02,0.01648426055908203
visualizing_soil,0.0,100,0.0,0.02,0.02,0.0
visualizing_soil,0.0,100,0.0,0.02,0.02,0.0
visualizing_soil,0.0,100,0.0,0.02,0.02,0.002667665481567383
visualizing_soil,0.0,100,0.0,0.01,0.01,0.0
visualizing_soil,0.0,100,0.0,0.02,0.02,0.0
visualizing_soil,0.0,100,0.0,0.03,0.03,0.015702009201049805
visualizing_soil,0.05,100,0.05,0.07,0.02,0.0
visualizing_soil,0.05,100,0.05,0.07,0.02,0.0
visualizing_soil,0.05,100,0.05,0.08,0.03,0.0
visualizing_soil,0.05,100,0.05,0.08,0.03,0.0
visualizing_soil,0.05,100,0.05,0.07,0.02,0.0
visualizing_soil,0.05,100,0.05,0.08,0.03,0.0
visualizing_soil,0.05,100,0.05,0.06,0.01,0.0
visualizing_soil,0.05,100,0.05,0.06,0.01,0.002400636672973633
visualizing_soil,0.05,100,0.05,0.07,0.02,0.0
visualizing_soil,0.05,100,0.05,0.06,0.01,0.0
visualizing_soil,0.11,100,0.11,0.12,0.01,0.0
visualizing_soil,0.11,100,0.11,0.14,0.03,0.0008575916290283203
visualizing_soil,0.11,100,0.11,0.13,0.02,0.0
visualizing_soil,0.11,100,0.11,0.12,0.01,0.0
visualizing_soil,0.11,100,0.11,0.13,0.02,0.0
visualizing_soil,0.11,100,0.11,0.13,0.02,0.005061626434326172
visualizing_soil,0.11,100,0.11,0.12,0.01,0.0
visualizing_soil,0.11,100,0.11,0.14,0.03,0.0
visualizing_soil,0.11,100,0.11,0.12,0.01,0.0017180442810058594
visualizing_soil,0.11,100,0.11,0.13,0.02,0.0
visualizing_soil,0.16,100,0.16,0.18,0.02,0.0
visualizing_soil,0.16,100,0.16,0.18,0.02,0.0
visualizing_soil,0.16,100,0.16,0.19,0.03,0.0
visualizing_soil,0.16,100,0.16,0.18,0.02,0.015629053115844727
visualizing_soil,0.16,100,0.16,0.19,0.03,0.0009853839874267578
visualizing_soil,0.16,100,0.16,0.17,0.01,0.0
visualizing_soil,0.16,100,0.16,0.19,0.03,0.0
visualizing_soil,0.16,100,0.16,0.18,0.02,0.01561737060546875
visualizing_soil,0.16,100,0.16,0.17,0.01,0.0
visualizing_soil,0.16,100,0.16,0.17,0.01,0.0
visualizing_soil,0.21,100,0.21,0.23,0.02,0.0
visualizing_soil,0.21,100,0.21,0.22,0.01,0.0
visualizing_soil,0.21,100,0.21,0.22,0.01,0.0
visualizing_soil,0.21,100,0.21,0.22,0.01,0.0
visualizing_soil,0.21,100,0.21,0.22,0.01,0.0
visualizing_soil,0.21,100,0.21,0.22,0.01,0.0
visualizing_soil,0.21,100,0.21,0.24,0.03,0.0
visualizing_soil,0.21,100,0.21,0.23,0.02,0.0
visualizing_soil,0.21,100,0.21,0.23,0.02,0.0
visualizing_soil,0.21,100,0.21,0.23,0.02,0.0
visualizing_soil,0.26,100,0.26,0.27,0.01,0.0
visualizing_soil,0.26,100,0.26,0.27,0.01,0.0
visualizing_soil,0.26,100,0.26,0.26,0.0,0.0
visualizing_soil,0.26,100,0.26,0.29,0.03,0.0
visualizing_soil,0.26,100,0.26,0.28,0.02,0.0
visualizing_soil,0.26,100,0.26,0.27,0.01,0.0
visualizing_soil,0.26,100,0.26,0.28,0.02,0.001016855239868164
visualizing_soil,0.26,100,0.26,0.29,0.03,0.0
visualizing_soil,0.26,100,0.26,0.27,0.01,0.0010151863098144531
visualizing_soil,0.26,100,0.26,0.28,0.02,0.0043680667877197266
visualizing_soil,0.32,100,0.32,0.32,0.0,0.001081228256225586
visualizing_soil,0.32,100,0.32,0.34,0.02,0.0
visualizing_soil,0.32,100,0.32,0.33,0.01,0.0
visualizing_soil,0.32,100,0.32,0.33,0.01,0.0
visualizing_soil,0.32,100,0.32,0.34,0.02,0.0
visualizing_soil,0.32,100,0.32,0.33,0.01,0.015713930130004883
visualizing_soil,0.32,100,0.32,0.33,0.01,0.0
visualizing_soil,0.32,100,0.32,0.33,0.01,0.0
visualizing_soil,0.32,100,0.32,0.33,0.01,0.0
visualizing_soil,0.32,100,0.32,0.33,0.01,0.0
visualizing_soil,0.37,100,0.37,0.37,0.0,0.002544879913330078
visualizing_soil,0.37,100,0.37,0.38,0.01,0.0008387565612792969
visualizing_soil,0.37,100,0.37,0.37,0.0,0.0
visualizing_soil,0.37,100,0.37,0.37,0.0,0.00413060188293457
visualizing_soil,0.37,100,0.37,0.37,0.0,0.0009851455688476562
visualizing_soil,0.37,100,0.37,0.37,0.0,0.0
visualizing_soil,0.37,100,0.37,0.36,0.01,0.015621185302734375
visualizing_soil,0.37,100,0.37,0.38,0.01,0.0
visualizing_soil,0.37,100,0.37,0.38,0.01,0.0
visualizing_soil,0.37,100,0.37,0.38,0.01,0.0
visualizing_soil,0.42,100,0.42,0.41,0.01,0.0
visualizing_soil,0.42,100,0.42,0.42,0.0,0.0
visualizing_soil,0.42,100,0.42,0.42,0.0,0.0
visualizing_soil,0.42,100,0.42,0.44,0.02,0.0
visualizing_soil,0.42,100,0.42,0.42,0.0,0.0
visualizing_soil,0.42,100,0.42,0.42,0.0,0.0
visualizing_soil,0.42,100,0.42,0.43,0.01,0.0
visualizing_soil,0.42,100,0.42,0.42,0.0,0.0008857250213623047
visualizing_soil,0.42,100,0.42,0.42,0.0,0.0014007091522216797
visualizing_soil,0.42,100,0.42,0.43,0.01,0.0
visualizing_soil,0.47,100,0.47,0.47,0.0,0.0
visualizing_soil,0.47,100,0.47,0.47,0.0,0.0
visualizing_soil,0.47,100,0.47,0.47,0.0,0.0
visualizing_soil,0.47,100,0.47,0.47,0.0,0.0
visualizing_soil,0.47,100,0.47,0.48,0.01,0.0
visualizing_soil,0.47,100,0.47,0.47,0.0,0.006082057952880859
visualizing_soil,0.47,100,0.47,0.47,0.0,0.0
visualizing_soil,0.47,100,0.47,0.48,0.01,0.0
visualizing_soil,0.47,100,0.47,0.48,0.01,0.0
visualizing_soil,0.47,100,0.47,0.47,0.0,0.0050945281982421875
visualizing_soil,0.53,100,0.53,0.54,0.01,0.0
visualizing_soil,0.53,100,0.53,0.53,0.0,0.015626907348632812
visualizing_soil,0.53,100,0.53,0.53,0.0,0.0
visualizing_soil,0.53,100,0.53,0.54,0.01,0.0
visualizing_soil,0.53,100,0.53,0.52,0.01,0.0
visualizing_soil,0.53,100,0.53,0.53,0.0,0.0
visualizing_soil,0.53,100,0.53,0.53,0.0,0.016551971435546875
visualizing_soil,0.53,100,0.53,0.52,0.01,0.001077890396118164
visualizing_soil,0.53,100,0.53,0.53,0.0,0.0009071826934814453
visualizing_soil,0.53,100,0.53,0.54,0.01,0.0
visualizing_soil,0.58,100,0.58,0.58,0.0,0.002086162567138672
visualizing_soil,0.58,100,0.58,0.57,0.01,0.0
visualizing_soil,0.58,100,0.58,0.58,0.0,0.0009987354278564453
visualizing_soil,0.58,100,0.58,0.58,0.0,0.0
visualizing_soil,0.58,100,0.58,0.57,0.01,0.0
visualizing_soil,0.58,100,0.58,0.57,0.01,0.015625715255737305
visualizing_soil,0.58,100,0.58,0.58,0.0,0.0
visualizing_soil,0.58,100,0.58,0.59,0.01,0.0
visualizing_soil,0.58,100,0.58,0.58,0.0,0.0
visualizing_soil,0.58,100,0.58,0.58,0.0,0.0
visualizing_soil,0.63,100,0.63,0.63,0.0,0.0010027885437011719
visualizing_soil,0.63,100,0.63,0.63,0.0,0.001001596450805664
visualizing_soil,0.63,100,0.63,0.62,0.01,0.0
visualizing_soil,0.63,100,0.63,0.63,0.0,0.001001119613647461
visualizing_soil,0.63,100,0.63,0.63,0.0,0.005228281021118164
visualizing_soil,0.63,100,0.63,0.62,0.01,0.0016317367553710938
visualizing_soil,0.63,100,0.63,0.62,0.01,0.015625476837158203
visualizing_soil,0.63,100,0.63,0.63,0.0,0.0
visualizing_soil,0.63,100,0.63,0.63,0.0,0.0
visualizing_soil,0.63,100,0.63,0.64,0.01,0.0
visualizing_soil,0.68,100,0.68,0.69,0.01,0.0
visualizing_soil,0.68,100,0.68,0.67,0.01,0.0
visualizing_soil,0.68,100,0.68,0.66,0.02,0.0
visualizing_soil,0.68,100,0.68,0.67,0.01,0.0
visualizing_soil,0.68,100,0.68,0.68,0.0,0.0
visualizing_soil,0.68,100,0.68,0.67,0.01,0.0
visualizing_soil,0.68,100,0.68,0.68,0.0,0.0
visualizing_soil,0.68,100,0.68,0.67,0.01,0.0
visualizing_soil,0.68,100,0.68,0.67,0.01,0.001992464065551758
visualizing_soil,0.68,100,0.68,0.67,0.01,0.0051555633544921875
visualizing_soil,0.74,100,0.74,0.74,0.0,0.0
visualizing_soil,0.74,100,0.74,0.74,0.0,0.0009949207305908203
visualizing_soil,0.74,100,0.74,0.74,0.0,0.0016655921936035156
visualizing_soil,0.74,100,0.74,0.74,0.0,0.0
visualizing_soil,0.74,100,0.74,0.73,0.01,0.0
visualizing_soil,0.74,100,0.74,0.73,0.01,0.0
visualizing_soil,0.74,100,0.74,0.74,0.0,0.0
visualizing_soil,0.74,100,0.74,0.72,0.02,0.013583183288574219
visualizing_soil,0.74,100,0.74,0.73,0.01,0.0
visualizing_soil,0.74,100,0.74,0.73,0.01,0.0
visualizing_soil,0.79,100,0.79,0.78,0.01,0.0010104179382324219
visualizing_soil,0.79,100,0.79,0.78,0.01,0.0
visualizing_soil,0.79,100,0.79,0.78,0.01,0.0009996891021728516
visualizing_soil,0.79,100,0.79,0.77,0.02,0.0
visualizing_soil,0.79,100,0.79,0.78,0.01,0.01641368865966797
visualizing_soil,0.79,100,0.79,0.77,0.02,0.0
visualizing_soil,0.79,100,0.79,0.78,0.01,0.00079345703125
visualizing_soil,0.79,100,0.79,0.78,0.01,0.000993967056274414
visualizing_soil,0.79,100,0.79,0.77,0.02,0.0009968280792236328
visualizing_soil,0.79,100,0.79,0.78,0.01,0.0008568763732910156
visualizing_soil,0.84,100,0.84,0.83,0.01,0.0
visualizing_soil,0.84,100,0.84,0.84,0.0,0.0
visualizing_soil,0.84,100,0.84,0.84,0.0,0.005545139312744141
visualizing_soil,0.84,100,0.84,0.82,0.02,0.0
visualizing_soil,0.84,100,0.84,0.83,0.01,0.0006442070007324219
visualizing_soil,0.84,100,0.84,0.83,0.01,0.0
visualizing_soil,0.84,100,0.84,0.84,0.0,0.0
visualizing_soil,0.84,100,0.84,0.84,0.0,0.015715837478637695
visualizing_soil,0.84,100,0.84,0.83,0.01,0.0
visualizing_soil,0.84,100,0.84,0.81,0.03,0.0
visualizing_soil,0.89,100,0.89,0.88,0.01,0.0
visualizing_soil,0.89,100,0.89,0.86,0.03,0.0
visualizing_soil,0.89,100,0.89,0.89,0.0,0.0008721351623535156
visualizing_soil,0.89,100,0.89,0.86,0.03,0.0
visualizing_soil,0.89,100,0.89,0.88,0.01,0.0
visualizing_soil,0.89,100,0.89,0.88,0.01,0.003591775894165039
visualizing_soil,0.89,100,0.89,0.87,0.02,0.016597986221313477
visualizing_soil,0.89,100,0.89,0.88,0.01,0.0008432865142822266
visualizing_soil,0.89,100,0.89,0.88,0.01,0.0018961429595947266
visualizing_soil,0.89,100,0.89,0.87,0.02,0.0
visualizing_soil,0.95,100,0.95,0.93,0.02,0.0
visualizing_soil,0.95,100,0.95,0.94,0.01,0.0
visualizing_soil,0.95,100,0.95,0.94,0.01,0.015624761581420898
visualizing_soil,0.95,100,0.95,0.93,0.02,0.0
visualizing_soil,0.95,100,0.95,0.93,0.02,0.0
visualizing_soil,0.95,100,0.95,0.93,0.02,0.0
visualizing_soil,0.95,100,0.95,0.93,0.02,0.0
visualizing_soil,0.95,100,0.95,0.93,0.02,0.0
visualizing_soil,0.95,100,0.95,0.94,0.01,0.0
visualizing_soil,0.95,100,0.95,0.93,0.02,0.0
visualizing_soil,1.0,100,1.0,0.98,0.02,0.0
visualizing_soil,1.0,100,1.0,0.98,0.02,0.0
visualizing_soil,1.0,100,1.0,0.99,0.01,0.0
visualizing_soil,1.0,100,1.0,0.99,0.01,0.0
visualizing_soil,1.0,100,1.0,0.99,0.01,0.005087137222290039
visualizing_soil,1.0,100,1.0,0.98,0.02,0.015080690383911133
visualizing_soil,1.0,100,1.0,0.99,0.01,0.0
visualizing_soil,1.0,100,1.0,0.98,0.02,0.0009968280792236328
visualizing_soil,1.0,100,1.0,0.98,0.02,0.0
visualizing_soil,1.0,100,1.0,0.99,0.01,0.0
wind,0.0,100,0.0,0.2,0.2,0.0
wind,0.0,100,0.0,0.21,0.21,0.0
wind,0.0,100,0.0,0.2,0.2,0.001997232437133789
wind,0.0,100,0.0,0.17,0.17,0.0
wind,0.0,100,0.0,0.24,0.24,0.0
wind,0.0,100,0.0,0.26,0.26,0.0
wind,0.0,100,0.0,0.23,0.23,0.0
wind,0.0,100,0.0,0.2,0.2,0.0
wind,0.0,100,0.0,0.21,0.21,0.0
wind,0.0,100,0.0,0.19,0.19,0.0
wind,0.05,100,0.05,0.24,0.19,0.002967357635498047
wind,0.05,100,0.05,0.21,0.16,0.003582000732421875
wind,0.05,100,0.05,0.21,0.16,0.0
wind,0.05,100,0.05,0.26,0.21,0.0
wind,0.05,100,0.05,0.21,0.16,0.0
wind,0.05,100,0.05,0.27,0.22,0.0
wind,0.05,100,0.05,0.24,0.19,0.0
wind,0.05,100,0.05,0.25,0.2,0.0010142326354980469
wind,0.05,100,0.05,0.31,0.26,0.0
wind,0.05,100,0.05,0.26,0.21,0.0
wind,0.11,100,0.11,0.29,0.18,0.0
wind,0.11,100,0.11,0.33,0.22,0.0
wind,0.11,100,0.11,0.29,0.18,0.0
wind,0.11,100,0.11,0.26,0.15,0.001986265182495117
wind,0.11,100,0.11,0.33,0.22,0.0
wind,0.11,100,0.11,0.3,0.19,0.0
wind,0.11,100,0.11,0.31,0.2,0.0
wind,0.11,100,0.11,0.28,0.17,0.0
wind,0.11,100,0.11,0.27,0.16,0.0010063648223876953
wind,0.11,100,0.11,0.27,0.16,0.006493806838989258
wind,0.16,100,0.16,0.32,0.16,0.0
wind,0.16,100,0.16,0.29,0.13,0.015707969665527344
wind,0.16,100,0.16,0.31,0.15,0.0009958744049072266
wind,0.16,100,0.16,0.31,0.15,0.0017731189727783203
wind,0.16,100,0.16,0.31,0.15,0.0
wind,0.16,100,0.16,0.33,0.17,0.0009996891021728516
wind,0.16,100,0.16,0.28,0.12,0.0
wind,0.16,100,0.16,0.33,0.17,0.0
wind,0.16,100,0.16,0.32,0.16,0.0
wind,0.16,100,0.16,0.33,0.17,0.0
wind,0.21,100,0.21,0.36,0.15,0.0
wind,0.21,100,0.21,0.35,0.14,0.0
wind,0.21,100,0.21,0.37,0.16,0.0
wind,0.21,100,0.21,0.32,0.11,0.0
wind,0.21,100,0.21,0.33,0.12,0.001535177230834961
wind,0.21,100,0.21,0.35,0.14,0.0
wind,0.21,100,0.21,0.36,0.15,0.0010843276977539062
wind,0.21,100,0.21,0.36,0.15,0.0
wind,0.21,100,0.21,0.34,0.13,0.015088081359863281
wind,0.21,100,0.21,0.33,0.12,0.0
wind,0.26,100,0.26,0.37,0.11,0.0
wind,0.26,100,0.26,0.36,0.1,0.0
wind,0.26,100,0.26,0.37,0.11,0.0
wind,0.26,100,0.26,0.39,0.13,0.0
wind,0.26,100,0.26,0.4,0.14,0.0
wind,0.26,100,0.26,0.36,0.1,0.0
wind,0.26,100,0.26,0.36,0.1,0.0
wind,0.26,100,0.26,0.38,0.12,0.0002799034118652344
wind,0.26,100,0.26,0.36,0.1,0.0
wind,0.26,100,0.26,0.32,0.06,0.0
wind,0.32,100,0.32,0.39,0.07,0.0
wind,0.32,100,0.32,0.38,0.06,0.015078306198120117
wind,0.32,100,0.32,0.41,0.09,0.0
wind,0.32,100,0.32,0.43,0.11,0.0
wind,0.32,100,0.32,0.47,0.15,0.012592554092407227
wind,0.32,100,0.32,0.4,0.08,0.0
wind,0.32,100,0.32,0.42,0.1,0.0
wind,0.32,100,0.32,0.44,0.12,0.0
wind,0.32,100,0.32,0.36,0.04,0.0
wind,0.32,100,0.32,0.41,0.09,0.00758814811706543
wind,0.37,100,0.37,0.4,0.03,0.0012171268463134766
wind,0.37,100,0.37,0.41,0.04,0.0
wind,0.37,100,0.37,0.45,0.08,0.000896453857421875
wind,0.37,100,0.37,0.39,0.02,0.0
wind,0.37,100,0.37,0.42,0.05,0.0
wind,0.37,100,0.37,0.42,0.05,0.015635967254638672
wind,0.37,100,0.37,0.45,0.08,0.0
wind,0.37,100,0.37,0.43,0.06,0.0
wind,0.37,100,0.37,0.42,0.05,0.01561427116394043
wind,0.37,100,0.37,0.43,0.06,0.0
wind,0.42,100,0.42,0.46,0.04,0.0
wind,0.42,100,0.42,0.49,0.07,0.0
wind,0.42,100,0.42,0.42,0.0,0.0
wind,0.42,100,0.42,0.5,0.08,0.0
wind,0.42,100,0.42,0.44,0.02,0.006387948989868164
wind,0.42,100,0.42,0.48,0.06,0.0
wind,0.42,100,0.42,0.45,0.03,0.0
wind,0.42,100,0.42,0.43,0.01,0.0
wind,0.42,100,0.42,0.43,0.01,0.0
wind,0.42,100,0.42,0.48,0.06,0.015618562698364258
wind,0.47,100,0.47,0.49,0.02,0.0
wind,0.47,100,0.47,0.48,0.01,0.0
wind,0.47,100,0.47,0.44,0.03,0.0
wind,0.47,100,0.47,0.51,0.04,0.0
wind,0.47,100,0.47,0.46,0.01,0.0
wind,0.47,100,0.47,0.49,0.02,0.015620231628417969
wind,0.47,100,0.47,0.53,0.06,0.0
wind,0.47,100,0.47,0.45,0.02,0.0
wind,0.47,100,0.47,0.53,0.06,0.0
wind,0.47,100,0.47,0.49,0.02,0.0
wind,0.53,100,0.53,0.57,0.04,0.007086515426635742
wind,0.53,100,0.53,0.57,0.04,0.0
wind,0.53,100,0.53,0.54,0.01,0.0
wind,0.53,100,0.53,0.54,0.01,0.0
wind,0.53,100,0.53,0.53,0.0,0.0
wind,0.53,100,0.53,0.54,0.01,0.0
wind,0.53,100,0.53,0.5,0.03,0.0
wind,0.53,100,0.53,0.54,0.01,0.0
wind,0.53,100,0.53,0.49,0.04,0.0
wind,0.53,100,0.53,0.53,0.0,0.00016617774963378906
wind,0.58,100,0.58,0.58,0.0,0.0
wind,0.58,100,0.58,0.51,0.07,0.0
wind,0.58,100,0.58,0.54,0.04,0.0020051002502441406
wind,0.58,100,0.58,0.57,0.01,0.0
wind,0.58,100,0.58,0.53,0.05,0.0
wind,0.58,100,0.58,0.59,0.01,0.0
wind,0.58,100,0.58,0.58,0.0,0.0
wind,0.58,100,0.58,0.54,0.04,0.0011417865753173828
wind,0.58,100,0.58,0.57,0.01,0.0
wind,0.58,100,0.58,0.58,0.0,0.0
wind,0.63,100,0.63,0.6,0.03,0.0
wind,0.63,100,0.63,0.57,0.06,0.01563096046447754
wind,0.63,100,0.63,0.6,0.03,0.0054836273193359375
wind,0.63,100,0.63,0.58,0.05,0.015707731246948242
wind,0.63,100,0.63,0.57,0.06,0.0
wind,0.63,100,0.63,0.6,0.03,0.0
wind,0.63,100,0.63,0.59,0.04,0.0
wind,0.63,100,0.63,0.58,0.05,0.0
wind,0.63,100,0.63,0.55,0.08,0.0
wind,0.63,100,0.63,0.62,0.01,0.0
wind,0.68,100,0.68,0.61,0.07,0.0
wind,0.68,100,0.68,0.59,0.09,0.0
wind,0.68,100,0.68,0.64,0.04,0.0
wind,0.68,100,0.68,0.63,0.05,0.015616655349731445
wind,0.68,100,0.68,0.64,0.04,0.0009508132934570312
wind,0.68,100,0.68,0.62,0.06,0.0
wind,0.68,100,0.68,0.65,0.03,0.006586313247680664
wind,0.68,100,0.68,0.64,0.04,0.015625476837158203
wind,0.68,100,0.68,0.62,0.06,0.0
wind,0.68,100,0.68,0.6,0.08,0.0001537799835205078
wind,0.74,100,0.74,0.63,0.11,0.0
wind,0.74,100,0.74,0.67,0.07,0.0
wind,0.74,100,0.74,0.64,0.1,0.0
wind,0.74,100,0.74,0.67,0.07,0.0
wind,0.74,100,0.74,0.65,0.09,0.0
wind,0.74,100,0.74,0.64,0.1,0.0
wind,0.74,100,0.74,0.66,0.08,0.0
wind,0.74,100,0.74,0.69,0.05,0.0
wind,0.74,100,0.74,0.65,0.09,0.0
wind,0.74,100,0.74,0.67,0.07,0.0
wind,0.79,100,0.79,0.66,0.13,0.0
wind,0.79,100,0.79,0.68,0.11,0.001966238021850586
wind,0.79,100,0.79,0.69,0.1,0.0
wind,0.79,100,0.79,0.71,0.08,0.0
wind,0.79,100,0.79,0.67,0.12,0.0
wind,0.79,100,0.79,0.69,0.1,0.0
wind,0.79,100,0.79,0.7,0.09,0.0
wind,0.79,100,0.79,0.69,0.1,0.0010874271392822266
wind,0.79,100,0.79,0.71,0.08,0.0019829273223876953
wind,0.79,100,0.79,0.71,0.08,0.0
wind,0.84,100,0.84,0.71,0.13,0.0009999275207519531
wind,0.84,100,0.84,0.76,0.08,0.015619993209838867
wind,0.84,100,0.84,0.71,0.13,0.0
wind,0.84,100,0.84,0.7,0.14,0.0
wind,0.84,100,0.84,0.7,0.14,0.0
wind,0.84,100,0.84,0.71,0.13,0.0008566379547119141
wind,0.84,100,0.84,0.72,0.12,0.0
wind,0.84,100,0.84,0.69,0.15,0.0020868778228759766
wind,0.84,100,0.84,0.71,0.13,0.0
wind,0.84,100,0.84,0.69,0.15,0.0
wind,0.89,100,0.89,0.72,0.17,0.0010683536529541016
wind,0.89,100,0.89,0.72,0.17,0.0
wind,0.89,100,0.89,0.73,0.16,0.0
wind,0.89,100,0.89,0.74,0.15,0.0
wind,0.89,100,0.89,0.77,0.12,0.0
wind,0.89,100,0.89,0.78,0.11,0.0
wind,0.89,100,0.89,0.72,0.17,0.0
wind,0.89,100,0.89,0.71,0.18,0.0018503665924072266
wind,0.89,100,0.89,0.71,0.18,0.00205230712890625
wind,0.89,100,0.89,0.74,0.15,0.0
wind,0.95,100,0.95,0.79,0.16,0.0
wind,0.95,100,0.95,0.75,0.2,0.0
wind,0.95,100,0.95,0.7,0.25,0.0
wind,0.95,100,0.95,0.81,0.14,0.0
wind,0.95,100,0.95,0.78,0.17,0.0
wind,0.95,100,0.95,0.77,0.18,0.0
wind,0.95,100,0.95,0.79,0.16,0.0
wind,0.95,100,0.95,0.73,0.22,0.0
wind,0.95,100,0.95,0.77,0.18,0.0
wind,0.95,100,0.95,0.8,0.15,0.0
wind,1.0,100,1.0,0.83,0.17,0.0
wind,1.0,100,1.0,0.84,0.16,0.016545534133911133
wind,1.0,100,1.0,0.81,0.19,0.0
wind,1.0,100,1.0,0.8,0.2,0.0016355514526367188
wind,1.0,100,1.0,0.81,0.19,0.0
wind,1.0,100,1.0,0.78,0.22,0.0
wind,1.0,100,1.0,0.79,0.21,0.0010013580322265625
wind,1.0,100,1.0,0.81,0.19,0.015083789825439453
wind,1.0,100,1.0,0.79,0.21,0.0
wind,1.0,100,1.0,0.87,0.13,0.0
