dataset_name,alpha,sample_size,real_p,pred_p,abs_error,run_time
2dplanes,0.0,100,0.0,0.1,0.1,0.03125
2dplanes,0.0,100,0.0,0.02,0.02,0.03136873245239258
2dplanes,0.0,100,0.0,0.0,0.0,0.02797222137451172
2dplanes,0.0,100,0.0,0.0,0.0,0.03302907943725586
2dplanes,0.0,100,0.0,0.01,0.01,0.027956008911132812
2dplanes,0.0,100,0.0,0.0,0.0,0.021152496337890625
2dplanes,0.0,100,0.0,0.0,0.0,0.029003620147705078
2dplanes,0.0,100,0.0,0.09,0.09,0.030308961868286133
2dplanes,0.0,100,0.0,0.01,0.01,0.0270082950592041
2dplanes,0.0,100,0.0,0.0,0.0,0.024497509002685547
2dplanes,0.05,100,0.05,0.06,0.01,0.026140451431274414
2dplanes,0.05,100,0.05,0.06,0.01,0.03101181983947754
2dplanes,0.05,100,0.05,0.0,0.05,0.03097057342529297
2dplanes,0.05,100,0.05,0.0,0.05,0.028358936309814453
2dplanes,0.05,100,0.05,0.06,0.01,0.03367495536804199
2dplanes,0.05,100,0.05,0.03,0.02,0.02854466438293457
2dplanes,0.05,100,0.05,0.07,0.02,0.027820348739624023
2dplanes,0.05,100,0.05,0.08,0.03,0.029675960540771484
2dplanes,0.05,100,0.05,0.05,0.0,0.028052330017089844
2dplanes,0.05,100,0.05,0.02,0.03,0.03657364845275879
2dplanes,0.11,100,0.11,0.11,0.0,0.030421018600463867
2dplanes,0.11,100,0.11,0.15,0.04,0.026929140090942383
2dplanes,0.11,100,0.11,0.14,0.03,0.02754974365234375
2dplanes,0.11,100,0.11,0.15,0.04,0.02564215660095215
2dplanes,0.11,100,0.11,0.09,0.02,0.023554086685180664
2dplanes,0.11,100,0.11,0.12,0.01,0.02412271499633789
2dplanes,0.11,100,0.11,0.09,0.02,0.0234832763671875
2dplanes,0.11,100,0.11,0.1,0.01,0.029100656509399414
2dplanes,0.11,100,0.11,0.11,0.0,0.028736352920532227
2dplanes,0.11,100,0.11,0.18,0.07,0.03146481513977051
2dplanes,0.16,100,0.16,0.15,0.01,0.027123451232910156
2dplanes,0.16,100,0.16,0.15,0.01,0.02843451499938965
2dplanes,0.16,100,0.16,0.15,0.01,0.02339792251586914
2dplanes,0.16,100,0.16,0.14,0.02,0.027103662490844727
2dplanes,0.16,100,0.16,0.15,0.01,0.030970096588134766
2dplanes,0.16,100,0.16,0.24,0.08,0.0181887149810791
2dplanes,0.16,100,0.16,0.11,0.05,0.027873754501342773
2dplanes,0.16,100,0.16,0.09,0.07,0.024191856384277344
2dplanes,0.16,100,0.16,0.09,0.07,0.02846050262451172
2dplanes,0.16,100,0.16,0.11,0.05,0.02828693389892578
2dplanes,0.21,100,0.21,0.29,0.08,0.03009486198425293
2dplanes,0.21,100,0.21,0.19,0.02,0.03039097785949707
2dplanes,0.21,100,0.21,0.18,0.03,0.02818441390991211
2dplanes,0.21,100,0.21,0.2,0.01,0.029659748077392578
2dplanes,0.21,100,0.21,0.27,0.06,0.028608322143554688
2dplanes,0.21,100,0.21,0.23,0.02,0.028305768966674805
2dplanes,0.21,100,0.21,0.2,0.01,0.02311849594116211
2dplanes,0.21,100,0.21,0.15,0.06,0.02893376350402832
2dplanes,0.21,100,0.21,0.18,0.03,0.027943134307861328
2dplanes,0.21,100,0.21,0.21,0.0,0.027610301971435547
2dplanes,0.26,100,0.26,0.26,0.0,0.03471207618713379
2dplanes,0.26,100,0.26,0.31,0.05,0.028075695037841797
2dplanes,0.26,100,0.26,0.25,0.01,0.024142742156982422
2dplanes,0.26,100,0.26,0.26,0.0,0.025187015533447266
2dplanes,0.26,100,0.26,0.17,0.09,0.028316259384155273
2dplanes,0.26,100,0.26,0.27,0.01,0.02480483055114746
2dplanes,0.26,100,0.26,0.27,0.01,0.024451255798339844
2dplanes,0.26,100,0.26,0.28,0.02,0.027897357940673828
2dplanes,0.26,100,0.26,0.28,0.02,0.028563261032104492
2dplanes,0.26,100,0.26,0.25,0.01,0.02673625946044922
2dplanes,0.32,100,0.32,0.32,0.0,0.028881072998046875
2dplanes,0.32,100,0.32,0.39,0.07,0.027474403381347656
2dplanes,0.32,100,0.32,0.31,0.01,0.024798870086669922
2dplanes,0.32,100,0.32,0.29,0.03,0.02952885627746582
2dplanes,0.32,100,0.32,0.34,0.02,0.028228282928466797
2dplanes,0.32,100,0.32,0.32,0.0,0.027730464935302734
2dplanes,0.32,100,0.32,0.35,0.03,0.02853989601135254
2dplanes,0.32,100,0.32,0.33,0.01,0.027290821075439453
2dplanes,0.32,100,0.32,0.35,0.03,0.028768539428710938
2dplanes,0.32,100,0.32,0.29,0.03,0.03107309341430664
2dplanes,0.37,100,0.37,0.39,0.02,0.02732110023498535
2dplanes,0.37,100,0.37,0.31,0.06,0.027590513229370117
2dplanes,0.37,100,0.37,0.45,0.08,0.027655363082885742
2dplanes,0.37,100,0.37,0.42,0.05,0.029120683670043945
2dplanes,0.37,100,0.37,0.42,0.05,0.028153181076049805
2dplanes,0.37,100,0.37,0.43,0.06,0.023284196853637695
2dplanes,0.37,100,0.37,0.26,0.11,0.0307772159576416
2dplanes,0.37,100,0.37,0.4,0.03,0.02771759033203125
2dplanes,0.37,100,0.37,0.36,0.01,0.023424386978149414
2dplanes,0.37,100,0.37,0.3,0.07,0.02774834632873535
2dplanes,0.42,100,0.42,0.41,0.01,0.030986547470092773
2dplanes,0.42,100,0.42,0.36,0.06,0.024537324905395508
2dplanes,0.42,100,0.42,0.43,0.01,0.028723478317260742
2dplanes,0.42,100,0.42,0.51,0.09,0.02778935432434082
2dplanes,0.42,100,0.42,0.36,0.06,0.028431177139282227
2dplanes,0.42,100,0.42,0.44,0.02,0.029422760009765625
2dplanes,0.42,100,0.42,0.4,0.02,0.03488349914550781
2dplanes,0.42,100,0.42,0.46,0.04,0.03410482406616211
2dplanes,0.42,100,0.42,0.48,0.06,0.024163007736206055
2dplanes,0.42,100,0.42,0.4,0.02,0.030961036682128906
2dplanes,0.47,100,0.47,0.57,0.1,0.028102874755859375
2dplanes,0.47,100,0.47,0.55,0.08,0.029784440994262695
2dplanes,0.47,100,0.47,0.46,0.01,0.029597759246826172
2dplanes,0.47,100,0.47,0.4,0.07,0.032288312911987305
2dplanes,0.47,100,0.47,0.54,0.07,0.03428483009338379
2dplanes,0.47,100,0.47,0.48,0.01,0.03109598159790039
2dplanes,0.47,100,0.47,0.45,0.02,0.0319826602935791
2dplanes,0.47,100,0.47,0.57,0.1,0.027807235717773438
2dplanes,0.47,100,0.47,0.48,0.01,0.02489924430847168
2dplanes,0.47,100,0.47,0.43,0.04,0.028581857681274414
2dplanes,0.53,100,0.53,0.52,0.01,0.027979373931884766
2dplanes,0.53,100,0.53,0.56,0.03,0.02828526496887207
2dplanes,0.53,100,0.53,0.63,0.1,0.027559757232666016
2dplanes,0.53,100,0.53,0.61,0.08,0.0330967903137207
2dplanes,0.53,100,0.53,0.52,0.01,0.0256805419921875
2dplanes,0.53,100,0.53,0.5,0.03,0.027567148208618164
2dplanes,0.53,100,0.53,0.55,0.02,0.02746295928955078
2dplanes,0.53,100,0.53,0.54,0.01,0.030774831771850586
2dplanes,0.53,100,0.53,0.56,0.03,0.02842426300048828
2dplanes,0.53,100,0.53,0.54,0.01,0.03126358985900879
2dplanes,0.58,100,0.58,0.55,0.03,0.024390220642089844
2dplanes,0.58,100,0.58,0.63,0.05,0.025535106658935547
2dplanes,0.58,100,0.58,0.55,0.03,0.028812646865844727
2dplanes,0.58,100,0.58,0.63,0.05,0.029802560806274414
2dplanes,0.58,100,0.58,0.53,0.05,0.022427797317504883
2dplanes,0.58,100,0.58,0.58,0.0,0.02933502197265625
2dplanes,0.58,100,0.58,0.57,0.01,0.019364118576049805
2dplanes,0.58,100,0.58,0.57,0.01,0.023512601852416992
2dplanes,0.58,100,0.58,0.52,0.06,0.027918100357055664
2dplanes,0.58,100,0.58,0.57,0.01,0.017496109008789062
2dplanes,0.63,100,0.63,0.6,0.03,0.02978968620300293
2dplanes,0.63,100,0.63,0.71,0.08,0.031632184982299805
2dplanes,0.63,100,0.63,0.62,0.01,0.030386924743652344
2dplanes,0.63,100,0.63,0.64,0.01,0.023930788040161133
2dplanes,0.63,100,0.63,0.66,0.03,0.029564619064331055
2dplanes,0.63,100,0.63,0.54,0.09,0.026871442794799805
2dplanes,0.63,100,0.63,0.58,0.05,0.029460430145263672
2dplanes,0.63,100,0.63,0.68,0.05,0.028123855590820312
2dplanes,0.63,100,0.63,0.6,0.03,0.02759528160095215
2dplanes,0.63,100,0.63,0.63,0.0,0.024903535842895508
2dplanes,0.68,100,0.68,0.69,0.01,0.037973880767822266
2dplanes,0.68,100,0.68,0.72,0.04,0.027801513671875
2dplanes,0.68,100,0.68,0.71,0.03,0.023258686065673828
2dplanes,0.68,100,0.68,0.74,0.06,0.0302884578704834
2dplanes,0.68,100,0.68,0.75,0.07,0.02969217300415039
2dplanes,0.68,100,0.68,0.66,0.02,0.02542257308959961
2dplanes,0.68,100,0.68,0.64,0.04,0.027611732482910156
2dplanes,0.68,100,0.68,0.71,0.03,0.03093695640563965
2dplanes,0.68,100,0.68,0.73,0.05,0.03005528450012207
2dplanes,0.68,100,0.68,0.67,0.01,0.027345895767211914
2dplanes,0.74,100,0.74,0.77,0.03,0.027921438217163086
2dplanes,0.74,100,0.74,0.69,0.05,0.027269363403320312
2dplanes,0.74,100,0.74,0.72,0.02,0.024199724197387695
2dplanes,0.74,100,0.74,0.75,0.01,0.028160810470581055
2dplanes,0.74,100,0.74,0.74,0.0,0.02940964698791504
2dplanes,0.74,100,0.74,0.8,0.06,0.02472686767578125
2dplanes,0.74,100,0.74,0.74,0.0,0.02328777313232422
2dplanes,0.74,100,0.74,0.78,0.04,0.01939868927001953
2dplanes,0.74,100,0.74,0.78,0.04,0.0280301570892334
2dplanes,0.74,100,0.74,0.66,0.08,0.02859020233154297
2dplanes,0.79,100,0.79,0.83,0.04,0.024132966995239258
2dplanes,0.79,100,0.79,0.78,0.01,0.028393983840942383
2dplanes,0.79,100,0.79,0.66,0.13,0.02946186065673828
2dplanes,0.79,100,0.79,0.8,0.01,0.03322482109069824
2dplanes,0.79,100,0.79,0.8,0.01,0.023808717727661133
2dplanes,0.79,100,0.79,0.85,0.06,0.026230812072753906
2dplanes,0.79,100,0.79,0.84,0.05,0.02899789810180664
2dplanes,0.79,100,0.79,0.73,0.06,0.02938532829284668
2dplanes,0.79,100,0.79,0.81,0.02,0.029654979705810547
2dplanes,0.79,100,0.79,0.82,0.03,0.027446508407592773
2dplanes,0.84,100,0.84,0.85,0.01,0.032396793365478516
2dplanes,0.84,100,0.84,0.83,0.01,0.023408174514770508
2dplanes,0.84,100,0.84,0.84,0.0,0.029654979705810547
2dplanes,0.84,100,0.84,0.85,0.01,0.02978515625
2dplanes,0.84,100,0.84,0.86,0.02,0.018845319747924805
2dplanes,0.84,100,0.84,0.79,0.05,0.028402090072631836
2dplanes,0.84,100,0.84,0.89,0.05,0.02695941925048828
2dplanes,0.84,100,0.84,0.88,0.04,0.026311159133911133
2dplanes,0.84,100,0.84,0.77,0.07,0.028676986694335938
2dplanes,0.84,100,0.84,0.78,0.06,0.02863168716430664
2dplanes,0.89,100,0.89,0.86,0.03,0.028965473175048828
2dplanes,0.89,100,0.89,0.92,0.03,0.028656005859375
2dplanes,0.89,100,0.89,0.93,0.04,0.02843499183654785
2dplanes,0.89,100,0.89,0.92,0.03,0.02761673927307129
2dplanes,0.89,100,0.89,0.89,0.0,0.028178691864013672
2dplanes,0.89,100,0.89,0.95,0.06,0.03002333641052246
2dplanes,0.89,100,0.89,0.91,0.02,0.028055906295776367
2dplanes,0.89,100,0.89,0.85,0.04,0.031127214431762695
2dplanes,0.89,100,0.89,0.87,0.02,0.03292584419250488
2dplanes,0.89,100,0.89,0.94,0.05,0.03138113021850586
2dplanes,0.95,100,0.95,0.96,0.01,0.02884960174560547
2dplanes,0.95,100,0.95,0.97,0.02,0.02869129180908203
2dplanes,0.95,100,0.95,0.95,0.0,0.02733302116394043
2dplanes,0.95,100,0.95,0.99,0.04,0.03043985366821289
2dplanes,0.95,100,0.95,0.9,0.05,0.03119516372680664
2dplanes,0.95,100,0.95,0.97,0.02,0.027406692504882812
2dplanes,0.95,100,0.95,0.97,0.02,0.02833724021911621
2dplanes,0.95,100,0.95,0.93,0.02,0.024956464767456055
2dplanes,0.95,100,0.95,0.92,0.03,0.024686813354492188
2dplanes,0.95,100,0.95,0.95,0.0,0.028004169464111328
2dplanes,1.0,100,1.0,1.0,0.0,0.029106855392456055
2dplanes,1.0,100,1.0,1.0,0.0,0.028446674346923828
2dplanes,1.0,100,1.0,0.99,0.01,0.02581620216369629
2dplanes,1.0,100,1.0,1.0,0.0,0.027265071868896484
2dplanes,1.0,100,1.0,1.0,0.0,0.025635480880737305
2dplanes,1.0,100,1.0,1.0,0.0,0.029682397842407227
2dplanes,1.0,100,1.0,1.0,0.0,0.030132293701171875
2dplanes,1.0,100,1.0,1.0,0.0,0.025348186492919922
2dplanes,1.0,100,1.0,1.0,0.0,0.02470088005065918
2dplanes,1.0,100,1.0,1.0,0.0,0.029173612594604492
balloon,0.0,100,0.0,0.0,0.0,0.02585005760192871
balloon,0.0,100,0.0,0.0,0.0,0.024186372756958008
balloon,0.0,100,0.0,0.0,0.0,0.023693561553955078
balloon,0.0,100,0.0,0.0,0.0,0.02293539047241211
balloon,0.0,100,0.0,0.0,0.0,0.02130436897277832
balloon,0.0,100,0.0,0.0,0.0,0.023140430450439453
balloon,0.0,100,0.0,0.0,0.0,0.024759292602539062
balloon,0.0,100,0.0,0.01,0.01,0.022939443588256836
balloon,0.0,100,0.0,0.0,0.0,0.018143892288208008
balloon,0.0,100,0.0,0.0,0.0,0.025026798248291016
balloon,0.05,100,0.05,0.04,0.01,0.024508953094482422
balloon,0.05,100,0.05,0.04,0.01,0.024468183517456055
balloon,0.05,100,0.05,0.02,0.03,0.025098562240600586
balloon,0.05,100,0.05,0.01,0.04,0.024843931198120117
balloon,0.05,100,0.05,0.01,0.04,0.018131256103515625
balloon,0.05,100,0.05,0.04,0.01,0.025038719177246094
balloon,0.05,100,0.05,0.04,0.01,0.022336721420288086
balloon,0.05,100,0.05,0.04,0.01,0.024773597717285156
balloon,0.05,100,0.05,0.03,0.02,0.024358749389648438
balloon,0.05,100,0.05,0.04,0.01,0.023356914520263672
balloon,0.11,100,0.11,0.13,0.02,0.02039647102355957
balloon,0.11,100,0.11,0.09,0.02,0.02674102783203125
balloon,0.11,100,0.11,0.08,0.03,0.02425241470336914
balloon,0.11,100,0.11,0.08,0.03,0.025497913360595703
balloon,0.11,100,0.11,0.1,0.01,0.019399642944335938
balloon,0.11,100,0.11,0.09,0.02,0.025682449340820312
balloon,0.11,100,0.11,0.05,0.06,0.019742965698242188
balloon,0.11,100,0.11,0.11,0.0,0.024551868438720703
balloon,0.11,100,0.11,0.09,0.02,0.02327871322631836
balloon,0.11,100,0.11,0.1,0.01,0.018619537353515625
balloon,0.16,100,0.16,0.13,0.03,0.025303363800048828
balloon,0.16,100,0.16,0.16,0.0,0.023812055587768555
balloon,0.16,100,0.16,0.15,0.01,0.023484230041503906
balloon,0.16,100,0.16,0.16,0.0,0.01970815658569336
balloon,0.16,100,0.16,0.14,0.02,0.02308034896850586
balloon,0.16,100,0.16,0.14,0.02,0.024046897888183594
balloon,0.16,100,0.16,0.11,0.05,0.025214672088623047
balloon,0.16,100,0.16,0.11,0.05,0.023491382598876953
balloon,0.16,100,0.16,0.13,0.03,0.021484375
balloon,0.16,100,0.16,0.15,0.01,0.02399921417236328
balloon,0.21,100,0.21,0.21,0.0,0.019533872604370117
balloon,0.21,100,0.21,0.15,0.06,0.023682117462158203
balloon,0.21,100,0.21,0.19,0.02,0.024894237518310547
balloon,0.21,100,0.21,0.21,0.0,0.021287202835083008
balloon,0.21,100,0.21,0.2,0.01,0.0291750431060791
balloon,0.21,100,0.21,0.19,0.02,0.02365875244140625
balloon,0.21,100,0.21,0.14,0.07,0.024541616439819336
balloon,0.21,100,0.21,0.19,0.02,0.02274799346923828
balloon,0.21,100,0.21,0.19,0.02,0.024740219116210938
balloon,0.21,100,0.21,0.21,0.0,0.024097204208374023
balloon,0.26,100,0.26,0.26,0.0,0.02444291114807129
balloon,0.26,100,0.26,0.26,0.0,0.02125859260559082
balloon,0.26,100,0.26,0.21,0.05,0.017544984817504883
balloon,0.26,100,0.26,0.26,0.0,0.03083324432373047
balloon,0.26,100,0.26,0.23,0.03,0.028175830841064453
balloon,0.26,100,0.26,0.27,0.01,0.022200822830200195
balloon,0.26,100,0.26,0.23,0.03,0.025220632553100586
balloon,0.26,100,0.26,0.28,0.02,0.024270296096801758
balloon,0.26,100,0.26,0.25,0.01,0.027207136154174805
balloon,0.26,100,0.26,0.24,0.02,0.024212360382080078
balloon,0.32,100,0.32,0.26,0.06,0.021220684051513672
balloon,0.32,100,0.32,0.27,0.05,0.02340388298034668
balloon,0.32,100,0.32,0.3,0.02,0.02030491828918457
balloon,0.32,100,0.32,0.31,0.01,0.024249553680419922
balloon,0.32,100,0.32,0.32,0.0,0.023293018341064453
balloon,0.32,100,0.32,0.33,0.01,0.02518773078918457
balloon,0.32,100,0.32,0.3,0.02,0.024608612060546875
balloon,0.32,100,0.32,0.27,0.05,0.02350473403930664
balloon,0.32,100,0.32,0.28,0.04,0.01981830596923828
balloon,0.32,100,0.32,0.27,0.05,0.023603439331054688
balloon,0.37,100,0.37,0.35,0.02,0.021891355514526367
balloon,0.37,100,0.37,0.34,0.03,0.021157503128051758
balloon,0.37,100,0.37,0.34,0.03,0.02355647087097168
balloon,0.37,100,0.37,0.35,0.02,0.021413803100585938
balloon,0.37,100,0.37,0.37,0.0,0.023766756057739258
balloon,0.37,100,0.37,0.38,0.01,0.023772478103637695
balloon,0.37,100,0.37,0.36,0.01,0.023855924606323242
balloon,0.37,100,0.37,0.38,0.01,0.022737503051757812
balloon,0.37,100,0.37,0.33,0.04,0.019456863403320312
balloon,0.37,100,0.37,0.3,0.07,0.02579522132873535
balloon,0.42,100,0.42,0.38,0.04,0.017476558685302734
balloon,0.42,100,0.42,0.38,0.04,0.024660825729370117
balloon,0.42,100,0.42,0.41,0.01,0.02614426612854004
balloon,0.42,100,0.42,0.34,0.08,0.018674135208129883
balloon,0.42,100,0.42,0.42,0.0,0.02639603614807129
balloon,0.42,100,0.42,0.4,0.02,0.019666194915771484
balloon,0.42,100,0.42,0.42,0.0,0.0252838134765625
balloon,0.42,100,0.42,0.41,0.01,0.02336287498474121
balloon,0.42,100,0.42,0.4,0.02,0.023609638214111328
balloon,0.42,100,0.42,0.39,0.03,0.025104761123657227
balloon,0.47,100,0.47,0.42,0.05,0.01940608024597168
balloon,0.47,100,0.47,0.42,0.05,0.023694276809692383
balloon,0.47,100,0.47,0.44,0.03,0.021608352661132812
balloon,0.47,100,0.47,0.43,0.04,0.024036884307861328
balloon,0.47,100,0.47,0.39,0.08,0.021960020065307617
balloon,0.47,100,0.47,0.47,0.0,0.02307415008544922
balloon,0.47,100,0.47,0.42,0.05,0.022762775421142578
balloon,0.47,100,0.47,0.47,0.0,0.02095317840576172
balloon,0.47,100,0.47,0.49,0.02,0.024838685989379883
balloon,0.47,100,0.47,0.42,0.05,0.019742488861083984
balloon,0.53,100,0.53,0.52,0.01,0.024372577667236328
balloon,0.53,100,0.53,0.49,0.04,0.017649412155151367
balloon,0.53,100,0.53,0.51,0.02,0.02428913116455078
balloon,0.53,100,0.53,0.52,0.01,0.024888992309570312
balloon,0.53,100,0.53,0.51,0.02,0.02371978759765625
balloon,0.53,100,0.53,0.5,0.03,0.02433943748474121
balloon,0.53,100,0.53,0.52,0.01,0.02418041229248047
balloon,0.53,100,0.53,0.5,0.03,0.018164634704589844
balloon,0.53,100,0.53,0.51,0.02,0.02316570281982422
balloon,0.53,100,0.53,0.46,0.07,0.025983095169067383
balloon,0.58,100,0.58,0.54,0.04,0.02239704132080078
balloon,0.58,100,0.58,0.57,0.01,0.023156166076660156
balloon,0.58,100,0.58,0.54,0.04,0.023103952407836914
balloon,0.58,100,0.58,0.55,0.03,0.023946046829223633
balloon,0.58,100,0.58,0.56,0.02,0.023613929748535156
balloon,0.58,100,0.58,0.61,0.03,0.01759934425354004
balloon,0.58,100,0.58,0.55,0.03,0.018202781677246094
balloon,0.58,100,0.58,0.57,0.01,0.023695945739746094
balloon,0.58,100,0.58,0.54,0.04,0.02357959747314453
balloon,0.58,100,0.58,0.53,0.05,0.024085283279418945
balloon,0.63,100,0.63,0.56,0.07,0.020586729049682617
balloon,0.63,100,0.63,0.63,0.0,0.02329540252685547
balloon,0.63,100,0.63,0.63,0.0,0.022945880889892578
balloon,0.63,100,0.63,0.59,0.04,0.018610715866088867
balloon,0.63,100,0.63,0.63,0.0,0.030682802200317383
balloon,0.63,100,0.63,0.58,0.05,0.01869797706604004
balloon,0.63,100,0.63,0.57,0.06,0.018097400665283203
balloon,0.63,100,0.63,0.59,0.04,0.02019953727722168
balloon,0.63,100,0.63,0.62,0.01,0.018105506896972656
balloon,0.63,100,0.63,0.58,0.05,0.022321462631225586
balloon,0.68,100,0.68,0.65,0.03,0.023162841796875
balloon,0.68,100,0.68,0.63,0.05,0.02734661102294922
balloon,0.68,100,0.68,0.67,0.01,0.022205352783203125
balloon,0.68,100,0.68,0.65,0.03,0.02400660514831543
balloon,0.68,100,0.68,0.65,0.03,0.028399229049682617
balloon,0.68,100,0.68,0.65,0.03,0.0225217342376709
balloon,0.68,100,0.68,0.68,0.0,0.023780107498168945
balloon,0.68,100,0.68,0.66,0.02,0.02461981773376465
balloon,0.68,100,0.68,0.62,0.06,0.02371811866760254
balloon,0.68,100,0.68,0.61,0.07,0.023136377334594727
balloon,0.74,100,0.74,0.8,0.06,0.024109840393066406
balloon,0.74,100,0.74,0.7,0.04,0.023931503295898438
balloon,0.74,100,0.74,0.72,0.02,0.02312493324279785
balloon,0.74,100,0.74,0.7,0.04,0.026086091995239258
balloon,0.74,100,0.74,0.78,0.04,0.024425029754638672
balloon,0.74,100,0.74,0.77,0.03,0.024670839309692383
balloon,0.74,100,0.74,0.71,0.03,0.029633522033691406
balloon,0.74,100,0.74,0.75,0.01,0.025869131088256836
balloon,0.74,100,0.74,0.72,0.02,0.021889925003051758
balloon,0.74,100,0.74,0.72,0.02,0.024791479110717773
balloon,0.79,100,0.79,0.77,0.02,0.02921009063720703
balloon,0.79,100,0.79,0.76,0.03,0.02497100830078125
balloon,0.79,100,0.79,0.82,0.03,0.023290395736694336
balloon,0.79,100,0.79,0.76,0.03,0.02454662322998047
balloon,0.79,100,0.79,0.79,0.0,0.01766490936279297
balloon,0.79,100,0.79,0.78,0.01,0.02472209930419922
balloon,0.79,100,0.79,0.76,0.03,0.026240110397338867
balloon,0.79,100,0.79,0.78,0.01,0.027374744415283203
balloon,0.79,100,0.79,0.79,0.0,0.024909019470214844
balloon,0.79,100,0.79,0.75,0.04,0.022021055221557617
balloon,0.84,100,0.84,0.8,0.04,0.023704051971435547
balloon,0.84,100,0.84,0.82,0.02,0.024762868881225586
balloon,0.84,100,0.84,0.82,0.02,0.02616739273071289
balloon,0.84,100,0.84,0.87,0.03,0.020534038543701172
balloon,0.84,100,0.84,0.83,0.01,0.02088475227355957
balloon,0.84,100,0.84,0.83,0.01,0.018173933029174805
balloon,0.84,100,0.84,0.8,0.04,0.024888992309570312
balloon,0.84,100,0.84,0.83,0.01,0.024051189422607422
balloon,0.84,100,0.84,0.83,0.01,0.024243593215942383
balloon,0.84,100,0.84,0.82,0.02,0.026582717895507812
balloon,0.89,100,0.89,0.86,0.03,0.023325443267822266
balloon,0.89,100,0.89,0.9,0.01,0.02439117431640625
balloon,0.89,100,0.89,0.89,0.0,0.0240328311920166
balloon,0.89,100,0.89,0.84,0.05,0.023465633392333984
balloon,0.89,100,0.89,0.92,0.03,0.02315831184387207
balloon,0.89,100,0.89,0.9,0.01,0.021347761154174805
balloon,0.89,100,0.89,0.88,0.01,0.023973703384399414
balloon,0.89,100,0.89,0.87,0.02,0.022806644439697266
balloon,0.89,100,0.89,0.85,0.04,0.023015499114990234
balloon,0.89,100,0.89,0.85,0.04,0.02404475212097168
balloon,0.95,100,0.95,0.94,0.01,0.018188953399658203
balloon,0.95,100,0.95,0.93,0.02,0.024971485137939453
balloon,0.95,100,0.95,0.97,0.02,0.024351835250854492
balloon,0.95,100,0.95,0.93,0.02,0.026372671127319336
balloon,0.95,100,0.95,0.93,0.02,0.011616945266723633
balloon,0.95,100,0.95,0.96,0.01,0.026710033416748047
balloon,0.95,100,0.95,0.94,0.01,0.020071983337402344
balloon,0.95,100,0.95,0.95,0.0,0.020076274871826172
balloon,0.95,100,0.95,0.97,0.02,0.020292282104492188
balloon,0.95,100,0.95,0.94,0.01,0.023905515670776367
balloon,1.0,100,1.0,1.0,0.0,0.023534536361694336
balloon,1.0,100,1.0,1.0,0.0,0.024246931076049805
balloon,1.0,100,1.0,1.0,0.0,0.02412247657775879
balloon,1.0,100,1.0,1.0,0.0,0.0219113826751709
balloon,1.0,100,1.0,1.0,0.0,0.023650407791137695
balloon,1.0,100,1.0,1.0,0.0,0.02829766273498535
balloon,1.0,100,1.0,1.0,0.0,0.024790525436401367
balloon,1.0,100,1.0,1.0,0.0,0.02223658561706543
balloon,1.0,100,1.0,1.0,0.0,0.02385234832763672
balloon,1.0,100,1.0,1.0,0.0,0.024203062057495117
bank8FM,0.0,100,0.0,0.0,0.0,0.0328369140625
bank8FM,0.0,100,0.0,0.0,0.0,0.024520397186279297
bank8FM,0.0,100,0.0,0.01,0.01,0.027486562728881836
bank8FM,0.0,100,0.0,0.01,0.01,0.024508953094482422
bank8FM,0.0,100,0.0,0.02,0.02,0.024978160858154297
bank8FM,0.0,100,0.0,0.0,0.0,0.0248262882232666
bank8FM,0.0,100,0.0,0.0,0.0,0.024808406829833984
bank8FM,0.0,100,0.0,0.0,0.0,0.023928165435791016
bank8FM,0.0,100,0.0,0.0,0.0,0.021513938903808594
bank8FM,0.0,100,0.0,0.0,0.0,0.025914669036865234
bank8FM,0.05,100,0.05,0.03,0.02,0.02669358253479004
bank8FM,0.05,100,0.05,0.05,0.0,0.028230667114257812
bank8FM,0.05,100,0.05,0.04,0.01,0.024696826934814453
bank8FM,0.05,100,0.05,0.05,0.0,0.020162343978881836
bank8FM,0.05,100,0.05,0.06,0.01,0.027920961380004883
bank8FM,0.05,100,0.05,0.05,0.0,0.026445388793945312
bank8FM,0.05,100,0.05,0.05,0.0,0.02490687370300293
bank8FM,0.05,100,0.05,0.07,0.02,0.0272676944732666
bank8FM,0.05,100,0.05,0.05,0.0,0.02412128448486328
bank8FM,0.05,100,0.05,0.07,0.02,0.02617621421813965
bank8FM,0.11,100,0.11,0.11,0.0,0.028138399124145508
bank8FM,0.11,100,0.11,0.12,0.01,0.02464747428894043
bank8FM,0.11,100,0.11,0.11,0.0,0.031861066818237305
bank8FM,0.11,100,0.11,0.1,0.01,0.024829626083374023
bank8FM,0.11,100,0.11,0.13,0.02,0.024575471878051758
bank8FM,0.11,100,0.11,0.12,0.01,0.02446579933166504
bank8FM,0.11,100,0.11,0.08,0.03,0.02553534507751465
bank8FM,0.11,100,0.11,0.12,0.01,0.024736642837524414
bank8FM,0.11,100,0.11,0.08,0.03,0.02699422836303711
bank8FM,0.11,100,0.11,0.14,0.03,0.03482365608215332
bank8FM,0.16,100,0.16,0.18,0.02,0.03183722496032715
bank8FM,0.16,100,0.16,0.16,0.0,0.025269269943237305
bank8FM,0.16,100,0.16,0.16,0.0,0.02492070198059082
bank8FM,0.16,100,0.16,0.18,0.02,0.024445772171020508
bank8FM,0.16,100,0.16,0.17,0.01,0.021441221237182617
bank8FM,0.16,100,0.16,0.17,0.01,0.018143653869628906
bank8FM,0.16,100,0.16,0.19,0.03,0.02476644515991211
bank8FM,0.16,100,0.16,0.18,0.02,0.028185606002807617
bank8FM,0.16,100,0.16,0.17,0.01,0.024825334548950195
bank8FM,0.16,100,0.16,0.18,0.02,0.02057504653930664
bank8FM,0.21,100,0.21,0.23,0.02,0.02902817726135254
bank8FM,0.21,100,0.21,0.2,0.01,0.022082090377807617
bank8FM,0.21,100,0.21,0.21,0.0,0.02419447898864746
bank8FM,0.21,100,0.21,0.18,0.03,0.024178028106689453
bank8FM,0.21,100,0.21,0.24,0.03,0.02467179298400879
bank8FM,0.21,100,0.21,0.21,0.0,0.024886608123779297
bank8FM,0.21,100,0.21,0.23,0.02,0.024498939514160156
bank8FM,0.21,100,0.21,0.21,0.0,0.03245735168457031
bank8FM,0.21,100,0.21,0.23,0.02,0.0242002010345459
bank8FM,0.21,100,0.21,0.22,0.01,0.025310516357421875
bank8FM,0.26,100,0.26,0.26,0.0,0.02577996253967285
bank8FM,0.26,100,0.26,0.25,0.01,0.021406173706054688
bank8FM,0.26,100,0.26,0.24,0.02,0.02472090721130371
bank8FM,0.26,100,0.26,0.25,0.01,0.02429938316345215
bank8FM,0.26,100,0.26,0.27,0.01,0.029540538787841797
bank8FM,0.26,100,0.26,0.29,0.03,0.025216341018676758
bank8FM,0.26,100,0.26,0.3,0.04,0.026179790496826172
bank8FM,0.26,100,0.26,0.29,0.03,0.02417778968811035
bank8FM,0.26,100,0.26,0.25,0.01,0.029319047927856445
bank8FM,0.26,100,0.26,0.24,0.02,0.02414250373840332
bank8FM,0.32,100,0.32,0.31,0.01,0.027014493942260742
bank8FM,0.32,100,0.32,0.34,0.02,0.023572683334350586
bank8FM,0.32,100,0.32,0.36,0.04,0.03078174591064453
bank8FM,0.32,100,0.32,0.33,0.01,0.026049137115478516
bank8FM,0.32,100,0.32,0.31,0.01,0.02009105682373047
bank8FM,0.32,100,0.32,0.32,0.0,0.029779911041259766
bank8FM,0.32,100,0.32,0.29,0.03,0.024046897888183594
bank8FM,0.32,100,0.32,0.32,0.0,0.024830341339111328
bank8FM,0.32,100,0.32,0.29,0.03,0.020385026931762695
bank8FM,0.32,100,0.32,0.29,0.03,0.026385784149169922
bank8FM,0.37,100,0.37,0.36,0.01,0.026103734970092773
bank8FM,0.37,100,0.37,0.39,0.02,0.025356054306030273
bank8FM,0.37,100,0.37,0.41,0.04,0.021660566329956055
bank8FM,0.37,100,0.37,0.38,0.01,0.02444624900817871
bank8FM,0.37,100,0.37,0.35,0.02,0.018166303634643555
bank8FM,0.37,100,0.37,0.37,0.0,0.022690773010253906
bank8FM,0.37,100,0.37,0.41,0.04,0.02393484115600586
bank8FM,0.37,100,0.37,0.39,0.02,0.028960704803466797
bank8FM,0.37,100,0.37,0.35,0.02,0.02632761001586914
bank8FM,0.37,100,0.37,0.37,0.0,0.02459406852722168
bank8FM,0.42,100,0.42,0.41,0.01,0.024631500244140625
bank8FM,0.42,100,0.42,0.43,0.01,0.02542424201965332
bank8FM,0.42,100,0.42,0.42,0.0,0.02379155158996582
bank8FM,0.42,100,0.42,0.45,0.03,0.029805898666381836
bank8FM,0.42,100,0.42,0.44,0.02,0.025449514389038086
bank8FM,0.42,100,0.42,0.39,0.03,0.027393102645874023
bank8FM,0.42,100,0.42,0.38,0.04,0.025496482849121094
bank8FM,0.42,100,0.42,0.45,0.03,0.024619579315185547
bank8FM,0.42,100,0.42,0.36,0.06,0.025040864944458008
bank8FM,0.42,100,0.42,0.4,0.02,0.024750232696533203
bank8FM,0.47,100,0.47,0.5,0.03,0.024137020111083984
bank8FM,0.47,100,0.47,0.45,0.02,0.02418828010559082
bank8FM,0.47,100,0.47,0.45,0.02,0.025734901428222656
bank8FM,0.47,100,0.47,0.51,0.04,0.024137258529663086
bank8FM,0.47,100,0.47,0.5,0.03,0.018259763717651367
bank8FM,0.47,100,0.47,0.48,0.01,0.024235963821411133
bank8FM,0.47,100,0.47,0.49,0.02,0.022067785263061523
bank8FM,0.47,100,0.47,0.44,0.03,0.024271488189697266
bank8FM,0.47,100,0.47,0.48,0.01,0.022432327270507812
bank8FM,0.47,100,0.47,0.48,0.01,0.023538589477539062
bank8FM,0.53,100,0.53,0.57,0.04,0.024140119552612305
bank8FM,0.53,100,0.53,0.54,0.01,0.02168583869934082
bank8FM,0.53,100,0.53,0.53,0.0,0.020253658294677734
bank8FM,0.53,100,0.53,0.52,0.01,0.020264625549316406
bank8FM,0.53,100,0.53,0.55,0.02,0.026822805404663086
bank8FM,0.53,100,0.53,0.52,0.01,0.024071455001831055
bank8FM,0.53,100,0.53,0.53,0.0,0.025672435760498047
bank8FM,0.53,100,0.53,0.51,0.02,0.025379657745361328
bank8FM,0.53,100,0.53,0.51,0.02,0.025577545166015625
bank8FM,0.53,100,0.53,0.49,0.04,0.024404048919677734
bank8FM,0.58,100,0.58,0.58,0.0,0.024924278259277344
bank8FM,0.58,100,0.58,0.64,0.06,0.024369001388549805
bank8FM,0.58,100,0.58,0.56,0.02,0.024936676025390625
bank8FM,0.58,100,0.58,0.59,0.01,0.02566218376159668
bank8FM,0.58,100,0.58,0.6,0.02,0.02787613868713379
bank8FM,0.58,100,0.58,0.59,0.01,0.024799346923828125
bank8FM,0.58,100,0.58,0.56,0.02,0.024704456329345703
bank8FM,0.58,100,0.58,0.62,0.04,0.02419734001159668
bank8FM,0.58,100,0.58,0.58,0.0,0.024250507354736328
bank8FM,0.58,100,0.58,0.61,0.03,0.024280548095703125
bank8FM,0.63,100,0.63,0.64,0.01,0.020758867263793945
bank8FM,0.63,100,0.63,0.63,0.0,0.018802642822265625
bank8FM,0.63,100,0.63,0.62,0.01,0.01765608787536621
bank8FM,0.63,100,0.63,0.64,0.01,0.02541327476501465
bank8FM,0.63,100,0.63,0.65,0.02,0.029832839965820312
bank8FM,0.63,100,0.63,0.65,0.02,0.025263547897338867
bank8FM,0.63,100,0.63,0.62,0.01,0.024188756942749023
bank8FM,0.63,100,0.63,0.64,0.01,0.021393299102783203
bank8FM,0.63,100,0.63,0.61,0.02,0.02478504180908203
bank8FM,0.63,100,0.63,0.63,0.0,0.030867338180541992
bank8FM,0.68,100,0.68,0.68,0.0,0.02158355712890625
bank8FM,0.68,100,0.68,0.67,0.01,0.019616127014160156
bank8FM,0.68,100,0.68,0.69,0.01,0.025097370147705078
bank8FM,0.68,100,0.68,0.69,0.01,0.022627592086791992
bank8FM,0.68,100,0.68,0.67,0.01,0.025107860565185547
bank8FM,0.68,100,0.68,0.66,0.02,0.0281827449798584
bank8FM,0.68,100,0.68,0.65,0.03,0.02691817283630371
bank8FM,0.68,100,0.68,0.71,0.03,0.0217897891998291
bank8FM,0.68,100,0.68,0.66,0.02,0.0252993106842041
bank8FM,0.68,100,0.68,0.7,0.02,0.02446269989013672
bank8FM,0.74,100,0.74,0.73,0.01,0.02474522590637207
bank8FM,0.74,100,0.74,0.72,0.02,0.0203554630279541
bank8FM,0.74,100,0.74,0.71,0.03,0.02358698844909668
bank8FM,0.74,100,0.74,0.74,0.0,0.02480936050415039
bank8FM,0.74,100,0.74,0.8,0.06,0.020436525344848633
bank8FM,0.74,100,0.74,0.76,0.02,0.026777029037475586
bank8FM,0.74,100,0.74,0.74,0.0,0.02135920524597168
bank8FM,0.74,100,0.74,0.75,0.01,0.024307966232299805
bank8FM,0.74,100,0.74,0.73,0.01,0.026363849639892578
bank8FM,0.74,100,0.74,0.74,0.0,0.033583879470825195
bank8FM,0.79,100,0.79,0.77,0.02,0.021992206573486328
bank8FM,0.79,100,0.79,0.81,0.02,0.024758100509643555
bank8FM,0.79,100,0.79,0.74,0.05,0.024905681610107422
bank8FM,0.79,100,0.79,0.81,0.02,0.024670839309692383
bank8FM,0.79,100,0.79,0.77,0.02,0.01770782470703125
bank8FM,0.79,100,0.79,0.76,0.03,0.02530503273010254
bank8FM,0.79,100,0.79,0.78,0.01,0.022594928741455078
bank8FM,0.79,100,0.79,0.76,0.03,0.02530813217163086
bank8FM,0.79,100,0.79,0.81,0.02,0.02637195587158203
bank8FM,0.79,100,0.79,0.8,0.01,0.025252580642700195
bank8FM,0.84,100,0.84,0.84,0.0,0.02532649040222168
bank8FM,0.84,100,0.84,0.83,0.01,0.029643774032592773
bank8FM,0.84,100,0.84,0.84,0.0,0.027345657348632812
bank8FM,0.84,100,0.84,0.87,0.03,0.024340152740478516
bank8FM,0.84,100,0.84,0.84,0.0,0.02500462532043457
bank8FM,0.84,100,0.84,0.82,0.02,0.022197961807250977
bank8FM,0.84,100,0.84,0.85,0.01,0.023337602615356445
bank8FM,0.84,100,0.84,0.85,0.01,0.020244121551513672
bank8FM,0.84,100,0.84,0.86,0.02,0.024251699447631836
bank8FM,0.84,100,0.84,0.86,0.02,0.025424957275390625
bank8FM,0.89,100,0.89,0.89,0.0,0.020525455474853516
bank8FM,0.89,100,0.89,0.9,0.01,0.024168729782104492
bank8FM,0.89,100,0.89,0.9,0.01,0.01819300651550293
bank8FM,0.89,100,0.89,0.9,0.01,0.025307416915893555
bank8FM,0.89,100,0.89,0.9,0.01,0.02218794822692871
bank8FM,0.89,100,0.89,0.9,0.01,0.022457599639892578
bank8FM,0.89,100,0.89,0.88,0.01,0.018175840377807617
bank8FM,0.89,100,0.89,0.88,0.01,0.02970147132873535
bank8FM,0.89,100,0.89,0.88,0.01,0.025333642959594727
bank8FM,0.89,100,0.89,0.88,0.01,0.020569324493408203
bank8FM,0.95,100,0.95,0.93,0.02,0.02557682991027832
bank8FM,0.95,100,0.95,0.95,0.0,0.024172544479370117
bank8FM,0.95,100,0.95,0.94,0.01,0.02727341651916504
bank8FM,0.95,100,0.95,0.94,0.01,0.02880382537841797
bank8FM,0.95,100,0.95,0.97,0.02,0.02437424659729004
bank8FM,0.95,100,0.95,0.95,0.0,0.01946234703063965
bank8FM,0.95,100,0.95,0.95,0.0,0.03037571907043457
bank8FM,0.95,100,0.95,0.94,0.01,0.021178245544433594
bank8FM,0.95,100,0.95,0.92,0.03,0.0224001407623291
bank8FM,0.95,100,0.95,0.96,0.01,0.026324987411499023
bank8FM,1.0,100,1.0,1.0,0.0,0.030386924743652344
bank8FM,1.0,100,1.0,1.0,0.0,0.020251989364624023
bank8FM,1.0,100,1.0,0.99,0.01,0.024254560470581055
bank8FM,1.0,100,1.0,1.0,0.0,0.024190902709960938
bank8FM,1.0,100,1.0,1.0,0.0,0.02308797836303711
bank8FM,1.0,100,1.0,1.0,0.0,0.025177001953125
bank8FM,1.0,100,1.0,0.99,0.01,0.02536773681640625
bank8FM,1.0,100,1.0,1.0,0.0,0.02116227149963379
bank8FM,1.0,100,1.0,1.0,0.0,0.025739192962646484
bank8FM,1.0,100,1.0,1.0,0.0,0.031954050064086914
churn,0.0,100,0.0,0.0,0.0,0.02722311019897461
churn,0.0,100,0.0,0.0,0.0,0.020188093185424805
churn,0.0,100,0.0,0.02,0.02,0.025369644165039062
churn,0.0,100,0.0,0.0,0.0,0.021689414978027344
churn,0.0,100,0.0,0.02,0.02,0.024164915084838867
churn,0.0,100,0.0,0.0,0.0,0.023762226104736328
churn,0.0,100,0.0,0.0,0.0,0.01818108558654785
churn,0.0,100,0.0,0.0,0.0,0.022757291793823242
churn,0.0,100,0.0,0.02,0.02,0.01968240737915039
churn,0.0,100,0.0,0.08,0.08,0.02406477928161621
churn,0.05,100,0.05,0.04,0.01,0.022144079208374023
churn,0.05,100,0.05,0.05,0.0,0.02807450294494629
churn,0.05,100,0.05,0.0,0.05,0.02526259422302246
churn,0.05,100,0.05,0.08,0.03,0.02802419662475586
churn,0.05,100,0.05,0.08,0.03,0.023402929306030273
churn,0.05,100,0.05,0.19,0.14,0.018703699111938477
churn,0.05,100,0.05,0.01,0.04,0.01952052116394043
churn,0.05,100,0.05,0.04,0.01,0.024211883544921875
churn,0.05,100,0.05,0.09,0.04,0.020696640014648438
churn,0.05,100,0.05,0.0,0.05,0.02026224136352539
churn,0.11,100,0.11,0.16,0.05,0.026287555694580078
churn,0.11,100,0.11,0.06,0.05,0.02264547348022461
churn,0.11,100,0.11,0.18,0.07,0.023612260818481445
churn,0.11,100,0.11,0.16,0.05,0.024144649505615234
churn,0.11,100,0.11,0.09,0.02,0.034989356994628906
churn,0.11,100,0.11,0.1,0.01,0.026986360549926758
churn,0.11,100,0.11,0.13,0.02,0.02533125877380371
churn,0.11,100,0.11,0.25,0.14,0.03286480903625488
churn,0.11,100,0.11,0.04,0.07,0.022476911544799805
churn,0.11,100,0.11,0.15,0.04,0.024394750595092773
churn,0.16,100,0.16,0.13,0.03,0.031899452209472656
churn,0.16,100,0.16,0.23,0.07,0.020656585693359375
churn,0.16,100,0.16,0.26,0.1,0.029201984405517578
churn,0.16,100,0.16,0.32,0.16,0.024140119552612305
churn,0.16,100,0.16,0.12,0.04,0.02158045768737793
churn,0.16,100,0.16,0.19,0.03,0.023466110229492188
churn,0.16,100,0.16,0.03,0.13,0.028673410415649414
churn,0.16,100,0.16,0.22,0.06,0.021623611450195312
churn,0.16,100,0.16,0.24,0.08,0.02609705924987793
churn,0.16,100,0.16,0.08,0.08,0.024202585220336914
churn,0.21,100,0.21,0.16,0.05,0.028978347778320312
churn,0.21,100,0.21,0.18,0.03,0.023669719696044922
churn,0.21,100,0.21,0.22,0.01,0.024852991104125977
churn,0.21,100,0.21,0.18,0.03,0.024017333984375
churn,0.21,100,0.21,0.45,0.24,0.023348569869995117
churn,0.21,100,0.21,0.09,0.12,0.02226424217224121
churn,0.21,100,0.21,0.15,0.06,0.01952672004699707
churn,0.21,100,0.21,0.21,0.0,0.024316072463989258
churn,0.21,100,0.21,0.15,0.06,0.023430824279785156
churn,0.21,100,0.21,0.25,0.04,0.025272130966186523
churn,0.26,100,0.26,0.24,0.02,0.0248105525970459
churn,0.26,100,0.26,0.24,0.02,0.024554729461669922
churn,0.26,100,0.26,0.35,0.09,0.019924402236938477
churn,0.26,100,0.26,0.33,0.07,0.02486252784729004
churn,0.26,100,0.26,0.3,0.04,0.02696514129638672
churn,0.26,100,0.26,0.26,0.0,0.028426170349121094
churn,0.26,100,0.26,0.23,0.03,0.023750782012939453
churn,0.26,100,0.26,0.33,0.07,0.021639108657836914
churn,0.26,100,0.26,0.44,0.18,0.024402856826782227
churn,0.26,100,0.26,0.25,0.01,0.02337956428527832
churn,0.32,100,0.32,0.28,0.04,0.01824331283569336
churn,0.32,100,0.32,0.32,0.0,0.026194095611572266
churn,0.32,100,0.32,0.47,0.15,0.03070855140686035
churn,0.32,100,0.32,0.37,0.05,0.023984432220458984
churn,0.32,100,0.32,0.4,0.08,0.024845361709594727
churn,0.32,100,0.32,0.33,0.01,0.024227142333984375
churn,0.32,100,0.32,0.3,0.02,0.027286767959594727
churn,0.32,100,0.32,0.33,0.01,0.024240970611572266
churn,0.32,100,0.32,0.36,0.04,0.02481245994567871
churn,0.32,100,0.32,0.26,0.06,0.025086641311645508
churn,0.37,100,0.37,0.41,0.04,0.030375957489013672
churn,0.37,100,0.37,0.4,0.03,0.024388551712036133
churn,0.37,100,0.37,0.46,0.09,0.02785015106201172
churn,0.37,100,0.37,0.51,0.14,0.024904727935791016
churn,0.37,100,0.37,0.4,0.03,0.024191617965698242
churn,0.37,100,0.37,0.44,0.07,0.025048017501831055
churn,0.37,100,0.37,0.38,0.01,0.024874448776245117
churn,0.37,100,0.37,0.42,0.05,0.023694992065429688
churn,0.37,100,0.37,0.39,0.02,0.02491617202758789
churn,0.37,100,0.37,0.41,0.04,0.0193021297454834
churn,0.42,100,0.42,0.48,0.06,0.02805352210998535
churn,0.42,100,0.42,0.45,0.03,0.02521681785583496
churn,0.42,100,0.42,0.45,0.03,0.02138805389404297
churn,0.42,100,0.42,0.33,0.09,0.026196956634521484
churn,0.42,100,0.42,0.41,0.01,0.024646759033203125
churn,0.42,100,0.42,0.39,0.03,0.023719310760498047
churn,0.42,100,0.42,0.47,0.05,0.024590253829956055
churn,0.42,100,0.42,0.4,0.02,0.021890640258789062
churn,0.42,100,0.42,0.45,0.03,0.024356365203857422
churn,0.42,100,0.42,0.39,0.03,0.023628711700439453
churn,0.47,100,0.47,0.54,0.07,0.024842500686645508
churn,0.47,100,0.47,0.52,0.05,0.02217268943786621
churn,0.47,100,0.47,0.55,0.08,0.026272058486938477
churn,0.47,100,0.47,0.49,0.02,0.02498316764831543
churn,0.47,100,0.47,0.55,0.08,0.02378988265991211
churn,0.47,100,0.47,0.43,0.04,0.024320602416992188
churn,0.47,100,0.47,0.53,0.06,0.024563074111938477
churn,0.47,100,0.47,0.41,0.06,0.020517349243164062
churn,0.47,100,0.47,0.47,0.0,0.024289608001708984
churn,0.47,100,0.47,0.43,0.04,0.030815839767456055
churn,0.53,100,0.53,0.5,0.03,0.02215743064880371
churn,0.53,100,0.53,0.65,0.12,0.021870136260986328
churn,0.53,100,0.53,0.68,0.15,0.024451494216918945
churn,0.53,100,0.53,0.62,0.09,0.02248406410217285
churn,0.53,100,0.53,0.69,0.16,0.027930498123168945
churn,0.53,100,0.53,0.58,0.05,0.022617816925048828
churn,0.53,100,0.53,0.64,0.11,0.024034976959228516
churn,0.53,100,0.53,0.64,0.11,0.024236440658569336
churn,0.53,100,0.53,0.49,0.04,0.027275800704956055
churn,0.53,100,0.53,0.61,0.08,0.02519059181213379
churn,0.58,100,0.58,0.63,0.05,0.023886680603027344
churn,0.58,100,0.58,0.66,0.08,0.02389359474182129
churn,0.58,100,0.58,0.6,0.02,0.023297786712646484
churn,0.58,100,0.58,0.62,0.04,0.02817988395690918
churn,0.58,100,0.58,0.65,0.07,0.024773359298706055
churn,0.58,100,0.58,0.56,0.02,0.02673053741455078
churn,0.58,100,0.58,0.53,0.05,0.02264404296875
churn,0.58,100,0.58,0.5,0.08,0.023243427276611328
churn,0.58,100,0.58,0.57,0.01,0.024200439453125
churn,0.58,100,0.58,0.65,0.07,0.024140119552612305
churn,0.63,100,0.63,0.71,0.08,0.024764299392700195
churn,0.63,100,0.63,0.66,0.03,0.02367544174194336
churn,0.63,100,0.63,0.65,0.02,0.024808883666992188
churn,0.63,100,0.63,0.64,0.01,0.02312636375427246
churn,0.63,100,0.63,0.68,0.05,0.023639202117919922
churn,0.63,100,0.63,0.72,0.09,0.02467632293701172
churn,0.63,100,0.63,0.74,0.11,0.02424764633178711
churn,0.63,100,0.63,0.74,0.11,0.025994539260864258
churn,0.63,100,0.63,0.67,0.04,0.02227616310119629
churn,0.63,100,0.63,0.65,0.02,0.01762676239013672
churn,0.68,100,0.68,0.66,0.02,0.023481369018554688
churn,0.68,100,0.68,0.67,0.01,0.02442026138305664
churn,0.68,100,0.68,0.8,0.12,0.018169164657592773
churn,0.68,100,0.68,0.63,0.05,0.018930912017822266
churn,0.68,100,0.68,0.74,0.06,0.030369997024536133
churn,0.68,100,0.68,0.67,0.01,0.024935483932495117
churn,0.68,100,0.68,0.75,0.07,0.024242639541625977
churn,0.68,100,0.68,0.76,0.08,0.03185439109802246
churn,0.68,100,0.68,0.78,0.1,0.022357940673828125
churn,0.68,100,0.68,0.75,0.07,0.023453712463378906
churn,0.74,100,0.74,0.66,0.08,0.03182506561279297
churn,0.74,100,0.74,0.8,0.06,0.023350954055786133
churn,0.74,100,0.74,0.84,0.1,0.029015541076660156
churn,0.74,100,0.74,0.83,0.09,0.024140357971191406
churn,0.74,100,0.74,0.78,0.04,0.020485877990722656
churn,0.74,100,0.74,0.75,0.01,0.02702617645263672
churn,0.74,100,0.74,0.84,0.1,0.026832103729248047
churn,0.74,100,0.74,0.75,0.01,0.02276921272277832
churn,0.74,100,0.74,0.73,0.01,0.02476644515991211
churn,0.74,100,0.74,0.8,0.06,0.025285959243774414
churn,0.79,100,0.79,0.86,0.07,0.025746822357177734
churn,0.79,100,0.79,0.85,0.06,0.02044367790222168
churn,0.79,100,0.79,0.83,0.04,0.024304628372192383
churn,0.79,100,0.79,0.83,0.04,0.017792940139770508
churn,0.79,100,0.79,0.85,0.06,0.024524688720703125
churn,0.79,100,0.79,0.81,0.02,0.023701190948486328
churn,0.79,100,0.79,0.73,0.06,0.024349451065063477
churn,0.79,100,0.79,0.85,0.06,0.021643400192260742
churn,0.79,100,0.79,0.81,0.02,0.026298999786376953
churn,0.79,100,0.79,0.84,0.05,0.023998022079467773
churn,0.84,100,0.84,0.9,0.06,0.026221752166748047
churn,0.84,100,0.84,0.82,0.02,0.03035259246826172
churn,0.84,100,0.84,0.75,0.09,0.024257183074951172
churn,0.84,100,0.84,0.97,0.13,0.029188156127929688
churn,0.84,100,0.84,0.97,0.13,0.027181625366210938
churn,0.84,100,0.84,0.93,0.09,0.03278779983520508
churn,0.84,100,0.84,0.87,0.03,0.021924495697021484
churn,0.84,100,0.84,0.83,0.01,0.033299922943115234
churn,0.84,100,0.84,0.84,0.0,0.022251367568969727
churn,0.84,100,0.84,0.84,0.0,0.027257680892944336
churn,0.89,100,0.89,0.92,0.03,0.024218320846557617
churn,0.89,100,0.89,0.79,0.1,0.025370121002197266
churn,0.89,100,0.89,0.92,0.03,0.029805421829223633
churn,0.89,100,0.89,0.9,0.01,0.023302316665649414
churn,0.89,100,0.89,0.99,0.1,0.026777982711791992
churn,0.89,100,0.89,0.94,0.05,0.02317523956298828
churn,0.89,100,0.89,0.87,0.02,0.024472475051879883
churn,0.89,100,0.89,0.91,0.02,0.024332523345947266
churn,0.89,100,0.89,1.0,0.11,0.018171310424804688
churn,0.89,100,0.89,0.93,0.04,0.022313833236694336
churn,0.95,100,0.95,1.0,0.05,0.024700164794921875
churn,0.95,100,0.95,1.0,0.05,0.02434253692626953
churn,0.95,100,0.95,0.95,0.0,0.023636341094970703
churn,0.95,100,0.95,1.0,0.05,0.02406144142150879
churn,0.95,100,0.95,0.97,0.02,0.02352595329284668
churn,0.95,100,0.95,1.0,0.05,0.033843040466308594
churn,0.95,100,0.95,0.9,0.05,0.024970531463623047
churn,0.95,100,0.95,1.0,0.05,0.02095341682434082
churn,0.95,100,0.95,1.0,0.05,0.02132415771484375
churn,0.95,100,0.95,0.94,0.01,0.02363300323486328
churn,1.0,100,1.0,1.0,0.0,0.025832176208496094
churn,1.0,100,1.0,1.0,0.0,0.023148059844970703
churn,1.0,100,1.0,1.0,0.0,0.024001121520996094
churn,1.0,100,1.0,0.99,0.01,0.024304866790771484
churn,1.0,100,1.0,1.0,0.0,0.023095369338989258
churn,1.0,100,1.0,1.0,0.0,0.025677919387817383
churn,1.0,100,1.0,1.0,0.0,0.025150299072265625
churn,1.0,100,1.0,1.0,0.0,0.024846315383911133
churn,1.0,100,1.0,1.0,0.0,0.024799823760986328
churn,1.0,100,1.0,1.0,0.0,0.02460789680480957
clean2,0.0,100,0.0,0.0,0.0,0.019308090209960938
clean2,0.0,100,0.0,0.0,0.0,0.024330854415893555
clean2,0.0,100,0.0,0.0,0.0,0.024273157119750977
clean2,0.0,100,0.0,0.0,0.0,0.022207021713256836
clean2,0.0,100,0.0,0.0,0.0,0.023621797561645508
clean2,0.0,100,0.0,0.0,0.0,0.023916959762573242
clean2,0.0,100,0.0,0.0,0.0,0.023973464965820312
clean2,0.0,100,0.0,0.0,0.0,0.024600505828857422
clean2,0.0,100,0.0,0.0,0.0,0.024958372116088867
clean2,0.0,100,0.0,0.0,0.0,0.02350020408630371
clean2,0.05,100,0.05,0.05,0.0,0.02433943748474121
clean2,0.05,100,0.05,0.05,0.0,0.027423620223999023
clean2,0.05,100,0.05,0.05,0.0,0.02141594886779785
clean2,0.05,100,0.05,0.05,0.0,0.02078557014465332
clean2,0.05,100,0.05,0.05,0.0,0.031701087951660156
clean2,0.05,100,0.05,0.05,0.0,0.02364063262939453
clean2,0.05,100,0.05,0.05,0.0,0.024199962615966797
clean2,0.05,100,0.05,0.05,0.0,0.021671295166015625
clean2,0.05,100,0.05,0.05,0.0,0.024173736572265625
clean2,0.05,100,0.05,0.05,0.0,0.029596328735351562
clean2,0.11,100,0.11,0.11,0.0,0.027144670486450195
clean2,0.11,100,0.11,0.11,0.0,0.03008270263671875
clean2,0.11,100,0.11,0.11,0.0,0.025246858596801758
clean2,0.11,100,0.11,0.1,0.01,0.025128602981567383
clean2,0.11,100,0.11,0.11,0.0,0.029244184494018555
clean2,0.11,100,0.11,0.1,0.01,0.02584385871887207
clean2,0.11,100,0.11,0.11,0.0,0.019840717315673828
clean2,0.11,100,0.11,0.11,0.0,0.025250911712646484
clean2,0.11,100,0.11,0.11,0.0,0.028277873992919922
clean2,0.11,100,0.11,0.11,0.0,0.02482151985168457
clean2,0.16,100,0.16,0.16,0.0,0.02433323860168457
clean2,0.16,100,0.16,0.16,0.0,0.023622989654541016
clean2,0.16,100,0.16,0.16,0.0,0.024302005767822266
clean2,0.16,100,0.16,0.15,0.01,0.027266979217529297
clean2,0.16,100,0.16,0.16,0.0,0.02463674545288086
clean2,0.16,100,0.16,0.16,0.0,0.024244070053100586
clean2,0.16,100,0.16,0.16,0.0,0.020443439483642578
clean2,0.16,100,0.16,0.16,0.0,0.024091720581054688
clean2,0.16,100,0.16,0.15,0.01,0.015552997589111328
clean2,0.16,100,0.16,0.16,0.0,0.02422499656677246
clean2,0.21,100,0.21,0.21,0.0,0.02050042152404785
clean2,0.21,100,0.21,0.21,0.0,0.02321338653564453
clean2,0.21,100,0.21,0.21,0.0,0.024191856384277344
clean2,0.21,100,0.21,0.2,0.01,0.02434253692626953
clean2,0.21,100,0.21,0.21,0.0,0.024260997772216797
clean2,0.21,100,0.21,0.21,0.0,0.02432847023010254
clean2,0.21,100,0.21,0.21,0.0,0.02470564842224121
clean2,0.21,100,0.21,0.21,0.0,0.02415323257446289
clean2,0.21,100,0.21,0.21,0.0,0.02700066566467285
clean2,0.21,100,0.21,0.21,0.0,0.024169206619262695
clean2,0.26,100,0.26,0.26,0.0,0.023533105850219727
clean2,0.26,100,0.26,0.25,0.01,0.026047706604003906
clean2,0.26,100,0.26,0.26,0.0,0.02690744400024414
clean2,0.26,100,0.26,0.26,0.0,0.025304555892944336
clean2,0.26,100,0.26,0.26,0.0,0.023930072784423828
clean2,0.26,100,0.26,0.26,0.0,0.02476024627685547
clean2,0.26,100,0.26,0.26,0.0,0.024246931076049805
clean2,0.26,100,0.26,0.26,0.0,0.02563643455505371
clean2,0.26,100,0.26,0.26,0.0,0.024781227111816406
clean2,0.26,100,0.26,0.25,0.01,0.021814346313476562
clean2,0.32,100,0.32,0.32,0.0,0.02906060218811035
clean2,0.32,100,0.32,0.32,0.0,0.026775598526000977
clean2,0.32,100,0.32,0.32,0.0,0.02513718605041504
clean2,0.32,100,0.32,0.32,0.0,0.02575397491455078
clean2,0.32,100,0.32,0.32,0.0,0.02337646484375
clean2,0.32,100,0.32,0.32,0.0,0.024264097213745117
clean2,0.32,100,0.32,0.32,0.0,0.02432727813720703
clean2,0.32,100,0.32,0.32,0.0,0.024354219436645508
clean2,0.32,100,0.32,0.32,0.0,0.020003318786621094
clean2,0.32,100,0.32,0.32,0.0,0.027122020721435547
clean2,0.37,100,0.37,0.37,0.0,0.023647785186767578
clean2,0.37,100,0.37,0.37,0.0,0.017772912979125977
clean2,0.37,100,0.37,0.37,0.0,0.025458574295043945
clean2,0.37,100,0.37,0.36,0.01,0.026296615600585938
clean2,0.37,100,0.37,0.37,0.0,0.02032017707824707
clean2,0.37,100,0.37,0.37,0.0,0.027595996856689453
clean2,0.37,100,0.37,0.37,0.0,0.021684646606445312
clean2,0.37,100,0.37,0.37,0.0,0.033858299255371094
clean2,0.37,100,0.37,0.37,0.0,0.02287578582763672
clean2,0.37,100,0.37,0.37,0.0,0.02417445182800293
clean2,0.42,100,0.42,0.42,0.0,0.01819324493408203
clean2,0.42,100,0.42,0.42,0.0,0.020687103271484375
clean2,0.42,100,0.42,0.42,0.0,0.023734569549560547
clean2,0.42,100,0.42,0.42,0.0,0.022129297256469727
clean2,0.42,100,0.42,0.41,0.01,0.033469438552856445
clean2,0.42,100,0.42,0.42,0.0,0.0188143253326416
clean2,0.42,100,0.42,0.42,0.0,0.024210214614868164
clean2,0.42,100,0.42,0.42,0.0,0.023819446563720703
clean2,0.42,100,0.42,0.42,0.0,0.024234294891357422
clean2,0.42,100,0.42,0.41,0.01,0.023136377334594727
clean2,0.47,100,0.47,0.47,0.0,0.02069091796875
clean2,0.47,100,0.47,0.47,0.0,0.023493528366088867
clean2,0.47,100,0.47,0.47,0.0,0.026222944259643555
clean2,0.47,100,0.47,0.47,0.0,0.02833414077758789
clean2,0.47,100,0.47,0.46,0.01,0.026317596435546875
clean2,0.47,100,0.47,0.47,0.0,0.024791955947875977
clean2,0.47,100,0.47,0.47,0.0,0.024514198303222656
clean2,0.47,100,0.47,0.47,0.0,0.02148294448852539
clean2,0.47,100,0.47,0.47,0.0,0.027198314666748047
clean2,0.47,100,0.47,0.47,0.0,0.023733854293823242
clean2,0.53,100,0.53,0.53,0.0,0.023914098739624023
clean2,0.53,100,0.53,0.53,0.0,0.024797916412353516
clean2,0.53,100,0.53,0.53,0.0,0.02262735366821289
clean2,0.53,100,0.53,0.53,0.0,0.024368762969970703
clean2,0.53,100,0.53,0.53,0.0,0.026162147521972656
clean2,0.53,100,0.53,0.53,0.0,0.024829626083374023
clean2,0.53,100,0.53,0.53,0.0,0.02776813507080078
clean2,0.53,100,0.53,0.53,0.0,0.01947641372680664
clean2,0.53,100,0.53,0.53,0.0,0.024590015411376953
clean2,0.53,100,0.53,0.53,0.0,0.023339033126831055
clean2,0.58,100,0.58,0.58,0.0,0.024649620056152344
clean2,0.58,100,0.58,0.58,0.0,0.023512840270996094
clean2,0.58,100,0.58,0.58,0.0,0.026804208755493164
clean2,0.58,100,0.58,0.58,0.0,0.020265579223632812
clean2,0.58,100,0.58,0.58,0.0,0.02129530906677246
clean2,0.58,100,0.58,0.58,0.0,0.025453567504882812
clean2,0.58,100,0.58,0.58,0.0,0.030351638793945312
clean2,0.58,100,0.58,0.58,0.0,0.024393796920776367
clean2,0.58,100,0.58,0.58,0.0,0.0248262882232666
clean2,0.58,100,0.58,0.58,0.0,0.024671077728271484
clean2,0.63,100,0.63,0.63,0.0,0.024097442626953125
clean2,0.63,100,0.63,0.63,0.0,0.024222612380981445
clean2,0.63,100,0.63,0.63,0.0,0.02414870262145996
clean2,0.63,100,0.63,0.63,0.0,0.02422475814819336
clean2,0.63,100,0.63,0.63,0.0,0.017612218856811523
clean2,0.63,100,0.63,0.63,0.0,0.023619413375854492
clean2,0.63,100,0.63,0.63,0.0,0.026953935623168945
clean2,0.63,100,0.63,0.63,0.0,0.018706321716308594
clean2,0.63,100,0.63,0.63,0.0,0.024895906448364258
clean2,0.63,100,0.63,0.62,0.01,0.02355217933654785
clean2,0.68,100,0.68,0.68,0.0,0.024983882904052734
clean2,0.68,100,0.68,0.68,0.0,0.024806976318359375
clean2,0.68,100,0.68,0.68,0.0,0.023874998092651367
clean2,0.68,100,0.68,0.68,0.0,0.02414870262145996
clean2,0.68,100,0.68,0.68,0.0,0.02419900894165039
clean2,0.68,100,0.68,0.68,0.0,0.023466825485229492
clean2,0.68,100,0.68,0.68,0.0,0.027042150497436523
clean2,0.68,100,0.68,0.68,0.0,0.020344257354736328
clean2,0.68,100,0.68,0.68,0.0,0.024227619171142578
clean2,0.68,100,0.68,0.68,0.0,0.023278236389160156
clean2,0.74,100,0.74,0.74,0.0,0.024225711822509766
clean2,0.74,100,0.74,0.74,0.0,0.0246584415435791
clean2,0.74,100,0.74,0.74,0.0,0.02677154541015625
clean2,0.74,100,0.74,0.74,0.0,0.01942586898803711
clean2,0.74,100,0.74,0.74,0.0,0.024638652801513672
clean2,0.74,100,0.74,0.74,0.0,0.024731874465942383
clean2,0.74,100,0.74,0.74,0.0,0.024822235107421875
clean2,0.74,100,0.74,0.74,0.0,0.023287534713745117
clean2,0.74,100,0.74,0.74,0.0,0.02057480812072754
clean2,0.74,100,0.74,0.74,0.0,0.024143457412719727
clean2,0.79,100,0.79,0.79,0.0,0.024242401123046875
clean2,0.79,100,0.79,0.79,0.0,0.035890817642211914
clean2,0.79,100,0.79,0.79,0.0,0.03135824203491211
clean2,0.79,100,0.79,0.79,0.0,0.024909496307373047
clean2,0.79,100,0.79,0.79,0.0,0.02816009521484375
clean2,0.79,100,0.79,0.79,0.0,0.021375179290771484
clean2,0.79,100,0.79,0.79,0.0,0.017508983612060547
clean2,0.79,100,0.79,0.79,0.0,0.024366378784179688
clean2,0.79,100,0.79,0.79,0.0,0.02714228630065918
clean2,0.79,100,0.79,0.79,0.0,0.023482322692871094
clean2,0.84,100,0.84,0.84,0.0,0.02689194679260254
clean2,0.84,100,0.84,0.84,0.0,0.019693613052368164
clean2,0.84,100,0.84,0.84,0.0,0.024838685989379883
clean2,0.84,100,0.84,0.84,0.0,0.02362823486328125
clean2,0.84,100,0.84,0.84,0.0,0.024805545806884766
clean2,0.84,100,0.84,0.84,0.0,0.022289752960205078
clean2,0.84,100,0.84,0.84,0.0,0.02253890037536621
clean2,0.84,100,0.84,0.84,0.0,0.024463176727294922
clean2,0.84,100,0.84,0.84,0.0,0.022788047790527344
clean2,0.84,100,0.84,0.84,0.0,0.024365663528442383
clean2,0.89,100,0.89,0.89,0.0,0.028583765029907227
clean2,0.89,100,0.89,0.89,0.0,0.021591901779174805
clean2,0.89,100,0.89,0.89,0.0,0.025303363800048828
clean2,0.89,100,0.89,0.89,0.0,0.02411627769470215
clean2,0.89,100,0.89,0.89,0.0,0.024122238159179688
clean2,0.89,100,0.89,0.89,0.0,0.024155378341674805
clean2,0.89,100,0.89,0.89,0.0,0.02539515495300293
clean2,0.89,100,0.89,0.89,0.0,0.021340131759643555
clean2,0.89,100,0.89,0.89,0.0,0.024277448654174805
clean2,0.89,100,0.89,0.89,0.0,0.02376699447631836
clean2,0.95,100,0.95,0.95,0.0,0.024478435516357422
clean2,0.95,100,0.95,0.95,0.0,0.024077653884887695
clean2,0.95,100,0.95,0.95,0.0,0.02224898338317871
clean2,0.95,100,0.95,0.95,0.0,0.026149988174438477
clean2,0.95,100,0.95,0.95,0.0,0.029102802276611328
clean2,0.95,100,0.95,0.95,0.0,0.025610923767089844
clean2,0.95,100,0.95,0.95,0.0,0.024042606353759766
clean2,0.95,100,0.95,0.95,0.0,0.020430564880371094
clean2,0.95,100,0.95,0.95,0.0,0.02115607261657715
clean2,0.95,100,0.95,0.95,0.0,0.02380847930908203
clean2,1.0,100,1.0,1.0,0.0,0.034912824630737305
clean2,1.0,100,1.0,1.0,0.0,0.022770166397094727
clean2,1.0,100,1.0,1.0,0.0,0.02383565902709961
clean2,1.0,100,1.0,1.0,0.0,0.023874759674072266
clean2,1.0,100,1.0,1.0,0.0,0.019446611404418945
clean2,1.0,100,1.0,1.0,0.0,0.0227508544921875
clean2,1.0,100,1.0,1.0,0.0,0.024803876876831055
clean2,1.0,100,1.0,1.0,0.0,0.027030467987060547
clean2,1.0,100,1.0,1.0,0.0,0.025908708572387695
clean2,1.0,100,1.0,1.0,0.0,0.02721118927001953
cpu_act,0.0,100,0.0,0.0,0.0,0.023924589157104492
cpu_act,0.0,100,0.0,0.01,0.01,0.02542424201965332
cpu_act,0.0,100,0.0,0.0,0.0,0.03277897834777832
cpu_act,0.0,100,0.0,0.01,0.01,0.021803855895996094
cpu_act,0.0,100,0.0,0.0,0.0,0.028267621994018555
cpu_act,0.0,100,0.0,0.03,0.03,0.02342534065246582
cpu_act,0.0,100,0.0,0.0,0.0,0.02514362335205078
cpu_act,0.0,100,0.0,0.0,0.0,0.024972200393676758
cpu_act,0.0,100,0.0,0.0,0.0,0.020478010177612305
cpu_act,0.0,100,0.0,0.0,0.0,0.02776360511779785
cpu_act,0.05,100,0.05,0.04,0.01,0.025795936584472656
cpu_act,0.05,100,0.05,0.06,0.01,0.025203227996826172
cpu_act,0.05,100,0.05,0.02,0.03,0.021657705307006836
cpu_act,0.05,100,0.05,0.05,0.0,0.02531886100769043
cpu_act,0.05,100,0.05,0.05,0.0,0.023543119430541992
cpu_act,0.05,100,0.05,0.06,0.01,0.021669864654541016
cpu_act,0.05,100,0.05,0.05,0.0,0.0250091552734375
cpu_act,0.05,100,0.05,0.05,0.0,0.0253143310546875
cpu_act,0.05,100,0.05,0.08,0.03,0.024726152420043945
cpu_act,0.05,100,0.05,0.06,0.01,0.02543354034423828
cpu_act,0.11,100,0.11,0.11,0.0,0.025078773498535156
cpu_act,0.11,100,0.11,0.12,0.01,0.024445295333862305
cpu_act,0.11,100,0.11,0.1,0.01,0.034364938735961914
cpu_act,0.11,100,0.11,0.12,0.01,0.022470951080322266
cpu_act,0.11,100,0.11,0.1,0.01,0.02423238754272461
cpu_act,0.11,100,0.11,0.11,0.0,0.027057409286499023
cpu_act,0.11,100,0.11,0.06,0.05,0.0281829833984375
cpu_act,0.11,100,0.11,0.13,0.02,0.02427387237548828
cpu_act,0.11,100,0.11,0.09,0.02,0.021761417388916016
cpu_act,0.11,100,0.11,0.08,0.03,0.023457765579223633
cpu_act,0.16,100,0.16,0.13,0.03,0.029658079147338867
cpu_act,0.16,100,0.16,0.18,0.02,0.0234835147857666
cpu_act,0.16,100,0.16,0.2,0.04,0.023312807083129883
cpu_act,0.16,100,0.16,0.18,0.02,0.024074554443359375
cpu_act,0.16,100,0.16,0.21,0.05,0.02373957633972168
cpu_act,0.16,100,0.16,0.1,0.06,0.021488189697265625
cpu_act,0.16,100,0.16,0.15,0.01,0.021617412567138672
cpu_act,0.16,100,0.16,0.15,0.01,0.026769638061523438
cpu_act,0.16,100,0.16,0.18,0.02,0.028371095657348633
cpu_act,0.16,100,0.16,0.17,0.01,0.0248258113861084
cpu_act,0.21,100,0.21,0.21,0.0,0.02977132797241211
cpu_act,0.21,100,0.21,0.22,0.01,0.029844999313354492
cpu_act,0.21,100,0.21,0.19,0.02,0.024399280548095703
cpu_act,0.21,100,0.21,0.21,0.0,0.02307605743408203
cpu_act,0.21,100,0.21,0.14,0.07,0.02457141876220703
cpu_act,0.21,100,0.21,0.22,0.01,0.024355411529541016
cpu_act,0.21,100,0.21,0.19,0.02,0.0203399658203125
cpu_act,0.21,100,0.21,0.17,0.04,0.03000330924987793
cpu_act,0.21,100,0.21,0.18,0.03,0.02525949478149414
cpu_act,0.21,100,0.21,0.17,0.04,0.02518153190612793
cpu_act,0.26,100,0.26,0.26,0.0,0.025564193725585938
cpu_act,0.26,100,0.26,0.2,0.06,0.03733634948730469
cpu_act,0.26,100,0.26,0.23,0.03,0.029565095901489258
cpu_act,0.26,100,0.26,0.26,0.0,0.023577451705932617
cpu_act,0.26,100,0.26,0.27,0.01,0.024591445922851562
cpu_act,0.26,100,0.26,0.26,0.0,0.025308847427368164
cpu_act,0.26,100,0.26,0.24,0.02,0.024720430374145508
cpu_act,0.26,100,0.26,0.24,0.02,0.024852275848388672
cpu_act,0.26,100,0.26,0.27,0.01,0.02483201026916504
cpu_act,0.26,100,0.26,0.23,0.03,0.024295568466186523
cpu_act,0.32,100,0.32,0.31,0.01,0.023261308670043945
cpu_act,0.32,100,0.32,0.3,0.02,0.025784969329833984
cpu_act,0.32,100,0.32,0.31,0.01,0.025700092315673828
cpu_act,0.32,100,0.32,0.28,0.04,0.020525455474853516
cpu_act,0.32,100,0.32,0.32,0.0,0.020670652389526367
cpu_act,0.32,100,0.32,0.33,0.01,0.024506092071533203
cpu_act,0.32,100,0.32,0.31,0.01,0.03020453453063965
cpu_act,0.32,100,0.32,0.28,0.04,0.02461099624633789
cpu_act,0.32,100,0.32,0.31,0.01,0.024468183517456055
cpu_act,0.32,100,0.32,0.33,0.01,0.025057077407836914
cpu_act,0.37,100,0.37,0.33,0.04,0.02862095832824707
cpu_act,0.37,100,0.37,0.41,0.04,0.026389598846435547
cpu_act,0.37,100,0.37,0.39,0.02,0.023485660552978516
cpu_act,0.37,100,0.37,0.38,0.01,0.02187800407409668
cpu_act,0.37,100,0.37,0.4,0.03,0.023812532424926758
cpu_act,0.37,100,0.37,0.35,0.02,0.024857521057128906
cpu_act,0.37,100,0.37,0.38,0.01,0.023295164108276367
cpu_act,0.37,100,0.37,0.34,0.03,0.020474672317504883
cpu_act,0.37,100,0.37,0.35,0.02,0.020542621612548828
cpu_act,0.37,100,0.37,0.38,0.01,0.02512335777282715
cpu_act,0.42,100,0.42,0.42,0.0,0.02566385269165039
cpu_act,0.42,100,0.42,0.43,0.01,0.023568391799926758
cpu_act,0.42,100,0.42,0.4,0.02,0.02531147003173828
cpu_act,0.42,100,0.42,0.42,0.0,0.021815776824951172
cpu_act,0.42,100,0.42,0.45,0.03,0.017634868621826172
cpu_act,0.42,100,0.42,0.43,0.01,0.03030538558959961
cpu_act,0.42,100,0.42,0.43,0.01,0.024366378784179688
cpu_act,0.42,100,0.42,0.4,0.02,0.03026294708251953
cpu_act,0.42,100,0.42,0.39,0.03,0.017631053924560547
cpu_act,0.42,100,0.42,0.38,0.04,0.024613380432128906
cpu_act,0.47,100,0.47,0.47,0.0,0.024785518646240234
cpu_act,0.47,100,0.47,0.42,0.05,0.02414393424987793
cpu_act,0.47,100,0.47,0.47,0.0,0.024526596069335938
cpu_act,0.47,100,0.47,0.48,0.01,0.024245023727416992
cpu_act,0.47,100,0.47,0.42,0.05,0.02479720115661621
cpu_act,0.47,100,0.47,0.45,0.02,0.024231433868408203
cpu_act,0.47,100,0.47,0.48,0.01,0.023035764694213867
cpu_act,0.47,100,0.47,0.48,0.01,0.025084495544433594
cpu_act,0.47,100,0.47,0.46,0.01,0.028209447860717773
cpu_act,0.47,100,0.47,0.48,0.01,0.02433013916015625
cpu_act,0.53,100,0.53,0.51,0.02,0.03265118598937988
cpu_act,0.53,100,0.53,0.5,0.03,0.02492809295654297
cpu_act,0.53,100,0.53,0.54,0.01,0.02495861053466797
cpu_act,0.53,100,0.53,0.54,0.01,0.02473926544189453
cpu_act,0.53,100,0.53,0.54,0.01,0.02480626106262207
cpu_act,0.53,100,0.53,0.54,0.01,0.02572774887084961
cpu_act,0.53,100,0.53,0.51,0.02,0.028209924697875977
cpu_act,0.53,100,0.53,0.55,0.02,0.024225234985351562
cpu_act,0.53,100,0.53,0.51,0.02,0.023602724075317383
cpu_act,0.53,100,0.53,0.52,0.01,0.026210784912109375
cpu_act,0.58,100,0.58,0.57,0.01,0.02620244026184082
cpu_act,0.58,100,0.58,0.57,0.01,0.015573740005493164
cpu_act,0.58,100,0.58,0.52,0.06,0.03055596351623535
cpu_act,0.58,100,0.58,0.6,0.02,0.036869049072265625
cpu_act,0.58,100,0.58,0.54,0.04,0.024258852005004883
cpu_act,0.58,100,0.58,0.58,0.0,0.02313828468322754
cpu_act,0.58,100,0.58,0.58,0.0,0.024230241775512695
cpu_act,0.58,100,0.58,0.5,0.08,0.023135900497436523
cpu_act,0.58,100,0.58,0.61,0.03,0.025381088256835938
cpu_act,0.58,100,0.58,0.58,0.0,0.029370784759521484
cpu_act,0.63,100,0.63,0.6,0.03,0.024760007858276367
cpu_act,0.63,100,0.63,0.66,0.03,0.021239757537841797
cpu_act,0.63,100,0.63,0.58,0.05,0.024826526641845703
cpu_act,0.63,100,0.63,0.61,0.02,0.022223949432373047
cpu_act,0.63,100,0.63,0.64,0.01,0.019258975982666016
cpu_act,0.63,100,0.63,0.63,0.0,0.02164173126220703
cpu_act,0.63,100,0.63,0.64,0.01,0.024952173233032227
cpu_act,0.63,100,0.63,0.55,0.08,0.022591590881347656
cpu_act,0.63,100,0.63,0.62,0.01,0.022200584411621094
cpu_act,0.63,100,0.63,0.64,0.01,0.021730661392211914
cpu_act,0.68,100,0.68,0.69,0.01,0.02488541603088379
cpu_act,0.68,100,0.68,0.7,0.02,0.024765729904174805
cpu_act,0.68,100,0.68,0.7,0.02,0.01817774772644043
cpu_act,0.68,100,0.68,0.66,0.02,0.025255441665649414
cpu_act,0.68,100,0.68,0.66,0.02,0.02448725700378418
cpu_act,0.68,100,0.68,0.69,0.01,0.027281522750854492
cpu_act,0.68,100,0.68,0.69,0.01,0.018123865127563477
cpu_act,0.68,100,0.68,0.66,0.02,0.025188207626342773
cpu_act,0.68,100,0.68,0.71,0.03,0.024385690689086914
cpu_act,0.68,100,0.68,0.67,0.01,0.024774551391601562
cpu_act,0.74,100,0.74,0.76,0.02,0.023085355758666992
cpu_act,0.74,100,0.74,0.72,0.02,0.021617412567138672
cpu_act,0.74,100,0.74,0.74,0.0,0.02567458152770996
cpu_act,0.74,100,0.74,0.72,0.02,0.02484893798828125
cpu_act,0.74,100,0.74,0.72,0.02,0.025227069854736328
cpu_act,0.74,100,0.74,0.77,0.03,0.024103403091430664
cpu_act,0.74,100,0.74,0.77,0.03,0.026369571685791016
cpu_act,0.74,100,0.74,0.74,0.0,0.02539539337158203
cpu_act,0.74,100,0.74,0.73,0.01,0.024301767349243164
cpu_act,0.74,100,0.74,0.76,0.02,0.02465510368347168
cpu_act,0.79,100,0.79,0.75,0.04,0.019429445266723633
cpu_act,0.79,100,0.79,0.75,0.04,0.024323701858520508
cpu_act,0.79,100,0.79,0.82,0.03,0.02480292320251465
cpu_act,0.79,100,0.79,0.82,0.03,0.021397113800048828
cpu_act,0.79,100,0.79,0.8,0.01,0.03178596496582031
cpu_act,0.79,100,0.79,0.82,0.03,0.0245513916015625
cpu_act,0.79,100,0.79,0.79,0.0,0.028508901596069336
cpu_act,0.79,100,0.79,0.83,0.04,0.023583650588989258
cpu_act,0.79,100,0.79,0.77,0.02,0.027209758758544922
cpu_act,0.79,100,0.79,0.84,0.05,0.025233983993530273
cpu_act,0.84,100,0.84,0.81,0.03,0.027012348175048828
cpu_act,0.84,100,0.84,0.78,0.06,0.020999431610107422
cpu_act,0.84,100,0.84,0.85,0.01,0.026757001876831055
cpu_act,0.84,100,0.84,0.81,0.03,0.023610353469848633
cpu_act,0.84,100,0.84,0.82,0.02,0.02785491943359375
cpu_act,0.84,100,0.84,0.84,0.0,0.024155616760253906
cpu_act,0.84,100,0.84,0.85,0.01,0.024691343307495117
cpu_act,0.84,100,0.84,0.84,0.0,0.025623798370361328
cpu_act,0.84,100,0.84,0.8,0.04,0.02484416961669922
cpu_act,0.84,100,0.84,0.86,0.02,0.02483844757080078
cpu_act,0.89,100,0.89,0.88,0.01,0.023584604263305664
cpu_act,0.89,100,0.89,0.91,0.02,0.02236461639404297
cpu_act,0.89,100,0.89,0.86,0.03,0.02125096321105957
cpu_act,0.89,100,0.89,0.86,0.03,0.025863170623779297
cpu_act,0.89,100,0.89,0.91,0.02,0.024790525436401367
cpu_act,0.89,100,0.89,0.86,0.03,0.0216827392578125
cpu_act,0.89,100,0.89,0.91,0.02,0.024560928344726562
cpu_act,0.89,100,0.89,0.85,0.04,0.024674654006958008
cpu_act,0.89,100,0.89,0.86,0.03,0.02505660057067871
cpu_act,0.89,100,0.89,0.89,0.0,0.025280475616455078
cpu_act,0.95,100,0.95,0.93,0.02,0.01761031150817871
cpu_act,0.95,100,0.95,0.92,0.03,0.02430272102355957
cpu_act,0.95,100,0.95,0.95,0.0,0.02454066276550293
cpu_act,0.95,100,0.95,0.89,0.06,0.027243375778198242
cpu_act,0.95,100,0.95,0.97,0.02,0.024034500122070312
cpu_act,0.95,100,0.95,0.91,0.04,0.025728464126586914
cpu_act,0.95,100,0.95,0.98,0.03,0.024167537689208984
cpu_act,0.95,100,0.95,0.96,0.01,0.024917125701904297
cpu_act,0.95,100,0.95,0.94,0.01,0.027465343475341797
cpu_act,0.95,100,0.95,0.96,0.01,0.02162027359008789
cpu_act,1.0,100,1.0,1.0,0.0,0.02729344367980957
cpu_act,1.0,100,1.0,0.98,0.02,0.02427363395690918
cpu_act,1.0,100,1.0,0.99,0.01,0.024663448333740234
cpu_act,1.0,100,1.0,0.99,0.01,0.02803826332092285
cpu_act,1.0,100,1.0,1.0,0.0,0.030076980590820312
cpu_act,1.0,100,1.0,1.0,0.0,0.023512601852416992
cpu_act,1.0,100,1.0,1.0,0.0,0.033849239349365234
cpu_act,1.0,100,1.0,0.99,0.01,0.023757219314575195
cpu_act,1.0,100,1.0,1.0,0.0,0.029796600341796875
cpu_act,1.0,100,1.0,0.98,0.02,0.025362014770507812
delta_ailerons,0.0,100,0.0,0.0,0.0,0.020067691802978516
delta_ailerons,0.0,100,0.0,0.0,0.0,0.02330160140991211
delta_ailerons,0.0,100,0.0,0.04,0.04,0.023308753967285156
delta_ailerons,0.0,100,0.0,0.0,0.0,0.0242922306060791
delta_ailerons,0.0,100,0.0,0.0,0.0,0.02739429473876953
delta_ailerons,0.0,100,0.0,0.0,0.0,0.025035858154296875
delta_ailerons,0.0,100,0.0,0.01,0.01,0.022445201873779297
delta_ailerons,0.0,100,0.0,0.0,0.0,0.024309635162353516
delta_ailerons,0.0,100,0.0,0.01,0.01,0.02435445785522461
delta_ailerons,0.0,100,0.0,0.0,0.0,0.024343490600585938
delta_ailerons,0.05,100,0.05,0.04,0.01,0.024183273315429688
delta_ailerons,0.05,100,0.05,0.0,0.05,0.024845123291015625
delta_ailerons,0.05,100,0.05,0.04,0.01,0.026629924774169922
delta_ailerons,0.05,100,0.05,0.11,0.06,0.023804187774658203
delta_ailerons,0.05,100,0.05,0.07,0.02,0.0243074893951416
delta_ailerons,0.05,100,0.05,0.04,0.01,0.02457427978515625
delta_ailerons,0.05,100,0.05,0.12,0.07,0.024764537811279297
delta_ailerons,0.05,100,0.05,0.08,0.03,0.026118993759155273
delta_ailerons,0.05,100,0.05,0.06,0.01,0.021871089935302734
delta_ailerons,0.05,100,0.05,0.09,0.04,0.02467179298400879
delta_ailerons,0.11,100,0.11,0.1,0.01,0.02497577667236328
delta_ailerons,0.11,100,0.11,0.11,0.0,0.017705440521240234
delta_ailerons,0.11,100,0.11,0.1,0.01,0.024053573608398438
delta_ailerons,0.11,100,0.11,0.09,0.02,0.024158239364624023
delta_ailerons,0.11,100,0.11,0.15,0.04,0.02580404281616211
delta_ailerons,0.11,100,0.11,0.09,0.02,0.02381730079650879
delta_ailerons,0.11,100,0.11,0.16,0.05,0.025882720947265625
delta_ailerons,0.11,100,0.11,0.13,0.02,0.02370476722717285
delta_ailerons,0.11,100,0.11,0.13,0.02,0.024061203002929688
delta_ailerons,0.11,100,0.11,0.1,0.01,0.02240896224975586
delta_ailerons,0.16,100,0.16,0.16,0.0,0.023775100708007812
delta_ailerons,0.16,100,0.16,0.12,0.04,0.02379322052001953
delta_ailerons,0.16,100,0.16,0.18,0.02,0.0242464542388916
delta_ailerons,0.16,100,0.16,0.15,0.01,0.025760889053344727
delta_ailerons,0.16,100,0.16,0.18,0.02,0.02492833137512207
delta_ailerons,0.16,100,0.16,0.2,0.04,0.023073673248291016
delta_ailerons,0.16,100,0.16,0.15,0.01,0.0303652286529541
delta_ailerons,0.16,100,0.16,0.17,0.01,0.024306774139404297
delta_ailerons,0.16,100,0.16,0.16,0.0,0.02487492561340332
delta_ailerons,0.16,100,0.16,0.21,0.05,0.029657363891601562
delta_ailerons,0.21,100,0.21,0.22,0.01,0.024435758590698242
delta_ailerons,0.21,100,0.21,0.25,0.04,0.02494335174560547
delta_ailerons,0.21,100,0.21,0.18,0.03,0.02378106117248535
delta_ailerons,0.21,100,0.21,0.23,0.02,0.023738384246826172
delta_ailerons,0.21,100,0.21,0.27,0.06,0.02149343490600586
delta_ailerons,0.21,100,0.21,0.21,0.0,0.02578139305114746
delta_ailerons,0.21,100,0.21,0.2,0.01,0.028496980667114258
delta_ailerons,0.21,100,0.21,0.24,0.03,0.023587703704833984
delta_ailerons,0.21,100,0.21,0.24,0.03,0.024721622467041016
delta_ailerons,0.21,100,0.21,0.21,0.0,0.027863264083862305
delta_ailerons,0.26,100,0.26,0.24,0.02,0.024292469024658203
delta_ailerons,0.26,100,0.26,0.28,0.02,0.017767906188964844
delta_ailerons,0.26,100,0.26,0.28,0.02,0.024569034576416016
delta_ailerons,0.26,100,0.26,0.27,0.01,0.02423834800720215
delta_ailerons,0.26,100,0.26,0.2,0.06,0.0243985652923584
delta_ailerons,0.26,100,0.26,0.28,0.02,0.02313065528869629
delta_ailerons,0.26,100,0.26,0.28,0.02,0.028849124908447266
delta_ailerons,0.26,100,0.26,0.25,0.01,0.024207592010498047
delta_ailerons,0.26,100,0.26,0.27,0.01,0.026108503341674805
delta_ailerons,0.26,100,0.26,0.31,0.05,0.025002717971801758
delta_ailerons,0.32,100,0.32,0.32,0.0,0.018178224563598633
delta_ailerons,0.32,100,0.32,0.3,0.02,0.024255037307739258
delta_ailerons,0.32,100,0.32,0.35,0.03,0.03265571594238281
delta_ailerons,0.32,100,0.32,0.36,0.04,0.027905941009521484
delta_ailerons,0.32,100,0.32,0.33,0.01,0.0251157283782959
delta_ailerons,0.32,100,0.32,0.32,0.0,0.021368741989135742
delta_ailerons,0.32,100,0.32,0.35,0.03,0.02499842643737793
delta_ailerons,0.32,100,0.32,0.34,0.02,0.025133371353149414
delta_ailerons,0.32,100,0.32,0.31,0.01,0.026897192001342773
delta_ailerons,0.32,100,0.32,0.32,0.0,0.02072453498840332
delta_ailerons,0.37,100,0.37,0.38,0.01,0.02813553810119629
delta_ailerons,0.37,100,0.37,0.35,0.02,0.021187782287597656
delta_ailerons,0.37,100,0.37,0.43,0.06,0.024876117706298828
delta_ailerons,0.37,100,0.37,0.41,0.04,0.024228572845458984
delta_ailerons,0.37,100,0.37,0.39,0.02,0.024775028228759766
delta_ailerons,0.37,100,0.37,0.38,0.01,0.024520397186279297
delta_ailerons,0.37,100,0.37,0.36,0.01,0.0240631103515625
delta_ailerons,0.37,100,0.37,0.41,0.04,0.028259992599487305
delta_ailerons,0.37,100,0.37,0.37,0.0,0.02133798599243164
delta_ailerons,0.37,100,0.37,0.36,0.01,0.023766279220581055
delta_ailerons,0.42,100,0.42,0.4,0.02,0.02045583724975586
delta_ailerons,0.42,100,0.42,0.45,0.03,0.024155139923095703
delta_ailerons,0.42,100,0.42,0.42,0.0,0.02425217628479004
delta_ailerons,0.42,100,0.42,0.42,0.0,0.02362656593322754
delta_ailerons,0.42,100,0.42,0.45,0.03,0.024005413055419922
delta_ailerons,0.42,100,0.42,0.39,0.03,0.02415919303894043
delta_ailerons,0.42,100,0.42,0.36,0.06,0.024799346923828125
delta_ailerons,0.42,100,0.42,0.43,0.01,0.020177841186523438
delta_ailerons,0.42,100,0.42,0.44,0.02,0.024138212203979492
delta_ailerons,0.42,100,0.42,0.44,0.02,0.02469158172607422
delta_ailerons,0.47,100,0.47,0.47,0.0,0.023670434951782227
delta_ailerons,0.47,100,0.47,0.53,0.06,0.024155616760253906
delta_ailerons,0.47,100,0.47,0.46,0.01,0.026898860931396484
delta_ailerons,0.47,100,0.47,0.51,0.04,0.023956775665283203
delta_ailerons,0.47,100,0.47,0.52,0.05,0.022072553634643555
delta_ailerons,0.47,100,0.47,0.48,0.01,0.030844688415527344
delta_ailerons,0.47,100,0.47,0.47,0.0,0.0243988037109375
delta_ailerons,0.47,100,0.47,0.48,0.01,0.023637771606445312
delta_ailerons,0.47,100,0.47,0.53,0.06,0.029717445373535156
delta_ailerons,0.47,100,0.47,0.49,0.02,0.022016048431396484
delta_ailerons,0.53,100,0.53,0.53,0.0,0.018171310424804688
delta_ailerons,0.53,100,0.53,0.56,0.03,0.01944255828857422
delta_ailerons,0.53,100,0.53,0.56,0.03,0.024920940399169922
delta_ailerons,0.53,100,0.53,0.6,0.07,0.027062654495239258
delta_ailerons,0.53,100,0.53,0.51,0.02,0.029567956924438477
delta_ailerons,0.53,100,0.53,0.5,0.03,0.024684906005859375
delta_ailerons,0.53,100,0.53,0.57,0.04,0.025546550750732422
delta_ailerons,0.53,100,0.53,0.57,0.04,0.024233579635620117
delta_ailerons,0.53,100,0.53,0.53,0.0,0.022090673446655273
delta_ailerons,0.53,100,0.53,0.54,0.01,0.028264760971069336
delta_ailerons,0.58,100,0.58,0.6,0.02,0.02424025535583496
delta_ailerons,0.58,100,0.58,0.55,0.03,0.024027109146118164
delta_ailerons,0.58,100,0.58,0.62,0.04,0.022335290908813477
delta_ailerons,0.58,100,0.58,0.61,0.03,0.024648666381835938
delta_ailerons,0.58,100,0.58,0.61,0.03,0.024569272994995117
delta_ailerons,0.58,100,0.58,0.62,0.04,0.023744583129882812
delta_ailerons,0.58,100,0.58,0.57,0.01,0.023023605346679688
delta_ailerons,0.58,100,0.58,0.62,0.04,0.02482318878173828
delta_ailerons,0.58,100,0.58,0.63,0.05,0.02429795265197754
delta_ailerons,0.58,100,0.58,0.62,0.04,0.03630805015563965
delta_ailerons,0.63,100,0.63,0.65,0.02,0.023188114166259766
delta_ailerons,0.63,100,0.63,0.61,0.02,0.027467012405395508
delta_ailerons,0.63,100,0.63,0.66,0.03,0.02614736557006836
delta_ailerons,0.63,100,0.63,0.69,0.06,0.024170875549316406
delta_ailerons,0.63,100,0.63,0.63,0.0,0.021206378936767578
delta_ailerons,0.63,100,0.63,0.67,0.04,0.026299476623535156
delta_ailerons,0.63,100,0.63,0.65,0.02,0.02411794662475586
delta_ailerons,0.63,100,0.63,0.62,0.01,0.02722644805908203
delta_ailerons,0.63,100,0.63,0.66,0.03,0.023705720901489258
delta_ailerons,0.63,100,0.63,0.64,0.01,0.018131732940673828
delta_ailerons,0.68,100,0.68,0.71,0.03,0.02130603790283203
delta_ailerons,0.68,100,0.68,0.71,0.03,0.024322509765625
delta_ailerons,0.68,100,0.68,0.68,0.0,0.031889915466308594
delta_ailerons,0.68,100,0.68,0.68,0.0,0.026411056518554688
delta_ailerons,0.68,100,0.68,0.71,0.03,0.020535707473754883
delta_ailerons,0.68,100,0.68,0.69,0.01,0.024636507034301758
delta_ailerons,0.68,100,0.68,0.72,0.04,0.02471137046813965
delta_ailerons,0.68,100,0.68,0.67,0.01,0.024924755096435547
delta_ailerons,0.68,100,0.68,0.72,0.04,0.02401280403137207
delta_ailerons,0.68,100,0.68,0.66,0.02,0.020775556564331055
delta_ailerons,0.74,100,0.74,0.83,0.09,0.024303674697875977
delta_ailerons,0.74,100,0.74,0.76,0.02,0.02050185203552246
delta_ailerons,0.74,100,0.74,0.75,0.01,0.024207592010498047
delta_ailerons,0.74,100,0.74,0.75,0.01,0.02442455291748047
delta_ailerons,0.74,100,0.74,0.72,0.02,0.025090932846069336
delta_ailerons,0.74,100,0.74,0.73,0.01,0.028221607208251953
delta_ailerons,0.74,100,0.74,0.75,0.01,0.02270817756652832
delta_ailerons,0.74,100,0.74,0.75,0.01,0.02714061737060547
delta_ailerons,0.74,100,0.74,0.81,0.07,0.020244121551513672
delta_ailerons,0.74,100,0.74,0.72,0.02,0.02589869499206543
delta_ailerons,0.79,100,0.79,0.83,0.04,0.024192333221435547
delta_ailerons,0.79,100,0.79,0.79,0.0,0.02379441261291504
delta_ailerons,0.79,100,0.79,0.8,0.01,0.01770615577697754
delta_ailerons,0.79,100,0.79,0.79,0.0,0.0244598388671875
delta_ailerons,0.79,100,0.79,0.81,0.02,0.02418804168701172
delta_ailerons,0.79,100,0.79,0.8,0.01,0.029109954833984375
delta_ailerons,0.79,100,0.79,0.85,0.06,0.02303910255432129
delta_ailerons,0.79,100,0.79,0.82,0.03,0.02380061149597168
delta_ailerons,0.79,100,0.79,0.81,0.02,0.023777246475219727
delta_ailerons,0.79,100,0.79,0.83,0.04,0.024407625198364258
delta_ailerons,0.84,100,0.84,0.85,0.01,0.020554542541503906
delta_ailerons,0.84,100,0.84,0.86,0.02,0.02518773078918457
delta_ailerons,0.84,100,0.84,0.85,0.01,0.022539854049682617
delta_ailerons,0.84,100,0.84,0.85,0.01,0.02437758445739746
delta_ailerons,0.84,100,0.84,0.85,0.01,0.025417327880859375
delta_ailerons,0.84,100,0.84,0.83,0.01,0.02258443832397461
delta_ailerons,0.84,100,0.84,0.85,0.01,0.03036212921142578
delta_ailerons,0.84,100,0.84,0.8,0.04,0.024918317794799805
delta_ailerons,0.84,100,0.84,0.83,0.01,0.022974729537963867
delta_ailerons,0.84,100,0.84,0.89,0.05,0.027972936630249023
delta_ailerons,0.89,100,0.89,0.92,0.03,0.023228883743286133
delta_ailerons,0.89,100,0.89,0.89,0.0,0.02486276626586914
delta_ailerons,0.89,100,0.89,0.92,0.03,0.024348735809326172
delta_ailerons,0.89,100,0.89,0.91,0.02,0.023802995681762695
delta_ailerons,0.89,100,0.89,0.9,0.01,0.018140316009521484
delta_ailerons,0.89,100,0.89,0.89,0.0,0.023189306259155273
delta_ailerons,0.89,100,0.89,0.87,0.02,0.021451473236083984
delta_ailerons,0.89,100,0.89,0.89,0.0,0.02418231964111328
delta_ailerons,0.89,100,0.89,0.91,0.02,0.021187305450439453
delta_ailerons,0.89,100,0.89,0.92,0.03,0.02428150177001953
delta_ailerons,0.95,100,0.95,0.97,0.02,0.02466416358947754
delta_ailerons,0.95,100,0.95,0.96,0.01,0.024137496948242188
delta_ailerons,0.95,100,0.95,0.95,0.0,0.0240633487701416
delta_ailerons,0.95,100,0.95,0.97,0.02,0.023418664932250977
delta_ailerons,0.95,100,0.95,0.99,0.04,0.030935049057006836
delta_ailerons,0.95,100,0.95,0.96,0.01,0.02974867820739746
delta_ailerons,0.95,100,0.95,0.95,0.0,0.02725672721862793
delta_ailerons,0.95,100,0.95,0.98,0.03,0.0234375
delta_ailerons,0.95,100,0.95,0.97,0.02,0.02559041976928711
delta_ailerons,0.95,100,0.95,0.96,0.01,0.02517104148864746
delta_ailerons,1.0,100,1.0,1.0,0.0,0.022312164306640625
delta_ailerons,1.0,100,1.0,1.0,0.0,0.02560591697692871
delta_ailerons,1.0,100,1.0,1.0,0.0,0.02403569221496582
delta_ailerons,1.0,100,1.0,0.98,0.02,0.02580881118774414
delta_ailerons,1.0,100,1.0,1.0,0.0,0.024221181869506836
delta_ailerons,1.0,100,1.0,1.0,0.0,0.02489161491394043
delta_ailerons,1.0,100,1.0,1.0,0.0,0.025524377822875977
delta_ailerons,1.0,100,1.0,1.0,0.0,0.02495098114013672
delta_ailerons,1.0,100,1.0,1.0,0.0,0.019533157348632812
delta_ailerons,1.0,100,1.0,1.0,0.0,0.021575212478637695
electricity-normalized,0.0,100,0.0,0.04,0.04,0.029693126678466797
electricity-normalized,0.0,100,0.0,0.0,0.0,0.02631354331970215
electricity-normalized,0.0,100,0.0,0.0,0.0,0.034523725509643555
electricity-normalized,0.0,100,0.0,0.0,0.0,0.029469013214111328
electricity-normalized,0.0,100,0.0,0.0,0.0,0.028920888900756836
electricity-normalized,0.0,100,0.0,0.0,0.0,0.029865503311157227
electricity-normalized,0.0,100,0.0,0.0,0.0,0.02926921844482422
electricity-normalized,0.0,100,0.0,0.02,0.02,0.029541969299316406
electricity-normalized,0.0,100,0.0,0.0,0.0,0.03070855140686035
electricity-normalized,0.0,100,0.0,0.0,0.0,0.02829766273498535
electricity-normalized,0.05,100,0.05,0.09,0.04,0.029089927673339844
electricity-normalized,0.05,100,0.05,0.02,0.03,0.03047919273376465
electricity-normalized,0.05,100,0.05,0.08,0.03,0.032404422760009766
electricity-normalized,0.05,100,0.05,0.0,0.05,0.027628660202026367
electricity-normalized,0.05,100,0.05,0.09,0.04,0.030048131942749023
electricity-normalized,0.05,100,0.05,0.01,0.04,0.028763294219970703
electricity-normalized,0.05,100,0.05,0.13,0.08,0.029510498046875
electricity-normalized,0.05,100,0.05,0.01,0.04,0.030919790267944336
electricity-normalized,0.05,100,0.05,0.01,0.04,0.024943828582763672
electricity-normalized,0.05,100,0.05,0.07,0.02,0.027496337890625
electricity-normalized,0.11,100,0.11,0.13,0.02,0.029288530349731445
electricity-normalized,0.11,100,0.11,0.22,0.11,0.030822038650512695
electricity-normalized,0.11,100,0.11,0.16,0.05,0.02710747718811035
electricity-normalized,0.11,100,0.11,0.18,0.07,0.018688440322875977
electricity-normalized,0.11,100,0.11,0.1,0.01,0.024229049682617188
electricity-normalized,0.11,100,0.11,0.15,0.04,0.027953386306762695
electricity-normalized,0.11,100,0.11,0.05,0.06,0.018149137496948242
electricity-normalized,0.11,100,0.11,0.1,0.01,0.027760028839111328
electricity-normalized,0.11,100,0.11,0.03,0.08,0.030144691467285156
electricity-normalized,0.11,100,0.11,0.12,0.01,0.02996516227722168
electricity-normalized,0.16,100,0.16,0.18,0.02,0.02843332290649414
electricity-normalized,0.16,100,0.16,0.22,0.06,0.028437137603759766
electricity-normalized,0.16,100,0.16,0.13,0.03,0.02933359146118164
electricity-normalized,0.16,100,0.16,0.17,0.01,0.02553868293762207
electricity-normalized,0.16,100,0.16,0.16,0.0,0.031245708465576172
electricity-normalized,0.16,100,0.16,0.12,0.04,0.028627872467041016
electricity-normalized,0.16,100,0.16,0.22,0.06,0.029681682586669922
electricity-normalized,0.16,100,0.16,0.23,0.07,0.02901005744934082
electricity-normalized,0.16,100,0.16,0.17,0.01,0.02906632423400879
electricity-normalized,0.16,100,0.16,0.18,0.02,0.02899765968322754
electricity-normalized,0.21,100,0.21,0.14,0.07,0.028607845306396484
electricity-normalized,0.21,100,0.21,0.25,0.04,0.030001163482666016
electricity-normalized,0.21,100,0.21,0.23,0.02,0.032590389251708984
electricity-normalized,0.21,100,0.21,0.21,0.0,0.02984333038330078
electricity-normalized,0.21,100,0.21,0.25,0.04,0.029484033584594727
electricity-normalized,0.21,100,0.21,0.14,0.07,0.028794527053833008
electricity-normalized,0.21,100,0.21,0.28,0.07,0.030162572860717773
electricity-normalized,0.21,100,0.21,0.24,0.03,0.029819965362548828
electricity-normalized,0.21,100,0.21,0.13,0.08,0.028822660446166992
electricity-normalized,0.21,100,0.21,0.31,0.1,0.032877206802368164
electricity-normalized,0.26,100,0.26,0.24,0.02,0.03207516670227051
electricity-normalized,0.26,100,0.26,0.18,0.08,0.0156252384185791
electricity-normalized,0.26,100,0.26,0.31,0.05,0.03450155258178711
electricity-normalized,0.26,100,0.26,0.16,0.1,0.02967667579650879
electricity-normalized,0.26,100,0.26,0.21,0.05,0.03080296516418457
electricity-normalized,0.26,100,0.26,0.17,0.09,0.02728438377380371
electricity-normalized,0.26,100,0.26,0.32,0.06,0.03126096725463867
electricity-normalized,0.26,100,0.26,0.22,0.04,0.031065940856933594
electricity-normalized,0.26,100,0.26,0.31,0.05,0.0317988395690918
electricity-normalized,0.26,100,0.26,0.18,0.08,0.031288862228393555
electricity-normalized,0.32,100,0.32,0.23,0.09,0.036324501037597656
electricity-normalized,0.32,100,0.32,0.37,0.05,0.030783414840698242
electricity-normalized,0.32,100,0.32,0.32,0.0,0.029143095016479492
electricity-normalized,0.32,100,0.32,0.4,0.08,0.02754354476928711
electricity-normalized,0.32,100,0.32,0.26,0.06,0.03231477737426758
electricity-normalized,0.32,100,0.32,0.35,0.03,0.026793956756591797
electricity-normalized,0.32,100,0.32,0.39,0.07,0.02630472183227539
electricity-normalized,0.32,100,0.32,0.35,0.03,0.03133583068847656
electricity-normalized,0.32,100,0.32,0.34,0.02,0.030642032623291016
electricity-normalized,0.32,100,0.32,0.34,0.02,0.016747236251831055
electricity-normalized,0.37,100,0.37,0.3,0.07,0.030791282653808594
electricity-normalized,0.37,100,0.37,0.44,0.07,0.03133845329284668
electricity-normalized,0.37,100,0.37,0.51,0.14,0.03125953674316406
electricity-normalized,0.37,100,0.37,0.43,0.06,0.017599105834960938
electricity-normalized,0.37,100,0.37,0.33,0.04,0.01569080352783203
electricity-normalized,0.37,100,0.37,0.33,0.04,0.031885385513305664
electricity-normalized,0.37,100,0.37,0.36,0.01,0.01570606231689453
electricity-normalized,0.37,100,0.37,0.35,0.02,0.03459906578063965
electricity-normalized,0.37,100,0.37,0.4,0.03,0.0318455696105957
electricity-normalized,0.37,100,0.37,0.21,0.16,0.030500411987304688
electricity-normalized,0.42,100,0.42,0.47,0.05,0.021710634231567383
electricity-normalized,0.42,100,0.42,0.47,0.05,0.03543257713317871
electricity-normalized,0.42,100,0.42,0.42,0.0,0.030861377716064453
electricity-normalized,0.42,100,0.42,0.45,0.03,0.0312502384185791
electricity-normalized,0.42,100,0.42,0.36,0.06,0.027011394500732422
electricity-normalized,0.42,100,0.42,0.46,0.04,0.030848026275634766
electricity-normalized,0.42,100,0.42,0.42,0.0,0.042565345764160156
electricity-normalized,0.42,100,0.42,0.45,0.03,0.024788856506347656
electricity-normalized,0.42,100,0.42,0.44,0.02,0.031250715255737305
electricity-normalized,0.42,100,0.42,0.48,0.06,0.03133106231689453
electricity-normalized,0.47,100,0.47,0.5,0.03,0.03329968452453613
electricity-normalized,0.47,100,0.47,0.45,0.02,0.015630245208740234
electricity-normalized,0.47,100,0.47,0.48,0.01,0.03133654594421387
electricity-normalized,0.47,100,0.47,0.4,0.07,0.03005051612854004
electricity-normalized,0.47,100,0.47,0.53,0.06,0.03132462501525879
electricity-normalized,0.47,100,0.47,0.57,0.1,0.03080153465270996
electricity-normalized,0.47,100,0.47,0.36,0.11,0.030844449996948242
electricity-normalized,0.47,100,0.47,0.43,0.04,0.026223421096801758
electricity-normalized,0.47,100,0.47,0.45,0.02,0.027683496475219727
electricity-normalized,0.47,100,0.47,0.64,0.17,0.020069360733032227
electricity-normalized,0.53,100,0.53,0.58,0.05,0.031917572021484375
electricity-normalized,0.53,100,0.53,0.62,0.09,0.018871068954467773
electricity-normalized,0.53,100,0.53,0.55,0.02,0.017220497131347656
electricity-normalized,0.53,100,0.53,0.46,0.07,0.03180837631225586
electricity-normalized,0.53,100,0.53,0.73,0.2,0.027124881744384766
electricity-normalized,0.53,100,0.53,0.48,0.05,0.031728506088256836
electricity-normalized,0.53,100,0.53,0.49,0.04,0.017171621322631836
electricity-normalized,0.53,100,0.53,0.51,0.02,0.025330066680908203
electricity-normalized,0.53,100,0.53,0.4,0.13,0.03180384635925293
electricity-normalized,0.53,100,0.53,0.49,0.04,0.021958589553833008
electricity-normalized,0.58,100,0.58,0.69,0.11,0.02712249755859375
electricity-normalized,0.58,100,0.58,0.63,0.05,0.015636682510375977
electricity-normalized,0.58,100,0.58,0.6,0.02,0.0273590087890625
electricity-normalized,0.58,100,0.58,0.6,0.02,0.018799304962158203
electricity-normalized,0.58,100,0.58,0.56,0.02,0.03188800811767578
electricity-normalized,0.58,100,0.58,0.55,0.03,0.024467945098876953
electricity-normalized,0.58,100,0.58,0.6,0.02,0.01971125602722168
electricity-normalized,0.58,100,0.58,0.51,0.07,0.019801855087280273
electricity-normalized,0.58,100,0.58,0.62,0.04,0.03125452995300293
electricity-normalized,0.58,100,0.58,0.64,0.06,0.03133106231689453
electricity-normalized,0.63,100,0.63,0.75,0.12,0.031239032745361328
electricity-normalized,0.63,100,0.63,0.55,0.08,0.015619516372680664
electricity-normalized,0.63,100,0.63,0.59,0.04,0.030643224716186523
electricity-normalized,0.63,100,0.63,0.6,0.03,0.030849695205688477
electricity-normalized,0.63,100,0.63,0.52,0.11,0.03124713897705078
electricity-normalized,0.63,100,0.63,0.47,0.16,0.031259775161743164
electricity-normalized,0.63,100,0.63,0.71,0.08,0.0284271240234375
electricity-normalized,0.63,100,0.63,0.63,0.0,0.03353548049926758
electricity-normalized,0.63,100,0.63,0.57,0.06,0.03132438659667969
electricity-normalized,0.63,100,0.63,0.66,0.03,0.03133726119995117
electricity-normalized,0.68,100,0.68,0.7,0.02,0.03135085105895996
electricity-normalized,0.68,100,0.68,0.79,0.11,0.019004344940185547
electricity-normalized,0.68,100,0.68,0.86,0.18,0.029891252517700195
electricity-normalized,0.68,100,0.68,0.57,0.11,0.03135037422180176
electricity-normalized,0.68,100,0.68,0.66,0.02,0.02984929084777832
electricity-normalized,0.68,100,0.68,0.75,0.07,0.03125
electricity-normalized,0.68,100,0.68,0.8,0.12,0.03133106231689453
electricity-normalized,0.68,100,0.68,0.71,0.03,0.03215789794921875
electricity-normalized,0.68,100,0.68,0.61,0.07,0.015082120895385742
electricity-normalized,0.68,100,0.68,0.69,0.01,0.031905412673950195
electricity-normalized,0.74,100,0.74,0.68,0.06,0.040450096130371094
electricity-normalized,0.74,100,0.74,0.68,0.06,0.03328084945678711
electricity-normalized,0.74,100,0.74,0.69,0.05,0.0346369743347168
electricity-normalized,0.74,100,0.74,0.76,0.02,0.03426551818847656
electricity-normalized,0.74,100,0.74,0.74,0.0,0.030644655227661133
electricity-normalized,0.74,100,0.74,0.72,0.02,0.03125119209289551
electricity-normalized,0.74,100,0.74,0.74,0.0,0.031253814697265625
electricity-normalized,0.74,100,0.74,0.76,0.02,0.01819157600402832
electricity-normalized,0.74,100,0.74,0.68,0.06,0.015613317489624023
electricity-normalized,0.74,100,0.74,0.79,0.05,0.015626192092895508
electricity-normalized,0.79,100,0.79,0.81,0.02,0.03011631965637207
electricity-normalized,0.79,100,0.79,0.85,0.06,0.030803203582763672
electricity-normalized,0.79,100,0.79,0.78,0.01,0.017798423767089844
electricity-normalized,0.79,100,0.79,0.86,0.07,0.03617668151855469
electricity-normalized,0.79,100,0.79,0.74,0.05,0.0312497615814209
electricity-normalized,0.79,100,0.79,0.84,0.05,0.031249523162841797
electricity-normalized,0.79,100,0.79,0.67,0.12,0.034218549728393555
electricity-normalized,0.79,100,0.79,0.97,0.18,0.02777838706970215
electricity-normalized,0.79,100,0.79,0.74,0.05,0.016167640686035156
electricity-normalized,0.79,100,0.79,0.63,0.16,0.02873969078063965
electricity-normalized,0.84,100,0.84,0.95,0.11,0.03125905990600586
electricity-normalized,0.84,100,0.84,0.88,0.04,0.030795812606811523
electricity-normalized,0.84,100,0.84,0.77,0.07,0.04152202606201172
electricity-normalized,0.84,100,0.84,0.83,0.01,0.03123927116394043
electricity-normalized,0.84,100,0.84,0.92,0.08,0.016015052795410156
electricity-normalized,0.84,100,0.84,0.87,0.03,0.0195767879486084
electricity-normalized,0.84,100,0.84,0.92,0.08,0.034235477447509766
electricity-normalized,0.84,100,0.84,0.71,0.13,0.035053253173828125
electricity-normalized,0.84,100,0.84,0.78,0.06,0.03481745719909668
electricity-normalized,0.84,100,0.84,0.81,0.03,0.03182840347290039
electricity-normalized,0.89,100,0.89,0.96,0.07,0.0190277099609375
electricity-normalized,0.89,100,0.89,1.0,0.11,0.017743825912475586
electricity-normalized,0.89,100,0.89,0.93,0.04,0.01950216293334961
electricity-normalized,0.89,100,0.89,1.0,0.11,0.03432869911193848
electricity-normalized,0.89,100,0.89,1.0,0.11,0.03130626678466797
electricity-normalized,0.89,100,0.89,0.94,0.05,0.03131699562072754
electricity-normalized,0.89,100,0.89,0.81,0.08,0.029779434204101562
electricity-normalized,0.89,100,0.89,0.9,0.01,0.02526092529296875
electricity-normalized,0.89,100,0.89,0.9,0.01,0.03173708915710449
electricity-normalized,0.89,100,0.89,0.85,0.04,0.030739307403564453
electricity-normalized,0.95,100,0.95,0.95,0.0,0.03836250305175781
electricity-normalized,0.95,100,0.95,0.98,0.03,0.03500056266784668
electricity-normalized,0.95,100,0.95,0.88,0.07,0.031316280364990234
electricity-normalized,0.95,100,0.95,1.0,0.05,0.02723240852355957
electricity-normalized,0.95,100,0.95,1.0,0.05,0.03180956840515137
electricity-normalized,0.95,100,0.95,0.93,0.02,0.03129434585571289
electricity-normalized,0.95,100,0.95,0.94,0.01,0.03173112869262695
electricity-normalized,0.95,100,0.95,0.96,0.01,0.02315068244934082
electricity-normalized,0.95,100,0.95,0.99,0.04,0.03293466567993164
electricity-normalized,0.95,100,0.95,0.98,0.03,0.01562666893005371
electricity-normalized,1.0,100,1.0,0.96,0.04,0.024204492568969727
electricity-normalized,1.0,100,1.0,1.0,0.0,0.031087636947631836
electricity-normalized,1.0,100,1.0,0.96,0.04,0.02479243278503418
electricity-normalized,1.0,100,1.0,1.0,0.0,0.028548479080200195
electricity-normalized,1.0,100,1.0,1.0,0.0,0.03054022789001465
electricity-normalized,1.0,100,1.0,1.0,0.0,0.03322196006774902
electricity-normalized,1.0,100,1.0,0.98,0.02,0.033995628356933594
electricity-normalized,1.0,100,1.0,0.97,0.03,0.027318239212036133
electricity-normalized,1.0,100,1.0,0.99,0.01,0.027326107025146484
electricity-normalized,1.0,100,1.0,1.0,0.0,0.03135538101196289
elevators,0.0,100,0.0,0.06,0.06,0.040433645248413086
elevators,0.0,100,0.0,0.0,0.0,0.026110410690307617
elevators,0.0,100,0.0,0.0,0.0,0.035282135009765625
elevators,0.0,100,0.0,0.02,0.02,0.03633260726928711
elevators,0.0,100,0.0,0.0,0.0,0.026081323623657227
elevators,0.0,100,0.0,0.03,0.03,0.030651092529296875
elevators,0.0,100,0.0,0.02,0.02,0.012685775756835938
elevators,0.0,100,0.0,0.0,0.0,0.03133678436279297
elevators,0.0,100,0.0,0.02,0.02,0.02980327606201172
elevators,0.0,100,0.0,0.03,0.03,0.03368425369262695
elevators,0.05,100,0.05,0.01,0.04,0.034633636474609375
elevators,0.05,100,0.05,0.13,0.08,0.031247615814208984
elevators,0.05,100,0.05,0.09,0.04,0.014075756072998047
elevators,0.05,100,0.05,0.06,0.01,0.034174203872680664
elevators,0.05,100,0.05,0.13,0.08,0.02476644515991211
elevators,0.05,100,0.05,0.06,0.01,0.030836105346679688
elevators,0.05,100,0.05,0.07,0.02,0.026228666305541992
elevators,0.05,100,0.05,0.04,0.01,0.014588594436645508
elevators,0.05,100,0.05,0.07,0.02,0.015700578689575195
elevators,0.05,100,0.05,0.06,0.01,0.03124856948852539
elevators,0.11,100,0.11,0.08,0.03,0.03177952766418457
elevators,0.11,100,0.11,0.15,0.04,0.0312502384185791
elevators,0.11,100,0.11,0.08,0.03,0.02429652214050293
elevators,0.11,100,0.11,0.18,0.07,0.031248807907104492
elevators,0.11,100,0.11,0.15,0.04,0.01570916175842285
elevators,0.11,100,0.11,0.08,0.03,0.03133058547973633
elevators,0.11,100,0.11,0.16,0.05,0.015619516372680664
elevators,0.11,100,0.11,0.21,0.1,0.033264875411987305
elevators,0.11,100,0.11,0.14,0.03,0.015626907348632812
elevators,0.11,100,0.11,0.08,0.03,0.03187298774719238
elevators,0.16,100,0.16,0.16,0.0,0.015626192092895508
elevators,0.16,100,0.16,0.13,0.03,0.02663111686706543
elevators,0.16,100,0.16,0.2,0.04,0.031239748001098633
elevators,0.16,100,0.16,0.2,0.04,0.022518157958984375
elevators,0.16,100,0.16,0.22,0.06,0.01969122886657715
elevators,0.16,100,0.16,0.2,0.04,0.02484130859375
elevators,0.16,100,0.16,0.12,0.04,0.030300617218017578
elevators,0.16,100,0.16,0.1,0.06,0.0357820987701416
elevators,0.16,100,0.16,0.17,0.01,0.03020763397216797
elevators,0.16,100,0.16,0.21,0.05,0.03847241401672363
elevators,0.21,100,0.21,0.24,0.03,0.01562666893005371
elevators,0.21,100,0.21,0.22,0.01,0.015619039535522461
elevators,0.21,100,0.21,0.19,0.02,0.015612602233886719
elevators,0.21,100,0.21,0.21,0.0,0.01914191246032715
elevators,0.21,100,0.21,0.21,0.0,0.0156252384185791
elevators,0.21,100,0.21,0.23,0.02,0.03189373016357422
elevators,0.21,100,0.21,0.17,0.04,0.03394460678100586
elevators,0.21,100,0.21,0.21,0.0,0.015698671340942383
elevators,0.21,100,0.21,0.21,0.0,0.0312502384185791
elevators,0.21,100,0.21,0.13,0.08,0.03452610969543457
elevators,0.26,100,0.26,0.19,0.07,0.02532172203063965
elevators,0.26,100,0.26,0.25,0.01,0.012418508529663086
elevators,0.26,100,0.26,0.27,0.01,0.014402389526367188
elevators,0.26,100,0.26,0.22,0.04,0.015707731246948242
elevators,0.26,100,0.26,0.29,0.03,0.031339168548583984
elevators,0.26,100,0.26,0.29,0.03,0.015721797943115234
elevators,0.26,100,0.26,0.21,0.05,0.03125572204589844
elevators,0.26,100,0.26,0.23,0.03,0.015627145767211914
elevators,0.26,100,0.26,0.32,0.06,0.03779196739196777
elevators,0.26,100,0.26,0.25,0.01,0.015984773635864258
elevators,0.32,100,0.32,0.28,0.04,0.04098653793334961
elevators,0.32,100,0.32,0.39,0.07,0.01699686050415039
elevators,0.32,100,0.32,0.35,0.03,0.03468728065490723
elevators,0.32,100,0.32,0.29,0.03,0.01563549041748047
elevators,0.32,100,0.32,0.31,0.01,0.022005319595336914
elevators,0.32,100,0.32,0.38,0.06,0.01563262939453125
elevators,0.32,100,0.32,0.32,0.0,0.025641918182373047
elevators,0.32,100,0.32,0.38,0.06,0.01616358757019043
elevators,0.32,100,0.32,0.36,0.04,0.03126025199890137
elevators,0.32,100,0.32,0.35,0.03,0.016172170639038086
elevators,0.37,100,0.37,0.37,0.0,0.031256914138793945
elevators,0.37,100,0.37,0.35,0.02,0.015717744827270508
elevators,0.37,100,0.37,0.39,0.02,0.015613794326782227
elevators,0.37,100,0.37,0.44,0.07,0.01884937286376953
elevators,0.37,100,0.37,0.38,0.01,0.01570749282836914
elevators,0.37,100,0.37,0.45,0.08,0.015645742416381836
elevators,0.37,100,0.37,0.31,0.06,0.030807971954345703
elevators,0.37,100,0.37,0.41,0.04,0.030721426010131836
elevators,0.37,100,0.37,0.4,0.03,0.03188896179199219
elevators,0.37,100,0.37,0.37,0.0,0.03079533576965332
elevators,0.42,100,0.42,0.44,0.02,0.03998517990112305
elevators,0.42,100,0.42,0.46,0.04,0.031241178512573242
elevators,0.42,100,0.42,0.44,0.02,0.024798870086669922
elevators,0.42,100,0.42,0.44,0.02,0.015618562698364258
elevators,0.42,100,0.42,0.34,0.08,0.030303239822387695
elevators,0.42,100,0.42,0.47,0.05,0.03079509735107422
elevators,0.42,100,0.42,0.52,0.1,0.03125262260437012
elevators,0.42,100,0.42,0.46,0.04,0.01571035385131836
elevators,0.42,100,0.42,0.43,0.01,0.031342267990112305
elevators,0.42,100,0.42,0.46,0.04,0.01570868492126465
elevators,0.47,100,0.47,0.45,0.02,0.031336307525634766
elevators,0.47,100,0.47,0.45,0.02,0.015620708465576172
elevators,0.47,100,0.47,0.46,0.01,0.015631914138793945
elevators,0.47,100,0.47,0.5,0.03,0.03134632110595703
elevators,0.47,100,0.47,0.55,0.08,0.024295806884765625
elevators,0.47,100,0.47,0.44,0.03,0.01972198486328125
elevators,0.47,100,0.47,0.5,0.03,0.02523183822631836
elevators,0.47,100,0.47,0.45,0.02,0.015007734298706055
elevators,0.47,100,0.47,0.53,0.06,0.02639174461364746
elevators,0.47,100,0.47,0.49,0.02,0.02608513832092285
elevators,0.53,100,0.53,0.52,0.01,0.02751016616821289
elevators,0.53,100,0.53,0.54,0.01,0.021153926849365234
elevators,0.53,100,0.53,0.54,0.01,0.024745702743530273
elevators,0.53,100,0.53,0.55,0.02,0.0235135555267334
elevators,0.53,100,0.53,0.57,0.04,0.03133559226989746
elevators,0.53,100,0.53,0.5,0.03,0.027222871780395508
elevators,0.53,100,0.53,0.57,0.04,0.03126263618469238
elevators,0.53,100,0.53,0.49,0.04,0.016164779663085938
elevators,0.53,100,0.53,0.56,0.03,0.024486064910888672
elevators,0.53,100,0.53,0.48,0.05,0.031260013580322266
elevators,0.58,100,0.58,0.69,0.11,0.01562786102294922
elevators,0.58,100,0.58,0.55,0.03,0.031334877014160156
elevators,0.58,100,0.58,0.59,0.01,0.031340599060058594
elevators,0.58,100,0.58,0.61,0.03,0.015623331069946289
elevators,0.58,100,0.58,0.63,0.05,0.03188920021057129
elevators,0.58,100,0.58,0.63,0.05,0.02898120880126953
elevators,0.58,100,0.58,0.52,0.06,0.016173362731933594
elevators,0.58,100,0.58,0.57,0.01,0.031250953674316406
elevators,0.58,100,0.58,0.57,0.01,0.02179265022277832
elevators,0.58,100,0.58,0.58,0.0,0.02650761604309082
elevators,0.63,100,0.63,0.58,0.05,0.03410482406616211
elevators,0.63,100,0.63,0.59,0.04,0.034119367599487305
elevators,0.63,100,0.63,0.62,0.01,0.024514198303222656
elevators,0.63,100,0.63,0.62,0.01,0.03125452995300293
elevators,0.63,100,0.63,0.63,0.0,0.01963329315185547
elevators,0.63,100,0.63,0.56,0.07,0.03506827354431152
elevators,0.63,100,0.63,0.66,0.03,0.033364295959472656
elevators,0.63,100,0.63,0.6,0.03,0.030829668045043945
elevators,0.63,100,0.63,0.63,0.0,0.02628183364868164
elevators,0.63,100,0.63,0.69,0.06,0.027348756790161133
elevators,0.68,100,0.68,0.66,0.02,0.01888298988342285
elevators,0.68,100,0.68,0.67,0.01,0.024819612503051758
elevators,0.68,100,0.68,0.78,0.1,0.01562952995300293
elevators,0.68,100,0.68,0.72,0.04,0.024919748306274414
elevators,0.68,100,0.68,0.67,0.01,0.026291370391845703
elevators,0.68,100,0.68,0.7,0.02,0.03092217445373535
elevators,0.68,100,0.68,0.71,0.03,0.027440547943115234
elevators,0.68,100,0.68,0.66,0.02,0.026399612426757812
elevators,0.68,100,0.68,0.63,0.05,0.028694629669189453
elevators,0.68,100,0.68,0.71,0.03,0.012110710144042969
elevators,0.74,100,0.74,0.75,0.01,0.025957107543945312
elevators,0.74,100,0.74,0.78,0.04,0.01563549041748047
elevators,0.74,100,0.74,0.73,0.01,0.016014814376831055
elevators,0.74,100,0.74,0.73,0.01,0.01570892333984375
elevators,0.74,100,0.74,0.78,0.04,0.03187680244445801
elevators,0.74,100,0.74,0.71,0.03,0.015635013580322266
elevators,0.74,100,0.74,0.71,0.03,0.019795656204223633
elevators,0.74,100,0.74,0.77,0.03,0.015614748001098633
elevators,0.74,100,0.74,0.75,0.01,0.015701770782470703
elevators,0.74,100,0.74,0.75,0.01,0.015625715255737305
elevators,0.79,100,0.79,0.85,0.06,0.015076637268066406
elevators,0.79,100,0.79,0.8,0.01,0.04006147384643555
elevators,0.79,100,0.79,0.79,0.0,0.026563405990600586
elevators,0.79,100,0.79,0.85,0.06,0.01561737060546875
elevators,0.79,100,0.79,0.8,0.01,0.0212099552154541
elevators,0.79,100,0.79,0.81,0.02,0.031336307525634766
elevators,0.79,100,0.79,0.84,0.05,0.016169071197509766
elevators,0.79,100,0.79,0.75,0.04,0.034252166748046875
elevators,0.79,100,0.79,0.8,0.01,0.024796009063720703
elevators,0.79,100,0.79,0.77,0.02,0.0302276611328125
elevators,0.84,100,0.84,0.87,0.03,0.03133726119995117
elevators,0.84,100,0.84,0.85,0.01,0.019883155822753906
elevators,0.84,100,0.84,0.87,0.03,0.015635967254638672
elevators,0.84,100,0.84,0.82,0.02,0.019870758056640625
elevators,0.84,100,0.84,0.96,0.12,0.031248092651367188
elevators,0.84,100,0.84,0.87,0.03,0.016164541244506836
elevators,0.84,100,0.84,0.87,0.03,0.03401970863342285
elevators,0.84,100,0.84,0.85,0.01,0.025797605514526367
elevators,0.84,100,0.84,0.83,0.01,0.015612363815307617
elevators,0.84,100,0.84,0.85,0.01,0.01571202278137207
elevators,0.89,100,0.89,0.9,0.01,0.025249719619750977
elevators,0.89,100,0.89,0.9,0.01,0.02569127082824707
elevators,0.89,100,0.89,0.9,0.01,0.02118206024169922
elevators,0.89,100,0.89,0.89,0.0,0.013255596160888672
elevators,0.89,100,0.89,0.89,0.0,0.011086463928222656
elevators,0.89,100,0.89,0.92,0.03,0.015074968338012695
elevators,0.89,100,0.89,0.9,0.01,0.030796527862548828
elevators,0.89,100,0.89,0.89,0.0,0.018990039825439453
elevators,0.89,100,0.89,0.94,0.05,0.030794143676757812
elevators,0.89,100,0.89,0.89,0.0,0.01696920394897461
elevators,0.95,100,0.95,0.96,0.01,0.029729366302490234
elevators,0.95,100,0.95,0.97,0.02,0.03085017204284668
elevators,0.95,100,0.95,0.97,0.02,0.028057575225830078
elevators,0.95,100,0.95,0.97,0.02,0.02971506118774414
elevators,0.95,100,0.95,0.95,0.0,0.02515864372253418
elevators,0.95,100,0.95,0.96,0.01,0.015007495880126953
elevators,0.95,100,0.95,0.92,0.03,0.02630305290222168
elevators,0.95,100,0.95,0.96,0.01,0.015076160430908203
elevators,0.95,100,0.95,0.95,0.0,0.03416037559509277
elevators,0.95,100,0.95,0.95,0.0,0.01561880111694336
elevators,1.0,100,1.0,1.0,0.0,0.03161311149597168
elevators,1.0,100,1.0,1.0,0.0,0.03442263603210449
elevators,1.0,100,1.0,1.0,0.0,0.011321544647216797
elevators,1.0,100,1.0,1.0,0.0,0.02951359748840332
elevators,1.0,100,1.0,1.0,0.0,0.021705150604248047
elevators,1.0,100,1.0,1.0,0.0,0.012245655059814453
elevators,1.0,100,1.0,1.0,0.0,0.02999091148376465
elevators,1.0,100,1.0,1.0,0.0,0.012382268905639648
elevators,1.0,100,1.0,1.0,0.0,0.016982078552246094
elevators,1.0,100,1.0,1.0,0.0,0.019982099533081055
file79b563a1a18,0.0,100,0.0,0.1,0.1,0.031783342361450195
file79b563a1a18,0.0,100,0.0,0.05,0.05,0.024752140045166016
file79b563a1a18,0.0,100,0.0,0.03,0.03,0.015184640884399414
file79b563a1a18,0.0,100,0.0,0.0,0.0,0.031244754791259766
file79b563a1a18,0.0,100,0.0,0.11,0.11,0.03207898139953613
file79b563a1a18,0.0,100,0.0,0.12,0.12,0.030801773071289062
file79b563a1a18,0.0,100,0.0,0.08,0.08,0.03548598289489746
file79b563a1a18,0.0,100,0.0,0.03,0.03,0.03409004211425781
file79b563a1a18,0.0,100,0.0,0.07,0.07,0.023816585540771484
file79b563a1a18,0.0,100,0.0,0.0,0.0,0.015624761581420898
file79b563a1a18,0.05,100,0.05,0.19,0.14,0.026197195053100586
file79b563a1a18,0.05,100,0.05,0.12,0.07,0.009144067764282227
file79b563a1a18,0.05,100,0.05,0.18,0.13,0.015712499618530273
file79b563a1a18,0.05,100,0.05,0.08,0.03,0.015725374221801758
file79b563a1a18,0.05,100,0.05,0.02,0.03,0.02583765983581543
file79b563a1a18,0.05,100,0.05,0.03,0.02,0.015079021453857422
file79b563a1a18,0.05,100,0.05,0.11,0.06,0.031250715255737305
file79b563a1a18,0.05,100,0.05,0.05,0.0,0.025667190551757812
file79b563a1a18,0.05,100,0.05,0.11,0.06,0.030729293823242188
file79b563a1a18,0.05,100,0.05,0.05,0.0,0.03134632110595703
file79b563a1a18,0.11,100,0.11,0.15,0.04,0.033736228942871094
file79b563a1a18,0.11,100,0.11,0.19,0.08,0.015084266662597656
file79b563a1a18,0.11,100,0.11,0.14,0.03,0.015617132186889648
file79b563a1a18,0.11,100,0.11,0.14,0.03,0.02634143829345703
file79b563a1a18,0.11,100,0.11,0.11,0.0,0.030794382095336914
file79b563a1a18,0.11,100,0.11,0.17,0.06,0.03133225440979004
file79b563a1a18,0.11,100,0.11,0.19,0.08,0.02527904510498047
file79b563a1a18,0.11,100,0.11,0.04,0.07,0.03079509735107422
file79b563a1a18,0.11,100,0.11,0.12,0.01,0.015620946884155273
file79b563a1a18,0.11,100,0.11,0.16,0.05,0.015073776245117188
file79b563a1a18,0.16,100,0.16,0.11,0.05,0.03133726119995117
file79b563a1a18,0.16,100,0.16,0.17,0.01,0.03132891654968262
file79b563a1a18,0.16,100,0.16,0.29,0.13,0.030550241470336914
file79b563a1a18,0.16,100,0.16,0.19,0.03,0.031336069107055664
file79b563a1a18,0.16,100,0.16,0.21,0.05,0.0317988395690918
file79b563a1a18,0.16,100,0.16,0.23,0.07,0.024691104888916016
file79b563a1a18,0.16,100,0.16,0.15,0.01,0.03190970420837402
file79b563a1a18,0.16,100,0.16,0.14,0.02,0.03125309944152832
file79b563a1a18,0.16,100,0.16,0.12,0.04,0.036386728286743164
file79b563a1a18,0.16,100,0.16,0.17,0.01,0.031346797943115234
file79b563a1a18,0.21,100,0.21,0.31,0.1,0.03125166893005371
file79b563a1a18,0.21,100,0.21,0.19,0.02,0.018454790115356445
file79b563a1a18,0.21,100,0.21,0.2,0.01,0.02584362030029297
file79b563a1a18,0.21,100,0.21,0.13,0.08,0.015621185302734375
file79b563a1a18,0.21,100,0.21,0.22,0.01,0.02490544319152832
file79b563a1a18,0.21,100,0.21,0.28,0.07,0.03078603744506836
file79b563a1a18,0.21,100,0.21,0.25,0.04,0.01616954803466797
file79b563a1a18,0.21,100,0.21,0.23,0.02,0.025291919708251953
file79b563a1a18,0.21,100,0.21,0.26,0.05,0.031885385513305664
file79b563a1a18,0.21,100,0.21,0.18,0.03,0.01562809944152832
file79b563a1a18,0.26,100,0.26,0.27,0.01,0.032309532165527344
file79b563a1a18,0.26,100,0.26,0.39,0.13,0.027297258377075195
file79b563a1a18,0.26,100,0.26,0.3,0.04,0.031879425048828125
file79b563a1a18,0.26,100,0.26,0.25,0.01,0.015613794326782227
file79b563a1a18,0.26,100,0.26,0.16,0.1,0.017109155654907227
file79b563a1a18,0.26,100,0.26,0.28,0.02,0.015625
file79b563a1a18,0.26,100,0.26,0.3,0.04,0.023950576782226562
file79b563a1a18,0.26,100,0.26,0.2,0.06,0.015976428985595703
file79b563a1a18,0.26,100,0.26,0.23,0.03,0.02880549430847168
file79b563a1a18,0.26,100,0.26,0.24,0.02,0.0313267707824707
file79b563a1a18,0.32,100,0.32,0.36,0.04,0.021049976348876953
file79b563a1a18,0.32,100,0.32,0.38,0.06,0.01507878303527832
file79b563a1a18,0.32,100,0.32,0.3,0.02,0.015711545944213867
file79b563a1a18,0.32,100,0.32,0.35,0.03,0.0233614444732666
file79b563a1a18,0.32,100,0.32,0.28,0.04,0.01570749282836914
file79b563a1a18,0.32,100,0.32,0.44,0.12,0.034371376037597656
file79b563a1a18,0.32,100,0.32,0.3,0.02,0.01507425308227539
file79b563a1a18,0.32,100,0.32,0.46,0.14,0.02833867073059082
file79b563a1a18,0.32,100,0.32,0.39,0.07,0.015629053115844727
file79b563a1a18,0.32,100,0.32,0.25,0.07,0.02669978141784668
file79b563a1a18,0.37,100,0.37,0.49,0.12,0.015625953674316406
file79b563a1a18,0.37,100,0.37,0.43,0.06,0.018683433532714844
file79b563a1a18,0.37,100,0.37,0.38,0.01,0.03125929832458496
file79b563a1a18,0.37,100,0.37,0.46,0.09,0.017563343048095703
file79b563a1a18,0.37,100,0.37,0.4,0.03,0.027525663375854492
file79b563a1a18,0.37,100,0.37,0.42,0.05,0.009528398513793945
file79b563a1a18,0.37,100,0.37,0.37,0.0,0.031238317489624023
file79b563a1a18,0.37,100,0.37,0.35,0.02,0.009271621704101562
file79b563a1a18,0.37,100,0.37,0.33,0.04,0.015627622604370117
file79b563a1a18,0.37,100,0.37,0.39,0.02,0.016844749450683594
file79b563a1a18,0.42,100,0.42,0.55,0.13,0.017975807189941406
file79b563a1a18,0.42,100,0.42,0.5,0.08,0.01569533348083496
file79b563a1a18,0.42,100,0.42,0.47,0.05,0.033585548400878906
file79b563a1a18,0.42,100,0.42,0.29,0.13,0.015698671340942383
file79b563a1a18,0.42,100,0.42,0.39,0.03,0.026508331298828125
file79b563a1a18,0.42,100,0.42,0.39,0.03,0.031331539154052734
file79b563a1a18,0.42,100,0.42,0.41,0.01,0.030838727951049805
file79b563a1a18,0.42,100,0.42,0.46,0.04,0.015699386596679688
file79b563a1a18,0.42,100,0.42,0.41,0.01,0.03697824478149414
file79b563a1a18,0.42,100,0.42,0.42,0.0,0.01573634147644043
file79b563a1a18,0.47,100,0.47,0.43,0.04,0.031249523162841797
file79b563a1a18,0.47,100,0.47,0.54,0.07,0.036989688873291016
file79b563a1a18,0.47,100,0.47,0.48,0.01,0.015708208084106445
file79b563a1a18,0.47,100,0.47,0.52,0.05,0.015635013580322266
file79b563a1a18,0.47,100,0.47,0.48,0.01,0.030890703201293945
file79b563a1a18,0.47,100,0.47,0.38,0.09,0.015707969665527344
file79b563a1a18,0.47,100,0.47,0.42,0.05,0.02421736717224121
file79b563a1a18,0.47,100,0.47,0.55,0.08,0.02437877655029297
file79b563a1a18,0.47,100,0.47,0.46,0.01,0.02715921401977539
file79b563a1a18,0.47,100,0.47,0.55,0.08,0.03133249282836914
file79b563a1a18,0.53,100,0.53,0.68,0.15,0.01562356948852539
file79b563a1a18,0.53,100,0.53,0.66,0.13,0.011371374130249023
file79b563a1a18,0.53,100,0.53,0.57,0.04,0.015705108642578125
file79b563a1a18,0.53,100,0.53,0.53,0.0,0.015711545944213867
file79b563a1a18,0.53,100,0.53,0.52,0.01,0.029929399490356445
file79b563a1a18,0.53,100,0.53,0.53,0.0,0.03133082389831543
file79b563a1a18,0.53,100,0.53,0.53,0.0,0.031245946884155273
file79b563a1a18,0.53,100,0.53,0.51,0.02,0.02599620819091797
file79b563a1a18,0.53,100,0.53,0.54,0.01,0.030779361724853516
file79b563a1a18,0.53,100,0.53,0.47,0.06,0.031331539154052734
file79b563a1a18,0.58,100,0.58,0.58,0.0,0.02528667449951172
file79b563a1a18,0.58,100,0.58,0.52,0.06,0.01571059226989746
file79b563a1a18,0.58,100,0.58,0.67,0.09,0.031252145767211914
file79b563a1a18,0.58,100,0.58,0.61,0.03,0.02738785743713379
file79b563a1a18,0.58,100,0.58,0.62,0.04,0.030795812606811523
file79b563a1a18,0.58,100,0.58,0.65,0.07,0.01570868492126465
file79b563a1a18,0.58,100,0.58,0.62,0.04,0.024455785751342773
file79b563a1a18,0.58,100,0.58,0.53,0.05,0.01571369171142578
file79b563a1a18,0.58,100,0.58,0.63,0.05,0.01571488380432129
file79b563a1a18,0.58,100,0.58,0.57,0.01,0.026314735412597656
file79b563a1a18,0.63,100,0.63,0.66,0.03,0.024169206619262695
file79b563a1a18,0.63,100,0.63,0.6,0.03,0.03133392333984375
file79b563a1a18,0.63,100,0.63,0.68,0.05,0.013405323028564453
file79b563a1a18,0.63,100,0.63,0.7,0.07,0.015621423721313477
file79b563a1a18,0.63,100,0.63,0.77,0.14,0.03396916389465332
file79b563a1a18,0.63,100,0.63,0.59,0.04,0.03078770637512207
file79b563a1a18,0.63,100,0.63,0.67,0.04,0.03180217742919922
file79b563a1a18,0.63,100,0.63,0.57,0.06,0.01561594009399414
file79b563a1a18,0.63,100,0.63,0.62,0.01,0.021155834197998047
file79b563a1a18,0.63,100,0.63,0.67,0.04,0.03125476837158203
file79b563a1a18,0.68,100,0.68,0.64,0.04,0.02851414680480957
file79b563a1a18,0.68,100,0.68,0.58,0.1,0.030779361724853516
file79b563a1a18,0.68,100,0.68,0.68,0.0,0.03187274932861328
file79b563a1a18,0.68,100,0.68,0.64,0.04,0.02437758445739746
file79b563a1a18,0.68,100,0.68,0.68,0.0,0.03137397766113281
file79b563a1a18,0.68,100,0.68,0.75,0.07,0.015615463256835938
file79b563a1a18,0.68,100,0.68,0.68,0.0,0.026936054229736328
file79b563a1a18,0.68,100,0.68,0.68,0.0,0.015079259872436523
file79b563a1a18,0.68,100,0.68,0.72,0.04,0.028798580169677734
file79b563a1a18,0.68,100,0.68,0.68,0.0,0.015086889266967773
file79b563a1a18,0.74,100,0.74,0.78,0.04,0.015691041946411133
file79b563a1a18,0.74,100,0.74,0.68,0.06,0.019991636276245117
file79b563a1a18,0.74,100,0.74,0.76,0.02,0.015712499618530273
file79b563a1a18,0.74,100,0.74,0.7,0.04,0.02451491355895996
file79b563a1a18,0.74,100,0.74,0.74,0.0,0.03133368492126465
file79b563a1a18,0.74,100,0.74,0.77,0.03,0.031239032745361328
file79b563a1a18,0.74,100,0.74,0.76,0.02,0.024823665618896484
file79b563a1a18,0.74,100,0.74,0.8,0.06,0.03132510185241699
file79b563a1a18,0.74,100,0.74,0.76,0.02,0.0157015323638916
file79b563a1a18,0.74,100,0.74,0.66,0.08,0.024797916412353516
file79b563a1a18,0.79,100,0.79,0.75,0.04,0.015624523162841797
file79b563a1a18,0.79,100,0.79,0.78,0.01,0.015625476837158203
file79b563a1a18,0.79,100,0.79,0.82,0.03,0.015081405639648438
file79b563a1a18,0.79,100,0.79,0.83,0.04,0.021699905395507812
file79b563a1a18,0.79,100,0.79,0.83,0.04,0.031327009201049805
file79b563a1a18,0.79,100,0.79,0.71,0.08,0.029937744140625
file79b563a1a18,0.79,100,0.79,0.77,0.02,0.031340837478637695
file79b563a1a18,0.79,100,0.79,0.8,0.01,0.015634775161743164
file79b563a1a18,0.79,100,0.79,0.8,0.01,0.027344226837158203
file79b563a1a18,0.79,100,0.79,0.95,0.16,0.030795574188232422
file79b563a1a18,0.84,100,0.84,0.84,0.0,0.027918338775634766
file79b563a1a18,0.84,100,0.84,0.83,0.01,0.02477407455444336
file79b563a1a18,0.84,100,0.84,0.89,0.05,0.015703439712524414
file79b563a1a18,0.84,100,0.84,0.76,0.08,0.01562666893005371
file79b563a1a18,0.84,100,0.84,0.89,0.05,0.030275344848632812
file79b563a1a18,0.84,100,0.84,0.76,0.08,0.015083074569702148
file79b563a1a18,0.84,100,0.84,0.92,0.08,0.015713214874267578
file79b563a1a18,0.84,100,0.84,0.85,0.01,0.012172698974609375
file79b563a1a18,0.84,100,0.84,0.84,0.0,0.015711307525634766
file79b563a1a18,0.84,100,0.84,0.84,0.0,0.0161745548248291
file79b563a1a18,0.89,100,0.89,0.86,0.03,0.015169143676757812
file79b563a1a18,0.89,100,0.89,0.91,0.02,0.01570415496826172
file79b563a1a18,0.89,100,0.89,0.86,0.03,0.015625
file79b563a1a18,0.89,100,0.89,0.9,0.01,0.015700340270996094
file79b563a1a18,0.89,100,0.89,0.9,0.01,0.01562047004699707
file79b563a1a18,0.89,100,0.89,0.9,0.01,0.022791147232055664
file79b563a1a18,0.89,100,0.89,0.88,0.01,0.027351856231689453
file79b563a1a18,0.89,100,0.89,0.87,0.02,0.01570272445678711
file79b563a1a18,0.89,100,0.89,0.88,0.01,0.03436446189880371
file79b563a1a18,0.89,100,0.89,0.91,0.02,0.015079975128173828
file79b563a1a18,0.95,100,0.95,0.97,0.02,0.03125452995300293
file79b563a1a18,0.95,100,0.95,0.93,0.02,0.0355992317199707
file79b563a1a18,0.95,100,0.95,0.97,0.02,0.015077590942382812
file79b563a1a18,0.95,100,0.95,0.95,0.0,0.015723705291748047
file79b563a1a18,0.95,100,0.95,0.98,0.03,0.025266647338867188
file79b563a1a18,0.95,100,0.95,0.91,0.04,0.03078937530517578
file79b563a1a18,0.95,100,0.95,0.95,0.0,0.015619039535522461
file79b563a1a18,0.95,100,0.95,0.99,0.04,0.030820608139038086
file79b563a1a18,0.95,100,0.95,0.97,0.02,0.02578449249267578
file79b563a1a18,0.95,100,0.95,0.94,0.01,0.0156097412109375
file79b563a1a18,1.0,100,1.0,0.97,0.03,0.0342867374420166
file79b563a1a18,1.0,100,1.0,1.0,0.0,0.03133058547973633
file79b563a1a18,1.0,100,1.0,0.98,0.02,0.017706871032714844
file79b563a1a18,1.0,100,1.0,0.97,0.03,0.018666982650756836
file79b563a1a18,1.0,100,1.0,0.98,0.02,0.031794071197509766
file79b563a1a18,1.0,100,1.0,0.97,0.03,0.03445863723754883
file79b563a1a18,1.0,100,1.0,1.0,0.0,0.030292272567749023
file79b563a1a18,1.0,100,1.0,1.0,0.0,0.03125762939453125
file79b563a1a18,1.0,100,1.0,1.0,0.0,0.02739238739013672
file79b563a1a18,1.0,100,1.0,1.0,0.0,0.015080451965332031
fried,0.0,100,0.0,0.0,0.0,0.0198667049407959
fried,0.0,100,0.0,0.0,0.0,0.030642271041870117
fried,0.0,100,0.0,0.0,0.0,0.0193023681640625
fried,0.0,100,0.0,0.0,0.0,0.01563549041748047
fried,0.0,100,0.0,0.02,0.02,0.016178131103515625
fried,0.0,100,0.0,0.0,0.0,0.028942346572875977
fried,0.0,100,0.0,0.0,0.0,0.026983022689819336
fried,0.0,100,0.0,0.0,0.0,0.01563286781311035
fried,0.0,100,0.0,0.0,0.0,0.03124380111694336
fried,0.0,100,0.0,0.0,0.0,0.025967836380004883
fried,0.05,100,0.05,0.09,0.04,0.031250953674316406
fried,0.05,100,0.05,0.07,0.02,0.03080439567565918
fried,0.05,100,0.05,0.07,0.02,0.015717506408691406
fried,0.05,100,0.05,0.0,0.05,0.030229806900024414
fried,0.05,100,0.05,0.06,0.01,0.029903650283813477
fried,0.05,100,0.05,0.05,0.0,0.031249284744262695
fried,0.05,100,0.05,0.04,0.01,0.031246662139892578
fried,0.05,100,0.05,0.02,0.03,0.01571965217590332
fried,0.05,100,0.05,0.03,0.02,0.036382198333740234
fried,0.05,100,0.05,0.01,0.04,0.02833724021911621
fried,0.11,100,0.11,0.12,0.01,0.03126192092895508
fried,0.11,100,0.11,0.12,0.01,0.031240463256835938
fried,0.11,100,0.11,0.17,0.06,0.025914669036865234
fried,0.11,100,0.11,0.12,0.01,0.03541254997253418
fried,0.11,100,0.11,0.07,0.04,0.015719890594482422
fried,0.11,100,0.11,0.07,0.04,0.03134512901306152
fried,0.11,100,0.11,0.14,0.03,0.027454376220703125
fried,0.11,100,0.11,0.18,0.07,0.028246164321899414
fried,0.11,100,0.11,0.16,0.05,0.01570892333984375
fried,0.11,100,0.11,0.18,0.07,0.041446685791015625
fried,0.16,100,0.16,0.18,0.02,0.015614748001098633
fried,0.16,100,0.16,0.18,0.02,0.015628337860107422
fried,0.16,100,0.16,0.18,0.02,0.027230501174926758
fried,0.16,100,0.16,0.21,0.05,0.01563405990600586
fried,0.16,100,0.16,0.15,0.01,0.033782005310058594
fried,0.16,100,0.16,0.18,0.02,0.031336307525634766
fried,0.16,100,0.16,0.15,0.01,0.027788400650024414
fried,0.16,100,0.16,0.24,0.08,0.015623807907104492
fried,0.16,100,0.16,0.15,0.01,0.031241893768310547
fried,0.16,100,0.16,0.12,0.04,0.031250953674316406
fried,0.21,100,0.21,0.11,0.1,0.018957138061523438
fried,0.21,100,0.21,0.24,0.03,0.03639531135559082
fried,0.21,100,0.21,0.15,0.06,0.04033470153808594
fried,0.21,100,0.21,0.27,0.06,0.03187441825866699
fried,0.21,100,0.21,0.25,0.04,0.027890443801879883
fried,0.21,100,0.21,0.23,0.02,0.026300430297851562
fried,0.21,100,0.21,0.21,0.0,0.025382518768310547
fried,0.21,100,0.21,0.23,0.02,0.03186750411987305
fried,0.21,100,0.21,0.23,0.02,0.025315523147583008
fried,0.21,100,0.21,0.24,0.03,0.030788421630859375
fried,0.26,100,0.26,0.25,0.01,0.0251920223236084
fried,0.26,100,0.26,0.28,0.02,0.03125166893005371
fried,0.26,100,0.26,0.17,0.09,0.027363300323486328
fried,0.26,100,0.26,0.24,0.02,0.034601688385009766
fried,0.26,100,0.26,0.29,0.03,0.028293848037719727
fried,0.26,100,0.26,0.25,0.01,0.03125905990600586
fried,0.26,100,0.26,0.33,0.07,0.0313413143157959
fried,0.26,100,0.26,0.23,0.03,0.020700454711914062
fried,0.26,100,0.26,0.3,0.04,0.03448629379272461
fried,0.26,100,0.26,0.31,0.05,0.03133702278137207
fried,0.32,100,0.32,0.39,0.07,0.03017568588256836
fried,0.32,100,0.32,0.33,0.01,0.03124260902404785
fried,0.32,100,0.32,0.34,0.02,0.01562643051147461
fried,0.32,100,0.32,0.31,0.01,0.01880788803100586
fried,0.32,100,0.32,0.25,0.07,0.031256914138793945
fried,0.32,100,0.32,0.31,0.01,0.031339168548583984
fried,0.32,100,0.32,0.32,0.0,0.014141559600830078
fried,0.32,100,0.32,0.29,0.03,0.034211158752441406
fried,0.32,100,0.32,0.3,0.02,0.02890753746032715
fried,0.32,100,0.32,0.33,0.01,0.015718936920166016
fried,0.37,100,0.37,0.4,0.03,0.030641555786132812
fried,0.37,100,0.37,0.42,0.05,0.03129220008850098
fried,0.37,100,0.37,0.33,0.04,0.03401589393615723
fried,0.37,100,0.37,0.34,0.03,0.0313413143157959
fried,0.37,100,0.37,0.36,0.01,0.0189363956451416
fried,0.37,100,0.37,0.33,0.04,0.02486276626586914
fried,0.37,100,0.37,0.37,0.0,0.02129840850830078
fried,0.37,100,0.37,0.37,0.0,0.029166698455810547
fried,0.37,100,0.37,0.4,0.03,0.03083968162536621
fried,0.37,100,0.37,0.42,0.05,0.031249523162841797
fried,0.42,100,0.42,0.46,0.04,0.03242993354797363
fried,0.42,100,0.42,0.45,0.03,0.031789302825927734
fried,0.42,100,0.42,0.41,0.01,0.02803635597229004
fried,0.42,100,0.42,0.4,0.02,0.03179287910461426
fried,0.42,100,0.42,0.46,0.04,0.04033660888671875
fried,0.42,100,0.42,0.39,0.03,0.02809309959411621
fried,0.42,100,0.42,0.41,0.01,0.03395247459411621
fried,0.42,100,0.42,0.45,0.03,0.023388385772705078
fried,0.42,100,0.42,0.42,0.0,0.02517843246459961
fried,0.42,100,0.42,0.47,0.05,0.015619277954101562
fried,0.47,100,0.47,0.51,0.04,0.027146100997924805
fried,0.47,100,0.47,0.46,0.01,0.015610456466674805
fried,0.47,100,0.47,0.51,0.04,0.03079843521118164
fried,0.47,100,0.47,0.47,0.0,0.02710247039794922
fried,0.47,100,0.47,0.41,0.06,0.03125190734863281
fried,0.47,100,0.47,0.43,0.04,0.015085697174072266
fried,0.47,100,0.47,0.4,0.07,0.0251924991607666
fried,0.47,100,0.47,0.48,0.01,0.031258344650268555
fried,0.47,100,0.47,0.56,0.09,0.031246185302734375
fried,0.47,100,0.47,0.46,0.01,0.031343698501586914
fried,0.53,100,0.53,0.57,0.04,0.028878211975097656
fried,0.53,100,0.53,0.64,0.11,0.03778648376464844
fried,0.53,100,0.53,0.66,0.13,0.028211593627929688
fried,0.53,100,0.53,0.54,0.01,0.02051091194152832
fried,0.53,100,0.53,0.53,0.0,0.028992414474487305
fried,0.53,100,0.53,0.56,0.03,0.042218923568725586
fried,0.53,100,0.53,0.64,0.11,0.03682565689086914
fried,0.53,100,0.53,0.45,0.08,0.03890180587768555
fried,0.53,100,0.53,0.51,0.02,0.022716283798217773
fried,0.53,100,0.53,0.54,0.01,0.030796527862548828
fried,0.58,100,0.58,0.68,0.1,0.028368473052978516
fried,0.58,100,0.58,0.66,0.08,0.03164052963256836
fried,0.58,100,0.58,0.65,0.07,0.024377107620239258
fried,0.58,100,0.58,0.65,0.07,0.01617717742919922
fried,0.58,100,0.58,0.44,0.14,0.027297258377075195
fried,0.58,100,0.58,0.55,0.03,0.03179931640625
fried,0.58,100,0.58,0.53,0.05,0.022786617279052734
fried,0.58,100,0.58,0.57,0.01,0.0313410758972168
fried,0.58,100,0.58,0.54,0.04,0.015714168548583984
fried,0.58,100,0.58,0.53,0.05,0.02066516876220703
fried,0.63,100,0.63,0.71,0.08,0.04160022735595703
fried,0.63,100,0.63,0.59,0.04,0.03133869171142578
fried,0.63,100,0.63,0.59,0.04,0.0313258171081543
fried,0.63,100,0.63,0.64,0.01,0.021057844161987305
fried,0.63,100,0.63,0.6,0.03,0.03087019920349121
fried,0.63,100,0.63,0.73,0.1,0.03133678436279297
fried,0.63,100,0.63,0.59,0.04,0.0312497615814209
fried,0.63,100,0.63,0.69,0.06,0.028030872344970703
fried,0.63,100,0.63,0.64,0.01,0.01799154281616211
fried,0.63,100,0.63,0.74,0.11,0.03125810623168945
fried,0.68,100,0.68,0.64,0.04,0.03124690055847168
fried,0.68,100,0.68,0.63,0.05,0.03178739547729492
fried,0.68,100,0.68,0.69,0.01,0.0312502384185791
fried,0.68,100,0.68,0.64,0.04,0.028483867645263672
fried,0.68,100,0.68,0.66,0.02,0.02192997932434082
fried,0.68,100,0.68,0.59,0.09,0.040833234786987305
fried,0.68,100,0.68,0.72,0.04,0.033683061599731445
fried,0.68,100,0.68,0.74,0.06,0.02723526954650879
fried,0.68,100,0.68,0.74,0.06,0.01798558235168457
fried,0.68,100,0.68,0.73,0.05,0.04261016845703125
fried,0.74,100,0.74,0.75,0.01,0.03133821487426758
fried,0.74,100,0.74,0.72,0.02,0.015727996826171875
fried,0.74,100,0.74,0.75,0.01,0.023282766342163086
fried,0.74,100,0.74,0.79,0.05,0.0308840274810791
fried,0.74,100,0.74,0.72,0.02,0.03133368492126465
fried,0.74,100,0.74,0.77,0.03,0.031258583068847656
fried,0.74,100,0.74,0.77,0.03,0.02722334861755371
fried,0.74,100,0.74,0.78,0.04,0.024977684020996094
fried,0.74,100,0.74,0.73,0.01,0.015627384185791016
fried,0.74,100,0.74,0.77,0.03,0.03125119209289551
fried,0.79,100,0.79,0.87,0.08,0.015955686569213867
fried,0.79,100,0.79,0.8,0.01,0.018739938735961914
fried,0.79,100,0.79,0.8,0.01,0.01569962501525879
fried,0.79,100,0.79,0.79,0.0,0.025136947631835938
fried,0.79,100,0.79,0.85,0.06,0.031246423721313477
fried,0.79,100,0.79,0.79,0.0,0.029937028884887695
fried,0.79,100,0.79,0.81,0.02,0.031883955001831055
fried,0.79,100,0.79,0.86,0.07,0.04036688804626465
fried,0.79,100,0.79,0.82,0.03,0.025927066802978516
fried,0.79,100,0.79,0.77,0.02,0.034898996353149414
fried,0.84,100,0.84,0.88,0.04,0.031650543212890625
fried,0.84,100,0.84,0.84,0.0,0.01616668701171875
fried,0.84,100,0.84,0.84,0.0,0.0404052734375
fried,0.84,100,0.84,0.91,0.07,0.027254819869995117
fried,0.84,100,0.84,0.85,0.01,0.034577369689941406
fried,0.84,100,0.84,0.85,0.01,0.03173398971557617
fried,0.84,100,0.84,0.93,0.09,0.030890703201293945
fried,0.84,100,0.84,0.86,0.02,0.03049921989440918
fried,0.84,100,0.84,0.9,0.06,0.03179645538330078
fried,0.84,100,0.84,0.77,0.07,0.027530908584594727
fried,0.89,100,0.89,0.83,0.06,0.020891904830932617
fried,0.89,100,0.89,0.93,0.04,0.03134655952453613
fried,0.89,100,0.89,0.85,0.04,0.030787944793701172
fried,0.89,100,0.89,0.85,0.04,0.030791282653808594
fried,0.89,100,0.89,0.85,0.04,0.04085350036621094
fried,0.89,100,0.89,0.93,0.04,0.03237295150756836
fried,0.89,100,0.89,0.91,0.02,0.027333498001098633
fried,0.89,100,0.89,0.86,0.03,0.03125262260437012
fried,0.89,100,0.89,0.88,0.01,0.015631675720214844
fried,0.89,100,0.89,0.89,0.0,0.030808210372924805
fried,0.95,100,0.95,0.95,0.0,0.034197092056274414
fried,0.95,100,0.95,0.89,0.06,0.025684833526611328
fried,0.95,100,0.95,0.94,0.01,0.031241178512573242
fried,0.95,100,0.95,0.95,0.0,0.03133964538574219
fried,0.95,100,0.95,0.88,0.07,0.02127814292907715
fried,0.95,100,0.95,0.98,0.03,0.03737330436706543
fried,0.95,100,0.95,0.94,0.01,0.027217626571655273
fried,0.95,100,0.95,0.91,0.04,0.031259775161743164
fried,0.95,100,0.95,0.95,0.0,0.030809640884399414
fried,0.95,100,0.95,0.97,0.02,0.015721559524536133
fried,1.0,100,1.0,1.0,0.0,0.019954919815063477
fried,1.0,100,1.0,1.0,0.0,0.031324148178100586
fried,1.0,100,1.0,0.99,0.01,0.03164029121398926
fried,1.0,100,1.0,1.0,0.0,0.03125762939453125
fried,1.0,100,1.0,1.0,0.0,0.020102500915527344
fried,1.0,100,1.0,0.98,0.02,0.026345252990722656
fried,1.0,100,1.0,0.96,0.04,0.03483772277832031
fried,1.0,100,1.0,0.95,0.05,0.028224945068359375
fried,1.0,100,1.0,0.99,0.01,0.031265974044799805
fried,1.0,100,1.0,1.0,0.0,0.0324556827545166
fri_c2_1000_10,0.0,100,0.0,0.0,0.0,0.031699419021606445
fri_c2_1000_10,0.0,100,0.0,0.0,0.0,0.021502256393432617
fri_c2_1000_10,0.0,100,0.0,0.05,0.05,0.025066375732421875
fri_c2_1000_10,0.0,100,0.0,0.0,0.0,0.0312957763671875
fri_c2_1000_10,0.0,100,0.0,0.0,0.0,0.031293392181396484
fri_c2_1000_10,0.0,100,0.0,0.03,0.03,0.02310323715209961
fri_c2_1000_10,0.0,100,0.0,0.0,0.0,0.026247024536132812
fri_c2_1000_10,0.0,100,0.0,0.0,0.0,0.01960015296936035
fri_c2_1000_10,0.0,100,0.0,0.12,0.12,0.015645980834960938
fri_c2_1000_10,0.0,100,0.0,0.18,0.18,0.018568992614746094
fri_c2_1000_10,0.05,100,0.05,0.0,0.05,0.015618324279785156
fri_c2_1000_10,0.05,100,0.05,0.05,0.0,0.015729665756225586
fri_c2_1000_10,0.05,100,0.05,0.09,0.04,0.020749807357788086
fri_c2_1000_10,0.05,100,0.05,0.03,0.02,0.016716480255126953
fri_c2_1000_10,0.05,100,0.05,0.1,0.05,0.03124403953552246
fri_c2_1000_10,0.05,100,0.05,0.19,0.14,0.02107715606689453
fri_c2_1000_10,0.05,100,0.05,0.01,0.04,0.015717744827270508
fri_c2_1000_10,0.05,100,0.05,0.1,0.05,0.015639305114746094
fri_c2_1000_10,0.05,100,0.05,0.14,0.09,0.027827024459838867
fri_c2_1000_10,0.05,100,0.05,0.05,0.0,0.022719383239746094
fri_c2_1000_10,0.11,100,0.11,0.16,0.05,0.027770042419433594
fri_c2_1000_10,0.11,100,0.11,0.05,0.06,0.015727758407592773
fri_c2_1000_10,0.11,100,0.11,0.07,0.04,0.03410816192626953
fri_c2_1000_10,0.11,100,0.11,0.16,0.05,0.015712261199951172
fri_c2_1000_10,0.11,100,0.11,0.07,0.04,0.01618170738220215
fri_c2_1000_10,0.11,100,0.11,0.19,0.08,0.03426361083984375
fri_c2_1000_10,0.11,100,0.11,0.21,0.1,0.031250715255737305
fri_c2_1000_10,0.11,100,0.11,0.03,0.08,0.015624761581420898
fri_c2_1000_10,0.11,100,0.11,0.18,0.07,0.011406660079956055
fri_c2_1000_10,0.11,100,0.11,0.3,0.19,0.01562643051147461
fri_c2_1000_10,0.16,100,0.16,0.21,0.05,0.03179454803466797
fri_c2_1000_10,0.16,100,0.16,0.21,0.05,0.0233461856842041
fri_c2_1000_10,0.16,100,0.16,0.27,0.11,0.015619754791259766
fri_c2_1000_10,0.16,100,0.16,0.23,0.07,0.031253814697265625
fri_c2_1000_10,0.16,100,0.16,0.23,0.07,0.008500814437866211
fri_c2_1000_10,0.16,100,0.16,0.3,0.14,0.015726566314697266
fri_c2_1000_10,0.16,100,0.16,0.12,0.04,0.025187015533447266
fri_c2_1000_10,0.16,100,0.16,0.18,0.02,0.015625
fri_c2_1000_10,0.16,100,0.16,0.21,0.05,0.0156252384185791
fri_c2_1000_10,0.16,100,0.16,0.21,0.05,0.02491021156311035
fri_c2_1000_10,0.21,100,0.21,0.3,0.09,0.01562643051147461
fri_c2_1000_10,0.21,100,0.21,0.16,0.05,0.0311434268951416
fri_c2_1000_10,0.21,100,0.21,0.27,0.06,0.01601552963256836
fri_c2_1000_10,0.21,100,0.21,0.16,0.05,0.01562666893005371
fri_c2_1000_10,0.21,100,0.21,0.32,0.11,0.0156252384185791
fri_c2_1000_10,0.21,100,0.21,0.39,0.18,0.01570892333984375
fri_c2_1000_10,0.21,100,0.21,0.28,0.07,0.03452801704406738
fri_c2_1000_10,0.21,100,0.21,0.34,0.13,0.02129530906677246
fri_c2_1000_10,0.21,100,0.21,0.21,0.0,0.0312504768371582
fri_c2_1000_10,0.21,100,0.21,0.16,0.05,0.028429031372070312
fri_c2_1000_10,0.26,100,0.26,0.36,0.1,0.015630483627319336
fri_c2_1000_10,0.26,100,0.26,0.32,0.06,0.015626907348632812
fri_c2_1000_10,0.26,100,0.26,0.32,0.06,0.01769113540649414
fri_c2_1000_10,0.26,100,0.26,0.28,0.02,0.025745153427124023
fri_c2_1000_10,0.26,100,0.26,0.27,0.01,0.031790971755981445
fri_c2_1000_10,0.26,100,0.26,0.36,0.1,0.015093088150024414
fri_c2_1000_10,0.26,100,0.26,0.3,0.04,0.03220486640930176
fri_c2_1000_10,0.26,100,0.26,0.36,0.1,0.015619516372680664
fri_c2_1000_10,0.26,100,0.26,0.21,0.05,0.015705347061157227
fri_c2_1000_10,0.26,100,0.26,0.16,0.1,0.022199153900146484
fri_c2_1000_10,0.32,100,0.32,0.3,0.02,0.02802562713623047
fri_c2_1000_10,0.32,100,0.32,0.3,0.02,0.015382528305053711
fri_c2_1000_10,0.32,100,0.32,0.3,0.02,0.015987634658813477
fri_c2_1000_10,0.32,100,0.32,0.41,0.09,0.01844191551208496
fri_c2_1000_10,0.32,100,0.32,0.39,0.07,0.015701770782470703
fri_c2_1000_10,0.32,100,0.32,0.32,0.0,0.0161592960357666
fri_c2_1000_10,0.32,100,0.32,0.25,0.07,0.023058414459228516
fri_c2_1000_10,0.32,100,0.32,0.38,0.06,0.03204631805419922
fri_c2_1000_10,0.32,100,0.32,0.34,0.02,0.015625715255737305
fri_c2_1000_10,0.32,100,0.32,0.34,0.02,0.030779123306274414
fri_c2_1000_10,0.37,100,0.37,0.39,0.02,0.02474498748779297
fri_c2_1000_10,0.37,100,0.37,0.38,0.01,0.02029252052307129
fri_c2_1000_10,0.37,100,0.37,0.39,0.02,0.021785974502563477
fri_c2_1000_10,0.37,100,0.37,0.39,0.02,0.027039766311645508
fri_c2_1000_10,0.37,100,0.37,0.36,0.01,0.015627622604370117
fri_c2_1000_10,0.37,100,0.37,0.39,0.02,0.03125119209289551
fri_c2_1000_10,0.37,100,0.37,0.38,0.01,0.030790090560913086
fri_c2_1000_10,0.37,100,0.37,0.47,0.1,0.013322114944458008
fri_c2_1000_10,0.37,100,0.37,0.45,0.08,0.01616835594177246
fri_c2_1000_10,0.37,100,0.37,0.45,0.08,0.026706695556640625
fri_c2_1000_10,0.42,100,0.42,0.43,0.01,0.02559828758239746
fri_c2_1000_10,0.42,100,0.42,0.43,0.01,0.018430233001708984
fri_c2_1000_10,0.42,100,0.42,0.39,0.03,0.031249284744262695
fri_c2_1000_10,0.42,100,0.42,0.43,0.01,0.024109840393066406
fri_c2_1000_10,0.42,100,0.42,0.39,0.03,0.02161121368408203
fri_c2_1000_10,0.42,100,0.42,0.41,0.01,0.026704788208007812
fri_c2_1000_10,0.42,100,0.42,0.41,0.01,0.030798912048339844
fri_c2_1000_10,0.42,100,0.42,0.5,0.08,0.019660472869873047
fri_c2_1000_10,0.42,100,0.42,0.48,0.06,0.015633344650268555
fri_c2_1000_10,0.42,100,0.42,0.48,0.06,0.0156252384185791
fri_c2_1000_10,0.47,100,0.47,0.47,0.0,0.022139549255371094
fri_c2_1000_10,0.47,100,0.47,0.48,0.01,0.03371691703796387
fri_c2_1000_10,0.47,100,0.47,0.41,0.06,0.031256675720214844
fri_c2_1000_10,0.47,100,0.47,0.45,0.02,0.03133988380432129
fri_c2_1000_10,0.47,100,0.47,0.43,0.04,0.01332855224609375
fri_c2_1000_10,0.47,100,0.47,0.41,0.06,0.015629291534423828
fri_c2_1000_10,0.47,100,0.47,0.54,0.07,0.01570916175842285
fri_c2_1000_10,0.47,100,0.47,0.43,0.04,0.0161740779876709
fri_c2_1000_10,0.47,100,0.47,0.54,0.07,0.025724172592163086
fri_c2_1000_10,0.47,100,0.47,0.59,0.12,0.018708229064941406
fri_c2_1000_10,0.53,100,0.53,0.41,0.12,0.015717267990112305
fri_c2_1000_10,0.53,100,0.53,0.63,0.1,0.012245416641235352
fri_c2_1000_10,0.53,100,0.53,0.63,0.1,0.028800249099731445
fri_c2_1000_10,0.53,100,0.53,0.56,0.03,0.033553361892700195
fri_c2_1000_10,0.53,100,0.53,0.56,0.03,0.026840925216674805
fri_c2_1000_10,0.53,100,0.53,0.5,0.03,0.015610694885253906
fri_c2_1000_10,0.53,100,0.53,0.61,0.08,0.019978761672973633
fri_c2_1000_10,0.53,100,0.53,0.45,0.08,0.023714065551757812
fri_c2_1000_10,0.53,100,0.53,0.59,0.06,0.015633821487426758
fri_c2_1000_10,0.53,100,0.53,0.56,0.03,0.030873775482177734
fri_c2_1000_10,0.58,100,0.58,0.57,0.01,0.03186440467834473
fri_c2_1000_10,0.58,100,0.58,0.52,0.06,0.030347824096679688
fri_c2_1000_10,0.58,100,0.58,0.54,0.04,0.015631914138793945
fri_c2_1000_10,0.58,100,0.58,0.56,0.02,0.015616655349731445
fri_c2_1000_10,0.58,100,0.58,0.7,0.12,0.030794382095336914
fri_c2_1000_10,0.58,100,0.58,0.65,0.07,0.026234865188598633
fri_c2_1000_10,0.58,100,0.58,0.63,0.05,0.027147769927978516
fri_c2_1000_10,0.58,100,0.58,0.63,0.05,0.015709400177001953
fri_c2_1000_10,0.58,100,0.58,0.65,0.07,0.021259784698486328
fri_c2_1000_10,0.58,100,0.58,0.59,0.01,0.015622377395629883
fri_c2_1000_10,0.63,100,0.63,0.7,0.07,0.015715599060058594
fri_c2_1000_10,0.63,100,0.63,0.61,0.02,0.015081405639648438
fri_c2_1000_10,0.63,100,0.63,0.57,0.06,0.024906158447265625
fri_c2_1000_10,0.63,100,0.63,0.66,0.03,0.031255245208740234
fri_c2_1000_10,0.63,100,0.63,0.68,0.05,0.031327247619628906
fri_c2_1000_10,0.63,100,0.63,0.63,0.0,0.019985675811767578
fri_c2_1000_10,0.63,100,0.63,0.61,0.02,0.015630722045898438
fri_c2_1000_10,0.63,100,0.63,0.65,0.02,0.01570439338684082
fri_c2_1000_10,0.63,100,0.63,0.56,0.07,0.015172004699707031
fri_c2_1000_10,0.63,100,0.63,0.56,0.07,0.026472806930541992
fri_c2_1000_10,0.68,100,0.68,0.68,0.0,0.031241893768310547
fri_c2_1000_10,0.68,100,0.68,0.63,0.05,0.015628337860107422
fri_c2_1000_10,0.68,100,0.68,0.74,0.06,0.015085458755493164
fri_c2_1000_10,0.68,100,0.68,0.72,0.04,0.03428173065185547
fri_c2_1000_10,0.68,100,0.68,0.61,0.07,0.03187394142150879
fri_c2_1000_10,0.68,100,0.68,0.72,0.04,0.03066730499267578
fri_c2_1000_10,0.68,100,0.68,0.61,0.07,0.01522970199584961
fri_c2_1000_10,0.68,100,0.68,0.72,0.04,0.010624885559082031
fri_c2_1000_10,0.68,100,0.68,0.72,0.04,0.015715599060058594
fri_c2_1000_10,0.68,100,0.68,0.63,0.05,0.030878782272338867
fri_c2_1000_10,0.74,100,0.74,0.66,0.08,0.031790733337402344
fri_c2_1000_10,0.74,100,0.74,0.77,0.03,0.015084028244018555
fri_c2_1000_10,0.74,100,0.74,0.66,0.08,0.03448081016540527
fri_c2_1000_10,0.74,100,0.74,0.77,0.03,0.031244754791259766
fri_c2_1000_10,0.74,100,0.74,0.77,0.03,0.015077829360961914
fri_c2_1000_10,0.74,100,0.74,0.86,0.12,0.02479076385498047
fri_c2_1000_10,0.74,100,0.74,0.74,0.0,0.025704145431518555
fri_c2_1000_10,0.74,100,0.74,0.81,0.07,0.03133845329284668
fri_c2_1000_10,0.74,100,0.74,0.74,0.0,0.012705564498901367
fri_c2_1000_10,0.74,100,0.74,0.77,0.03,0.015624761581420898
fri_c2_1000_10,0.79,100,0.79,0.75,0.04,0.015633583068847656
fri_c2_1000_10,0.79,100,0.79,0.84,0.05,0.017997026443481445
fri_c2_1000_10,0.79,100,0.79,0.81,0.02,0.03697848320007324
fri_c2_1000_10,0.79,100,0.79,0.81,0.02,0.03125929832458496
fri_c2_1000_10,0.79,100,0.79,0.86,0.07,0.015709638595581055
fri_c2_1000_10,0.79,100,0.79,0.7,0.09,0.03086543083190918
fri_c2_1000_10,0.79,100,0.79,0.74,0.05,0.03194737434387207
fri_c2_1000_10,0.79,100,0.79,0.72,0.07,0.016165733337402344
fri_c2_1000_10,0.79,100,0.79,0.92,0.13,0.021472454071044922
fri_c2_1000_10,0.79,100,0.79,0.86,0.07,0.015627145767211914
fri_c2_1000_10,0.84,100,0.84,0.81,0.03,0.031332969665527344
fri_c2_1000_10,0.84,100,0.84,0.97,0.13,0.01698470115661621
fri_c2_1000_10,0.84,100,0.84,0.77,0.07,0.015703439712524414
fri_c2_1000_10,0.84,100,0.84,0.79,0.05,0.03188610076904297
fri_c2_1000_10,0.84,100,0.84,0.84,0.0,0.01872110366821289
fri_c2_1000_10,0.84,100,0.84,0.81,0.03,0.015614748001098633
fri_c2_1000_10,0.84,100,0.84,0.92,0.08,0.03125452995300293
fri_c2_1000_10,0.84,100,0.84,0.83,0.01,0.03430604934692383
fri_c2_1000_10,0.84,100,0.84,0.83,0.01,0.024672985076904297
fri_c2_1000_10,0.84,100,0.84,0.92,0.08,0.01616811752319336
fri_c2_1000_10,0.89,100,0.89,0.9,0.01,0.01570415496826172
fri_c2_1000_10,0.89,100,0.89,0.9,0.01,0.022776365280151367
fri_c2_1000_10,0.89,100,0.89,0.84,0.05,0.015623807907104492
fri_c2_1000_10,0.89,100,0.89,0.88,0.01,0.031244993209838867
fri_c2_1000_10,0.89,100,0.89,0.86,0.03,0.015715360641479492
fri_c2_1000_10,0.89,100,0.89,0.83,0.06,0.012298822402954102
fri_c2_1000_10,0.89,100,0.89,0.9,0.01,0.023210763931274414
fri_c2_1000_10,0.89,100,0.89,0.88,0.01,0.015622138977050781
fri_c2_1000_10,0.89,100,0.89,0.81,0.08,0.0235440731048584
fri_c2_1000_10,0.89,100,0.89,0.92,0.03,0.03020620346069336
fri_c2_1000_10,0.95,100,0.95,0.94,0.01,0.015706777572631836
fri_c2_1000_10,0.95,100,0.95,1.0,0.05,0.01899576187133789
fri_c2_1000_10,0.95,100,0.95,0.94,0.01,0.01763129234313965
fri_c2_1000_10,0.95,100,0.95,0.92,0.03,0.024310588836669922
fri_c2_1000_10,0.95,100,0.95,0.97,0.02,0.01563405990600586
fri_c2_1000_10,0.95,100,0.95,1.0,0.05,0.031249046325683594
fri_c2_1000_10,0.95,100,0.95,0.88,0.07,0.017276525497436523
fri_c2_1000_10,0.95,100,0.95,0.95,0.0,0.03125762939453125
fri_c2_1000_10,0.95,100,0.95,0.99,0.04,0.025139570236206055
fri_c2_1000_10,0.95,100,0.95,0.97,0.02,0.02100682258605957
fri_c2_1000_10,1.0,100,1.0,1.0,0.0,0.034655094146728516
fri_c2_1000_10,1.0,100,1.0,0.97,0.03,0.031249284744262695
fri_c2_1000_10,1.0,100,1.0,1.0,0.0,0.015653610229492188
fri_c2_1000_10,1.0,100,1.0,0.99,0.01,0.02958202362060547
fri_c2_1000_10,1.0,100,1.0,1.0,0.0,0.019564151763916016
fri_c2_1000_10,1.0,100,1.0,1.0,0.0,0.026291608810424805
fri_c2_1000_10,1.0,100,1.0,1.0,0.0,0.015669584274291992
fri_c2_1000_10,1.0,100,1.0,1.0,0.0,0.023031234741210938
fri_c2_1000_10,1.0,100,1.0,0.95,0.05,0.025800466537475586
fri_c2_1000_10,1.0,100,1.0,1.0,0.0,0.0313417911529541
GAMETES_Epistasis_2-Way_20atts_0.1H_EDM-1_1,0.0,100,0.0,1.0,1.0,0.015717744827270508
GAMETES_Epistasis_2-Way_20atts_0.1H_EDM-1_1,0.0,100,0.0,1.0,1.0,0.01507878303527832
GAMETES_Epistasis_2-Way_20atts_0.1H_EDM-1_1,0.0,100,0.0,1.0,1.0,0.015082597732543945
GAMETES_Epistasis_2-Way_20atts_0.1H_EDM-1_1,0.0,100,0.0,1.0,1.0,0.0123291015625
GAMETES_Epistasis_2-Way_20atts_0.1H_EDM-1_1,0.0,100,0.0,1.0,1.0,0.031174182891845703
GAMETES_Epistasis_2-Way_20atts_0.1H_EDM-1_1,0.0,100,0.0,1.0,1.0,0.026263713836669922
GAMETES_Epistasis_2-Way_20atts_0.1H_EDM-1_1,0.0,100,0.0,1.0,1.0,0.015624046325683594
GAMETES_Epistasis_2-Way_20atts_0.1H_EDM-1_1,0.0,100,0.0,0.58,0.58,0.031249046325683594
GAMETES_Epistasis_2-Way_20atts_0.1H_EDM-1_1,0.0,100,0.0,1.0,1.0,0.015615224838256836
GAMETES_Epistasis_2-Way_20atts_0.1H_EDM-1_1,0.0,100,0.0,1.0,1.0,0.01562190055847168
GAMETES_Epistasis_2-Way_20atts_0.1H_EDM-1_1,0.05,100,0.05,1.0,0.95,0.015620708465576172
GAMETES_Epistasis_2-Way_20atts_0.1H_EDM-1_1,0.05,100,0.05,0.0,0.05,0.03178000450134277
GAMETES_Epistasis_2-Way_20atts_0.1H_EDM-1_1,0.05,100,0.05,1.0,0.95,0.0306546688079834
GAMETES_Epistasis_2-Way_20atts_0.1H_EDM-1_1,0.05,100,0.05,1.0,0.95,0.015079975128173828
GAMETES_Epistasis_2-Way_20atts_0.1H_EDM-1_1,0.05,100,0.05,1.0,0.95,0.030255794525146484
GAMETES_Epistasis_2-Way_20atts_0.1H_EDM-1_1,0.05,100,0.05,0.0,0.05,0.028895854949951172
GAMETES_Epistasis_2-Way_20atts_0.1H_EDM-1_1,0.05,100,0.05,1.0,0.95,0.024385929107666016
GAMETES_Epistasis_2-Way_20atts_0.1H_EDM-1_1,0.05,100,0.05,1.0,0.95,0.026073455810546875
GAMETES_Epistasis_2-Way_20atts_0.1H_EDM-1_1,0.05,100,0.05,1.0,0.95,0.0160372257232666
GAMETES_Epistasis_2-Way_20atts_0.1H_EDM-1_1,0.05,100,0.05,0.0,0.05,0.016172170639038086
GAMETES_Epistasis_2-Way_20atts_0.1H_EDM-1_1,0.11,100,0.11,1.0,0.89,0.026792526245117188
GAMETES_Epistasis_2-Way_20atts_0.1H_EDM-1_1,0.11,100,0.11,1.0,0.89,0.031342267990112305
GAMETES_Epistasis_2-Way_20atts_0.1H_EDM-1_1,0.11,100,0.11,1.0,0.89,0.03134346008300781
GAMETES_Epistasis_2-Way_20atts_0.1H_EDM-1_1,0.11,100,0.11,1.0,0.89,0.015708446502685547
GAMETES_Epistasis_2-Way_20atts_0.1H_EDM-1_1,0.11,100,0.11,1.0,0.89,0.03072500228881836
GAMETES_Epistasis_2-Way_20atts_0.1H_EDM-1_1,0.11,100,0.11,1.0,0.89,0.022835969924926758
GAMETES_Epistasis_2-Way_20atts_0.1H_EDM-1_1,0.11,100,0.11,1.0,0.89,0.02792191505432129
GAMETES_Epistasis_2-Way_20atts_0.1H_EDM-1_1,0.11,100,0.11,0.0,0.11,0.015619754791259766
GAMETES_Epistasis_2-Way_20atts_0.1H_EDM-1_1,0.11,100,0.11,0.0,0.11,0.02425980567932129
GAMETES_Epistasis_2-Way_20atts_0.1H_EDM-1_1,0.11,100,0.11,1.0,0.89,0.03124523162841797
GAMETES_Epistasis_2-Way_20atts_0.1H_EDM-1_1,0.16,100,0.16,1.0,0.84,0.015077590942382812
GAMETES_Epistasis_2-Way_20atts_0.1H_EDM-1_1,0.16,100,0.16,1.0,0.84,0.031336307525634766
GAMETES_Epistasis_2-Way_20atts_0.1H_EDM-1_1,0.16,100,0.16,1.0,0.84,0.03131866455078125
GAMETES_Epistasis_2-Way_20atts_0.1H_EDM-1_1,0.16,100,0.16,1.0,0.84,0.01687908172607422
GAMETES_Epistasis_2-Way_20atts_0.1H_EDM-1_1,0.16,100,0.16,1.0,0.84,0.019894123077392578
GAMETES_Epistasis_2-Way_20atts_0.1H_EDM-1_1,0.16,100,0.16,1.0,0.84,0.013248443603515625
GAMETES_Epistasis_2-Way_20atts_0.1H_EDM-1_1,0.16,100,0.16,1.0,0.84,0.022673606872558594
GAMETES_Epistasis_2-Way_20atts_0.1H_EDM-1_1,0.16,100,0.16,1.0,0.84,0.02978515625
GAMETES_Epistasis_2-Way_20atts_0.1H_EDM-1_1,0.16,100,0.16,1.0,0.84,0.031812191009521484
GAMETES_Epistasis_2-Way_20atts_0.1H_EDM-1_1,0.16,100,0.16,1.0,0.84,0.016076326370239258
GAMETES_Epistasis_2-Way_20atts_0.1H_EDM-1_1,0.21,100,0.21,1.0,0.79,0.01616644859313965
GAMETES_Epistasis_2-Way_20atts_0.1H_EDM-1_1,0.21,100,0.21,1.0,0.79,0.03188037872314453
GAMETES_Epistasis_2-Way_20atts_0.1H_EDM-1_1,0.21,100,0.21,1.0,0.79,0.02228236198425293
GAMETES_Epistasis_2-Way_20atts_0.1H_EDM-1_1,0.21,100,0.21,0.0,0.21,0.015697479248046875
GAMETES_Epistasis_2-Way_20atts_0.1H_EDM-1_1,0.21,100,0.21,1.0,0.79,0.0307767391204834
GAMETES_Epistasis_2-Way_20atts_0.1H_EDM-1_1,0.21,100,0.21,1.0,0.79,0.015075922012329102
GAMETES_Epistasis_2-Way_20atts_0.1H_EDM-1_1,0.21,100,0.21,0.0,0.21,0.012505769729614258
GAMETES_Epistasis_2-Way_20atts_0.1H_EDM-1_1,0.21,100,0.21,0.58,0.37,0.028246402740478516
GAMETES_Epistasis_2-Way_20atts_0.1H_EDM-1_1,0.21,100,0.21,1.0,0.79,0.024829387664794922
GAMETES_Epistasis_2-Way_20atts_0.1H_EDM-1_1,0.21,100,0.21,0.0,0.21,0.031249046325683594
GAMETES_Epistasis_2-Way_20atts_0.1H_EDM-1_1,0.26,100,0.26,1.0,0.74,0.03665637969970703
GAMETES_Epistasis_2-Way_20atts_0.1H_EDM-1_1,0.26,100,0.26,1.0,0.74,0.015624761581420898
GAMETES_Epistasis_2-Way_20atts_0.1H_EDM-1_1,0.26,100,0.26,1.0,0.74,0.031334638595581055
GAMETES_Epistasis_2-Way_20atts_0.1H_EDM-1_1,0.26,100,0.26,1.0,0.74,0.015079736709594727
GAMETES_Epistasis_2-Way_20atts_0.1H_EDM-1_1,0.26,100,0.26,1.0,0.74,0.01508331298828125
GAMETES_Epistasis_2-Way_20atts_0.1H_EDM-1_1,0.26,100,0.26,1.0,0.74,0.01108098030090332
GAMETES_Epistasis_2-Way_20atts_0.1H_EDM-1_1,0.26,100,0.26,1.0,0.74,0.02735614776611328
GAMETES_Epistasis_2-Way_20atts_0.1H_EDM-1_1,0.26,100,0.26,1.0,0.74,0.02525615692138672
GAMETES_Epistasis_2-Way_20atts_0.1H_EDM-1_1,0.26,100,0.26,1.0,0.74,0.026725053787231445
GAMETES_Epistasis_2-Way_20atts_0.1H_EDM-1_1,0.26,100,0.26,1.0,0.74,0.03179764747619629
GAMETES_Epistasis_2-Way_20atts_0.1H_EDM-1_1,0.32,100,0.32,1.0,0.68,0.01617288589477539
GAMETES_Epistasis_2-Way_20atts_0.1H_EDM-1_1,0.32,100,0.32,1.0,0.68,0.01857280731201172
GAMETES_Epistasis_2-Way_20atts_0.1H_EDM-1_1,0.32,100,0.32,1.0,0.68,0.022790908813476562
GAMETES_Epistasis_2-Way_20atts_0.1H_EDM-1_1,0.32,100,0.32,1.0,0.68,0.024292945861816406
GAMETES_Epistasis_2-Way_20atts_0.1H_EDM-1_1,0.32,100,0.32,0.58,0.26,0.030289888381958008
GAMETES_Epistasis_2-Way_20atts_0.1H_EDM-1_1,0.32,100,0.32,1.0,0.68,0.01761460304260254
GAMETES_Epistasis_2-Way_20atts_0.1H_EDM-1_1,0.32,100,0.32,0.58,0.26,0.015210866928100586
GAMETES_Epistasis_2-Way_20atts_0.1H_EDM-1_1,0.32,100,0.32,0.58,0.26,0.031177520751953125
GAMETES_Epistasis_2-Way_20atts_0.1H_EDM-1_1,0.32,100,0.32,1.0,0.68,0.034516334533691406
GAMETES_Epistasis_2-Way_20atts_0.1H_EDM-1_1,0.32,100,0.32,0.58,0.26,0.031244277954101562
GAMETES_Epistasis_2-Way_20atts_0.1H_EDM-1_1,0.37,100,0.37,1.0,0.63,0.015623807907104492
GAMETES_Epistasis_2-Way_20atts_0.1H_EDM-1_1,0.37,100,0.37,1.0,0.63,0.01570892333984375
GAMETES_Epistasis_2-Way_20atts_0.1H_EDM-1_1,0.37,100,0.37,1.0,0.63,0.020952224731445312
GAMETES_Epistasis_2-Way_20atts_0.1H_EDM-1_1,0.37,100,0.37,1.0,0.63,0.015702486038208008
GAMETES_Epistasis_2-Way_20atts_0.1H_EDM-1_1,0.37,100,0.37,1.0,0.63,0.01204538345336914
GAMETES_Epistasis_2-Way_20atts_0.1H_EDM-1_1,0.37,100,0.37,1.0,0.63,0.012114763259887695
GAMETES_Epistasis_2-Way_20atts_0.1H_EDM-1_1,0.37,100,0.37,1.0,0.63,0.028987884521484375
GAMETES_Epistasis_2-Way_20atts_0.1H_EDM-1_1,0.37,100,0.37,0.58,0.21,0.032273292541503906
GAMETES_Epistasis_2-Way_20atts_0.1H_EDM-1_1,0.37,100,0.37,1.0,0.63,0.015625
GAMETES_Epistasis_2-Way_20atts_0.1H_EDM-1_1,0.37,100,0.37,1.0,0.63,0.02630305290222168
GAMETES_Epistasis_2-Way_20atts_0.1H_EDM-1_1,0.42,100,0.42,1.0,0.58,0.022708892822265625
GAMETES_Epistasis_2-Way_20atts_0.1H_EDM-1_1,0.42,100,0.42,0.0,0.42,0.020220041275024414
GAMETES_Epistasis_2-Way_20atts_0.1H_EDM-1_1,0.42,100,0.42,1.0,0.58,0.016180992126464844
GAMETES_Epistasis_2-Way_20atts_0.1H_EDM-1_1,0.42,100,0.42,1.0,0.58,0.015180110931396484
GAMETES_Epistasis_2-Way_20atts_0.1H_EDM-1_1,0.42,100,0.42,1.0,0.58,0.013593435287475586
GAMETES_Epistasis_2-Way_20atts_0.1H_EDM-1_1,0.42,100,0.42,1.0,0.58,0.012127161026000977
GAMETES_Epistasis_2-Way_20atts_0.1H_EDM-1_1,0.42,100,0.42,1.0,0.58,0.030868053436279297
GAMETES_Epistasis_2-Way_20atts_0.1H_EDM-1_1,0.42,100,0.42,1.0,0.58,0.03827404975891113
GAMETES_Epistasis_2-Way_20atts_0.1H_EDM-1_1,0.42,100,0.42,1.0,0.58,0.03133559226989746
GAMETES_Epistasis_2-Way_20atts_0.1H_EDM-1_1,0.42,100,0.42,1.0,0.58,0.03631424903869629
GAMETES_Epistasis_2-Way_20atts_0.1H_EDM-1_1,0.47,100,0.47,0.0,0.47,0.01571059226989746
GAMETES_Epistasis_2-Way_20atts_0.1H_EDM-1_1,0.47,100,0.47,1.0,0.53,0.015621423721313477
GAMETES_Epistasis_2-Way_20atts_0.1H_EDM-1_1,0.47,100,0.47,1.0,0.53,0.03125643730163574
GAMETES_Epistasis_2-Way_20atts_0.1H_EDM-1_1,0.47,100,0.47,1.0,0.53,0.03125762939453125
GAMETES_Epistasis_2-Way_20atts_0.1H_EDM-1_1,0.47,100,0.47,1.0,0.53,0.03124523162841797
GAMETES_Epistasis_2-Way_20atts_0.1H_EDM-1_1,0.47,100,0.47,1.0,0.53,0.015623331069946289
GAMETES_Epistasis_2-Way_20atts_0.1H_EDM-1_1,0.47,100,0.47,1.0,0.53,0.015623331069946289
GAMETES_Epistasis_2-Way_20atts_0.1H_EDM-1_1,0.47,100,0.47,1.0,0.53,0.0252530574798584
GAMETES_Epistasis_2-Way_20atts_0.1H_EDM-1_1,0.47,100,0.47,1.0,0.53,0.03124237060546875
GAMETES_Epistasis_2-Way_20atts_0.1H_EDM-1_1,0.47,100,0.47,1.0,0.53,0.024299144744873047
GAMETES_Epistasis_2-Way_20atts_0.1H_EDM-1_1,0.53,100,0.53,1.0,0.47,0.015625476837158203
GAMETES_Epistasis_2-Way_20atts_0.1H_EDM-1_1,0.53,100,0.53,1.0,0.47,0.03164339065551758
GAMETES_Epistasis_2-Way_20atts_0.1H_EDM-1_1,0.53,100,0.53,1.0,0.47,0.03206062316894531
GAMETES_Epistasis_2-Way_20atts_0.1H_EDM-1_1,0.53,100,0.53,1.0,0.47,0.021843910217285156
GAMETES_Epistasis_2-Way_20atts_0.1H_EDM-1_1,0.53,100,0.53,1.0,0.47,0.01344609260559082
GAMETES_Epistasis_2-Way_20atts_0.1H_EDM-1_1,0.53,100,0.53,1.0,0.47,0.023939847946166992
GAMETES_Epistasis_2-Way_20atts_0.1H_EDM-1_1,0.53,100,0.53,0.0,0.53,0.02577662467956543
GAMETES_Epistasis_2-Way_20atts_0.1H_EDM-1_1,0.53,100,0.53,1.0,0.47,0.015628337860107422
GAMETES_Epistasis_2-Way_20atts_0.1H_EDM-1_1,0.53,100,0.53,1.0,0.47,0.037840843200683594
GAMETES_Epistasis_2-Way_20atts_0.1H_EDM-1_1,0.53,100,0.53,1.0,0.47,0.020706653594970703
GAMETES_Epistasis_2-Way_20atts_0.1H_EDM-1_1,0.58,100,0.58,0.58,0.0,0.03178596496582031
GAMETES_Epistasis_2-Way_20atts_0.1H_EDM-1_1,0.58,100,0.58,1.0,0.42,0.016157865524291992
GAMETES_Epistasis_2-Way_20atts_0.1H_EDM-1_1,0.58,100,0.58,1.0,0.42,0.03185391426086426
GAMETES_Epistasis_2-Way_20atts_0.1H_EDM-1_1,0.58,100,0.58,1.0,0.42,0.0156707763671875
GAMETES_Epistasis_2-Way_20atts_0.1H_EDM-1_1,0.58,100,0.58,1.0,0.42,0.015670299530029297
GAMETES_Epistasis_2-Way_20atts_0.1H_EDM-1_1,0.58,100,0.58,1.0,0.42,0.01855182647705078
GAMETES_Epistasis_2-Way_20atts_0.1H_EDM-1_1,0.58,100,0.58,1.0,0.42,0.010425567626953125
GAMETES_Epistasis_2-Way_20atts_0.1H_EDM-1_1,0.58,100,0.58,0.0,0.58,0.017468929290771484
GAMETES_Epistasis_2-Way_20atts_0.1H_EDM-1_1,0.58,100,0.58,1.0,0.42,0.01567554473876953
GAMETES_Epistasis_2-Way_20atts_0.1H_EDM-1_1,0.58,100,0.58,1.0,0.42,0.026144027709960938
GAMETES_Epistasis_2-Way_20atts_0.1H_EDM-1_1,0.63,100,0.63,0.0,0.63,0.031252145767211914
GAMETES_Epistasis_2-Way_20atts_0.1H_EDM-1_1,0.63,100,0.63,1.0,0.37,0.02461862564086914
GAMETES_Epistasis_2-Way_20atts_0.1H_EDM-1_1,0.63,100,0.63,0.0,0.63,0.024932384490966797
GAMETES_Epistasis_2-Way_20atts_0.1H_EDM-1_1,0.63,100,0.63,1.0,0.37,0.027877330780029297
GAMETES_Epistasis_2-Way_20atts_0.1H_EDM-1_1,0.63,100,0.63,1.0,0.37,0.02364349365234375
GAMETES_Epistasis_2-Way_20atts_0.1H_EDM-1_1,0.63,100,0.63,1.0,0.37,0.016167402267456055
GAMETES_Epistasis_2-Way_20atts_0.1H_EDM-1_1,0.63,100,0.63,1.0,0.37,0.031807899475097656
GAMETES_Epistasis_2-Way_20atts_0.1H_EDM-1_1,0.63,100,0.63,1.0,0.37,0.023958683013916016
GAMETES_Epistasis_2-Way_20atts_0.1H_EDM-1_1,0.63,100,0.63,0.58,0.05,0.023259401321411133
GAMETES_Epistasis_2-Way_20atts_0.1H_EDM-1_1,0.63,100,0.63,1.0,0.37,0.02380824089050293
GAMETES_Epistasis_2-Way_20atts_0.1H_EDM-1_1,0.68,100,0.68,1.0,0.32,0.023622989654541016
GAMETES_Epistasis_2-Way_20atts_0.1H_EDM-1_1,0.68,100,0.68,1.0,0.32,0.022530555725097656
GAMETES_Epistasis_2-Way_20atts_0.1H_EDM-1_1,0.68,100,0.68,1.0,0.32,0.023154020309448242
GAMETES_Epistasis_2-Way_20atts_0.1H_EDM-1_1,0.68,100,0.68,1.0,0.32,0.023257732391357422
GAMETES_Epistasis_2-Way_20atts_0.1H_EDM-1_1,0.68,100,0.68,1.0,0.32,0.023799657821655273
GAMETES_Epistasis_2-Way_20atts_0.1H_EDM-1_1,0.68,100,0.68,1.0,0.32,0.02381420135498047
GAMETES_Epistasis_2-Way_20atts_0.1H_EDM-1_1,0.68,100,0.68,0.0,0.68,0.0229189395904541
GAMETES_Epistasis_2-Way_20atts_0.1H_EDM-1_1,0.68,100,0.68,1.0,0.32,0.02267003059387207
GAMETES_Epistasis_2-Way_20atts_0.1H_EDM-1_1,0.68,100,0.68,1.0,0.32,0.02283024787902832
GAMETES_Epistasis_2-Way_20atts_0.1H_EDM-1_1,0.68,100,0.68,1.0,0.32,0.023513317108154297
GAMETES_Epistasis_2-Way_20atts_0.1H_EDM-1_1,0.74,100,0.74,1.0,0.26,0.02360057830810547
GAMETES_Epistasis_2-Way_20atts_0.1H_EDM-1_1,0.74,100,0.74,1.0,0.26,0.02408623695373535
GAMETES_Epistasis_2-Way_20atts_0.1H_EDM-1_1,0.74,100,0.74,1.0,0.26,0.023701190948486328
GAMETES_Epistasis_2-Way_20atts_0.1H_EDM-1_1,0.74,100,0.74,1.0,0.26,0.022605180740356445
GAMETES_Epistasis_2-Way_20atts_0.1H_EDM-1_1,0.74,100,0.74,1.0,0.26,0.02218484878540039
GAMETES_Epistasis_2-Way_20atts_0.1H_EDM-1_1,0.74,100,0.74,1.0,0.26,0.02330160140991211
GAMETES_Epistasis_2-Way_20atts_0.1H_EDM-1_1,0.74,100,0.74,0.0,0.74,0.02256488800048828
GAMETES_Epistasis_2-Way_20atts_0.1H_EDM-1_1,0.74,100,0.74,1.0,0.26,0.023479461669921875
GAMETES_Epistasis_2-Way_20atts_0.1H_EDM-1_1,0.74,100,0.74,0.0,0.74,0.023077726364135742
GAMETES_Epistasis_2-Way_20atts_0.1H_EDM-1_1,0.74,100,0.74,1.0,0.26,0.023825645446777344
GAMETES_Epistasis_2-Way_20atts_0.1H_EDM-1_1,0.79,100,0.79,1.0,0.21,0.024866104125976562
GAMETES_Epistasis_2-Way_20atts_0.1H_EDM-1_1,0.79,100,0.79,1.0,0.21,0.023440122604370117
GAMETES_Epistasis_2-Way_20atts_0.1H_EDM-1_1,0.79,100,0.79,1.0,0.21,0.023173093795776367
GAMETES_Epistasis_2-Way_20atts_0.1H_EDM-1_1,0.79,100,0.79,1.0,0.21,0.022504806518554688
GAMETES_Epistasis_2-Way_20atts_0.1H_EDM-1_1,0.79,100,0.79,1.0,0.21,0.023439884185791016
GAMETES_Epistasis_2-Way_20atts_0.1H_EDM-1_1,0.79,100,0.79,1.0,0.21,0.023390531539916992
GAMETES_Epistasis_2-Way_20atts_0.1H_EDM-1_1,0.79,100,0.79,1.0,0.21,0.023456335067749023
GAMETES_Epistasis_2-Way_20atts_0.1H_EDM-1_1,0.79,100,0.79,1.0,0.21,0.023006439208984375
GAMETES_Epistasis_2-Way_20atts_0.1H_EDM-1_1,0.79,100,0.79,1.0,0.21,0.023153305053710938
GAMETES_Epistasis_2-Way_20atts_0.1H_EDM-1_1,0.79,100,0.79,1.0,0.21,0.023275136947631836
GAMETES_Epistasis_2-Way_20atts_0.1H_EDM-1_1,0.84,100,0.84,1.0,0.16,0.02361774444580078
GAMETES_Epistasis_2-Way_20atts_0.1H_EDM-1_1,0.84,100,0.84,1.0,0.16,0.023545503616333008
GAMETES_Epistasis_2-Way_20atts_0.1H_EDM-1_1,0.84,100,0.84,1.0,0.16,0.022439241409301758
GAMETES_Epistasis_2-Way_20atts_0.1H_EDM-1_1,0.84,100,0.84,1.0,0.16,0.023501157760620117
GAMETES_Epistasis_2-Way_20atts_0.1H_EDM-1_1,0.84,100,0.84,1.0,0.16,0.023823022842407227
GAMETES_Epistasis_2-Way_20atts_0.1H_EDM-1_1,0.84,100,0.84,1.0,0.16,0.02329277992248535
GAMETES_Epistasis_2-Way_20atts_0.1H_EDM-1_1,0.84,100,0.84,1.0,0.16,0.023000240325927734
GAMETES_Epistasis_2-Way_20atts_0.1H_EDM-1_1,0.84,100,0.84,1.0,0.16,0.023161888122558594
GAMETES_Epistasis_2-Way_20atts_0.1H_EDM-1_1,0.84,100,0.84,0.0,0.84,0.023439645767211914
GAMETES_Epistasis_2-Way_20atts_0.1H_EDM-1_1,0.84,100,0.84,1.0,0.16,0.023447275161743164
GAMETES_Epistasis_2-Way_20atts_0.1H_EDM-1_1,0.89,100,0.89,1.0,0.11,0.054865121841430664
GAMETES_Epistasis_2-Way_20atts_0.1H_EDM-1_1,0.89,100,0.89,1.0,0.11,0.04625701904296875
GAMETES_Epistasis_2-Way_20atts_0.1H_EDM-1_1,0.89,100,0.89,1.0,0.11,0.04276728630065918
GAMETES_Epistasis_2-Way_20atts_0.1H_EDM-1_1,0.89,100,0.89,1.0,0.11,0.05193781852722168
GAMETES_Epistasis_2-Way_20atts_0.1H_EDM-1_1,0.89,100,0.89,1.0,0.11,0.05074620246887207
GAMETES_Epistasis_2-Way_20atts_0.1H_EDM-1_1,0.89,100,0.89,1.0,0.11,0.032582759857177734
GAMETES_Epistasis_2-Way_20atts_0.1H_EDM-1_1,0.89,100,0.89,1.0,0.11,0.03829455375671387
GAMETES_Epistasis_2-Way_20atts_0.1H_EDM-1_1,0.89,100,0.89,1.0,0.11,0.04480481147766113
GAMETES_Epistasis_2-Way_20atts_0.1H_EDM-1_1,0.89,100,0.89,1.0,0.11,0.015633106231689453
GAMETES_Epistasis_2-Way_20atts_0.1H_EDM-1_1,0.89,100,0.89,1.0,0.11,0.023971080780029297
GAMETES_Epistasis_2-Way_20atts_0.1H_EDM-1_1,0.95,100,0.95,1.0,0.05,0.024193763732910156
GAMETES_Epistasis_2-Way_20atts_0.1H_EDM-1_1,0.95,100,0.95,1.0,0.05,0.020227909088134766
GAMETES_Epistasis_2-Way_20atts_0.1H_EDM-1_1,0.95,100,0.95,1.0,0.05,0.016656160354614258
GAMETES_Epistasis_2-Way_20atts_0.1H_EDM-1_1,0.95,100,0.95,0.0,0.95,0.015703916549682617
GAMETES_Epistasis_2-Way_20atts_0.1H_EDM-1_1,0.95,100,0.95,1.0,0.05,0.015711307525634766
GAMETES_Epistasis_2-Way_20atts_0.1H_EDM-1_1,0.95,100,0.95,1.0,0.05,0.015632152557373047
GAMETES_Epistasis_2-Way_20atts_0.1H_EDM-1_1,0.95,100,0.95,1.0,0.05,0.029801607131958008
GAMETES_Epistasis_2-Way_20atts_0.1H_EDM-1_1,0.95,100,0.95,1.0,0.05,0.01952672004699707
GAMETES_Epistasis_2-Way_20atts_0.1H_EDM-1_1,0.95,100,0.95,1.0,0.05,0.02424168586730957
GAMETES_Epistasis_2-Way_20atts_0.1H_EDM-1_1,0.95,100,0.95,1.0,0.05,0.0248415470123291
GAMETES_Epistasis_2-Way_20atts_0.1H_EDM-1_1,1.0,100,1.0,1.0,0.0,0.02404618263244629
GAMETES_Epistasis_2-Way_20atts_0.1H_EDM-1_1,1.0,100,1.0,1.0,0.0,0.037799835205078125
GAMETES_Epistasis_2-Way_20atts_0.1H_EDM-1_1,1.0,100,1.0,1.0,0.0,0.03353762626647949
GAMETES_Epistasis_2-Way_20atts_0.1H_EDM-1_1,1.0,100,1.0,1.0,0.0,0.015589475631713867
GAMETES_Epistasis_2-Way_20atts_0.1H_EDM-1_1,1.0,100,1.0,1.0,0.0,0.020693302154541016
GAMETES_Epistasis_2-Way_20atts_0.1H_EDM-1_1,1.0,100,1.0,1.0,0.0,0.03126192092895508
GAMETES_Epistasis_2-Way_20atts_0.1H_EDM-1_1,1.0,100,1.0,1.0,0.0,0.03133583068847656
GAMETES_Epistasis_2-Way_20atts_0.1H_EDM-1_1,1.0,100,1.0,1.0,0.0,0.041193485260009766
GAMETES_Epistasis_2-Way_20atts_0.1H_EDM-1_1,1.0,100,1.0,1.0,0.0,0.01971268653869629
GAMETES_Epistasis_2-Way_20atts_0.1H_EDM-1_1,1.0,100,1.0,1.0,0.0,0.016008615493774414
GAMETES_Epistasis_2-Way_20atts_0.4H_EDM-1_1,0.0,100,0.0,1.0,1.0,0.022763967514038086
GAMETES_Epistasis_2-Way_20atts_0.4H_EDM-1_1,0.0,100,0.0,1.0,1.0,0.02440166473388672
GAMETES_Epistasis_2-Way_20atts_0.4H_EDM-1_1,0.0,100,0.0,1.0,1.0,0.023499011993408203
GAMETES_Epistasis_2-Way_20atts_0.4H_EDM-1_1,0.0,100,0.0,1.0,1.0,0.023176193237304688
GAMETES_Epistasis_2-Way_20atts_0.4H_EDM-1_1,0.0,100,0.0,1.0,1.0,0.012409210205078125
GAMETES_Epistasis_2-Way_20atts_0.4H_EDM-1_1,0.0,100,0.0,1.0,1.0,0.025312423706054688
GAMETES_Epistasis_2-Way_20atts_0.4H_EDM-1_1,0.0,100,0.0,1.0,1.0,0.03132510185241699
GAMETES_Epistasis_2-Way_20atts_0.4H_EDM-1_1,0.0,100,0.0,1.0,1.0,0.03080916404724121
GAMETES_Epistasis_2-Way_20atts_0.4H_EDM-1_1,0.0,100,0.0,1.0,1.0,0.030783414840698242
GAMETES_Epistasis_2-Way_20atts_0.4H_EDM-1_1,0.0,100,0.0,1.0,1.0,0.015085697174072266
GAMETES_Epistasis_2-Way_20atts_0.4H_EDM-1_1,0.05,100,0.05,1.0,0.95,0.012220382690429688
GAMETES_Epistasis_2-Way_20atts_0.4H_EDM-1_1,0.05,100,0.05,1.0,0.95,0.030776500701904297
GAMETES_Epistasis_2-Way_20atts_0.4H_EDM-1_1,0.05,100,0.05,1.0,0.95,0.03031611442565918
GAMETES_Epistasis_2-Way_20atts_0.4H_EDM-1_1,0.05,100,0.05,1.0,0.95,0.024817943572998047
GAMETES_Epistasis_2-Way_20atts_0.4H_EDM-1_1,0.05,100,0.05,1.0,0.95,0.03435945510864258
GAMETES_Epistasis_2-Way_20atts_0.4H_EDM-1_1,0.05,100,0.05,1.0,0.95,0.034516334533691406
GAMETES_Epistasis_2-Way_20atts_0.4H_EDM-1_1,0.05,100,0.05,1.0,0.95,0.013919591903686523
GAMETES_Epistasis_2-Way_20atts_0.4H_EDM-1_1,0.05,100,0.05,1.0,0.95,0.031639814376831055
GAMETES_Epistasis_2-Way_20atts_0.4H_EDM-1_1,0.05,100,0.05,1.0,0.95,0.01601576805114746
GAMETES_Epistasis_2-Way_20atts_0.4H_EDM-1_1,0.05,100,0.05,1.0,0.95,0.020303964614868164
GAMETES_Epistasis_2-Way_20atts_0.4H_EDM-1_1,0.11,100,0.11,1.0,0.89,0.02254509925842285
GAMETES_Epistasis_2-Way_20atts_0.4H_EDM-1_1,0.11,100,0.11,1.0,0.89,0.030796289443969727
GAMETES_Epistasis_2-Way_20atts_0.4H_EDM-1_1,0.11,100,0.11,1.0,0.89,0.01667642593383789
GAMETES_Epistasis_2-Way_20atts_0.4H_EDM-1_1,0.11,100,0.11,1.0,0.89,0.015502214431762695
GAMETES_Epistasis_2-Way_20atts_0.4H_EDM-1_1,0.11,100,0.11,1.0,0.89,0.03043079376220703
GAMETES_Epistasis_2-Way_20atts_0.4H_EDM-1_1,0.11,100,0.11,1.0,0.89,0.036713361740112305
GAMETES_Epistasis_2-Way_20atts_0.4H_EDM-1_1,0.11,100,0.11,1.0,0.89,0.01562356948852539
GAMETES_Epistasis_2-Way_20atts_0.4H_EDM-1_1,0.11,100,0.11,1.0,0.89,0.015626907348632812
GAMETES_Epistasis_2-Way_20atts_0.4H_EDM-1_1,0.11,100,0.11,1.0,0.89,0.0311739444732666
GAMETES_Epistasis_2-Way_20atts_0.4H_EDM-1_1,0.11,100,0.11,1.0,0.89,0.015716552734375
GAMETES_Epistasis_2-Way_20atts_0.4H_EDM-1_1,0.16,100,0.16,1.0,0.84,0.030797719955444336
GAMETES_Epistasis_2-Way_20atts_0.4H_EDM-1_1,0.16,100,0.16,1.0,0.84,0.024959325790405273
GAMETES_Epistasis_2-Way_20atts_0.4H_EDM-1_1,0.16,100,0.16,1.0,0.84,0.030359506607055664
GAMETES_Epistasis_2-Way_20atts_0.4H_EDM-1_1,0.16,100,0.16,1.0,0.84,0.038251399993896484
GAMETES_Epistasis_2-Way_20atts_0.4H_EDM-1_1,0.16,100,0.16,1.0,0.84,0.03125643730163574
GAMETES_Epistasis_2-Way_20atts_0.4H_EDM-1_1,0.16,100,0.16,1.0,0.84,0.03126072883605957
GAMETES_Epistasis_2-Way_20atts_0.4H_EDM-1_1,0.16,100,0.16,1.0,0.84,0.0313267707824707
GAMETES_Epistasis_2-Way_20atts_0.4H_EDM-1_1,0.16,100,0.16,1.0,0.84,0.03130650520324707
GAMETES_Epistasis_2-Way_20atts_0.4H_EDM-1_1,0.16,100,0.16,1.0,0.84,0.021109342575073242
GAMETES_Epistasis_2-Way_20atts_0.4H_EDM-1_1,0.16,100,0.16,1.0,0.84,0.015584945678710938
GAMETES_Epistasis_2-Way_20atts_0.4H_EDM-1_1,0.21,100,0.21,1.0,0.79,0.03125476837158203
GAMETES_Epistasis_2-Way_20atts_0.4H_EDM-1_1,0.21,100,0.21,1.0,0.79,0.027566909790039062
GAMETES_Epistasis_2-Way_20atts_0.4H_EDM-1_1,0.21,100,0.21,1.0,0.79,0.015578746795654297
GAMETES_Epistasis_2-Way_20atts_0.4H_EDM-1_1,0.21,100,0.21,1.0,0.79,0.02843642234802246
GAMETES_Epistasis_2-Way_20atts_0.4H_EDM-1_1,0.21,100,0.21,1.0,0.79,0.027628421783447266
GAMETES_Epistasis_2-Way_20atts_0.4H_EDM-1_1,0.21,100,0.21,1.0,0.79,0.015635013580322266
GAMETES_Epistasis_2-Way_20atts_0.4H_EDM-1_1,0.21,100,0.21,1.0,0.79,0.01799798011779785
GAMETES_Epistasis_2-Way_20atts_0.4H_EDM-1_1,0.21,100,0.21,1.0,0.79,0.015646696090698242
GAMETES_Epistasis_2-Way_20atts_0.4H_EDM-1_1,0.21,100,0.21,1.0,0.79,0.015623807907104492
GAMETES_Epistasis_2-Way_20atts_0.4H_EDM-1_1,0.21,100,0.21,1.0,0.79,0.031247615814208984
GAMETES_Epistasis_2-Way_20atts_0.4H_EDM-1_1,0.26,100,0.26,1.0,0.74,0.030790328979492188
GAMETES_Epistasis_2-Way_20atts_0.4H_EDM-1_1,0.26,100,0.26,1.0,0.74,0.015720129013061523
GAMETES_Epistasis_2-Way_20atts_0.4H_EDM-1_1,0.26,100,0.26,1.0,0.74,0.030218124389648438
GAMETES_Epistasis_2-Way_20atts_0.4H_EDM-1_1,0.26,100,0.26,1.0,0.74,0.036252498626708984
GAMETES_Epistasis_2-Way_20atts_0.4H_EDM-1_1,0.26,100,0.26,1.0,0.74,0.031249523162841797
GAMETES_Epistasis_2-Way_20atts_0.4H_EDM-1_1,0.26,100,0.26,1.0,0.74,0.035170793533325195
GAMETES_Epistasis_2-Way_20atts_0.4H_EDM-1_1,0.26,100,0.26,1.0,0.74,0.03133702278137207
GAMETES_Epistasis_2-Way_20atts_0.4H_EDM-1_1,0.26,100,0.26,1.0,0.74,0.015622854232788086
GAMETES_Epistasis_2-Way_20atts_0.4H_EDM-1_1,0.26,100,0.26,1.0,0.74,0.015073537826538086
GAMETES_Epistasis_2-Way_20atts_0.4H_EDM-1_1,0.26,100,0.26,1.0,0.74,0.01068425178527832
GAMETES_Epistasis_2-Way_20atts_0.4H_EDM-1_1,0.32,100,0.32,1.0,0.68,0.030063629150390625
GAMETES_Epistasis_2-Way_20atts_0.4H_EDM-1_1,0.32,100,0.32,1.0,0.68,0.024654626846313477
GAMETES_Epistasis_2-Way_20atts_0.4H_EDM-1_1,0.32,100,0.32,1.0,0.68,0.02853536605834961
GAMETES_Epistasis_2-Way_20atts_0.4H_EDM-1_1,0.32,100,0.32,1.0,0.68,0.02514505386352539
GAMETES_Epistasis_2-Way_20atts_0.4H_EDM-1_1,0.32,100,0.32,1.0,0.68,0.023096323013305664
GAMETES_Epistasis_2-Way_20atts_0.4H_EDM-1_1,0.32,100,0.32,1.0,0.68,0.015720844268798828
GAMETES_Epistasis_2-Way_20atts_0.4H_EDM-1_1,0.32,100,0.32,1.0,0.68,0.015717506408691406
GAMETES_Epistasis_2-Way_20atts_0.4H_EDM-1_1,0.32,100,0.32,1.0,0.68,0.03134918212890625
GAMETES_Epistasis_2-Way_20atts_0.4H_EDM-1_1,0.32,100,0.32,1.0,0.68,0.031341552734375
GAMETES_Epistasis_2-Way_20atts_0.4H_EDM-1_1,0.32,100,0.32,1.0,0.68,0.0313413143157959
GAMETES_Epistasis_2-Way_20atts_0.4H_EDM-1_1,0.37,100,0.37,1.0,0.63,0.015082597732543945
GAMETES_Epistasis_2-Way_20atts_0.4H_EDM-1_1,0.37,100,0.37,1.0,0.63,0.027219533920288086
GAMETES_Epistasis_2-Way_20atts_0.4H_EDM-1_1,0.37,100,0.37,1.0,0.63,0.023821353912353516
GAMETES_Epistasis_2-Way_20atts_0.4H_EDM-1_1,0.37,100,0.37,1.0,0.63,0.029983997344970703
GAMETES_Epistasis_2-Way_20atts_0.4H_EDM-1_1,0.37,100,0.37,1.0,0.63,0.0320131778717041
GAMETES_Epistasis_2-Way_20atts_0.4H_EDM-1_1,0.37,100,0.37,1.0,0.63,0.015615224838256836
GAMETES_Epistasis_2-Way_20atts_0.4H_EDM-1_1,0.37,100,0.37,1.0,0.63,0.03126168251037598
GAMETES_Epistasis_2-Way_20atts_0.4H_EDM-1_1,0.37,100,0.37,1.0,0.63,0.015698671340942383
GAMETES_Epistasis_2-Way_20atts_0.4H_EDM-1_1,0.37,100,0.37,1.0,0.63,0.02579665184020996
GAMETES_Epistasis_2-Way_20atts_0.4H_EDM-1_1,0.37,100,0.37,1.0,0.63,0.03125190734863281
GAMETES_Epistasis_2-Way_20atts_0.4H_EDM-1_1,0.42,100,0.42,1.0,0.58,0.01802802085876465
GAMETES_Epistasis_2-Way_20atts_0.4H_EDM-1_1,0.42,100,0.42,1.0,0.58,0.012298107147216797
GAMETES_Epistasis_2-Way_20atts_0.4H_EDM-1_1,0.42,100,0.42,1.0,0.58,0.024302959442138672
GAMETES_Epistasis_2-Way_20atts_0.4H_EDM-1_1,0.42,100,0.42,1.0,0.58,0.027947425842285156
GAMETES_Epistasis_2-Way_20atts_0.4H_EDM-1_1,0.42,100,0.42,1.0,0.58,0.028802871704101562
GAMETES_Epistasis_2-Way_20atts_0.4H_EDM-1_1,0.42,100,0.42,1.0,0.58,0.03134036064147949
GAMETES_Epistasis_2-Way_20atts_0.4H_EDM-1_1,0.42,100,0.42,1.0,0.58,0.0313420295715332
GAMETES_Epistasis_2-Way_20atts_0.4H_EDM-1_1,0.42,100,0.42,1.0,0.58,0.03133654594421387
GAMETES_Epistasis_2-Way_20atts_0.4H_EDM-1_1,0.42,100,0.42,1.0,0.58,0.031336307525634766
GAMETES_Epistasis_2-Way_20atts_0.4H_EDM-1_1,0.42,100,0.42,1.0,0.58,0.034749507904052734
GAMETES_Epistasis_2-Way_20atts_0.4H_EDM-1_1,0.47,100,0.47,1.0,0.53,0.016979455947875977
GAMETES_Epistasis_2-Way_20atts_0.4H_EDM-1_1,0.47,100,0.47,1.0,0.53,0.015229463577270508
GAMETES_Epistasis_2-Way_20atts_0.4H_EDM-1_1,0.47,100,0.47,1.0,0.53,0.029048681259155273
GAMETES_Epistasis_2-Way_20atts_0.4H_EDM-1_1,0.47,100,0.47,1.0,0.53,0.031253814697265625
GAMETES_Epistasis_2-Way_20atts_0.4H_EDM-1_1,0.47,100,0.47,1.0,0.53,0.009664535522460938
GAMETES_Epistasis_2-Way_20atts_0.4H_EDM-1_1,0.47,100,0.47,1.0,0.53,0.016919851303100586
GAMETES_Epistasis_2-Way_20atts_0.4H_EDM-1_1,0.47,100,0.47,1.0,0.53,0.015624046325683594
GAMETES_Epistasis_2-Way_20atts_0.4H_EDM-1_1,0.47,100,0.47,1.0,0.53,0.03133511543273926
GAMETES_Epistasis_2-Way_20atts_0.4H_EDM-1_1,0.47,100,0.47,1.0,0.53,0.015714645385742188
GAMETES_Epistasis_2-Way_20atts_0.4H_EDM-1_1,0.47,100,0.47,1.0,0.53,0.023174285888671875
GAMETES_Epistasis_2-Way_20atts_0.4H_EDM-1_1,0.53,100,0.53,1.0,0.47,0.0363316535949707
GAMETES_Epistasis_2-Way_20atts_0.4H_EDM-1_1,0.53,100,0.53,1.0,0.47,0.03398609161376953
GAMETES_Epistasis_2-Way_20atts_0.4H_EDM-1_1,0.53,100,0.53,1.0,0.47,0.03233742713928223
GAMETES_Epistasis_2-Way_20atts_0.4H_EDM-1_1,0.53,100,0.53,1.0,0.47,0.021207571029663086
GAMETES_Epistasis_2-Way_20atts_0.4H_EDM-1_1,0.53,100,0.53,1.0,0.47,0.03179311752319336
GAMETES_Epistasis_2-Way_20atts_0.4H_EDM-1_1,0.53,100,0.53,1.0,0.47,0.01967644691467285
GAMETES_Epistasis_2-Way_20atts_0.4H_EDM-1_1,0.53,100,0.53,1.0,0.47,0.01772308349609375
GAMETES_Epistasis_2-Way_20atts_0.4H_EDM-1_1,0.53,100,0.53,1.0,0.47,0.034688711166381836
GAMETES_Epistasis_2-Way_20atts_0.4H_EDM-1_1,0.53,100,0.53,1.0,0.47,0.03390955924987793
GAMETES_Epistasis_2-Way_20atts_0.4H_EDM-1_1,0.53,100,0.53,1.0,0.47,0.01724076271057129
GAMETES_Epistasis_2-Way_20atts_0.4H_EDM-1_1,0.58,100,0.58,1.0,0.42,0.015588760375976562
GAMETES_Epistasis_2-Way_20atts_0.4H_EDM-1_1,0.58,100,0.58,1.0,0.42,0.031885623931884766
GAMETES_Epistasis_2-Way_20atts_0.4H_EDM-1_1,0.58,100,0.58,1.0,0.42,0.01563572883605957
GAMETES_Epistasis_2-Way_20atts_0.4H_EDM-1_1,0.58,100,0.58,1.0,0.42,0.029788970947265625
GAMETES_Epistasis_2-Way_20atts_0.4H_EDM-1_1,0.58,100,0.58,1.0,0.42,0.03132152557373047
GAMETES_Epistasis_2-Way_20atts_0.4H_EDM-1_1,0.58,100,0.58,1.0,0.42,0.01997971534729004
GAMETES_Epistasis_2-Way_20atts_0.4H_EDM-1_1,0.58,100,0.58,1.0,0.42,0.020290136337280273
GAMETES_Epistasis_2-Way_20atts_0.4H_EDM-1_1,0.58,100,0.58,1.0,0.42,0.030832290649414062
GAMETES_Epistasis_2-Way_20atts_0.4H_EDM-1_1,0.58,100,0.58,1.0,0.42,0.03422188758850098
GAMETES_Epistasis_2-Way_20atts_0.4H_EDM-1_1,0.58,100,0.58,1.0,0.42,0.0312497615814209
GAMETES_Epistasis_2-Way_20atts_0.4H_EDM-1_1,0.63,100,0.63,1.0,0.37,0.03132152557373047
GAMETES_Epistasis_2-Way_20atts_0.4H_EDM-1_1,0.63,100,0.63,1.0,0.37,0.023254871368408203
GAMETES_Epistasis_2-Way_20atts_0.4H_EDM-1_1,0.63,100,0.63,1.0,0.37,0.015628576278686523
GAMETES_Epistasis_2-Way_20atts_0.4H_EDM-1_1,0.63,100,0.63,1.0,0.37,0.01562786102294922
GAMETES_Epistasis_2-Way_20atts_0.4H_EDM-1_1,0.63,100,0.63,1.0,0.37,0.015969038009643555
GAMETES_Epistasis_2-Way_20atts_0.4H_EDM-1_1,0.63,100,0.63,1.0,0.37,0.013101577758789062
GAMETES_Epistasis_2-Way_20atts_0.4H_EDM-1_1,0.63,100,0.63,1.0,0.37,0.03571820259094238
GAMETES_Epistasis_2-Way_20atts_0.4H_EDM-1_1,0.63,100,0.63,1.0,0.37,0.02527642250061035
GAMETES_Epistasis_2-Way_20atts_0.4H_EDM-1_1,0.63,100,0.63,1.0,0.37,0.03623485565185547
GAMETES_Epistasis_2-Way_20atts_0.4H_EDM-1_1,0.63,100,0.63,1.0,0.37,0.03179454803466797
GAMETES_Epistasis_2-Way_20atts_0.4H_EDM-1_1,0.68,100,0.68,1.0,0.32,0.031795501708984375
GAMETES_Epistasis_2-Way_20atts_0.4H_EDM-1_1,0.68,100,0.68,1.0,0.32,0.01617145538330078
GAMETES_Epistasis_2-Way_20atts_0.4H_EDM-1_1,0.68,100,0.68,1.0,0.32,0.016173601150512695
GAMETES_Epistasis_2-Way_20atts_0.4H_EDM-1_1,0.68,100,0.68,1.0,0.32,0.015084505081176758
GAMETES_Epistasis_2-Way_20atts_0.4H_EDM-1_1,0.68,100,0.68,1.0,0.32,0.021049976348876953
GAMETES_Epistasis_2-Way_20atts_0.4H_EDM-1_1,0.68,100,0.68,1.0,0.32,0.021044015884399414
GAMETES_Epistasis_2-Way_20atts_0.4H_EDM-1_1,0.68,100,0.68,1.0,0.32,0.030788660049438477
GAMETES_Epistasis_2-Way_20atts_0.4H_EDM-1_1,0.68,100,0.68,1.0,0.32,0.018821001052856445
GAMETES_Epistasis_2-Way_20atts_0.4H_EDM-1_1,0.68,100,0.68,1.0,0.32,0.01976799964904785
GAMETES_Epistasis_2-Way_20atts_0.4H_EDM-1_1,0.68,100,0.68,1.0,0.32,0.023159503936767578
GAMETES_Epistasis_2-Way_20atts_0.4H_EDM-1_1,0.74,100,0.74,1.0,0.26,0.015622615814208984
GAMETES_Epistasis_2-Way_20atts_0.4H_EDM-1_1,0.74,100,0.74,1.0,0.26,0.03126215934753418
GAMETES_Epistasis_2-Way_20atts_0.4H_EDM-1_1,0.74,100,0.74,1.0,0.26,0.015722990036010742
GAMETES_Epistasis_2-Way_20atts_0.4H_EDM-1_1,0.74,100,0.74,1.0,0.26,0.015702486038208008
GAMETES_Epistasis_2-Way_20atts_0.4H_EDM-1_1,0.74,100,0.74,1.0,0.26,0.012341499328613281
GAMETES_Epistasis_2-Way_20atts_0.4H_EDM-1_1,0.74,100,0.74,1.0,0.26,0.024968385696411133
GAMETES_Epistasis_2-Way_20atts_0.4H_EDM-1_1,0.74,100,0.74,1.0,0.26,0.015552997589111328
GAMETES_Epistasis_2-Way_20atts_0.4H_EDM-1_1,0.74,100,0.74,1.0,0.26,0.015623092651367188
GAMETES_Epistasis_2-Way_20atts_0.4H_EDM-1_1,0.74,100,0.74,1.0,0.26,0.03233218193054199
GAMETES_Epistasis_2-Way_20atts_0.4H_EDM-1_1,0.74,100,0.74,1.0,0.26,0.03180742263793945
GAMETES_Epistasis_2-Way_20atts_0.4H_EDM-1_1,0.79,100,0.79,1.0,0.21,0.016175508499145508
GAMETES_Epistasis_2-Way_20atts_0.4H_EDM-1_1,0.79,100,0.79,1.0,0.21,0.016168594360351562
GAMETES_Epistasis_2-Way_20atts_0.4H_EDM-1_1,0.79,100,0.79,1.0,0.21,0.01563739776611328
GAMETES_Epistasis_2-Way_20atts_0.4H_EDM-1_1,0.79,100,0.79,1.0,0.21,0.027796030044555664
GAMETES_Epistasis_2-Way_20atts_0.4H_EDM-1_1,0.79,100,0.79,1.0,0.21,0.015752315521240234
GAMETES_Epistasis_2-Way_20atts_0.4H_EDM-1_1,0.79,100,0.79,1.0,0.21,0.028707027435302734
GAMETES_Epistasis_2-Way_20atts_0.4H_EDM-1_1,0.79,100,0.79,1.0,0.21,0.01520538330078125
GAMETES_Epistasis_2-Way_20atts_0.4H_EDM-1_1,0.79,100,0.79,1.0,0.21,0.02689647674560547
GAMETES_Epistasis_2-Way_20atts_0.4H_EDM-1_1,0.79,100,0.79,1.0,0.21,0.025322675704956055
GAMETES_Epistasis_2-Way_20atts_0.4H_EDM-1_1,0.79,100,0.79,1.0,0.21,0.031250953674316406
GAMETES_Epistasis_2-Way_20atts_0.4H_EDM-1_1,0.84,100,0.84,1.0,0.16,0.020862340927124023
GAMETES_Epistasis_2-Way_20atts_0.4H_EDM-1_1,0.84,100,0.84,1.0,0.16,0.015626192092895508
GAMETES_Epistasis_2-Way_20atts_0.4H_EDM-1_1,0.84,100,0.84,1.0,0.16,0.031356096267700195
GAMETES_Epistasis_2-Way_20atts_0.4H_EDM-1_1,0.84,100,0.84,1.0,0.16,0.01617264747619629
GAMETES_Epistasis_2-Way_20atts_0.4H_EDM-1_1,0.84,100,0.84,1.0,0.16,0.01616692543029785
GAMETES_Epistasis_2-Way_20atts_0.4H_EDM-1_1,0.84,100,0.84,1.0,0.16,0.021294355392456055
GAMETES_Epistasis_2-Way_20atts_0.4H_EDM-1_1,0.84,100,0.84,1.0,0.16,0.023300647735595703
GAMETES_Epistasis_2-Way_20atts_0.4H_EDM-1_1,0.84,100,0.84,1.0,0.16,0.030391454696655273
GAMETES_Epistasis_2-Way_20atts_0.4H_EDM-1_1,0.84,100,0.84,1.0,0.16,0.015085935592651367
GAMETES_Epistasis_2-Way_20atts_0.4H_EDM-1_1,0.84,100,0.84,1.0,0.16,0.013327360153198242
GAMETES_Epistasis_2-Way_20atts_0.4H_EDM-1_1,0.89,100,0.89,1.0,0.11,0.026441574096679688
GAMETES_Epistasis_2-Way_20atts_0.4H_EDM-1_1,0.89,100,0.89,1.0,0.11,0.015625715255737305
GAMETES_Epistasis_2-Way_20atts_0.4H_EDM-1_1,0.89,100,0.89,1.0,0.11,0.009553670883178711
GAMETES_Epistasis_2-Way_20atts_0.4H_EDM-1_1,0.89,100,0.89,1.0,0.11,0.031249523162841797
GAMETES_Epistasis_2-Way_20atts_0.4H_EDM-1_1,0.89,100,0.89,1.0,0.11,0.0156252384185791
GAMETES_Epistasis_2-Way_20atts_0.4H_EDM-1_1,0.89,100,0.89,1.0,0.11,0.029958248138427734
GAMETES_Epistasis_2-Way_20atts_0.4H_EDM-1_1,0.89,100,0.89,1.0,0.11,0.031249284744262695
GAMETES_Epistasis_2-Way_20atts_0.4H_EDM-1_1,0.89,100,0.89,1.0,0.11,0.015624523162841797
GAMETES_Epistasis_2-Way_20atts_0.4H_EDM-1_1,0.89,100,0.89,1.0,0.11,0.015635251998901367
GAMETES_Epistasis_2-Way_20atts_0.4H_EDM-1_1,0.89,100,0.89,1.0,0.11,0.031020641326904297
GAMETES_Epistasis_2-Way_20atts_0.4H_EDM-1_1,0.95,100,0.95,1.0,0.05,0.015013456344604492
GAMETES_Epistasis_2-Way_20atts_0.4H_EDM-1_1,0.95,100,0.95,1.0,0.05,0.013748407363891602
GAMETES_Epistasis_2-Way_20atts_0.4H_EDM-1_1,0.95,100,0.95,1.0,0.05,0.031107425689697266
GAMETES_Epistasis_2-Way_20atts_0.4H_EDM-1_1,0.95,100,0.95,1.0,0.05,0.023784399032592773
GAMETES_Epistasis_2-Way_20atts_0.4H_EDM-1_1,0.95,100,0.95,1.0,0.05,0.02576613426208496
GAMETES_Epistasis_2-Way_20atts_0.4H_EDM-1_1,0.95,100,0.95,1.0,0.05,0.015636920928955078
GAMETES_Epistasis_2-Way_20atts_0.4H_EDM-1_1,0.95,100,0.95,1.0,0.05,0.015633821487426758
GAMETES_Epistasis_2-Way_20atts_0.4H_EDM-1_1,0.95,100,0.95,1.0,0.05,0.015625715255737305
GAMETES_Epistasis_2-Way_20atts_0.4H_EDM-1_1,0.95,100,0.95,1.0,0.05,0.031260013580322266
GAMETES_Epistasis_2-Way_20atts_0.4H_EDM-1_1,0.95,100,0.95,1.0,0.05,0.031253814697265625
GAMETES_Epistasis_2-Way_20atts_0.4H_EDM-1_1,1.0,100,1.0,1.0,0.0,0.015622377395629883
GAMETES_Epistasis_2-Way_20atts_0.4H_EDM-1_1,1.0,100,1.0,1.0,0.0,0.031244993209838867
GAMETES_Epistasis_2-Way_20atts_0.4H_EDM-1_1,1.0,100,1.0,1.0,0.0,0.018646717071533203
GAMETES_Epistasis_2-Way_20atts_0.4H_EDM-1_1,1.0,100,1.0,1.0,0.0,0.03771066665649414
GAMETES_Epistasis_2-Way_20atts_0.4H_EDM-1_1,1.0,100,1.0,1.0,0.0,0.02352309226989746
GAMETES_Epistasis_2-Way_20atts_0.4H_EDM-1_1,1.0,100,1.0,1.0,0.0,0.015627622604370117
GAMETES_Epistasis_2-Way_20atts_0.4H_EDM-1_1,1.0,100,1.0,1.0,0.0,0.03125143051147461
GAMETES_Epistasis_2-Way_20atts_0.4H_EDM-1_1,1.0,100,1.0,1.0,0.0,0.015627145767211914
GAMETES_Epistasis_2-Way_20atts_0.4H_EDM-1_1,1.0,100,1.0,1.0,0.0,0.031245708465576172
GAMETES_Epistasis_2-Way_20atts_0.4H_EDM-1_1,1.0,100,1.0,1.0,0.0,0.01971721649169922
gina_agnostic,0.0,100,0.0,0.01,0.01,0.031348466873168945
gina_agnostic,0.0,100,0.0,0.0,0.0,0.014586448669433594
gina_agnostic,0.0,100,0.0,0.0,0.0,0.026863574981689453
gina_agnostic,0.0,100,0.0,0.02,0.02,0.015624046325683594
gina_agnostic,0.0,100,0.0,0.0,0.0,0.031145334243774414
gina_agnostic,0.0,100,0.0,0.0,0.0,0.01570582389831543
gina_agnostic,0.0,100,0.0,0.05,0.05,0.03130459785461426
gina_agnostic,0.0,100,0.0,0.0,0.0,0.03307700157165527
gina_agnostic,0.0,100,0.0,0.01,0.01,0.03133821487426758
gina_agnostic,0.0,100,0.0,0.01,0.01,0.028873920440673828
gina_agnostic,0.05,100,0.05,0.06,0.01,0.01572275161743164
gina_agnostic,0.05,100,0.05,0.08,0.03,0.019799232482910156
gina_agnostic,0.05,100,0.05,0.08,0.03,0.033110857009887695
gina_agnostic,0.05,100,0.05,0.09,0.04,0.01563286781311035
gina_agnostic,0.05,100,0.05,0.05,0.0,0.02637004852294922
gina_agnostic,0.05,100,0.05,0.04,0.01,0.009081602096557617
gina_agnostic,0.05,100,0.05,0.08,0.03,0.020106792449951172
gina_agnostic,0.05,100,0.05,0.08,0.03,0.03125476837158203
gina_agnostic,0.05,100,0.05,0.05,0.0,0.015082359313964844
gina_agnostic,0.05,100,0.05,0.09,0.04,0.026884794235229492
gina_agnostic,0.11,100,0.11,0.06,0.05,0.01616811752319336
gina_agnostic,0.11,100,0.11,0.14,0.03,0.036689043045043945
gina_agnostic,0.11,100,0.11,0.07,0.04,0.015632152557373047
gina_agnostic,0.11,100,0.11,0.1,0.01,0.02384781837463379
gina_agnostic,0.11,100,0.11,0.11,0.0,0.0262911319732666
gina_agnostic,0.11,100,0.11,0.1,0.01,0.020305156707763672
gina_agnostic,0.11,100,0.11,0.13,0.02,0.03666830062866211
gina_agnostic,0.11,100,0.11,0.13,0.02,0.03125
gina_agnostic,0.11,100,0.11,0.03,0.08,0.015712499618530273
gina_agnostic,0.11,100,0.11,0.08,0.03,0.025972604751586914
gina_agnostic,0.16,100,0.16,0.18,0.02,0.022127628326416016
gina_agnostic,0.16,100,0.16,0.14,0.02,0.03125405311584473
gina_agnostic,0.16,100,0.16,0.16,0.0,0.03435802459716797
gina_agnostic,0.16,100,0.16,0.18,0.02,0.03367877006530762
gina_agnostic,0.16,100,0.16,0.17,0.01,0.015009403228759766
gina_agnostic,0.16,100,0.16,0.15,0.01,0.02427530288696289
gina_agnostic,0.16,100,0.16,0.13,0.03,0.015625953674316406
gina_agnostic,0.16,100,0.16,0.18,0.02,0.026091814041137695
gina_agnostic,0.16,100,0.16,0.16,0.0,0.0312504768371582
gina_agnostic,0.16,100,0.16,0.14,0.02,0.03079819679260254
gina_agnostic,0.21,100,0.21,0.2,0.01,0.02797412872314453
gina_agnostic,0.21,100,0.21,0.22,0.01,0.015624046325683594
gina_agnostic,0.21,100,0.21,0.21,0.0,0.015082597732543945
gina_agnostic,0.21,100,0.21,0.24,0.03,0.0312497615814209
gina_agnostic,0.21,100,0.21,0.23,0.02,0.03133583068847656
gina_agnostic,0.21,100,0.21,0.23,0.02,0.02290797233581543
gina_agnostic,0.21,100,0.21,0.21,0.0,0.03297591209411621
gina_agnostic,0.21,100,0.21,0.23,0.02,0.015722990036010742
gina_agnostic,0.21,100,0.21,0.2,0.01,0.03133678436279297
gina_agnostic,0.21,100,0.21,0.18,0.03,0.01458287239074707
gina_agnostic,0.26,100,0.26,0.23,0.03,0.0307769775390625
gina_agnostic,0.26,100,0.26,0.26,0.0,0.01569342613220215
gina_agnostic,0.26,100,0.26,0.25,0.01,0.018160343170166016
gina_agnostic,0.26,100,0.26,0.24,0.02,0.015623807907104492
gina_agnostic,0.26,100,0.26,0.23,0.03,0.012184858322143555
gina_agnostic,0.26,100,0.26,0.27,0.01,0.01681351661682129
gina_agnostic,0.26,100,0.26,0.33,0.07,0.03125286102294922
gina_agnostic,0.26,100,0.26,0.25,0.01,0.031334638595581055
gina_agnostic,0.26,100,0.26,0.29,0.03,0.031334638595581055
gina_agnostic,0.26,100,0.26,0.23,0.03,0.03190135955810547
gina_agnostic,0.32,100,0.32,0.32,0.0,0.013905525207519531
gina_agnostic,0.32,100,0.32,0.31,0.01,0.015631914138793945
gina_agnostic,0.32,100,0.32,0.37,0.05,0.03132987022399902
gina_agnostic,0.32,100,0.32,0.3,0.02,0.020264863967895508
gina_agnostic,0.32,100,0.32,0.36,0.04,0.025275707244873047
gina_agnostic,0.32,100,0.32,0.33,0.01,0.012411355972290039
gina_agnostic,0.32,100,0.32,0.29,0.03,0.031253814697265625
gina_agnostic,0.32,100,0.32,0.26,0.06,0.03133654594421387
gina_agnostic,0.32,100,0.32,0.31,0.01,0.01629924774169922
gina_agnostic,0.32,100,0.32,0.24,0.08,0.03546452522277832
gina_agnostic,0.37,100,0.37,0.39,0.02,0.0307919979095459
gina_agnostic,0.37,100,0.37,0.38,0.01,0.022839069366455078
gina_agnostic,0.37,100,0.37,0.33,0.04,0.015711307525634766
gina_agnostic,0.37,100,0.37,0.38,0.01,0.023449420928955078
gina_agnostic,0.37,100,0.37,0.35,0.02,0.03125810623168945
gina_agnostic,0.37,100,0.37,0.33,0.04,0.030798912048339844
gina_agnostic,0.37,100,0.37,0.33,0.04,0.031246662139892578
gina_agnostic,0.37,100,0.37,0.33,0.04,0.029793977737426758
gina_agnostic,0.37,100,0.37,0.34,0.03,0.030975818634033203
gina_agnostic,0.37,100,0.37,0.28,0.09,0.03125452995300293
gina_agnostic,0.42,100,0.42,0.43,0.01,0.02494215965270996
gina_agnostic,0.42,100,0.42,0.45,0.03,0.015623092651367188
gina_agnostic,0.42,100,0.42,0.45,0.03,0.014082670211791992
gina_agnostic,0.42,100,0.42,0.4,0.02,0.031844139099121094
gina_agnostic,0.42,100,0.42,0.44,0.02,0.015625953674316406
gina_agnostic,0.42,100,0.42,0.36,0.06,0.028524160385131836
gina_agnostic,0.42,100,0.42,0.48,0.06,0.01562809944152832
gina_agnostic,0.42,100,0.42,0.48,0.06,0.011588811874389648
gina_agnostic,0.42,100,0.42,0.43,0.01,0.033048391342163086
gina_agnostic,0.42,100,0.42,0.47,0.05,0.02256917953491211
gina_agnostic,0.47,100,0.47,0.52,0.05,0.024247407913208008
gina_agnostic,0.47,100,0.47,0.48,0.01,0.01563429832458496
gina_agnostic,0.47,100,0.47,0.51,0.04,0.03065037727355957
gina_agnostic,0.47,100,0.47,0.44,0.03,0.02545642852783203
gina_agnostic,0.47,100,0.47,0.51,0.04,0.015621662139892578
gina_agnostic,0.47,100,0.47,0.4,0.07,0.015088558197021484
gina_agnostic,0.47,100,0.47,0.48,0.01,0.03216195106506348
gina_agnostic,0.47,100,0.47,0.5,0.03,0.01617574691772461
gina_agnostic,0.47,100,0.47,0.47,0.0,0.024219274520874023
gina_agnostic,0.47,100,0.47,0.47,0.0,0.031249523162841797
gina_agnostic,0.53,100,0.53,0.54,0.01,0.015026569366455078
gina_agnostic,0.53,100,0.53,0.54,0.01,0.024440288543701172
gina_agnostic,0.53,100,0.53,0.58,0.05,0.017674922943115234
gina_agnostic,0.53,100,0.53,0.53,0.0,0.015630006790161133
gina_agnostic,0.53,100,0.53,0.58,0.05,0.015619039535522461
gina_agnostic,0.53,100,0.53,0.52,0.01,0.013838052749633789
gina_agnostic,0.53,100,0.53,0.53,0.0,0.02281355857849121
gina_agnostic,0.53,100,0.53,0.54,0.01,0.019812345504760742
gina_agnostic,0.53,100,0.53,0.51,0.02,0.03125333786010742
gina_agnostic,0.53,100,0.53,0.56,0.03,0.03064584732055664
gina_agnostic,0.58,100,0.58,0.52,0.06,0.03227496147155762
gina_agnostic,0.58,100,0.58,0.6,0.02,0.015635013580322266
gina_agnostic,0.58,100,0.58,0.56,0.02,0.0234982967376709
gina_agnostic,0.58,100,0.58,0.65,0.07,0.031242847442626953
gina_agnostic,0.58,100,0.58,0.63,0.05,0.021962404251098633
gina_agnostic,0.58,100,0.58,0.66,0.08,0.015626907348632812
gina_agnostic,0.58,100,0.58,0.6,0.02,0.015078544616699219
gina_agnostic,0.58,100,0.58,0.61,0.03,0.027317523956298828
gina_agnostic,0.58,100,0.58,0.62,0.04,0.015629291534423828
gina_agnostic,0.58,100,0.58,0.58,0.0,0.012349128723144531
gina_agnostic,0.63,100,0.63,0.64,0.01,0.027790546417236328
gina_agnostic,0.63,100,0.63,0.66,0.03,0.031641483306884766
gina_agnostic,0.63,100,0.63,0.62,0.01,0.03429007530212402
gina_agnostic,0.63,100,0.63,0.61,0.02,0.015630245208740234
gina_agnostic,0.63,100,0.63,0.66,0.03,0.024143695831298828
gina_agnostic,0.63,100,0.63,0.68,0.05,0.029797077178955078
gina_agnostic,0.63,100,0.63,0.61,0.02,0.017291784286499023
gina_agnostic,0.63,100,0.63,0.68,0.05,0.031246185302734375
gina_agnostic,0.63,100,0.63,0.53,0.1,0.015707015991210938
gina_agnostic,0.63,100,0.63,0.57,0.06,0.015714645385742188
gina_agnostic,0.68,100,0.68,0.63,0.05,0.023689746856689453
gina_agnostic,0.68,100,0.68,0.69,0.01,0.015619039535522461
gina_agnostic,0.68,100,0.68,0.59,0.09,0.021953105926513672
gina_agnostic,0.68,100,0.68,0.76,0.08,0.03320956230163574
gina_agnostic,0.68,100,0.68,0.67,0.01,0.01617598533630371
gina_agnostic,0.68,100,0.68,0.69,0.01,0.02830672264099121
gina_agnostic,0.68,100,0.68,0.72,0.04,0.0313410758972168
gina_agnostic,0.68,100,0.68,0.7,0.02,0.03023529052734375
gina_agnostic,0.68,100,0.68,0.73,0.05,0.024300813674926758
gina_agnostic,0.68,100,0.68,0.69,0.01,0.027337074279785156
gina_agnostic,0.74,100,0.74,0.72,0.02,0.031238794326782227
gina_agnostic,0.74,100,0.74,0.69,0.05,0.021092891693115234
gina_agnostic,0.74,100,0.74,0.76,0.02,0.03133654594421387
gina_agnostic,0.74,100,0.74,0.67,0.07,0.015165328979492188
gina_agnostic,0.74,100,0.74,0.71,0.03,0.02524280548095703
gina_agnostic,0.74,100,0.74,0.71,0.03,0.02977585792541504
gina_agnostic,0.74,100,0.74,0.78,0.04,0.01788949966430664
gina_agnostic,0.74,100,0.74,0.77,0.03,0.021031618118286133
gina_agnostic,0.74,100,0.74,0.75,0.01,0.03125357627868652
gina_agnostic,0.74,100,0.74,0.73,0.01,0.033349037170410156
gina_agnostic,0.79,100,0.79,0.8,0.01,0.015702247619628906
gina_agnostic,0.79,100,0.79,0.78,0.01,0.021068334579467773
gina_agnostic,0.79,100,0.79,0.8,0.01,0.032256126403808594
gina_agnostic,0.79,100,0.79,0.86,0.07,0.031258344650268555
gina_agnostic,0.79,100,0.79,0.79,0.0,0.025142669677734375
gina_agnostic,0.79,100,0.79,0.85,0.06,0.03133583068847656
gina_agnostic,0.79,100,0.79,0.73,0.06,0.016008377075195312
gina_agnostic,0.79,100,0.79,0.82,0.03,0.038764238357543945
gina_agnostic,0.79,100,0.79,0.85,0.06,0.031336307525634766
gina_agnostic,0.79,100,0.79,0.82,0.03,0.030382394790649414
gina_agnostic,0.84,100,0.84,0.88,0.04,0.03125810623168945
gina_agnostic,0.84,100,0.84,0.83,0.01,0.0161898136138916
gina_agnostic,0.84,100,0.84,0.85,0.01,0.015624761581420898
gina_agnostic,0.84,100,0.84,0.84,0.0,0.015711545944213867
gina_agnostic,0.84,100,0.84,0.86,0.02,0.018097400665283203
gina_agnostic,0.84,100,0.84,0.85,0.01,0.01571512222290039
gina_agnostic,0.84,100,0.84,0.82,0.02,0.023945331573486328
gina_agnostic,0.84,100,0.84,0.8,0.04,0.015618562698364258
gina_agnostic,0.84,100,0.84,0.77,0.07,0.015084266662597656
gina_agnostic,0.84,100,0.84,0.84,0.0,0.015631675720214844
gina_agnostic,0.89,100,0.89,0.91,0.02,0.015633106231689453
gina_agnostic,0.89,100,0.89,0.91,0.02,0.014629840850830078
gina_agnostic,0.89,100,0.89,0.88,0.01,0.03125
gina_agnostic,0.89,100,0.89,0.91,0.02,0.01563405990600586
gina_agnostic,0.89,100,0.89,0.89,0.0,0.02784562110900879
gina_agnostic,0.89,100,0.89,0.97,0.08,0.01606583595275879
gina_agnostic,0.89,100,0.89,0.86,0.03,0.015572786331176758
gina_agnostic,0.89,100,0.89,0.9,0.01,0.03125262260437012
gina_agnostic,0.89,100,0.89,0.96,0.07,0.010997533798217773
gina_agnostic,0.89,100,0.89,0.93,0.04,0.01563239097595215
gina_agnostic,0.95,100,0.95,0.95,0.0,0.015015125274658203
gina_agnostic,0.95,100,0.95,0.89,0.06,0.015626907348632812
gina_agnostic,0.95,100,0.95,0.97,0.02,0.01500701904296875
gina_agnostic,0.95,100,0.95,0.92,0.03,0.023885011672973633
gina_agnostic,0.95,100,0.95,0.95,0.0,0.010090351104736328
gina_agnostic,0.95,100,0.95,0.95,0.0,0.017531156539916992
gina_agnostic,0.95,100,0.95,0.96,0.01,0.015624284744262695
gina_agnostic,0.95,100,0.95,0.98,0.03,0.015083551406860352
gina_agnostic,0.95,100,0.95,0.99,0.04,0.03133344650268555
gina_agnostic,0.95,100,0.95,0.98,0.03,0.031880855560302734
gina_agnostic,1.0,100,1.0,0.98,0.02,0.0343017578125
gina_agnostic,1.0,100,1.0,1.0,0.0,0.031249046325683594
gina_agnostic,1.0,100,1.0,1.0,0.0,0.01595139503479004
gina_agnostic,1.0,100,1.0,1.0,0.0,0.008536100387573242
gina_agnostic,1.0,100,1.0,0.99,0.01,0.01714038848876953
gina_agnostic,1.0,100,1.0,1.0,0.0,0.03532767295837402
gina_agnostic,1.0,100,1.0,1.0,0.0,0.031250953674316406
gina_agnostic,1.0,100,1.0,1.0,0.0,0.017732620239257812
gina_agnostic,1.0,100,1.0,1.0,0.0,0.031141042709350586
gina_agnostic,1.0,100,1.0,0.97,0.03,0.015624761581420898
kin8nm,0.0,100,0.0,0.07,0.07,0.027965784072875977
kin8nm,0.0,100,0.0,0.08,0.08,0.022603511810302734
kin8nm,0.0,100,0.0,0.1,0.1,0.01570868492126465
kin8nm,0.0,100,0.0,0.0,0.0,0.020760536193847656
kin8nm,0.0,100,0.0,0.0,0.0,0.015585184097290039
kin8nm,0.0,100,0.0,0.02,0.02,0.015619516372680664
kin8nm,0.0,100,0.0,0.0,0.0,0.015715360641479492
kin8nm,0.0,100,0.0,0.0,0.0,0.015613079071044922
kin8nm,0.0,100,0.0,0.0,0.0,0.031248092651367188
kin8nm,0.0,100,0.0,0.0,0.0,0.03329133987426758
kin8nm,0.05,100,0.05,0.0,0.05,0.01917886734008789
kin8nm,0.05,100,0.05,0.04,0.01,0.026454925537109375
kin8nm,0.05,100,0.05,0.04,0.01,0.015082120895385742
kin8nm,0.05,100,0.05,0.03,0.02,0.031337738037109375
kin8nm,0.05,100,0.05,0.0,0.05,0.01856517791748047
kin8nm,0.05,100,0.05,0.02,0.03,0.031249046325683594
kin8nm,0.05,100,0.05,0.0,0.05,0.03583359718322754
kin8nm,0.05,100,0.05,0.14,0.09,0.03444170951843262
kin8nm,0.05,100,0.05,0.11,0.06,0.012172460556030273
kin8nm,0.05,100,0.05,0.0,0.05,0.013082265853881836
kin8nm,0.11,100,0.11,0.13,0.02,0.02378249168395996
kin8nm,0.11,100,0.11,0.11,0.0,0.015633821487426758
kin8nm,0.11,100,0.11,0.14,0.03,0.03114008903503418
kin8nm,0.11,100,0.11,0.05,0.06,0.015625715255737305
kin8nm,0.11,100,0.11,0.09,0.02,0.03164029121398926
kin8nm,0.11,100,0.11,0.1,0.01,0.0312497615814209
kin8nm,0.11,100,0.11,0.08,0.03,0.03463006019592285
kin8nm,0.11,100,0.11,0.01,0.1,0.02720022201538086
kin8nm,0.11,100,0.11,0.16,0.05,0.02107858657836914
kin8nm,0.11,100,0.11,0.12,0.01,0.028090715408325195
kin8nm,0.16,100,0.16,0.19,0.03,0.015087127685546875
kin8nm,0.16,100,0.16,0.23,0.07,0.02323293685913086
kin8nm,0.16,100,0.16,0.2,0.04,0.024190902709960938
kin8nm,0.16,100,0.16,0.22,0.06,0.015082597732543945
kin8nm,0.16,100,0.16,0.12,0.04,0.015979766845703125
kin8nm,0.16,100,0.16,0.17,0.01,0.030791521072387695
kin8nm,0.16,100,0.16,0.19,0.03,0.03124380111694336
kin8nm,0.16,100,0.16,0.23,0.07,0.0305025577545166
kin8nm,0.16,100,0.16,0.12,0.04,0.037476539611816406
kin8nm,0.16,100,0.16,0.21,0.05,0.016709089279174805
kin8nm,0.21,100,0.21,0.11,0.1,0.03133583068847656
kin8nm,0.21,100,0.21,0.18,0.03,0.015620231628417969
kin8nm,0.21,100,0.21,0.15,0.06,0.027390480041503906
kin8nm,0.21,100,0.21,0.33,0.12,0.026194334030151367
kin8nm,0.21,100,0.21,0.22,0.01,0.017473936080932617
kin8nm,0.21,100,0.21,0.19,0.02,0.02085733413696289
kin8nm,0.21,100,0.21,0.28,0.07,0.015636444091796875
kin8nm,0.21,100,0.21,0.21,0.0,0.01601696014404297
kin8nm,0.21,100,0.21,0.03,0.18,0.015625715255737305
kin8nm,0.21,100,0.21,0.21,0.0,0.031638383865356445
kin8nm,0.26,100,0.26,0.12,0.14,0.0312502384185791
kin8nm,0.26,100,0.26,0.29,0.03,0.015704631805419922
kin8nm,0.26,100,0.26,0.32,0.06,0.024409770965576172
kin8nm,0.26,100,0.26,0.27,0.01,0.02367377281188965
kin8nm,0.26,100,0.26,0.23,0.03,0.019070148468017578
kin8nm,0.26,100,0.26,0.17,0.09,0.03125882148742676
kin8nm,0.26,100,0.26,0.33,0.07,0.03392767906188965
kin8nm,0.26,100,0.26,0.36,0.1,0.015622615814208984
kin8nm,0.26,100,0.26,0.29,0.03,0.033336639404296875
kin8nm,0.26,100,0.26,0.23,0.03,0.03474855422973633
kin8nm,0.32,100,0.32,0.34,0.02,0.03086996078491211
kin8nm,0.32,100,0.32,0.36,0.04,0.025812625885009766
kin8nm,0.32,100,0.32,0.28,0.04,0.024205923080444336
kin8nm,0.32,100,0.32,0.27,0.05,0.027345657348632812
kin8nm,0.32,100,0.32,0.29,0.03,0.016185283660888672
kin8nm,0.32,100,0.32,0.34,0.02,0.015088319778442383
kin8nm,0.32,100,0.32,0.19,0.13,0.01507568359375
kin8nm,0.32,100,0.32,0.39,0.07,0.03087139129638672
kin8nm,0.32,100,0.32,0.31,0.01,0.015077829360961914
kin8nm,0.32,100,0.32,0.21,0.11,0.030789613723754883
kin8nm,0.37,100,0.37,0.3,0.07,0.011975288391113281
kin8nm,0.37,100,0.37,0.39,0.02,0.03133106231689453
kin8nm,0.37,100,0.37,0.35,0.02,0.03124690055847168
kin8nm,0.37,100,0.37,0.36,0.01,0.030551671981811523
kin8nm,0.37,100,0.37,0.39,0.02,0.01562047004699707
kin8nm,0.37,100,0.37,0.41,0.04,0.031780242919921875
kin8nm,0.37,100,0.37,0.47,0.1,0.015702247619628906
kin8nm,0.37,100,0.37,0.35,0.02,0.01563096046447754
kin8nm,0.37,100,0.37,0.32,0.05,0.018119096755981445
kin8nm,0.37,100,0.37,0.35,0.02,0.013500690460205078
kin8nm,0.42,100,0.42,0.34,0.08,0.012737035751342773
kin8nm,0.42,100,0.42,0.39,0.03,0.015160799026489258
kin8nm,0.42,100,0.42,0.44,0.02,0.015075445175170898
kin8nm,0.42,100,0.42,0.42,0.0,0.03133082389831543
kin8nm,0.42,100,0.42,0.47,0.05,0.01571512222290039
kin8nm,0.42,100,0.42,0.38,0.04,0.031246185302734375
kin8nm,0.42,100,0.42,0.57,0.15,0.021384477615356445
kin8nm,0.42,100,0.42,0.44,0.02,0.015628337860107422
kin8nm,0.42,100,0.42,0.26,0.16,0.03125119209289551
kin8nm,0.42,100,0.42,0.57,0.15,0.022793054580688477
kin8nm,0.47,100,0.47,0.55,0.08,0.015092134475708008
kin8nm,0.47,100,0.47,0.4,0.07,0.03282475471496582
kin8nm,0.47,100,0.47,0.57,0.1,0.031351566314697266
kin8nm,0.47,100,0.47,0.5,0.03,0.03125572204589844
kin8nm,0.47,100,0.47,0.54,0.07,0.015668630599975586
kin8nm,0.47,100,0.47,0.55,0.08,0.01562666893005371
kin8nm,0.47,100,0.47,0.52,0.05,0.03897666931152344
kin8nm,0.47,100,0.47,0.49,0.02,0.018022775650024414
kin8nm,0.47,100,0.47,0.46,0.01,0.030339479446411133
kin8nm,0.47,100,0.47,0.39,0.08,0.030263185501098633
kin8nm,0.53,100,0.53,0.49,0.04,0.015964746475219727
kin8nm,0.53,100,0.53,0.61,0.08,0.017633438110351562
kin8nm,0.53,100,0.53,0.49,0.04,0.0196225643157959
kin8nm,0.53,100,0.53,0.75,0.22,0.035310983657836914
kin8nm,0.53,100,0.53,0.53,0.0,0.016162395477294922
kin8nm,0.53,100,0.53,0.49,0.04,0.031336069107055664
kin8nm,0.53,100,0.53,0.59,0.06,0.031241178512573242
kin8nm,0.53,100,0.53,0.47,0.06,0.016170263290405273
kin8nm,0.53,100,0.53,0.61,0.08,0.03775501251220703
kin8nm,0.53,100,0.53,0.48,0.05,0.03520774841308594
kin8nm,0.58,100,0.58,0.54,0.04,0.028243303298950195
kin8nm,0.58,100,0.58,0.59,0.01,0.037920475006103516
kin8nm,0.58,100,0.58,0.47,0.11,0.027394533157348633
kin8nm,0.58,100,0.58,0.54,0.04,0.015700340270996094
kin8nm,0.58,100,0.58,0.59,0.01,0.015697956085205078
kin8nm,0.58,100,0.58,0.68,0.1,0.016175031661987305
kin8nm,0.58,100,0.58,0.49,0.09,0.015710830688476562
kin8nm,0.58,100,0.58,0.46,0.12,0.03133678436279297
kin8nm,0.58,100,0.58,0.48,0.1,0.030796289443969727
kin8nm,0.58,100,0.58,0.52,0.06,0.03092217445373535
kin8nm,0.63,100,0.63,0.64,0.01,0.03180384635925293
kin8nm,0.63,100,0.63,0.75,0.12,0.03125357627868652
kin8nm,0.63,100,0.63,0.53,0.1,0.03600740432739258
kin8nm,0.63,100,0.63,0.51,0.12,0.026216745376586914
kin8nm,0.63,100,0.63,0.61,0.02,0.01508474349975586
kin8nm,0.63,100,0.63,0.56,0.07,0.03126025199890137
kin8nm,0.63,100,0.63,0.58,0.05,0.015710830688476562
kin8nm,0.63,100,0.63,0.6,0.03,0.031324148178100586
kin8nm,0.63,100,0.63,0.75,0.12,0.03125882148742676
kin8nm,0.63,100,0.63,0.68,0.05,0.03124380111694336
kin8nm,0.68,100,0.68,0.69,0.01,0.03180503845214844
kin8nm,0.68,100,0.68,0.73,0.05,0.015964269638061523
kin8nm,0.68,100,0.68,0.66,0.02,0.03237175941467285
kin8nm,0.68,100,0.68,0.63,0.05,0.025377273559570312
kin8nm,0.68,100,0.68,0.8,0.12,0.011451959609985352
kin8nm,0.68,100,0.68,0.62,0.06,0.03431534767150879
kin8nm,0.68,100,0.68,0.71,0.03,0.028864383697509766
kin8nm,0.68,100,0.68,0.65,0.03,0.02987360954284668
kin8nm,0.68,100,0.68,0.64,0.04,0.025107383728027344
kin8nm,0.68,100,0.68,0.68,0.0,0.02680683135986328
kin8nm,0.74,100,0.74,0.72,0.02,0.03079509735107422
kin8nm,0.74,100,0.74,0.74,0.0,0.02489185333251953
kin8nm,0.74,100,0.74,0.73,0.01,0.015071868896484375
kin8nm,0.74,100,0.74,0.72,0.02,0.021943092346191406
kin8nm,0.74,100,0.74,0.65,0.09,0.025175094604492188
kin8nm,0.74,100,0.74,0.69,0.05,0.015702247619628906
kin8nm,0.74,100,0.74,0.76,0.02,0.015704631805419922
kin8nm,0.74,100,0.74,0.7,0.04,0.021731853485107422
kin8nm,0.74,100,0.74,0.7,0.04,0.018906593322753906
kin8nm,0.74,100,0.74,0.78,0.04,0.015630722045898438
kin8nm,0.79,100,0.79,0.78,0.01,0.03179478645324707
kin8nm,0.79,100,0.79,0.8,0.01,0.031781911849975586
kin8nm,0.79,100,0.79,0.74,0.05,0.02619457244873047
kin8nm,0.79,100,0.79,0.82,0.03,0.015617847442626953
kin8nm,0.79,100,0.79,0.78,0.01,0.03123021125793457
kin8nm,0.79,100,0.79,0.78,0.01,0.015626192092895508
kin8nm,0.79,100,0.79,0.73,0.06,0.015625953674316406
kin8nm,0.79,100,0.79,0.87,0.08,0.01616835594177246
kin8nm,0.79,100,0.79,0.88,0.09,0.03125262260437012
kin8nm,0.79,100,0.79,0.71,0.08,0.034333229064941406
kin8nm,0.84,100,0.84,0.73,0.11,0.0279390811920166
kin8nm,0.84,100,0.84,0.79,0.05,0.034105539321899414
kin8nm,0.84,100,0.84,0.7,0.14,0.03507518768310547
kin8nm,0.84,100,0.84,0.81,0.03,0.03423929214477539
kin8nm,0.84,100,0.84,1.0,0.16,0.027391433715820312
kin8nm,0.84,100,0.84,0.77,0.07,0.030637025833129883
kin8nm,0.84,100,0.84,0.93,0.09,0.022069692611694336
kin8nm,0.84,100,0.84,0.91,0.07,0.019234180450439453
kin8nm,0.84,100,0.84,0.8,0.04,0.011784553527832031
kin8nm,0.84,100,0.84,0.84,0.0,0.030779600143432617
kin8nm,0.89,100,0.89,0.97,0.08,0.014081478118896484
kin8nm,0.89,100,0.89,0.83,0.06,0.03124690055847168
kin8nm,0.89,100,0.89,0.88,0.01,0.03175711631774902
kin8nm,0.89,100,0.89,0.92,0.03,0.015706539154052734
kin8nm,0.89,100,0.89,0.88,0.01,0.015620231628417969
kin8nm,0.89,100,0.89,0.92,0.03,0.03180503845214844
kin8nm,0.89,100,0.89,0.86,0.03,0.015695571899414062
kin8nm,0.89,100,0.89,0.92,0.03,0.015622854232788086
kin8nm,0.89,100,0.89,0.92,0.03,0.015714168548583984
kin8nm,0.89,100,0.89,0.91,0.02,0.031249046325683594
kin8nm,0.95,100,0.95,0.98,0.03,0.031638145446777344
kin8nm,0.95,100,0.95,0.95,0.0,0.02688741683959961
kin8nm,0.95,100,0.95,0.97,0.02,0.030199050903320312
kin8nm,0.95,100,0.95,1.0,0.05,0.018636226654052734
kin8nm,0.95,100,0.95,1.0,0.05,0.015081405639648438
kin8nm,0.95,100,0.95,0.85,0.1,0.02522563934326172
kin8nm,0.95,100,0.95,0.98,0.03,0.0313410758972168
kin8nm,0.95,100,0.95,1.0,0.05,0.015712499618530273
kin8nm,0.95,100,0.95,0.9,0.05,0.01779317855834961
kin8nm,0.95,100,0.95,0.91,0.04,0.031348466873168945
kin8nm,1.0,100,1.0,1.0,0.0,0.031340837478637695
kin8nm,1.0,100,1.0,0.82,0.18,0.03164815902709961
kin8nm,1.0,100,1.0,1.0,0.0,0.015625953674316406
kin8nm,1.0,100,1.0,1.0,0.0,0.03938627243041992
kin8nm,1.0,100,1.0,0.99,0.01,0.03133749961853027
kin8nm,1.0,100,1.0,1.0,0.0,0.021739959716796875
kin8nm,1.0,100,1.0,0.91,0.09,0.03179502487182617
kin8nm,1.0,100,1.0,0.83,0.17,0.034171104431152344
kin8nm,1.0,100,1.0,0.97,0.03,0.030251502990722656
kin8nm,1.0,100,1.0,0.93,0.07,0.015083789825439453
parity5_plus_5,0.0,100,0.0,0.0,0.0,0.024573564529418945
parity5_plus_5,0.0,100,0.0,0.0,0.0,0.032319068908691406
parity5_plus_5,0.0,100,0.0,0.0,0.0,0.015629053115844727
parity5_plus_5,0.0,100,0.0,0.0,0.0,0.015712976455688477
parity5_plus_5,0.0,100,0.0,0.0,0.0,0.014215469360351562
parity5_plus_5,0.0,100,0.0,0.0,0.0,0.015715599060058594
parity5_plus_5,0.0,100,0.0,0.0,0.0,0.023633480072021484
parity5_plus_5,0.0,100,0.0,0.0,0.0,0.023799896240234375
parity5_plus_5,0.0,100,0.0,0.0,0.0,0.030549049377441406
parity5_plus_5,0.0,100,0.0,0.0,0.0,0.02734208106994629
parity5_plus_5,0.05,100,0.05,0.0,0.05,0.031244277954101562
parity5_plus_5,0.05,100,0.05,0.0,0.05,0.03133964538574219
parity5_plus_5,0.05,100,0.05,0.0,0.05,0.015079736709594727
parity5_plus_5,0.05,100,0.05,0.0,0.05,0.026948928833007812
parity5_plus_5,0.05,100,0.05,0.0,0.05,0.015718460083007812
parity5_plus_5,0.05,100,0.05,0.0,0.05,0.024302005767822266
parity5_plus_5,0.05,100,0.05,0.0,0.05,0.025406837463378906
parity5_plus_5,0.05,100,0.05,0.0,0.05,0.019211292266845703
parity5_plus_5,0.05,100,0.05,0.0,0.05,0.015622854232788086
parity5_plus_5,0.05,100,0.05,0.0,0.05,0.01572418212890625
parity5_plus_5,0.11,100,0.11,0.0,0.11,0.024797677993774414
parity5_plus_5,0.11,100,0.11,0.0,0.11,0.01566028594970703
parity5_plus_5,0.11,100,0.11,0.0,0.11,0.02103590965270996
parity5_plus_5,0.11,100,0.11,0.0,0.11,0.023811817169189453
parity5_plus_5,0.11,100,0.11,0.0,0.11,0.02487349510192871
parity5_plus_5,0.11,100,0.11,0.0,0.11,0.031694889068603516
parity5_plus_5,0.11,100,0.11,0.0,0.11,0.031226158142089844
parity5_plus_5,0.11,100,0.11,0.0,0.11,0.01563429832458496
parity5_plus_5,0.11,100,0.11,0.0,0.11,0.010967493057250977
parity5_plus_5,0.11,100,0.11,0.0,0.11,0.034509897232055664
parity5_plus_5,0.16,100,0.16,0.0,0.16,0.031342267990112305
parity5_plus_5,0.16,100,0.16,0.0,0.16,0.015712499618530273
parity5_plus_5,0.16,100,0.16,0.0,0.16,0.02094578742980957
parity5_plus_5,0.16,100,0.16,0.0,0.16,0.023793697357177734
parity5_plus_5,0.16,100,0.16,0.0,0.16,0.015624284744262695
parity5_plus_5,0.16,100,0.16,0.0,0.16,0.03133869171142578
parity5_plus_5,0.16,100,0.16,0.0,0.16,0.024555444717407227
parity5_plus_5,0.16,100,0.16,0.0,0.16,0.02478194236755371
parity5_plus_5,0.16,100,0.16,0.0,0.16,0.015550374984741211
parity5_plus_5,0.16,100,0.16,0.0,0.16,0.015007495880126953
parity5_plus_5,0.21,100,0.21,0.0,0.21,0.025452613830566406
parity5_plus_5,0.21,100,0.21,0.0,0.21,0.022135257720947266
parity5_plus_5,0.21,100,0.21,0.0,0.21,0.015624761581420898
parity5_plus_5,0.21,100,0.21,0.0,0.21,0.01566791534423828
parity5_plus_5,0.21,100,0.21,0.0,0.21,0.03303074836730957
parity5_plus_5,0.21,100,0.21,0.0,0.21,0.0156252384185791
parity5_plus_5,0.21,100,0.21,0.0,0.21,0.015645742416381836
parity5_plus_5,0.21,100,0.21,0.0,0.21,0.02071690559387207
parity5_plus_5,0.21,100,0.21,0.0,0.21,0.025351285934448242
parity5_plus_5,0.21,100,0.21,0.0,0.21,0.016172170639038086
parity5_plus_5,0.26,100,0.26,0.0,0.26,0.015623092651367188
parity5_plus_5,0.26,100,0.26,0.0,0.26,0.015086174011230469
parity5_plus_5,0.26,100,0.26,0.0,0.26,0.027114152908325195
parity5_plus_5,0.26,100,0.26,0.0,0.26,0.029729843139648438
parity5_plus_5,0.26,100,0.26,0.0,0.26,0.015710830688476562
parity5_plus_5,0.26,100,0.26,0.0,0.26,0.025810718536376953
parity5_plus_5,0.26,100,0.26,0.0,0.26,0.026137113571166992
parity5_plus_5,0.26,100,0.26,0.0,0.26,0.01558828353881836
parity5_plus_5,0.26,100,0.26,0.0,0.26,0.028661012649536133
parity5_plus_5,0.26,100,0.26,0.0,0.26,0.025785446166992188
parity5_plus_5,0.32,100,0.32,0.0,0.32,0.0266268253326416
parity5_plus_5,0.32,100,0.32,0.0,0.32,0.03124380111694336
parity5_plus_5,0.32,100,0.32,0.0,0.32,0.030800580978393555
parity5_plus_5,0.32,100,0.32,0.0,0.32,0.02664804458618164
parity5_plus_5,0.32,100,0.32,0.0,0.32,0.013575077056884766
parity5_plus_5,0.32,100,0.32,0.0,0.32,0.016086816787719727
parity5_plus_5,0.32,100,0.32,0.0,0.32,0.019785404205322266
parity5_plus_5,0.32,100,0.32,0.0,0.32,0.038237571716308594
parity5_plus_5,0.32,100,0.32,0.0,0.32,0.01638340950012207
parity5_plus_5,0.32,100,0.32,0.0,0.32,0.01562356948852539
parity5_plus_5,0.37,100,0.37,0.0,0.37,0.015077829360961914
parity5_plus_5,0.37,100,0.37,0.0,0.37,0.027981996536254883
parity5_plus_5,0.37,100,0.37,0.0,0.37,0.025783300399780273
parity5_plus_5,0.37,100,0.37,0.0,0.37,0.016167640686035156
parity5_plus_5,0.37,100,0.37,0.0,0.37,0.01665329933166504
parity5_plus_5,0.37,100,0.37,0.0,0.37,0.019071102142333984
parity5_plus_5,0.37,100,0.37,0.0,0.37,0.018622636795043945
parity5_plus_5,0.37,100,0.37,0.0,0.37,0.015610933303833008
parity5_plus_5,0.37,100,0.37,0.0,0.37,0.015072345733642578
parity5_plus_5,0.37,100,0.37,0.0,0.37,0.011665821075439453
parity5_plus_5,0.42,100,0.42,0.0,0.42,0.015713214874267578
parity5_plus_5,0.42,100,0.42,0.0,0.42,0.031640052795410156
parity5_plus_5,0.42,100,0.42,0.0,0.42,0.03164815902709961
parity5_plus_5,0.42,100,0.42,0.0,0.42,0.023646116256713867
parity5_plus_5,0.42,100,0.42,0.0,0.42,0.02783656120300293
parity5_plus_5,0.42,100,0.42,0.0,0.42,0.031248807907104492
parity5_plus_5,0.42,100,0.42,0.0,0.42,0.03125143051147461
parity5_plus_5,0.42,100,0.42,0.0,0.42,0.0159759521484375
parity5_plus_5,0.42,100,0.42,0.0,0.42,0.03447079658508301
parity5_plus_5,0.42,100,0.42,0.0,0.42,0.028809547424316406
parity5_plus_5,0.47,100,0.47,0.0,0.47,0.031891822814941406
parity5_plus_5,0.47,100,0.47,0.0,0.47,0.01692795753479004
parity5_plus_5,0.47,100,0.47,0.0,0.47,0.024756908416748047
parity5_plus_5,0.47,100,0.47,0.0,0.47,0.015625715255737305
parity5_plus_5,0.47,100,0.47,0.0,0.47,0.015626192092895508
parity5_plus_5,0.47,100,0.47,0.0,0.47,0.014381885528564453
parity5_plus_5,0.47,100,0.47,0.0,0.47,0.03125476837158203
parity5_plus_5,0.47,100,0.47,0.0,0.47,0.03133702278137207
parity5_plus_5,0.47,100,0.47,0.0,0.47,0.02423238754272461
parity5_plus_5,0.47,100,0.47,0.0,0.47,0.020015478134155273
parity5_plus_5,0.53,100,0.53,0.0,0.53,0.021975994110107422
parity5_plus_5,0.53,100,0.53,0.0,0.53,0.01697826385498047
parity5_plus_5,0.53,100,0.53,0.0,0.53,0.015089273452758789
parity5_plus_5,0.53,100,0.53,0.0,0.53,0.027563810348510742
parity5_plus_5,0.53,100,0.53,0.0,0.53,0.024300098419189453
parity5_plus_5,0.53,100,0.53,0.0,0.53,0.019707202911376953
parity5_plus_5,0.53,100,0.53,0.0,0.53,0.012285470962524414
parity5_plus_5,0.53,100,0.53,0.0,0.53,0.01562666893005371
parity5_plus_5,0.53,100,0.53,0.0,0.53,0.015722036361694336
parity5_plus_5,0.53,100,0.53,0.0,0.53,0.015085935592651367
parity5_plus_5,0.58,100,0.58,0.0,0.58,0.027433395385742188
parity5_plus_5,0.58,100,0.58,0.0,0.58,0.023797988891601562
parity5_plus_5,0.58,100,0.58,0.0,0.58,0.03125357627868652
parity5_plus_5,0.58,100,0.58,0.0,0.58,0.01717686653137207
parity5_plus_5,0.58,100,0.58,0.0,0.58,0.015618085861206055
parity5_plus_5,0.58,100,0.58,0.0,0.58,0.03594326972961426
parity5_plus_5,0.58,100,0.58,0.0,0.58,0.016932249069213867
parity5_plus_5,0.58,100,0.58,0.0,0.58,0.030803203582763672
parity5_plus_5,0.58,100,0.58,0.0,0.58,0.017971038818359375
parity5_plus_5,0.58,100,0.58,0.0,0.58,0.015712261199951172
parity5_plus_5,0.63,100,0.63,0.0,0.63,0.01517343521118164
parity5_plus_5,0.63,100,0.63,0.0,0.63,0.024418115615844727
parity5_plus_5,0.63,100,0.63,0.0,0.63,0.031247615814208984
parity5_plus_5,0.63,100,0.63,0.0,0.63,0.030804872512817383
parity5_plus_5,0.63,100,0.63,0.0,0.63,0.03730058670043945
parity5_plus_5,0.63,100,0.63,0.0,0.63,0.03235173225402832
parity5_plus_5,0.63,100,0.63,0.0,0.63,0.027640819549560547
parity5_plus_5,0.63,100,0.63,0.0,0.63,0.017639636993408203
parity5_plus_5,0.63,100,0.63,0.0,0.63,0.0312502384185791
parity5_plus_5,0.63,100,0.63,0.0,0.63,0.030843734741210938
parity5_plus_5,0.68,100,0.68,0.0,0.68,0.03125262260437012
parity5_plus_5,0.68,100,0.68,0.0,0.68,0.03125
parity5_plus_5,0.68,100,0.68,0.0,0.68,0.02123427391052246
parity5_plus_5,0.68,100,0.68,0.0,0.68,0.03504633903503418
parity5_plus_5,0.68,100,0.68,0.0,0.68,0.015726327896118164
parity5_plus_5,0.68,100,0.68,0.0,0.68,0.0157010555267334
parity5_plus_5,0.68,100,0.68,0.0,0.68,0.022137165069580078
parity5_plus_5,0.68,100,0.68,0.0,0.68,0.03500676155090332
parity5_plus_5,0.68,100,0.68,0.0,0.68,0.015633583068847656
parity5_plus_5,0.68,100,0.68,0.0,0.68,0.015710830688476562
parity5_plus_5,0.74,100,0.74,0.0,0.74,0.037599802017211914
parity5_plus_5,0.74,100,0.74,0.0,0.74,0.015708446502685547
parity5_plus_5,0.74,100,0.74,0.0,0.74,0.015584468841552734
parity5_plus_5,0.74,100,0.74,0.0,0.74,0.019232988357543945
parity5_plus_5,0.74,100,0.74,0.0,0.74,0.015614032745361328
parity5_plus_5,0.74,100,0.74,0.0,0.74,0.015626192092895508
parity5_plus_5,0.74,100,0.74,0.0,0.74,0.015706539154052734
parity5_plus_5,0.74,100,0.74,0.0,0.74,0.030243873596191406
parity5_plus_5,0.74,100,0.74,0.0,0.74,0.03368806838989258
parity5_plus_5,0.74,100,0.74,0.0,0.74,0.02729344367980957
parity5_plus_5,0.79,100,0.79,0.0,0.79,0.013389348983764648
parity5_plus_5,0.79,100,0.79,0.0,0.79,0.03179001808166504
parity5_plus_5,0.79,100,0.79,0.0,0.79,0.015074729919433594
parity5_plus_5,0.79,100,0.79,0.0,0.79,0.01240229606628418
parity5_plus_5,0.79,100,0.79,0.0,0.79,0.03210949897766113
parity5_plus_5,0.79,100,0.79,0.0,0.79,0.015632152557373047
parity5_plus_5,0.79,100,0.79,0.0,0.79,0.03270578384399414
parity5_plus_5,0.79,100,0.79,0.0,0.79,0.011526823043823242
parity5_plus_5,0.79,100,0.79,0.0,0.79,0.012081146240234375
parity5_plus_5,0.79,100,0.79,0.0,0.79,0.01770305633544922
parity5_plus_5,0.84,100,0.84,0.0,0.84,0.015075445175170898
parity5_plus_5,0.84,100,0.84,0.0,0.84,0.02993154525756836
parity5_plus_5,0.84,100,0.84,0.0,0.84,0.031241893768310547
parity5_plus_5,0.84,100,0.84,0.0,0.84,0.015617847442626953
parity5_plus_5,0.84,100,0.84,0.0,0.84,0.017585277557373047
parity5_plus_5,0.84,100,0.84,0.0,0.84,0.0233151912689209
parity5_plus_5,0.84,100,0.84,0.0,0.84,0.024118900299072266
parity5_plus_5,0.84,100,0.84,0.0,0.84,0.03178882598876953
parity5_plus_5,0.84,100,0.84,0.0,0.84,0.03131580352783203
parity5_plus_5,0.84,100,0.84,0.0,0.84,0.020287752151489258
parity5_plus_5,0.89,100,0.89,0.0,0.89,0.016173839569091797
parity5_plus_5,0.89,100,0.89,0.0,0.89,0.025382280349731445
parity5_plus_5,0.89,100,0.89,0.0,0.89,0.015621662139892578
parity5_plus_5,0.89,100,0.89,0.0,0.89,0.03125905990600586
parity5_plus_5,0.89,100,0.89,0.0,0.89,0.020642757415771484
parity5_plus_5,0.89,100,0.89,0.0,0.89,0.0345914363861084
parity5_plus_5,0.89,100,0.89,0.0,0.89,0.03133797645568848
parity5_plus_5,0.89,100,0.89,0.0,0.89,0.025010108947753906
parity5_plus_5,0.89,100,0.89,0.0,0.89,0.012421131134033203
parity5_plus_5,0.89,100,0.89,0.0,0.89,0.016173124313354492
parity5_plus_5,0.95,100,0.95,0.0,0.95,0.019301891326904297
parity5_plus_5,0.95,100,0.95,0.0,0.95,0.031339406967163086
parity5_plus_5,0.95,100,0.95,0.0,0.95,0.015077590942382812
parity5_plus_5,0.95,100,0.95,0.0,0.95,0.02624344825744629
parity5_plus_5,0.95,100,0.95,0.0,0.95,0.015709638595581055
parity5_plus_5,0.95,100,0.95,0.0,0.95,0.01986551284790039
parity5_plus_5,0.95,100,0.95,0.0,0.95,0.015706777572631836
parity5_plus_5,0.95,100,0.95,0.0,0.95,0.024841785430908203
parity5_plus_5,0.95,100,0.95,0.0,0.95,0.03181028366088867
parity5_plus_5,0.95,100,0.95,0.0,0.95,0.031245946884155273
parity5_plus_5,1.0,100,1.0,0.0,1.0,0.031324148178100586
parity5_plus_5,1.0,100,1.0,0.0,1.0,0.028214454650878906
parity5_plus_5,1.0,100,1.0,0.0,1.0,0.015620231628417969
parity5_plus_5,1.0,100,1.0,0.0,1.0,0.02080821990966797
parity5_plus_5,1.0,100,1.0,0.0,1.0,0.0306396484375
parity5_plus_5,1.0,100,1.0,0.0,1.0,0.012280464172363281
parity5_plus_5,1.0,100,1.0,0.0,1.0,0.02406620979309082
parity5_plus_5,1.0,100,1.0,0.0,1.0,0.03163743019104004
parity5_plus_5,1.0,100,1.0,0.0,1.0,0.031638145446777344
parity5_plus_5,1.0,100,1.0,0.0,1.0,0.015625
pendigits,0.0,100,0.0,0.0,0.0,0.015705347061157227
pendigits,0.0,100,0.0,0.0,0.0,0.01570725440979004
pendigits,0.0,100,0.0,0.0,0.0,0.011969566345214844
pendigits,0.0,100,0.0,0.0,0.0,0.02439260482788086
pendigits,0.0,100,0.0,0.0,0.0,0.024799108505249023
pendigits,0.0,100,0.0,0.0,0.0,0.03788113594055176
pendigits,0.0,100,0.0,0.0,0.0,0.020974159240722656
pendigits,0.0,100,0.0,0.0,0.0,0.016875743865966797
pendigits,0.0,100,0.0,0.0,0.0,0.03125357627868652
pendigits,0.0,100,0.0,0.0,0.0,0.015713930130004883
pendigits,0.05,100,0.05,0.05,0.0,0.027727603912353516
pendigits,0.05,100,0.05,0.05,0.0,0.015629291534423828
pendigits,0.05,100,0.05,0.05,0.0,0.031882286071777344
pendigits,0.05,100,0.05,0.05,0.0,0.03207278251647949
pendigits,0.05,100,0.05,0.04,0.01,0.02539968490600586
pendigits,0.05,100,0.05,0.05,0.0,0.030237913131713867
pendigits,0.05,100,0.05,0.05,0.0,0.026227235794067383
pendigits,0.05,100,0.05,0.05,0.0,0.019573211669921875
pendigits,0.05,100,0.05,0.05,0.0,0.022878170013427734
pendigits,0.05,100,0.05,0.04,0.01,0.03488564491271973
pendigits,0.11,100,0.11,0.12,0.01,0.0297243595123291
pendigits,0.11,100,0.11,0.11,0.0,0.025187969207763672
pendigits,0.11,100,0.11,0.1,0.01,0.02486705780029297
pendigits,0.11,100,0.11,0.11,0.0,0.03097701072692871
pendigits,0.11,100,0.11,0.1,0.01,0.03085780143737793
pendigits,0.11,100,0.11,0.11,0.0,0.02833867073059082
pendigits,0.11,100,0.11,0.13,0.02,0.025383472442626953
pendigits,0.11,100,0.11,0.11,0.0,0.026588916778564453
pendigits,0.11,100,0.11,0.1,0.01,0.03773331642150879
pendigits,0.11,100,0.11,0.11,0.0,0.035756826400756836
pendigits,0.16,100,0.16,0.16,0.0,0.023784399032592773
pendigits,0.16,100,0.16,0.16,0.0,0.039443016052246094
pendigits,0.16,100,0.16,0.16,0.0,0.028614044189453125
pendigits,0.16,100,0.16,0.17,0.01,0.03506660461425781
pendigits,0.16,100,0.16,0.16,0.0,0.027507543563842773
pendigits,0.16,100,0.16,0.17,0.01,0.01257777214050293
pendigits,0.16,100,0.16,0.15,0.01,0.01517796516418457
pendigits,0.16,100,0.16,0.15,0.01,0.015714168548583984
pendigits,0.16,100,0.16,0.15,0.01,0.03275728225708008
pendigits,0.16,100,0.16,0.17,0.01,0.03125905990600586
pendigits,0.21,100,0.21,0.2,0.01,0.01561880111694336
pendigits,0.21,100,0.21,0.21,0.0,0.015689373016357422
pendigits,0.21,100,0.21,0.21,0.0,0.015619516372680664
pendigits,0.21,100,0.21,0.2,0.01,0.030281543731689453
pendigits,0.21,100,0.21,0.2,0.01,0.031248092651367188
pendigits,0.21,100,0.21,0.2,0.01,0.01615619659423828
pendigits,0.21,100,0.21,0.21,0.0,0.03125762939453125
pendigits,0.21,100,0.21,0.21,0.0,0.024855375289916992
pendigits,0.21,100,0.21,0.2,0.01,0.026299476623535156
pendigits,0.21,100,0.21,0.2,0.01,0.034726858139038086
pendigits,0.26,100,0.26,0.26,0.0,0.02081918716430664
pendigits,0.26,100,0.26,0.26,0.0,0.03081989288330078
pendigits,0.26,100,0.26,0.26,0.0,0.02036309242248535
pendigits,0.26,100,0.26,0.26,0.0,0.025626420974731445
pendigits,0.26,100,0.26,0.25,0.01,0.02520608901977539
pendigits,0.26,100,0.26,0.26,0.0,0.01500844955444336
pendigits,0.26,100,0.26,0.24,0.02,0.01500844955444336
pendigits,0.26,100,0.26,0.26,0.0,0.015703916549682617
pendigits,0.26,100,0.26,0.26,0.0,0.03078150749206543
pendigits,0.26,100,0.26,0.25,0.01,0.027435779571533203
pendigits,0.32,100,0.32,0.31,0.01,0.02630162239074707
pendigits,0.32,100,0.32,0.3,0.02,0.011297225952148438
pendigits,0.32,100,0.32,0.32,0.0,0.015152692794799805
pendigits,0.32,100,0.32,0.31,0.01,0.027538061141967773
pendigits,0.32,100,0.32,0.3,0.02,0.024472475051879883
pendigits,0.32,100,0.32,0.31,0.01,0.02417778968811035
pendigits,0.32,100,0.32,0.31,0.01,0.02357959747314453
pendigits,0.32,100,0.32,0.31,0.01,0.028477191925048828
pendigits,0.32,100,0.32,0.29,0.03,0.015081644058227539
pendigits,0.32,100,0.32,0.33,0.01,0.03125190734863281
pendigits,0.37,100,0.37,0.36,0.01,0.03125786781311035
pendigits,0.37,100,0.37,0.36,0.01,0.015625953674316406
pendigits,0.37,100,0.37,0.37,0.0,0.021140098571777344
pendigits,0.37,100,0.37,0.37,0.0,0.02579975128173828
pendigits,0.37,100,0.37,0.36,0.01,0.03022289276123047
pendigits,0.37,100,0.37,0.36,0.01,0.024709463119506836
pendigits,0.37,100,0.37,0.36,0.01,0.034157514572143555
pendigits,0.37,100,0.37,0.36,0.01,0.029641151428222656
pendigits,0.37,100,0.37,0.35,0.02,0.030373811721801758
pendigits,0.37,100,0.37,0.37,0.0,0.029896020889282227
pendigits,0.42,100,0.42,0.41,0.01,0.02483081817626953
pendigits,0.42,100,0.42,0.42,0.0,0.014436483383178711
pendigits,0.42,100,0.42,0.4,0.02,0.02535724639892578
pendigits,0.42,100,0.42,0.42,0.0,0.020204544067382812
pendigits,0.42,100,0.42,0.41,0.01,0.03133559226989746
pendigits,0.42,100,0.42,0.42,0.0,0.015634536743164062
pendigits,0.42,100,0.42,0.41,0.01,0.0161745548248291
pendigits,0.42,100,0.42,0.42,0.0,0.015625
pendigits,0.42,100,0.42,0.43,0.01,0.024097681045532227
pendigits,0.42,100,0.42,0.41,0.01,0.015622138977050781
pendigits,0.47,100,0.47,0.46,0.01,0.015709400177001953
pendigits,0.47,100,0.47,0.47,0.0,0.015578746795654297
pendigits,0.47,100,0.47,0.45,0.02,0.015711545944213867
pendigits,0.47,100,0.47,0.47,0.0,0.024801254272460938
pendigits,0.47,100,0.47,0.43,0.04,0.015711545944213867
pendigits,0.47,100,0.47,0.47,0.0,0.015710115432739258
pendigits,0.47,100,0.47,0.45,0.02,0.016167640686035156
pendigits,0.47,100,0.47,0.47,0.0,0.031345367431640625
pendigits,0.47,100,0.47,0.45,0.02,0.015714645385742188
pendigits,0.47,100,0.47,0.48,0.01,0.015724658966064453
pendigits,0.53,100,0.53,0.53,0.0,0.0242159366607666
pendigits,0.53,100,0.53,0.53,0.0,0.01569819450378418
pendigits,0.53,100,0.53,0.53,0.0,0.015622854232788086
pendigits,0.53,100,0.53,0.53,0.0,0.03180098533630371
pendigits,0.53,100,0.53,0.53,0.0,0.03133249282836914
pendigits,0.53,100,0.53,0.51,0.02,0.015625715255737305
pendigits,0.53,100,0.53,0.53,0.0,0.009087562561035156
pendigits,0.53,100,0.53,0.52,0.01,0.015629291534423828
pendigits,0.53,100,0.53,0.53,0.0,0.03385329246520996
pendigits,0.53,100,0.53,0.53,0.0,0.03356218338012695
pendigits,0.58,100,0.58,0.58,0.0,0.02979898452758789
pendigits,0.58,100,0.58,0.57,0.01,0.01801276206970215
pendigits,0.58,100,0.58,0.58,0.0,0.036917924880981445
pendigits,0.58,100,0.58,0.58,0.0,0.015638113021850586
pendigits,0.58,100,0.58,0.56,0.02,0.03132891654968262
pendigits,0.58,100,0.58,0.58,0.0,0.031250953674316406
pendigits,0.58,100,0.58,0.59,0.01,0.031785011291503906
pendigits,0.58,100,0.58,0.57,0.01,0.031256914138793945
pendigits,0.58,100,0.58,0.57,0.01,0.031247854232788086
pendigits,0.58,100,0.58,0.57,0.01,0.031327247619628906
pendigits,0.63,100,0.63,0.62,0.01,0.032021522521972656
pendigits,0.63,100,0.63,0.63,0.0,0.016014575958251953
pendigits,0.63,100,0.63,0.61,0.02,0.03513646125793457
pendigits,0.63,100,0.63,0.62,0.01,0.02734661102294922
pendigits,0.63,100,0.63,0.62,0.01,0.03419637680053711
pendigits,0.63,100,0.63,0.61,0.02,0.015172243118286133
pendigits,0.63,100,0.63,0.63,0.0,0.015084505081176758
pendigits,0.63,100,0.63,0.62,0.01,0.02486872673034668
pendigits,0.63,100,0.63,0.63,0.0,0.021971702575683594
pendigits,0.63,100,0.63,0.64,0.01,0.015973806381225586
pendigits,0.68,100,0.68,0.67,0.01,0.0185396671295166
pendigits,0.68,100,0.68,0.68,0.0,0.012569904327392578
pendigits,0.68,100,0.68,0.68,0.0,0.03028130531311035
pendigits,0.68,100,0.68,0.68,0.0,0.012288093566894531
pendigits,0.68,100,0.68,0.67,0.01,0.01376795768737793
pendigits,0.68,100,0.68,0.69,0.01,0.02438807487487793
pendigits,0.68,100,0.68,0.67,0.01,0.02374100685119629
pendigits,0.68,100,0.68,0.67,0.01,0.015627145767211914
pendigits,0.68,100,0.68,0.67,0.01,0.03736400604248047
pendigits,0.68,100,0.68,0.68,0.0,0.024827957153320312
pendigits,0.74,100,0.74,0.75,0.01,0.03436613082885742
pendigits,0.74,100,0.74,0.73,0.01,0.03039717674255371
pendigits,0.74,100,0.74,0.74,0.0,0.030845165252685547
pendigits,0.74,100,0.74,0.74,0.0,0.011196613311767578
pendigits,0.74,100,0.74,0.73,0.01,0.02101588249206543
pendigits,0.74,100,0.74,0.74,0.0,0.01514887809753418
pendigits,0.74,100,0.74,0.73,0.01,0.03133797645568848
pendigits,0.74,100,0.74,0.72,0.02,0.027292490005493164
pendigits,0.74,100,0.74,0.74,0.0,0.01570582389831543
pendigits,0.74,100,0.74,0.74,0.0,0.015707015991210938
pendigits,0.79,100,0.79,0.79,0.0,0.031176328659057617
pendigits,0.79,100,0.79,0.79,0.0,0.0157167911529541
pendigits,0.79,100,0.79,0.78,0.01,0.030788660049438477
pendigits,0.79,100,0.79,0.79,0.0,0.02279186248779297
pendigits,0.79,100,0.79,0.79,0.0,0.024961233139038086
pendigits,0.79,100,0.79,0.78,0.01,0.02906346321105957
pendigits,0.79,100,0.79,0.8,0.01,0.010674476623535156
pendigits,0.79,100,0.79,0.78,0.01,0.015076875686645508
pendigits,0.79,100,0.79,0.78,0.01,0.015716552734375
pendigits,0.79,100,0.79,0.79,0.0,0.015627622604370117
pendigits,0.84,100,0.84,0.83,0.01,0.010812044143676758
pendigits,0.84,100,0.84,0.83,0.01,0.015625715255737305
pendigits,0.84,100,0.84,0.84,0.0,0.015630006790161133
pendigits,0.84,100,0.84,0.84,0.0,0.015711069107055664
pendigits,0.84,100,0.84,0.84,0.0,0.015604257583618164
pendigits,0.84,100,0.84,0.83,0.01,0.031830549240112305
pendigits,0.84,100,0.84,0.82,0.02,0.015628576278686523
pendigits,0.84,100,0.84,0.84,0.0,0.02928781509399414
pendigits,0.84,100,0.84,0.83,0.01,0.015614986419677734
pendigits,0.84,100,0.84,0.83,0.01,0.018909931182861328
pendigits,0.89,100,0.89,0.89,0.0,0.034034013748168945
pendigits,0.89,100,0.89,0.89,0.0,0.023651123046875
pendigits,0.89,100,0.89,0.88,0.01,0.025859594345092773
pendigits,0.89,100,0.89,0.89,0.0,0.021070241928100586
pendigits,0.89,100,0.89,0.88,0.01,0.015169858932495117
pendigits,0.89,100,0.89,0.89,0.0,0.01570582389831543
pendigits,0.89,100,0.89,0.88,0.01,0.032301902770996094
pendigits,0.89,100,0.89,0.89,0.0,0.015630006790161133
pendigits,0.89,100,0.89,0.88,0.01,0.03079509735107422
pendigits,0.89,100,0.89,0.89,0.0,0.01617431640625
pendigits,0.95,100,0.95,0.95,0.0,0.015617609024047852
pendigits,0.95,100,0.95,0.95,0.0,0.032419681549072266
pendigits,0.95,100,0.95,0.96,0.01,0.031339406967163086
pendigits,0.95,100,0.95,0.94,0.01,0.03323817253112793
pendigits,0.95,100,0.95,0.96,0.01,0.031221628189086914
pendigits,0.95,100,0.95,0.95,0.0,0.031240463256835938
pendigits,0.95,100,0.95,0.95,0.0,0.03179621696472168
pendigits,0.95,100,0.95,0.95,0.0,0.03133368492126465
pendigits,0.95,100,0.95,0.94,0.01,0.03133368492126465
pendigits,0.95,100,0.95,0.95,0.0,0.016177892684936523
pendigits,1.0,100,1.0,1.0,0.0,0.015628814697265625
pendigits,1.0,100,1.0,1.0,0.0,0.015622377395629883
pendigits,1.0,100,1.0,1.0,0.0,0.012083292007446289
pendigits,1.0,100,1.0,1.0,0.0,0.015618562698364258
pendigits,1.0,100,1.0,1.0,0.0,0.0172119140625
pendigits,1.0,100,1.0,1.0,0.0,0.015626907348632812
pendigits,1.0,100,1.0,1.0,0.0,0.011426925659179688
pendigits,1.0,100,1.0,1.0,0.0,0.015720844268798828
pendigits,1.0,100,1.0,1.0,0.0,0.01562809944152832
pendigits,1.0,100,1.0,1.0,0.0,0.031307220458984375
phpGUrE90,0.0,100,0.0,0.0,0.0,0.015640974044799805
phpGUrE90,0.0,100,0.0,0.0,0.0,0.015624523162841797
phpGUrE90,0.0,100,0.0,0.0,0.0,0.025214195251464844
phpGUrE90,0.0,100,0.0,0.0,0.0,0.03462529182434082
phpGUrE90,0.0,100,0.0,0.0,0.0,0.021978139877319336
phpGUrE90,0.0,100,0.0,0.0,0.0,0.015130996704101562
phpGUrE90,0.0,100,0.0,0.0,0.0,0.01747870445251465
phpGUrE90,0.0,100,0.0,0.0,0.0,0.015641212463378906
phpGUrE90,0.0,100,0.0,0.0,0.0,0.0313265323638916
phpGUrE90,0.0,100,0.0,0.0,0.0,0.02477431297302246
phpGUrE90,0.05,100,0.05,0.06,0.01,0.0156557559967041
phpGUrE90,0.05,100,0.05,0.1,0.05,0.03173685073852539
phpGUrE90,0.05,100,0.05,0.06,0.01,0.021982669830322266
phpGUrE90,0.05,100,0.05,0.08,0.03,0.015628337860107422
phpGUrE90,0.05,100,0.05,0.07,0.02,0.015624284744262695
phpGUrE90,0.05,100,0.05,0.01,0.04,0.01117849349975586
phpGUrE90,0.05,100,0.05,0.03,0.02,0.03133249282836914
phpGUrE90,0.05,100,0.05,0.04,0.01,0.012589216232299805
phpGUrE90,0.05,100,0.05,0.03,0.02,0.031258583068847656
phpGUrE90,0.05,100,0.05,0.04,0.01,0.03076791763305664
phpGUrE90,0.11,100,0.11,0.12,0.01,0.01570272445678711
phpGUrE90,0.11,100,0.11,0.11,0.0,0.015627384185791016
phpGUrE90,0.11,100,0.11,0.15,0.04,0.015631675720214844
phpGUrE90,0.11,100,0.11,0.1,0.01,0.029266357421875
phpGUrE90,0.11,100,0.11,0.07,0.04,0.01859593391418457
phpGUrE90,0.11,100,0.11,0.16,0.05,0.016176223754882812
phpGUrE90,0.11,100,0.11,0.12,0.01,0.021600008010864258
phpGUrE90,0.11,100,0.11,0.15,0.04,0.01688861846923828
phpGUrE90,0.11,100,0.11,0.13,0.02,0.01939535140991211
phpGUrE90,0.11,100,0.11,0.07,0.04,0.015633583068847656
phpGUrE90,0.16,100,0.16,0.16,0.0,0.015646934509277344
phpGUrE90,0.16,100,0.16,0.1,0.06,0.018587112426757812
phpGUrE90,0.16,100,0.16,0.16,0.0,0.028290748596191406
phpGUrE90,0.16,100,0.16,0.2,0.04,0.03178095817565918
phpGUrE90,0.16,100,0.16,0.21,0.05,0.03126096725463867
phpGUrE90,0.16,100,0.16,0.15,0.01,0.015376806259155273
phpGUrE90,0.16,100,0.16,0.19,0.03,0.029728174209594727
phpGUrE90,0.16,100,0.16,0.19,0.03,0.0312657356262207
phpGUrE90,0.16,100,0.16,0.18,0.02,0.015618085861206055
phpGUrE90,0.16,100,0.16,0.2,0.04,0.02257847785949707
phpGUrE90,0.21,100,0.21,0.22,0.01,0.027752399444580078
phpGUrE90,0.21,100,0.21,0.28,0.07,0.02330493927001953
phpGUrE90,0.21,100,0.21,0.22,0.01,0.018216609954833984
phpGUrE90,0.21,100,0.21,0.22,0.01,0.027661561965942383
phpGUrE90,0.21,100,0.21,0.2,0.01,0.02704930305480957
phpGUrE90,0.21,100,0.21,0.21,0.0,0.015635013580322266
phpGUrE90,0.21,100,0.21,0.22,0.01,0.015618562698364258
phpGUrE90,0.21,100,0.21,0.24,0.03,0.02314591407775879
phpGUrE90,0.21,100,0.21,0.27,0.06,0.031337738037109375
phpGUrE90,0.21,100,0.21,0.22,0.01,0.015705108642578125
phpGUrE90,0.26,100,0.26,0.3,0.04,0.016162872314453125
phpGUrE90,0.26,100,0.26,0.31,0.05,0.012157440185546875
phpGUrE90,0.26,100,0.26,0.28,0.02,0.023494720458984375
phpGUrE90,0.26,100,0.26,0.32,0.06,0.015626907348632812
phpGUrE90,0.26,100,0.26,0.23,0.03,0.03078603744506836
phpGUrE90,0.26,100,0.26,0.28,0.02,0.026036739349365234
phpGUrE90,0.26,100,0.26,0.28,0.02,0.015591144561767578
phpGUrE90,0.26,100,0.26,0.28,0.02,0.02113175392150879
phpGUrE90,0.26,100,0.26,0.31,0.05,0.033884286880493164
phpGUrE90,0.26,100,0.26,0.33,0.07,0.024596691131591797
phpGUrE90,0.32,100,0.32,0.42,0.1,0.03207659721374512
phpGUrE90,0.32,100,0.32,0.36,0.04,0.01562976837158203
phpGUrE90,0.32,100,0.32,0.34,0.02,0.030791282653808594
phpGUrE90,0.32,100,0.32,0.35,0.03,0.026162385940551758
phpGUrE90,0.32,100,0.32,0.41,0.09,0.015588998794555664
phpGUrE90,0.32,100,0.32,0.31,0.01,0.016163110733032227
phpGUrE90,0.32,100,0.32,0.3,0.02,0.027667760848999023
phpGUrE90,0.32,100,0.32,0.36,0.04,0.028957366943359375
phpGUrE90,0.32,100,0.32,0.38,0.06,0.03502297401428223
phpGUrE90,0.32,100,0.32,0.39,0.07,0.01570749282836914
phpGUrE90,0.37,100,0.37,0.38,0.01,0.027465343475341797
phpGUrE90,0.37,100,0.37,0.37,0.0,0.02316117286682129
phpGUrE90,0.37,100,0.37,0.4,0.03,0.01779794692993164
phpGUrE90,0.37,100,0.37,0.4,0.03,0.031883955001831055
phpGUrE90,0.37,100,0.37,0.39,0.02,0.01047515869140625
phpGUrE90,0.37,100,0.37,0.41,0.04,0.031241655349731445
phpGUrE90,0.37,100,0.37,0.4,0.03,0.03778409957885742
phpGUrE90,0.37,100,0.37,0.41,0.04,0.01563405990600586
phpGUrE90,0.37,100,0.37,0.41,0.04,0.01551055908203125
phpGUrE90,0.37,100,0.37,0.39,0.02,0.026265621185302734
phpGUrE90,0.42,100,0.42,0.52,0.1,0.015633344650268555
phpGUrE90,0.42,100,0.42,0.42,0.0,0.01618170738220215
phpGUrE90,0.42,100,0.42,0.44,0.02,0.018603086471557617
phpGUrE90,0.42,100,0.42,0.46,0.04,0.03125143051147461
phpGUrE90,0.42,100,0.42,0.43,0.01,0.023760080337524414
phpGUrE90,0.42,100,0.42,0.45,0.03,0.015937089920043945
phpGUrE90,0.42,100,0.42,0.46,0.04,0.025406599044799805
phpGUrE90,0.42,100,0.42,0.48,0.06,0.015716075897216797
phpGUrE90,0.42,100,0.42,0.49,0.07,0.02730560302734375
phpGUrE90,0.42,100,0.42,0.44,0.02,0.018052339553833008
phpGUrE90,0.47,100,0.47,0.53,0.06,0.025241851806640625
phpGUrE90,0.47,100,0.47,0.5,0.03,0.018980741500854492
phpGUrE90,0.47,100,0.47,0.45,0.02,0.025441646575927734
phpGUrE90,0.47,100,0.47,0.48,0.01,0.030792236328125
phpGUrE90,0.47,100,0.47,0.49,0.02,0.035404205322265625
phpGUrE90,0.47,100,0.47,0.54,0.07,0.01571941375732422
phpGUrE90,0.47,100,0.47,0.45,0.02,0.016172409057617188
phpGUrE90,0.47,100,0.47,0.56,0.09,0.01966238021850586
phpGUrE90,0.47,100,0.47,0.58,0.11,0.027280807495117188
phpGUrE90,0.47,100,0.47,0.48,0.01,0.015622615814208984
phpGUrE90,0.53,100,0.53,0.57,0.04,0.025874853134155273
phpGUrE90,0.53,100,0.53,0.56,0.03,0.015082359313964844
phpGUrE90,0.53,100,0.53,0.58,0.05,0.024492740631103516
phpGUrE90,0.53,100,0.53,0.57,0.04,0.022794485092163086
phpGUrE90,0.53,100,0.53,0.57,0.04,0.03189849853515625
phpGUrE90,0.53,100,0.53,0.57,0.04,0.022072792053222656
phpGUrE90,0.53,100,0.53,0.56,0.03,0.03610539436340332
phpGUrE90,0.53,100,0.53,0.58,0.05,0.015629291534423828
phpGUrE90,0.53,100,0.53,0.58,0.05,0.023335695266723633
phpGUrE90,0.53,100,0.53,0.62,0.09,0.015078067779541016
phpGUrE90,0.58,100,0.58,0.65,0.07,0.030303478240966797
phpGUrE90,0.58,100,0.58,0.61,0.03,0.022802114486694336
phpGUrE90,0.58,100,0.58,0.59,0.01,0.031890869140625
phpGUrE90,0.58,100,0.58,0.66,0.08,0.026170730590820312
phpGUrE90,0.58,100,0.58,0.62,0.04,0.027873754501342773
phpGUrE90,0.58,100,0.58,0.62,0.04,0.031247377395629883
phpGUrE90,0.58,100,0.58,0.66,0.08,0.0268402099609375
phpGUrE90,0.58,100,0.58,0.6,0.02,0.015082120895385742
phpGUrE90,0.58,100,0.58,0.63,0.05,0.02480769157409668
phpGUrE90,0.58,100,0.58,0.63,0.05,0.015712738037109375
phpGUrE90,0.63,100,0.63,0.69,0.06,0.019214391708374023
phpGUrE90,0.63,100,0.63,0.63,0.0,0.015085220336914062
phpGUrE90,0.63,100,0.63,0.68,0.05,0.020592212677001953
phpGUrE90,0.63,100,0.63,0.68,0.05,0.01564168930053711
phpGUrE90,0.63,100,0.63,0.68,0.05,0.01570892333984375
phpGUrE90,0.63,100,0.63,0.72,0.09,0.007459402084350586
phpGUrE90,0.63,100,0.63,0.69,0.06,0.01621532440185547
phpGUrE90,0.63,100,0.63,0.68,0.05,0.01570296287536621
phpGUrE90,0.63,100,0.63,0.7,0.07,0.03080010414123535
phpGUrE90,0.63,100,0.63,0.66,0.03,0.030930519104003906
phpGUrE90,0.68,100,0.68,0.72,0.04,0.01563262939453125
phpGUrE90,0.68,100,0.68,0.71,0.03,0.015722274780273438
phpGUrE90,0.68,100,0.68,0.78,0.1,0.018978595733642578
phpGUrE90,0.68,100,0.68,0.75,0.07,0.028703927993774414
phpGUrE90,0.68,100,0.68,0.71,0.03,0.03125119209289551
phpGUrE90,0.68,100,0.68,0.79,0.11,0.016906023025512695
phpGUrE90,0.68,100,0.68,0.7,0.02,0.030997276306152344
phpGUrE90,0.68,100,0.68,0.75,0.07,0.03132891654968262
phpGUrE90,0.68,100,0.68,0.69,0.01,0.023783206939697266
phpGUrE90,0.68,100,0.68,0.71,0.03,0.015759706497192383
phpGUrE90,0.74,100,0.74,0.76,0.02,0.025403738021850586
phpGUrE90,0.74,100,0.74,0.77,0.03,0.01562643051147461
phpGUrE90,0.74,100,0.74,0.73,0.01,0.015707969665527344
phpGUrE90,0.74,100,0.74,0.81,0.07,0.0242156982421875
phpGUrE90,0.74,100,0.74,0.8,0.06,0.015712261199951172
phpGUrE90,0.74,100,0.74,0.81,0.07,0.021672964096069336
phpGUrE90,0.74,100,0.74,0.74,0.0,0.03494405746459961
phpGUrE90,0.74,100,0.74,0.81,0.07,0.03085803985595703
phpGUrE90,0.74,100,0.74,0.76,0.02,0.030794143676757812
phpGUrE90,0.74,100,0.74,0.77,0.03,0.01562952995300293
phpGUrE90,0.79,100,0.79,0.87,0.08,0.01796269416809082
phpGUrE90,0.79,100,0.79,0.84,0.05,0.01939535140991211
phpGUrE90,0.79,100,0.79,0.81,0.02,0.017211437225341797
phpGUrE90,0.79,100,0.79,0.88,0.09,0.015619516372680664
phpGUrE90,0.79,100,0.79,0.81,0.02,0.010193109512329102
phpGUrE90,0.79,100,0.79,0.79,0.0,0.015610933303833008
phpGUrE90,0.79,100,0.79,0.84,0.05,0.015621423721313477
phpGUrE90,0.79,100,0.79,0.81,0.02,0.030291318893432617
phpGUrE90,0.79,100,0.79,0.82,0.03,0.030824899673461914
phpGUrE90,0.79,100,0.79,0.83,0.04,0.02871251106262207
phpGUrE90,0.84,100,0.84,0.85,0.01,0.031328678131103516
phpGUrE90,0.84,100,0.84,0.88,0.04,0.026419639587402344
phpGUrE90,0.84,100,0.84,0.84,0.0,0.02819347381591797
phpGUrE90,0.84,100,0.84,0.87,0.03,0.015717267990112305
phpGUrE90,0.84,100,0.84,0.88,0.04,0.03132915496826172
phpGUrE90,0.84,100,0.84,0.89,0.05,0.015171051025390625
phpGUrE90,0.84,100,0.84,0.9,0.06,0.024852752685546875
phpGUrE90,0.84,100,0.84,0.89,0.05,0.02663445472717285
phpGUrE90,0.84,100,0.84,0.89,0.05,0.031248807907104492
phpGUrE90,0.84,100,0.84,0.87,0.03,0.030638456344604492
phpGUrE90,0.89,100,0.89,0.92,0.03,0.01004338264465332
phpGUrE90,0.89,100,0.89,0.95,0.06,0.015619277954101562
phpGUrE90,0.89,100,0.89,0.93,0.04,0.031169652938842773
phpGUrE90,0.89,100,0.89,0.94,0.05,0.031252384185791016
phpGUrE90,0.89,100,0.89,0.89,0.0,0.029321670532226562
phpGUrE90,0.89,100,0.89,0.9,0.01,0.016013622283935547
phpGUrE90,0.89,100,0.89,0.93,0.04,0.02113032341003418
phpGUrE90,0.89,100,0.89,0.97,0.08,0.015628814697265625
phpGUrE90,0.89,100,0.89,0.92,0.03,0.026902437210083008
phpGUrE90,0.89,100,0.89,0.94,0.05,0.015008211135864258
phpGUrE90,0.95,100,0.95,0.97,0.02,0.031249284744262695
phpGUrE90,0.95,100,0.95,0.97,0.02,0.015716552734375
phpGUrE90,0.95,100,0.95,0.97,0.02,0.009200334548950195
phpGUrE90,0.95,100,0.95,0.98,0.03,0.014581680297851562
phpGUrE90,0.95,100,0.95,1.0,0.05,0.01617574691772461
phpGUrE90,0.95,100,0.95,0.97,0.02,0.03129267692565918
phpGUrE90,0.95,100,0.95,0.98,0.03,0.01596999168395996
phpGUrE90,0.95,100,0.95,0.96,0.01,0.03403282165527344
phpGUrE90,0.95,100,0.95,0.96,0.01,0.015618324279785156
phpGUrE90,0.95,100,0.95,0.96,0.01,0.015627384185791016
phpGUrE90,1.0,100,1.0,1.0,0.0,0.027420759201049805
phpGUrE90,1.0,100,1.0,1.0,0.0,0.03497958183288574
phpGUrE90,1.0,100,1.0,1.0,0.0,0.02413177490234375
phpGUrE90,1.0,100,1.0,1.0,0.0,0.03298449516296387
phpGUrE90,1.0,100,1.0,1.0,0.0,0.01997518539428711
phpGUrE90,1.0,100,1.0,1.0,0.0,0.0339813232421875
phpGUrE90,1.0,100,1.0,1.0,0.0,0.014712333679199219
phpGUrE90,1.0,100,1.0,1.0,0.0,0.015633106231689453
phpGUrE90,1.0,100,1.0,1.0,0.0,0.015915632247924805
phpGUrE90,1.0,100,1.0,1.0,0.0,0.02338886260986328
phphQEck0,0.0,100,0.0,0.0,0.0,0.04636549949645996
phphQEck0,0.0,100,0.0,0.0,0.0,0.02967214584350586
phphQEck0,0.0,100,0.0,0.0,0.0,0.04267072677612305
phphQEck0,0.0,100,0.0,0.0,0.0,0.04370474815368652
phphQEck0,0.0,100,0.0,0.0,0.0,0.031221866607666016
phphQEck0,0.0,100,0.0,0.0,0.0,0.046981096267700195
phphQEck0,0.0,100,0.0,0.0,0.0,0.03546404838562012
phphQEck0,0.0,100,0.0,0.0,0.0,0.04237532615661621
phphQEck0,0.0,100,0.0,0.0,0.0,0.03218960762023926
phphQEck0,0.0,100,0.0,0.0,0.0,0.04406428337097168
phphQEck0,0.05,100,0.05,0.05,0.0,0.03116154670715332
phphQEck0,0.05,100,0.05,0.04,0.01,0.03531765937805176
phphQEck0,0.05,100,0.05,0.04,0.01,0.046872854232788086
phphQEck0,0.05,100,0.05,0.06,0.01,0.042388916015625
phphQEck0,0.05,100,0.05,0.06,0.01,0.034369707107543945
phphQEck0,0.05,100,0.05,0.03,0.02,0.030858755111694336
phphQEck0,0.05,100,0.05,0.05,0.0,0.0504913330078125
phphQEck0,0.05,100,0.05,0.06,0.01,0.046991825103759766
phphQEck0,0.05,100,0.05,0.05,0.0,0.03131890296936035
phphQEck0,0.05,100,0.05,0.06,0.01,0.04998302459716797
phphQEck0,0.11,100,0.11,0.11,0.0,0.04241514205932617
phphQEck0,0.11,100,0.11,0.11,0.0,0.04953336715698242
phphQEck0,0.11,100,0.11,0.08,0.03,0.04751992225646973
phphQEck0,0.11,100,0.11,0.1,0.01,0.054143428802490234
phphQEck0,0.11,100,0.11,0.12,0.01,0.04042625427246094
phphQEck0,0.11,100,0.11,0.12,0.01,0.04651308059692383
phphQEck0,0.11,100,0.11,0.11,0.0,0.04065871238708496
phphQEck0,0.11,100,0.11,0.11,0.0,0.04687643051147461
phphQEck0,0.11,100,0.11,0.11,0.0,0.05883646011352539
phphQEck0,0.11,100,0.11,0.12,0.01,0.04656648635864258
phphQEck0,0.16,100,0.16,0.18,0.02,0.04673171043395996
phphQEck0,0.16,100,0.16,0.15,0.01,0.029967546463012695
phphQEck0,0.16,100,0.16,0.17,0.01,0.046877145767211914
phphQEck0,0.16,100,0.16,0.17,0.01,0.04325294494628906
phphQEck0,0.16,100,0.16,0.14,0.02,0.05196118354797363
phphQEck0,0.16,100,0.16,0.16,0.0,0.04094195365905762
phphQEck0,0.16,100,0.16,0.16,0.0,0.05090498924255371
phphQEck0,0.16,100,0.16,0.15,0.01,0.031343936920166016
phphQEck0,0.16,100,0.16,0.15,0.01,0.04385232925415039
phphQEck0,0.16,100,0.16,0.16,0.0,0.045282840728759766
phphQEck0,0.21,100,0.21,0.21,0.0,0.0471959114074707
phphQEck0,0.21,100,0.21,0.19,0.02,0.05215144157409668
phphQEck0,0.21,100,0.21,0.21,0.0,0.03073906898498535
phphQEck0,0.21,100,0.21,0.22,0.01,0.04603838920593262
phphQEck0,0.21,100,0.21,0.23,0.02,0.040090084075927734
phphQEck0,0.21,100,0.21,0.22,0.01,0.05707359313964844
phphQEck0,0.21,100,0.21,0.23,0.02,0.04599905014038086
phphQEck0,0.21,100,0.21,0.2,0.01,0.05281829833984375
phphQEck0,0.21,100,0.21,0.21,0.0,0.030745983123779297
phphQEck0,0.21,100,0.21,0.23,0.02,0.035352468490600586
phphQEck0,0.26,100,0.26,0.28,0.02,0.05627608299255371
phphQEck0,0.26,100,0.26,0.27,0.01,0.04697394371032715
phphQEck0,0.26,100,0.26,0.27,0.01,0.04177522659301758
phphQEck0,0.26,100,0.26,0.25,0.01,0.04688525199890137
phphQEck0,0.26,100,0.26,0.25,0.01,0.03188920021057129
phphQEck0,0.26,100,0.26,0.27,0.01,0.04696249961853027
phphQEck0,0.26,100,0.26,0.26,0.0,0.045839786529541016
phphQEck0,0.26,100,0.26,0.25,0.01,0.04679274559020996
phphQEck0,0.26,100,0.26,0.23,0.03,0.0468747615814209
phphQEck0,0.26,100,0.26,0.25,0.01,0.04545426368713379
phphQEck0,0.32,100,0.32,0.33,0.01,0.04642462730407715
phphQEck0,0.32,100,0.32,0.32,0.0,0.03125476837158203
phphQEck0,0.32,100,0.32,0.32,0.0,0.04239249229431152
phphQEck0,0.32,100,0.32,0.34,0.02,0.04295539855957031
phphQEck0,0.32,100,0.32,0.32,0.0,0.031806230545043945
phphQEck0,0.32,100,0.32,0.3,0.02,0.03075551986694336
phphQEck0,0.32,100,0.32,0.32,0.0,0.04360389709472656
phphQEck0,0.32,100,0.32,0.34,0.02,0.057440757751464844
phphQEck0,0.32,100,0.32,0.3,0.02,0.04052996635437012
phphQEck0,0.32,100,0.32,0.32,0.0,0.05042290687561035
phphQEck0,0.37,100,0.37,0.38,0.01,0.03429889678955078
phphQEck0,0.37,100,0.37,0.39,0.02,0.031225919723510742
phphQEck0,0.37,100,0.37,0.32,0.05,0.048543453216552734
phphQEck0,0.37,100,0.37,0.38,0.01,0.031052827835083008
phphQEck0,0.37,100,0.37,0.37,0.0,0.03538084030151367
phphQEck0,0.37,100,0.37,0.39,0.02,0.03258681297302246
phphQEck0,0.37,100,0.37,0.4,0.03,0.03567051887512207
phphQEck0,0.37,100,0.37,0.38,0.01,0.03683900833129883
phphQEck0,0.37,100,0.37,0.38,0.01,0.03125166893005371
phphQEck0,0.37,100,0.37,0.38,0.01,0.04830741882324219
phphQEck0,0.42,100,0.42,0.44,0.02,0.04093003273010254
phphQEck0,0.42,100,0.42,0.41,0.01,0.04634356498718262
phphQEck0,0.42,100,0.42,0.41,0.01,0.04728341102600098
phphQEck0,0.42,100,0.42,0.41,0.01,0.042792320251464844
phphQEck0,0.42,100,0.42,0.44,0.02,0.046591758728027344
phphQEck0,0.42,100,0.42,0.44,0.02,0.03426527976989746
phphQEck0,0.42,100,0.42,0.43,0.01,0.03135347366333008
phphQEck0,0.42,100,0.42,0.44,0.02,0.03133583068847656
phphQEck0,0.42,100,0.42,0.42,0.0,0.04897308349609375
phphQEck0,0.42,100,0.42,0.41,0.01,0.04433488845825195
phphQEck0,0.47,100,0.47,0.47,0.0,0.03197431564331055
phphQEck0,0.47,100,0.47,0.5,0.03,0.04241514205932617
phphQEck0,0.47,100,0.47,0.42,0.05,0.03642892837524414
phphQEck0,0.47,100,0.47,0.45,0.02,0.045986175537109375
phphQEck0,0.47,100,0.47,0.46,0.01,0.0469667911529541
phphQEck0,0.47,100,0.47,0.47,0.0,0.05880999565124512
phphQEck0,0.47,100,0.47,0.46,0.01,0.05762314796447754
phphQEck0,0.47,100,0.47,0.47,0.0,0.04304146766662598
phphQEck0,0.47,100,0.47,0.49,0.02,0.04575610160827637
phphQEck0,0.47,100,0.47,0.5,0.03,0.03079533576965332
phphQEck0,0.53,100,0.53,0.52,0.01,0.043080806732177734
phphQEck0,0.53,100,0.53,0.53,0.0,0.04476594924926758
phphQEck0,0.53,100,0.53,0.54,0.01,0.0410768985748291
phphQEck0,0.53,100,0.53,0.52,0.01,0.04123854637145996
phphQEck0,0.53,100,0.53,0.54,0.01,0.045139312744140625
phphQEck0,0.53,100,0.53,0.52,0.01,0.033156394958496094
phphQEck0,0.53,100,0.53,0.45,0.08,0.03187251091003418
phphQEck0,0.53,100,0.53,0.5,0.03,0.03873777389526367
phphQEck0,0.53,100,0.53,0.53,0.0,0.031325578689575195
phphQEck0,0.53,100,0.53,0.55,0.02,0.04644179344177246
phphQEck0,0.58,100,0.58,0.57,0.01,0.04448103904724121
phphQEck0,0.58,100,0.58,0.58,0.0,0.0379636287689209
phphQEck0,0.58,100,0.58,0.57,0.01,0.04168128967285156
phphQEck0,0.58,100,0.58,0.6,0.02,0.04459261894226074
phphQEck0,0.58,100,0.58,0.58,0.0,0.03742551803588867
phphQEck0,0.58,100,0.58,0.56,0.02,0.04751276969909668
phphQEck0,0.58,100,0.58,0.57,0.01,0.04726886749267578
phphQEck0,0.58,100,0.58,0.61,0.03,0.04333806037902832
phphQEck0,0.58,100,0.58,0.62,0.04,0.029803037643432617
phphQEck0,0.58,100,0.58,0.55,0.03,0.05278468132019043
phphQEck0,0.63,100,0.63,0.62,0.01,0.030884265899658203
phphQEck0,0.63,100,0.63,0.63,0.0,0.03125762939453125
phphQEck0,0.63,100,0.63,0.67,0.04,0.03451681137084961
phphQEck0,0.63,100,0.63,0.6,0.03,0.03134441375732422
phphQEck0,0.63,100,0.63,0.64,0.01,0.04258918762207031
phphQEck0,0.63,100,0.63,0.59,0.04,0.04996156692504883
phphQEck0,0.63,100,0.63,0.62,0.01,0.04699540138244629
phphQEck0,0.63,100,0.63,0.65,0.02,0.04688143730163574
phphQEck0,0.63,100,0.63,0.66,0.03,0.03986334800720215
phphQEck0,0.63,100,0.63,0.67,0.04,0.04302334785461426
phphQEck0,0.68,100,0.68,0.7,0.02,0.037422895431518555
phphQEck0,0.68,100,0.68,0.64,0.04,0.03125119209289551
phphQEck0,0.68,100,0.68,0.64,0.04,0.045415401458740234
phphQEck0,0.68,100,0.68,0.66,0.02,0.05492377281188965
phphQEck0,0.68,100,0.68,0.69,0.01,0.046962738037109375
phphQEck0,0.68,100,0.68,0.71,0.03,0.04741263389587402
phphQEck0,0.68,100,0.68,0.67,0.01,0.04696226119995117
phphQEck0,0.68,100,0.68,0.7,0.02,0.04032135009765625
phphQEck0,0.68,100,0.68,0.67,0.01,0.04718327522277832
phphQEck0,0.68,100,0.68,0.66,0.02,0.0464324951171875
phphQEck0,0.74,100,0.74,0.73,0.01,0.04687786102294922
phphQEck0,0.74,100,0.74,0.76,0.02,0.04696536064147949
phphQEck0,0.74,100,0.74,0.74,0.0,0.046973228454589844
phphQEck0,0.74,100,0.74,0.76,0.02,0.04697775840759277
phphQEck0,0.74,100,0.74,0.73,0.01,0.04698324203491211
phphQEck0,0.74,100,0.74,0.74,0.0,0.04132652282714844
phphQEck0,0.74,100,0.74,0.76,0.02,0.04762077331542969
phphQEck0,0.74,100,0.74,0.75,0.01,0.04697012901306152
phphQEck0,0.74,100,0.74,0.72,0.02,0.046967506408691406
phphQEck0,0.74,100,0.74,0.73,0.01,0.05675554275512695
phphQEck0,0.79,100,0.79,0.77,0.02,0.030805110931396484
phphQEck0,0.79,100,0.79,0.82,0.03,0.033309221267700195
phphQEck0,0.79,100,0.79,0.8,0.01,0.043416738510131836
phphQEck0,0.79,100,0.79,0.79,0.0,0.046875715255737305
phphQEck0,0.79,100,0.79,0.81,0.02,0.046555519104003906
phphQEck0,0.79,100,0.79,0.79,0.0,0.031174182891845703
phphQEck0,0.79,100,0.79,0.76,0.03,0.0468747615814209
phphQEck0,0.79,100,0.79,0.78,0.01,0.047524452209472656
phphQEck0,0.79,100,0.79,0.84,0.05,0.04687905311584473
phphQEck0,0.79,100,0.79,0.81,0.02,0.04262661933898926
phphQEck0,0.84,100,0.84,0.85,0.01,0.046488046646118164
phphQEck0,0.84,100,0.84,0.86,0.02,0.030803203582763672
phphQEck0,0.84,100,0.84,0.88,0.04,0.05649518966674805
phphQEck0,0.84,100,0.84,0.84,0.0,0.045858144760131836
phphQEck0,0.84,100,0.84,0.85,0.01,0.05608773231506348
phphQEck0,0.84,100,0.84,0.89,0.05,0.02745223045349121
phphQEck0,0.84,100,0.84,0.84,0.0,0.046967267990112305
phphQEck0,0.84,100,0.84,0.83,0.01,0.04285478591918945
phphQEck0,0.84,100,0.84,0.84,0.0,0.04545450210571289
phphQEck0,0.84,100,0.84,0.83,0.01,0.04298996925354004
phphQEck0,0.89,100,0.89,0.89,0.0,0.046967267990112305
phphQEck0,0.89,100,0.89,0.93,0.04,0.04972505569458008
phphQEck0,0.89,100,0.89,0.88,0.01,0.04752349853515625
phphQEck0,0.89,100,0.89,0.9,0.01,0.03983950614929199
phphQEck0,0.89,100,0.89,0.92,0.03,0.031307220458984375
phphQEck0,0.89,100,0.89,0.87,0.02,0.04978299140930176
phphQEck0,0.89,100,0.89,0.92,0.03,0.03189492225646973
phphQEck0,0.89,100,0.89,0.84,0.05,0.04045367240905762
phphQEck0,0.89,100,0.89,0.88,0.01,0.046961069107055664
phphQEck0,0.89,100,0.89,0.95,0.06,0.04984474182128906
phphQEck0,0.95,100,0.95,0.9,0.05,0.04996442794799805
phphQEck0,0.95,100,0.95,0.9,0.05,0.0469663143157959
phphQEck0,0.95,100,0.95,0.97,0.02,0.04751253128051758
phphQEck0,0.95,100,0.95,0.97,0.02,0.031905412673950195
phphQEck0,0.95,100,0.95,0.97,0.02,0.03709697723388672
phphQEck0,0.95,100,0.95,0.98,0.03,0.046972036361694336
phphQEck0,0.95,100,0.95,0.97,0.02,0.031243562698364258
phphQEck0,0.95,100,0.95,0.93,0.02,0.031336069107055664
phphQEck0,0.95,100,0.95,0.96,0.01,0.04604649543762207
phphQEck0,0.95,100,0.95,0.95,0.0,0.043929338455200195
phphQEck0,1.0,100,1.0,0.99,0.01,0.042559146881103516
phphQEck0,1.0,100,1.0,1.0,0.0,0.04934120178222656
phphQEck0,1.0,100,1.0,1.0,0.0,0.032308101654052734
phphQEck0,1.0,100,1.0,1.0,0.0,0.04687666893005371
phphQEck0,1.0,100,1.0,0.97,0.03,0.04758501052856445
phphQEck0,1.0,100,1.0,1.0,0.0,0.042786359786987305
phphQEck0,1.0,100,1.0,1.0,0.0,0.0389859676361084
phphQEck0,1.0,100,1.0,1.0,0.0,0.04726552963256836
phphQEck0,1.0,100,1.0,1.0,0.0,0.031883955001831055
phphQEck0,1.0,100,1.0,0.99,0.01,0.047403573989868164
phpMD2hR6,0.0,100,0.0,0.01,0.01,0.03135061264038086
phpMD2hR6,0.0,100,0.0,0.01,0.01,0.03099822998046875
phpMD2hR6,0.0,100,0.0,0.01,0.01,0.0319368839263916
phpMD2hR6,0.0,100,0.0,0.01,0.01,0.01692509651184082
phpMD2hR6,0.0,100,0.0,0.01,0.01,0.022977352142333984
phpMD2hR6,0.0,100,0.0,0.01,0.01,0.023996591567993164
phpMD2hR6,0.0,100,0.0,0.0,0.0,0.03138875961303711
phpMD2hR6,0.0,100,0.0,0.01,0.01,0.031349897384643555
phpMD2hR6,0.0,100,0.0,0.01,0.01,0.03136444091796875
phpMD2hR6,0.0,100,0.0,0.01,0.01,0.031282663345336914
phpMD2hR6,0.05,100,0.05,0.05,0.0,0.03609752655029297
phpMD2hR6,0.05,100,0.05,0.06,0.01,0.03193855285644531
phpMD2hR6,0.05,100,0.05,0.03,0.02,0.03638410568237305
phpMD2hR6,0.05,100,0.05,0.07,0.02,0.02774333953857422
phpMD2hR6,0.05,100,0.05,0.06,0.01,0.031234025955200195
phpMD2hR6,0.05,100,0.05,0.05,0.0,0.03135514259338379
phpMD2hR6,0.05,100,0.05,0.05,0.0,0.030846834182739258
phpMD2hR6,0.05,100,0.05,0.07,0.02,0.029972076416015625
phpMD2hR6,0.05,100,0.05,0.04,0.01,0.01968669891357422
phpMD2hR6,0.05,100,0.05,0.06,0.01,0.03426551818847656
phpMD2hR6,0.11,100,0.11,0.09,0.02,0.030663251876831055
phpMD2hR6,0.11,100,0.11,0.1,0.01,0.030843019485473633
phpMD2hR6,0.11,100,0.11,0.11,0.0,0.031250715255737305
phpMD2hR6,0.11,100,0.11,0.08,0.03,0.03433632850646973
phpMD2hR6,0.11,100,0.11,0.08,0.03,0.026773691177368164
phpMD2hR6,0.11,100,0.11,0.1,0.01,0.04181957244873047
phpMD2hR6,0.11,100,0.11,0.07,0.04,0.03135228157043457
phpMD2hR6,0.11,100,0.11,0.1,0.01,0.03195452690124512
phpMD2hR6,0.11,100,0.11,0.09,0.02,0.031362056732177734
phpMD2hR6,0.11,100,0.11,0.06,0.05,0.031339406967163086
phpMD2hR6,0.16,100,0.16,0.13,0.03,0.030773162841796875
phpMD2hR6,0.16,100,0.16,0.18,0.02,0.027417898178100586
phpMD2hR6,0.16,100,0.16,0.08,0.08,0.04191946983337402
phpMD2hR6,0.16,100,0.16,0.16,0.0,0.030672311782836914
phpMD2hR6,0.16,100,0.16,0.13,0.03,0.03128767013549805
phpMD2hR6,0.16,100,0.16,0.18,0.02,0.03194618225097656
phpMD2hR6,0.16,100,0.16,0.16,0.0,0.031842708587646484
phpMD2hR6,0.16,100,0.16,0.11,0.05,0.03193235397338867
phpMD2hR6,0.16,100,0.16,0.19,0.03,0.025251150131225586
phpMD2hR6,0.16,100,0.16,0.15,0.01,0.03126692771911621
phpMD2hR6,0.21,100,0.21,0.27,0.06,0.021094799041748047
phpMD2hR6,0.21,100,0.21,0.21,0.0,0.021524906158447266
phpMD2hR6,0.21,100,0.21,0.22,0.01,0.029839515686035156
phpMD2hR6,0.21,100,0.21,0.17,0.04,0.0313413143157959
phpMD2hR6,0.21,100,0.21,0.2,0.01,0.02682781219482422
phpMD2hR6,0.21,100,0.21,0.19,0.02,0.031011104583740234
phpMD2hR6,0.21,100,0.21,0.14,0.07,0.03154587745666504
phpMD2hR6,0.21,100,0.21,0.25,0.04,0.030779361724853516
phpMD2hR6,0.21,100,0.21,0.22,0.01,0.021067142486572266
phpMD2hR6,0.21,100,0.21,0.14,0.07,0.015111684799194336
phpMD2hR6,0.26,100,0.26,0.27,0.01,0.04144573211669922
phpMD2hR6,0.26,100,0.26,0.26,0.0,0.01801609992980957
phpMD2hR6,0.26,100,0.26,0.29,0.03,0.03133702278137207
phpMD2hR6,0.26,100,0.26,0.23,0.03,0.0313563346862793
phpMD2hR6,0.26,100,0.26,0.25,0.01,0.03085637092590332
phpMD2hR6,0.26,100,0.26,0.3,0.04,0.03193926811218262
phpMD2hR6,0.26,100,0.26,0.24,0.02,0.0312497615814209
phpMD2hR6,0.26,100,0.26,0.26,0.0,0.031244277954101562
phpMD2hR6,0.26,100,0.26,0.23,0.03,0.044390201568603516
phpMD2hR6,0.26,100,0.26,0.31,0.05,0.031831979751586914
phpMD2hR6,0.32,100,0.32,0.29,0.03,0.01698446273803711
phpMD2hR6,0.32,100,0.32,0.37,0.05,0.031311750411987305
phpMD2hR6,0.32,100,0.32,0.36,0.04,0.030096769332885742
phpMD2hR6,0.32,100,0.32,0.26,0.06,0.03135538101196289
phpMD2hR6,0.32,100,0.32,0.27,0.05,0.030622482299804688
phpMD2hR6,0.32,100,0.32,0.28,0.04,0.03065013885498047
phpMD2hR6,0.32,100,0.32,0.39,0.07,0.03136754035949707
phpMD2hR6,0.32,100,0.32,0.4,0.08,0.03018784523010254
phpMD2hR6,0.32,100,0.32,0.23,0.09,0.031253814697265625
phpMD2hR6,0.32,100,0.32,0.21,0.11,0.03136849403381348
phpMD2hR6,0.37,100,0.37,0.31,0.06,0.034398794174194336
phpMD2hR6,0.37,100,0.37,0.42,0.05,0.02285313606262207
phpMD2hR6,0.37,100,0.37,0.42,0.05,0.016217708587646484
phpMD2hR6,0.37,100,0.37,0.31,0.06,0.03188681602478027
phpMD2hR6,0.37,100,0.37,0.28,0.09,0.031248092651367188
phpMD2hR6,0.37,100,0.37,0.38,0.01,0.03135514259338379
phpMD2hR6,0.37,100,0.37,0.41,0.04,0.03094959259033203
phpMD2hR6,0.37,100,0.37,0.39,0.02,0.02033257484436035
phpMD2hR6,0.37,100,0.37,0.44,0.07,0.031305789947509766
phpMD2hR6,0.37,100,0.37,0.35,0.02,0.03234148025512695
phpMD2hR6,0.42,100,0.42,0.33,0.09,0.030304670333862305
phpMD2hR6,0.42,100,0.42,0.46,0.04,0.03135228157043457
phpMD2hR6,0.42,100,0.42,0.46,0.04,0.03125119209289551
phpMD2hR6,0.42,100,0.42,0.4,0.02,0.03124094009399414
phpMD2hR6,0.42,100,0.42,0.44,0.02,0.031248807907104492
phpMD2hR6,0.42,100,0.42,0.45,0.03,0.031941890716552734
phpMD2hR6,0.42,100,0.42,0.38,0.04,0.033701181411743164
phpMD2hR6,0.42,100,0.42,0.42,0.0,0.0313570499420166
phpMD2hR6,0.42,100,0.42,0.41,0.01,0.030907630920410156
phpMD2hR6,0.42,100,0.42,0.35,0.07,0.03184342384338379
phpMD2hR6,0.47,100,0.47,0.5,0.03,0.03214573860168457
phpMD2hR6,0.47,100,0.47,0.49,0.02,0.02732563018798828
phpMD2hR6,0.47,100,0.47,0.49,0.02,0.04123735427856445
phpMD2hR6,0.47,100,0.47,0.46,0.01,0.031366825103759766
phpMD2hR6,0.47,100,0.47,0.41,0.06,0.03135490417480469
phpMD2hR6,0.47,100,0.47,0.49,0.02,0.03133559226989746
phpMD2hR6,0.47,100,0.47,0.36,0.11,0.03195524215698242
phpMD2hR6,0.47,100,0.47,0.49,0.02,0.03178811073303223
phpMD2hR6,0.47,100,0.47,0.45,0.02,0.015719175338745117
phpMD2hR6,0.47,100,0.47,0.5,0.03,0.019946575164794922
phpMD2hR6,0.53,100,0.53,0.45,0.08,0.03136491775512695
phpMD2hR6,0.53,100,0.53,0.63,0.1,0.01620936393737793
phpMD2hR6,0.53,100,0.53,0.52,0.01,0.0217130184173584
phpMD2hR6,0.53,100,0.53,0.56,0.03,0.027384519577026367
phpMD2hR6,0.53,100,0.53,0.55,0.02,0.04205799102783203
phpMD2hR6,0.53,100,0.53,0.51,0.02,0.044525146484375
phpMD2hR6,0.53,100,0.53,0.48,0.05,0.03123760223388672
phpMD2hR6,0.53,100,0.53,0.54,0.01,0.045871734619140625
phpMD2hR6,0.53,100,0.53,0.59,0.06,0.03336620330810547
phpMD2hR6,0.53,100,0.53,0.62,0.09,0.018960237503051758
phpMD2hR6,0.58,100,0.58,0.57,0.01,0.021642684936523438
phpMD2hR6,0.58,100,0.58,0.56,0.02,0.030835390090942383
phpMD2hR6,0.58,100,0.58,0.58,0.0,0.019969940185546875
phpMD2hR6,0.58,100,0.58,0.52,0.06,0.03912949562072754
phpMD2hR6,0.58,100,0.58,0.58,0.0,0.031245708465576172
phpMD2hR6,0.58,100,0.58,0.55,0.03,0.03929638862609863
phpMD2hR6,0.58,100,0.58,0.59,0.01,0.03124713897705078
phpMD2hR6,0.58,100,0.58,0.61,0.03,0.03126835823059082
phpMD2hR6,0.58,100,0.58,0.57,0.01,0.02834486961364746
phpMD2hR6,0.58,100,0.58,0.57,0.01,0.03135871887207031
phpMD2hR6,0.63,100,0.63,0.66,0.03,0.02883768081665039
phpMD2hR6,0.63,100,0.63,0.65,0.02,0.030872821807861328
phpMD2hR6,0.63,100,0.63,0.66,0.03,0.03195333480834961
phpMD2hR6,0.63,100,0.63,0.6,0.03,0.030709028244018555
phpMD2hR6,0.63,100,0.63,0.57,0.06,0.03077864646911621
phpMD2hR6,0.63,100,0.63,0.67,0.04,0.020755529403686523
phpMD2hR6,0.63,100,0.63,0.76,0.13,0.027754783630371094
phpMD2hR6,0.63,100,0.63,0.66,0.03,0.0345149040222168
phpMD2hR6,0.63,100,0.63,0.62,0.01,0.021180391311645508
phpMD2hR6,0.63,100,0.63,0.64,0.01,0.04616355895996094
phpMD2hR6,0.68,100,0.68,0.75,0.07,0.019199132919311523
phpMD2hR6,0.68,100,0.68,0.68,0.0,0.031252384185791016
phpMD2hR6,0.68,100,0.68,0.65,0.03,0.03311944007873535
phpMD2hR6,0.68,100,0.68,0.61,0.07,0.03431367874145508
phpMD2hR6,0.68,100,0.68,0.66,0.02,0.031362056732177734
phpMD2hR6,0.68,100,0.68,0.65,0.03,0.027338504791259766
phpMD2hR6,0.68,100,0.68,0.67,0.01,0.03083205223083496
phpMD2hR6,0.68,100,0.68,0.65,0.03,0.031363725662231445
phpMD2hR6,0.68,100,0.68,0.74,0.06,0.03217959403991699
phpMD2hR6,0.68,100,0.68,0.73,0.05,0.03194999694824219
phpMD2hR6,0.74,100,0.74,0.74,0.0,0.02705240249633789
phpMD2hR6,0.74,100,0.74,0.77,0.03,0.030841350555419922
phpMD2hR6,0.74,100,0.74,0.78,0.04,0.030796289443969727
phpMD2hR6,0.74,100,0.74,0.78,0.04,0.017967939376831055
phpMD2hR6,0.74,100,0.74,0.81,0.07,0.030792951583862305
phpMD2hR6,0.74,100,0.74,0.73,0.01,0.019022464752197266
phpMD2hR6,0.74,100,0.74,0.68,0.06,0.017647504806518555
phpMD2hR6,0.74,100,0.74,0.74,0.0,0.03123760223388672
phpMD2hR6,0.74,100,0.74,0.77,0.03,0.030269622802734375
phpMD2hR6,0.74,100,0.74,0.73,0.01,0.02829456329345703
phpMD2hR6,0.79,100,0.79,0.75,0.04,0.03133416175842285
phpMD2hR6,0.79,100,0.79,0.8,0.01,0.03133511543273926
phpMD2hR6,0.79,100,0.79,0.8,0.01,0.02680063247680664
phpMD2hR6,0.79,100,0.79,0.81,0.02,0.029177427291870117
phpMD2hR6,0.79,100,0.79,0.8,0.01,0.03407931327819824
phpMD2hR6,0.79,100,0.79,0.76,0.03,0.03033137321472168
phpMD2hR6,0.79,100,0.79,0.72,0.07,0.031269073486328125
phpMD2hR6,0.79,100,0.79,0.76,0.03,0.03124523162841797
phpMD2hR6,0.79,100,0.79,0.77,0.02,0.03251361846923828
phpMD2hR6,0.79,100,0.79,0.85,0.06,0.03594470024108887
phpMD2hR6,0.84,100,0.84,0.87,0.03,0.03560829162597656
phpMD2hR6,0.84,100,0.84,0.85,0.01,0.031250953674316406
phpMD2hR6,0.84,100,0.84,0.83,0.01,0.026439428329467773
phpMD2hR6,0.84,100,0.84,0.81,0.03,0.03724980354309082
phpMD2hR6,0.84,100,0.84,0.85,0.01,0.03079390525817871
phpMD2hR6,0.84,100,0.84,0.88,0.04,0.03188347816467285
phpMD2hR6,0.84,100,0.84,0.92,0.08,0.03124690055847168
phpMD2hR6,0.84,100,0.84,0.86,0.02,0.0308380126953125
phpMD2hR6,0.84,100,0.84,0.76,0.08,0.025687456130981445
phpMD2hR6,0.84,100,0.84,0.91,0.07,0.02538299560546875
phpMD2hR6,0.89,100,0.89,0.88,0.01,0.03013920783996582
phpMD2hR6,0.89,100,0.89,0.85,0.04,0.026175975799560547
phpMD2hR6,0.89,100,0.89,0.87,0.02,0.03125
phpMD2hR6,0.89,100,0.89,0.91,0.02,0.025527238845825195
phpMD2hR6,0.89,100,0.89,0.88,0.01,0.029128551483154297
phpMD2hR6,0.89,100,0.89,0.91,0.02,0.030803203582763672
phpMD2hR6,0.89,100,0.89,0.92,0.03,0.03732872009277344
phpMD2hR6,0.89,100,0.89,0.9,0.01,0.030801057815551758
phpMD2hR6,0.89,100,0.89,0.96,0.07,0.0306856632232666
phpMD2hR6,0.89,100,0.89,0.89,0.0,0.031247615814208984
phpMD2hR6,0.95,100,0.95,0.96,0.01,0.0312502384185791
phpMD2hR6,0.95,100,0.95,1.0,0.05,0.031337738037109375
phpMD2hR6,0.95,100,0.95,0.97,0.02,0.03189253807067871
phpMD2hR6,0.95,100,0.95,0.9,0.05,0.028336048126220703
phpMD2hR6,0.95,100,0.95,0.94,0.01,0.035495758056640625
phpMD2hR6,0.95,100,0.95,0.9,0.05,0.030792951583862305
phpMD2hR6,0.95,100,0.95,0.92,0.03,0.015715599060058594
phpMD2hR6,0.95,100,0.95,0.99,0.04,0.03464794158935547
phpMD2hR6,0.95,100,0.95,0.99,0.04,0.04238414764404297
phpMD2hR6,0.95,100,0.95,0.93,0.02,0.0312502384185791
phpMD2hR6,1.0,100,1.0,1.0,0.0,0.024259328842163086
phpMD2hR6,1.0,100,1.0,1.0,0.0,0.026346921920776367
phpMD2hR6,1.0,100,1.0,1.0,0.0,0.03419613838195801
phpMD2hR6,1.0,100,1.0,0.94,0.06,0.0312197208404541
phpMD2hR6,1.0,100,1.0,1.0,0.0,0.03124213218688965
phpMD2hR6,1.0,100,1.0,0.94,0.06,0.021306514739990234
phpMD2hR6,1.0,100,1.0,0.94,0.06,0.030792236328125
phpMD2hR6,1.0,100,1.0,1.0,0.0,0.03340792655944824
phpMD2hR6,1.0,100,1.0,0.97,0.03,0.01572108268737793
phpMD2hR6,1.0,100,1.0,1.0,0.0,0.031243085861206055
phpmPOD5A,0.0,100,0.0,0.0,0.0,0.03165745735168457
phpmPOD5A,0.0,100,0.0,0.0,0.0,0.027122020721435547
phpmPOD5A,0.0,100,0.0,0.0,0.0,0.03319978713989258
phpmPOD5A,0.0,100,0.0,0.0,0.0,0.02526068687438965
phpmPOD5A,0.0,100,0.0,0.0,0.0,0.03986692428588867
phpmPOD5A,0.0,100,0.0,0.0,0.0,0.023283720016479492
phpmPOD5A,0.0,100,0.0,0.0,0.0,0.030821800231933594
phpmPOD5A,0.0,100,0.0,0.0,0.0,0.012081623077392578
phpmPOD5A,0.0,100,0.0,0.0,0.0,0.03125143051147461
phpmPOD5A,0.0,100,0.0,0.0,0.0,0.015717506408691406
phpmPOD5A,0.05,100,0.05,0.0,0.05,0.015079736709594727
phpmPOD5A,0.05,100,0.05,0.0,0.05,0.012373208999633789
phpmPOD5A,0.05,100,0.05,0.0,0.05,0.01507878303527832
phpmPOD5A,0.05,100,0.05,0.0,0.05,0.020152807235717773
phpmPOD5A,0.05,100,0.05,0.0,0.05,0.029132843017578125
phpmPOD5A,0.05,100,0.05,0.0,0.05,0.020741701126098633
phpmPOD5A,0.05,100,0.05,0.0,0.05,0.02527642250061035
phpmPOD5A,0.05,100,0.05,0.0,0.05,0.018963098526000977
phpmPOD5A,0.05,100,0.05,0.0,0.05,0.021158456802368164
phpmPOD5A,0.05,100,0.05,0.0,0.05,0.03463149070739746
phpmPOD5A,0.11,100,0.11,0.0,0.11,0.01563119888305664
phpmPOD5A,0.11,100,0.11,0.0,0.11,0.030782222747802734
phpmPOD5A,0.11,100,0.11,0.0,0.11,0.0282437801361084
phpmPOD5A,0.11,100,0.11,0.0,0.11,0.03239035606384277
phpmPOD5A,0.11,100,0.11,0.0,0.11,0.0257415771484375
phpmPOD5A,0.11,100,0.11,0.0,0.11,0.032352447509765625
phpmPOD5A,0.11,100,0.11,0.0,0.11,0.030586719512939453
phpmPOD5A,0.11,100,0.11,0.0,0.11,0.025582075119018555
phpmPOD5A,0.11,100,0.11,0.0,0.11,0.024411439895629883
phpmPOD5A,0.11,100,0.11,0.0,0.11,0.027629852294921875
phpmPOD5A,0.16,100,0.16,0.0,0.16,0.019708633422851562
phpmPOD5A,0.16,100,0.16,0.0,0.16,0.03125333786010742
phpmPOD5A,0.16,100,0.16,0.0,0.16,0.03133726119995117
phpmPOD5A,0.16,100,0.16,0.0,0.16,0.029317140579223633
phpmPOD5A,0.16,100,0.16,0.0,0.16,0.012233495712280273
phpmPOD5A,0.16,100,0.16,0.0,0.16,0.014507532119750977
phpmPOD5A,0.16,100,0.16,0.0,0.16,0.020792484283447266
phpmPOD5A,0.16,100,0.16,0.0,0.16,0.03538107872009277
phpmPOD5A,0.16,100,0.16,0.0,0.16,0.03184366226196289
phpmPOD5A,0.16,100,0.16,0.0,0.16,0.02434229850769043
phpmPOD5A,0.21,100,0.21,0.0,0.21,0.015711069107055664
phpmPOD5A,0.21,100,0.21,0.0,0.21,0.03638911247253418
phpmPOD5A,0.21,100,0.21,0.0,0.21,0.031345367431640625
phpmPOD5A,0.21,100,0.21,0.0,0.21,0.03124523162841797
phpmPOD5A,0.21,100,0.21,0.0,0.21,0.031296730041503906
phpmPOD5A,0.21,100,0.21,0.0,0.21,0.031237363815307617
phpmPOD5A,0.21,100,0.21,0.0,0.21,0.03135418891906738
phpmPOD5A,0.21,100,0.21,0.0,0.21,0.030841827392578125
phpmPOD5A,0.21,100,0.21,0.0,0.21,0.021100282669067383
phpmPOD5A,0.21,100,0.21,0.0,0.21,0.03181648254394531
phpmPOD5A,0.26,100,0.26,0.0,0.26,0.031371116638183594
phpmPOD5A,0.26,100,0.26,0.0,0.26,0.023639202117919922
phpmPOD5A,0.26,100,0.26,0.0,0.26,0.025337934494018555
phpmPOD5A,0.26,100,0.26,0.0,0.26,0.030921220779418945
phpmPOD5A,0.26,100,0.26,0.0,0.26,0.03401350975036621
phpmPOD5A,0.26,100,0.26,0.0,0.26,0.025158166885375977
phpmPOD5A,0.26,100,0.26,0.0,0.26,0.024744033813476562
phpmPOD5A,0.26,100,0.26,0.0,0.26,0.01574230194091797
phpmPOD5A,0.26,100,0.26,0.0,0.26,0.015727996826171875
phpmPOD5A,0.26,100,0.26,0.0,0.26,0.014855146408081055
phpmPOD5A,0.32,100,0.32,0.0,0.32,0.02729344367980957
phpmPOD5A,0.32,100,0.32,0.0,0.32,0.03654813766479492
phpmPOD5A,0.32,100,0.32,0.0,0.32,0.02999114990234375
phpmPOD5A,0.32,100,0.32,0.0,0.32,0.02724003791809082
phpmPOD5A,0.32,100,0.32,0.0,0.32,0.018904685974121094
phpmPOD5A,0.32,100,0.32,0.0,0.32,0.02076435089111328
phpmPOD5A,0.32,100,0.32,0.0,0.32,0.03454232215881348
phpmPOD5A,0.32,100,0.32,0.0,0.32,0.02272200584411621
phpmPOD5A,0.32,100,0.32,0.0,0.32,0.030831098556518555
phpmPOD5A,0.32,100,0.32,0.0,0.32,0.01505279541015625
phpmPOD5A,0.37,100,0.37,0.0,0.37,0.030677318572998047
phpmPOD5A,0.37,100,0.37,0.0,0.37,0.02857494354248047
phpmPOD5A,0.37,100,0.37,0.0,0.37,0.0313565731048584
phpmPOD5A,0.37,100,0.37,0.0,0.37,0.024832487106323242
phpmPOD5A,0.37,100,0.37,0.0,0.37,0.024044036865234375
phpmPOD5A,0.37,100,0.37,0.0,0.37,0.01709723472595215
phpmPOD5A,0.37,100,0.37,0.0,0.37,0.02831292152404785
phpmPOD5A,0.37,100,0.37,0.0,0.37,0.015106439590454102
phpmPOD5A,0.37,100,0.37,0.0,0.37,0.02708911895751953
phpmPOD5A,0.37,100,0.37,0.0,0.37,0.027336835861206055
phpmPOD5A,0.42,100,0.42,0.0,0.42,0.03462028503417969
phpmPOD5A,0.42,100,0.42,0.0,0.42,0.033178091049194336
phpmPOD5A,0.42,100,0.42,0.0,0.42,0.032202959060668945
phpmPOD5A,0.42,100,0.42,0.0,0.42,0.015631914138793945
phpmPOD5A,0.42,100,0.42,0.0,0.42,0.015620708465576172
phpmPOD5A,0.42,100,0.42,0.0,0.42,0.031245946884155273
phpmPOD5A,0.42,100,0.42,0.0,0.42,0.017603158950805664
phpmPOD5A,0.42,100,0.42,0.0,0.42,0.015102624893188477
phpmPOD5A,0.42,100,0.42,0.0,0.42,0.030648231506347656
phpmPOD5A,0.42,100,0.42,0.0,0.42,0.02889108657836914
phpmPOD5A,0.47,100,0.47,0.0,0.47,0.03472495079040527
phpmPOD5A,0.47,100,0.47,0.0,0.47,0.04050111770629883
phpmPOD5A,0.47,100,0.47,0.0,0.47,0.03135180473327637
phpmPOD5A,0.47,100,0.47,0.0,0.47,0.0210263729095459
phpmPOD5A,0.47,100,0.47,0.0,0.47,0.03449392318725586
phpmPOD5A,0.47,100,0.47,0.0,0.47,0.019235849380493164
phpmPOD5A,0.47,100,0.47,0.0,0.47,0.022229909896850586
phpmPOD5A,0.47,100,0.47,0.0,0.47,0.03125119209289551
phpmPOD5A,0.47,100,0.47,0.0,0.47,0.01562666893005371
phpmPOD5A,0.47,100,0.47,0.0,0.47,0.03083324432373047
phpmPOD5A,0.53,100,0.53,0.0,0.53,0.010738372802734375
phpmPOD5A,0.53,100,0.53,0.0,0.53,0.01793503761291504
phpmPOD5A,0.53,100,0.53,0.0,0.53,0.03194093704223633
phpmPOD5A,0.53,100,0.53,0.0,0.53,0.031320810317993164
phpmPOD5A,0.53,100,0.53,0.0,0.53,0.03373241424560547
phpmPOD5A,0.53,100,0.53,0.0,0.53,0.015630006790161133
phpmPOD5A,0.53,100,0.53,0.0,0.53,0.03135180473327637
phpmPOD5A,0.53,100,0.53,0.0,0.53,0.015105962753295898
phpmPOD5A,0.53,100,0.53,0.0,0.53,0.017921924591064453
phpmPOD5A,0.53,100,0.53,0.0,0.53,0.03528094291687012
phpmPOD5A,0.58,100,0.58,0.0,0.58,0.026173830032348633
phpmPOD5A,0.58,100,0.58,0.0,0.58,0.031832218170166016
phpmPOD5A,0.58,100,0.58,0.0,0.58,0.03351235389709473
phpmPOD5A,0.58,100,0.58,0.0,0.58,0.015665292739868164
phpmPOD5A,0.58,100,0.58,0.0,0.58,0.032051801681518555
phpmPOD5A,0.58,100,0.58,0.0,0.58,0.03196859359741211
phpmPOD5A,0.58,100,0.58,0.0,0.58,0.014098882675170898
phpmPOD5A,0.58,100,0.58,0.0,0.58,0.015109777450561523
phpmPOD5A,0.58,100,0.58,0.0,0.58,0.024919509887695312
phpmPOD5A,0.58,100,0.58,0.0,0.58,0.02869248390197754
phpmPOD5A,0.63,100,0.63,0.0,0.63,0.02966475486755371
phpmPOD5A,0.63,100,0.63,0.0,0.63,0.015620708465576172
phpmPOD5A,0.63,100,0.63,0.0,0.63,0.030830860137939453
phpmPOD5A,0.63,100,0.63,0.0,0.63,0.030823230743408203
phpmPOD5A,0.63,100,0.63,0.0,0.63,0.024435758590698242
phpmPOD5A,0.63,100,0.63,0.0,0.63,0.019220590591430664
phpmPOD5A,0.63,100,0.63,0.0,0.63,0.01572871208190918
phpmPOD5A,0.63,100,0.63,0.0,0.63,0.03136253356933594
phpmPOD5A,0.63,100,0.63,0.0,0.63,0.02500462532043457
phpmPOD5A,0.63,100,0.63,0.0,0.63,0.03400754928588867
phpmPOD5A,0.68,100,0.68,0.0,0.68,0.015573501586914062
phpmPOD5A,0.68,100,0.68,0.0,0.68,0.015730619430541992
phpmPOD5A,0.68,100,0.68,0.0,0.68,0.027278661727905273
phpmPOD5A,0.68,100,0.68,0.0,0.68,0.025249719619750977
phpmPOD5A,0.68,100,0.68,0.0,0.68,0.02761220932006836
phpmPOD5A,0.68,100,0.68,0.0,0.68,0.016891002655029297
phpmPOD5A,0.68,100,0.68,0.0,0.68,0.02819371223449707
phpmPOD5A,0.68,100,0.68,0.0,0.68,0.03134584426879883
phpmPOD5A,0.68,100,0.68,0.0,0.68,0.031244754791259766
phpmPOD5A,0.68,100,0.68,0.0,0.68,0.012261152267456055
phpmPOD5A,0.74,100,0.74,0.0,0.74,0.034568071365356445
phpmPOD5A,0.74,100,0.74,0.0,0.74,0.03182840347290039
phpmPOD5A,0.74,100,0.74,0.0,0.74,0.037138938903808594
phpmPOD5A,0.74,100,0.74,0.0,0.74,0.03135323524475098
phpmPOD5A,0.74,100,0.74,0.0,0.74,0.023492097854614258
phpmPOD5A,0.74,100,0.74,0.0,0.74,0.031259775161743164
phpmPOD5A,0.74,100,0.74,0.0,0.74,0.015679597854614258
phpmPOD5A,0.74,100,0.74,0.0,0.74,0.02383732795715332
phpmPOD5A,0.74,100,0.74,0.0,0.74,0.013799428939819336
phpmPOD5A,0.74,100,0.74,0.0,0.74,0.015625715255737305
phpmPOD5A,0.79,100,0.79,0.0,0.79,0.025302886962890625
phpmPOD5A,0.79,100,0.79,0.0,0.79,0.025871753692626953
phpmPOD5A,0.79,100,0.79,0.0,0.79,0.028093338012695312
phpmPOD5A,0.79,100,0.79,0.0,0.79,0.030921220779418945
phpmPOD5A,0.79,100,0.79,0.0,0.79,0.026064157485961914
phpmPOD5A,0.79,100,0.79,0.0,0.79,0.01562786102294922
phpmPOD5A,0.79,100,0.79,0.0,0.79,0.020921945571899414
phpmPOD5A,0.79,100,0.79,0.0,0.79,0.0313565731048584
phpmPOD5A,0.79,100,0.79,0.0,0.79,0.027257680892944336
phpmPOD5A,0.79,100,0.79,0.0,0.79,0.015730619430541992
phpmPOD5A,0.84,100,0.84,0.0,0.84,0.01621079444885254
phpmPOD5A,0.84,100,0.84,0.0,0.84,0.01621842384338379
phpmPOD5A,0.84,100,0.84,0.0,0.84,0.01794719696044922
phpmPOD5A,0.84,100,0.84,0.0,0.84,0.03504681587219238
phpmPOD5A,0.84,100,0.84,0.0,0.84,0.01562809944152832
phpmPOD5A,0.84,100,0.84,0.0,0.84,0.03134322166442871
phpmPOD5A,0.84,100,0.84,0.0,0.84,0.03012990951538086
phpmPOD5A,0.84,100,0.84,0.0,0.84,0.029803991317749023
phpmPOD5A,0.84,100,0.84,0.0,0.84,0.016214847564697266
phpmPOD5A,0.84,100,0.84,0.0,0.84,0.03184175491333008
phpmPOD5A,0.89,100,0.89,0.0,0.89,0.0344390869140625
phpmPOD5A,0.89,100,0.89,0.0,0.89,0.03135490417480469
phpmPOD5A,0.89,100,0.89,0.0,0.89,0.026552200317382812
phpmPOD5A,0.89,100,0.89,0.0,0.89,0.012371063232421875
phpmPOD5A,0.89,100,0.89,0.0,0.89,0.034714460372924805
phpmPOD5A,0.89,100,0.89,0.0,0.89,0.02650761604309082
phpmPOD5A,0.89,100,0.89,0.0,0.89,0.034656524658203125
phpmPOD5A,0.89,100,0.89,0.0,0.89,0.030293941497802734
phpmPOD5A,0.89,100,0.89,0.0,0.89,0.016127347946166992
phpmPOD5A,0.89,100,0.89,0.0,0.89,0.018770933151245117
phpmPOD5A,0.95,100,0.95,0.0,0.95,0.02702927589416504
phpmPOD5A,0.95,100,0.95,0.0,0.95,0.01562952995300293
phpmPOD5A,0.95,100,0.95,0.0,0.95,0.03124260902404785
phpmPOD5A,0.95,100,0.95,0.0,0.95,0.0312497615814209
phpmPOD5A,0.95,100,0.95,0.0,0.95,0.02443099021911621
phpmPOD5A,0.95,100,0.95,0.0,0.95,0.03083324432373047
phpmPOD5A,0.95,100,0.95,0.0,0.95,0.028822660446166992
phpmPOD5A,0.95,100,0.95,0.0,0.95,0.02300119400024414
phpmPOD5A,0.95,100,0.95,0.0,0.95,0.02487492561340332
phpmPOD5A,0.95,100,0.95,0.0,0.95,0.03834867477416992
phpmPOD5A,1.0,100,1.0,0.0,1.0,0.030848979949951172
phpmPOD5A,1.0,100,1.0,0.0,1.0,0.015101909637451172
phpmPOD5A,1.0,100,1.0,0.0,1.0,0.03567957878112793
phpmPOD5A,1.0,100,1.0,0.0,1.0,0.015167236328125
phpmPOD5A,1.0,100,1.0,0.0,1.0,0.026343822479248047
phpmPOD5A,1.0,100,1.0,0.0,1.0,0.01621866226196289
phpmPOD5A,1.0,100,1.0,0.0,1.0,0.031359195709228516
phpmPOD5A,1.0,100,1.0,0.0,1.0,0.02225947380065918
phpmPOD5A,1.0,100,1.0,0.0,1.0,0.035103797912597656
phpmPOD5A,1.0,100,1.0,0.0,1.0,0.0312044620513916
phpV5QYya,0.0,100,0.0,0.0,0.0,0.03618335723876953
phpV5QYya,0.0,100,0.0,0.0,0.0,0.019708871841430664
phpV5QYya,0.0,100,0.0,0.0,0.0,0.015084981918334961
phpV5QYya,0.0,100,0.0,0.03,0.03,0.03134012222290039
phpV5QYya,0.0,100,0.0,0.03,0.03,0.03132319450378418
phpV5QYya,0.0,100,0.0,0.0,0.0,0.019922733306884766
phpV5QYya,0.0,100,0.0,0.02,0.02,0.015078306198120117
phpV5QYya,0.0,100,0.0,0.0,0.0,0.015718698501586914
phpV5QYya,0.0,100,0.0,0.0,0.0,0.031340599060058594
phpV5QYya,0.0,100,0.0,0.0,0.0,0.030303001403808594
phpV5QYya,0.05,100,0.05,0.05,0.0,0.026315927505493164
phpV5QYya,0.05,100,0.05,0.03,0.02,0.028674840927124023
phpV5QYya,0.05,100,0.05,0.04,0.01,0.03355216979980469
phpV5QYya,0.05,100,0.05,0.04,0.01,0.011148929595947266
phpV5QYya,0.05,100,0.05,0.05,0.0,0.018891334533691406
phpV5QYya,0.05,100,0.05,0.1,0.05,0.01518106460571289
phpV5QYya,0.05,100,0.05,0.06,0.01,0.015725374221801758
phpV5QYya,0.05,100,0.05,0.08,0.03,0.03130340576171875
phpV5QYya,0.05,100,0.05,0.01,0.04,0.031342506408691406
phpV5QYya,0.05,100,0.05,0.05,0.0,0.031777143478393555
phpV5QYya,0.11,100,0.11,0.07,0.04,0.0212252140045166
phpV5QYya,0.11,100,0.11,0.14,0.03,0.015085220336914062
phpV5QYya,0.11,100,0.11,0.12,0.01,0.02279067039489746
phpV5QYya,0.11,100,0.11,0.1,0.01,0.015617847442626953
phpV5QYya,0.11,100,0.11,0.11,0.0,0.015624761581420898
phpV5QYya,0.11,100,0.11,0.1,0.01,0.031351327896118164
phpV5QYya,0.11,100,0.11,0.1,0.01,0.031245708465576172
phpV5QYya,0.11,100,0.11,0.16,0.05,0.01833629608154297
phpV5QYya,0.11,100,0.11,0.08,0.03,0.02318596839904785
phpV5QYya,0.11,100,0.11,0.13,0.02,0.014071941375732422
phpV5QYya,0.16,100,0.16,0.16,0.0,0.03083205223083496
phpV5QYya,0.16,100,0.16,0.15,0.01,0.03080129623413086
phpV5QYya,0.16,100,0.16,0.14,0.02,0.03257298469543457
phpV5QYya,0.16,100,0.16,0.15,0.01,0.015713214874267578
phpV5QYya,0.16,100,0.16,0.14,0.02,0.015622615814208984
phpV5QYya,0.16,100,0.16,0.13,0.03,0.024335861206054688
phpV5QYya,0.16,100,0.16,0.16,0.0,0.01692509651184082
phpV5QYya,0.16,100,0.16,0.14,0.02,0.037825822830200195
phpV5QYya,0.16,100,0.16,0.15,0.01,0.03396439552307129
phpV5QYya,0.16,100,0.16,0.19,0.03,0.03963327407836914
phpV5QYya,0.21,100,0.21,0.26,0.05,0.03428316116333008
phpV5QYya,0.21,100,0.21,0.2,0.01,0.026559114456176758
phpV5QYya,0.21,100,0.21,0.19,0.02,0.03212857246398926
phpV5QYya,0.21,100,0.21,0.2,0.01,0.026180028915405273
phpV5QYya,0.21,100,0.21,0.24,0.03,0.015083789825439453
phpV5QYya,0.21,100,0.21,0.27,0.06,0.03125309944152832
phpV5QYya,0.21,100,0.21,0.22,0.01,0.031341552734375
phpV5QYya,0.21,100,0.21,0.23,0.02,0.016167640686035156
phpV5QYya,0.21,100,0.21,0.15,0.06,0.03124856948852539
phpV5QYya,0.21,100,0.21,0.18,0.03,0.018700122833251953
phpV5QYya,0.26,100,0.26,0.25,0.01,0.03125119209289551
phpV5QYya,0.26,100,0.26,0.26,0.0,0.021210670471191406
phpV5QYya,0.26,100,0.26,0.21,0.05,0.031012773513793945
phpV5QYya,0.26,100,0.26,0.23,0.03,0.026207923889160156
phpV5QYya,0.26,100,0.26,0.24,0.02,0.031342267990112305
phpV5QYya,0.26,100,0.26,0.3,0.04,0.03124856948852539
phpV5QYya,0.26,100,0.26,0.27,0.01,0.015817642211914062
phpV5QYya,0.26,100,0.26,0.29,0.03,0.031247615814208984
phpV5QYya,0.26,100,0.26,0.25,0.01,0.03440666198730469
phpV5QYya,0.26,100,0.26,0.26,0.0,0.0307157039642334
phpV5QYya,0.32,100,0.32,0.32,0.0,0.011174678802490234
phpV5QYya,0.32,100,0.32,0.33,0.01,0.021698474884033203
phpV5QYya,0.32,100,0.32,0.34,0.02,0.03132462501525879
phpV5QYya,0.32,100,0.32,0.32,0.0,0.023304224014282227
phpV5QYya,0.32,100,0.32,0.26,0.06,0.03126215934753418
phpV5QYya,0.32,100,0.32,0.33,0.01,0.02133941650390625
phpV5QYya,0.32,100,0.32,0.32,0.0,0.028449535369873047
phpV5QYya,0.32,100,0.32,0.3,0.02,0.025386810302734375
phpV5QYya,0.32,100,0.32,0.3,0.02,0.027904033660888672
phpV5QYya,0.32,100,0.32,0.36,0.04,0.029564619064331055
phpV5QYya,0.37,100,0.37,0.37,0.0,0.01509404182434082
phpV5QYya,0.37,100,0.37,0.4,0.03,0.0323183536529541
phpV5QYya,0.37,100,0.37,0.38,0.01,0.009560108184814453
phpV5QYya,0.37,100,0.37,0.38,0.01,0.0308072566986084
phpV5QYya,0.37,100,0.37,0.36,0.01,0.03079819679260254
phpV5QYya,0.37,100,0.37,0.37,0.0,0.031346797943115234
phpV5QYya,0.37,100,0.37,0.38,0.01,0.015716552734375
phpV5QYya,0.37,100,0.37,0.37,0.0,0.031255245208740234
phpV5QYya,0.37,100,0.37,0.35,0.02,0.03134918212890625
phpV5QYya,0.37,100,0.37,0.38,0.01,0.03125262260437012
phpV5QYya,0.42,100,0.42,0.45,0.03,0.0313410758972168
phpV5QYya,0.42,100,0.42,0.39,0.03,0.03314852714538574
phpV5QYya,0.42,100,0.42,0.39,0.03,0.020751953125
phpV5QYya,0.42,100,0.42,0.45,0.03,0.03479576110839844
phpV5QYya,0.42,100,0.42,0.39,0.03,0.021037578582763672
phpV5QYya,0.42,100,0.42,0.38,0.04,0.015079736709594727
phpV5QYya,0.42,100,0.42,0.45,0.03,0.022300243377685547
phpV5QYya,0.42,100,0.42,0.41,0.01,0.02976846694946289
phpV5QYya,0.42,100,0.42,0.41,0.01,0.025725364685058594
phpV5QYya,0.42,100,0.42,0.45,0.03,0.01508641242980957
phpV5QYya,0.47,100,0.47,0.5,0.03,0.026804685592651367
phpV5QYya,0.47,100,0.47,0.42,0.05,0.025754690170288086
phpV5QYya,0.47,100,0.47,0.45,0.02,0.01750326156616211
phpV5QYya,0.47,100,0.47,0.55,0.08,0.011482715606689453
phpV5QYya,0.47,100,0.47,0.47,0.0,0.021046161651611328
phpV5QYya,0.47,100,0.47,0.45,0.02,0.016992807388305664
phpV5QYya,0.47,100,0.47,0.47,0.0,0.01897430419921875
phpV5QYya,0.47,100,0.47,0.46,0.01,0.01792764663696289
phpV5QYya,0.47,100,0.47,0.43,0.04,0.015172719955444336
phpV5QYya,0.47,100,0.47,0.52,0.05,0.016950368881225586
phpV5QYya,0.53,100,0.53,0.53,0.0,0.025690078735351562
phpV5QYya,0.53,100,0.53,0.54,0.01,0.01571965217590332
phpV5QYya,0.53,100,0.53,0.5,0.03,0.015715360641479492
phpV5QYya,0.53,100,0.53,0.58,0.05,0.015617609024047852
phpV5QYya,0.53,100,0.53,0.48,0.05,0.034270524978637695
phpV5QYya,0.53,100,0.53,0.51,0.02,0.025358915328979492
phpV5QYya,0.53,100,0.53,0.49,0.04,0.03083491325378418
phpV5QYya,0.53,100,0.53,0.52,0.01,0.027234554290771484
phpV5QYya,0.53,100,0.53,0.55,0.02,0.027301549911499023
phpV5QYya,0.53,100,0.53,0.53,0.0,0.03079676628112793
phpV5QYya,0.58,100,0.58,0.6,0.02,0.020795822143554688
phpV5QYya,0.58,100,0.58,0.6,0.02,0.0313417911529541
phpV5QYya,0.58,100,0.58,0.58,0.0,0.02479386329650879
phpV5QYya,0.58,100,0.58,0.57,0.01,0.02977585792541504
phpV5QYya,0.58,100,0.58,0.59,0.01,0.030883312225341797
phpV5QYya,0.58,100,0.58,0.59,0.01,0.03134512901306152
phpV5QYya,0.58,100,0.58,0.57,0.01,0.016169309616088867
phpV5QYya,0.58,100,0.58,0.56,0.02,0.015638113021850586
phpV5QYya,0.58,100,0.58,0.57,0.01,0.03130841255187988
phpV5QYya,0.58,100,0.58,0.55,0.03,0.015624046325683594
phpV5QYya,0.63,100,0.63,0.65,0.02,0.03144407272338867
phpV5QYya,0.63,100,0.63,0.64,0.01,0.037160396575927734
phpV5QYya,0.63,100,0.63,0.59,0.04,0.02749180793762207
phpV5QYya,0.63,100,0.63,0.62,0.01,0.015709877014160156
phpV5QYya,0.63,100,0.63,0.62,0.01,0.016174793243408203
phpV5QYya,0.63,100,0.63,0.65,0.02,0.031339406967163086
phpV5QYya,0.63,100,0.63,0.58,0.05,0.03179788589477539
phpV5QYya,0.63,100,0.63,0.68,0.05,0.03133702278137207
phpV5QYya,0.63,100,0.63,0.62,0.01,0.016162872314453125
phpV5QYya,0.63,100,0.63,0.63,0.0,0.03125572204589844
phpV5QYya,0.68,100,0.68,0.7,0.02,0.016080379486083984
phpV5QYya,0.68,100,0.68,0.63,0.05,0.039281606674194336
phpV5QYya,0.68,100,0.68,0.62,0.06,0.031934261322021484
phpV5QYya,0.68,100,0.68,0.66,0.02,0.030666112899780273
phpV5QYya,0.68,100,0.68,0.66,0.02,0.02475762367248535
phpV5QYya,0.68,100,0.68,0.66,0.02,0.03023052215576172
phpV5QYya,0.68,100,0.68,0.63,0.05,0.0169830322265625
phpV5QYya,0.68,100,0.68,0.71,0.03,0.031324148178100586
phpV5QYya,0.68,100,0.68,0.61,0.07,0.01780247688293457
phpV5QYya,0.68,100,0.68,0.69,0.01,0.027350664138793945
phpV5QYya,0.74,100,0.74,0.76,0.02,0.01967334747314453
phpV5QYya,0.74,100,0.74,0.73,0.01,0.032653093338012695
phpV5QYya,0.74,100,0.74,0.76,0.02,0.03187918663024902
phpV5QYya,0.74,100,0.74,0.71,0.03,0.01515817642211914
phpV5QYya,0.74,100,0.74,0.72,0.02,0.031339168548583984
phpV5QYya,0.74,100,0.74,0.72,0.02,0.015082597732543945
phpV5QYya,0.74,100,0.74,0.72,0.02,0.030794143676757812
phpV5QYya,0.74,100,0.74,0.76,0.02,0.015078544616699219
phpV5QYya,0.74,100,0.74,0.71,0.03,0.015718698501586914
phpV5QYya,0.74,100,0.74,0.73,0.01,0.015636920928955078
phpV5QYya,0.79,100,0.79,0.78,0.01,0.015714645385742188
phpV5QYya,0.79,100,0.79,0.76,0.03,0.01570892333984375
phpV5QYya,0.79,100,0.79,0.81,0.02,0.028294801712036133
phpV5QYya,0.79,100,0.79,0.82,0.03,0.03125119209289551
phpV5QYya,0.79,100,0.79,0.84,0.05,0.014581680297851562
phpV5QYya,0.79,100,0.79,0.76,0.03,0.03974103927612305
phpV5QYya,0.79,100,0.79,0.79,0.0,0.027306795120239258
phpV5QYya,0.79,100,0.79,0.78,0.01,0.027454137802124023
phpV5QYya,0.79,100,0.79,0.8,0.01,0.01708221435546875
phpV5QYya,0.79,100,0.79,0.77,0.02,0.015941381454467773
phpV5QYya,0.84,100,0.84,0.83,0.01,0.015172004699707031
phpV5QYya,0.84,100,0.84,0.88,0.04,0.015697479248046875
phpV5QYya,0.84,100,0.84,0.85,0.01,0.016176462173461914
phpV5QYya,0.84,100,0.84,0.83,0.01,0.033110857009887695
phpV5QYya,0.84,100,0.84,0.84,0.0,0.024521827697753906
phpV5QYya,0.84,100,0.84,0.85,0.01,0.03133988380432129
phpV5QYya,0.84,100,0.84,0.79,0.05,0.03702664375305176
phpV5QYya,0.84,100,0.84,0.83,0.01,0.025696992874145508
phpV5QYya,0.84,100,0.84,0.84,0.0,0.03498363494873047
phpV5QYya,0.84,100,0.84,0.81,0.03,0.01220560073852539
phpV5QYya,0.89,100,0.89,0.87,0.02,0.030438661575317383
phpV5QYya,0.89,100,0.89,0.91,0.02,0.015082597732543945
phpV5QYya,0.89,100,0.89,0.89,0.0,0.016045570373535156
phpV5QYya,0.89,100,0.89,0.85,0.04,0.01571178436279297
phpV5QYya,0.89,100,0.89,0.91,0.02,0.016185522079467773
phpV5QYya,0.89,100,0.89,0.88,0.01,0.03133535385131836
phpV5QYya,0.89,100,0.89,0.9,0.01,0.031798362731933594
phpV5QYya,0.89,100,0.89,0.84,0.05,0.03125357627868652
phpV5QYya,0.89,100,0.89,0.84,0.05,0.03179621696472168
phpV5QYya,0.89,100,0.89,0.88,0.01,0.03123021125793457
phpV5QYya,0.95,100,0.95,0.94,0.01,0.03473377227783203
phpV5QYya,0.95,100,0.95,0.95,0.0,0.022852659225463867
phpV5QYya,0.95,100,0.95,0.94,0.01,0.0312502384185791
phpV5QYya,0.95,100,0.95,0.95,0.0,0.019971847534179688
phpV5QYya,0.95,100,0.95,1.0,0.05,0.030887842178344727
phpV5QYya,0.95,100,0.95,0.96,0.01,0.030808448791503906
phpV5QYya,0.95,100,0.95,0.95,0.0,0.03126215934753418
phpV5QYya,0.95,100,0.95,0.96,0.01,0.03125619888305664
phpV5QYya,0.95,100,0.95,0.94,0.01,0.015676021575927734
phpV5QYya,0.95,100,0.95,0.94,0.01,0.038923025131225586
phpV5QYya,1.0,100,1.0,1.0,0.0,0.026418209075927734
phpV5QYya,1.0,100,1.0,1.0,0.0,0.027326345443725586
phpV5QYya,1.0,100,1.0,0.99,0.01,0.02115464210510254
phpV5QYya,1.0,100,1.0,1.0,0.0,0.03078746795654297
phpV5QYya,1.0,100,1.0,1.0,0.0,0.01779770851135254
phpV5QYya,1.0,100,1.0,1.0,0.0,0.030802249908447266
phpV5QYya,1.0,100,1.0,1.0,0.0,0.03239846229553223
phpV5QYya,1.0,100,1.0,1.0,0.0,0.031339168548583984
phpV5QYya,1.0,100,1.0,1.0,0.0,0.03133273124694824
phpV5QYya,1.0,100,1.0,1.0,0.0,0.015712738037109375
pol,0.0,100,0.0,0.0,0.0,0.034926652908325195
pol,0.0,100,0.0,0.0,0.0,0.03132128715515137
pol,0.0,100,0.0,0.0,0.0,0.024674654006958008
pol,0.0,100,0.0,0.0,0.0,0.015627622604370117
pol,0.0,100,0.0,0.0,0.0,0.03134036064147949
pol,0.0,100,0.0,0.0,0.0,0.02693796157836914
pol,0.0,100,0.0,0.01,0.01,0.015627622604370117
pol,0.0,100,0.0,0.0,0.0,0.03133821487426758
pol,0.0,100,0.0,0.0,0.0,0.03520011901855469
pol,0.0,100,0.0,0.0,0.0,0.030776023864746094
pol,0.05,100,0.05,0.11,0.06,0.03522086143493652
pol,0.05,100,0.05,0.0,0.05,0.03526759147644043
pol,0.05,100,0.05,0.05,0.0,0.027788877487182617
pol,0.05,100,0.05,0.06,0.01,0.03466510772705078
pol,0.05,100,0.05,0.08,0.03,0.02736520767211914
pol,0.05,100,0.05,0.06,0.01,0.015081167221069336
pol,0.05,100,0.05,0.02,0.03,0.015088558197021484
pol,0.05,100,0.05,0.03,0.02,0.015625715255737305
pol,0.05,100,0.05,0.09,0.04,0.01826310157775879
pol,0.05,100,0.05,0.06,0.01,0.031246662139892578
pol,0.11,100,0.11,0.14,0.03,0.03133392333984375
pol,0.11,100,0.11,0.07,0.04,0.015079259872436523
pol,0.11,100,0.11,0.1,0.01,0.03133749961853027
pol,0.11,100,0.11,0.13,0.02,0.015086889266967773
pol,0.11,100,0.11,0.11,0.0,0.01092672348022461
pol,0.11,100,0.11,0.13,0.02,0.01596355438232422
pol,0.11,100,0.11,0.12,0.01,0.03133749961853027
pol,0.11,100,0.11,0.09,0.02,0.02684926986694336
pol,0.11,100,0.11,0.07,0.04,0.01572132110595703
pol,0.11,100,0.11,0.12,0.01,0.015944719314575195
pol,0.16,100,0.16,0.13,0.03,0.03906965255737305
pol,0.16,100,0.16,0.11,0.05,0.015622138977050781
pol,0.16,100,0.16,0.14,0.02,0.01563286781311035
pol,0.16,100,0.16,0.15,0.01,0.03505444526672363
pol,0.16,100,0.16,0.27,0.11,0.03439164161682129
pol,0.16,100,0.16,0.05,0.11,0.0381467342376709
pol,0.16,100,0.16,0.15,0.01,0.030802249908447266
pol,0.16,100,0.16,0.15,0.01,0.015621185302734375
pol,0.16,100,0.16,0.16,0.0,0.029773712158203125
pol,0.16,100,0.16,0.15,0.01,0.03124260902404785
pol,0.21,100,0.21,0.17,0.04,0.024268388748168945
pol,0.21,100,0.21,0.24,0.03,0.03133964538574219
pol,0.21,100,0.21,0.26,0.05,0.03075551986694336
pol,0.21,100,0.21,0.22,0.01,0.031334877014160156
pol,0.21,100,0.21,0.14,0.07,0.025381088256835938
pol,0.21,100,0.21,0.18,0.03,0.018854618072509766
pol,0.21,100,0.21,0.17,0.04,0.0353999137878418
pol,0.21,100,0.21,0.19,0.02,0.03133440017700195
pol,0.21,100,0.21,0.22,0.01,0.015626192092895508
pol,0.21,100,0.21,0.19,0.02,0.030791044235229492
pol,0.26,100,0.26,0.26,0.0,0.03132462501525879
pol,0.26,100,0.26,0.31,0.05,0.030274629592895508
pol,0.26,100,0.26,0.2,0.06,0.015627384185791016
pol,0.26,100,0.26,0.3,0.04,0.02457571029663086
pol,0.26,100,0.26,0.22,0.04,0.025785446166992188
pol,0.26,100,0.26,0.28,0.02,0.014089822769165039
pol,0.26,100,0.26,0.23,0.03,0.03140401840209961
pol,0.26,100,0.26,0.18,0.08,0.025269269943237305
pol,0.26,100,0.26,0.17,0.09,0.019284486770629883
pol,0.26,100,0.26,0.27,0.01,0.03188157081604004
pol,0.32,100,0.32,0.31,0.01,0.02759408950805664
pol,0.32,100,0.32,0.33,0.01,0.01616382598876953
pol,0.32,100,0.32,0.27,0.05,0.03562307357788086
pol,0.32,100,0.32,0.25,0.07,0.016178607940673828
pol,0.32,100,0.32,0.32,0.0,0.025867700576782227
pol,0.32,100,0.32,0.33,0.01,0.016176939010620117
pol,0.32,100,0.32,0.33,0.01,0.016207218170166016
pol,0.32,100,0.32,0.36,0.04,0.025183677673339844
pol,0.32,100,0.32,0.29,0.03,0.03471231460571289
pol,0.32,100,0.32,0.35,0.03,0.03190469741821289
pol,0.37,100,0.37,0.35,0.02,0.02470564842224121
pol,0.37,100,0.37,0.39,0.02,0.0277864933013916
pol,0.37,100,0.37,0.33,0.04,0.03982686996459961
pol,0.37,100,0.37,0.34,0.03,0.022996902465820312
pol,0.37,100,0.37,0.38,0.01,0.03179812431335449
pol,0.37,100,0.37,0.38,0.01,0.02801513671875
pol,0.37,100,0.37,0.34,0.03,0.03778433799743652
pol,0.37,100,0.37,0.44,0.07,0.01880168914794922
pol,0.37,100,0.37,0.34,0.03,0.01571369171142578
pol,0.37,100,0.37,0.29,0.08,0.03139925003051758
pol,0.42,100,0.42,0.4,0.02,0.03127861022949219
pol,0.42,100,0.42,0.42,0.0,0.028302907943725586
pol,0.42,100,0.42,0.5,0.08,0.03136610984802246
pol,0.42,100,0.42,0.36,0.06,0.02700042724609375
pol,0.42,100,0.42,0.46,0.04,0.03133654594421387
pol,0.42,100,0.42,0.46,0.04,0.030179738998413086
pol,0.42,100,0.42,0.46,0.04,0.031339168548583984
pol,0.42,100,0.42,0.44,0.02,0.01488637924194336
pol,0.42,100,0.42,0.4,0.02,0.015628576278686523
pol,0.42,100,0.42,0.47,0.05,0.030795812606811523
pol,0.47,100,0.47,0.48,0.01,0.03125286102294922
pol,0.47,100,0.47,0.49,0.02,0.030795574188232422
pol,0.47,100,0.47,0.53,0.06,0.015628337860107422
pol,0.47,100,0.47,0.46,0.01,0.01163339614868164
pol,0.47,100,0.47,0.51,0.04,0.031241893768310547
pol,0.47,100,0.47,0.51,0.04,0.012288570404052734
pol,0.47,100,0.47,0.48,0.01,0.031255245208740234
pol,0.47,100,0.47,0.45,0.02,0.021050691604614258
pol,0.47,100,0.47,0.45,0.02,0.03124856948852539
pol,0.47,100,0.47,0.48,0.01,0.025362491607666016
pol,0.53,100,0.53,0.53,0.0,0.031241893768310547
pol,0.53,100,0.53,0.54,0.01,0.023032665252685547
pol,0.53,100,0.53,0.56,0.03,0.03125476837158203
pol,0.53,100,0.53,0.48,0.05,0.012177228927612305
pol,0.53,100,0.53,0.51,0.02,0.03558778762817383
pol,0.53,100,0.53,0.56,0.03,0.022358179092407227
pol,0.53,100,0.53,0.47,0.06,0.0312504768371582
pol,0.53,100,0.53,0.5,0.03,0.01563405990600586
pol,0.53,100,0.53,0.53,0.0,0.02728748321533203
pol,0.53,100,0.53,0.5,0.03,0.03506875038146973
pol,0.58,100,0.58,0.53,0.05,0.024251699447631836
pol,0.58,100,0.58,0.59,0.01,0.031243085861206055
pol,0.58,100,0.58,0.58,0.0,0.025327444076538086
pol,0.58,100,0.58,0.55,0.03,0.026721954345703125
pol,0.58,100,0.58,0.58,0.0,0.025889158248901367
pol,0.58,100,0.58,0.56,0.02,0.03135085105895996
pol,0.58,100,0.58,0.62,0.04,0.030932188034057617
pol,0.58,100,0.58,0.55,0.03,0.03134346008300781
pol,0.58,100,0.58,0.52,0.06,0.028900861740112305
pol,0.58,100,0.58,0.62,0.04,0.0242922306060791
pol,0.63,100,0.63,0.6,0.03,0.013092041015625
pol,0.63,100,0.63,0.65,0.02,0.01618337631225586
pol,0.63,100,0.63,0.63,0.0,0.027257204055786133
pol,0.63,100,0.63,0.6,0.03,0.031229734420776367
pol,0.63,100,0.63,0.61,0.02,0.025492429733276367
pol,0.63,100,0.63,0.62,0.01,0.031250715255737305
pol,0.63,100,0.63,0.62,0.01,0.030642271041870117
pol,0.63,100,0.63,0.61,0.02,0.03125786781311035
pol,0.63,100,0.63,0.54,0.09,0.015080690383911133
pol,0.63,100,0.63,0.65,0.02,0.03224825859069824
pol,0.68,100,0.68,0.69,0.01,0.03079056739807129
pol,0.68,100,0.68,0.67,0.01,0.02428269386291504
pol,0.68,100,0.68,0.67,0.01,0.015619993209838867
pol,0.68,100,0.68,0.62,0.06,0.015709400177001953
pol,0.68,100,0.68,0.69,0.01,0.01984119415283203
pol,0.68,100,0.68,0.71,0.03,0.03079533576965332
pol,0.68,100,0.68,0.67,0.01,0.015625953674316406
pol,0.68,100,0.68,0.67,0.01,0.015641212463378906
pol,0.68,100,0.68,0.66,0.02,0.03586769104003906
pol,0.68,100,0.68,0.66,0.02,0.015625
pol,0.74,100,0.74,0.77,0.03,0.019998788833618164
pol,0.74,100,0.74,0.72,0.02,0.015614509582519531
pol,0.74,100,0.74,0.67,0.07,0.024982690811157227
pol,0.74,100,0.74,0.67,0.07,0.03133893013000488
pol,0.74,100,0.74,0.79,0.05,0.0339510440826416
pol,0.74,100,0.74,0.76,0.02,0.015633821487426758
pol,0.74,100,0.74,0.67,0.07,0.028911352157592773
pol,0.74,100,0.74,0.71,0.03,0.010924339294433594
pol,0.74,100,0.74,0.74,0.0,0.016756772994995117
pol,0.74,100,0.74,0.77,0.03,0.031248807907104492
pol,0.79,100,0.79,0.76,0.03,0.015008926391601562
pol,0.79,100,0.79,0.76,0.03,0.015619039535522461
pol,0.79,100,0.79,0.73,0.06,0.015082120895385742
pol,0.79,100,0.79,0.82,0.03,0.03470277786254883
pol,0.79,100,0.79,0.79,0.0,0.02279806137084961
pol,0.79,100,0.79,0.79,0.0,0.031639814376831055
pol,0.79,100,0.79,0.8,0.01,0.03276991844177246
pol,0.79,100,0.79,0.8,0.01,0.0307924747467041
pol,0.79,100,0.79,0.76,0.03,0.031340837478637695
pol,0.79,100,0.79,0.74,0.05,0.01691460609436035
pol,0.84,100,0.84,0.82,0.02,0.031342267990112305
pol,0.84,100,0.84,0.82,0.02,0.030588626861572266
pol,0.84,100,0.84,0.81,0.03,0.02498340606689453
pol,0.84,100,0.84,0.86,0.02,0.030829906463623047
pol,0.84,100,0.84,0.83,0.01,0.015636682510375977
pol,0.84,100,0.84,0.85,0.01,0.030768632888793945
pol,0.84,100,0.84,0.83,0.01,0.031328439712524414
pol,0.84,100,0.84,0.86,0.02,0.034277915954589844
pol,0.84,100,0.84,0.83,0.01,0.030793428421020508
pol,0.84,100,0.84,0.82,0.02,0.03133535385131836
pol,0.89,100,0.89,0.89,0.0,0.015089035034179688
pol,0.89,100,0.89,0.9,0.01,0.018738746643066406
pol,0.89,100,0.89,0.86,0.03,0.015007972717285156
pol,0.89,100,0.89,0.87,0.02,0.015625476837158203
pol,0.89,100,0.89,0.88,0.01,0.030795812606811523
pol,0.89,100,0.89,0.87,0.02,0.01563739776611328
pol,0.89,100,0.89,0.9,0.01,0.01562190055847168
pol,0.89,100,0.89,0.91,0.02,0.015711069107055664
pol,0.89,100,0.89,0.87,0.02,0.02210402488708496
pol,0.89,100,0.89,0.88,0.01,0.015715837478637695
pol,0.95,100,0.95,0.94,0.01,0.02823042869567871
pol,0.95,100,0.95,0.95,0.0,0.01159358024597168
pol,0.95,100,0.95,0.95,0.0,0.03395986557006836
pol,0.95,100,0.95,0.96,0.01,0.030293703079223633
pol,0.95,100,0.95,0.95,0.0,0.015169382095336914
pol,0.95,100,0.95,0.95,0.0,0.03065037727355957
pol,0.95,100,0.95,0.95,0.0,0.035925865173339844
pol,0.95,100,0.95,0.97,0.02,0.019940614700317383
pol,0.95,100,0.95,0.97,0.02,0.030922412872314453
pol,0.95,100,0.95,0.97,0.02,0.03179740905761719
pol,1.0,100,1.0,1.0,0.0,0.029140233993530273
pol,1.0,100,1.0,0.99,0.01,0.03125119209289551
pol,1.0,100,1.0,1.0,0.0,0.03101825714111328
pol,1.0,100,1.0,1.0,0.0,0.02573251724243164
pol,1.0,100,1.0,1.0,0.0,0.025333404541015625
pol,1.0,100,1.0,1.0,0.0,0.031258344650268555
pol,1.0,100,1.0,1.0,0.0,0.024653911590576172
pol,1.0,100,1.0,1.0,0.0,0.015626907348632812
pol,1.0,100,1.0,1.0,0.0,0.02467179298400879
pol,1.0,100,1.0,1.0,0.0,0.0330967903137207
pollen,0.0,100,0.0,1.0,1.0,0.01556086540222168
pollen,0.0,100,0.0,1.0,1.0,0.030912399291992188
pollen,0.0,100,0.0,1.0,1.0,0.015675067901611328
pollen,0.0,100,0.0,1.0,1.0,0.03130817413330078
pollen,0.0,100,0.0,1.0,1.0,0.013785600662231445
pollen,0.0,100,0.0,1.0,1.0,0.015688419342041016
pollen,0.0,100,0.0,1.0,1.0,0.016073226928710938
pollen,0.0,100,0.0,1.0,1.0,0.025293350219726562
pollen,0.0,100,0.0,1.0,1.0,0.02417731285095215
pollen,0.0,100,0.0,1.0,1.0,0.03069281578063965
pollen,0.05,100,0.05,1.0,0.95,0.0306551456451416
pollen,0.05,100,0.05,1.0,0.95,0.025402307510375977
pollen,0.05,100,0.05,1.0,0.95,0.02876877784729004
pollen,0.05,100,0.05,1.0,0.95,0.011677265167236328
pollen,0.05,100,0.05,1.0,0.95,0.03322243690490723
pollen,0.05,100,0.05,1.0,0.95,0.01564478874206543
pollen,0.05,100,0.05,1.0,0.95,0.0156404972076416
pollen,0.05,100,0.05,1.0,0.95,0.015621662139892578
pollen,0.05,100,0.05,1.0,0.95,0.030841588973999023
pollen,0.05,100,0.05,1.0,0.95,0.014216423034667969
pollen,0.11,100,0.11,1.0,0.89,0.021236419677734375
pollen,0.11,100,0.11,1.0,0.89,0.03082895278930664
pollen,0.11,100,0.11,1.0,0.89,0.025953054428100586
pollen,0.11,100,0.11,1.0,0.89,0.03130769729614258
pollen,0.11,100,0.11,0.0,0.11,0.027204275131225586
pollen,0.11,100,0.11,1.0,0.89,0.03135871887207031
pollen,0.11,100,0.11,1.0,0.89,0.016216516494750977
pollen,0.11,100,0.11,1.0,0.89,0.030831098556518555
pollen,0.11,100,0.11,1.0,0.89,0.031255483627319336
pollen,0.11,100,0.11,1.0,0.89,0.015111207962036133
pollen,0.16,100,0.16,0.0,0.16,0.024300098419189453
pollen,0.16,100,0.16,0.0,0.16,0.015726089477539062
pollen,0.16,100,0.16,0.0,0.16,0.012111663818359375
pollen,0.16,100,0.16,0.69,0.53,0.031193971633911133
pollen,0.16,100,0.16,0.0,0.16,0.015685558319091797
pollen,0.16,100,0.16,1.0,0.84,0.02779388427734375
pollen,0.16,100,0.16,1.0,0.84,0.012939691543579102
pollen,0.16,100,0.16,1.0,0.84,0.010312795639038086
pollen,0.16,100,0.16,1.0,0.84,0.015672683715820312
pollen,0.16,100,0.16,1.0,0.84,0.0313565731048584
pollen,0.21,100,0.21,1.0,0.79,0.030642271041870117
pollen,0.21,100,0.21,1.0,0.79,0.03124403953552246
pollen,0.21,100,0.21,0.69,0.48,0.027837514877319336
pollen,0.21,100,0.21,1.0,0.79,0.034774065017700195
pollen,0.21,100,0.21,0.54,0.33,0.022727251052856445
pollen,0.21,100,0.21,1.0,0.79,0.019928693771362305
pollen,0.21,100,0.21,1.0,0.79,0.015625953674316406
pollen,0.21,100,0.21,1.0,0.79,0.03242039680480957
pollen,0.21,100,0.21,0.69,0.48,0.025963544845581055
pollen,0.21,100,0.21,1.0,0.79,0.015600442886352539
pollen,0.26,100,0.26,1.0,0.74,0.024175405502319336
pollen,0.26,100,0.26,0.69,0.43,0.014016866683959961
pollen,0.26,100,0.26,1.0,0.74,0.020036697387695312
pollen,0.26,100,0.26,1.0,0.74,0.031256675720214844
pollen,0.26,100,0.26,1.0,0.74,0.03135037422180176
pollen,0.26,100,0.26,1.0,0.74,0.014144420623779297
pollen,0.26,100,0.26,0.23,0.03,0.031245946884155273
pollen,0.26,100,0.26,1.0,0.74,0.03134942054748535
pollen,0.26,100,0.26,1.0,0.74,0.027347326278686523
pollen,0.26,100,0.26,1.0,0.74,0.034364938735961914
pollen,0.32,100,0.32,1.0,0.68,0.018333911895751953
pollen,0.32,100,0.32,0.0,0.32,0.02487349510192871
pollen,0.32,100,0.32,1.0,0.68,0.031244993209838867
pollen,0.32,100,0.32,1.0,0.68,0.015738487243652344
pollen,0.32,100,0.32,1.0,0.68,0.024439573287963867
pollen,0.32,100,0.32,1.0,0.68,0.03135514259338379
pollen,0.32,100,0.32,1.0,0.68,0.02633190155029297
pollen,0.32,100,0.32,1.0,0.68,0.02527451515197754
pollen,0.32,100,0.32,1.0,0.68,0.026734590530395508
pollen,0.32,100,0.32,1.0,0.68,0.034442901611328125
pollen,0.37,100,0.37,1.0,0.63,0.025087833404541016
pollen,0.37,100,0.37,1.0,0.63,0.03125333786010742
pollen,0.37,100,0.37,1.0,0.63,0.024228811264038086
pollen,0.37,100,0.37,1.0,0.63,0.012317419052124023
pollen,0.37,100,0.37,1.0,0.63,0.016222715377807617
pollen,0.37,100,0.37,1.0,0.63,0.025829315185546875
pollen,0.37,100,0.37,1.0,0.63,0.03296995162963867
pollen,0.37,100,0.37,1.0,0.63,0.031221628189086914
pollen,0.37,100,0.37,1.0,0.63,0.015106201171875
pollen,0.37,100,0.37,1.0,0.63,0.031249284744262695
pollen,0.42,100,0.42,1.0,0.58,0.01572561264038086
pollen,0.42,100,0.42,0.0,0.42,0.021203994750976562
pollen,0.42,100,0.42,0.0,0.42,0.020716190338134766
pollen,0.42,100,0.42,0.69,0.27,0.03004169464111328
pollen,0.42,100,0.42,1.0,0.58,0.012178182601928711
pollen,0.42,100,0.42,0.0,0.42,0.03135418891906738
pollen,0.42,100,0.42,1.0,0.58,0.03083515167236328
pollen,0.42,100,0.42,1.0,0.58,0.03295493125915527
pollen,0.42,100,0.42,1.0,0.58,0.031635284423828125
pollen,0.42,100,0.42,1.0,0.58,0.02832961082458496
pollen,0.47,100,0.47,0.0,0.47,0.031708717346191406
pollen,0.47,100,0.47,0.0,0.47,0.03135871887207031
pollen,0.47,100,0.47,0.0,0.47,0.027990102767944336
pollen,0.47,100,0.47,1.0,0.53,0.01573657989501953
pollen,0.47,100,0.47,1.0,0.53,0.020039796829223633
pollen,0.47,100,0.47,0.0,0.47,0.028183698654174805
pollen,0.47,100,0.47,1.0,0.53,0.031356096267700195
pollen,0.47,100,0.47,1.0,0.53,0.023793697357177734
pollen,0.47,100,0.47,1.0,0.53,0.010576963424682617
pollen,0.47,100,0.47,1.0,0.53,0.015703916549682617
pollen,0.53,100,0.53,0.69,0.16,0.027161121368408203
pollen,0.53,100,0.53,1.0,0.47,0.03183174133300781
pollen,0.53,100,0.53,1.0,0.47,0.015094280242919922
pollen,0.53,100,0.53,1.0,0.47,0.024821996688842773
pollen,0.53,100,0.53,1.0,0.47,0.015620946884155273
pollen,0.53,100,0.53,1.0,0.47,0.012334823608398438
pollen,0.53,100,0.53,1.0,0.47,0.015685319900512695
pollen,0.53,100,0.53,0.0,0.53,0.02024245262145996
pollen,0.53,100,0.53,0.0,0.53,0.015671730041503906
pollen,0.53,100,0.53,0.0,0.53,0.015725374221801758
pollen,0.58,100,0.58,1.0,0.42,0.030796051025390625
pollen,0.58,100,0.58,1.0,0.42,0.03340411186218262
pollen,0.58,100,0.58,1.0,0.42,0.028428077697753906
pollen,0.58,100,0.58,1.0,0.42,0.031308650970458984
pollen,0.58,100,0.58,1.0,0.42,0.030834197998046875
pollen,0.58,100,0.58,1.0,0.42,0.023895740509033203
pollen,0.58,100,0.58,1.0,0.42,0.015619277954101562
pollen,0.58,100,0.58,1.0,0.42,0.010792255401611328
pollen,0.58,100,0.58,0.0,0.58,0.031903982162475586
pollen,0.58,100,0.58,1.0,0.42,0.015101194381713867
pollen,0.63,100,0.63,1.0,0.37,0.017667770385742188
pollen,0.63,100,0.63,1.0,0.37,0.015535593032836914
pollen,0.63,100,0.63,1.0,0.37,0.018299341201782227
pollen,0.63,100,0.63,1.0,0.37,0.021842241287231445
pollen,0.63,100,0.63,1.0,0.37,0.029366493225097656
pollen,0.63,100,0.63,1.0,0.37,0.015108108520507812
pollen,0.63,100,0.63,1.0,0.37,0.034620046615600586
pollen,0.63,100,0.63,1.0,0.37,0.03134465217590332
pollen,0.63,100,0.63,1.0,0.37,0.015107870101928711
pollen,0.63,100,0.63,1.0,0.37,0.015629291534423828
pollen,0.68,100,0.68,1.0,0.32,0.031253814697265625
pollen,0.68,100,0.68,1.0,0.32,0.017911195755004883
pollen,0.68,100,0.68,0.0,0.68,0.024217844009399414
pollen,0.68,100,0.68,0.0,0.68,0.020230770111083984
pollen,0.68,100,0.68,1.0,0.32,0.020912647247314453
pollen,0.68,100,0.68,1.0,0.32,0.031255245208740234
pollen,0.68,100,0.68,1.0,0.32,0.015734195709228516
pollen,0.68,100,0.68,1.0,0.32,0.02595043182373047
pollen,0.68,100,0.68,0.0,0.68,0.031949520111083984
pollen,0.68,100,0.68,0.0,0.68,0.018176555633544922
pollen,0.74,100,0.74,0.0,0.74,0.03124260902404785
pollen,0.74,100,0.74,0.0,0.74,0.019111156463623047
pollen,0.74,100,0.74,1.0,0.26,0.01865220069885254
pollen,0.74,100,0.74,1.0,0.26,0.026832103729248047
pollen,0.74,100,0.74,0.69,0.05,0.01902151107788086
pollen,0.74,100,0.74,1.0,0.26,0.01561880111694336
pollen,0.74,100,0.74,1.0,0.26,0.015623092651367188
pollen,0.74,100,0.74,1.0,0.26,0.029880762100219727
pollen,0.74,100,0.74,1.0,0.26,0.03135180473327637
pollen,0.74,100,0.74,1.0,0.26,0.02596139907836914
pollen,0.79,100,0.79,1.0,0.21,0.016198396682739258
pollen,0.79,100,0.79,1.0,0.21,0.015724897384643555
pollen,0.79,100,0.79,0.54,0.25,0.0349888801574707
pollen,0.79,100,0.79,0.0,0.79,0.015616655349731445
pollen,0.79,100,0.79,1.0,0.21,0.018910646438598633
pollen,0.79,100,0.79,0.69,0.1,0.025179147720336914
pollen,0.79,100,0.79,1.0,0.21,0.031905174255371094
pollen,0.79,100,0.79,0.0,0.79,0.023365259170532227
pollen,0.79,100,0.79,0.0,0.79,0.031248807907104492
pollen,0.79,100,0.79,1.0,0.21,0.015103340148925781
pollen,0.84,100,0.84,0.0,0.84,0.027324676513671875
pollen,0.84,100,0.84,0.69,0.15,0.03136324882507324
pollen,0.84,100,0.84,1.0,0.16,0.023790836334228516
pollen,0.84,100,0.84,1.0,0.16,0.02623915672302246
pollen,0.84,100,0.84,1.0,0.16,0.010553121566772461
pollen,0.84,100,0.84,1.0,0.16,0.034121036529541016
pollen,0.84,100,0.84,1.0,0.16,0.03094029426574707
pollen,0.84,100,0.84,0.0,0.84,0.027434825897216797
pollen,0.84,100,0.84,1.0,0.16,0.031252384185791016
pollen,0.84,100,0.84,0.0,0.84,0.024595260620117188
pollen,0.89,100,0.89,1.0,0.11,0.03124237060546875
pollen,0.89,100,0.89,0.0,0.89,0.031341552734375
pollen,0.89,100,0.89,1.0,0.11,0.027176380157470703
pollen,0.89,100,0.89,0.0,0.89,0.031314849853515625
pollen,0.89,100,0.89,0.0,0.89,0.016714096069335938
pollen,0.89,100,0.89,1.0,0.11,0.013204336166381836
pollen,0.89,100,0.89,1.0,0.11,0.026250600814819336
pollen,0.89,100,0.89,1.0,0.11,0.0313563346862793
pollen,0.89,100,0.89,0.69,0.2,0.02208852767944336
pollen,0.89,100,0.89,1.0,0.11,0.01560831069946289
pollen,0.95,100,0.95,0.69,0.26,0.031354665756225586
pollen,0.95,100,0.95,1.0,0.05,0.026732206344604492
pollen,0.95,100,0.95,1.0,0.05,0.016209125518798828
pollen,0.95,100,0.95,1.0,0.05,0.03130483627319336
pollen,0.95,100,0.95,1.0,0.05,0.028979778289794922
pollen,0.95,100,0.95,1.0,0.05,0.015630245208740234
pollen,0.95,100,0.95,0.0,0.95,0.015726566314697266
pollen,0.95,100,0.95,0.0,0.95,0.03067779541015625
pollen,0.95,100,0.95,1.0,0.05,0.015727996826171875
pollen,0.95,100,0.95,1.0,0.05,0.022837400436401367
pollen,1.0,100,1.0,0.0,1.0,0.02203965187072754
pollen,1.0,100,1.0,0.0,1.0,0.02626323699951172
pollen,1.0,100,1.0,1.0,0.0,0.0312349796295166
pollen,1.0,100,1.0,1.0,0.0,0.02672600746154785
pollen,1.0,100,1.0,0.0,1.0,0.015733003616333008
pollen,1.0,100,1.0,1.0,0.0,0.016214609146118164
pollen,1.0,100,1.0,0.77,0.23,0.018883228302001953
pollen,1.0,100,1.0,1.0,0.0,0.015851736068725586
pollen,1.0,100,1.0,0.0,1.0,0.01974320411682129
pollen,1.0,100,1.0,0.0,1.0,0.0157318115234375
puma32H,0.0,100,0.0,0.0,0.0,0.031290292739868164
puma32H,0.0,100,0.0,0.0,0.0,0.031341552734375
puma32H,0.0,100,0.0,0.13,0.13,0.014012813568115234
puma32H,0.0,100,0.0,0.0,0.0,0.015691518783569336
puma32H,0.0,100,0.0,0.0,0.0,0.025330781936645508
puma32H,0.0,100,0.0,0.0,0.0,0.012407064437866211
puma32H,0.0,100,0.0,0.0,0.0,0.03165388107299805
puma32H,0.0,100,0.0,0.11,0.11,0.03126120567321777
puma32H,0.0,100,0.0,0.07,0.07,0.03827047348022461
puma32H,0.0,100,0.0,0.14,0.14,0.03125429153442383
puma32H,0.05,100,0.05,0.0,0.05,0.03125333786010742
puma32H,0.05,100,0.05,0.0,0.05,0.02131175994873047
puma32H,0.05,100,0.05,0.38,0.33,0.0122222900390625
puma32H,0.05,100,0.05,0.0,0.05,0.01829385757446289
puma32H,0.05,100,0.05,0.04,0.01,0.016638755798339844
puma32H,0.05,100,0.05,0.0,0.05,0.015079736709594727
puma32H,0.05,100,0.05,0.38,0.33,0.024295806884765625
puma32H,0.05,100,0.05,0.0,0.05,0.015709877014160156
puma32H,0.05,100,0.05,0.01,0.04,0.034416913986206055
puma32H,0.05,100,0.05,0.0,0.05,0.015619754791259766
puma32H,0.11,100,0.11,0.16,0.05,0.015619516372680664
puma32H,0.11,100,0.11,0.08,0.03,0.01571035385131836
puma32H,0.11,100,0.11,0.0,0.11,0.01229715347290039
puma32H,0.11,100,0.11,0.0,0.11,0.03418254852294922
puma32H,0.11,100,0.11,0.1,0.01,0.03204536437988281
puma32H,0.11,100,0.11,0.0,0.11,0.0309295654296875
puma32H,0.11,100,0.11,0.27,0.16,0.020129680633544922
puma32H,0.11,100,0.11,0.17,0.06,0.031334877014160156
puma32H,0.11,100,0.11,0.01,0.1,0.030792236328125
puma32H,0.11,100,0.11,0.09,0.02,0.01562190055847168
puma32H,0.16,100,0.16,0.0,0.16,0.01617598533630371
puma32H,0.16,100,0.16,0.08,0.08,0.03112173080444336
puma32H,0.16,100,0.16,0.21,0.05,0.0172119140625
puma32H,0.16,100,0.16,0.2,0.04,0.03196835517883301
puma32H,0.16,100,0.16,0.11,0.05,0.03439903259277344
puma32H,0.16,100,0.16,0.0,0.16,0.02482295036315918
puma32H,0.16,100,0.16,0.21,0.05,0.03787684440612793
puma32H,0.16,100,0.16,0.24,0.08,0.025330066680908203
puma32H,0.16,100,0.16,0.01,0.15,0.030709028244018555
puma32H,0.16,100,0.16,0.18,0.02,0.025068998336791992
puma32H,0.21,100,0.21,0.04,0.17,0.019029617309570312
puma32H,0.21,100,0.21,0.19,0.02,0.015984535217285156
puma32H,0.21,100,0.21,0.09,0.12,0.031245946884155273
puma32H,0.21,100,0.21,0.14,0.07,0.03079390525817871
puma32H,0.21,100,0.21,0.0,0.21,0.030799388885498047
puma32H,0.21,100,0.21,0.41,0.2,0.03130483627319336
puma32H,0.21,100,0.21,0.0,0.21,0.03133440017700195
puma32H,0.21,100,0.21,0.22,0.01,0.031339168548583984
puma32H,0.21,100,0.21,0.0,0.21,0.012759923934936523
puma32H,0.21,100,0.21,0.02,0.19,0.034812211990356445
puma32H,0.26,100,0.26,0.16,0.1,0.02580118179321289
puma32H,0.26,100,0.26,0.63,0.37,0.024821758270263672
puma32H,0.26,100,0.26,0.37,0.11,0.01569986343383789
puma32H,0.26,100,0.26,0.0,0.26,0.03079962730407715
puma32H,0.26,100,0.26,0.19,0.07,0.03188586235046387
puma32H,0.26,100,0.26,0.01,0.25,0.015088558197021484
puma32H,0.26,100,0.26,0.59,0.33,0.015084981918334961
puma32H,0.26,100,0.26,0.37,0.11,0.023296833038330078
puma32H,0.26,100,0.26,0.14,0.12,0.01570582389831543
puma32H,0.26,100,0.26,0.17,0.09,0.031484365463256836
puma32H,0.32,100,0.32,0.51,0.19,0.015617132186889648
puma32H,0.32,100,0.32,0.38,0.06,0.015625
puma32H,0.32,100,0.32,0.03,0.29,0.025142192840576172
puma32H,0.32,100,0.32,0.29,0.03,0.032221317291259766
puma32H,0.32,100,0.32,0.33,0.01,0.010914087295532227
puma32H,0.32,100,0.32,0.22,0.1,0.023571491241455078
puma32H,0.32,100,0.32,0.19,0.13,0.016641616821289062
puma32H,0.32,100,0.32,0.39,0.07,0.015626192092895508
puma32H,0.32,100,0.32,0.36,0.04,0.015626192092895508
puma32H,0.32,100,0.32,0.0,0.32,0.0342562198638916
puma32H,0.37,100,0.37,0.4,0.03,0.015614986419677734
puma32H,0.37,100,0.37,0.56,0.19,0.034546613693237305
puma32H,0.37,100,0.37,0.37,0.0,0.01563262939453125
puma32H,0.37,100,0.37,0.23,0.14,0.0312497615814209
puma32H,0.37,100,0.37,0.52,0.15,0.029620647430419922
puma32H,0.37,100,0.37,0.22,0.15,0.027350187301635742
puma32H,0.37,100,0.37,0.31,0.06,0.018163204193115234
puma32H,0.37,100,0.37,0.24,0.13,0.01508331298828125
puma32H,0.37,100,0.37,0.5,0.13,0.031256914138793945
puma32H,0.37,100,0.37,0.42,0.05,0.025293350219726562
puma32H,0.42,100,0.42,0.49,0.07,0.01562952995300293
puma32H,0.42,100,0.42,0.4,0.02,0.025215864181518555
puma32H,0.42,100,0.42,0.52,0.1,0.021037578582763672
puma32H,0.42,100,0.42,0.63,0.21,0.031246185302734375
puma32H,0.42,100,0.42,0.6,0.18,0.016156911849975586
puma32H,0.42,100,0.42,0.34,0.08,0.015619039535522461
puma32H,0.42,100,0.42,0.29,0.13,0.03452563285827637
puma32H,0.42,100,0.42,0.42,0.0,0.029397249221801758
puma32H,0.42,100,0.42,0.58,0.16,0.024378538131713867
puma32H,0.42,100,0.42,0.45,0.03,0.03152275085449219
puma32H,0.47,100,0.47,0.32,0.15,0.03525352478027344
puma32H,0.47,100,0.47,0.65,0.18,0.024897336959838867
puma32H,0.47,100,0.47,0.02,0.45,0.031411170959472656
puma32H,0.47,100,0.47,0.71,0.24,0.02742767333984375
puma32H,0.47,100,0.47,0.71,0.24,0.025891780853271484
puma32H,0.47,100,0.47,0.47,0.0,0.030295372009277344
puma32H,0.47,100,0.47,0.57,0.1,0.027438640594482422
puma32H,0.47,100,0.47,0.44,0.03,0.03124403953552246
puma32H,0.47,100,0.47,0.8,0.33,0.03125596046447754
puma32H,0.47,100,0.47,0.4,0.07,0.029135942459106445
puma32H,0.53,100,0.53,0.74,0.21,0.015090703964233398
puma32H,0.53,100,0.53,0.48,0.05,0.016232967376708984
puma32H,0.53,100,0.53,0.65,0.12,0.027846574783325195
puma32H,0.53,100,0.53,0.6,0.07,0.029961347579956055
puma32H,0.53,100,0.53,0.52,0.01,0.027297258377075195
puma32H,0.53,100,0.53,0.49,0.04,0.01796722412109375
puma32H,0.53,100,0.53,0.52,0.01,0.02483987808227539
puma32H,0.53,100,0.53,0.34,0.19,0.010545015335083008
puma32H,0.53,100,0.53,0.6,0.07,0.015617132186889648
puma32H,0.53,100,0.53,0.8,0.27,0.028300046920776367
puma32H,0.58,100,0.58,0.61,0.03,0.03125953674316406
puma32H,0.58,100,0.58,0.59,0.01,0.031890153884887695
puma32H,0.58,100,0.58,0.86,0.28,0.031331539154052734
puma32H,0.58,100,0.58,0.64,0.06,0.03117203712463379
puma32H,0.58,100,0.58,0.23,0.35,0.01571822166442871
puma32H,0.58,100,0.58,0.56,0.02,0.015635967254638672
puma32H,0.58,100,0.58,0.59,0.01,0.02834916114807129
puma32H,0.58,100,0.58,0.42,0.16,0.01562666893005371
puma32H,0.58,100,0.58,0.49,0.09,0.027360200881958008
puma32H,0.58,100,0.58,0.8,0.22,0.028296232223510742
puma32H,0.63,100,0.63,0.75,0.12,0.0312497615814209
puma32H,0.63,100,0.63,0.64,0.01,0.03281259536743164
puma32H,0.63,100,0.63,0.6,0.03,0.028861045837402344
puma32H,0.63,100,0.63,0.44,0.19,0.03387808799743652
puma32H,0.63,100,0.63,0.58,0.05,0.02080845832824707
puma32H,0.63,100,0.63,0.68,0.05,0.015080690383911133
puma32H,0.63,100,0.63,0.76,0.13,0.025296449661254883
puma32H,0.63,100,0.63,0.63,0.0,0.03125262260437012
puma32H,0.63,100,0.63,0.79,0.16,0.015508890151977539
puma32H,0.63,100,0.63,0.67,0.04,0.03426623344421387
puma32H,0.68,100,0.68,0.87,0.19,0.021857500076293945
puma32H,0.68,100,0.68,0.57,0.11,0.026638031005859375
puma32H,0.68,100,0.68,1.0,0.32,0.015087127685546875
puma32H,0.68,100,0.68,0.57,0.11,0.019039154052734375
puma32H,0.68,100,0.68,0.6,0.08,0.01562190055847168
puma32H,0.68,100,0.68,0.81,0.13,0.03444814682006836
puma32H,0.68,100,0.68,0.69,0.01,0.015080928802490234
puma32H,0.68,100,0.68,0.72,0.04,0.031252145767211914
puma32H,0.68,100,0.68,0.46,0.22,0.03180551528930664
puma32H,0.68,100,0.68,0.8,0.12,0.031249284744262695
puma32H,0.74,100,0.74,1.0,0.26,0.02920818328857422
puma32H,0.74,100,0.74,0.57,0.17,0.024930238723754883
puma32H,0.74,100,0.74,0.72,0.02,0.03638768196105957
puma32H,0.74,100,0.74,0.79,0.05,0.018946170806884766
puma32H,0.74,100,0.74,0.32,0.42,0.01563715934753418
puma32H,0.74,100,0.74,0.84,0.1,0.03179168701171875
puma32H,0.74,100,0.74,0.7,0.04,0.038263797760009766
puma32H,0.74,100,0.74,0.96,0.22,0.027400970458984375
puma32H,0.74,100,0.74,0.66,0.08,0.016643285751342773
puma32H,0.74,100,0.74,0.74,0.0,0.01618051528930664
puma32H,0.79,100,0.79,0.77,0.02,0.01563429832458496
puma32H,0.79,100,0.79,0.53,0.26,0.03438305854797363
puma32H,0.79,100,0.79,0.91,0.12,0.015627384185791016
puma32H,0.79,100,0.79,0.7,0.09,0.01562356948852539
puma32H,0.79,100,0.79,0.68,0.11,0.031342506408691406
puma32H,0.79,100,0.79,0.99,0.2,0.034818172454833984
puma32H,0.79,100,0.79,0.84,0.05,0.03475809097290039
puma32H,0.79,100,0.79,0.57,0.22,0.027230024337768555
puma32H,0.79,100,0.79,0.53,0.26,0.025208234786987305
puma32H,0.79,100,0.79,0.94,0.15,0.0208132266998291
puma32H,0.84,100,0.84,0.74,0.1,0.015724658966064453
puma32H,0.84,100,0.84,0.54,0.3,0.02280712127685547
puma32H,0.84,100,0.84,0.75,0.09,0.015717506408691406
puma32H,0.84,100,0.84,0.97,0.13,0.031347036361694336
puma32H,0.84,100,0.84,0.85,0.01,0.03188300132751465
puma32H,0.84,100,0.84,0.82,0.02,0.03133678436279297
puma32H,0.84,100,0.84,1.0,0.16,0.03181171417236328
puma32H,0.84,100,0.84,0.66,0.18,0.03133201599121094
puma32H,0.84,100,0.84,1.0,0.16,0.02449774742126465
puma32H,0.84,100,0.84,0.78,0.06,0.03678631782531738
puma32H,0.89,100,0.89,0.98,0.09,0.030669450759887695
puma32H,0.89,100,0.89,0.85,0.04,0.01570606231689453
puma32H,0.89,100,0.89,1.0,0.11,0.015635013580322266
puma32H,0.89,100,0.89,1.0,0.11,0.03188586235046387
puma32H,0.89,100,0.89,0.81,0.08,0.015712499618530273
puma32H,0.89,100,0.89,0.87,0.02,0.031336069107055664
puma32H,0.89,100,0.89,0.84,0.05,0.03132462501525879
puma32H,0.89,100,0.89,0.74,0.15,0.0312502384185791
puma32H,0.89,100,0.89,1.0,0.11,0.03914475440979004
puma32H,0.89,100,0.89,0.62,0.27,0.02794194221496582
puma32H,0.95,100,0.95,0.88,0.07,0.030780315399169922
puma32H,0.95,100,0.95,1.0,0.05,0.015944719314575195
puma32H,0.95,100,0.95,1.0,0.05,0.015079021453857422
puma32H,0.95,100,0.95,1.0,0.05,0.03133344650268555
puma32H,0.95,100,0.95,0.83,0.12,0.015626192092895508
puma32H,0.95,100,0.95,1.0,0.05,0.038881540298461914
puma32H,0.95,100,0.95,1.0,0.05,0.033271074295043945
puma32H,0.95,100,0.95,0.69,0.26,0.034676551818847656
puma32H,0.95,100,0.95,0.86,0.09,0.02985215187072754
puma32H,0.95,100,0.95,1.0,0.05,0.025828123092651367
puma32H,1.0,100,1.0,0.72,0.28,0.01707911491394043
puma32H,1.0,100,1.0,0.61,0.39,0.024161100387573242
puma32H,1.0,100,1.0,0.8,0.2,0.018797636032104492
puma32H,1.0,100,1.0,1.0,0.0,0.03134441375732422
puma32H,1.0,100,1.0,1.0,0.0,0.03853869438171387
puma32H,1.0,100,1.0,1.0,0.0,0.015712499618530273
puma32H,1.0,100,1.0,0.83,0.17,0.021121978759765625
puma32H,1.0,100,1.0,1.0,0.0,0.019632339477539062
puma32H,1.0,100,1.0,1.0,0.0,0.01508188247680664
puma32H,1.0,100,1.0,0.88,0.12,0.01569986343383789
puma8NH,0.0,100,0.0,0.0,0.0,0.025037765502929688
puma8NH,0.0,100,0.0,0.0,0.0,0.021019458770751953
puma8NH,0.0,100,0.0,0.05,0.05,0.019018173217773438
puma8NH,0.0,100,0.0,0.0,0.0,0.02724456787109375
puma8NH,0.0,100,0.0,0.0,0.0,0.030736446380615234
puma8NH,0.0,100,0.0,0.0,0.0,0.03133726119995117
puma8NH,0.0,100,0.0,0.0,0.0,0.031246662139892578
puma8NH,0.0,100,0.0,0.01,0.01,0.015716552734375
puma8NH,0.0,100,0.0,0.03,0.03,0.031243562698364258
puma8NH,0.0,100,0.0,0.0,0.0,0.028363943099975586
puma8NH,0.05,100,0.05,0.06,0.01,0.03289651870727539
puma8NH,0.05,100,0.05,0.12,0.07,0.029707908630371094
puma8NH,0.05,100,0.05,0.03,0.02,0.022699594497680664
puma8NH,0.05,100,0.05,0.0,0.05,0.03537487983703613
puma8NH,0.05,100,0.05,0.1,0.05,0.01616048812866211
puma8NH,0.05,100,0.05,0.08,0.03,0.02732396125793457
puma8NH,0.05,100,0.05,0.14,0.09,0.015623092651367188
puma8NH,0.05,100,0.05,0.05,0.0,0.015709638595581055
puma8NH,0.05,100,0.05,0.0,0.05,0.015625953674316406
puma8NH,0.05,100,0.05,0.06,0.01,0.03179049491882324
puma8NH,0.11,100,0.11,0.06,0.05,0.025780916213989258
puma8NH,0.11,100,0.11,0.03,0.08,0.024909257888793945
puma8NH,0.11,100,0.11,0.12,0.01,0.027451276779174805
puma8NH,0.11,100,0.11,0.1,0.01,0.030230283737182617
puma8NH,0.11,100,0.11,0.13,0.02,0.025227785110473633
puma8NH,0.11,100,0.11,0.14,0.03,0.030805349349975586
puma8NH,0.11,100,0.11,0.15,0.04,0.02403712272644043
puma8NH,0.11,100,0.11,0.04,0.07,0.021186351776123047
puma8NH,0.11,100,0.11,0.08,0.03,0.030790090560913086
puma8NH,0.11,100,0.11,0.17,0.06,0.03132462501525879
puma8NH,0.16,100,0.16,0.12,0.04,0.013083457946777344
puma8NH,0.16,100,0.16,0.16,0.0,0.0313417911529541
puma8NH,0.16,100,0.16,0.13,0.03,0.03173232078552246
puma8NH,0.16,100,0.16,0.13,0.03,0.015630006790161133
puma8NH,0.16,100,0.16,0.13,0.03,0.01571035385131836
puma8NH,0.16,100,0.16,0.16,0.0,0.024802446365356445
puma8NH,0.16,100,0.16,0.2,0.04,0.03133797645568848
puma8NH,0.16,100,0.16,0.11,0.05,0.019713640213012695
puma8NH,0.16,100,0.16,0.19,0.03,0.027788639068603516
puma8NH,0.16,100,0.16,0.11,0.05,0.03528308868408203
puma8NH,0.21,100,0.21,0.22,0.01,0.01616525650024414
puma8NH,0.21,100,0.21,0.19,0.02,0.015621185302734375
puma8NH,0.21,100,0.21,0.17,0.04,0.025217294692993164
puma8NH,0.21,100,0.21,0.06,0.15,0.012773990631103516
puma8NH,0.21,100,0.21,0.17,0.04,0.016925334930419922
puma8NH,0.21,100,0.21,0.16,0.05,0.03124713897705078
puma8NH,0.21,100,0.21,0.11,0.1,0.031250953674316406
puma8NH,0.21,100,0.21,0.22,0.01,0.03310060501098633
puma8NH,0.21,100,0.21,0.22,0.01,0.03522348403930664
puma8NH,0.21,100,0.21,0.22,0.01,0.024798154830932617
puma8NH,0.26,100,0.26,0.29,0.03,0.011545896530151367
puma8NH,0.26,100,0.26,0.23,0.03,0.027466297149658203
puma8NH,0.26,100,0.26,0.4,0.14,0.025301456451416016
puma8NH,0.26,100,0.26,0.27,0.01,0.015625476837158203
puma8NH,0.26,100,0.26,0.28,0.02,0.016014575958251953
puma8NH,0.26,100,0.26,0.23,0.03,0.024019956588745117
puma8NH,0.26,100,0.26,0.2,0.06,0.029872894287109375
puma8NH,0.26,100,0.26,0.33,0.07,0.024751663208007812
puma8NH,0.26,100,0.26,0.29,0.03,0.015078544616699219
puma8NH,0.26,100,0.26,0.21,0.05,0.03129267692565918
puma8NH,0.32,100,0.32,0.37,0.05,0.015615701675415039
puma8NH,0.32,100,0.32,0.32,0.0,0.015623807907104492
puma8NH,0.32,100,0.32,0.45,0.13,0.015711545944213867
puma8NH,0.32,100,0.32,0.33,0.01,0.01563405990600586
puma8NH,0.32,100,0.32,0.37,0.05,0.01821160316467285
puma8NH,0.32,100,0.32,0.29,0.03,0.03124260902404785
puma8NH,0.32,100,0.32,0.28,0.04,0.02521800994873047
puma8NH,0.32,100,0.32,0.31,0.01,0.027448654174804688
puma8NH,0.32,100,0.32,0.25,0.07,0.015084266662597656
puma8NH,0.32,100,0.32,0.28,0.04,0.031021595001220703
puma8NH,0.37,100,0.37,0.38,0.01,0.031249523162841797
puma8NH,0.37,100,0.37,0.42,0.05,0.031250953674316406
puma8NH,0.37,100,0.37,0.33,0.04,0.019821643829345703
puma8NH,0.37,100,0.37,0.36,0.01,0.0156252384185791
puma8NH,0.37,100,0.37,0.32,0.05,0.03188371658325195
puma8NH,0.37,100,0.37,0.32,0.05,0.01561737060546875
puma8NH,0.37,100,0.37,0.34,0.03,0.015629291534423828
puma8NH,0.37,100,0.37,0.39,0.02,0.022806406021118164
puma8NH,0.37,100,0.37,0.35,0.02,0.03125929832458496
puma8NH,0.37,100,0.37,0.41,0.04,0.02768993377685547
puma8NH,0.42,100,0.42,0.44,0.02,0.027453184127807617
puma8NH,0.42,100,0.42,0.41,0.01,0.029971599578857422
puma8NH,0.42,100,0.42,0.35,0.07,0.009670734405517578
puma8NH,0.42,100,0.42,0.28,0.14,0.030790090560913086
puma8NH,0.42,100,0.42,0.4,0.02,0.015714168548583984
puma8NH,0.42,100,0.42,0.5,0.08,0.01570749282836914
puma8NH,0.42,100,0.42,0.36,0.06,0.027347326278686523
puma8NH,0.42,100,0.42,0.47,0.05,0.03188204765319824
puma8NH,0.42,100,0.42,0.37,0.05,0.015689611434936523
puma8NH,0.42,100,0.42,0.44,0.02,0.015637874603271484
puma8NH,0.47,100,0.47,0.43,0.04,0.03189373016357422
puma8NH,0.47,100,0.47,0.51,0.04,0.031250715255737305
puma8NH,0.47,100,0.47,0.45,0.02,0.033461809158325195
puma8NH,0.47,100,0.47,0.56,0.09,0.015712499618530273
puma8NH,0.47,100,0.47,0.48,0.01,0.03125429153442383
puma8NH,0.47,100,0.47,0.49,0.02,0.015712976455688477
puma8NH,0.47,100,0.47,0.52,0.05,0.031336069107055664
puma8NH,0.47,100,0.47,0.55,0.08,0.026304006576538086
puma8NH,0.47,100,0.47,0.54,0.07,0.015080690383911133
puma8NH,0.47,100,0.47,0.43,0.04,0.01920628547668457
puma8NH,0.53,100,0.53,0.55,0.02,0.031341552734375
puma8NH,0.53,100,0.53,0.57,0.04,0.015625476837158203
puma8NH,0.53,100,0.53,0.59,0.06,0.012310981750488281
puma8NH,0.53,100,0.53,0.57,0.04,0.01563405990600586
puma8NH,0.53,100,0.53,0.47,0.06,0.014594316482543945
puma8NH,0.53,100,0.53,0.53,0.0,0.015624284744262695
puma8NH,0.53,100,0.53,0.48,0.05,0.032860517501831055
puma8NH,0.53,100,0.53,0.58,0.05,0.031290292739868164
puma8NH,0.53,100,0.53,0.54,0.01,0.03409290313720703
puma8NH,0.53,100,0.53,0.45,0.08,0.035262107849121094
puma8NH,0.58,100,0.58,0.57,0.01,0.026006698608398438
puma8NH,0.58,100,0.58,0.61,0.03,0.012225866317749023
puma8NH,0.58,100,0.58,0.57,0.01,0.014582633972167969
puma8NH,0.58,100,0.58,0.61,0.03,0.015616893768310547
puma8NH,0.58,100,0.58,0.48,0.1,0.01726055145263672
puma8NH,0.58,100,0.58,0.6,0.02,0.015633344650268555
puma8NH,0.58,100,0.58,0.5,0.08,0.025691509246826172
puma8NH,0.58,100,0.58,0.52,0.06,0.012581586837768555
puma8NH,0.58,100,0.58,0.49,0.09,0.03217816352844238
puma8NH,0.58,100,0.58,0.44,0.14,0.03819775581359863
puma8NH,0.63,100,0.63,0.62,0.01,0.025801897048950195
puma8NH,0.63,100,0.63,0.63,0.0,0.03838682174682617
puma8NH,0.63,100,0.63,0.63,0.0,0.024300575256347656
puma8NH,0.63,100,0.63,0.64,0.01,0.012245416641235352
puma8NH,0.63,100,0.63,0.59,0.04,0.013334274291992188
puma8NH,0.63,100,0.63,0.63,0.0,0.030643463134765625
puma8NH,0.63,100,0.63,0.55,0.08,0.031258583068847656
puma8NH,0.63,100,0.63,0.62,0.01,0.02664017677307129
puma8NH,0.63,100,0.63,0.69,0.06,0.015616655349731445
puma8NH,0.63,100,0.63,0.56,0.07,0.031209230422973633
puma8NH,0.68,100,0.68,0.68,0.0,0.015701770782470703
puma8NH,0.68,100,0.68,0.67,0.01,0.0242617130279541
puma8NH,0.68,100,0.68,0.63,0.05,0.024962902069091797
puma8NH,0.68,100,0.68,0.57,0.11,0.024825334548950195
puma8NH,0.68,100,0.68,0.61,0.07,0.015622854232788086
puma8NH,0.68,100,0.68,0.61,0.07,0.03178286552429199
puma8NH,0.68,100,0.68,0.59,0.09,0.015620946884155273
puma8NH,0.68,100,0.68,0.6,0.08,0.0312497615814209
puma8NH,0.68,100,0.68,0.74,0.06,0.015630006790161133
puma8NH,0.68,100,0.68,0.69,0.01,0.0346226692199707
puma8NH,0.74,100,0.74,0.74,0.0,0.029405832290649414
puma8NH,0.74,100,0.74,0.74,0.0,0.026252269744873047
puma8NH,0.74,100,0.74,0.77,0.03,0.030792236328125
puma8NH,0.74,100,0.74,0.71,0.03,0.031200170516967773
puma8NH,0.74,100,0.74,0.66,0.08,0.030789613723754883
puma8NH,0.74,100,0.74,0.75,0.01,0.032289981842041016
puma8NH,0.74,100,0.74,0.76,0.02,0.03453850746154785
puma8NH,0.74,100,0.74,0.76,0.02,0.026398420333862305
puma8NH,0.74,100,0.74,0.67,0.07,0.02347397804260254
puma8NH,0.74,100,0.74,0.68,0.06,0.024785280227661133
puma8NH,0.79,100,0.79,0.77,0.02,0.017732620239257812
puma8NH,0.79,100,0.79,0.81,0.02,0.03133583068847656
puma8NH,0.79,100,0.79,0.81,0.02,0.017975807189941406
puma8NH,0.79,100,0.79,0.74,0.05,0.015692472457885742
puma8NH,0.79,100,0.79,0.71,0.08,0.03134608268737793
puma8NH,0.79,100,0.79,0.83,0.04,0.031249046325683594
puma8NH,0.79,100,0.79,0.8,0.01,0.03003716468811035
puma8NH,0.79,100,0.79,0.75,0.04,0.02017664909362793
puma8NH,0.79,100,0.79,0.72,0.07,0.013088703155517578
puma8NH,0.79,100,0.79,0.8,0.01,0.030800819396972656
puma8NH,0.84,100,0.84,0.85,0.01,0.033429861068725586
puma8NH,0.84,100,0.84,0.95,0.11,0.01562666893005371
puma8NH,0.84,100,0.84,0.87,0.03,0.031253814697265625
puma8NH,0.84,100,0.84,0.81,0.03,0.029761552810668945
puma8NH,0.84,100,0.84,0.89,0.05,0.0173189640045166
puma8NH,0.84,100,0.84,0.86,0.02,0.015624046325683594
puma8NH,0.84,100,0.84,0.82,0.02,0.0157167911529541
puma8NH,0.84,100,0.84,0.93,0.09,0.015637636184692383
puma8NH,0.84,100,0.84,0.9,0.06,0.03901028633117676
puma8NH,0.84,100,0.84,0.79,0.05,0.030892610549926758
puma8NH,0.89,100,0.89,0.87,0.02,0.017946958541870117
puma8NH,0.89,100,0.89,0.76,0.13,0.020534038543701172
puma8NH,0.89,100,0.89,0.88,0.01,0.022619247436523438
puma8NH,0.89,100,0.89,0.82,0.07,0.02452397346496582
puma8NH,0.89,100,0.89,0.89,0.0,0.030793190002441406
puma8NH,0.89,100,0.89,0.91,0.02,0.03133702278137207
puma8NH,0.89,100,0.89,0.82,0.07,0.031026363372802734
puma8NH,0.89,100,0.89,0.93,0.04,0.015673398971557617
puma8NH,0.89,100,0.89,0.77,0.12,0.031252145767211914
puma8NH,0.89,100,0.89,0.85,0.04,0.022298812866210938
puma8NH,0.95,100,0.95,0.89,0.06,0.03135395050048828
puma8NH,0.95,100,0.95,1.0,0.05,0.031255245208740234
puma8NH,0.95,100,0.95,0.97,0.02,0.03130078315734863
puma8NH,0.95,100,0.95,0.92,0.03,0.015630245208740234
puma8NH,0.95,100,0.95,0.93,0.02,0.01908588409423828
puma8NH,0.95,100,0.95,0.91,0.04,0.02793097496032715
puma8NH,0.95,100,0.95,0.98,0.03,0.01818060874938965
puma8NH,0.95,100,0.95,0.98,0.03,0.02366495132446289
puma8NH,0.95,100,0.95,0.99,0.04,0.01600050926208496
puma8NH,0.95,100,0.95,0.98,0.03,0.0342404842376709
puma8NH,1.0,100,1.0,1.0,0.0,0.03132152557373047
puma8NH,1.0,100,1.0,0.99,0.01,0.015997886657714844
puma8NH,1.0,100,1.0,0.98,0.02,0.01821446418762207
puma8NH,1.0,100,1.0,1.0,0.0,0.015082359313964844
puma8NH,1.0,100,1.0,1.0,0.0,0.03136944770812988
puma8NH,1.0,100,1.0,0.91,0.09,0.03124403953552246
puma8NH,1.0,100,1.0,1.0,0.0,0.021706581115722656
puma8NH,1.0,100,1.0,0.99,0.01,0.01571202278137207
puma8NH,1.0,100,1.0,1.0,0.0,0.0346217155456543
puma8NH,1.0,100,1.0,0.98,0.02,0.034683942794799805
quake,0.0,100,0.0,1.0,1.0,0.0165097713470459
quake,0.0,100,0.0,0.28,0.28,0.015007972717285156
quake,0.0,100,0.0,1.0,1.0,0.015625476837158203
quake,0.0,100,0.0,0.56,0.56,0.031021833419799805
quake,0.0,100,0.0,0.55,0.55,0.01564311981201172
quake,0.0,100,0.0,0.26,0.26,0.015623807907104492
quake,0.0,100,0.0,0.05,0.05,0.031241893768310547
quake,0.0,100,0.0,0.0,0.0,0.018856287002563477
quake,0.0,100,0.0,0.83,0.83,0.020824193954467773
quake,0.0,100,0.0,1.0,1.0,0.034271955490112305
quake,0.05,100,0.05,0.0,0.05,0.022331714630126953
quake,0.05,100,0.05,0.39,0.34,0.03091740608215332
quake,0.05,100,0.05,0.69,0.64,0.02128291130065918
quake,0.05,100,0.05,0.0,0.05,0.027425289154052734
quake,0.05,100,0.05,0.83,0.78,0.03087615966796875
quake,0.05,100,0.05,0.28,0.23,0.01876997947692871
quake,0.05,100,0.05,0.83,0.78,0.012401342391967773
quake,0.05,100,0.05,1.0,0.95,0.023323774337768555
quake,0.05,100,0.05,0.27,0.22,0.016974449157714844
quake,0.05,100,0.05,0.0,0.05,0.015090465545654297
quake,0.11,100,0.11,0.49,0.38,0.0157163143157959
quake,0.11,100,0.11,0.28,0.17,0.02131175994873047
quake,0.11,100,0.11,1.0,0.89,0.03029036521911621
quake,0.11,100,0.11,0.33,0.22,0.015623092651367188
quake,0.11,100,0.11,1.0,0.89,0.031229257583618164
quake,0.11,100,0.11,0.0,0.11,0.03179740905761719
quake,0.11,100,0.11,1.0,0.89,0.022023916244506836
quake,0.11,100,0.11,0.3,0.19,0.03222179412841797
quake,0.11,100,0.11,0.0,0.11,0.03423428535461426
quake,0.11,100,0.11,0.28,0.17,0.02801799774169922
quake,0.16,100,0.16,0.44,0.28,0.03478884696960449
quake,0.16,100,0.16,0.55,0.39,0.018346548080444336
quake,0.16,100,0.16,0.28,0.12,0.030631542205810547
quake,0.16,100,0.16,0.0,0.16,0.02857351303100586
quake,0.16,100,0.16,0.79,0.63,0.016638755798339844
quake,0.16,100,0.16,0.14,0.02,0.00957632064819336
quake,0.16,100,0.16,0.55,0.39,0.015633344650268555
quake,0.16,100,0.16,0.85,0.69,0.01563429832458496
quake,0.16,100,0.16,0.28,0.12,0.015625953674316406
quake,0.16,100,0.16,0.26,0.1,0.018206119537353516
quake,0.21,100,0.21,1.0,0.79,0.015698671340942383
quake,0.21,100,0.21,0.08,0.13,0.015980243682861328
quake,0.21,100,0.21,1.0,0.79,0.015633344650268555
quake,0.21,100,0.21,0.02,0.19,0.025203466415405273
quake,0.21,100,0.21,1.0,0.79,0.0168609619140625
quake,0.21,100,0.21,0.17,0.04,0.015731334686279297
quake,0.21,100,0.21,0.57,0.36,0.031228065490722656
quake,0.21,100,0.21,0.0,0.21,0.02939462661743164
quake,0.21,100,0.21,0.83,0.62,0.017986297607421875
quake,0.21,100,0.21,1.0,0.79,0.030777931213378906
quake,0.26,100,0.26,0.62,0.36,0.0307924747467041
quake,0.26,100,0.26,0.0,0.26,0.015623092651367188
quake,0.26,100,0.26,1.0,0.74,0.016169071197509766
quake,0.26,100,0.26,0.96,0.7,0.015628337860107422
quake,0.26,100,0.26,0.53,0.27,0.031249523162841797
quake,0.26,100,0.26,0.25,0.01,0.0332188606262207
quake,0.26,100,0.26,0.95,0.69,0.01617598533630371
quake,0.26,100,0.26,0.55,0.29,0.033280372619628906
quake,0.26,100,0.26,0.58,0.32,0.025890350341796875
quake,0.26,100,0.26,0.0,0.26,0.030841350555419922
quake,0.32,100,0.32,0.13,0.19,0.015646934509277344
quake,0.32,100,0.32,1.0,0.68,0.013214349746704102
quake,0.32,100,0.32,1.0,0.68,0.022582054138183594
quake,0.32,100,0.32,1.0,0.68,0.015078306198120117
quake,0.32,100,0.32,0.01,0.31,0.023373126983642578
quake,0.32,100,0.32,0.73,0.41,0.021299123764038086
quake,0.32,100,0.32,0.0,0.32,0.015628337860107422
quake,0.32,100,0.32,0.94,0.62,0.015081644058227539
quake,0.32,100,0.32,0.66,0.34,0.015625
quake,0.32,100,0.32,0.01,0.31,0.0161588191986084
quake,0.37,100,0.37,0.0,0.37,0.03795480728149414
quake,0.37,100,0.37,0.38,0.01,0.02726459503173828
quake,0.37,100,0.37,0.83,0.46,0.02980637550354004
quake,0.37,100,0.37,0.41,0.04,0.017795562744140625
quake,0.37,100,0.37,0.0,0.37,0.027423858642578125
quake,0.37,100,0.37,0.77,0.4,0.03078627586364746
quake,0.37,100,0.37,0.49,0.12,0.030794858932495117
quake,0.37,100,0.37,0.54,0.17,0.02580094337463379
quake,0.37,100,0.37,0.28,0.09,0.0177915096282959
quake,0.37,100,0.37,1.0,0.63,0.015710115432739258
quake,0.42,100,0.42,0.23,0.19,0.015622615814208984
quake,0.42,100,0.42,0.57,0.15,0.031253814697265625
quake,0.42,100,0.42,0.91,0.49,0.03130602836608887
quake,0.42,100,0.42,0.32,0.1,0.01571035385131836
quake,0.42,100,0.42,0.83,0.41,0.015638113021850586
quake,0.42,100,0.42,0.0,0.42,0.01562976837158203
quake,0.42,100,0.42,0.53,0.11,0.031234264373779297
quake,0.42,100,0.42,0.85,0.43,0.025372743606567383
quake,0.42,100,0.42,0.27,0.15,0.030755281448364258
quake,0.42,100,0.42,0.26,0.16,0.027137041091918945
quake,0.47,100,0.47,1.0,0.53,0.012373685836791992
quake,0.47,100,0.47,0.26,0.21,0.019314050674438477
quake,0.47,100,0.47,0.57,0.1,0.012243986129760742
quake,0.47,100,0.47,0.16,0.31,0.023848772048950195
quake,0.47,100,0.47,0.46,0.01,0.02095198631286621
quake,0.47,100,0.47,0.55,0.08,0.018013954162597656
quake,0.47,100,0.47,0.3,0.17,0.025140047073364258
quake,0.47,100,0.47,0.0,0.47,0.03125810623168945
quake,0.47,100,0.47,1.0,0.53,0.03125882148742676
quake,0.47,100,0.47,0.28,0.19,0.015625
quake,0.53,100,0.53,0.0,0.53,0.031141281127929688
quake,0.53,100,0.53,0.18,0.35,0.03125882148742676
quake,0.53,100,0.53,0.0,0.53,0.015625953674316406
quake,0.53,100,0.53,0.73,0.2,0.015625476837158203
quake,0.53,100,0.53,0.0,0.53,0.018531084060668945
quake,0.53,100,0.53,1.0,0.47,0.026972532272338867
quake,0.53,100,0.53,0.0,0.53,0.030752897262573242
quake,0.53,100,0.53,0.78,0.25,0.019909381866455078
quake,0.53,100,0.53,0.94,0.41,0.01569962501525879
quake,0.53,100,0.53,0.57,0.04,0.015174627304077148
quake,0.58,100,0.58,0.71,0.13,0.030641555786132812
quake,0.58,100,0.58,0.01,0.57,0.0382237434387207
quake,0.58,100,0.58,1.0,0.42,0.031248807907104492
quake,0.58,100,0.58,1.0,0.42,0.02180004119873047
quake,0.58,100,0.58,0.69,0.11,0.015711307525634766
quake,0.58,100,0.58,0.99,0.41,0.015630245208740234
quake,0.58,100,0.58,0.28,0.3,0.015628337860107422
quake,0.58,100,0.58,0.53,0.05,0.015081167221069336
quake,0.58,100,0.58,0.55,0.03,0.03187084197998047
quake,0.58,100,0.58,0.0,0.58,0.015713214874267578
quake,0.63,100,0.63,0.0,0.63,0.02448248863220215
quake,0.63,100,0.63,0.85,0.22,0.018300771713256836
quake,0.63,100,0.63,1.0,0.37,0.02434563636779785
quake,0.63,100,0.63,0.57,0.06,0.013567686080932617
quake,0.63,100,0.63,0.31,0.32,0.02871990203857422
quake,0.63,100,0.63,0.55,0.08,0.015080928802490234
quake,0.63,100,0.63,0.83,0.2,0.030780792236328125
quake,0.63,100,0.63,0.83,0.2,0.016164064407348633
quake,0.63,100,0.63,0.83,0.2,0.015625
quake,0.63,100,0.63,0.26,0.37,0.035613059997558594
quake,0.68,100,0.68,1.0,0.32,0.031248092651367188
quake,0.68,100,0.68,1.0,0.32,0.019217491149902344
quake,0.68,100,0.68,0.55,0.13,0.015633583068847656
quake,0.68,100,0.68,0.57,0.11,0.023709774017333984
quake,0.68,100,0.68,1.0,0.32,0.02562117576599121
quake,0.68,100,0.68,0.85,0.17,0.015513896942138672
quake,0.68,100,0.68,1.0,0.32,0.01570916175842285
quake,0.68,100,0.68,1.0,0.32,0.015715360641479492
quake,0.68,100,0.68,1.0,0.32,0.01097416877746582
quake,0.68,100,0.68,1.0,0.32,0.026711225509643555
quake,0.74,100,0.74,1.0,0.26,0.02280735969543457
quake,0.74,100,0.74,1.0,0.26,0.031248807907104492
quake,0.74,100,0.74,0.55,0.19,0.031249046325683594
quake,0.74,100,0.74,0.9,0.16,0.01591944694519043
quake,0.74,100,0.74,0.35,0.39,0.022482872009277344
quake,0.74,100,0.74,0.28,0.46,0.030831098556518555
quake,0.74,100,0.74,0.83,0.09,0.018854141235351562
quake,0.74,100,0.74,1.0,0.26,0.031147480010986328
quake,0.74,100,0.74,1.0,0.26,0.012084722518920898
quake,0.74,100,0.74,0.0,0.74,0.03509640693664551
quake,0.79,100,0.79,1.0,0.21,0.03327178955078125
quake,0.79,100,0.79,1.0,0.21,0.031249284744262695
quake,0.79,100,0.79,0.26,0.53,0.016014814376831055
quake,0.79,100,0.79,0.57,0.22,0.015634775161743164
quake,0.79,100,0.79,0.28,0.51,0.02503681182861328
quake,0.79,100,0.79,0.85,0.06,0.023701190948486328
quake,0.79,100,0.79,0.98,0.19,0.015017986297607422
quake,0.79,100,0.79,0.55,0.24,0.03632330894470215
quake,0.79,100,0.79,1.0,0.21,0.0123748779296875
quake,0.79,100,0.79,0.53,0.26,0.031248092651367188
quake,0.84,100,0.84,1.0,0.16,0.016176939010620117
quake,0.84,100,0.84,0.55,0.29,0.015723466873168945
quake,0.84,100,0.84,1.0,0.16,0.0157010555267334
quake,0.84,100,0.84,1.0,0.16,0.031242847442626953
quake,0.84,100,0.84,1.0,0.16,0.015622138977050781
quake,0.84,100,0.84,0.85,0.01,0.018205642700195312
quake,0.84,100,0.84,0.85,0.01,0.02779555320739746
quake,0.84,100,0.84,1.0,0.16,0.02167987823486328
quake,0.84,100,0.84,1.0,0.16,0.031247615814208984
quake,0.84,100,0.84,0.32,0.52,0.029636383056640625
quake,0.89,100,0.89,1.0,0.11,0.017293214797973633
quake,0.89,100,0.89,1.0,0.11,0.013397455215454102
quake,0.89,100,0.89,1.0,0.11,0.015080451965332031
quake,0.89,100,0.89,0.99,0.1,0.015083789825439453
quake,0.89,100,0.89,1.0,0.11,0.021292924880981445
quake,0.89,100,0.89,1.0,0.11,0.01617598533630371
quake,0.89,100,0.89,0.55,0.34,0.02695918083190918
quake,0.89,100,0.89,0.55,0.34,0.01570892333984375
quake,0.89,100,0.89,1.0,0.11,0.031334638595581055
quake,0.89,100,0.89,1.0,0.11,0.0318903923034668
quake,0.95,100,0.95,1.0,0.05,0.015713214874267578
quake,0.95,100,0.95,0.27,0.68,0.0356297492980957
quake,0.95,100,0.95,1.0,0.05,0.031240463256835938
quake,0.95,100,0.95,0.28,0.67,0.031798601150512695
quake,0.95,100,0.95,0.01,0.94,0.015722274780273438
quake,0.95,100,0.95,0.47,0.48,0.03581404685974121
quake,0.95,100,0.95,0.61,0.34,0.02512073516845703
quake,0.95,100,0.95,0.32,0.63,0.023062467575073242
quake,0.95,100,0.95,0.83,0.12,0.013006925582885742
quake,0.95,100,0.95,1.0,0.05,0.03133845329284668
quake,1.0,100,1.0,1.0,0.0,0.015622854232788086
quake,1.0,100,1.0,1.0,0.0,0.015619516372680664
quake,1.0,100,1.0,1.0,0.0,0.019222259521484375
quake,1.0,100,1.0,1.0,0.0,0.01572442054748535
quake,1.0,100,1.0,1.0,0.0,0.019201278686523438
quake,1.0,100,1.0,1.0,0.0,0.015619277954101562
quake,1.0,100,1.0,1.0,0.0,0.01562976837158203
quake,1.0,100,1.0,1.0,0.0,0.016170501708984375
quake,1.0,100,1.0,1.0,0.0,0.02830219268798828
quake,1.0,100,1.0,0.0,1.0,0.0312497615814209
space_ga,0.0,100,0.0,0.0,0.0,0.018172264099121094
space_ga,0.0,100,0.0,0.0,0.0,0.01571202278137207
space_ga,0.0,100,0.0,0.0,0.0,0.025213956832885742
space_ga,0.0,100,0.0,0.0,0.0,0.019952058792114258
space_ga,0.0,100,0.0,0.0,0.0,0.03132963180541992
space_ga,0.0,100,0.0,0.0,0.0,0.03409266471862793
space_ga,0.0,100,0.0,0.0,0.0,0.015617609024047852
space_ga,0.0,100,0.0,0.0,0.0,0.025643587112426758
space_ga,0.0,100,0.0,0.01,0.01,0.021029233932495117
space_ga,0.0,100,0.0,0.0,0.0,0.01821756362915039
space_ga,0.05,100,0.05,0.06,0.01,0.02549266815185547
space_ga,0.05,100,0.05,0.07,0.02,0.031652212142944336
space_ga,0.05,100,0.05,0.0,0.05,0.01562666893005371
space_ga,0.05,100,0.05,0.04,0.01,0.02279829978942871
space_ga,0.05,100,0.05,0.01,0.04,0.015631914138793945
space_ga,0.05,100,0.05,0.05,0.0,0.03050088882446289
space_ga,0.05,100,0.05,0.07,0.02,0.030735492706298828
space_ga,0.05,100,0.05,0.06,0.01,0.03126049041748047
space_ga,0.05,100,0.05,0.05,0.0,0.024686098098754883
space_ga,0.05,100,0.05,0.1,0.05,0.015080690383911133
space_ga,0.11,100,0.11,0.07,0.04,0.015618324279785156
space_ga,0.11,100,0.11,0.16,0.05,0.015088558197021484
space_ga,0.11,100,0.11,0.09,0.02,0.015701770782470703
space_ga,0.11,100,0.11,0.12,0.01,0.011059284210205078
space_ga,0.11,100,0.11,0.1,0.01,0.015627384185791016
space_ga,0.11,100,0.11,0.05,0.06,0.029494524002075195
space_ga,0.11,100,0.11,0.14,0.03,0.015636444091796875
space_ga,0.11,100,0.11,0.09,0.02,0.031330108642578125
space_ga,0.11,100,0.11,0.1,0.01,0.03809547424316406
space_ga,0.11,100,0.11,0.06,0.05,0.03133845329284668
space_ga,0.16,100,0.16,0.06,0.1,0.03176069259643555
space_ga,0.16,100,0.16,0.1,0.06,0.02821493148803711
space_ga,0.16,100,0.16,0.15,0.01,0.01571512222290039
space_ga,0.16,100,0.16,0.17,0.01,0.015709638595581055
space_ga,0.16,100,0.16,0.16,0.0,0.0303494930267334
space_ga,0.16,100,0.16,0.1,0.06,0.01571178436279297
space_ga,0.16,100,0.16,0.16,0.0,0.03126716613769531
space_ga,0.16,100,0.16,0.13,0.03,0.018970489501953125
space_ga,0.16,100,0.16,0.17,0.01,0.0156252384185791
space_ga,0.16,100,0.16,0.2,0.04,0.015701770782470703
space_ga,0.21,100,0.21,0.2,0.01,0.027348756790161133
space_ga,0.21,100,0.21,0.2,0.01,0.03133654594421387
space_ga,0.21,100,0.21,0.17,0.04,0.03124523162841797
space_ga,0.21,100,0.21,0.19,0.02,0.02432537078857422
space_ga,0.21,100,0.21,0.18,0.03,0.030759811401367188
space_ga,0.21,100,0.21,0.22,0.01,0.015723228454589844
space_ga,0.21,100,0.21,0.23,0.02,0.02699565887451172
space_ga,0.21,100,0.21,0.18,0.03,0.02380967140197754
space_ga,0.21,100,0.21,0.13,0.08,0.015634536743164062
space_ga,0.21,100,0.21,0.18,0.03,0.02085733413696289
space_ga,0.26,100,0.26,0.26,0.0,0.01562952995300293
space_ga,0.26,100,0.26,0.32,0.06,0.016169071197509766
space_ga,0.26,100,0.26,0.21,0.05,0.012385845184326172
space_ga,0.26,100,0.26,0.21,0.05,0.03188157081604004
space_ga,0.26,100,0.26,0.29,0.03,0.0347592830657959
space_ga,0.26,100,0.26,0.28,0.02,0.027431249618530273
space_ga,0.26,100,0.26,0.27,0.01,0.03125476837158203
space_ga,0.26,100,0.26,0.25,0.01,0.017897844314575195
space_ga,0.26,100,0.26,0.25,0.01,0.01572895050048828
space_ga,0.26,100,0.26,0.29,0.03,0.0239102840423584
space_ga,0.32,100,0.32,0.31,0.01,0.015624046325683594
space_ga,0.32,100,0.32,0.25,0.07,0.027844905853271484
space_ga,0.32,100,0.32,0.36,0.04,0.015622377395629883
space_ga,0.32,100,0.32,0.22,0.1,0.03451704978942871
space_ga,0.32,100,0.32,0.29,0.03,0.021020174026489258
space_ga,0.32,100,0.32,0.34,0.02,0.018801450729370117
space_ga,0.32,100,0.32,0.21,0.11,0.015623807907104492
space_ga,0.32,100,0.32,0.31,0.01,0.013087272644042969
space_ga,0.32,100,0.32,0.29,0.03,0.03133344650268555
space_ga,0.32,100,0.32,0.25,0.07,0.023294448852539062
space_ga,0.37,100,0.37,0.39,0.02,0.028090953826904297
space_ga,0.37,100,0.37,0.4,0.03,0.029302120208740234
space_ga,0.37,100,0.37,0.32,0.05,0.035325050354003906
space_ga,0.37,100,0.37,0.36,0.01,0.015729665756225586
space_ga,0.37,100,0.37,0.33,0.04,0.031250953674316406
space_ga,0.37,100,0.37,0.33,0.04,0.03410696983337402
space_ga,0.37,100,0.37,0.31,0.06,0.015958309173583984
space_ga,0.37,100,0.37,0.35,0.02,0.027204036712646484
space_ga,0.37,100,0.37,0.25,0.12,0.02327895164489746
space_ga,0.37,100,0.37,0.31,0.06,0.024164915084838867
space_ga,0.42,100,0.42,0.45,0.03,0.02719736099243164
space_ga,0.42,100,0.42,0.5,0.08,0.03075575828552246
space_ga,0.42,100,0.42,0.39,0.03,0.031256914138793945
space_ga,0.42,100,0.42,0.41,0.01,0.018913984298706055
space_ga,0.42,100,0.42,0.44,0.02,0.02487969398498535
space_ga,0.42,100,0.42,0.49,0.07,0.024217844009399414
space_ga,0.42,100,0.42,0.4,0.02,0.021173477172851562
space_ga,0.42,100,0.42,0.46,0.04,0.0299985408782959
space_ga,0.42,100,0.42,0.4,0.02,0.02966761589050293
space_ga,0.42,100,0.42,0.36,0.06,0.031450510025024414
space_ga,0.47,100,0.47,0.44,0.03,0.03713083267211914
space_ga,0.47,100,0.47,0.48,0.01,0.01813054084777832
space_ga,0.47,100,0.47,0.47,0.0,0.015697956085205078
space_ga,0.47,100,0.47,0.45,0.02,0.035401105880737305
space_ga,0.47,100,0.47,0.46,0.01,0.03135180473327637
space_ga,0.47,100,0.47,0.46,0.01,0.008439064025878906
space_ga,0.47,100,0.47,0.49,0.02,0.03227424621582031
space_ga,0.47,100,0.47,0.46,0.01,0.024227619171142578
space_ga,0.47,100,0.47,0.45,0.02,0.03124833106994629
space_ga,0.47,100,0.47,0.52,0.05,0.03286314010620117
space_ga,0.53,100,0.53,0.51,0.02,0.02131485939025879
space_ga,0.53,100,0.53,0.46,0.07,0.008895397186279297
space_ga,0.53,100,0.53,0.48,0.05,0.025328636169433594
space_ga,0.53,100,0.53,0.49,0.04,0.0157012939453125
space_ga,0.53,100,0.53,0.45,0.08,0.03179216384887695
space_ga,0.53,100,0.53,0.55,0.02,0.01198124885559082
space_ga,0.53,100,0.53,0.52,0.01,0.016168832778930664
space_ga,0.53,100,0.53,0.51,0.02,0.01569652557373047
space_ga,0.53,100,0.53,0.53,0.0,0.030205965042114258
space_ga,0.53,100,0.53,0.48,0.05,0.015704870223999023
space_ga,0.58,100,0.58,0.53,0.05,0.016710519790649414
space_ga,0.58,100,0.58,0.55,0.03,0.02029705047607422
space_ga,0.58,100,0.58,0.53,0.05,0.01607966423034668
space_ga,0.58,100,0.58,0.54,0.04,0.015700340270996094
space_ga,0.58,100,0.58,0.55,0.03,0.031880855560302734
space_ga,0.58,100,0.58,0.59,0.01,0.01508021354675293
space_ga,0.58,100,0.58,0.54,0.04,0.02004241943359375
space_ga,0.58,100,0.58,0.55,0.03,0.024558544158935547
space_ga,0.58,100,0.58,0.61,0.03,0.016191720962524414
space_ga,0.58,100,0.58,0.57,0.01,0.031247854232788086
space_ga,0.63,100,0.63,0.61,0.02,0.024346590042114258
space_ga,0.63,100,0.63,0.65,0.02,0.01570749282836914
space_ga,0.63,100,0.63,0.57,0.06,0.015711545944213867
space_ga,0.63,100,0.63,0.59,0.04,0.030511856079101562
space_ga,0.63,100,0.63,0.53,0.1,0.022306442260742188
space_ga,0.63,100,0.63,0.58,0.05,0.031240224838256836
space_ga,0.63,100,0.63,0.64,0.01,0.01742839813232422
space_ga,0.63,100,0.63,0.69,0.06,0.015078067779541016
space_ga,0.63,100,0.63,0.63,0.0,0.01616835594177246
space_ga,0.63,100,0.63,0.54,0.09,0.015715360641479492
space_ga,0.68,100,0.68,0.58,0.1,0.015105247497558594
space_ga,0.68,100,0.68,0.57,0.11,0.031255483627319336
space_ga,0.68,100,0.68,0.66,0.02,0.02398204803466797
space_ga,0.68,100,0.68,0.7,0.02,0.015715837478637695
space_ga,0.68,100,0.68,0.63,0.05,0.02729034423828125
space_ga,0.68,100,0.68,0.69,0.01,0.011141777038574219
space_ga,0.68,100,0.68,0.74,0.06,0.015700101852416992
space_ga,0.68,100,0.68,0.69,0.01,0.03195905685424805
space_ga,0.68,100,0.68,0.61,0.07,0.025332927703857422
space_ga,0.68,100,0.68,0.66,0.02,0.030811786651611328
space_ga,0.74,100,0.74,0.7,0.04,0.01562666893005371
space_ga,0.74,100,0.74,0.77,0.03,0.02637314796447754
space_ga,0.74,100,0.74,0.76,0.02,0.03079080581665039
space_ga,0.74,100,0.74,0.69,0.05,0.03125119209289551
space_ga,0.74,100,0.74,0.67,0.07,0.027519702911376953
space_ga,0.74,100,0.74,0.65,0.09,0.02276778221130371
space_ga,0.74,100,0.74,0.64,0.1,0.015625476837158203
space_ga,0.74,100,0.74,0.67,0.07,0.015007972717285156
space_ga,0.74,100,0.74,0.72,0.02,0.015637636184692383
space_ga,0.74,100,0.74,0.77,0.03,0.033632516860961914
space_ga,0.79,100,0.79,0.71,0.08,0.030799150466918945
space_ga,0.79,100,0.79,0.8,0.01,0.016170501708984375
space_ga,0.79,100,0.79,0.71,0.08,0.02613973617553711
space_ga,0.79,100,0.79,0.8,0.01,0.02678203582763672
space_ga,0.79,100,0.79,0.8,0.01,0.03124833106994629
space_ga,0.79,100,0.79,0.74,0.05,0.012300252914428711
space_ga,0.79,100,0.79,0.78,0.01,0.017808914184570312
space_ga,0.79,100,0.79,0.77,0.02,0.02628016471862793
space_ga,0.79,100,0.79,0.74,0.05,0.019109010696411133
space_ga,0.79,100,0.79,0.82,0.03,0.02929544448852539
space_ga,0.84,100,0.84,0.88,0.04,0.0156252384185791
space_ga,0.84,100,0.84,0.81,0.03,0.018267393112182617
space_ga,0.84,100,0.84,0.85,0.01,0.015712499618530273
space_ga,0.84,100,0.84,0.76,0.08,0.015707015991210938
space_ga,0.84,100,0.84,0.92,0.08,0.012117385864257812
space_ga,0.84,100,0.84,0.87,0.03,0.015074014663696289
space_ga,0.84,100,0.84,0.89,0.05,0.015631437301635742
space_ga,0.84,100,0.84,0.81,0.03,0.0157015323638916
space_ga,0.84,100,0.84,0.84,0.0,0.015619039535522461
space_ga,0.84,100,0.84,0.79,0.05,0.030002832412719727
space_ga,0.89,100,0.89,0.84,0.05,0.0307767391204834
space_ga,0.89,100,0.89,0.87,0.02,0.015710830688476562
space_ga,0.89,100,0.89,0.84,0.05,0.024769306182861328
space_ga,0.89,100,0.89,0.85,0.04,0.015626192092895508
space_ga,0.89,100,0.89,0.94,0.05,0.031249284744262695
space_ga,0.89,100,0.89,0.83,0.06,0.018167734146118164
space_ga,0.89,100,0.89,0.91,0.02,0.015712499618530273
space_ga,0.89,100,0.89,0.85,0.04,0.025794029235839844
space_ga,0.89,100,0.89,0.84,0.05,0.02733588218688965
space_ga,0.89,100,0.89,0.89,0.0,0.015625953674316406
space_ga,0.95,100,0.95,0.85,0.1,0.033505916595458984
space_ga,0.95,100,0.95,0.91,0.04,0.01572561264038086
space_ga,0.95,100,0.95,0.93,0.02,0.03179025650024414
space_ga,0.95,100,0.95,1.0,0.05,0.02484130859375
space_ga,0.95,100,0.95,0.86,0.09,0.015160083770751953
space_ga,0.95,100,0.95,0.92,0.03,0.03125262260437012
space_ga,0.95,100,0.95,0.98,0.03,0.026524066925048828
space_ga,0.95,100,0.95,0.94,0.01,0.03180551528930664
space_ga,0.95,100,0.95,0.93,0.02,0.0307619571685791
space_ga,0.95,100,0.95,0.91,0.04,0.01616358757019043
space_ga,1.0,100,1.0,1.0,0.0,0.015625476837158203
space_ga,1.0,100,1.0,1.0,0.0,0.01514887809753418
space_ga,1.0,100,1.0,0.96,0.04,0.015625715255737305
space_ga,1.0,100,1.0,0.96,0.04,0.015705108642578125
space_ga,1.0,100,1.0,0.92,0.08,0.010792732238769531
space_ga,1.0,100,1.0,0.97,0.03,0.01571369171142578
space_ga,1.0,100,1.0,1.0,0.0,0.027608394622802734
space_ga,1.0,100,1.0,0.98,0.02,0.014376640319824219
space_ga,1.0,100,1.0,0.93,0.07,0.027332305908203125
space_ga,1.0,100,1.0,1.0,0.0,0.031339406967163086
sylva_prior,0.0,100,0.0,0.01,0.01,0.03124403953552246
sylva_prior,0.0,100,0.0,0.0,0.0,0.02521800994873047
sylva_prior,0.0,100,0.0,0.0,0.0,0.015720844268798828
sylva_prior,0.0,100,0.0,0.0,0.0,0.031722307205200195
sylva_prior,0.0,100,0.0,0.0,0.0,0.027564287185668945
sylva_prior,0.0,100,0.0,0.0,0.0,0.03124260902404785
sylva_prior,0.0,100,0.0,0.0,0.0,0.030728578567504883
sylva_prior,0.0,100,0.0,0.0,0.0,0.015635013580322266
sylva_prior,0.0,100,0.0,0.0,0.0,0.027957916259765625
sylva_prior,0.0,100,0.0,0.0,0.0,0.01821279525756836
sylva_prior,0.05,100,0.05,0.06,0.01,0.015622615814208984
sylva_prior,0.05,100,0.05,0.05,0.0,0.0312652587890625
sylva_prior,0.05,100,0.05,0.03,0.02,0.03854703903198242
sylva_prior,0.05,100,0.05,0.07,0.02,0.01517343521118164
sylva_prior,0.05,100,0.05,0.04,0.01,0.01563429832458496
sylva_prior,0.05,100,0.05,0.04,0.01,0.015624761581420898
sylva_prior,0.05,100,0.05,0.05,0.0,0.015019655227661133
sylva_prior,0.05,100,0.05,0.06,0.01,0.014081478118896484
sylva_prior,0.05,100,0.05,0.06,0.01,0.03352212905883789
sylva_prior,0.05,100,0.05,0.05,0.0,0.013358831405639648
sylva_prior,0.11,100,0.11,0.12,0.01,0.024240970611572266
sylva_prior,0.11,100,0.11,0.12,0.01,0.031732797622680664
sylva_prior,0.11,100,0.11,0.1,0.01,0.035242319107055664
sylva_prior,0.11,100,0.11,0.11,0.0,0.021048545837402344
sylva_prior,0.11,100,0.11,0.09,0.02,0.030792236328125
sylva_prior,0.11,100,0.11,0.11,0.0,0.033814430236816406
sylva_prior,0.11,100,0.11,0.11,0.0,0.027374744415283203
sylva_prior,0.11,100,0.11,0.1,0.01,0.015629053115844727
sylva_prior,0.11,100,0.11,0.11,0.0,0.01571202278137207
sylva_prior,0.11,100,0.11,0.12,0.01,0.026885032653808594
sylva_prior,0.16,100,0.16,0.15,0.01,0.031336307525634766
sylva_prior,0.16,100,0.16,0.16,0.0,0.02731800079345703
sylva_prior,0.16,100,0.16,0.14,0.02,0.016157150268554688
sylva_prior,0.16,100,0.16,0.15,0.01,0.015694379806518555
sylva_prior,0.16,100,0.16,0.16,0.0,0.01563239097595215
sylva_prior,0.16,100,0.16,0.15,0.01,0.015639543533325195
sylva_prior,0.16,100,0.16,0.15,0.01,0.03523373603820801
sylva_prior,0.16,100,0.16,0.17,0.01,0.024222373962402344
sylva_prior,0.16,100,0.16,0.16,0.0,0.018832683563232422
sylva_prior,0.16,100,0.16,0.17,0.01,0.01426386833190918
sylva_prior,0.21,100,0.21,0.19,0.02,0.015624046325683594
sylva_prior,0.21,100,0.21,0.21,0.0,0.028664827346801758
sylva_prior,0.21,100,0.21,0.19,0.02,0.03180384635925293
sylva_prior,0.21,100,0.21,0.2,0.01,0.015625476837158203
sylva_prior,0.21,100,0.21,0.18,0.03,0.028577089309692383
sylva_prior,0.21,100,0.21,0.2,0.01,0.024640560150146484
sylva_prior,0.21,100,0.21,0.2,0.01,0.02363896369934082
sylva_prior,0.21,100,0.21,0.19,0.02,0.02547907829284668
sylva_prior,0.21,100,0.21,0.19,0.02,0.026744365692138672
sylva_prior,0.21,100,0.21,0.18,0.03,0.02523326873779297
sylva_prior,0.26,100,0.26,0.25,0.01,0.02451014518737793
sylva_prior,0.26,100,0.26,0.25,0.01,0.03221940994262695
sylva_prior,0.26,100,0.26,0.25,0.01,0.024858713150024414
sylva_prior,0.26,100,0.26,0.25,0.01,0.025146961212158203
sylva_prior,0.26,100,0.26,0.25,0.01,0.025351524353027344
sylva_prior,0.26,100,0.26,0.25,0.01,0.025578737258911133
sylva_prior,0.26,100,0.26,0.26,0.0,0.023875951766967773
sylva_prior,0.26,100,0.26,0.24,0.02,0.023824453353881836
sylva_prior,0.26,100,0.26,0.26,0.0,0.02508401870727539
sylva_prior,0.26,100,0.26,0.25,0.01,0.02434682846069336
sylva_prior,0.32,100,0.32,0.3,0.02,0.024025678634643555
sylva_prior,0.32,100,0.32,0.3,0.02,0.02395915985107422
sylva_prior,0.32,100,0.32,0.28,0.04,0.024170398712158203
sylva_prior,0.32,100,0.32,0.33,0.01,0.024360179901123047
sylva_prior,0.32,100,0.32,0.33,0.01,0.05629754066467285
sylva_prior,0.32,100,0.32,0.31,0.01,0.03113102912902832
sylva_prior,0.32,100,0.32,0.32,0.0,0.019754886627197266
sylva_prior,0.32,100,0.32,0.29,0.03,0.031181812286376953
sylva_prior,0.32,100,0.32,0.32,0.0,0.0157320499420166
sylva_prior,0.32,100,0.32,0.31,0.01,0.06850433349609375
sylva_prior,0.37,100,0.37,0.37,0.0,0.06255507469177246
sylva_prior,0.37,100,0.37,0.36,0.01,0.015729427337646484
sylva_prior,0.37,100,0.37,0.37,0.0,0.019826412200927734
sylva_prior,0.37,100,0.37,0.37,0.0,0.03129005432128906
sylva_prior,0.37,100,0.37,0.36,0.01,0.02870321273803711
sylva_prior,0.37,100,0.37,0.36,0.01,0.01562786102294922
sylva_prior,0.37,100,0.37,0.36,0.01,0.01572871208190918
sylva_prior,0.37,100,0.37,0.36,0.01,0.015803813934326172
sylva_prior,0.37,100,0.37,0.37,0.0,0.035738229751586914
sylva_prior,0.37,100,0.37,0.34,0.03,0.015614748001098633
sylva_prior,0.42,100,0.42,0.41,0.01,0.019924402236938477
sylva_prior,0.42,100,0.42,0.41,0.01,0.031258583068847656
sylva_prior,0.42,100,0.42,0.43,0.01,0.031332969665527344
sylva_prior,0.42,100,0.42,0.42,0.0,0.026297569274902344
sylva_prior,0.42,100,0.42,0.39,0.03,0.015179634094238281
sylva_prior,0.42,100,0.42,0.41,0.01,0.020256519317626953
sylva_prior,0.42,100,0.42,0.42,0.0,0.03916454315185547
sylva_prior,0.42,100,0.42,0.4,0.02,0.0301361083984375
sylva_prior,0.42,100,0.42,0.4,0.02,0.028452634811401367
sylva_prior,0.42,100,0.42,0.42,0.0,0.028202295303344727
sylva_prior,0.47,100,0.47,0.46,0.01,0.03082585334777832
sylva_prior,0.47,100,0.47,0.47,0.0,0.01562786102294922
sylva_prior,0.47,100,0.47,0.45,0.02,0.028314590454101562
sylva_prior,0.47,100,0.47,0.47,0.0,0.03133821487426758
sylva_prior,0.47,100,0.47,0.45,0.02,0.024300813674926758
sylva_prior,0.47,100,0.47,0.45,0.02,0.036904335021972656
sylva_prior,0.47,100,0.47,0.46,0.01,0.03133845329284668
sylva_prior,0.47,100,0.47,0.45,0.02,0.015628814697265625
sylva_prior,0.47,100,0.47,0.45,0.02,0.027480125427246094
sylva_prior,0.47,100,0.47,0.44,0.03,0.02180194854736328
sylva_prior,0.53,100,0.53,0.53,0.0,0.015621185302734375
sylva_prior,0.53,100,0.53,0.51,0.02,0.024771928787231445
sylva_prior,0.53,100,0.53,0.5,0.03,0.03125309944152832
sylva_prior,0.53,100,0.53,0.51,0.02,0.01617908477783203
sylva_prior,0.53,100,0.53,0.52,0.01,0.01862955093383789
sylva_prior,0.53,100,0.53,0.53,0.0,0.028882265090942383
sylva_prior,0.53,100,0.53,0.52,0.01,0.015084981918334961
sylva_prior,0.53,100,0.53,0.53,0.0,0.03133821487426758
sylva_prior,0.53,100,0.53,0.53,0.0,0.01737833023071289
sylva_prior,0.53,100,0.53,0.51,0.02,0.031647682189941406
sylva_prior,0.58,100,0.58,0.57,0.01,0.03064250946044922
sylva_prior,0.58,100,0.58,0.57,0.01,0.03133845329284668
sylva_prior,0.58,100,0.58,0.58,0.0,0.03400683403015137
sylva_prior,0.58,100,0.58,0.57,0.01,0.02431654930114746
sylva_prior,0.58,100,0.58,0.57,0.01,0.03123784065246582
sylva_prior,0.58,100,0.58,0.57,0.01,0.010125875473022461
sylva_prior,0.58,100,0.58,0.57,0.01,0.013000249862670898
sylva_prior,0.58,100,0.58,0.56,0.02,0.02636885643005371
sylva_prior,0.58,100,0.58,0.57,0.01,0.03186917304992676
sylva_prior,0.58,100,0.58,0.57,0.01,0.015633344650268555
sylva_prior,0.63,100,0.63,0.62,0.01,0.019979000091552734
sylva_prior,0.63,100,0.63,0.63,0.0,0.01571202278137207
sylva_prior,0.63,100,0.63,0.61,0.02,0.016014814376831055
sylva_prior,0.63,100,0.63,0.61,0.02,0.02111649513244629
sylva_prior,0.63,100,0.63,0.64,0.01,0.03125596046447754
sylva_prior,0.63,100,0.63,0.62,0.01,0.031252384185791016
sylva_prior,0.63,100,0.63,0.62,0.01,0.030400514602661133
sylva_prior,0.63,100,0.63,0.61,0.02,0.018002033233642578
sylva_prior,0.63,100,0.63,0.62,0.01,0.03125452995300293
sylva_prior,0.63,100,0.63,0.62,0.01,0.0244295597076416
sylva_prior,0.68,100,0.68,0.67,0.01,0.01508474349975586
sylva_prior,0.68,100,0.68,0.67,0.01,0.016173601150512695
sylva_prior,0.68,100,0.68,0.69,0.01,0.03125166893005371
sylva_prior,0.68,100,0.68,0.68,0.0,0.02480173110961914
sylva_prior,0.68,100,0.68,0.66,0.02,0.01594829559326172
sylva_prior,0.68,100,0.68,0.67,0.01,0.020291805267333984
sylva_prior,0.68,100,0.68,0.67,0.01,0.031255245208740234
sylva_prior,0.68,100,0.68,0.67,0.01,0.015624761581420898
sylva_prior,0.68,100,0.68,0.68,0.0,0.0169525146484375
sylva_prior,0.68,100,0.68,0.68,0.0,0.016167163848876953
sylva_prior,0.74,100,0.74,0.73,0.01,0.01563715934753418
sylva_prior,0.74,100,0.74,0.73,0.01,0.036354780197143555
sylva_prior,0.74,100,0.74,0.73,0.01,0.013283014297485352
sylva_prior,0.74,100,0.74,0.72,0.02,0.03132748603820801
sylva_prior,0.74,100,0.74,0.73,0.01,0.01571059226989746
sylva_prior,0.74,100,0.74,0.75,0.01,0.020945310592651367
sylva_prior,0.74,100,0.74,0.73,0.01,0.031244993209838867
sylva_prior,0.74,100,0.74,0.74,0.0,0.015688419342041016
sylva_prior,0.74,100,0.74,0.75,0.01,0.015079021453857422
sylva_prior,0.74,100,0.74,0.74,0.0,0.0242919921875
sylva_prior,0.79,100,0.79,0.78,0.01,0.025397300720214844
sylva_prior,0.79,100,0.79,0.78,0.01,0.015082359313964844
sylva_prior,0.79,100,0.79,0.78,0.01,0.01562666893005371
sylva_prior,0.79,100,0.79,0.79,0.0,0.029619693756103516
sylva_prior,0.79,100,0.79,0.78,0.01,0.025804996490478516
sylva_prior,0.79,100,0.79,0.79,0.0,0.027343034744262695
sylva_prior,0.79,100,0.79,0.78,0.01,0.01562809944152832
sylva_prior,0.79,100,0.79,0.78,0.01,0.015697717666625977
sylva_prior,0.79,100,0.79,0.79,0.0,0.01616811752319336
sylva_prior,0.79,100,0.79,0.79,0.0,0.03800368309020996
sylva_prior,0.84,100,0.84,0.83,0.01,0.025785207748413086
sylva_prior,0.84,100,0.84,0.83,0.01,0.02581167221069336
sylva_prior,0.84,100,0.84,0.84,0.0,0.019715309143066406
sylva_prior,0.84,100,0.84,0.83,0.01,0.015626192092895508
sylva_prior,0.84,100,0.84,0.83,0.01,0.012343406677246094
sylva_prior,0.84,100,0.84,0.84,0.0,0.024806499481201172
sylva_prior,0.84,100,0.84,0.83,0.01,0.03735613822937012
sylva_prior,0.84,100,0.84,0.85,0.01,0.03122854232788086
sylva_prior,0.84,100,0.84,0.82,0.02,0.015701770782470703
sylva_prior,0.84,100,0.84,0.84,0.0,0.013149261474609375
sylva_prior,0.89,100,0.89,0.88,0.01,0.03187298774719238
sylva_prior,0.89,100,0.89,0.88,0.01,0.03131461143493652
sylva_prior,0.89,100,0.89,0.88,0.01,0.030667543411254883
sylva_prior,0.89,100,0.89,0.88,0.01,0.024115800857543945
sylva_prior,0.89,100,0.89,0.88,0.01,0.0191805362701416
sylva_prior,0.89,100,0.89,0.89,0.0,0.031233549118041992
sylva_prior,0.89,100,0.89,0.89,0.0,0.02791452407836914
sylva_prior,0.89,100,0.89,0.88,0.01,0.01694655418395996
sylva_prior,0.89,100,0.89,0.89,0.0,0.016168832778930664
sylva_prior,0.89,100,0.89,0.89,0.0,0.01563262939453125
sylva_prior,0.95,100,0.95,0.95,0.0,0.025163650512695312
sylva_prior,0.95,100,0.95,0.95,0.0,0.015635013580322266
sylva_prior,0.95,100,0.95,0.94,0.01,0.028934955596923828
sylva_prior,0.95,100,0.95,0.95,0.0,0.03133511543273926
sylva_prior,0.95,100,0.95,0.95,0.0,0.01621389389038086
sylva_prior,0.95,100,0.95,0.94,0.01,0.036472320556640625
sylva_prior,0.95,100,0.95,0.95,0.0,0.030078887939453125
sylva_prior,0.95,100,0.95,0.95,0.0,0.01571941375732422
sylva_prior,0.95,100,0.95,0.94,0.01,0.016846656799316406
sylva_prior,0.95,100,0.95,0.94,0.01,0.015617847442626953
sylva_prior,1.0,100,1.0,1.0,0.0,0.031250715255737305
sylva_prior,1.0,100,1.0,1.0,0.0,0.017955303192138672
sylva_prior,1.0,100,1.0,1.0,0.0,0.022306203842163086
sylva_prior,1.0,100,1.0,1.0,0.0,0.01562190055847168
sylva_prior,1.0,100,1.0,1.0,0.0,0.026663541793823242
sylva_prior,1.0,100,1.0,0.99,0.01,0.015692710876464844
sylva_prior,1.0,100,1.0,1.0,0.0,0.03164863586425781
sylva_prior,1.0,100,1.0,1.0,0.0,0.0156252384185791
sylva_prior,1.0,100,1.0,1.0,0.0,0.031334638595581055
sylva_prior,1.0,100,1.0,0.99,0.01,0.030889511108398438
visualizing_soil,0.0,100,0.0,0.0,0.0,0.02305293083190918
visualizing_soil,0.0,100,0.0,0.0,0.0,0.024137496948242188
visualizing_soil,0.0,100,0.0,0.0,0.0,0.021052122116088867
visualizing_soil,0.0,100,0.0,0.0,0.0,0.024249553680419922
visualizing_soil,0.0,100,0.0,0.0,0.0,0.023911237716674805
visualizing_soil,0.0,100,0.0,0.0,0.0,0.02614879608154297
visualizing_soil,0.0,100,0.0,0.0,0.0,0.017996788024902344
visualizing_soil,0.0,100,0.0,0.0,0.0,0.015079975128173828
visualizing_soil,0.0,100,0.0,0.0,0.0,0.021242856979370117
visualizing_soil,0.0,100,0.0,0.0,0.0,0.015716552734375
visualizing_soil,0.05,100,0.05,0.05,0.0,0.015085935592651367
visualizing_soil,0.05,100,0.05,0.05,0.0,0.016097068786621094
visualizing_soil,0.05,100,0.05,0.04,0.01,0.030642271041870117
visualizing_soil,0.05,100,0.05,0.05,0.0,0.015625
visualizing_soil,0.05,100,0.05,0.05,0.0,0.03102850914001465
visualizing_soil,0.05,100,0.05,0.05,0.0,0.03129839897155762
visualizing_soil,0.05,100,0.05,0.05,0.0,0.031258583068847656
visualizing_soil,0.05,100,0.05,0.05,0.0,0.01601433753967285
visualizing_soil,0.05,100,0.05,0.05,0.0,0.031339168548583984
visualizing_soil,0.05,100,0.05,0.05,0.0,0.015718460083007812
visualizing_soil,0.11,100,0.11,0.11,0.0,0.031343698501586914
visualizing_soil,0.11,100,0.11,0.11,0.0,0.016659975051879883
visualizing_soil,0.11,100,0.11,0.11,0.0,0.0313420295715332
visualizing_soil,0.11,100,0.11,0.11,0.0,0.03125882148742676
visualizing_soil,0.11,100,0.11,0.11,0.0,0.026166439056396484
visualizing_soil,0.11,100,0.11,0.11,0.0,0.021038055419921875
visualizing_soil,0.11,100,0.11,0.11,0.0,0.03695368766784668
visualizing_soil,0.11,100,0.11,0.11,0.0,0.025768280029296875
visualizing_soil,0.11,100,0.11,0.11,0.0,0.012256860733032227
visualizing_soil,0.11,100,0.11,0.11,0.0,0.02733612060546875
visualizing_soil,0.16,100,0.16,0.17,0.01,0.030733108520507812
visualizing_soil,0.16,100,0.16,0.16,0.0,0.014686346054077148
visualizing_soil,0.16,100,0.16,0.16,0.0,0.02514481544494629
visualizing_soil,0.16,100,0.16,0.16,0.0,0.012140750885009766
visualizing_soil,0.16,100,0.16,0.17,0.01,0.013197183609008789
visualizing_soil,0.16,100,0.16,0.16,0.0,0.013476133346557617
visualizing_soil,0.16,100,0.16,0.16,0.0,0.012161016464233398
visualizing_soil,0.16,100,0.16,0.16,0.0,0.0248870849609375
visualizing_soil,0.16,100,0.16,0.15,0.01,0.031440019607543945
visualizing_soil,0.16,100,0.16,0.16,0.0,0.030719757080078125
visualizing_soil,0.21,100,0.21,0.21,0.0,0.024877071380615234
visualizing_soil,0.21,100,0.21,0.2,0.01,0.03575396537780762
visualizing_soil,0.21,100,0.21,0.2,0.01,0.03079962730407715
visualizing_soil,0.21,100,0.21,0.21,0.0,0.03125429153442383
visualizing_soil,0.21,100,0.21,0.21,0.0,0.031250953674316406
visualizing_soil,0.21,100,0.21,0.21,0.0,0.03143143653869629
visualizing_soil,0.21,100,0.21,0.21,0.0,0.03317403793334961
visualizing_soil,0.21,100,0.21,0.21,0.0,0.02375316619873047
visualizing_soil,0.21,100,0.21,0.21,0.0,0.024194717407226562
visualizing_soil,0.21,100,0.21,0.21,0.0,0.017803668975830078
visualizing_soil,0.26,100,0.26,0.26,0.0,0.030800819396972656
visualizing_soil,0.26,100,0.26,0.26,0.0,0.015613555908203125
visualizing_soil,0.26,100,0.26,0.26,0.0,0.02513575553894043
visualizing_soil,0.26,100,0.26,0.27,0.01,0.01569986343383789
visualizing_soil,0.26,100,0.26,0.26,0.0,0.02116107940673828
visualizing_soil,0.26,100,0.26,0.26,0.0,0.03135514259338379
visualizing_soil,0.26,100,0.26,0.26,0.0,0.017035245895385742
visualizing_soil,0.26,100,0.26,0.26,0.0,0.015085220336914062
visualizing_soil,0.26,100,0.26,0.25,0.01,0.018970012664794922
visualizing_soil,0.26,100,0.26,0.26,0.0,0.027304887771606445
visualizing_soil,0.32,100,0.32,0.31,0.01,0.013926267623901367
visualizing_soil,0.32,100,0.32,0.32,0.0,0.03313183784484863
visualizing_soil,0.32,100,0.32,0.32,0.0,0.018466711044311523
visualizing_soil,0.32,100,0.32,0.32,0.0,0.020209550857543945
visualizing_soil,0.32,100,0.32,0.32,0.0,0.03340911865234375
visualizing_soil,0.32,100,0.32,0.32,0.0,0.015628576278686523
visualizing_soil,0.32,100,0.32,0.32,0.0,0.023633718490600586
visualizing_soil,0.32,100,0.32,0.32,0.0,0.03393268585205078
visualizing_soil,0.32,100,0.32,0.31,0.01,0.011052370071411133
visualizing_soil,0.32,100,0.32,0.32,0.0,0.015619039535522461
visualizing_soil,0.37,100,0.37,0.36,0.01,0.03533673286437988
visualizing_soil,0.37,100,0.37,0.37,0.0,0.030806303024291992
visualizing_soil,0.37,100,0.37,0.37,0.0,0.022673845291137695
visualizing_soil,0.37,100,0.37,0.37,0.0,0.01891183853149414
visualizing_soil,0.37,100,0.37,0.37,0.0,0.029882431030273438
visualizing_soil,0.37,100,0.37,0.37,0.0,0.02597784996032715
visualizing_soil,0.37,100,0.37,0.37,0.0,0.01604294776916504
visualizing_soil,0.37,100,0.37,0.37,0.0,0.029618263244628906
visualizing_soil,0.37,100,0.37,0.37,0.0,0.030792713165283203
visualizing_soil,0.37,100,0.37,0.37,0.0,0.018809080123901367
visualizing_soil,0.42,100,0.42,0.42,0.0,0.01570415496826172
visualizing_soil,0.42,100,0.42,0.42,0.0,0.03134012222290039
visualizing_soil,0.42,100,0.42,0.42,0.0,0.019926786422729492
visualizing_soil,0.42,100,0.42,0.42,0.0,0.0346827507019043
visualizing_soil,0.42,100,0.42,0.42,0.0,0.03134942054748535
visualizing_soil,0.42,100,0.42,0.42,0.0,0.015721797943115234
visualizing_soil,0.42,100,0.42,0.42,0.0,0.030801057815551758
visualizing_soil,0.42,100,0.42,0.41,0.01,0.026786327362060547
visualizing_soil,0.42,100,0.42,0.42,0.0,0.015713930130004883
visualizing_soil,0.42,100,0.42,0.42,0.0,0.015080928802490234
visualizing_soil,0.47,100,0.47,0.47,0.0,0.015666723251342773
visualizing_soil,0.47,100,0.47,0.47,0.0,0.014322519302368164
visualizing_soil,0.47,100,0.47,0.47,0.0,0.03492593765258789
visualizing_soil,0.47,100,0.47,0.47,0.0,0.034137725830078125
visualizing_soil,0.47,100,0.47,0.47,0.0,0.03510165214538574
visualizing_soil,0.47,100,0.47,0.47,0.0,0.03195023536682129
visualizing_soil,0.47,100,0.47,0.47,0.0,0.015698671340942383
visualizing_soil,0.47,100,0.47,0.47,0.0,0.01563858985900879
visualizing_soil,0.47,100,0.47,0.47,0.0,0.031775474548339844
visualizing_soil,0.47,100,0.47,0.47,0.0,0.029790401458740234
visualizing_soil,0.53,100,0.53,0.53,0.0,0.015625715255737305
visualizing_soil,0.53,100,0.53,0.53,0.0,0.015618324279785156
visualizing_soil,0.53,100,0.53,0.53,0.0,0.031877994537353516
visualizing_soil,0.53,100,0.53,0.53,0.0,0.021971702575683594
visualizing_soil,0.53,100,0.53,0.53,0.0,0.030783891677856445
visualizing_soil,0.53,100,0.53,0.54,0.01,0.015728235244750977
visualizing_soil,0.53,100,0.53,0.53,0.0,0.015007734298706055
visualizing_soil,0.53,100,0.53,0.53,0.0,0.030788898468017578
visualizing_soil,0.53,100,0.53,0.53,0.0,0.02419567108154297
visualizing_soil,0.53,100,0.53,0.53,0.0,0.009883880615234375
visualizing_soil,0.58,100,0.58,0.59,0.01,0.029668569564819336
visualizing_soil,0.58,100,0.58,0.57,0.01,0.02575230598449707
visualizing_soil,0.58,100,0.58,0.58,0.0,0.015631914138793945
visualizing_soil,0.58,100,0.58,0.58,0.0,0.024116992950439453
visualizing_soil,0.58,100,0.58,0.58,0.0,0.015618324279785156
visualizing_soil,0.58,100,0.58,0.58,0.0,0.015616893768310547
visualizing_soil,0.58,100,0.58,0.58,0.0,0.024215221405029297
visualizing_soil,0.58,100,0.58,0.58,0.0,0.02497076988220215
visualizing_soil,0.58,100,0.58,0.58,0.0,0.015717029571533203
visualizing_soil,0.58,100,0.58,0.58,0.0,0.0312657356262207
visualizing_soil,0.63,100,0.63,0.64,0.01,0.015074968338012695
visualizing_soil,0.63,100,0.63,0.63,0.0,0.015714645385742188
visualizing_soil,0.63,100,0.63,0.63,0.0,0.030879497528076172
visualizing_soil,0.63,100,0.63,0.63,0.0,0.015702486038208008
visualizing_soil,0.63,100,0.63,0.63,0.0,0.01993107795715332
visualizing_soil,0.63,100,0.63,0.63,0.0,0.019623994827270508
visualizing_soil,0.63,100,0.63,0.63,0.0,0.02135610580444336
visualizing_soil,0.63,100,0.63,0.63,0.0,0.023760318756103516
visualizing_soil,0.63,100,0.63,0.63,0.0,0.015623807907104492
visualizing_soil,0.63,100,0.63,0.64,0.01,0.02066636085510254
visualizing_soil,0.68,100,0.68,0.69,0.01,0.01571369171142578
visualizing_soil,0.68,100,0.68,0.68,0.0,0.03125476837158203
visualizing_soil,0.68,100,0.68,0.68,0.0,0.015635967254638672
visualizing_soil,0.68,100,0.68,0.68,0.0,0.03180432319641113
visualizing_soil,0.68,100,0.68,0.68,0.0,0.015718460083007812
visualizing_soil,0.68,100,0.68,0.68,0.0,0.031249046325683594
visualizing_soil,0.68,100,0.68,0.69,0.01,0.03133535385131836
visualizing_soil,0.68,100,0.68,0.68,0.0,0.026671171188354492
visualizing_soil,0.68,100,0.68,0.68,0.0,0.012580394744873047
visualizing_soil,0.68,100,0.68,0.68,0.0,0.021019935607910156
visualizing_soil,0.74,100,0.74,0.74,0.0,0.012430906295776367
visualizing_soil,0.74,100,0.74,0.74,0.0,0.01892232894897461
visualizing_soil,0.74,100,0.74,0.74,0.0,0.01421213150024414
visualizing_soil,0.74,100,0.74,0.74,0.0,0.030851125717163086
visualizing_soil,0.74,100,0.74,0.74,0.0,0.032253265380859375
visualizing_soil,0.74,100,0.74,0.75,0.01,0.02281665802001953
visualizing_soil,0.74,100,0.74,0.74,0.0,0.016161680221557617
visualizing_soil,0.74,100,0.74,0.74,0.0,0.015623807907104492
visualizing_soil,0.74,100,0.74,0.74,0.0,0.03133535385131836
visualizing_soil,0.74,100,0.74,0.74,0.0,0.015709638595581055
visualizing_soil,0.79,100,0.79,0.79,0.0,0.01602768898010254
visualizing_soil,0.79,100,0.79,0.79,0.0,0.015085458755493164
visualizing_soil,0.79,100,0.79,0.79,0.0,0.018724441528320312
visualizing_soil,0.79,100,0.79,0.78,0.01,0.04229927062988281
visualizing_soil,0.79,100,0.79,0.79,0.0,0.013065099716186523
visualizing_soil,0.79,100,0.79,0.79,0.0,0.030701637268066406
visualizing_soil,0.79,100,0.79,0.79,0.0,0.012555599212646484
visualizing_soil,0.79,100,0.79,0.79,0.0,0.012330293655395508
visualizing_soil,0.79,100,0.79,0.78,0.01,0.019666194915771484
visualizing_soil,0.79,100,0.79,0.79,0.0,0.021581649780273438
visualizing_soil,0.84,100,0.84,0.84,0.0,0.030867815017700195
visualizing_soil,0.84,100,0.84,0.85,0.01,0.019870996475219727
visualizing_soil,0.84,100,0.84,0.84,0.0,0.014772176742553711
visualizing_soil,0.84,100,0.84,0.84,0.0,0.0307614803314209
visualizing_soil,0.84,100,0.84,0.84,0.0,0.02467513084411621
visualizing_soil,0.84,100,0.84,0.84,0.0,0.037756919860839844
visualizing_soil,0.84,100,0.84,0.84,0.0,0.025364160537719727
visualizing_soil,0.84,100,0.84,0.84,0.0,0.0312502384185791
visualizing_soil,0.84,100,0.84,0.84,0.0,0.0156252384185791
visualizing_soil,0.84,100,0.84,0.83,0.01,0.031636714935302734
visualizing_soil,0.89,100,0.89,0.89,0.0,0.027428627014160156
visualizing_soil,0.89,100,0.89,0.89,0.0,0.014847278594970703
visualizing_soil,0.89,100,0.89,0.89,0.0,0.018949031829833984
visualizing_soil,0.89,100,0.89,0.88,0.01,0.015742063522338867
visualizing_soil,0.89,100,0.89,0.89,0.0,0.01497650146484375
visualizing_soil,0.89,100,0.89,0.89,0.0,0.015574932098388672
visualizing_soil,0.89,100,0.89,0.88,0.01,0.012192010879516602
visualizing_soil,0.89,100,0.89,0.89,0.0,0.011072397232055664
visualizing_soil,0.89,100,0.89,0.89,0.0,0.021767139434814453
visualizing_soil,0.89,100,0.89,0.89,0.0,0.02705073356628418
visualizing_soil,0.95,100,0.95,0.95,0.0,0.020122528076171875
visualizing_soil,0.95,100,0.95,0.95,0.0,0.030295848846435547
visualizing_soil,0.95,100,0.95,0.95,0.0,0.02599048614501953
visualizing_soil,0.95,100,0.95,0.95,0.0,0.024692058563232422
visualizing_soil,0.95,100,0.95,0.95,0.0,0.02801346778869629
visualizing_soil,0.95,100,0.95,0.95,0.0,0.02487945556640625
visualizing_soil,0.95,100,0.95,0.95,0.0,0.022803306579589844
visualizing_soil,0.95,100,0.95,0.95,0.0,0.021790027618408203
visualizing_soil,0.95,100,0.95,0.95,0.0,0.03125476837158203
visualizing_soil,0.95,100,0.95,0.95,0.0,0.031794071197509766
visualizing_soil,1.0,100,1.0,1.0,0.0,0.02680349349975586
visualizing_soil,1.0,100,1.0,1.0,0.0,0.01562976837158203
visualizing_soil,1.0,100,1.0,1.0,0.0,0.031155824661254883
visualizing_soil,1.0,100,1.0,1.0,0.0,0.02121877670288086
visualizing_soil,1.0,100,1.0,1.0,0.0,0.015713214874267578
visualizing_soil,1.0,100,1.0,1.0,0.0,0.015704870223999023
visualizing_soil,1.0,100,1.0,1.0,0.0,0.030788421630859375
visualizing_soil,1.0,100,1.0,1.0,0.0,0.016132116317749023
visualizing_soil,1.0,100,1.0,1.0,0.0,0.01340794563293457
visualizing_soil,1.0,100,1.0,1.0,0.0,0.029124975204467773
wind,0.0,100,0.0,0.0,0.0,0.033772945404052734
wind,0.0,100,0.0,0.01,0.01,0.03125
wind,0.0,100,0.0,0.01,0.01,0.015991687774658203
wind,0.0,100,0.0,0.0,0.0,0.024811506271362305
wind,0.0,100,0.0,0.0,0.0,0.02426624298095703
wind,0.0,100,0.0,0.02,0.02,0.03415322303771973
wind,0.0,100,0.0,0.02,0.02,0.0318753719329834
wind,0.0,100,0.0,0.0,0.0,0.02283644676208496
wind,0.0,100,0.0,0.02,0.02,0.015630483627319336
wind,0.0,100,0.0,0.01,0.01,0.031298160552978516
wind,0.05,100,0.05,0.04,0.01,0.015623807907104492
wind,0.05,100,0.05,0.02,0.03,0.012880802154541016
wind,0.05,100,0.05,0.04,0.01,0.024899959564208984
wind,0.05,100,0.05,0.06,0.01,0.03179311752319336
wind,0.05,100,0.05,0.02,0.03,0.031342506408691406
wind,0.05,100,0.05,0.05,0.0,0.03882956504821777
wind,0.05,100,0.05,0.05,0.0,0.03123950958251953
wind,0.05,100,0.05,0.06,0.01,0.01508188247680664
wind,0.05,100,0.05,0.07,0.02,0.03268909454345703
wind,0.05,100,0.05,0.07,0.02,0.031884193420410156
wind,0.11,100,0.11,0.1,0.01,0.030893564224243164
wind,0.11,100,0.11,0.17,0.06,0.015624046325683594
wind,0.11,100,0.11,0.09,0.02,0.01617431640625
wind,0.11,100,0.11,0.08,0.03,0.01595306396484375
wind,0.11,100,0.11,0.16,0.05,0.015629291534423828
wind,0.11,100,0.11,0.13,0.02,0.03133654594421387
wind,0.11,100,0.11,0.11,0.0,0.024222373962402344
wind,0.11,100,0.11,0.12,0.01,0.024293899536132812
wind,0.11,100,0.11,0.11,0.0,0.01619887351989746
wind,0.11,100,0.11,0.12,0.01,0.026215791702270508
wind,0.16,100,0.16,0.15,0.01,0.03331923484802246
wind,0.16,100,0.16,0.12,0.04,0.02787041664123535
wind,0.16,100,0.16,0.15,0.01,0.015633106231689453
wind,0.16,100,0.16,0.13,0.03,0.017325878143310547
wind,0.16,100,0.16,0.17,0.01,0.031793832778930664
wind,0.16,100,0.16,0.18,0.02,0.024535179138183594
wind,0.16,100,0.16,0.14,0.02,0.031255245208740234
wind,0.16,100,0.16,0.17,0.01,0.017978191375732422
wind,0.16,100,0.16,0.13,0.03,0.015621662139892578
wind,0.16,100,0.16,0.19,0.03,0.02580404281616211
wind,0.21,100,0.21,0.23,0.02,0.025804519653320312
wind,0.21,100,0.21,0.21,0.0,0.015619993209838867
wind,0.21,100,0.21,0.23,0.02,0.03083658218383789
wind,0.21,100,0.21,0.19,0.02,0.01562190055847168
wind,0.21,100,0.21,0.18,0.03,0.010678291320800781
wind,0.21,100,0.21,0.23,0.02,0.019795656204223633
wind,0.21,100,0.21,0.22,0.01,0.024475574493408203
wind,0.21,100,0.21,0.21,0.0,0.031248807907104492
wind,0.21,100,0.21,0.18,0.03,0.025534629821777344
wind,0.21,100,0.21,0.2,0.01,0.034743547439575195
wind,0.26,100,0.26,0.2,0.06,0.015711307525634766
wind,0.26,100,0.26,0.2,0.06,0.0317835807800293
wind,0.26,100,0.26,0.28,0.02,0.03078770637512207
wind,0.26,100,0.26,0.28,0.02,0.03429079055786133
wind,0.26,100,0.26,0.27,0.01,0.015628337860107422
wind,0.26,100,0.26,0.24,0.02,0.029386281967163086
wind,0.26,100,0.26,0.19,0.07,0.019769668579101562
wind,0.26,100,0.26,0.28,0.02,0.012472391128540039
wind,0.26,100,0.26,0.21,0.05,0.031258583068847656
wind,0.26,100,0.26,0.13,0.13,0.031287431716918945
wind,0.32,100,0.32,0.29,0.03,0.03187108039855957
wind,0.32,100,0.32,0.28,0.04,0.03078603744506836
wind,0.32,100,0.32,0.33,0.01,0.024834871292114258
wind,0.32,100,0.32,0.36,0.04,0.015630006790161133
wind,0.32,100,0.32,0.42,0.1,0.027767419815063477
wind,0.32,100,0.32,0.29,0.03,0.01617264747619629
wind,0.32,100,0.32,0.33,0.01,0.028390884399414062
wind,0.32,100,0.32,0.34,0.02,0.035771846771240234
wind,0.32,100,0.32,0.25,0.07,0.01894974708557129
wind,0.32,100,0.32,0.32,0.0,0.018982887268066406
wind,0.37,100,0.37,0.28,0.09,0.015174150466918945
wind,0.37,100,0.37,0.31,0.06,0.02434825897216797
wind,0.37,100,0.37,0.38,0.01,0.015079975128173828
wind,0.37,100,0.37,0.28,0.09,0.01563096046447754
wind,0.37,100,0.37,0.33,0.04,0.03125309944152832
wind,0.37,100,0.37,0.32,0.05,0.029323339462280273
wind,0.37,100,0.37,0.37,0.0,0.03187894821166992
wind,0.37,100,0.37,0.33,0.04,0.030260086059570312
wind,0.37,100,0.37,0.35,0.02,0.015618085861206055
wind,0.37,100,0.37,0.36,0.01,0.015084266662597656
wind,0.42,100,0.42,0.4,0.02,0.03906869888305664
wind,0.42,100,0.42,0.44,0.02,0.015625953674316406
wind,0.42,100,0.42,0.35,0.07,0.027482032775878906
wind,0.42,100,0.42,0.47,0.05,0.014586925506591797
wind,0.42,100,0.42,0.38,0.04,0.017983198165893555
wind,0.42,100,0.42,0.43,0.01,0.015639066696166992
wind,0.42,100,0.42,0.4,0.02,0.030788660049438477
wind,0.42,100,0.42,0.33,0.09,0.032147884368896484
wind,0.42,100,0.42,0.37,0.05,0.015715599060058594
wind,0.42,100,0.42,0.44,0.02,0.027923107147216797
wind,0.47,100,0.47,0.46,0.01,0.03182697296142578
wind,0.47,100,0.47,0.44,0.03,0.03648114204406738
wind,0.47,100,0.47,0.36,0.11,0.015710115432739258
wind,0.47,100,0.47,0.49,0.02,0.03975319862365723
wind,0.47,100,0.47,0.41,0.06,0.031319618225097656
wind,0.47,100,0.47,0.45,0.02,0.015575170516967773
wind,0.47,100,0.47,0.52,0.05,0.01616954803466797
wind,0.47,100,0.47,0.4,0.07,0.02466297149658203
wind,0.47,100,0.47,0.52,0.05,0.03133392333984375
wind,0.47,100,0.47,0.46,0.01,0.024782657623291016
wind,0.53,100,0.53,0.58,0.05,0.015621423721313477
wind,0.53,100,0.53,0.59,0.06,0.020321130752563477
wind,0.53,100,0.53,0.54,0.01,0.027940034866333008
wind,0.53,100,0.53,0.54,0.01,0.02473139762878418
wind,0.53,100,0.53,0.52,0.01,0.015618562698364258
wind,0.53,100,0.53,0.53,0.0,0.01210165023803711
wind,0.53,100,0.53,0.47,0.06,0.015613794326782227
wind,0.53,100,0.53,0.55,0.02,0.019321680068969727
wind,0.53,100,0.53,0.45,0.08,0.01671457290649414
wind,0.53,100,0.53,0.51,0.02,0.031331777572631836
wind,0.58,100,0.58,0.61,0.03,0.024480581283569336
wind,0.58,100,0.58,0.49,0.09,0.01554417610168457
wind,0.58,100,0.58,0.54,0.04,0.016970157623291016
wind,0.58,100,0.58,0.59,0.01,0.023589611053466797
wind,0.58,100,0.58,0.53,0.05,0.01728963851928711
wind,0.58,100,0.58,0.63,0.05,0.03405952453613281
wind,0.58,100,0.58,0.62,0.04,0.015624761581420898
wind,0.58,100,0.58,0.54,0.04,0.01894521713256836
wind,0.58,100,0.58,0.6,0.02,0.01570272445678711
wind,0.58,100,0.58,0.6,0.02,0.03126382827758789
wind,0.63,100,0.63,0.63,0.0,0.0287628173828125
wind,0.63,100,0.63,0.6,0.03,0.03124094009399414
wind,0.63,100,0.63,0.65,0.02,0.03072500228881836
wind,0.63,100,0.63,0.61,0.02,0.02491140365600586
wind,0.63,100,0.63,0.59,0.04,0.01570272445678711
wind,0.63,100,0.63,0.65,0.02,0.0218961238861084
wind,0.63,100,0.63,0.64,0.01,0.0323333740234375
wind,0.63,100,0.63,0.61,0.02,0.015629291534423828
wind,0.63,100,0.63,0.58,0.05,0.03399062156677246
wind,0.63,100,0.63,0.68,0.05,0.01571822166442871
wind,0.68,100,0.68,0.67,0.01,0.02490687370300293
wind,0.68,100,0.68,0.64,0.04,0.03532743453979492
wind,0.68,100,0.68,0.71,0.03,0.02757406234741211
wind,0.68,100,0.68,0.71,0.03,0.015629053115844727
wind,0.68,100,0.68,0.7,0.02,0.015088319778442383
wind,0.68,100,0.68,0.67,0.01,0.03132939338684082
wind,0.68,100,0.68,0.73,0.05,0.03342914581298828
wind,0.68,100,0.68,0.72,0.04,0.01616525650024414
wind,0.68,100,0.68,0.67,0.01,0.02679276466369629
wind,0.68,100,0.68,0.66,0.02,0.03823065757751465
wind,0.74,100,0.74,0.7,0.04,0.03493642807006836
wind,0.74,100,0.74,0.78,0.04,0.015704631805419922
wind,0.74,100,0.74,0.72,0.02,0.02943134307861328
wind,0.74,100,0.74,0.76,0.02,0.03125
wind,0.74,100,0.74,0.73,0.01,0.0267789363861084
wind,0.74,100,0.74,0.72,0.02,0.026127099990844727
wind,0.74,100,0.74,0.74,0.0,0.03344368934631348
wind,0.74,100,0.74,0.81,0.07,0.03124237060546875
wind,0.74,100,0.74,0.74,0.0,0.015614509582519531
wind,0.74,100,0.74,0.75,0.01,0.026144742965698242
wind,0.79,100,0.79,0.74,0.05,0.031244754791259766
wind,0.79,100,0.79,0.78,0.01,0.018939495086669922
wind,0.79,100,0.79,0.81,0.02,0.019796371459960938
wind,0.79,100,0.79,0.82,0.03,0.016158103942871094
wind,0.79,100,0.79,0.76,0.03,0.02483654022216797
wind,0.79,100,0.79,0.81,0.02,0.0156400203704834
wind,0.79,100,0.79,0.8,0.01,0.030745983123779297
wind,0.79,100,0.79,0.78,0.01,0.03377509117126465
wind,0.79,100,0.79,0.85,0.06,0.009501934051513672
wind,0.79,100,0.79,0.83,0.04,0.016160011291503906
wind,0.84,100,0.84,0.82,0.02,0.02016592025756836
wind,0.84,100,0.84,0.9,0.06,0.01562356948852539
wind,0.84,100,0.84,0.84,0.0,0.031238555908203125
wind,0.84,100,0.84,0.83,0.01,0.023284435272216797
wind,0.84,100,0.84,0.83,0.01,0.015711069107055664
wind,0.84,100,0.84,0.86,0.02,0.027788877487182617
wind,0.84,100,0.84,0.85,0.01,0.01616668701171875
wind,0.84,100,0.84,0.85,0.01,0.02524542808532715
wind,0.84,100,0.84,0.85,0.01,0.036406755447387695
wind,0.84,100,0.84,0.83,0.01,0.031258344650268555
wind,0.89,100,0.89,0.87,0.02,0.01795506477355957
wind,0.89,100,0.89,0.86,0.03,0.031324148178100586
wind,0.89,100,0.89,0.87,0.02,0.019296646118164062
wind,0.89,100,0.89,0.88,0.01,0.025295495986938477
wind,0.89,100,0.89,0.93,0.04,0.015619993209838867
wind,0.89,100,0.89,0.94,0.05,0.014272212982177734
wind,0.89,100,0.89,0.86,0.03,0.015617132186889648
wind,0.89,100,0.89,0.88,0.01,0.01569223403930664
wind,0.89,100,0.89,0.86,0.03,0.012518882751464844
wind,0.89,100,0.89,0.88,0.01,0.02731776237487793
wind,0.95,100,0.95,0.94,0.01,0.03538084030151367
wind,0.95,100,0.95,0.91,0.04,0.03124690055847168
wind,0.95,100,0.95,0.86,0.09,0.03079509735107422
wind,0.95,100,0.95,0.96,0.01,0.01572251319885254
wind,0.95,100,0.95,0.96,0.01,0.008714914321899414
wind,0.95,100,0.95,0.93,0.02,0.027780532836914062
wind,0.95,100,0.95,0.94,0.01,0.011047124862670898
wind,0.95,100,0.95,0.9,0.05,0.0299832820892334
wind,0.95,100,0.95,0.94,0.01,0.03125715255737305
wind,0.95,100,0.95,1.0,0.05,0.017916202545166016
wind,1.0,100,1.0,1.0,0.0,0.016152381896972656
wind,1.0,100,1.0,1.0,0.0,0.023250579833984375
wind,1.0,100,1.0,0.99,0.01,0.03125143051147461
wind,1.0,100,1.0,0.97,0.03,0.017971515655517578
wind,1.0,100,1.0,1.0,0.0,0.031246662139892578
wind,1.0,100,1.0,1.0,0.0,0.031325340270996094
wind,1.0,100,1.0,1.0,0.0,0.026798009872436523
wind,1.0,100,1.0,1.0,0.0,0.017266273498535156
wind,1.0,100,1.0,0.98,0.02,0.03466439247131348
wind,1.0,100,1.0,1.0,0.0,0.016186952590942383
