dataset_name,alpha,sample_size,real_p,pred_p,abs_error,run_time
2dplanes,0.0,100,0.0,0.05,0.05,0.11596226692199707
2dplanes,0.0,100,0.0,0.01,0.01,0.1155846118927002
2dplanes,0.0,100,0.0,0.0,0.0,0.12343072891235352
2dplanes,0.0,100,0.0,0.0,0.0,0.11947941780090332
2dplanes,0.0,100,0.0,0.0,0.0,0.12317800521850586
2dplanes,0.0,100,0.0,0.0,0.0,0.12270784378051758
2dplanes,0.0,100,0.0,0.0,0.0,0.12438631057739258
2dplanes,0.0,100,0.0,0.04,0.04,0.12172722816467285
2dplanes,0.0,100,0.0,0.0,0.0,0.11527323722839355
2dplanes,0.0,100,0.0,0.0,0.0,0.12734675407409668
2dplanes,0.05,100,0.05,0.03,0.02,0.1221010684967041
2dplanes,0.05,100,0.05,0.04,0.01,0.12052273750305176
2dplanes,0.05,100,0.05,0.0,0.05,0.11814308166503906
2dplanes,0.05,100,0.05,0.0,0.05,0.12310194969177246
2dplanes,0.05,100,0.05,0.01,0.04,0.1265547275543213
2dplanes,0.05,100,0.05,0.01,0.04,0.1242208480834961
2dplanes,0.05,100,0.05,0.03,0.02,0.12617135047912598
2dplanes,0.05,100,0.05,0.04,0.01,0.12138032913208008
2dplanes,0.05,100,0.05,0.03,0.02,0.12189245223999023
2dplanes,0.05,100,0.05,0.01,0.04,0.11498069763183594
2dplanes,0.11,100,0.11,0.07,0.04,0.12354254722595215
2dplanes,0.11,100,0.11,0.11,0.0,0.12313008308410645
2dplanes,0.11,100,0.11,0.06,0.05,0.11935710906982422
2dplanes,0.11,100,0.11,0.09,0.02,0.12360882759094238
2dplanes,0.11,100,0.11,0.06,0.05,0.1222538948059082
2dplanes,0.11,100,0.11,0.05,0.06,0.12142634391784668
2dplanes,0.11,100,0.11,0.02,0.09,0.12371373176574707
2dplanes,0.11,100,0.11,0.05,0.06,0.1277613639831543
2dplanes,0.11,100,0.11,0.07,0.04,0.12303876876831055
2dplanes,0.11,100,0.11,0.16,0.05,0.12135767936706543
2dplanes,0.16,100,0.16,0.07,0.09,0.12297534942626953
2dplanes,0.16,100,0.16,0.09,0.07,0.1218419075012207
2dplanes,0.16,100,0.16,0.11,0.05,0.1271355152130127
2dplanes,0.16,100,0.16,0.09,0.07,0.12330126762390137
2dplanes,0.16,100,0.16,0.08,0.08,0.12108588218688965
2dplanes,0.16,100,0.16,0.22,0.06,0.12622547149658203
2dplanes,0.16,100,0.16,0.06,0.1,0.12735414505004883
2dplanes,0.16,100,0.16,0.07,0.09,0.12619876861572266
2dplanes,0.16,100,0.16,0.05,0.11,0.12382054328918457
2dplanes,0.16,100,0.16,0.07,0.09,0.12392973899841309
2dplanes,0.21,100,0.21,0.24,0.03,0.11923646926879883
2dplanes,0.21,100,0.21,0.14,0.07,0.12375164031982422
2dplanes,0.21,100,0.21,0.13,0.08,0.12379884719848633
2dplanes,0.21,100,0.21,0.14,0.07,0.12794113159179688
2dplanes,0.21,100,0.21,0.25,0.04,0.12206768989562988
2dplanes,0.21,100,0.21,0.19,0.02,0.12195038795471191
2dplanes,0.21,100,0.21,0.17,0.04,0.12296175956726074
2dplanes,0.21,100,0.21,0.11,0.1,0.1229701042175293
2dplanes,0.21,100,0.21,0.13,0.08,0.12185525894165039
2dplanes,0.21,100,0.21,0.19,0.02,0.12200546264648438
2dplanes,0.26,100,0.26,0.22,0.04,0.11787796020507812
2dplanes,0.26,100,0.26,0.3,0.04,0.12904858589172363
2dplanes,0.26,100,0.26,0.23,0.03,0.11999154090881348
2dplanes,0.26,100,0.26,0.21,0.05,0.12346720695495605
2dplanes,0.26,100,0.26,0.13,0.13,0.12132430076599121
2dplanes,0.26,100,0.26,0.23,0.03,0.12653875350952148
2dplanes,0.26,100,0.26,0.24,0.02,0.12668442726135254
2dplanes,0.26,100,0.26,0.24,0.02,0.12349486351013184
2dplanes,0.26,100,0.26,0.25,0.01,0.12132883071899414
2dplanes,0.26,100,0.26,0.21,0.05,0.12305688858032227
2dplanes,0.32,100,0.32,0.31,0.01,0.12250518798828125
2dplanes,0.32,100,0.32,0.37,0.05,0.12173128128051758
2dplanes,0.32,100,0.32,0.25,0.07,0.12765145301818848
2dplanes,0.32,100,0.32,0.23,0.09,0.12320399284362793
2dplanes,0.32,100,0.32,0.3,0.02,0.12295818328857422
2dplanes,0.32,100,0.32,0.31,0.01,0.12404298782348633
2dplanes,0.32,100,0.32,0.34,0.02,0.1235189437866211
2dplanes,0.32,100,0.32,0.32,0.0,0.1253800392150879
2dplanes,0.32,100,0.32,0.33,0.01,0.12664246559143066
2dplanes,0.32,100,0.32,0.27,0.05,0.1213521957397461
2dplanes,0.37,100,0.37,0.36,0.01,0.12348031997680664
2dplanes,0.37,100,0.37,0.27,0.1,0.12271523475646973
2dplanes,0.37,100,0.37,0.41,0.04,0.12261676788330078
2dplanes,0.37,100,0.37,0.4,0.03,0.1244194507598877
2dplanes,0.37,100,0.37,0.41,0.04,0.12351489067077637
2dplanes,0.37,100,0.37,0.43,0.06,0.12355661392211914
2dplanes,0.37,100,0.37,0.2,0.17,0.12345767021179199
2dplanes,0.37,100,0.37,0.38,0.01,0.12124466896057129
2dplanes,0.37,100,0.37,0.35,0.02,0.12137770652770996
2dplanes,0.37,100,0.37,0.26,0.11,0.12046933174133301
2dplanes,0.42,100,0.42,0.4,0.02,0.12054729461669922
2dplanes,0.42,100,0.42,0.32,0.1,0.127335786819458
2dplanes,0.42,100,0.42,0.42,0.0,0.12813115119934082
2dplanes,0.42,100,0.42,0.49,0.07,0.12055587768554688
2dplanes,0.42,100,0.42,0.3,0.12,0.12515020370483398
2dplanes,0.42,100,0.42,0.43,0.01,0.12389922142028809
2dplanes,0.42,100,0.42,0.39,0.03,0.11742281913757324
2dplanes,0.42,100,0.42,0.43,0.01,0.11827540397644043
2dplanes,0.42,100,0.42,0.44,0.02,0.11958861351013184
2dplanes,0.42,100,0.42,0.39,0.03,0.12117815017700195
2dplanes,0.47,100,0.47,0.56,0.09,0.12768149375915527
2dplanes,0.47,100,0.47,0.57,0.1,0.12502241134643555
2dplanes,0.47,100,0.47,0.47,0.0,0.12356090545654297
2dplanes,0.47,100,0.47,0.36,0.11,0.12069058418273926
2dplanes,0.47,100,0.47,0.54,0.07,0.12791824340820312
2dplanes,0.47,100,0.47,0.51,0.04,0.127913236618042
2dplanes,0.47,100,0.47,0.46,0.01,0.11954426765441895
2dplanes,0.47,100,0.47,0.58,0.11,0.12241816520690918
2dplanes,0.47,100,0.47,0.45,0.02,0.12636518478393555
2dplanes,0.47,100,0.47,0.4,0.07,0.12623047828674316
2dplanes,0.53,100,0.53,0.51,0.02,0.12173175811767578
2dplanes,0.53,100,0.53,0.55,0.02,0.12410521507263184
2dplanes,0.53,100,0.53,0.65,0.12,0.1212148666381836
2dplanes,0.53,100,0.53,0.63,0.1,0.11810898780822754
2dplanes,0.53,100,0.53,0.51,0.02,0.12119126319885254
2dplanes,0.53,100,0.53,0.48,0.05,0.1274890899658203
2dplanes,0.53,100,0.53,0.54,0.01,0.12744998931884766
2dplanes,0.53,100,0.53,0.55,0.02,0.12186121940612793
2dplanes,0.53,100,0.53,0.56,0.03,0.12790203094482422
2dplanes,0.53,100,0.53,0.55,0.02,0.11925959587097168
2dplanes,0.58,100,0.58,0.56,0.02,0.12704777717590332
2dplanes,0.58,100,0.58,0.63,0.05,0.12531089782714844
2dplanes,0.58,100,0.58,0.6,0.02,0.12282133102416992
2dplanes,0.58,100,0.58,0.62,0.04,0.12713885307312012
2dplanes,0.58,100,0.58,0.57,0.01,0.12313151359558105
2dplanes,0.58,100,0.58,0.57,0.01,0.1287386417388916
2dplanes,0.58,100,0.58,0.59,0.01,0.12430953979492188
2dplanes,0.58,100,0.58,0.58,0.0,0.12172079086303711
2dplanes,0.58,100,0.58,0.5,0.08,0.1273190975189209
2dplanes,0.58,100,0.58,0.58,0.0,0.12349367141723633
2dplanes,0.63,100,0.63,0.62,0.01,0.12310051918029785
2dplanes,0.63,100,0.63,0.72,0.09,0.12114620208740234
2dplanes,0.63,100,0.63,0.62,0.01,0.12131690979003906
2dplanes,0.63,100,0.63,0.67,0.04,0.12130403518676758
2dplanes,0.63,100,0.63,0.67,0.04,0.11869192123413086
2dplanes,0.63,100,0.63,0.54,0.09,0.12647080421447754
2dplanes,0.63,100,0.63,0.6,0.03,0.11875343322753906
2dplanes,0.63,100,0.63,0.69,0.06,0.1192317008972168
2dplanes,0.63,100,0.63,0.63,0.0,0.12289190292358398
2dplanes,0.63,100,0.63,0.65,0.02,0.12520694732666016
2dplanes,0.68,100,0.68,0.71,0.03,0.11460661888122559
2dplanes,0.68,100,0.68,0.74,0.06,0.1204996109008789
2dplanes,0.68,100,0.68,0.74,0.06,0.1223597526550293
2dplanes,0.68,100,0.68,0.78,0.1,0.11922097206115723
2dplanes,0.68,100,0.68,0.76,0.08,0.12790369987487793
2dplanes,0.68,100,0.68,0.66,0.02,0.12113046646118164
2dplanes,0.68,100,0.68,0.66,0.02,0.12885451316833496
2dplanes,0.68,100,0.68,0.72,0.04,0.11979484558105469
2dplanes,0.68,100,0.68,0.77,0.09,0.12119746208190918
2dplanes,0.68,100,0.68,0.69,0.01,0.12363266944885254
2dplanes,0.74,100,0.74,0.79,0.05,0.12116456031799316
2dplanes,0.74,100,0.74,0.7,0.04,0.12059450149536133
2dplanes,0.74,100,0.74,0.77,0.03,0.11977386474609375
2dplanes,0.74,100,0.74,0.77,0.03,0.12310600280761719
2dplanes,0.74,100,0.74,0.77,0.03,0.1281297206878662
2dplanes,0.74,100,0.74,0.84,0.1,0.12389016151428223
2dplanes,0.74,100,0.74,0.75,0.01,0.12017965316772461
2dplanes,0.74,100,0.74,0.82,0.08,0.12420654296875
2dplanes,0.74,100,0.74,0.82,0.08,0.12730956077575684
2dplanes,0.74,100,0.74,0.7,0.04,0.12225484848022461
2dplanes,0.79,100,0.79,0.85,0.06,0.12730193138122559
2dplanes,0.79,100,0.79,0.78,0.01,0.12371659278869629
2dplanes,0.79,100,0.79,0.67,0.12,0.12719225883483887
2dplanes,0.79,100,0.79,0.82,0.03,0.12048888206481934
2dplanes,0.79,100,0.79,0.82,0.03,0.12399864196777344
2dplanes,0.79,100,0.79,0.91,0.12,0.12512779235839844
2dplanes,0.79,100,0.79,0.87,0.08,0.12722086906433105
2dplanes,0.79,100,0.79,0.79,0.0,0.13185572624206543
2dplanes,0.79,100,0.79,0.85,0.06,0.12347817420959473
2dplanes,0.79,100,0.79,0.87,0.08,0.12407922744750977
2dplanes,0.84,100,0.84,0.9,0.06,0.11526060104370117
2dplanes,0.84,100,0.84,0.91,0.07,0.12130928039550781
2dplanes,0.84,100,0.84,0.9,0.06,0.11998414993286133
2dplanes,0.84,100,0.84,0.9,0.06,0.12245583534240723
2dplanes,0.84,100,0.84,0.89,0.05,0.12490415573120117
2dplanes,0.84,100,0.84,0.82,0.02,0.1203620433807373
2dplanes,0.84,100,0.84,0.93,0.09,0.11985158920288086
2dplanes,0.84,100,0.84,0.91,0.07,0.11803054809570312
2dplanes,0.84,100,0.84,0.82,0.02,0.12272286415100098
2dplanes,0.84,100,0.84,0.82,0.02,0.12893939018249512
2dplanes,0.89,100,0.89,0.89,0.0,0.12219023704528809
2dplanes,0.89,100,0.89,0.97,0.08,0.1231682300567627
2dplanes,0.89,100,0.89,0.96,0.07,0.12269330024719238
2dplanes,0.89,100,0.89,0.95,0.06,0.12237334251403809
2dplanes,0.89,100,0.89,0.91,0.02,0.1212315559387207
2dplanes,0.89,100,0.89,0.99,0.1,0.12185120582580566
2dplanes,0.89,100,0.89,0.95,0.06,0.12930774688720703
2dplanes,0.89,100,0.89,0.89,0.0,0.12104487419128418
2dplanes,0.89,100,0.89,0.9,0.01,0.127763032913208
2dplanes,0.89,100,0.89,0.97,0.08,0.11591506004333496
2dplanes,0.95,100,0.95,0.98,0.03,0.12760639190673828
2dplanes,0.95,100,0.95,0.98,0.03,0.12871861457824707
2dplanes,0.95,100,0.95,0.98,0.03,0.12277507781982422
2dplanes,0.95,100,0.95,0.99,0.04,0.11885428428649902
2dplanes,0.95,100,0.95,0.95,0.0,0.12177753448486328
2dplanes,0.95,100,0.95,0.98,0.03,0.12187886238098145
2dplanes,0.95,100,0.95,0.98,0.03,0.12201857566833496
2dplanes,0.95,100,0.95,0.95,0.0,0.12136459350585938
2dplanes,0.95,100,0.95,0.96,0.01,0.1222996711730957
2dplanes,0.95,100,0.95,0.98,0.03,0.1200864315032959
2dplanes,1.0,100,1.0,1.0,0.0,0.12364315986633301
2dplanes,1.0,100,1.0,1.0,0.0,0.12304115295410156
2dplanes,1.0,100,1.0,1.0,0.0,0.12403082847595215
2dplanes,1.0,100,1.0,1.0,0.0,0.12215209007263184
2dplanes,1.0,100,1.0,1.0,0.0,0.11875677108764648
2dplanes,1.0,100,1.0,1.0,0.0,0.12063741683959961
2dplanes,1.0,100,1.0,1.0,0.0,0.12194943428039551
2dplanes,1.0,100,1.0,1.0,0.0,0.12246847152709961
2dplanes,1.0,100,1.0,1.0,0.0,0.12348389625549316
2dplanes,1.0,100,1.0,1.0,0.0,0.12232112884521484
balloon,0.0,100,0.0,0.0,0.0,0.10919666290283203
balloon,0.0,100,0.0,0.0,0.0,0.10352754592895508
balloon,0.0,100,0.0,0.0,0.0,0.10454893112182617
balloon,0.0,100,0.0,0.0,0.0,0.10761427879333496
balloon,0.0,100,0.0,0.0,0.0,0.10788893699645996
balloon,0.0,100,0.0,0.0,0.0,0.10747027397155762
balloon,0.0,100,0.0,0.0,0.0,0.10709118843078613
balloon,0.0,100,0.0,0.0,0.0,0.10677552223205566
balloon,0.0,100,0.0,0.0,0.0,0.10829520225524902
balloon,0.0,100,0.0,0.0,0.0,0.10561180114746094
balloon,0.05,100,0.05,0.03,0.02,0.10939645767211914
balloon,0.05,100,0.05,0.04,0.01,0.11003494262695312
balloon,0.05,100,0.05,0.02,0.03,0.1150970458984375
balloon,0.05,100,0.05,0.03,0.02,0.10745120048522949
balloon,0.05,100,0.05,0.01,0.04,0.10731053352355957
balloon,0.05,100,0.05,0.03,0.02,0.10543155670166016
balloon,0.05,100,0.05,0.04,0.01,0.1044762134552002
balloon,0.05,100,0.05,0.03,0.02,0.10843062400817871
balloon,0.05,100,0.05,0.02,0.03,0.11160421371459961
balloon,0.05,100,0.05,0.04,0.01,0.10890865325927734
balloon,0.11,100,0.11,0.11,0.0,0.11360621452331543
balloon,0.11,100,0.11,0.07,0.04,0.11574149131774902
balloon,0.11,100,0.11,0.07,0.04,0.10910391807556152
balloon,0.11,100,0.11,0.06,0.05,0.11141157150268555
balloon,0.11,100,0.11,0.06,0.05,0.10993647575378418
balloon,0.11,100,0.11,0.07,0.04,0.1093893051147461
balloon,0.11,100,0.11,0.05,0.06,0.10829925537109375
balloon,0.11,100,0.11,0.1,0.01,0.10979008674621582
balloon,0.11,100,0.11,0.07,0.04,0.10647439956665039
balloon,0.11,100,0.11,0.09,0.02,0.10603761672973633
balloon,0.16,100,0.16,0.11,0.05,0.10893034934997559
balloon,0.16,100,0.16,0.14,0.02,0.1078495979309082
balloon,0.16,100,0.16,0.11,0.05,0.1072845458984375
balloon,0.16,100,0.16,0.12,0.04,0.10792756080627441
balloon,0.16,100,0.16,0.11,0.05,0.10815167427062988
balloon,0.16,100,0.16,0.12,0.04,0.10927176475524902
balloon,0.16,100,0.16,0.08,0.08,0.11190462112426758
balloon,0.16,100,0.16,0.1,0.06,0.1031494140625
balloon,0.16,100,0.16,0.11,0.05,0.1082456111907959
balloon,0.16,100,0.16,0.12,0.04,0.11897873878479004
balloon,0.21,100,0.21,0.19,0.02,0.11110925674438477
balloon,0.21,100,0.21,0.15,0.06,0.10456347465515137
balloon,0.21,100,0.21,0.15,0.06,0.11143326759338379
balloon,0.21,100,0.21,0.2,0.01,0.10955452919006348
balloon,0.21,100,0.21,0.18,0.03,0.10868644714355469
balloon,0.21,100,0.21,0.17,0.04,0.10899949073791504
balloon,0.21,100,0.21,0.11,0.1,0.11363649368286133
balloon,0.21,100,0.21,0.15,0.06,0.1188359260559082
balloon,0.21,100,0.21,0.17,0.04,0.11008119583129883
balloon,0.21,100,0.21,0.19,0.02,0.11025834083557129
balloon,0.26,100,0.26,0.21,0.05,0.11081123352050781
balloon,0.26,100,0.26,0.22,0.04,0.11047959327697754
balloon,0.26,100,0.26,0.18,0.08,0.10893440246582031
balloon,0.26,100,0.26,0.26,0.0,0.10152745246887207
balloon,0.26,100,0.26,0.19,0.07,0.10892891883850098
balloon,0.26,100,0.26,0.26,0.0,0.10854387283325195
balloon,0.26,100,0.26,0.21,0.05,0.10982728004455566
balloon,0.26,100,0.26,0.26,0.0,0.10889434814453125
balloon,0.26,100,0.26,0.22,0.04,0.11575651168823242
balloon,0.26,100,0.26,0.2,0.06,0.10796928405761719
balloon,0.32,100,0.32,0.23,0.09,0.10919904708862305
balloon,0.32,100,0.32,0.25,0.07,0.10326075553894043
balloon,0.32,100,0.32,0.28,0.04,0.10911369323730469
balloon,0.32,100,0.32,0.3,0.02,0.10517668724060059
balloon,0.32,100,0.32,0.29,0.03,0.1109318733215332
balloon,0.32,100,0.32,0.3,0.02,0.10968613624572754
balloon,0.32,100,0.32,0.24,0.08,0.10906982421875
balloon,0.32,100,0.32,0.25,0.07,0.10859012603759766
balloon,0.32,100,0.32,0.25,0.07,0.10486745834350586
balloon,0.32,100,0.32,0.26,0.06,0.10356307029724121
balloon,0.37,100,0.37,0.34,0.03,0.11633586883544922
balloon,0.37,100,0.37,0.32,0.05,0.11198759078979492
balloon,0.37,100,0.37,0.32,0.05,0.10861063003540039
balloon,0.37,100,0.37,0.32,0.05,0.1113119125366211
balloon,0.37,100,0.37,0.35,0.02,0.11278057098388672
balloon,0.37,100,0.37,0.34,0.03,0.10861635208129883
balloon,0.37,100,0.37,0.33,0.04,0.10841488838195801
balloon,0.37,100,0.37,0.36,0.01,0.10792922973632812
balloon,0.37,100,0.37,0.31,0.06,0.10818934440612793
balloon,0.37,100,0.37,0.3,0.07,0.10724616050720215
balloon,0.42,100,0.42,0.36,0.06,0.10913634300231934
balloon,0.42,100,0.42,0.36,0.06,0.09979128837585449
balloon,0.42,100,0.42,0.39,0.03,0.10674881935119629
balloon,0.42,100,0.42,0.3,0.12,0.10795879364013672
balloon,0.42,100,0.42,0.41,0.01,0.10967421531677246
balloon,0.42,100,0.42,0.4,0.02,0.10821747779846191
balloon,0.42,100,0.42,0.39,0.03,0.10973954200744629
balloon,0.42,100,0.42,0.37,0.05,0.11205673217773438
balloon,0.42,100,0.42,0.38,0.04,0.1087493896484375
balloon,0.42,100,0.42,0.37,0.05,0.11579418182373047
balloon,0.47,100,0.47,0.4,0.07,0.11040735244750977
balloon,0.47,100,0.47,0.41,0.06,0.10705924034118652
balloon,0.47,100,0.47,0.43,0.04,0.10993838310241699
balloon,0.47,100,0.47,0.44,0.03,0.1107187271118164
balloon,0.47,100,0.47,0.35,0.12,0.10975527763366699
balloon,0.47,100,0.47,0.48,0.01,0.1123042106628418
balloon,0.47,100,0.47,0.41,0.06,0.10798048973083496
balloon,0.47,100,0.47,0.46,0.01,0.10853362083435059
balloon,0.47,100,0.47,0.49,0.02,0.10738945007324219
balloon,0.47,100,0.47,0.4,0.07,0.10892128944396973
balloon,0.53,100,0.53,0.52,0.01,0.10838723182678223
balloon,0.53,100,0.53,0.48,0.05,0.1088249683380127
balloon,0.53,100,0.53,0.49,0.04,0.1053166389465332
balloon,0.53,100,0.53,0.51,0.02,0.10862326622009277
balloon,0.53,100,0.53,0.5,0.03,0.11156177520751953
balloon,0.53,100,0.53,0.49,0.04,0.1091463565826416
balloon,0.53,100,0.53,0.5,0.03,0.10341191291809082
balloon,0.53,100,0.53,0.49,0.04,0.10516357421875
balloon,0.53,100,0.53,0.5,0.03,0.10512781143188477
balloon,0.53,100,0.53,0.45,0.08,0.1030583381652832
balloon,0.58,100,0.58,0.54,0.04,0.11099743843078613
balloon,0.58,100,0.58,0.57,0.01,0.11057853698730469
balloon,0.58,100,0.58,0.52,0.06,0.1106116771697998
balloon,0.58,100,0.58,0.54,0.04,0.10618710517883301
balloon,0.58,100,0.58,0.57,0.01,0.10596323013305664
balloon,0.58,100,0.58,0.62,0.04,0.10901522636413574
balloon,0.58,100,0.58,0.54,0.04,0.10554885864257812
balloon,0.58,100,0.58,0.56,0.02,0.10595965385437012
balloon,0.58,100,0.58,0.55,0.03,0.10629940032958984
balloon,0.58,100,0.58,0.52,0.06,0.11570405960083008
balloon,0.63,100,0.63,0.55,0.08,0.10357475280761719
balloon,0.63,100,0.63,0.61,0.02,0.10319662094116211
balloon,0.63,100,0.63,0.63,0.0,0.10638642311096191
balloon,0.63,100,0.63,0.61,0.02,0.10845708847045898
balloon,0.63,100,0.63,0.62,0.01,0.09926009178161621
balloon,0.63,100,0.63,0.58,0.05,0.10521054267883301
balloon,0.63,100,0.63,0.59,0.04,0.10135984420776367
balloon,0.63,100,0.63,0.61,0.02,0.10525083541870117
balloon,0.63,100,0.63,0.67,0.04,0.10335302352905273
balloon,0.63,100,0.63,0.59,0.04,0.10503911972045898
balloon,0.68,100,0.68,0.65,0.03,0.10524630546569824
balloon,0.68,100,0.68,0.65,0.03,0.10247063636779785
balloon,0.68,100,0.68,0.69,0.01,0.10510826110839844
balloon,0.68,100,0.68,0.66,0.02,0.10642075538635254
balloon,0.68,100,0.68,0.66,0.02,0.10282683372497559
balloon,0.68,100,0.68,0.64,0.04,0.11156964302062988
balloon,0.68,100,0.68,0.66,0.02,0.11129212379455566
balloon,0.68,100,0.68,0.67,0.01,0.10879302024841309
balloon,0.68,100,0.68,0.6,0.08,0.10834550857543945
balloon,0.68,100,0.68,0.62,0.06,0.10961651802062988
balloon,0.74,100,0.74,0.8,0.06,0.11208653450012207
balloon,0.74,100,0.74,0.72,0.02,0.10904407501220703
balloon,0.74,100,0.74,0.72,0.02,0.10712337493896484
balloon,0.74,100,0.74,0.73,0.01,0.11588788032531738
balloon,0.74,100,0.74,0.78,0.04,0.11285638809204102
balloon,0.74,100,0.74,0.79,0.05,0.11001229286193848
balloon,0.74,100,0.74,0.74,0.0,0.10915040969848633
balloon,0.74,100,0.74,0.75,0.01,0.10989642143249512
balloon,0.74,100,0.74,0.73,0.01,0.10989689826965332
balloon,0.74,100,0.74,0.72,0.02,0.10766839981079102
balloon,0.79,100,0.79,0.78,0.01,0.1091771125793457
balloon,0.79,100,0.79,0.77,0.02,0.11455726623535156
balloon,0.79,100,0.79,0.85,0.06,0.1120455265045166
balloon,0.79,100,0.79,0.79,0.0,0.10887432098388672
balloon,0.79,100,0.79,0.81,0.02,0.11374282836914062
balloon,0.79,100,0.79,0.79,0.0,0.10871481895446777
balloon,0.79,100,0.79,0.77,0.02,0.10878276824951172
balloon,0.79,100,0.79,0.8,0.01,0.10355329513549805
balloon,0.79,100,0.79,0.8,0.01,0.1099247932434082
balloon,0.79,100,0.79,0.76,0.03,0.10977983474731445
balloon,0.84,100,0.84,0.81,0.03,0.10979032516479492
balloon,0.84,100,0.84,0.83,0.01,0.10866880416870117
balloon,0.84,100,0.84,0.84,0.0,0.10963654518127441
balloon,0.84,100,0.84,0.89,0.05,0.11285781860351562
balloon,0.84,100,0.84,0.86,0.02,0.10901379585266113
balloon,0.84,100,0.84,0.85,0.01,0.10743522644042969
balloon,0.84,100,0.84,0.82,0.02,0.10641956329345703
balloon,0.84,100,0.84,0.85,0.01,0.1146852970123291
balloon,0.84,100,0.84,0.85,0.01,0.10529398918151855
balloon,0.84,100,0.84,0.83,0.01,0.10906291007995605
balloon,0.89,100,0.89,0.88,0.01,0.11060762405395508
balloon,0.89,100,0.89,0.92,0.03,0.10779809951782227
balloon,0.89,100,0.89,0.9,0.01,0.10855340957641602
balloon,0.89,100,0.89,0.89,0.0,0.11179232597351074
balloon,0.89,100,0.89,0.95,0.06,0.10898017883300781
balloon,0.89,100,0.89,0.92,0.03,0.11176896095275879
balloon,0.89,100,0.89,0.91,0.02,0.1058359146118164
balloon,0.89,100,0.89,0.89,0.0,0.10514640808105469
balloon,0.89,100,0.89,0.87,0.02,0.10477876663208008
balloon,0.89,100,0.89,0.87,0.02,0.10615897178649902
balloon,0.95,100,0.95,0.95,0.0,0.10631513595581055
balloon,0.95,100,0.95,0.96,0.01,0.10653376579284668
balloon,0.95,100,0.95,0.97,0.02,0.10965704917907715
balloon,0.95,100,0.95,0.95,0.0,0.10595488548278809
balloon,0.95,100,0.95,0.95,0.0,0.10349011421203613
balloon,0.95,100,0.95,0.97,0.02,0.10019493103027344
balloon,0.95,100,0.95,0.95,0.0,0.1050875186920166
balloon,0.95,100,0.95,0.96,0.01,0.10500979423522949
balloon,0.95,100,0.95,0.98,0.03,0.10714340209960938
balloon,0.95,100,0.95,0.95,0.0,0.10559511184692383
balloon,1.0,100,1.0,1.0,0.0,0.10599565505981445
balloon,1.0,100,1.0,0.99,0.01,0.11511445045471191
balloon,1.0,100,1.0,0.99,0.01,0.10976696014404297
balloon,1.0,100,1.0,0.99,0.01,0.10884284973144531
balloon,1.0,100,1.0,1.0,0.0,0.10599708557128906
balloon,1.0,100,1.0,0.99,0.01,0.10541391372680664
balloon,1.0,100,1.0,0.99,0.01,0.11297440528869629
balloon,1.0,100,1.0,0.99,0.01,0.1109917163848877
balloon,1.0,100,1.0,1.0,0.0,0.11416983604431152
balloon,1.0,100,1.0,0.99,0.01,0.10954165458679199
bank8FM,0.0,100,0.0,0.0,0.0,0.10562539100646973
bank8FM,0.0,100,0.0,0.0,0.0,0.11512398719787598
bank8FM,0.0,100,0.0,0.0,0.0,0.11052846908569336
bank8FM,0.0,100,0.0,0.0,0.0,0.11173892021179199
bank8FM,0.0,100,0.0,0.0,0.0,0.11235380172729492
bank8FM,0.0,100,0.0,0.0,0.0,0.11099028587341309
bank8FM,0.0,100,0.0,0.0,0.0,0.1079707145690918
bank8FM,0.0,100,0.0,0.0,0.0,0.11165022850036621
bank8FM,0.0,100,0.0,0.0,0.0,0.11019086837768555
bank8FM,0.0,100,0.0,0.0,0.0,0.11531686782836914
bank8FM,0.05,100,0.05,0.03,0.02,0.10906839370727539
bank8FM,0.05,100,0.05,0.05,0.0,0.11308073997497559
bank8FM,0.05,100,0.05,0.04,0.01,0.11500120162963867
bank8FM,0.05,100,0.05,0.05,0.0,0.11239933967590332
bank8FM,0.05,100,0.05,0.06,0.01,0.10938072204589844
bank8FM,0.05,100,0.05,0.05,0.0,0.11104822158813477
bank8FM,0.05,100,0.05,0.05,0.0,0.11276078224182129
bank8FM,0.05,100,0.05,0.07,0.02,0.10738992691040039
bank8FM,0.05,100,0.05,0.04,0.01,0.11114048957824707
bank8FM,0.05,100,0.05,0.07,0.02,0.11987757682800293
bank8FM,0.11,100,0.11,0.11,0.0,0.10809588432312012
bank8FM,0.11,100,0.11,0.12,0.01,0.11446762084960938
bank8FM,0.11,100,0.11,0.11,0.0,0.10765886306762695
bank8FM,0.11,100,0.11,0.1,0.01,0.11529421806335449
bank8FM,0.11,100,0.11,0.13,0.02,0.1116476058959961
bank8FM,0.11,100,0.11,0.1,0.01,0.1152036190032959
bank8FM,0.11,100,0.11,0.08,0.03,0.11300444602966309
bank8FM,0.11,100,0.11,0.12,0.01,0.11462831497192383
bank8FM,0.11,100,0.11,0.07,0.04,0.11080622673034668
bank8FM,0.11,100,0.11,0.13,0.02,0.10297751426696777
bank8FM,0.16,100,0.16,0.17,0.01,0.10770082473754883
bank8FM,0.16,100,0.16,0.16,0.0,0.11314654350280762
bank8FM,0.16,100,0.16,0.15,0.01,0.11267280578613281
bank8FM,0.16,100,0.16,0.18,0.02,0.10755300521850586
bank8FM,0.16,100,0.16,0.15,0.01,0.11176586151123047
bank8FM,0.16,100,0.16,0.17,0.01,0.11453056335449219
bank8FM,0.16,100,0.16,0.18,0.02,0.11460089683532715
bank8FM,0.16,100,0.16,0.18,0.02,0.11585593223571777
bank8FM,0.16,100,0.16,0.17,0.01,0.11569643020629883
bank8FM,0.16,100,0.16,0.18,0.02,0.1121981143951416
bank8FM,0.21,100,0.21,0.22,0.01,0.11133551597595215
bank8FM,0.21,100,0.21,0.2,0.01,0.12272787094116211
bank8FM,0.21,100,0.21,0.2,0.01,0.1146547794342041
bank8FM,0.21,100,0.21,0.17,0.04,0.10949826240539551
bank8FM,0.21,100,0.21,0.24,0.03,0.11310863494873047
bank8FM,0.21,100,0.21,0.21,0.0,0.10778594017028809
bank8FM,0.21,100,0.21,0.23,0.02,0.10931181907653809
bank8FM,0.21,100,0.21,0.21,0.0,0.10300731658935547
bank8FM,0.21,100,0.21,0.22,0.01,0.10901808738708496
bank8FM,0.21,100,0.21,0.22,0.01,0.11352920532226562
bank8FM,0.26,100,0.26,0.27,0.01,0.1126089096069336
bank8FM,0.26,100,0.26,0.24,0.02,0.11201620101928711
bank8FM,0.26,100,0.26,0.24,0.02,0.1139531135559082
bank8FM,0.26,100,0.26,0.24,0.02,0.11025047302246094
bank8FM,0.26,100,0.26,0.27,0.01,0.10872483253479004
bank8FM,0.26,100,0.26,0.29,0.03,0.11351680755615234
bank8FM,0.26,100,0.26,0.3,0.04,0.11500287055969238
bank8FM,0.26,100,0.26,0.3,0.04,0.11499667167663574
bank8FM,0.26,100,0.26,0.26,0.0,0.10966253280639648
bank8FM,0.26,100,0.26,0.23,0.03,0.11201143264770508
bank8FM,0.32,100,0.32,0.31,0.01,0.11231637001037598
bank8FM,0.32,100,0.32,0.34,0.02,0.10955452919006348
bank8FM,0.32,100,0.32,0.35,0.03,0.10658383369445801
bank8FM,0.32,100,0.32,0.33,0.01,0.11201620101928711
bank8FM,0.32,100,0.32,0.32,0.0,0.10833525657653809
bank8FM,0.32,100,0.32,0.32,0.0,0.11124014854431152
bank8FM,0.32,100,0.32,0.28,0.04,0.11114692687988281
bank8FM,0.32,100,0.32,0.32,0.0,0.11194014549255371
bank8FM,0.32,100,0.32,0.29,0.03,0.11327648162841797
bank8FM,0.32,100,0.32,0.3,0.02,0.11407756805419922
bank8FM,0.37,100,0.37,0.37,0.0,0.11516523361206055
bank8FM,0.37,100,0.37,0.39,0.02,0.11289644241333008
bank8FM,0.37,100,0.37,0.41,0.04,0.1123499870300293
bank8FM,0.37,100,0.37,0.38,0.01,0.11391592025756836
bank8FM,0.37,100,0.37,0.37,0.0,0.10751175880432129
bank8FM,0.37,100,0.37,0.37,0.0,0.11581730842590332
bank8FM,0.37,100,0.37,0.41,0.04,0.1139078140258789
bank8FM,0.37,100,0.37,0.39,0.02,0.11562895774841309
bank8FM,0.37,100,0.37,0.35,0.02,0.10996413230895996
bank8FM,0.37,100,0.37,0.37,0.0,0.11149954795837402
bank8FM,0.42,100,0.42,0.41,0.01,0.11430883407592773
bank8FM,0.42,100,0.42,0.43,0.01,0.11257314682006836
bank8FM,0.42,100,0.42,0.43,0.01,0.1129920482635498
bank8FM,0.42,100,0.42,0.45,0.03,0.1079263687133789
bank8FM,0.42,100,0.42,0.44,0.02,0.11371588706970215
bank8FM,0.42,100,0.42,0.4,0.02,0.12109684944152832
bank8FM,0.42,100,0.42,0.39,0.03,0.1158759593963623
bank8FM,0.42,100,0.42,0.45,0.03,0.10904097557067871
bank8FM,0.42,100,0.42,0.36,0.06,0.11208128929138184
bank8FM,0.42,100,0.42,0.41,0.01,0.11350035667419434
bank8FM,0.47,100,0.47,0.51,0.04,0.10853934288024902
bank8FM,0.47,100,0.47,0.46,0.01,0.11109495162963867
bank8FM,0.47,100,0.47,0.44,0.03,0.1117544174194336
bank8FM,0.47,100,0.47,0.52,0.05,0.10956311225891113
bank8FM,0.47,100,0.47,0.52,0.05,0.12118244171142578
bank8FM,0.47,100,0.47,0.49,0.02,0.10624265670776367
bank8FM,0.47,100,0.47,0.49,0.02,0.10568428039550781
bank8FM,0.47,100,0.47,0.45,0.02,0.10974669456481934
bank8FM,0.47,100,0.47,0.48,0.01,0.11127710342407227
bank8FM,0.47,100,0.47,0.48,0.01,0.1096646785736084
bank8FM,0.53,100,0.53,0.57,0.04,0.1105196475982666
bank8FM,0.53,100,0.53,0.55,0.02,0.11215925216674805
bank8FM,0.53,100,0.53,0.54,0.01,0.11222720146179199
bank8FM,0.53,100,0.53,0.53,0.0,0.10796546936035156
bank8FM,0.53,100,0.53,0.55,0.02,0.11099720001220703
bank8FM,0.53,100,0.53,0.52,0.01,0.11587858200073242
bank8FM,0.53,100,0.53,0.53,0.0,0.1122286319732666
bank8FM,0.53,100,0.53,0.52,0.01,0.11308121681213379
bank8FM,0.53,100,0.53,0.53,0.0,0.11363029479980469
bank8FM,0.53,100,0.53,0.49,0.04,0.11208891868591309
bank8FM,0.58,100,0.58,0.59,0.01,0.10858392715454102
bank8FM,0.58,100,0.58,0.66,0.08,0.10873889923095703
bank8FM,0.58,100,0.58,0.57,0.01,0.11283540725708008
bank8FM,0.58,100,0.58,0.6,0.02,0.11337947845458984
bank8FM,0.58,100,0.58,0.62,0.04,0.11013031005859375
bank8FM,0.58,100,0.58,0.6,0.02,0.11232709884643555
bank8FM,0.58,100,0.58,0.58,0.0,0.10899591445922852
bank8FM,0.58,100,0.58,0.62,0.04,0.11457324028015137
bank8FM,0.58,100,0.58,0.59,0.01,0.10743498802185059
bank8FM,0.58,100,0.58,0.62,0.04,0.112396240234375
bank8FM,0.63,100,0.63,0.64,0.01,0.11193394660949707
bank8FM,0.63,100,0.63,0.64,0.01,0.10882854461669922
bank8FM,0.63,100,0.63,0.63,0.0,0.10502147674560547
bank8FM,0.63,100,0.63,0.65,0.02,0.10643625259399414
bank8FM,0.63,100,0.63,0.67,0.04,0.10738444328308105
bank8FM,0.63,100,0.63,0.65,0.02,0.11887669563293457
bank8FM,0.63,100,0.63,0.63,0.0,0.10657143592834473
bank8FM,0.63,100,0.63,0.65,0.02,0.11045289039611816
bank8FM,0.63,100,0.63,0.62,0.01,0.11435365676879883
bank8FM,0.63,100,0.63,0.65,0.02,0.10643982887268066
bank8FM,0.68,100,0.68,0.68,0.0,0.1124579906463623
bank8FM,0.68,100,0.68,0.69,0.01,0.11340141296386719
bank8FM,0.68,100,0.68,0.7,0.02,0.11715912818908691
bank8FM,0.68,100,0.68,0.69,0.01,0.11657309532165527
bank8FM,0.68,100,0.68,0.69,0.01,0.11461663246154785
bank8FM,0.68,100,0.68,0.68,0.0,0.10907578468322754
bank8FM,0.68,100,0.68,0.66,0.02,0.11436772346496582
bank8FM,0.68,100,0.68,0.71,0.03,0.11172842979431152
bank8FM,0.68,100,0.68,0.67,0.01,0.11256575584411621
bank8FM,0.68,100,0.68,0.71,0.03,0.11491847038269043
bank8FM,0.74,100,0.74,0.73,0.01,0.10910820960998535
bank8FM,0.74,100,0.74,0.73,0.01,0.11196303367614746
bank8FM,0.74,100,0.74,0.72,0.02,0.11261320114135742
bank8FM,0.74,100,0.74,0.75,0.01,0.1083672046661377
bank8FM,0.74,100,0.74,0.81,0.07,0.1118781566619873
bank8FM,0.74,100,0.74,0.77,0.03,0.1144096851348877
bank8FM,0.74,100,0.74,0.76,0.02,0.11804604530334473
bank8FM,0.74,100,0.74,0.77,0.03,0.1130974292755127
bank8FM,0.74,100,0.74,0.73,0.01,0.11895537376403809
bank8FM,0.74,100,0.74,0.75,0.01,0.10480213165283203
bank8FM,0.79,100,0.79,0.79,0.0,0.11265826225280762
bank8FM,0.79,100,0.79,0.81,0.02,0.11084961891174316
bank8FM,0.79,100,0.79,0.75,0.04,0.11583709716796875
bank8FM,0.79,100,0.79,0.82,0.03,0.11286234855651855
bank8FM,0.79,100,0.79,0.79,0.0,0.10945892333984375
bank8FM,0.79,100,0.79,0.78,0.01,0.1160125732421875
bank8FM,0.79,100,0.79,0.79,0.0,0.11564135551452637
bank8FM,0.79,100,0.79,0.78,0.01,0.11207151412963867
bank8FM,0.79,100,0.79,0.82,0.03,0.11559724807739258
bank8FM,0.79,100,0.79,0.81,0.02,0.11229395866394043
bank8FM,0.84,100,0.84,0.86,0.02,0.11246991157531738
bank8FM,0.84,100,0.84,0.85,0.01,0.11582779884338379
bank8FM,0.84,100,0.84,0.85,0.01,0.11025452613830566
bank8FM,0.84,100,0.84,0.87,0.03,0.11180973052978516
bank8FM,0.84,100,0.84,0.86,0.02,0.11379265785217285
bank8FM,0.84,100,0.84,0.84,0.0,0.11161184310913086
bank8FM,0.84,100,0.84,0.86,0.02,0.11187601089477539
bank8FM,0.84,100,0.84,0.86,0.02,0.11222124099731445
bank8FM,0.84,100,0.84,0.87,0.03,0.1089932918548584
bank8FM,0.84,100,0.84,0.86,0.02,0.11409926414489746
bank8FM,0.89,100,0.89,0.89,0.0,0.11283612251281738
bank8FM,0.89,100,0.89,0.91,0.02,0.11721205711364746
bank8FM,0.89,100,0.89,0.91,0.02,0.11510682106018066
bank8FM,0.89,100,0.89,0.91,0.02,0.11894607543945312
bank8FM,0.89,100,0.89,0.92,0.03,0.11274170875549316
bank8FM,0.89,100,0.89,0.9,0.01,0.11291193962097168
bank8FM,0.89,100,0.89,0.9,0.01,0.10817313194274902
bank8FM,0.89,100,0.89,0.89,0.0,0.10901093482971191
bank8FM,0.89,100,0.89,0.89,0.0,0.11192154884338379
bank8FM,0.89,100,0.89,0.89,0.0,0.1187582015991211
bank8FM,0.95,100,0.95,0.95,0.0,0.11765146255493164
bank8FM,0.95,100,0.95,0.96,0.01,0.10969424247741699
bank8FM,0.95,100,0.95,0.95,0.0,0.11109280586242676
bank8FM,0.95,100,0.95,0.94,0.01,0.1057732105255127
bank8FM,0.95,100,0.95,0.97,0.02,0.11352109909057617
bank8FM,0.95,100,0.95,0.95,0.0,0.11360597610473633
bank8FM,0.95,100,0.95,0.95,0.0,0.10833263397216797
bank8FM,0.95,100,0.95,0.94,0.01,0.11713957786560059
bank8FM,0.95,100,0.95,0.93,0.02,0.11427545547485352
bank8FM,0.95,100,0.95,0.98,0.03,0.11191558837890625
bank8FM,1.0,100,1.0,1.0,0.0,0.10737442970275879
bank8FM,1.0,100,1.0,1.0,0.0,0.11803317070007324
bank8FM,1.0,100,1.0,1.0,0.0,0.10893964767456055
bank8FM,1.0,100,1.0,1.0,0.0,0.11614251136779785
bank8FM,1.0,100,1.0,1.0,0.0,0.11471891403198242
bank8FM,1.0,100,1.0,1.0,0.0,0.11300039291381836
bank8FM,1.0,100,1.0,1.0,0.0,0.1090550422668457
bank8FM,1.0,100,1.0,1.0,0.0,0.1212778091430664
bank8FM,1.0,100,1.0,1.0,0.0,0.10876083374023438
bank8FM,1.0,100,1.0,1.0,0.0,0.10292506217956543
churn,0.0,100,0.0,0.0,0.0,0.1089932918548584
churn,0.0,100,0.0,0.0,0.0,0.10755443572998047
churn,0.0,100,0.0,0.0,0.0,0.11202788352966309
churn,0.0,100,0.0,0.0,0.0,0.11126089096069336
churn,0.0,100,0.0,0.0,0.0,0.10973954200744629
churn,0.0,100,0.0,0.0,0.0,0.10632848739624023
churn,0.0,100,0.0,0.0,0.0,0.1085500717163086
churn,0.0,100,0.0,0.0,0.0,0.12367987632751465
churn,0.0,100,0.0,0.0,0.0,0.11253547668457031
churn,0.0,100,0.0,0.03,0.03,0.11340951919555664
churn,0.05,100,0.05,0.01,0.04,0.10684061050415039
churn,0.05,100,0.05,0.01,0.04,0.10975003242492676
churn,0.05,100,0.05,0.0,0.05,0.11083817481994629
churn,0.05,100,0.05,0.04,0.01,0.10923194885253906
churn,0.05,100,0.05,0.01,0.04,0.10880565643310547
churn,0.05,100,0.05,0.1,0.05,0.10820150375366211
churn,0.05,100,0.05,0.0,0.05,0.11295914649963379
churn,0.05,100,0.05,0.0,0.05,0.10232782363891602
churn,0.05,100,0.05,0.04,0.01,0.11186957359313965
churn,0.05,100,0.05,0.0,0.05,0.11299014091491699
churn,0.11,100,0.11,0.06,0.05,0.10308218002319336
churn,0.11,100,0.11,0.02,0.09,0.11616206169128418
churn,0.11,100,0.11,0.07,0.04,0.10350537300109863
churn,0.11,100,0.11,0.08,0.03,0.10578560829162598
churn,0.11,100,0.11,0.02,0.09,0.09750699996948242
churn,0.11,100,0.11,0.06,0.05,0.10337519645690918
churn,0.11,100,0.11,0.05,0.06,0.11148977279663086
churn,0.11,100,0.11,0.11,0.0,0.10052967071533203
churn,0.11,100,0.11,0.01,0.1,0.10922074317932129
churn,0.11,100,0.11,0.05,0.06,0.11255836486816406
churn,0.16,100,0.16,0.03,0.13,0.09907269477844238
churn,0.16,100,0.16,0.13,0.03,0.11020278930664062
churn,0.16,100,0.16,0.16,0.0,0.11077427864074707
churn,0.16,100,0.16,0.2,0.04,0.10899591445922852
churn,0.16,100,0.16,0.01,0.15,0.11086535453796387
churn,0.16,100,0.16,0.06,0.1,0.10418558120727539
churn,0.16,100,0.16,0.01,0.15,0.10307836532592773
churn,0.16,100,0.16,0.11,0.05,0.10916686058044434
churn,0.16,100,0.16,0.07,0.09,0.1082608699798584
churn,0.16,100,0.16,0.04,0.12,0.11086893081665039
churn,0.21,100,0.21,0.04,0.17,0.10910725593566895
churn,0.21,100,0.21,0.03,0.18,0.10620331764221191
churn,0.21,100,0.21,0.09,0.12,0.10933756828308105
churn,0.21,100,0.21,0.06,0.15,0.11446118354797363
churn,0.21,100,0.21,0.32,0.11,0.1130526065826416
churn,0.21,100,0.21,0.01,0.2,0.11099672317504883
churn,0.21,100,0.21,0.04,0.17,0.10745668411254883
churn,0.21,100,0.21,0.11,0.1,0.11097502708435059
churn,0.21,100,0.21,0.03,0.18,0.1090400218963623
churn,0.21,100,0.21,0.1,0.11,0.11198258399963379
churn,0.26,100,0.26,0.12,0.14,0.10761880874633789
churn,0.26,100,0.26,0.1,0.16,0.10900664329528809
churn,0.26,100,0.26,0.2,0.06,0.10867643356323242
churn,0.26,100,0.26,0.19,0.07,0.11517190933227539
churn,0.26,100,0.26,0.17,0.09,0.10310864448547363
churn,0.26,100,0.26,0.12,0.14,0.10208773612976074
churn,0.26,100,0.26,0.18,0.08,0.10797476768493652
churn,0.26,100,0.26,0.2,0.06,0.11006450653076172
churn,0.26,100,0.26,0.28,0.02,0.11517548561096191
churn,0.26,100,0.26,0.14,0.12,0.10945558547973633
churn,0.32,100,0.32,0.13,0.19,0.10982465744018555
churn,0.32,100,0.32,0.15,0.17,0.1098027229309082
churn,0.32,100,0.32,0.34,0.02,0.10249447822570801
churn,0.32,100,0.32,0.22,0.1,0.11517786979675293
churn,0.32,100,0.32,0.24,0.08,0.109771728515625
churn,0.32,100,0.32,0.16,0.16,0.10534381866455078
churn,0.32,100,0.32,0.18,0.14,0.10970592498779297
churn,0.32,100,0.32,0.2,0.12,0.10786581039428711
churn,0.32,100,0.32,0.22,0.1,0.10845327377319336
churn,0.32,100,0.32,0.09,0.23,0.10924148559570312
churn,0.37,100,0.37,0.24,0.13,0.10378742218017578
churn,0.37,100,0.37,0.31,0.06,0.11221504211425781
churn,0.37,100,0.37,0.29,0.08,0.10783886909484863
churn,0.37,100,0.37,0.39,0.02,0.10542607307434082
churn,0.37,100,0.37,0.23,0.14,0.11122274398803711
churn,0.37,100,0.37,0.3,0.07,0.10882282257080078
churn,0.37,100,0.37,0.24,0.13,0.1144106388092041
churn,0.37,100,0.37,0.3,0.07,0.11399555206298828
churn,0.37,100,0.37,0.27,0.1,0.10462069511413574
churn,0.37,100,0.37,0.3,0.07,0.11316514015197754
churn,0.42,100,0.42,0.39,0.03,0.10890340805053711
churn,0.42,100,0.42,0.36,0.06,0.1052699089050293
churn,0.42,100,0.42,0.34,0.08,0.11109471321105957
churn,0.42,100,0.42,0.18,0.24,0.10693931579589844
churn,0.42,100,0.42,0.27,0.15,0.10788083076477051
churn,0.42,100,0.42,0.27,0.15,0.10898184776306152
churn,0.42,100,0.42,0.32,0.1,0.1122136116027832
churn,0.42,100,0.42,0.25,0.17,0.11029672622680664
churn,0.42,100,0.42,0.36,0.06,0.11384868621826172
churn,0.42,100,0.42,0.22,0.2,0.10917901992797852
churn,0.47,100,0.47,0.4,0.07,0.10641193389892578
churn,0.47,100,0.47,0.36,0.11,0.1110849380493164
churn,0.47,100,0.47,0.43,0.04,0.10744071006774902
churn,0.47,100,0.47,0.39,0.08,0.1086268424987793
churn,0.47,100,0.47,0.39,0.08,0.11044168472290039
churn,0.47,100,0.47,0.28,0.19,0.10996055603027344
churn,0.47,100,0.47,0.38,0.09,0.10925793647766113
churn,0.47,100,0.47,0.3,0.17,0.1129295825958252
churn,0.47,100,0.47,0.31,0.16,0.10906577110290527
churn,0.47,100,0.47,0.31,0.16,0.10291457176208496
churn,0.53,100,0.53,0.34,0.19,0.11075663566589355
churn,0.53,100,0.53,0.54,0.01,0.11200714111328125
churn,0.53,100,0.53,0.6,0.07,0.1074070930480957
churn,0.53,100,0.53,0.47,0.06,0.10935568809509277
churn,0.53,100,0.53,0.59,0.06,0.10917043685913086
churn,0.53,100,0.53,0.47,0.06,0.107940673828125
churn,0.53,100,0.53,0.51,0.02,0.11450862884521484
churn,0.53,100,0.53,0.48,0.05,0.11094284057617188
churn,0.53,100,0.53,0.39,0.14,0.10637712478637695
churn,0.53,100,0.53,0.44,0.09,0.10848450660705566
churn,0.58,100,0.58,0.47,0.11,0.10967278480529785
churn,0.58,100,0.58,0.51,0.07,0.11081075668334961
churn,0.58,100,0.58,0.49,0.09,0.1089482307434082
churn,0.58,100,0.58,0.51,0.07,0.10513043403625488
churn,0.58,100,0.58,0.54,0.04,0.10677552223205566
churn,0.58,100,0.58,0.48,0.1,0.10841107368469238
churn,0.58,100,0.58,0.35,0.23,0.10853052139282227
churn,0.58,100,0.58,0.41,0.17,0.11063265800476074
churn,0.58,100,0.58,0.44,0.14,0.10420608520507812
churn,0.58,100,0.58,0.53,0.05,0.10909128189086914
churn,0.63,100,0.63,0.63,0.0,0.10446286201477051
churn,0.63,100,0.63,0.48,0.15,0.10939574241638184
churn,0.63,100,0.63,0.47,0.16,0.10860419273376465
churn,0.63,100,0.63,0.55,0.08,0.10784602165222168
churn,0.63,100,0.63,0.53,0.1,0.10920858383178711
churn,0.63,100,0.63,0.58,0.05,0.11084222793579102
churn,0.63,100,0.63,0.61,0.02,0.10903573036193848
churn,0.63,100,0.63,0.66,0.03,0.10977792739868164
churn,0.63,100,0.63,0.57,0.06,0.10890078544616699
churn,0.63,100,0.63,0.53,0.1,0.10900354385375977
churn,0.68,100,0.68,0.57,0.11,0.10856986045837402
churn,0.68,100,0.68,0.55,0.13,0.11165761947631836
churn,0.68,100,0.68,0.67,0.01,0.11574792861938477
churn,0.68,100,0.68,0.45,0.23,0.11185741424560547
churn,0.68,100,0.68,0.62,0.06,0.10757040977478027
churn,0.68,100,0.68,0.56,0.12,0.10791015625
churn,0.68,100,0.68,0.65,0.03,0.11112689971923828
churn,0.68,100,0.68,0.61,0.07,0.10187578201293945
churn,0.68,100,0.68,0.72,0.04,0.11593294143676758
churn,0.68,100,0.68,0.65,0.03,0.11071395874023438
churn,0.74,100,0.74,0.52,0.22,0.10227489471435547
churn,0.74,100,0.74,0.73,0.01,0.11013984680175781
churn,0.74,100,0.74,0.76,0.02,0.1036078929901123
churn,0.74,100,0.74,0.73,0.01,0.1105356216430664
churn,0.74,100,0.74,0.68,0.06,0.11304998397827148
churn,0.74,100,0.74,0.64,0.1,0.10901331901550293
churn,0.74,100,0.74,0.78,0.04,0.11143374443054199
churn,0.74,100,0.74,0.62,0.12,0.11088180541992188
churn,0.74,100,0.74,0.57,0.17,0.11511683464050293
churn,0.74,100,0.74,0.74,0.0,0.11200475692749023
churn,0.79,100,0.79,0.79,0.0,0.11367177963256836
churn,0.79,100,0.79,0.76,0.03,0.110443115234375
churn,0.79,100,0.79,0.74,0.05,0.11060237884521484
churn,0.79,100,0.79,0.71,0.08,0.10904049873352051
churn,0.79,100,0.79,0.66,0.13,0.1189124584197998
churn,0.79,100,0.79,0.69,0.1,0.11100220680236816
churn,0.79,100,0.79,0.64,0.15,0.11084890365600586
churn,0.79,100,0.79,0.71,0.08,0.10850811004638672
churn,0.79,100,0.79,0.72,0.07,0.11213994026184082
churn,0.79,100,0.79,0.76,0.03,0.11043024063110352
churn,0.84,100,0.84,0.8,0.04,0.10848379135131836
churn,0.84,100,0.84,0.73,0.11,0.10595560073852539
churn,0.84,100,0.84,0.67,0.17,0.10727906227111816
churn,0.84,100,0.84,0.88,0.04,0.10483479499816895
churn,0.84,100,0.84,0.9,0.06,0.11028075218200684
churn,0.84,100,0.84,0.82,0.02,0.10438156127929688
churn,0.84,100,0.84,0.76,0.08,0.10781979560852051
churn,0.84,100,0.84,0.73,0.11,0.09690499305725098
churn,0.84,100,0.84,0.74,0.1,0.11095213890075684
churn,0.84,100,0.84,0.75,0.09,0.10959601402282715
churn,0.89,100,0.89,0.8,0.09,0.10960221290588379
churn,0.89,100,0.89,0.71,0.18,0.10859346389770508
churn,0.89,100,0.89,0.84,0.05,0.10886359214782715
churn,0.89,100,0.89,0.81,0.08,0.1088414192199707
churn,0.89,100,0.89,0.96,0.07,0.10907387733459473
churn,0.89,100,0.89,0.91,0.02,0.12224745750427246
churn,0.89,100,0.89,0.81,0.08,0.11352896690368652
churn,0.89,100,0.89,0.8,0.09,0.10859251022338867
churn,0.89,100,0.89,0.95,0.06,0.10840678215026855
churn,0.89,100,0.89,0.81,0.08,0.11122465133666992
churn,0.95,100,0.95,0.92,0.03,0.11130690574645996
churn,0.95,100,0.95,0.94,0.01,0.11279892921447754
churn,0.95,100,0.95,0.86,0.09,0.1106574535369873
churn,0.95,100,0.95,0.97,0.02,0.11004304885864258
churn,0.95,100,0.95,0.92,0.03,0.11309576034545898
churn,0.95,100,0.95,0.92,0.03,0.10049009323120117
churn,0.95,100,0.95,0.82,0.13,0.11182498931884766
churn,0.95,100,0.95,0.88,0.07,0.10961699485778809
churn,0.95,100,0.95,0.92,0.03,0.11809229850769043
churn,0.95,100,0.95,0.85,0.1,0.10909295082092285
churn,1.0,100,1.0,1.0,0.0,0.11599326133728027
churn,1.0,100,1.0,0.95,0.05,0.11010932922363281
churn,1.0,100,1.0,0.95,0.05,0.10861325263977051
churn,1.0,100,1.0,0.89,0.11,0.11857748031616211
churn,1.0,100,1.0,0.95,0.05,0.11320781707763672
churn,1.0,100,1.0,0.96,0.04,0.11197090148925781
churn,1.0,100,1.0,1.0,0.0,0.1116340160369873
churn,1.0,100,1.0,0.93,0.07,0.10650753974914551
churn,1.0,100,1.0,1.0,0.0,0.11449265480041504
churn,1.0,100,1.0,0.94,0.06,0.11233782768249512
clean2,0.0,100,0.0,0.0,0.0,0.1109311580657959
clean2,0.0,100,0.0,0.0,0.0,0.10884737968444824
clean2,0.0,100,0.0,0.0,0.0,0.11339926719665527
clean2,0.0,100,0.0,0.0,0.0,0.10712289810180664
clean2,0.0,100,0.0,0.0,0.0,0.10996270179748535
clean2,0.0,100,0.0,0.0,0.0,0.10889005661010742
clean2,0.0,100,0.0,0.0,0.0,0.10919380187988281
clean2,0.0,100,0.0,0.0,0.0,0.1143944263458252
clean2,0.0,100,0.0,0.0,0.0,0.10661792755126953
clean2,0.0,100,0.0,0.0,0.0,0.11000204086303711
clean2,0.05,100,0.05,0.04,0.01,0.13316679000854492
clean2,0.05,100,0.05,0.04,0.01,0.11015129089355469
clean2,0.05,100,0.05,0.04,0.01,0.1118919849395752
clean2,0.05,100,0.05,0.04,0.01,0.11098170280456543
clean2,0.05,100,0.05,0.03,0.02,0.10180974006652832
clean2,0.05,100,0.05,0.03,0.02,0.11019420623779297
clean2,0.05,100,0.05,0.03,0.02,0.10484147071838379
clean2,0.05,100,0.05,0.03,0.02,0.10991597175598145
clean2,0.05,100,0.05,0.03,0.02,0.11510157585144043
clean2,0.05,100,0.05,0.04,0.01,0.10967516899108887
clean2,0.11,100,0.11,0.1,0.01,0.11105132102966309
clean2,0.11,100,0.11,0.08,0.03,0.10828590393066406
clean2,0.11,100,0.11,0.09,0.02,0.10948681831359863
clean2,0.11,100,0.11,0.08,0.03,0.11394715309143066
clean2,0.11,100,0.11,0.08,0.03,0.10906267166137695
clean2,0.11,100,0.11,0.08,0.03,0.11252427101135254
clean2,0.11,100,0.11,0.09,0.02,0.10990142822265625
clean2,0.11,100,0.11,0.08,0.03,0.10949373245239258
clean2,0.11,100,0.11,0.08,0.03,0.10978412628173828
clean2,0.11,100,0.11,0.09,0.02,0.10897541046142578
clean2,0.16,100,0.16,0.15,0.01,0.11095476150512695
clean2,0.16,100,0.16,0.11,0.05,0.1106412410736084
clean2,0.16,100,0.16,0.14,0.02,0.10944128036499023
clean2,0.16,100,0.16,0.14,0.02,0.10979437828063965
clean2,0.16,100,0.16,0.13,0.03,0.10484027862548828
clean2,0.16,100,0.16,0.12,0.04,0.11553001403808594
clean2,0.16,100,0.16,0.14,0.02,0.1141657829284668
clean2,0.16,100,0.16,0.14,0.02,0.11054158210754395
clean2,0.16,100,0.16,0.14,0.02,0.11400628089904785
clean2,0.16,100,0.16,0.13,0.03,0.11303329467773438
clean2,0.21,100,0.21,0.18,0.03,0.11723017692565918
clean2,0.21,100,0.21,0.17,0.04,0.11558747291564941
clean2,0.21,100,0.21,0.18,0.03,0.11794757843017578
clean2,0.21,100,0.21,0.18,0.03,0.11354184150695801
clean2,0.21,100,0.21,0.19,0.02,0.10626435279846191
clean2,0.21,100,0.21,0.18,0.03,0.11070084571838379
clean2,0.21,100,0.21,0.2,0.01,0.10860991477966309
clean2,0.21,100,0.21,0.18,0.03,0.11012721061706543
clean2,0.21,100,0.21,0.19,0.02,0.1117246150970459
clean2,0.21,100,0.21,0.19,0.02,0.12186145782470703
clean2,0.26,100,0.26,0.24,0.02,0.11580181121826172
clean2,0.26,100,0.26,0.23,0.03,0.10957980155944824
clean2,0.26,100,0.26,0.23,0.03,0.10848164558410645
clean2,0.26,100,0.26,0.23,0.03,0.11700296401977539
clean2,0.26,100,0.26,0.24,0.02,0.11038088798522949
clean2,0.26,100,0.26,0.24,0.02,0.11108875274658203
clean2,0.26,100,0.26,0.23,0.03,0.11105465888977051
clean2,0.26,100,0.26,0.24,0.02,0.11026215553283691
clean2,0.26,100,0.26,0.24,0.02,0.11307430267333984
clean2,0.26,100,0.26,0.21,0.05,0.11354184150695801
clean2,0.32,100,0.32,0.28,0.04,0.10976767539978027
clean2,0.32,100,0.32,0.3,0.02,0.1112980842590332
clean2,0.32,100,0.32,0.31,0.01,0.10902905464172363
clean2,0.32,100,0.32,0.29,0.03,0.11280560493469238
clean2,0.32,100,0.32,0.29,0.03,0.10888886451721191
clean2,0.32,100,0.32,0.29,0.03,0.1090857982635498
clean2,0.32,100,0.32,0.29,0.03,0.11254620552062988
clean2,0.32,100,0.32,0.3,0.02,0.11293911933898926
clean2,0.32,100,0.32,0.29,0.03,0.10831284523010254
clean2,0.32,100,0.32,0.3,0.02,0.10602569580078125
clean2,0.37,100,0.37,0.35,0.02,0.1101987361907959
clean2,0.37,100,0.37,0.35,0.02,0.10603713989257812
clean2,0.37,100,0.37,0.35,0.02,0.11019539833068848
clean2,0.37,100,0.37,0.34,0.03,0.10919809341430664
clean2,0.37,100,0.37,0.35,0.02,0.11200976371765137
clean2,0.37,100,0.37,0.35,0.02,0.10953354835510254
clean2,0.37,100,0.37,0.33,0.04,0.11116981506347656
clean2,0.37,100,0.37,0.36,0.01,0.10063695907592773
clean2,0.37,100,0.37,0.35,0.02,0.11142730712890625
clean2,0.37,100,0.37,0.34,0.03,0.10980105400085449
clean2,0.42,100,0.42,0.4,0.02,0.11461806297302246
clean2,0.42,100,0.42,0.41,0.01,0.11700057983398438
clean2,0.42,100,0.42,0.41,0.01,0.10898399353027344
clean2,0.42,100,0.42,0.4,0.02,0.11628246307373047
clean2,0.42,100,0.42,0.38,0.04,0.0997166633605957
clean2,0.42,100,0.42,0.4,0.02,0.11149334907531738
clean2,0.42,100,0.42,0.39,0.03,0.1094970703125
clean2,0.42,100,0.42,0.41,0.01,0.10859107971191406
clean2,0.42,100,0.42,0.42,0.0,0.10962033271789551
clean2,0.42,100,0.42,0.39,0.03,0.11043453216552734
clean2,0.47,100,0.47,0.46,0.01,0.1164708137512207
clean2,0.47,100,0.47,0.45,0.02,0.11136507987976074
clean2,0.47,100,0.47,0.44,0.03,0.11517047882080078
clean2,0.47,100,0.47,0.45,0.02,0.11586284637451172
clean2,0.47,100,0.47,0.44,0.03,0.10964274406433105
clean2,0.47,100,0.47,0.44,0.03,0.11003851890563965
clean2,0.47,100,0.47,0.45,0.02,0.10993504524230957
clean2,0.47,100,0.47,0.45,0.02,0.1103813648223877
clean2,0.47,100,0.47,0.45,0.02,0.10888266563415527
clean2,0.47,100,0.47,0.44,0.03,0.11515235900878906
clean2,0.53,100,0.53,0.51,0.02,0.10901260375976562
clean2,0.53,100,0.53,0.51,0.02,0.11441183090209961
clean2,0.53,100,0.53,0.52,0.01,0.11227226257324219
clean2,0.53,100,0.53,0.51,0.02,0.1104588508605957
clean2,0.53,100,0.53,0.51,0.02,0.11509847640991211
clean2,0.53,100,0.53,0.51,0.02,0.11590719223022461
clean2,0.53,100,0.53,0.52,0.01,0.10631728172302246
clean2,0.53,100,0.53,0.52,0.01,0.11358141899108887
clean2,0.53,100,0.53,0.51,0.02,0.10899686813354492
clean2,0.53,100,0.53,0.51,0.02,0.11010003089904785
clean2,0.58,100,0.58,0.57,0.01,0.11061286926269531
clean2,0.58,100,0.58,0.56,0.02,0.11509084701538086
clean2,0.58,100,0.58,0.57,0.01,0.10791611671447754
clean2,0.58,100,0.58,0.56,0.02,0.11308526992797852
clean2,0.58,100,0.58,0.57,0.01,0.10915565490722656
clean2,0.58,100,0.58,0.55,0.03,0.10965561866760254
clean2,0.58,100,0.58,0.57,0.01,0.1054534912109375
clean2,0.58,100,0.58,0.57,0.01,0.11205124855041504
clean2,0.58,100,0.58,0.56,0.02,0.10654854774475098
clean2,0.58,100,0.58,0.57,0.01,0.11279749870300293
clean2,0.63,100,0.63,0.62,0.01,0.11118698120117188
clean2,0.63,100,0.63,0.63,0.0,0.11190176010131836
clean2,0.63,100,0.63,0.62,0.01,0.11001467704772949
clean2,0.63,100,0.63,0.63,0.0,0.10997748374938965
clean2,0.63,100,0.63,0.62,0.01,0.10904645919799805
clean2,0.63,100,0.63,0.62,0.01,0.11518478393554688
clean2,0.63,100,0.63,0.61,0.02,0.10733151435852051
clean2,0.63,100,0.63,0.6,0.03,0.10697007179260254
clean2,0.63,100,0.63,0.62,0.01,0.10848546028137207
clean2,0.63,100,0.63,0.61,0.02,0.1145179271697998
clean2,0.68,100,0.68,0.67,0.01,0.10906815528869629
clean2,0.68,100,0.68,0.68,0.0,0.1112215518951416
clean2,0.68,100,0.68,0.68,0.0,0.10443520545959473
clean2,0.68,100,0.68,0.67,0.01,0.11110830307006836
clean2,0.68,100,0.68,0.68,0.0,0.10928130149841309
clean2,0.68,100,0.68,0.66,0.02,0.1093893051147461
clean2,0.68,100,0.68,0.68,0.0,0.10724425315856934
clean2,0.68,100,0.68,0.67,0.01,0.11358809471130371
clean2,0.68,100,0.68,0.67,0.01,0.10629105567932129
clean2,0.68,100,0.68,0.66,0.02,0.11170315742492676
clean2,0.74,100,0.74,0.73,0.01,0.10486435890197754
clean2,0.74,100,0.74,0.74,0.0,0.10967731475830078
clean2,0.74,100,0.74,0.74,0.0,0.1074075698852539
clean2,0.74,100,0.74,0.73,0.01,0.1130373477935791
clean2,0.74,100,0.74,0.74,0.0,0.10873723030090332
clean2,0.74,100,0.74,0.74,0.0,0.10982418060302734
clean2,0.74,100,0.74,0.73,0.01,0.10748839378356934
clean2,0.74,100,0.74,0.73,0.01,0.10950684547424316
clean2,0.74,100,0.74,0.74,0.0,0.11049699783325195
clean2,0.74,100,0.74,0.73,0.01,0.11453628540039062
clean2,0.79,100,0.79,0.79,0.0,0.11304879188537598
clean2,0.79,100,0.79,0.8,0.01,0.10144591331481934
clean2,0.79,100,0.79,0.78,0.01,0.10436248779296875
clean2,0.79,100,0.79,0.78,0.01,0.10860109329223633
clean2,0.79,100,0.79,0.79,0.0,0.10966706275939941
clean2,0.79,100,0.79,0.79,0.0,0.11093997955322266
clean2,0.79,100,0.79,0.78,0.01,0.11509537696838379
clean2,0.79,100,0.79,0.78,0.01,0.11209774017333984
clean2,0.79,100,0.79,0.78,0.01,0.10892200469970703
clean2,0.79,100,0.79,0.78,0.01,0.11515998840332031
clean2,0.84,100,0.84,0.83,0.01,0.10745644569396973
clean2,0.84,100,0.84,0.84,0.0,0.11265087127685547
clean2,0.84,100,0.84,0.83,0.01,0.11042451858520508
clean2,0.84,100,0.84,0.84,0.0,0.11574649810791016
clean2,0.84,100,0.84,0.84,0.0,0.11094951629638672
clean2,0.84,100,0.84,0.85,0.01,0.11060929298400879
clean2,0.84,100,0.84,0.84,0.0,0.10965633392333984
clean2,0.84,100,0.84,0.83,0.01,0.11134672164916992
clean2,0.84,100,0.84,0.84,0.0,0.11487150192260742
clean2,0.84,100,0.84,0.84,0.0,0.11195588111877441
clean2,0.89,100,0.89,0.89,0.0,0.10915184020996094
clean2,0.89,100,0.89,0.89,0.0,0.11004495620727539
clean2,0.89,100,0.89,0.89,0.0,0.10985255241394043
clean2,0.89,100,0.89,0.89,0.0,0.11210751533508301
clean2,0.89,100,0.89,0.89,0.0,0.10903501510620117
clean2,0.89,100,0.89,0.91,0.02,0.1153264045715332
clean2,0.89,100,0.89,0.89,0.0,0.10908198356628418
clean2,0.89,100,0.89,0.89,0.0,0.11165165901184082
clean2,0.89,100,0.89,0.89,0.0,0.10472226142883301
clean2,0.89,100,0.89,0.89,0.0,0.11242413520812988
clean2,0.95,100,0.95,0.95,0.0,0.10935044288635254
clean2,0.95,100,0.95,0.95,0.0,0.10889101028442383
clean2,0.95,100,0.95,0.95,0.0,0.10991334915161133
clean2,0.95,100,0.95,0.95,0.0,0.10752439498901367
clean2,0.95,100,0.95,0.95,0.0,0.10965967178344727
clean2,0.95,100,0.95,0.96,0.01,0.11282539367675781
clean2,0.95,100,0.95,0.95,0.0,0.10908269882202148
clean2,0.95,100,0.95,0.95,0.0,0.11333990097045898
clean2,0.95,100,0.95,0.95,0.0,0.10758662223815918
clean2,0.95,100,0.95,0.95,0.0,0.10840415954589844
clean2,1.0,100,1.0,1.0,0.0,0.09833264350891113
clean2,1.0,100,1.0,1.0,0.0,0.11064815521240234
clean2,1.0,100,1.0,1.0,0.0,0.10853338241577148
clean2,1.0,100,1.0,1.0,0.0,0.10897588729858398
clean2,1.0,100,1.0,1.0,0.0,0.11350369453430176
clean2,1.0,100,1.0,1.0,0.0,0.10682368278503418
clean2,1.0,100,1.0,1.0,0.0,0.10892367362976074
clean2,1.0,100,1.0,1.0,0.0,0.11032891273498535
clean2,1.0,100,1.0,1.0,0.0,0.11225175857543945
clean2,1.0,100,1.0,1.0,0.0,0.10912966728210449
cpu_act,0.0,100,0.0,0.0,0.0,0.11136269569396973
cpu_act,0.0,100,0.0,0.0,0.0,0.1130514144897461
cpu_act,0.0,100,0.0,0.0,0.0,0.10483479499816895
cpu_act,0.0,100,0.0,0.0,0.0,0.11662864685058594
cpu_act,0.0,100,0.0,0.0,0.0,0.1111304759979248
cpu_act,0.0,100,0.0,0.0,0.0,0.10830020904541016
cpu_act,0.0,100,0.0,0.0,0.0,0.10751724243164062
cpu_act,0.0,100,0.0,0.0,0.0,0.10704493522644043
cpu_act,0.0,100,0.0,0.0,0.0,0.11191201210021973
cpu_act,0.0,100,0.0,0.0,0.0,0.11296200752258301
cpu_act,0.05,100,0.05,0.04,0.01,0.11349940299987793
cpu_act,0.05,100,0.05,0.05,0.0,0.10986685752868652
cpu_act,0.05,100,0.05,0.0,0.05,0.10752177238464355
cpu_act,0.05,100,0.05,0.04,0.01,0.11390066146850586
cpu_act,0.05,100,0.05,0.04,0.01,0.10924959182739258
cpu_act,0.05,100,0.05,0.03,0.02,0.10718250274658203
cpu_act,0.05,100,0.05,0.04,0.01,0.10652470588684082
cpu_act,0.05,100,0.05,0.04,0.01,0.11206316947937012
cpu_act,0.05,100,0.05,0.06,0.01,0.11377787590026855
cpu_act,0.05,100,0.05,0.04,0.01,0.11194419860839844
cpu_act,0.11,100,0.11,0.1,0.01,0.12117218971252441
cpu_act,0.11,100,0.11,0.1,0.01,0.10970878601074219
cpu_act,0.11,100,0.11,0.07,0.04,0.10255312919616699
cpu_act,0.11,100,0.11,0.1,0.01,0.10995650291442871
cpu_act,0.11,100,0.11,0.08,0.03,0.11390376091003418
cpu_act,0.11,100,0.11,0.09,0.02,0.10893487930297852
cpu_act,0.11,100,0.11,0.06,0.05,0.10887837409973145
cpu_act,0.11,100,0.11,0.1,0.01,0.12178897857666016
cpu_act,0.11,100,0.11,0.08,0.03,0.11692094802856445
cpu_act,0.11,100,0.11,0.07,0.04,0.11472511291503906
cpu_act,0.16,100,0.16,0.11,0.05,0.10909676551818848
cpu_act,0.16,100,0.16,0.16,0.0,0.11015725135803223
cpu_act,0.16,100,0.16,0.17,0.01,0.10712218284606934
cpu_act,0.16,100,0.16,0.15,0.01,0.10983467102050781
cpu_act,0.16,100,0.16,0.18,0.02,0.11108875274658203
cpu_act,0.16,100,0.16,0.07,0.09,0.11022305488586426
cpu_act,0.16,100,0.16,0.13,0.03,0.11008548736572266
cpu_act,0.16,100,0.16,0.13,0.03,0.11034989356994629
cpu_act,0.16,100,0.16,0.16,0.0,0.11108946800231934
cpu_act,0.16,100,0.16,0.16,0.0,0.1143798828125
cpu_act,0.21,100,0.21,0.19,0.02,0.11579632759094238
cpu_act,0.21,100,0.21,0.18,0.03,0.10891032218933105
cpu_act,0.21,100,0.21,0.18,0.03,0.1117560863494873
cpu_act,0.21,100,0.21,0.19,0.02,0.11522722244262695
cpu_act,0.21,100,0.21,0.11,0.1,0.10545110702514648
cpu_act,0.21,100,0.21,0.19,0.02,0.11085152626037598
cpu_act,0.21,100,0.21,0.16,0.05,0.1136465072631836
cpu_act,0.21,100,0.21,0.15,0.06,0.10845446586608887
cpu_act,0.21,100,0.21,0.16,0.05,0.11660361289978027
cpu_act,0.21,100,0.21,0.15,0.06,0.11329483985900879
cpu_act,0.26,100,0.26,0.25,0.01,0.1134941577911377
cpu_act,0.26,100,0.26,0.18,0.08,0.10026192665100098
cpu_act,0.26,100,0.26,0.2,0.06,0.10931777954101562
cpu_act,0.26,100,0.26,0.24,0.02,0.11571025848388672
cpu_act,0.26,100,0.26,0.25,0.01,0.10950374603271484
cpu_act,0.26,100,0.26,0.25,0.01,0.11377573013305664
cpu_act,0.26,100,0.26,0.21,0.05,0.11406707763671875
cpu_act,0.26,100,0.26,0.21,0.05,0.10763144493103027
cpu_act,0.26,100,0.26,0.24,0.02,0.11381077766418457
cpu_act,0.26,100,0.26,0.21,0.05,0.1115577220916748
cpu_act,0.32,100,0.32,0.29,0.03,0.1159055233001709
cpu_act,0.32,100,0.32,0.26,0.06,0.11295151710510254
cpu_act,0.32,100,0.32,0.29,0.03,0.1161336898803711
cpu_act,0.32,100,0.32,0.26,0.06,0.11096334457397461
cpu_act,0.32,100,0.32,0.3,0.02,0.1119225025177002
cpu_act,0.32,100,0.32,0.3,0.02,0.1112828254699707
cpu_act,0.32,100,0.32,0.29,0.03,0.1095271110534668
cpu_act,0.32,100,0.32,0.27,0.05,0.11442708969116211
cpu_act,0.32,100,0.32,0.3,0.02,0.11069941520690918
cpu_act,0.32,100,0.32,0.32,0.0,0.11021685600280762
cpu_act,0.37,100,0.37,0.31,0.06,0.11577701568603516
cpu_act,0.37,100,0.37,0.39,0.02,0.11593389511108398
cpu_act,0.37,100,0.37,0.36,0.01,0.11524295806884766
cpu_act,0.37,100,0.37,0.36,0.01,0.11633181571960449
cpu_act,0.37,100,0.37,0.38,0.01,0.1114950180053711
cpu_act,0.37,100,0.37,0.33,0.04,0.11162543296813965
cpu_act,0.37,100,0.37,0.36,0.01,0.11089038848876953
cpu_act,0.37,100,0.37,0.32,0.05,0.11187601089477539
cpu_act,0.37,100,0.37,0.32,0.05,0.11007881164550781
cpu_act,0.37,100,0.37,0.35,0.02,0.11222434043884277
cpu_act,0.42,100,0.42,0.38,0.04,0.11402320861816406
cpu_act,0.42,100,0.42,0.38,0.04,0.10917067527770996
cpu_act,0.42,100,0.42,0.39,0.03,0.11592960357666016
cpu_act,0.42,100,0.42,0.42,0.0,0.11661696434020996
cpu_act,0.42,100,0.42,0.44,0.02,0.1090540885925293
cpu_act,0.42,100,0.42,0.41,0.01,0.10787081718444824
cpu_act,0.42,100,0.42,0.4,0.02,0.1151278018951416
cpu_act,0.42,100,0.42,0.37,0.05,0.1102437973022461
cpu_act,0.42,100,0.42,0.36,0.06,0.12173342704772949
cpu_act,0.42,100,0.42,0.36,0.06,0.10628938674926758
cpu_act,0.47,100,0.47,0.45,0.02,0.10961031913757324
cpu_act,0.47,100,0.47,0.39,0.08,0.1128535270690918
cpu_act,0.47,100,0.47,0.45,0.02,0.11125802993774414
cpu_act,0.47,100,0.47,0.44,0.03,0.11009049415588379
cpu_act,0.47,100,0.47,0.41,0.06,0.11021876335144043
cpu_act,0.47,100,0.47,0.43,0.04,0.11206531524658203
cpu_act,0.47,100,0.47,0.47,0.0,0.10956573486328125
cpu_act,0.47,100,0.47,0.46,0.01,0.1115415096282959
cpu_act,0.47,100,0.47,0.43,0.04,0.10966324806213379
cpu_act,0.47,100,0.47,0.47,0.0,0.11577272415161133
cpu_act,0.53,100,0.53,0.47,0.06,0.10437822341918945
cpu_act,0.53,100,0.53,0.49,0.04,0.11096906661987305
cpu_act,0.53,100,0.53,0.53,0.0,0.11034417152404785
cpu_act,0.53,100,0.53,0.51,0.02,0.11173415184020996
cpu_act,0.53,100,0.53,0.5,0.03,0.11184048652648926
cpu_act,0.53,100,0.53,0.51,0.02,0.11298012733459473
cpu_act,0.53,100,0.53,0.48,0.05,0.10916876792907715
cpu_act,0.53,100,0.53,0.53,0.0,0.11059188842773438
cpu_act,0.53,100,0.53,0.48,0.05,0.1091461181640625
cpu_act,0.53,100,0.53,0.49,0.04,0.11008024215698242
cpu_act,0.58,100,0.58,0.56,0.02,0.10900640487670898
cpu_act,0.58,100,0.58,0.55,0.03,0.12332749366760254
cpu_act,0.58,100,0.58,0.51,0.07,0.10727596282958984
cpu_act,0.58,100,0.58,0.57,0.01,0.09924745559692383
cpu_act,0.58,100,0.58,0.5,0.08,0.10874295234680176
cpu_act,0.58,100,0.58,0.56,0.02,0.116058349609375
cpu_act,0.58,100,0.58,0.57,0.01,0.11220192909240723
cpu_act,0.58,100,0.58,0.49,0.09,0.10936498641967773
cpu_act,0.58,100,0.58,0.59,0.01,0.1097872257232666
cpu_act,0.58,100,0.58,0.56,0.02,0.10754632949829102
cpu_act,0.63,100,0.63,0.58,0.05,0.11511993408203125
cpu_act,0.63,100,0.63,0.66,0.03,0.11159062385559082
cpu_act,0.63,100,0.63,0.57,0.06,0.10750031471252441
cpu_act,0.63,100,0.63,0.6,0.03,0.11153602600097656
cpu_act,0.63,100,0.63,0.64,0.01,0.11036562919616699
cpu_act,0.63,100,0.63,0.61,0.02,0.1105661392211914
cpu_act,0.63,100,0.63,0.63,0.0,0.11607742309570312
cpu_act,0.63,100,0.63,0.52,0.11,0.11129236221313477
cpu_act,0.63,100,0.63,0.6,0.03,0.11046075820922852
cpu_act,0.63,100,0.63,0.62,0.01,0.11018848419189453
cpu_act,0.68,100,0.68,0.66,0.02,0.10732460021972656
cpu_act,0.68,100,0.68,0.69,0.01,0.10854315757751465
cpu_act,0.68,100,0.68,0.69,0.01,0.10506558418273926
cpu_act,0.68,100,0.68,0.65,0.03,0.11452746391296387
cpu_act,0.68,100,0.68,0.65,0.03,0.11214375495910645
cpu_act,0.68,100,0.68,0.68,0.0,0.11574816703796387
cpu_act,0.68,100,0.68,0.68,0.0,0.10619330406188965
cpu_act,0.68,100,0.68,0.65,0.03,0.10451030731201172
cpu_act,0.68,100,0.68,0.7,0.02,0.11183524131774902
cpu_act,0.68,100,0.68,0.65,0.03,0.11176896095275879
cpu_act,0.74,100,0.74,0.75,0.01,0.11070775985717773
cpu_act,0.74,100,0.74,0.72,0.02,0.10885953903198242
cpu_act,0.74,100,0.74,0.75,0.01,0.11411380767822266
cpu_act,0.74,100,0.74,0.7,0.04,0.1103816032409668
cpu_act,0.74,100,0.74,0.7,0.04,0.11114645004272461
cpu_act,0.74,100,0.74,0.76,0.02,0.11272668838500977
cpu_act,0.74,100,0.74,0.75,0.01,0.11430931091308594
cpu_act,0.74,100,0.74,0.74,0.0,0.10883378982543945
cpu_act,0.74,100,0.74,0.71,0.03,0.1096353530883789
cpu_act,0.74,100,0.74,0.74,0.0,0.10982894897460938
cpu_act,0.79,100,0.79,0.73,0.06,0.10956120491027832
cpu_act,0.79,100,0.79,0.75,0.04,0.11441540718078613
cpu_act,0.79,100,0.79,0.82,0.03,0.1090545654296875
cpu_act,0.79,100,0.79,0.81,0.02,0.11682009696960449
cpu_act,0.79,100,0.79,0.79,0.0,0.10752248764038086
cpu_act,0.79,100,0.79,0.82,0.03,0.11434483528137207
cpu_act,0.79,100,0.79,0.78,0.01,0.10969161987304688
cpu_act,0.79,100,0.79,0.81,0.02,0.10865116119384766
cpu_act,0.79,100,0.79,0.77,0.02,0.11214089393615723
cpu_act,0.79,100,0.79,0.84,0.05,0.11313056945800781
cpu_act,0.84,100,0.84,0.81,0.03,0.1109013557434082
cpu_act,0.84,100,0.84,0.78,0.06,0.12425589561462402
cpu_act,0.84,100,0.84,0.85,0.01,0.11172842979431152
cpu_act,0.84,100,0.84,0.8,0.04,0.10922360420227051
cpu_act,0.84,100,0.84,0.81,0.03,0.1098020076751709
cpu_act,0.84,100,0.84,0.85,0.01,0.10912394523620605
cpu_act,0.84,100,0.84,0.86,0.02,0.11298155784606934
cpu_act,0.84,100,0.84,0.84,0.0,0.11247563362121582
cpu_act,0.84,100,0.84,0.79,0.05,0.10906100273132324
cpu_act,0.84,100,0.84,0.86,0.02,0.10694694519042969
cpu_act,0.89,100,0.89,0.88,0.01,0.10802030563354492
cpu_act,0.89,100,0.89,0.91,0.02,0.11301708221435547
cpu_act,0.89,100,0.89,0.85,0.04,0.11443114280700684
cpu_act,0.89,100,0.89,0.85,0.04,0.10961461067199707
cpu_act,0.89,100,0.89,0.91,0.02,0.11588382720947266
cpu_act,0.89,100,0.89,0.85,0.04,0.11014938354492188
cpu_act,0.89,100,0.89,0.91,0.02,0.10500788688659668
cpu_act,0.89,100,0.89,0.86,0.03,0.11288785934448242
cpu_act,0.89,100,0.89,0.89,0.0,0.1126244068145752
cpu_act,0.89,100,0.89,0.88,0.01,0.11307930946350098
cpu_act,0.95,100,0.95,0.93,0.02,0.12175130844116211
cpu_act,0.95,100,0.95,0.92,0.03,0.11060190200805664
cpu_act,0.95,100,0.95,0.94,0.01,0.12170195579528809
cpu_act,0.95,100,0.95,0.88,0.07,0.10960698127746582
cpu_act,0.95,100,0.95,0.96,0.01,0.11581110954284668
cpu_act,0.95,100,0.95,0.91,0.04,0.11322903633117676
cpu_act,0.95,100,0.95,0.98,0.03,0.11511754989624023
cpu_act,0.95,100,0.95,0.95,0.0,0.10727930068969727
cpu_act,0.95,100,0.95,0.98,0.03,0.10965156555175781
cpu_act,0.95,100,0.95,0.97,0.02,0.11310601234436035
cpu_act,1.0,100,1.0,0.99,0.01,0.11239862442016602
cpu_act,1.0,100,1.0,0.98,0.02,0.11407971382141113
cpu_act,1.0,100,1.0,0.99,0.01,0.10980844497680664
cpu_act,1.0,100,1.0,0.99,0.01,0.10886263847351074
cpu_act,1.0,100,1.0,1.0,0.0,0.10970783233642578
cpu_act,1.0,100,1.0,1.0,0.0,0.11306285858154297
cpu_act,1.0,100,1.0,1.0,0.0,0.10653471946716309
cpu_act,1.0,100,1.0,0.98,0.02,0.11550760269165039
cpu_act,1.0,100,1.0,1.0,0.0,0.1079854965209961
cpu_act,1.0,100,1.0,0.99,0.01,0.11176395416259766
delta_ailerons,0.0,100,0.0,0.0,0.0,0.10540413856506348
delta_ailerons,0.0,100,0.0,0.0,0.0,0.10938858985900879
delta_ailerons,0.0,100,0.0,0.02,0.02,0.11187267303466797
delta_ailerons,0.0,100,0.0,0.0,0.0,0.11438345909118652
delta_ailerons,0.0,100,0.0,0.0,0.0,0.10844659805297852
delta_ailerons,0.0,100,0.0,0.0,0.0,0.11491250991821289
delta_ailerons,0.0,100,0.0,0.0,0.0,0.11017060279846191
delta_ailerons,0.0,100,0.0,0.0,0.0,0.10971260070800781
delta_ailerons,0.0,100,0.0,0.0,0.0,0.1084287166595459
delta_ailerons,0.0,100,0.0,0.0,0.0,0.1101381778717041
delta_ailerons,0.05,100,0.05,0.02,0.03,0.11516642570495605
delta_ailerons,0.05,100,0.05,0.0,0.05,0.10469174385070801
delta_ailerons,0.05,100,0.05,0.02,0.03,0.10900354385375977
delta_ailerons,0.05,100,0.05,0.08,0.03,0.11279797554016113
delta_ailerons,0.05,100,0.05,0.04,0.01,0.11288571357727051
delta_ailerons,0.05,100,0.05,0.02,0.03,0.11519002914428711
delta_ailerons,0.05,100,0.05,0.07,0.02,0.10766410827636719
delta_ailerons,0.05,100,0.05,0.06,0.01,0.11271333694458008
delta_ailerons,0.05,100,0.05,0.04,0.01,0.11748552322387695
delta_ailerons,0.05,100,0.05,0.07,0.02,0.11013627052307129
delta_ailerons,0.11,100,0.11,0.09,0.02,0.11073780059814453
delta_ailerons,0.11,100,0.11,0.07,0.04,0.11591887474060059
delta_ailerons,0.11,100,0.11,0.07,0.04,0.11083817481994629
delta_ailerons,0.11,100,0.11,0.08,0.03,0.11300802230834961
delta_ailerons,0.11,100,0.11,0.12,0.01,0.10952472686767578
delta_ailerons,0.11,100,0.11,0.04,0.07,0.11233997344970703
delta_ailerons,0.11,100,0.11,0.13,0.02,0.11278438568115234
delta_ailerons,0.11,100,0.11,0.1,0.01,0.11574316024780273
delta_ailerons,0.11,100,0.11,0.12,0.01,0.11476373672485352
delta_ailerons,0.11,100,0.11,0.08,0.03,0.11110043525695801
delta_ailerons,0.16,100,0.16,0.15,0.01,0.11202740669250488
delta_ailerons,0.16,100,0.16,0.09,0.07,0.1055455207824707
delta_ailerons,0.16,100,0.16,0.17,0.01,0.11367082595825195
delta_ailerons,0.16,100,0.16,0.13,0.03,0.11008739471435547
delta_ailerons,0.16,100,0.16,0.16,0.0,0.11018919944763184
delta_ailerons,0.16,100,0.16,0.17,0.01,0.11091995239257812
delta_ailerons,0.16,100,0.16,0.11,0.05,0.10657334327697754
delta_ailerons,0.16,100,0.16,0.16,0.0,0.1108865737915039
delta_ailerons,0.16,100,0.16,0.14,0.02,0.10894775390625
delta_ailerons,0.16,100,0.16,0.18,0.02,0.10971426963806152
delta_ailerons,0.21,100,0.21,0.21,0.0,0.1104271411895752
delta_ailerons,0.21,100,0.21,0.22,0.01,0.11458992958068848
delta_ailerons,0.21,100,0.21,0.14,0.07,0.11517763137817383
delta_ailerons,0.21,100,0.21,0.21,0.0,0.11449337005615234
delta_ailerons,0.21,100,0.21,0.27,0.06,0.11317205429077148
delta_ailerons,0.21,100,0.21,0.19,0.02,0.10663604736328125
delta_ailerons,0.21,100,0.21,0.18,0.03,0.1115720272064209
delta_ailerons,0.21,100,0.21,0.23,0.02,0.1090083122253418
delta_ailerons,0.21,100,0.21,0.21,0.0,0.11399435997009277
delta_ailerons,0.21,100,0.21,0.19,0.02,0.10733675956726074
delta_ailerons,0.26,100,0.26,0.23,0.03,0.1146707534790039
delta_ailerons,0.26,100,0.26,0.25,0.01,0.1215360164642334
delta_ailerons,0.26,100,0.26,0.27,0.01,0.11161923408508301
delta_ailerons,0.26,100,0.26,0.25,0.01,0.10633420944213867
delta_ailerons,0.26,100,0.26,0.18,0.08,0.09831690788269043
delta_ailerons,0.26,100,0.26,0.26,0.0,0.10943293571472168
delta_ailerons,0.26,100,0.26,0.25,0.01,0.10591340065002441
delta_ailerons,0.26,100,0.26,0.23,0.03,0.11466145515441895
delta_ailerons,0.26,100,0.26,0.26,0.0,0.10905337333679199
delta_ailerons,0.26,100,0.26,0.29,0.03,0.11326336860656738
delta_ailerons,0.32,100,0.32,0.3,0.02,0.11445164680480957
delta_ailerons,0.32,100,0.32,0.27,0.05,0.11046743392944336
delta_ailerons,0.32,100,0.32,0.35,0.03,0.10473847389221191
delta_ailerons,0.32,100,0.32,0.35,0.03,0.10793352127075195
delta_ailerons,0.32,100,0.32,0.31,0.01,0.11457037925720215
delta_ailerons,0.32,100,0.32,0.31,0.01,0.11084628105163574
delta_ailerons,0.32,100,0.32,0.33,0.01,0.10906028747558594
delta_ailerons,0.32,100,0.32,0.34,0.02,0.11179947853088379
delta_ailerons,0.32,100,0.32,0.3,0.02,0.10897588729858398
delta_ailerons,0.32,100,0.32,0.28,0.04,0.10989761352539062
delta_ailerons,0.37,100,0.37,0.38,0.01,0.10915255546569824
delta_ailerons,0.37,100,0.37,0.34,0.03,0.10997676849365234
delta_ailerons,0.37,100,0.37,0.4,0.03,0.10527205467224121
delta_ailerons,0.37,100,0.37,0.38,0.01,0.1154019832611084
delta_ailerons,0.37,100,0.37,0.4,0.03,0.10756301879882812
delta_ailerons,0.37,100,0.37,0.38,0.01,0.10966944694519043
delta_ailerons,0.37,100,0.37,0.34,0.03,0.1100153923034668
delta_ailerons,0.37,100,0.37,0.41,0.04,0.10897302627563477
delta_ailerons,0.37,100,0.37,0.34,0.03,0.11184525489807129
delta_ailerons,0.37,100,0.37,0.36,0.01,0.10652852058410645
delta_ailerons,0.42,100,0.42,0.39,0.03,0.1096963882446289
delta_ailerons,0.42,100,0.42,0.45,0.03,0.10711026191711426
delta_ailerons,0.42,100,0.42,0.42,0.0,0.10956788063049316
delta_ailerons,0.42,100,0.42,0.43,0.01,0.10804271697998047
delta_ailerons,0.42,100,0.42,0.43,0.01,0.1105492115020752
delta_ailerons,0.42,100,0.42,0.39,0.03,0.11110353469848633
delta_ailerons,0.42,100,0.42,0.34,0.08,0.10991954803466797
delta_ailerons,0.42,100,0.42,0.42,0.0,0.11211514472961426
delta_ailerons,0.42,100,0.42,0.45,0.03,0.11185789108276367
delta_ailerons,0.42,100,0.42,0.43,0.01,0.11156797409057617
delta_ailerons,0.47,100,0.47,0.48,0.01,0.10961532592773438
delta_ailerons,0.47,100,0.47,0.53,0.06,0.10302257537841797
delta_ailerons,0.47,100,0.47,0.45,0.02,0.10912394523620605
delta_ailerons,0.47,100,0.47,0.51,0.04,0.10877203941345215
delta_ailerons,0.47,100,0.47,0.52,0.05,0.11107683181762695
delta_ailerons,0.47,100,0.47,0.48,0.01,0.1045217514038086
delta_ailerons,0.47,100,0.47,0.47,0.0,0.1094205379486084
delta_ailerons,0.47,100,0.47,0.48,0.01,0.10815548896789551
delta_ailerons,0.47,100,0.47,0.51,0.04,0.10573816299438477
delta_ailerons,0.47,100,0.47,0.5,0.03,0.11072278022766113
delta_ailerons,0.53,100,0.53,0.52,0.01,0.10670590400695801
delta_ailerons,0.53,100,0.53,0.56,0.03,0.10988068580627441
delta_ailerons,0.53,100,0.53,0.56,0.03,0.11452412605285645
delta_ailerons,0.53,100,0.53,0.61,0.08,0.10835766792297363
delta_ailerons,0.53,100,0.53,0.51,0.02,0.10721397399902344
delta_ailerons,0.53,100,0.53,0.51,0.02,0.11037302017211914
delta_ailerons,0.53,100,0.53,0.58,0.05,0.11445260047912598
delta_ailerons,0.53,100,0.53,0.57,0.04,0.10982656478881836
delta_ailerons,0.53,100,0.53,0.51,0.02,0.11006331443786621
delta_ailerons,0.53,100,0.53,0.53,0.0,0.1089329719543457
delta_ailerons,0.58,100,0.58,0.59,0.01,0.11137795448303223
delta_ailerons,0.58,100,0.58,0.55,0.03,0.11446642875671387
delta_ailerons,0.58,100,0.58,0.64,0.06,0.11117744445800781
delta_ailerons,0.58,100,0.58,0.61,0.03,0.11078596115112305
delta_ailerons,0.58,100,0.58,0.62,0.04,0.10939264297485352
delta_ailerons,0.58,100,0.58,0.6,0.02,0.10845637321472168
delta_ailerons,0.58,100,0.58,0.56,0.02,0.11095023155212402
delta_ailerons,0.58,100,0.58,0.63,0.05,0.10953402519226074
delta_ailerons,0.58,100,0.58,0.65,0.07,0.10854029655456543
delta_ailerons,0.58,100,0.58,0.63,0.05,0.10042810440063477
delta_ailerons,0.63,100,0.63,0.66,0.03,0.1156613826751709
delta_ailerons,0.63,100,0.63,0.62,0.01,0.10437893867492676
delta_ailerons,0.63,100,0.63,0.66,0.03,0.11578035354614258
delta_ailerons,0.63,100,0.63,0.69,0.06,0.11503791809082031
delta_ailerons,0.63,100,0.63,0.65,0.02,0.11194324493408203
delta_ailerons,0.63,100,0.63,0.67,0.04,0.1092994213104248
delta_ailerons,0.63,100,0.63,0.66,0.03,0.11458611488342285
delta_ailerons,0.63,100,0.63,0.61,0.02,0.10910797119140625
delta_ailerons,0.63,100,0.63,0.67,0.04,0.11445403099060059
delta_ailerons,0.63,100,0.63,0.64,0.01,0.10744547843933105
delta_ailerons,0.68,100,0.68,0.71,0.03,0.10963988304138184
delta_ailerons,0.68,100,0.68,0.72,0.04,0.11506962776184082
delta_ailerons,0.68,100,0.68,0.7,0.02,0.1035912036895752
delta_ailerons,0.68,100,0.68,0.71,0.03,0.10951590538024902
delta_ailerons,0.68,100,0.68,0.72,0.04,0.11104798316955566
delta_ailerons,0.68,100,0.68,0.69,0.01,0.11383628845214844
delta_ailerons,0.68,100,0.68,0.73,0.05,0.11010956764221191
delta_ailerons,0.68,100,0.68,0.67,0.01,0.10731315612792969
delta_ailerons,0.68,100,0.68,0.72,0.04,0.11519050598144531
delta_ailerons,0.68,100,0.68,0.67,0.01,0.1100609302520752
delta_ailerons,0.74,100,0.74,0.88,0.14,0.1150057315826416
delta_ailerons,0.74,100,0.74,0.78,0.04,0.11084604263305664
delta_ailerons,0.74,100,0.74,0.76,0.02,0.11107206344604492
delta_ailerons,0.74,100,0.74,0.77,0.03,0.1094217300415039
delta_ailerons,0.74,100,0.74,0.74,0.0,0.10838556289672852
delta_ailerons,0.74,100,0.74,0.75,0.01,0.1096656322479248
delta_ailerons,0.74,100,0.74,0.77,0.03,0.12169003486633301
delta_ailerons,0.74,100,0.74,0.78,0.04,0.10792732238769531
delta_ailerons,0.74,100,0.74,0.85,0.11,0.1120905876159668
delta_ailerons,0.74,100,0.74,0.74,0.0,0.1103830337524414
delta_ailerons,0.79,100,0.79,0.85,0.06,0.11072015762329102
delta_ailerons,0.79,100,0.79,0.8,0.01,0.10769104957580566
delta_ailerons,0.79,100,0.79,0.82,0.03,0.10945320129394531
delta_ailerons,0.79,100,0.79,0.8,0.01,0.11271214485168457
delta_ailerons,0.79,100,0.79,0.82,0.03,0.11450433731079102
delta_ailerons,0.79,100,0.79,0.84,0.05,0.10867786407470703
delta_ailerons,0.79,100,0.79,0.9,0.11,0.11355423927307129
delta_ailerons,0.79,100,0.79,0.84,0.05,0.10757017135620117
delta_ailerons,0.79,100,0.79,0.84,0.05,0.1094672679901123
delta_ailerons,0.79,100,0.79,0.83,0.04,0.1136629581451416
delta_ailerons,0.84,100,0.84,0.86,0.02,0.10916686058044434
delta_ailerons,0.84,100,0.84,0.87,0.03,0.11505460739135742
delta_ailerons,0.84,100,0.84,0.86,0.02,0.1102299690246582
delta_ailerons,0.84,100,0.84,0.87,0.03,0.11179780960083008
delta_ailerons,0.84,100,0.84,0.86,0.02,0.10955953598022461
delta_ailerons,0.84,100,0.84,0.85,0.01,0.11905384063720703
delta_ailerons,0.84,100,0.84,0.87,0.03,0.10468578338623047
delta_ailerons,0.84,100,0.84,0.82,0.02,0.11369061470031738
delta_ailerons,0.84,100,0.84,0.84,0.0,0.11627626419067383
delta_ailerons,0.84,100,0.84,0.93,0.09,0.10909199714660645
delta_ailerons,0.89,100,0.89,0.94,0.05,0.11500287055969238
delta_ailerons,0.89,100,0.89,0.92,0.03,0.1084449291229248
delta_ailerons,0.89,100,0.89,0.94,0.05,0.10968494415283203
delta_ailerons,0.89,100,0.89,0.97,0.08,0.11446332931518555
delta_ailerons,0.89,100,0.89,0.92,0.03,0.10845804214477539
delta_ailerons,0.89,100,0.89,0.93,0.04,0.11490464210510254
delta_ailerons,0.89,100,0.89,0.89,0.0,0.11049127578735352
delta_ailerons,0.89,100,0.89,0.91,0.02,0.10898518562316895
delta_ailerons,0.89,100,0.89,0.93,0.04,0.10936570167541504
delta_ailerons,0.89,100,0.89,0.96,0.07,0.11029958724975586
delta_ailerons,0.95,100,0.95,0.98,0.03,0.11110615730285645
delta_ailerons,0.95,100,0.95,0.99,0.04,0.10656547546386719
delta_ailerons,0.95,100,0.95,0.98,0.03,0.1140892505645752
delta_ailerons,0.95,100,0.95,0.98,0.03,0.10960984230041504
delta_ailerons,0.95,100,0.95,1.0,0.05,0.10793566703796387
delta_ailerons,0.95,100,0.95,0.98,0.03,0.11117005348205566
delta_ailerons,0.95,100,0.95,0.97,0.02,0.11437797546386719
delta_ailerons,0.95,100,0.95,0.98,0.03,0.11556649208068848
delta_ailerons,0.95,100,0.95,0.99,0.04,0.11315083503723145
delta_ailerons,0.95,100,0.95,0.98,0.03,0.11445879936218262
delta_ailerons,1.0,100,1.0,1.0,0.0,0.11160135269165039
delta_ailerons,1.0,100,1.0,1.0,0.0,0.11568260192871094
delta_ailerons,1.0,100,1.0,1.0,0.0,0.11599135398864746
delta_ailerons,1.0,100,1.0,1.0,0.0,0.10968732833862305
delta_ailerons,1.0,100,1.0,1.0,0.0,0.11051487922668457
delta_ailerons,1.0,100,1.0,1.0,0.0,0.1053781509399414
delta_ailerons,1.0,100,1.0,1.0,0.0,0.11087846755981445
delta_ailerons,1.0,100,1.0,1.0,0.0,0.10919713973999023
delta_ailerons,1.0,100,1.0,1.0,0.0,0.11337423324584961
delta_ailerons,1.0,100,1.0,1.0,0.0,0.10726332664489746
electricity-normalized,0.0,100,0.0,0.0,0.0,0.12679195404052734
electricity-normalized,0.0,100,0.0,0.0,0.0,0.12489604949951172
electricity-normalized,0.0,100,0.0,0.0,0.0,0.12366151809692383
electricity-normalized,0.0,100,0.0,0.0,0.0,0.12468719482421875
electricity-normalized,0.0,100,0.0,0.0,0.0,0.12725567817687988
electricity-normalized,0.0,100,0.0,0.0,0.0,0.13377857208251953
electricity-normalized,0.0,100,0.0,0.0,0.0,0.13339495658874512
electricity-normalized,0.0,100,0.0,0.0,0.0,0.12080216407775879
electricity-normalized,0.0,100,0.0,0.0,0.0,0.13889336585998535
electricity-normalized,0.0,100,0.0,0.0,0.0,0.12816500663757324
electricity-normalized,0.05,100,0.05,0.03,0.02,0.12935733795166016
electricity-normalized,0.05,100,0.05,0.0,0.05,0.12519073486328125
electricity-normalized,0.05,100,0.05,0.0,0.05,0.12186145782470703
electricity-normalized,0.05,100,0.05,0.0,0.05,0.13224339485168457
electricity-normalized,0.05,100,0.05,0.01,0.04,0.12436079978942871
electricity-normalized,0.05,100,0.05,0.0,0.05,0.12120318412780762
electricity-normalized,0.05,100,0.05,0.05,0.0,0.12697243690490723
electricity-normalized,0.05,100,0.05,0.0,0.05,0.1264967918395996
electricity-normalized,0.05,100,0.05,0.0,0.05,0.12463665008544922
electricity-normalized,0.05,100,0.05,0.02,0.03,0.12230610847473145
electricity-normalized,0.11,100,0.11,0.07,0.04,0.12119269371032715
electricity-normalized,0.11,100,0.11,0.13,0.02,0.12068939208984375
electricity-normalized,0.11,100,0.11,0.1,0.01,0.12538981437683105
electricity-normalized,0.11,100,0.11,0.11,0.0,0.12499570846557617
electricity-normalized,0.11,100,0.11,0.06,0.05,0.12230753898620605
electricity-normalized,0.11,100,0.11,0.09,0.02,0.12235617637634277
electricity-normalized,0.11,100,0.11,0.0,0.11,0.1222844123840332
electricity-normalized,0.11,100,0.11,0.01,0.1,0.12120366096496582
electricity-normalized,0.11,100,0.11,0.0,0.11,0.12532377243041992
electricity-normalized,0.11,100,0.11,0.05,0.06,0.12513399124145508
electricity-normalized,0.16,100,0.16,0.07,0.09,0.1251816749572754
electricity-normalized,0.16,100,0.16,0.12,0.04,0.12525129318237305
electricity-normalized,0.16,100,0.16,0.05,0.11,0.12464642524719238
electricity-normalized,0.16,100,0.16,0.12,0.04,0.12487506866455078
electricity-normalized,0.16,100,0.16,0.07,0.09,0.1261124610900879
electricity-normalized,0.16,100,0.16,0.04,0.12,0.12370443344116211
electricity-normalized,0.16,100,0.16,0.13,0.03,0.12521910667419434
electricity-normalized,0.16,100,0.16,0.1,0.06,0.12549591064453125
electricity-normalized,0.16,100,0.16,0.07,0.09,0.12456917762756348
electricity-normalized,0.16,100,0.16,0.1,0.06,0.1260378360748291
electricity-normalized,0.21,100,0.21,0.07,0.14,0.12378358840942383
electricity-normalized,0.21,100,0.21,0.19,0.02,0.12851190567016602
electricity-normalized,0.21,100,0.21,0.14,0.07,0.13140273094177246
electricity-normalized,0.21,100,0.21,0.14,0.07,0.12832975387573242
electricity-normalized,0.21,100,0.21,0.18,0.03,0.12408995628356934
electricity-normalized,0.21,100,0.21,0.04,0.17,0.12410593032836914
electricity-normalized,0.21,100,0.21,0.2,0.01,0.12976503372192383
electricity-normalized,0.21,100,0.21,0.15,0.06,0.12763452529907227
electricity-normalized,0.21,100,0.21,0.06,0.15,0.12743425369262695
electricity-normalized,0.21,100,0.21,0.19,0.02,0.1207585334777832
electricity-normalized,0.26,100,0.26,0.19,0.07,0.15798044204711914
electricity-normalized,0.26,100,0.26,0.1,0.16,0.11014056205749512
electricity-normalized,0.26,100,0.26,0.23,0.03,0.14690756797790527
electricity-normalized,0.26,100,0.26,0.1,0.16,0.12673330307006836
electricity-normalized,0.26,100,0.26,0.13,0.13,0.12116074562072754
electricity-normalized,0.26,100,0.26,0.13,0.13,0.13286757469177246
electricity-normalized,0.26,100,0.26,0.27,0.01,0.12409782409667969
electricity-normalized,0.26,100,0.26,0.15,0.11,0.12010312080383301
electricity-normalized,0.26,100,0.26,0.21,0.05,0.11752867698669434
electricity-normalized,0.26,100,0.26,0.06,0.2,0.12482142448425293
electricity-normalized,0.32,100,0.32,0.13,0.19,0.1152491569519043
electricity-normalized,0.32,100,0.32,0.33,0.01,0.1203300952911377
electricity-normalized,0.32,100,0.32,0.26,0.06,0.12659120559692383
electricity-normalized,0.32,100,0.32,0.32,0.0,0.12793254852294922
electricity-normalized,0.32,100,0.32,0.18,0.14,0.11466169357299805
electricity-normalized,0.32,100,0.32,0.26,0.06,0.1145789623260498
electricity-normalized,0.32,100,0.32,0.34,0.02,0.1286311149597168
electricity-normalized,0.32,100,0.32,0.29,0.03,0.12524080276489258
electricity-normalized,0.32,100,0.32,0.25,0.07,0.1333310604095459
electricity-normalized,0.32,100,0.32,0.28,0.04,0.13972091674804688
electricity-normalized,0.37,100,0.37,0.25,0.12,0.11175990104675293
electricity-normalized,0.37,100,0.37,0.41,0.04,0.11516094207763672
electricity-normalized,0.37,100,0.37,0.43,0.06,0.11804389953613281
electricity-normalized,0.37,100,0.37,0.36,0.01,0.12109184265136719
electricity-normalized,0.37,100,0.37,0.27,0.1,0.12995433807373047
electricity-normalized,0.37,100,0.37,0.25,0.12,0.11928677558898926
electricity-normalized,0.37,100,0.37,0.32,0.05,0.12828660011291504
electricity-normalized,0.37,100,0.37,0.33,0.04,0.12212657928466797
electricity-normalized,0.37,100,0.37,0.35,0.02,0.11198568344116211
electricity-normalized,0.37,100,0.37,0.13,0.24,0.11945843696594238
electricity-normalized,0.42,100,0.42,0.38,0.04,0.12473559379577637
electricity-normalized,0.42,100,0.42,0.44,0.02,0.11490893363952637
electricity-normalized,0.42,100,0.42,0.28,0.14,0.13427972793579102
electricity-normalized,0.42,100,0.42,0.39,0.03,0.13101601600646973
electricity-normalized,0.42,100,0.42,0.29,0.13,0.13140487670898438
electricity-normalized,0.42,100,0.42,0.39,0.03,0.11058807373046875
electricity-normalized,0.42,100,0.42,0.3,0.12,0.12481856346130371
electricity-normalized,0.42,100,0.42,0.38,0.04,0.1247093677520752
electricity-normalized,0.42,100,0.42,0.36,0.06,0.12471127510070801
electricity-normalized,0.42,100,0.42,0.43,0.01,0.13038182258605957
electricity-normalized,0.47,100,0.47,0.4,0.07,0.1160881519317627
electricity-normalized,0.47,100,0.47,0.38,0.09,0.1246955394744873
electricity-normalized,0.47,100,0.47,0.45,0.02,0.11809301376342773
electricity-normalized,0.47,100,0.47,0.32,0.15,0.1159522533416748
electricity-normalized,0.47,100,0.47,0.5,0.03,0.12204098701477051
electricity-normalized,0.47,100,0.47,0.53,0.06,0.10896420478820801
electricity-normalized,0.47,100,0.47,0.3,0.17,0.12524986267089844
electricity-normalized,0.47,100,0.47,0.35,0.12,0.12527251243591309
electricity-normalized,0.47,100,0.47,0.4,0.07,0.1162421703338623
electricity-normalized,0.47,100,0.47,0.6,0.13,0.13436293601989746
electricity-normalized,0.53,100,0.53,0.54,0.01,0.12416768074035645
electricity-normalized,0.53,100,0.53,0.6,0.07,0.12899303436279297
electricity-normalized,0.53,100,0.53,0.53,0.0,0.10907626152038574
electricity-normalized,0.53,100,0.53,0.39,0.14,0.12481021881103516
electricity-normalized,0.53,100,0.53,0.73,0.2,0.13794350624084473
electricity-normalized,0.53,100,0.53,0.45,0.08,0.12481236457824707
electricity-normalized,0.53,100,0.53,0.43,0.1,0.13329648971557617
electricity-normalized,0.53,100,0.53,0.41,0.12,0.12369251251220703
electricity-normalized,0.53,100,0.53,0.34,0.19,0.1307358741760254
electricity-normalized,0.53,100,0.53,0.45,0.08,0.12457680702209473
electricity-normalized,0.58,100,0.58,0.63,0.05,0.12849068641662598
electricity-normalized,0.58,100,0.58,0.62,0.04,0.12474966049194336
electricity-normalized,0.58,100,0.58,0.58,0.0,0.12223100662231445
electricity-normalized,0.58,100,0.58,0.57,0.01,0.12288594245910645
electricity-normalized,0.58,100,0.58,0.51,0.07,0.12416625022888184
electricity-normalized,0.58,100,0.58,0.54,0.04,0.1220254898071289
electricity-normalized,0.58,100,0.58,0.59,0.01,0.13133502006530762
electricity-normalized,0.58,100,0.58,0.48,0.1,0.12259912490844727
electricity-normalized,0.58,100,0.58,0.62,0.04,0.12494349479675293
electricity-normalized,0.58,100,0.58,0.61,0.03,0.10908889770507812
electricity-normalized,0.63,100,0.63,0.75,0.12,0.10869646072387695
electricity-normalized,0.63,100,0.63,0.52,0.11,0.11865019798278809
electricity-normalized,0.63,100,0.63,0.52,0.11,0.13131976127624512
electricity-normalized,0.63,100,0.63,0.59,0.04,0.12465500831604004
electricity-normalized,0.63,100,0.63,0.51,0.12,0.1190030574798584
electricity-normalized,0.63,100,0.63,0.42,0.21,0.11188173294067383
electricity-normalized,0.63,100,0.63,0.71,0.08,0.12478947639465332
electricity-normalized,0.63,100,0.63,0.61,0.02,0.12136387825012207
electricity-normalized,0.63,100,0.63,0.58,0.05,0.11499691009521484
electricity-normalized,0.63,100,0.63,0.65,0.02,0.1251821517944336
electricity-normalized,0.68,100,0.68,0.65,0.03,0.11697554588317871
electricity-normalized,0.68,100,0.68,0.84,0.16,0.13250517845153809
electricity-normalized,0.68,100,0.68,0.86,0.18,0.12531280517578125
electricity-normalized,0.68,100,0.68,0.54,0.14,0.12430024147033691
electricity-normalized,0.68,100,0.68,0.65,0.03,0.13590025901794434
electricity-normalized,0.68,100,0.68,0.75,0.07,0.12217020988464355
electricity-normalized,0.68,100,0.68,0.8,0.12,0.11299324035644531
electricity-normalized,0.68,100,0.68,0.7,0.02,0.11977005004882812
electricity-normalized,0.68,100,0.68,0.58,0.1,0.12093639373779297
electricity-normalized,0.68,100,0.68,0.68,0.0,0.12131786346435547
electricity-normalized,0.74,100,0.74,0.66,0.08,0.10767221450805664
electricity-normalized,0.74,100,0.74,0.68,0.06,0.1253032684326172
electricity-normalized,0.74,100,0.74,0.65,0.09,0.11651945114135742
electricity-normalized,0.74,100,0.74,0.78,0.04,0.11819720268249512
electricity-normalized,0.74,100,0.74,0.76,0.02,0.13056707382202148
electricity-normalized,0.74,100,0.74,0.72,0.02,0.10894298553466797
electricity-normalized,0.74,100,0.74,0.78,0.04,0.10982203483581543
electricity-normalized,0.74,100,0.74,0.76,0.02,0.13727879524230957
electricity-normalized,0.74,100,0.74,0.67,0.07,0.1265430450439453
electricity-normalized,0.74,100,0.74,0.79,0.05,0.1090700626373291
electricity-normalized,0.79,100,0.79,0.81,0.02,0.12535405158996582
electricity-normalized,0.79,100,0.79,0.88,0.09,0.1197047233581543
electricity-normalized,0.79,100,0.79,0.76,0.03,0.12605023384094238
electricity-normalized,0.79,100,0.79,0.88,0.09,0.11933779716491699
electricity-normalized,0.79,100,0.79,0.75,0.04,0.11847734451293945
electricity-normalized,0.79,100,0.79,0.88,0.09,0.11865878105163574
electricity-normalized,0.79,100,0.79,0.66,0.13,0.12409353256225586
electricity-normalized,0.79,100,0.79,0.99,0.2,0.12478137016296387
electricity-normalized,0.79,100,0.79,0.73,0.06,0.12478423118591309
electricity-normalized,0.79,100,0.79,0.6,0.19,0.12133193016052246
electricity-normalized,0.84,100,0.84,0.95,0.11,0.12449955940246582
electricity-normalized,0.84,100,0.84,0.9,0.06,0.11504173278808594
electricity-normalized,0.84,100,0.84,0.78,0.06,0.11313176155090332
electricity-normalized,0.84,100,0.84,0.83,0.01,0.11425662040710449
electricity-normalized,0.84,100,0.84,0.94,0.1,0.10485649108886719
electricity-normalized,0.84,100,0.84,0.89,0.05,0.1349632740020752
electricity-normalized,0.84,100,0.84,0.92,0.08,0.10956716537475586
electricity-normalized,0.84,100,0.84,0.71,0.13,0.12128543853759766
electricity-normalized,0.84,100,0.84,0.77,0.07,0.12422895431518555
electricity-normalized,0.84,100,0.84,0.81,0.03,0.1242973804473877
electricity-normalized,0.89,100,0.89,0.97,0.08,0.12238097190856934
electricity-normalized,0.89,100,0.89,1.0,0.11,0.1306896209716797
electricity-normalized,0.89,100,0.89,0.93,0.04,0.12242007255554199
electricity-normalized,0.89,100,0.89,1.0,0.11,0.12530159950256348
electricity-normalized,0.89,100,0.89,1.0,0.11,0.11864161491394043
electricity-normalized,0.89,100,0.89,0.95,0.06,0.11794281005859375
electricity-normalized,0.89,100,0.89,0.81,0.08,0.11354255676269531
electricity-normalized,0.89,100,0.89,0.91,0.02,0.13474178314208984
electricity-normalized,0.89,100,0.89,0.94,0.05,0.10842585563659668
electricity-normalized,0.89,100,0.89,0.89,0.0,0.11446380615234375
electricity-normalized,0.95,100,0.95,0.96,0.01,0.12103152275085449
electricity-normalized,0.95,100,0.95,1.0,0.05,0.11114883422851562
electricity-normalized,0.95,100,0.95,0.91,0.04,0.11683416366577148
electricity-normalized,0.95,100,0.95,1.0,0.05,0.1225118637084961
electricity-normalized,0.95,100,0.95,1.0,0.05,0.12411999702453613
electricity-normalized,0.95,100,0.95,0.94,0.01,0.11499881744384766
electricity-normalized,0.95,100,0.95,0.96,0.01,0.12467169761657715
electricity-normalized,0.95,100,0.95,0.97,0.02,0.1275186538696289
electricity-normalized,0.95,100,0.95,1.0,0.05,0.11845779418945312
electricity-normalized,0.95,100,0.95,0.98,0.03,0.12429952621459961
electricity-normalized,1.0,100,1.0,0.97,0.03,0.1258997917175293
electricity-normalized,1.0,100,1.0,1.0,0.0,0.10886478424072266
electricity-normalized,1.0,100,1.0,1.0,0.0,0.12333893775939941
electricity-normalized,1.0,100,1.0,1.0,0.0,0.11129045486450195
electricity-normalized,1.0,100,1.0,1.0,0.0,0.1246800422668457
electricity-normalized,1.0,100,1.0,1.0,0.0,0.12158608436584473
electricity-normalized,1.0,100,1.0,0.99,0.01,0.1246640682220459
electricity-normalized,1.0,100,1.0,1.0,0.0,0.12504172325134277
electricity-normalized,1.0,100,1.0,1.0,0.0,0.13195490837097168
electricity-normalized,1.0,100,1.0,1.0,0.0,0.10941553115844727
elevators,0.0,100,0.0,0.05,0.05,0.10502147674560547
elevators,0.0,100,0.0,0.0,0.0,0.11740422248840332
elevators,0.0,100,0.0,0.01,0.01,0.10991954803466797
elevators,0.0,100,0.0,0.02,0.02,0.10292840003967285
elevators,0.0,100,0.0,0.0,0.0,0.11247801780700684
elevators,0.0,100,0.0,0.01,0.01,0.11379361152648926
elevators,0.0,100,0.0,0.0,0.0,0.112335205078125
elevators,0.0,100,0.0,0.0,0.0,0.10506510734558105
elevators,0.0,100,0.0,0.03,0.03,0.10565781593322754
elevators,0.0,100,0.0,0.03,0.03,0.10351800918579102
elevators,0.05,100,0.05,0.0,0.05,0.11127543449401855
elevators,0.05,100,0.05,0.12,0.07,0.09848690032958984
elevators,0.05,100,0.05,0.09,0.04,0.10581612586975098
elevators,0.05,100,0.05,0.05,0.0,0.11078405380249023
elevators,0.05,100,0.05,0.12,0.07,0.108612060546875
elevators,0.05,100,0.05,0.05,0.0,0.10850834846496582
elevators,0.05,100,0.05,0.08,0.03,0.11284446716308594
elevators,0.05,100,0.05,0.01,0.04,0.11055445671081543
elevators,0.05,100,0.05,0.08,0.03,0.11517095565795898
elevators,0.05,100,0.05,0.07,0.02,0.10947155952453613
elevators,0.11,100,0.11,0.08,0.03,0.10567188262939453
elevators,0.11,100,0.11,0.11,0.0,0.10982346534729004
elevators,0.11,100,0.11,0.01,0.1,0.11627936363220215
elevators,0.11,100,0.11,0.18,0.07,0.10934805870056152
elevators,0.11,100,0.11,0.14,0.03,0.10958361625671387
elevators,0.11,100,0.11,0.08,0.03,0.10909414291381836
elevators,0.11,100,0.11,0.14,0.03,0.11666464805603027
elevators,0.11,100,0.11,0.21,0.1,0.11514687538146973
elevators,0.11,100,0.11,0.14,0.03,0.11864876747131348
elevators,0.11,100,0.11,0.1,0.01,0.11113381385803223
elevators,0.16,100,0.16,0.16,0.0,0.11872673034667969
elevators,0.16,100,0.16,0.15,0.01,0.11168932914733887
elevators,0.16,100,0.16,0.2,0.04,0.10916543006896973
elevators,0.16,100,0.16,0.19,0.03,0.11124277114868164
elevators,0.16,100,0.16,0.22,0.06,0.10888528823852539
elevators,0.16,100,0.16,0.2,0.04,0.11472558975219727
elevators,0.16,100,0.16,0.08,0.08,0.10975837707519531
elevators,0.16,100,0.16,0.1,0.06,0.11021804809570312
elevators,0.16,100,0.16,0.17,0.01,0.10606551170349121
elevators,0.16,100,0.16,0.21,0.05,0.11119198799133301
elevators,0.21,100,0.21,0.25,0.04,0.10908913612365723
elevators,0.21,100,0.21,0.22,0.01,0.10749197006225586
elevators,0.21,100,0.21,0.2,0.01,0.10979199409484863
elevators,0.21,100,0.21,0.22,0.01,0.11158061027526855
elevators,0.21,100,0.21,0.2,0.01,0.11865806579589844
elevators,0.21,100,0.21,0.26,0.05,0.1090688705444336
elevators,0.21,100,0.21,0.17,0.04,0.10362648963928223
elevators,0.21,100,0.21,0.21,0.0,0.10856747627258301
elevators,0.21,100,0.21,0.21,0.0,0.11435103416442871
elevators,0.21,100,0.21,0.13,0.08,0.11513972282409668
elevators,0.26,100,0.26,0.2,0.06,0.1203005313873291
elevators,0.26,100,0.26,0.28,0.02,0.12025642395019531
elevators,0.26,100,0.26,0.27,0.01,0.10918617248535156
elevators,0.26,100,0.26,0.24,0.02,0.1242225170135498
elevators,0.26,100,0.26,0.31,0.05,0.10905957221984863
elevators,0.26,100,0.26,0.33,0.07,0.10704445838928223
elevators,0.26,100,0.26,0.22,0.04,0.10907769203186035
elevators,0.26,100,0.26,0.25,0.01,0.11803531646728516
elevators,0.26,100,0.26,0.33,0.07,0.10911273956298828
elevators,0.26,100,0.26,0.26,0.0,0.12229442596435547
elevators,0.32,100,0.32,0.3,0.02,0.10928535461425781
elevators,0.32,100,0.32,0.41,0.09,0.11214733123779297
elevators,0.32,100,0.32,0.39,0.07,0.10905122756958008
elevators,0.32,100,0.32,0.3,0.02,0.12476825714111328
elevators,0.32,100,0.32,0.32,0.0,0.12104225158691406
elevators,0.32,100,0.32,0.38,0.06,0.1100156307220459
elevators,0.32,100,0.32,0.36,0.04,0.11631059646606445
elevators,0.32,100,0.32,0.4,0.08,0.12483716011047363
elevators,0.32,100,0.32,0.39,0.07,0.1004486083984375
elevators,0.32,100,0.32,0.38,0.06,0.10838198661804199
elevators,0.37,100,0.37,0.38,0.01,0.11925411224365234
elevators,0.37,100,0.37,0.36,0.01,0.12523579597473145
elevators,0.37,100,0.37,0.42,0.05,0.12549495697021484
elevators,0.37,100,0.37,0.45,0.08,0.11337471008300781
elevators,0.37,100,0.37,0.39,0.02,0.10902237892150879
elevators,0.37,100,0.37,0.48,0.11,0.10957121849060059
elevators,0.37,100,0.37,0.32,0.05,0.10905694961547852
elevators,0.37,100,0.37,0.43,0.06,0.10911774635314941
elevators,0.37,100,0.37,0.44,0.07,0.10906314849853516
elevators,0.37,100,0.37,0.37,0.0,0.10906171798706055
elevators,0.42,100,0.42,0.48,0.06,0.09868741035461426
elevators,0.42,100,0.42,0.49,0.07,0.10845518112182617
elevators,0.42,100,0.42,0.46,0.04,0.10519838333129883
elevators,0.42,100,0.42,0.46,0.04,0.10915040969848633
elevators,0.42,100,0.42,0.37,0.05,0.10004186630249023
elevators,0.42,100,0.42,0.48,0.06,0.10904836654663086
elevators,0.42,100,0.42,0.54,0.12,0.10864853858947754
elevators,0.42,100,0.42,0.48,0.06,0.1244814395904541
elevators,0.42,100,0.42,0.45,0.03,0.10839343070983887
elevators,0.42,100,0.42,0.49,0.07,0.10916447639465332
elevators,0.47,100,0.47,0.47,0.0,0.10897231101989746
elevators,0.47,100,0.47,0.47,0.0,0.10989999771118164
elevators,0.47,100,0.47,0.49,0.02,0.11462044715881348
elevators,0.47,100,0.47,0.52,0.05,0.10657644271850586
elevators,0.47,100,0.47,0.59,0.12,0.10906147956848145
elevators,0.47,100,0.47,0.47,0.0,0.10904526710510254
elevators,0.47,100,0.47,0.53,0.06,0.11351346969604492
elevators,0.47,100,0.47,0.47,0.0,0.1099247932434082
elevators,0.47,100,0.47,0.57,0.1,0.11032438278198242
elevators,0.47,100,0.47,0.53,0.06,0.12329697608947754
elevators,0.53,100,0.53,0.56,0.03,0.10904669761657715
elevators,0.53,100,0.53,0.57,0.04,0.12462568283081055
elevators,0.53,100,0.53,0.58,0.05,0.09752297401428223
elevators,0.53,100,0.53,0.56,0.03,0.11931276321411133
elevators,0.53,100,0.53,0.6,0.07,0.10962867736816406
elevators,0.53,100,0.53,0.51,0.02,0.11563777923583984
elevators,0.53,100,0.53,0.59,0.06,0.11809444427490234
elevators,0.53,100,0.53,0.51,0.02,0.11926126480102539
elevators,0.53,100,0.53,0.61,0.08,0.12469100952148438
elevators,0.53,100,0.53,0.52,0.01,0.10908222198486328
elevators,0.58,100,0.58,0.72,0.14,0.10910511016845703
elevators,0.58,100,0.58,0.6,0.02,0.10252594947814941
elevators,0.58,100,0.58,0.62,0.04,0.1090688705444336
elevators,0.58,100,0.58,0.64,0.06,0.1187281608581543
elevators,0.58,100,0.58,0.68,0.1,0.10906648635864258
elevators,0.58,100,0.58,0.67,0.09,0.1246790885925293
elevators,0.58,100,0.58,0.54,0.04,0.1097569465637207
elevators,0.58,100,0.58,0.59,0.01,0.09914636611938477
elevators,0.58,100,0.58,0.59,0.01,0.11606526374816895
elevators,0.58,100,0.58,0.62,0.04,0.11216211318969727
elevators,0.63,100,0.63,0.61,0.02,0.1084442138671875
elevators,0.63,100,0.63,0.61,0.02,0.10559368133544922
elevators,0.63,100,0.63,0.65,0.02,0.1196889877319336
elevators,0.63,100,0.63,0.67,0.04,0.10909771919250488
elevators,0.63,100,0.63,0.66,0.03,0.12449264526367188
elevators,0.63,100,0.63,0.59,0.04,0.1062772274017334
elevators,0.63,100,0.63,0.7,0.07,0.10886144638061523
elevators,0.63,100,0.63,0.64,0.01,0.09927034378051758
elevators,0.63,100,0.63,0.66,0.03,0.10995602607727051
elevators,0.63,100,0.63,0.71,0.08,0.11248993873596191
elevators,0.68,100,0.68,0.69,0.01,0.10591363906860352
elevators,0.68,100,0.68,0.71,0.03,0.1090087890625
elevators,0.68,100,0.68,0.82,0.14,0.11358499526977539
elevators,0.68,100,0.68,0.75,0.07,0.11855673789978027
elevators,0.68,100,0.68,0.71,0.03,0.11355304718017578
elevators,0.68,100,0.68,0.73,0.05,0.10300064086914062
elevators,0.68,100,0.68,0.73,0.05,0.10954713821411133
elevators,0.68,100,0.68,0.7,0.02,0.12580227851867676
elevators,0.68,100,0.68,0.67,0.01,0.12138676643371582
elevators,0.68,100,0.68,0.72,0.04,0.1102755069732666
elevators,0.74,100,0.74,0.79,0.05,0.11649441719055176
elevators,0.74,100,0.74,0.81,0.07,0.11188864707946777
elevators,0.74,100,0.74,0.75,0.01,0.10969710350036621
elevators,0.74,100,0.74,0.76,0.02,0.12118744850158691
elevators,0.74,100,0.74,0.8,0.06,0.10907435417175293
elevators,0.74,100,0.74,0.73,0.01,0.10331845283508301
elevators,0.74,100,0.74,0.74,0.0,0.11153769493103027
elevators,0.74,100,0.74,0.81,0.07,0.11923909187316895
elevators,0.74,100,0.74,0.77,0.03,0.10697746276855469
elevators,0.74,100,0.74,0.79,0.05,0.11865711212158203
elevators,0.79,100,0.79,0.86,0.07,0.11136746406555176
elevators,0.79,100,0.79,0.84,0.05,0.1090703010559082
elevators,0.79,100,0.79,0.81,0.02,0.10983967781066895
elevators,0.79,100,0.79,0.87,0.08,0.12296938896179199
elevators,0.79,100,0.79,0.82,0.03,0.10903263092041016
elevators,0.79,100,0.79,0.84,0.05,0.10597610473632812
elevators,0.79,100,0.79,0.86,0.07,0.11869168281555176
elevators,0.79,100,0.79,0.78,0.01,0.1181178092956543
elevators,0.79,100,0.79,0.82,0.03,0.11619091033935547
elevators,0.79,100,0.79,0.8,0.01,0.10906767845153809
elevators,0.84,100,0.84,0.88,0.04,0.10303306579589844
elevators,0.84,100,0.84,0.88,0.04,0.12152934074401855
elevators,0.84,100,0.84,0.87,0.03,0.1067209243774414
elevators,0.84,100,0.84,0.85,0.01,0.11280298233032227
elevators,0.84,100,0.84,0.96,0.12,0.1185293197631836
elevators,0.84,100,0.84,0.9,0.06,0.11869502067565918
elevators,0.84,100,0.84,0.9,0.06,0.11867666244506836
elevators,0.84,100,0.84,0.87,0.03,0.1157844066619873
elevators,0.84,100,0.84,0.86,0.02,0.11877274513244629
elevators,0.84,100,0.84,0.87,0.03,0.11112785339355469
elevators,0.89,100,0.89,0.91,0.02,0.11869001388549805
elevators,0.89,100,0.89,0.92,0.03,0.1237335205078125
elevators,0.89,100,0.89,0.92,0.03,0.12112069129943848
elevators,0.89,100,0.89,0.91,0.02,0.11314582824707031
elevators,0.89,100,0.89,0.89,0.0,0.10898256301879883
elevators,0.89,100,0.89,0.93,0.04,0.10685038566589355
elevators,0.89,100,0.89,0.92,0.03,0.10302615165710449
elevators,0.89,100,0.89,0.9,0.01,0.11225628852844238
elevators,0.89,100,0.89,0.95,0.06,0.10486292839050293
elevators,0.89,100,0.89,0.9,0.01,0.1109919548034668
elevators,0.95,100,0.95,0.97,0.02,0.10898542404174805
elevators,0.95,100,0.95,0.97,0.02,0.10757970809936523
elevators,0.95,100,0.95,0.98,0.03,0.10892152786254883
elevators,0.95,100,0.95,0.98,0.03,0.10897064208984375
elevators,0.95,100,0.95,0.96,0.01,0.10909485816955566
elevators,0.95,100,0.95,0.97,0.02,0.11248373985290527
elevators,0.95,100,0.95,0.94,0.01,0.11402750015258789
elevators,0.95,100,0.95,0.97,0.02,0.12009477615356445
elevators,0.95,100,0.95,0.97,0.02,0.1040041446685791
elevators,0.95,100,0.95,0.96,0.01,0.11856508255004883
elevators,1.0,100,1.0,1.0,0.0,0.11769723892211914
elevators,1.0,100,1.0,1.0,0.0,0.10914921760559082
elevators,1.0,100,1.0,1.0,0.0,0.12412095069885254
elevators,1.0,100,1.0,1.0,0.0,0.10852670669555664
elevators,1.0,100,1.0,1.0,0.0,0.12156820297241211
elevators,1.0,100,1.0,1.0,0.0,0.12215685844421387
elevators,1.0,100,1.0,1.0,0.0,0.10986971855163574
elevators,1.0,100,1.0,1.0,0.0,0.11084914207458496
elevators,1.0,100,1.0,1.0,0.0,0.11308670043945312
elevators,1.0,100,1.0,1.0,0.0,0.1111149787902832
file79b563a1a18,0.0,100,0.0,0.09,0.09,0.111114501953125
file79b563a1a18,0.0,100,0.0,0.01,0.01,0.10902214050292969
file79b563a1a18,0.0,100,0.0,0.0,0.0,0.10610818862915039
file79b563a1a18,0.0,100,0.0,0.0,0.0,0.10350155830383301
file79b563a1a18,0.0,100,0.0,0.05,0.05,0.09805560111999512
file79b563a1a18,0.0,100,0.0,0.12,0.12,0.10300397872924805
file79b563a1a18,0.0,100,0.0,0.03,0.03,0.09856176376342773
file79b563a1a18,0.0,100,0.0,0.0,0.0,0.10318398475646973
file79b563a1a18,0.0,100,0.0,0.07,0.07,0.10915541648864746
file79b563a1a18,0.0,100,0.0,0.0,0.0,0.10829496383666992
file79b563a1a18,0.05,100,0.05,0.14,0.09,0.10895538330078125
file79b563a1a18,0.05,100,0.05,0.09,0.04,0.08895707130432129
file79b563a1a18,0.05,100,0.05,0.17,0.12,0.10910439491271973
file79b563a1a18,0.05,100,0.05,0.04,0.01,0.11359238624572754
file79b563a1a18,0.05,100,0.05,0.01,0.04,0.10341930389404297
file79b563a1a18,0.05,100,0.05,0.0,0.05,0.09991812705993652
file79b563a1a18,0.05,100,0.05,0.11,0.06,0.10515642166137695
file79b563a1a18,0.05,100,0.05,0.03,0.02,0.11173081398010254
file79b563a1a18,0.05,100,0.05,0.09,0.04,0.1030888557434082
file79b563a1a18,0.05,100,0.05,0.04,0.01,0.10794425010681152
file79b563a1a18,0.11,100,0.11,0.17,0.06,0.1062929630279541
file79b563a1a18,0.11,100,0.11,0.12,0.01,0.11325693130493164
file79b563a1a18,0.11,100,0.11,0.13,0.02,0.12090253829956055
file79b563a1a18,0.11,100,0.11,0.12,0.01,0.10969901084899902
file79b563a1a18,0.11,100,0.11,0.08,0.03,0.1090397834777832
file79b563a1a18,0.11,100,0.11,0.17,0.06,0.09259796142578125
file79b563a1a18,0.11,100,0.11,0.18,0.07,0.10614466667175293
file79b563a1a18,0.11,100,0.11,0.03,0.08,0.09290075302124023
file79b563a1a18,0.11,100,0.11,0.09,0.02,0.10288262367248535
file79b563a1a18,0.11,100,0.11,0.16,0.05,0.10901832580566406
file79b563a1a18,0.16,100,0.16,0.08,0.08,0.11412191390991211
file79b563a1a18,0.16,100,0.16,0.15,0.01,0.10900139808654785
file79b563a1a18,0.16,100,0.16,0.25,0.09,0.1078648567199707
file79b563a1a18,0.16,100,0.16,0.15,0.01,0.10861849784851074
file79b563a1a18,0.16,100,0.16,0.15,0.01,0.09951972961425781
file79b563a1a18,0.16,100,0.16,0.18,0.02,0.10912847518920898
file79b563a1a18,0.16,100,0.16,0.09,0.07,0.11203694343566895
file79b563a1a18,0.16,100,0.16,0.13,0.03,0.10906553268432617
file79b563a1a18,0.16,100,0.16,0.09,0.07,0.09903645515441895
file79b563a1a18,0.16,100,0.16,0.16,0.0,0.10903191566467285
file79b563a1a18,0.21,100,0.21,0.28,0.07,0.10876917839050293
file79b563a1a18,0.21,100,0.21,0.14,0.07,0.09334158897399902
file79b563a1a18,0.21,100,0.21,0.17,0.04,0.10906124114990234
file79b563a1a18,0.21,100,0.21,0.12,0.09,0.10900330543518066
file79b563a1a18,0.21,100,0.21,0.19,0.02,0.10329747200012207
file79b563a1a18,0.21,100,0.21,0.26,0.05,0.10924005508422852
file79b563a1a18,0.21,100,0.21,0.23,0.02,0.09292459487915039
file79b563a1a18,0.21,100,0.21,0.2,0.01,0.10889911651611328
file79b563a1a18,0.21,100,0.21,0.23,0.02,0.09401631355285645
file79b563a1a18,0.21,100,0.21,0.17,0.04,0.09241461753845215
file79b563a1a18,0.26,100,0.26,0.19,0.07,0.10867977142333984
file79b563a1a18,0.26,100,0.26,0.36,0.1,0.09972262382507324
file79b563a1a18,0.26,100,0.26,0.27,0.01,0.10906147956848145
file79b563a1a18,0.26,100,0.26,0.23,0.03,0.11788725852966309
file79b563a1a18,0.26,100,0.26,0.12,0.14,0.11332368850708008
file79b563a1a18,0.26,100,0.26,0.28,0.02,0.11461877822875977
file79b563a1a18,0.26,100,0.26,0.28,0.02,0.11926460266113281
file79b563a1a18,0.26,100,0.26,0.19,0.07,0.11320137977600098
file79b563a1a18,0.26,100,0.26,0.19,0.07,0.11216473579406738
file79b563a1a18,0.26,100,0.26,0.23,0.03,0.11334824562072754
file79b563a1a18,0.32,100,0.32,0.36,0.04,0.10695481300354004
file79b563a1a18,0.32,100,0.32,0.38,0.06,0.11765456199645996
file79b563a1a18,0.32,100,0.32,0.23,0.09,0.10958456993103027
file79b563a1a18,0.32,100,0.32,0.33,0.01,0.1022956371307373
file79b563a1a18,0.32,100,0.32,0.23,0.09,0.1090552806854248
file79b563a1a18,0.32,100,0.32,0.43,0.11,0.10297584533691406
file79b563a1a18,0.32,100,0.32,0.27,0.05,0.10911393165588379
file79b563a1a18,0.32,100,0.32,0.4,0.08,0.10908913612365723
file79b563a1a18,0.32,100,0.32,0.33,0.01,0.10911178588867188
file79b563a1a18,0.32,100,0.32,0.23,0.09,0.10904049873352051
file79b563a1a18,0.37,100,0.37,0.48,0.11,0.11255908012390137
file79b563a1a18,0.37,100,0.37,0.39,0.02,0.12223172187805176
file79b563a1a18,0.37,100,0.37,0.35,0.02,0.10351371765136719
file79b563a1a18,0.37,100,0.37,0.41,0.04,0.09353470802307129
file79b563a1a18,0.37,100,0.37,0.35,0.02,0.10054397583007812
file79b563a1a18,0.37,100,0.37,0.42,0.05,0.12044858932495117
file79b563a1a18,0.37,100,0.37,0.37,0.0,0.1086113452911377
file79b563a1a18,0.37,100,0.37,0.31,0.06,0.10832381248474121
file79b563a1a18,0.37,100,0.37,0.33,0.04,0.11792993545532227
file79b563a1a18,0.37,100,0.37,0.39,0.02,0.11188387870788574
file79b563a1a18,0.42,100,0.42,0.5,0.08,0.11138558387756348
file79b563a1a18,0.42,100,0.42,0.48,0.06,0.10328054428100586
file79b563a1a18,0.42,100,0.42,0.45,0.03,0.10702824592590332
file79b563a1a18,0.42,100,0.42,0.17,0.25,0.112518310546875
file79b563a1a18,0.42,100,0.42,0.38,0.04,0.1098928451538086
file79b563a1a18,0.42,100,0.42,0.34,0.08,0.09615826606750488
file79b563a1a18,0.42,100,0.42,0.34,0.08,0.09230303764343262
file79b563a1a18,0.42,100,0.42,0.46,0.04,0.11064648628234863
file79b563a1a18,0.42,100,0.42,0.4,0.02,0.10857009887695312
file79b563a1a18,0.42,100,0.42,0.4,0.02,0.10292768478393555
file79b563a1a18,0.47,100,0.47,0.42,0.05,0.10902142524719238
file79b563a1a18,0.47,100,0.47,0.53,0.06,0.09901905059814453
file79b563a1a18,0.47,100,0.47,0.48,0.01,0.11809968948364258
file79b563a1a18,0.47,100,0.47,0.52,0.05,0.11380386352539062
file79b563a1a18,0.47,100,0.47,0.47,0.0,0.10779309272766113
file79b563a1a18,0.47,100,0.47,0.33,0.14,0.1059255599975586
file79b563a1a18,0.47,100,0.47,0.42,0.05,0.10907506942749023
file79b563a1a18,0.47,100,0.47,0.51,0.04,0.11168241500854492
file79b563a1a18,0.47,100,0.47,0.46,0.01,0.10915613174438477
file79b563a1a18,0.47,100,0.47,0.56,0.09,0.10005974769592285
file79b563a1a18,0.53,100,0.53,0.65,0.12,0.10300803184509277
file79b563a1a18,0.53,100,0.53,0.66,0.13,0.10161375999450684
file79b563a1a18,0.53,100,0.53,0.57,0.04,0.10907387733459473
file79b563a1a18,0.53,100,0.53,0.54,0.01,0.10689592361450195
file79b563a1a18,0.53,100,0.53,0.53,0.0,0.10321712493896484
file79b563a1a18,0.53,100,0.53,0.49,0.04,0.10056853294372559
file79b563a1a18,0.53,100,0.53,0.52,0.01,0.10300374031066895
file79b563a1a18,0.53,100,0.53,0.51,0.02,0.11037445068359375
file79b563a1a18,0.53,100,0.53,0.53,0.0,0.10906815528869629
file79b563a1a18,0.53,100,0.53,0.41,0.12,0.10564255714416504
file79b563a1a18,0.58,100,0.58,0.59,0.01,0.10506319999694824
file79b563a1a18,0.58,100,0.58,0.54,0.04,0.10382723808288574
file79b563a1a18,0.58,100,0.58,0.68,0.1,0.09964919090270996
file79b563a1a18,0.58,100,0.58,0.59,0.01,0.11166524887084961
file79b563a1a18,0.58,100,0.58,0.63,0.05,0.10307884216308594
file79b563a1a18,0.58,100,0.58,0.67,0.09,0.10555720329284668
file79b563a1a18,0.58,100,0.58,0.63,0.05,0.11709380149841309
file79b563a1a18,0.58,100,0.58,0.49,0.09,0.0965428352355957
file79b563a1a18,0.58,100,0.58,0.63,0.05,0.11410880088806152
file79b563a1a18,0.58,100,0.58,0.58,0.0,0.10943031311035156
file79b563a1a18,0.63,100,0.63,0.66,0.03,0.09424471855163574
file79b563a1a18,0.63,100,0.63,0.6,0.03,0.11163043975830078
file79b563a1a18,0.63,100,0.63,0.69,0.06,0.11947011947631836
file79b563a1a18,0.63,100,0.63,0.7,0.07,0.10875058174133301
file79b563a1a18,0.63,100,0.63,0.77,0.14,0.10851740837097168
file79b563a1a18,0.63,100,0.63,0.59,0.04,0.10003662109375
file79b563a1a18,0.63,100,0.63,0.66,0.03,0.1090996265411377
file79b563a1a18,0.63,100,0.63,0.6,0.03,0.11587238311767578
file79b563a1a18,0.63,100,0.63,0.59,0.04,0.10695838928222656
file79b563a1a18,0.63,100,0.63,0.68,0.05,0.1039590835571289
file79b563a1a18,0.68,100,0.68,0.63,0.05,0.11866068840026855
file79b563a1a18,0.68,100,0.68,0.58,0.1,0.10904669761657715
file79b563a1a18,0.68,100,0.68,0.68,0.0,0.10972356796264648
file79b563a1a18,0.68,100,0.68,0.62,0.06,0.10647988319396973
file79b563a1a18,0.68,100,0.68,0.67,0.01,0.10916972160339355
file79b563a1a18,0.68,100,0.68,0.76,0.08,0.11863398551940918
file79b563a1a18,0.68,100,0.68,0.68,0.0,0.10967087745666504
file79b563a1a18,0.68,100,0.68,0.66,0.02,0.10906291007995605
file79b563a1a18,0.68,100,0.68,0.73,0.05,0.11217474937438965
file79b563a1a18,0.68,100,0.68,0.69,0.01,0.11313700675964355
file79b563a1a18,0.74,100,0.74,0.77,0.03,0.10474419593811035
file79b563a1a18,0.74,100,0.74,0.68,0.06,0.11581015586853027
file79b563a1a18,0.74,100,0.74,0.76,0.02,0.10867047309875488
file79b563a1a18,0.74,100,0.74,0.68,0.06,0.11028122901916504
file79b563a1a18,0.74,100,0.74,0.73,0.01,0.10613536834716797
file79b563a1a18,0.74,100,0.74,0.78,0.04,0.09731721878051758
file79b563a1a18,0.74,100,0.74,0.75,0.01,0.10440373420715332
file79b563a1a18,0.74,100,0.74,0.79,0.05,0.09436821937561035
file79b563a1a18,0.74,100,0.74,0.77,0.03,0.10929632186889648
file79b563a1a18,0.74,100,0.74,0.65,0.09,0.09743523597717285
file79b563a1a18,0.79,100,0.79,0.76,0.03,0.11874151229858398
file79b563a1a18,0.79,100,0.79,0.79,0.0,0.1039736270904541
file79b563a1a18,0.79,100,0.79,0.83,0.04,0.10926651954650879
file79b563a1a18,0.79,100,0.79,0.83,0.04,0.10838794708251953
file79b563a1a18,0.79,100,0.79,0.85,0.06,0.09332990646362305
file79b563a1a18,0.79,100,0.79,0.71,0.08,0.09134793281555176
file79b563a1a18,0.79,100,0.79,0.77,0.02,0.0963900089263916
file79b563a1a18,0.79,100,0.79,0.78,0.01,0.10020065307617188
file79b563a1a18,0.79,100,0.79,0.87,0.08,0.10649418830871582
file79b563a1a18,0.79,100,0.79,0.96,0.17,0.08986449241638184
file79b563a1a18,0.84,100,0.84,0.87,0.03,0.1090397834777832
file79b563a1a18,0.84,100,0.84,0.87,0.03,0.10038113594055176
file79b563a1a18,0.84,100,0.84,0.9,0.06,0.10283207893371582
file79b563a1a18,0.84,100,0.84,0.76,0.08,0.10687971115112305
file79b563a1a18,0.84,100,0.84,0.89,0.05,0.09691905975341797
file79b563a1a18,0.84,100,0.84,0.76,0.08,0.09906458854675293
file79b563a1a18,0.84,100,0.84,0.94,0.1,0.10296249389648438
file79b563a1a18,0.84,100,0.84,0.85,0.01,0.10777544975280762
file79b563a1a18,0.84,100,0.84,0.84,0.0,0.1090552806854248
file79b563a1a18,0.84,100,0.84,0.83,0.01,0.10894656181335449
file79b563a1a18,0.89,100,0.89,0.86,0.03,0.10358595848083496
file79b563a1a18,0.89,100,0.89,0.93,0.04,0.1205289363861084
file79b563a1a18,0.89,100,0.89,0.88,0.01,0.1077125072479248
file79b563a1a18,0.89,100,0.89,0.91,0.02,0.10586190223693848
file79b563a1a18,0.89,100,0.89,0.92,0.03,0.10907506942749023
file79b563a1a18,0.89,100,0.89,0.91,0.02,0.10241937637329102
file79b563a1a18,0.89,100,0.89,0.89,0.0,0.10267901420593262
file79b563a1a18,0.89,100,0.89,0.88,0.01,0.10216975212097168
file79b563a1a18,0.89,100,0.89,0.88,0.01,0.10855698585510254
file79b563a1a18,0.89,100,0.89,0.9,0.01,0.10917496681213379
file79b563a1a18,0.95,100,0.95,0.97,0.02,0.10906744003295898
file79b563a1a18,0.95,100,0.95,0.94,0.01,0.09407639503479004
file79b563a1a18,0.95,100,0.95,0.98,0.03,0.10904932022094727
file79b563a1a18,0.95,100,0.95,0.96,0.01,0.10909676551818848
file79b563a1a18,0.95,100,0.95,0.98,0.03,0.10858917236328125
file79b563a1a18,0.95,100,0.95,0.92,0.03,0.1090235710144043
file79b563a1a18,0.95,100,0.95,0.95,0.0,0.1091148853302002
file79b563a1a18,0.95,100,0.95,0.98,0.03,0.1094660758972168
file79b563a1a18,0.95,100,0.95,0.97,0.02,0.1091146469116211
file79b563a1a18,0.95,100,0.95,0.95,0.0,0.1090095043182373
file79b563a1a18,1.0,100,1.0,0.97,0.03,0.10502052307128906
file79b563a1a18,1.0,100,1.0,1.0,0.0,0.10833215713500977
file79b563a1a18,1.0,100,1.0,0.99,0.01,0.12254214286804199
file79b563a1a18,1.0,100,1.0,0.97,0.03,0.11143755912780762
file79b563a1a18,1.0,100,1.0,0.98,0.02,0.09351158142089844
file79b563a1a18,1.0,100,1.0,0.96,0.04,0.10946822166442871
file79b563a1a18,1.0,100,1.0,1.0,0.0,0.10309386253356934
file79b563a1a18,1.0,100,1.0,1.0,0.0,0.10302305221557617
file79b563a1a18,1.0,100,1.0,1.0,0.0,0.10648322105407715
file79b563a1a18,1.0,100,1.0,1.0,0.0,0.10903620719909668
fried,0.0,100,0.0,0.0,0.0,0.12595725059509277
fried,0.0,100,0.0,0.0,0.0,0.11732769012451172
fried,0.0,100,0.0,0.0,0.0,0.13175678253173828
fried,0.0,100,0.0,0.0,0.0,0.12314033508300781
fried,0.0,100,0.0,0.01,0.01,0.12415313720703125
fried,0.0,100,0.0,0.0,0.0,0.1288304328918457
fried,0.0,100,0.0,0.0,0.0,0.12322425842285156
fried,0.0,100,0.0,0.0,0.0,0.12119460105895996
fried,0.0,100,0.0,0.0,0.0,0.11314272880554199
fried,0.0,100,0.0,0.0,0.0,0.11790871620178223
fried,0.05,100,0.05,0.04,0.01,0.1094508171081543
fried,0.05,100,0.05,0.03,0.02,0.11502575874328613
fried,0.05,100,0.05,0.04,0.01,0.12416505813598633
fried,0.05,100,0.05,0.0,0.05,0.12079358100891113
fried,0.05,100,0.05,0.03,0.02,0.11962461471557617
fried,0.05,100,0.05,0.03,0.02,0.11078643798828125
fried,0.05,100,0.05,0.03,0.02,0.11888837814331055
fried,0.05,100,0.05,0.01,0.04,0.11807942390441895
fried,0.05,100,0.05,0.01,0.04,0.11303853988647461
fried,0.05,100,0.05,0.0,0.05,0.11196255683898926
fried,0.11,100,0.11,0.06,0.05,0.11564159393310547
fried,0.11,100,0.11,0.07,0.04,0.10852861404418945
fried,0.11,100,0.11,0.16,0.05,0.13494277000427246
fried,0.11,100,0.11,0.09,0.02,0.1115119457244873
fried,0.11,100,0.11,0.04,0.07,0.12522459030151367
fried,0.11,100,0.11,0.04,0.07,0.11818647384643555
fried,0.11,100,0.11,0.1,0.01,0.12749314308166504
fried,0.11,100,0.11,0.13,0.02,0.11922764778137207
fried,0.11,100,0.11,0.13,0.02,0.13120555877685547
fried,0.11,100,0.11,0.13,0.02,0.11968278884887695
fried,0.16,100,0.16,0.15,0.01,0.11579704284667969
fried,0.16,100,0.16,0.15,0.01,0.12372469902038574
fried,0.16,100,0.16,0.14,0.02,0.1132512092590332
fried,0.16,100,0.16,0.16,0.0,0.10524296760559082
fried,0.16,100,0.16,0.12,0.04,0.10916328430175781
fried,0.16,100,0.16,0.15,0.01,0.11377525329589844
fried,0.16,100,0.16,0.12,0.04,0.12534093856811523
fried,0.16,100,0.16,0.2,0.04,0.12210345268249512
fried,0.16,100,0.16,0.12,0.04,0.11866021156311035
fried,0.16,100,0.16,0.1,0.06,0.11616110801696777
fried,0.21,100,0.21,0.07,0.14,0.11737823486328125
fried,0.21,100,0.21,0.21,0.0,0.12257909774780273
fried,0.21,100,0.21,0.12,0.09,0.10906314849853516
fried,0.21,100,0.21,0.25,0.04,0.11303043365478516
fried,0.21,100,0.21,0.23,0.02,0.11311936378479004
fried,0.21,100,0.21,0.2,0.01,0.12410473823547363
fried,0.21,100,0.21,0.19,0.02,0.12722110748291016
fried,0.21,100,0.21,0.19,0.02,0.10903453826904297
fried,0.21,100,0.21,0.2,0.01,0.13077950477600098
fried,0.21,100,0.21,0.2,0.01,0.10997676849365234
fried,0.26,100,0.26,0.23,0.03,0.1183016300201416
fried,0.26,100,0.26,0.26,0.0,0.11572527885437012
fried,0.26,100,0.26,0.13,0.13,0.12016081809997559
fried,0.26,100,0.26,0.22,0.04,0.1253359317779541
fried,0.26,100,0.26,0.27,0.01,0.12476921081542969
fried,0.26,100,0.26,0.23,0.03,0.11975216865539551
fried,0.26,100,0.26,0.31,0.05,0.11343812942504883
fried,0.26,100,0.26,0.2,0.06,0.13235139846801758
fried,0.26,100,0.26,0.3,0.04,0.12471175193786621
fried,0.26,100,0.26,0.31,0.05,0.1083989143371582
fried,0.32,100,0.32,0.33,0.01,0.12132048606872559
fried,0.32,100,0.32,0.32,0.0,0.1246335506439209
fried,0.32,100,0.32,0.3,0.02,0.11869215965270996
fried,0.32,100,0.32,0.3,0.02,0.12762188911437988
fried,0.32,100,0.32,0.22,0.1,0.10866570472717285
fried,0.32,100,0.32,0.27,0.05,0.12410616874694824
fried,0.32,100,0.32,0.29,0.03,0.13183903694152832
fried,0.32,100,0.32,0.28,0.04,0.12462687492370605
fried,0.32,100,0.32,0.28,0.04,0.13076376914978027
fried,0.32,100,0.32,0.32,0.0,0.10905933380126953
fried,0.37,100,0.37,0.39,0.02,0.11772656440734863
fried,0.37,100,0.37,0.42,0.05,0.11296582221984863
fried,0.37,100,0.37,0.31,0.06,0.1253643035888672
fried,0.37,100,0.37,0.33,0.04,0.10900545120239258
fried,0.37,100,0.37,0.34,0.03,0.13254189491271973
fried,0.37,100,0.37,0.31,0.06,0.1213831901550293
fried,0.37,100,0.37,0.33,0.04,0.11796402931213379
fried,0.37,100,0.37,0.38,0.01,0.12633609771728516
fried,0.37,100,0.37,0.4,0.03,0.12470650672912598
fried,0.37,100,0.37,0.4,0.03,0.10904550552368164
fried,0.42,100,0.42,0.42,0.0,0.11867403984069824
fried,0.42,100,0.42,0.47,0.05,0.12487030029296875
fried,0.42,100,0.42,0.42,0.0,0.12434840202331543
fried,0.42,100,0.42,0.39,0.03,0.11606049537658691
fried,0.42,100,0.42,0.44,0.02,0.10863685607910156
fried,0.42,100,0.42,0.36,0.06,0.12618446350097656
fried,0.42,100,0.42,0.41,0.01,0.10904693603515625
fried,0.42,100,0.42,0.45,0.03,0.13156962394714355
fried,0.42,100,0.42,0.42,0.0,0.12564301490783691
fried,0.42,100,0.42,0.49,0.07,0.12460708618164062
fried,0.47,100,0.47,0.52,0.05,0.11749076843261719
fried,0.47,100,0.47,0.45,0.02,0.12444949150085449
fried,0.47,100,0.47,0.51,0.04,0.10784792900085449
fried,0.47,100,0.47,0.49,0.02,0.1196291446685791
fried,0.47,100,0.47,0.4,0.07,0.12480306625366211
fried,0.47,100,0.47,0.42,0.05,0.12126564979553223
fried,0.47,100,0.47,0.4,0.07,0.11007833480834961
fried,0.47,100,0.47,0.49,0.02,0.10897588729858398
fried,0.47,100,0.47,0.57,0.1,0.11257696151733398
fried,0.47,100,0.47,0.46,0.01,0.1140446662902832
fried,0.53,100,0.53,0.61,0.08,0.12688064575195312
fried,0.53,100,0.53,0.66,0.13,0.11404919624328613
fried,0.53,100,0.53,0.7,0.17,0.1246500015258789
fried,0.53,100,0.53,0.54,0.01,0.11980319023132324
fried,0.53,100,0.53,0.52,0.01,0.1252298355102539
fried,0.53,100,0.53,0.57,0.04,0.11899995803833008
fried,0.53,100,0.53,0.66,0.13,0.11871218681335449
fried,0.53,100,0.53,0.44,0.09,0.10976934432983398
fried,0.53,100,0.53,0.5,0.03,0.1247706413269043
fried,0.53,100,0.53,0.55,0.02,0.109619140625
fried,0.58,100,0.58,0.72,0.14,0.1292896270751953
fried,0.58,100,0.58,0.67,0.09,0.11599302291870117
fried,0.58,100,0.58,0.67,0.09,0.13689517974853516
fried,0.58,100,0.58,0.68,0.1,0.12479615211486816
fried,0.58,100,0.58,0.42,0.16,0.12235808372497559
fried,0.58,100,0.58,0.57,0.01,0.13074803352355957
fried,0.58,100,0.58,0.53,0.05,0.11868929862976074
fried,0.58,100,0.58,0.57,0.01,0.1242516040802002
fried,0.58,100,0.58,0.54,0.04,0.11819076538085938
fried,0.58,100,0.58,0.51,0.07,0.13396215438842773
fried,0.63,100,0.63,0.74,0.11,0.1028432846069336
fried,0.63,100,0.63,0.58,0.05,0.12537455558776855
fried,0.63,100,0.63,0.59,0.04,0.1054086685180664
fried,0.63,100,0.63,0.65,0.02,0.1173250675201416
fried,0.63,100,0.63,0.61,0.02,0.12077856063842773
fried,0.63,100,0.63,0.77,0.14,0.10950446128845215
fried,0.63,100,0.63,0.63,0.0,0.1247553825378418
fried,0.63,100,0.63,0.73,0.1,0.12001824378967285
fried,0.63,100,0.63,0.66,0.03,0.12639379501342773
fried,0.63,100,0.63,0.76,0.13,0.11272907257080078
fried,0.68,100,0.68,0.67,0.01,0.11866617202758789
fried,0.68,100,0.68,0.64,0.04,0.10906624794006348
fried,0.68,100,0.68,0.74,0.06,0.11853575706481934
fried,0.68,100,0.68,0.67,0.01,0.1348590850830078
fried,0.68,100,0.68,0.7,0.02,0.1241145133972168
fried,0.68,100,0.68,0.59,0.09,0.10895752906799316
fried,0.68,100,0.68,0.78,0.1,0.1097252368927002
fried,0.68,100,0.68,0.79,0.11,0.12412476539611816
fried,0.68,100,0.68,0.78,0.1,0.13127994537353516
fried,0.68,100,0.68,0.78,0.1,0.1191551685333252
fried,0.74,100,0.74,0.79,0.05,0.12576723098754883
fried,0.74,100,0.74,0.74,0.0,0.11842942237854004
fried,0.74,100,0.74,0.8,0.06,0.12494087219238281
fried,0.74,100,0.74,0.86,0.12,0.1201636791229248
fried,0.74,100,0.74,0.76,0.02,0.11326217651367188
fried,0.74,100,0.74,0.81,0.07,0.12441730499267578
fried,0.74,100,0.74,0.79,0.05,0.12147188186645508
fried,0.74,100,0.74,0.81,0.07,0.11955642700195312
fried,0.74,100,0.74,0.79,0.05,0.1249077320098877
fried,0.74,100,0.74,0.78,0.04,0.10826230049133301
fried,0.79,100,0.79,0.95,0.16,0.12986350059509277
fried,0.79,100,0.79,0.81,0.02,0.12920737266540527
fried,0.79,100,0.79,0.85,0.06,0.12001490592956543
fried,0.79,100,0.79,0.81,0.02,0.1298072338104248
fried,0.79,100,0.79,0.87,0.08,0.12469029426574707
fried,0.79,100,0.79,0.83,0.04,0.12398314476013184
fried,0.79,100,0.79,0.86,0.07,0.11751627922058105
fried,0.79,100,0.79,0.91,0.12,0.1086127758026123
fried,0.79,100,0.79,0.87,0.08,0.12722158432006836
fried,0.79,100,0.79,0.79,0.0,0.10911345481872559
fried,0.84,100,0.84,0.92,0.08,0.11703824996948242
fried,0.84,100,0.84,0.88,0.04,0.12415790557861328
fried,0.84,100,0.84,0.86,0.02,0.10904955863952637
fried,0.84,100,0.84,0.95,0.11,0.11493158340454102
fried,0.84,100,0.84,0.89,0.05,0.11658358573913574
fried,0.84,100,0.84,0.9,0.06,0.12432289123535156
fried,0.84,100,0.84,0.97,0.13,0.10915493965148926
fried,0.84,100,0.84,0.9,0.06,0.12424468994140625
fried,0.84,100,0.84,0.95,0.11,0.131300687789917
fried,0.84,100,0.84,0.79,0.05,0.12601995468139648
fried,0.89,100,0.89,0.87,0.02,0.13392424583435059
fried,0.89,100,0.89,0.97,0.08,0.10965991020202637
fried,0.89,100,0.89,0.88,0.01,0.11568689346313477
fried,0.89,100,0.89,0.87,0.02,0.11434793472290039
fried,0.89,100,0.89,0.92,0.03,0.11212730407714844
fried,0.89,100,0.89,0.95,0.06,0.11822390556335449
fried,0.89,100,0.89,0.93,0.04,0.12034988403320312
fried,0.89,100,0.89,0.92,0.03,0.11098384857177734
fried,0.89,100,0.89,0.91,0.02,0.11873197555541992
fried,0.89,100,0.89,0.92,0.03,0.11111688613891602
fried,0.95,100,0.95,0.99,0.04,0.10842299461364746
fried,0.95,100,0.95,0.94,0.01,0.13172459602355957
fried,0.95,100,0.95,0.96,0.01,0.10558795928955078
fried,0.95,100,0.95,1.0,0.05,0.12411189079284668
fried,0.95,100,0.95,0.93,0.02,0.13377785682678223
fried,0.95,100,0.95,1.0,0.05,0.11864423751831055
fried,0.95,100,0.95,0.99,0.04,0.12319636344909668
fried,0.95,100,0.95,0.96,0.01,0.11887431144714355
fried,0.95,100,0.95,0.99,0.04,0.10907435417175293
fried,0.95,100,0.95,1.0,0.05,0.12333869934082031
fried,1.0,100,1.0,1.0,0.0,0.12948179244995117
fried,1.0,100,1.0,1.0,0.0,0.11045122146606445
fried,1.0,100,1.0,1.0,0.0,0.12468981742858887
fried,1.0,100,1.0,1.0,0.0,0.10891580581665039
fried,1.0,100,1.0,1.0,0.0,0.12582921981811523
fried,1.0,100,1.0,1.0,0.0,0.1171867847442627
fried,1.0,100,1.0,0.99,0.01,0.11220788955688477
fried,1.0,100,1.0,1.0,0.0,0.12471652030944824
fried,1.0,100,1.0,1.0,0.0,0.12137842178344727
fried,1.0,100,1.0,1.0,0.0,0.11921262741088867
fri_c2_1000_10,0.0,100,0.0,0.0,0.0,0.10292387008666992
fri_c2_1000_10,0.0,100,0.0,0.0,0.0,0.10308122634887695
fri_c2_1000_10,0.0,100,0.0,0.05,0.05,0.10342288017272949
fri_c2_1000_10,0.0,100,0.0,0.0,0.0,0.10339975357055664
fri_c2_1000_10,0.0,100,0.0,0.0,0.0,0.10023331642150879
fri_c2_1000_10,0.0,100,0.0,0.03,0.03,0.10077953338623047
fri_c2_1000_10,0.0,100,0.0,0.0,0.0,0.11215877532958984
fri_c2_1000_10,0.0,100,0.0,0.0,0.0,0.10966277122497559
fri_c2_1000_10,0.0,100,0.0,0.12,0.12,0.10912942886352539
fri_c2_1000_10,0.0,100,0.0,0.18,0.18,0.10852789878845215
fri_c2_1000_10,0.05,100,0.05,0.0,0.05,0.10571932792663574
fri_c2_1000_10,0.05,100,0.05,0.05,0.0,0.10909581184387207
fri_c2_1000_10,0.05,100,0.05,0.09,0.04,0.10257673263549805
fri_c2_1000_10,0.05,100,0.05,0.03,0.02,0.10858678817749023
fri_c2_1000_10,0.05,100,0.05,0.1,0.05,0.09424066543579102
fri_c2_1000_10,0.05,100,0.05,0.19,0.14,0.10307860374450684
fri_c2_1000_10,0.05,100,0.05,0.01,0.04,0.10909533500671387
fri_c2_1000_10,0.05,100,0.05,0.1,0.05,0.10950827598571777
fri_c2_1000_10,0.05,100,0.05,0.14,0.09,0.09911966323852539
fri_c2_1000_10,0.05,100,0.05,0.05,0.0,0.10854673385620117
fri_c2_1000_10,0.11,100,0.11,0.16,0.05,0.10302186012268066
fri_c2_1000_10,0.11,100,0.11,0.05,0.06,0.10916376113891602
fri_c2_1000_10,0.11,100,0.11,0.07,0.04,0.09273862838745117
fri_c2_1000_10,0.11,100,0.11,0.16,0.05,0.11205482482910156
fri_c2_1000_10,0.11,100,0.11,0.07,0.04,0.10905838012695312
fri_c2_1000_10,0.11,100,0.11,0.19,0.08,0.0928792953491211
fri_c2_1000_10,0.11,100,0.11,0.21,0.1,0.10362029075622559
fri_c2_1000_10,0.11,100,0.11,0.03,0.08,0.10966014862060547
fri_c2_1000_10,0.11,100,0.11,0.18,0.07,0.10895752906799316
fri_c2_1000_10,0.11,100,0.11,0.3,0.19,0.09042239189147949
fri_c2_1000_10,0.16,100,0.16,0.21,0.05,0.09410905838012695
fri_c2_1000_10,0.16,100,0.16,0.21,0.05,0.1039583683013916
fri_c2_1000_10,0.16,100,0.16,0.27,0.11,0.10605883598327637
fri_c2_1000_10,0.16,100,0.16,0.23,0.07,0.1030125617980957
fri_c2_1000_10,0.16,100,0.16,0.23,0.07,0.10843634605407715
fri_c2_1000_10,0.16,100,0.16,0.3,0.14,0.10324764251708984
fri_c2_1000_10,0.16,100,0.16,0.12,0.04,0.10338592529296875
fri_c2_1000_10,0.16,100,0.16,0.18,0.02,0.10096573829650879
fri_c2_1000_10,0.16,100,0.16,0.21,0.05,0.10970401763916016
fri_c2_1000_10,0.16,100,0.16,0.21,0.05,0.0920417308807373
fri_c2_1000_10,0.21,100,0.21,0.3,0.09,0.11713171005249023
fri_c2_1000_10,0.21,100,0.21,0.16,0.05,0.09998774528503418
fri_c2_1000_10,0.21,100,0.21,0.27,0.06,0.11547589302062988
fri_c2_1000_10,0.21,100,0.21,0.16,0.05,0.11631131172180176
fri_c2_1000_10,0.21,100,0.21,0.32,0.11,0.10902547836303711
fri_c2_1000_10,0.21,100,0.21,0.39,0.18,0.09692502021789551
fri_c2_1000_10,0.21,100,0.21,0.28,0.07,0.09552955627441406
fri_c2_1000_10,0.21,100,0.21,0.34,0.13,0.10401272773742676
fri_c2_1000_10,0.21,100,0.21,0.21,0.0,0.08897542953491211
fri_c2_1000_10,0.21,100,0.21,0.16,0.05,0.10970139503479004
fri_c2_1000_10,0.26,100,0.26,0.36,0.1,0.10902047157287598
fri_c2_1000_10,0.26,100,0.26,0.32,0.06,0.10423731803894043
fri_c2_1000_10,0.26,100,0.26,0.32,0.06,0.10607647895812988
fri_c2_1000_10,0.26,100,0.26,0.28,0.02,0.11816811561584473
fri_c2_1000_10,0.26,100,0.26,0.27,0.01,0.10976982116699219
fri_c2_1000_10,0.26,100,0.26,0.36,0.1,0.10898375511169434
fri_c2_1000_10,0.26,100,0.26,0.3,0.04,0.10049080848693848
fri_c2_1000_10,0.26,100,0.26,0.36,0.1,0.10900306701660156
fri_c2_1000_10,0.26,100,0.26,0.21,0.05,0.10298848152160645
fri_c2_1000_10,0.26,100,0.26,0.16,0.1,0.10391473770141602
fri_c2_1000_10,0.32,100,0.32,0.3,0.02,0.10934257507324219
fri_c2_1000_10,0.32,100,0.32,0.3,0.02,0.11135053634643555
fri_c2_1000_10,0.32,100,0.32,0.3,0.02,0.10716557502746582
fri_c2_1000_10,0.32,100,0.32,0.41,0.09,0.11902618408203125
fri_c2_1000_10,0.32,100,0.32,0.39,0.07,0.10659074783325195
fri_c2_1000_10,0.32,100,0.32,0.32,0.0,0.10987329483032227
fri_c2_1000_10,0.32,100,0.32,0.25,0.07,0.10279273986816406
fri_c2_1000_10,0.32,100,0.32,0.38,0.06,0.10349369049072266
fri_c2_1000_10,0.32,100,0.32,0.34,0.02,0.10916709899902344
fri_c2_1000_10,0.32,100,0.32,0.34,0.02,0.10300421714782715
fri_c2_1000_10,0.37,100,0.37,0.39,0.02,0.10427355766296387
fri_c2_1000_10,0.37,100,0.37,0.38,0.01,0.10461616516113281
fri_c2_1000_10,0.37,100,0.37,0.39,0.02,0.11273741722106934
fri_c2_1000_10,0.37,100,0.37,0.39,0.02,0.10001850128173828
fri_c2_1000_10,0.37,100,0.37,0.36,0.01,0.10867166519165039
fri_c2_1000_10,0.37,100,0.37,0.39,0.02,0.10904312133789062
fri_c2_1000_10,0.37,100,0.37,0.38,0.01,0.09347057342529297
fri_c2_1000_10,0.37,100,0.37,0.47,0.1,0.10711503028869629
fri_c2_1000_10,0.37,100,0.37,0.45,0.08,0.10658407211303711
fri_c2_1000_10,0.37,100,0.37,0.45,0.08,0.10972356796264648
fri_c2_1000_10,0.42,100,0.42,0.43,0.01,0.1091151237487793
fri_c2_1000_10,0.42,100,0.42,0.43,0.01,0.10444307327270508
fri_c2_1000_10,0.42,100,0.42,0.39,0.03,0.0923452377319336
fri_c2_1000_10,0.42,100,0.42,0.43,0.01,0.10001993179321289
fri_c2_1000_10,0.42,100,0.42,0.39,0.03,0.10427308082580566
fri_c2_1000_10,0.42,100,0.42,0.41,0.01,0.10857915878295898
fri_c2_1000_10,0.42,100,0.42,0.41,0.01,0.09381675720214844
fri_c2_1000_10,0.42,100,0.42,0.5,0.08,0.10410332679748535
fri_c2_1000_10,0.42,100,0.42,0.48,0.06,0.1085958480834961
fri_c2_1000_10,0.42,100,0.42,0.48,0.06,0.1074216365814209
fri_c2_1000_10,0.47,100,0.47,0.47,0.0,0.11202120780944824
fri_c2_1000_10,0.47,100,0.47,0.48,0.01,0.11049890518188477
fri_c2_1000_10,0.47,100,0.47,0.41,0.06,0.10318207740783691
fri_c2_1000_10,0.47,100,0.47,0.45,0.02,0.09338235855102539
fri_c2_1000_10,0.47,100,0.47,0.43,0.04,0.10457372665405273
fri_c2_1000_10,0.47,100,0.47,0.41,0.06,0.0936131477355957
fri_c2_1000_10,0.47,100,0.47,0.54,0.07,0.10496234893798828
fri_c2_1000_10,0.47,100,0.47,0.43,0.04,0.10909175872802734
fri_c2_1000_10,0.47,100,0.47,0.54,0.07,0.1087195873260498
fri_c2_1000_10,0.47,100,0.47,0.59,0.12,0.10453319549560547
fri_c2_1000_10,0.53,100,0.53,0.41,0.12,0.10908102989196777
fri_c2_1000_10,0.53,100,0.53,0.63,0.1,0.1016991138458252
fri_c2_1000_10,0.53,100,0.53,0.63,0.1,0.10007929801940918
fri_c2_1000_10,0.53,100,0.53,0.56,0.03,0.0940396785736084
fri_c2_1000_10,0.53,100,0.53,0.56,0.03,0.09966850280761719
fri_c2_1000_10,0.53,100,0.53,0.5,0.03,0.10509848594665527
fri_c2_1000_10,0.53,100,0.53,0.61,0.08,0.11413264274597168
fri_c2_1000_10,0.53,100,0.53,0.45,0.08,0.10906720161437988
fri_c2_1000_10,0.53,100,0.53,0.59,0.06,0.10736417770385742
fri_c2_1000_10,0.53,100,0.53,0.56,0.03,0.10200834274291992
fri_c2_1000_10,0.58,100,0.58,0.57,0.01,0.10899853706359863
fri_c2_1000_10,0.58,100,0.58,0.52,0.06,0.10343074798583984
fri_c2_1000_10,0.58,100,0.58,0.54,0.04,0.11719918251037598
fri_c2_1000_10,0.58,100,0.58,0.56,0.02,0.10970830917358398
fri_c2_1000_10,0.58,100,0.58,0.7,0.12,0.09994792938232422
fri_c2_1000_10,0.58,100,0.58,0.65,0.07,0.11422944068908691
fri_c2_1000_10,0.58,100,0.58,0.63,0.05,0.10638904571533203
fri_c2_1000_10,0.58,100,0.58,0.63,0.05,0.10833096504211426
fri_c2_1000_10,0.58,100,0.58,0.65,0.07,0.10932087898254395
fri_c2_1000_10,0.58,100,0.58,0.59,0.01,0.10868310928344727
fri_c2_1000_10,0.63,100,0.63,0.7,0.07,0.10843849182128906
fri_c2_1000_10,0.63,100,0.63,0.61,0.02,0.10894393920898438
fri_c2_1000_10,0.63,100,0.63,0.57,0.06,0.10346436500549316
fri_c2_1000_10,0.63,100,0.63,0.66,0.03,0.10855627059936523
fri_c2_1000_10,0.63,100,0.63,0.68,0.05,0.09224343299865723
fri_c2_1000_10,0.63,100,0.63,0.63,0.0,0.10405707359313965
fri_c2_1000_10,0.63,100,0.63,0.61,0.02,0.10903286933898926
fri_c2_1000_10,0.63,100,0.63,0.65,0.02,0.1005251407623291
fri_c2_1000_10,0.63,100,0.63,0.56,0.07,0.10293126106262207
fri_c2_1000_10,0.63,100,0.63,0.56,0.07,0.11000370979309082
fri_c2_1000_10,0.68,100,0.68,0.68,0.0,0.10302901268005371
fri_c2_1000_10,0.68,100,0.68,0.63,0.05,0.10902976989746094
fri_c2_1000_10,0.68,100,0.68,0.74,0.06,0.10799527168273926
fri_c2_1000_10,0.68,100,0.68,0.72,0.04,0.09336519241333008
fri_c2_1000_10,0.68,100,0.68,0.61,0.07,0.09345459938049316
fri_c2_1000_10,0.68,100,0.68,0.72,0.04,0.1029500961303711
fri_c2_1000_10,0.68,100,0.68,0.61,0.07,0.10360360145568848
fri_c2_1000_10,0.68,100,0.68,0.72,0.04,0.1030128002166748
fri_c2_1000_10,0.68,100,0.68,0.72,0.04,0.11525487899780273
fri_c2_1000_10,0.68,100,0.68,0.63,0.05,0.10151886940002441
fri_c2_1000_10,0.74,100,0.74,0.66,0.08,0.100372314453125
fri_c2_1000_10,0.74,100,0.74,0.77,0.03,0.10906434059143066
fri_c2_1000_10,0.74,100,0.74,0.66,0.08,0.09419727325439453
fri_c2_1000_10,0.74,100,0.74,0.77,0.03,0.10882353782653809
fri_c2_1000_10,0.74,100,0.74,0.77,0.03,0.10002779960632324
fri_c2_1000_10,0.74,100,0.74,0.86,0.12,0.10343503952026367
fri_c2_1000_10,0.74,100,0.74,0.74,0.0,0.10837626457214355
fri_c2_1000_10,0.74,100,0.74,0.81,0.07,0.09276771545410156
fri_c2_1000_10,0.74,100,0.74,0.74,0.0,0.09953570365905762
fri_c2_1000_10,0.74,100,0.74,0.77,0.03,0.09824466705322266
fri_c2_1000_10,0.79,100,0.79,0.76,0.03,0.10373044013977051
fri_c2_1000_10,0.79,100,0.79,0.85,0.06,0.11114859580993652
fri_c2_1000_10,0.79,100,0.79,0.81,0.02,0.10349702835083008
fri_c2_1000_10,0.79,100,0.79,0.81,0.02,0.0969383716583252
fri_c2_1000_10,0.79,100,0.79,0.86,0.07,0.10497212409973145
fri_c2_1000_10,0.79,100,0.79,0.7,0.09,0.09330129623413086
fri_c2_1000_10,0.79,100,0.79,0.74,0.05,0.10107278823852539
fri_c2_1000_10,0.79,100,0.79,0.72,0.07,0.10907363891601562
fri_c2_1000_10,0.79,100,0.79,0.92,0.13,0.10942673683166504
fri_c2_1000_10,0.79,100,0.79,0.86,0.07,0.09581565856933594
fri_c2_1000_10,0.84,100,0.84,0.81,0.03,0.10912966728210449
fri_c2_1000_10,0.84,100,0.84,0.97,0.13,0.1030118465423584
fri_c2_1000_10,0.84,100,0.84,0.77,0.07,0.11309432983398438
fri_c2_1000_10,0.84,100,0.84,0.79,0.05,0.0932776927947998
fri_c2_1000_10,0.84,100,0.84,0.85,0.01,0.10507321357727051
fri_c2_1000_10,0.84,100,0.84,0.81,0.03,0.0979759693145752
fri_c2_1000_10,0.84,100,0.84,0.92,0.08,0.10946154594421387
fri_c2_1000_10,0.84,100,0.84,0.83,0.01,0.10304856300354004
fri_c2_1000_10,0.84,100,0.84,0.83,0.01,0.10023307800292969
fri_c2_1000_10,0.84,100,0.84,0.92,0.08,0.09431147575378418
fri_c2_1000_10,0.89,100,0.89,0.9,0.01,0.10302519798278809
fri_c2_1000_10,0.89,100,0.89,0.9,0.01,0.10697531700134277
fri_c2_1000_10,0.89,100,0.89,0.85,0.04,0.1089468002319336
fri_c2_1000_10,0.89,100,0.89,0.88,0.01,0.09744906425476074
fri_c2_1000_10,0.89,100,0.89,0.86,0.03,0.10299229621887207
fri_c2_1000_10,0.89,100,0.89,0.83,0.06,0.10272550582885742
fri_c2_1000_10,0.89,100,0.89,0.9,0.01,0.11360549926757812
fri_c2_1000_10,0.89,100,0.89,0.88,0.01,0.10905957221984863
fri_c2_1000_10,0.89,100,0.89,0.81,0.08,0.10900545120239258
fri_c2_1000_10,0.89,100,0.89,0.92,0.03,0.10461163520812988
fri_c2_1000_10,0.95,100,0.95,0.94,0.01,0.10906291007995605
fri_c2_1000_10,0.95,100,0.95,1.0,0.05,0.11432099342346191
fri_c2_1000_10,0.95,100,0.95,0.94,0.01,0.10304522514343262
fri_c2_1000_10,0.95,100,0.95,0.92,0.03,0.10910415649414062
fri_c2_1000_10,0.95,100,0.95,0.97,0.02,0.1054391860961914
fri_c2_1000_10,0.95,100,0.95,1.0,0.05,0.10969758033752441
fri_c2_1000_10,0.95,100,0.95,0.88,0.07,0.10303997993469238
fri_c2_1000_10,0.95,100,0.95,0.95,0.0,0.09520196914672852
fri_c2_1000_10,0.95,100,0.95,0.99,0.04,0.1155250072479248
fri_c2_1000_10,0.95,100,0.95,0.97,0.02,0.10305666923522949
fri_c2_1000_10,1.0,100,1.0,1.0,0.0,0.10323929786682129
fri_c2_1000_10,1.0,100,1.0,0.97,0.03,0.09413361549377441
fri_c2_1000_10,1.0,100,1.0,1.0,0.0,0.10829496383666992
fri_c2_1000_10,1.0,100,1.0,0.99,0.01,0.10159707069396973
fri_c2_1000_10,1.0,100,1.0,1.0,0.0,0.11495041847229004
fri_c2_1000_10,1.0,100,1.0,1.0,0.0,0.10018706321716309
fri_c2_1000_10,1.0,100,1.0,1.0,0.0,0.10910677909851074
fri_c2_1000_10,1.0,100,1.0,1.0,0.0,0.09907078742980957
fri_c2_1000_10,1.0,100,1.0,0.95,0.05,0.10917377471923828
fri_c2_1000_10,1.0,100,1.0,1.0,0.0,0.10893511772155762
GAMETES_Epistasis_2-Way_20atts_0.1H_EDM-1_1,0.0,100,0.0,1.0,1.0,0.10354065895080566
GAMETES_Epistasis_2-Way_20atts_0.1H_EDM-1_1,0.0,100,0.0,1.0,1.0,0.10909247398376465
GAMETES_Epistasis_2-Way_20atts_0.1H_EDM-1_1,0.0,100,0.0,1.0,1.0,0.10215568542480469
GAMETES_Epistasis_2-Way_20atts_0.1H_EDM-1_1,0.0,100,0.0,1.0,1.0,0.10160303115844727
GAMETES_Epistasis_2-Way_20atts_0.1H_EDM-1_1,0.0,100,0.0,1.0,1.0,0.11080527305603027
GAMETES_Epistasis_2-Way_20atts_0.1H_EDM-1_1,0.0,100,0.0,1.0,1.0,0.1070706844329834
GAMETES_Epistasis_2-Way_20atts_0.1H_EDM-1_1,0.0,100,0.0,1.0,1.0,0.10827064514160156
GAMETES_Epistasis_2-Way_20atts_0.1H_EDM-1_1,0.0,100,0.0,0.66,0.66,0.10222268104553223
GAMETES_Epistasis_2-Way_20atts_0.1H_EDM-1_1,0.0,100,0.0,1.0,1.0,0.10425281524658203
GAMETES_Epistasis_2-Way_20atts_0.1H_EDM-1_1,0.0,100,0.0,1.0,1.0,0.10274791717529297
GAMETES_Epistasis_2-Way_20atts_0.1H_EDM-1_1,0.05,100,0.05,1.0,0.95,0.10850071907043457
GAMETES_Epistasis_2-Way_20atts_0.1H_EDM-1_1,0.05,100,0.05,0.0,0.05,0.1085662841796875
GAMETES_Epistasis_2-Way_20atts_0.1H_EDM-1_1,0.05,100,0.05,1.0,0.95,0.10289144515991211
GAMETES_Epistasis_2-Way_20atts_0.1H_EDM-1_1,0.05,100,0.05,1.0,0.95,0.10881924629211426
GAMETES_Epistasis_2-Way_20atts_0.1H_EDM-1_1,0.05,100,0.05,1.0,0.95,0.09715723991394043
GAMETES_Epistasis_2-Way_20atts_0.1H_EDM-1_1,0.05,100,0.05,0.0,0.05,0.0983881950378418
GAMETES_Epistasis_2-Way_20atts_0.1H_EDM-1_1,0.05,100,0.05,1.0,0.95,0.10502052307128906
GAMETES_Epistasis_2-Way_20atts_0.1H_EDM-1_1,0.05,100,0.05,1.0,0.95,0.1083214282989502
GAMETES_Epistasis_2-Way_20atts_0.1H_EDM-1_1,0.05,100,0.05,1.0,0.95,0.10906982421875
GAMETES_Epistasis_2-Way_20atts_0.1H_EDM-1_1,0.05,100,0.05,0.0,0.05,0.10850119590759277
GAMETES_Epistasis_2-Way_20atts_0.1H_EDM-1_1,0.11,100,0.11,1.0,0.89,0.1081240177154541
GAMETES_Epistasis_2-Way_20atts_0.1H_EDM-1_1,0.11,100,0.11,1.0,0.89,0.1002206802368164
GAMETES_Epistasis_2-Way_20atts_0.1H_EDM-1_1,0.11,100,0.11,1.0,0.89,0.09369516372680664
GAMETES_Epistasis_2-Way_20atts_0.1H_EDM-1_1,0.11,100,0.11,1.0,0.89,0.10900259017944336
GAMETES_Epistasis_2-Way_20atts_0.1H_EDM-1_1,0.11,100,0.11,1.0,0.89,0.10918998718261719
GAMETES_Epistasis_2-Way_20atts_0.1H_EDM-1_1,0.11,100,0.11,1.0,0.89,0.1074676513671875
GAMETES_Epistasis_2-Way_20atts_0.1H_EDM-1_1,0.11,100,0.11,1.0,0.89,0.1151876449584961
GAMETES_Epistasis_2-Way_20atts_0.1H_EDM-1_1,0.11,100,0.11,0.0,0.11,0.10965991020202637
GAMETES_Epistasis_2-Way_20atts_0.1H_EDM-1_1,0.11,100,0.11,0.0,0.11,0.10809969902038574
GAMETES_Epistasis_2-Way_20atts_0.1H_EDM-1_1,0.11,100,0.11,1.0,0.89,0.10323166847229004
GAMETES_Epistasis_2-Way_20atts_0.1H_EDM-1_1,0.16,100,0.16,1.0,0.84,0.11456441879272461
GAMETES_Epistasis_2-Way_20atts_0.1H_EDM-1_1,0.16,100,0.16,1.0,0.84,0.09885597229003906
GAMETES_Epistasis_2-Way_20atts_0.1H_EDM-1_1,0.16,100,0.16,1.0,0.84,0.10928750038146973
GAMETES_Epistasis_2-Way_20atts_0.1H_EDM-1_1,0.16,100,0.16,1.0,0.84,0.10653114318847656
GAMETES_Epistasis_2-Way_20atts_0.1H_EDM-1_1,0.16,100,0.16,1.0,0.84,0.10604381561279297
GAMETES_Epistasis_2-Way_20atts_0.1H_EDM-1_1,0.16,100,0.16,1.0,0.84,0.11964964866638184
GAMETES_Epistasis_2-Way_20atts_0.1H_EDM-1_1,0.16,100,0.16,1.0,0.84,0.10662579536437988
GAMETES_Epistasis_2-Way_20atts_0.1H_EDM-1_1,0.16,100,0.16,1.0,0.84,0.10306191444396973
GAMETES_Epistasis_2-Way_20atts_0.1H_EDM-1_1,0.16,100,0.16,1.0,0.84,0.1046748161315918
GAMETES_Epistasis_2-Way_20atts_0.1H_EDM-1_1,0.16,100,0.16,1.0,0.84,0.10905170440673828
GAMETES_Epistasis_2-Way_20atts_0.1H_EDM-1_1,0.21,100,0.21,1.0,0.79,0.10840010643005371
GAMETES_Epistasis_2-Way_20atts_0.1H_EDM-1_1,0.21,100,0.21,1.0,0.79,0.10908961296081543
GAMETES_Epistasis_2-Way_20atts_0.1H_EDM-1_1,0.21,100,0.21,1.0,0.79,0.11553406715393066
GAMETES_Epistasis_2-Way_20atts_0.1H_EDM-1_1,0.21,100,0.21,0.0,0.21,0.1085209846496582
GAMETES_Epistasis_2-Way_20atts_0.1H_EDM-1_1,0.21,100,0.21,1.0,0.79,0.10493183135986328
GAMETES_Epistasis_2-Way_20atts_0.1H_EDM-1_1,0.21,100,0.21,1.0,0.79,0.10910677909851074
GAMETES_Epistasis_2-Way_20atts_0.1H_EDM-1_1,0.21,100,0.21,0.0,0.21,0.10506677627563477
GAMETES_Epistasis_2-Way_20atts_0.1H_EDM-1_1,0.21,100,0.21,0.66,0.45,0.1098179817199707
GAMETES_Epistasis_2-Way_20atts_0.1H_EDM-1_1,0.21,100,0.21,1.0,0.79,0.10654854774475098
GAMETES_Epistasis_2-Way_20atts_0.1H_EDM-1_1,0.21,100,0.21,0.0,0.21,0.1095724105834961
GAMETES_Epistasis_2-Way_20atts_0.1H_EDM-1_1,0.26,100,0.26,1.0,0.74,0.09336113929748535
GAMETES_Epistasis_2-Way_20atts_0.1H_EDM-1_1,0.26,100,0.26,1.0,0.74,0.10246467590332031
GAMETES_Epistasis_2-Way_20atts_0.1H_EDM-1_1,0.26,100,0.26,1.0,0.74,0.1090078353881836
GAMETES_Epistasis_2-Way_20atts_0.1H_EDM-1_1,0.26,100,0.26,1.0,0.74,0.1150972843170166
GAMETES_Epistasis_2-Way_20atts_0.1H_EDM-1_1,0.26,100,0.26,1.0,0.74,0.10912871360778809
GAMETES_Epistasis_2-Way_20atts_0.1H_EDM-1_1,0.26,100,0.26,1.0,0.74,0.11025238037109375
GAMETES_Epistasis_2-Way_20atts_0.1H_EDM-1_1,0.26,100,0.26,1.0,0.74,0.10651779174804688
GAMETES_Epistasis_2-Way_20atts_0.1H_EDM-1_1,0.26,100,0.26,1.0,0.74,0.10306429862976074
GAMETES_Epistasis_2-Way_20atts_0.1H_EDM-1_1,0.26,100,0.26,1.0,0.74,0.0995936393737793
GAMETES_Epistasis_2-Way_20atts_0.1H_EDM-1_1,0.26,100,0.26,1.0,0.74,0.09798979759216309
GAMETES_Epistasis_2-Way_20atts_0.1H_EDM-1_1,0.32,100,0.32,1.0,0.68,0.10311651229858398
GAMETES_Epistasis_2-Way_20atts_0.1H_EDM-1_1,0.32,100,0.32,1.0,0.68,0.11621546745300293
GAMETES_Epistasis_2-Way_20atts_0.1H_EDM-1_1,0.32,100,0.32,1.0,0.68,0.11744499206542969
GAMETES_Epistasis_2-Way_20atts_0.1H_EDM-1_1,0.32,100,0.32,1.0,0.68,0.10006546974182129
GAMETES_Epistasis_2-Way_20atts_0.1H_EDM-1_1,0.32,100,0.32,0.66,0.34,0.09997725486755371
GAMETES_Epistasis_2-Way_20atts_0.1H_EDM-1_1,0.32,100,0.32,1.0,0.68,0.11326360702514648
GAMETES_Epistasis_2-Way_20atts_0.1H_EDM-1_1,0.32,100,0.32,0.66,0.34,0.10605120658874512
GAMETES_Epistasis_2-Way_20atts_0.1H_EDM-1_1,0.32,100,0.32,0.66,0.34,0.10386443138122559
GAMETES_Epistasis_2-Way_20atts_0.1H_EDM-1_1,0.32,100,0.32,1.0,0.68,0.10972213745117188
GAMETES_Epistasis_2-Way_20atts_0.1H_EDM-1_1,0.32,100,0.32,0.66,0.34,0.09494781494140625
GAMETES_Epistasis_2-Way_20atts_0.1H_EDM-1_1,0.37,100,0.37,1.0,0.63,0.11558341979980469
GAMETES_Epistasis_2-Way_20atts_0.1H_EDM-1_1,0.37,100,0.37,1.0,0.63,0.1090550422668457
GAMETES_Epistasis_2-Way_20atts_0.1H_EDM-1_1,0.37,100,0.37,1.0,0.63,0.09412622451782227
GAMETES_Epistasis_2-Way_20atts_0.1H_EDM-1_1,0.37,100,0.37,1.0,0.63,0.10921239852905273
GAMETES_Epistasis_2-Way_20atts_0.1H_EDM-1_1,0.37,100,0.37,1.0,0.63,0.10831069946289062
GAMETES_Epistasis_2-Way_20atts_0.1H_EDM-1_1,0.37,100,0.37,1.0,0.63,0.1064443588256836
GAMETES_Epistasis_2-Way_20atts_0.1H_EDM-1_1,0.37,100,0.37,1.0,0.63,0.10905122756958008
GAMETES_Epistasis_2-Way_20atts_0.1H_EDM-1_1,0.37,100,0.37,0.66,0.29,0.10806536674499512
GAMETES_Epistasis_2-Way_20atts_0.1H_EDM-1_1,0.37,100,0.37,1.0,0.63,0.10859131813049316
GAMETES_Epistasis_2-Way_20atts_0.1H_EDM-1_1,0.37,100,0.37,1.0,0.63,0.10908937454223633
GAMETES_Epistasis_2-Way_20atts_0.1H_EDM-1_1,0.42,100,0.42,1.0,0.58,0.10907101631164551
GAMETES_Epistasis_2-Way_20atts_0.1H_EDM-1_1,0.42,100,0.42,0.0,0.42,0.10988950729370117
GAMETES_Epistasis_2-Way_20atts_0.1H_EDM-1_1,0.42,100,0.42,1.0,0.58,0.11802458763122559
GAMETES_Epistasis_2-Way_20atts_0.1H_EDM-1_1,0.42,100,0.42,1.0,0.58,0.1088564395904541
GAMETES_Epistasis_2-Way_20atts_0.1H_EDM-1_1,0.42,100,0.42,1.0,0.58,0.1054685115814209
GAMETES_Epistasis_2-Way_20atts_0.1H_EDM-1_1,0.42,100,0.42,1.0,0.58,0.10458970069885254
GAMETES_Epistasis_2-Way_20atts_0.1H_EDM-1_1,0.42,100,0.42,1.0,0.58,0.10401725769042969
GAMETES_Epistasis_2-Way_20atts_0.1H_EDM-1_1,0.42,100,0.42,1.0,0.58,0.10113191604614258
GAMETES_Epistasis_2-Way_20atts_0.1H_EDM-1_1,0.42,100,0.42,1.0,0.58,0.10853457450866699
GAMETES_Epistasis_2-Way_20atts_0.1H_EDM-1_1,0.42,100,0.42,1.0,0.58,0.09271526336669922
GAMETES_Epistasis_2-Way_20atts_0.1H_EDM-1_1,0.47,100,0.47,0.0,0.47,0.11202430725097656
GAMETES_Epistasis_2-Way_20atts_0.1H_EDM-1_1,0.47,100,0.47,1.0,0.53,0.11010408401489258
GAMETES_Epistasis_2-Way_20atts_0.1H_EDM-1_1,0.47,100,0.47,1.0,0.53,0.09417343139648438
GAMETES_Epistasis_2-Way_20atts_0.1H_EDM-1_1,0.47,100,0.47,1.0,0.53,0.09418630599975586
GAMETES_Epistasis_2-Way_20atts_0.1H_EDM-1_1,0.47,100,0.47,1.0,0.53,0.10980105400085449
GAMETES_Epistasis_2-Way_20atts_0.1H_EDM-1_1,0.47,100,0.47,1.0,0.53,0.11072158813476562
GAMETES_Epistasis_2-Way_20atts_0.1H_EDM-1_1,0.47,100,0.47,1.0,0.53,0.11000871658325195
GAMETES_Epistasis_2-Way_20atts_0.1H_EDM-1_1,0.47,100,0.47,1.0,0.53,0.1099996566772461
GAMETES_Epistasis_2-Way_20atts_0.1H_EDM-1_1,0.47,100,0.47,1.0,0.53,0.09440422058105469
GAMETES_Epistasis_2-Way_20atts_0.1H_EDM-1_1,0.47,100,0.47,1.0,0.53,0.10263586044311523
GAMETES_Epistasis_2-Way_20atts_0.1H_EDM-1_1,0.53,100,0.53,1.0,0.47,0.10976481437683105
GAMETES_Epistasis_2-Way_20atts_0.1H_EDM-1_1,0.53,100,0.53,1.0,0.47,0.10976672172546387
GAMETES_Epistasis_2-Way_20atts_0.1H_EDM-1_1,0.53,100,0.53,1.0,0.47,0.10976624488830566
GAMETES_Epistasis_2-Way_20atts_0.1H_EDM-1_1,0.53,100,0.53,1.0,0.47,0.11685705184936523
GAMETES_Epistasis_2-Way_20atts_0.1H_EDM-1_1,0.53,100,0.53,1.0,0.47,0.10437560081481934
GAMETES_Epistasis_2-Way_20atts_0.1H_EDM-1_1,0.53,100,0.53,1.0,0.47,0.10386824607849121
GAMETES_Epistasis_2-Way_20atts_0.1H_EDM-1_1,0.53,100,0.53,0.0,0.53,0.1092538833618164
GAMETES_Epistasis_2-Way_20atts_0.1H_EDM-1_1,0.53,100,0.53,1.0,0.47,0.10991120338439941
GAMETES_Epistasis_2-Way_20atts_0.1H_EDM-1_1,0.53,100,0.53,1.0,0.47,0.09402298927307129
GAMETES_Epistasis_2-Way_20atts_0.1H_EDM-1_1,0.53,100,0.53,1.0,0.47,0.11601614952087402
GAMETES_Epistasis_2-Way_20atts_0.1H_EDM-1_1,0.58,100,0.58,0.66,0.08,0.10157299041748047
GAMETES_Epistasis_2-Way_20atts_0.1H_EDM-1_1,0.58,100,0.58,1.0,0.42,0.11701416969299316
GAMETES_Epistasis_2-Way_20atts_0.1H_EDM-1_1,0.58,100,0.58,1.0,0.42,0.10148334503173828
GAMETES_Epistasis_2-Way_20atts_0.1H_EDM-1_1,0.58,100,0.58,1.0,0.42,0.10149145126342773
GAMETES_Epistasis_2-Way_20atts_0.1H_EDM-1_1,0.58,100,0.58,1.0,0.42,0.10804867744445801
GAMETES_Epistasis_2-Way_20atts_0.1H_EDM-1_1,0.58,100,0.58,1.0,0.42,0.1036522388458252
GAMETES_Epistasis_2-Way_20atts_0.1H_EDM-1_1,0.58,100,0.58,1.0,0.42,0.1049046516418457
GAMETES_Epistasis_2-Way_20atts_0.1H_EDM-1_1,0.58,100,0.58,0.0,0.58,0.10048365592956543
GAMETES_Epistasis_2-Way_20atts_0.1H_EDM-1_1,0.58,100,0.58,1.0,0.42,0.10572457313537598
GAMETES_Epistasis_2-Way_20atts_0.1H_EDM-1_1,0.58,100,0.58,1.0,0.42,0.1066293716430664
GAMETES_Epistasis_2-Way_20atts_0.1H_EDM-1_1,0.63,100,0.63,0.0,0.63,0.10117793083190918
GAMETES_Epistasis_2-Way_20atts_0.1H_EDM-1_1,0.63,100,0.63,1.0,0.37,0.11045455932617188
GAMETES_Epistasis_2-Way_20atts_0.1H_EDM-1_1,0.63,100,0.63,0.0,0.63,0.1102604866027832
GAMETES_Epistasis_2-Way_20atts_0.1H_EDM-1_1,0.63,100,0.63,1.0,0.37,0.11020565032958984
GAMETES_Epistasis_2-Way_20atts_0.1H_EDM-1_1,0.63,100,0.63,1.0,0.37,0.11122703552246094
GAMETES_Epistasis_2-Way_20atts_0.1H_EDM-1_1,0.63,100,0.63,1.0,0.37,0.10291528701782227
GAMETES_Epistasis_2-Way_20atts_0.1H_EDM-1_1,0.63,100,0.63,1.0,0.37,0.1011347770690918
GAMETES_Epistasis_2-Way_20atts_0.1H_EDM-1_1,0.63,100,0.63,1.0,0.37,0.11056160926818848
GAMETES_Epistasis_2-Way_20atts_0.1H_EDM-1_1,0.63,100,0.63,0.66,0.03,0.10562348365783691
GAMETES_Epistasis_2-Way_20atts_0.1H_EDM-1_1,0.63,100,0.63,1.0,0.37,0.10624241828918457
GAMETES_Epistasis_2-Way_20atts_0.1H_EDM-1_1,0.68,100,0.68,1.0,0.32,0.10408926010131836
GAMETES_Epistasis_2-Way_20atts_0.1H_EDM-1_1,0.68,100,0.68,1.0,0.32,0.1049649715423584
GAMETES_Epistasis_2-Way_20atts_0.1H_EDM-1_1,0.68,100,0.68,1.0,0.32,0.10658383369445801
GAMETES_Epistasis_2-Way_20atts_0.1H_EDM-1_1,0.68,100,0.68,1.0,0.32,0.1063680648803711
GAMETES_Epistasis_2-Way_20atts_0.1H_EDM-1_1,0.68,100,0.68,1.0,0.32,0.10674190521240234
GAMETES_Epistasis_2-Way_20atts_0.1H_EDM-1_1,0.68,100,0.68,1.0,0.32,0.1060476303100586
GAMETES_Epistasis_2-Way_20atts_0.1H_EDM-1_1,0.68,100,0.68,0.0,0.68,0.10546493530273438
GAMETES_Epistasis_2-Way_20atts_0.1H_EDM-1_1,0.68,100,0.68,1.0,0.32,0.1055300235748291
GAMETES_Epistasis_2-Way_20atts_0.1H_EDM-1_1,0.68,100,0.68,1.0,0.32,0.10628342628479004
GAMETES_Epistasis_2-Way_20atts_0.1H_EDM-1_1,0.68,100,0.68,1.0,0.32,0.10459303855895996
GAMETES_Epistasis_2-Way_20atts_0.1H_EDM-1_1,0.74,100,0.74,1.0,0.26,0.10476994514465332
GAMETES_Epistasis_2-Way_20atts_0.1H_EDM-1_1,0.74,100,0.74,1.0,0.26,0.10644960403442383
GAMETES_Epistasis_2-Way_20atts_0.1H_EDM-1_1,0.74,100,0.74,1.0,0.26,0.10508418083190918
GAMETES_Epistasis_2-Way_20atts_0.1H_EDM-1_1,0.74,100,0.74,1.0,0.26,0.10430121421813965
GAMETES_Epistasis_2-Way_20atts_0.1H_EDM-1_1,0.74,100,0.74,1.0,0.26,0.10233235359191895
GAMETES_Epistasis_2-Way_20atts_0.1H_EDM-1_1,0.74,100,0.74,1.0,0.26,0.10284900665283203
GAMETES_Epistasis_2-Way_20atts_0.1H_EDM-1_1,0.74,100,0.74,0.0,0.74,0.10377240180969238
GAMETES_Epistasis_2-Way_20atts_0.1H_EDM-1_1,0.74,100,0.74,1.0,0.26,0.10526227951049805
GAMETES_Epistasis_2-Way_20atts_0.1H_EDM-1_1,0.74,100,0.74,0.0,0.74,0.10447096824645996
GAMETES_Epistasis_2-Way_20atts_0.1H_EDM-1_1,0.74,100,0.74,1.0,0.26,0.10371685028076172
GAMETES_Epistasis_2-Way_20atts_0.1H_EDM-1_1,0.79,100,0.79,1.0,0.21,0.10451245307922363
GAMETES_Epistasis_2-Way_20atts_0.1H_EDM-1_1,0.79,100,0.79,1.0,0.21,0.10280585289001465
GAMETES_Epistasis_2-Way_20atts_0.1H_EDM-1_1,0.79,100,0.79,1.0,0.21,0.10626506805419922
GAMETES_Epistasis_2-Way_20atts_0.1H_EDM-1_1,0.79,100,0.79,1.0,0.21,0.10617899894714355
GAMETES_Epistasis_2-Way_20atts_0.1H_EDM-1_1,0.79,100,0.79,1.0,0.21,0.10630297660827637
GAMETES_Epistasis_2-Way_20atts_0.1H_EDM-1_1,0.79,100,0.79,1.0,0.21,0.10431528091430664
GAMETES_Epistasis_2-Way_20atts_0.1H_EDM-1_1,0.79,100,0.79,1.0,0.21,0.10420012474060059
GAMETES_Epistasis_2-Way_20atts_0.1H_EDM-1_1,0.79,100,0.79,1.0,0.21,0.10461235046386719
GAMETES_Epistasis_2-Way_20atts_0.1H_EDM-1_1,0.79,100,0.79,1.0,0.21,0.10651588439941406
GAMETES_Epistasis_2-Way_20atts_0.1H_EDM-1_1,0.79,100,0.79,1.0,0.21,0.104400634765625
GAMETES_Epistasis_2-Way_20atts_0.1H_EDM-1_1,0.84,100,0.84,1.0,0.16,0.10637974739074707
GAMETES_Epistasis_2-Way_20atts_0.1H_EDM-1_1,0.84,100,0.84,1.0,0.16,0.10535597801208496
GAMETES_Epistasis_2-Way_20atts_0.1H_EDM-1_1,0.84,100,0.84,1.0,0.16,0.10545754432678223
GAMETES_Epistasis_2-Way_20atts_0.1H_EDM-1_1,0.84,100,0.84,1.0,0.16,0.10440874099731445
GAMETES_Epistasis_2-Way_20atts_0.1H_EDM-1_1,0.84,100,0.84,1.0,0.16,0.10547733306884766
GAMETES_Epistasis_2-Way_20atts_0.1H_EDM-1_1,0.84,100,0.84,1.0,0.16,0.10633349418640137
GAMETES_Epistasis_2-Way_20atts_0.1H_EDM-1_1,0.84,100,0.84,1.0,0.16,0.10458159446716309
GAMETES_Epistasis_2-Way_20atts_0.1H_EDM-1_1,0.84,100,0.84,1.0,0.16,0.1053004264831543
GAMETES_Epistasis_2-Way_20atts_0.1H_EDM-1_1,0.84,100,0.84,0.0,0.84,0.10472488403320312
GAMETES_Epistasis_2-Way_20atts_0.1H_EDM-1_1,0.84,100,0.84,1.0,0.16,0.10602045059204102
GAMETES_Epistasis_2-Way_20atts_0.1H_EDM-1_1,0.89,100,0.89,1.0,0.11,0.1144404411315918
GAMETES_Epistasis_2-Way_20atts_0.1H_EDM-1_1,0.89,100,0.89,1.0,0.11,0.11732101440429688
GAMETES_Epistasis_2-Way_20atts_0.1H_EDM-1_1,0.89,100,0.89,1.0,0.11,0.15007972717285156
GAMETES_Epistasis_2-Way_20atts_0.1H_EDM-1_1,0.89,100,0.89,1.0,0.11,0.20905470848083496
GAMETES_Epistasis_2-Way_20atts_0.1H_EDM-1_1,0.89,100,0.89,1.0,0.11,0.17503929138183594
GAMETES_Epistasis_2-Way_20atts_0.1H_EDM-1_1,0.89,100,0.89,1.0,0.11,0.1511390209197998
GAMETES_Epistasis_2-Way_20atts_0.1H_EDM-1_1,0.89,100,0.89,1.0,0.11,0.20850682258605957
GAMETES_Epistasis_2-Way_20atts_0.1H_EDM-1_1,0.89,100,0.89,1.0,0.11,0.180466890335083
GAMETES_Epistasis_2-Way_20atts_0.1H_EDM-1_1,0.89,100,0.89,1.0,0.11,277.36689710617065
GAMETES_Epistasis_2-Way_20atts_0.1H_EDM-1_1,0.89,100,0.89,1.0,0.11,0.11539912223815918
GAMETES_Epistasis_2-Way_20atts_0.1H_EDM-1_1,0.95,100,0.95,1.0,0.05,0.11002397537231445
GAMETES_Epistasis_2-Way_20atts_0.1H_EDM-1_1,0.95,100,0.95,1.0,0.05,0.11011719703674316
GAMETES_Epistasis_2-Way_20atts_0.1H_EDM-1_1,0.95,100,0.95,1.0,0.05,0.10550093650817871
GAMETES_Epistasis_2-Way_20atts_0.1H_EDM-1_1,0.95,100,0.95,0.0,0.95,0.12520599365234375
GAMETES_Epistasis_2-Way_20atts_0.1H_EDM-1_1,0.95,100,0.95,1.0,0.05,0.10793256759643555
GAMETES_Epistasis_2-Way_20atts_0.1H_EDM-1_1,0.95,100,0.95,1.0,0.05,0.1101236343383789
GAMETES_Epistasis_2-Way_20atts_0.1H_EDM-1_1,0.95,100,0.95,1.0,0.05,0.17275476455688477
GAMETES_Epistasis_2-Way_20atts_0.1H_EDM-1_1,0.95,100,0.95,1.0,0.05,0.1090388298034668
GAMETES_Epistasis_2-Way_20atts_0.1H_EDM-1_1,0.95,100,0.95,1.0,0.05,0.09612560272216797
GAMETES_Epistasis_2-Way_20atts_0.1H_EDM-1_1,0.95,100,0.95,1.0,0.05,0.10285210609436035
GAMETES_Epistasis_2-Way_20atts_0.1H_EDM-1_1,1.0,100,1.0,1.0,0.0,0.10848760604858398
GAMETES_Epistasis_2-Way_20atts_0.1H_EDM-1_1,1.0,100,1.0,1.0,0.0,0.10303163528442383
GAMETES_Epistasis_2-Way_20atts_0.1H_EDM-1_1,1.0,100,1.0,1.0,0.0,0.10351395606994629
GAMETES_Epistasis_2-Way_20atts_0.1H_EDM-1_1,1.0,100,1.0,1.0,0.0,0.10277581214904785
GAMETES_Epistasis_2-Way_20atts_0.1H_EDM-1_1,1.0,100,1.0,1.0,0.0,0.09257984161376953
GAMETES_Epistasis_2-Way_20atts_0.1H_EDM-1_1,1.0,100,1.0,1.0,0.0,0.09434366226196289
GAMETES_Epistasis_2-Way_20atts_0.1H_EDM-1_1,1.0,100,1.0,1.0,0.0,0.09431767463684082
GAMETES_Epistasis_2-Way_20atts_0.1H_EDM-1_1,1.0,100,1.0,1.0,0.0,0.10665488243103027
GAMETES_Epistasis_2-Way_20atts_0.1H_EDM-1_1,1.0,100,1.0,1.0,0.0,0.10389089584350586
GAMETES_Epistasis_2-Way_20atts_0.1H_EDM-1_1,1.0,100,1.0,1.0,0.0,0.11944413185119629
GAMETES_Epistasis_2-Way_20atts_0.4H_EDM-1_1,0.0,100,0.0,1.0,1.0,0.11646151542663574
GAMETES_Epistasis_2-Way_20atts_0.4H_EDM-1_1,0.0,100,0.0,1.0,1.0,0.11118364334106445
GAMETES_Epistasis_2-Way_20atts_0.4H_EDM-1_1,0.0,100,0.0,1.0,1.0,0.13060426712036133
GAMETES_Epistasis_2-Way_20atts_0.4H_EDM-1_1,0.0,100,0.0,1.0,1.0,0.10608696937561035
GAMETES_Epistasis_2-Way_20atts_0.4H_EDM-1_1,0.0,100,0.0,1.0,1.0,0.10656595230102539
GAMETES_Epistasis_2-Way_20atts_0.4H_EDM-1_1,0.0,100,0.0,1.0,1.0,0.10492944717407227
GAMETES_Epistasis_2-Way_20atts_0.4H_EDM-1_1,0.0,100,0.0,1.0,1.0,0.10036683082580566
GAMETES_Epistasis_2-Way_20atts_0.4H_EDM-1_1,0.0,100,0.0,1.0,1.0,0.10312271118164062
GAMETES_Epistasis_2-Way_20atts_0.4H_EDM-1_1,0.0,100,0.0,1.0,1.0,0.10905718803405762
GAMETES_Epistasis_2-Way_20atts_0.4H_EDM-1_1,0.0,100,0.0,1.0,1.0,0.10908079147338867
GAMETES_Epistasis_2-Way_20atts_0.4H_EDM-1_1,0.05,100,0.05,1.0,0.95,0.1088261604309082
GAMETES_Epistasis_2-Way_20atts_0.4H_EDM-1_1,0.05,100,0.05,1.0,0.95,0.10909032821655273
GAMETES_Epistasis_2-Way_20atts_0.4H_EDM-1_1,0.05,100,0.05,1.0,0.95,0.10412764549255371
GAMETES_Epistasis_2-Way_20atts_0.4H_EDM-1_1,0.05,100,0.05,1.0,0.95,0.10842418670654297
GAMETES_Epistasis_2-Way_20atts_0.4H_EDM-1_1,0.05,100,0.05,1.0,0.95,0.09996223449707031
GAMETES_Epistasis_2-Way_20atts_0.4H_EDM-1_1,0.05,100,0.05,1.0,0.95,0.10155344009399414
GAMETES_Epistasis_2-Way_20atts_0.4H_EDM-1_1,0.05,100,0.05,1.0,0.95,0.11066699028015137
GAMETES_Epistasis_2-Way_20atts_0.4H_EDM-1_1,0.05,100,0.05,1.0,0.95,0.10306048393249512
GAMETES_Epistasis_2-Way_20atts_0.4H_EDM-1_1,0.05,100,0.05,1.0,0.95,0.11853885650634766
GAMETES_Epistasis_2-Way_20atts_0.4H_EDM-1_1,0.05,100,0.05,1.0,0.95,0.10692262649536133
GAMETES_Epistasis_2-Way_20atts_0.4H_EDM-1_1,0.11,100,0.11,1.0,0.89,0.10290193557739258
GAMETES_Epistasis_2-Way_20atts_0.4H_EDM-1_1,0.11,100,0.11,1.0,0.89,0.09997773170471191
GAMETES_Epistasis_2-Way_20atts_0.4H_EDM-1_1,0.11,100,0.11,1.0,0.89,0.10694646835327148
GAMETES_Epistasis_2-Way_20atts_0.4H_EDM-1_1,0.11,100,0.11,1.0,0.89,0.10457324981689453
GAMETES_Epistasis_2-Way_20atts_0.4H_EDM-1_1,0.11,100,0.11,1.0,0.89,0.11377382278442383
GAMETES_Epistasis_2-Way_20atts_0.4H_EDM-1_1,0.11,100,0.11,1.0,0.89,0.09361410140991211
GAMETES_Epistasis_2-Way_20atts_0.4H_EDM-1_1,0.11,100,0.11,1.0,0.89,0.1166391372680664
GAMETES_Epistasis_2-Way_20atts_0.4H_EDM-1_1,0.11,100,0.11,1.0,0.89,0.1083383560180664
GAMETES_Epistasis_2-Way_20atts_0.4H_EDM-1_1,0.11,100,0.11,1.0,0.89,0.09349298477172852
GAMETES_Epistasis_2-Way_20atts_0.4H_EDM-1_1,0.11,100,0.11,1.0,0.89,0.10899066925048828
GAMETES_Epistasis_2-Way_20atts_0.4H_EDM-1_1,0.16,100,0.16,1.0,0.84,0.10915923118591309
GAMETES_Epistasis_2-Way_20atts_0.4H_EDM-1_1,0.16,100,0.16,1.0,0.84,0.10186409950256348
GAMETES_Epistasis_2-Way_20atts_0.4H_EDM-1_1,0.16,100,0.16,1.0,0.84,0.10960793495178223
GAMETES_Epistasis_2-Way_20atts_0.4H_EDM-1_1,0.16,100,0.16,1.0,0.84,0.09277844429016113
GAMETES_Epistasis_2-Way_20atts_0.4H_EDM-1_1,0.16,100,0.16,1.0,0.84,0.10950207710266113
GAMETES_Epistasis_2-Way_20atts_0.4H_EDM-1_1,0.16,100,0.16,1.0,0.84,0.10918354988098145
GAMETES_Epistasis_2-Way_20atts_0.4H_EDM-1_1,0.16,100,0.16,1.0,0.84,0.09319067001342773
GAMETES_Epistasis_2-Way_20atts_0.4H_EDM-1_1,0.16,100,0.16,1.0,0.84,0.09327125549316406
GAMETES_Epistasis_2-Way_20atts_0.4H_EDM-1_1,0.16,100,0.16,1.0,0.84,0.11515641212463379
GAMETES_Epistasis_2-Way_20atts_0.4H_EDM-1_1,0.16,100,0.16,1.0,0.84,0.09395933151245117
GAMETES_Epistasis_2-Way_20atts_0.4H_EDM-1_1,0.21,100,0.21,1.0,0.79,0.10902976989746094
GAMETES_Epistasis_2-Way_20atts_0.4H_EDM-1_1,0.21,100,0.21,1.0,0.79,0.10064291954040527
GAMETES_Epistasis_2-Way_20atts_0.4H_EDM-1_1,0.21,100,0.21,1.0,0.79,0.10335087776184082
GAMETES_Epistasis_2-Way_20atts_0.4H_EDM-1_1,0.21,100,0.21,1.0,0.79,0.10331559181213379
GAMETES_Epistasis_2-Way_20atts_0.4H_EDM-1_1,0.21,100,0.21,1.0,0.79,0.10879182815551758
GAMETES_Epistasis_2-Way_20atts_0.4H_EDM-1_1,0.21,100,0.21,1.0,0.79,0.10594534873962402
GAMETES_Epistasis_2-Way_20atts_0.4H_EDM-1_1,0.21,100,0.21,1.0,0.79,0.1192011833190918
GAMETES_Epistasis_2-Way_20atts_0.4H_EDM-1_1,0.21,100,0.21,1.0,0.79,0.1090843677520752
GAMETES_Epistasis_2-Way_20atts_0.4H_EDM-1_1,0.21,100,0.21,1.0,0.79,0.10805034637451172
GAMETES_Epistasis_2-Way_20atts_0.4H_EDM-1_1,0.21,100,0.21,1.0,0.79,0.10358047485351562
GAMETES_Epistasis_2-Way_20atts_0.4H_EDM-1_1,0.26,100,0.26,1.0,0.74,0.09399247169494629
GAMETES_Epistasis_2-Way_20atts_0.4H_EDM-1_1,0.26,100,0.26,1.0,0.74,0.10912775993347168
GAMETES_Epistasis_2-Way_20atts_0.4H_EDM-1_1,0.26,100,0.26,1.0,0.74,0.08933258056640625
GAMETES_Epistasis_2-Way_20atts_0.4H_EDM-1_1,0.26,100,0.26,1.0,0.74,0.09844803810119629
GAMETES_Epistasis_2-Way_20atts_0.4H_EDM-1_1,0.26,100,0.26,1.0,0.74,0.10093498229980469
GAMETES_Epistasis_2-Way_20atts_0.4H_EDM-1_1,0.26,100,0.26,1.0,0.74,0.10852718353271484
GAMETES_Epistasis_2-Way_20atts_0.4H_EDM-1_1,0.26,100,0.26,1.0,0.74,0.0923147201538086
GAMETES_Epistasis_2-Way_20atts_0.4H_EDM-1_1,0.26,100,0.26,1.0,0.74,0.09334444999694824
GAMETES_Epistasis_2-Way_20atts_0.4H_EDM-1_1,0.26,100,0.26,1.0,0.74,0.10591793060302734
GAMETES_Epistasis_2-Way_20atts_0.4H_EDM-1_1,0.26,100,0.26,1.0,0.74,0.11002826690673828
GAMETES_Epistasis_2-Way_20atts_0.4H_EDM-1_1,0.32,100,0.32,1.0,0.68,0.10875129699707031
GAMETES_Epistasis_2-Way_20atts_0.4H_EDM-1_1,0.32,100,0.32,1.0,0.68,0.10338211059570312
GAMETES_Epistasis_2-Way_20atts_0.4H_EDM-1_1,0.32,100,0.32,1.0,0.68,0.10089778900146484
GAMETES_Epistasis_2-Way_20atts_0.4H_EDM-1_1,0.32,100,0.32,1.0,0.68,0.11153268814086914
GAMETES_Epistasis_2-Way_20atts_0.4H_EDM-1_1,0.32,100,0.32,1.0,0.68,0.09545660018920898
GAMETES_Epistasis_2-Way_20atts_0.4H_EDM-1_1,0.32,100,0.32,1.0,0.68,0.1128849983215332
GAMETES_Epistasis_2-Way_20atts_0.4H_EDM-1_1,0.32,100,0.32,1.0,0.68,0.1090993881225586
GAMETES_Epistasis_2-Way_20atts_0.4H_EDM-1_1,0.32,100,0.32,1.0,0.68,0.10300016403198242
GAMETES_Epistasis_2-Way_20atts_0.4H_EDM-1_1,0.32,100,0.32,1.0,0.68,0.09348845481872559
GAMETES_Epistasis_2-Way_20atts_0.4H_EDM-1_1,0.32,100,0.32,1.0,0.68,0.10303235054016113
GAMETES_Epistasis_2-Way_20atts_0.4H_EDM-1_1,0.37,100,0.37,1.0,0.63,0.10904192924499512
GAMETES_Epistasis_2-Way_20atts_0.4H_EDM-1_1,0.37,100,0.37,1.0,0.63,0.109405517578125
GAMETES_Epistasis_2-Way_20atts_0.4H_EDM-1_1,0.37,100,0.37,1.0,0.63,0.11810111999511719
GAMETES_Epistasis_2-Way_20atts_0.4H_EDM-1_1,0.37,100,0.37,1.0,0.63,0.1053922176361084
GAMETES_Epistasis_2-Way_20atts_0.4H_EDM-1_1,0.37,100,0.37,1.0,0.63,0.10858726501464844
GAMETES_Epistasis_2-Way_20atts_0.4H_EDM-1_1,0.37,100,0.37,1.0,0.63,0.10087776184082031
GAMETES_Epistasis_2-Way_20atts_0.4H_EDM-1_1,0.37,100,0.37,1.0,0.63,0.1091756820678711
GAMETES_Epistasis_2-Way_20atts_0.4H_EDM-1_1,0.37,100,0.37,1.0,0.63,0.11739253997802734
GAMETES_Epistasis_2-Way_20atts_0.4H_EDM-1_1,0.37,100,0.37,1.0,0.63,0.10848259925842285
GAMETES_Epistasis_2-Way_20atts_0.4H_EDM-1_1,0.37,100,0.37,1.0,0.63,0.10909843444824219
GAMETES_Epistasis_2-Way_20atts_0.4H_EDM-1_1,0.42,100,0.42,1.0,0.58,0.10607361793518066
GAMETES_Epistasis_2-Way_20atts_0.4H_EDM-1_1,0.42,100,0.42,1.0,0.58,0.1047825813293457
GAMETES_Epistasis_2-Way_20atts_0.4H_EDM-1_1,0.42,100,0.42,1.0,0.58,0.1161961555480957
GAMETES_Epistasis_2-Way_20atts_0.4H_EDM-1_1,0.42,100,0.42,1.0,0.58,0.11354422569274902
GAMETES_Epistasis_2-Way_20atts_0.4H_EDM-1_1,0.42,100,0.42,1.0,0.58,0.10006999969482422
GAMETES_Epistasis_2-Way_20atts_0.4H_EDM-1_1,0.42,100,0.42,1.0,0.58,0.10344791412353516
GAMETES_Epistasis_2-Way_20atts_0.4H_EDM-1_1,0.42,100,0.42,1.0,0.58,0.09337496757507324
GAMETES_Epistasis_2-Way_20atts_0.4H_EDM-1_1,0.42,100,0.42,1.0,0.58,0.09823274612426758
GAMETES_Epistasis_2-Way_20atts_0.4H_EDM-1_1,0.42,100,0.42,1.0,0.58,0.10842037200927734
GAMETES_Epistasis_2-Way_20atts_0.4H_EDM-1_1,0.42,100,0.42,1.0,0.58,0.10913467407226562
GAMETES_Epistasis_2-Way_20atts_0.4H_EDM-1_1,0.47,100,0.47,1.0,0.53,0.10613799095153809
GAMETES_Epistasis_2-Way_20atts_0.4H_EDM-1_1,0.47,100,0.47,1.0,0.53,0.10732102394104004
GAMETES_Epistasis_2-Way_20atts_0.4H_EDM-1_1,0.47,100,0.47,1.0,0.53,0.10243916511535645
GAMETES_Epistasis_2-Way_20atts_0.4H_EDM-1_1,0.47,100,0.47,1.0,0.53,0.10455203056335449
GAMETES_Epistasis_2-Way_20atts_0.4H_EDM-1_1,0.47,100,0.47,1.0,0.53,0.10946393013000488
GAMETES_Epistasis_2-Way_20atts_0.4H_EDM-1_1,0.47,100,0.47,1.0,0.53,0.11153578758239746
GAMETES_Epistasis_2-Way_20atts_0.4H_EDM-1_1,0.47,100,0.47,1.0,0.53,0.10901308059692383
GAMETES_Epistasis_2-Way_20atts_0.4H_EDM-1_1,0.47,100,0.47,1.0,0.53,0.09262609481811523
GAMETES_Epistasis_2-Way_20atts_0.4H_EDM-1_1,0.47,100,0.47,1.0,0.53,0.10898995399475098
GAMETES_Epistasis_2-Way_20atts_0.4H_EDM-1_1,0.47,100,0.47,1.0,0.53,0.10907268524169922
GAMETES_Epistasis_2-Way_20atts_0.4H_EDM-1_1,0.53,100,0.53,1.0,0.47,0.09030628204345703
GAMETES_Epistasis_2-Way_20atts_0.4H_EDM-1_1,0.53,100,0.53,1.0,0.47,0.09849834442138672
GAMETES_Epistasis_2-Way_20atts_0.4H_EDM-1_1,0.53,100,0.53,1.0,0.47,0.1064767837524414
GAMETES_Epistasis_2-Way_20atts_0.4H_EDM-1_1,0.53,100,0.53,1.0,0.47,0.10264062881469727
GAMETES_Epistasis_2-Way_20atts_0.4H_EDM-1_1,0.53,100,0.53,1.0,0.47,0.09997129440307617
GAMETES_Epistasis_2-Way_20atts_0.4H_EDM-1_1,0.53,100,0.53,1.0,0.47,0.10913658142089844
GAMETES_Epistasis_2-Way_20atts_0.4H_EDM-1_1,0.53,100,0.53,1.0,0.47,0.09025406837463379
GAMETES_Epistasis_2-Way_20atts_0.4H_EDM-1_1,0.53,100,0.53,1.0,0.47,0.1040034294128418
GAMETES_Epistasis_2-Way_20atts_0.4H_EDM-1_1,0.53,100,0.53,1.0,0.47,0.09346365928649902
GAMETES_Epistasis_2-Way_20atts_0.4H_EDM-1_1,0.53,100,0.53,1.0,0.47,0.10318660736083984
GAMETES_Epistasis_2-Way_20atts_0.4H_EDM-1_1,0.58,100,0.58,1.0,0.42,0.10866141319274902
GAMETES_Epistasis_2-Way_20atts_0.4H_EDM-1_1,0.58,100,0.58,1.0,0.42,0.10905170440673828
GAMETES_Epistasis_2-Way_20atts_0.4H_EDM-1_1,0.58,100,0.58,1.0,0.42,0.12447643280029297
GAMETES_Epistasis_2-Way_20atts_0.4H_EDM-1_1,0.58,100,0.58,1.0,0.42,0.10023903846740723
GAMETES_Epistasis_2-Way_20atts_0.4H_EDM-1_1,0.58,100,0.58,1.0,0.42,0.10099029541015625
GAMETES_Epistasis_2-Way_20atts_0.4H_EDM-1_1,0.58,100,0.58,1.0,0.42,0.1050715446472168
GAMETES_Epistasis_2-Way_20atts_0.4H_EDM-1_1,0.58,100,0.58,1.0,0.42,0.11788415908813477
GAMETES_Epistasis_2-Way_20atts_0.4H_EDM-1_1,0.58,100,0.58,1.0,0.42,0.10901761054992676
GAMETES_Epistasis_2-Way_20atts_0.4H_EDM-1_1,0.58,100,0.58,1.0,0.42,0.09335970878601074
GAMETES_Epistasis_2-Way_20atts_0.4H_EDM-1_1,0.58,100,0.58,1.0,0.42,0.09709739685058594
GAMETES_Epistasis_2-Way_20atts_0.4H_EDM-1_1,0.63,100,0.63,1.0,0.37,0.10831832885742188
GAMETES_Epistasis_2-Way_20atts_0.4H_EDM-1_1,0.63,100,0.63,1.0,0.37,0.11440229415893555
GAMETES_Epistasis_2-Way_20atts_0.4H_EDM-1_1,0.63,100,0.63,1.0,0.37,0.10918068885803223
GAMETES_Epistasis_2-Way_20atts_0.4H_EDM-1_1,0.63,100,0.63,1.0,0.37,0.10970211029052734
GAMETES_Epistasis_2-Way_20atts_0.4H_EDM-1_1,0.63,100,0.63,1.0,0.37,0.10768532752990723
GAMETES_Epistasis_2-Way_20atts_0.4H_EDM-1_1,0.63,100,0.63,1.0,0.37,0.10724306106567383
GAMETES_Epistasis_2-Way_20atts_0.4H_EDM-1_1,0.63,100,0.63,1.0,0.37,0.1041402816772461
GAMETES_Epistasis_2-Way_20atts_0.4H_EDM-1_1,0.63,100,0.63,1.0,0.37,0.10402774810791016
GAMETES_Epistasis_2-Way_20atts_0.4H_EDM-1_1,0.63,100,0.63,1.0,0.37,0.0932769775390625
GAMETES_Epistasis_2-Way_20atts_0.4H_EDM-1_1,0.63,100,0.63,1.0,0.37,0.10002303123474121
GAMETES_Epistasis_2-Way_20atts_0.4H_EDM-1_1,0.68,100,0.68,1.0,0.32,0.09339046478271484
GAMETES_Epistasis_2-Way_20atts_0.4H_EDM-1_1,0.68,100,0.68,1.0,0.32,0.10899877548217773
GAMETES_Epistasis_2-Way_20atts_0.4H_EDM-1_1,0.68,100,0.68,1.0,0.32,0.10633349418640137
GAMETES_Epistasis_2-Way_20atts_0.4H_EDM-1_1,0.68,100,0.68,1.0,0.32,0.11019396781921387
GAMETES_Epistasis_2-Way_20atts_0.4H_EDM-1_1,0.68,100,0.68,1.0,0.32,0.10769295692443848
GAMETES_Epistasis_2-Way_20atts_0.4H_EDM-1_1,0.68,100,0.68,1.0,0.32,0.10225605964660645
GAMETES_Epistasis_2-Way_20atts_0.4H_EDM-1_1,0.68,100,0.68,1.0,0.32,0.09348344802856445
GAMETES_Epistasis_2-Way_20atts_0.4H_EDM-1_1,0.68,100,0.68,1.0,0.32,0.09400081634521484
GAMETES_Epistasis_2-Way_20atts_0.4H_EDM-1_1,0.68,100,0.68,1.0,0.32,0.1108696460723877
GAMETES_Epistasis_2-Way_20atts_0.4H_EDM-1_1,0.68,100,0.68,1.0,0.32,0.09238100051879883
GAMETES_Epistasis_2-Way_20atts_0.4H_EDM-1_1,0.74,100,0.74,1.0,0.26,0.10959315299987793
GAMETES_Epistasis_2-Way_20atts_0.4H_EDM-1_1,0.74,100,0.74,1.0,0.26,0.09507536888122559
GAMETES_Epistasis_2-Way_20atts_0.4H_EDM-1_1,0.74,100,0.74,1.0,0.26,0.10293912887573242
GAMETES_Epistasis_2-Way_20atts_0.4H_EDM-1_1,0.74,100,0.74,1.0,0.26,0.11557817459106445
GAMETES_Epistasis_2-Way_20atts_0.4H_EDM-1_1,0.74,100,0.74,1.0,0.26,0.10696029663085938
GAMETES_Epistasis_2-Way_20atts_0.4H_EDM-1_1,0.74,100,0.74,1.0,0.26,0.10489368438720703
GAMETES_Epistasis_2-Way_20atts_0.4H_EDM-1_1,0.74,100,0.74,1.0,0.26,0.10089111328125
GAMETES_Epistasis_2-Way_20atts_0.4H_EDM-1_1,0.74,100,0.74,1.0,0.26,0.10489225387573242
GAMETES_Epistasis_2-Way_20atts_0.4H_EDM-1_1,0.74,100,0.74,1.0,0.26,0.1023867130279541
GAMETES_Epistasis_2-Way_20atts_0.4H_EDM-1_1,0.74,100,0.74,1.0,0.26,0.10905909538269043
GAMETES_Epistasis_2-Way_20atts_0.4H_EDM-1_1,0.79,100,0.79,1.0,0.21,0.10656523704528809
GAMETES_Epistasis_2-Way_20atts_0.4H_EDM-1_1,0.79,100,0.79,1.0,0.21,0.10967588424682617
GAMETES_Epistasis_2-Way_20atts_0.4H_EDM-1_1,0.79,100,0.79,1.0,0.21,0.11790275573730469
GAMETES_Epistasis_2-Way_20atts_0.4H_EDM-1_1,0.79,100,0.79,1.0,0.21,0.11210823059082031
GAMETES_Epistasis_2-Way_20atts_0.4H_EDM-1_1,0.79,100,0.79,1.0,0.21,0.10290026664733887
GAMETES_Epistasis_2-Way_20atts_0.4H_EDM-1_1,0.79,100,0.79,1.0,0.21,0.1007840633392334
GAMETES_Epistasis_2-Way_20atts_0.4H_EDM-1_1,0.79,100,0.79,1.0,0.21,0.09055304527282715
GAMETES_Epistasis_2-Way_20atts_0.4H_EDM-1_1,0.79,100,0.79,1.0,0.21,0.108551025390625
GAMETES_Epistasis_2-Way_20atts_0.4H_EDM-1_1,0.79,100,0.79,1.0,0.21,0.10459423065185547
GAMETES_Epistasis_2-Way_20atts_0.4H_EDM-1_1,0.79,100,0.79,1.0,0.21,0.0994117259979248
GAMETES_Epistasis_2-Way_20atts_0.4H_EDM-1_1,0.84,100,0.84,1.0,0.16,0.1119849681854248
GAMETES_Epistasis_2-Way_20atts_0.4H_EDM-1_1,0.84,100,0.84,1.0,0.16,0.10913586616516113
GAMETES_Epistasis_2-Way_20atts_0.4H_EDM-1_1,0.84,100,0.84,1.0,0.16,0.10309648513793945
GAMETES_Epistasis_2-Way_20atts_0.4H_EDM-1_1,0.84,100,0.84,1.0,0.16,0.10883116722106934
GAMETES_Epistasis_2-Way_20atts_0.4H_EDM-1_1,0.84,100,0.84,1.0,0.16,0.10906672477722168
GAMETES_Epistasis_2-Way_20atts_0.4H_EDM-1_1,0.84,100,0.84,1.0,0.16,0.10912227630615234
GAMETES_Epistasis_2-Way_20atts_0.4H_EDM-1_1,0.84,100,0.84,1.0,0.16,0.11769723892211914
GAMETES_Epistasis_2-Way_20atts_0.4H_EDM-1_1,0.84,100,0.84,1.0,0.16,0.10361242294311523
GAMETES_Epistasis_2-Way_20atts_0.4H_EDM-1_1,0.84,100,0.84,1.0,0.16,0.10901927947998047
GAMETES_Epistasis_2-Way_20atts_0.4H_EDM-1_1,0.84,100,0.84,1.0,0.16,0.10709619522094727
GAMETES_Epistasis_2-Way_20atts_0.4H_EDM-1_1,0.89,100,0.89,1.0,0.11,0.10966610908508301
GAMETES_Epistasis_2-Way_20atts_0.4H_EDM-1_1,0.89,100,0.89,1.0,0.11,0.1092691421508789
GAMETES_Epistasis_2-Way_20atts_0.4H_EDM-1_1,0.89,100,0.89,1.0,0.11,0.11981320381164551
GAMETES_Epistasis_2-Way_20atts_0.4H_EDM-1_1,0.89,100,0.89,1.0,0.11,0.1019294261932373
GAMETES_Epistasis_2-Way_20atts_0.4H_EDM-1_1,0.89,100,0.89,1.0,0.11,0.10300445556640625
GAMETES_Epistasis_2-Way_20atts_0.4H_EDM-1_1,0.89,100,0.89,1.0,0.11,0.10851764678955078
GAMETES_Epistasis_2-Way_20atts_0.4H_EDM-1_1,0.89,100,0.89,1.0,0.11,0.10908150672912598
GAMETES_Epistasis_2-Way_20atts_0.4H_EDM-1_1,0.89,100,0.89,1.0,0.11,0.11610746383666992
GAMETES_Epistasis_2-Way_20atts_0.4H_EDM-1_1,0.89,100,0.89,1.0,0.11,0.1180269718170166
GAMETES_Epistasis_2-Way_20atts_0.4H_EDM-1_1,0.89,100,0.89,1.0,0.11,0.10903263092041016
GAMETES_Epistasis_2-Way_20atts_0.4H_EDM-1_1,0.95,100,0.95,1.0,0.05,0.1080465316772461
GAMETES_Epistasis_2-Way_20atts_0.4H_EDM-1_1,0.95,100,0.95,1.0,0.05,0.1056060791015625
GAMETES_Epistasis_2-Way_20atts_0.4H_EDM-1_1,0.95,100,0.95,1.0,0.05,0.10275459289550781
GAMETES_Epistasis_2-Way_20atts_0.4H_EDM-1_1,0.95,100,0.95,1.0,0.05,0.10515618324279785
GAMETES_Epistasis_2-Way_20atts_0.4H_EDM-1_1,0.95,100,0.95,1.0,0.05,0.10970664024353027
GAMETES_Epistasis_2-Way_20atts_0.4H_EDM-1_1,0.95,100,0.95,1.0,0.05,0.10363197326660156
GAMETES_Epistasis_2-Way_20atts_0.4H_EDM-1_1,0.95,100,0.95,1.0,0.05,0.10472488403320312
GAMETES_Epistasis_2-Way_20atts_0.4H_EDM-1_1,0.95,100,0.95,1.0,0.05,0.11799359321594238
GAMETES_Epistasis_2-Way_20atts_0.4H_EDM-1_1,0.95,100,0.95,1.0,0.05,0.10231447219848633
GAMETES_Epistasis_2-Way_20atts_0.4H_EDM-1_1,0.95,100,0.95,1.0,0.05,0.10909533500671387
GAMETES_Epistasis_2-Way_20atts_0.4H_EDM-1_1,1.0,100,1.0,1.0,0.0,0.10310196876525879
GAMETES_Epistasis_2-Way_20atts_0.4H_EDM-1_1,1.0,100,1.0,1.0,0.0,0.0978085994720459
GAMETES_Epistasis_2-Way_20atts_0.4H_EDM-1_1,1.0,100,1.0,1.0,0.0,0.11164164543151855
GAMETES_Epistasis_2-Way_20atts_0.4H_EDM-1_1,1.0,100,1.0,1.0,0.0,0.09247398376464844
GAMETES_Epistasis_2-Way_20atts_0.4H_EDM-1_1,1.0,100,1.0,1.0,0.0,0.0936422348022461
GAMETES_Epistasis_2-Way_20atts_0.4H_EDM-1_1,1.0,100,1.0,1.0,0.0,0.1096639633178711
GAMETES_Epistasis_2-Way_20atts_0.4H_EDM-1_1,1.0,100,1.0,1.0,0.0,0.093536376953125
GAMETES_Epistasis_2-Way_20atts_0.4H_EDM-1_1,1.0,100,1.0,1.0,0.0,0.10530304908752441
GAMETES_Epistasis_2-Way_20atts_0.4H_EDM-1_1,1.0,100,1.0,1.0,0.0,0.09360837936401367
GAMETES_Epistasis_2-Way_20atts_0.4H_EDM-1_1,1.0,100,1.0,1.0,0.0,0.10908126831054688
gina_agnostic,0.0,100,0.0,0.02,0.02,0.10634279251098633
gina_agnostic,0.0,100,0.0,0.0,0.0,0.11060404777526855
gina_agnostic,0.0,100,0.0,0.0,0.0,0.10535883903503418
gina_agnostic,0.0,100,0.0,0.02,0.02,0.09289908409118652
gina_agnostic,0.0,100,0.0,0.0,0.0,0.1029517650604248
gina_agnostic,0.0,100,0.0,0.0,0.0,0.10979866981506348
gina_agnostic,0.0,100,0.0,0.05,0.05,0.10907673835754395
gina_agnostic,0.0,100,0.0,0.0,0.0,0.09937143325805664
gina_agnostic,0.0,100,0.0,0.02,0.02,0.10907387733459473
gina_agnostic,0.0,100,0.0,0.02,0.02,0.1038060188293457
gina_agnostic,0.05,100,0.05,0.04,0.01,0.10896706581115723
gina_agnostic,0.05,100,0.05,0.08,0.03,0.10803484916687012
gina_agnostic,0.05,100,0.05,0.08,0.03,0.1090695858001709
gina_agnostic,0.05,100,0.05,0.08,0.03,0.11874222755432129
gina_agnostic,0.05,100,0.05,0.06,0.01,0.09793353080749512
gina_agnostic,0.05,100,0.05,0.04,0.01,0.10928773880004883
gina_agnostic,0.05,100,0.05,0.08,0.03,0.1113731861114502
gina_agnostic,0.05,100,0.05,0.07,0.02,0.10287809371948242
gina_agnostic,0.05,100,0.05,0.05,0.0,0.1117405891418457
gina_agnostic,0.05,100,0.05,0.09,0.04,0.10905861854553223
gina_agnostic,0.11,100,0.11,0.07,0.04,0.10969185829162598
gina_agnostic,0.11,100,0.11,0.13,0.02,0.10906004905700684
gina_agnostic,0.11,100,0.11,0.06,0.05,0.10912513732910156
gina_agnostic,0.11,100,0.11,0.1,0.01,0.11169147491455078
gina_agnostic,0.11,100,0.11,0.1,0.01,0.1086118221282959
gina_agnostic,0.11,100,0.11,0.09,0.02,0.11519217491149902
gina_agnostic,0.11,100,0.11,0.11,0.0,0.10431408882141113
gina_agnostic,0.11,100,0.11,0.12,0.01,0.10317587852478027
gina_agnostic,0.11,100,0.11,0.03,0.08,0.11806845664978027
gina_agnostic,0.11,100,0.11,0.07,0.04,0.1096045970916748
gina_agnostic,0.16,100,0.16,0.17,0.01,0.12063932418823242
gina_agnostic,0.16,100,0.16,0.13,0.03,0.10297679901123047
gina_agnostic,0.16,100,0.16,0.16,0.0,0.10106587409973145
gina_agnostic,0.16,100,0.16,0.16,0.0,0.10302948951721191
gina_agnostic,0.16,100,0.16,0.17,0.01,0.10433173179626465
gina_agnostic,0.16,100,0.16,0.15,0.01,0.11832141876220703
gina_agnostic,0.16,100,0.16,0.12,0.04,0.10902976989746094
gina_agnostic,0.16,100,0.16,0.17,0.01,0.10765361785888672
gina_agnostic,0.16,100,0.16,0.15,0.01,0.10926008224487305
gina_agnostic,0.16,100,0.16,0.12,0.04,0.10599946975708008
gina_agnostic,0.21,100,0.21,0.19,0.02,0.11869192123413086
gina_agnostic,0.21,100,0.21,0.22,0.01,0.1073770523071289
gina_agnostic,0.21,100,0.21,0.2,0.01,0.1081695556640625
gina_agnostic,0.21,100,0.21,0.24,0.03,0.10753393173217773
gina_agnostic,0.21,100,0.21,0.22,0.01,0.10031461715698242
gina_agnostic,0.21,100,0.21,0.22,0.01,0.10617685317993164
gina_agnostic,0.21,100,0.21,0.19,0.02,0.10842370986938477
gina_agnostic,0.21,100,0.21,0.22,0.01,0.10909271240234375
gina_agnostic,0.21,100,0.21,0.18,0.03,0.09856820106506348
gina_agnostic,0.21,100,0.21,0.17,0.04,0.11061692237854004
gina_agnostic,0.26,100,0.26,0.21,0.05,0.09974217414855957
gina_agnostic,0.26,100,0.26,0.25,0.01,0.10852909088134766
gina_agnostic,0.26,100,0.26,0.23,0.03,0.10908246040344238
gina_agnostic,0.26,100,0.26,0.24,0.02,0.10854792594909668
gina_agnostic,0.26,100,0.26,0.2,0.06,0.11220169067382812
gina_agnostic,0.26,100,0.26,0.25,0.01,0.11712884902954102
gina_agnostic,0.26,100,0.26,0.33,0.07,0.10545229911804199
gina_agnostic,0.26,100,0.26,0.24,0.02,0.10900688171386719
gina_agnostic,0.26,100,0.26,0.24,0.02,0.0999457836151123
gina_agnostic,0.26,100,0.26,0.21,0.05,0.09392690658569336
gina_agnostic,0.32,100,0.32,0.31,0.01,0.1190176010131836
gina_agnostic,0.32,100,0.32,0.3,0.02,0.10300803184509277
gina_agnostic,0.32,100,0.32,0.35,0.03,0.10300898551940918
gina_agnostic,0.32,100,0.32,0.28,0.04,0.11344242095947266
gina_agnostic,0.32,100,0.32,0.37,0.05,0.11441469192504883
gina_agnostic,0.32,100,0.32,0.32,0.0,0.10885381698608398
gina_agnostic,0.32,100,0.32,0.26,0.06,0.10833144187927246
gina_agnostic,0.32,100,0.32,0.25,0.07,0.10350155830383301
gina_agnostic,0.32,100,0.32,0.31,0.01,0.11340761184692383
gina_agnostic,0.32,100,0.32,0.21,0.11,0.10968542098999023
gina_agnostic,0.37,100,0.37,0.4,0.03,0.10909509658813477
gina_agnostic,0.37,100,0.37,0.4,0.03,0.11245012283325195
gina_agnostic,0.37,100,0.37,0.31,0.06,0.1074976921081543
gina_agnostic,0.37,100,0.37,0.36,0.01,0.12055015563964844
gina_agnostic,0.37,100,0.37,0.35,0.02,0.10858559608459473
gina_agnostic,0.37,100,0.37,0.32,0.05,0.1089942455291748
gina_agnostic,0.37,100,0.37,0.3,0.07,0.10907864570617676
gina_agnostic,0.37,100,0.37,0.31,0.06,0.10032320022583008
gina_agnostic,0.37,100,0.37,0.33,0.04,0.09237194061279297
gina_agnostic,0.37,100,0.37,0.26,0.11,0.09792590141296387
gina_agnostic,0.42,100,0.42,0.42,0.0,0.09991097450256348
gina_agnostic,0.42,100,0.42,0.43,0.01,0.10654258728027344
gina_agnostic,0.42,100,0.42,0.46,0.04,0.11084508895874023
gina_agnostic,0.42,100,0.42,0.39,0.03,0.10836315155029297
gina_agnostic,0.42,100,0.42,0.43,0.01,0.10486721992492676
gina_agnostic,0.42,100,0.42,0.36,0.06,0.10902070999145508
gina_agnostic,0.42,100,0.42,0.47,0.05,0.10861897468566895
gina_agnostic,0.42,100,0.42,0.5,0.08,0.10671615600585938
gina_agnostic,0.42,100,0.42,0.42,0.0,0.10312175750732422
gina_agnostic,0.42,100,0.42,0.48,0.06,0.10780549049377441
gina_agnostic,0.47,100,0.47,0.53,0.06,0.10266733169555664
gina_agnostic,0.47,100,0.47,0.48,0.01,0.10841107368469238
gina_agnostic,0.47,100,0.47,0.51,0.04,0.1000823974609375
gina_agnostic,0.47,100,0.47,0.45,0.02,0.11951732635498047
gina_agnostic,0.47,100,0.47,0.5,0.03,0.10300159454345703
gina_agnostic,0.47,100,0.47,0.39,0.08,0.10902857780456543
gina_agnostic,0.47,100,0.47,0.48,0.01,0.09770703315734863
gina_agnostic,0.47,100,0.47,0.49,0.02,0.10905265808105469
gina_agnostic,0.47,100,0.47,0.46,0.01,0.09463238716125488
gina_agnostic,0.47,100,0.47,0.45,0.02,0.10847806930541992
gina_agnostic,0.53,100,0.53,0.55,0.02,0.09233665466308594
gina_agnostic,0.53,100,0.53,0.52,0.01,0.10045385360717773
gina_agnostic,0.53,100,0.53,0.56,0.03,0.10898447036743164
gina_agnostic,0.53,100,0.53,0.54,0.01,0.10944962501525879
gina_agnostic,0.53,100,0.53,0.58,0.05,0.11870026588439941
gina_agnostic,0.53,100,0.53,0.52,0.01,0.10674881935119629
gina_agnostic,0.53,100,0.53,0.52,0.01,0.11769437789916992
gina_agnostic,0.53,100,0.53,0.54,0.01,0.10908293724060059
gina_agnostic,0.53,100,0.53,0.51,0.02,0.1085042953491211
gina_agnostic,0.53,100,0.53,0.56,0.03,0.10912489891052246
gina_agnostic,0.58,100,0.58,0.5,0.08,0.10893368721008301
gina_agnostic,0.58,100,0.58,0.59,0.01,0.11903190612792969
gina_agnostic,0.58,100,0.58,0.54,0.04,0.10794425010681152
gina_agnostic,0.58,100,0.58,0.64,0.06,0.09877395629882812
gina_agnostic,0.58,100,0.58,0.63,0.05,0.10927128791809082
gina_agnostic,0.58,100,0.58,0.66,0.08,0.11054706573486328
gina_agnostic,0.58,100,0.58,0.62,0.04,0.11077618598937988
gina_agnostic,0.58,100,0.58,0.6,0.02,0.10759210586547852
gina_agnostic,0.58,100,0.58,0.64,0.06,0.10905003547668457
gina_agnostic,0.58,100,0.58,0.6,0.02,0.10157489776611328
gina_agnostic,0.63,100,0.63,0.65,0.02,0.10028719902038574
gina_agnostic,0.63,100,0.63,0.67,0.04,0.10300779342651367
gina_agnostic,0.63,100,0.63,0.65,0.02,0.10355448722839355
gina_agnostic,0.63,100,0.63,0.6,0.03,0.12124371528625488
gina_agnostic,0.63,100,0.63,0.66,0.03,0.1080620288848877
gina_agnostic,0.63,100,0.63,0.67,0.04,0.09998655319213867
gina_agnostic,0.63,100,0.63,0.62,0.01,0.11509394645690918
gina_agnostic,0.63,100,0.63,0.68,0.05,0.09757256507873535
gina_agnostic,0.63,100,0.63,0.54,0.09,0.10895824432373047
gina_agnostic,0.63,100,0.63,0.58,0.05,0.10009646415710449
gina_agnostic,0.68,100,0.68,0.64,0.04,0.10244584083557129
gina_agnostic,0.68,100,0.68,0.68,0.0,0.10870003700256348
gina_agnostic,0.68,100,0.68,0.6,0.08,0.10819530487060547
gina_agnostic,0.68,100,0.68,0.75,0.07,0.10746550559997559
gina_agnostic,0.68,100,0.68,0.68,0.0,0.1096646785736084
gina_agnostic,0.68,100,0.68,0.69,0.01,0.10808348655700684
gina_agnostic,0.68,100,0.68,0.72,0.04,0.09442019462585449
gina_agnostic,0.68,100,0.68,0.72,0.04,0.10970187187194824
gina_agnostic,0.68,100,0.68,0.73,0.05,0.1168055534362793
gina_agnostic,0.68,100,0.68,0.69,0.01,0.10792875289916992
gina_agnostic,0.74,100,0.74,0.71,0.03,0.10853242874145508
gina_agnostic,0.74,100,0.74,0.69,0.05,0.10504674911499023
gina_agnostic,0.74,100,0.74,0.78,0.04,0.09342646598815918
gina_agnostic,0.74,100,0.74,0.67,0.07,0.11509466171264648
gina_agnostic,0.74,100,0.74,0.71,0.03,0.11863040924072266
gina_agnostic,0.74,100,0.74,0.7,0.04,0.10887479782104492
gina_agnostic,0.74,100,0.74,0.78,0.04,0.10523796081542969
gina_agnostic,0.74,100,0.74,0.76,0.02,0.10523486137390137
gina_agnostic,0.74,100,0.74,0.75,0.01,0.10903668403625488
gina_agnostic,0.74,100,0.74,0.74,0.0,0.10396790504455566
gina_agnostic,0.79,100,0.79,0.81,0.02,0.10300254821777344
gina_agnostic,0.79,100,0.79,0.79,0.0,0.10405373573303223
gina_agnostic,0.79,100,0.79,0.82,0.03,0.10077786445617676
gina_agnostic,0.79,100,0.79,0.87,0.08,0.10855436325073242
gina_agnostic,0.79,100,0.79,0.8,0.01,0.1135258674621582
gina_agnostic,0.79,100,0.79,0.86,0.07,0.09789872169494629
gina_agnostic,0.79,100,0.79,0.74,0.05,0.1071622371673584
gina_agnostic,0.79,100,0.79,0.82,0.03,0.10404300689697266
gina_agnostic,0.79,100,0.79,0.84,0.05,0.10905313491821289
gina_agnostic,0.79,100,0.79,0.8,0.01,0.11409378051757812
gina_agnostic,0.84,100,0.84,0.9,0.06,0.1055757999420166
gina_agnostic,0.84,100,0.84,0.83,0.01,0.1151590347290039
gina_agnostic,0.84,100,0.84,0.87,0.03,0.10933518409729004
gina_agnostic,0.84,100,0.84,0.87,0.03,0.10902929306030273
gina_agnostic,0.84,100,0.84,0.88,0.04,0.09323716163635254
gina_agnostic,0.84,100,0.84,0.86,0.02,0.0945894718170166
gina_agnostic,0.84,100,0.84,0.82,0.02,0.11927652359008789
gina_agnostic,0.84,100,0.84,0.8,0.04,0.10910344123840332
gina_agnostic,0.84,100,0.84,0.79,0.05,0.1090848445892334
gina_agnostic,0.84,100,0.84,0.85,0.01,0.09389090538024902
gina_agnostic,0.89,100,0.89,0.91,0.02,0.10234403610229492
gina_agnostic,0.89,100,0.89,0.93,0.04,0.11994576454162598
gina_agnostic,0.89,100,0.89,0.92,0.03,0.11195516586303711
gina_agnostic,0.89,100,0.89,0.93,0.04,0.09346628189086914
gina_agnostic,0.89,100,0.89,0.9,0.01,0.10570907592773438
gina_agnostic,0.89,100,0.89,0.98,0.09,0.1101994514465332
gina_agnostic,0.89,100,0.89,0.88,0.01,0.12070083618164062
gina_agnostic,0.89,100,0.89,0.93,0.04,0.09987640380859375
gina_agnostic,0.89,100,0.89,0.97,0.08,0.10398483276367188
gina_agnostic,0.89,100,0.89,0.95,0.06,0.10656332969665527
gina_agnostic,0.95,100,0.95,0.97,0.02,0.10396194458007812
gina_agnostic,0.95,100,0.95,0.92,0.03,0.10801243782043457
gina_agnostic,0.95,100,0.95,0.97,0.02,0.10900998115539551
gina_agnostic,0.95,100,0.95,0.95,0.0,0.10906815528869629
gina_agnostic,0.95,100,0.95,0.98,0.03,0.11916851997375488
gina_agnostic,0.95,100,0.95,0.97,0.02,0.11751556396484375
gina_agnostic,0.95,100,0.95,0.98,0.03,0.11614608764648438
gina_agnostic,0.95,100,0.95,0.98,0.03,0.10909795761108398
gina_agnostic,0.95,100,0.95,0.99,0.04,0.09245991706848145
gina_agnostic,0.95,100,0.95,1.0,0.05,0.10306787490844727
gina_agnostic,1.0,100,1.0,0.99,0.01,0.10299849510192871
gina_agnostic,1.0,100,1.0,1.0,0.0,0.09953045845031738
gina_agnostic,1.0,100,1.0,1.0,0.0,0.10706067085266113
gina_agnostic,1.0,100,1.0,1.0,0.0,0.10579514503479004
gina_agnostic,1.0,100,1.0,1.0,0.0,0.10349225997924805
gina_agnostic,1.0,100,1.0,1.0,0.0,0.09536218643188477
gina_agnostic,1.0,100,1.0,1.0,0.0,0.1029510498046875
gina_agnostic,1.0,100,1.0,1.0,0.0,0.1069176197052002
gina_agnostic,1.0,100,1.0,1.0,0.0,0.10840177536010742
gina_agnostic,1.0,100,1.0,0.99,0.01,0.10362553596496582
kin8nm,0.0,100,0.0,0.03,0.03,0.09577727317810059
kin8nm,0.0,100,0.0,0.04,0.04,0.1139836311340332
kin8nm,0.0,100,0.0,0.03,0.03,0.10918641090393066
kin8nm,0.0,100,0.0,0.0,0.0,0.11066079139709473
kin8nm,0.0,100,0.0,0.0,0.0,0.10902905464172363
kin8nm,0.0,100,0.0,0.0,0.0,0.10914802551269531
kin8nm,0.0,100,0.0,0.0,0.0,0.11021804809570312
kin8nm,0.0,100,0.0,0.0,0.0,0.11914896965026855
kin8nm,0.0,100,0.0,0.0,0.0,0.10216903686523438
kin8nm,0.0,100,0.0,0.0,0.0,0.10040068626403809
kin8nm,0.05,100,0.05,0.0,0.05,0.10716724395751953
kin8nm,0.05,100,0.05,0.02,0.03,0.11282944679260254
kin8nm,0.05,100,0.05,0.01,0.04,0.10300874710083008
kin8nm,0.05,100,0.05,0.0,0.05,0.11205768585205078
kin8nm,0.05,100,0.05,0.0,0.05,0.11729574203491211
kin8nm,0.05,100,0.05,0.01,0.04,0.10912680625915527
kin8nm,0.05,100,0.05,0.0,0.05,0.10909700393676758
kin8nm,0.05,100,0.05,0.08,0.03,0.10388326644897461
kin8nm,0.05,100,0.05,0.1,0.05,0.1087179183959961
kin8nm,0.05,100,0.05,0.0,0.05,0.10563492774963379
kin8nm,0.11,100,0.11,0.1,0.01,0.11507701873779297
kin8nm,0.11,100,0.11,0.08,0.03,0.10855889320373535
kin8nm,0.11,100,0.11,0.13,0.02,0.10015487670898438
kin8nm,0.11,100,0.11,0.02,0.09,0.10351419448852539
kin8nm,0.11,100,0.11,0.07,0.04,0.10845375061035156
kin8nm,0.11,100,0.11,0.08,0.03,0.10887813568115234
kin8nm,0.11,100,0.11,0.05,0.06,0.10441446304321289
kin8nm,0.11,100,0.11,0.0,0.11,0.1199040412902832
kin8nm,0.11,100,0.11,0.11,0.0,0.11307907104492188
kin8nm,0.11,100,0.11,0.07,0.04,0.12184739112854004
kin8nm,0.16,100,0.16,0.16,0.0,0.10905933380126953
kin8nm,0.16,100,0.16,0.19,0.03,0.11322331428527832
kin8nm,0.16,100,0.16,0.16,0.0,0.10124349594116211
kin8nm,0.16,100,0.16,0.16,0.0,0.10902214050292969
kin8nm,0.16,100,0.16,0.08,0.08,0.10730171203613281
kin8nm,0.16,100,0.16,0.11,0.05,0.11512923240661621
kin8nm,0.16,100,0.16,0.14,0.02,0.09746360778808594
kin8nm,0.16,100,0.16,0.18,0.02,0.10303783416748047
kin8nm,0.16,100,0.16,0.11,0.05,0.09387660026550293
kin8nm,0.16,100,0.16,0.17,0.01,0.09358620643615723
kin8nm,0.21,100,0.21,0.05,0.16,0.10908937454223633
kin8nm,0.21,100,0.21,0.14,0.07,0.11007976531982422
kin8nm,0.21,100,0.21,0.11,0.1,0.10543966293334961
kin8nm,0.21,100,0.21,0.32,0.11,0.10658550262451172
kin8nm,0.21,100,0.21,0.17,0.04,0.10890698432922363
kin8nm,0.21,100,0.21,0.12,0.09,0.11075091361999512
kin8nm,0.21,100,0.21,0.23,0.02,0.1084752082824707
kin8nm,0.21,100,0.21,0.17,0.04,0.11850094795227051
kin8nm,0.21,100,0.21,0.02,0.19,0.11313605308532715
kin8nm,0.21,100,0.21,0.15,0.06,0.09952020645141602
kin8nm,0.26,100,0.26,0.07,0.19,0.10856914520263672
kin8nm,0.26,100,0.26,0.25,0.01,0.11866235733032227
kin8nm,0.26,100,0.26,0.31,0.05,0.11865973472595215
kin8nm,0.26,100,0.26,0.27,0.01,0.11509037017822266
kin8nm,0.26,100,0.26,0.17,0.09,0.10571885108947754
kin8nm,0.26,100,0.26,0.13,0.13,0.0988473892211914
kin8nm,0.26,100,0.26,0.28,0.02,0.10844802856445312
kin8nm,0.26,100,0.26,0.35,0.09,0.10883831977844238
kin8nm,0.26,100,0.26,0.25,0.01,0.10904073715209961
kin8nm,0.26,100,0.26,0.15,0.11,0.10709810256958008
kin8nm,0.32,100,0.32,0.29,0.03,0.10427570343017578
kin8nm,0.32,100,0.32,0.35,0.03,0.10857439041137695
kin8nm,0.32,100,0.32,0.22,0.1,0.10723590850830078
kin8nm,0.32,100,0.32,0.22,0.1,0.10272812843322754
kin8nm,0.32,100,0.32,0.27,0.05,0.10916280746459961
kin8nm,0.32,100,0.32,0.32,0.0,0.10905218124389648
kin8nm,0.32,100,0.32,0.19,0.13,0.10903525352478027
kin8nm,0.32,100,0.32,0.39,0.07,0.10300445556640625
kin8nm,0.32,100,0.32,0.32,0.0,0.10875344276428223
kin8nm,0.32,100,0.32,0.18,0.14,0.10912752151489258
kin8nm,0.37,100,0.37,0.22,0.15,0.10710811614990234
kin8nm,0.37,100,0.37,0.41,0.04,0.09281325340270996
kin8nm,0.37,100,0.37,0.35,0.02,0.10293841361999512
kin8nm,0.37,100,0.37,0.34,0.03,0.10029792785644531
kin8nm,0.37,100,0.37,0.36,0.01,0.1185903549194336
kin8nm,0.37,100,0.37,0.37,0.0,0.10987734794616699
kin8nm,0.37,100,0.37,0.46,0.09,0.09297394752502441
kin8nm,0.37,100,0.37,0.34,0.03,0.10932350158691406
kin8nm,0.37,100,0.37,0.28,0.09,0.11588835716247559
kin8nm,0.37,100,0.37,0.3,0.07,0.10598254203796387
kin8nm,0.42,100,0.42,0.27,0.15,0.10783958435058594
kin8nm,0.42,100,0.42,0.39,0.03,0.10292434692382812
kin8nm,0.42,100,0.42,0.42,0.0,0.10897302627563477
kin8nm,0.42,100,0.42,0.4,0.02,0.1091148853302002
kin8nm,0.42,100,0.42,0.48,0.06,0.10769200325012207
kin8nm,0.42,100,0.42,0.37,0.05,0.10359859466552734
kin8nm,0.42,100,0.42,0.56,0.14,0.09343671798706055
kin8nm,0.42,100,0.42,0.47,0.05,0.10838770866394043
kin8nm,0.42,100,0.42,0.26,0.16,0.1085810661315918
kin8nm,0.42,100,0.42,0.55,0.13,0.10864853858947754
kin8nm,0.47,100,0.47,0.55,0.08,0.1124730110168457
kin8nm,0.47,100,0.47,0.4,0.07,0.09830188751220703
kin8nm,0.47,100,0.47,0.58,0.11,0.10345458984375
kin8nm,0.47,100,0.47,0.5,0.03,0.10107827186584473
kin8nm,0.47,100,0.47,0.54,0.07,0.11116147041320801
kin8nm,0.47,100,0.47,0.56,0.09,0.11873793601989746
kin8nm,0.47,100,0.47,0.53,0.06,0.10283517837524414
kin8nm,0.47,100,0.47,0.5,0.03,0.11640453338623047
kin8nm,0.47,100,0.47,0.49,0.02,0.09239625930786133
kin8nm,0.47,100,0.47,0.41,0.06,0.0929875373840332
kin8nm,0.53,100,0.53,0.45,0.08,0.10714268684387207
kin8nm,0.53,100,0.53,0.6,0.07,0.1061551570892334
kin8nm,0.53,100,0.53,0.49,0.04,0.10595107078552246
kin8nm,0.53,100,0.53,0.75,0.22,0.09341669082641602
kin8nm,0.53,100,0.53,0.55,0.02,0.10295581817626953
kin8nm,0.53,100,0.53,0.47,0.06,0.10921812057495117
kin8nm,0.53,100,0.53,0.58,0.05,0.0935676097869873
kin8nm,0.53,100,0.53,0.52,0.01,0.10293960571289062
kin8nm,0.53,100,0.53,0.63,0.1,0.10591888427734375
kin8nm,0.53,100,0.53,0.49,0.04,0.10387277603149414
kin8nm,0.58,100,0.58,0.58,0.0,0.10470056533813477
kin8nm,0.58,100,0.58,0.61,0.03,0.09335041046142578
kin8nm,0.58,100,0.58,0.48,0.1,0.10917830467224121
kin8nm,0.58,100,0.58,0.54,0.04,0.10779666900634766
kin8nm,0.58,100,0.58,0.59,0.01,0.1090993881225586
kin8nm,0.58,100,0.58,0.73,0.15,0.10912132263183594
kin8nm,0.58,100,0.58,0.48,0.1,0.10907125473022461
kin8nm,0.58,100,0.58,0.46,0.12,0.09958672523498535
kin8nm,0.58,100,0.58,0.48,0.1,0.10039281845092773
kin8nm,0.58,100,0.58,0.55,0.03,0.10621380805969238
kin8nm,0.63,100,0.63,0.7,0.07,0.10897135734558105
kin8nm,0.63,100,0.63,0.82,0.19,0.10901069641113281
kin8nm,0.63,100,0.63,0.53,0.1,0.10968565940856934
kin8nm,0.63,100,0.63,0.49,0.14,0.11780309677124023
kin8nm,0.63,100,0.63,0.63,0.0,0.10907769203186035
kin8nm,0.63,100,0.63,0.57,0.06,0.10902905464172363
kin8nm,0.63,100,0.63,0.63,0.0,0.10844612121582031
kin8nm,0.63,100,0.63,0.63,0.0,0.10245013236999512
kin8nm,0.63,100,0.63,0.82,0.19,0.10035562515258789
kin8nm,0.63,100,0.63,0.67,0.04,0.10301423072814941
kin8nm,0.68,100,0.68,0.78,0.1,0.09479308128356934
kin8nm,0.68,100,0.68,0.73,0.05,0.1112372875213623
kin8nm,0.68,100,0.68,0.67,0.01,0.1086280345916748
kin8nm,0.68,100,0.68,0.63,0.05,0.10416364669799805
kin8nm,0.68,100,0.68,0.8,0.12,0.10612177848815918
kin8nm,0.68,100,0.68,0.63,0.05,0.0965888500213623
kin8nm,0.68,100,0.68,0.79,0.11,0.0999753475189209
kin8nm,0.68,100,0.68,0.7,0.02,0.10905122756958008
kin8nm,0.68,100,0.68,0.65,0.03,0.10865902900695801
kin8nm,0.68,100,0.68,0.71,0.03,0.10146141052246094
kin8nm,0.74,100,0.74,0.78,0.04,0.10512351989746094
kin8nm,0.74,100,0.74,0.75,0.01,0.09286642074584961
kin8nm,0.74,100,0.74,0.76,0.02,0.10904574394226074
kin8nm,0.74,100,0.74,0.73,0.01,0.1089940071105957
kin8nm,0.74,100,0.74,0.66,0.08,0.10909199714660645
kin8nm,0.74,100,0.74,0.73,0.01,0.11357665061950684
kin8nm,0.74,100,0.74,0.76,0.02,0.10906553268432617
kin8nm,0.74,100,0.74,0.72,0.02,0.11203336715698242
kin8nm,0.74,100,0.74,0.72,0.02,0.11231780052185059
kin8nm,0.74,100,0.74,0.84,0.1,0.10539484024047852
kin8nm,0.79,100,0.79,0.84,0.05,0.10110664367675781
kin8nm,0.79,100,0.79,0.98,0.19,0.10863685607910156
kin8nm,0.79,100,0.79,0.78,0.01,0.10914969444274902
kin8nm,0.79,100,0.79,0.85,0.06,0.10681366920471191
kin8nm,0.79,100,0.79,0.83,0.04,0.11223578453063965
kin8nm,0.79,100,0.79,0.83,0.04,0.10807561874389648
kin8nm,0.79,100,0.79,0.77,0.02,0.1092233657836914
kin8nm,0.79,100,0.79,0.88,0.09,0.10904288291931152
kin8nm,0.79,100,0.79,0.91,0.12,0.10946249961853027
kin8nm,0.79,100,0.79,0.79,0.0,0.10854840278625488
kin8nm,0.84,100,0.84,0.73,0.11,0.11036896705627441
kin8nm,0.84,100,0.84,0.83,0.01,0.10900449752807617
kin8nm,0.84,100,0.84,0.74,0.1,0.10852289199829102
kin8nm,0.84,100,0.84,0.86,0.02,0.10906052589416504
kin8nm,0.84,100,0.84,1.0,0.16,0.10710358619689941
kin8nm,0.84,100,0.84,0.76,0.08,0.10520124435424805
kin8nm,0.84,100,0.84,0.97,0.13,0.11650276184082031
kin8nm,0.84,100,0.84,0.94,0.1,0.10548758506774902
kin8nm,0.84,100,0.84,0.87,0.03,0.1077725887298584
kin8nm,0.84,100,0.84,0.91,0.07,0.10903143882751465
kin8nm,0.89,100,0.89,1.0,0.11,0.11179780960083008
kin8nm,0.89,100,0.89,0.9,0.01,0.11514496803283691
kin8nm,0.89,100,0.89,0.94,0.05,0.10936379432678223
kin8nm,0.89,100,0.89,0.96,0.07,0.10843348503112793
kin8nm,0.89,100,0.89,0.91,0.02,0.11913609504699707
kin8nm,0.89,100,0.89,0.98,0.09,0.10906267166137695
kin8nm,0.89,100,0.89,0.88,0.01,0.11553096771240234
kin8nm,0.89,100,0.89,0.96,0.07,0.10965442657470703
kin8nm,0.89,100,0.89,0.98,0.09,0.10653352737426758
kin8nm,0.89,100,0.89,0.97,0.08,0.1040654182434082
kin8nm,0.95,100,0.95,1.0,0.05,0.10859155654907227
kin8nm,0.95,100,0.95,0.99,0.04,0.10904932022094727
kin8nm,0.95,100,0.95,1.0,0.05,0.10622334480285645
kin8nm,0.95,100,0.95,1.0,0.05,0.11115789413452148
kin8nm,0.95,100,0.95,1.0,0.05,0.10909032821655273
kin8nm,0.95,100,0.95,0.9,0.05,0.10913491249084473
kin8nm,0.95,100,0.95,1.0,0.05,0.10861873626708984
kin8nm,0.95,100,0.95,1.0,0.05,0.10912728309631348
kin8nm,0.95,100,0.95,0.94,0.01,0.10596680641174316
kin8nm,0.95,100,0.95,0.95,0.0,0.10299348831176758
kin8nm,1.0,100,1.0,1.0,0.0,0.09308552742004395
kin8nm,1.0,100,1.0,0.87,0.13,0.1090700626373291
kin8nm,1.0,100,1.0,1.0,0.0,0.10910558700561523
kin8nm,1.0,100,1.0,1.0,0.0,0.10892701148986816
kin8nm,1.0,100,1.0,1.0,0.0,0.10295772552490234
kin8nm,1.0,100,1.0,1.0,0.0,0.11112070083618164
kin8nm,1.0,100,1.0,0.97,0.03,0.10848641395568848
kin8nm,1.0,100,1.0,0.85,0.15,0.10844278335571289
kin8nm,1.0,100,1.0,1.0,0.0,0.09812664985656738
kin8nm,1.0,100,1.0,0.97,0.03,0.10203194618225098
parity5_plus_5,0.0,100,0.0,0.0,0.0,0.10799932479858398
parity5_plus_5,0.0,100,0.0,0.0,0.0,0.09761309623718262
parity5_plus_5,0.0,100,0.0,0.0,0.0,0.10236048698425293
parity5_plus_5,0.0,100,0.0,0.0,0.0,0.10597777366638184
parity5_plus_5,0.0,100,0.0,0.0,0.0,0.10625648498535156
parity5_plus_5,0.0,100,0.0,0.0,0.0,0.11207818984985352
parity5_plus_5,0.0,100,0.0,0.0,0.0,0.11658692359924316
parity5_plus_5,0.0,100,0.0,0.0,0.0,0.1113588809967041
parity5_plus_5,0.0,100,0.0,0.0,0.0,0.1029512882232666
parity5_plus_5,0.0,100,0.0,0.0,0.0,0.10359549522399902
parity5_plus_5,0.05,100,0.05,0.0,0.05,0.09927630424499512
parity5_plus_5,0.05,100,0.05,0.0,0.05,0.09265804290771484
parity5_plus_5,0.05,100,0.05,0.0,0.05,0.10911798477172852
parity5_plus_5,0.05,100,0.05,0.0,0.05,0.10682439804077148
parity5_plus_5,0.05,100,0.05,0.0,0.05,0.10912394523620605
parity5_plus_5,0.05,100,0.05,0.0,0.05,0.10023188591003418
parity5_plus_5,0.05,100,0.05,0.0,0.05,0.09418916702270508
parity5_plus_5,0.05,100,0.05,0.0,0.05,0.10457730293273926
parity5_plus_5,0.05,100,0.05,0.0,0.05,0.11456751823425293
parity5_plus_5,0.05,100,0.05,0.0,0.05,0.10897564888000488
parity5_plus_5,0.11,100,0.11,0.0,0.11,0.10792207717895508
parity5_plus_5,0.11,100,0.11,0.0,0.11,0.10350322723388672
parity5_plus_5,0.11,100,0.11,0.0,0.11,0.11372494697570801
parity5_plus_5,0.11,100,0.11,0.0,0.11,0.10024523735046387
parity5_plus_5,0.11,100,0.11,0.0,0.11,0.09168386459350586
parity5_plus_5,0.11,100,0.11,0.0,0.11,0.10372209548950195
parity5_plus_5,0.11,100,0.11,0.0,0.11,0.10345959663391113
parity5_plus_5,0.11,100,0.11,0.0,0.11,0.10921287536621094
parity5_plus_5,0.11,100,0.11,0.0,0.11,0.1095573902130127
parity5_plus_5,0.11,100,0.11,0.0,0.11,0.09795141220092773
parity5_plus_5,0.16,100,0.16,0.0,0.16,0.09402608871459961
parity5_plus_5,0.16,100,0.16,0.0,0.16,0.10298657417297363
parity5_plus_5,0.16,100,0.16,0.0,0.16,0.10769867897033691
parity5_plus_5,0.16,100,0.16,0.0,0.16,0.10313820838928223
parity5_plus_5,0.16,100,0.16,0.0,0.16,0.09634995460510254
parity5_plus_5,0.16,100,0.16,0.0,0.16,0.10834503173828125
parity5_plus_5,0.16,100,0.16,0.0,0.16,0.10893797874450684
parity5_plus_5,0.16,100,0.16,0.0,0.16,0.10282111167907715
parity5_plus_5,0.16,100,0.16,0.0,0.16,0.10970926284790039
parity5_plus_5,0.16,100,0.16,0.0,0.16,0.107177734375
parity5_plus_5,0.21,100,0.21,0.0,0.21,0.08909201622009277
parity5_plus_5,0.21,100,0.21,0.0,0.21,0.10850334167480469
parity5_plus_5,0.21,100,0.21,0.0,0.21,0.09749317169189453
parity5_plus_5,0.21,100,0.21,0.0,0.21,0.1090688705444336
parity5_plus_5,0.21,100,0.21,0.0,0.21,0.10843086242675781
parity5_plus_5,0.21,100,0.21,0.0,0.21,0.10211682319641113
parity5_plus_5,0.21,100,0.21,0.0,0.21,0.10801911354064941
parity5_plus_5,0.21,100,0.21,0.0,0.21,0.10489630699157715
parity5_plus_5,0.21,100,0.21,0.0,0.21,0.10184574127197266
parity5_plus_5,0.21,100,0.21,0.0,0.21,0.10909080505371094
parity5_plus_5,0.26,100,0.26,0.0,0.26,0.10224652290344238
parity5_plus_5,0.26,100,0.26,0.0,0.26,0.10891866683959961
parity5_plus_5,0.26,100,0.26,0.0,0.26,0.10970807075500488
parity5_plus_5,0.26,100,0.26,0.0,0.26,0.09804606437683105
parity5_plus_5,0.26,100,0.26,0.0,0.26,0.10860967636108398
parity5_plus_5,0.26,100,0.26,0.0,0.26,0.09088969230651855
parity5_plus_5,0.26,100,0.26,0.0,0.26,0.11108613014221191
parity5_plus_5,0.26,100,0.26,0.0,0.26,0.109039306640625
parity5_plus_5,0.26,100,0.26,0.0,0.26,0.09794759750366211
parity5_plus_5,0.26,100,0.26,0.0,0.26,0.1020348072052002
parity5_plus_5,0.32,100,0.32,0.0,0.32,0.10969042778015137
parity5_plus_5,0.32,100,0.32,0.0,0.32,0.10326504707336426
parity5_plus_5,0.32,100,0.32,0.0,0.32,0.09940004348754883
parity5_plus_5,0.32,100,0.32,0.0,0.32,0.09077930450439453
parity5_plus_5,0.32,100,0.32,0.0,0.32,0.1116337776184082
parity5_plus_5,0.32,100,0.32,0.0,0.32,0.10657978057861328
parity5_plus_5,0.32,100,0.32,0.0,0.32,0.09056949615478516
parity5_plus_5,0.32,100,0.32,0.0,0.32,0.0906684398651123
parity5_plus_5,0.32,100,0.32,0.0,0.32,0.10666966438293457
parity5_plus_5,0.32,100,0.32,0.0,0.32,0.10914015769958496
parity5_plus_5,0.37,100,0.37,0.0,0.37,0.1090395450592041
parity5_plus_5,0.37,100,0.37,0.0,0.37,0.10592269897460938
parity5_plus_5,0.37,100,0.37,0.0,0.37,0.09897947311401367
parity5_plus_5,0.37,100,0.37,0.0,0.37,0.10904526710510254
parity5_plus_5,0.37,100,0.37,0.0,0.37,0.10784077644348145
parity5_plus_5,0.37,100,0.37,0.0,0.37,0.1085824966430664
parity5_plus_5,0.37,100,0.37,0.0,0.37,0.11033439636230469
parity5_plus_5,0.37,100,0.37,0.0,0.37,0.10368776321411133
parity5_plus_5,0.37,100,0.37,0.0,0.37,0.1090543270111084
parity5_plus_5,0.37,100,0.37,0.0,0.37,0.1045083999633789
parity5_plus_5,0.42,100,0.42,0.0,0.42,0.10400724411010742
parity5_plus_5,0.42,100,0.42,0.0,0.42,0.09396815299987793
parity5_plus_5,0.42,100,0.42,0.0,0.42,0.10522341728210449
parity5_plus_5,0.42,100,0.42,0.0,0.42,0.1090860366821289
parity5_plus_5,0.42,100,0.42,0.0,0.42,0.11070609092712402
parity5_plus_5,0.42,100,0.42,0.0,0.42,0.10862493515014648
parity5_plus_5,0.42,100,0.42,0.0,0.42,0.09358501434326172
parity5_plus_5,0.42,100,0.42,0.0,0.42,0.10722017288208008
parity5_plus_5,0.42,100,0.42,0.0,0.42,0.0939493179321289
parity5_plus_5,0.42,100,0.42,0.0,0.42,0.09609842300415039
parity5_plus_5,0.47,100,0.47,0.0,0.47,0.09703898429870605
parity5_plus_5,0.47,100,0.47,0.0,0.47,0.10626411437988281
parity5_plus_5,0.47,100,0.47,0.0,0.47,0.10480165481567383
parity5_plus_5,0.47,100,0.47,0.0,0.47,0.10164904594421387
parity5_plus_5,0.47,100,0.47,0.0,0.47,0.1098778247833252
parity5_plus_5,0.47,100,0.47,0.0,0.47,0.10383272171020508
parity5_plus_5,0.47,100,0.47,0.0,0.47,0.10764932632446289
parity5_plus_5,0.47,100,0.47,0.0,0.47,0.10240387916564941
parity5_plus_5,0.47,100,0.47,0.0,0.47,0.10912895202636719
parity5_plus_5,0.47,100,0.47,0.0,0.47,0.10106015205383301
parity5_plus_5,0.53,100,0.53,0.0,0.53,0.11339807510375977
parity5_plus_5,0.53,100,0.53,0.0,0.53,0.1126561164855957
parity5_plus_5,0.53,100,0.53,0.0,0.53,0.1090078353881836
parity5_plus_5,0.53,100,0.53,0.0,0.53,0.10354328155517578
parity5_plus_5,0.53,100,0.53,0.0,0.53,0.1002967357635498
parity5_plus_5,0.53,100,0.53,0.0,0.53,0.10900282859802246
parity5_plus_5,0.53,100,0.53,0.0,0.53,0.10067152976989746
parity5_plus_5,0.53,100,0.53,0.0,0.53,0.11108207702636719
parity5_plus_5,0.53,100,0.53,0.0,0.53,0.10475540161132812
parity5_plus_5,0.53,100,0.53,0.0,0.53,0.10912275314331055
parity5_plus_5,0.58,100,0.58,0.0,0.58,0.10959053039550781
parity5_plus_5,0.58,100,0.58,0.0,0.58,0.1000068187713623
parity5_plus_5,0.58,100,0.58,0.0,0.58,0.09399700164794922
parity5_plus_5,0.58,100,0.58,0.0,0.58,0.10892891883850098
parity5_plus_5,0.58,100,0.58,0.0,0.58,0.10450983047485352
parity5_plus_5,0.58,100,0.58,0.0,0.58,0.09296798706054688
parity5_plus_5,0.58,100,0.58,0.0,0.58,0.11284565925598145
parity5_plus_5,0.58,100,0.58,0.0,0.58,0.09056758880615234
parity5_plus_5,0.58,100,0.58,0.0,0.58,0.10919547080993652
parity5_plus_5,0.58,100,0.58,0.0,0.58,0.10881733894348145
parity5_plus_5,0.63,100,0.63,0.0,0.63,0.10926198959350586
parity5_plus_5,0.63,100,0.63,0.0,0.63,0.10701203346252441
parity5_plus_5,0.63,100,0.63,0.0,0.63,0.09699416160583496
parity5_plus_5,0.63,100,0.63,0.0,0.63,0.0939936637878418
parity5_plus_5,0.63,100,0.63,0.0,0.63,0.10423111915588379
parity5_plus_5,0.63,100,0.63,0.0,0.63,0.10519671440124512
parity5_plus_5,0.63,100,0.63,0.0,0.63,0.09704256057739258
parity5_plus_5,0.63,100,0.63,0.0,0.63,0.1164247989654541
parity5_plus_5,0.63,100,0.63,0.0,0.63,0.10911250114440918
parity5_plus_5,0.63,100,0.63,0.0,0.63,0.10856270790100098
parity5_plus_5,0.68,100,0.68,0.0,0.68,0.10655069351196289
parity5_plus_5,0.68,100,0.68,0.0,0.68,0.0935831069946289
parity5_plus_5,0.68,100,0.68,0.0,0.68,0.10496330261230469
parity5_plus_5,0.68,100,0.68,0.0,0.68,0.1054840087890625
parity5_plus_5,0.68,100,0.68,0.0,0.68,0.10900282859802246
parity5_plus_5,0.68,100,0.68,0.0,0.68,0.11216235160827637
parity5_plus_5,0.68,100,0.68,0.0,0.68,0.10484170913696289
parity5_plus_5,0.68,100,0.68,0.0,0.68,0.10297560691833496
parity5_plus_5,0.68,100,0.68,0.0,0.68,0.1030585765838623
parity5_plus_5,0.68,100,0.68,0.0,0.68,0.10845303535461426
parity5_plus_5,0.74,100,0.74,0.0,0.74,0.09048342704772949
parity5_plus_5,0.74,100,0.74,0.0,0.74,0.11276531219482422
parity5_plus_5,0.74,100,0.74,0.0,0.74,0.09998273849487305
parity5_plus_5,0.74,100,0.74,0.0,0.74,0.09881925582885742
parity5_plus_5,0.74,100,0.74,0.0,0.74,0.09885883331298828
parity5_plus_5,0.74,100,0.74,0.0,0.74,0.10855293273925781
parity5_plus_5,0.74,100,0.74,0.0,0.74,0.10507464408874512
parity5_plus_5,0.74,100,0.74,0.0,0.74,0.10550069808959961
parity5_plus_5,0.74,100,0.74,0.0,0.74,0.10908198356628418
parity5_plus_5,0.74,100,0.74,0.0,0.74,0.10294413566589355
parity5_plus_5,0.79,100,0.79,0.0,0.79,0.10549497604370117
parity5_plus_5,0.79,100,0.79,0.0,0.79,0.09954714775085449
parity5_plus_5,0.79,100,0.79,0.0,0.79,0.10202693939208984
parity5_plus_5,0.79,100,0.79,0.0,0.79,0.10666203498840332
parity5_plus_5,0.79,100,0.79,0.0,0.79,0.09415411949157715
parity5_plus_5,0.79,100,0.79,0.0,0.79,0.10295510292053223
parity5_plus_5,0.79,100,0.79,0.0,0.79,0.10898232460021973
parity5_plus_5,0.79,100,0.79,0.0,0.79,0.10745573043823242
parity5_plus_5,0.79,100,0.79,0.0,0.79,0.10906410217285156
parity5_plus_5,0.79,100,0.79,0.0,0.79,0.1090850830078125
parity5_plus_5,0.84,100,0.84,0.0,0.84,0.10908722877502441
parity5_plus_5,0.84,100,0.84,0.0,0.84,0.0982978343963623
parity5_plus_5,0.84,100,0.84,0.0,0.84,0.10642075538635254
parity5_plus_5,0.84,100,0.84,0.0,0.84,0.0939629077911377
parity5_plus_5,0.84,100,0.84,0.0,0.84,0.11517620086669922
parity5_plus_5,0.84,100,0.84,0.0,0.84,0.09335589408874512
parity5_plus_5,0.84,100,0.84,0.0,0.84,0.11375784873962402
parity5_plus_5,0.84,100,0.84,0.0,0.84,0.09272050857543945
parity5_plus_5,0.84,100,0.84,0.0,0.84,0.09356117248535156
parity5_plus_5,0.84,100,0.84,0.0,0.84,0.11512565612792969
parity5_plus_5,0.89,100,0.89,0.0,0.89,0.10900378227233887
parity5_plus_5,0.89,100,0.89,0.0,0.89,0.1080174446105957
parity5_plus_5,0.89,100,0.89,0.0,0.89,0.1044318675994873
parity5_plus_5,0.89,100,0.89,0.0,0.89,0.10971260070800781
parity5_plus_5,0.89,100,0.89,0.0,0.89,0.10495567321777344
parity5_plus_5,0.89,100,0.89,0.0,0.89,0.09299039840698242
parity5_plus_5,0.89,100,0.89,0.0,0.89,0.09394955635070801
parity5_plus_5,0.89,100,0.89,0.0,0.89,0.10617327690124512
parity5_plus_5,0.89,100,0.89,0.0,0.89,0.10345840454101562
parity5_plus_5,0.89,100,0.89,0.0,0.89,0.10965561866760254
parity5_plus_5,0.95,100,0.95,0.0,0.95,0.11705899238586426
parity5_plus_5,0.95,100,0.95,0.0,0.95,0.10303020477294922
parity5_plus_5,0.95,100,0.95,0.0,0.95,0.10908818244934082
parity5_plus_5,0.95,100,0.95,0.0,0.95,0.10115623474121094
parity5_plus_5,0.95,100,0.95,0.0,0.95,0.10891103744506836
parity5_plus_5,0.95,100,0.95,0.0,0.95,0.10545086860656738
parity5_plus_5,0.95,100,0.95,0.0,0.95,0.09691905975341797
parity5_plus_5,0.95,100,0.95,0.0,0.95,0.10294032096862793
parity5_plus_5,0.95,100,0.95,0.0,0.95,0.10657000541687012
parity5_plus_5,0.95,100,0.95,0.0,0.95,0.10661196708679199
parity5_plus_5,1.0,100,1.0,0.0,1.0,0.10915327072143555
parity5_plus_5,1.0,100,1.0,0.0,1.0,0.10863256454467773
parity5_plus_5,1.0,100,1.0,0.0,1.0,0.10790801048278809
parity5_plus_5,1.0,100,1.0,0.0,1.0,0.10916876792907715
parity5_plus_5,1.0,100,1.0,0.0,1.0,0.10303449630737305
parity5_plus_5,1.0,100,1.0,0.0,1.0,0.10460281372070312
parity5_plus_5,1.0,100,1.0,0.0,1.0,0.11715865135192871
parity5_plus_5,1.0,100,1.0,0.0,1.0,0.10365414619445801
parity5_plus_5,1.0,100,1.0,0.0,1.0,0.10366010665893555
parity5_plus_5,1.0,100,1.0,0.0,1.0,0.1029043197631836
pendigits,0.0,100,0.0,0.0,0.0,0.1110537052154541
pendigits,0.0,100,0.0,0.0,0.0,0.10983896255493164
pendigits,0.0,100,0.0,0.0,0.0,0.12499666213989258
pendigits,0.0,100,0.0,0.0,0.0,0.10598039627075195
pendigits,0.0,100,0.0,0.0,0.0,0.10872316360473633
pendigits,0.0,100,0.0,0.0,0.0,0.10289645195007324
pendigits,0.0,100,0.0,0.0,0.0,0.12055301666259766
pendigits,0.0,100,0.0,0.0,0.0,0.10865068435668945
pendigits,0.0,100,0.0,0.0,0.0,0.10060811042785645
pendigits,0.0,100,0.0,0.0,0.0,0.11286091804504395
pendigits,0.05,100,0.05,0.04,0.01,0.11254048347473145
pendigits,0.05,100,0.05,0.04,0.01,0.10908055305480957
pendigits,0.05,100,0.05,0.04,0.01,0.10857439041137695
pendigits,0.05,100,0.05,0.04,0.01,0.10867595672607422
pendigits,0.05,100,0.05,0.03,0.02,0.10287165641784668
pendigits,0.05,100,0.05,0.04,0.01,0.1096034049987793
pendigits,0.05,100,0.05,0.03,0.02,0.10931849479675293
pendigits,0.05,100,0.05,0.04,0.01,0.103912353515625
pendigits,0.05,100,0.05,0.04,0.01,0.11743712425231934
pendigits,0.05,100,0.05,0.02,0.03,0.1056067943572998
pendigits,0.11,100,0.11,0.1,0.01,0.11574745178222656
pendigits,0.11,100,0.11,0.08,0.03,0.10762858390808105
pendigits,0.11,100,0.11,0.08,0.03,0.10359835624694824
pendigits,0.11,100,0.11,0.1,0.01,0.10837483406066895
pendigits,0.11,100,0.11,0.09,0.02,0.10895657539367676
pendigits,0.11,100,0.11,0.09,0.02,0.1186215877532959
pendigits,0.11,100,0.11,0.11,0.0,0.11966395378112793
pendigits,0.11,100,0.11,0.09,0.02,0.11323904991149902
pendigits,0.11,100,0.11,0.09,0.02,0.09666919708251953
pendigits,0.11,100,0.11,0.08,0.03,0.10212278366088867
pendigits,0.16,100,0.16,0.14,0.02,0.11274838447570801
pendigits,0.16,100,0.16,0.13,0.03,0.1092064380645752
pendigits,0.16,100,0.16,0.14,0.02,0.11089658737182617
pendigits,0.16,100,0.16,0.15,0.01,0.09730339050292969
pendigits,0.16,100,0.16,0.14,0.02,0.12203192710876465
pendigits,0.16,100,0.16,0.16,0.0,0.11465620994567871
pendigits,0.16,100,0.16,0.12,0.04,0.11468005180358887
pendigits,0.16,100,0.16,0.12,0.04,0.10899090766906738
pendigits,0.16,100,0.16,0.13,0.03,0.10912561416625977
pendigits,0.16,100,0.16,0.15,0.01,0.1080787181854248
pendigits,0.21,100,0.21,0.17,0.04,0.10976409912109375
pendigits,0.21,100,0.21,0.19,0.02,0.11113500595092773
pendigits,0.21,100,0.21,0.18,0.03,0.1159968376159668
pendigits,0.21,100,0.21,0.18,0.03,0.09999299049377441
pendigits,0.21,100,0.21,0.19,0.02,0.1041266918182373
pendigits,0.21,100,0.21,0.17,0.04,0.10849761962890625
pendigits,0.21,100,0.21,0.2,0.01,0.10840249061584473
pendigits,0.21,100,0.21,0.19,0.02,0.10951399803161621
pendigits,0.21,100,0.21,0.18,0.03,0.10976743698120117
pendigits,0.21,100,0.21,0.17,0.04,0.10973381996154785
pendigits,0.26,100,0.26,0.23,0.03,0.11362266540527344
pendigits,0.26,100,0.26,0.21,0.05,0.10904359817504883
pendigits,0.26,100,0.26,0.22,0.04,0.11934447288513184
pendigits,0.26,100,0.26,0.23,0.03,0.11430525779724121
pendigits,0.26,100,0.26,0.23,0.03,0.1162562370300293
pendigits,0.26,100,0.26,0.23,0.03,0.11127758026123047
pendigits,0.26,100,0.26,0.21,0.05,0.11001753807067871
pendigits,0.26,100,0.26,0.25,0.01,0.11057662963867188
pendigits,0.26,100,0.26,0.24,0.02,0.109039306640625
pendigits,0.26,100,0.26,0.23,0.03,0.10158038139343262
pendigits,0.32,100,0.32,0.28,0.04,0.10352849960327148
pendigits,0.32,100,0.32,0.28,0.04,0.11017489433288574
pendigits,0.32,100,0.32,0.3,0.02,0.10592484474182129
pendigits,0.32,100,0.32,0.28,0.04,0.10045385360717773
pendigits,0.32,100,0.32,0.27,0.05,0.1087040901184082
pendigits,0.32,100,0.32,0.27,0.05,0.10787582397460938
pendigits,0.32,100,0.32,0.29,0.03,0.10899996757507324
pendigits,0.32,100,0.32,0.29,0.03,0.10205841064453125
pendigits,0.32,100,0.32,0.26,0.06,0.11992430686950684
pendigits,0.32,100,0.32,0.3,0.02,0.10248684883117676
pendigits,0.37,100,0.37,0.34,0.03,0.1025090217590332
pendigits,0.37,100,0.37,0.34,0.03,0.11184406280517578
pendigits,0.37,100,0.37,0.34,0.03,0.11957454681396484
pendigits,0.37,100,0.37,0.32,0.05,0.11909341812133789
pendigits,0.37,100,0.37,0.32,0.05,0.10401391983032227
pendigits,0.37,100,0.37,0.34,0.03,0.10133194923400879
pendigits,0.37,100,0.37,0.33,0.04,0.0991816520690918
pendigits,0.37,100,0.37,0.32,0.05,0.11411213874816895
pendigits,0.37,100,0.37,0.32,0.05,0.11815905570983887
pendigits,0.37,100,0.37,0.35,0.02,0.0952446460723877
pendigits,0.42,100,0.42,0.4,0.02,0.10429644584655762
pendigits,0.42,100,0.42,0.4,0.02,0.10869288444519043
pendigits,0.42,100,0.42,0.37,0.05,0.10664129257202148
pendigits,0.42,100,0.42,0.39,0.03,0.10909342765808105
pendigits,0.42,100,0.42,0.37,0.05,0.10849642753601074
pendigits,0.42,100,0.42,0.38,0.04,0.1186513900756836
pendigits,0.42,100,0.42,0.4,0.02,0.10969090461730957
pendigits,0.42,100,0.42,0.39,0.03,0.1187431812286377
pendigits,0.42,100,0.42,0.39,0.03,0.12095451354980469
pendigits,0.42,100,0.42,0.38,0.04,0.10978817939758301
pendigits,0.47,100,0.47,0.45,0.02,0.1146857738494873
pendigits,0.47,100,0.47,0.44,0.03,0.10917997360229492
pendigits,0.47,100,0.47,0.43,0.04,0.10905838012695312
pendigits,0.47,100,0.47,0.43,0.04,0.10902595520019531
pendigits,0.47,100,0.47,0.4,0.07,0.10905241966247559
pendigits,0.47,100,0.47,0.44,0.03,0.09403276443481445
pendigits,0.47,100,0.47,0.4,0.07,0.10904717445373535
pendigits,0.47,100,0.47,0.45,0.02,0.10289239883422852
pendigits,0.47,100,0.47,0.44,0.03,0.10838150978088379
pendigits,0.47,100,0.47,0.44,0.03,0.11066651344299316
pendigits,0.53,100,0.53,0.49,0.04,0.12511491775512695
pendigits,0.53,100,0.53,0.51,0.02,0.12219095230102539
pendigits,0.53,100,0.53,0.5,0.03,0.11859607696533203
pendigits,0.53,100,0.53,0.51,0.02,0.10644769668579102
pendigits,0.53,100,0.53,0.5,0.03,0.10864853858947754
pendigits,0.53,100,0.53,0.49,0.04,0.12477254867553711
pendigits,0.53,100,0.53,0.51,0.02,0.1162567138671875
pendigits,0.53,100,0.53,0.49,0.04,0.10845661163330078
pendigits,0.53,100,0.53,0.52,0.01,0.10904145240783691
pendigits,0.53,100,0.53,0.51,0.02,0.09738278388977051
pendigits,0.58,100,0.58,0.55,0.03,0.10854411125183105
pendigits,0.58,100,0.58,0.56,0.02,0.1168980598449707
pendigits,0.58,100,0.58,0.56,0.02,0.10199594497680664
pendigits,0.58,100,0.58,0.56,0.02,0.1205906867980957
pendigits,0.58,100,0.58,0.53,0.05,0.11407065391540527
pendigits,0.58,100,0.58,0.57,0.01,0.10214447975158691
pendigits,0.58,100,0.58,0.57,0.01,0.10559248924255371
pendigits,0.58,100,0.58,0.56,0.02,0.10974264144897461
pendigits,0.58,100,0.58,0.55,0.03,0.10305261611938477
pendigits,0.58,100,0.58,0.56,0.02,0.10343503952026367
pendigits,0.63,100,0.63,0.6,0.03,0.10161876678466797
pendigits,0.63,100,0.63,0.6,0.03,0.10427355766296387
pendigits,0.63,100,0.63,0.6,0.03,0.10511565208435059
pendigits,0.63,100,0.63,0.6,0.03,0.1045064926147461
pendigits,0.63,100,0.63,0.6,0.03,0.09801459312438965
pendigits,0.63,100,0.63,0.6,0.03,0.11519861221313477
pendigits,0.63,100,0.63,0.6,0.03,0.11511707305908203
pendigits,0.63,100,0.63,0.59,0.04,0.11330032348632812
pendigits,0.63,100,0.63,0.62,0.01,0.12017464637756348
pendigits,0.63,100,0.63,0.62,0.01,0.10727071762084961
pendigits,0.68,100,0.68,0.64,0.04,0.10705351829528809
pendigits,0.68,100,0.68,0.66,0.02,0.1077873706817627
pendigits,0.68,100,0.68,0.66,0.02,0.10972046852111816
pendigits,0.68,100,0.68,0.64,0.04,0.1063833236694336
pendigits,0.68,100,0.68,0.64,0.04,0.10894322395324707
pendigits,0.68,100,0.68,0.67,0.01,0.1185770034790039
pendigits,0.68,100,0.68,0.65,0.03,0.11429691314697266
pendigits,0.68,100,0.68,0.64,0.04,0.11111116409301758
pendigits,0.68,100,0.68,0.66,0.02,0.10049605369567871
pendigits,0.68,100,0.68,0.66,0.02,0.1086583137512207
pendigits,0.74,100,0.74,0.73,0.01,0.1125037670135498
pendigits,0.74,100,0.74,0.71,0.03,0.10850739479064941
pendigits,0.74,100,0.74,0.72,0.02,0.10899901390075684
pendigits,0.74,100,0.74,0.72,0.02,0.12326478958129883
pendigits,0.74,100,0.74,0.72,0.02,0.10412025451660156
pendigits,0.74,100,0.74,0.72,0.02,0.10917329788208008
pendigits,0.74,100,0.74,0.71,0.03,0.10916662216186523
pendigits,0.74,100,0.74,0.71,0.03,0.10845732688903809
pendigits,0.74,100,0.74,0.73,0.01,0.11526894569396973
pendigits,0.74,100,0.74,0.72,0.02,0.10907769203186035
pendigits,0.79,100,0.79,0.77,0.02,0.10001540184020996
pendigits,0.79,100,0.79,0.78,0.01,0.1147763729095459
pendigits,0.79,100,0.79,0.77,0.02,0.10905194282531738
pendigits,0.79,100,0.79,0.78,0.01,0.11713480949401855
pendigits,0.79,100,0.79,0.78,0.01,0.1085202693939209
pendigits,0.79,100,0.79,0.77,0.02,0.10901165008544922
pendigits,0.79,100,0.79,0.78,0.01,0.10331535339355469
pendigits,0.79,100,0.79,0.77,0.02,0.10261964797973633
pendigits,0.79,100,0.79,0.77,0.02,0.11004519462585449
pendigits,0.79,100,0.79,0.77,0.02,0.10906362533569336
pendigits,0.84,100,0.84,0.82,0.02,0.11913418769836426
pendigits,0.84,100,0.84,0.82,0.02,0.11065006256103516
pendigits,0.84,100,0.84,0.83,0.01,0.10909748077392578
pendigits,0.84,100,0.84,0.83,0.01,0.09893178939819336
pendigits,0.84,100,0.84,0.84,0.0,0.10854363441467285
pendigits,0.84,100,0.84,0.81,0.03,0.09761643409729004
pendigits,0.84,100,0.84,0.81,0.03,0.10653090476989746
pendigits,0.84,100,0.84,0.82,0.02,0.1122288703918457
pendigits,0.84,100,0.84,0.82,0.02,0.10778999328613281
pendigits,0.84,100,0.84,0.83,0.01,0.10860109329223633
pendigits,0.89,100,0.89,0.88,0.01,0.10917139053344727
pendigits,0.89,100,0.89,0.88,0.01,0.10874295234680176
pendigits,0.89,100,0.89,0.87,0.02,0.10807442665100098
pendigits,0.89,100,0.89,0.88,0.01,0.10359621047973633
pendigits,0.89,100,0.89,0.87,0.02,0.10821890830993652
pendigits,0.89,100,0.89,0.88,0.01,0.10920405387878418
pendigits,0.89,100,0.89,0.87,0.02,0.10907602310180664
pendigits,0.89,100,0.89,0.89,0.0,0.1161658763885498
pendigits,0.89,100,0.89,0.88,0.01,0.10906147956848145
pendigits,0.89,100,0.89,0.88,0.01,0.10901689529418945
pendigits,0.95,100,0.95,0.94,0.01,0.11909985542297363
pendigits,0.95,100,0.95,0.94,0.01,0.10897397994995117
pendigits,0.95,100,0.95,0.95,0.0,0.10617208480834961
pendigits,0.95,100,0.95,0.94,0.01,0.10834407806396484
pendigits,0.95,100,0.95,0.96,0.01,0.10068964958190918
pendigits,0.95,100,0.95,0.95,0.0,0.1098031997680664
pendigits,0.95,100,0.95,0.95,0.0,0.09813857078552246
pendigits,0.95,100,0.95,0.94,0.01,0.10301041603088379
pendigits,0.95,100,0.95,0.94,0.01,0.1084287166595459
pendigits,0.95,100,0.95,0.94,0.01,0.10906815528869629
pendigits,1.0,100,1.0,1.0,0.0,0.10307073593139648
pendigits,1.0,100,1.0,1.0,0.0,0.10858392715454102
pendigits,1.0,100,1.0,1.0,0.0,0.11251974105834961
pendigits,1.0,100,1.0,1.0,0.0,0.0941460132598877
pendigits,1.0,100,1.0,1.0,0.0,0.10960865020751953
pendigits,1.0,100,1.0,1.0,0.0,0.10918259620666504
pendigits,1.0,100,1.0,1.0,0.0,0.12307596206665039
pendigits,1.0,100,1.0,1.0,0.0,0.11515665054321289
pendigits,1.0,100,1.0,1.0,0.0,0.11399626731872559
pendigits,1.0,100,1.0,1.0,0.0,0.10719609260559082
phpGUrE90,0.0,100,0.0,0.0,0.0,0.11587738990783691
phpGUrE90,0.0,100,0.0,0.01,0.01,0.10423755645751953
phpGUrE90,0.0,100,0.0,0.01,0.01,0.10918283462524414
phpGUrE90,0.0,100,0.0,0.0,0.0,0.09433650970458984
phpGUrE90,0.0,100,0.0,0.0,0.0,0.10471963882446289
phpGUrE90,0.0,100,0.0,0.01,0.01,0.10906147956848145
phpGUrE90,0.0,100,0.0,0.01,0.01,0.10988807678222656
phpGUrE90,0.0,100,0.0,0.01,0.01,0.10073637962341309
phpGUrE90,0.0,100,0.0,0.01,0.01,0.09390759468078613
phpGUrE90,0.0,100,0.0,0.0,0.0,0.11263799667358398
phpGUrE90,0.05,100,0.05,0.02,0.03,0.10511112213134766
phpGUrE90,0.05,100,0.05,0.04,0.01,0.10309958457946777
phpGUrE90,0.05,100,0.05,0.03,0.02,0.10502862930297852
phpGUrE90,0.05,100,0.05,0.04,0.01,0.10428905487060547
phpGUrE90,0.05,100,0.05,0.03,0.02,0.10929393768310547
phpGUrE90,0.05,100,0.05,0.01,0.04,0.10999488830566406
phpGUrE90,0.05,100,0.05,0.03,0.02,0.10886597633361816
phpGUrE90,0.05,100,0.05,0.03,0.02,0.10004925727844238
phpGUrE90,0.05,100,0.05,0.03,0.02,0.09569287300109863
phpGUrE90,0.05,100,0.05,0.04,0.01,0.0875096321105957
phpGUrE90,0.11,100,0.11,0.07,0.04,0.1029512882232666
phpGUrE90,0.11,100,0.11,0.08,0.03,0.10392880439758301
phpGUrE90,0.11,100,0.11,0.09,0.02,0.10339975357055664
phpGUrE90,0.11,100,0.11,0.07,0.04,0.09977483749389648
phpGUrE90,0.11,100,0.11,0.05,0.06,0.10856032371520996
phpGUrE90,0.11,100,0.11,0.13,0.02,0.10906505584716797
phpGUrE90,0.11,100,0.11,0.07,0.04,0.10632562637329102
phpGUrE90,0.11,100,0.11,0.1,0.01,0.10207176208496094
phpGUrE90,0.11,100,0.11,0.08,0.03,0.10895180702209473
phpGUrE90,0.11,100,0.11,0.06,0.05,0.11371278762817383
phpGUrE90,0.16,100,0.16,0.11,0.05,0.10322332382202148
phpGUrE90,0.16,100,0.16,0.07,0.09,0.10790014266967773
phpGUrE90,0.16,100,0.16,0.1,0.06,0.09722328186035156
phpGUrE90,0.16,100,0.16,0.11,0.05,0.09355449676513672
phpGUrE90,0.16,100,0.16,0.13,0.03,0.09691333770751953
phpGUrE90,0.16,100,0.16,0.1,0.06,0.08947563171386719
phpGUrE90,0.16,100,0.16,0.15,0.01,0.10297751426696777
phpGUrE90,0.16,100,0.16,0.11,0.05,0.09260082244873047
phpGUrE90,0.16,100,0.16,0.15,0.01,0.10973000526428223
phpGUrE90,0.16,100,0.16,0.11,0.05,0.10514140129089355
phpGUrE90,0.21,100,0.21,0.14,0.07,0.1000218391418457
phpGUrE90,0.21,100,0.21,0.21,0.0,0.11765146255493164
phpGUrE90,0.21,100,0.21,0.16,0.05,0.0978996753692627
phpGUrE90,0.21,100,0.21,0.17,0.04,0.10063886642456055
phpGUrE90,0.21,100,0.21,0.15,0.06,0.10998654365539551
phpGUrE90,0.21,100,0.21,0.12,0.09,0.09290862083435059
phpGUrE90,0.21,100,0.21,0.2,0.01,0.10312962532043457
phpGUrE90,0.21,100,0.21,0.15,0.06,0.10433769226074219
phpGUrE90,0.21,100,0.21,0.2,0.01,0.1060028076171875
phpGUrE90,0.21,100,0.21,0.16,0.05,0.1191401481628418
phpGUrE90,0.26,100,0.26,0.21,0.05,0.10627436637878418
phpGUrE90,0.26,100,0.26,0.19,0.07,0.10182976722717285
phpGUrE90,0.26,100,0.26,0.19,0.07,0.10452437400817871
phpGUrE90,0.26,100,0.26,0.26,0.0,0.10849475860595703
phpGUrE90,0.26,100,0.26,0.14,0.12,0.09359097480773926
phpGUrE90,0.26,100,0.26,0.21,0.05,0.09164142608642578
phpGUrE90,0.26,100,0.26,0.21,0.05,0.10924339294433594
phpGUrE90,0.26,100,0.26,0.21,0.05,0.11401534080505371
phpGUrE90,0.26,100,0.26,0.26,0.0,0.09256410598754883
phpGUrE90,0.26,100,0.26,0.19,0.07,0.09143638610839844
phpGUrE90,0.32,100,0.32,0.29,0.03,0.10412955284118652
phpGUrE90,0.32,100,0.32,0.31,0.01,0.10789108276367188
phpGUrE90,0.32,100,0.32,0.23,0.09,0.09393715858459473
phpGUrE90,0.32,100,0.32,0.26,0.06,0.10265231132507324
phpGUrE90,0.32,100,0.32,0.32,0.0,0.10955810546875
phpGUrE90,0.32,100,0.32,0.22,0.1,0.10908389091491699
phpGUrE90,0.32,100,0.32,0.24,0.08,0.10917353630065918
phpGUrE90,0.32,100,0.32,0.27,0.05,0.10904407501220703
phpGUrE90,0.32,100,0.32,0.32,0.0,0.10303640365600586
phpGUrE90,0.32,100,0.32,0.32,0.0,0.09689688682556152
phpGUrE90,0.37,100,0.37,0.3,0.07,0.10061907768249512
phpGUrE90,0.37,100,0.37,0.27,0.1,0.11224198341369629
phpGUrE90,0.37,100,0.37,0.34,0.03,0.10757017135620117
phpGUrE90,0.37,100,0.37,0.31,0.06,0.09405231475830078
phpGUrE90,0.37,100,0.37,0.3,0.07,0.1037595272064209
phpGUrE90,0.37,100,0.37,0.32,0.05,0.1086573600769043
phpGUrE90,0.37,100,0.37,0.35,0.02,0.09315729141235352
phpGUrE90,0.37,100,0.37,0.32,0.05,0.11802864074707031
phpGUrE90,0.37,100,0.37,0.32,0.05,0.10363650321960449
phpGUrE90,0.37,100,0.37,0.28,0.09,0.1115274429321289
phpGUrE90,0.42,100,0.42,0.43,0.01,0.10799479484558105
phpGUrE90,0.42,100,0.42,0.33,0.09,0.10909271240234375
phpGUrE90,0.42,100,0.42,0.39,0.03,0.08780217170715332
phpGUrE90,0.42,100,0.42,0.4,0.02,0.0887911319732666
phpGUrE90,0.42,100,0.42,0.34,0.08,0.10907196998596191
phpGUrE90,0.42,100,0.42,0.36,0.06,0.10720181465148926
phpGUrE90,0.42,100,0.42,0.35,0.07,0.10491347312927246
phpGUrE90,0.42,100,0.42,0.38,0.04,0.10273623466491699
phpGUrE90,0.42,100,0.42,0.39,0.03,0.10823631286621094
phpGUrE90,0.42,100,0.42,0.4,0.02,0.10518264770507812
phpGUrE90,0.47,100,0.47,0.49,0.02,0.10235190391540527
phpGUrE90,0.47,100,0.47,0.44,0.03,0.11832666397094727
phpGUrE90,0.47,100,0.47,0.39,0.08,0.10860610008239746
phpGUrE90,0.47,100,0.47,0.42,0.05,0.1089777946472168
phpGUrE90,0.47,100,0.47,0.45,0.02,0.10451698303222656
phpGUrE90,0.47,100,0.47,0.46,0.01,0.10365128517150879
phpGUrE90,0.47,100,0.47,0.35,0.12,0.10837388038635254
phpGUrE90,0.47,100,0.47,0.49,0.02,0.10188055038452148
phpGUrE90,0.47,100,0.47,0.5,0.03,0.10109090805053711
phpGUrE90,0.47,100,0.47,0.44,0.03,0.10345959663391113
phpGUrE90,0.53,100,0.53,0.49,0.04,0.10347795486450195
phpGUrE90,0.53,100,0.53,0.51,0.02,0.10905790328979492
phpGUrE90,0.53,100,0.53,0.51,0.02,0.10950779914855957
phpGUrE90,0.53,100,0.53,0.48,0.05,0.11933088302612305
phpGUrE90,0.53,100,0.53,0.49,0.04,0.10906100273132324
phpGUrE90,0.53,100,0.53,0.47,0.06,0.10421323776245117
phpGUrE90,0.53,100,0.53,0.46,0.07,0.10641217231750488
phpGUrE90,0.53,100,0.53,0.51,0.02,0.10896110534667969
phpGUrE90,0.53,100,0.53,0.5,0.03,0.10000824928283691
phpGUrE90,0.53,100,0.53,0.59,0.06,0.10923457145690918
phpGUrE90,0.58,100,0.58,0.56,0.02,0.10356688499450684
phpGUrE90,0.58,100,0.58,0.58,0.0,0.11826086044311523
phpGUrE90,0.58,100,0.58,0.55,0.03,0.09340071678161621
phpGUrE90,0.58,100,0.58,0.58,0.0,0.10907506942749023
phpGUrE90,0.58,100,0.58,0.55,0.03,0.10058403015136719
phpGUrE90,0.58,100,0.58,0.55,0.03,0.10291385650634766
phpGUrE90,0.58,100,0.58,0.6,0.02,0.10799002647399902
phpGUrE90,0.58,100,0.58,0.51,0.07,0.10907673835754395
phpGUrE90,0.58,100,0.58,0.53,0.05,0.10904955863952637
phpGUrE90,0.58,100,0.58,0.6,0.02,0.10327410697937012
phpGUrE90,0.63,100,0.63,0.66,0.03,0.10899662971496582
phpGUrE90,0.63,100,0.63,0.6,0.03,0.10907101631164551
phpGUrE90,0.63,100,0.63,0.62,0.01,0.08705973625183105
phpGUrE90,0.63,100,0.63,0.64,0.01,0.10362958908081055
phpGUrE90,0.63,100,0.63,0.54,0.09,0.10898494720458984
phpGUrE90,0.63,100,0.63,0.65,0.02,0.10151338577270508
phpGUrE90,0.63,100,0.63,0.61,0.02,0.1089484691619873
phpGUrE90,0.63,100,0.63,0.6,0.03,0.10305666923522949
phpGUrE90,0.63,100,0.63,0.65,0.02,0.10301542282104492
phpGUrE90,0.63,100,0.63,0.6,0.03,0.10913681983947754
phpGUrE90,0.68,100,0.68,0.63,0.05,0.10826730728149414
phpGUrE90,0.68,100,0.68,0.66,0.02,0.10960507392883301
phpGUrE90,0.68,100,0.68,0.74,0.06,0.1009054183959961
phpGUrE90,0.68,100,0.68,0.66,0.02,0.10387992858886719
phpGUrE90,0.68,100,0.68,0.62,0.06,0.10298466682434082
phpGUrE90,0.68,100,0.68,0.74,0.06,0.10192203521728516
phpGUrE90,0.68,100,0.68,0.65,0.03,0.09063291549682617
phpGUrE90,0.68,100,0.68,0.68,0.0,0.09023857116699219
phpGUrE90,0.68,100,0.68,0.65,0.03,0.10039591789245605
phpGUrE90,0.68,100,0.68,0.63,0.05,0.10231924057006836
phpGUrE90,0.74,100,0.74,0.71,0.03,0.10498952865600586
phpGUrE90,0.74,100,0.74,0.74,0.0,0.09539294242858887
phpGUrE90,0.74,100,0.74,0.69,0.05,0.10908889770507812
phpGUrE90,0.74,100,0.74,0.75,0.01,0.10175633430480957
phpGUrE90,0.74,100,0.74,0.76,0.02,0.10497570037841797
phpGUrE90,0.74,100,0.74,0.75,0.01,0.11118221282958984
phpGUrE90,0.74,100,0.74,0.69,0.05,0.09690165519714355
phpGUrE90,0.74,100,0.74,0.76,0.02,0.09133696556091309
phpGUrE90,0.74,100,0.74,0.7,0.04,0.10451102256774902
phpGUrE90,0.74,100,0.74,0.71,0.03,0.10289621353149414
phpGUrE90,0.79,100,0.79,0.83,0.04,0.1051630973815918
phpGUrE90,0.79,100,0.79,0.81,0.02,0.10207605361938477
phpGUrE90,0.79,100,0.79,0.78,0.01,0.10898470878601074
phpGUrE90,0.79,100,0.79,0.85,0.06,0.1098482608795166
phpGUrE90,0.79,100,0.79,0.76,0.03,0.10326647758483887
phpGUrE90,0.79,100,0.79,0.75,0.04,0.10979008674621582
phpGUrE90,0.79,100,0.79,0.77,0.02,0.09229397773742676
phpGUrE90,0.79,100,0.79,0.76,0.03,0.10001611709594727
phpGUrE90,0.79,100,0.79,0.78,0.01,0.10852980613708496
phpGUrE90,0.79,100,0.79,0.81,0.02,0.10907793045043945
phpGUrE90,0.84,100,0.84,0.79,0.05,0.09325909614562988
phpGUrE90,0.84,100,0.84,0.84,0.0,0.09957575798034668
phpGUrE90,0.84,100,0.84,0.8,0.04,0.1096186637878418
phpGUrE90,0.84,100,0.84,0.82,0.02,0.10682177543640137
phpGUrE90,0.84,100,0.84,0.82,0.02,0.10002946853637695
phpGUrE90,0.84,100,0.84,0.86,0.02,0.10901165008544922
phpGUrE90,0.84,100,0.84,0.85,0.01,0.1034860610961914
phpGUrE90,0.84,100,0.84,0.85,0.01,0.10837960243225098
phpGUrE90,0.84,100,0.84,0.87,0.03,0.10904860496520996
phpGUrE90,0.84,100,0.84,0.84,0.0,0.09403371810913086
phpGUrE90,0.89,100,0.89,0.87,0.02,0.10473132133483887
phpGUrE90,0.89,100,0.89,0.92,0.03,0.10904145240783691
phpGUrE90,0.89,100,0.89,0.88,0.01,0.10876321792602539
phpGUrE90,0.89,100,0.89,0.9,0.01,0.09959983825683594
phpGUrE90,0.89,100,0.89,0.86,0.03,0.10160684585571289
phpGUrE90,0.89,100,0.89,0.85,0.04,0.1084587574005127
phpGUrE90,0.89,100,0.89,0.88,0.01,0.10553145408630371
phpGUrE90,0.89,100,0.89,0.94,0.05,0.10300135612487793
phpGUrE90,0.89,100,0.89,0.89,0.0,0.11586189270019531
phpGUrE90,0.89,100,0.89,0.91,0.02,0.11732673645019531
phpGUrE90,0.95,100,0.95,0.93,0.02,0.10352420806884766
phpGUrE90,0.95,100,0.95,0.94,0.01,0.10913920402526855
phpGUrE90,0.95,100,0.95,0.92,0.03,0.10445356369018555
phpGUrE90,0.95,100,0.95,0.94,0.01,0.10010099411010742
phpGUrE90,0.95,100,0.95,0.98,0.03,0.10523581504821777
phpGUrE90,0.95,100,0.95,0.94,0.01,0.10301733016967773
phpGUrE90,0.95,100,0.95,0.94,0.01,0.10813212394714355
phpGUrE90,0.95,100,0.95,0.94,0.01,0.09333539009094238
phpGUrE90,0.95,100,0.95,0.92,0.03,0.10239672660827637
phpGUrE90,0.95,100,0.95,0.93,0.02,0.11539793014526367
phpGUrE90,1.0,100,1.0,0.98,0.02,0.1001589298248291
phpGUrE90,1.0,100,1.0,0.98,0.02,0.08930277824401855
phpGUrE90,1.0,100,1.0,0.99,0.01,0.10901975631713867
phpGUrE90,1.0,100,1.0,0.99,0.01,0.10857176780700684
phpGUrE90,1.0,100,1.0,0.98,0.02,0.10918736457824707
phpGUrE90,1.0,100,1.0,0.98,0.02,0.1036231517791748
phpGUrE90,1.0,100,1.0,0.99,0.01,0.10828900337219238
phpGUrE90,1.0,100,1.0,0.99,0.01,0.10707807540893555
phpGUrE90,1.0,100,1.0,0.98,0.02,0.10112261772155762
phpGUrE90,1.0,100,1.0,0.98,0.02,0.0921165943145752
phphQEck0,0.0,100,0.0,0.0,0.0,0.1876678466796875
phphQEck0,0.0,100,0.0,0.0,0.0,0.18465518951416016
phphQEck0,0.0,100,0.0,0.0,0.0,0.19066810607910156
phphQEck0,0.0,100,0.0,0.0,0.0,0.19314241409301758
phphQEck0,0.0,100,0.0,0.0,0.0,0.18688583374023438
phphQEck0,0.0,100,0.0,0.0,0.0,0.18225646018981934
phphQEck0,0.0,100,0.0,0.0,0.0,0.1858675479888916
phphQEck0,0.0,100,0.0,0.0,0.0,0.17166829109191895
phphQEck0,0.0,100,0.0,0.0,0.0,0.18542861938476562
phphQEck0,0.0,100,0.0,0.0,0.0,0.18772292137145996
phphQEck0,0.05,100,0.05,0.03,0.02,0.18687033653259277
phphQEck0,0.05,100,0.05,0.04,0.01,0.18277764320373535
phphQEck0,0.05,100,0.05,0.02,0.03,0.1867988109588623
phphQEck0,0.05,100,0.05,0.05,0.0,0.1675093173980713
phphQEck0,0.05,100,0.05,0.04,0.01,0.1867811679840088
phphQEck0,0.05,100,0.05,0.02,0.03,0.1872701644897461
phphQEck0,0.05,100,0.05,0.04,0.01,0.18488478660583496
phphQEck0,0.05,100,0.05,0.04,0.01,0.18619823455810547
phphQEck0,0.05,100,0.05,0.04,0.01,0.18462467193603516
phphQEck0,0.05,100,0.05,0.04,0.01,0.18689489364624023
phphQEck0,0.11,100,0.11,0.07,0.04,0.18110418319702148
phphQEck0,0.11,100,0.11,0.11,0.0,0.1716632843017578
phphQEck0,0.11,100,0.11,0.06,0.05,0.1752169132232666
phphQEck0,0.11,100,0.11,0.09,0.02,0.17807555198669434
phphQEck0,0.11,100,0.11,0.11,0.0,0.19489097595214844
phphQEck0,0.11,100,0.11,0.11,0.0,0.17364287376403809
phphQEck0,0.11,100,0.11,0.11,0.0,0.17187285423278809
phphQEck0,0.11,100,0.11,0.1,0.01,0.17453718185424805
phphQEck0,0.11,100,0.11,0.1,0.01,0.18220829963684082
phphQEck0,0.11,100,0.11,0.11,0.0,0.17032766342163086
phphQEck0,0.16,100,0.16,0.17,0.01,0.18733739852905273
phphQEck0,0.16,100,0.16,0.14,0.02,0.1761794090270996
phphQEck0,0.16,100,0.16,0.16,0.0,0.18319272994995117
phphQEck0,0.16,100,0.16,0.16,0.0,0.17445945739746094
phphQEck0,0.16,100,0.16,0.13,0.03,0.1800098419189453
phphQEck0,0.16,100,0.16,0.15,0.01,0.18079662322998047
phphQEck0,0.16,100,0.16,0.14,0.02,0.1712477207183838
phphQEck0,0.16,100,0.16,0.14,0.02,0.19039201736450195
phphQEck0,0.16,100,0.16,0.14,0.02,0.1716930866241455
phphQEck0,0.16,100,0.16,0.14,0.02,0.17122554779052734
phphQEck0,0.21,100,0.21,0.2,0.01,0.18525099754333496
phphQEck0,0.21,100,0.21,0.18,0.03,0.2052321434020996
phphQEck0,0.21,100,0.21,0.21,0.0,0.18738818168640137
phphQEck0,0.21,100,0.21,0.21,0.0,0.18730568885803223
phphQEck0,0.21,100,0.21,0.2,0.01,0.18564701080322266
phphQEck0,0.21,100,0.21,0.2,0.01,0.17505908012390137
phphQEck0,0.21,100,0.21,0.22,0.01,0.18730878829956055
phphQEck0,0.21,100,0.21,0.19,0.02,0.19025015830993652
phphQEck0,0.21,100,0.21,0.21,0.0,0.17176580429077148
phphQEck0,0.21,100,0.21,0.22,0.01,0.17121195793151855
phphQEck0,0.26,100,0.26,0.28,0.02,0.18352293968200684
phphQEck0,0.26,100,0.26,0.25,0.01,0.1899423599243164
phphQEck0,0.26,100,0.26,0.26,0.0,0.18117952346801758
phphQEck0,0.26,100,0.26,0.25,0.01,0.18688750267028809
phphQEck0,0.26,100,0.26,0.25,0.01,0.18628931045532227
phphQEck0,0.26,100,0.26,0.25,0.01,0.16465449333190918
phphQEck0,0.26,100,0.26,0.26,0.0,0.18735241889953613
phphQEck0,0.26,100,0.26,0.25,0.01,0.1817770004272461
phphQEck0,0.26,100,0.26,0.25,0.01,0.1803429126739502
phphQEck0,0.26,100,0.26,0.23,0.03,0.1757831573486328
phphQEck0,0.32,100,0.32,0.33,0.01,0.18713879585266113
phphQEck0,0.32,100,0.32,0.33,0.01,0.19350695610046387
phphQEck0,0.32,100,0.32,0.33,0.01,0.17165374755859375
phphQEck0,0.32,100,0.32,0.33,0.01,0.1788020133972168
phphQEck0,0.32,100,0.32,0.32,0.0,0.19699788093566895
phphQEck0,0.32,100,0.32,0.29,0.03,0.1873798370361328
phphQEck0,0.32,100,0.32,0.32,0.0,0.17140746116638184
phphQEck0,0.32,100,0.32,0.33,0.01,0.18079423904418945
phphQEck0,0.32,100,0.32,0.3,0.02,0.18063855171203613
phphQEck0,0.32,100,0.32,0.31,0.01,0.18674445152282715
phphQEck0,0.37,100,0.37,0.38,0.01,0.182783842086792
phphQEck0,0.37,100,0.37,0.38,0.01,0.18088793754577637
phphQEck0,0.37,100,0.37,0.33,0.04,0.18682241439819336
phphQEck0,0.37,100,0.37,0.35,0.02,0.18540477752685547
phphQEck0,0.37,100,0.37,0.38,0.01,0.18223166465759277
phphQEck0,0.37,100,0.37,0.38,0.01,0.1891186237335205
phphQEck0,0.37,100,0.37,0.38,0.01,0.1975111961364746
phphQEck0,0.37,100,0.37,0.38,0.01,0.19346022605895996
phphQEck0,0.37,100,0.37,0.38,0.01,0.18665409088134766
phphQEck0,0.37,100,0.37,0.38,0.01,0.17223262786865234
phphQEck0,0.42,100,0.42,0.43,0.01,0.1891169548034668
phphQEck0,0.42,100,0.42,0.41,0.01,0.17276620864868164
phphQEck0,0.42,100,0.42,0.41,0.01,0.18613195419311523
phphQEck0,0.42,100,0.42,0.43,0.01,0.19531536102294922
phphQEck0,0.42,100,0.42,0.44,0.02,0.17723441123962402
phphQEck0,0.42,100,0.42,0.44,0.02,0.187652587890625
phphQEck0,0.42,100,0.42,0.44,0.02,0.1712019443511963
phphQEck0,0.42,100,0.42,0.44,0.02,0.18065690994262695
phphQEck0,0.42,100,0.42,0.42,0.0,0.1713259220123291
phphQEck0,0.42,100,0.42,0.42,0.0,0.18578624725341797
phphQEck0,0.47,100,0.47,0.48,0.01,0.17821407318115234
phphQEck0,0.47,100,0.47,0.53,0.06,0.18581438064575195
phphQEck0,0.47,100,0.47,0.44,0.03,0.19089436531066895
phphQEck0,0.47,100,0.47,0.49,0.02,0.1715538501739502
phphQEck0,0.47,100,0.47,0.49,0.02,0.1866774559020996
phphQEck0,0.47,100,0.47,0.47,0.0,0.1665019989013672
phphQEck0,0.47,100,0.47,0.46,0.01,0.17106938362121582
phphQEck0,0.47,100,0.47,0.47,0.0,0.19028425216674805
phphQEck0,0.47,100,0.47,0.5,0.03,0.1785118579864502
phphQEck0,0.47,100,0.47,0.48,0.01,0.18734955787658691
phphQEck0,0.53,100,0.53,0.54,0.01,0.1847400665283203
phphQEck0,0.53,100,0.53,0.56,0.03,0.17314505577087402
phphQEck0,0.53,100,0.53,0.56,0.03,0.17197442054748535
phphQEck0,0.53,100,0.53,0.55,0.02,0.1769084930419922
phphQEck0,0.53,100,0.53,0.55,0.02,0.1782999038696289
phphQEck0,0.53,100,0.53,0.5,0.03,0.1825094223022461
phphQEck0,0.53,100,0.53,0.49,0.04,0.1827685832977295
phphQEck0,0.53,100,0.53,0.52,0.01,0.190659761428833
phphQEck0,0.53,100,0.53,0.54,0.01,0.18825054168701172
phphQEck0,0.53,100,0.53,0.56,0.03,0.17168831825256348
phphQEck0,0.58,100,0.58,0.6,0.02,0.17867422103881836
phphQEck0,0.58,100,0.58,0.6,0.02,0.19003987312316895
phphQEck0,0.58,100,0.58,0.59,0.01,0.1783134937286377
phphQEck0,0.58,100,0.58,0.6,0.02,0.184098482131958
phphQEck0,0.58,100,0.58,0.6,0.02,0.1958005428314209
phphQEck0,0.58,100,0.58,0.57,0.01,0.17409348487854004
phphQEck0,0.58,100,0.58,0.62,0.04,0.18830394744873047
phphQEck0,0.58,100,0.58,0.61,0.03,0.18647027015686035
phphQEck0,0.58,100,0.58,0.63,0.05,0.1915900707244873
phphQEck0,0.58,100,0.58,0.57,0.01,0.18668770790100098
phphQEck0,0.63,100,0.63,0.65,0.02,0.1868133544921875
phphQEck0,0.63,100,0.63,0.65,0.02,0.17799949645996094
phphQEck0,0.63,100,0.63,0.67,0.04,0.18796515464782715
phphQEck0,0.63,100,0.63,0.64,0.01,0.19238853454589844
phphQEck0,0.63,100,0.63,0.63,0.0,0.19626832008361816
phphQEck0,0.63,100,0.63,0.65,0.02,0.1814439296722412
phphQEck0,0.63,100,0.63,0.63,0.0,0.18245935440063477
phphQEck0,0.63,100,0.63,0.66,0.03,0.1802845001220703
phphQEck0,0.63,100,0.63,0.66,0.03,0.18145108222961426
phphQEck0,0.63,100,0.63,0.66,0.03,0.18921160697937012
phphQEck0,0.68,100,0.68,0.72,0.04,0.18137216567993164
phphQEck0,0.68,100,0.68,0.67,0.01,0.187483549118042
phphQEck0,0.68,100,0.68,0.67,0.01,0.16968917846679688
phphQEck0,0.68,100,0.68,0.69,0.01,0.18047046661376953
phphQEck0,0.68,100,0.68,0.71,0.03,0.18648624420166016
phphQEck0,0.68,100,0.68,0.71,0.03,0.18876194953918457
phphQEck0,0.68,100,0.68,0.69,0.01,0.18612265586853027
phphQEck0,0.68,100,0.68,0.72,0.04,0.18071413040161133
phphQEck0,0.68,100,0.68,0.69,0.01,0.17699980735778809
phphQEck0,0.68,100,0.68,0.73,0.05,0.17776870727539062
phphQEck0,0.74,100,0.74,0.75,0.01,0.190446138381958
phphQEck0,0.74,100,0.74,0.78,0.04,0.1807248592376709
phphQEck0,0.74,100,0.74,0.77,0.03,0.18021464347839355
phphQEck0,0.74,100,0.74,0.76,0.02,0.1873924732208252
phphQEck0,0.74,100,0.74,0.73,0.01,0.1891629695892334
phphQEck0,0.74,100,0.74,0.75,0.01,0.1798238754272461
phphQEck0,0.74,100,0.74,0.79,0.05,0.17764925956726074
phphQEck0,0.74,100,0.74,0.79,0.05,0.17065834999084473
phphQEck0,0.74,100,0.74,0.75,0.01,0.1812152862548828
phphQEck0,0.74,100,0.74,0.75,0.01,0.16900920867919922
phphQEck0,0.79,100,0.79,0.84,0.05,0.1811976432800293
phphQEck0,0.79,100,0.79,0.81,0.02,0.19706058502197266
phphQEck0,0.79,100,0.79,0.84,0.05,0.1875770092010498
phphQEck0,0.79,100,0.79,0.82,0.03,0.18689823150634766
phphQEck0,0.79,100,0.79,0.84,0.05,0.18735575675964355
phphQEck0,0.79,100,0.79,0.84,0.05,0.182464599609375
phphQEck0,0.79,100,0.79,0.83,0.04,0.18561840057373047
phphQEck0,0.79,100,0.79,0.82,0.03,0.17114973068237305
phphQEck0,0.79,100,0.79,0.84,0.05,0.1656639575958252
phphQEck0,0.79,100,0.79,0.82,0.03,0.17119526863098145
phphQEck0,0.84,100,0.84,0.88,0.04,0.1716928482055664
phphQEck0,0.84,100,0.84,0.86,0.02,0.19295096397399902
phphQEck0,0.84,100,0.84,0.92,0.08,0.1708078384399414
phphQEck0,0.84,100,0.84,0.9,0.06,0.19343805313110352
phphQEck0,0.84,100,0.84,0.88,0.04,0.16857099533081055
phphQEck0,0.84,100,0.84,0.91,0.07,0.17955565452575684
phphQEck0,0.84,100,0.84,0.84,0.0,0.1806797981262207
phphQEck0,0.84,100,0.84,0.85,0.01,0.1769704818725586
phphQEck0,0.84,100,0.84,0.87,0.03,0.18776869773864746
phphQEck0,0.84,100,0.84,0.83,0.01,0.1791214942932129
phphQEck0,0.89,100,0.89,0.92,0.03,0.18073415756225586
phphQEck0,0.89,100,0.89,0.94,0.05,0.18287229537963867
phphQEck0,0.89,100,0.89,0.89,0.0,0.16546225547790527
phphQEck0,0.89,100,0.89,0.95,0.06,0.18392348289489746
phphQEck0,0.89,100,0.89,0.92,0.03,0.18894672393798828
phphQEck0,0.89,100,0.89,0.92,0.03,0.180711030960083
phphQEck0,0.89,100,0.89,0.94,0.05,0.187208890914917
phphQEck0,0.89,100,0.89,0.88,0.01,0.1927642822265625
phphQEck0,0.89,100,0.89,0.91,0.02,0.18609404563903809
phphQEck0,0.89,100,0.89,0.96,0.07,0.18671178817749023
phphQEck0,0.95,100,0.95,0.98,0.03,0.18628978729248047
phphQEck0,0.95,100,0.95,0.97,0.02,0.1870121955871582
phphQEck0,0.95,100,0.95,0.98,0.03,0.18227887153625488
phphQEck0,0.95,100,0.95,0.97,0.02,0.1958024501800537
phphQEck0,0.95,100,0.95,0.99,0.04,0.18673133850097656
phphQEck0,0.95,100,0.95,0.99,0.04,0.17519521713256836
phphQEck0,0.95,100,0.95,0.99,0.04,0.18483376502990723
phphQEck0,0.95,100,0.95,0.99,0.04,0.18021154403686523
phphQEck0,0.95,100,0.95,0.97,0.02,0.17806053161621094
phphQEck0,0.95,100,0.95,0.97,0.02,0.19687485694885254
phphQEck0,1.0,100,1.0,1.0,0.0,0.1929473876953125
phphQEck0,1.0,100,1.0,1.0,0.0,0.18416094779968262
phphQEck0,1.0,100,1.0,1.0,0.0,0.19200396537780762
phphQEck0,1.0,100,1.0,1.0,0.0,0.17487740516662598
phphQEck0,1.0,100,1.0,1.0,0.0,0.18228650093078613
phphQEck0,1.0,100,1.0,1.0,0.0,0.17215275764465332
phphQEck0,1.0,100,1.0,1.0,0.0,0.18805789947509766
phphQEck0,1.0,100,1.0,1.0,0.0,0.18607139587402344
phphQEck0,1.0,100,1.0,1.0,0.0,0.1883244514465332
phphQEck0,1.0,100,1.0,1.0,0.0,0.17575430870056152
phpMD2hR6,0.0,100,0.0,0.01,0.01,0.12060093879699707
phpMD2hR6,0.0,100,0.0,0.01,0.01,0.12421488761901855
phpMD2hR6,0.0,100,0.0,0.01,0.01,0.13205933570861816
phpMD2hR6,0.0,100,0.0,0.01,0.01,0.13791418075561523
phpMD2hR6,0.0,100,0.0,0.01,0.01,0.14612555503845215
phpMD2hR6,0.0,100,0.0,0.01,0.01,0.13501310348510742
phpMD2hR6,0.0,100,0.0,0.01,0.01,0.11933112144470215
phpMD2hR6,0.0,100,0.0,0.01,0.01,0.12709641456604004
phpMD2hR6,0.0,100,0.0,0.01,0.01,0.12523388862609863
phpMD2hR6,0.0,100,0.0,0.01,0.01,0.13071823120117188
phpMD2hR6,0.05,100,0.05,0.04,0.01,0.1409602165222168
phpMD2hR6,0.05,100,0.05,0.04,0.01,0.1271662712097168
phpMD2hR6,0.05,100,0.05,0.03,0.02,0.1296238899230957
phpMD2hR6,0.05,100,0.05,0.07,0.02,0.14240717887878418
phpMD2hR6,0.05,100,0.05,0.04,0.01,0.12483525276184082
phpMD2hR6,0.05,100,0.05,0.03,0.02,0.12357020378112793
phpMD2hR6,0.05,100,0.05,0.04,0.01,0.1354227066040039
phpMD2hR6,0.05,100,0.05,0.04,0.01,0.13800549507141113
phpMD2hR6,0.05,100,0.05,0.03,0.02,0.1311647891998291
phpMD2hR6,0.05,100,0.05,0.03,0.02,0.1252429485321045
phpMD2hR6,0.11,100,0.11,0.07,0.04,0.12478470802307129
phpMD2hR6,0.11,100,0.11,0.07,0.04,0.12714266777038574
phpMD2hR6,0.11,100,0.11,0.07,0.04,0.14227986335754395
phpMD2hR6,0.11,100,0.11,0.05,0.06,0.12022686004638672
phpMD2hR6,0.11,100,0.11,0.07,0.04,0.14289617538452148
phpMD2hR6,0.11,100,0.11,0.07,0.04,0.12886834144592285
phpMD2hR6,0.11,100,0.11,0.05,0.06,0.13022947311401367
phpMD2hR6,0.11,100,0.11,0.06,0.05,0.12982892990112305
phpMD2hR6,0.11,100,0.11,0.06,0.05,0.12480282783508301
phpMD2hR6,0.11,100,0.11,0.05,0.06,0.13983464241027832
phpMD2hR6,0.16,100,0.16,0.1,0.06,0.14334654808044434
phpMD2hR6,0.16,100,0.16,0.15,0.01,0.13724708557128906
phpMD2hR6,0.16,100,0.16,0.06,0.1,0.12925148010253906
phpMD2hR6,0.16,100,0.16,0.11,0.05,0.14100360870361328
phpMD2hR6,0.16,100,0.16,0.1,0.06,0.13174986839294434
phpMD2hR6,0.16,100,0.16,0.12,0.04,0.12417912483215332
phpMD2hR6,0.16,100,0.16,0.1,0.06,0.1248173713684082
phpMD2hR6,0.16,100,0.16,0.06,0.1,0.13379859924316406
phpMD2hR6,0.16,100,0.16,0.14,0.02,0.1494140625
phpMD2hR6,0.16,100,0.16,0.13,0.03,0.12523436546325684
phpMD2hR6,0.21,100,0.21,0.21,0.0,0.13721323013305664
phpMD2hR6,0.21,100,0.21,0.19,0.02,0.13381671905517578
phpMD2hR6,0.21,100,0.21,0.17,0.04,0.12691259384155273
phpMD2hR6,0.21,100,0.21,0.13,0.08,0.12647318840026855
phpMD2hR6,0.21,100,0.21,0.16,0.05,0.1302323341369629
phpMD2hR6,0.21,100,0.21,0.15,0.06,0.13005471229553223
phpMD2hR6,0.21,100,0.21,0.08,0.13,0.1311662197113037
phpMD2hR6,0.21,100,0.21,0.19,0.02,0.12459325790405273
phpMD2hR6,0.21,100,0.21,0.19,0.02,0.13904738426208496
phpMD2hR6,0.21,100,0.21,0.11,0.1,0.12889480590820312
phpMD2hR6,0.26,100,0.26,0.23,0.03,0.13018512725830078
phpMD2hR6,0.26,100,0.26,0.2,0.06,0.13387322425842285
phpMD2hR6,0.26,100,0.26,0.24,0.02,0.13125371932983398
phpMD2hR6,0.26,100,0.26,0.2,0.06,0.14044427871704102
phpMD2hR6,0.26,100,0.26,0.2,0.06,0.13973450660705566
phpMD2hR6,0.26,100,0.26,0.23,0.03,0.1273350715637207
phpMD2hR6,0.26,100,0.26,0.22,0.04,0.13025999069213867
phpMD2hR6,0.26,100,0.26,0.2,0.06,0.13419222831726074
phpMD2hR6,0.26,100,0.26,0.2,0.06,0.12724828720092773
phpMD2hR6,0.26,100,0.26,0.22,0.04,0.14043092727661133
phpMD2hR6,0.32,100,0.32,0.25,0.07,0.14303040504455566
phpMD2hR6,0.32,100,0.32,0.32,0.0,0.13996100425720215
phpMD2hR6,0.32,100,0.32,0.32,0.0,0.13601326942443848
phpMD2hR6,0.32,100,0.32,0.21,0.11,0.12551116943359375
phpMD2hR6,0.32,100,0.32,0.17,0.15,0.1294081211090088
phpMD2hR6,0.32,100,0.32,0.25,0.07,0.12541818618774414
phpMD2hR6,0.32,100,0.32,0.36,0.04,0.13530778884887695
phpMD2hR6,0.32,100,0.32,0.31,0.01,0.12588810920715332
phpMD2hR6,0.32,100,0.32,0.2,0.12,0.13053274154663086
phpMD2hR6,0.32,100,0.32,0.18,0.14,0.1410658359527588
phpMD2hR6,0.37,100,0.37,0.27,0.1,0.14096307754516602
phpMD2hR6,0.37,100,0.37,0.37,0.0,0.1400282382965088
phpMD2hR6,0.37,100,0.37,0.33,0.04,0.14302611351013184
phpMD2hR6,0.37,100,0.37,0.27,0.1,0.12599706649780273
phpMD2hR6,0.37,100,0.37,0.25,0.12,0.13437724113464355
phpMD2hR6,0.37,100,0.37,0.33,0.04,0.1254115104675293
phpMD2hR6,0.37,100,0.37,0.38,0.01,0.1344003677368164
phpMD2hR6,0.37,100,0.37,0.3,0.07,0.14397192001342773
phpMD2hR6,0.37,100,0.37,0.37,0.0,0.12596487998962402
phpMD2hR6,0.37,100,0.37,0.31,0.06,0.13938379287719727
phpMD2hR6,0.42,100,0.42,0.26,0.16,0.13465189933776855
phpMD2hR6,0.42,100,0.42,0.42,0.0,0.13430333137512207
phpMD2hR6,0.42,100,0.42,0.43,0.01,0.13126254081726074
phpMD2hR6,0.42,100,0.42,0.36,0.06,0.12421274185180664
phpMD2hR6,0.42,100,0.42,0.43,0.01,0.1349773406982422
phpMD2hR6,0.42,100,0.42,0.41,0.01,0.1271047592163086
phpMD2hR6,0.42,100,0.42,0.36,0.06,0.13985776901245117
phpMD2hR6,0.42,100,0.42,0.39,0.03,0.1374523639678955
phpMD2hR6,0.42,100,0.42,0.33,0.09,0.1273179054260254
phpMD2hR6,0.42,100,0.42,0.29,0.13,0.12427496910095215
phpMD2hR6,0.47,100,0.47,0.47,0.0,0.1404423713684082
phpMD2hR6,0.47,100,0.47,0.47,0.0,0.14329290390014648
phpMD2hR6,0.47,100,0.47,0.43,0.04,0.12941861152648926
phpMD2hR6,0.47,100,0.47,0.4,0.07,0.1299135684967041
phpMD2hR6,0.47,100,0.47,0.37,0.1,0.12705564498901367
phpMD2hR6,0.47,100,0.47,0.43,0.04,0.12473106384277344
phpMD2hR6,0.47,100,0.47,0.3,0.17,0.13991785049438477
phpMD2hR6,0.47,100,0.47,0.46,0.01,0.13130760192871094
phpMD2hR6,0.47,100,0.47,0.39,0.08,0.11392068862915039
phpMD2hR6,0.47,100,0.47,0.45,0.02,0.12958383560180664
phpMD2hR6,0.53,100,0.53,0.4,0.13,0.13433098793029785
phpMD2hR6,0.53,100,0.53,0.58,0.05,0.12012028694152832
phpMD2hR6,0.53,100,0.53,0.47,0.06,0.12135076522827148
phpMD2hR6,0.53,100,0.53,0.5,0.03,0.1437671184539795
phpMD2hR6,0.53,100,0.53,0.5,0.03,0.12155008316040039
phpMD2hR6,0.53,100,0.53,0.49,0.04,0.1343669891357422
phpMD2hR6,0.53,100,0.53,0.46,0.07,0.12470507621765137
phpMD2hR6,0.53,100,0.53,0.49,0.04,0.11842679977416992
phpMD2hR6,0.53,100,0.53,0.55,0.02,0.13049793243408203
phpMD2hR6,0.53,100,0.53,0.57,0.04,0.1325056552886963
phpMD2hR6,0.58,100,0.58,0.56,0.02,0.1319444179534912
phpMD2hR6,0.58,100,0.58,0.54,0.04,0.139357328414917
phpMD2hR6,0.58,100,0.58,0.54,0.04,0.13527989387512207
phpMD2hR6,0.58,100,0.58,0.49,0.09,0.13995051383972168
phpMD2hR6,0.58,100,0.58,0.56,0.02,0.1409897804260254
phpMD2hR6,0.58,100,0.58,0.53,0.05,0.13150835037231445
phpMD2hR6,0.58,100,0.58,0.54,0.04,0.12285304069519043
phpMD2hR6,0.58,100,0.58,0.58,0.0,0.13272452354431152
phpMD2hR6,0.58,100,0.58,0.53,0.05,0.12842082977294922
phpMD2hR6,0.58,100,0.58,0.51,0.07,0.14080810546875
phpMD2hR6,0.63,100,0.63,0.62,0.01,0.12795400619506836
phpMD2hR6,0.63,100,0.63,0.62,0.01,0.12023520469665527
phpMD2hR6,0.63,100,0.63,0.63,0.0,0.1327667236328125
phpMD2hR6,0.63,100,0.63,0.57,0.06,0.12981033325195312
phpMD2hR6,0.63,100,0.63,0.56,0.07,0.1409006118774414
phpMD2hR6,0.63,100,0.63,0.64,0.01,0.14322137832641602
phpMD2hR6,0.63,100,0.63,0.72,0.09,0.12456130981445312
phpMD2hR6,0.63,100,0.63,0.62,0.01,0.1347508430480957
phpMD2hR6,0.63,100,0.63,0.6,0.03,0.12904143333435059
phpMD2hR6,0.63,100,0.63,0.59,0.04,0.12879610061645508
phpMD2hR6,0.68,100,0.68,0.73,0.05,0.13641715049743652
phpMD2hR6,0.68,100,0.68,0.68,0.0,0.13995695114135742
phpMD2hR6,0.68,100,0.68,0.64,0.04,0.13230347633361816
phpMD2hR6,0.68,100,0.68,0.61,0.07,0.12470221519470215
phpMD2hR6,0.68,100,0.68,0.6,0.08,0.12417149543762207
phpMD2hR6,0.68,100,0.68,0.64,0.04,0.13261008262634277
phpMD2hR6,0.68,100,0.68,0.65,0.03,0.13984298706054688
phpMD2hR6,0.68,100,0.68,0.64,0.04,0.13014459609985352
phpMD2hR6,0.68,100,0.68,0.71,0.03,0.13967132568359375
phpMD2hR6,0.68,100,0.68,0.7,0.02,0.1244194507598877
phpMD2hR6,0.74,100,0.74,0.72,0.02,0.13057947158813477
phpMD2hR6,0.74,100,0.74,0.76,0.02,0.13327288627624512
phpMD2hR6,0.74,100,0.74,0.75,0.01,0.12068390846252441
phpMD2hR6,0.74,100,0.74,0.75,0.01,0.13271784782409668
phpMD2hR6,0.74,100,0.74,0.79,0.05,0.13988471031188965
phpMD2hR6,0.74,100,0.74,0.71,0.03,0.14812016487121582
phpMD2hR6,0.74,100,0.74,0.62,0.12,0.1365046501159668
phpMD2hR6,0.74,100,0.74,0.75,0.01,0.14082098007202148
phpMD2hR6,0.74,100,0.74,0.77,0.03,0.13824868202209473
phpMD2hR6,0.74,100,0.74,0.71,0.03,0.14190292358398438
phpMD2hR6,0.79,100,0.79,0.75,0.04,0.1211557388305664
phpMD2hR6,0.79,100,0.79,0.79,0.0,0.12251520156860352
phpMD2hR6,0.79,100,0.79,0.79,0.0,0.12979912757873535
phpMD2hR6,0.79,100,0.79,0.78,0.01,0.13544082641601562
phpMD2hR6,0.79,100,0.79,0.79,0.0,0.13474655151367188
phpMD2hR6,0.79,100,0.79,0.75,0.04,0.11822938919067383
phpMD2hR6,0.79,100,0.79,0.68,0.11,0.13046860694885254
phpMD2hR6,0.79,100,0.79,0.73,0.06,0.13175559043884277
phpMD2hR6,0.79,100,0.79,0.78,0.01,0.13861298561096191
phpMD2hR6,0.79,100,0.79,0.92,0.13,0.1347062587738037
phpMD2hR6,0.84,100,0.84,0.86,0.02,0.13051819801330566
phpMD2hR6,0.84,100,0.84,0.85,0.01,0.1246182918548584
phpMD2hR6,0.84,100,0.84,0.83,0.01,0.12975716590881348
phpMD2hR6,0.84,100,0.84,0.8,0.04,0.13417649269104004
phpMD2hR6,0.84,100,0.84,0.85,0.01,0.12981963157653809
phpMD2hR6,0.84,100,0.84,0.88,0.04,0.13989043235778809
phpMD2hR6,0.84,100,0.84,0.93,0.09,0.12467479705810547
phpMD2hR6,0.84,100,0.84,0.84,0.0,0.13991332054138184
phpMD2hR6,0.84,100,0.84,0.77,0.07,0.13390064239501953
phpMD2hR6,0.84,100,0.84,0.9,0.06,0.1392650604248047
phpMD2hR6,0.89,100,0.89,0.88,0.01,0.14103412628173828
phpMD2hR6,0.89,100,0.89,0.86,0.03,0.13364624977111816
phpMD2hR6,0.89,100,0.89,0.88,0.01,0.13474059104919434
phpMD2hR6,0.89,100,0.89,0.91,0.02,0.12181448936462402
phpMD2hR6,0.89,100,0.89,0.89,0.0,0.14211297035217285
phpMD2hR6,0.89,100,0.89,0.92,0.03,0.13615870475769043
phpMD2hR6,0.89,100,0.89,0.92,0.03,0.12468504905700684
phpMD2hR6,0.89,100,0.89,0.92,0.03,0.13328003883361816
phpMD2hR6,0.89,100,0.89,0.96,0.07,0.12485122680664062
phpMD2hR6,0.89,100,0.89,0.89,0.0,0.1213686466217041
phpMD2hR6,0.95,100,0.95,0.96,0.01,0.13996648788452148
phpMD2hR6,0.95,100,0.95,1.0,0.05,0.12483549118041992
phpMD2hR6,0.95,100,0.95,0.97,0.02,0.12406373023986816
phpMD2hR6,0.95,100,0.95,0.92,0.03,0.14280200004577637
phpMD2hR6,0.95,100,0.95,0.94,0.01,0.1278219223022461
phpMD2hR6,0.95,100,0.95,0.93,0.02,0.13135671615600586
phpMD2hR6,0.95,100,0.95,0.92,0.03,0.12859702110290527
phpMD2hR6,0.95,100,0.95,1.0,0.05,0.1403181552886963
phpMD2hR6,0.95,100,0.95,1.0,0.05,0.1213827133178711
phpMD2hR6,0.95,100,0.95,0.96,0.01,0.13421869277954102
phpMD2hR6,1.0,100,1.0,1.0,0.0,0.1280052661895752
phpMD2hR6,1.0,100,1.0,1.0,0.0,0.14389371871948242
phpMD2hR6,1.0,100,1.0,1.0,0.0,0.12520122528076172
phpMD2hR6,1.0,100,1.0,0.95,0.05,0.13112425804138184
phpMD2hR6,1.0,100,1.0,1.0,0.0,0.12289166450500488
phpMD2hR6,1.0,100,1.0,0.95,0.05,0.1353616714477539
phpMD2hR6,1.0,100,1.0,0.95,0.05,0.12327790260314941
phpMD2hR6,1.0,100,1.0,1.0,0.0,0.1347672939300537
phpMD2hR6,1.0,100,1.0,0.98,0.02,0.1343538761138916
phpMD2hR6,1.0,100,1.0,1.0,0.0,0.12165069580078125
phpmPOD5A,0.0,100,0.0,0.0,0.0,0.11878204345703125
phpmPOD5A,0.0,100,0.0,0.0,0.0,0.1334092617034912
phpmPOD5A,0.0,100,0.0,0.0,0.0,0.10858845710754395
phpmPOD5A,0.0,100,0.0,0.0,0.0,0.11575031280517578
phpmPOD5A,0.0,100,0.0,0.0,0.0,0.11487889289855957
phpmPOD5A,0.0,100,0.0,0.0,0.0,0.12500333786010742
phpmPOD5A,0.0,100,0.0,0.0,0.0,0.10697770118713379
phpmPOD5A,0.0,100,0.0,0.0,0.0,0.11644268035888672
phpmPOD5A,0.0,100,0.0,0.0,0.0,0.10972142219543457
phpmPOD5A,0.0,100,0.0,0.0,0.0,0.10911321640014648
phpmPOD5A,0.05,100,0.05,0.0,0.05,0.10589003562927246
phpmPOD5A,0.05,100,0.05,0.0,0.05,0.12511539459228516
phpmPOD5A,0.05,100,0.05,0.0,0.05,0.11226701736450195
phpmPOD5A,0.05,100,0.05,0.0,0.05,0.11956381797790527
phpmPOD5A,0.05,100,0.05,0.0,0.05,0.10957813262939453
phpmPOD5A,0.05,100,0.05,0.0,0.05,0.1186220645904541
phpmPOD5A,0.05,100,0.05,0.0,0.05,0.11218786239624023
phpmPOD5A,0.05,100,0.05,0.0,0.05,0.12710809707641602
phpmPOD5A,0.05,100,0.05,0.0,0.05,0.11539196968078613
phpmPOD5A,0.05,100,0.05,0.0,0.05,0.10850381851196289
phpmPOD5A,0.11,100,0.11,0.0,0.11,0.11871027946472168
phpmPOD5A,0.11,100,0.11,0.0,0.11,0.11659932136535645
phpmPOD5A,0.11,100,0.11,0.0,0.11,0.11222243309020996
phpmPOD5A,0.11,100,0.11,0.0,0.11,0.10805726051330566
phpmPOD5A,0.11,100,0.11,0.0,0.11,0.1086118221282959
phpmPOD5A,0.11,100,0.11,0.0,0.11,0.10917377471923828
phpmPOD5A,0.11,100,0.11,0.0,0.11,0.1249384880065918
phpmPOD5A,0.11,100,0.11,0.0,0.11,0.11427092552185059
phpmPOD5A,0.11,100,0.11,0.0,0.11,0.1093759536743164
phpmPOD5A,0.11,100,0.11,0.0,0.11,0.10907483100891113
phpmPOD5A,0.16,100,0.16,0.0,0.16,0.12382245063781738
phpmPOD5A,0.16,100,0.16,0.0,0.16,0.10904669761657715
phpmPOD5A,0.16,100,0.16,0.0,0.16,0.10299348831176758
phpmPOD5A,0.16,100,0.16,0.0,0.16,0.10907578468322754
phpmPOD5A,0.16,100,0.16,0.0,0.16,0.1217489242553711
phpmPOD5A,0.16,100,0.16,0.0,0.16,0.1214747428894043
phpmPOD5A,0.16,100,0.16,0.0,0.16,0.12302064895629883
phpmPOD5A,0.16,100,0.16,0.0,0.16,0.1062016487121582
phpmPOD5A,0.16,100,0.16,0.0,0.16,0.10906553268432617
phpmPOD5A,0.16,100,0.16,0.0,0.16,0.10918807983398438
phpmPOD5A,0.21,100,0.21,0.0,0.21,0.11092996597290039
phpmPOD5A,0.21,100,0.21,0.0,0.21,0.10573267936706543
phpmPOD5A,0.21,100,0.21,0.0,0.21,0.1049652099609375
phpmPOD5A,0.21,100,0.21,0.0,0.21,0.10963726043701172
phpmPOD5A,0.21,100,0.21,0.0,0.21,0.10909128189086914
phpmPOD5A,0.21,100,0.21,0.0,0.21,0.10896515846252441
phpmPOD5A,0.21,100,0.21,0.0,0.21,0.11816096305847168
phpmPOD5A,0.21,100,0.21,0.0,0.21,0.10898089408874512
phpmPOD5A,0.21,100,0.21,0.0,0.21,0.11343050003051758
phpmPOD5A,0.21,100,0.21,0.0,0.21,0.10772275924682617
phpmPOD5A,0.26,100,0.26,0.0,0.26,0.10872840881347656
phpmPOD5A,0.26,100,0.26,0.0,0.26,0.12080812454223633
phpmPOD5A,0.26,100,0.26,0.0,0.26,0.10857439041137695
phpmPOD5A,0.26,100,0.26,0.0,0.26,0.1089932918548584
phpmPOD5A,0.26,100,0.26,0.0,0.26,0.11348652839660645
phpmPOD5A,0.26,100,0.26,0.0,0.26,0.12428116798400879
phpmPOD5A,0.26,100,0.26,0.0,0.26,0.11162638664245605
phpmPOD5A,0.26,100,0.26,0.0,0.26,0.11877775192260742
phpmPOD5A,0.26,100,0.26,0.0,0.26,0.10903096199035645
phpmPOD5A,0.26,100,0.26,0.0,0.26,0.1090703010559082
phpmPOD5A,0.32,100,0.32,0.0,0.32,0.11841368675231934
phpmPOD5A,0.32,100,0.32,0.0,0.32,0.11632442474365234
phpmPOD5A,0.32,100,0.32,0.0,0.32,0.10956907272338867
phpmPOD5A,0.32,100,0.32,0.0,0.32,0.10900402069091797
phpmPOD5A,0.32,100,0.32,0.0,0.32,0.11117172241210938
phpmPOD5A,0.32,100,0.32,0.0,0.32,0.10799574851989746
phpmPOD5A,0.32,100,0.32,0.0,0.32,0.10330343246459961
phpmPOD5A,0.32,100,0.32,0.0,0.32,0.12483501434326172
phpmPOD5A,0.32,100,0.32,0.0,0.32,0.1090548038482666
phpmPOD5A,0.32,100,0.32,0.0,0.32,0.10907149314880371
phpmPOD5A,0.37,100,0.37,0.0,0.37,0.11442208290100098
phpmPOD5A,0.37,100,0.37,0.0,0.37,0.11903905868530273
phpmPOD5A,0.37,100,0.37,0.0,0.37,0.10913586616516113
phpmPOD5A,0.37,100,0.37,0.0,0.37,0.1090707778930664
phpmPOD5A,0.37,100,0.37,0.0,0.37,0.11361861228942871
phpmPOD5A,0.37,100,0.37,0.0,0.37,0.12638521194458008
phpmPOD5A,0.37,100,0.37,0.0,0.37,0.11092615127563477
phpmPOD5A,0.37,100,0.37,0.0,0.37,0.11399078369140625
phpmPOD5A,0.37,100,0.37,0.0,0.37,0.11124014854431152
phpmPOD5A,0.37,100,0.37,0.0,0.37,0.11565494537353516
phpmPOD5A,0.42,100,0.42,0.0,0.42,0.10616540908813477
phpmPOD5A,0.42,100,0.42,0.0,0.42,0.10697150230407715
phpmPOD5A,0.42,100,0.42,0.0,0.42,0.10796785354614258
phpmPOD5A,0.42,100,0.42,0.0,0.42,0.10899710655212402
phpmPOD5A,0.42,100,0.42,0.0,0.42,0.10814976692199707
phpmPOD5A,0.42,100,0.42,0.0,0.42,0.12103056907653809
phpmPOD5A,0.42,100,0.42,0.0,0.42,0.12483453750610352
phpmPOD5A,0.42,100,0.42,0.0,0.42,0.11389017105102539
phpmPOD5A,0.42,100,0.42,0.0,0.42,0.10918354988098145
phpmPOD5A,0.42,100,0.42,0.0,0.42,0.12095522880554199
phpmPOD5A,0.47,100,0.47,0.0,0.47,0.10970354080200195
phpmPOD5A,0.47,100,0.47,0.0,0.47,0.10390353202819824
phpmPOD5A,0.47,100,0.47,0.0,0.47,0.10915350914001465
phpmPOD5A,0.47,100,0.47,0.0,0.47,0.11721992492675781
phpmPOD5A,0.47,100,0.47,0.0,0.47,0.11268210411071777
phpmPOD5A,0.47,100,0.47,0.0,0.47,0.11912894248962402
phpmPOD5A,0.47,100,0.47,0.0,0.47,0.10907268524169922
phpmPOD5A,0.47,100,0.47,0.0,0.47,0.10901880264282227
phpmPOD5A,0.47,100,0.47,0.0,0.47,0.11876320838928223
phpmPOD5A,0.47,100,0.47,0.0,0.47,0.11500096321105957
phpmPOD5A,0.53,100,0.53,0.0,0.53,0.12071609497070312
phpmPOD5A,0.53,100,0.53,0.0,0.53,0.11680102348327637
phpmPOD5A,0.53,100,0.53,0.0,0.53,0.10841727256774902
phpmPOD5A,0.53,100,0.53,0.0,0.53,0.10904645919799805
phpmPOD5A,0.53,100,0.53,0.0,0.53,0.11458468437194824
phpmPOD5A,0.53,100,0.53,0.0,0.53,0.10854625701904297
phpmPOD5A,0.53,100,0.53,0.0,0.53,0.10903453826904297
phpmPOD5A,0.53,100,0.53,0.0,0.53,0.11094951629638672
phpmPOD5A,0.53,100,0.53,0.0,0.53,0.11515235900878906
phpmPOD5A,0.53,100,0.53,0.0,0.53,0.10209417343139648
phpmPOD5A,0.58,100,0.58,0.0,0.58,0.1161811351776123
phpmPOD5A,0.58,100,0.58,0.0,0.58,0.10957837104797363
phpmPOD5A,0.58,100,0.58,0.0,0.58,0.10848402976989746
phpmPOD5A,0.58,100,0.58,0.0,0.58,0.1190333366394043
phpmPOD5A,0.58,100,0.58,0.0,0.58,0.11889386177062988
phpmPOD5A,0.58,100,0.58,0.0,0.58,0.10910534858703613
phpmPOD5A,0.58,100,0.58,0.0,0.58,0.12480425834655762
phpmPOD5A,0.58,100,0.58,0.0,0.58,0.11289095878601074
phpmPOD5A,0.58,100,0.58,0.0,0.58,0.11626815795898438
phpmPOD5A,0.58,100,0.58,0.0,0.58,0.12458467483520508
phpmPOD5A,0.63,100,0.63,0.0,0.63,0.10909771919250488
phpmPOD5A,0.63,100,0.63,0.0,0.63,0.12427902221679688
phpmPOD5A,0.63,100,0.63,0.0,0.63,0.10856366157531738
phpmPOD5A,0.63,100,0.63,0.0,0.63,0.10505938529968262
phpmPOD5A,0.63,100,0.63,0.0,0.63,0.10909605026245117
phpmPOD5A,0.63,100,0.63,0.0,0.63,0.10907173156738281
phpmPOD5A,0.63,100,0.63,0.0,0.63,0.1090855598449707
phpmPOD5A,0.63,100,0.63,0.0,0.63,0.10544347763061523
phpmPOD5A,0.63,100,0.63,0.0,0.63,0.11745119094848633
phpmPOD5A,0.63,100,0.63,0.0,0.63,0.1089177131652832
phpmPOD5A,0.68,100,0.68,0.0,0.68,0.11363577842712402
phpmPOD5A,0.68,100,0.68,0.0,0.68,0.10906124114990234
phpmPOD5A,0.68,100,0.68,0.0,0.68,0.11008667945861816
phpmPOD5A,0.68,100,0.68,0.0,0.68,0.12414312362670898
phpmPOD5A,0.68,100,0.68,0.0,0.68,0.11010932922363281
phpmPOD5A,0.68,100,0.68,0.0,0.68,0.11104345321655273
phpmPOD5A,0.68,100,0.68,0.0,0.68,0.12262392044067383
phpmPOD5A,0.68,100,0.68,0.0,0.68,0.11463618278503418
phpmPOD5A,0.68,100,0.68,0.0,0.68,0.10671734809875488
phpmPOD5A,0.68,100,0.68,0.0,0.68,0.10935568809509277
phpmPOD5A,0.74,100,0.74,0.0,0.74,0.11341524124145508
phpmPOD5A,0.74,100,0.74,0.0,0.74,0.11155414581298828
phpmPOD5A,0.74,100,0.74,0.0,0.74,0.1095743179321289
phpmPOD5A,0.74,100,0.74,0.0,0.74,0.10906648635864258
phpmPOD5A,0.74,100,0.74,0.0,0.74,0.12415409088134766
phpmPOD5A,0.74,100,0.74,0.0,0.74,0.10920596122741699
phpmPOD5A,0.74,100,0.74,0.0,0.74,0.11315274238586426
phpmPOD5A,0.74,100,0.74,0.0,0.74,0.11616992950439453
phpmPOD5A,0.74,100,0.74,0.0,0.74,0.11914443969726562
phpmPOD5A,0.74,100,0.74,0.0,0.74,0.1232748031616211
phpmPOD5A,0.79,100,0.79,0.0,0.79,0.12423539161682129
phpmPOD5A,0.79,100,0.79,0.0,0.79,0.11214780807495117
phpmPOD5A,0.79,100,0.79,0.0,0.79,0.12189602851867676
phpmPOD5A,0.79,100,0.79,0.0,0.79,0.10960650444030762
phpmPOD5A,0.79,100,0.79,0.0,0.79,0.1225743293762207
phpmPOD5A,0.79,100,0.79,0.0,0.79,0.11023235321044922
phpmPOD5A,0.79,100,0.79,0.0,0.79,0.1256864070892334
phpmPOD5A,0.79,100,0.79,0.0,0.79,0.10318541526794434
phpmPOD5A,0.79,100,0.79,0.0,0.79,0.11870241165161133
phpmPOD5A,0.79,100,0.79,0.0,0.79,0.11458086967468262
phpmPOD5A,0.84,100,0.84,0.0,0.84,0.11212897300720215
phpmPOD5A,0.84,100,0.84,0.0,0.84,0.1242055892944336
phpmPOD5A,0.84,100,0.84,0.0,0.84,0.1111454963684082
phpmPOD5A,0.84,100,0.84,0.0,0.84,0.1090998649597168
phpmPOD5A,0.84,100,0.84,0.0,0.84,0.10660815238952637
phpmPOD5A,0.84,100,0.84,0.0,0.84,0.10647821426391602
phpmPOD5A,0.84,100,0.84,0.0,0.84,0.10531234741210938
phpmPOD5A,0.84,100,0.84,0.0,0.84,0.11216402053833008
phpmPOD5A,0.84,100,0.84,0.0,0.84,0.11962652206420898
phpmPOD5A,0.84,100,0.84,0.0,0.84,0.10346746444702148
phpmPOD5A,0.89,100,0.89,0.0,0.89,0.10652995109558105
phpmPOD5A,0.89,100,0.89,0.0,0.89,0.10906624794006348
phpmPOD5A,0.89,100,0.89,0.0,0.89,0.1100912094116211
phpmPOD5A,0.89,100,0.89,0.0,0.89,0.11185240745544434
phpmPOD5A,0.89,100,0.89,0.0,0.89,0.11106395721435547
phpmPOD5A,0.89,100,0.89,0.0,0.89,0.1241157054901123
phpmPOD5A,0.89,100,0.89,0.0,0.89,0.11157059669494629
phpmPOD5A,0.89,100,0.89,0.0,0.89,0.11079096794128418
phpmPOD5A,0.89,100,0.89,0.0,0.89,0.10897016525268555
phpmPOD5A,0.89,100,0.89,0.0,0.89,0.10895586013793945
phpmPOD5A,0.95,100,0.95,0.0,0.95,0.10910415649414062
phpmPOD5A,0.95,100,0.95,0.0,0.95,0.11255145072937012
phpmPOD5A,0.95,100,0.95,0.0,0.95,0.10950613021850586
phpmPOD5A,0.95,100,0.95,0.0,0.95,0.1087644100189209
phpmPOD5A,0.95,100,0.95,0.0,0.95,0.11811208724975586
phpmPOD5A,0.95,100,0.95,0.0,0.95,0.10902619361877441
phpmPOD5A,0.95,100,0.95,0.0,0.95,0.10917520523071289
phpmPOD5A,0.95,100,0.95,0.0,0.95,0.11557769775390625
phpmPOD5A,0.95,100,0.95,0.0,0.95,0.10255980491638184
phpmPOD5A,0.95,100,0.95,0.0,0.95,0.10966992378234863
phpmPOD5A,1.0,100,1.0,0.0,1.0,0.10915565490722656
phpmPOD5A,1.0,100,1.0,0.0,1.0,0.1118621826171875
phpmPOD5A,1.0,100,1.0,0.0,1.0,0.11984372138977051
phpmPOD5A,1.0,100,1.0,0.0,1.0,0.11130642890930176
phpmPOD5A,1.0,100,1.0,0.0,1.0,0.11429738998413086
phpmPOD5A,1.0,100,1.0,0.0,1.0,0.12468361854553223
phpmPOD5A,1.0,100,1.0,0.0,1.0,0.10905003547668457
phpmPOD5A,1.0,100,1.0,0.0,1.0,0.11483192443847656
phpmPOD5A,1.0,100,1.0,0.0,1.0,0.1090540885925293
phpmPOD5A,1.0,100,1.0,0.0,1.0,0.10904765129089355
phpV5QYya,0.0,100,0.0,0.0,0.0,0.10820174217224121
phpV5QYya,0.0,100,0.0,0.0,0.0,0.11286592483520508
phpV5QYya,0.0,100,0.0,0.0,0.0,0.10907387733459473
phpV5QYya,0.0,100,0.0,0.03,0.03,0.10061120986938477
phpV5QYya,0.0,100,0.0,0.0,0.0,0.10906386375427246
phpV5QYya,0.0,100,0.0,0.0,0.0,0.11096405982971191
phpV5QYya,0.0,100,0.0,0.01,0.01,0.10990190505981445
phpV5QYya,0.0,100,0.0,0.0,0.0,0.11867761611938477
phpV5QYya,0.0,100,0.0,0.0,0.0,0.10845136642456055
phpV5QYya,0.0,100,0.0,0.0,0.0,0.11135578155517578
phpV5QYya,0.05,100,0.05,0.04,0.01,0.1089627742767334
phpV5QYya,0.05,100,0.05,0.03,0.02,0.12146711349487305
phpV5QYya,0.05,100,0.05,0.03,0.02,0.11240625381469727
phpV5QYya,0.05,100,0.05,0.04,0.01,0.12200570106506348
phpV5QYya,0.05,100,0.05,0.05,0.0,0.10915136337280273
phpV5QYya,0.05,100,0.05,0.07,0.02,0.10916590690612793
phpV5QYya,0.05,100,0.05,0.05,0.0,0.10674715042114258
phpV5QYya,0.05,100,0.05,0.08,0.03,0.10904359817504883
phpV5QYya,0.05,100,0.05,0.01,0.04,0.10906815528869629
phpV5QYya,0.05,100,0.05,0.04,0.01,0.10907244682312012
phpV5QYya,0.11,100,0.11,0.07,0.04,0.12474513053894043
phpV5QYya,0.11,100,0.11,0.12,0.01,0.11005830764770508
phpV5QYya,0.11,100,0.11,0.12,0.01,0.12106800079345703
phpV5QYya,0.11,100,0.11,0.1,0.01,0.11857366561889648
phpV5QYya,0.11,100,0.11,0.1,0.01,0.10697436332702637
phpV5QYya,0.11,100,0.11,0.09,0.02,0.10856246948242188
phpV5QYya,0.11,100,0.11,0.09,0.02,0.10900378227233887
phpV5QYya,0.11,100,0.11,0.14,0.03,0.10904979705810547
phpV5QYya,0.11,100,0.11,0.08,0.03,0.10714387893676758
phpV5QYya,0.11,100,0.11,0.1,0.01,0.10765528678894043
phpV5QYya,0.16,100,0.16,0.13,0.03,0.10903024673461914
phpV5QYya,0.16,100,0.16,0.13,0.03,0.10039782524108887
phpV5QYya,0.16,100,0.16,0.12,0.04,0.10926508903503418
phpV5QYya,0.16,100,0.16,0.14,0.02,0.11803674697875977
phpV5QYya,0.16,100,0.16,0.13,0.03,0.10907340049743652
phpV5QYya,0.16,100,0.16,0.13,0.03,0.1250295639038086
phpV5QYya,0.16,100,0.16,0.15,0.01,0.12084603309631348
phpV5QYya,0.16,100,0.16,0.13,0.03,0.10442876815795898
phpV5QYya,0.16,100,0.16,0.15,0.01,0.10397219657897949
phpV5QYya,0.16,100,0.16,0.18,0.02,0.09597420692443848
phpV5QYya,0.21,100,0.21,0.25,0.04,0.10908341407775879
phpV5QYya,0.21,100,0.21,0.2,0.01,0.12407422065734863
phpV5QYya,0.21,100,0.21,0.19,0.02,0.10563921928405762
phpV5QYya,0.21,100,0.21,0.2,0.01,0.11022448539733887
phpV5QYya,0.21,100,0.21,0.23,0.02,0.11324882507324219
phpV5QYya,0.21,100,0.21,0.27,0.06,0.10910153388977051
phpV5QYya,0.21,100,0.21,0.22,0.01,0.10907816886901855
phpV5QYya,0.21,100,0.21,0.22,0.01,0.10909199714660645
phpV5QYya,0.21,100,0.21,0.14,0.07,0.10942292213439941
phpV5QYya,0.21,100,0.21,0.16,0.05,0.10904049873352051
phpV5QYya,0.26,100,0.26,0.24,0.02,0.10906267166137695
phpV5QYya,0.26,100,0.26,0.26,0.0,0.10901069641113281
phpV5QYya,0.26,100,0.26,0.21,0.05,0.10906600952148438
phpV5QYya,0.26,100,0.26,0.21,0.05,0.1112678050994873
phpV5QYya,0.26,100,0.26,0.22,0.04,0.10061812400817871
phpV5QYya,0.26,100,0.26,0.3,0.04,0.10662531852722168
phpV5QYya,0.26,100,0.26,0.27,0.01,0.1130833625793457
phpV5QYya,0.26,100,0.26,0.28,0.02,0.10857987403869629
phpV5QYya,0.26,100,0.26,0.25,0.01,0.10552477836608887
phpV5QYya,0.26,100,0.26,0.24,0.02,0.10908055305480957
phpV5QYya,0.32,100,0.32,0.31,0.01,0.10956120491027832
phpV5QYya,0.32,100,0.32,0.34,0.02,0.11583137512207031
phpV5QYya,0.32,100,0.32,0.32,0.0,0.11471915245056152
phpV5QYya,0.32,100,0.32,0.32,0.0,0.11766958236694336
phpV5QYya,0.32,100,0.32,0.26,0.06,0.10666680335998535
phpV5QYya,0.32,100,0.32,0.33,0.01,0.12255859375
phpV5QYya,0.32,100,0.32,0.31,0.01,0.1073610782623291
phpV5QYya,0.32,100,0.32,0.29,0.03,0.12009549140930176
phpV5QYya,0.32,100,0.32,0.3,0.02,0.11406993865966797
phpV5QYya,0.32,100,0.32,0.36,0.04,0.10398077964782715
phpV5QYya,0.37,100,0.37,0.37,0.0,0.10844898223876953
phpV5QYya,0.37,100,0.37,0.41,0.04,0.10904955863952637
phpV5QYya,0.37,100,0.37,0.35,0.02,0.12112927436828613
phpV5QYya,0.37,100,0.37,0.38,0.01,0.1060633659362793
phpV5QYya,0.37,100,0.37,0.35,0.02,0.09735488891601562
phpV5QYya,0.37,100,0.37,0.37,0.0,0.10906052589416504
phpV5QYya,0.37,100,0.37,0.38,0.01,0.10976481437683105
phpV5QYya,0.37,100,0.37,0.37,0.0,0.10918712615966797
phpV5QYya,0.37,100,0.37,0.36,0.01,0.10952877998352051
phpV5QYya,0.37,100,0.37,0.38,0.01,0.10902976989746094
phpV5QYya,0.42,100,0.42,0.45,0.03,0.10954976081848145
phpV5QYya,0.42,100,0.42,0.39,0.03,0.10852885246276855
phpV5QYya,0.42,100,0.42,0.39,0.03,0.11316537857055664
phpV5QYya,0.42,100,0.42,0.46,0.04,0.11126708984375
phpV5QYya,0.42,100,0.42,0.38,0.04,0.11004137992858887
phpV5QYya,0.42,100,0.42,0.38,0.04,0.11090660095214844
phpV5QYya,0.42,100,0.42,0.45,0.03,0.11759829521179199
phpV5QYya,0.42,100,0.42,0.4,0.02,0.10909509658813477
phpV5QYya,0.42,100,0.42,0.42,0.0,0.11258053779602051
phpV5QYya,0.42,100,0.42,0.45,0.03,0.10713553428649902
phpV5QYya,0.47,100,0.47,0.49,0.02,0.12331700325012207
phpV5QYya,0.47,100,0.47,0.43,0.04,0.11829257011413574
phpV5QYya,0.47,100,0.47,0.45,0.02,0.12210750579833984
phpV5QYya,0.47,100,0.47,0.54,0.07,0.11280012130737305
phpV5QYya,0.47,100,0.47,0.46,0.01,0.10803413391113281
phpV5QYya,0.47,100,0.47,0.45,0.02,0.11097359657287598
phpV5QYya,0.47,100,0.47,0.47,0.0,0.10765671730041504
phpV5QYya,0.47,100,0.47,0.45,0.02,0.10820269584655762
phpV5QYya,0.47,100,0.47,0.44,0.03,0.10906219482421875
phpV5QYya,0.47,100,0.47,0.51,0.04,0.10815668106079102
phpV5QYya,0.53,100,0.53,0.54,0.01,0.10902714729309082
phpV5QYya,0.53,100,0.53,0.56,0.03,0.10896778106689453
phpV5QYya,0.53,100,0.53,0.51,0.02,0.11106252670288086
phpV5QYya,0.53,100,0.53,0.59,0.06,0.11562085151672363
phpV5QYya,0.53,100,0.53,0.48,0.05,0.09780764579772949
phpV5QYya,0.53,100,0.53,0.51,0.02,0.11951923370361328
phpV5QYya,0.53,100,0.53,0.48,0.05,0.10963773727416992
phpV5QYya,0.53,100,0.53,0.53,0.0,0.10921239852905273
phpV5QYya,0.53,100,0.53,0.54,0.01,0.11326193809509277
phpV5QYya,0.53,100,0.53,0.53,0.0,0.10903072357177734
phpV5QYya,0.58,100,0.58,0.61,0.03,0.11916232109069824
phpV5QYya,0.58,100,0.58,0.59,0.01,0.10845518112182617
phpV5QYya,0.58,100,0.58,0.58,0.0,0.11866164207458496
phpV5QYya,0.58,100,0.58,0.58,0.0,0.11503100395202637
phpV5QYya,0.58,100,0.58,0.6,0.02,0.10455989837646484
phpV5QYya,0.58,100,0.58,0.59,0.01,0.11638760566711426
phpV5QYya,0.58,100,0.58,0.58,0.0,0.10905885696411133
phpV5QYya,0.58,100,0.58,0.55,0.03,0.11904382705688477
phpV5QYya,0.58,100,0.58,0.58,0.0,0.10298037528991699
phpV5QYya,0.58,100,0.58,0.56,0.02,0.10969877243041992
phpV5QYya,0.63,100,0.63,0.67,0.04,0.12000727653503418
phpV5QYya,0.63,100,0.63,0.63,0.0,0.11354303359985352
phpV5QYya,0.63,100,0.63,0.6,0.03,0.10747098922729492
phpV5QYya,0.63,100,0.63,0.63,0.0,0.12435317039489746
phpV5QYya,0.63,100,0.63,0.62,0.01,0.10926365852355957
phpV5QYya,0.63,100,0.63,0.67,0.04,0.10933256149291992
phpV5QYya,0.63,100,0.63,0.58,0.05,0.1097114086151123
phpV5QYya,0.63,100,0.63,0.69,0.06,0.10844159126281738
phpV5QYya,0.63,100,0.63,0.63,0.0,0.10906124114990234
phpV5QYya,0.63,100,0.63,0.64,0.01,0.10896754264831543
phpV5QYya,0.68,100,0.68,0.71,0.03,0.10350656509399414
phpV5QYya,0.68,100,0.68,0.64,0.04,0.10977315902709961
phpV5QYya,0.68,100,0.68,0.63,0.05,0.11063361167907715
phpV5QYya,0.68,100,0.68,0.67,0.01,0.09961843490600586
phpV5QYya,0.68,100,0.68,0.67,0.01,0.11406731605529785
phpV5QYya,0.68,100,0.68,0.69,0.01,0.10956311225891113
phpV5QYya,0.68,100,0.68,0.66,0.02,0.10982060432434082
phpV5QYya,0.68,100,0.68,0.72,0.04,0.10927438735961914
phpV5QYya,0.68,100,0.68,0.63,0.05,0.10907983779907227
phpV5QYya,0.68,100,0.68,0.7,0.02,0.10830569267272949
phpV5QYya,0.74,100,0.74,0.77,0.03,0.11834001541137695
phpV5QYya,0.74,100,0.74,0.73,0.01,0.10754060745239258
phpV5QYya,0.74,100,0.74,0.78,0.04,0.10552525520324707
phpV5QYya,0.74,100,0.74,0.72,0.02,0.1100618839263916
phpV5QYya,0.74,100,0.74,0.73,0.01,0.1090846061706543
phpV5QYya,0.74,100,0.74,0.73,0.01,0.10908937454223633
phpV5QYya,0.74,100,0.74,0.75,0.01,0.10654687881469727
phpV5QYya,0.74,100,0.74,0.76,0.02,0.10905194282531738
phpV5QYya,0.74,100,0.74,0.73,0.01,0.11031246185302734
phpV5QYya,0.74,100,0.74,0.73,0.01,0.10903120040893555
phpV5QYya,0.79,100,0.79,0.79,0.0,0.12526845932006836
phpV5QYya,0.79,100,0.79,0.77,0.02,0.11471939086914062
phpV5QYya,0.79,100,0.79,0.81,0.02,0.11266922950744629
phpV5QYya,0.79,100,0.79,0.84,0.05,0.10621476173400879
phpV5QYya,0.79,100,0.79,0.85,0.06,0.11060643196105957
phpV5QYya,0.79,100,0.79,0.76,0.03,0.10929584503173828
phpV5QYya,0.79,100,0.79,0.79,0.0,0.11311697959899902
phpV5QYya,0.79,100,0.79,0.8,0.01,0.10927462577819824
phpV5QYya,0.79,100,0.79,0.8,0.01,0.10789918899536133
phpV5QYya,0.79,100,0.79,0.79,0.0,0.10793566703796387
phpV5QYya,0.84,100,0.84,0.84,0.0,0.1090247631072998
phpV5QYya,0.84,100,0.84,0.89,0.05,0.11560559272766113
phpV5QYya,0.84,100,0.84,0.86,0.02,0.11805057525634766
phpV5QYya,0.84,100,0.84,0.84,0.0,0.09860682487487793
phpV5QYya,0.84,100,0.84,0.84,0.0,0.1161339282989502
phpV5QYya,0.84,100,0.84,0.85,0.01,0.11801695823669434
phpV5QYya,0.84,100,0.84,0.8,0.04,0.10466432571411133
phpV5QYya,0.84,100,0.84,0.84,0.0,0.11767816543579102
phpV5QYya,0.84,100,0.84,0.86,0.02,0.11149978637695312
phpV5QYya,0.84,100,0.84,0.81,0.03,0.11527442932128906
phpV5QYya,0.89,100,0.89,0.88,0.01,0.10668563842773438
phpV5QYya,0.89,100,0.89,0.91,0.02,0.11004877090454102
phpV5QYya,0.89,100,0.89,0.89,0.0,0.11421751976013184
phpV5QYya,0.89,100,0.89,0.85,0.04,0.11064434051513672
phpV5QYya,0.89,100,0.89,0.91,0.02,0.10997247695922852
phpV5QYya,0.89,100,0.89,0.89,0.0,0.10858798027038574
phpV5QYya,0.89,100,0.89,0.91,0.02,0.10906076431274414
phpV5QYya,0.89,100,0.89,0.85,0.04,0.10900759696960449
phpV5QYya,0.89,100,0.89,0.85,0.04,0.10971546173095703
phpV5QYya,0.89,100,0.89,0.89,0.0,0.10902118682861328
phpV5QYya,0.95,100,0.95,0.95,0.0,0.10354876518249512
phpV5QYya,0.95,100,0.95,0.96,0.01,0.12055540084838867
phpV5QYya,0.95,100,0.95,0.95,0.0,0.11474967002868652
phpV5QYya,0.95,100,0.95,0.95,0.0,0.10805583000183105
phpV5QYya,0.95,100,0.95,0.99,0.04,0.10301065444946289
phpV5QYya,0.95,100,0.95,0.98,0.03,0.09425020217895508
phpV5QYya,0.95,100,0.95,0.96,0.01,0.10876893997192383
phpV5QYya,0.95,100,0.95,0.95,0.0,0.10349726676940918
phpV5QYya,0.95,100,0.95,0.94,0.01,0.10909152030944824
phpV5QYya,0.95,100,0.95,0.95,0.0,0.10908055305480957
phpV5QYya,1.0,100,1.0,1.0,0.0,0.11916232109069824
phpV5QYya,1.0,100,1.0,1.0,0.0,0.12146735191345215
phpV5QYya,1.0,100,1.0,0.99,0.01,0.12030172348022461
phpV5QYya,1.0,100,1.0,1.0,0.0,0.10905885696411133
phpV5QYya,1.0,100,1.0,1.0,0.0,0.12415504455566406
phpV5QYya,1.0,100,1.0,1.0,0.0,0.10001397132873535
phpV5QYya,1.0,100,1.0,1.0,0.0,0.10907411575317383
phpV5QYya,1.0,100,1.0,1.0,0.0,0.1089637279510498
phpV5QYya,1.0,100,1.0,1.0,0.0,0.1090703010559082
phpV5QYya,1.0,100,1.0,1.0,0.0,0.10884809494018555
pol,0.0,100,0.0,0.0,0.0,0.11115121841430664
pol,0.0,100,0.0,0.0,0.0,0.10565757751464844
pol,0.0,100,0.0,0.0,0.0,0.10897326469421387
pol,0.0,100,0.0,0.0,0.0,0.11164307594299316
pol,0.0,100,0.0,0.0,0.0,0.10869264602661133
pol,0.0,100,0.0,0.0,0.0,0.1246795654296875
pol,0.0,100,0.0,0.01,0.01,0.11444735527038574
pol,0.0,100,0.0,0.0,0.0,0.10906171798706055
pol,0.0,100,0.0,0.0,0.0,0.10853004455566406
pol,0.0,100,0.0,0.0,0.0,0.10908913612365723
pol,0.05,100,0.05,0.05,0.0,0.10896539688110352
pol,0.05,100,0.05,0.0,0.05,0.10888886451721191
pol,0.05,100,0.05,0.02,0.03,0.11241936683654785
pol,0.05,100,0.05,0.02,0.03,0.1090703010559082
pol,0.05,100,0.05,0.04,0.01,0.1220695972442627
pol,0.05,100,0.05,0.03,0.02,0.12069439888000488
pol,0.05,100,0.05,0.02,0.03,0.11025571823120117
pol,0.05,100,0.05,0.02,0.03,0.10975146293640137
pol,0.05,100,0.05,0.05,0.0,0.10912895202636719
pol,0.05,100,0.05,0.02,0.03,0.10906744003295898
pol,0.11,100,0.11,0.1,0.01,0.10037374496459961
pol,0.11,100,0.11,0.06,0.05,0.10914468765258789
pol,0.11,100,0.11,0.07,0.04,0.10045695304870605
pol,0.11,100,0.11,0.08,0.03,0.10913634300231934
pol,0.11,100,0.11,0.07,0.04,0.1108403205871582
pol,0.11,100,0.11,0.1,0.01,0.1083683967590332
pol,0.11,100,0.11,0.07,0.04,0.1063690185546875
pol,0.11,100,0.11,0.05,0.06,0.11346292495727539
pol,0.11,100,0.11,0.03,0.08,0.11361956596374512
pol,0.11,100,0.11,0.09,0.02,0.11305785179138184
pol,0.16,100,0.16,0.08,0.08,0.10802221298217773
pol,0.16,100,0.16,0.08,0.08,0.11850190162658691
pol,0.16,100,0.16,0.1,0.06,0.10908341407775879
pol,0.16,100,0.16,0.11,0.05,0.10338211059570312
pol,0.16,100,0.16,0.22,0.06,0.1080622673034668
pol,0.16,100,0.16,0.01,0.15,0.10960793495178223
pol,0.16,100,0.16,0.11,0.05,0.10896801948547363
pol,0.16,100,0.16,0.1,0.06,0.11318683624267578
pol,0.16,100,0.16,0.11,0.05,0.11617636680603027
pol,0.16,100,0.16,0.12,0.04,0.10851812362670898
pol,0.21,100,0.21,0.13,0.08,0.11282825469970703
pol,0.21,100,0.21,0.22,0.01,0.10907673835754395
pol,0.21,100,0.21,0.25,0.04,0.10908937454223633
pol,0.21,100,0.21,0.17,0.04,0.10193324089050293
pol,0.21,100,0.21,0.1,0.11,0.10841798782348633
pol,0.21,100,0.21,0.13,0.08,0.11209726333618164
pol,0.21,100,0.21,0.14,0.07,0.10802793502807617
pol,0.21,100,0.21,0.13,0.08,0.10905766487121582
pol,0.21,100,0.21,0.19,0.02,0.09636640548706055
pol,0.21,100,0.21,0.14,0.07,0.11516618728637695
pol,0.26,100,0.26,0.24,0.02,0.11563277244567871
pol,0.26,100,0.26,0.25,0.01,0.10898542404174805
pol,0.26,100,0.26,0.16,0.1,0.10299277305603027
pol,0.26,100,0.26,0.28,0.02,0.10407066345214844
pol,0.26,100,0.26,0.19,0.07,0.1203145980834961
pol,0.26,100,0.26,0.25,0.01,0.11787986755371094
pol,0.26,100,0.26,0.2,0.06,0.10246014595031738
pol,0.26,100,0.26,0.13,0.13,0.108856201171875
pol,0.26,100,0.26,0.12,0.14,0.10550475120544434
pol,0.26,100,0.26,0.24,0.02,0.10986447334289551
pol,0.32,100,0.32,0.29,0.03,0.10641956329345703
pol,0.32,100,0.32,0.31,0.01,0.10908865928649902
pol,0.32,100,0.32,0.2,0.12,0.10350942611694336
pol,0.32,100,0.32,0.22,0.1,0.10973167419433594
pol,0.32,100,0.32,0.31,0.01,0.11812567710876465
pol,0.32,100,0.32,0.31,0.01,0.11450457572937012
pol,0.32,100,0.32,0.3,0.02,0.10908699035644531
pol,0.32,100,0.32,0.31,0.01,0.10994720458984375
pol,0.32,100,0.32,0.22,0.1,0.10609054565429688
pol,0.32,100,0.32,0.33,0.01,0.1090693473815918
pol,0.37,100,0.37,0.32,0.05,0.11641407012939453
pol,0.37,100,0.37,0.38,0.01,0.10681772232055664
pol,0.37,100,0.37,0.28,0.09,0.10963177680969238
pol,0.37,100,0.37,0.34,0.03,0.11366057395935059
pol,0.37,100,0.37,0.36,0.01,0.10962510108947754
pol,0.37,100,0.37,0.36,0.01,0.11235284805297852
pol,0.37,100,0.37,0.31,0.06,0.10858774185180664
pol,0.37,100,0.37,0.43,0.06,0.12401366233825684
pol,0.37,100,0.37,0.29,0.08,0.12578511238098145
pol,0.37,100,0.37,0.26,0.11,0.11020207405090332
pol,0.42,100,0.42,0.4,0.02,0.11934256553649902
pol,0.42,100,0.42,0.42,0.0,0.11566805839538574
pol,0.42,100,0.42,0.52,0.1,0.11542034149169922
pol,0.42,100,0.42,0.35,0.07,0.12054657936096191
pol,0.42,100,0.42,0.48,0.06,0.10906839370727539
pol,0.42,100,0.42,0.47,0.05,0.10430765151977539
pol,0.42,100,0.42,0.42,0.0,0.10445809364318848
pol,0.42,100,0.42,0.4,0.02,0.11500859260559082
pol,0.42,100,0.42,0.38,0.04,0.10848021507263184
pol,0.42,100,0.42,0.48,0.06,0.10915493965148926
pol,0.47,100,0.47,0.48,0.01,0.10958600044250488
pol,0.47,100,0.47,0.49,0.02,0.1090857982635498
pol,0.47,100,0.47,0.52,0.05,0.1131901741027832
pol,0.47,100,0.47,0.44,0.03,0.10899114608764648
pol,0.47,100,0.47,0.5,0.03,0.10931611061096191
pol,0.47,100,0.47,0.54,0.07,0.12275886535644531
pol,0.47,100,0.47,0.46,0.01,0.10977721214294434
pol,0.47,100,0.47,0.44,0.03,0.11524701118469238
pol,0.47,100,0.47,0.45,0.02,0.11937284469604492
pol,0.47,100,0.47,0.49,0.02,0.10836529731750488
pol,0.53,100,0.53,0.54,0.01,0.10851001739501953
pol,0.53,100,0.53,0.54,0.01,0.11937260627746582
pol,0.53,100,0.53,0.57,0.04,0.10002946853637695
pol,0.53,100,0.53,0.47,0.06,0.1272590160369873
pol,0.53,100,0.53,0.53,0.0,0.10867834091186523
pol,0.53,100,0.53,0.55,0.02,0.12343597412109375
pol,0.53,100,0.53,0.46,0.07,0.10918688774108887
pol,0.53,100,0.53,0.49,0.04,0.11788082122802734
pol,0.53,100,0.53,0.54,0.01,0.10880517959594727
pol,0.53,100,0.53,0.52,0.01,0.10919976234436035
pol,0.58,100,0.58,0.53,0.05,0.11945557594299316
pol,0.58,100,0.58,0.59,0.01,0.10871028900146484
pol,0.58,100,0.58,0.61,0.03,0.11404848098754883
pol,0.58,100,0.58,0.56,0.02,0.10841012001037598
pol,0.58,100,0.58,0.55,0.03,0.1136789321899414
pol,0.58,100,0.58,0.57,0.01,0.10852169990539551
pol,0.58,100,0.58,0.66,0.08,0.10650968551635742
pol,0.58,100,0.58,0.56,0.02,0.10550737380981445
pol,0.58,100,0.58,0.52,0.06,0.1094048023223877
pol,0.58,100,0.58,0.65,0.07,0.11555051803588867
pol,0.63,100,0.63,0.61,0.02,0.11909961700439453
pol,0.63,100,0.63,0.65,0.02,0.1091146469116211
pol,0.63,100,0.63,0.63,0.0,0.10660624504089355
pol,0.63,100,0.63,0.6,0.03,0.10121488571166992
pol,0.63,100,0.63,0.64,0.01,0.10895657539367676
pol,0.63,100,0.63,0.62,0.01,0.10819745063781738
pol,0.63,100,0.63,0.64,0.01,0.11508846282958984
pol,0.63,100,0.63,0.61,0.02,0.1090385913848877
pol,0.63,100,0.63,0.55,0.08,0.10907721519470215
pol,0.63,100,0.63,0.72,0.09,0.10906481742858887
pol,0.68,100,0.68,0.73,0.05,0.1090555191040039
pol,0.68,100,0.68,0.72,0.04,0.10925436019897461
pol,0.68,100,0.68,0.69,0.01,0.1108698844909668
pol,0.68,100,0.68,0.64,0.04,0.12416529655456543
pol,0.68,100,0.68,0.72,0.04,0.12404537200927734
pol,0.68,100,0.68,0.73,0.05,0.10298013687133789
pol,0.68,100,0.68,0.67,0.01,0.10874247550964355
pol,0.68,100,0.68,0.69,0.01,0.10899925231933594
pol,0.68,100,0.68,0.69,0.01,0.10396647453308105
pol,0.68,100,0.68,0.68,0.0,0.11621308326721191
pol,0.74,100,0.74,0.83,0.09,0.11333107948303223
pol,0.74,100,0.74,0.73,0.01,0.1112058162689209
pol,0.74,100,0.74,0.69,0.05,0.11388611793518066
pol,0.74,100,0.74,0.69,0.05,0.1089773178100586
pol,0.74,100,0.74,0.83,0.09,0.10705924034118652
pol,0.74,100,0.74,0.79,0.05,0.1247856616973877
pol,0.74,100,0.74,0.72,0.02,0.10909414291381836
pol,0.74,100,0.74,0.72,0.02,0.12126946449279785
pol,0.74,100,0.74,0.79,0.05,0.12697577476501465
pol,0.74,100,0.74,0.82,0.08,0.10946440696716309
pol,0.79,100,0.79,0.81,0.02,0.11224150657653809
pol,0.79,100,0.79,0.76,0.03,0.11308741569519043
pol,0.79,100,0.79,0.77,0.02,0.10906124114990234
pol,0.79,100,0.79,0.87,0.08,0.10969305038452148
pol,0.79,100,0.79,0.85,0.06,0.10907745361328125
pol,0.79,100,0.79,0.82,0.03,0.10843229293823242
pol,0.79,100,0.79,0.84,0.05,0.10982894897460938
pol,0.79,100,0.79,0.84,0.05,0.1090855598449707
pol,0.79,100,0.79,0.77,0.02,0.10905313491821289
pol,0.79,100,0.79,0.77,0.02,0.11336135864257812
pol,0.84,100,0.84,0.84,0.0,0.10906291007995605
pol,0.84,100,0.84,0.88,0.04,0.10903072357177734
pol,0.84,100,0.84,0.84,0.0,0.10457658767700195
pol,0.84,100,0.84,0.89,0.05,0.11362099647521973
pol,0.84,100,0.84,0.88,0.04,0.1123497486114502
pol,0.84,100,0.84,0.88,0.04,0.1091618537902832
pol,0.84,100,0.84,0.85,0.01,0.10039639472961426
pol,0.84,100,0.84,0.89,0.05,0.10856032371520996
pol,0.84,100,0.84,0.86,0.02,0.1090850830078125
pol,0.84,100,0.84,0.87,0.03,0.09644293785095215
pol,0.89,100,0.89,0.91,0.02,0.10909390449523926
pol,0.89,100,0.89,0.94,0.05,0.11403989791870117
pol,0.89,100,0.89,0.89,0.0,0.11098909378051758
pol,0.89,100,0.89,0.92,0.03,0.12256813049316406
pol,0.89,100,0.89,0.91,0.02,0.1090707778930664
pol,0.89,100,0.89,0.91,0.02,0.12480664253234863
pol,0.89,100,0.89,0.94,0.05,0.11728358268737793
pol,0.89,100,0.89,0.94,0.05,0.10909008979797363
pol,0.89,100,0.89,0.92,0.03,0.10007882118225098
pol,0.89,100,0.89,0.92,0.03,0.10552549362182617
pol,0.95,100,0.95,0.97,0.02,0.11352658271789551
pol,0.95,100,0.95,0.97,0.02,0.11968827247619629
pol,0.95,100,0.95,0.97,0.02,0.109710693359375
pol,0.95,100,0.95,0.97,0.02,0.10904145240783691
pol,0.95,100,0.95,0.98,0.03,0.1045832633972168
pol,0.95,100,0.95,0.98,0.03,0.10903406143188477
pol,0.95,100,0.95,0.96,0.01,0.09851789474487305
pol,0.95,100,0.95,0.98,0.03,0.11216163635253906
pol,0.95,100,0.95,0.98,0.03,0.10440754890441895
pol,0.95,100,0.95,0.99,0.04,0.09824705123901367
pol,1.0,100,1.0,1.0,0.0,0.1244039535522461
pol,1.0,100,1.0,0.99,0.01,0.11560225486755371
pol,1.0,100,1.0,1.0,0.0,0.10903668403625488
pol,1.0,100,1.0,1.0,0.0,0.11172175407409668
pol,1.0,100,1.0,1.0,0.0,0.12526297569274902
pol,1.0,100,1.0,1.0,0.0,0.10307741165161133
pol,1.0,100,1.0,1.0,0.0,0.10289192199707031
pol,1.0,100,1.0,1.0,0.0,0.10351109504699707
pol,1.0,100,1.0,1.0,0.0,0.11271882057189941
pol,1.0,100,1.0,1.0,0.0,0.1086740493774414
pollen,0.0,100,0.0,1.0,1.0,0.11867928504943848
pollen,0.0,100,0.0,1.0,1.0,0.11104393005371094
pollen,0.0,100,0.0,1.0,1.0,0.11893367767333984
pollen,0.0,100,0.0,1.0,1.0,0.09842920303344727
pollen,0.0,100,0.0,0.5,0.5,0.10833287239074707
pollen,0.0,100,0.0,1.0,1.0,0.10796761512756348
pollen,0.0,100,0.0,0.43,0.43,0.10908627510070801
pollen,0.0,100,0.0,0.37,0.37,0.11557245254516602
pollen,0.0,100,0.0,0.0,0.0,0.10590481758117676
pollen,0.0,100,0.0,0.95,0.95,0.10873556137084961
pollen,0.05,100,0.05,0.45,0.4,0.09557271003723145
pollen,0.05,100,0.05,1.0,0.95,0.10881543159484863
pollen,0.05,100,0.05,0.0,0.05,0.10013055801391602
pollen,0.05,100,0.05,1.0,0.95,0.1073293685913086
pollen,0.05,100,0.05,0.24,0.19,0.10917305946350098
pollen,0.05,100,0.05,1.0,0.95,0.10540986061096191
pollen,0.05,100,0.05,0.87,0.82,0.10362005233764648
pollen,0.05,100,0.05,0.03,0.02,0.10303878784179688
pollen,0.05,100,0.05,1.0,0.95,0.1065530776977539
pollen,0.05,100,0.05,0.16,0.11,0.11906075477600098
pollen,0.11,100,0.11,1.0,0.89,0.10901856422424316
pollen,0.11,100,0.11,0.02,0.09,0.10908269882202148
pollen,0.11,100,0.11,1.0,0.89,0.12021589279174805
pollen,0.11,100,0.11,1.0,0.89,0.10850381851196289
pollen,0.11,100,0.11,0.54,0.43,0.09512662887573242
pollen,0.11,100,0.11,1.0,0.89,0.10903334617614746
pollen,0.11,100,0.11,0.48,0.37,0.1090695858001709
pollen,0.11,100,0.11,1.0,0.89,0.10299873352050781
pollen,0.11,100,0.11,0.45,0.34,0.09749007225036621
pollen,0.11,100,0.11,0.2,0.09,0.10905623435974121
pollen,0.16,100,0.16,1.0,0.84,0.10448455810546875
pollen,0.16,100,0.16,0.17,0.01,0.10753726959228516
pollen,0.16,100,0.16,0.02,0.14,0.10652589797973633
pollen,0.16,100,0.16,0.86,0.7,0.10521626472473145
pollen,0.16,100,0.16,1.0,0.84,0.10913276672363281
pollen,0.16,100,0.16,0.3,0.14,0.10919976234436035
pollen,0.16,100,0.16,0.45,0.29,0.11382699012756348
pollen,0.16,100,0.16,0.61,0.45,0.10396432876586914
pollen,0.16,100,0.16,0.0,0.16,0.10013937950134277
pollen,0.16,100,0.16,0.95,0.79,0.1090688705444336
pollen,0.21,100,0.21,0.01,0.2,0.1090385913848877
pollen,0.21,100,0.21,1.0,0.79,0.10198378562927246
pollen,0.21,100,0.21,0.77,0.56,0.0982675552368164
pollen,0.21,100,0.21,1.0,0.79,0.10821866989135742
pollen,0.21,100,0.21,0.19,0.02,0.1090703010559082
pollen,0.21,100,0.21,1.0,0.79,0.10805273056030273
pollen,0.21,100,0.21,0.0,0.21,0.10853862762451172
pollen,0.21,100,0.21,0.72,0.51,0.10544967651367188
pollen,0.21,100,0.21,0.77,0.56,0.1058800220489502
pollen,0.21,100,0.21,0.2,0.01,0.1001429557800293
pollen,0.26,100,0.26,1.0,0.74,0.11818528175354004
pollen,0.26,100,0.26,0.05,0.21,0.10639071464538574
pollen,0.26,100,0.26,1.0,0.74,0.10587668418884277
pollen,0.26,100,0.26,0.86,0.6,0.09342026710510254
pollen,0.26,100,0.26,0.41,0.15,0.10599255561828613
pollen,0.26,100,0.26,0.02,0.24,0.10721349716186523
pollen,0.26,100,0.26,0.0,0.26,0.10909366607666016
pollen,0.26,100,0.26,1.0,0.74,0.10037374496459961
pollen,0.26,100,0.26,0.07,0.19,0.10929107666015625
pollen,0.26,100,0.26,0.46,0.2,0.10901165008544922
pollen,0.32,100,0.32,0.52,0.2,0.10905289649963379
pollen,0.32,100,0.32,1.0,0.68,0.1136014461517334
pollen,0.32,100,0.32,1.0,0.68,0.1085512638092041
pollen,0.32,100,0.32,0.6,0.28,0.10305285453796387
pollen,0.32,100,0.32,1.0,0.68,0.1135098934173584
pollen,0.32,100,0.32,1.0,0.68,0.10645747184753418
pollen,0.32,100,0.32,1.0,0.68,0.10128259658813477
pollen,0.32,100,0.32,1.0,0.68,0.10498332977294922
pollen,0.32,100,0.32,1.0,0.68,0.10907721519470215
pollen,0.32,100,0.32,0.01,0.31,0.10906291007995605
pollen,0.37,100,0.37,0.73,0.36,0.10871744155883789
pollen,0.37,100,0.37,1.0,0.63,0.10257339477539062
pollen,0.37,100,0.37,0.14,0.23,0.09386825561523438
pollen,0.37,100,0.37,0.62,0.25,0.1067662239074707
pollen,0.37,100,0.37,0.55,0.18,0.11777997016906738
pollen,0.37,100,0.37,0.96,0.59,0.10905575752258301
pollen,0.37,100,0.37,0.79,0.42,0.11107850074768066
pollen,0.37,100,0.37,0.0,0.37,0.10855770111083984
pollen,0.37,100,0.37,1.0,0.63,0.10907554626464844
pollen,0.37,100,0.37,0.0,0.37,0.1095118522644043
pollen,0.42,100,0.42,1.0,0.58,0.10454821586608887
pollen,0.42,100,0.42,1.0,0.58,0.10689282417297363
pollen,0.42,100,0.42,1.0,0.58,0.09725832939147949
pollen,0.42,100,0.42,0.59,0.17,0.10908126831054688
pollen,0.42,100,0.42,1.0,0.58,0.10825061798095703
pollen,0.42,100,0.42,0.0,0.42,0.11056637763977051
pollen,0.42,100,0.42,1.0,0.58,0.0935964584350586
pollen,0.42,100,0.42,0.74,0.32,0.10013413429260254
pollen,0.42,100,0.42,1.0,0.58,0.10901618003845215
pollen,0.42,100,0.42,1.0,0.58,0.10077214241027832
pollen,0.47,100,0.47,0.86,0.39,0.10778450965881348
pollen,0.47,100,0.47,0.0,0.47,0.10602664947509766
pollen,0.47,100,0.47,1.0,0.53,0.09595656394958496
pollen,0.47,100,0.47,1.0,0.53,0.1075589656829834
pollen,0.47,100,0.47,1.0,0.53,0.10980725288391113
pollen,0.47,100,0.47,0.0,0.47,0.10859870910644531
pollen,0.47,100,0.47,0.11,0.36,0.10902714729309082
pollen,0.47,100,0.47,1.0,0.53,0.10186576843261719
pollen,0.47,100,0.47,0.07,0.4,0.1168968677520752
pollen,0.47,100,0.47,1.0,0.53,0.09389424324035645
pollen,0.53,100,0.53,0.49,0.04,0.10013961791992188
pollen,0.53,100,0.53,0.87,0.34,0.09682774543762207
pollen,0.53,100,0.53,1.0,0.47,0.0977325439453125
pollen,0.53,100,0.53,0.69,0.16,0.10703635215759277
pollen,0.53,100,0.53,1.0,0.47,0.10403227806091309
pollen,0.53,100,0.53,0.42,0.11,0.10770535469055176
pollen,0.53,100,0.53,0.08,0.45,0.09753918647766113
pollen,0.53,100,0.53,1.0,0.47,0.10904526710510254
pollen,0.53,100,0.53,0.13,0.4,0.10231256484985352
pollen,0.53,100,0.53,0.05,0.48,0.10838651657104492
pollen,0.58,100,0.58,1.0,0.42,0.10650157928466797
pollen,0.58,100,0.58,0.65,0.07,0.10005378723144531
pollen,0.58,100,0.58,0.95,0.37,0.10016751289367676
pollen,0.58,100,0.58,0.94,0.36,0.11109304428100586
pollen,0.58,100,0.58,0.65,0.07,0.09396672248840332
pollen,0.58,100,0.58,0.35,0.23,0.10452938079833984
pollen,0.58,100,0.58,1.0,0.42,0.10867190361022949
pollen,0.58,100,0.58,1.0,0.42,0.10618281364440918
pollen,0.58,100,0.58,0.89,0.31,0.10915255546569824
pollen,0.58,100,0.58,1.0,0.42,0.10907292366027832
pollen,0.63,100,0.63,0.09,0.54,0.11478877067565918
pollen,0.63,100,0.63,0.98,0.35,0.10984110832214355
pollen,0.63,100,0.63,1.0,0.37,0.09979557991027832
pollen,0.63,100,0.63,0.9,0.27,0.11914372444152832
pollen,0.63,100,0.63,0.16,0.47,0.10813283920288086
pollen,0.63,100,0.63,0.62,0.01,0.10018444061279297
pollen,0.63,100,0.63,1.0,0.37,0.1075897216796875
pollen,0.63,100,0.63,0.98,0.35,0.10306549072265625
pollen,0.63,100,0.63,0.85,0.22,0.10907816886901855
pollen,0.63,100,0.63,1.0,0.37,0.10901474952697754
pollen,0.68,100,0.68,0.93,0.25,0.1042168140411377
pollen,0.68,100,0.68,1.0,0.32,0.10714364051818848
pollen,0.68,100,0.68,0.17,0.51,0.10991430282592773
pollen,0.68,100,0.68,0.1,0.58,0.10978269577026367
pollen,0.68,100,0.68,1.0,0.32,0.10927414894104004
pollen,0.68,100,0.68,0.11,0.57,0.0931863784790039
pollen,0.68,100,0.68,0.61,0.07,0.10837268829345703
pollen,0.68,100,0.68,1.0,0.32,0.10803532600402832
pollen,0.68,100,0.68,0.02,0.66,0.09232878684997559
pollen,0.68,100,0.68,1.0,0.32,0.10322380065917969
pollen,0.74,100,0.74,0.19,0.55,0.10963010787963867
pollen,0.74,100,0.74,0.07,0.67,0.1056663990020752
pollen,0.74,100,0.74,0.71,0.03,0.10915398597717285
pollen,0.74,100,0.74,1.0,0.26,0.10822606086730957
pollen,0.74,100,0.74,0.03,0.71,0.10526514053344727
pollen,0.74,100,0.74,1.0,0.26,0.1049041748046875
pollen,0.74,100,0.74,0.92,0.18,0.10987043380737305
pollen,0.74,100,0.74,0.91,0.17,0.10862898826599121
pollen,0.74,100,0.74,1.0,0.26,0.10342574119567871
pollen,0.74,100,0.74,0.4,0.34,0.11101293563842773
pollen,0.79,100,0.79,1.0,0.21,0.11659598350524902
pollen,0.79,100,0.79,0.02,0.77,0.10904645919799805
pollen,0.79,100,0.79,0.43,0.36,0.09791994094848633
pollen,0.79,100,0.79,0.99,0.2,0.10911297798156738
pollen,0.79,100,0.79,1.0,0.21,0.11068844795227051
pollen,0.79,100,0.79,0.31,0.48,0.10904979705810547
pollen,0.79,100,0.79,0.67,0.12,0.10906839370727539
pollen,0.79,100,0.79,0.26,0.53,0.10921716690063477
pollen,0.79,100,0.79,1.0,0.21,0.09368586540222168
pollen,0.79,100,0.79,1.0,0.21,0.10849475860595703
pollen,0.84,100,0.84,0.62,0.22,0.1040034294128418
pollen,0.84,100,0.84,0.53,0.31,0.1051483154296875
pollen,0.84,100,0.84,1.0,0.16,0.10501670837402344
pollen,0.84,100,0.84,0.54,0.3,0.10906052589416504
pollen,0.84,100,0.84,0.96,0.12,0.11052846908569336
pollen,0.84,100,0.84,0.17,0.67,0.10840964317321777
pollen,0.84,100,0.84,1.0,0.16,0.09098410606384277
pollen,0.84,100,0.84,1.0,0.16,0.10347294807434082
pollen,0.84,100,0.84,1.0,0.16,0.10888791084289551
pollen,0.84,100,0.84,0.44,0.4,0.10597491264343262
pollen,0.89,100,0.89,0.0,0.89,0.10944294929504395
pollen,0.89,100,0.89,1.0,0.11,0.10072588920593262
pollen,0.89,100,0.89,0.12,0.77,0.10305094718933105
pollen,0.89,100,0.89,0.99,0.1,0.09345793724060059
pollen,0.89,100,0.89,0.19,0.7,0.10483646392822266
pollen,0.89,100,0.89,1.0,0.11,0.11991310119628906
pollen,0.89,100,0.89,1.0,0.11,0.10908007621765137
pollen,0.89,100,0.89,0.01,0.88,0.10906863212585449
pollen,0.89,100,0.89,0.76,0.13,0.12282633781433105
pollen,0.89,100,0.89,0.85,0.04,0.10872817039489746
pollen,0.95,100,0.95,0.49,0.46,0.09858489036560059
pollen,0.95,100,0.95,0.71,0.24,0.1000206470489502
pollen,0.95,100,0.95,1.0,0.05,0.10906767845153809
pollen,0.95,100,0.95,1.0,0.05,0.1090691089630127
pollen,0.95,100,0.95,1.0,0.05,0.10846543312072754
pollen,0.95,100,0.95,0.56,0.39,0.10617661476135254
pollen,0.95,100,0.95,1.0,0.05,0.10909533500671387
pollen,0.95,100,0.95,0.82,0.13,0.10061979293823242
pollen,0.95,100,0.95,1.0,0.05,0.10895609855651855
pollen,0.95,100,0.95,1.0,0.05,0.11751461029052734
pollen,1.0,100,1.0,1.0,0.0,0.10594367980957031
pollen,1.0,100,1.0,1.0,0.0,0.10895276069641113
pollen,1.0,100,1.0,1.0,0.0,0.10361719131469727
pollen,1.0,100,1.0,1.0,0.0,0.10707449913024902
pollen,1.0,100,1.0,1.0,0.0,0.10054802894592285
pollen,1.0,100,1.0,0.92,0.08,0.1084434986114502
pollen,1.0,100,1.0,0.92,0.08,0.12052369117736816
pollen,1.0,100,1.0,1.0,0.0,0.1145317554473877
pollen,1.0,100,1.0,0.62,0.38,0.10905718803405762
pollen,1.0,100,1.0,1.0,0.0,0.11812162399291992
puma32H,0.0,100,0.0,0.0,0.0,0.10284423828125
puma32H,0.0,100,0.0,0.0,0.0,0.10910940170288086
puma32H,0.0,100,0.0,0.1,0.1,0.12115788459777832
puma32H,0.0,100,0.0,0.0,0.0,0.10760188102722168
puma32H,0.0,100,0.0,0.0,0.0,0.10966610908508301
puma32H,0.0,100,0.0,0.0,0.0,0.12176632881164551
puma32H,0.0,100,0.0,0.03,0.03,0.1090238094329834
puma32H,0.0,100,0.0,0.15,0.15,0.10798192024230957
puma32H,0.0,100,0.0,0.01,0.01,0.10917067527770996
puma32H,0.0,100,0.0,0.15,0.15,0.10473871231079102
puma32H,0.05,100,0.05,0.0,0.05,0.10099673271179199
puma32H,0.05,100,0.05,0.0,0.05,0.09785079956054688
puma32H,0.05,100,0.05,0.47,0.42,0.10593461990356445
puma32H,0.05,100,0.05,0.0,0.05,0.11464881896972656
puma32H,0.05,100,0.05,0.0,0.05,0.10715889930725098
puma32H,0.05,100,0.05,0.0,0.05,0.1090843677520752
puma32H,0.05,100,0.05,0.46,0.41,0.1095728874206543
puma32H,0.05,100,0.05,0.0,0.05,0.10907554626464844
puma32H,0.05,100,0.05,0.04,0.01,0.1090998649597168
puma32H,0.05,100,0.05,0.0,0.05,0.0938713550567627
puma32H,0.11,100,0.11,0.13,0.02,0.10422897338867188
puma32H,0.11,100,0.11,0.08,0.03,0.11107444763183594
puma32H,0.11,100,0.11,0.0,0.11,0.12270665168762207
puma32H,0.11,100,0.11,0.03,0.08,0.10906791687011719
puma32H,0.11,100,0.11,0.1,0.01,0.10921764373779297
puma32H,0.11,100,0.11,0.0,0.11,0.10348343849182129
puma32H,0.11,100,0.11,0.19,0.08,0.10995149612426758
puma32H,0.11,100,0.11,0.18,0.07,0.10908126831054688
puma32H,0.11,100,0.11,0.11,0.0,0.10086393356323242
puma32H,0.11,100,0.11,0.09,0.02,0.10663866996765137
puma32H,0.16,100,0.16,0.0,0.16,0.10900497436523438
puma32H,0.16,100,0.16,0.05,0.11,0.1089315414428711
puma32H,0.16,100,0.16,0.17,0.01,0.10965347290039062
puma32H,0.16,100,0.16,0.23,0.07,0.10702133178710938
puma32H,0.16,100,0.16,0.12,0.04,0.11175179481506348
puma32H,0.16,100,0.16,0.0,0.16,0.10601210594177246
puma32H,0.16,100,0.16,0.21,0.05,0.10808110237121582
puma32H,0.16,100,0.16,0.21,0.05,0.10305619239807129
puma32H,0.16,100,0.16,0.0,0.16,0.09682750701904297
puma32H,0.16,100,0.16,0.21,0.05,0.1049041748046875
puma32H,0.21,100,0.21,0.07,0.14,0.11011528968811035
puma32H,0.21,100,0.21,0.29,0.08,0.10711836814880371
puma32H,0.21,100,0.21,0.06,0.15,0.10910487174987793
puma32H,0.21,100,0.21,0.16,0.05,0.1066899299621582
puma32H,0.21,100,0.21,0.0,0.21,0.10902786254882812
puma32H,0.21,100,0.21,0.41,0.2,0.09978485107421875
puma32H,0.21,100,0.21,0.0,0.21,0.10905861854553223
puma32H,0.21,100,0.21,0.22,0.01,0.10635042190551758
puma32H,0.21,100,0.21,0.0,0.21,0.11285400390625
puma32H,0.21,100,0.21,0.01,0.2,0.10933184623718262
puma32H,0.26,100,0.26,0.16,0.1,0.10932540893554688
puma32H,0.26,100,0.26,0.58,0.32,0.10547351837158203
puma32H,0.26,100,0.26,0.37,0.11,0.10478329658508301
puma32H,0.26,100,0.26,0.03,0.23,0.10906863212585449
puma32H,0.26,100,0.26,0.21,0.05,0.10917019844055176
puma32H,0.26,100,0.26,0.03,0.23,0.11505794525146484
puma32H,0.26,100,0.26,0.71,0.45,0.1090695858001709
puma32H,0.26,100,0.26,0.29,0.03,0.11057901382446289
puma32H,0.26,100,0.26,0.08,0.18,0.09336352348327637
puma32H,0.26,100,0.26,0.27,0.01,0.10829734802246094
puma32H,0.32,100,0.32,0.54,0.22,0.0926656723022461
puma32H,0.32,100,0.32,0.27,0.05,0.10905194282531738
puma32H,0.32,100,0.32,0.05,0.27,0.11162185668945312
puma32H,0.32,100,0.32,0.29,0.03,0.10379505157470703
puma32H,0.32,100,0.32,0.35,0.03,0.11757278442382812
puma32H,0.32,100,0.32,0.29,0.03,0.10984420776367188
puma32H,0.32,100,0.32,0.18,0.14,0.12407398223876953
puma32H,0.32,100,0.32,0.36,0.04,0.11914563179016113
puma32H,0.32,100,0.32,0.35,0.03,0.1193690299987793
puma32H,0.32,100,0.32,0.0,0.32,0.1028592586517334
puma32H,0.37,100,0.37,0.16,0.21,0.11167478561401367
puma32H,0.37,100,0.37,0.51,0.14,0.10577535629272461
puma32H,0.37,100,0.37,0.35,0.02,0.1085669994354248
puma32H,0.37,100,0.37,0.14,0.23,0.11151814460754395
puma32H,0.37,100,0.37,0.54,0.17,0.11189961433410645
puma32H,0.37,100,0.37,0.26,0.11,0.10278892517089844
puma32H,0.37,100,0.37,0.36,0.01,0.10589194297790527
puma32H,0.37,100,0.37,0.23,0.14,0.10908317565917969
puma32H,0.37,100,0.37,0.6,0.23,0.1098318099975586
puma32H,0.37,100,0.37,0.37,0.0,0.11557793617248535
puma32H,0.42,100,0.42,0.5,0.08,0.10286188125610352
puma32H,0.42,100,0.42,0.25,0.17,0.10142350196838379
puma32H,0.42,100,0.42,0.55,0.13,0.10345745086669922
puma32H,0.42,100,0.42,0.65,0.23,0.10906052589416504
puma32H,0.42,100,0.42,0.57,0.15,0.10903143882751465
puma32H,0.42,100,0.42,0.24,0.18,0.10902976989746094
puma32H,0.42,100,0.42,0.27,0.15,0.10860586166381836
puma32H,0.42,100,0.42,0.41,0.01,0.11015915870666504
puma32H,0.42,100,0.42,0.56,0.14,0.10863566398620605
puma32H,0.42,100,0.42,0.39,0.03,0.10491466522216797
puma32H,0.47,100,0.47,0.25,0.22,0.10800814628601074
puma32H,0.47,100,0.47,0.64,0.17,0.10913515090942383
puma32H,0.47,100,0.47,0.0,0.47,0.10390448570251465
puma32H,0.47,100,0.47,0.71,0.24,0.11151742935180664
puma32H,0.47,100,0.47,0.71,0.24,0.1073613166809082
puma32H,0.47,100,0.47,0.57,0.1,0.10002875328063965
puma32H,0.47,100,0.47,0.57,0.1,0.10525298118591309
puma32H,0.47,100,0.47,0.54,0.07,0.09966492652893066
puma32H,0.47,100,0.47,0.79,0.32,0.10042047500610352
puma32H,0.47,100,0.47,0.38,0.09,0.1012115478515625
puma32H,0.53,100,0.53,0.7,0.17,0.11246037483215332
puma32H,0.53,100,0.53,0.41,0.12,0.10840225219726562
puma32H,0.53,100,0.53,0.69,0.16,0.10921454429626465
puma32H,0.53,100,0.53,0.63,0.1,0.1090693473815918
puma32H,0.53,100,0.53,0.52,0.01,0.10381174087524414
puma32H,0.53,100,0.53,0.53,0.0,0.10804629325866699
puma32H,0.53,100,0.53,0.48,0.05,0.10546255111694336
puma32H,0.53,100,0.53,0.38,0.15,0.10591888427734375
puma32H,0.53,100,0.53,0.6,0.07,0.10908389091491699
puma32H,0.53,100,0.53,0.83,0.3,0.10010838508605957
puma32H,0.58,100,0.58,0.65,0.07,0.10914897918701172
puma32H,0.58,100,0.58,0.62,0.04,0.1091012954711914
puma32H,0.58,100,0.58,0.82,0.24,0.10252666473388672
puma32H,0.58,100,0.58,0.7,0.12,0.10542440414428711
puma32H,0.58,100,0.58,0.25,0.33,0.10538887977600098
puma32H,0.58,100,0.58,0.64,0.06,0.11512184143066406
puma32H,0.58,100,0.58,0.62,0.04,0.10852336883544922
puma32H,0.58,100,0.58,0.44,0.14,0.10895967483520508
puma32H,0.58,100,0.58,0.45,0.13,0.1109318733215332
puma32H,0.58,100,0.58,0.88,0.3,0.09595203399658203
puma32H,0.63,100,0.63,0.79,0.16,0.1085960865020752
puma32H,0.63,100,0.63,0.57,0.06,0.10608315467834473
puma32H,0.63,100,0.63,0.72,0.09,0.10834050178527832
puma32H,0.63,100,0.63,0.48,0.15,0.09546160697937012
puma32H,0.63,100,0.63,0.56,0.07,0.10995268821716309
puma32H,0.63,100,0.63,0.72,0.09,0.1090703010559082
puma32H,0.63,100,0.63,0.71,0.08,0.11566710472106934
puma32H,0.63,100,0.63,0.57,0.06,0.10278654098510742
puma32H,0.63,100,0.63,0.8,0.17,0.11921358108520508
puma32H,0.63,100,0.63,0.64,0.01,0.1035158634185791
puma32H,0.68,100,0.68,0.81,0.13,0.11629080772399902
puma32H,0.68,100,0.68,0.6,0.08,0.10028219223022461
puma32H,0.68,100,0.68,1.0,0.32,0.10904383659362793
puma32H,0.68,100,0.68,0.59,0.09,0.11064004898071289
puma32H,0.68,100,0.68,0.5,0.18,0.10916495323181152
puma32H,0.68,100,0.68,0.79,0.11,0.10857105255126953
puma32H,0.68,100,0.68,0.71,0.03,0.1172177791595459
puma32H,0.68,100,0.68,0.76,0.08,0.1090998649597168
puma32H,0.68,100,0.68,0.49,0.19,0.0929563045501709
puma32H,0.68,100,0.68,0.76,0.08,0.09969210624694824
puma32H,0.74,100,0.74,1.0,0.26,0.10945582389831543
puma32H,0.74,100,0.74,0.58,0.16,0.11852145195007324
puma32H,0.74,100,0.74,0.7,0.04,0.10831117630004883
puma32H,0.74,100,0.74,0.74,0.0,0.10993027687072754
puma32H,0.74,100,0.74,0.32,0.42,0.10912942886352539
puma32H,0.74,100,0.74,0.86,0.12,0.1097109317779541
puma32H,0.74,100,0.74,0.73,0.01,0.10361123085021973
puma32H,0.74,100,0.74,0.98,0.24,0.11202096939086914
puma32H,0.74,100,0.74,0.66,0.08,0.11325716972351074
puma32H,0.74,100,0.74,0.8,0.06,0.11418485641479492
puma32H,0.79,100,0.79,0.79,0.0,0.10297346115112305
puma32H,0.79,100,0.79,0.43,0.36,0.10923290252685547
puma32H,0.79,100,0.79,0.86,0.07,0.10865306854248047
puma32H,0.79,100,0.79,0.59,0.2,0.10385394096374512
puma32H,0.79,100,0.79,0.69,0.1,0.10360097885131836
puma32H,0.79,100,0.79,0.97,0.18,0.10965991020202637
puma32H,0.79,100,0.79,0.81,0.02,0.10806059837341309
puma32H,0.79,100,0.79,0.57,0.22,0.1086738109588623
puma32H,0.79,100,0.79,0.55,0.24,0.10206985473632812
puma32H,0.79,100,0.79,0.94,0.15,0.10726046562194824
puma32H,0.84,100,0.84,0.7,0.14,0.10493326187133789
puma32H,0.84,100,0.84,0.51,0.33,0.10923409461975098
puma32H,0.84,100,0.84,0.76,0.08,0.10914969444274902
puma32H,0.84,100,0.84,1.0,0.16,0.10905838012695312
puma32H,0.84,100,0.84,0.88,0.04,0.10918807983398438
puma32H,0.84,100,0.84,0.8,0.04,0.10004997253417969
puma32H,0.84,100,0.84,1.0,0.16,0.10016322135925293
puma32H,0.84,100,0.84,0.6,0.24,0.11321473121643066
puma32H,0.84,100,0.84,1.0,0.16,0.1184532642364502
puma32H,0.84,100,0.84,0.85,0.01,0.1002051830291748
puma32H,0.89,100,0.89,0.97,0.08,0.1035161018371582
puma32H,0.89,100,0.89,0.85,0.04,0.10705256462097168
puma32H,0.89,100,0.89,1.0,0.11,0.11800575256347656
puma32H,0.89,100,0.89,1.0,0.11,0.10351872444152832
puma32H,0.89,100,0.89,0.78,0.11,0.10862231254577637
puma32H,0.89,100,0.89,0.83,0.06,0.10901284217834473
puma32H,0.89,100,0.89,0.84,0.05,0.10368108749389648
puma32H,0.89,100,0.89,0.78,0.11,0.10341572761535645
puma32H,0.89,100,0.89,1.0,0.11,0.10226726531982422
puma32H,0.89,100,0.89,0.62,0.27,0.10904264450073242
puma32H,0.95,100,0.95,0.8,0.15,0.10354423522949219
puma32H,0.95,100,0.95,1.0,0.05,0.10963916778564453
puma32H,0.95,100,0.95,1.0,0.05,0.10994291305541992
puma32H,0.95,100,0.95,1.0,0.05,0.10446906089782715
puma32H,0.95,100,0.95,0.78,0.17,0.12417817115783691
puma32H,0.95,100,0.95,1.0,0.05,0.1111137866973877
puma32H,0.95,100,0.95,1.0,0.05,0.10833024978637695
puma32H,0.95,100,0.95,0.7,0.25,0.10886216163635254
puma32H,0.95,100,0.95,0.83,0.12,0.10914897918701172
puma32H,0.95,100,0.95,1.0,0.05,0.10341811180114746
puma32H,1.0,100,1.0,0.7,0.3,0.10843205451965332
puma32H,1.0,100,1.0,0.63,0.37,0.10921406745910645
puma32H,1.0,100,1.0,0.76,0.24,0.10411572456359863
puma32H,1.0,100,1.0,1.0,0.0,0.10002923011779785
puma32H,1.0,100,1.0,1.0,0.0,0.09410333633422852
puma32H,1.0,100,1.0,1.0,0.0,0.10441374778747559
puma32H,1.0,100,1.0,0.82,0.18,0.10306906700134277
puma32H,1.0,100,1.0,1.0,0.0,0.1101987361907959
puma32H,1.0,100,1.0,1.0,0.0,0.10905671119689941
puma32H,1.0,100,1.0,0.88,0.12,0.10902547836303711
puma8NH,0.0,100,0.0,0.0,0.0,0.1013638973236084
puma8NH,0.0,100,0.0,0.0,0.0,0.10866451263427734
puma8NH,0.0,100,0.0,0.01,0.01,0.11358857154846191
puma8NH,0.0,100,0.0,0.0,0.0,0.10571837425231934
puma8NH,0.0,100,0.0,0.0,0.0,0.10883641242980957
puma8NH,0.0,100,0.0,0.0,0.0,0.10792303085327148
puma8NH,0.0,100,0.0,0.0,0.0,0.10866141319274902
puma8NH,0.0,100,0.0,0.0,0.0,0.11266899108886719
puma8NH,0.0,100,0.0,0.01,0.01,0.10312485694885254
puma8NH,0.0,100,0.0,0.0,0.0,0.1034688949584961
puma8NH,0.05,100,0.05,0.03,0.02,0.10968208312988281
puma8NH,0.05,100,0.05,0.07,0.02,0.10415124893188477
puma8NH,0.05,100,0.05,0.01,0.04,0.09710097312927246
puma8NH,0.05,100,0.05,0.0,0.05,0.1091611385345459
puma8NH,0.05,100,0.05,0.06,0.01,0.10312652587890625
puma8NH,0.05,100,0.05,0.03,0.02,0.1084432601928711
puma8NH,0.05,100,0.05,0.07,0.02,0.10855674743652344
puma8NH,0.05,100,0.05,0.02,0.03,0.10941505432128906
puma8NH,0.05,100,0.05,0.0,0.05,0.11909770965576172
puma8NH,0.05,100,0.05,0.02,0.03,0.10393142700195312
puma8NH,0.11,100,0.11,0.0,0.11,0.11884236335754395
puma8NH,0.11,100,0.11,0.01,0.1,0.11404705047607422
puma8NH,0.11,100,0.11,0.06,0.05,0.11013603210449219
puma8NH,0.11,100,0.11,0.04,0.07,0.10907387733459473
puma8NH,0.11,100,0.11,0.08,0.03,0.10857772827148438
puma8NH,0.11,100,0.11,0.09,0.02,0.10001325607299805
puma8NH,0.11,100,0.11,0.08,0.03,0.1062617301940918
puma8NH,0.11,100,0.11,0.01,0.1,0.10152912139892578
puma8NH,0.11,100,0.11,0.05,0.06,0.10913705825805664
puma8NH,0.11,100,0.11,0.12,0.01,0.11500930786132812
puma8NH,0.16,100,0.16,0.08,0.08,0.11155819892883301
puma8NH,0.16,100,0.16,0.12,0.04,0.10598945617675781
puma8NH,0.16,100,0.16,0.09,0.07,0.10982036590576172
puma8NH,0.16,100,0.16,0.07,0.09,0.11910271644592285
puma8NH,0.16,100,0.16,0.08,0.08,0.10906386375427246
puma8NH,0.16,100,0.16,0.09,0.07,0.11619019508361816
puma8NH,0.16,100,0.16,0.14,0.02,0.09729576110839844
puma8NH,0.16,100,0.16,0.07,0.09,0.10102295875549316
puma8NH,0.16,100,0.16,0.12,0.04,0.1176607608795166
puma8NH,0.16,100,0.16,0.08,0.08,0.10859942436218262
puma8NH,0.21,100,0.21,0.16,0.05,0.10980534553527832
puma8NH,0.21,100,0.21,0.18,0.03,0.10896897315979004
puma8NH,0.21,100,0.21,0.15,0.06,0.10359454154968262
puma8NH,0.21,100,0.21,0.02,0.19,0.11348867416381836
puma8NH,0.21,100,0.21,0.13,0.08,0.1112968921661377
puma8NH,0.21,100,0.21,0.1,0.11,0.10381150245666504
puma8NH,0.21,100,0.21,0.08,0.13,0.10976099967956543
puma8NH,0.21,100,0.21,0.16,0.05,0.10939574241638184
puma8NH,0.21,100,0.21,0.17,0.04,0.10898804664611816
puma8NH,0.21,100,0.21,0.17,0.04,0.10555171966552734
puma8NH,0.26,100,0.26,0.25,0.01,0.10591459274291992
puma8NH,0.26,100,0.26,0.19,0.07,0.10905766487121582
puma8NH,0.26,100,0.26,0.36,0.1,0.10902023315429688
puma8NH,0.26,100,0.26,0.22,0.04,0.11098670959472656
puma8NH,0.26,100,0.26,0.25,0.01,0.11302709579467773
puma8NH,0.26,100,0.26,0.14,0.12,0.11016154289245605
puma8NH,0.26,100,0.26,0.17,0.09,0.1176137924194336
puma8NH,0.26,100,0.26,0.31,0.05,0.10155296325683594
puma8NH,0.26,100,0.26,0.25,0.01,0.10908651351928711
puma8NH,0.26,100,0.26,0.18,0.08,0.1089479923248291
puma8NH,0.32,100,0.32,0.31,0.01,0.10918307304382324
puma8NH,0.32,100,0.32,0.25,0.07,0.10660982131958008
puma8NH,0.32,100,0.32,0.45,0.13,0.10030150413513184
puma8NH,0.32,100,0.32,0.33,0.01,0.11069750785827637
puma8NH,0.32,100,0.32,0.33,0.01,0.1096656322479248
puma8NH,0.32,100,0.32,0.24,0.08,0.10947704315185547
puma8NH,0.32,100,0.32,0.22,0.1,0.10860371589660645
puma8NH,0.32,100,0.32,0.27,0.05,0.10425233840942383
puma8NH,0.32,100,0.32,0.21,0.11,0.1058647632598877
puma8NH,0.32,100,0.32,0.22,0.1,0.10923624038696289
puma8NH,0.37,100,0.37,0.34,0.03,0.10336589813232422
puma8NH,0.37,100,0.37,0.4,0.03,0.11594676971435547
puma8NH,0.37,100,0.37,0.31,0.06,0.11349701881408691
puma8NH,0.37,100,0.37,0.33,0.04,0.11882686614990234
puma8NH,0.37,100,0.37,0.26,0.11,0.1023871898651123
puma8NH,0.37,100,0.37,0.29,0.08,0.10906028747558594
puma8NH,0.37,100,0.37,0.29,0.08,0.10980939865112305
puma8NH,0.37,100,0.37,0.36,0.01,0.10252141952514648
puma8NH,0.37,100,0.37,0.3,0.07,0.09744477272033691
puma8NH,0.37,100,0.37,0.42,0.05,0.11613321304321289
puma8NH,0.42,100,0.42,0.41,0.01,0.11516952514648438
puma8NH,0.42,100,0.42,0.41,0.01,0.10897135734558105
puma8NH,0.42,100,0.42,0.36,0.06,0.10290050506591797
puma8NH,0.42,100,0.42,0.24,0.18,0.10905575752258301
puma8NH,0.42,100,0.42,0.38,0.04,0.10906052589416504
puma8NH,0.42,100,0.42,0.52,0.1,0.10807037353515625
puma8NH,0.42,100,0.42,0.36,0.06,0.1080777645111084
puma8NH,0.42,100,0.42,0.48,0.06,0.10905885696411133
puma8NH,0.42,100,0.42,0.38,0.04,0.11461925506591797
puma8NH,0.42,100,0.42,0.44,0.02,0.10975503921508789
puma8NH,0.47,100,0.47,0.43,0.04,0.10906052589416504
puma8NH,0.47,100,0.47,0.53,0.06,0.10296773910522461
puma8NH,0.47,100,0.47,0.45,0.02,0.10904335975646973
puma8NH,0.47,100,0.47,0.56,0.09,0.10923314094543457
puma8NH,0.47,100,0.47,0.48,0.01,0.10584092140197754
puma8NH,0.47,100,0.47,0.5,0.03,0.10900235176086426
puma8NH,0.47,100,0.47,0.5,0.03,0.10911059379577637
puma8NH,0.47,100,0.47,0.53,0.06,0.09810280799865723
puma8NH,0.47,100,0.47,0.54,0.07,0.12063932418823242
puma8NH,0.47,100,0.47,0.42,0.05,0.10889530181884766
puma8NH,0.53,100,0.53,0.58,0.05,0.10945844650268555
puma8NH,0.53,100,0.53,0.56,0.03,0.10859370231628418
puma8NH,0.53,100,0.53,0.58,0.05,0.12320256233215332
puma8NH,0.53,100,0.53,0.58,0.05,0.11196208000183105
puma8NH,0.53,100,0.53,0.48,0.05,0.12402987480163574
puma8NH,0.53,100,0.53,0.52,0.01,0.11565971374511719
puma8NH,0.53,100,0.53,0.49,0.04,0.10850119590759277
puma8NH,0.53,100,0.53,0.63,0.1,0.10958290100097656
puma8NH,0.53,100,0.53,0.52,0.01,0.10647988319396973
puma8NH,0.53,100,0.53,0.45,0.08,0.10358381271362305
puma8NH,0.58,100,0.58,0.59,0.01,0.1104893684387207
puma8NH,0.58,100,0.58,0.64,0.06,0.12212538719177246
puma8NH,0.58,100,0.58,0.6,0.02,0.10968375205993652
puma8NH,0.58,100,0.58,0.63,0.05,0.10976910591125488
puma8NH,0.58,100,0.58,0.47,0.11,0.11801481246948242
puma8NH,0.58,100,0.58,0.68,0.1,0.1183016300201416
puma8NH,0.58,100,0.58,0.5,0.08,0.10923218727111816
puma8NH,0.58,100,0.58,0.47,0.11,0.10905671119689941
puma8NH,0.58,100,0.58,0.51,0.07,0.10828018188476562
puma8NH,0.58,100,0.58,0.44,0.14,0.10895895957946777
puma8NH,0.63,100,0.63,0.64,0.01,0.11340808868408203
puma8NH,0.63,100,0.63,0.66,0.03,0.09859538078308105
puma8NH,0.63,100,0.63,0.65,0.02,0.10881590843200684
puma8NH,0.63,100,0.63,0.66,0.03,0.10897588729858398
puma8NH,0.63,100,0.63,0.61,0.02,0.10937070846557617
puma8NH,0.63,100,0.63,0.64,0.01,0.10300278663635254
puma8NH,0.63,100,0.63,0.58,0.05,0.10906314849853516
puma8NH,0.63,100,0.63,0.68,0.05,0.10800027847290039
puma8NH,0.63,100,0.63,0.75,0.12,0.10877227783203125
puma8NH,0.63,100,0.63,0.57,0.06,0.09466004371643066
puma8NH,0.68,100,0.68,0.74,0.06,0.11456060409545898
puma8NH,0.68,100,0.68,0.72,0.04,0.0939788818359375
puma8NH,0.68,100,0.68,0.66,0.02,0.12057089805603027
puma8NH,0.68,100,0.68,0.59,0.09,0.1041717529296875
puma8NH,0.68,100,0.68,0.67,0.01,0.10974717140197754
puma8NH,0.68,100,0.68,0.64,0.04,0.10968518257141113
puma8NH,0.68,100,0.68,0.59,0.09,0.10821962356567383
puma8NH,0.68,100,0.68,0.59,0.09,0.10169076919555664
puma8NH,0.68,100,0.68,0.78,0.1,0.11681842803955078
puma8NH,0.68,100,0.68,0.72,0.04,0.11308574676513672
puma8NH,0.74,100,0.74,0.76,0.02,0.10292434692382812
puma8NH,0.74,100,0.74,0.81,0.07,0.10552024841308594
puma8NH,0.74,100,0.74,0.81,0.07,0.1090700626373291
puma8NH,0.74,100,0.74,0.77,0.03,0.10910439491271973
puma8NH,0.74,100,0.74,0.72,0.02,0.09954428672790527
puma8NH,0.74,100,0.74,0.82,0.08,0.10483932495117188
puma8NH,0.74,100,0.74,0.8,0.06,0.1004481315612793
puma8NH,0.74,100,0.74,0.79,0.05,0.11392593383789062
puma8NH,0.74,100,0.74,0.7,0.04,0.10166358947753906
puma8NH,0.74,100,0.74,0.7,0.04,0.09371733665466309
puma8NH,0.79,100,0.79,0.82,0.03,0.1118173599243164
puma8NH,0.79,100,0.79,0.84,0.05,0.1092233657836914
puma8NH,0.79,100,0.79,0.82,0.03,0.10802364349365234
puma8NH,0.79,100,0.79,0.8,0.01,0.10445976257324219
puma8NH,0.79,100,0.79,0.74,0.05,0.11502957344055176
puma8NH,0.79,100,0.79,0.89,0.1,0.10911369323730469
puma8NH,0.79,100,0.79,0.86,0.07,0.11868977546691895
puma8NH,0.79,100,0.79,0.81,0.02,0.11264634132385254
puma8NH,0.79,100,0.79,0.77,0.02,0.11272573471069336
puma8NH,0.79,100,0.79,0.86,0.07,0.10907864570617676
puma8NH,0.84,100,0.84,0.89,0.05,0.10904955863952637
puma8NH,0.84,100,0.84,0.97,0.13,0.10877442359924316
puma8NH,0.84,100,0.84,0.91,0.07,0.10292673110961914
puma8NH,0.84,100,0.84,0.87,0.03,0.10912656784057617
puma8NH,0.84,100,0.84,0.92,0.08,0.11793637275695801
puma8NH,0.84,100,0.84,0.89,0.05,0.10950517654418945
puma8NH,0.84,100,0.84,0.86,0.02,0.1025698184967041
puma8NH,0.84,100,0.84,0.97,0.13,0.10927724838256836
puma8NH,0.84,100,0.84,0.94,0.1,0.09844589233398438
puma8NH,0.84,100,0.84,0.83,0.01,0.10594391822814941
puma8NH,0.89,100,0.89,0.92,0.03,0.10908031463623047
puma8NH,0.89,100,0.89,0.82,0.07,0.1101233959197998
puma8NH,0.89,100,0.89,0.92,0.03,0.10879182815551758
puma8NH,0.89,100,0.89,0.85,0.04,0.10908031463623047
puma8NH,0.89,100,0.89,0.94,0.05,0.10704469680786133
puma8NH,0.89,100,0.89,0.95,0.06,0.10920453071594238
puma8NH,0.89,100,0.89,0.88,0.01,0.10906505584716797
puma8NH,0.89,100,0.89,0.96,0.07,0.10841083526611328
puma8NH,0.89,100,0.89,0.84,0.05,0.10531306266784668
puma8NH,0.89,100,0.89,0.9,0.01,0.1040041446685791
puma8NH,0.95,100,0.95,0.95,0.0,0.09415149688720703
puma8NH,0.95,100,0.95,1.0,0.05,0.09395074844360352
puma8NH,0.95,100,0.95,0.99,0.04,0.1001286506652832
puma8NH,0.95,100,0.95,0.97,0.02,0.10898208618164062
puma8NH,0.95,100,0.95,0.98,0.03,0.09336233139038086
puma8NH,0.95,100,0.95,0.96,0.01,0.10862374305725098
puma8NH,0.95,100,0.95,0.99,0.04,0.11775517463684082
puma8NH,0.95,100,0.95,1.0,0.05,0.1107177734375
puma8NH,0.95,100,0.95,1.0,0.05,0.11005043983459473
puma8NH,0.95,100,0.95,1.0,0.05,0.1091158390045166
puma8NH,1.0,100,1.0,1.0,0.0,0.10248112678527832
puma8NH,1.0,100,1.0,1.0,0.0,0.11927556991577148
puma8NH,1.0,100,1.0,0.99,0.01,0.10573291778564453
puma8NH,1.0,100,1.0,1.0,0.0,0.10907459259033203
puma8NH,1.0,100,1.0,1.0,0.0,0.10905671119689941
puma8NH,1.0,100,1.0,0.95,0.05,0.10318541526794434
puma8NH,1.0,100,1.0,1.0,0.0,0.10029292106628418
puma8NH,1.0,100,1.0,1.0,0.0,0.10249900817871094
puma8NH,1.0,100,1.0,1.0,0.0,0.10709238052368164
puma8NH,1.0,100,1.0,0.99,0.01,0.10906291007995605
quake,0.0,100,0.0,0.94,0.94,0.10921978950500488
quake,0.0,100,0.0,0.68,0.68,0.11513566970825195
quake,0.0,100,0.0,0.43,0.43,0.10936188697814941
quake,0.0,100,0.0,0.56,0.56,0.11226224899291992
quake,0.0,100,0.0,0.35,0.35,0.10941100120544434
quake,0.0,100,0.0,0.6,0.6,0.1025705337524414
quake,0.0,100,0.0,0.36,0.36,0.10187578201293945
quake,0.0,100,0.0,0.0,0.0,0.11049365997314453
quake,0.0,100,0.0,0.81,0.81,0.10583972930908203
quake,0.0,100,0.0,1.0,1.0,0.09333419799804688
quake,0.05,100,0.05,0.31,0.26,0.11074018478393555
quake,0.05,100,0.05,0.15,0.1,0.09733033180236816
quake,0.05,100,0.05,0.67,0.62,0.10536909103393555
quake,0.05,100,0.05,0.14,0.09,0.0978395938873291
quake,0.05,100,0.05,0.87,0.82,0.10901379585266113
quake,0.05,100,0.05,0.4,0.35,0.10387468338012695
quake,0.05,100,0.05,0.86,0.81,0.10773587226867676
quake,0.05,100,0.05,0.87,0.82,0.10611963272094727
quake,0.05,100,0.05,0.47,0.42,0.10724663734436035
quake,0.05,100,0.05,0.49,0.44,0.10897350311279297
quake,0.11,100,0.11,0.56,0.45,0.11203908920288086
quake,0.11,100,0.11,0.34,0.23,0.10912156105041504
quake,0.11,100,0.11,0.56,0.45,0.09954357147216797
quake,0.11,100,0.11,0.45,0.34,0.10346460342407227
quake,0.11,100,0.11,0.8,0.69,0.10296225547790527
quake,0.11,100,0.11,0.37,0.26,0.10649943351745605
quake,0.11,100,0.11,0.84,0.73,0.10784649848937988
quake,0.11,100,0.11,0.48,0.37,0.10343670845031738
quake,0.11,100,0.11,0.0,0.11,0.09321928024291992
quake,0.11,100,0.11,0.38,0.27,0.10993051528930664
quake,0.16,100,0.16,0.68,0.52,0.09294342994689941
quake,0.16,100,0.16,0.66,0.5,0.10001778602600098
quake,0.16,100,0.16,0.71,0.55,0.10861968994140625
quake,0.16,100,0.16,0.49,0.33,0.10518336296081543
quake,0.16,100,0.16,0.76,0.6,0.1079554557800293
quake,0.16,100,0.16,0.42,0.26,0.1129612922668457
quake,0.16,100,0.16,0.56,0.4,0.1030128002166748
quake,0.16,100,0.16,0.83,0.67,0.10907626152038574
quake,0.16,100,0.16,0.48,0.32,0.10353612899780273
quake,0.16,100,0.16,0.56,0.4,0.11871886253356934
quake,0.21,100,0.21,0.72,0.51,0.10169219970703125
quake,0.21,100,0.21,0.35,0.14,0.11829829216003418
quake,0.21,100,0.21,0.72,0.51,0.10047411918640137
quake,0.21,100,0.21,0.57,0.36,0.1084144115447998
quake,0.21,100,0.21,0.49,0.28,0.10686159133911133
quake,0.21,100,0.21,0.19,0.02,0.10905909538269043
quake,0.21,100,0.21,0.8,0.59,0.11108207702636719
quake,0.21,100,0.21,0.32,0.11,0.10489964485168457
quake,0.21,100,0.21,0.83,0.62,0.10686779022216797
quake,0.21,100,0.21,0.91,0.7,0.10906314849853516
quake,0.26,100,0.26,0.15,0.11,0.0939781665802002
quake,0.26,100,0.26,0.04,0.22,0.12166666984558105
quake,0.26,100,0.26,1.0,0.74,0.10836482048034668
quake,0.26,100,0.26,0.63,0.37,0.11904621124267578
quake,0.26,100,0.26,0.43,0.17,0.1086268424987793
quake,0.26,100,0.26,0.38,0.12,0.0923466682434082
quake,0.26,100,0.26,0.7,0.44,0.10903549194335938
quake,0.26,100,0.26,0.46,0.2,0.10503959655761719
quake,0.26,100,0.26,0.52,0.26,0.10636258125305176
quake,0.26,100,0.26,0.16,0.1,0.103607177734375
quake,0.32,100,0.32,0.73,0.41,0.10661625862121582
quake,0.32,100,0.32,0.38,0.06,0.10577893257141113
quake,0.32,100,0.32,0.72,0.4,0.10618829727172852
quake,0.32,100,0.32,1.0,0.68,0.10906863212585449
quake,0.32,100,0.32,0.37,0.05,0.11674809455871582
quake,0.32,100,0.32,0.85,0.53,0.1191093921661377
quake,0.32,100,0.32,0.65,0.33,0.10870742797851562
quake,0.32,100,0.32,0.79,0.47,0.104461669921875
quake,0.32,100,0.32,0.17,0.15,0.11862421035766602
quake,0.32,100,0.32,0.53,0.21,0.10206055641174316
quake,0.37,100,0.37,0.07,0.3,0.10133099555969238
quake,0.37,100,0.37,0.72,0.35,0.11427831649780273
quake,0.37,100,0.37,0.63,0.26,0.10395264625549316
quake,0.37,100,0.37,0.39,0.02,0.10758519172668457
quake,0.37,100,0.37,0.34,0.03,0.1015625
quake,0.37,100,0.37,0.48,0.11,0.1090841293334961
quake,0.37,100,0.37,0.64,0.27,0.10909676551818848
quake,0.37,100,0.37,0.37,0.0,0.10584735870361328
quake,0.37,100,0.37,0.55,0.18,0.09387588500976562
quake,0.37,100,0.37,0.99,0.62,0.11027216911315918
quake,0.42,100,0.42,0.53,0.11,0.10859990119934082
quake,0.42,100,0.42,0.68,0.26,0.10907459259033203
quake,0.42,100,0.42,0.78,0.36,0.09960556030273438
quake,0.42,100,0.42,0.32,0.1,0.10848760604858398
quake,0.42,100,0.42,0.38,0.04,0.11862730979919434
quake,0.42,100,0.42,0.42,0.0,0.09277796745300293
quake,0.42,100,0.42,0.56,0.14,0.10764026641845703
quake,0.42,100,0.42,0.62,0.2,0.10943913459777832
quake,0.42,100,0.42,0.63,0.21,0.10848474502563477
quake,0.42,100,0.42,0.53,0.11,0.10317301750183105
quake,0.47,100,0.47,1.0,0.53,0.10146617889404297
quake,0.47,100,0.47,0.64,0.17,0.10707783699035645
quake,0.47,100,0.47,0.59,0.12,0.10331273078918457
quake,0.47,100,0.47,0.52,0.05,0.09865736961364746
quake,0.47,100,0.47,0.51,0.04,0.09862995147705078
quake,0.47,100,0.47,0.61,0.14,0.10922837257385254
quake,0.47,100,0.47,0.52,0.05,0.10001587867736816
quake,0.47,100,0.47,0.38,0.09,0.10854220390319824
quake,0.47,100,0.47,0.72,0.25,0.0988776683807373
quake,0.47,100,0.47,0.52,0.05,0.1084754467010498
quake,0.53,100,0.53,0.36,0.17,0.10951638221740723
quake,0.53,100,0.53,0.59,0.06,0.09343552589416504
quake,0.53,100,0.53,0.27,0.26,0.10798978805541992
quake,0.53,100,0.53,0.72,0.19,0.09315609931945801
quake,0.53,100,0.53,0.38,0.15,0.10363912582397461
quake,0.53,100,0.53,1.0,0.47,0.10286474227905273
quake,0.53,100,0.53,0.16,0.37,0.10344767570495605
quake,0.53,100,0.53,0.79,0.26,0.10673141479492188
quake,0.53,100,0.53,0.66,0.13,0.10911870002746582
quake,0.53,100,0.53,0.68,0.15,0.10889959335327148
quake,0.58,100,0.58,0.47,0.11,0.09960103034973145
quake,0.58,100,0.58,0.42,0.16,0.09406638145446777
quake,0.58,100,0.58,0.71,0.13,0.10375547409057617
quake,0.58,100,0.58,0.79,0.21,0.1090860366821289
quake,0.58,100,0.58,0.84,0.26,0.10535573959350586
quake,0.58,100,0.58,0.49,0.09,0.10799288749694824
quake,0.58,100,0.58,0.26,0.32,0.10943984985351562
quake,0.58,100,0.58,0.19,0.39,0.12008833885192871
quake,0.58,100,0.58,0.63,0.05,0.09956502914428711
quake,0.58,100,0.58,0.07,0.51,0.10905194282531738
quake,0.63,100,0.63,0.44,0.19,0.10381317138671875
quake,0.63,100,0.63,0.64,0.01,0.09281539916992188
quake,0.63,100,0.63,0.96,0.33,0.1113734245300293
quake,0.63,100,0.63,0.54,0.09,0.10588741302490234
quake,0.63,100,0.63,0.6,0.03,0.10152125358581543
quake,0.63,100,0.63,0.08,0.55,0.10302472114562988
quake,0.63,100,0.63,0.49,0.14,0.10906553268432617
quake,0.63,100,0.63,0.42,0.21,0.11202669143676758
quake,0.63,100,0.63,0.75,0.12,0.11911511421203613
quake,0.63,100,0.63,0.44,0.19,0.1034245491027832
quake,0.68,100,0.68,1.0,0.32,0.10926485061645508
quake,0.68,100,0.68,0.68,0.0,0.10901474952697754
quake,0.68,100,0.68,0.42,0.26,0.10874462127685547
quake,0.68,100,0.68,0.95,0.27,0.09282827377319336
quake,0.68,100,0.68,1.0,0.32,0.09348773956298828
quake,0.68,100,0.68,0.88,0.2,0.10921978950500488
quake,0.68,100,0.68,0.55,0.13,0.10943889617919922
quake,0.68,100,0.68,0.45,0.23,0.10828399658203125
quake,0.68,100,0.68,0.74,0.06,0.1181325912475586
quake,0.68,100,0.68,0.68,0.0,0.10858416557312012
quake,0.74,100,0.74,0.66,0.08,0.11806201934814453
quake,0.74,100,0.74,0.6,0.14,0.10356831550598145
quake,0.74,100,0.74,0.46,0.28,0.10788774490356445
quake,0.74,100,0.74,0.3,0.44,0.11268401145935059
quake,0.74,100,0.74,0.45,0.29,0.10676956176757812
quake,0.74,100,0.74,0.32,0.42,0.1031792163848877
quake,0.74,100,0.74,0.5,0.24,0.10730123519897461
quake,0.74,100,0.74,0.71,0.03,0.10910844802856445
quake,0.74,100,0.74,0.94,0.2,0.11276984214782715
quake,0.74,100,0.74,0.37,0.37,0.10344481468200684
quake,0.79,100,0.79,0.92,0.13,0.10901880264282227
quake,0.79,100,0.79,0.36,0.43,0.10908222198486328
quake,0.79,100,0.79,0.7,0.09,0.1086270809173584
quake,0.79,100,0.79,0.61,0.18,0.10783934593200684
quake,0.79,100,0.79,0.47,0.32,0.10619878768920898
quake,0.79,100,0.79,0.38,0.41,0.10842514038085938
quake,0.79,100,0.79,0.78,0.01,0.11518645286560059
quake,0.79,100,0.79,0.57,0.22,0.09368681907653809
quake,0.79,100,0.79,0.71,0.08,0.11730194091796875
quake,0.79,100,0.79,0.49,0.3,0.10910773277282715
quake,0.84,100,0.84,0.66,0.18,0.10953021049499512
quake,0.84,100,0.84,0.74,0.1,0.10492229461669922
quake,0.84,100,0.84,0.9,0.06,0.10824799537658691
quake,0.84,100,0.84,1.0,0.16,0.09194397926330566
quake,0.84,100,0.84,0.86,0.02,0.10967755317687988
quake,0.84,100,0.84,0.49,0.35,0.10406613349914551
quake,0.84,100,0.84,0.57,0.27,0.10007691383361816
quake,0.84,100,0.84,0.72,0.12,0.10905623435974121
quake,0.84,100,0.84,1.0,0.16,0.10906815528869629
quake,0.84,100,0.84,0.38,0.46,0.10900664329528809
quake,0.89,100,0.89,0.73,0.16,0.10644149780273438
quake,0.89,100,0.89,0.94,0.05,0.10731101036071777
quake,0.89,100,0.89,0.72,0.17,0.10677194595336914
quake,0.89,100,0.89,0.72,0.17,0.1090860366821289
quake,0.89,100,0.89,1.0,0.11,0.11186814308166504
quake,0.89,100,0.89,0.56,0.33,0.10981440544128418
quake,0.89,100,0.89,0.59,0.3,0.10917091369628906
quake,0.89,100,0.89,0.56,0.33,0.10906720161437988
quake,0.89,100,0.89,0.74,0.15,0.10911989212036133
quake,0.89,100,0.89,0.91,0.02,0.10776090621948242
quake,0.95,100,0.95,0.99,0.04,0.10001611709594727
quake,0.95,100,0.95,0.33,0.62,0.10195136070251465
quake,0.95,100,0.95,0.64,0.31,0.10342216491699219
quake,0.95,100,0.95,0.32,0.63,0.09888648986816406
quake,0.95,100,0.95,0.23,0.72,0.11418676376342773
quake,0.95,100,0.95,0.55,0.4,0.10350775718688965
quake,0.95,100,0.95,0.59,0.36,0.10252714157104492
quake,0.95,100,0.95,0.1,0.85,0.10650229454040527
quake,0.95,100,0.95,0.56,0.39,0.10551762580871582
quake,0.95,100,0.95,1.0,0.05,0.10303568840026855
quake,1.0,100,1.0,0.61,0.39,0.09821915626525879
quake,1.0,100,1.0,0.77,0.23,0.10347557067871094
quake,1.0,100,1.0,1.0,0.0,0.10905075073242188
quake,1.0,100,1.0,0.78,0.22,0.1071009635925293
quake,1.0,100,1.0,0.88,0.12,0.1150052547454834
quake,1.0,100,1.0,0.95,0.05,0.09323430061340332
quake,1.0,100,1.0,0.84,0.16,0.09694600105285645
quake,1.0,100,1.0,0.76,0.24,0.10908246040344238
quake,1.0,100,1.0,0.75,0.25,0.10044980049133301
quake,1.0,100,1.0,0.25,0.75,0.09693312644958496
space_ga,0.0,100,0.0,0.0,0.0,0.11393094062805176
space_ga,0.0,100,0.0,0.0,0.0,0.10922074317932129
space_ga,0.0,100,0.0,0.0,0.0,0.09457063674926758
space_ga,0.0,100,0.0,0.0,0.0,0.10495924949645996
space_ga,0.0,100,0.0,0.0,0.0,0.1027073860168457
space_ga,0.0,100,0.0,0.0,0.0,0.10874295234680176
space_ga,0.0,100,0.0,0.0,0.0,0.09342193603515625
space_ga,0.0,100,0.0,0.0,0.0,0.10542464256286621
space_ga,0.0,100,0.0,0.01,0.01,0.10696864128112793
space_ga,0.0,100,0.0,0.0,0.0,0.11918807029724121
space_ga,0.05,100,0.05,0.05,0.0,0.11977386474609375
space_ga,0.05,100,0.05,0.07,0.02,0.10910892486572266
space_ga,0.05,100,0.05,0.0,0.05,0.11922669410705566
space_ga,0.05,100,0.05,0.04,0.01,0.11117362976074219
space_ga,0.05,100,0.05,0.01,0.04,0.1089019775390625
space_ga,0.05,100,0.05,0.05,0.0,0.09797525405883789
space_ga,0.05,100,0.05,0.06,0.01,0.1089637279510498
space_ga,0.05,100,0.05,0.06,0.01,0.1039571762084961
space_ga,0.05,100,0.05,0.05,0.0,0.11900162696838379
space_ga,0.05,100,0.05,0.07,0.02,0.11115050315856934
space_ga,0.11,100,0.11,0.06,0.05,0.10356450080871582
space_ga,0.11,100,0.11,0.14,0.03,0.10713696479797363
space_ga,0.11,100,0.11,0.06,0.05,0.1089315414428711
space_ga,0.11,100,0.11,0.12,0.01,0.10864830017089844
space_ga,0.11,100,0.11,0.09,0.02,0.10438203811645508
space_ga,0.11,100,0.11,0.02,0.09,0.10146522521972656
space_ga,0.11,100,0.11,0.11,0.0,0.10907340049743652
space_ga,0.11,100,0.11,0.07,0.04,0.09329438209533691
space_ga,0.11,100,0.11,0.09,0.02,0.09772682189941406
space_ga,0.11,100,0.11,0.05,0.06,0.10300326347351074
space_ga,0.16,100,0.16,0.03,0.13,0.10916781425476074
space_ga,0.16,100,0.16,0.07,0.09,0.10981011390686035
space_ga,0.16,100,0.16,0.14,0.02,0.10860776901245117
space_ga,0.16,100,0.16,0.17,0.01,0.1085970401763916
space_ga,0.16,100,0.16,0.14,0.02,0.10351443290710449
space_ga,0.16,100,0.16,0.08,0.08,0.10904312133789062
space_ga,0.16,100,0.16,0.11,0.05,0.10353469848632812
space_ga,0.16,100,0.16,0.1,0.06,0.10420870780944824
space_ga,0.16,100,0.16,0.14,0.02,0.1151275634765625
space_ga,0.16,100,0.16,0.2,0.04,0.1090536117553711
space_ga,0.21,100,0.21,0.18,0.03,0.10060572624206543
space_ga,0.21,100,0.21,0.19,0.02,0.10129880905151367
space_ga,0.21,100,0.21,0.16,0.05,0.10950851440429688
space_ga,0.21,100,0.21,0.16,0.05,0.10000085830688477
space_ga,0.21,100,0.21,0.14,0.07,0.093994140625
space_ga,0.21,100,0.21,0.21,0.0,0.10952067375183105
space_ga,0.21,100,0.21,0.21,0.0,0.10898137092590332
space_ga,0.21,100,0.21,0.14,0.07,0.1172952651977539
space_ga,0.21,100,0.21,0.12,0.09,0.10348033905029297
space_ga,0.21,100,0.21,0.12,0.09,0.10408759117126465
space_ga,0.26,100,0.26,0.25,0.01,0.0941164493560791
space_ga,0.26,100,0.26,0.32,0.06,0.10046505928039551
space_ga,0.26,100,0.26,0.18,0.08,0.10262393951416016
space_ga,0.26,100,0.26,0.2,0.06,0.10301470756530762
space_ga,0.26,100,0.26,0.29,0.03,0.10351014137268066
space_ga,0.26,100,0.26,0.23,0.03,0.10884618759155273
space_ga,0.26,100,0.26,0.27,0.01,0.10345840454101562
space_ga,0.26,100,0.26,0.24,0.02,0.11855912208557129
space_ga,0.26,100,0.26,0.23,0.03,0.10905909538269043
space_ga,0.26,100,0.26,0.29,0.03,0.1095890998840332
space_ga,0.32,100,0.32,0.3,0.02,0.10896182060241699
space_ga,0.32,100,0.32,0.24,0.08,0.10247182846069336
space_ga,0.32,100,0.32,0.36,0.04,0.10851311683654785
space_ga,0.32,100,0.32,0.22,0.1,0.10910582542419434
space_ga,0.32,100,0.32,0.3,0.02,0.10168576240539551
space_ga,0.32,100,0.32,0.33,0.01,0.10907340049743652
space_ga,0.32,100,0.32,0.2,0.12,0.10452723503112793
space_ga,0.32,100,0.32,0.3,0.02,0.10507845878601074
space_ga,0.32,100,0.32,0.28,0.04,0.10599946975708008
space_ga,0.32,100,0.32,0.18,0.14,0.10214710235595703
space_ga,0.37,100,0.37,0.38,0.01,0.10242056846618652
space_ga,0.37,100,0.37,0.42,0.05,0.10037899017333984
space_ga,0.37,100,0.37,0.3,0.07,0.10357236862182617
space_ga,0.37,100,0.37,0.35,0.02,0.10920333862304688
space_ga,0.37,100,0.37,0.33,0.04,0.10906457901000977
space_ga,0.37,100,0.37,0.32,0.05,0.1069185733795166
space_ga,0.37,100,0.37,0.28,0.09,0.10817480087280273
space_ga,0.37,100,0.37,0.36,0.01,0.10870981216430664
space_ga,0.37,100,0.37,0.23,0.14,0.12161564826965332
space_ga,0.37,100,0.37,0.29,0.08,0.10909485816955566
space_ga,0.42,100,0.42,0.46,0.04,0.10907864570617676
space_ga,0.42,100,0.42,0.53,0.11,0.10915470123291016
space_ga,0.42,100,0.42,0.4,0.02,0.09398651123046875
space_ga,0.42,100,0.42,0.42,0.0,0.10981273651123047
space_ga,0.42,100,0.42,0.42,0.0,0.10954904556274414
space_ga,0.42,100,0.42,0.5,0.08,0.10905170440673828
space_ga,0.42,100,0.42,0.39,0.03,0.10907340049743652
space_ga,0.42,100,0.42,0.44,0.02,0.10499024391174316
space_ga,0.42,100,0.42,0.38,0.04,0.10905313491821289
space_ga,0.42,100,0.42,0.33,0.09,0.09196972846984863
space_ga,0.47,100,0.47,0.44,0.03,0.09292721748352051
space_ga,0.47,100,0.47,0.51,0.04,0.10819554328918457
space_ga,0.47,100,0.47,0.46,0.01,0.1092529296875
space_ga,0.47,100,0.47,0.45,0.02,0.098480224609375
space_ga,0.47,100,0.47,0.46,0.01,0.10901069641113281
space_ga,0.47,100,0.47,0.46,0.01,0.11713719367980957
space_ga,0.47,100,0.47,0.5,0.03,0.10337018966674805
space_ga,0.47,100,0.47,0.46,0.01,0.10911273956298828
space_ga,0.47,100,0.47,0.47,0.0,0.09413385391235352
space_ga,0.47,100,0.47,0.52,0.05,0.10978341102600098
space_ga,0.53,100,0.53,0.53,0.0,0.10912322998046875
space_ga,0.53,100,0.53,0.47,0.06,0.11591291427612305
space_ga,0.53,100,0.53,0.47,0.06,0.10294032096862793
space_ga,0.53,100,0.53,0.5,0.03,0.11211419105529785
space_ga,0.53,100,0.53,0.45,0.08,0.10906791687011719
space_ga,0.53,100,0.53,0.58,0.05,0.12093043327331543
space_ga,0.53,100,0.53,0.52,0.01,0.10879635810852051
space_ga,0.53,100,0.53,0.51,0.02,0.10452818870544434
space_ga,0.53,100,0.53,0.55,0.02,0.09027814865112305
space_ga,0.53,100,0.53,0.48,0.05,0.10833120346069336
space_ga,0.58,100,0.58,0.56,0.02,0.10348796844482422
space_ga,0.58,100,0.58,0.57,0.01,0.11340713500976562
space_ga,0.58,100,0.58,0.53,0.05,0.114227294921875
space_ga,0.58,100,0.58,0.56,0.02,0.11466097831726074
space_ga,0.58,100,0.58,0.55,0.03,0.11061882972717285
space_ga,0.58,100,0.58,0.66,0.08,0.10933327674865723
space_ga,0.58,100,0.58,0.52,0.06,0.11473250389099121
space_ga,0.58,100,0.58,0.54,0.04,0.09359407424926758
space_ga,0.58,100,0.58,0.68,0.1,0.10903072357177734
space_ga,0.58,100,0.58,0.57,0.01,0.09648346900939941
space_ga,0.63,100,0.63,0.63,0.0,0.1101694107055664
space_ga,0.63,100,0.63,0.69,0.06,0.10844254493713379
space_ga,0.63,100,0.63,0.59,0.04,0.11029624938964844
space_ga,0.63,100,0.63,0.61,0.02,0.10474467277526855
space_ga,0.63,100,0.63,0.54,0.09,0.10906410217285156
space_ga,0.63,100,0.63,0.58,0.05,0.09754014015197754
space_ga,0.63,100,0.63,0.62,0.01,0.10907363891601562
space_ga,0.63,100,0.63,0.69,0.06,0.10907435417175293
space_ga,0.63,100,0.63,0.68,0.05,0.10909390449523926
space_ga,0.63,100,0.63,0.56,0.07,0.10385370254516602
space_ga,0.68,100,0.68,0.6,0.08,0.10570025444030762
space_ga,0.68,100,0.68,0.56,0.12,0.10600852966308594
space_ga,0.68,100,0.68,0.66,0.02,0.10906529426574707
space_ga,0.68,100,0.68,0.72,0.04,0.10888814926147461
space_ga,0.68,100,0.68,0.67,0.01,0.11409974098205566
space_ga,0.68,100,0.68,0.77,0.09,0.1045384407043457
space_ga,0.68,100,0.68,0.78,0.1,0.10347914695739746
space_ga,0.68,100,0.68,0.71,0.03,0.10966658592224121
space_ga,0.68,100,0.68,0.63,0.05,0.10970759391784668
space_ga,0.68,100,0.68,0.67,0.01,0.10299491882324219
space_ga,0.74,100,0.74,0.72,0.02,0.09332394599914551
space_ga,0.74,100,0.74,0.79,0.05,0.10143542289733887
space_ga,0.74,100,0.74,0.79,0.05,0.10302996635437012
space_ga,0.74,100,0.74,0.7,0.04,0.09627795219421387
space_ga,0.74,100,0.74,0.72,0.02,0.10498881340026855
space_ga,0.74,100,0.74,0.67,0.07,0.1186521053314209
space_ga,0.74,100,0.74,0.64,0.1,0.11392712593078613
space_ga,0.74,100,0.74,0.71,0.03,0.10902953147888184
space_ga,0.74,100,0.74,0.73,0.01,0.10400652885437012
space_ga,0.74,100,0.74,0.8,0.06,0.10904383659362793
space_ga,0.79,100,0.79,0.71,0.08,0.09772658348083496
space_ga,0.79,100,0.79,0.83,0.04,0.10299921035766602
space_ga,0.79,100,0.79,0.77,0.02,0.10152482986450195
space_ga,0.79,100,0.79,0.83,0.04,0.11402034759521484
space_ga,0.79,100,0.79,0.82,0.03,0.11203742027282715
space_ga,0.79,100,0.79,0.77,0.02,0.10526871681213379
space_ga,0.79,100,0.79,0.8,0.01,0.11389398574829102
space_ga,0.79,100,0.79,0.82,0.03,0.09787154197692871
space_ga,0.79,100,0.79,0.76,0.03,0.10738182067871094
space_ga,0.79,100,0.79,0.85,0.06,0.09427976608276367
space_ga,0.84,100,0.84,0.92,0.08,0.10852193832397461
space_ga,0.84,100,0.84,0.84,0.0,0.10042977333068848
space_ga,0.84,100,0.84,0.87,0.03,0.10832977294921875
space_ga,0.84,100,0.84,0.77,0.07,0.10358428955078125
space_ga,0.84,100,0.84,0.95,0.11,0.10077548027038574
space_ga,0.84,100,0.84,0.9,0.06,0.10458755493164062
space_ga,0.84,100,0.84,0.92,0.08,0.10862398147583008
space_ga,0.84,100,0.84,0.83,0.01,0.10907888412475586
space_ga,0.84,100,0.84,0.89,0.05,0.1090691089630127
space_ga,0.84,100,0.84,0.82,0.02,0.1024160385131836
space_ga,0.89,100,0.89,0.88,0.01,0.1090848445892334
space_ga,0.89,100,0.89,0.88,0.01,0.10823607444763184
space_ga,0.89,100,0.89,0.88,0.01,0.10834455490112305
space_ga,0.89,100,0.89,0.88,0.01,0.10662031173706055
space_ga,0.89,100,0.89,0.97,0.08,0.10904574394226074
space_ga,0.89,100,0.89,0.86,0.03,0.10403728485107422
space_ga,0.89,100,0.89,0.95,0.06,0.10908150672912598
space_ga,0.89,100,0.89,0.9,0.01,0.11358880996704102
space_ga,0.89,100,0.89,0.86,0.03,0.10814571380615234
space_ga,0.89,100,0.89,0.93,0.04,0.10904693603515625
space_ga,0.95,100,0.95,0.9,0.05,0.10852646827697754
space_ga,0.95,100,0.95,0.95,0.0,0.1091914176940918
space_ga,0.95,100,0.95,0.96,0.01,0.1090695858001709
space_ga,0.95,100,0.95,1.0,0.05,0.11359453201293945
space_ga,0.95,100,0.95,0.88,0.07,0.10907149314880371
space_ga,0.95,100,0.95,0.99,0.04,0.10340261459350586
space_ga,0.95,100,0.95,0.99,0.04,0.11351919174194336
space_ga,0.95,100,0.95,0.99,0.04,0.10906863212585449
space_ga,0.95,100,0.95,0.99,0.04,0.09310626983642578
space_ga,0.95,100,0.95,0.96,0.01,0.10979962348937988
space_ga,1.0,100,1.0,1.0,0.0,0.10807275772094727
space_ga,1.0,100,1.0,1.0,0.0,0.10910153388977051
space_ga,1.0,100,1.0,0.96,0.04,0.10402870178222656
space_ga,1.0,100,1.0,0.99,0.01,0.10958480834960938
space_ga,1.0,100,1.0,0.95,0.05,0.10984659194946289
space_ga,1.0,100,1.0,1.0,0.0,0.10457420349121094
space_ga,1.0,100,1.0,1.0,0.0,0.11861276626586914
space_ga,1.0,100,1.0,1.0,0.0,0.10689759254455566
space_ga,1.0,100,1.0,0.96,0.04,0.10905957221984863
space_ga,1.0,100,1.0,1.0,0.0,0.10405468940734863
sylva_prior,0.0,100,0.0,0.01,0.01,0.09744739532470703
sylva_prior,0.0,100,0.0,0.0,0.0,0.1142268180847168
sylva_prior,0.0,100,0.0,0.0,0.0,0.11772871017456055
sylva_prior,0.0,100,0.0,0.0,0.0,0.11852431297302246
sylva_prior,0.0,100,0.0,0.0,0.0,0.1088571548461914
sylva_prior,0.0,100,0.0,0.0,0.0,0.10906028747558594
sylva_prior,0.0,100,0.0,0.0,0.0,0.1131289005279541
sylva_prior,0.0,100,0.0,0.0,0.0,0.1083838939666748
sylva_prior,0.0,100,0.0,0.0,0.0,0.11806678771972656
sylva_prior,0.0,100,0.0,0.0,0.0,0.11243653297424316
sylva_prior,0.05,100,0.05,0.04,0.01,0.10705161094665527
sylva_prior,0.05,100,0.05,0.04,0.01,0.10869169235229492
sylva_prior,0.05,100,0.05,0.03,0.02,0.11252975463867188
sylva_prior,0.05,100,0.05,0.06,0.01,0.10905599594116211
sylva_prior,0.05,100,0.05,0.02,0.03,0.10907745361328125
sylva_prior,0.05,100,0.05,0.03,0.02,0.11861968040466309
sylva_prior,0.05,100,0.05,0.04,0.01,0.10660195350646973
sylva_prior,0.05,100,0.05,0.05,0.0,0.12073898315429688
sylva_prior,0.05,100,0.05,0.04,0.01,0.11289215087890625
sylva_prior,0.05,100,0.05,0.04,0.01,0.10840821266174316
sylva_prior,0.11,100,0.11,0.09,0.02,0.10888361930847168
sylva_prior,0.11,100,0.11,0.1,0.01,0.10397982597351074
sylva_prior,0.11,100,0.11,0.09,0.02,0.10828948020935059
sylva_prior,0.11,100,0.11,0.1,0.01,0.10151386260986328
sylva_prior,0.11,100,0.11,0.07,0.04,0.10989069938659668
sylva_prior,0.11,100,0.11,0.09,0.02,0.10840988159179688
sylva_prior,0.11,100,0.11,0.08,0.03,0.10647296905517578
sylva_prior,0.11,100,0.11,0.08,0.03,0.10903215408325195
sylva_prior,0.11,100,0.11,0.08,0.03,0.1191558837890625
sylva_prior,0.11,100,0.11,0.1,0.01,0.10248255729675293
sylva_prior,0.16,100,0.16,0.13,0.03,0.1089174747467041
sylva_prior,0.16,100,0.16,0.13,0.03,0.10897707939147949
sylva_prior,0.16,100,0.16,0.11,0.05,0.11217141151428223
sylva_prior,0.16,100,0.16,0.11,0.05,0.10903763771057129
sylva_prior,0.16,100,0.16,0.14,0.02,0.10898756980895996
sylva_prior,0.16,100,0.16,0.14,0.02,0.1127614974975586
sylva_prior,0.16,100,0.16,0.13,0.03,0.10947728157043457
sylva_prior,0.16,100,0.16,0.14,0.02,0.10581707954406738
sylva_prior,0.16,100,0.16,0.14,0.02,0.10909509658813477
sylva_prior,0.16,100,0.16,0.14,0.02,0.121063232421875
sylva_prior,0.21,100,0.21,0.17,0.04,0.11650800704956055
sylva_prior,0.21,100,0.21,0.16,0.05,0.09678506851196289
sylva_prior,0.21,100,0.21,0.16,0.05,0.10998773574829102
sylva_prior,0.21,100,0.21,0.16,0.05,0.11014771461486816
sylva_prior,0.21,100,0.21,0.17,0.04,0.10956811904907227
sylva_prior,0.21,100,0.21,0.17,0.04,0.10668253898620605
sylva_prior,0.21,100,0.21,0.17,0.04,0.11885619163513184
sylva_prior,0.21,100,0.21,0.16,0.05,0.11643123626708984
sylva_prior,0.21,100,0.21,0.15,0.06,0.1222991943359375
sylva_prior,0.21,100,0.21,0.16,0.05,0.12300777435302734
sylva_prior,0.26,100,0.26,0.23,0.03,0.11283230781555176
sylva_prior,0.26,100,0.26,0.21,0.05,0.10952973365783691
sylva_prior,0.26,100,0.26,0.2,0.06,0.11124563217163086
sylva_prior,0.26,100,0.26,0.21,0.05,0.11166119575500488
sylva_prior,0.26,100,0.26,0.21,0.05,0.11162781715393066
sylva_prior,0.26,100,0.26,0.23,0.03,0.11108517646789551
sylva_prior,0.26,100,0.26,0.23,0.03,0.10915946960449219
sylva_prior,0.26,100,0.26,0.2,0.06,0.10887622833251953
sylva_prior,0.26,100,0.26,0.23,0.03,0.11140179634094238
sylva_prior,0.26,100,0.26,0.21,0.05,0.11133122444152832
sylva_prior,0.32,100,0.32,0.26,0.06,0.1103515625
sylva_prior,0.32,100,0.32,0.28,0.04,0.10961341857910156
sylva_prior,0.32,100,0.32,0.25,0.07,0.10662627220153809
sylva_prior,0.32,100,0.32,0.3,0.02,0.10874104499816895
sylva_prior,0.32,100,0.32,0.29,0.03,0.22902536392211914
sylva_prior,0.32,100,0.32,0.27,0.05,0.15110039710998535
sylva_prior,0.32,100,0.32,0.28,0.04,0.1889801025390625
sylva_prior,0.32,100,0.32,0.24,0.08,0.15331768989562988
sylva_prior,0.32,100,0.32,0.28,0.04,0.14833450317382812
sylva_prior,0.32,100,0.32,0.29,0.03,0.17901325225830078
sylva_prior,0.37,100,0.37,0.33,0.04,0.1489875316619873
sylva_prior,0.37,100,0.37,0.33,0.04,0.1174154281616211
sylva_prior,0.37,100,0.37,0.34,0.03,0.1069636344909668
sylva_prior,0.37,100,0.37,0.34,0.03,0.11670827865600586
sylva_prior,0.37,100,0.37,0.33,0.04,0.11570906639099121
sylva_prior,0.37,100,0.37,0.3,0.07,0.10965681076049805
sylva_prior,0.37,100,0.37,0.33,0.04,0.11017060279846191
sylva_prior,0.37,100,0.37,0.32,0.05,0.11012649536132812
sylva_prior,0.37,100,0.37,0.35,0.02,0.1098783016204834
sylva_prior,0.37,100,0.37,0.32,0.05,0.1102595329284668
sylva_prior,0.42,100,0.42,0.37,0.05,0.10927963256835938
sylva_prior,0.42,100,0.42,0.36,0.06,0.10323596000671387
sylva_prior,0.42,100,0.42,0.41,0.01,0.10385251045227051
sylva_prior,0.42,100,0.42,0.37,0.05,0.11417865753173828
sylva_prior,0.42,100,0.42,0.35,0.07,0.10989046096801758
sylva_prior,0.42,100,0.42,0.36,0.06,0.11517596244812012
sylva_prior,0.42,100,0.42,0.39,0.03,0.124664306640625
sylva_prior,0.42,100,0.42,0.36,0.06,0.12505817413330078
sylva_prior,0.42,100,0.42,0.36,0.06,0.11139297485351562
sylva_prior,0.42,100,0.42,0.4,0.02,0.11317205429077148
sylva_prior,0.47,100,0.47,0.43,0.04,0.10929393768310547
sylva_prior,0.47,100,0.47,0.45,0.02,0.12310934066772461
sylva_prior,0.47,100,0.47,0.43,0.04,0.11002564430236816
sylva_prior,0.47,100,0.47,0.43,0.04,0.10350704193115234
sylva_prior,0.47,100,0.47,0.41,0.06,0.11674618721008301
sylva_prior,0.47,100,0.47,0.43,0.04,0.10654950141906738
sylva_prior,0.47,100,0.47,0.44,0.03,0.10907340049743652
sylva_prior,0.47,100,0.47,0.41,0.06,0.10859966278076172
sylva_prior,0.47,100,0.47,0.42,0.05,0.1037435531616211
sylva_prior,0.47,100,0.47,0.41,0.06,0.10589909553527832
sylva_prior,0.53,100,0.53,0.5,0.03,0.1190648078918457
sylva_prior,0.53,100,0.53,0.48,0.05,0.11555004119873047
sylva_prior,0.53,100,0.53,0.46,0.07,0.1029660701751709
sylva_prior,0.53,100,0.53,0.48,0.05,0.10908985137939453
sylva_prior,0.53,100,0.53,0.5,0.03,0.1112980842590332
sylva_prior,0.53,100,0.53,0.49,0.04,0.10896492004394531
sylva_prior,0.53,100,0.53,0.48,0.05,0.10904979705810547
sylva_prior,0.53,100,0.53,0.5,0.03,0.09760880470275879
sylva_prior,0.53,100,0.53,0.5,0.03,0.11251044273376465
sylva_prior,0.53,100,0.53,0.48,0.05,0.10214066505432129
sylva_prior,0.58,100,0.58,0.54,0.04,0.10768461227416992
sylva_prior,0.58,100,0.58,0.55,0.03,0.10895514488220215
sylva_prior,0.58,100,0.58,0.54,0.04,0.10905194282531738
sylva_prior,0.58,100,0.58,0.55,0.03,0.10320901870727539
sylva_prior,0.58,100,0.58,0.54,0.04,0.10907244682312012
sylva_prior,0.58,100,0.58,0.54,0.04,0.11565399169921875
sylva_prior,0.58,100,0.58,0.55,0.03,0.12079739570617676
sylva_prior,0.58,100,0.58,0.53,0.05,0.11468052864074707
sylva_prior,0.58,100,0.58,0.55,0.03,0.1157374382019043
sylva_prior,0.58,100,0.58,0.54,0.04,0.11864709854125977
sylva_prior,0.63,100,0.63,0.59,0.04,0.1155858039855957
sylva_prior,0.63,100,0.63,0.6,0.03,0.10943365097045898
sylva_prior,0.63,100,0.63,0.6,0.03,0.12469005584716797
sylva_prior,0.63,100,0.63,0.58,0.05,0.11836552619934082
sylva_prior,0.63,100,0.63,0.61,0.02,0.1043248176574707
sylva_prior,0.63,100,0.63,0.59,0.04,0.10913729667663574
sylva_prior,0.63,100,0.63,0.6,0.03,0.11269617080688477
sylva_prior,0.63,100,0.63,0.58,0.05,0.11008930206298828
sylva_prior,0.63,100,0.63,0.59,0.04,0.10915160179138184
sylva_prior,0.63,100,0.63,0.6,0.03,0.12589669227600098
sylva_prior,0.68,100,0.68,0.64,0.04,0.10990738868713379
sylva_prior,0.68,100,0.68,0.65,0.03,0.10597395896911621
sylva_prior,0.68,100,0.68,0.67,0.01,0.10910797119140625
sylva_prior,0.68,100,0.68,0.67,0.01,0.1089925765991211
sylva_prior,0.68,100,0.68,0.64,0.04,0.11361193656921387
sylva_prior,0.68,100,0.68,0.64,0.04,0.10012936592102051
sylva_prior,0.68,100,0.68,0.64,0.04,0.10906600952148438
sylva_prior,0.68,100,0.68,0.66,0.02,0.10908722877502441
sylva_prior,0.68,100,0.68,0.65,0.03,0.10997200012207031
sylva_prior,0.68,100,0.68,0.64,0.04,0.10907435417175293
sylva_prior,0.74,100,0.74,0.71,0.03,0.10904979705810547
sylva_prior,0.74,100,0.74,0.7,0.04,0.10492515563964844
sylva_prior,0.74,100,0.74,0.71,0.03,0.12252259254455566
sylva_prior,0.74,100,0.74,0.7,0.04,0.09917593002319336
sylva_prior,0.74,100,0.74,0.72,0.02,0.1105494499206543
sylva_prior,0.74,100,0.74,0.72,0.02,0.1220097541809082
sylva_prior,0.74,100,0.74,0.71,0.03,0.10909295082092285
sylva_prior,0.74,100,0.74,0.71,0.03,0.12417769432067871
sylva_prior,0.74,100,0.74,0.73,0.01,0.11532306671142578
sylva_prior,0.74,100,0.74,0.71,0.03,0.1166536808013916
sylva_prior,0.79,100,0.79,0.75,0.04,0.10854482650756836
sylva_prior,0.79,100,0.79,0.76,0.03,0.10911989212036133
sylva_prior,0.79,100,0.79,0.76,0.03,0.11294221878051758
sylva_prior,0.79,100,0.79,0.76,0.03,0.11408448219299316
sylva_prior,0.79,100,0.79,0.76,0.03,0.11101174354553223
sylva_prior,0.79,100,0.79,0.77,0.02,0.10906505584716797
sylva_prior,0.79,100,0.79,0.77,0.02,0.10451579093933105
sylva_prior,0.79,100,0.79,0.76,0.03,0.1152803897857666
sylva_prior,0.79,100,0.79,0.78,0.01,0.10903692245483398
sylva_prior,0.79,100,0.79,0.76,0.03,0.10693144798278809
sylva_prior,0.84,100,0.84,0.82,0.02,0.11145401000976562
sylva_prior,0.84,100,0.84,0.82,0.02,0.11435747146606445
sylva_prior,0.84,100,0.84,0.84,0.0,0.1089632511138916
sylva_prior,0.84,100,0.84,0.82,0.02,0.11519002914428711
sylva_prior,0.84,100,0.84,0.82,0.02,0.12155508995056152
sylva_prior,0.84,100,0.84,0.83,0.01,0.10904765129089355
sylva_prior,0.84,100,0.84,0.82,0.02,0.10963058471679688
sylva_prior,0.84,100,0.84,0.84,0.0,0.11266350746154785
sylva_prior,0.84,100,0.84,0.81,0.03,0.1089930534362793
sylva_prior,0.84,100,0.84,0.82,0.02,0.1120767593383789
sylva_prior,0.89,100,0.89,0.87,0.02,0.10297632217407227
sylva_prior,0.89,100,0.89,0.87,0.02,0.10904407501220703
sylva_prior,0.89,100,0.89,0.88,0.01,0.11316704750061035
sylva_prior,0.89,100,0.89,0.87,0.02,0.10972046852111816
sylva_prior,0.89,100,0.89,0.88,0.01,0.11135029792785645
sylva_prior,0.89,100,0.89,0.89,0.0,0.1091008186340332
sylva_prior,0.89,100,0.89,0.88,0.01,0.10916900634765625
sylva_prior,0.89,100,0.89,0.87,0.02,0.1213538646697998
sylva_prior,0.89,100,0.89,0.88,0.01,0.12433695793151855
sylva_prior,0.89,100,0.89,0.87,0.02,0.10907554626464844
sylva_prior,0.95,100,0.95,0.94,0.01,0.1030726432800293
sylva_prior,0.95,100,0.95,0.94,0.01,0.1197211742401123
sylva_prior,0.95,100,0.95,0.94,0.01,0.10909676551818848
sylva_prior,0.95,100,0.95,0.94,0.01,0.10857892036437988
sylva_prior,0.95,100,0.95,0.94,0.01,0.10912799835205078
sylva_prior,0.95,100,0.95,0.94,0.01,0.1090695858001709
sylva_prior,0.95,100,0.95,0.94,0.01,0.10875988006591797
sylva_prior,0.95,100,0.95,0.94,0.01,0.10906386375427246
sylva_prior,0.95,100,0.95,0.94,0.01,0.10650134086608887
sylva_prior,0.95,100,0.95,0.94,0.01,0.10853314399719238
sylva_prior,1.0,100,1.0,1.0,0.0,0.10907363891601562
sylva_prior,1.0,100,1.0,1.0,0.0,0.10810685157775879
sylva_prior,1.0,100,1.0,1.0,0.0,0.1084129810333252
sylva_prior,1.0,100,1.0,1.0,0.0,0.10904932022094727
sylva_prior,1.0,100,1.0,1.0,0.0,0.1189572811126709
sylva_prior,1.0,100,1.0,1.0,0.0,0.11518359184265137
sylva_prior,1.0,100,1.0,1.0,0.0,0.10904955863952637
sylva_prior,1.0,100,1.0,1.0,0.0,0.10908389091491699
sylva_prior,1.0,100,1.0,1.0,0.0,0.108978271484375
sylva_prior,1.0,100,1.0,1.0,0.0,0.1029977798461914
visualizing_soil,0.0,100,0.0,0.0,0.0,0.11225438117980957
visualizing_soil,0.0,100,0.0,0.0,0.0,0.11476349830627441
visualizing_soil,0.0,100,0.0,0.0,0.0,0.10758090019226074
visualizing_soil,0.0,100,0.0,0.0,0.0,0.10676336288452148
visualizing_soil,0.0,100,0.0,0.0,0.0,0.10596823692321777
visualizing_soil,0.0,100,0.0,0.0,0.0,0.10723328590393066
visualizing_soil,0.0,100,0.0,0.0,0.0,0.10903167724609375
visualizing_soil,0.0,100,0.0,0.0,0.0,0.10289430618286133
visualizing_soil,0.0,100,0.0,0.0,0.0,0.10909414291381836
visualizing_soil,0.0,100,0.0,0.0,0.0,0.108551025390625
visualizing_soil,0.05,100,0.05,0.05,0.0,0.11513519287109375
visualizing_soil,0.05,100,0.05,0.05,0.0,0.12219619750976562
visualizing_soil,0.05,100,0.05,0.05,0.0,0.10907101631164551
visualizing_soil,0.05,100,0.05,0.06,0.01,0.11884260177612305
visualizing_soil,0.05,100,0.05,0.05,0.0,0.10898709297180176
visualizing_soil,0.05,100,0.05,0.05,0.0,0.10297489166259766
visualizing_soil,0.05,100,0.05,0.04,0.01,0.10900163650512695
visualizing_soil,0.05,100,0.05,0.05,0.0,0.10662984848022461
visualizing_soil,0.05,100,0.05,0.05,0.0,0.10804462432861328
visualizing_soil,0.05,100,0.05,0.05,0.0,0.10903787612915039
visualizing_soil,0.11,100,0.11,0.12,0.01,0.1089940071105957
visualizing_soil,0.11,100,0.11,0.12,0.01,0.1082007884979248
visualizing_soil,0.11,100,0.11,0.12,0.01,0.10905194282531738
visualizing_soil,0.11,100,0.11,0.11,0.0,0.10168719291687012
visualizing_soil,0.11,100,0.11,0.12,0.01,0.10614657402038574
visualizing_soil,0.11,100,0.11,0.11,0.0,0.10447025299072266
visualizing_soil,0.11,100,0.11,0.11,0.0,0.0925893783569336
visualizing_soil,0.11,100,0.11,0.11,0.0,0.1030280590057373
visualizing_soil,0.11,100,0.11,0.11,0.0,0.1093287467956543
visualizing_soil,0.11,100,0.11,0.1,0.01,0.11252260208129883
visualizing_soil,0.16,100,0.16,0.17,0.01,0.10389471054077148
visualizing_soil,0.16,100,0.16,0.17,0.01,0.10743951797485352
visualizing_soil,0.16,100,0.16,0.16,0.0,0.10906434059143066
visualizing_soil,0.16,100,0.16,0.17,0.01,0.1082756519317627
visualizing_soil,0.16,100,0.16,0.17,0.01,0.10731720924377441
visualizing_soil,0.16,100,0.16,0.16,0.0,0.11924219131469727
visualizing_soil,0.16,100,0.16,0.15,0.01,0.10909724235534668
visualizing_soil,0.16,100,0.16,0.16,0.0,0.09694647789001465
visualizing_soil,0.16,100,0.16,0.15,0.01,0.10458731651306152
visualizing_soil,0.16,100,0.16,0.16,0.0,0.10314607620239258
visualizing_soil,0.21,100,0.21,0.21,0.0,0.10899782180786133
visualizing_soil,0.21,100,0.21,0.2,0.01,0.10952186584472656
visualizing_soil,0.21,100,0.21,0.2,0.01,0.11014533042907715
visualizing_soil,0.21,100,0.21,0.21,0.0,0.10859799385070801
visualizing_soil,0.21,100,0.21,0.22,0.01,0.10346460342407227
visualizing_soil,0.21,100,0.21,0.22,0.01,0.10650634765625
visualizing_soil,0.21,100,0.21,0.22,0.01,0.10645651817321777
visualizing_soil,0.21,100,0.21,0.21,0.0,0.1171419620513916
visualizing_soil,0.21,100,0.21,0.21,0.0,0.10906577110290527
visualizing_soil,0.21,100,0.21,0.22,0.01,0.09746074676513672
visualizing_soil,0.26,100,0.26,0.26,0.0,0.10217809677124023
visualizing_soil,0.26,100,0.26,0.27,0.01,0.11861419677734375
visualizing_soil,0.26,100,0.26,0.26,0.0,0.1095888614654541
visualizing_soil,0.26,100,0.26,0.27,0.01,0.1150662899017334
visualizing_soil,0.26,100,0.26,0.26,0.0,0.09409737586975098
visualizing_soil,0.26,100,0.26,0.27,0.01,0.10307598114013672
visualizing_soil,0.26,100,0.26,0.26,0.0,0.10622668266296387
visualizing_soil,0.26,100,0.26,0.27,0.01,0.10298800468444824
visualizing_soil,0.26,100,0.26,0.25,0.01,0.1060326099395752
visualizing_soil,0.26,100,0.26,0.26,0.0,0.10169577598571777
visualizing_soil,0.32,100,0.32,0.31,0.01,0.11014652252197266
visualizing_soil,0.32,100,0.32,0.32,0.0,0.10918235778808594
visualizing_soil,0.32,100,0.32,0.32,0.0,0.10856199264526367
visualizing_soil,0.32,100,0.32,0.32,0.0,0.10911989212036133
visualizing_soil,0.32,100,0.32,0.33,0.01,0.10352087020874023
visualizing_soil,0.32,100,0.32,0.32,0.0,0.10898590087890625
visualizing_soil,0.32,100,0.32,0.32,0.0,0.12205743789672852
visualizing_soil,0.32,100,0.32,0.32,0.0,0.10087370872497559
visualizing_soil,0.32,100,0.32,0.31,0.01,0.1129312515258789
visualizing_soil,0.32,100,0.32,0.32,0.0,0.10864067077636719
visualizing_soil,0.37,100,0.37,0.36,0.01,0.09772753715515137
visualizing_soil,0.37,100,0.37,0.38,0.01,0.10302734375
visualizing_soil,0.37,100,0.37,0.37,0.0,0.10905814170837402
visualizing_soil,0.37,100,0.37,0.37,0.0,0.1086115837097168
visualizing_soil,0.37,100,0.37,0.37,0.0,0.09764456748962402
visualizing_soil,0.37,100,0.37,0.37,0.0,0.10922527313232422
visualizing_soil,0.37,100,0.37,0.36,0.01,0.10931658744812012
visualizing_soil,0.37,100,0.37,0.38,0.01,0.10920095443725586
visualizing_soil,0.37,100,0.37,0.37,0.0,0.10893583297729492
visualizing_soil,0.37,100,0.37,0.37,0.0,0.10906744003295898
visualizing_soil,0.42,100,0.42,0.42,0.0,0.1050577163696289
visualizing_soil,0.42,100,0.42,0.43,0.01,0.09959840774536133
visualizing_soil,0.42,100,0.42,0.42,0.0,0.11221909523010254
visualizing_soil,0.42,100,0.42,0.43,0.01,0.10915517807006836
visualizing_soil,0.42,100,0.42,0.42,0.0,0.10408902168273926
visualizing_soil,0.42,100,0.42,0.42,0.0,0.10905313491821289
visualizing_soil,0.42,100,0.42,0.43,0.01,0.10907459259033203
visualizing_soil,0.42,100,0.42,0.42,0.0,0.1070857048034668
visualizing_soil,0.42,100,0.42,0.42,0.0,0.09547805786132812
visualizing_soil,0.42,100,0.42,0.42,0.0,0.12121844291687012
visualizing_soil,0.47,100,0.47,0.46,0.01,0.10904717445373535
visualizing_soil,0.47,100,0.47,0.47,0.0,0.1120901107788086
visualizing_soil,0.47,100,0.47,0.47,0.0,0.10404276847839355
visualizing_soil,0.47,100,0.47,0.47,0.0,0.10343742370605469
visualizing_soil,0.47,100,0.47,0.48,0.01,0.10898113250732422
visualizing_soil,0.47,100,0.47,0.47,0.0,0.09336352348327637
visualizing_soil,0.47,100,0.47,0.47,0.0,0.11416292190551758
visualizing_soil,0.47,100,0.47,0.48,0.01,0.11161088943481445
visualizing_soil,0.47,100,0.47,0.47,0.0,0.10908627510070801
visualizing_soil,0.47,100,0.47,0.47,0.0,0.09495234489440918
visualizing_soil,0.53,100,0.53,0.53,0.0,0.10341930389404297
visualizing_soil,0.53,100,0.53,0.53,0.0,0.09237456321716309
visualizing_soil,0.53,100,0.53,0.53,0.0,0.10300159454345703
visualizing_soil,0.53,100,0.53,0.54,0.01,0.11099052429199219
visualizing_soil,0.53,100,0.53,0.53,0.0,0.1089785099029541
visualizing_soil,0.53,100,0.53,0.53,0.0,0.10920119285583496
visualizing_soil,0.53,100,0.53,0.53,0.0,0.11090350151062012
visualizing_soil,0.53,100,0.53,0.53,0.0,0.10083508491516113
visualizing_soil,0.53,100,0.53,0.53,0.0,0.10919833183288574
visualizing_soil,0.53,100,0.53,0.54,0.01,0.11174488067626953
visualizing_soil,0.58,100,0.58,0.59,0.01,0.09987640380859375
visualizing_soil,0.58,100,0.58,0.57,0.01,0.10904312133789062
visualizing_soil,0.58,100,0.58,0.58,0.0,0.104400634765625
visualizing_soil,0.58,100,0.58,0.58,0.0,0.11213445663452148
visualizing_soil,0.58,100,0.58,0.58,0.0,0.10990381240844727
visualizing_soil,0.58,100,0.58,0.58,0.0,0.10899901390075684
visualizing_soil,0.58,100,0.58,0.58,0.0,0.10360145568847656
visualizing_soil,0.58,100,0.58,0.59,0.01,0.11295485496520996
visualizing_soil,0.58,100,0.58,0.58,0.0,0.11881446838378906
visualizing_soil,0.58,100,0.58,0.58,0.0,0.1094672679901123
visualizing_soil,0.63,100,0.63,0.64,0.01,0.1099708080291748
visualizing_soil,0.63,100,0.63,0.63,0.0,0.10905814170837402
visualizing_soil,0.63,100,0.63,0.63,0.0,0.109161376953125
visualizing_soil,0.63,100,0.63,0.63,0.0,0.10448241233825684
visualizing_soil,0.63,100,0.63,0.63,0.0,0.10907173156738281
visualizing_soil,0.63,100,0.63,0.62,0.01,0.10907888412475586
visualizing_soil,0.63,100,0.63,0.63,0.0,0.10196256637573242
visualizing_soil,0.63,100,0.63,0.63,0.0,0.09895181655883789
visualizing_soil,0.63,100,0.63,0.63,0.0,0.10474681854248047
visualizing_soil,0.63,100,0.63,0.64,0.01,0.10762214660644531
visualizing_soil,0.68,100,0.68,0.7,0.02,0.10984230041503906
visualizing_soil,0.68,100,0.68,0.67,0.01,0.10319161415100098
visualizing_soil,0.68,100,0.68,0.68,0.0,0.10787749290466309
visualizing_soil,0.68,100,0.68,0.68,0.0,0.10342526435852051
visualizing_soil,0.68,100,0.68,0.68,0.0,0.11763644218444824
visualizing_soil,0.68,100,0.68,0.67,0.01,0.10845804214477539
visualizing_soil,0.68,100,0.68,0.69,0.01,0.1091299057006836
visualizing_soil,0.68,100,0.68,0.68,0.0,0.11512160301208496
visualizing_soil,0.68,100,0.68,0.68,0.0,0.10658526420593262
visualizing_soil,0.68,100,0.68,0.68,0.0,0.10357832908630371
visualizing_soil,0.74,100,0.74,0.74,0.0,0.1090385913848877
visualizing_soil,0.74,100,0.74,0.75,0.01,0.10605144500732422
visualizing_soil,0.74,100,0.74,0.74,0.0,0.10598039627075195
visualizing_soil,0.74,100,0.74,0.74,0.0,0.10545229911804199
visualizing_soil,0.74,100,0.74,0.75,0.01,0.10039067268371582
visualizing_soil,0.74,100,0.74,0.75,0.01,0.11501455307006836
visualizing_soil,0.74,100,0.74,0.74,0.0,0.10904717445373535
visualizing_soil,0.74,100,0.74,0.73,0.01,0.09329366683959961
visualizing_soil,0.74,100,0.74,0.74,0.0,0.10904240608215332
visualizing_soil,0.74,100,0.74,0.73,0.01,0.10904240608215332
visualizing_soil,0.79,100,0.79,0.79,0.0,0.10658693313598633
visualizing_soil,0.79,100,0.79,0.78,0.01,0.10907697677612305
visualizing_soil,0.79,100,0.79,0.79,0.0,0.10719585418701172
visualizing_soil,0.79,100,0.79,0.78,0.01,0.10555839538574219
visualizing_soil,0.79,100,0.79,0.79,0.0,0.10963582992553711
visualizing_soil,0.79,100,0.79,0.79,0.0,0.10922002792358398
visualizing_soil,0.79,100,0.79,0.79,0.0,0.10832357406616211
visualizing_soil,0.79,100,0.79,0.78,0.01,0.10949587821960449
visualizing_soil,0.79,100,0.79,0.78,0.01,0.10701513290405273
visualizing_soil,0.79,100,0.79,0.79,0.0,0.10792756080627441
visualizing_soil,0.84,100,0.84,0.84,0.0,0.10833454132080078
visualizing_soil,0.84,100,0.84,0.85,0.01,0.10611104965209961
visualizing_soil,0.84,100,0.84,0.85,0.01,0.09378170967102051
visualizing_soil,0.84,100,0.84,0.83,0.01,0.10906267166137695
visualizing_soil,0.84,100,0.84,0.84,0.0,0.10616183280944824
visualizing_soil,0.84,100,0.84,0.84,0.0,0.10478472709655762
visualizing_soil,0.84,100,0.84,0.85,0.01,0.10960841178894043
visualizing_soil,0.84,100,0.84,0.84,0.0,0.09397411346435547
visualizing_soil,0.84,100,0.84,0.83,0.01,0.10835623741149902
visualizing_soil,0.84,100,0.84,0.83,0.01,0.10302734375
visualizing_soil,0.89,100,0.89,0.89,0.0,0.09965753555297852
visualizing_soil,0.89,100,0.89,0.89,0.0,0.12353134155273438
visualizing_soil,0.89,100,0.89,0.89,0.0,0.1107332706451416
visualizing_soil,0.89,100,0.89,0.88,0.01,0.11472201347351074
visualizing_soil,0.89,100,0.89,0.89,0.0,0.10751795768737793
visualizing_soil,0.89,100,0.89,0.89,0.0,0.10946202278137207
visualizing_soil,0.89,100,0.89,0.88,0.01,0.10915207862854004
visualizing_soil,0.89,100,0.89,0.88,0.01,0.10911178588867188
visualizing_soil,0.89,100,0.89,0.89,0.0,0.1037447452545166
visualizing_soil,0.89,100,0.89,0.88,0.01,0.10612320899963379
visualizing_soil,0.95,100,0.95,0.95,0.0,0.11257481575012207
visualizing_soil,0.95,100,0.95,0.95,0.0,0.10402798652648926
visualizing_soil,0.95,100,0.95,0.95,0.0,0.10044336318969727
visualizing_soil,0.95,100,0.95,0.94,0.01,0.10911107063293457
visualizing_soil,0.95,100,0.95,0.95,0.0,0.10902118682861328
visualizing_soil,0.95,100,0.95,0.95,0.0,0.10849857330322266
visualizing_soil,0.95,100,0.95,0.95,0.0,0.11382412910461426
visualizing_soil,0.95,100,0.95,0.95,0.0,0.10889244079589844
visualizing_soil,0.95,100,0.95,0.95,0.0,0.10947823524475098
visualizing_soil,0.95,100,0.95,0.95,0.0,0.10304713249206543
visualizing_soil,1.0,100,1.0,1.0,0.0,0.09999895095825195
visualizing_soil,1.0,100,1.0,1.0,0.0,0.1020205020904541
visualizing_soil,1.0,100,1.0,1.0,0.0,0.10652327537536621
visualizing_soil,1.0,100,1.0,1.0,0.0,0.11612701416015625
visualizing_soil,1.0,100,1.0,1.0,0.0,0.10405707359313965
visualizing_soil,1.0,100,1.0,1.0,0.0,0.09399557113647461
visualizing_soil,1.0,100,1.0,1.0,0.0,0.10906672477722168
visualizing_soil,1.0,100,1.0,1.0,0.0,0.10899972915649414
visualizing_soil,1.0,100,1.0,1.0,0.0,0.11134529113769531
visualizing_soil,1.0,100,1.0,1.0,0.0,0.11605000495910645
wind,0.0,100,0.0,0.0,0.0,0.10637354850769043
wind,0.0,100,0.0,0.02,0.02,0.10907387733459473
wind,0.0,100,0.0,0.0,0.0,0.10967850685119629
wind,0.0,100,0.0,0.0,0.0,0.11678576469421387
wind,0.0,100,0.0,0.0,0.0,0.10554933547973633
wind,0.0,100,0.0,0.0,0.0,0.10853314399719238
wind,0.0,100,0.0,0.0,0.0,0.10300588607788086
wind,0.0,100,0.0,0.0,0.0,0.12081456184387207
wind,0.0,100,0.0,0.0,0.0,0.11892962455749512
wind,0.0,100,0.0,0.01,0.01,0.10304570198059082
wind,0.05,100,0.05,0.04,0.01,0.10917878150939941
wind,0.05,100,0.05,0.0,0.05,0.11095690727233887
wind,0.05,100,0.05,0.03,0.02,0.10342264175415039
wind,0.05,100,0.05,0.03,0.02,0.10913920402526855
wind,0.05,100,0.05,0.02,0.03,0.10919451713562012
wind,0.05,100,0.05,0.03,0.02,0.10149168968200684
wind,0.05,100,0.05,0.02,0.03,0.10314249992370605
wind,0.05,100,0.05,0.04,0.01,0.10925769805908203
wind,0.05,100,0.05,0.05,0.0,0.10441803932189941
wind,0.05,100,0.05,0.03,0.02,0.09939193725585938
wind,0.11,100,0.11,0.08,0.03,0.10347557067871094
wind,0.11,100,0.11,0.15,0.04,0.1185903549194336
wind,0.11,100,0.11,0.06,0.05,0.10915565490722656
wind,0.11,100,0.11,0.02,0.09,0.10905838012695312
wind,0.11,100,0.11,0.12,0.01,0.1253831386566162
wind,0.11,100,0.11,0.11,0.0,0.10900187492370605
wind,0.11,100,0.11,0.09,0.02,0.10355544090270996
wind,0.11,100,0.11,0.11,0.0,0.11652278900146484
wind,0.11,100,0.11,0.11,0.0,0.1114964485168457
wind,0.11,100,0.11,0.09,0.02,0.10831165313720703
wind,0.16,100,0.16,0.15,0.01,0.10905957221984863
wind,0.16,100,0.16,0.09,0.07,0.10907673835754395
wind,0.16,100,0.16,0.13,0.03,0.10569572448730469
wind,0.16,100,0.16,0.11,0.05,0.10978150367736816
wind,0.16,100,0.16,0.17,0.01,0.10905885696411133
wind,0.16,100,0.16,0.16,0.0,0.11002326011657715
wind,0.16,100,0.16,0.12,0.04,0.10652732849121094
wind,0.16,100,0.16,0.17,0.01,0.11223268508911133
wind,0.16,100,0.16,0.12,0.04,0.1090092658996582
wind,0.16,100,0.16,0.16,0.0,0.11416912078857422
wind,0.21,100,0.21,0.22,0.01,0.11160778999328613
wind,0.21,100,0.21,0.2,0.01,0.11514639854431152
wind,0.21,100,0.21,0.22,0.01,0.10898447036743164
wind,0.21,100,0.21,0.18,0.03,0.11860299110412598
wind,0.21,100,0.21,0.17,0.04,0.10920572280883789
wind,0.21,100,0.21,0.22,0.01,0.1211385726928711
wind,0.21,100,0.21,0.21,0.0,0.10865378379821777
wind,0.21,100,0.21,0.2,0.01,0.10875558853149414
wind,0.21,100,0.21,0.13,0.08,0.10901618003845215
wind,0.21,100,0.21,0.17,0.04,0.10673069953918457
wind,0.26,100,0.26,0.19,0.07,0.10621023178100586
wind,0.26,100,0.26,0.18,0.08,0.09342551231384277
wind,0.26,100,0.26,0.26,0.0,0.10909295082092285
wind,0.26,100,0.26,0.27,0.01,0.10379362106323242
wind,0.26,100,0.26,0.26,0.0,0.11554551124572754
wind,0.26,100,0.26,0.22,0.04,0.11464667320251465
wind,0.26,100,0.26,0.17,0.09,0.10843849182128906
wind,0.26,100,0.26,0.27,0.01,0.10643744468688965
wind,0.26,100,0.26,0.19,0.07,0.11085081100463867
wind,0.26,100,0.26,0.13,0.13,0.1029970645904541
wind,0.32,100,0.32,0.26,0.06,0.10906147956848145
wind,0.32,100,0.32,0.27,0.05,0.09398651123046875
wind,0.32,100,0.32,0.33,0.01,0.10646557807922363
wind,0.32,100,0.32,0.35,0.03,0.10302877426147461
wind,0.32,100,0.32,0.42,0.1,0.10014820098876953
wind,0.32,100,0.32,0.29,0.03,0.11869144439697266
wind,0.32,100,0.32,0.33,0.01,0.11573457717895508
wind,0.32,100,0.32,0.34,0.02,0.10851860046386719
wind,0.32,100,0.32,0.26,0.06,0.11012506484985352
wind,0.32,100,0.32,0.31,0.01,0.10929441452026367
wind,0.37,100,0.37,0.26,0.11,0.10818147659301758
wind,0.37,100,0.37,0.29,0.08,0.1171715259552002
wind,0.37,100,0.37,0.39,0.02,0.10886788368225098
wind,0.37,100,0.37,0.26,0.11,0.1089470386505127
wind,0.37,100,0.37,0.33,0.04,0.10352373123168945
wind,0.37,100,0.37,0.32,0.05,0.10512208938598633
wind,0.37,100,0.37,0.39,0.02,0.10912561416625977
wind,0.37,100,0.37,0.33,0.04,0.10359668731689453
wind,0.37,100,0.37,0.36,0.01,0.10903382301330566
wind,0.37,100,0.37,0.37,0.0,0.10908079147338867
wind,0.42,100,0.42,0.39,0.03,0.1024770736694336
wind,0.42,100,0.42,0.44,0.02,0.10909104347229004
wind,0.42,100,0.42,0.35,0.07,0.1090543270111084
wind,0.42,100,0.42,0.48,0.06,0.12021112442016602
wind,0.42,100,0.42,0.34,0.08,0.11005640029907227
wind,0.42,100,0.42,0.43,0.01,0.10905265808105469
wind,0.42,100,0.42,0.4,0.02,0.10905170440673828
wind,0.42,100,0.42,0.34,0.08,0.10717058181762695
wind,0.42,100,0.42,0.37,0.05,0.11503291130065918
wind,0.42,100,0.42,0.45,0.03,0.10963129997253418
wind,0.47,100,0.47,0.48,0.01,0.10905313491821289
wind,0.47,100,0.47,0.46,0.01,0.09860062599182129
wind,0.47,100,0.47,0.34,0.13,0.11513638496398926
wind,0.47,100,0.47,0.5,0.03,0.10422563552856445
wind,0.47,100,0.47,0.41,0.06,0.09989333152770996
wind,0.47,100,0.47,0.43,0.04,0.11018562316894531
wind,0.47,100,0.47,0.52,0.05,0.10493922233581543
wind,0.47,100,0.47,0.4,0.07,0.11446809768676758
wind,0.47,100,0.47,0.54,0.07,0.1085054874420166
wind,0.47,100,0.47,0.49,0.02,0.10866045951843262
wind,0.53,100,0.53,0.59,0.06,0.09292125701904297
wind,0.53,100,0.53,0.59,0.06,0.10748839378356934
wind,0.53,100,0.53,0.56,0.03,0.10905218124389648
wind,0.53,100,0.53,0.55,0.02,0.10913729667663574
wind,0.53,100,0.53,0.55,0.02,0.11931538581848145
wind,0.53,100,0.53,0.53,0.0,0.10909581184387207
wind,0.53,100,0.53,0.46,0.07,0.11794328689575195
wind,0.53,100,0.53,0.57,0.04,0.12062978744506836
wind,0.53,100,0.53,0.45,0.08,0.10880160331726074
wind,0.53,100,0.53,0.51,0.02,0.10477375984191895
wind,0.58,100,0.58,0.64,0.06,0.12443399429321289
wind,0.58,100,0.58,0.49,0.09,0.10967016220092773
wind,0.58,100,0.58,0.55,0.03,0.10618472099304199
wind,0.58,100,0.58,0.6,0.02,0.10903239250183105
wind,0.58,100,0.58,0.53,0.05,0.10906338691711426
wind,0.58,100,0.58,0.66,0.08,0.1035308837890625
wind,0.58,100,0.58,0.64,0.06,0.11870813369750977
wind,0.58,100,0.58,0.54,0.04,0.11110830307006836
wind,0.58,100,0.58,0.61,0.03,0.1084752082824707
wind,0.58,100,0.58,0.62,0.04,0.10911250114440918
wind,0.63,100,0.63,0.66,0.03,0.10357069969177246
wind,0.63,100,0.63,0.65,0.02,0.10299420356750488
wind,0.63,100,0.63,0.67,0.04,0.10093188285827637
wind,0.63,100,0.63,0.61,0.02,0.09607291221618652
wind,0.63,100,0.63,0.63,0.0,0.10854625701904297
wind,0.63,100,0.63,0.68,0.05,0.12001538276672363
wind,0.63,100,0.63,0.66,0.03,0.1036369800567627
wind,0.63,100,0.63,0.63,0.0,0.1094369888305664
wind,0.63,100,0.63,0.59,0.04,0.10894513130187988
wind,0.63,100,0.63,0.68,0.05,0.10841894149780273
wind,0.68,100,0.68,0.69,0.01,0.10489654541015625
wind,0.68,100,0.68,0.67,0.01,0.10961771011352539
wind,0.68,100,0.68,0.71,0.03,0.10818743705749512
wind,0.68,100,0.68,0.78,0.1,0.10845160484313965
wind,0.68,100,0.68,0.71,0.03,0.10815310478210449
wind,0.68,100,0.68,0.71,0.03,0.10903477668762207
wind,0.68,100,0.68,0.75,0.07,0.09996867179870605
wind,0.68,100,0.68,0.74,0.06,0.10844683647155762
wind,0.68,100,0.68,0.68,0.0,0.10904216766357422
wind,0.68,100,0.68,0.69,0.01,0.09776639938354492
wind,0.74,100,0.74,0.72,0.02,0.11532306671142578
wind,0.74,100,0.74,0.8,0.06,0.10906171798706055
wind,0.74,100,0.74,0.75,0.01,0.11847066879272461
wind,0.74,100,0.74,0.79,0.05,0.10962963104248047
wind,0.74,100,0.74,0.76,0.02,0.10104179382324219
wind,0.74,100,0.74,0.75,0.01,0.12269377708435059
wind,0.74,100,0.74,0.74,0.0,0.1091010570526123
wind,0.74,100,0.74,0.85,0.11,0.10916924476623535
wind,0.74,100,0.74,0.75,0.01,0.10935664176940918
wind,0.74,100,0.74,0.76,0.02,0.12320590019226074
wind,0.79,100,0.79,0.77,0.02,0.10872554779052734
wind,0.79,100,0.79,0.82,0.03,0.10865068435668945
wind,0.79,100,0.79,0.83,0.04,0.11554908752441406
wind,0.79,100,0.79,0.84,0.05,0.11808061599731445
wind,0.79,100,0.79,0.79,0.0,0.11920475959777832
wind,0.79,100,0.79,0.82,0.03,0.10909652709960938
wind,0.79,100,0.79,0.84,0.05,0.09648656845092773
wind,0.79,100,0.79,0.82,0.03,0.10198688507080078
wind,0.79,100,0.79,0.89,0.1,0.10883259773254395
wind,0.79,100,0.79,0.86,0.07,0.10907649993896484
wind,0.84,100,0.84,0.85,0.01,0.10991525650024414
wind,0.84,100,0.84,0.92,0.08,0.10884284973144531
wind,0.84,100,0.84,0.88,0.04,0.10349631309509277
wind,0.84,100,0.84,0.86,0.02,0.12019872665405273
wind,0.84,100,0.84,0.87,0.03,0.11713695526123047
wind,0.84,100,0.84,0.87,0.03,0.10605645179748535
wind,0.84,100,0.84,0.86,0.02,0.10904979705810547
wind,0.84,100,0.84,0.87,0.03,0.1090693473815918
wind,0.84,100,0.84,0.9,0.06,0.10803580284118652
wind,0.84,100,0.84,0.87,0.03,0.10909032821655273
wind,0.89,100,0.89,0.92,0.03,0.10938453674316406
wind,0.89,100,0.89,0.87,0.02,0.10808849334716797
wind,0.89,100,0.89,0.89,0.0,0.12037158012390137
wind,0.89,100,0.89,0.93,0.04,0.10296940803527832
wind,0.89,100,0.89,0.94,0.05,0.11397647857666016
wind,0.89,100,0.89,0.95,0.06,0.12475919723510742
wind,0.89,100,0.89,0.91,0.02,0.11847877502441406
wind,0.89,100,0.89,0.91,0.02,0.10927581787109375
wind,0.89,100,0.89,0.88,0.01,0.11078190803527832
wind,0.89,100,0.89,0.91,0.02,0.11514163017272949
wind,0.95,100,0.95,0.96,0.01,0.10802650451660156
wind,0.95,100,0.95,0.93,0.02,0.10296750068664551
wind,0.95,100,0.95,0.9,0.05,0.0994882583618164
wind,0.95,100,0.95,0.98,0.03,0.10464024543762207
wind,0.95,100,0.95,1.0,0.05,0.10910630226135254
wind,0.95,100,0.95,0.95,0.0,0.10756063461303711
wind,0.95,100,0.95,0.97,0.02,0.1090240478515625
wind,0.95,100,0.95,0.94,0.01,0.11321043968200684
wind,0.95,100,0.95,1.0,0.05,0.10108256340026855
wind,0.95,100,0.95,1.0,0.05,0.11227989196777344
wind,1.0,100,1.0,1.0,0.0,0.10909318923950195
wind,1.0,100,1.0,1.0,0.0,0.11024022102355957
wind,1.0,100,1.0,0.99,0.01,0.10908222198486328
wind,1.0,100,1.0,1.0,0.0,0.11034035682678223
wind,1.0,100,1.0,1.0,0.0,0.10840034484863281
wind,1.0,100,1.0,1.0,0.0,0.10297274589538574
wind,1.0,100,1.0,1.0,0.0,0.10917353630065918
wind,1.0,100,1.0,0.99,0.01,0.11210894584655762
wind,1.0,100,1.0,1.0,0.0,0.11006760597229004
wind,1.0,100,1.0,1.0,0.0,0.10908079147338867
