dataset_name,alpha,sample_size,real_p,pred_p,abs_error,run_time
2dplanes,0.0,100,0.0,0.1,0.1,0.0
2dplanes,0.0,100,0.0,0.04,0.04,0.0
2dplanes,0.0,100,0.0,0.0,0.0,0.0
2dplanes,0.0,100,0.0,0.0,0.0,0.0
2dplanes,0.0,100,0.0,0.03,0.03,0.0010516643524169922
2dplanes,0.0,100,0.0,0.03,0.03,0.0
2dplanes,0.0,100,0.0,0.03,0.03,0.0
2dplanes,0.0,100,0.0,0.1,0.1,0.0
2dplanes,0.0,100,0.0,0.05,0.05,0.0
2dplanes,0.0,100,0.0,0.0,0.0,0.0
2dplanes,0.05,100,0.05,0.06,0.01,0.0
2dplanes,0.05,100,0.05,0.1,0.05,0.0
2dplanes,0.05,100,0.05,0.02,0.03,0.0
2dplanes,0.05,100,0.05,0.0,0.05,0.0
2dplanes,0.05,100,0.05,0.04,0.01,0.0
2dplanes,0.05,100,0.05,0.01,0.04,0.0
2dplanes,0.05,100,0.05,0.03,0.02,0.0
2dplanes,0.05,100,0.05,0.14,0.09,0.0
2dplanes,0.05,100,0.05,0.0,0.05,0.0
2dplanes,0.05,100,0.05,0.01,0.04,0.0
2dplanes,0.11,100,0.11,0.1,0.01,0.0
2dplanes,0.11,100,0.11,0.11,0.0,0.0
2dplanes,0.11,100,0.11,0.18,0.07,0.0
2dplanes,0.11,100,0.11,0.17,0.06,0.0
2dplanes,0.11,100,0.11,0.06,0.05,0.0
2dplanes,0.11,100,0.11,0.14,0.03,0.0
2dplanes,0.11,100,0.11,0.16,0.05,0.0
2dplanes,0.11,100,0.11,0.15,0.04,0.0
2dplanes,0.11,100,0.11,0.12,0.01,0.0
2dplanes,0.11,100,0.11,0.18,0.07,0.0
2dplanes,0.16,100,0.16,0.16,0.0,0.0
2dplanes,0.16,100,0.16,0.15,0.01,0.0
2dplanes,0.16,100,0.16,0.13,0.03,0.0
2dplanes,0.16,100,0.16,0.14,0.02,0.0
2dplanes,0.16,100,0.16,0.18,0.02,0.0
2dplanes,0.16,100,0.16,0.21,0.05,0.0
2dplanes,0.16,100,0.16,0.1,0.06,0.0
2dplanes,0.16,100,0.16,0.08,0.08,0.0
2dplanes,0.16,100,0.16,0.04,0.12,0.0
2dplanes,0.16,100,0.16,0.08,0.08,0.0010080337524414062
2dplanes,0.21,100,0.21,0.29,0.08,0.0
2dplanes,0.21,100,0.21,0.15,0.06,0.0
2dplanes,0.21,100,0.21,0.16,0.05,0.0
2dplanes,0.21,100,0.21,0.25,0.04,0.0
2dplanes,0.21,100,0.21,0.26,0.05,0.0
2dplanes,0.21,100,0.21,0.22,0.01,0.0
2dplanes,0.21,100,0.21,0.18,0.03,0.0
2dplanes,0.21,100,0.21,0.15,0.06,0.0
2dplanes,0.21,100,0.21,0.15,0.06,0.006192445755004883
2dplanes,0.21,100,0.21,0.26,0.05,0.00015926361083984375
2dplanes,0.26,100,0.26,0.27,0.01,0.0010020732879638672
2dplanes,0.26,100,0.26,0.32,0.06,0.0
2dplanes,0.26,100,0.26,0.23,0.03,0.0
2dplanes,0.26,100,0.26,0.25,0.01,0.0
2dplanes,0.26,100,0.26,0.18,0.08,0.0
2dplanes,0.26,100,0.26,0.26,0.0,0.0
2dplanes,0.26,100,0.26,0.28,0.02,0.0
2dplanes,0.26,100,0.26,0.25,0.01,0.0
2dplanes,0.26,100,0.26,0.27,0.01,0.0
2dplanes,0.26,100,0.26,0.24,0.02,0.0
2dplanes,0.32,100,0.32,0.31,0.01,0.0
2dplanes,0.32,100,0.32,0.4,0.08,0.0
2dplanes,0.32,100,0.32,0.31,0.01,0.0
2dplanes,0.32,100,0.32,0.29,0.03,0.0
2dplanes,0.32,100,0.32,0.32,0.0,0.0
2dplanes,0.32,100,0.32,0.33,0.01,0.00099945068359375
2dplanes,0.32,100,0.32,0.34,0.02,0.0
2dplanes,0.32,100,0.32,0.34,0.02,0.0
2dplanes,0.32,100,0.32,0.33,0.01,0.0
2dplanes,0.32,100,0.32,0.3,0.02,0.0
2dplanes,0.37,100,0.37,0.4,0.03,0.0
2dplanes,0.37,100,0.37,0.31,0.06,0.0
2dplanes,0.37,100,0.37,0.45,0.08,0.0
2dplanes,0.37,100,0.37,0.44,0.07,0.0
2dplanes,0.37,100,0.37,0.42,0.05,0.0
2dplanes,0.37,100,0.37,0.41,0.04,0.0
2dplanes,0.37,100,0.37,0.28,0.09,0.0
2dplanes,0.37,100,0.37,0.41,0.04,0.0004901885986328125
2dplanes,0.37,100,0.37,0.36,0.01,0.0005466938018798828
2dplanes,0.37,100,0.37,0.3,0.07,0.0
2dplanes,0.42,100,0.42,0.39,0.03,0.0
2dplanes,0.42,100,0.42,0.35,0.07,0.0
2dplanes,0.42,100,0.42,0.43,0.01,0.0
2dplanes,0.42,100,0.42,0.52,0.1,0.0
2dplanes,0.42,100,0.42,0.37,0.05,0.0
2dplanes,0.42,100,0.42,0.43,0.01,0.0002295970916748047
2dplanes,0.42,100,0.42,0.39,0.03,0.0
2dplanes,0.42,100,0.42,0.48,0.06,0.0
2dplanes,0.42,100,0.42,0.48,0.06,0.0
2dplanes,0.42,100,0.42,0.41,0.01,0.0
2dplanes,0.47,100,0.47,0.56,0.09,0.0
2dplanes,0.47,100,0.47,0.55,0.08,0.0
2dplanes,0.47,100,0.47,0.47,0.0,0.0
2dplanes,0.47,100,0.47,0.4,0.07,0.0
2dplanes,0.47,100,0.47,0.53,0.06,0.0
2dplanes,0.47,100,0.47,0.46,0.01,0.0
2dplanes,0.47,100,0.47,0.44,0.03,0.0
2dplanes,0.47,100,0.47,0.57,0.1,0.0
2dplanes,0.47,100,0.47,0.49,0.02,0.0
2dplanes,0.47,100,0.47,0.43,0.04,0.0
2dplanes,0.53,100,0.53,0.52,0.01,0.0
2dplanes,0.53,100,0.53,0.54,0.01,0.0
2dplanes,0.53,100,0.53,0.62,0.09,0.0
2dplanes,0.53,100,0.53,0.61,0.08,0.0
2dplanes,0.53,100,0.53,0.52,0.01,0.0
2dplanes,0.53,100,0.53,0.49,0.04,0.0
2dplanes,0.53,100,0.53,0.55,0.02,0.0
2dplanes,0.53,100,0.53,0.55,0.02,0.0
2dplanes,0.53,100,0.53,0.56,0.03,0.0
2dplanes,0.53,100,0.53,0.53,0.0,0.0
2dplanes,0.58,100,0.58,0.56,0.02,0.0
2dplanes,0.58,100,0.58,0.64,0.06,0.0
2dplanes,0.58,100,0.58,0.54,0.04,0.0
2dplanes,0.58,100,0.58,0.62,0.04,0.0
2dplanes,0.58,100,0.58,0.54,0.04,0.0
2dplanes,0.58,100,0.58,0.57,0.01,0.0
2dplanes,0.58,100,0.58,0.58,0.0,0.0
2dplanes,0.58,100,0.58,0.58,0.0,0.0
2dplanes,0.58,100,0.58,0.52,0.06,0.0
2dplanes,0.58,100,0.58,0.57,0.01,0.0
2dplanes,0.63,100,0.63,0.6,0.03,0.0
2dplanes,0.63,100,0.63,0.7,0.07,0.0
2dplanes,0.63,100,0.63,0.61,0.02,0.0
2dplanes,0.63,100,0.63,0.65,0.02,0.0
2dplanes,0.63,100,0.63,0.67,0.04,0.0
2dplanes,0.63,100,0.63,0.54,0.09,0.0
2dplanes,0.63,100,0.63,0.58,0.05,0.0
2dplanes,0.63,100,0.63,0.67,0.04,0.0
2dplanes,0.63,100,0.63,0.58,0.05,0.0
2dplanes,0.63,100,0.63,0.61,0.02,0.0
2dplanes,0.68,100,0.68,0.67,0.01,0.0
2dplanes,0.68,100,0.68,0.71,0.03,0.0
2dplanes,0.68,100,0.68,0.71,0.03,0.0
2dplanes,0.68,100,0.68,0.76,0.08,0.0
2dplanes,0.68,100,0.68,0.72,0.04,0.0
2dplanes,0.68,100,0.68,0.66,0.02,0.0
2dplanes,0.68,100,0.68,0.64,0.04,0.0
2dplanes,0.68,100,0.68,0.71,0.03,0.0
2dplanes,0.68,100,0.68,0.68,0.0,0.0
2dplanes,0.68,100,0.68,0.69,0.01,0.0054836273193359375
2dplanes,0.74,100,0.74,0.76,0.02,0.0
2dplanes,0.74,100,0.74,0.69,0.05,0.0
2dplanes,0.74,100,0.74,0.72,0.02,0.0
2dplanes,0.74,100,0.74,0.78,0.04,0.0
2dplanes,0.74,100,0.74,0.74,0.0,0.0
2dplanes,0.74,100,0.74,0.79,0.05,0.0
2dplanes,0.74,100,0.74,0.75,0.01,0.0
2dplanes,0.74,100,0.74,0.78,0.04,0.0
2dplanes,0.74,100,0.74,0.79,0.05,0.0
2dplanes,0.74,100,0.74,0.67,0.07,0.0
2dplanes,0.79,100,0.79,0.83,0.04,0.0
2dplanes,0.79,100,0.79,0.75,0.04,0.0
2dplanes,0.79,100,0.79,0.67,0.12,0.0
2dplanes,0.79,100,0.79,0.8,0.01,0.0
2dplanes,0.79,100,0.79,0.77,0.02,0.0
2dplanes,0.79,100,0.79,0.87,0.08,0.0
2dplanes,0.79,100,0.79,0.84,0.05,0.0
2dplanes,0.79,100,0.79,0.71,0.08,0.0
2dplanes,0.79,100,0.79,0.8,0.01,0.0
2dplanes,0.79,100,0.79,0.8,0.01,0.0
2dplanes,0.84,100,0.84,0.8,0.04,0.006237506866455078
2dplanes,0.84,100,0.84,0.87,0.03,0.0
2dplanes,0.84,100,0.84,0.81,0.03,0.0
2dplanes,0.84,100,0.84,0.86,0.02,0.0
2dplanes,0.84,100,0.84,0.87,0.03,0.0
2dplanes,0.84,100,0.84,0.78,0.06,0.0
2dplanes,0.84,100,0.84,0.89,0.05,0.0
2dplanes,0.84,100,0.84,0.86,0.02,0.003935098648071289
2dplanes,0.84,100,0.84,0.78,0.06,0.0
2dplanes,0.84,100,0.84,0.75,0.09,0.0
2dplanes,0.89,100,0.89,0.87,0.02,0.0
2dplanes,0.89,100,0.89,0.9,0.01,0.0
2dplanes,0.89,100,0.89,0.94,0.05,0.0
2dplanes,0.89,100,0.89,0.95,0.06,0.0
2dplanes,0.89,100,0.89,0.93,0.04,0.0
2dplanes,0.89,100,0.89,0.89,0.0,0.0
2dplanes,0.89,100,0.89,0.86,0.03,0.0
2dplanes,0.89,100,0.89,0.86,0.03,0.0
2dplanes,0.89,100,0.89,0.9,0.01,0.0
2dplanes,0.89,100,0.89,0.93,0.04,0.0
2dplanes,0.95,100,0.95,0.98,0.03,0.005468845367431641
2dplanes,0.95,100,0.95,0.95,0.0,0.0
2dplanes,0.95,100,0.95,0.98,0.03,0.0
2dplanes,0.95,100,0.95,1.0,0.05,0.0
2dplanes,0.95,100,0.95,0.86,0.09,0.0
2dplanes,0.95,100,0.95,0.86,0.09,0.0
2dplanes,0.95,100,0.95,0.96,0.01,0.0
2dplanes,0.95,100,0.95,0.91,0.04,0.0
2dplanes,0.95,100,0.95,0.87,0.08,0.0
2dplanes,0.95,100,0.95,0.99,0.04,0.0
2dplanes,1.0,100,1.0,0.98,0.02,0.0
2dplanes,1.0,100,1.0,0.98,0.02,0.0
2dplanes,1.0,100,1.0,1.0,0.0,0.0
2dplanes,1.0,100,1.0,1.0,0.0,0.001077413558959961
2dplanes,1.0,100,1.0,1.0,0.0,0.0
2dplanes,1.0,100,1.0,1.0,0.0,0.0
2dplanes,1.0,100,1.0,0.96,0.04,0.0
2dplanes,1.0,100,1.0,1.0,0.0,0.0
2dplanes,1.0,100,1.0,1.0,0.0,0.0
2dplanes,1.0,100,1.0,1.0,0.0,0.0
balloon,0.0,100,0.0,0.0,0.0,0.0
balloon,0.0,100,0.0,0.0,0.0,0.0
balloon,0.0,100,0.0,0.0,0.0,0.0
balloon,0.0,100,0.0,0.0,0.0,0.0
balloon,0.0,100,0.0,0.0,0.0,0.0
balloon,0.0,100,0.0,0.0,0.0,0.0
balloon,0.0,100,0.0,0.0,0.0,0.0009090900421142578
balloon,0.0,100,0.0,0.01,0.01,0.0
balloon,0.0,100,0.0,0.0,0.0,0.0
balloon,0.0,100,0.0,0.0,0.0,0.0
balloon,0.05,100,0.05,0.03,0.02,0.0
balloon,0.05,100,0.05,0.04,0.01,0.0
balloon,0.05,100,0.05,0.04,0.01,0.0
balloon,0.05,100,0.05,0.02,0.03,0.0
balloon,0.05,100,0.05,0.0,0.05,0.0
balloon,0.05,100,0.05,0.05,0.0,0.0
balloon,0.05,100,0.05,0.02,0.03,0.0
balloon,0.05,100,0.05,0.03,0.02,0.0
balloon,0.05,100,0.05,0.01,0.04,0.0
balloon,0.05,100,0.05,0.02,0.03,0.0
balloon,0.11,100,0.11,0.15,0.04,0.0
balloon,0.11,100,0.11,0.08,0.03,0.0
balloon,0.11,100,0.11,0.11,0.0,0.0
balloon,0.11,100,0.11,0.08,0.03,0.0
balloon,0.11,100,0.11,0.13,0.02,0.0
balloon,0.11,100,0.11,0.12,0.01,0.0
balloon,0.11,100,0.11,0.08,0.03,0.0
balloon,0.11,100,0.11,0.13,0.02,0.0
balloon,0.11,100,0.11,0.08,0.03,0.0
balloon,0.11,100,0.11,0.09,0.02,0.0
balloon,0.16,100,0.16,0.18,0.02,0.0
balloon,0.16,100,0.16,0.16,0.0,0.0
balloon,0.16,100,0.16,0.16,0.0,0.0009770393371582031
balloon,0.16,100,0.16,0.15,0.01,0.0
balloon,0.16,100,0.16,0.14,0.02,0.0
balloon,0.16,100,0.16,0.14,0.02,0.0
balloon,0.16,100,0.16,0.11,0.05,0.0
balloon,0.16,100,0.16,0.11,0.05,0.0
balloon,0.16,100,0.16,0.13,0.03,0.0
balloon,0.16,100,0.16,0.17,0.01,0.0
balloon,0.21,100,0.21,0.22,0.01,0.0
balloon,0.21,100,0.21,0.16,0.05,0.0
balloon,0.21,100,0.21,0.2,0.01,0.0
balloon,0.21,100,0.21,0.23,0.02,0.0
balloon,0.21,100,0.21,0.21,0.0,0.0
balloon,0.21,100,0.21,0.21,0.0,0.0
balloon,0.21,100,0.21,0.15,0.06,0.0
balloon,0.21,100,0.21,0.19,0.02,0.0
balloon,0.21,100,0.21,0.2,0.01,0.0
balloon,0.21,100,0.21,0.22,0.01,0.0
balloon,0.26,100,0.26,0.27,0.01,0.0
balloon,0.26,100,0.26,0.27,0.01,0.0
balloon,0.26,100,0.26,0.22,0.04,0.0
balloon,0.26,100,0.26,0.25,0.01,0.0
balloon,0.26,100,0.26,0.22,0.04,0.0
balloon,0.26,100,0.26,0.29,0.03,0.0
balloon,0.26,100,0.26,0.24,0.02,0.0
balloon,0.26,100,0.26,0.28,0.02,0.0
balloon,0.26,100,0.26,0.27,0.01,0.0
balloon,0.26,100,0.26,0.23,0.03,0.0
balloon,0.32,100,0.32,0.27,0.05,0.0
balloon,0.32,100,0.32,0.3,0.02,0.0
balloon,0.32,100,0.32,0.33,0.01,0.0
balloon,0.32,100,0.32,0.31,0.01,0.0
balloon,0.32,100,0.32,0.32,0.0,0.0
balloon,0.32,100,0.32,0.34,0.02,0.0004355907440185547
balloon,0.32,100,0.32,0.3,0.02,0.0
balloon,0.32,100,0.32,0.31,0.01,0.0
balloon,0.32,100,0.32,0.31,0.01,0.0
balloon,0.32,100,0.32,0.31,0.01,0.0
balloon,0.37,100,0.37,0.37,0.0,0.0
balloon,0.37,100,0.37,0.35,0.02,0.0
balloon,0.37,100,0.37,0.35,0.02,0.0
balloon,0.37,100,0.37,0.34,0.03,0.0
balloon,0.37,100,0.37,0.37,0.0,0.0
balloon,0.37,100,0.37,0.4,0.03,0.0
balloon,0.37,100,0.37,0.36,0.01,0.0
balloon,0.37,100,0.37,0.39,0.02,0.0
balloon,0.37,100,0.37,0.34,0.03,0.0
balloon,0.37,100,0.37,0.3,0.07,0.0
balloon,0.42,100,0.42,0.38,0.04,0.0
balloon,0.42,100,0.42,0.38,0.04,0.0
balloon,0.42,100,0.42,0.4,0.02,0.0
balloon,0.42,100,0.42,0.35,0.07,0.0
balloon,0.42,100,0.42,0.4,0.02,0.0
balloon,0.42,100,0.42,0.41,0.01,0.0
balloon,0.42,100,0.42,0.43,0.01,0.0
balloon,0.42,100,0.42,0.41,0.01,0.0
balloon,0.42,100,0.42,0.4,0.02,0.0
balloon,0.42,100,0.42,0.4,0.02,0.0
balloon,0.47,100,0.47,0.46,0.01,0.0
balloon,0.47,100,0.47,0.41,0.06,0.0
balloon,0.47,100,0.47,0.47,0.0,0.0
balloon,0.47,100,0.47,0.44,0.03,0.0
balloon,0.47,100,0.47,0.38,0.09,0.0
balloon,0.47,100,0.47,0.47,0.0,0.0
balloon,0.47,100,0.47,0.45,0.02,0.0
balloon,0.47,100,0.47,0.47,0.0,0.0010890960693359375
balloon,0.47,100,0.47,0.47,0.0,0.0
balloon,0.47,100,0.47,0.45,0.02,0.0
balloon,0.53,100,0.53,0.5,0.03,0.0
balloon,0.53,100,0.53,0.52,0.01,0.0
balloon,0.53,100,0.53,0.52,0.01,0.0
balloon,0.53,100,0.53,0.53,0.0,0.0
balloon,0.53,100,0.53,0.5,0.03,0.0
balloon,0.53,100,0.53,0.49,0.04,0.0
balloon,0.53,100,0.53,0.53,0.0,0.0
balloon,0.53,100,0.53,0.54,0.01,0.0
balloon,0.53,100,0.53,0.51,0.02,0.0
balloon,0.53,100,0.53,0.46,0.07,0.0
balloon,0.58,100,0.58,0.54,0.04,0.0
balloon,0.58,100,0.58,0.57,0.01,0.0
balloon,0.58,100,0.58,0.54,0.04,0.0
balloon,0.58,100,0.58,0.54,0.04,0.0
balloon,0.58,100,0.58,0.56,0.02,0.0
balloon,0.58,100,0.58,0.59,0.01,0.0
balloon,0.58,100,0.58,0.55,0.03,0.0
balloon,0.58,100,0.58,0.6,0.02,0.0
balloon,0.58,100,0.58,0.54,0.04,0.0010073184967041016
balloon,0.58,100,0.58,0.53,0.05,0.0
balloon,0.63,100,0.63,0.61,0.02,0.0
balloon,0.63,100,0.63,0.63,0.0,0.0
balloon,0.63,100,0.63,0.62,0.01,0.0
balloon,0.63,100,0.63,0.59,0.04,0.0
balloon,0.63,100,0.63,0.64,0.01,0.0010027885437011719
balloon,0.63,100,0.63,0.58,0.05,0.0010042190551757812
balloon,0.63,100,0.63,0.59,0.04,0.0
balloon,0.63,100,0.63,0.58,0.05,0.0
balloon,0.63,100,0.63,0.63,0.0,0.0
balloon,0.63,100,0.63,0.55,0.08,0.0
balloon,0.68,100,0.68,0.67,0.01,0.0
balloon,0.68,100,0.68,0.64,0.04,0.0
balloon,0.68,100,0.68,0.66,0.02,0.0
balloon,0.68,100,0.68,0.64,0.04,0.0
balloon,0.68,100,0.68,0.66,0.02,0.0
balloon,0.68,100,0.68,0.64,0.04,0.0
balloon,0.68,100,0.68,0.69,0.01,0.0
balloon,0.68,100,0.68,0.66,0.02,0.0
balloon,0.68,100,0.68,0.64,0.04,0.0
balloon,0.68,100,0.68,0.61,0.07,0.0
balloon,0.74,100,0.74,0.8,0.06,0.0
balloon,0.74,100,0.74,0.72,0.02,0.0
balloon,0.74,100,0.74,0.71,0.03,0.0010037422180175781
balloon,0.74,100,0.74,0.72,0.02,0.0
balloon,0.74,100,0.74,0.79,0.05,0.0
balloon,0.74,100,0.74,0.8,0.06,0.0
balloon,0.74,100,0.74,0.71,0.03,0.0
balloon,0.74,100,0.74,0.74,0.0,0.0
balloon,0.74,100,0.74,0.7,0.04,0.0
balloon,0.74,100,0.74,0.73,0.01,0.0
balloon,0.79,100,0.79,0.77,0.02,0.0
balloon,0.79,100,0.79,0.77,0.02,0.0
balloon,0.79,100,0.79,0.78,0.01,0.0
balloon,0.79,100,0.79,0.73,0.06,0.0003650188446044922
balloon,0.79,100,0.79,0.78,0.01,0.0
balloon,0.79,100,0.79,0.77,0.02,0.00039386749267578125
balloon,0.79,100,0.79,0.75,0.04,0.0
balloon,0.79,100,0.79,0.74,0.05,0.0009958744049072266
balloon,0.79,100,0.79,0.76,0.03,0.0
balloon,0.79,100,0.79,0.75,0.04,0.0
balloon,0.84,100,0.84,0.8,0.04,0.0
balloon,0.84,100,0.84,0.81,0.03,0.00040721893310546875
balloon,0.84,100,0.84,0.83,0.01,0.0
balloon,0.84,100,0.84,0.87,0.03,0.0
balloon,0.84,100,0.84,0.82,0.02,0.0
balloon,0.84,100,0.84,0.84,0.0,0.0
balloon,0.84,100,0.84,0.82,0.02,0.0
balloon,0.84,100,0.84,0.85,0.01,0.0
balloon,0.84,100,0.84,0.85,0.01,0.0
balloon,0.84,100,0.84,0.81,0.03,0.0
balloon,0.89,100,0.89,0.86,0.03,0.0
balloon,0.89,100,0.89,0.86,0.03,0.001001596450805664
balloon,0.89,100,0.89,0.87,0.02,0.0
balloon,0.89,100,0.89,0.82,0.07,0.0
balloon,0.89,100,0.89,0.91,0.02,0.0
balloon,0.89,100,0.89,0.89,0.0,0.0
balloon,0.89,100,0.89,0.84,0.05,0.0
balloon,0.89,100,0.89,0.83,0.06,0.0
balloon,0.89,100,0.89,0.84,0.05,0.0
balloon,0.89,100,0.89,0.84,0.05,0.0
balloon,0.95,100,0.95,0.94,0.01,0.0
balloon,0.95,100,0.95,0.94,0.01,0.0
balloon,0.95,100,0.95,0.89,0.06,0.0
balloon,0.95,100,0.95,0.9,0.05,0.0010046958923339844
balloon,0.95,100,0.95,0.86,0.09,0.0
balloon,0.95,100,0.95,0.94,0.01,0.0
balloon,0.95,100,0.95,0.94,0.01,0.0
balloon,0.95,100,0.95,0.93,0.02,0.0
balloon,0.95,100,0.95,0.93,0.02,0.0
balloon,0.95,100,0.95,0.91,0.04,0.0
balloon,1.0,100,1.0,0.99,0.01,0.0
balloon,1.0,100,1.0,0.98,0.02,0.0
balloon,1.0,100,1.0,0.97,0.03,0.0
balloon,1.0,100,1.0,0.97,0.03,0.0
balloon,1.0,100,1.0,0.99,0.01,0.0
balloon,1.0,100,1.0,0.99,0.01,0.0
balloon,1.0,100,1.0,0.95,0.05,0.0
balloon,1.0,100,1.0,0.97,0.03,0.0
balloon,1.0,100,1.0,0.99,0.01,0.0
balloon,1.0,100,1.0,0.96,0.04,0.0
bank8FM,0.0,100,0.0,0.0,0.0,0.0009560585021972656
bank8FM,0.0,100,0.0,0.02,0.02,0.0
bank8FM,0.0,100,0.0,0.0,0.0,0.0
bank8FM,0.0,100,0.0,0.05,0.05,0.0
bank8FM,0.0,100,0.0,0.05,0.05,0.0009963512420654297
bank8FM,0.0,100,0.0,0.04,0.04,0.0
bank8FM,0.0,100,0.0,0.0,0.0,0.0
bank8FM,0.0,100,0.0,0.0,0.0,0.0
bank8FM,0.0,100,0.0,0.05,0.05,0.0
bank8FM,0.0,100,0.0,0.0,0.0,0.0
bank8FM,0.05,100,0.05,0.06,0.01,0.0
bank8FM,0.05,100,0.05,0.06,0.01,0.0
bank8FM,0.05,100,0.05,0.06,0.01,0.0
bank8FM,0.05,100,0.05,0.04,0.01,0.0
bank8FM,0.05,100,0.05,0.05,0.0,0.0
bank8FM,0.05,100,0.05,0.02,0.03,0.0
bank8FM,0.05,100,0.05,0.05,0.0,0.0
bank8FM,0.05,100,0.05,0.06,0.01,0.0
bank8FM,0.05,100,0.05,0.07,0.02,0.0
bank8FM,0.05,100,0.05,0.06,0.01,0.0
bank8FM,0.11,100,0.11,0.11,0.0,0.0
bank8FM,0.11,100,0.11,0.15,0.04,0.0003027915954589844
bank8FM,0.11,100,0.11,0.12,0.01,0.0
bank8FM,0.11,100,0.11,0.11,0.0,0.0
bank8FM,0.11,100,0.11,0.13,0.02,0.0
bank8FM,0.11,100,0.11,0.13,0.02,0.0
bank8FM,0.11,100,0.11,0.07,0.04,0.0
bank8FM,0.11,100,0.11,0.13,0.02,0.0
bank8FM,0.11,100,0.11,0.08,0.03,0.0011098384857177734
bank8FM,0.11,100,0.11,0.17,0.06,0.0003800392150878906
bank8FM,0.16,100,0.16,0.18,0.02,0.0
bank8FM,0.16,100,0.16,0.16,0.0,0.0
bank8FM,0.16,100,0.16,0.15,0.01,0.0
bank8FM,0.16,100,0.16,0.17,0.01,0.0
bank8FM,0.16,100,0.16,0.18,0.02,0.0
bank8FM,0.16,100,0.16,0.15,0.01,0.0
bank8FM,0.16,100,0.16,0.18,0.02,0.0
bank8FM,0.16,100,0.16,0.17,0.01,0.0
bank8FM,0.16,100,0.16,0.15,0.01,0.0
bank8FM,0.16,100,0.16,0.18,0.02,0.0
bank8FM,0.21,100,0.21,0.24,0.03,0.0
bank8FM,0.21,100,0.21,0.2,0.01,0.0
bank8FM,0.21,100,0.21,0.21,0.0,0.0
bank8FM,0.21,100,0.21,0.18,0.03,0.0
bank8FM,0.21,100,0.21,0.24,0.03,0.0
bank8FM,0.21,100,0.21,0.21,0.0,0.0
bank8FM,0.21,100,0.21,0.22,0.01,0.0
bank8FM,0.21,100,0.21,0.21,0.0,0.0
bank8FM,0.21,100,0.21,0.24,0.03,0.0
bank8FM,0.21,100,0.21,0.22,0.01,0.0
bank8FM,0.26,100,0.26,0.26,0.0,0.00099945068359375
bank8FM,0.26,100,0.26,0.25,0.01,0.0
bank8FM,0.26,100,0.26,0.24,0.02,0.0
bank8FM,0.26,100,0.26,0.28,0.02,0.0
bank8FM,0.26,100,0.26,0.26,0.0,0.0
bank8FM,0.26,100,0.26,0.29,0.03,0.0
bank8FM,0.26,100,0.26,0.3,0.04,0.0
bank8FM,0.26,100,0.26,0.29,0.03,0.0
bank8FM,0.26,100,0.26,0.26,0.0,0.0
bank8FM,0.26,100,0.26,0.23,0.03,0.0009982585906982422
bank8FM,0.32,100,0.32,0.32,0.0,0.0
bank8FM,0.32,100,0.32,0.33,0.01,0.0
bank8FM,0.32,100,0.32,0.35,0.03,0.0
bank8FM,0.32,100,0.32,0.31,0.01,0.0
bank8FM,0.32,100,0.32,0.31,0.01,0.0009918212890625
bank8FM,0.32,100,0.32,0.32,0.0,0.0
bank8FM,0.32,100,0.32,0.29,0.03,0.0
bank8FM,0.32,100,0.32,0.3,0.02,0.0010004043579101562
bank8FM,0.32,100,0.32,0.3,0.02,0.0
bank8FM,0.32,100,0.32,0.28,0.04,0.0011038780212402344
bank8FM,0.37,100,0.37,0.37,0.0,0.0
bank8FM,0.37,100,0.37,0.39,0.02,0.0
bank8FM,0.37,100,0.37,0.41,0.04,0.0
bank8FM,0.37,100,0.37,0.37,0.0,0.0
bank8FM,0.37,100,0.37,0.34,0.03,0.0
bank8FM,0.37,100,0.37,0.37,0.0,0.0
bank8FM,0.37,100,0.37,0.4,0.03,0.0
bank8FM,0.37,100,0.37,0.38,0.01,0.0
bank8FM,0.37,100,0.37,0.36,0.01,0.0
bank8FM,0.37,100,0.37,0.37,0.0,0.0
bank8FM,0.42,100,0.42,0.4,0.02,0.0
bank8FM,0.42,100,0.42,0.42,0.0,0.0
bank8FM,0.42,100,0.42,0.42,0.0,0.0
bank8FM,0.42,100,0.42,0.44,0.02,0.0006074905395507812
bank8FM,0.42,100,0.42,0.44,0.02,0.0
bank8FM,0.42,100,0.42,0.39,0.03,0.0
bank8FM,0.42,100,0.42,0.38,0.04,0.0
bank8FM,0.42,100,0.42,0.44,0.02,0.0
bank8FM,0.42,100,0.42,0.36,0.06,0.0
bank8FM,0.42,100,0.42,0.39,0.03,0.0
bank8FM,0.47,100,0.47,0.51,0.04,0.00558924674987793
bank8FM,0.47,100,0.47,0.45,0.02,0.0
bank8FM,0.47,100,0.47,0.44,0.03,0.0
bank8FM,0.47,100,0.47,0.5,0.03,0.0
bank8FM,0.47,100,0.47,0.49,0.02,0.0
bank8FM,0.47,100,0.47,0.48,0.01,0.0
bank8FM,0.47,100,0.47,0.48,0.01,0.0
bank8FM,0.47,100,0.47,0.44,0.03,0.0
bank8FM,0.47,100,0.47,0.47,0.0,0.005254983901977539
bank8FM,0.47,100,0.47,0.48,0.01,0.0
bank8FM,0.53,100,0.53,0.56,0.03,0.0
bank8FM,0.53,100,0.53,0.54,0.01,0.0
bank8FM,0.53,100,0.53,0.52,0.01,0.0
bank8FM,0.53,100,0.53,0.52,0.01,0.0
bank8FM,0.53,100,0.53,0.55,0.02,0.0
bank8FM,0.53,100,0.53,0.51,0.02,0.0
bank8FM,0.53,100,0.53,0.54,0.01,0.0
bank8FM,0.53,100,0.53,0.51,0.02,0.0
bank8FM,0.53,100,0.53,0.51,0.02,0.0
bank8FM,0.53,100,0.53,0.49,0.04,0.0
bank8FM,0.58,100,0.58,0.58,0.0,0.0
bank8FM,0.58,100,0.58,0.63,0.05,0.0
bank8FM,0.58,100,0.58,0.56,0.02,0.0
bank8FM,0.58,100,0.58,0.59,0.01,0.0
bank8FM,0.58,100,0.58,0.6,0.02,0.0
bank8FM,0.58,100,0.58,0.59,0.01,0.0
bank8FM,0.58,100,0.58,0.56,0.02,0.0
bank8FM,0.58,100,0.58,0.61,0.03,0.0
bank8FM,0.58,100,0.58,0.58,0.0,0.0
bank8FM,0.58,100,0.58,0.61,0.03,0.0
bank8FM,0.63,100,0.63,0.64,0.01,0.0
bank8FM,0.63,100,0.63,0.64,0.01,0.0
bank8FM,0.63,100,0.63,0.61,0.02,0.0
bank8FM,0.63,100,0.63,0.63,0.0,0.0
bank8FM,0.63,100,0.63,0.66,0.03,0.0
bank8FM,0.63,100,0.63,0.64,0.01,0.0
bank8FM,0.63,100,0.63,0.62,0.01,0.0
bank8FM,0.63,100,0.63,0.64,0.01,0.0
bank8FM,0.63,100,0.63,0.61,0.02,0.0
bank8FM,0.63,100,0.63,0.62,0.01,0.0
bank8FM,0.68,100,0.68,0.68,0.0,0.0
bank8FM,0.68,100,0.68,0.68,0.0,0.0
bank8FM,0.68,100,0.68,0.69,0.01,0.0
bank8FM,0.68,100,0.68,0.68,0.0,0.0
bank8FM,0.68,100,0.68,0.67,0.01,0.0
bank8FM,0.68,100,0.68,0.66,0.02,0.0
bank8FM,0.68,100,0.68,0.65,0.03,0.0
bank8FM,0.68,100,0.68,0.71,0.03,0.0
bank8FM,0.68,100,0.68,0.66,0.02,0.0
bank8FM,0.68,100,0.68,0.7,0.02,0.0
bank8FM,0.74,100,0.74,0.72,0.02,0.0
bank8FM,0.74,100,0.74,0.72,0.02,0.0
bank8FM,0.74,100,0.74,0.71,0.03,0.0
bank8FM,0.74,100,0.74,0.73,0.01,0.0
bank8FM,0.74,100,0.74,0.81,0.07,0.0
bank8FM,0.74,100,0.74,0.76,0.02,0.0
bank8FM,0.74,100,0.74,0.74,0.0,0.0
bank8FM,0.74,100,0.74,0.76,0.02,0.0
bank8FM,0.74,100,0.74,0.72,0.02,0.0
bank8FM,0.74,100,0.74,0.73,0.01,0.0
bank8FM,0.79,100,0.79,0.77,0.02,0.0
bank8FM,0.79,100,0.79,0.81,0.02,0.0
bank8FM,0.79,100,0.79,0.74,0.05,0.0
bank8FM,0.79,100,0.79,0.81,0.02,0.0
bank8FM,0.79,100,0.79,0.78,0.01,0.0
bank8FM,0.79,100,0.79,0.76,0.03,0.0
bank8FM,0.79,100,0.79,0.8,0.01,0.0
bank8FM,0.79,100,0.79,0.75,0.04,0.0
bank8FM,0.79,100,0.79,0.81,0.02,0.0
bank8FM,0.79,100,0.79,0.8,0.01,0.0001327991485595703
bank8FM,0.84,100,0.84,0.84,0.0,0.0
bank8FM,0.84,100,0.84,0.83,0.01,0.0
bank8FM,0.84,100,0.84,0.84,0.0,0.0010008811950683594
bank8FM,0.84,100,0.84,0.87,0.03,0.0
bank8FM,0.84,100,0.84,0.84,0.0,0.0
bank8FM,0.84,100,0.84,0.82,0.02,0.0
bank8FM,0.84,100,0.84,0.85,0.01,0.0
bank8FM,0.84,100,0.84,0.87,0.03,0.0
bank8FM,0.84,100,0.84,0.85,0.01,0.0
bank8FM,0.84,100,0.84,0.86,0.02,0.0
bank8FM,0.89,100,0.89,0.92,0.03,0.0
bank8FM,0.89,100,0.89,0.9,0.01,0.0
bank8FM,0.89,100,0.89,0.89,0.0,0.0
bank8FM,0.89,100,0.89,0.92,0.03,0.0
bank8FM,0.89,100,0.89,0.92,0.03,0.0
bank8FM,0.89,100,0.89,0.92,0.03,0.0
bank8FM,0.89,100,0.89,0.87,0.02,0.0
bank8FM,0.89,100,0.89,0.88,0.01,0.0
bank8FM,0.89,100,0.89,0.88,0.01,0.0
bank8FM,0.89,100,0.89,0.87,0.02,0.0
bank8FM,0.95,100,0.95,0.93,0.02,0.0
bank8FM,0.95,100,0.95,0.98,0.03,0.0
bank8FM,0.95,100,0.95,0.97,0.02,0.0
bank8FM,0.95,100,0.95,0.96,0.01,0.0
bank8FM,0.95,100,0.95,0.96,0.01,0.0
bank8FM,0.95,100,0.95,0.93,0.02,0.0
bank8FM,0.95,100,0.95,0.93,0.02,0.0
bank8FM,0.95,100,0.95,0.97,0.02,0.0
bank8FM,0.95,100,0.95,0.92,0.03,0.0
bank8FM,0.95,100,0.95,0.95,0.0,0.0
bank8FM,1.0,100,1.0,0.99,0.01,0.0
bank8FM,1.0,100,1.0,1.0,0.0,0.0
bank8FM,1.0,100,1.0,1.0,0.0,0.0
bank8FM,1.0,100,1.0,0.97,0.03,0.0
bank8FM,1.0,100,1.0,0.98,0.02,0.0
bank8FM,1.0,100,1.0,1.0,0.0,0.0
bank8FM,1.0,100,1.0,1.0,0.0,0.0
bank8FM,1.0,100,1.0,0.96,0.04,0.0
bank8FM,1.0,100,1.0,1.0,0.0,0.0
bank8FM,1.0,100,1.0,1.0,0.0,0.00034427642822265625
churn,0.0,100,0.0,0.0,0.0,0.0
churn,0.0,100,0.0,0.0,0.0,0.0
churn,0.0,100,0.0,0.06,0.06,0.0
churn,0.0,100,0.0,0.01,0.01,0.0
churn,0.0,100,0.0,0.01,0.01,0.0
churn,0.0,100,0.0,0.0,0.0,0.0
churn,0.0,100,0.0,0.0,0.0,0.0
churn,0.0,100,0.0,0.0,0.0,0.0
churn,0.0,100,0.0,0.05,0.05,0.0
churn,0.0,100,0.0,0.09,0.09,0.0
churn,0.05,100,0.05,0.14,0.09,0.0
churn,0.05,100,0.05,0.05,0.0,0.0
churn,0.05,100,0.05,0.0,0.05,0.0
churn,0.05,100,0.05,0.14,0.09,0.0
churn,0.05,100,0.05,0.11,0.06,0.0
churn,0.05,100,0.05,0.25,0.2,0.0004031658172607422
churn,0.05,100,0.05,0.01,0.04,0.0
churn,0.05,100,0.05,0.04,0.01,0.0
churn,0.05,100,0.05,0.11,0.06,0.006105184555053711
churn,0.05,100,0.05,0.02,0.03,0.0
churn,0.11,100,0.11,0.18,0.07,0.0
churn,0.11,100,0.11,0.09,0.02,0.0
churn,0.11,100,0.11,0.22,0.11,0.0
churn,0.11,100,0.11,0.19,0.08,0.0
churn,0.11,100,0.11,0.11,0.0,0.0009984970092773438
churn,0.11,100,0.11,0.13,0.02,0.0
churn,0.11,100,0.11,0.15,0.04,0.0
churn,0.11,100,0.11,0.3,0.19,0.0
churn,0.11,100,0.11,0.13,0.02,0.0
churn,0.11,100,0.11,0.17,0.06,0.0
churn,0.16,100,0.16,0.17,0.01,0.0
churn,0.16,100,0.16,0.29,0.13,0.0009963512420654297
churn,0.16,100,0.16,0.36,0.2,0.0
churn,0.16,100,0.16,0.41,0.25,0.0
churn,0.16,100,0.16,0.2,0.04,0.0
churn,0.16,100,0.16,0.26,0.1,0.0
churn,0.16,100,0.16,0.06,0.1,0.0
churn,0.16,100,0.16,0.29,0.13,0.0
churn,0.16,100,0.16,0.28,0.12,0.0
churn,0.16,100,0.16,0.19,0.03,0.0
churn,0.21,100,0.21,0.22,0.01,0.0
churn,0.21,100,0.21,0.31,0.1,0.0
churn,0.21,100,0.21,0.25,0.04,0.0
churn,0.21,100,0.21,0.27,0.06,0.0
churn,0.21,100,0.21,0.52,0.31,0.0
churn,0.21,100,0.21,0.12,0.09,0.0
churn,0.21,100,0.21,0.22,0.01,0.0
churn,0.21,100,0.21,0.3,0.09,0.0
churn,0.21,100,0.21,0.19,0.02,0.0
churn,0.21,100,0.21,0.32,0.11,0.0
churn,0.26,100,0.26,0.25,0.01,0.0
churn,0.26,100,0.26,0.29,0.03,0.0008299350738525391
churn,0.26,100,0.26,0.44,0.18,0.0
churn,0.26,100,0.26,0.35,0.09,0.0
churn,0.26,100,0.26,0.36,0.1,0.0
churn,0.26,100,0.26,0.33,0.07,0.0
churn,0.26,100,0.26,0.27,0.01,0.0
churn,0.26,100,0.26,0.39,0.13,0.012260198593139648
churn,0.26,100,0.26,0.49,0.23,0.0
churn,0.26,100,0.26,0.35,0.09,0.0
churn,0.32,100,0.32,0.34,0.02,0.0
churn,0.32,100,0.32,0.41,0.09,0.0
churn,0.32,100,0.32,0.56,0.24,0.0
churn,0.32,100,0.32,0.49,0.17,0.0
churn,0.32,100,0.32,0.44,0.12,0.0
churn,0.32,100,0.32,0.44,0.12,0.0
churn,0.32,100,0.32,0.36,0.04,0.0
churn,0.32,100,0.32,0.39,0.07,0.0
churn,0.32,100,0.32,0.5,0.18,0.0005700588226318359
churn,0.32,100,0.32,0.3,0.02,0.0
churn,0.37,100,0.37,0.51,0.14,0.0
churn,0.37,100,0.37,0.5,0.13,0.0
churn,0.37,100,0.37,0.57,0.2,0.0
churn,0.37,100,0.37,0.64,0.27,0.0
churn,0.37,100,0.37,0.47,0.1,0.0
churn,0.37,100,0.37,0.59,0.22,0.0
churn,0.37,100,0.37,0.55,0.18,0.0
churn,0.37,100,0.37,0.5,0.13,0.0
churn,0.37,100,0.37,0.46,0.09,0.0
churn,0.37,100,0.37,0.53,0.16,0.0
churn,0.42,100,0.42,0.55,0.13,0.0
churn,0.42,100,0.42,0.49,0.07,0.0009975433349609375
churn,0.42,100,0.42,0.53,0.11,0.0
churn,0.42,100,0.42,0.43,0.01,0.0
churn,0.42,100,0.42,0.51,0.09,0.0
churn,0.42,100,0.42,0.51,0.09,0.0
churn,0.42,100,0.42,0.51,0.09,0.0
churn,0.42,100,0.42,0.44,0.02,0.0
churn,0.42,100,0.42,0.5,0.08,0.0
churn,0.42,100,0.42,0.42,0.0,0.0
churn,0.47,100,0.47,0.56,0.09,0.0
churn,0.47,100,0.47,0.69,0.22,0.0
churn,0.47,100,0.47,0.68,0.21,0.0
churn,0.47,100,0.47,0.52,0.05,0.0
churn,0.47,100,0.47,0.62,0.15,0.000988006591796875
churn,0.47,100,0.47,0.57,0.1,0.0
churn,0.47,100,0.47,0.67,0.2,0.0
churn,0.47,100,0.47,0.57,0.1,0.0
churn,0.47,100,0.47,0.54,0.07,0.0
churn,0.47,100,0.47,0.56,0.09,0.0
churn,0.53,100,0.53,0.73,0.2,0.0054340362548828125
churn,0.53,100,0.53,0.73,0.2,0.0
churn,0.53,100,0.53,0.71,0.18,0.0
churn,0.53,100,0.53,0.8,0.27,0.0
churn,0.53,100,0.53,0.78,0.25,0.0
churn,0.53,100,0.53,0.58,0.05,0.0
churn,0.53,100,0.53,0.82,0.29,0.0
churn,0.53,100,0.53,0.77,0.24,0.0
churn,0.53,100,0.53,0.61,0.08,0.0
churn,0.53,100,0.53,0.74,0.21,0.0
churn,0.58,100,0.58,0.8,0.22,0.0
churn,0.58,100,0.58,0.78,0.2,0.0
churn,0.58,100,0.58,0.65,0.07,0.0
churn,0.58,100,0.58,0.96,0.38,0.0
churn,0.58,100,0.58,0.76,0.18,0.0
churn,0.58,100,0.58,0.8,0.22,0.0
churn,0.58,100,0.58,0.6,0.02,0.0
churn,0.58,100,0.58,0.53,0.05,0.0
churn,0.58,100,0.58,0.68,0.1,0.0
churn,0.58,100,0.58,0.77,0.19,0.0
churn,0.63,100,0.63,0.88,0.25,0.0
churn,0.63,100,0.63,0.78,0.15,0.0
churn,0.63,100,0.63,0.8,0.17,0.0
churn,0.63,100,0.63,0.77,0.14,0.0
churn,0.63,100,0.63,0.75,0.12,0.0
churn,0.63,100,0.63,1.0,0.37,0.0
churn,0.63,100,0.63,0.9,0.27,0.0
churn,0.63,100,0.63,0.93,0.3,0.0
churn,0.63,100,0.63,0.79,0.16,0.0
churn,0.63,100,0.63,0.8,0.17,0.0
churn,0.68,100,0.68,0.77,0.09,0.0
churn,0.68,100,0.68,0.8,0.12,0.0
churn,0.68,100,0.68,1.0,0.32,0.0
churn,0.68,100,0.68,0.77,0.09,0.0
churn,0.68,100,0.68,1.0,0.32,0.0
churn,0.68,100,0.68,0.69,0.01,0.0
churn,0.68,100,0.68,0.82,0.14,0.0
churn,0.68,100,0.68,0.94,0.26,0.0
churn,0.68,100,0.68,0.92,0.24,0.0
churn,0.68,100,0.68,0.95,0.27,0.0
churn,0.74,100,0.74,1.0,0.26,0.0
churn,0.74,100,0.74,0.98,0.24,0.0
churn,0.74,100,0.74,0.97,0.23,0.0
churn,0.74,100,0.74,0.96,0.22,0.0
churn,0.74,100,0.74,0.87,0.13,0.0
churn,0.74,100,0.74,0.94,0.2,0.0
churn,0.74,100,0.74,1.0,0.26,0.0
churn,0.74,100,0.74,1.0,0.26,0.0
churn,0.74,100,0.74,0.86,0.12,0.0
churn,0.74,100,0.74,0.96,0.22,0.0
churn,0.79,100,0.79,1.0,0.21,0.0
churn,0.79,100,0.79,1.0,0.21,0.0
churn,0.79,100,0.79,1.0,0.21,0.0
churn,0.79,100,0.79,0.98,0.19,0.0
churn,0.79,100,0.79,1.0,0.21,0.0
churn,0.79,100,0.79,1.0,0.21,0.0
churn,0.79,100,0.79,0.73,0.06,0.0005884170532226562
churn,0.79,100,0.79,1.0,0.21,0.0
churn,0.79,100,0.79,1.0,0.21,0.0
churn,0.79,100,0.79,1.0,0.21,0.0
churn,0.84,100,0.84,1.0,0.16,0.0
churn,0.84,100,0.84,1.0,0.16,0.0
churn,0.84,100,0.84,0.83,0.01,0.0
churn,0.84,100,0.84,1.0,0.16,0.0
churn,0.84,100,0.84,1.0,0.16,0.0
churn,0.84,100,0.84,1.0,0.16,0.0009996891021728516
churn,0.84,100,0.84,1.0,0.16,0.0
churn,0.84,100,0.84,0.94,0.1,0.0
churn,0.84,100,0.84,1.0,0.16,0.0
churn,0.84,100,0.84,1.0,0.16,0.0
churn,0.89,100,0.89,1.0,0.11,0.0
churn,0.89,100,0.89,1.0,0.11,0.0
churn,0.89,100,0.89,1.0,0.11,0.0
churn,0.89,100,0.89,1.0,0.11,0.0
churn,0.89,100,0.89,1.0,0.11,0.0
churn,0.89,100,0.89,1.0,0.11,0.0
churn,0.89,100,0.89,1.0,0.11,0.0
churn,0.89,100,0.89,1.0,0.11,0.0
churn,0.89,100,0.89,1.0,0.11,0.0
churn,0.89,100,0.89,1.0,0.11,0.0
churn,0.95,100,0.95,1.0,0.05,0.0
churn,0.95,100,0.95,1.0,0.05,0.0
churn,0.95,100,0.95,1.0,0.05,0.0
churn,0.95,100,0.95,1.0,0.05,0.0
churn,0.95,100,0.95,1.0,0.05,0.0
churn,0.95,100,0.95,1.0,0.05,0.0
churn,0.95,100,0.95,0.95,0.0,0.0
churn,0.95,100,0.95,1.0,0.05,0.0
churn,0.95,100,0.95,1.0,0.05,0.0
churn,0.95,100,0.95,1.0,0.05,0.0
churn,1.0,100,1.0,1.0,0.0,0.0
churn,1.0,100,1.0,1.0,0.0,0.0
churn,1.0,100,1.0,1.0,0.0,0.0
churn,1.0,100,1.0,1.0,0.0,0.0
churn,1.0,100,1.0,1.0,0.0,0.0
churn,1.0,100,1.0,1.0,0.0,0.0
churn,1.0,100,1.0,1.0,0.0,0.0
churn,1.0,100,1.0,1.0,0.0,0.0
churn,1.0,100,1.0,1.0,0.0,0.0
churn,1.0,100,1.0,1.0,0.0,0.0
clean2,0.0,100,0.0,0.0,0.0,0.0
clean2,0.0,100,0.0,0.0,0.0,0.0
clean2,0.0,100,0.0,0.0,0.0,0.0
clean2,0.0,100,0.0,0.0,0.0,0.0
clean2,0.0,100,0.0,0.0,0.0,0.0003552436828613281
clean2,0.0,100,0.0,0.0,0.0,0.0
clean2,0.0,100,0.0,0.0,0.0,0.0
clean2,0.0,100,0.0,0.0,0.0,0.0
clean2,0.0,100,0.0,0.0,0.0,0.0
clean2,0.0,100,0.0,0.0,0.0,0.0
clean2,0.05,100,0.05,0.05,0.0,0.0
clean2,0.05,100,0.05,0.05,0.0,0.0
clean2,0.05,100,0.05,0.05,0.0,0.0
clean2,0.05,100,0.05,0.05,0.0,0.0
clean2,0.05,100,0.05,0.05,0.0,0.0
clean2,0.05,100,0.05,0.05,0.0,0.0
clean2,0.05,100,0.05,0.05,0.0,0.0
clean2,0.05,100,0.05,0.05,0.0,0.0
clean2,0.05,100,0.05,0.05,0.0,0.0
clean2,0.05,100,0.05,0.05,0.0,0.0
clean2,0.11,100,0.11,0.11,0.0,0.0
clean2,0.11,100,0.11,0.11,0.0,0.0
clean2,0.11,100,0.11,0.11,0.0,0.0
clean2,0.11,100,0.11,0.11,0.0,0.0
clean2,0.11,100,0.11,0.11,0.0,0.0
clean2,0.11,100,0.11,0.11,0.0,0.0
clean2,0.11,100,0.11,0.11,0.0,0.0
clean2,0.11,100,0.11,0.11,0.0,5.626678466796875e-05
clean2,0.11,100,0.11,0.11,0.0,0.0
clean2,0.11,100,0.11,0.11,0.0,0.0
clean2,0.16,100,0.16,0.16,0.0,0.0
clean2,0.16,100,0.16,0.15,0.01,0.0
clean2,0.16,100,0.16,0.16,0.0,0.0
clean2,0.16,100,0.16,0.16,0.0,0.0
clean2,0.16,100,0.16,0.16,0.0,0.0
clean2,0.16,100,0.16,0.16,0.0,0.0
clean2,0.16,100,0.16,0.16,0.0,0.0
clean2,0.16,100,0.16,0.16,0.0,0.0
clean2,0.16,100,0.16,0.16,0.0,0.0
clean2,0.16,100,0.16,0.16,0.0,0.0
clean2,0.21,100,0.21,0.21,0.0,0.0
clean2,0.21,100,0.21,0.21,0.0,0.0
clean2,0.21,100,0.21,0.21,0.0,0.0
clean2,0.21,100,0.21,0.21,0.0,0.0
clean2,0.21,100,0.21,0.21,0.0,0.0
clean2,0.21,100,0.21,0.21,0.0,0.0
clean2,0.21,100,0.21,0.21,0.0,0.0
clean2,0.21,100,0.21,0.21,0.0,0.0
clean2,0.21,100,0.21,0.21,0.0,0.0
clean2,0.21,100,0.21,0.21,0.0,0.0
clean2,0.26,100,0.26,0.26,0.0,0.0
clean2,0.26,100,0.26,0.26,0.0,0.0
clean2,0.26,100,0.26,0.26,0.0,0.0
clean2,0.26,100,0.26,0.26,0.0,0.0
clean2,0.26,100,0.26,0.26,0.0,0.0
clean2,0.26,100,0.26,0.26,0.0,0.0
clean2,0.26,100,0.26,0.26,0.0,0.0
clean2,0.26,100,0.26,0.25,0.01,0.0
clean2,0.26,100,0.26,0.26,0.0,0.0005288124084472656
clean2,0.26,100,0.26,0.26,0.0,0.0
clean2,0.32,100,0.32,0.32,0.0,0.0
clean2,0.32,100,0.32,0.32,0.0,0.0
clean2,0.32,100,0.32,0.32,0.0,0.0
clean2,0.32,100,0.32,0.32,0.0,0.0
clean2,0.32,100,0.32,0.32,0.0,0.0
clean2,0.32,100,0.32,0.32,0.0,0.0
clean2,0.32,100,0.32,0.32,0.0,0.0
clean2,0.32,100,0.32,0.32,0.0,0.0
clean2,0.32,100,0.32,0.32,0.0,0.0
clean2,0.32,100,0.32,0.32,0.0,0.0
clean2,0.37,100,0.37,0.37,0.0,0.0
clean2,0.37,100,0.37,0.37,0.0,0.0
clean2,0.37,100,0.37,0.37,0.0,0.0
clean2,0.37,100,0.37,0.38,0.01,0.0
clean2,0.37,100,0.37,0.37,0.0,0.0
clean2,0.37,100,0.37,0.37,0.0,0.0008442401885986328
clean2,0.37,100,0.37,0.37,0.0,0.0
clean2,0.37,100,0.37,0.37,0.0,0.0
clean2,0.37,100,0.37,0.37,0.0,0.0
clean2,0.37,100,0.37,0.36,0.01,0.0
clean2,0.42,100,0.42,0.42,0.0,0.0
clean2,0.42,100,0.42,0.42,0.0,0.0
clean2,0.42,100,0.42,0.42,0.0,0.0
clean2,0.42,100,0.42,0.42,0.0,0.0
clean2,0.42,100,0.42,0.42,0.0,0.0
clean2,0.42,100,0.42,0.42,0.0,0.0
clean2,0.42,100,0.42,0.42,0.0,0.0
clean2,0.42,100,0.42,0.42,0.0,0.0
clean2,0.42,100,0.42,0.42,0.0,0.0
clean2,0.42,100,0.42,0.42,0.0,0.0
clean2,0.47,100,0.47,0.47,0.0,0.0
clean2,0.47,100,0.47,0.47,0.0,0.0
clean2,0.47,100,0.47,0.47,0.0,0.0
clean2,0.47,100,0.47,0.48,0.01,0.0
clean2,0.47,100,0.47,0.47,0.0,0.0
clean2,0.47,100,0.47,0.47,0.0,0.0
clean2,0.47,100,0.47,0.47,0.0,0.0
clean2,0.47,100,0.47,0.47,0.0,0.0
clean2,0.47,100,0.47,0.47,0.0,0.0
clean2,0.47,100,0.47,0.48,0.01,0.0
clean2,0.53,100,0.53,0.53,0.0,0.0
clean2,0.53,100,0.53,0.53,0.0,0.0
clean2,0.53,100,0.53,0.53,0.0,0.0
clean2,0.53,100,0.53,0.53,0.0,0.0
clean2,0.53,100,0.53,0.53,0.0,0.0
clean2,0.53,100,0.53,0.53,0.0,0.0
clean2,0.53,100,0.53,0.53,0.0,0.0
clean2,0.53,100,0.53,0.53,0.0,0.0
clean2,0.53,100,0.53,0.53,0.0,0.0
clean2,0.53,100,0.53,0.53,0.0,0.0
clean2,0.58,100,0.58,0.58,0.0,0.0
clean2,0.58,100,0.58,0.58,0.0,0.0
clean2,0.58,100,0.58,0.58,0.0,0.0
clean2,0.58,100,0.58,0.58,0.0,0.0
clean2,0.58,100,0.58,0.58,0.0,0.0
clean2,0.58,100,0.58,0.57,0.01,0.0
clean2,0.58,100,0.58,0.58,0.0,0.0
clean2,0.58,100,0.58,0.58,0.0,0.0
clean2,0.58,100,0.58,0.58,0.0,0.0
clean2,0.58,100,0.58,0.58,0.0,0.0
clean2,0.63,100,0.63,0.63,0.0,0.0
clean2,0.63,100,0.63,0.63,0.0,0.0
clean2,0.63,100,0.63,0.63,0.0,0.0009987354278564453
clean2,0.63,100,0.63,0.63,0.0,0.0
clean2,0.63,100,0.63,0.63,0.0,0.0
clean2,0.63,100,0.63,0.63,0.0,0.0
clean2,0.63,100,0.63,0.63,0.0,0.0
clean2,0.63,100,0.63,0.62,0.01,0.0
clean2,0.63,100,0.63,0.63,0.0,0.0
clean2,0.63,100,0.63,0.64,0.01,0.0
clean2,0.68,100,0.68,0.67,0.01,0.0
clean2,0.68,100,0.68,0.68,0.0,0.0
clean2,0.68,100,0.68,0.68,0.0,0.0
clean2,0.68,100,0.68,0.67,0.01,0.0
clean2,0.68,100,0.68,0.69,0.01,0.0
clean2,0.68,100,0.68,0.68,0.0,0.0
clean2,0.68,100,0.68,0.68,0.0,0.0
clean2,0.68,100,0.68,0.68,0.0,0.0
clean2,0.68,100,0.68,0.68,0.0,0.0
clean2,0.68,100,0.68,0.69,0.01,0.0
clean2,0.74,100,0.74,0.74,0.0,0.0
clean2,0.74,100,0.74,0.74,0.0,0.0
clean2,0.74,100,0.74,0.74,0.0,0.0
clean2,0.74,100,0.74,0.74,0.0,0.0
clean2,0.74,100,0.74,0.74,0.0,0.0
clean2,0.74,100,0.74,0.75,0.01,0.0002269744873046875
clean2,0.74,100,0.74,0.74,0.0,0.0
clean2,0.74,100,0.74,0.75,0.01,0.0
clean2,0.74,100,0.74,0.73,0.01,0.0
clean2,0.74,100,0.74,0.75,0.01,0.0
clean2,0.79,100,0.79,0.79,0.0,0.0
clean2,0.79,100,0.79,0.8,0.01,0.0
clean2,0.79,100,0.79,0.79,0.0,0.0
clean2,0.79,100,0.79,0.79,0.0,0.0
clean2,0.79,100,0.79,0.78,0.01,0.0
clean2,0.79,100,0.79,0.79,0.0,0.0
clean2,0.79,100,0.79,0.79,0.0,0.0
clean2,0.79,100,0.79,0.8,0.01,0.0
clean2,0.79,100,0.79,0.79,0.0,0.0
clean2,0.79,100,0.79,0.8,0.01,0.0
clean2,0.84,100,0.84,0.85,0.01,0.0
clean2,0.84,100,0.84,0.84,0.0,0.0
clean2,0.84,100,0.84,0.85,0.01,0.0
clean2,0.84,100,0.84,0.84,0.0,0.0
clean2,0.84,100,0.84,0.84,0.0,0.0
clean2,0.84,100,0.84,0.84,0.0,0.0
clean2,0.84,100,0.84,0.84,0.0,0.0
clean2,0.84,100,0.84,0.84,0.0,0.0010013580322265625
clean2,0.84,100,0.84,0.85,0.01,0.0
clean2,0.84,100,0.84,0.85,0.01,0.0
clean2,0.89,100,0.89,0.88,0.01,0.0
clean2,0.89,100,0.89,0.89,0.0,0.0
clean2,0.89,100,0.89,0.9,0.01,0.0
clean2,0.89,100,0.89,0.9,0.01,0.0
clean2,0.89,100,0.89,0.9,0.01,0.0
clean2,0.89,100,0.89,0.89,0.0,0.0
clean2,0.89,100,0.89,0.89,0.0,0.00099945068359375
clean2,0.89,100,0.89,0.89,0.0,0.0
clean2,0.89,100,0.89,0.89,0.0,0.0
clean2,0.89,100,0.89,0.89,0.0,0.0
clean2,0.95,100,0.95,0.95,0.0,0.0
clean2,0.95,100,0.95,0.96,0.01,0.0
clean2,0.95,100,0.95,0.96,0.01,0.0
clean2,0.95,100,0.95,0.95,0.0,0.0
clean2,0.95,100,0.95,0.95,0.0,0.0
clean2,0.95,100,0.95,0.95,0.0,0.0
clean2,0.95,100,0.95,0.95,0.0,0.0
clean2,0.95,100,0.95,0.95,0.0,0.0
clean2,0.95,100,0.95,0.96,0.01,0.0
clean2,0.95,100,0.95,0.96,0.01,0.0
clean2,1.0,100,1.0,1.0,0.0,0.0
clean2,1.0,100,1.0,0.99,0.01,0.0
clean2,1.0,100,1.0,1.0,0.0,0.0
clean2,1.0,100,1.0,0.99,0.01,0.0
clean2,1.0,100,1.0,1.0,0.0,0.0
clean2,1.0,100,1.0,1.0,0.0,0.0009989738464355469
clean2,1.0,100,1.0,1.0,0.0,0.0
clean2,1.0,100,1.0,1.0,0.0,0.0
clean2,1.0,100,1.0,1.0,0.0,0.0
clean2,1.0,100,1.0,1.0,0.0,0.0
cpu_act,0.0,100,0.0,0.0,0.0,0.0
cpu_act,0.0,100,0.0,0.0,0.0,0.0009999275207519531
cpu_act,0.0,100,0.0,0.0,0.0,0.001004934310913086
cpu_act,0.0,100,0.0,0.03,0.03,0.0
cpu_act,0.0,100,0.0,0.03,0.03,0.0
cpu_act,0.0,100,0.0,0.04,0.04,0.001104116439819336
cpu_act,0.0,100,0.0,0.0,0.0,0.0
cpu_act,0.0,100,0.0,0.01,0.01,0.0
cpu_act,0.0,100,0.0,0.05,0.05,0.0
cpu_act,0.0,100,0.0,0.0,0.0,0.0
cpu_act,0.05,100,0.05,0.03,0.02,0.0
cpu_act,0.05,100,0.05,0.08,0.03,0.0009899139404296875
cpu_act,0.05,100,0.05,0.05,0.0,0.0
cpu_act,0.05,100,0.05,0.03,0.02,0.0
cpu_act,0.05,100,0.05,0.05,0.0,0.0
cpu_act,0.05,100,0.05,0.07,0.02,0.0
cpu_act,0.05,100,0.05,0.04,0.01,0.0
cpu_act,0.05,100,0.05,0.05,0.0,0.0
cpu_act,0.05,100,0.05,0.07,0.02,0.0
cpu_act,0.05,100,0.05,0.05,0.0,0.0
cpu_act,0.11,100,0.11,0.1,0.01,0.0
cpu_act,0.11,100,0.11,0.12,0.01,0.0
cpu_act,0.11,100,0.11,0.11,0.0,0.0
cpu_act,0.11,100,0.11,0.12,0.01,0.0
cpu_act,0.11,100,0.11,0.13,0.02,0.0
cpu_act,0.11,100,0.11,0.11,0.0,0.0
cpu_act,0.11,100,0.11,0.06,0.05,0.0
cpu_act,0.11,100,0.11,0.12,0.01,0.0
cpu_act,0.11,100,0.11,0.07,0.04,0.0
cpu_act,0.11,100,0.11,0.1,0.01,0.0
cpu_act,0.16,100,0.16,0.15,0.01,0.0
cpu_act,0.16,100,0.16,0.18,0.02,0.0
cpu_act,0.16,100,0.16,0.21,0.05,0.0
cpu_act,0.16,100,0.16,0.19,0.03,0.0
cpu_act,0.16,100,0.16,0.21,0.05,0.0
cpu_act,0.16,100,0.16,0.13,0.03,0.0004703998565673828
cpu_act,0.16,100,0.16,0.16,0.0,0.0
cpu_act,0.16,100,0.16,0.18,0.02,0.0
cpu_act,0.16,100,0.16,0.18,0.02,0.0
cpu_act,0.16,100,0.16,0.19,0.03,0.0
cpu_act,0.21,100,0.21,0.22,0.01,0.0
cpu_act,0.21,100,0.21,0.22,0.01,0.0
cpu_act,0.21,100,0.21,0.19,0.02,0.0
cpu_act,0.21,100,0.21,0.21,0.0,0.0
cpu_act,0.21,100,0.21,0.14,0.07,0.0
cpu_act,0.21,100,0.21,0.23,0.02,0.0
cpu_act,0.21,100,0.21,0.2,0.01,0.0
cpu_act,0.21,100,0.21,0.17,0.04,0.0
cpu_act,0.21,100,0.21,0.18,0.03,0.0
cpu_act,0.21,100,0.21,0.19,0.02,0.0
cpu_act,0.26,100,0.26,0.27,0.01,0.0
cpu_act,0.26,100,0.26,0.22,0.04,0.0
cpu_act,0.26,100,0.26,0.23,0.03,0.0035178661346435547
cpu_act,0.26,100,0.26,0.29,0.03,0.0
cpu_act,0.26,100,0.26,0.28,0.02,0.0
cpu_act,0.26,100,0.26,0.26,0.0,0.0
cpu_act,0.26,100,0.26,0.25,0.01,0.0
cpu_act,0.26,100,0.26,0.24,0.02,0.0
cpu_act,0.26,100,0.26,0.27,0.01,0.0
cpu_act,0.26,100,0.26,0.25,0.01,0.0
cpu_act,0.32,100,0.32,0.3,0.02,0.0
cpu_act,0.32,100,0.32,0.3,0.02,0.0
cpu_act,0.32,100,0.32,0.32,0.0,0.0
cpu_act,0.32,100,0.32,0.29,0.03,0.0
cpu_act,0.32,100,0.32,0.33,0.01,0.0
cpu_act,0.32,100,0.32,0.33,0.01,0.0010035037994384766
cpu_act,0.32,100,0.32,0.32,0.0,0.0
cpu_act,0.32,100,0.32,0.3,0.02,0.0
cpu_act,0.32,100,0.32,0.32,0.0,0.0
cpu_act,0.32,100,0.32,0.33,0.01,0.0
cpu_act,0.37,100,0.37,0.34,0.03,0.0
cpu_act,0.37,100,0.37,0.41,0.04,0.0
cpu_act,0.37,100,0.37,0.39,0.02,0.0
cpu_act,0.37,100,0.37,0.38,0.01,0.0
cpu_act,0.37,100,0.37,0.4,0.03,0.0
cpu_act,0.37,100,0.37,0.36,0.01,0.0
cpu_act,0.37,100,0.37,0.39,0.02,0.0
cpu_act,0.37,100,0.37,0.35,0.02,0.0
cpu_act,0.37,100,0.37,0.35,0.02,0.0
cpu_act,0.37,100,0.37,0.38,0.01,0.0
cpu_act,0.42,100,0.42,0.43,0.01,0.0
cpu_act,0.42,100,0.42,0.43,0.01,0.00048351287841796875
cpu_act,0.42,100,0.42,0.4,0.02,0.0
cpu_act,0.42,100,0.42,0.41,0.01,0.0
cpu_act,0.42,100,0.42,0.45,0.03,0.0
cpu_act,0.42,100,0.42,0.43,0.01,0.0
cpu_act,0.42,100,0.42,0.43,0.01,0.0
cpu_act,0.42,100,0.42,0.41,0.01,0.0
cpu_act,0.42,100,0.42,0.4,0.02,0.0
cpu_act,0.42,100,0.42,0.38,0.04,0.0
cpu_act,0.47,100,0.47,0.48,0.01,0.0
cpu_act,0.47,100,0.47,0.42,0.05,0.0
cpu_act,0.47,100,0.47,0.47,0.0,0.0
cpu_act,0.47,100,0.47,0.48,0.01,0.0
cpu_act,0.47,100,0.47,0.43,0.04,0.0
cpu_act,0.47,100,0.47,0.45,0.02,0.0
cpu_act,0.47,100,0.47,0.47,0.0,0.006145954132080078
cpu_act,0.47,100,0.47,0.48,0.01,0.0
cpu_act,0.47,100,0.47,0.46,0.01,0.0
cpu_act,0.47,100,0.47,0.49,0.02,0.0
cpu_act,0.53,100,0.53,0.51,0.02,0.0
cpu_act,0.53,100,0.53,0.49,0.04,0.0
cpu_act,0.53,100,0.53,0.55,0.02,0.0011055469512939453
cpu_act,0.53,100,0.53,0.54,0.01,0.0
cpu_act,0.53,100,0.53,0.53,0.0,0.0
cpu_act,0.53,100,0.53,0.54,0.01,0.0
cpu_act,0.53,100,0.53,0.5,0.03,0.0
cpu_act,0.53,100,0.53,0.56,0.03,0.0
cpu_act,0.53,100,0.53,0.51,0.02,0.0
cpu_act,0.53,100,0.53,0.52,0.01,0.0009884834289550781
cpu_act,0.58,100,0.58,0.56,0.02,0.0
cpu_act,0.58,100,0.58,0.57,0.01,0.0
cpu_act,0.58,100,0.58,0.51,0.07,0.0
cpu_act,0.58,100,0.58,0.59,0.01,0.0
cpu_act,0.58,100,0.58,0.53,0.05,0.0
cpu_act,0.58,100,0.58,0.58,0.0,0.0
cpu_act,0.58,100,0.58,0.59,0.01,0.0
cpu_act,0.58,100,0.58,0.52,0.06,0.0
cpu_act,0.58,100,0.58,0.6,0.02,0.0
cpu_act,0.58,100,0.58,0.58,0.0,0.0
cpu_act,0.63,100,0.63,0.58,0.05,0.0
cpu_act,0.63,100,0.63,0.67,0.04,0.0
cpu_act,0.63,100,0.63,0.58,0.05,0.0
cpu_act,0.63,100,0.63,0.62,0.01,0.0
cpu_act,0.63,100,0.63,0.63,0.0,0.0
cpu_act,0.63,100,0.63,0.63,0.0,0.0
cpu_act,0.63,100,0.63,0.64,0.01,0.0
cpu_act,0.63,100,0.63,0.55,0.08,0.0
cpu_act,0.63,100,0.63,0.62,0.01,0.0
cpu_act,0.63,100,0.63,0.63,0.0,0.0
cpu_act,0.68,100,0.68,0.67,0.01,0.0
cpu_act,0.68,100,0.68,0.7,0.02,0.0
cpu_act,0.68,100,0.68,0.7,0.02,0.0
cpu_act,0.68,100,0.68,0.68,0.0,0.0
cpu_act,0.68,100,0.68,0.67,0.01,0.0
cpu_act,0.68,100,0.68,0.68,0.0,0.0
cpu_act,0.68,100,0.68,0.69,0.01,0.0
cpu_act,0.68,100,0.68,0.65,0.03,0.0
cpu_act,0.68,100,0.68,0.72,0.04,0.0
cpu_act,0.68,100,0.68,0.68,0.0,0.0
cpu_act,0.74,100,0.74,0.75,0.01,0.0
cpu_act,0.74,100,0.74,0.73,0.01,0.0
cpu_act,0.74,100,0.74,0.72,0.02,0.0
cpu_act,0.74,100,0.74,0.71,0.03,0.0
cpu_act,0.74,100,0.74,0.73,0.01,0.0
cpu_act,0.74,100,0.74,0.75,0.01,0.0
cpu_act,0.74,100,0.74,0.76,0.02,0.0
cpu_act,0.74,100,0.74,0.75,0.01,0.0
cpu_act,0.74,100,0.74,0.72,0.02,0.0
cpu_act,0.74,100,0.74,0.76,0.02,0.0
cpu_act,0.79,100,0.79,0.75,0.04,0.0
cpu_act,0.79,100,0.79,0.72,0.07,0.0
cpu_act,0.79,100,0.79,0.82,0.03,0.0
cpu_act,0.79,100,0.79,0.81,0.02,0.0
cpu_act,0.79,100,0.79,0.78,0.01,0.0
cpu_act,0.79,100,0.79,0.81,0.02,0.0
cpu_act,0.79,100,0.79,0.79,0.0,0.0
cpu_act,0.79,100,0.79,0.83,0.04,0.0
cpu_act,0.79,100,0.79,0.75,0.04,0.0004372596740722656
cpu_act,0.79,100,0.79,0.83,0.04,0.0
cpu_act,0.84,100,0.84,0.8,0.04,0.0
cpu_act,0.84,100,0.84,0.75,0.09,0.0
cpu_act,0.84,100,0.84,0.82,0.02,0.0
cpu_act,0.84,100,0.84,0.78,0.06,0.006090641021728516
cpu_act,0.84,100,0.84,0.78,0.06,0.0
cpu_act,0.84,100,0.84,0.82,0.02,0.0
cpu_act,0.84,100,0.84,0.84,0.0,0.0
cpu_act,0.84,100,0.84,0.8,0.04,0.0
cpu_act,0.84,100,0.84,0.79,0.05,0.0
cpu_act,0.84,100,0.84,0.83,0.01,0.0
cpu_act,0.89,100,0.89,0.87,0.02,0.0
cpu_act,0.89,100,0.89,0.87,0.02,0.0
cpu_act,0.89,100,0.89,0.83,0.06,0.0
cpu_act,0.89,100,0.89,0.87,0.02,0.0
cpu_act,0.89,100,0.89,0.89,0.0,0.0
cpu_act,0.89,100,0.89,0.82,0.07,0.0003914833068847656
cpu_act,0.89,100,0.89,0.95,0.06,0.0
cpu_act,0.89,100,0.89,0.83,0.06,0.0
cpu_act,0.89,100,0.89,0.84,0.05,0.0
cpu_act,0.89,100,0.89,0.85,0.04,0.0
cpu_act,0.95,100,0.95,0.94,0.01,0.0
cpu_act,0.95,100,0.95,0.91,0.04,0.0
cpu_act,0.95,100,0.95,0.9,0.05,0.0
cpu_act,0.95,100,0.95,0.88,0.07,0.0
cpu_act,0.95,100,0.95,0.96,0.01,0.0
cpu_act,0.95,100,0.95,0.92,0.03,0.0
cpu_act,0.95,100,0.95,0.98,0.03,0.0
cpu_act,0.95,100,0.95,0.96,0.01,0.0011277198791503906
cpu_act,0.95,100,0.95,0.91,0.04,0.0
cpu_act,0.95,100,0.95,0.95,0.0,0.0
cpu_act,1.0,100,1.0,1.0,0.0,0.0
cpu_act,1.0,100,1.0,0.96,0.04,0.0
cpu_act,1.0,100,1.0,0.96,0.04,0.0
cpu_act,1.0,100,1.0,0.98,0.02,0.0
cpu_act,1.0,100,1.0,1.0,0.0,0.0
cpu_act,1.0,100,1.0,0.95,0.05,0.0
cpu_act,1.0,100,1.0,1.0,0.0,0.0
cpu_act,1.0,100,1.0,0.94,0.06,0.0
cpu_act,1.0,100,1.0,1.0,0.0,0.0
cpu_act,1.0,100,1.0,0.97,0.03,0.0
delta_ailerons,0.0,100,0.0,0.02,0.02,0.0
delta_ailerons,0.0,100,0.0,0.04,0.04,0.0
delta_ailerons,0.0,100,0.0,0.03,0.03,0.0
delta_ailerons,0.0,100,0.0,0.0,0.0,0.0
delta_ailerons,0.0,100,0.0,0.0,0.0,0.0005347728729248047
delta_ailerons,0.0,100,0.0,0.0,0.0,0.0
delta_ailerons,0.0,100,0.0,0.03,0.03,0.0
delta_ailerons,0.0,100,0.0,0.0,0.0,0.0
delta_ailerons,0.0,100,0.0,0.01,0.01,0.0
delta_ailerons,0.0,100,0.0,0.0,0.0,0.0
delta_ailerons,0.05,100,0.05,0.04,0.01,0.0
delta_ailerons,0.05,100,0.05,0.0,0.05,0.0
delta_ailerons,0.05,100,0.05,0.05,0.0,0.0
delta_ailerons,0.05,100,0.05,0.13,0.08,0.0
delta_ailerons,0.05,100,0.05,0.08,0.03,0.0
delta_ailerons,0.05,100,0.05,0.04,0.01,0.0
delta_ailerons,0.05,100,0.05,0.12,0.07,0.0
delta_ailerons,0.05,100,0.05,0.09,0.04,0.0
delta_ailerons,0.05,100,0.05,0.06,0.01,0.0
delta_ailerons,0.05,100,0.05,0.09,0.04,0.0
delta_ailerons,0.11,100,0.11,0.09,0.02,0.0
delta_ailerons,0.11,100,0.11,0.11,0.0,0.0
delta_ailerons,0.11,100,0.11,0.1,0.01,0.0
delta_ailerons,0.11,100,0.11,0.07,0.04,0.0
delta_ailerons,0.11,100,0.11,0.17,0.06,0.0
delta_ailerons,0.11,100,0.11,0.11,0.0,0.0
delta_ailerons,0.11,100,0.11,0.18,0.07,0.0
delta_ailerons,0.11,100,0.11,0.12,0.01,0.0
delta_ailerons,0.11,100,0.11,0.13,0.02,0.0
delta_ailerons,0.11,100,0.11,0.09,0.02,0.0
delta_ailerons,0.16,100,0.16,0.18,0.02,0.0
delta_ailerons,0.16,100,0.16,0.14,0.02,0.0
delta_ailerons,0.16,100,0.16,0.17,0.01,0.0
delta_ailerons,0.16,100,0.16,0.13,0.03,0.0
delta_ailerons,0.16,100,0.16,0.16,0.0,0.0
delta_ailerons,0.16,100,0.16,0.18,0.02,0.0
delta_ailerons,0.16,100,0.16,0.14,0.02,0.0
delta_ailerons,0.16,100,0.16,0.18,0.02,0.0
delta_ailerons,0.16,100,0.16,0.14,0.02,0.0
delta_ailerons,0.16,100,0.16,0.22,0.06,0.0
delta_ailerons,0.21,100,0.21,0.24,0.03,0.0
delta_ailerons,0.21,100,0.21,0.24,0.03,0.0
delta_ailerons,0.21,100,0.21,0.18,0.03,0.0
delta_ailerons,0.21,100,0.21,0.21,0.0,0.0
delta_ailerons,0.21,100,0.21,0.26,0.05,0.0
delta_ailerons,0.21,100,0.21,0.22,0.01,0.0
delta_ailerons,0.21,100,0.21,0.19,0.02,0.0
delta_ailerons,0.21,100,0.21,0.25,0.04,0.0
delta_ailerons,0.21,100,0.21,0.25,0.04,0.0
delta_ailerons,0.21,100,0.21,0.21,0.0,0.0
delta_ailerons,0.26,100,0.26,0.25,0.01,0.0
delta_ailerons,0.26,100,0.26,0.27,0.01,0.0
delta_ailerons,0.26,100,0.26,0.29,0.03,0.0
delta_ailerons,0.26,100,0.26,0.26,0.0,0.0
delta_ailerons,0.26,100,0.26,0.19,0.07,0.0
delta_ailerons,0.26,100,0.26,0.3,0.04,6.031990051269531e-05
delta_ailerons,0.26,100,0.26,0.3,0.04,0.0
delta_ailerons,0.26,100,0.26,0.25,0.01,0.0
delta_ailerons,0.26,100,0.26,0.27,0.01,0.0
delta_ailerons,0.26,100,0.26,0.32,0.06,0.0
delta_ailerons,0.32,100,0.32,0.32,0.0,0.0
delta_ailerons,0.32,100,0.32,0.31,0.01,0.0
delta_ailerons,0.32,100,0.32,0.36,0.04,0.0
delta_ailerons,0.32,100,0.32,0.36,0.04,0.0
delta_ailerons,0.32,100,0.32,0.34,0.02,0.0
delta_ailerons,0.32,100,0.32,0.33,0.01,0.0
delta_ailerons,0.32,100,0.32,0.35,0.03,0.0007662773132324219
delta_ailerons,0.32,100,0.32,0.35,0.03,0.0
delta_ailerons,0.32,100,0.32,0.3,0.02,0.0
delta_ailerons,0.32,100,0.32,0.31,0.01,0.0
delta_ailerons,0.37,100,0.37,0.37,0.0,0.0
delta_ailerons,0.37,100,0.37,0.35,0.02,0.0
delta_ailerons,0.37,100,0.37,0.42,0.05,0.0
delta_ailerons,0.37,100,0.37,0.4,0.03,0.0
delta_ailerons,0.37,100,0.37,0.4,0.03,0.0
delta_ailerons,0.37,100,0.37,0.39,0.02,0.0
delta_ailerons,0.37,100,0.37,0.37,0.0,0.0
delta_ailerons,0.37,100,0.37,0.4,0.03,0.0
delta_ailerons,0.37,100,0.37,0.38,0.01,0.0
delta_ailerons,0.37,100,0.37,0.34,0.03,0.0
delta_ailerons,0.42,100,0.42,0.41,0.01,0.0
delta_ailerons,0.42,100,0.42,0.45,0.03,0.0
delta_ailerons,0.42,100,0.42,0.42,0.0,0.0
delta_ailerons,0.42,100,0.42,0.42,0.0,0.0
delta_ailerons,0.42,100,0.42,0.44,0.02,0.0
delta_ailerons,0.42,100,0.42,0.38,0.04,0.0
delta_ailerons,0.42,100,0.42,0.35,0.07,0.0
delta_ailerons,0.42,100,0.42,0.44,0.02,0.0
delta_ailerons,0.42,100,0.42,0.43,0.01,0.0
delta_ailerons,0.42,100,0.42,0.44,0.02,0.0
delta_ailerons,0.47,100,0.47,0.48,0.01,0.0
delta_ailerons,0.47,100,0.47,0.54,0.07,0.0
delta_ailerons,0.47,100,0.47,0.46,0.01,0.0
delta_ailerons,0.47,100,0.47,0.51,0.04,0.0
delta_ailerons,0.47,100,0.47,0.53,0.06,0.0
delta_ailerons,0.47,100,0.47,0.48,0.01,0.0
delta_ailerons,0.47,100,0.47,0.47,0.0,0.0
delta_ailerons,0.47,100,0.47,0.48,0.01,0.0
delta_ailerons,0.47,100,0.47,0.52,0.05,0.0
delta_ailerons,0.47,100,0.47,0.5,0.03,0.0
delta_ailerons,0.53,100,0.53,0.53,0.0,0.0
delta_ailerons,0.53,100,0.53,0.56,0.03,0.0
delta_ailerons,0.53,100,0.53,0.55,0.02,0.0
delta_ailerons,0.53,100,0.53,0.61,0.08,0.0
delta_ailerons,0.53,100,0.53,0.49,0.04,0.0
delta_ailerons,0.53,100,0.53,0.49,0.04,0.0007088184356689453
delta_ailerons,0.53,100,0.53,0.56,0.03,0.0
delta_ailerons,0.53,100,0.53,0.58,0.05,0.0
delta_ailerons,0.53,100,0.53,0.53,0.0,0.0
delta_ailerons,0.53,100,0.53,0.55,0.02,0.0
delta_ailerons,0.58,100,0.58,0.59,0.01,0.0
delta_ailerons,0.58,100,0.58,0.56,0.02,0.0
delta_ailerons,0.58,100,0.58,0.62,0.04,0.0
delta_ailerons,0.58,100,0.58,0.62,0.04,0.0
delta_ailerons,0.58,100,0.58,0.61,0.03,0.0
delta_ailerons,0.58,100,0.58,0.63,0.05,0.0
delta_ailerons,0.58,100,0.58,0.58,0.0,0.0
delta_ailerons,0.58,100,0.58,0.61,0.03,0.0
delta_ailerons,0.58,100,0.58,0.63,0.05,0.0
delta_ailerons,0.58,100,0.58,0.63,0.05,0.0
delta_ailerons,0.63,100,0.63,0.64,0.01,0.0
delta_ailerons,0.63,100,0.63,0.61,0.02,0.0
delta_ailerons,0.63,100,0.63,0.66,0.03,0.0
delta_ailerons,0.63,100,0.63,0.68,0.05,0.0
delta_ailerons,0.63,100,0.63,0.62,0.01,0.0
delta_ailerons,0.63,100,0.63,0.68,0.05,0.0
delta_ailerons,0.63,100,0.63,0.66,0.03,0.0
delta_ailerons,0.63,100,0.63,0.61,0.02,0.0
delta_ailerons,0.63,100,0.63,0.65,0.02,0.0
delta_ailerons,0.63,100,0.63,0.65,0.02,0.0
delta_ailerons,0.68,100,0.68,0.72,0.04,0.0010824203491210938
delta_ailerons,0.68,100,0.68,0.69,0.01,0.0
delta_ailerons,0.68,100,0.68,0.68,0.0,0.0
delta_ailerons,0.68,100,0.68,0.68,0.0,0.0
delta_ailerons,0.68,100,0.68,0.73,0.05,0.0
delta_ailerons,0.68,100,0.68,0.67,0.01,0.0
delta_ailerons,0.68,100,0.68,0.71,0.03,0.0
delta_ailerons,0.68,100,0.68,0.69,0.01,0.0011286735534667969
delta_ailerons,0.68,100,0.68,0.72,0.04,0.0
delta_ailerons,0.68,100,0.68,0.66,0.02,0.0
delta_ailerons,0.74,100,0.74,0.83,0.09,0.0
delta_ailerons,0.74,100,0.74,0.76,0.02,0.0
delta_ailerons,0.74,100,0.74,0.76,0.02,0.0
delta_ailerons,0.74,100,0.74,0.76,0.02,0.0
delta_ailerons,0.74,100,0.74,0.71,0.03,0.0
delta_ailerons,0.74,100,0.74,0.74,0.0,0.0
delta_ailerons,0.74,100,0.74,0.75,0.01,0.0
delta_ailerons,0.74,100,0.74,0.75,0.01,0.001111745834350586
delta_ailerons,0.74,100,0.74,0.81,0.07,0.0
delta_ailerons,0.74,100,0.74,0.72,0.02,0.0
delta_ailerons,0.79,100,0.79,0.83,0.04,0.0
delta_ailerons,0.79,100,0.79,0.8,0.01,0.0
delta_ailerons,0.79,100,0.79,0.79,0.0,0.0
delta_ailerons,0.79,100,0.79,0.78,0.01,0.0
delta_ailerons,0.79,100,0.79,0.81,0.02,0.0
delta_ailerons,0.79,100,0.79,0.81,0.02,0.0
delta_ailerons,0.79,100,0.79,0.84,0.05,0.0
delta_ailerons,0.79,100,0.79,0.79,0.0,0.0
delta_ailerons,0.79,100,0.79,0.8,0.01,0.0
delta_ailerons,0.79,100,0.79,0.83,0.04,0.0
delta_ailerons,0.84,100,0.84,0.85,0.01,0.0
delta_ailerons,0.84,100,0.84,0.86,0.02,0.0
delta_ailerons,0.84,100,0.84,0.84,0.0,0.0
delta_ailerons,0.84,100,0.84,0.87,0.03,0.0
delta_ailerons,0.84,100,0.84,0.84,0.0,0.0
delta_ailerons,0.84,100,0.84,0.82,0.02,0.0
delta_ailerons,0.84,100,0.84,0.86,0.02,0.0
delta_ailerons,0.84,100,0.84,0.8,0.04,0.0
delta_ailerons,0.84,100,0.84,0.83,0.01,0.0
delta_ailerons,0.84,100,0.84,0.89,0.05,0.0
delta_ailerons,0.89,100,0.89,0.92,0.03,0.0
delta_ailerons,0.89,100,0.89,0.9,0.01,0.0
delta_ailerons,0.89,100,0.89,0.92,0.03,0.0
delta_ailerons,0.89,100,0.89,0.89,0.0,0.0
delta_ailerons,0.89,100,0.89,0.92,0.03,0.0
delta_ailerons,0.89,100,0.89,0.9,0.01,0.0
delta_ailerons,0.89,100,0.89,0.86,0.03,0.0
delta_ailerons,0.89,100,0.89,0.87,0.02,0.0
delta_ailerons,0.89,100,0.89,0.91,0.02,0.0
delta_ailerons,0.89,100,0.89,0.93,0.04,0.0
delta_ailerons,0.95,100,0.95,0.96,0.01,0.0
delta_ailerons,0.95,100,0.95,0.97,0.02,0.0
delta_ailerons,0.95,100,0.95,0.93,0.02,0.0
delta_ailerons,0.95,100,0.95,0.96,0.01,0.0
delta_ailerons,0.95,100,0.95,1.0,0.05,0.0
delta_ailerons,0.95,100,0.95,0.95,0.0,0.0
delta_ailerons,0.95,100,0.95,0.94,0.01,0.0
delta_ailerons,0.95,100,0.95,0.98,0.03,0.0
delta_ailerons,0.95,100,0.95,0.97,0.02,0.0
delta_ailerons,0.95,100,0.95,0.97,0.02,0.0
delta_ailerons,1.0,100,1.0,1.0,0.0,0.0
delta_ailerons,1.0,100,1.0,1.0,0.0,0.0
delta_ailerons,1.0,100,1.0,1.0,0.0,0.0
delta_ailerons,1.0,100,1.0,0.98,0.02,0.00030732154846191406
delta_ailerons,1.0,100,1.0,1.0,0.0,0.0
delta_ailerons,1.0,100,1.0,1.0,0.0,0.0
delta_ailerons,1.0,100,1.0,1.0,0.0,0.0
delta_ailerons,1.0,100,1.0,0.99,0.01,0.0
delta_ailerons,1.0,100,1.0,1.0,0.0,0.0
delta_ailerons,1.0,100,1.0,1.0,0.0,0.0
electricity-normalized,0.0,100,0.0,0.04,0.04,0.0
electricity-normalized,0.0,100,0.0,0.0,0.0,0.0
electricity-normalized,0.0,100,0.0,0.04,0.04,0.0009987354278564453
electricity-normalized,0.0,100,0.0,0.0,0.0,0.0
electricity-normalized,0.0,100,0.0,0.0,0.0,0.0
electricity-normalized,0.0,100,0.0,0.11,0.11,0.0
electricity-normalized,0.0,100,0.0,0.0,0.0,0.0
electricity-normalized,0.0,100,0.0,0.09,0.09,0.0
electricity-normalized,0.0,100,0.0,0.05,0.05,0.0
electricity-normalized,0.0,100,0.0,0.0,0.0,0.0
electricity-normalized,0.05,100,0.05,0.09,0.04,0.0
electricity-normalized,0.05,100,0.05,0.0,0.05,0.0
electricity-normalized,0.05,100,0.05,0.06,0.01,0.0
electricity-normalized,0.05,100,0.05,0.0,0.05,0.0
electricity-normalized,0.05,100,0.05,0.1,0.05,0.000989675521850586
electricity-normalized,0.05,100,0.05,0.1,0.05,0.0
electricity-normalized,0.05,100,0.05,0.19,0.14,0.0
electricity-normalized,0.05,100,0.05,0.1,0.05,0.0
electricity-normalized,0.05,100,0.05,0.0,0.05,0.0
electricity-normalized,0.05,100,0.05,0.07,0.02,0.0
electricity-normalized,0.11,100,0.11,0.16,0.05,0.0
electricity-normalized,0.11,100,0.11,0.24,0.13,0.00558018684387207
electricity-normalized,0.11,100,0.11,0.15,0.04,0.0
electricity-normalized,0.11,100,0.11,0.19,0.08,0.0
electricity-normalized,0.11,100,0.11,0.14,0.03,0.0
electricity-normalized,0.11,100,0.11,0.14,0.03,0.0
electricity-normalized,0.11,100,0.11,0.1,0.01,0.0
electricity-normalized,0.11,100,0.11,0.14,0.03,0.0
electricity-normalized,0.11,100,0.11,0.06,0.05,0.0
electricity-normalized,0.11,100,0.11,0.13,0.02,0.0
electricity-normalized,0.16,100,0.16,0.23,0.07,5.936622619628906e-05
electricity-normalized,0.16,100,0.16,0.25,0.09,0.0
electricity-normalized,0.16,100,0.16,0.08,0.08,0.0
electricity-normalized,0.16,100,0.16,0.16,0.0,0.0
electricity-normalized,0.16,100,0.16,0.2,0.04,0.0
electricity-normalized,0.16,100,0.16,0.15,0.01,0.0
electricity-normalized,0.16,100,0.16,0.22,0.06,0.0
electricity-normalized,0.16,100,0.16,0.21,0.05,0.0
electricity-normalized,0.16,100,0.16,0.16,0.0,0.0
electricity-normalized,0.16,100,0.16,0.23,0.07,0.0
electricity-normalized,0.21,100,0.21,0.14,0.07,0.0
electricity-normalized,0.21,100,0.21,0.26,0.05,0.0
electricity-normalized,0.21,100,0.21,0.24,0.03,0.0
electricity-normalized,0.21,100,0.21,0.24,0.03,0.0
electricity-normalized,0.21,100,0.21,0.26,0.05,0.0
electricity-normalized,0.21,100,0.21,0.15,0.06,0.0010066032409667969
electricity-normalized,0.21,100,0.21,0.29,0.08,0.0
electricity-normalized,0.21,100,0.21,0.26,0.05,0.0
electricity-normalized,0.21,100,0.21,0.14,0.07,0.0
electricity-normalized,0.21,100,0.21,0.32,0.11,0.0
electricity-normalized,0.26,100,0.26,0.25,0.01,0.0
electricity-normalized,0.26,100,0.26,0.18,0.08,0.0
electricity-normalized,0.26,100,0.26,0.31,0.05,0.0
electricity-normalized,0.26,100,0.26,0.2,0.06,0.0
electricity-normalized,0.26,100,0.26,0.2,0.06,0.0
electricity-normalized,0.26,100,0.26,0.17,0.09,0.0
electricity-normalized,0.26,100,0.26,0.31,0.05,0.0
electricity-normalized,0.26,100,0.26,0.21,0.05,0.0
electricity-normalized,0.26,100,0.26,0.33,0.07,0.0
electricity-normalized,0.26,100,0.26,0.18,0.08,0.0
electricity-normalized,0.32,100,0.32,0.25,0.07,0.0
electricity-normalized,0.32,100,0.32,0.39,0.07,0.0
electricity-normalized,0.32,100,0.32,0.32,0.0,0.0
electricity-normalized,0.32,100,0.32,0.41,0.09,0.0
electricity-normalized,0.32,100,0.32,0.27,0.05,0.0
electricity-normalized,0.32,100,0.32,0.34,0.02,0.0
electricity-normalized,0.32,100,0.32,0.42,0.1,0.0
electricity-normalized,0.32,100,0.32,0.36,0.04,0.0
electricity-normalized,0.32,100,0.32,0.34,0.02,0.0
electricity-normalized,0.32,100,0.32,0.35,0.03,0.0
electricity-normalized,0.37,100,0.37,0.33,0.04,0.0
electricity-normalized,0.37,100,0.37,0.44,0.07,0.0
electricity-normalized,0.37,100,0.37,0.51,0.14,0.0
electricity-normalized,0.37,100,0.37,0.42,0.05,0.0
electricity-normalized,0.37,100,0.37,0.33,0.04,0.0
electricity-normalized,0.37,100,0.37,0.34,0.03,0.0
electricity-normalized,0.37,100,0.37,0.36,0.01,0.0
electricity-normalized,0.37,100,0.37,0.38,0.01,0.0
electricity-normalized,0.37,100,0.37,0.4,0.03,0.0
electricity-normalized,0.37,100,0.37,0.26,0.11,0.0
electricity-normalized,0.42,100,0.42,0.47,0.05,0.0
electricity-normalized,0.42,100,0.42,0.47,0.05,0.0
electricity-normalized,0.42,100,0.42,0.42,0.0,0.0
electricity-normalized,0.42,100,0.42,0.48,0.06,0.0
electricity-normalized,0.42,100,0.42,0.37,0.05,0.0
electricity-normalized,0.42,100,0.42,0.47,0.05,0.0
electricity-normalized,0.42,100,0.42,0.42,0.0,0.0
electricity-normalized,0.42,100,0.42,0.47,0.05,0.0
electricity-normalized,0.42,100,0.42,0.44,0.02,0.0
electricity-normalized,0.42,100,0.42,0.48,0.06,0.0
electricity-normalized,0.47,100,0.47,0.5,0.03,0.0
electricity-normalized,0.47,100,0.47,0.47,0.0,0.0
electricity-normalized,0.47,100,0.47,0.48,0.01,0.0
electricity-normalized,0.47,100,0.47,0.42,0.05,0.0
electricity-normalized,0.47,100,0.47,0.55,0.08,0.0
electricity-normalized,0.47,100,0.47,0.59,0.12,0.0
electricity-normalized,0.47,100,0.47,0.37,0.1,0.0
electricity-normalized,0.47,100,0.47,0.43,0.04,0.0
electricity-normalized,0.47,100,0.47,0.47,0.0,0.0
electricity-normalized,0.47,100,0.47,0.6,0.13,0.0
electricity-normalized,0.53,100,0.53,0.56,0.03,0.0
electricity-normalized,0.53,100,0.53,0.64,0.11,0.0
electricity-normalized,0.53,100,0.53,0.56,0.03,0.0
electricity-normalized,0.53,100,0.53,0.48,0.05,0.0
electricity-normalized,0.53,100,0.53,0.76,0.23,0.0
electricity-normalized,0.53,100,0.53,0.51,0.02,0.0
electricity-normalized,0.53,100,0.53,0.49,0.04,0.0
electricity-normalized,0.53,100,0.53,0.49,0.04,0.0
electricity-normalized,0.53,100,0.53,0.39,0.14,0.0
electricity-normalized,0.53,100,0.53,0.49,0.04,0.0
electricity-normalized,0.58,100,0.58,0.74,0.16,0.0
electricity-normalized,0.58,100,0.58,0.62,0.04,0.0
electricity-normalized,0.58,100,0.58,0.6,0.02,0.0
electricity-normalized,0.58,100,0.58,0.62,0.04,0.0
electricity-normalized,0.58,100,0.58,0.51,0.07,0.0
electricity-normalized,0.58,100,0.58,0.56,0.02,0.0
electricity-normalized,0.58,100,0.58,0.59,0.01,0.0
electricity-normalized,0.58,100,0.58,0.52,0.06,0.0
electricity-normalized,0.58,100,0.58,0.61,0.03,0.0
electricity-normalized,0.58,100,0.58,0.64,0.06,0.0
electricity-normalized,0.63,100,0.63,0.78,0.15,0.0010106563568115234
electricity-normalized,0.63,100,0.63,0.54,0.09,0.0
electricity-normalized,0.63,100,0.63,0.63,0.0,0.0
electricity-normalized,0.63,100,0.63,0.62,0.01,0.0
electricity-normalized,0.63,100,0.63,0.52,0.11,0.0
electricity-normalized,0.63,100,0.63,0.43,0.2,0.0
electricity-normalized,0.63,100,0.63,0.69,0.06,0.0
electricity-normalized,0.63,100,0.63,0.65,0.02,0.0
electricity-normalized,0.63,100,0.63,0.58,0.05,0.0
electricity-normalized,0.63,100,0.63,0.65,0.02,0.0
electricity-normalized,0.68,100,0.68,0.77,0.09,0.0010824203491210938
electricity-normalized,0.68,100,0.68,0.81,0.13,0.0
electricity-normalized,0.68,100,0.68,0.79,0.11,0.0
electricity-normalized,0.68,100,0.68,0.57,0.11,0.0
electricity-normalized,0.68,100,0.68,0.65,0.03,0.0
electricity-normalized,0.68,100,0.68,0.75,0.07,0.0
electricity-normalized,0.68,100,0.68,0.75,0.07,0.0
electricity-normalized,0.68,100,0.68,0.75,0.07,0.0
electricity-normalized,0.68,100,0.68,0.56,0.12,0.0
electricity-normalized,0.68,100,0.68,0.64,0.04,0.0
electricity-normalized,0.74,100,0.74,0.64,0.1,0.0
electricity-normalized,0.74,100,0.74,0.64,0.1,0.0
electricity-normalized,0.74,100,0.74,0.69,0.05,0.0
electricity-normalized,0.74,100,0.74,0.74,0.0,0.0
electricity-normalized,0.74,100,0.74,0.77,0.03,0.0
electricity-normalized,0.74,100,0.74,0.73,0.01,0.0
electricity-normalized,0.74,100,0.74,0.74,0.0,0.0
electricity-normalized,0.74,100,0.74,0.78,0.04,0.0
electricity-normalized,0.74,100,0.74,0.67,0.07,0.0
electricity-normalized,0.74,100,0.74,0.78,0.04,0.0
electricity-normalized,0.79,100,0.79,0.81,0.02,0.0
electricity-normalized,0.79,100,0.79,0.83,0.04,0.0
electricity-normalized,0.79,100,0.79,0.82,0.03,0.0
electricity-normalized,0.79,100,0.79,0.92,0.13,0.0
electricity-normalized,0.79,100,0.79,0.76,0.03,0.0
electricity-normalized,0.79,100,0.79,0.86,0.07,0.0
electricity-normalized,0.79,100,0.79,0.67,0.12,0.0
electricity-normalized,0.79,100,0.79,0.94,0.15,0.0
electricity-normalized,0.79,100,0.79,0.74,0.05,0.0
electricity-normalized,0.79,100,0.79,0.61,0.18,0.0
electricity-normalized,0.84,100,0.84,1.0,0.16,0.0
electricity-normalized,0.84,100,0.84,0.93,0.09,0.0
electricity-normalized,0.84,100,0.84,0.76,0.08,0.0
electricity-normalized,0.84,100,0.84,0.92,0.08,0.0
electricity-normalized,0.84,100,0.84,0.99,0.15,0.0
electricity-normalized,0.84,100,0.84,0.83,0.01,0.0
electricity-normalized,0.84,100,0.84,0.98,0.14,0.0
electricity-normalized,0.84,100,0.84,0.69,0.15,0.0
electricity-normalized,0.84,100,0.84,0.77,0.07,0.0
electricity-normalized,0.84,100,0.84,0.8,0.04,0.0
electricity-normalized,0.89,100,0.89,1.0,0.11,0.0
electricity-normalized,0.89,100,0.89,0.99,0.1,0.0
electricity-normalized,0.89,100,0.89,0.98,0.09,0.0
electricity-normalized,0.89,100,0.89,1.0,0.11,0.0
electricity-normalized,0.89,100,0.89,1.0,0.11,0.0
electricity-normalized,0.89,100,0.89,0.98,0.09,0.0
electricity-normalized,0.89,100,0.89,0.78,0.11,0.0
electricity-normalized,0.89,100,0.89,0.84,0.05,0.0
electricity-normalized,0.89,100,0.89,0.95,0.06,0.0
electricity-normalized,0.89,100,0.89,0.84,0.05,0.0
electricity-normalized,0.95,100,0.95,0.93,0.02,0.0
electricity-normalized,0.95,100,0.95,0.93,0.02,0.0
electricity-normalized,0.95,100,0.95,0.9,0.05,0.0
electricity-normalized,0.95,100,0.95,0.88,0.07,0.0
electricity-normalized,0.95,100,0.95,0.98,0.03,0.0
electricity-normalized,0.95,100,0.95,1.0,0.05,0.0
electricity-normalized,0.95,100,0.95,0.92,0.03,0.0
electricity-normalized,0.95,100,0.95,1.0,0.05,0.0
electricity-normalized,0.95,100,0.95,1.0,0.05,0.0
electricity-normalized,0.95,100,0.95,1.0,0.05,0.0
electricity-normalized,1.0,100,1.0,1.0,0.0,0.0
electricity-normalized,1.0,100,1.0,1.0,0.0,0.0
electricity-normalized,1.0,100,1.0,0.99,0.01,0.0
electricity-normalized,1.0,100,1.0,1.0,0.0,0.0
electricity-normalized,1.0,100,1.0,1.0,0.0,0.0
electricity-normalized,1.0,100,1.0,0.98,0.02,0.0
electricity-normalized,1.0,100,1.0,0.97,0.03,0.0
electricity-normalized,1.0,100,1.0,0.94,0.06,0.0
electricity-normalized,1.0,100,1.0,0.97,0.03,0.0
electricity-normalized,1.0,100,1.0,1.0,0.0,0.0
elevators,0.0,100,0.0,0.09,0.09,0.0
elevators,0.0,100,0.0,0.0,0.0,0.0
elevators,0.0,100,0.0,0.0,0.0,0.0
elevators,0.0,100,0.0,0.02,0.02,0.0
elevators,0.0,100,0.0,0.0,0.0,0.0
elevators,0.0,100,0.0,0.03,0.03,0.0
elevators,0.0,100,0.0,0.0,0.0,0.0
elevators,0.0,100,0.0,0.0,0.0,0.0
elevators,0.0,100,0.0,0.0,0.0,0.0
elevators,0.0,100,0.0,0.04,0.04,0.0
elevators,0.05,100,0.05,0.0,0.05,0.0
elevators,0.05,100,0.05,0.14,0.09,0.0
elevators,0.05,100,0.05,0.08,0.03,0.0
elevators,0.05,100,0.05,0.02,0.03,0.0
elevators,0.05,100,0.05,0.14,0.09,0.0
elevators,0.05,100,0.05,0.02,0.03,0.0
elevators,0.05,100,0.05,0.02,0.03,0.0
elevators,0.05,100,0.05,0.04,0.01,0.0
elevators,0.05,100,0.05,0.04,0.01,0.0
elevators,0.05,100,0.05,0.0,0.05,0.0
elevators,0.11,100,0.11,0.06,0.05,0.0
elevators,0.11,100,0.11,0.15,0.04,0.0
elevators,0.11,100,0.11,0.12,0.01,0.0
elevators,0.11,100,0.11,0.19,0.08,0.0
elevators,0.11,100,0.11,0.18,0.07,0.0
elevators,0.11,100,0.11,0.05,0.06,0.0
elevators,0.11,100,0.11,0.15,0.04,0.0
elevators,0.11,100,0.11,0.2,0.09,0.0
elevators,0.11,100,0.11,0.13,0.02,0.0
elevators,0.11,100,0.11,0.05,0.06,0.0
elevators,0.16,100,0.16,0.15,0.01,0.0
elevators,0.16,100,0.16,0.11,0.05,0.0
elevators,0.16,100,0.16,0.2,0.04,0.0
elevators,0.16,100,0.16,0.15,0.01,0.0
elevators,0.16,100,0.16,0.19,0.03,0.0
elevators,0.16,100,0.16,0.2,0.04,0.0
elevators,0.16,100,0.16,0.14,0.02,0.0
elevators,0.16,100,0.16,0.13,0.03,0.0
elevators,0.16,100,0.16,0.18,0.02,0.0
elevators,0.16,100,0.16,0.17,0.01,0.0
elevators,0.21,100,0.21,0.21,0.0,0.0
elevators,0.21,100,0.21,0.22,0.01,0.0
elevators,0.21,100,0.21,0.17,0.04,0.0
elevators,0.21,100,0.21,0.2,0.01,0.0
elevators,0.21,100,0.21,0.17,0.04,0.0
elevators,0.21,100,0.21,0.19,0.02,0.0
elevators,0.21,100,0.21,0.15,0.06,0.0
elevators,0.21,100,0.21,0.19,0.02,0.0
elevators,0.21,100,0.21,0.19,0.02,0.0
elevators,0.21,100,0.21,0.18,0.03,0.0
elevators,0.26,100,0.26,0.2,0.06,0.0
elevators,0.26,100,0.26,0.21,0.05,0.0
elevators,0.26,100,0.26,0.26,0.0,0.0
elevators,0.26,100,0.26,0.21,0.05,0.0
elevators,0.26,100,0.26,0.29,0.03,0.0
elevators,0.26,100,0.26,0.29,0.03,0.0
elevators,0.26,100,0.26,0.19,0.07,0.0
elevators,0.26,100,0.26,0.25,0.01,0.0
elevators,0.26,100,0.26,0.32,0.06,0.0
elevators,0.26,100,0.26,0.24,0.02,0.0
elevators,0.32,100,0.32,0.25,0.07,0.0
elevators,0.32,100,0.32,0.36,0.04,0.0
elevators,0.32,100,0.32,0.32,0.0,0.0
elevators,0.32,100,0.32,0.27,0.05,0.0
elevators,0.32,100,0.32,0.28,0.04,0.0
elevators,0.32,100,0.32,0.34,0.02,0.0
elevators,0.32,100,0.32,0.31,0.01,0.0
elevators,0.32,100,0.32,0.38,0.06,0.0
elevators,0.32,100,0.32,0.37,0.05,0.0
elevators,0.32,100,0.32,0.37,0.05,0.0
elevators,0.37,100,0.37,0.38,0.01,0.0
elevators,0.37,100,0.37,0.34,0.03,0.0
elevators,0.37,100,0.37,0.36,0.01,0.0
elevators,0.37,100,0.37,0.43,0.06,0.0
elevators,0.37,100,0.37,0.37,0.0,0.0
elevators,0.37,100,0.37,0.45,0.08,0.0
elevators,0.37,100,0.37,0.3,0.07,0.0
elevators,0.37,100,0.37,0.42,0.05,0.0
elevators,0.37,100,0.37,0.39,0.02,0.0
elevators,0.37,100,0.37,0.38,0.01,0.0
elevators,0.42,100,0.42,0.43,0.01,0.0
elevators,0.42,100,0.42,0.46,0.04,0.0
elevators,0.42,100,0.42,0.43,0.01,0.0
elevators,0.42,100,0.42,0.43,0.01,0.0
elevators,0.42,100,0.42,0.32,0.1,0.0
elevators,0.42,100,0.42,0.44,0.02,0.0
elevators,0.42,100,0.42,0.51,0.09,0.0
elevators,0.42,100,0.42,0.45,0.03,0.0
elevators,0.42,100,0.42,0.39,0.03,0.0
elevators,0.42,100,0.42,0.47,0.05,0.0
elevators,0.47,100,0.47,0.44,0.03,0.0
elevators,0.47,100,0.47,0.44,0.03,0.0
elevators,0.47,100,0.47,0.45,0.02,0.0
elevators,0.47,100,0.47,0.49,0.02,0.0
elevators,0.47,100,0.47,0.56,0.09,0.0
elevators,0.47,100,0.47,0.45,0.02,0.0
elevators,0.47,100,0.47,0.51,0.04,0.0
elevators,0.47,100,0.47,0.44,0.03,0.0
elevators,0.47,100,0.47,0.53,0.06,0.0
elevators,0.47,100,0.47,0.47,0.0,0.0
elevators,0.53,100,0.53,0.52,0.01,0.0
elevators,0.53,100,0.53,0.54,0.01,0.0
elevators,0.53,100,0.53,0.54,0.01,0.0
elevators,0.53,100,0.53,0.51,0.02,0.0
elevators,0.53,100,0.53,0.57,0.04,0.0
elevators,0.53,100,0.53,0.5,0.03,0.0
elevators,0.53,100,0.53,0.56,0.03,0.0
elevators,0.53,100,0.53,0.5,0.03,0.0
elevators,0.53,100,0.53,0.56,0.03,0.0
elevators,0.53,100,0.53,0.45,0.08,0.0
elevators,0.58,100,0.58,0.68,0.1,0.0
elevators,0.58,100,0.58,0.55,0.03,0.0
elevators,0.58,100,0.58,0.58,0.0,0.0
elevators,0.58,100,0.58,0.6,0.02,0.0
elevators,0.58,100,0.58,0.62,0.04,0.0
elevators,0.58,100,0.58,0.62,0.04,0.0
elevators,0.58,100,0.58,0.51,0.07,0.0
elevators,0.58,100,0.58,0.56,0.02,0.0
elevators,0.58,100,0.58,0.56,0.02,0.0
elevators,0.58,100,0.58,0.58,0.0,0.0
elevators,0.63,100,0.63,0.58,0.05,0.0
elevators,0.63,100,0.63,0.58,0.05,0.0
elevators,0.63,100,0.63,0.61,0.02,0.0
elevators,0.63,100,0.63,0.61,0.02,0.0
elevators,0.63,100,0.63,0.63,0.0,0.0
elevators,0.63,100,0.63,0.56,0.07,0.0
elevators,0.63,100,0.63,0.66,0.03,0.0
elevators,0.63,100,0.63,0.6,0.03,0.0
elevators,0.63,100,0.63,0.63,0.0,0.0025818347930908203
elevators,0.63,100,0.63,0.68,0.05,0.0
elevators,0.68,100,0.68,0.65,0.03,0.0
elevators,0.68,100,0.68,0.66,0.02,0.0
elevators,0.68,100,0.68,0.75,0.07,0.0
elevators,0.68,100,0.68,0.71,0.03,0.0
elevators,0.68,100,0.68,0.67,0.01,0.0
elevators,0.68,100,0.68,0.7,0.02,0.0
elevators,0.68,100,0.68,0.71,0.03,0.0
elevators,0.68,100,0.68,0.67,0.01,0.0
elevators,0.68,100,0.68,0.63,0.05,0.0
elevators,0.68,100,0.68,0.69,0.01,0.0
elevators,0.74,100,0.74,0.75,0.01,0.0
elevators,0.74,100,0.74,0.77,0.03,0.0
elevators,0.74,100,0.74,0.73,0.01,0.0
elevators,0.74,100,0.74,0.73,0.01,0.0
elevators,0.74,100,0.74,0.75,0.01,0.0
elevators,0.74,100,0.74,0.7,0.04,0.0
elevators,0.74,100,0.74,0.71,0.03,0.0010135173797607422
elevators,0.74,100,0.74,0.76,0.02,0.0
elevators,0.74,100,0.74,0.74,0.0,0.0
elevators,0.74,100,0.74,0.75,0.01,0.0
elevators,0.79,100,0.79,0.86,0.07,0.0
elevators,0.79,100,0.79,0.79,0.0,0.0
elevators,0.79,100,0.79,0.79,0.0,0.0
elevators,0.79,100,0.79,0.86,0.07,0.0
elevators,0.79,100,0.79,0.8,0.01,0.0
elevators,0.79,100,0.79,0.79,0.0,0.0
elevators,0.79,100,0.79,0.83,0.04,0.0
elevators,0.79,100,0.79,0.73,0.06,0.0
elevators,0.79,100,0.79,0.79,0.0,0.0
elevators,0.79,100,0.79,0.76,0.03,0.0
elevators,0.84,100,0.84,0.86,0.02,0.0
elevators,0.84,100,0.84,0.85,0.01,0.0
elevators,0.84,100,0.84,0.86,0.02,0.0
elevators,0.84,100,0.84,0.82,0.02,0.0
elevators,0.84,100,0.84,0.94,0.1,0.0
elevators,0.84,100,0.84,0.85,0.01,0.0
elevators,0.84,100,0.84,0.88,0.04,0.0
elevators,0.84,100,0.84,0.86,0.02,0.0
elevators,0.84,100,0.84,0.84,0.0,0.0
elevators,0.84,100,0.84,0.85,0.01,0.0
elevators,0.89,100,0.89,0.92,0.03,0.0
elevators,0.89,100,0.89,0.88,0.01,0.0
elevators,0.89,100,0.89,0.91,0.02,0.0
elevators,0.89,100,0.89,0.89,0.0,0.0
elevators,0.89,100,0.89,0.89,0.0,0.0
elevators,0.89,100,0.89,0.91,0.02,0.0
elevators,0.89,100,0.89,0.9,0.01,0.0009191036224365234
elevators,0.89,100,0.89,0.9,0.01,0.0
elevators,0.89,100,0.89,0.93,0.04,0.0
elevators,0.89,100,0.89,0.87,0.02,0.0
elevators,0.95,100,0.95,0.94,0.01,0.0
elevators,0.95,100,0.95,1.0,0.05,0.0
elevators,0.95,100,0.95,0.97,0.02,0.0
elevators,0.95,100,0.95,0.96,0.01,0.0
elevators,0.95,100,0.95,0.96,0.01,0.0
elevators,0.95,100,0.95,0.95,0.0,0.0
elevators,0.95,100,0.95,0.89,0.06,0.0
elevators,0.95,100,0.95,0.99,0.04,0.0
elevators,0.95,100,0.95,0.95,0.0,0.0
elevators,0.95,100,0.95,0.95,0.0,0.0
elevators,1.0,100,1.0,0.98,0.02,0.0
elevators,1.0,100,1.0,1.0,0.0,0.0
elevators,1.0,100,1.0,0.97,0.03,0.0
elevators,1.0,100,1.0,0.97,0.03,0.0
elevators,1.0,100,1.0,1.0,0.0,0.0
elevators,1.0,100,1.0,1.0,0.0,0.0
elevators,1.0,100,1.0,0.98,0.02,0.0
elevators,1.0,100,1.0,0.97,0.03,0.0
elevators,1.0,100,1.0,1.0,0.0,0.0
elevators,1.0,100,1.0,1.0,0.0,0.0
file79b563a1a18,0.0,100,0.0,0.15,0.15,0.0
file79b563a1a18,0.0,100,0.0,0.05,0.05,0.0
file79b563a1a18,0.0,100,0.0,0.0,0.0,0.0
file79b563a1a18,0.0,100,0.0,0.02,0.02,0.0
file79b563a1a18,0.0,100,0.0,0.15,0.15,0.0
file79b563a1a18,0.0,100,0.0,0.11,0.11,0.0
file79b563a1a18,0.0,100,0.0,0.12,0.12,0.0
file79b563a1a18,0.0,100,0.0,0.02,0.02,0.0
file79b563a1a18,0.0,100,0.0,0.14,0.14,0.0
file79b563a1a18,0.0,100,0.0,0.02,0.02,0.0
file79b563a1a18,0.05,100,0.05,0.21,0.16,0.0
file79b563a1a18,0.05,100,0.05,0.13,0.08,0.0
file79b563a1a18,0.05,100,0.05,0.19,0.14,0.0
file79b563a1a18,0.05,100,0.05,0.08,0.03,0.0
file79b563a1a18,0.05,100,0.05,0.08,0.03,0.0
file79b563a1a18,0.05,100,0.05,0.04,0.01,0.0
file79b563a1a18,0.05,100,0.05,0.1,0.05,0.0
file79b563a1a18,0.05,100,0.05,0.07,0.02,0.0
file79b563a1a18,0.05,100,0.05,0.15,0.1,0.0
file79b563a1a18,0.05,100,0.05,0.07,0.02,0.0
file79b563a1a18,0.11,100,0.11,0.14,0.03,0.0
file79b563a1a18,0.11,100,0.11,0.21,0.1,0.0
file79b563a1a18,0.11,100,0.11,0.12,0.01,0.0
file79b563a1a18,0.11,100,0.11,0.19,0.08,0.0
file79b563a1a18,0.11,100,0.11,0.1,0.01,0.0
file79b563a1a18,0.11,100,0.11,0.18,0.07,0.0
file79b563a1a18,0.11,100,0.11,0.2,0.09,0.0
file79b563a1a18,0.11,100,0.11,0.09,0.02,0.0
file79b563a1a18,0.11,100,0.11,0.15,0.04,0.0
file79b563a1a18,0.11,100,0.11,0.16,0.05,0.0
file79b563a1a18,0.16,100,0.16,0.14,0.02,0.0
file79b563a1a18,0.16,100,0.16,0.19,0.03,0.0
file79b563a1a18,0.16,100,0.16,0.31,0.15,0.0
file79b563a1a18,0.16,100,0.16,0.21,0.05,0.0
file79b563a1a18,0.16,100,0.16,0.21,0.05,0.0
file79b563a1a18,0.16,100,0.16,0.25,0.09,0.0
file79b563a1a18,0.16,100,0.16,0.15,0.01,0.0
file79b563a1a18,0.16,100,0.16,0.15,0.01,0.0
file79b563a1a18,0.16,100,0.16,0.12,0.04,0.0
file79b563a1a18,0.16,100,0.16,0.17,0.01,0.0
file79b563a1a18,0.21,100,0.21,0.3,0.09,0.0
file79b563a1a18,0.21,100,0.21,0.2,0.01,0.0
file79b563a1a18,0.21,100,0.21,0.21,0.0,0.0
file79b563a1a18,0.21,100,0.21,0.14,0.07,0.0
file79b563a1a18,0.21,100,0.21,0.21,0.0,0.0
file79b563a1a18,0.21,100,0.21,0.31,0.1,0.0
file79b563a1a18,0.21,100,0.21,0.24,0.03,0.0
file79b563a1a18,0.21,100,0.21,0.26,0.05,0.0
file79b563a1a18,0.21,100,0.21,0.28,0.07,0.0
file79b563a1a18,0.21,100,0.21,0.19,0.02,0.0
file79b563a1a18,0.26,100,0.26,0.29,0.03,0.0
file79b563a1a18,0.26,100,0.26,0.38,0.12,0.0
file79b563a1a18,0.26,100,0.26,0.32,0.06,0.0
file79b563a1a18,0.26,100,0.26,0.26,0.0,0.0
file79b563a1a18,0.26,100,0.26,0.17,0.09,0.0
file79b563a1a18,0.26,100,0.26,0.3,0.04,0.0
file79b563a1a18,0.26,100,0.26,0.3,0.04,0.0
file79b563a1a18,0.26,100,0.26,0.22,0.04,0.0
file79b563a1a18,0.26,100,0.26,0.26,0.0,0.0
file79b563a1a18,0.26,100,0.26,0.23,0.03,0.0
file79b563a1a18,0.32,100,0.32,0.36,0.04,0.0
file79b563a1a18,0.32,100,0.32,0.38,0.06,0.0
file79b563a1a18,0.32,100,0.32,0.32,0.0,0.0
file79b563a1a18,0.32,100,0.32,0.37,0.05,0.0
file79b563a1a18,0.32,100,0.32,0.31,0.01,0.0
file79b563a1a18,0.32,100,0.32,0.43,0.11,0.0
file79b563a1a18,0.32,100,0.32,0.32,0.0,0.0
file79b563a1a18,0.32,100,0.32,0.45,0.13,0.0
file79b563a1a18,0.32,100,0.32,0.39,0.07,0.0
file79b563a1a18,0.32,100,0.32,0.26,0.06,0.0
file79b563a1a18,0.37,100,0.37,0.48,0.11,0.0
file79b563a1a18,0.37,100,0.37,0.43,0.06,0.0
file79b563a1a18,0.37,100,0.37,0.38,0.01,0.0
file79b563a1a18,0.37,100,0.37,0.46,0.09,0.0
file79b563a1a18,0.37,100,0.37,0.4,0.03,0.0
file79b563a1a18,0.37,100,0.37,0.42,0.05,0.0
file79b563a1a18,0.37,100,0.37,0.38,0.01,0.0
file79b563a1a18,0.37,100,0.37,0.34,0.03,0.0
file79b563a1a18,0.37,100,0.37,0.33,0.04,0.0
file79b563a1a18,0.37,100,0.37,0.38,0.01,0.0
file79b563a1a18,0.42,100,0.42,0.53,0.11,0.0
file79b563a1a18,0.42,100,0.42,0.51,0.09,0.0
file79b563a1a18,0.42,100,0.42,0.47,0.05,0.0
file79b563a1a18,0.42,100,0.42,0.3,0.12,0.0
file79b563a1a18,0.42,100,0.42,0.38,0.04,0.0
file79b563a1a18,0.42,100,0.42,0.4,0.02,0.0
file79b563a1a18,0.42,100,0.42,0.41,0.01,0.0
file79b563a1a18,0.42,100,0.42,0.47,0.05,0.0
file79b563a1a18,0.42,100,0.42,0.42,0.0,0.0
file79b563a1a18,0.42,100,0.42,0.43,0.01,0.0
file79b563a1a18,0.47,100,0.47,0.42,0.05,0.0
file79b563a1a18,0.47,100,0.47,0.55,0.08,0.0
file79b563a1a18,0.47,100,0.47,0.48,0.01,0.0
file79b563a1a18,0.47,100,0.47,0.52,0.05,0.0
file79b563a1a18,0.47,100,0.47,0.46,0.01,0.0
file79b563a1a18,0.47,100,0.47,0.37,0.1,0.0
file79b563a1a18,0.47,100,0.47,0.43,0.04,0.0
file79b563a1a18,0.47,100,0.47,0.52,0.05,0.0
file79b563a1a18,0.47,100,0.47,0.46,0.01,0.0
file79b563a1a18,0.47,100,0.47,0.55,0.08,0.0
file79b563a1a18,0.53,100,0.53,0.67,0.14,0.0
file79b563a1a18,0.53,100,0.53,0.63,0.1,0.0
file79b563a1a18,0.53,100,0.53,0.55,0.02,0.0
file79b563a1a18,0.53,100,0.53,0.53,0.0,0.0
file79b563a1a18,0.53,100,0.53,0.51,0.02,0.0
file79b563a1a18,0.53,100,0.53,0.55,0.02,0.0
file79b563a1a18,0.53,100,0.53,0.52,0.01,0.0
file79b563a1a18,0.53,100,0.53,0.49,0.04,0.0
file79b563a1a18,0.53,100,0.53,0.52,0.01,0.0
file79b563a1a18,0.53,100,0.53,0.51,0.02,0.0
file79b563a1a18,0.58,100,0.58,0.54,0.04,0.0
file79b563a1a18,0.58,100,0.58,0.51,0.07,0.0
file79b563a1a18,0.58,100,0.58,0.66,0.08,0.0
file79b563a1a18,0.58,100,0.58,0.6,0.02,0.0
file79b563a1a18,0.58,100,0.58,0.6,0.02,0.0
file79b563a1a18,0.58,100,0.58,0.61,0.03,0.0
file79b563a1a18,0.58,100,0.58,0.62,0.04,0.0
file79b563a1a18,0.58,100,0.58,0.52,0.06,0.0
file79b563a1a18,0.58,100,0.58,0.63,0.05,0.0
file79b563a1a18,0.58,100,0.58,0.55,0.03,0.0
file79b563a1a18,0.63,100,0.63,0.66,0.03,0.0
file79b563a1a18,0.63,100,0.63,0.59,0.04,0.0
file79b563a1a18,0.63,100,0.63,0.67,0.04,0.0
file79b563a1a18,0.63,100,0.63,0.67,0.04,0.0
file79b563a1a18,0.63,100,0.63,0.74,0.11,0.0
file79b563a1a18,0.63,100,0.63,0.58,0.05,0.0
file79b563a1a18,0.63,100,0.63,0.66,0.03,0.0
file79b563a1a18,0.63,100,0.63,0.55,0.08,0.0
file79b563a1a18,0.63,100,0.63,0.61,0.02,0.0
file79b563a1a18,0.63,100,0.63,0.63,0.0,0.0
file79b563a1a18,0.68,100,0.68,0.62,0.06,0.0
file79b563a1a18,0.68,100,0.68,0.59,0.09,0.0
file79b563a1a18,0.68,100,0.68,0.69,0.01,0.0
file79b563a1a18,0.68,100,0.68,0.63,0.05,0.0
file79b563a1a18,0.68,100,0.68,0.69,0.01,0.0
file79b563a1a18,0.68,100,0.68,0.72,0.04,0.0
file79b563a1a18,0.68,100,0.68,0.63,0.05,0.0
file79b563a1a18,0.68,100,0.68,0.69,0.01,0.0
file79b563a1a18,0.68,100,0.68,0.7,0.02,0.0
file79b563a1a18,0.68,100,0.68,0.69,0.01,0.0
file79b563a1a18,0.74,100,0.74,0.77,0.03,0.0
file79b563a1a18,0.74,100,0.74,0.68,0.06,0.0
file79b563a1a18,0.74,100,0.74,0.73,0.01,0.0
file79b563a1a18,0.74,100,0.74,0.69,0.05,0.0
file79b563a1a18,0.74,100,0.74,0.71,0.03,0.0
file79b563a1a18,0.74,100,0.74,0.76,0.02,0.0
file79b563a1a18,0.74,100,0.74,0.75,0.01,0.0
file79b563a1a18,0.74,100,0.74,0.77,0.03,0.0
file79b563a1a18,0.74,100,0.74,0.74,0.0,0.0
file79b563a1a18,0.74,100,0.74,0.64,0.1,0.0
file79b563a1a18,0.79,100,0.79,0.73,0.06,0.0
file79b563a1a18,0.79,100,0.79,0.75,0.04,0.0
file79b563a1a18,0.79,100,0.79,0.84,0.05,0.0
file79b563a1a18,0.79,100,0.79,0.8,0.01,0.0
file79b563a1a18,0.79,100,0.79,0.8,0.01,0.0
file79b563a1a18,0.79,100,0.79,0.69,0.1,0.0
file79b563a1a18,0.79,100,0.79,0.75,0.04,0.0
file79b563a1a18,0.79,100,0.79,0.76,0.03,0.0
file79b563a1a18,0.79,100,0.79,0.74,0.05,0.0
file79b563a1a18,0.79,100,0.79,0.86,0.07,0.0
file79b563a1a18,0.84,100,0.84,0.83,0.01,0.0
file79b563a1a18,0.84,100,0.84,0.82,0.02,0.0
file79b563a1a18,0.84,100,0.84,0.81,0.03,0.0
file79b563a1a18,0.84,100,0.84,0.75,0.09,0.0
file79b563a1a18,0.84,100,0.84,0.88,0.04,0.0
file79b563a1a18,0.84,100,0.84,0.76,0.08,0.0
file79b563a1a18,0.84,100,0.84,0.88,0.04,0.0
file79b563a1a18,0.84,100,0.84,0.81,0.03,0.0
file79b563a1a18,0.84,100,0.84,0.84,0.0,0.0
file79b563a1a18,0.84,100,0.84,0.8,0.04,0.0
file79b563a1a18,0.89,100,0.89,0.85,0.04,0.0
file79b563a1a18,0.89,100,0.89,0.89,0.0,0.0
file79b563a1a18,0.89,100,0.89,0.84,0.05,0.0
file79b563a1a18,0.89,100,0.89,0.92,0.03,0.0
file79b563a1a18,0.89,100,0.89,0.84,0.05,0.0
file79b563a1a18,0.89,100,0.89,0.81,0.08,0.0
file79b563a1a18,0.89,100,0.89,0.84,0.05,0.0
file79b563a1a18,0.89,100,0.89,0.82,0.07,0.0
file79b563a1a18,0.89,100,0.89,0.85,0.04,0.0
file79b563a1a18,0.89,100,0.89,0.94,0.05,0.0
file79b563a1a18,0.95,100,0.95,0.94,0.01,0.0
file79b563a1a18,0.95,100,0.95,0.91,0.04,0.0
file79b563a1a18,0.95,100,0.95,0.9,0.05,0.0
file79b563a1a18,0.95,100,0.95,0.95,0.0,0.0
file79b563a1a18,0.95,100,0.95,0.92,0.03,0.0
file79b563a1a18,0.95,100,0.95,0.92,0.03,0.0
file79b563a1a18,0.95,100,0.95,0.89,0.06,0.0
file79b563a1a18,0.95,100,0.95,0.95,0.0,0.0
file79b563a1a18,0.95,100,0.95,0.94,0.01,0.0
file79b563a1a18,0.95,100,0.95,0.92,0.03,0.0
file79b563a1a18,1.0,100,1.0,0.9,0.1,0.0
file79b563a1a18,1.0,100,1.0,1.0,0.0,0.0
file79b563a1a18,1.0,100,1.0,0.94,0.06,0.0
file79b563a1a18,1.0,100,1.0,0.9,0.1,0.0
file79b563a1a18,1.0,100,1.0,0.93,0.07,0.0
file79b563a1a18,1.0,100,1.0,0.92,0.08,0.0
file79b563a1a18,1.0,100,1.0,0.94,0.06,0.0
file79b563a1a18,1.0,100,1.0,0.98,0.02,0.0
file79b563a1a18,1.0,100,1.0,0.92,0.08,0.0
file79b563a1a18,1.0,100,1.0,0.93,0.07,0.0
fried,0.0,100,0.0,0.0,0.0,0.0
fried,0.0,100,0.0,0.0,0.0,0.0
fried,0.0,100,0.0,0.0,0.0,0.0
fried,0.0,100,0.0,0.02,0.02,0.0
fried,0.0,100,0.0,0.02,0.02,0.0
fried,0.0,100,0.0,0.0,0.0,0.0
fried,0.0,100,0.0,0.0,0.0,0.0
fried,0.0,100,0.0,0.0,0.0,0.0
fried,0.0,100,0.0,0.0,0.0,0.0
fried,0.0,100,0.0,0.0,0.0,0.0
fried,0.05,100,0.05,0.13,0.08,0.0007226467132568359
fried,0.05,100,0.05,0.07,0.02,0.0
fried,0.05,100,0.05,0.11,0.06,0.0
fried,0.05,100,0.05,0.0,0.05,0.0
fried,0.05,100,0.05,0.09,0.04,0.0
fried,0.05,100,0.05,0.02,0.03,0.0
fried,0.05,100,0.05,0.02,0.03,0.0
fried,0.05,100,0.05,0.08,0.03,0.0
fried,0.05,100,0.05,0.07,0.02,0.0
fried,0.05,100,0.05,0.02,0.03,0.0
fried,0.11,100,0.11,0.14,0.03,0.0
fried,0.11,100,0.11,0.13,0.02,0.0
fried,0.11,100,0.11,0.14,0.03,0.0
fried,0.11,100,0.11,0.11,0.0,0.0
fried,0.11,100,0.11,0.17,0.06,0.0
fried,0.11,100,0.11,0.08,0.03,0.0
fried,0.11,100,0.11,0.15,0.04,0.0
fried,0.11,100,0.11,0.2,0.09,0.0
fried,0.11,100,0.11,0.23,0.12,0.0
fried,0.11,100,0.11,0.24,0.13,0.0
fried,0.16,100,0.16,0.2,0.04,0.0
fried,0.16,100,0.16,0.21,0.05,0.0
fried,0.16,100,0.16,0.16,0.0,0.0
fried,0.16,100,0.16,0.22,0.06,0.0
fried,0.16,100,0.16,0.13,0.03,0.0
fried,0.16,100,0.16,0.11,0.05,0.0
fried,0.16,100,0.16,0.13,0.03,0.0
fried,0.16,100,0.16,0.23,0.07,0.0
fried,0.16,100,0.16,0.14,0.02,0.0
fried,0.16,100,0.16,0.17,0.01,0.0
fried,0.21,100,0.21,0.12,0.09,0.0
fried,0.21,100,0.21,0.23,0.02,0.0
fried,0.21,100,0.21,0.12,0.09,0.0
fried,0.21,100,0.21,0.28,0.07,0.0
fried,0.21,100,0.21,0.23,0.02,0.0
fried,0.21,100,0.21,0.22,0.01,0.0
fried,0.21,100,0.21,0.18,0.03,0.0
fried,0.21,100,0.21,0.24,0.03,0.0
fried,0.21,100,0.21,0.23,0.02,0.0
fried,0.21,100,0.21,0.29,0.08,0.0
fried,0.26,100,0.26,0.27,0.01,0.0
fried,0.26,100,0.26,0.25,0.01,0.0
fried,0.26,100,0.26,0.21,0.05,0.0
fried,0.26,100,0.26,0.28,0.02,0.0
fried,0.26,100,0.26,0.31,0.05,0.0
fried,0.26,100,0.26,0.24,0.02,0.0
fried,0.26,100,0.26,0.36,0.1,0.0
fried,0.26,100,0.26,0.25,0.01,0.0
fried,0.26,100,0.26,0.28,0.02,0.0
fried,0.26,100,0.26,0.28,0.02,0.0
fried,0.32,100,0.32,0.4,0.08,0.0
fried,0.32,100,0.32,0.32,0.0,0.0
fried,0.32,100,0.32,0.36,0.04,0.0
fried,0.32,100,0.32,0.32,0.0,0.0
fried,0.32,100,0.32,0.25,0.07,0.0
fried,0.32,100,0.32,0.28,0.04,0.0
fried,0.32,100,0.32,0.3,0.02,0.0
fried,0.32,100,0.32,0.31,0.01,0.0
fried,0.32,100,0.32,0.27,0.05,0.0
fried,0.32,100,0.32,0.35,0.03,0.0
fried,0.37,100,0.37,0.36,0.01,0.0
fried,0.37,100,0.37,0.43,0.06,0.0
fried,0.37,100,0.37,0.31,0.06,0.0
fried,0.37,100,0.37,0.34,0.03,0.0
fried,0.37,100,0.37,0.35,0.02,0.0
fried,0.37,100,0.37,0.34,0.03,0.0
fried,0.37,100,0.37,0.38,0.01,0.0
fried,0.37,100,0.37,0.37,0.0,0.0
fried,0.37,100,0.37,0.39,0.02,0.0
fried,0.37,100,0.37,0.4,0.03,0.0
fried,0.42,100,0.42,0.46,0.04,0.0
fried,0.42,100,0.42,0.46,0.04,0.0
fried,0.42,100,0.42,0.4,0.02,0.0
fried,0.42,100,0.42,0.39,0.03,0.0009984970092773438
fried,0.42,100,0.42,0.45,0.03,0.0
fried,0.42,100,0.42,0.38,0.04,0.0
fried,0.42,100,0.42,0.41,0.01,0.0
fried,0.42,100,0.42,0.45,0.03,0.0
fried,0.42,100,0.42,0.43,0.01,0.0
fried,0.42,100,0.42,0.43,0.01,0.0
fried,0.47,100,0.47,0.52,0.05,0.0
fried,0.47,100,0.47,0.47,0.0,0.0
fried,0.47,100,0.47,0.51,0.04,0.0
fried,0.47,100,0.47,0.48,0.01,0.0
fried,0.47,100,0.47,0.4,0.07,0.0
fried,0.47,100,0.47,0.42,0.05,0.0
fried,0.47,100,0.47,0.39,0.08,0.0
fried,0.47,100,0.47,0.48,0.01,0.0
fried,0.47,100,0.47,0.56,0.09,0.0
fried,0.47,100,0.47,0.45,0.02,0.0
fried,0.53,100,0.53,0.56,0.03,0.0
fried,0.53,100,0.53,0.64,0.11,0.0
fried,0.53,100,0.53,0.65,0.12,0.0
fried,0.53,100,0.53,0.54,0.01,0.0
fried,0.53,100,0.53,0.53,0.0,0.0
fried,0.53,100,0.53,0.56,0.03,0.0
fried,0.53,100,0.53,0.64,0.11,0.0
fried,0.53,100,0.53,0.44,0.09,0.0
fried,0.53,100,0.53,0.52,0.01,0.0
fried,0.53,100,0.53,0.53,0.0,0.0
fried,0.58,100,0.58,0.68,0.1,0.0
fried,0.58,100,0.58,0.67,0.09,0.0
fried,0.58,100,0.58,0.66,0.08,0.0
fried,0.58,100,0.58,0.64,0.06,0.0
fried,0.58,100,0.58,0.45,0.13,0.0
fried,0.58,100,0.58,0.55,0.03,0.0
fried,0.58,100,0.58,0.54,0.04,0.0
fried,0.58,100,0.58,0.56,0.02,0.0
fried,0.58,100,0.58,0.55,0.03,0.0
fried,0.58,100,0.58,0.52,0.06,0.0
fried,0.63,100,0.63,0.69,0.06,0.0
fried,0.63,100,0.63,0.59,0.04,0.0
fried,0.63,100,0.63,0.57,0.06,0.0
fried,0.63,100,0.63,0.64,0.01,0.0
fried,0.63,100,0.63,0.6,0.03,0.0
fried,0.63,100,0.63,0.71,0.08,0.0
fried,0.63,100,0.63,0.59,0.04,0.0
fried,0.63,100,0.63,0.7,0.07,0.0
fried,0.63,100,0.63,0.65,0.02,0.0
fried,0.63,100,0.63,0.73,0.1,0.002969026565551758
fried,0.68,100,0.68,0.63,0.05,0.0
fried,0.68,100,0.68,0.65,0.03,0.0
fried,0.68,100,0.68,0.68,0.0,0.0
fried,0.68,100,0.68,0.64,0.04,0.0
fried,0.68,100,0.68,0.66,0.02,0.0
fried,0.68,100,0.68,0.59,0.09,0.0
fried,0.68,100,0.68,0.71,0.03,0.0
fried,0.68,100,0.68,0.73,0.05,0.0
fried,0.68,100,0.68,0.74,0.06,0.0
fried,0.68,100,0.68,0.74,0.06,0.0
fried,0.74,100,0.74,0.73,0.01,0.0
fried,0.74,100,0.74,0.73,0.01,0.015085220336914062
fried,0.74,100,0.74,0.75,0.01,0.0
fried,0.74,100,0.74,0.82,0.08,0.0
fried,0.74,100,0.74,0.71,0.03,0.0
fried,0.74,100,0.74,0.74,0.0,0.0
fried,0.74,100,0.74,0.77,0.03,0.0
fried,0.74,100,0.74,0.82,0.08,0.0
fried,0.74,100,0.74,0.74,0.0,0.0
fried,0.74,100,0.74,0.82,0.08,0.0
fried,0.79,100,0.79,0.87,0.08,0.0
fried,0.79,100,0.79,0.78,0.01,0.0
fried,0.79,100,0.79,0.8,0.01,0.0
fried,0.79,100,0.79,0.79,0.0,0.0
fried,0.79,100,0.79,0.85,0.06,0.0
fried,0.79,100,0.79,0.78,0.01,0.0
fried,0.79,100,0.79,0.83,0.04,0.0
fried,0.79,100,0.79,0.86,0.07,0.0
fried,0.79,100,0.79,0.8,0.01,0.0
fried,0.79,100,0.79,0.78,0.01,0.015623092651367188
fried,0.84,100,0.84,0.89,0.05,0.0
fried,0.84,100,0.84,0.8,0.04,0.0
fried,0.84,100,0.84,0.84,0.0,0.0
fried,0.84,100,0.84,0.91,0.07,0.0
fried,0.84,100,0.84,0.85,0.01,0.0
fried,0.84,100,0.84,0.85,0.01,0.0
fried,0.84,100,0.84,0.92,0.08,0.0
fried,0.84,100,0.84,0.85,0.01,0.0
fried,0.84,100,0.84,0.87,0.03,0.0
fried,0.84,100,0.84,0.81,0.03,0.0
fried,0.89,100,0.89,0.85,0.04,0.0
fried,0.89,100,0.89,0.97,0.08,0.0
fried,0.89,100,0.89,0.84,0.05,0.0
fried,0.89,100,0.89,0.85,0.04,0.0
fried,0.89,100,0.89,0.85,0.04,0.0
fried,0.89,100,0.89,0.93,0.04,0.0
fried,0.89,100,0.89,0.91,0.02,0.0
fried,0.89,100,0.89,0.86,0.03,0.0
fried,0.89,100,0.89,0.88,0.01,0.0
fried,0.89,100,0.89,0.93,0.04,0.0
fried,0.95,100,0.95,0.98,0.03,0.0
fried,0.95,100,0.95,0.89,0.06,0.0
fried,0.95,100,0.95,0.95,0.0,0.0
fried,0.95,100,0.95,0.94,0.01,0.0
fried,0.95,100,0.95,0.88,0.07,0.0
fried,0.95,100,0.95,0.96,0.01,0.0
fried,0.95,100,0.95,0.93,0.02,0.0
fried,0.95,100,0.95,0.89,0.06,0.0
fried,0.95,100,0.95,0.91,0.04,0.0
fried,0.95,100,0.95,0.96,0.01,0.0
fried,1.0,100,1.0,1.0,0.0,0.0
fried,1.0,100,1.0,1.0,0.0,0.0
fried,1.0,100,1.0,1.0,0.0,0.0
fried,1.0,100,1.0,0.97,0.03,0.0
fried,1.0,100,1.0,1.0,0.0,0.0
fried,1.0,100,1.0,0.98,0.02,0.0
fried,1.0,100,1.0,0.95,0.05,0.0
fried,1.0,100,1.0,0.94,0.06,0.0
fried,1.0,100,1.0,1.0,0.0,0.0
fried,1.0,100,1.0,1.0,0.0,0.0
fri_c2_1000_10,0.0,100,0.0,0.0,0.0,0.0
fri_c2_1000_10,0.0,100,0.0,0.0,0.0,0.0
fri_c2_1000_10,0.0,100,0.0,0.0,0.0,0.0
fri_c2_1000_10,0.0,100,0.0,0.0,0.0,0.0
fri_c2_1000_10,0.0,100,0.0,0.0,0.0,0.0
fri_c2_1000_10,0.0,100,0.0,0.0,0.0,0.0
fri_c2_1000_10,0.0,100,0.0,0.0,0.0,0.0
fri_c2_1000_10,0.0,100,0.0,0.0,0.0,0.0
fri_c2_1000_10,0.0,100,0.0,0.15,0.15,0.0
fri_c2_1000_10,0.0,100,0.0,0.13,0.13,0.0
fri_c2_1000_10,0.05,100,0.05,0.0,0.05,0.0
fri_c2_1000_10,0.05,100,0.05,0.04,0.01,0.0
fri_c2_1000_10,0.05,100,0.05,0.14,0.09,0.0
fri_c2_1000_10,0.05,100,0.05,0.0,0.05,0.0
fri_c2_1000_10,0.05,100,0.05,0.11,0.06,0.0
fri_c2_1000_10,0.05,100,0.05,0.25,0.2,0.0
fri_c2_1000_10,0.05,100,0.05,0.0,0.05,0.0
fri_c2_1000_10,0.05,100,0.05,0.06,0.01,0.0
fri_c2_1000_10,0.05,100,0.05,0.14,0.09,0.0
fri_c2_1000_10,0.05,100,0.05,0.08,0.03,0.0
fri_c2_1000_10,0.11,100,0.11,0.09,0.02,0.0
fri_c2_1000_10,0.11,100,0.11,0.0,0.11,0.0
fri_c2_1000_10,0.11,100,0.11,0.02,0.09,0.0
fri_c2_1000_10,0.11,100,0.11,0.13,0.02,0.0
fri_c2_1000_10,0.11,100,0.11,0.01,0.1,0.0
fri_c2_1000_10,0.11,100,0.11,0.22,0.11,0.0
fri_c2_1000_10,0.11,100,0.11,0.18,0.07,0.0
fri_c2_1000_10,0.11,100,0.11,0.0,0.11,0.0
fri_c2_1000_10,0.11,100,0.11,0.12,0.01,0.0
fri_c2_1000_10,0.11,100,0.11,0.39,0.28,0.0
fri_c2_1000_10,0.16,100,0.16,0.2,0.04,0.0
fri_c2_1000_10,0.16,100,0.16,0.08,0.08,0.0
fri_c2_1000_10,0.16,100,0.16,0.28,0.12,0.0
fri_c2_1000_10,0.16,100,0.16,0.26,0.1,0.0
fri_c2_1000_10,0.16,100,0.16,0.24,0.08,0.0
fri_c2_1000_10,0.16,100,0.16,0.3,0.14,0.0
fri_c2_1000_10,0.16,100,0.16,0.01,0.15,0.0
fri_c2_1000_10,0.16,100,0.16,0.1,0.06,0.0
fri_c2_1000_10,0.16,100,0.16,0.23,0.07,0.0
fri_c2_1000_10,0.16,100,0.16,0.15,0.01,0.0007874965667724609
fri_c2_1000_10,0.21,100,0.21,0.28,0.07,0.0
fri_c2_1000_10,0.21,100,0.21,0.11,0.1,0.0
fri_c2_1000_10,0.21,100,0.21,0.25,0.04,0.0
fri_c2_1000_10,0.21,100,0.21,0.12,0.09,0.0
fri_c2_1000_10,0.21,100,0.21,0.29,0.08,0.0
fri_c2_1000_10,0.21,100,0.21,0.44,0.23,0.0
fri_c2_1000_10,0.21,100,0.21,0.33,0.12,0.0
fri_c2_1000_10,0.21,100,0.21,0.4,0.19,0.0
fri_c2_1000_10,0.21,100,0.21,0.18,0.03,0.0
fri_c2_1000_10,0.21,100,0.21,0.13,0.08,0.0
fri_c2_1000_10,0.26,100,0.26,0.31,0.05,0.0
fri_c2_1000_10,0.26,100,0.26,0.27,0.01,0.0
fri_c2_1000_10,0.26,100,0.26,0.17,0.09,0.0
fri_c2_1000_10,0.26,100,0.26,0.35,0.09,0.0
fri_c2_1000_10,0.26,100,0.26,0.21,0.05,0.0
fri_c2_1000_10,0.26,100,0.26,0.43,0.17,0.0
fri_c2_1000_10,0.26,100,0.26,0.33,0.07,0.0
fri_c2_1000_10,0.26,100,0.26,0.44,0.18,0.0
fri_c2_1000_10,0.26,100,0.26,0.14,0.12,0.0
fri_c2_1000_10,0.26,100,0.26,0.0,0.26,0.0
fri_c2_1000_10,0.32,100,0.32,0.29,0.03,0.0
fri_c2_1000_10,0.32,100,0.32,0.33,0.01,0.0
fri_c2_1000_10,0.32,100,0.32,0.38,0.06,0.0
fri_c2_1000_10,0.32,100,0.32,0.5,0.18,0.0
fri_c2_1000_10,0.32,100,0.32,0.21,0.11,0.0
fri_c2_1000_10,0.32,100,0.32,0.33,0.01,0.0
fri_c2_1000_10,0.32,100,0.32,0.18,0.14,0.0
fri_c2_1000_10,0.32,100,0.32,0.46,0.14,0.0
fri_c2_1000_10,0.32,100,0.32,0.41,0.09,0.0
fri_c2_1000_10,0.32,100,0.32,0.4,0.08,0.0
fri_c2_1000_10,0.37,100,0.37,0.45,0.08,0.0
fri_c2_1000_10,0.37,100,0.37,0.38,0.01,0.0
fri_c2_1000_10,0.37,100,0.37,0.52,0.15,0.0
fri_c2_1000_10,0.37,100,0.37,0.41,0.04,0.0
fri_c2_1000_10,0.37,100,0.37,0.37,0.0,0.0
fri_c2_1000_10,0.37,100,0.37,0.34,0.03,0.0
fri_c2_1000_10,0.37,100,0.37,0.36,0.01,0.0
fri_c2_1000_10,0.37,100,0.37,0.45,0.08,0.0
fri_c2_1000_10,0.37,100,0.37,0.4,0.03,0.0
fri_c2_1000_10,0.37,100,0.37,0.51,0.14,0.0
fri_c2_1000_10,0.42,100,0.42,0.55,0.13,0.0
fri_c2_1000_10,0.42,100,0.42,0.43,0.01,0.0
fri_c2_1000_10,0.42,100,0.42,0.34,0.08,0.0
fri_c2_1000_10,0.42,100,0.42,0.41,0.01,0.0
fri_c2_1000_10,0.42,100,0.42,0.46,0.04,0.0
fri_c2_1000_10,0.42,100,0.42,0.4,0.02,0.0
fri_c2_1000_10,0.42,100,0.42,0.57,0.15,0.0
fri_c2_1000_10,0.42,100,0.42,0.6,0.18,0.0
fri_c2_1000_10,0.42,100,0.42,0.55,0.13,0.0
fri_c2_1000_10,0.42,100,0.42,0.55,0.13,0.0
fri_c2_1000_10,0.47,100,0.47,0.57,0.1,0.0
fri_c2_1000_10,0.47,100,0.47,0.46,0.01,0.0
fri_c2_1000_10,0.47,100,0.47,0.34,0.13,0.0
fri_c2_1000_10,0.47,100,0.47,0.42,0.05,0.0
fri_c2_1000_10,0.47,100,0.47,0.45,0.02,0.0
fri_c2_1000_10,0.47,100,0.47,0.38,0.09,0.0
fri_c2_1000_10,0.47,100,0.47,0.55,0.08,0.0
fri_c2_1000_10,0.47,100,0.47,0.47,0.0,0.0
fri_c2_1000_10,0.47,100,0.47,0.59,0.12,0.0
fri_c2_1000_10,0.47,100,0.47,0.62,0.15,0.0
fri_c2_1000_10,0.53,100,0.53,0.38,0.15,0.0
fri_c2_1000_10,0.53,100,0.53,0.84,0.31,0.0
fri_c2_1000_10,0.53,100,0.53,0.62,0.09,0.0
fri_c2_1000_10,0.53,100,0.53,0.54,0.01,0.0
fri_c2_1000_10,0.53,100,0.53,0.54,0.01,0.0010023117065429688
fri_c2_1000_10,0.53,100,0.53,0.44,0.09,0.0
fri_c2_1000_10,0.53,100,0.53,0.61,0.08,0.0
fri_c2_1000_10,0.53,100,0.53,0.44,0.09,0.0
fri_c2_1000_10,0.53,100,0.53,0.64,0.11,0.0
fri_c2_1000_10,0.53,100,0.53,0.65,0.12,0.0
fri_c2_1000_10,0.58,100,0.58,0.57,0.01,0.0
fri_c2_1000_10,0.58,100,0.58,0.54,0.04,0.0
fri_c2_1000_10,0.58,100,0.58,0.65,0.07,0.0
fri_c2_1000_10,0.58,100,0.58,0.52,0.06,0.0
fri_c2_1000_10,0.58,100,0.58,0.83,0.25,0.0
fri_c2_1000_10,0.58,100,0.58,0.64,0.06,0.0
fri_c2_1000_10,0.58,100,0.58,0.7,0.12,0.0
fri_c2_1000_10,0.58,100,0.58,0.77,0.19,0.0
fri_c2_1000_10,0.58,100,0.58,0.69,0.11,0.0
fri_c2_1000_10,0.58,100,0.58,0.54,0.04,0.0
fri_c2_1000_10,0.63,100,0.63,0.84,0.21,0.0
fri_c2_1000_10,0.63,100,0.63,0.66,0.03,0.0
fri_c2_1000_10,0.63,100,0.63,0.62,0.01,0.0
fri_c2_1000_10,0.63,100,0.63,0.76,0.13,0.0
fri_c2_1000_10,0.63,100,0.63,0.72,0.09,0.00017690658569335938
fri_c2_1000_10,0.63,100,0.63,0.64,0.01,0.0
fri_c2_1000_10,0.63,100,0.63,0.63,0.0,0.0
fri_c2_1000_10,0.63,100,0.63,0.65,0.02,0.0
fri_c2_1000_10,0.63,100,0.63,0.6,0.03,0.0
fri_c2_1000_10,0.63,100,0.63,0.7,0.07,0.0
fri_c2_1000_10,0.68,100,0.68,0.71,0.03,0.0
fri_c2_1000_10,0.68,100,0.68,0.63,0.05,0.0
fri_c2_1000_10,0.68,100,0.68,0.8,0.12,0.0
fri_c2_1000_10,0.68,100,0.68,0.84,0.16,0.0
fri_c2_1000_10,0.68,100,0.68,0.71,0.03,0.0
fri_c2_1000_10,0.68,100,0.68,0.76,0.08,0.0
fri_c2_1000_10,0.68,100,0.68,0.69,0.01,0.0
fri_c2_1000_10,0.68,100,0.68,0.75,0.07,0.0
fri_c2_1000_10,0.68,100,0.68,0.68,0.0,0.0
fri_c2_1000_10,0.68,100,0.68,0.71,0.03,0.0
fri_c2_1000_10,0.74,100,0.74,0.64,0.1,0.0
fri_c2_1000_10,0.74,100,0.74,0.83,0.09,0.0
fri_c2_1000_10,0.74,100,0.74,0.81,0.07,0.0
fri_c2_1000_10,0.74,100,0.74,0.84,0.1,0.0
fri_c2_1000_10,0.74,100,0.74,0.9,0.16,0.0
fri_c2_1000_10,0.74,100,0.74,0.86,0.12,0.0
fri_c2_1000_10,0.74,100,0.74,0.88,0.14,0.0
fri_c2_1000_10,0.74,100,0.74,0.93,0.19,0.0
fri_c2_1000_10,0.74,100,0.74,0.84,0.1,0.0
fri_c2_1000_10,0.74,100,0.74,0.78,0.04,0.0
fri_c2_1000_10,0.79,100,0.79,0.79,0.0,0.0
fri_c2_1000_10,0.79,100,0.79,0.88,0.09,0.0
fri_c2_1000_10,0.79,100,0.79,0.92,0.13,0.0
fri_c2_1000_10,0.79,100,0.79,0.93,0.14,0.0
fri_c2_1000_10,0.79,100,0.79,0.92,0.13,0.0
fri_c2_1000_10,0.79,100,0.79,0.72,0.07,0.0
fri_c2_1000_10,0.79,100,0.79,0.78,0.01,0.0
fri_c2_1000_10,0.79,100,0.79,0.79,0.0,0.0
fri_c2_1000_10,0.79,100,0.79,0.99,0.2,0.0
fri_c2_1000_10,0.79,100,0.79,1.0,0.21,0.0
fri_c2_1000_10,0.84,100,0.84,0.87,0.03,0.0
fri_c2_1000_10,0.84,100,0.84,1.0,0.16,0.0
fri_c2_1000_10,0.84,100,0.84,0.8,0.04,0.0
fri_c2_1000_10,0.84,100,0.84,0.85,0.01,0.0
fri_c2_1000_10,0.84,100,0.84,0.97,0.13,0.0
fri_c2_1000_10,0.84,100,0.84,0.88,0.04,0.0
fri_c2_1000_10,0.84,100,0.84,0.93,0.09,0.0
fri_c2_1000_10,0.84,100,0.84,0.98,0.14,0.0
fri_c2_1000_10,0.84,100,0.84,0.84,0.0,0.0
fri_c2_1000_10,0.84,100,0.84,1.0,0.16,0.0
fri_c2_1000_10,0.89,100,0.89,1.0,0.11,0.0
fri_c2_1000_10,0.89,100,0.89,1.0,0.11,0.0
fri_c2_1000_10,0.89,100,0.89,0.94,0.05,0.0
fri_c2_1000_10,0.89,100,0.89,0.97,0.08,0.0
fri_c2_1000_10,0.89,100,0.89,0.86,0.03,0.0
fri_c2_1000_10,0.89,100,0.89,0.92,0.03,0.0
fri_c2_1000_10,0.89,100,0.89,0.97,0.08,0.0
fri_c2_1000_10,0.89,100,0.89,0.98,0.09,0.0
fri_c2_1000_10,0.89,100,0.89,0.82,0.07,0.0
fri_c2_1000_10,0.89,100,0.89,1.0,0.11,0.0
fri_c2_1000_10,0.95,100,0.95,0.99,0.04,0.0
fri_c2_1000_10,0.95,100,0.95,1.0,0.05,0.0
fri_c2_1000_10,0.95,100,0.95,1.0,0.05,0.0
fri_c2_1000_10,0.95,100,0.95,0.97,0.02,0.0
fri_c2_1000_10,0.95,100,0.95,1.0,0.05,0.0
fri_c2_1000_10,0.95,100,0.95,1.0,0.05,0.0
fri_c2_1000_10,0.95,100,0.95,0.99,0.04,0.0
fri_c2_1000_10,0.95,100,0.95,1.0,0.05,0.0
fri_c2_1000_10,0.95,100,0.95,1.0,0.05,0.0
fri_c2_1000_10,0.95,100,0.95,1.0,0.05,0.0
fri_c2_1000_10,1.0,100,1.0,1.0,0.0,0.0
fri_c2_1000_10,1.0,100,1.0,1.0,0.0,0.0
fri_c2_1000_10,1.0,100,1.0,1.0,0.0,0.0
fri_c2_1000_10,1.0,100,1.0,1.0,0.0,0.0
fri_c2_1000_10,1.0,100,1.0,1.0,0.0,0.0
fri_c2_1000_10,1.0,100,1.0,1.0,0.0,0.0
fri_c2_1000_10,1.0,100,1.0,1.0,0.0,0.0
fri_c2_1000_10,1.0,100,1.0,1.0,0.0,0.0
fri_c2_1000_10,1.0,100,1.0,1.0,0.0,0.0
fri_c2_1000_10,1.0,100,1.0,1.0,0.0,0.0
GAMETES_Epistasis_2-Way_20atts_0.1H_EDM-1_1,0.0,100,0.0,1.0,1.0,0.0
GAMETES_Epistasis_2-Way_20atts_0.1H_EDM-1_1,0.0,100,0.0,1.0,1.0,0.0
GAMETES_Epistasis_2-Way_20atts_0.1H_EDM-1_1,0.0,100,0.0,1.0,1.0,0.0
GAMETES_Epistasis_2-Way_20atts_0.1H_EDM-1_1,0.0,100,0.0,0.61,0.61,0.0
GAMETES_Epistasis_2-Way_20atts_0.1H_EDM-1_1,0.0,100,0.0,0.65,0.65,0.0
GAMETES_Epistasis_2-Way_20atts_0.1H_EDM-1_1,0.0,100,0.0,1.0,1.0,0.0
GAMETES_Epistasis_2-Way_20atts_0.1H_EDM-1_1,0.0,100,0.0,1.0,1.0,0.0
GAMETES_Epistasis_2-Way_20atts_0.1H_EDM-1_1,0.0,100,0.0,0.15,0.15,0.0
GAMETES_Epistasis_2-Way_20atts_0.1H_EDM-1_1,0.0,100,0.0,0.45,0.45,0.0
GAMETES_Epistasis_2-Way_20atts_0.1H_EDM-1_1,0.0,100,0.0,1.0,1.0,0.0
GAMETES_Epistasis_2-Way_20atts_0.1H_EDM-1_1,0.05,100,0.05,1.0,0.95,0.0
GAMETES_Epistasis_2-Way_20atts_0.1H_EDM-1_1,0.05,100,0.05,0.15,0.1,0.0
GAMETES_Epistasis_2-Way_20atts_0.1H_EDM-1_1,0.05,100,0.05,0.0,0.05,0.0
GAMETES_Epistasis_2-Way_20atts_0.1H_EDM-1_1,0.05,100,0.05,1.0,0.95,0.0
GAMETES_Epistasis_2-Way_20atts_0.1H_EDM-1_1,0.05,100,0.05,1.0,0.95,0.0
GAMETES_Epistasis_2-Way_20atts_0.1H_EDM-1_1,0.05,100,0.05,0.0,0.05,0.0
GAMETES_Epistasis_2-Way_20atts_0.1H_EDM-1_1,0.05,100,0.05,0.25,0.2,0.0
GAMETES_Epistasis_2-Way_20atts_0.1H_EDM-1_1,0.05,100,0.05,0.53,0.48,0.0
GAMETES_Epistasis_2-Way_20atts_0.1H_EDM-1_1,0.05,100,0.05,0.0,0.05,0.0
GAMETES_Epistasis_2-Way_20atts_0.1H_EDM-1_1,0.05,100,0.05,0.0,0.05,0.0
GAMETES_Epistasis_2-Way_20atts_0.1H_EDM-1_1,0.11,100,0.11,0.18,0.07,0.0
GAMETES_Epistasis_2-Way_20atts_0.1H_EDM-1_1,0.11,100,0.11,1.0,0.89,0.0
GAMETES_Epistasis_2-Way_20atts_0.1H_EDM-1_1,0.11,100,0.11,0.57,0.46,0.0
GAMETES_Epistasis_2-Way_20atts_0.1H_EDM-1_1,0.11,100,0.11,1.0,0.89,0.0
GAMETES_Epistasis_2-Way_20atts_0.1H_EDM-1_1,0.11,100,0.11,1.0,0.89,0.0
GAMETES_Epistasis_2-Way_20atts_0.1H_EDM-1_1,0.11,100,0.11,1.0,0.89,0.0
GAMETES_Epistasis_2-Way_20atts_0.1H_EDM-1_1,0.11,100,0.11,0.67,0.56,0.0
GAMETES_Epistasis_2-Way_20atts_0.1H_EDM-1_1,0.11,100,0.11,0.0,0.11,0.0
GAMETES_Epistasis_2-Way_20atts_0.1H_EDM-1_1,0.11,100,0.11,0.0,0.11,0.0
GAMETES_Epistasis_2-Way_20atts_0.1H_EDM-1_1,0.11,100,0.11,1.0,0.89,0.0
GAMETES_Epistasis_2-Way_20atts_0.1H_EDM-1_1,0.16,100,0.16,1.0,0.84,0.0
GAMETES_Epistasis_2-Way_20atts_0.1H_EDM-1_1,0.16,100,0.16,1.0,0.84,0.0
GAMETES_Epistasis_2-Way_20atts_0.1H_EDM-1_1,0.16,100,0.16,1.0,0.84,0.0
GAMETES_Epistasis_2-Way_20atts_0.1H_EDM-1_1,0.16,100,0.16,0.68,0.52,0.0
GAMETES_Epistasis_2-Way_20atts_0.1H_EDM-1_1,0.16,100,0.16,0.43,0.27,0.0
GAMETES_Epistasis_2-Way_20atts_0.1H_EDM-1_1,0.16,100,0.16,1.0,0.84,0.0
GAMETES_Epistasis_2-Way_20atts_0.1H_EDM-1_1,0.16,100,0.16,1.0,0.84,0.0
GAMETES_Epistasis_2-Way_20atts_0.1H_EDM-1_1,0.16,100,0.16,1.0,0.84,0.0
GAMETES_Epistasis_2-Way_20atts_0.1H_EDM-1_1,0.16,100,0.16,0.0,0.16,0.0
GAMETES_Epistasis_2-Way_20atts_0.1H_EDM-1_1,0.16,100,0.16,0.75,0.59,0.0
GAMETES_Epistasis_2-Way_20atts_0.1H_EDM-1_1,0.21,100,0.21,0.42,0.21,0.0
GAMETES_Epistasis_2-Way_20atts_0.1H_EDM-1_1,0.21,100,0.21,0.0,0.21,0.0
GAMETES_Epistasis_2-Way_20atts_0.1H_EDM-1_1,0.21,100,0.21,0.82,0.61,0.0
GAMETES_Epistasis_2-Way_20atts_0.1H_EDM-1_1,0.21,100,0.21,0.0,0.21,0.0
GAMETES_Epistasis_2-Way_20atts_0.1H_EDM-1_1,0.21,100,0.21,0.0,0.21,0.0
GAMETES_Epistasis_2-Way_20atts_0.1H_EDM-1_1,0.21,100,0.21,0.12,0.09,0.0
GAMETES_Epistasis_2-Way_20atts_0.1H_EDM-1_1,0.21,100,0.21,0.0,0.21,0.0
GAMETES_Epistasis_2-Way_20atts_0.1H_EDM-1_1,0.21,100,0.21,0.59,0.38,0.0
GAMETES_Epistasis_2-Way_20atts_0.1H_EDM-1_1,0.21,100,0.21,1.0,0.79,0.0
GAMETES_Epistasis_2-Way_20atts_0.1H_EDM-1_1,0.21,100,0.21,0.0,0.21,0.0
GAMETES_Epistasis_2-Way_20atts_0.1H_EDM-1_1,0.26,100,0.26,0.0,0.26,0.0
GAMETES_Epistasis_2-Way_20atts_0.1H_EDM-1_1,0.26,100,0.26,0.89,0.63,0.0
GAMETES_Epistasis_2-Way_20atts_0.1H_EDM-1_1,0.26,100,0.26,1.0,0.74,0.0
GAMETES_Epistasis_2-Way_20atts_0.1H_EDM-1_1,0.26,100,0.26,1.0,0.74,0.0
GAMETES_Epistasis_2-Way_20atts_0.1H_EDM-1_1,0.26,100,0.26,0.32,0.06,0.0
GAMETES_Epistasis_2-Way_20atts_0.1H_EDM-1_1,0.26,100,0.26,1.0,0.74,0.0
GAMETES_Epistasis_2-Way_20atts_0.1H_EDM-1_1,0.26,100,0.26,0.8,0.54,0.0
GAMETES_Epistasis_2-Way_20atts_0.1H_EDM-1_1,0.26,100,0.26,0.71,0.45,0.0
GAMETES_Epistasis_2-Way_20atts_0.1H_EDM-1_1,0.26,100,0.26,1.0,0.74,0.0
GAMETES_Epistasis_2-Way_20atts_0.1H_EDM-1_1,0.26,100,0.26,1.0,0.74,0.0
GAMETES_Epistasis_2-Way_20atts_0.1H_EDM-1_1,0.32,100,0.32,1.0,0.68,0.0
GAMETES_Epistasis_2-Way_20atts_0.1H_EDM-1_1,0.32,100,0.32,1.0,0.68,0.0
GAMETES_Epistasis_2-Way_20atts_0.1H_EDM-1_1,0.32,100,0.32,1.0,0.68,0.0
GAMETES_Epistasis_2-Way_20atts_0.1H_EDM-1_1,0.32,100,0.32,1.0,0.68,0.0
GAMETES_Epistasis_2-Way_20atts_0.1H_EDM-1_1,0.32,100,0.32,0.0,0.32,0.0
GAMETES_Epistasis_2-Way_20atts_0.1H_EDM-1_1,0.32,100,0.32,1.0,0.68,0.0
GAMETES_Epistasis_2-Way_20atts_0.1H_EDM-1_1,0.32,100,0.32,0.0,0.32,0.0
GAMETES_Epistasis_2-Way_20atts_0.1H_EDM-1_1,0.32,100,0.32,0.0,0.32,0.0
GAMETES_Epistasis_2-Way_20atts_0.1H_EDM-1_1,0.32,100,0.32,1.0,0.68,0.0
GAMETES_Epistasis_2-Way_20atts_0.1H_EDM-1_1,0.32,100,0.32,0.3,0.02,0.0
GAMETES_Epistasis_2-Way_20atts_0.1H_EDM-1_1,0.37,100,0.37,0.0,0.37,0.0
GAMETES_Epistasis_2-Way_20atts_0.1H_EDM-1_1,0.37,100,0.37,1.0,0.63,0.0
GAMETES_Epistasis_2-Way_20atts_0.1H_EDM-1_1,0.37,100,0.37,1.0,0.63,0.0
GAMETES_Epistasis_2-Way_20atts_0.1H_EDM-1_1,0.37,100,0.37,1.0,0.63,0.0
GAMETES_Epistasis_2-Way_20atts_0.1H_EDM-1_1,0.37,100,0.37,1.0,0.63,0.0
GAMETES_Epistasis_2-Way_20atts_0.1H_EDM-1_1,0.37,100,0.37,0.0,0.37,0.0
GAMETES_Epistasis_2-Way_20atts_0.1H_EDM-1_1,0.37,100,0.37,1.0,0.63,0.0
GAMETES_Epistasis_2-Way_20atts_0.1H_EDM-1_1,0.37,100,0.37,0.27,0.1,0.0
GAMETES_Epistasis_2-Way_20atts_0.1H_EDM-1_1,0.37,100,0.37,0.51,0.14,0.0
GAMETES_Epistasis_2-Way_20atts_0.1H_EDM-1_1,0.37,100,0.37,1.0,0.63,0.0
GAMETES_Epistasis_2-Way_20atts_0.1H_EDM-1_1,0.42,100,0.42,1.0,0.58,0.0
GAMETES_Epistasis_2-Way_20atts_0.1H_EDM-1_1,0.42,100,0.42,0.0,0.42,0.0
GAMETES_Epistasis_2-Way_20atts_0.1H_EDM-1_1,0.42,100,0.42,0.85,0.43,0.0
GAMETES_Epistasis_2-Way_20atts_0.1H_EDM-1_1,0.42,100,0.42,1.0,0.58,0.0
GAMETES_Epistasis_2-Way_20atts_0.1H_EDM-1_1,0.42,100,0.42,0.39,0.03,0.0
GAMETES_Epistasis_2-Way_20atts_0.1H_EDM-1_1,0.42,100,0.42,0.2,0.22,0.0
GAMETES_Epistasis_2-Way_20atts_0.1H_EDM-1_1,0.42,100,0.42,1.0,0.58,0.0
GAMETES_Epistasis_2-Way_20atts_0.1H_EDM-1_1,0.42,100,0.42,0.12,0.3,0.0
GAMETES_Epistasis_2-Way_20atts_0.1H_EDM-1_1,0.42,100,0.42,1.0,0.58,0.0
GAMETES_Epistasis_2-Way_20atts_0.1H_EDM-1_1,0.42,100,0.42,1.0,0.58,0.0
GAMETES_Epistasis_2-Way_20atts_0.1H_EDM-1_1,0.47,100,0.47,1.0,0.53,0.0
GAMETES_Epistasis_2-Way_20atts_0.1H_EDM-1_1,0.47,100,0.47,1.0,0.53,0.0
GAMETES_Epistasis_2-Way_20atts_0.1H_EDM-1_1,0.47,100,0.47,1.0,0.53,0.0
GAMETES_Epistasis_2-Way_20atts_0.1H_EDM-1_1,0.47,100,0.47,0.0,0.47,0.0
GAMETES_Epistasis_2-Way_20atts_0.1H_EDM-1_1,0.47,100,0.47,0.21,0.26,0.0
GAMETES_Epistasis_2-Way_20atts_0.1H_EDM-1_1,0.47,100,0.47,1.0,0.53,0.0
GAMETES_Epistasis_2-Way_20atts_0.1H_EDM-1_1,0.47,100,0.47,1.0,0.53,0.0
GAMETES_Epistasis_2-Way_20atts_0.1H_EDM-1_1,0.47,100,0.47,1.0,0.53,0.0
GAMETES_Epistasis_2-Way_20atts_0.1H_EDM-1_1,0.47,100,0.47,1.0,0.53,0.0
GAMETES_Epistasis_2-Way_20atts_0.1H_EDM-1_1,0.47,100,0.47,1.0,0.53,0.0
GAMETES_Epistasis_2-Way_20atts_0.1H_EDM-1_1,0.53,100,0.53,0.57,0.04,0.0
GAMETES_Epistasis_2-Way_20atts_0.1H_EDM-1_1,0.53,100,0.53,1.0,0.47,0.0
GAMETES_Epistasis_2-Way_20atts_0.1H_EDM-1_1,0.53,100,0.53,1.0,0.47,0.0
GAMETES_Epistasis_2-Way_20atts_0.1H_EDM-1_1,0.53,100,0.53,1.0,0.47,0.0
GAMETES_Epistasis_2-Way_20atts_0.1H_EDM-1_1,0.53,100,0.53,1.0,0.47,0.0
GAMETES_Epistasis_2-Way_20atts_0.1H_EDM-1_1,0.53,100,0.53,0.64,0.11,0.0
GAMETES_Epistasis_2-Way_20atts_0.1H_EDM-1_1,0.53,100,0.53,0.0,0.53,0.0
GAMETES_Epistasis_2-Way_20atts_0.1H_EDM-1_1,0.53,100,0.53,0.17,0.36,0.0
GAMETES_Epistasis_2-Way_20atts_0.1H_EDM-1_1,0.53,100,0.53,1.0,0.47,0.0
GAMETES_Epistasis_2-Way_20atts_0.1H_EDM-1_1,0.53,100,0.53,1.0,0.47,0.0
GAMETES_Epistasis_2-Way_20atts_0.1H_EDM-1_1,0.58,100,0.58,0.0,0.58,0.0
GAMETES_Epistasis_2-Way_20atts_0.1H_EDM-1_1,0.58,100,0.58,0.0,0.58,0.0
GAMETES_Epistasis_2-Way_20atts_0.1H_EDM-1_1,0.58,100,0.58,0.7,0.12,0.0
GAMETES_Epistasis_2-Way_20atts_0.1H_EDM-1_1,0.58,100,0.58,1.0,0.42,0.0
GAMETES_Epistasis_2-Way_20atts_0.1H_EDM-1_1,0.58,100,0.58,1.0,0.42,0.0
GAMETES_Epistasis_2-Way_20atts_0.1H_EDM-1_1,0.58,100,0.58,1.0,0.42,0.0010073184967041016
GAMETES_Epistasis_2-Way_20atts_0.1H_EDM-1_1,0.58,100,0.58,1.0,0.42,0.0
GAMETES_Epistasis_2-Way_20atts_0.1H_EDM-1_1,0.58,100,0.58,0.0,0.58,0.0
GAMETES_Epistasis_2-Way_20atts_0.1H_EDM-1_1,0.58,100,0.58,1.0,0.42,0.0
GAMETES_Epistasis_2-Way_20atts_0.1H_EDM-1_1,0.58,100,0.58,0.0,0.58,0.0
GAMETES_Epistasis_2-Way_20atts_0.1H_EDM-1_1,0.63,100,0.63,0.0,0.63,0.0
GAMETES_Epistasis_2-Way_20atts_0.1H_EDM-1_1,0.63,100,0.63,0.87,0.24,0.0
GAMETES_Epistasis_2-Way_20atts_0.1H_EDM-1_1,0.63,100,0.63,0.0,0.63,0.0
GAMETES_Epistasis_2-Way_20atts_0.1H_EDM-1_1,0.63,100,0.63,1.0,0.37,0.00099945068359375
GAMETES_Epistasis_2-Way_20atts_0.1H_EDM-1_1,0.63,100,0.63,1.0,0.37,0.0
GAMETES_Epistasis_2-Way_20atts_0.1H_EDM-1_1,0.63,100,0.63,0.0,0.63,0.0
GAMETES_Epistasis_2-Way_20atts_0.1H_EDM-1_1,0.63,100,0.63,1.0,0.37,0.0
GAMETES_Epistasis_2-Way_20atts_0.1H_EDM-1_1,0.63,100,0.63,1.0,0.37,0.0
GAMETES_Epistasis_2-Way_20atts_0.1H_EDM-1_1,0.63,100,0.63,0.0,0.63,0.0
GAMETES_Epistasis_2-Way_20atts_0.1H_EDM-1_1,0.63,100,0.63,1.0,0.37,0.0
GAMETES_Epistasis_2-Way_20atts_0.1H_EDM-1_1,0.68,100,0.68,1.0,0.32,0.0
GAMETES_Epistasis_2-Way_20atts_0.1H_EDM-1_1,0.68,100,0.68,1.0,0.32,0.0
GAMETES_Epistasis_2-Way_20atts_0.1H_EDM-1_1,0.68,100,0.68,0.33,0.35,0.0
GAMETES_Epistasis_2-Way_20atts_0.1H_EDM-1_1,0.68,100,0.68,1.0,0.32,0.0
GAMETES_Epistasis_2-Way_20atts_0.1H_EDM-1_1,0.68,100,0.68,1.0,0.32,0.0
GAMETES_Epistasis_2-Way_20atts_0.1H_EDM-1_1,0.68,100,0.68,1.0,0.32,0.0009992122650146484
GAMETES_Epistasis_2-Way_20atts_0.1H_EDM-1_1,0.68,100,0.68,0.0,0.68,0.0
GAMETES_Epistasis_2-Way_20atts_0.1H_EDM-1_1,0.68,100,0.68,0.49,0.19,0.0
GAMETES_Epistasis_2-Way_20atts_0.1H_EDM-1_1,0.68,100,0.68,1.0,0.32,0.0
GAMETES_Epistasis_2-Way_20atts_0.1H_EDM-1_1,0.68,100,0.68,0.0,0.68,0.0
GAMETES_Epistasis_2-Way_20atts_0.1H_EDM-1_1,0.74,100,0.74,1.0,0.26,0.0
GAMETES_Epistasis_2-Way_20atts_0.1H_EDM-1_1,0.74,100,0.74,1.0,0.26,0.0
GAMETES_Epistasis_2-Way_20atts_0.1H_EDM-1_1,0.74,100,0.74,0.71,0.03,0.0
GAMETES_Epistasis_2-Way_20atts_0.1H_EDM-1_1,0.74,100,0.74,1.0,0.26,0.0
GAMETES_Epistasis_2-Way_20atts_0.1H_EDM-1_1,0.74,100,0.74,0.99,0.25,0.0
GAMETES_Epistasis_2-Way_20atts_0.1H_EDM-1_1,0.74,100,0.74,0.74,0.0,0.0
GAMETES_Epistasis_2-Way_20atts_0.1H_EDM-1_1,0.74,100,0.74,0.0,0.74,0.0
GAMETES_Epistasis_2-Way_20atts_0.1H_EDM-1_1,0.74,100,0.74,1.0,0.26,0.0
GAMETES_Epistasis_2-Way_20atts_0.1H_EDM-1_1,0.74,100,0.74,0.11,0.63,0.0
GAMETES_Epistasis_2-Way_20atts_0.1H_EDM-1_1,0.74,100,0.74,1.0,0.26,0.0
GAMETES_Epistasis_2-Way_20atts_0.1H_EDM-1_1,0.79,100,0.79,0.58,0.21,0.0
GAMETES_Epistasis_2-Way_20atts_0.1H_EDM-1_1,0.79,100,0.79,1.0,0.21,0.0
GAMETES_Epistasis_2-Way_20atts_0.1H_EDM-1_1,0.79,100,0.79,1.0,0.21,0.0
GAMETES_Epistasis_2-Way_20atts_0.1H_EDM-1_1,0.79,100,0.79,0.0,0.79,0.0
GAMETES_Epistasis_2-Way_20atts_0.1H_EDM-1_1,0.79,100,0.79,1.0,0.21,0.0
GAMETES_Epistasis_2-Way_20atts_0.1H_EDM-1_1,0.79,100,0.79,1.0,0.21,0.0
GAMETES_Epistasis_2-Way_20atts_0.1H_EDM-1_1,0.79,100,0.79,0.56,0.23,0.0
GAMETES_Epistasis_2-Way_20atts_0.1H_EDM-1_1,0.79,100,0.79,1.0,0.21,0.0
GAMETES_Epistasis_2-Way_20atts_0.1H_EDM-1_1,0.79,100,0.79,0.2,0.59,0.0
GAMETES_Epistasis_2-Way_20atts_0.1H_EDM-1_1,0.79,100,0.79,1.0,0.21,0.0010075569152832031
GAMETES_Epistasis_2-Way_20atts_0.1H_EDM-1_1,0.84,100,0.84,1.0,0.16,0.0
GAMETES_Epistasis_2-Way_20atts_0.1H_EDM-1_1,0.84,100,0.84,1.0,0.16,0.0
GAMETES_Epistasis_2-Way_20atts_0.1H_EDM-1_1,0.84,100,0.84,0.0,0.84,0.0
GAMETES_Epistasis_2-Way_20atts_0.1H_EDM-1_1,0.84,100,0.84,1.0,0.16,0.0
GAMETES_Epistasis_2-Way_20atts_0.1H_EDM-1_1,0.84,100,0.84,0.58,0.26,0.0
GAMETES_Epistasis_2-Way_20atts_0.1H_EDM-1_1,0.84,100,0.84,1.0,0.16,0.0
GAMETES_Epistasis_2-Way_20atts_0.1H_EDM-1_1,0.84,100,0.84,1.0,0.16,0.0
GAMETES_Epistasis_2-Way_20atts_0.1H_EDM-1_1,0.84,100,0.84,1.0,0.16,0.0
GAMETES_Epistasis_2-Way_20atts_0.1H_EDM-1_1,0.84,100,0.84,0.0,0.84,0.0
GAMETES_Epistasis_2-Way_20atts_0.1H_EDM-1_1,0.84,100,0.84,1.0,0.16,0.00010824203491210938
GAMETES_Epistasis_2-Way_20atts_0.1H_EDM-1_1,0.89,100,0.89,1.0,0.11,0.0
GAMETES_Epistasis_2-Way_20atts_0.1H_EDM-1_1,0.89,100,0.89,1.0,0.11,0.0
GAMETES_Epistasis_2-Way_20atts_0.1H_EDM-1_1,0.89,100,0.89,1.0,0.11,0.0009975433349609375
GAMETES_Epistasis_2-Way_20atts_0.1H_EDM-1_1,0.89,100,0.89,0.88,0.01,0.0
GAMETES_Epistasis_2-Way_20atts_0.1H_EDM-1_1,0.89,100,0.89,1.0,0.11,0.0
GAMETES_Epistasis_2-Way_20atts_0.1H_EDM-1_1,0.89,100,0.89,0.82,0.07,0.0
GAMETES_Epistasis_2-Way_20atts_0.1H_EDM-1_1,0.89,100,0.89,0.0,0.89,0.0
GAMETES_Epistasis_2-Way_20atts_0.1H_EDM-1_1,0.89,100,0.89,0.55,0.34,0.0
GAMETES_Epistasis_2-Way_20atts_0.1H_EDM-1_1,0.89,100,0.89,1.0,0.11,0.0010356903076171875
GAMETES_Epistasis_2-Way_20atts_0.1H_EDM-1_1,0.89,100,0.89,1.0,0.11,0.0
GAMETES_Epistasis_2-Way_20atts_0.1H_EDM-1_1,0.95,100,0.95,1.0,0.05,0.0
GAMETES_Epistasis_2-Way_20atts_0.1H_EDM-1_1,0.95,100,0.95,1.0,0.05,0.0
GAMETES_Epistasis_2-Way_20atts_0.1H_EDM-1_1,0.95,100,0.95,1.0,0.05,0.0
GAMETES_Epistasis_2-Way_20atts_0.1H_EDM-1_1,0.95,100,0.95,0.0,0.95,0.0
GAMETES_Epistasis_2-Way_20atts_0.1H_EDM-1_1,0.95,100,0.95,1.0,0.05,0.0
GAMETES_Epistasis_2-Way_20atts_0.1H_EDM-1_1,0.95,100,0.95,1.0,0.05,0.0
GAMETES_Epistasis_2-Way_20atts_0.1H_EDM-1_1,0.95,100,0.95,1.0,0.05,0.0
GAMETES_Epistasis_2-Way_20atts_0.1H_EDM-1_1,0.95,100,0.95,1.0,0.05,0.0
GAMETES_Epistasis_2-Way_20atts_0.1H_EDM-1_1,0.95,100,0.95,1.0,0.05,0.0
GAMETES_Epistasis_2-Way_20atts_0.1H_EDM-1_1,0.95,100,0.95,1.0,0.05,0.0
GAMETES_Epistasis_2-Way_20atts_0.1H_EDM-1_1,1.0,100,1.0,1.0,0.0,0.0
GAMETES_Epistasis_2-Way_20atts_0.1H_EDM-1_1,1.0,100,1.0,1.0,0.0,0.0
GAMETES_Epistasis_2-Way_20atts_0.1H_EDM-1_1,1.0,100,1.0,1.0,0.0,0.0
GAMETES_Epistasis_2-Way_20atts_0.1H_EDM-1_1,1.0,100,1.0,1.0,0.0,0.0
GAMETES_Epistasis_2-Way_20atts_0.1H_EDM-1_1,1.0,100,1.0,1.0,0.0,0.0
GAMETES_Epistasis_2-Way_20atts_0.1H_EDM-1_1,1.0,100,1.0,1.0,0.0,0.01569843292236328
GAMETES_Epistasis_2-Way_20atts_0.1H_EDM-1_1,1.0,100,1.0,1.0,0.0,0.0
GAMETES_Epistasis_2-Way_20atts_0.1H_EDM-1_1,1.0,100,1.0,1.0,0.0,0.0
GAMETES_Epistasis_2-Way_20atts_0.1H_EDM-1_1,1.0,100,1.0,1.0,0.0,0.0
GAMETES_Epistasis_2-Way_20atts_0.1H_EDM-1_1,1.0,100,1.0,1.0,0.0,0.0
GAMETES_Epistasis_2-Way_20atts_0.4H_EDM-1_1,0.0,100,0.0,1.0,1.0,0.0
GAMETES_Epistasis_2-Way_20atts_0.4H_EDM-1_1,0.0,100,0.0,0.12,0.12,0.0
GAMETES_Epistasis_2-Way_20atts_0.4H_EDM-1_1,0.0,100,0.0,0.04,0.04,0.0
GAMETES_Epistasis_2-Way_20atts_0.4H_EDM-1_1,0.0,100,0.0,0.95,0.95,0.0
GAMETES_Epistasis_2-Way_20atts_0.4H_EDM-1_1,0.0,100,0.0,0.18,0.18,0.015748023986816406
GAMETES_Epistasis_2-Way_20atts_0.4H_EDM-1_1,0.0,100,0.0,0.39,0.39,0.0
GAMETES_Epistasis_2-Way_20atts_0.4H_EDM-1_1,0.0,100,0.0,0.16,0.16,0.0
GAMETES_Epistasis_2-Way_20atts_0.4H_EDM-1_1,0.0,100,0.0,0.57,0.57,0.0
GAMETES_Epistasis_2-Way_20atts_0.4H_EDM-1_1,0.0,100,0.0,0.84,0.84,0.0
GAMETES_Epistasis_2-Way_20atts_0.4H_EDM-1_1,0.0,100,0.0,0.58,0.58,0.0
GAMETES_Epistasis_2-Way_20atts_0.4H_EDM-1_1,0.05,100,0.05,1.0,0.95,0.0
GAMETES_Epistasis_2-Way_20atts_0.4H_EDM-1_1,0.05,100,0.05,0.83,0.78,0.0
GAMETES_Epistasis_2-Way_20atts_0.4H_EDM-1_1,0.05,100,0.05,0.0,0.05,0.0
GAMETES_Epistasis_2-Way_20atts_0.4H_EDM-1_1,0.05,100,0.05,1.0,0.95,0.0
GAMETES_Epistasis_2-Way_20atts_0.4H_EDM-1_1,0.05,100,0.05,0.02,0.03,0.0
GAMETES_Epistasis_2-Way_20atts_0.4H_EDM-1_1,0.05,100,0.05,0.25,0.2,0.0
GAMETES_Epistasis_2-Way_20atts_0.4H_EDM-1_1,0.05,100,0.05,0.21,0.16,0.0
GAMETES_Epistasis_2-Way_20atts_0.4H_EDM-1_1,0.05,100,0.05,0.5,0.45,0.0
GAMETES_Epistasis_2-Way_20atts_0.4H_EDM-1_1,0.05,100,0.05,0.96,0.91,0.0
GAMETES_Epistasis_2-Way_20atts_0.4H_EDM-1_1,0.05,100,0.05,0.26,0.21,0.0
GAMETES_Epistasis_2-Way_20atts_0.4H_EDM-1_1,0.11,100,0.11,0.26,0.15,0.0
GAMETES_Epistasis_2-Way_20atts_0.4H_EDM-1_1,0.11,100,0.11,1.0,0.89,0.0
GAMETES_Epistasis_2-Way_20atts_0.4H_EDM-1_1,0.11,100,0.11,0.78,0.67,0.0
GAMETES_Epistasis_2-Way_20atts_0.4H_EDM-1_1,0.11,100,0.11,0.65,0.54,0.0
GAMETES_Epistasis_2-Way_20atts_0.4H_EDM-1_1,0.11,100,0.11,0.19,0.08,0.0
GAMETES_Epistasis_2-Way_20atts_0.4H_EDM-1_1,0.11,100,0.11,0.08,0.03,0.0
GAMETES_Epistasis_2-Way_20atts_0.4H_EDM-1_1,0.11,100,0.11,0.71,0.6,0.0
GAMETES_Epistasis_2-Way_20atts_0.4H_EDM-1_1,0.11,100,0.11,0.86,0.75,0.0
GAMETES_Epistasis_2-Way_20atts_0.4H_EDM-1_1,0.11,100,0.11,0.06,0.05,0.0
GAMETES_Epistasis_2-Way_20atts_0.4H_EDM-1_1,0.11,100,0.11,0.6,0.49,0.0
GAMETES_Epistasis_2-Way_20atts_0.4H_EDM-1_1,0.16,100,0.16,0.3,0.14,0.0
GAMETES_Epistasis_2-Way_20atts_0.4H_EDM-1_1,0.16,100,0.16,0.33,0.17,0.0
GAMETES_Epistasis_2-Way_20atts_0.4H_EDM-1_1,0.16,100,0.16,0.0,0.16,0.0
GAMETES_Epistasis_2-Way_20atts_0.4H_EDM-1_1,0.16,100,0.16,0.34,0.18,0.0
GAMETES_Epistasis_2-Way_20atts_0.4H_EDM-1_1,0.16,100,0.16,0.0,0.16,0.0
GAMETES_Epistasis_2-Way_20atts_0.4H_EDM-1_1,0.16,100,0.16,0.18,0.02,0.0
GAMETES_Epistasis_2-Way_20atts_0.4H_EDM-1_1,0.16,100,0.16,0.18,0.02,0.0
GAMETES_Epistasis_2-Way_20atts_0.4H_EDM-1_1,0.16,100,0.16,0.08,0.08,0.0
GAMETES_Epistasis_2-Way_20atts_0.4H_EDM-1_1,0.16,100,0.16,0.59,0.43,0.0
GAMETES_Epistasis_2-Way_20atts_0.4H_EDM-1_1,0.16,100,0.16,0.9,0.74,0.0
GAMETES_Epistasis_2-Way_20atts_0.4H_EDM-1_1,0.21,100,0.21,0.78,0.57,0.0
GAMETES_Epistasis_2-Way_20atts_0.4H_EDM-1_1,0.21,100,0.21,0.07,0.14,0.0
GAMETES_Epistasis_2-Way_20atts_0.4H_EDM-1_1,0.21,100,0.21,0.0,0.21,0.0
GAMETES_Epistasis_2-Way_20atts_0.4H_EDM-1_1,0.21,100,0.21,0.92,0.71,0.0
GAMETES_Epistasis_2-Way_20atts_0.4H_EDM-1_1,0.21,100,0.21,0.1,0.11,0.0
GAMETES_Epistasis_2-Way_20atts_0.4H_EDM-1_1,0.21,100,0.21,0.67,0.46,0.0
GAMETES_Epistasis_2-Way_20atts_0.4H_EDM-1_1,0.21,100,0.21,0.61,0.4,0.0
GAMETES_Epistasis_2-Way_20atts_0.4H_EDM-1_1,0.21,100,0.21,0.28,0.07,0.0
GAMETES_Epistasis_2-Way_20atts_0.4H_EDM-1_1,0.21,100,0.21,0.36,0.15,0.0
GAMETES_Epistasis_2-Way_20atts_0.4H_EDM-1_1,0.21,100,0.21,0.71,0.5,0.0
GAMETES_Epistasis_2-Way_20atts_0.4H_EDM-1_1,0.26,100,0.26,0.0,0.26,0.0
GAMETES_Epistasis_2-Way_20atts_0.4H_EDM-1_1,0.26,100,0.26,0.7,0.44,0.0
GAMETES_Epistasis_2-Way_20atts_0.4H_EDM-1_1,0.26,100,0.26,0.66,0.4,0.0
GAMETES_Epistasis_2-Way_20atts_0.4H_EDM-1_1,0.26,100,0.26,0.0,0.26,0.0
GAMETES_Epistasis_2-Way_20atts_0.4H_EDM-1_1,0.26,100,0.26,0.0,0.26,0.0
GAMETES_Epistasis_2-Way_20atts_0.4H_EDM-1_1,0.26,100,0.26,0.15,0.11,0.0
GAMETES_Epistasis_2-Way_20atts_0.4H_EDM-1_1,0.26,100,0.26,0.0,0.26,0.0
GAMETES_Epistasis_2-Way_20atts_0.4H_EDM-1_1,0.26,100,0.26,0.98,0.72,0.0
GAMETES_Epistasis_2-Way_20atts_0.4H_EDM-1_1,0.26,100,0.26,0.29,0.03,0.0
GAMETES_Epistasis_2-Way_20atts_0.4H_EDM-1_1,0.26,100,0.26,0.31,0.05,0.0
GAMETES_Epistasis_2-Way_20atts_0.4H_EDM-1_1,0.32,100,0.32,0.95,0.63,0.0
GAMETES_Epistasis_2-Way_20atts_0.4H_EDM-1_1,0.32,100,0.32,0.68,0.36,0.0
GAMETES_Epistasis_2-Way_20atts_0.4H_EDM-1_1,0.32,100,0.32,0.0,0.32,0.0
GAMETES_Epistasis_2-Way_20atts_0.4H_EDM-1_1,0.32,100,0.32,0.78,0.46,0.0
GAMETES_Epistasis_2-Way_20atts_0.4H_EDM-1_1,0.32,100,0.32,1.0,0.68,0.0
GAMETES_Epistasis_2-Way_20atts_0.4H_EDM-1_1,0.32,100,0.32,0.71,0.39,0.0
GAMETES_Epistasis_2-Way_20atts_0.4H_EDM-1_1,0.32,100,0.32,0.0,0.32,0.0
GAMETES_Epistasis_2-Way_20atts_0.4H_EDM-1_1,0.32,100,0.32,0.89,0.57,0.0
GAMETES_Epistasis_2-Way_20atts_0.4H_EDM-1_1,0.32,100,0.32,0.62,0.3,0.0
GAMETES_Epistasis_2-Way_20atts_0.4H_EDM-1_1,0.32,100,0.32,0.32,0.0,0.0
GAMETES_Epistasis_2-Way_20atts_0.4H_EDM-1_1,0.37,100,0.37,0.0,0.37,0.0
GAMETES_Epistasis_2-Way_20atts_0.4H_EDM-1_1,0.37,100,0.37,0.0,0.37,0.0
GAMETES_Epistasis_2-Way_20atts_0.4H_EDM-1_1,0.37,100,0.37,0.61,0.24,0.0
GAMETES_Epistasis_2-Way_20atts_0.4H_EDM-1_1,0.37,100,0.37,0.0,0.37,0.0
GAMETES_Epistasis_2-Way_20atts_0.4H_EDM-1_1,0.37,100,0.37,0.47,0.1,0.0
GAMETES_Epistasis_2-Way_20atts_0.4H_EDM-1_1,0.37,100,0.37,0.0,0.37,0.0
GAMETES_Epistasis_2-Way_20atts_0.4H_EDM-1_1,0.37,100,0.37,0.18,0.19,0.0
GAMETES_Epistasis_2-Way_20atts_0.4H_EDM-1_1,0.37,100,0.37,1.0,0.63,0.0
GAMETES_Epistasis_2-Way_20atts_0.4H_EDM-1_1,0.37,100,0.37,0.0,0.37,0.0
GAMETES_Epistasis_2-Way_20atts_0.4H_EDM-1_1,0.37,100,0.37,0.64,0.27,0.0
GAMETES_Epistasis_2-Way_20atts_0.4H_EDM-1_1,0.42,100,0.42,0.0,0.42,0.0
GAMETES_Epistasis_2-Way_20atts_0.4H_EDM-1_1,0.42,100,0.42,0.69,0.27,0.0
GAMETES_Epistasis_2-Way_20atts_0.4H_EDM-1_1,0.42,100,0.42,0.48,0.06,0.0
GAMETES_Epistasis_2-Way_20atts_0.4H_EDM-1_1,0.42,100,0.42,0.95,0.53,0.0
GAMETES_Epistasis_2-Way_20atts_0.4H_EDM-1_1,0.42,100,0.42,0.48,0.06,0.0
GAMETES_Epistasis_2-Way_20atts_0.4H_EDM-1_1,0.42,100,0.42,0.53,0.11,0.0
GAMETES_Epistasis_2-Way_20atts_0.4H_EDM-1_1,0.42,100,0.42,0.0,0.42,0.0
GAMETES_Epistasis_2-Way_20atts_0.4H_EDM-1_1,0.42,100,0.42,0.0,0.42,0.0
GAMETES_Epistasis_2-Way_20atts_0.4H_EDM-1_1,0.42,100,0.42,0.35,0.07,0.0
GAMETES_Epistasis_2-Way_20atts_0.4H_EDM-1_1,0.42,100,0.42,0.0,0.42,0.0
GAMETES_Epistasis_2-Way_20atts_0.4H_EDM-1_1,0.47,100,0.47,0.39,0.08,0.0
GAMETES_Epistasis_2-Way_20atts_0.4H_EDM-1_1,0.47,100,0.47,1.0,0.53,0.0
GAMETES_Epistasis_2-Way_20atts_0.4H_EDM-1_1,0.47,100,0.47,0.0,0.47,0.0
GAMETES_Epistasis_2-Way_20atts_0.4H_EDM-1_1,0.47,100,0.47,0.09,0.38,0.0
GAMETES_Epistasis_2-Way_20atts_0.4H_EDM-1_1,0.47,100,0.47,0.52,0.05,0.0
GAMETES_Epistasis_2-Way_20atts_0.4H_EDM-1_1,0.47,100,0.47,0.28,0.19,0.0
GAMETES_Epistasis_2-Way_20atts_0.4H_EDM-1_1,0.47,100,0.47,1.0,0.53,0.0
GAMETES_Epistasis_2-Way_20atts_0.4H_EDM-1_1,0.47,100,0.47,0.26,0.21,0.0
GAMETES_Epistasis_2-Way_20atts_0.4H_EDM-1_1,0.47,100,0.47,1.0,0.53,0.0
GAMETES_Epistasis_2-Way_20atts_0.4H_EDM-1_1,0.47,100,0.47,1.0,0.53,0.0
GAMETES_Epistasis_2-Way_20atts_0.4H_EDM-1_1,0.53,100,0.53,0.0,0.53,0.0
GAMETES_Epistasis_2-Way_20atts_0.4H_EDM-1_1,0.53,100,0.53,0.79,0.26,0.0
GAMETES_Epistasis_2-Way_20atts_0.4H_EDM-1_1,0.53,100,0.53,1.0,0.47,0.0
GAMETES_Epistasis_2-Way_20atts_0.4H_EDM-1_1,0.53,100,0.53,0.59,0.06,0.0
GAMETES_Epistasis_2-Way_20atts_0.4H_EDM-1_1,0.53,100,0.53,0.0,0.53,0.0
GAMETES_Epistasis_2-Way_20atts_0.4H_EDM-1_1,0.53,100,0.53,0.0,0.53,0.0
GAMETES_Epistasis_2-Way_20atts_0.4H_EDM-1_1,0.53,100,0.53,0.0,0.53,0.0
GAMETES_Epistasis_2-Way_20atts_0.4H_EDM-1_1,0.53,100,0.53,0.02,0.51,0.0
GAMETES_Epistasis_2-Way_20atts_0.4H_EDM-1_1,0.53,100,0.53,0.66,0.13,0.0
GAMETES_Epistasis_2-Way_20atts_0.4H_EDM-1_1,0.53,100,0.53,0.41,0.12,0.0
GAMETES_Epistasis_2-Way_20atts_0.4H_EDM-1_1,0.58,100,0.58,1.0,0.42,0.0
GAMETES_Epistasis_2-Way_20atts_0.4H_EDM-1_1,0.58,100,0.58,0.74,0.16,0.0
GAMETES_Epistasis_2-Way_20atts_0.4H_EDM-1_1,0.58,100,0.58,1.0,0.42,0.0
GAMETES_Epistasis_2-Way_20atts_0.4H_EDM-1_1,0.58,100,0.58,0.0,0.58,0.0
GAMETES_Epistasis_2-Way_20atts_0.4H_EDM-1_1,0.58,100,0.58,0.2,0.38,0.0
GAMETES_Epistasis_2-Way_20atts_0.4H_EDM-1_1,0.58,100,0.58,0.0,0.58,0.0
GAMETES_Epistasis_2-Way_20atts_0.4H_EDM-1_1,0.58,100,0.58,0.22,0.36,0.0
GAMETES_Epistasis_2-Way_20atts_0.4H_EDM-1_1,0.58,100,0.58,0.56,0.02,0.0
GAMETES_Epistasis_2-Way_20atts_0.4H_EDM-1_1,0.58,100,0.58,0.0,0.58,0.0
GAMETES_Epistasis_2-Way_20atts_0.4H_EDM-1_1,0.58,100,0.58,0.0,0.58,0.0
GAMETES_Epistasis_2-Way_20atts_0.4H_EDM-1_1,0.63,100,0.63,0.56,0.07,0.0
GAMETES_Epistasis_2-Way_20atts_0.4H_EDM-1_1,0.63,100,0.63,0.0,0.63,0.0
GAMETES_Epistasis_2-Way_20atts_0.4H_EDM-1_1,0.63,100,0.63,0.59,0.04,0.0
GAMETES_Epistasis_2-Way_20atts_0.4H_EDM-1_1,0.63,100,0.63,0.57,0.06,0.0
GAMETES_Epistasis_2-Way_20atts_0.4H_EDM-1_1,0.63,100,0.63,0.66,0.03,0.0
GAMETES_Epistasis_2-Way_20atts_0.4H_EDM-1_1,0.63,100,0.63,0.54,0.09,0.0
GAMETES_Epistasis_2-Way_20atts_0.4H_EDM-1_1,0.63,100,0.63,0.74,0.11,0.0
GAMETES_Epistasis_2-Way_20atts_0.4H_EDM-1_1,0.63,100,0.63,0.0,0.63,0.0
GAMETES_Epistasis_2-Way_20atts_0.4H_EDM-1_1,0.63,100,0.63,0.0,0.63,0.0
GAMETES_Epistasis_2-Way_20atts_0.4H_EDM-1_1,0.63,100,0.63,0.19,0.44,0.0
GAMETES_Epistasis_2-Way_20atts_0.4H_EDM-1_1,0.68,100,0.68,0.68,0.0,0.0
GAMETES_Epistasis_2-Way_20atts_0.4H_EDM-1_1,0.68,100,0.68,0.48,0.2,0.0
GAMETES_Epistasis_2-Way_20atts_0.4H_EDM-1_1,0.68,100,0.68,0.93,0.25,0.0
GAMETES_Epistasis_2-Way_20atts_0.4H_EDM-1_1,0.68,100,0.68,1.0,0.32,0.0
GAMETES_Epistasis_2-Way_20atts_0.4H_EDM-1_1,0.68,100,0.68,0.72,0.04,0.0
GAMETES_Epistasis_2-Way_20atts_0.4H_EDM-1_1,0.68,100,0.68,0.89,0.21,0.0
GAMETES_Epistasis_2-Way_20atts_0.4H_EDM-1_1,0.68,100,0.68,0.33,0.35,0.0
GAMETES_Epistasis_2-Way_20atts_0.4H_EDM-1_1,0.68,100,0.68,0.38,0.3,0.0
GAMETES_Epistasis_2-Way_20atts_0.4H_EDM-1_1,0.68,100,0.68,0.52,0.16,0.0
GAMETES_Epistasis_2-Way_20atts_0.4H_EDM-1_1,0.68,100,0.68,0.0,0.68,0.0
GAMETES_Epistasis_2-Way_20atts_0.4H_EDM-1_1,0.74,100,0.74,0.0,0.74,0.0
GAMETES_Epistasis_2-Way_20atts_0.4H_EDM-1_1,0.74,100,0.74,0.0,0.74,0.0
GAMETES_Epistasis_2-Way_20atts_0.4H_EDM-1_1,0.74,100,0.74,0.01,0.73,0.0
GAMETES_Epistasis_2-Way_20atts_0.4H_EDM-1_1,0.74,100,0.74,0.0,0.74,0.0
GAMETES_Epistasis_2-Way_20atts_0.4H_EDM-1_1,0.74,100,0.74,1.0,0.26,0.0
GAMETES_Epistasis_2-Way_20atts_0.4H_EDM-1_1,0.74,100,0.74,0.14,0.6,0.0
GAMETES_Epistasis_2-Way_20atts_0.4H_EDM-1_1,0.74,100,0.74,0.29,0.45,0.0
GAMETES_Epistasis_2-Way_20atts_0.4H_EDM-1_1,0.74,100,0.74,0.0,0.74,0.0
GAMETES_Epistasis_2-Way_20atts_0.4H_EDM-1_1,0.74,100,0.74,0.98,0.24,0.0
GAMETES_Epistasis_2-Way_20atts_0.4H_EDM-1_1,0.74,100,0.74,0.09,0.65,0.0
GAMETES_Epistasis_2-Way_20atts_0.4H_EDM-1_1,0.79,100,0.79,0.37,0.42,0.0
GAMETES_Epistasis_2-Way_20atts_0.4H_EDM-1_1,0.79,100,0.79,0.0,0.79,0.0
GAMETES_Epistasis_2-Way_20atts_0.4H_EDM-1_1,0.79,100,0.79,0.73,0.06,0.0
GAMETES_Epistasis_2-Way_20atts_0.4H_EDM-1_1,0.79,100,0.79,0.0,0.79,0.0
GAMETES_Epistasis_2-Way_20atts_0.4H_EDM-1_1,0.79,100,0.79,0.0,0.79,0.0
GAMETES_Epistasis_2-Way_20atts_0.4H_EDM-1_1,0.79,100,0.79,0.71,0.08,0.0
GAMETES_Epistasis_2-Way_20atts_0.4H_EDM-1_1,0.79,100,0.79,0.0,0.79,0.0
GAMETES_Epistasis_2-Way_20atts_0.4H_EDM-1_1,0.79,100,0.79,0.31,0.48,0.0
GAMETES_Epistasis_2-Way_20atts_0.4H_EDM-1_1,0.79,100,0.79,0.0,0.79,0.0
GAMETES_Epistasis_2-Way_20atts_0.4H_EDM-1_1,0.79,100,0.79,0.0,0.79,0.0
GAMETES_Epistasis_2-Way_20atts_0.4H_EDM-1_1,0.84,100,0.84,0.84,0.0,0.0
GAMETES_Epistasis_2-Way_20atts_0.4H_EDM-1_1,0.84,100,0.84,0.31,0.53,0.0
GAMETES_Epistasis_2-Way_20atts_0.4H_EDM-1_1,0.84,100,0.84,0.0,0.84,0.0
GAMETES_Epistasis_2-Way_20atts_0.4H_EDM-1_1,0.84,100,0.84,0.0,0.84,0.0
GAMETES_Epistasis_2-Way_20atts_0.4H_EDM-1_1,0.84,100,0.84,0.0,0.84,0.0
GAMETES_Epistasis_2-Way_20atts_0.4H_EDM-1_1,0.84,100,0.84,0.66,0.18,0.0
GAMETES_Epistasis_2-Way_20atts_0.4H_EDM-1_1,0.84,100,0.84,0.0,0.84,0.0
GAMETES_Epistasis_2-Way_20atts_0.4H_EDM-1_1,0.84,100,0.84,0.0,0.84,0.0
GAMETES_Epistasis_2-Way_20atts_0.4H_EDM-1_1,0.84,100,0.84,1.0,0.16,0.0
GAMETES_Epistasis_2-Way_20atts_0.4H_EDM-1_1,0.84,100,0.84,0.0,0.84,0.0
GAMETES_Epistasis_2-Way_20atts_0.4H_EDM-1_1,0.89,100,0.89,0.63,0.26,0.0
GAMETES_Epistasis_2-Way_20atts_0.4H_EDM-1_1,0.89,100,0.89,0.04,0.85,0.0
GAMETES_Epistasis_2-Way_20atts_0.4H_EDM-1_1,0.89,100,0.89,0.0,0.89,0.0
GAMETES_Epistasis_2-Way_20atts_0.4H_EDM-1_1,0.89,100,0.89,1.0,0.11,0.0
GAMETES_Epistasis_2-Way_20atts_0.4H_EDM-1_1,0.89,100,0.89,0.57,0.32,0.0
GAMETES_Epistasis_2-Way_20atts_0.4H_EDM-1_1,0.89,100,0.89,0.0,0.89,0.0
GAMETES_Epistasis_2-Way_20atts_0.4H_EDM-1_1,0.89,100,0.89,0.47,0.42,0.0
GAMETES_Epistasis_2-Way_20atts_0.4H_EDM-1_1,0.89,100,0.89,1.0,0.11,0.0
GAMETES_Epistasis_2-Way_20atts_0.4H_EDM-1_1,0.89,100,0.89,0.92,0.03,0.0
GAMETES_Epistasis_2-Way_20atts_0.4H_EDM-1_1,0.89,100,0.89,0.35,0.54,0.0
GAMETES_Epistasis_2-Way_20atts_0.4H_EDM-1_1,0.95,100,0.95,0.34,0.61,0.0
GAMETES_Epistasis_2-Way_20atts_0.4H_EDM-1_1,0.95,100,0.95,0.23,0.72,0.0
GAMETES_Epistasis_2-Way_20atts_0.4H_EDM-1_1,0.95,100,0.95,0.01,0.94,0.0
GAMETES_Epistasis_2-Way_20atts_0.4H_EDM-1_1,0.95,100,0.95,0.22,0.73,0.0
GAMETES_Epistasis_2-Way_20atts_0.4H_EDM-1_1,0.95,100,0.95,0.49,0.46,0.0
GAMETES_Epistasis_2-Way_20atts_0.4H_EDM-1_1,0.95,100,0.95,0.0,0.95,0.0
GAMETES_Epistasis_2-Way_20atts_0.4H_EDM-1_1,0.95,100,0.95,0.0,0.95,0.0
GAMETES_Epistasis_2-Way_20atts_0.4H_EDM-1_1,0.95,100,0.95,0.73,0.22,0.0
GAMETES_Epistasis_2-Way_20atts_0.4H_EDM-1_1,0.95,100,0.95,0.59,0.36,0.0
GAMETES_Epistasis_2-Way_20atts_0.4H_EDM-1_1,0.95,100,0.95,0.18,0.77,0.0
GAMETES_Epistasis_2-Way_20atts_0.4H_EDM-1_1,1.0,100,1.0,1.0,0.0,0.0
GAMETES_Epistasis_2-Way_20atts_0.4H_EDM-1_1,1.0,100,1.0,0.1,0.9,0.0
GAMETES_Epistasis_2-Way_20atts_0.4H_EDM-1_1,1.0,100,1.0,0.32,0.68,0.0
GAMETES_Epistasis_2-Way_20atts_0.4H_EDM-1_1,1.0,100,1.0,0.0,1.0,0.0
GAMETES_Epistasis_2-Way_20atts_0.4H_EDM-1_1,1.0,100,1.0,0.2,0.8,0.0
GAMETES_Epistasis_2-Way_20atts_0.4H_EDM-1_1,1.0,100,1.0,0.0,1.0,0.0
GAMETES_Epistasis_2-Way_20atts_0.4H_EDM-1_1,1.0,100,1.0,1.0,0.0,0.0
GAMETES_Epistasis_2-Way_20atts_0.4H_EDM-1_1,1.0,100,1.0,0.0,1.0,0.0
GAMETES_Epistasis_2-Way_20atts_0.4H_EDM-1_1,1.0,100,1.0,0.38,0.62,0.0
GAMETES_Epistasis_2-Way_20atts_0.4H_EDM-1_1,1.0,100,1.0,0.0,1.0,0.0
gina_agnostic,0.0,100,0.0,0.01,0.01,0.0
gina_agnostic,0.0,100,0.0,0.0,0.0,0.0
gina_agnostic,0.0,100,0.0,0.0,0.0,0.0
gina_agnostic,0.0,100,0.0,0.0,0.0,0.0
gina_agnostic,0.0,100,0.0,0.0,0.0,0.0
gina_agnostic,0.0,100,0.0,0.0,0.0,0.0
gina_agnostic,0.0,100,0.0,0.05,0.05,0.0
gina_agnostic,0.0,100,0.0,0.0,0.0,0.0
gina_agnostic,0.0,100,0.0,0.0,0.0,0.0
gina_agnostic,0.0,100,0.0,0.02,0.02,0.0
gina_agnostic,0.05,100,0.05,0.02,0.03,0.0
gina_agnostic,0.05,100,0.05,0.1,0.05,0.0
gina_agnostic,0.05,100,0.05,0.08,0.03,0.0
gina_agnostic,0.05,100,0.05,0.09,0.04,0.0
gina_agnostic,0.05,100,0.05,0.05,0.0,0.0
gina_agnostic,0.05,100,0.05,0.01,0.04,0.0
gina_agnostic,0.05,100,0.05,0.09,0.04,0.0
gina_agnostic,0.05,100,0.05,0.07,0.02,0.0
gina_agnostic,0.05,100,0.05,0.03,0.02,0.0
gina_agnostic,0.05,100,0.05,0.06,0.01,0.0
gina_agnostic,0.11,100,0.11,0.05,0.06,0.0
gina_agnostic,0.11,100,0.11,0.13,0.02,0.0
gina_agnostic,0.11,100,0.11,0.08,0.03,0.0
gina_agnostic,0.11,100,0.11,0.11,0.0,0.0
gina_agnostic,0.11,100,0.11,0.1,0.01,0.0
gina_agnostic,0.11,100,0.11,0.09,0.02,0.0
gina_agnostic,0.11,100,0.11,0.13,0.02,0.0
gina_agnostic,0.11,100,0.11,0.12,0.01,0.0
gina_agnostic,0.11,100,0.11,0.03,0.08,0.0
gina_agnostic,0.11,100,0.11,0.09,0.02,0.0
gina_agnostic,0.16,100,0.16,0.19,0.03,0.0
gina_agnostic,0.16,100,0.16,0.15,0.01,0.0
gina_agnostic,0.16,100,0.16,0.18,0.02,0.0
gina_agnostic,0.16,100,0.16,0.18,0.02,0.0
gina_agnostic,0.16,100,0.16,0.18,0.02,0.0
gina_agnostic,0.16,100,0.16,0.17,0.01,0.0
gina_agnostic,0.16,100,0.16,0.12,0.04,0.0
gina_agnostic,0.16,100,0.16,0.17,0.01,0.0
gina_agnostic,0.16,100,0.16,0.15,0.01,0.0
gina_agnostic,0.16,100,0.16,0.14,0.02,0.0
gina_agnostic,0.21,100,0.21,0.19,0.02,0.0
gina_agnostic,0.21,100,0.21,0.22,0.01,0.0
gina_agnostic,0.21,100,0.21,0.2,0.01,0.0
gina_agnostic,0.21,100,0.21,0.23,0.02,0.0
gina_agnostic,0.21,100,0.21,0.22,0.01,0.0
gina_agnostic,0.21,100,0.21,0.25,0.04,0.0
gina_agnostic,0.21,100,0.21,0.21,0.0,0.0
gina_agnostic,0.21,100,0.21,0.24,0.03,0.0
gina_agnostic,0.21,100,0.21,0.19,0.02,0.0
gina_agnostic,0.21,100,0.21,0.19,0.02,0.0
gina_agnostic,0.26,100,0.26,0.22,0.04,0.0
gina_agnostic,0.26,100,0.26,0.26,0.0,0.0
gina_agnostic,0.26,100,0.26,0.24,0.02,0.0
gina_agnostic,0.26,100,0.26,0.24,0.02,0.0
gina_agnostic,0.26,100,0.26,0.27,0.01,0.0
gina_agnostic,0.26,100,0.26,0.27,0.01,0.0
gina_agnostic,0.26,100,0.26,0.32,0.06,0.0
gina_agnostic,0.26,100,0.26,0.27,0.01,0.0
gina_agnostic,0.26,100,0.26,0.3,0.04,0.0
gina_agnostic,0.26,100,0.26,0.23,0.03,0.00043201446533203125
gina_agnostic,0.32,100,0.32,0.31,0.01,0.0
gina_agnostic,0.32,100,0.32,0.3,0.02,0.0
gina_agnostic,0.32,100,0.32,0.36,0.04,0.0
gina_agnostic,0.32,100,0.32,0.32,0.0,0.0
gina_agnostic,0.32,100,0.32,0.35,0.03,0.0
gina_agnostic,0.32,100,0.32,0.32,0.0,0.0
gina_agnostic,0.32,100,0.32,0.28,0.04,0.0
gina_agnostic,0.32,100,0.32,0.26,0.06,0.0
gina_agnostic,0.32,100,0.32,0.31,0.01,0.0
gina_agnostic,0.32,100,0.32,0.24,0.08,0.0
gina_agnostic,0.37,100,0.37,0.39,0.02,0.0
gina_agnostic,0.37,100,0.37,0.4,0.03,0.0
gina_agnostic,0.37,100,0.37,0.33,0.04,0.0
gina_agnostic,0.37,100,0.37,0.39,0.02,0.0
gina_agnostic,0.37,100,0.37,0.34,0.03,0.0
gina_agnostic,0.37,100,0.37,0.33,0.04,0.0
gina_agnostic,0.37,100,0.37,0.32,0.05,0.0
gina_agnostic,0.37,100,0.37,0.34,0.03,0.0
gina_agnostic,0.37,100,0.37,0.34,0.03,0.0
gina_agnostic,0.37,100,0.37,0.27,0.1,0.0
gina_agnostic,0.42,100,0.42,0.46,0.04,0.001004934310913086
gina_agnostic,0.42,100,0.42,0.45,0.03,0.0
gina_agnostic,0.42,100,0.42,0.45,0.03,0.0
gina_agnostic,0.42,100,0.42,0.42,0.0,0.0
gina_agnostic,0.42,100,0.42,0.45,0.03,0.001024007797241211
gina_agnostic,0.42,100,0.42,0.37,0.05,0.0
gina_agnostic,0.42,100,0.42,0.49,0.07,0.0
gina_agnostic,0.42,100,0.42,0.48,0.06,0.0
gina_agnostic,0.42,100,0.42,0.46,0.04,0.0
gina_agnostic,0.42,100,0.42,0.49,0.07,0.0
gina_agnostic,0.47,100,0.47,0.53,0.06,0.0
gina_agnostic,0.47,100,0.47,0.49,0.02,0.0
gina_agnostic,0.47,100,0.47,0.51,0.04,0.0
gina_agnostic,0.47,100,0.47,0.46,0.01,0.0
gina_agnostic,0.47,100,0.47,0.52,0.05,0.0
gina_agnostic,0.47,100,0.47,0.4,0.07,0.0
gina_agnostic,0.47,100,0.47,0.48,0.01,0.0
gina_agnostic,0.47,100,0.47,0.51,0.04,0.0
gina_agnostic,0.47,100,0.47,0.48,0.01,0.0
gina_agnostic,0.47,100,0.47,0.49,0.02,0.0
gina_agnostic,0.53,100,0.53,0.54,0.01,0.0
gina_agnostic,0.53,100,0.53,0.54,0.01,0.0
gina_agnostic,0.53,100,0.53,0.6,0.07,0.0
gina_agnostic,0.53,100,0.53,0.53,0.0,0.0
gina_agnostic,0.53,100,0.53,0.6,0.07,0.0
gina_agnostic,0.53,100,0.53,0.54,0.01,0.0
gina_agnostic,0.53,100,0.53,0.55,0.02,0.0
gina_agnostic,0.53,100,0.53,0.55,0.02,0.0
gina_agnostic,0.53,100,0.53,0.52,0.01,0.0
gina_agnostic,0.53,100,0.53,0.57,0.04,0.0
gina_agnostic,0.58,100,0.58,0.53,0.05,0.0
gina_agnostic,0.58,100,0.58,0.61,0.03,0.0
gina_agnostic,0.58,100,0.58,0.57,0.01,0.0
gina_agnostic,0.58,100,0.58,0.67,0.09,0.0
gina_agnostic,0.58,100,0.58,0.62,0.04,0.0
gina_agnostic,0.58,100,0.58,0.67,0.09,0.0
gina_agnostic,0.58,100,0.58,0.62,0.04,0.0
gina_agnostic,0.58,100,0.58,0.6,0.02,0.0
gina_agnostic,0.58,100,0.58,0.6,0.02,0.0
gina_agnostic,0.58,100,0.58,0.58,0.0,0.0
gina_agnostic,0.63,100,0.63,0.68,0.05,0.0
gina_agnostic,0.63,100,0.63,0.68,0.05,0.0
gina_agnostic,0.63,100,0.63,0.64,0.01,0.0
gina_agnostic,0.63,100,0.63,0.63,0.0,0.0
gina_agnostic,0.63,100,0.63,0.68,0.05,0.0
gina_agnostic,0.63,100,0.63,0.67,0.04,0.0
gina_agnostic,0.63,100,0.63,0.63,0.0,0.0
gina_agnostic,0.63,100,0.63,0.68,0.05,0.0
gina_agnostic,0.63,100,0.63,0.54,0.09,0.0
gina_agnostic,0.63,100,0.63,0.58,0.05,0.0
gina_agnostic,0.68,100,0.68,0.62,0.06,0.0
gina_agnostic,0.68,100,0.68,0.7,0.02,0.0
gina_agnostic,0.68,100,0.68,0.58,0.1,0.0
gina_agnostic,0.68,100,0.68,0.76,0.08,0.0
gina_agnostic,0.68,100,0.68,0.69,0.01,0.0
gina_agnostic,0.68,100,0.68,0.69,0.01,0.0
gina_agnostic,0.68,100,0.68,0.73,0.05,0.0
gina_agnostic,0.68,100,0.68,0.71,0.03,0.0
gina_agnostic,0.68,100,0.68,0.74,0.06,0.0
gina_agnostic,0.68,100,0.68,0.7,0.02,0.0
gina_agnostic,0.74,100,0.74,0.73,0.01,0.0
gina_agnostic,0.74,100,0.74,0.71,0.03,0.0
gina_agnostic,0.74,100,0.74,0.74,0.0,0.0
gina_agnostic,0.74,100,0.74,0.66,0.08,0.0
gina_agnostic,0.74,100,0.74,0.75,0.01,0.0
gina_agnostic,0.74,100,0.74,0.73,0.01,0.0
gina_agnostic,0.74,100,0.74,0.8,0.06,0.0
gina_agnostic,0.74,100,0.74,0.78,0.04,0.0
gina_agnostic,0.74,100,0.74,0.78,0.04,0.0
gina_agnostic,0.74,100,0.74,0.71,0.03,0.0
gina_agnostic,0.79,100,0.79,0.76,0.03,0.0
gina_agnostic,0.79,100,0.79,0.77,0.02,0.0
gina_agnostic,0.79,100,0.79,0.83,0.04,0.0
gina_agnostic,0.79,100,0.79,0.9,0.11,0.0
gina_agnostic,0.79,100,0.79,0.79,0.0,0.0
gina_agnostic,0.79,100,0.79,0.91,0.12,0.0
gina_agnostic,0.79,100,0.79,0.74,0.05,0.0
gina_agnostic,0.79,100,0.79,0.85,0.06,0.0
gina_agnostic,0.79,100,0.79,0.9,0.11,0.0
gina_agnostic,0.79,100,0.79,0.85,0.06,0.0
gina_agnostic,0.84,100,0.84,0.93,0.09,0.0
gina_agnostic,0.84,100,0.84,0.84,0.0,0.0
gina_agnostic,0.84,100,0.84,0.88,0.04,0.0
gina_agnostic,0.84,100,0.84,0.84,0.0,0.0
gina_agnostic,0.84,100,0.84,0.88,0.04,0.0
gina_agnostic,0.84,100,0.84,0.86,0.02,0.0
gina_agnostic,0.84,100,0.84,0.82,0.02,0.0
gina_agnostic,0.84,100,0.84,0.84,0.0,0.0
gina_agnostic,0.84,100,0.84,0.81,0.03,0.0
gina_agnostic,0.84,100,0.84,0.85,0.01,0.0
gina_agnostic,0.89,100,0.89,0.95,0.06,0.0
gina_agnostic,0.89,100,0.89,0.91,0.02,0.0
gina_agnostic,0.89,100,0.89,0.9,0.01,0.0
gina_agnostic,0.89,100,0.89,0.91,0.02,0.0
gina_agnostic,0.89,100,0.89,0.92,0.03,0.0
gina_agnostic,0.89,100,0.89,0.92,0.03,0.0
gina_agnostic,0.89,100,0.89,0.87,0.02,0.0
gina_agnostic,0.89,100,0.89,0.93,0.04,0.0
gina_agnostic,0.89,100,0.89,0.97,0.08,0.0
gina_agnostic,0.89,100,0.89,0.89,0.0,0.0
gina_agnostic,0.95,100,0.95,0.98,0.03,0.0
gina_agnostic,0.95,100,0.95,0.86,0.09,0.0
gina_agnostic,0.95,100,0.95,1.0,0.05,0.0
gina_agnostic,0.95,100,0.95,0.91,0.04,0.0
gina_agnostic,0.95,100,0.95,0.94,0.01,0.0
gina_agnostic,0.95,100,0.95,0.91,0.04,0.0
gina_agnostic,0.95,100,0.95,0.99,0.04,0.0
gina_agnostic,0.95,100,0.95,1.0,0.05,0.0
gina_agnostic,0.95,100,0.95,1.0,0.05,0.0
gina_agnostic,0.95,100,0.95,0.99,0.04,0.0
gina_agnostic,1.0,100,1.0,0.97,0.03,0.0
gina_agnostic,1.0,100,1.0,1.0,0.0,0.0
gina_agnostic,1.0,100,1.0,1.0,0.0,0.0
gina_agnostic,1.0,100,1.0,0.97,0.03,0.0
gina_agnostic,1.0,100,1.0,0.97,0.03,0.0
gina_agnostic,1.0,100,1.0,1.0,0.0,0.0
gina_agnostic,1.0,100,1.0,1.0,0.0,0.0
gina_agnostic,1.0,100,1.0,1.0,0.0,0.0
gina_agnostic,1.0,100,1.0,1.0,0.0,0.0
gina_agnostic,1.0,100,1.0,0.99,0.01,0.0
kin8nm,0.0,100,0.0,0.13,0.13,0.0
kin8nm,0.0,100,0.0,0.15,0.15,0.0
kin8nm,0.0,100,0.0,0.09,0.09,0.0
kin8nm,0.0,100,0.0,0.01,0.01,0.0
kin8nm,0.0,100,0.0,0.0,0.0,0.0
kin8nm,0.0,100,0.0,0.01,0.01,0.0
kin8nm,0.0,100,0.0,0.0,0.0,0.0
kin8nm,0.0,100,0.0,0.0,0.0,0.0
kin8nm,0.0,100,0.0,0.0,0.0,0.0
kin8nm,0.0,100,0.0,0.0,0.0,0.0
kin8nm,0.05,100,0.05,0.04,0.01,0.0
kin8nm,0.05,100,0.05,0.02,0.03,0.0
kin8nm,0.05,100,0.05,0.09,0.04,0.0
kin8nm,0.05,100,0.05,0.1,0.05,0.0
kin8nm,0.05,100,0.05,0.0,0.05,0.0
kin8nm,0.05,100,0.05,0.05,0.0,0.0
kin8nm,0.05,100,0.05,0.0,0.05,0.0
kin8nm,0.05,100,0.05,0.22,0.17,0.0
kin8nm,0.05,100,0.05,0.12,0.07,0.0009267330169677734
kin8nm,0.05,100,0.05,0.07,0.02,0.0
kin8nm,0.11,100,0.11,0.08,0.03,0.0
kin8nm,0.11,100,0.11,0.1,0.01,0.0
kin8nm,0.11,100,0.11,0.13,0.02,0.0
kin8nm,0.11,100,0.11,0.09,0.02,0.0
kin8nm,0.11,100,0.11,0.06,0.05,0.0
kin8nm,0.11,100,0.11,0.15,0.04,0.0
kin8nm,0.11,100,0.11,0.11,0.0,0.0
kin8nm,0.11,100,0.11,0.0,0.11,0.0
kin8nm,0.11,100,0.11,0.15,0.04,0.0
kin8nm,0.11,100,0.11,0.12,0.01,0.0
kin8nm,0.16,100,0.16,0.23,0.07,0.0
kin8nm,0.16,100,0.16,0.25,0.09,0.0
kin8nm,0.16,100,0.16,0.18,0.02,0.0
kin8nm,0.16,100,0.16,0.22,0.06,0.0
kin8nm,0.16,100,0.16,0.12,0.04,0.0
kin8nm,0.16,100,0.16,0.16,0.0,0.0
kin8nm,0.16,100,0.16,0.13,0.03,0.0
kin8nm,0.16,100,0.16,0.28,0.12,0.0
kin8nm,0.16,100,0.16,0.25,0.09,0.0
kin8nm,0.16,100,0.16,0.17,0.01,0.0
kin8nm,0.21,100,0.21,0.15,0.06,0.0
kin8nm,0.21,100,0.21,0.23,0.02,0.0
kin8nm,0.21,100,0.21,0.13,0.08,0.0
kin8nm,0.21,100,0.21,0.36,0.15,0.0
kin8nm,0.21,100,0.21,0.27,0.06,0.0
kin8nm,0.21,100,0.21,0.2,0.01,0.0
kin8nm,0.21,100,0.21,0.29,0.08,0.0
kin8nm,0.21,100,0.21,0.28,0.07,0.0
kin8nm,0.21,100,0.21,0.08,0.13,0.0
kin8nm,0.21,100,0.21,0.24,0.03,0.0
kin8nm,0.26,100,0.26,0.14,0.12,0.0
kin8nm,0.26,100,0.26,0.27,0.01,0.0
kin8nm,0.26,100,0.26,0.32,0.06,0.0
kin8nm,0.26,100,0.26,0.29,0.03,0.0
kin8nm,0.26,100,0.26,0.26,0.0,0.0
kin8nm,0.26,100,0.26,0.17,0.09,0.0
kin8nm,0.26,100,0.26,0.34,0.08,0.0
kin8nm,0.26,100,0.26,0.37,0.11,0.0
kin8nm,0.26,100,0.26,0.3,0.04,0.0
kin8nm,0.26,100,0.26,0.2,0.06,0.0
kin8nm,0.32,100,0.32,0.3,0.02,0.0
kin8nm,0.32,100,0.32,0.33,0.01,0.0
kin8nm,0.32,100,0.32,0.29,0.03,0.0
kin8nm,0.32,100,0.32,0.29,0.03,0.0
kin8nm,0.32,100,0.32,0.26,0.06,0.0
kin8nm,0.32,100,0.32,0.3,0.02,0.0
kin8nm,0.32,100,0.32,0.23,0.09,0.0
kin8nm,0.32,100,0.32,0.35,0.03,0.0
kin8nm,0.32,100,0.32,0.35,0.03,0.0
kin8nm,0.32,100,0.32,0.22,0.1,0.0
kin8nm,0.37,100,0.37,0.3,0.07,0.0
kin8nm,0.37,100,0.37,0.4,0.03,0.0
kin8nm,0.37,100,0.37,0.36,0.01,0.0
kin8nm,0.37,100,0.37,0.28,0.09,0.0
kin8nm,0.37,100,0.37,0.38,0.01,0.0
kin8nm,0.37,100,0.37,0.4,0.03,0.0
kin8nm,0.37,100,0.37,0.49,0.12,0.0
kin8nm,0.37,100,0.37,0.34,0.03,0.0
kin8nm,0.37,100,0.37,0.35,0.02,0.0
kin8nm,0.37,100,0.37,0.39,0.02,0.0
kin8nm,0.42,100,0.42,0.34,0.08,0.0
kin8nm,0.42,100,0.42,0.38,0.04,0.0
kin8nm,0.42,100,0.42,0.47,0.05,0.0
kin8nm,0.42,100,0.42,0.41,0.01,0.0
kin8nm,0.42,100,0.42,0.49,0.07,0.0
kin8nm,0.42,100,0.42,0.37,0.05,0.0
kin8nm,0.42,100,0.42,0.59,0.17,0.0
kin8nm,0.42,100,0.42,0.42,0.0,0.0
kin8nm,0.42,100,0.42,0.26,0.16,0.0
kin8nm,0.42,100,0.42,0.56,0.14,0.0
kin8nm,0.47,100,0.47,0.53,0.06,0.0
kin8nm,0.47,100,0.47,0.39,0.08,0.0
kin8nm,0.47,100,0.47,0.57,0.1,0.0
kin8nm,0.47,100,0.47,0.47,0.0,0.0
kin8nm,0.47,100,0.47,0.54,0.07,0.0
kin8nm,0.47,100,0.47,0.54,0.07,0.0
kin8nm,0.47,100,0.47,0.53,0.06,0.0
kin8nm,0.47,100,0.47,0.48,0.01,0.0
kin8nm,0.47,100,0.47,0.48,0.01,0.0
kin8nm,0.47,100,0.47,0.38,0.09,0.0007219314575195312
kin8nm,0.53,100,0.53,0.48,0.05,0.0
kin8nm,0.53,100,0.53,0.61,0.08,0.0
kin8nm,0.53,100,0.53,0.5,0.03,0.0
kin8nm,0.53,100,0.53,0.72,0.19,0.0
kin8nm,0.53,100,0.53,0.52,0.01,0.0
kin8nm,0.53,100,0.53,0.48,0.05,0.0
kin8nm,0.53,100,0.53,0.6,0.07,0.0
kin8nm,0.53,100,0.53,0.48,0.05,0.0
kin8nm,0.53,100,0.53,0.61,0.08,0.0
kin8nm,0.53,100,0.53,0.47,0.06,0.0
kin8nm,0.58,100,0.58,0.54,0.04,0.0
kin8nm,0.58,100,0.58,0.6,0.02,0.0
kin8nm,0.58,100,0.58,0.48,0.1,0.0
kin8nm,0.58,100,0.58,0.53,0.05,0.0
kin8nm,0.58,100,0.58,0.59,0.01,0.0
kin8nm,0.58,100,0.58,0.68,0.1,0.0
kin8nm,0.58,100,0.58,0.51,0.07,0.0
kin8nm,0.58,100,0.58,0.46,0.12,0.0
kin8nm,0.58,100,0.58,0.48,0.1,0.0
kin8nm,0.58,100,0.58,0.54,0.04,0.0
kin8nm,0.63,100,0.63,0.63,0.0,0.0
kin8nm,0.63,100,0.63,0.75,0.12,0.0
kin8nm,0.63,100,0.63,0.55,0.08,0.0
kin8nm,0.63,100,0.63,0.52,0.11,0.0
kin8nm,0.63,100,0.63,0.61,0.02,0.0
kin8nm,0.63,100,0.63,0.55,0.08,0.0
kin8nm,0.63,100,0.63,0.57,0.06,0.0
kin8nm,0.63,100,0.63,0.6,0.03,0.0
kin8nm,0.63,100,0.63,0.74,0.11,0.0
kin8nm,0.63,100,0.63,0.67,0.04,0.0
kin8nm,0.68,100,0.68,0.68,0.0,0.0
kin8nm,0.68,100,0.68,0.74,0.06,0.0
kin8nm,0.68,100,0.68,0.66,0.02,0.0
kin8nm,0.68,100,0.68,0.63,0.05,0.0
kin8nm,0.68,100,0.68,0.79,0.11,0.0
kin8nm,0.68,100,0.68,0.62,0.06,0.0
kin8nm,0.68,100,0.68,0.73,0.05,0.0
kin8nm,0.68,100,0.68,0.66,0.02,0.0
kin8nm,0.68,100,0.68,0.64,0.04,0.0
kin8nm,0.68,100,0.68,0.67,0.01,0.01562047004699707
kin8nm,0.74,100,0.74,0.72,0.02,0.0
kin8nm,0.74,100,0.74,0.72,0.02,0.0
kin8nm,0.74,100,0.74,0.73,0.01,0.0
kin8nm,0.74,100,0.74,0.73,0.01,0.0
kin8nm,0.74,100,0.74,0.65,0.09,0.0
kin8nm,0.74,100,0.74,0.68,0.06,0.0
kin8nm,0.74,100,0.74,0.76,0.02,0.0
kin8nm,0.74,100,0.74,0.72,0.02,0.0
kin8nm,0.74,100,0.74,0.71,0.03,0.0
kin8nm,0.74,100,0.74,0.78,0.04,0.0
kin8nm,0.79,100,0.79,0.79,0.0,0.0
kin8nm,0.79,100,0.79,0.79,0.0,0.0
kin8nm,0.79,100,0.79,0.72,0.07,0.0
kin8nm,0.79,100,0.79,0.81,0.02,0.0
kin8nm,0.79,100,0.79,0.75,0.04,0.0
kin8nm,0.79,100,0.79,0.78,0.01,0.0
kin8nm,0.79,100,0.79,0.73,0.06,0.0
kin8nm,0.79,100,0.79,0.86,0.07,0.0
kin8nm,0.79,100,0.79,0.93,0.14,0.0
kin8nm,0.79,100,0.79,0.71,0.08,0.0
kin8nm,0.84,100,0.84,0.74,0.1,0.0
kin8nm,0.84,100,0.84,0.8,0.04,0.0
kin8nm,0.84,100,0.84,0.72,0.12,0.0
kin8nm,0.84,100,0.84,0.81,0.03,0.0
kin8nm,0.84,100,0.84,1.0,0.16,0.0
kin8nm,0.84,100,0.84,0.76,0.08,0.0
kin8nm,0.84,100,0.84,0.94,0.1,0.0
kin8nm,0.84,100,0.84,0.92,0.08,0.0
kin8nm,0.84,100,0.84,0.79,0.05,0.0
kin8nm,0.84,100,0.84,0.85,0.01,0.0
kin8nm,0.89,100,0.89,1.0,0.11,0.0
kin8nm,0.89,100,0.89,0.8,0.09,0.0
kin8nm,0.89,100,0.89,0.86,0.03,0.0
kin8nm,0.89,100,0.89,0.94,0.05,0.0
kin8nm,0.89,100,0.89,0.89,0.0,0.0
kin8nm,0.89,100,0.89,0.9,0.01,0.0
kin8nm,0.89,100,0.89,0.86,0.03,0.0
kin8nm,0.89,100,0.89,0.93,0.04,0.0
kin8nm,0.89,100,0.89,0.9,0.01,0.0
kin8nm,0.89,100,0.89,0.9,0.01,0.0
kin8nm,0.95,100,0.95,1.0,0.05,0.0
kin8nm,0.95,100,0.95,0.94,0.01,0.0
kin8nm,0.95,100,0.95,0.96,0.01,0.0
kin8nm,0.95,100,0.95,1.0,0.05,0.0
kin8nm,0.95,100,0.95,1.0,0.05,0.0
kin8nm,0.95,100,0.95,0.83,0.12,0.0
kin8nm,0.95,100,0.95,0.97,0.02,0.0
kin8nm,0.95,100,0.95,1.0,0.05,0.0
kin8nm,0.95,100,0.95,0.94,0.01,0.0
kin8nm,0.95,100,0.95,0.93,0.02,0.0
kin8nm,1.0,100,1.0,1.0,0.0,0.0
kin8nm,1.0,100,1.0,0.83,0.17,0.0
kin8nm,1.0,100,1.0,1.0,0.0,0.0
kin8nm,1.0,100,1.0,0.99,0.01,0.0
kin8nm,1.0,100,1.0,1.0,0.0,0.0
kin8nm,1.0,100,1.0,1.0,0.0,0.0
kin8nm,1.0,100,1.0,0.89,0.11,0.0
kin8nm,1.0,100,1.0,0.82,0.18,0.0
kin8nm,1.0,100,1.0,0.99,0.01,0.0
kin8nm,1.0,100,1.0,0.93,0.07,0.0
parity5_plus_5,0.0,100,0.0,0.0,0.0,0.0
parity5_plus_5,0.0,100,0.0,0.0,0.0,0.0
parity5_plus_5,0.0,100,0.0,0.0,0.0,0.0
parity5_plus_5,0.0,100,0.0,0.0,0.0,0.0
parity5_plus_5,0.0,100,0.0,0.0,0.0,0.0
parity5_plus_5,0.0,100,0.0,0.0,0.0,0.0
parity5_plus_5,0.0,100,0.0,0.0,0.0,0.0
parity5_plus_5,0.0,100,0.0,0.0,0.0,0.0
parity5_plus_5,0.0,100,0.0,0.0,0.0,0.0
parity5_plus_5,0.0,100,0.0,0.0,0.0,0.0
parity5_plus_5,0.05,100,0.05,0.0,0.05,0.0
parity5_plus_5,0.05,100,0.05,0.0,0.05,0.0
parity5_plus_5,0.05,100,0.05,0.0,0.05,0.0
parity5_plus_5,0.05,100,0.05,0.0,0.05,0.0
parity5_plus_5,0.05,100,0.05,0.0,0.05,0.0
parity5_plus_5,0.05,100,0.05,0.0,0.05,0.0
parity5_plus_5,0.05,100,0.05,0.05,0.0,0.0
parity5_plus_5,0.05,100,0.05,0.0,0.05,0.0
parity5_plus_5,0.05,100,0.05,0.0,0.05,0.0
parity5_plus_5,0.05,100,0.05,0.0,0.05,0.0
parity5_plus_5,0.11,100,0.11,0.0,0.11,0.0
parity5_plus_5,0.11,100,0.11,0.0,0.11,0.0
parity5_plus_5,0.11,100,0.11,0.01,0.1,0.0
parity5_plus_5,0.11,100,0.11,0.0,0.11,0.0
parity5_plus_5,0.11,100,0.11,0.0,0.11,0.0
parity5_plus_5,0.11,100,0.11,0.0,0.11,0.0
parity5_plus_5,0.11,100,0.11,0.0,0.11,0.0
parity5_plus_5,0.11,100,0.11,0.0,0.11,0.0
parity5_plus_5,0.11,100,0.11,0.0,0.11,0.0
parity5_plus_5,0.11,100,0.11,0.0,0.11,0.0
parity5_plus_5,0.16,100,0.16,0.0,0.16,0.0
parity5_plus_5,0.16,100,0.16,0.0,0.16,0.0
parity5_plus_5,0.16,100,0.16,0.0,0.16,0.0
parity5_plus_5,0.16,100,0.16,0.0,0.16,0.0
parity5_plus_5,0.16,100,0.16,0.0,0.16,0.00026154518127441406
parity5_plus_5,0.16,100,0.16,0.0,0.16,0.0
parity5_plus_5,0.16,100,0.16,0.0,0.16,0.0
parity5_plus_5,0.16,100,0.16,0.0,0.16,0.0
parity5_plus_5,0.16,100,0.16,0.0,0.16,0.0
parity5_plus_5,0.16,100,0.16,0.0,0.16,0.0
parity5_plus_5,0.21,100,0.21,0.0,0.21,0.0
parity5_plus_5,0.21,100,0.21,0.33,0.12,0.0
parity5_plus_5,0.21,100,0.21,0.0,0.21,0.0
parity5_plus_5,0.21,100,0.21,0.12,0.09,0.0
parity5_plus_5,0.21,100,0.21,0.0,0.21,0.0
parity5_plus_5,0.21,100,0.21,0.0,0.21,0.0
parity5_plus_5,0.21,100,0.21,0.0,0.21,0.0
parity5_plus_5,0.21,100,0.21,0.0,0.21,0.0
parity5_plus_5,0.21,100,0.21,0.0,0.21,0.0
parity5_plus_5,0.21,100,0.21,0.35,0.14,0.0
parity5_plus_5,0.26,100,0.26,0.0,0.26,0.0
parity5_plus_5,0.26,100,0.26,0.0,0.26,0.0
parity5_plus_5,0.26,100,0.26,0.09,0.17,0.0
parity5_plus_5,0.26,100,0.26,0.05,0.21,0.0
parity5_plus_5,0.26,100,0.26,0.0,0.26,0.0
parity5_plus_5,0.26,100,0.26,0.0,0.26,0.0
parity5_plus_5,0.26,100,0.26,0.16,0.1,0.0
parity5_plus_5,0.26,100,0.26,0.0,0.26,0.0
parity5_plus_5,0.26,100,0.26,0.61,0.35,0.0
parity5_plus_5,0.26,100,0.26,0.0,0.26,0.0
parity5_plus_5,0.32,100,0.32,0.0,0.32,0.0
parity5_plus_5,0.32,100,0.32,0.14,0.18,0.0
parity5_plus_5,0.32,100,0.32,0.04,0.28,0.0
parity5_plus_5,0.32,100,0.32,0.0,0.32,0.0
parity5_plus_5,0.32,100,0.32,0.63,0.31,0.0
parity5_plus_5,0.32,100,0.32,0.0,0.32,0.0
parity5_plus_5,0.32,100,0.32,0.06,0.26,0.0
parity5_plus_5,0.32,100,0.32,0.4,0.08,0.0
parity5_plus_5,0.32,100,0.32,0.0,0.32,0.0
parity5_plus_5,0.32,100,0.32,0.35,0.03,0.0
parity5_plus_5,0.37,100,0.37,0.14,0.23,0.0
parity5_plus_5,0.37,100,0.37,0.07,0.3,0.0
parity5_plus_5,0.37,100,0.37,0.0,0.37,0.0
parity5_plus_5,0.37,100,0.37,0.0,0.37,0.0
parity5_plus_5,0.37,100,0.37,0.0,0.37,0.0
parity5_plus_5,0.37,100,0.37,0.18,0.19,0.0
parity5_plus_5,0.37,100,0.37,0.0,0.37,0.0
parity5_plus_5,0.37,100,0.37,0.0,0.37,0.0
parity5_plus_5,0.37,100,0.37,0.0,0.37,0.0
parity5_plus_5,0.37,100,0.37,0.0,0.37,0.0
parity5_plus_5,0.42,100,0.42,0.23,0.19,0.0
parity5_plus_5,0.42,100,0.42,0.0,0.42,0.0
parity5_plus_5,0.42,100,0.42,0.0,0.42,0.0
parity5_plus_5,0.42,100,0.42,0.06,0.36,0.0
parity5_plus_5,0.42,100,0.42,0.33,0.09,0.0
parity5_plus_5,0.42,100,0.42,0.94,0.52,0.0
parity5_plus_5,0.42,100,0.42,0.0,0.42,0.0
parity5_plus_5,0.42,100,0.42,0.0,0.42,0.0
parity5_plus_5,0.42,100,0.42,0.16,0.26,0.0
parity5_plus_5,0.42,100,0.42,0.0,0.42,0.0
parity5_plus_5,0.47,100,0.47,0.0,0.47,0.0
parity5_plus_5,0.47,100,0.47,0.51,0.04,0.0
parity5_plus_5,0.47,100,0.47,0.0,0.47,0.0
parity5_plus_5,0.47,100,0.47,0.75,0.28,0.0
parity5_plus_5,0.47,100,0.47,0.11,0.36,0.0
parity5_plus_5,0.47,100,0.47,0.22,0.25,0.0
parity5_plus_5,0.47,100,0.47,0.0,0.47,0.0
parity5_plus_5,0.47,100,0.47,0.0,0.47,0.0
parity5_plus_5,0.47,100,0.47,0.45,0.02,0.0
parity5_plus_5,0.47,100,0.47,0.0,0.47,0.0009274482727050781
parity5_plus_5,0.53,100,0.53,0.37,0.16,0.0
parity5_plus_5,0.53,100,0.53,0.2,0.33,0.0
parity5_plus_5,0.53,100,0.53,0.0,0.53,0.0
parity5_plus_5,0.53,100,0.53,0.1,0.43,0.0
parity5_plus_5,0.53,100,0.53,0.77,0.24,0.0
parity5_plus_5,0.53,100,0.53,0.17,0.36,0.0
parity5_plus_5,0.53,100,0.53,0.21,0.32,0.0
parity5_plus_5,0.53,100,0.53,0.82,0.29,0.0
parity5_plus_5,0.53,100,0.53,0.5,0.03,0.0
parity5_plus_5,0.53,100,0.53,0.0,0.53,0.0
parity5_plus_5,0.58,100,0.58,0.0,0.58,0.0
parity5_plus_5,0.58,100,0.58,0.46,0.12,0.0
parity5_plus_5,0.58,100,0.58,0.05,0.53,0.0
parity5_plus_5,0.58,100,0.58,0.0,0.58,0.0
parity5_plus_5,0.58,100,0.58,0.25,0.33,0.0
parity5_plus_5,0.58,100,0.58,0.28,0.3,0.0
parity5_plus_5,0.58,100,0.58,0.0,0.58,0.0
parity5_plus_5,0.58,100,0.58,0.01,0.57,0.0008418560028076172
parity5_plus_5,0.58,100,0.58,1.0,0.42,0.0
parity5_plus_5,0.58,100,0.58,0.0,0.58,0.0
parity5_plus_5,0.63,100,0.63,0.67,0.04,0.0
parity5_plus_5,0.63,100,0.63,0.41,0.22,0.0
parity5_plus_5,0.63,100,0.63,0.37,0.26,0.0
parity5_plus_5,0.63,100,0.63,0.75,0.12,0.0
parity5_plus_5,0.63,100,0.63,0.08,0.55,0.0
parity5_plus_5,0.63,100,0.63,0.33,0.3,0.0
parity5_plus_5,0.63,100,0.63,0.12,0.51,0.0
parity5_plus_5,0.63,100,0.63,0.0,0.63,0.0
parity5_plus_5,0.63,100,0.63,0.02,0.61,0.0
parity5_plus_5,0.63,100,0.63,0.14,0.49,0.0
parity5_plus_5,0.68,100,0.68,0.79,0.11,0.0
parity5_plus_5,0.68,100,0.68,0.32,0.36,0.01562047004699707
parity5_plus_5,0.68,100,0.68,0.34,0.34,0.0
parity5_plus_5,0.68,100,0.68,0.48,0.2,0.0
parity5_plus_5,0.68,100,0.68,0.0,0.68,0.0
parity5_plus_5,0.68,100,0.68,0.69,0.01,0.0
parity5_plus_5,0.68,100,0.68,0.37,0.31,0.0
parity5_plus_5,0.68,100,0.68,0.92,0.24,0.0
parity5_plus_5,0.68,100,0.68,0.27,0.41,0.0
parity5_plus_5,0.68,100,0.68,0.28,0.4,0.0
parity5_plus_5,0.74,100,0.74,1.0,0.26,0.0
parity5_plus_5,0.74,100,0.74,0.4,0.34,0.0
parity5_plus_5,0.74,100,0.74,0.48,0.26,0.0
parity5_plus_5,0.74,100,0.74,0.18,0.56,0.0
parity5_plus_5,0.74,100,0.74,1.0,0.26,0.0
parity5_plus_5,0.74,100,0.74,0.39,0.35,0.0
parity5_plus_5,0.74,100,0.74,0.52,0.22,0.0
parity5_plus_5,0.74,100,0.74,0.88,0.14,0.0
parity5_plus_5,0.74,100,0.74,0.0,0.74,0.0
parity5_plus_5,0.74,100,0.74,0.3,0.44,0.0
parity5_plus_5,0.79,100,0.79,0.56,0.23,0.0
parity5_plus_5,0.79,100,0.79,0.57,0.22,0.0
parity5_plus_5,0.79,100,0.79,0.8,0.01,0.0
parity5_plus_5,0.79,100,0.79,0.9,0.11,0.0
parity5_plus_5,0.79,100,0.79,0.4,0.39,0.0
parity5_plus_5,0.79,100,0.79,0.39,0.4,0.0
parity5_plus_5,0.79,100,0.79,0.55,0.24,0.0
parity5_plus_5,0.79,100,0.79,0.71,0.08,0.0
parity5_plus_5,0.79,100,0.79,0.09,0.7,0.0
parity5_plus_5,0.79,100,0.79,0.66,0.13,0.0
parity5_plus_5,0.84,100,0.84,0.91,0.07,0.0
parity5_plus_5,0.84,100,0.84,0.68,0.16,0.0
parity5_plus_5,0.84,100,0.84,0.72,0.12,0.0
parity5_plus_5,0.84,100,0.84,0.77,0.07,0.0
parity5_plus_5,0.84,100,0.84,0.09,0.75,0.0
parity5_plus_5,0.84,100,0.84,0.56,0.28,0.0
parity5_plus_5,0.84,100,0.84,0.14,0.7,0.0
parity5_plus_5,0.84,100,0.84,0.63,0.21,0.0
parity5_plus_5,0.84,100,0.84,0.45,0.39,0.0
parity5_plus_5,0.84,100,0.84,1.0,0.16,0.0
parity5_plus_5,0.89,100,0.89,0.83,0.06,0.0
parity5_plus_5,0.89,100,0.89,0.49,0.4,0.0
parity5_plus_5,0.89,100,0.89,0.7,0.19,0.0
parity5_plus_5,0.89,100,0.89,0.55,0.34,0.0
parity5_plus_5,0.89,100,0.89,0.76,0.13,0.0
parity5_plus_5,0.89,100,0.89,0.73,0.16,0.0
parity5_plus_5,0.89,100,0.89,0.48,0.41,0.0
parity5_plus_5,0.89,100,0.89,0.87,0.02,0.0
parity5_plus_5,0.89,100,0.89,1.0,0.11,0.0
parity5_plus_5,0.89,100,0.89,1.0,0.11,0.0
parity5_plus_5,0.95,100,0.95,1.0,0.05,0.0
parity5_plus_5,0.95,100,0.95,0.44,0.51,0.0
parity5_plus_5,0.95,100,0.95,1.0,0.05,0.0
parity5_plus_5,0.95,100,0.95,1.0,0.05,0.0
parity5_plus_5,0.95,100,0.95,1.0,0.05,0.0
parity5_plus_5,0.95,100,0.95,1.0,0.05,0.0
parity5_plus_5,0.95,100,0.95,0.1,0.85,0.0
parity5_plus_5,0.95,100,0.95,0.79,0.16,0.0
parity5_plus_5,0.95,100,0.95,0.43,0.52,0.0
parity5_plus_5,0.95,100,0.95,0.62,0.33,0.0
parity5_plus_5,1.0,100,1.0,0.41,0.59,0.0
parity5_plus_5,1.0,100,1.0,0.9,0.1,0.0
parity5_plus_5,1.0,100,1.0,1.0,0.0,0.0
parity5_plus_5,1.0,100,1.0,1.0,0.0,0.0
parity5_plus_5,1.0,100,1.0,1.0,0.0,0.0
parity5_plus_5,1.0,100,1.0,1.0,0.0,0.0
parity5_plus_5,1.0,100,1.0,0.75,0.25,0.0
parity5_plus_5,1.0,100,1.0,0.9,0.1,0.0
parity5_plus_5,1.0,100,1.0,0.64,0.36,0.0
parity5_plus_5,1.0,100,1.0,0.77,0.23,0.0
pendigits,0.0,100,0.0,0.0,0.0,0.0
pendigits,0.0,100,0.0,0.0,0.0,0.0
pendigits,0.0,100,0.0,0.02,0.02,0.0
pendigits,0.0,100,0.0,0.0,0.0,0.0
pendigits,0.0,100,0.0,0.0,0.0,0.0
pendigits,0.0,100,0.0,0.0,0.0,0.0
pendigits,0.0,100,0.0,0.0,0.0,0.0
pendigits,0.0,100,0.0,0.0,0.0,0.0
pendigits,0.0,100,0.0,0.0,0.0,0.0
pendigits,0.0,100,0.0,0.0,0.0,0.0
pendigits,0.05,100,0.05,0.04,0.01,0.0
pendigits,0.05,100,0.05,0.05,0.0,0.0
pendigits,0.05,100,0.05,0.05,0.0,0.0
pendigits,0.05,100,0.05,0.05,0.0,0.0
pendigits,0.05,100,0.05,0.04,0.01,0.0
pendigits,0.05,100,0.05,0.04,0.01,0.0
pendigits,0.05,100,0.05,0.05,0.0,0.0
pendigits,0.05,100,0.05,0.05,0.0,0.0
pendigits,0.05,100,0.05,0.04,0.01,0.0
pendigits,0.05,100,0.05,0.05,0.0,0.0
pendigits,0.11,100,0.11,0.12,0.01,0.0
pendigits,0.11,100,0.11,0.11,0.0,0.0
pendigits,0.11,100,0.11,0.11,0.0,0.0
pendigits,0.11,100,0.11,0.11,0.0,0.0
pendigits,0.11,100,0.11,0.11,0.0,0.0
pendigits,0.11,100,0.11,0.11,0.0,0.0
pendigits,0.11,100,0.11,0.13,0.02,0.0
pendigits,0.11,100,0.11,0.11,0.0,0.0
pendigits,0.11,100,0.11,0.1,0.01,0.0
pendigits,0.11,100,0.11,0.11,0.0,0.0
pendigits,0.16,100,0.16,0.16,0.0,0.0
pendigits,0.16,100,0.16,0.16,0.0,0.0
pendigits,0.16,100,0.16,0.16,0.0,0.0
pendigits,0.16,100,0.16,0.17,0.01,0.00017404556274414062
pendigits,0.16,100,0.16,0.16,0.0,0.0
pendigits,0.16,100,0.16,0.17,0.01,0.0
pendigits,0.16,100,0.16,0.15,0.01,0.0
pendigits,0.16,100,0.16,0.16,0.0,0.0
pendigits,0.16,100,0.16,0.16,0.0,0.0
pendigits,0.16,100,0.16,0.17,0.01,0.0
pendigits,0.21,100,0.21,0.2,0.01,0.0
pendigits,0.21,100,0.21,0.22,0.01,0.0
pendigits,0.21,100,0.21,0.22,0.01,0.0
pendigits,0.21,100,0.21,0.2,0.01,0.0
pendigits,0.21,100,0.21,0.21,0.0,0.0
pendigits,0.21,100,0.21,0.2,0.01,0.0
pendigits,0.21,100,0.21,0.22,0.01,0.0
pendigits,0.21,100,0.21,0.21,0.0,0.0
pendigits,0.21,100,0.21,0.21,0.0,0.0
pendigits,0.21,100,0.21,0.2,0.01,0.0
pendigits,0.26,100,0.26,0.26,0.0,0.0
pendigits,0.26,100,0.26,0.26,0.0,0.0
pendigits,0.26,100,0.26,0.26,0.0,0.0
pendigits,0.26,100,0.26,0.26,0.0,0.0
pendigits,0.26,100,0.26,0.26,0.0,0.0
pendigits,0.26,100,0.26,0.27,0.01,0.0
pendigits,0.26,100,0.26,0.24,0.02,0.0009987354278564453
pendigits,0.26,100,0.26,0.27,0.01,0.0
pendigits,0.26,100,0.26,0.28,0.02,0.0
pendigits,0.26,100,0.26,0.26,0.0,0.001092672348022461
pendigits,0.32,100,0.32,0.32,0.0,0.0
pendigits,0.32,100,0.32,0.31,0.01,0.0
pendigits,0.32,100,0.32,0.32,0.0,0.0
pendigits,0.32,100,0.32,0.31,0.01,0.0009996891021728516
pendigits,0.32,100,0.32,0.32,0.0,0.0
pendigits,0.32,100,0.32,0.31,0.01,0.0
pendigits,0.32,100,0.32,0.33,0.01,0.0
pendigits,0.32,100,0.32,0.33,0.01,0.0
pendigits,0.32,100,0.32,0.32,0.0,0.0
pendigits,0.32,100,0.32,0.33,0.01,0.0
pendigits,0.37,100,0.37,0.36,0.01,0.0
pendigits,0.37,100,0.37,0.36,0.01,0.0
pendigits,0.37,100,0.37,0.37,0.0,0.0
pendigits,0.37,100,0.37,0.38,0.01,0.0
pendigits,0.37,100,0.37,0.36,0.01,0.0
pendigits,0.37,100,0.37,0.36,0.01,0.0
pendigits,0.37,100,0.37,0.37,0.0,0.0
pendigits,0.37,100,0.37,0.36,0.01,0.0
pendigits,0.37,100,0.37,0.38,0.01,0.0
pendigits,0.37,100,0.37,0.38,0.01,0.0
pendigits,0.42,100,0.42,0.43,0.01,0.0
pendigits,0.42,100,0.42,0.43,0.01,0.0
pendigits,0.42,100,0.42,0.4,0.02,0.0
pendigits,0.42,100,0.42,0.43,0.01,0.0
pendigits,0.42,100,0.42,0.41,0.01,0.0
pendigits,0.42,100,0.42,0.43,0.01,0.0
pendigits,0.42,100,0.42,0.43,0.01,0.0
pendigits,0.42,100,0.42,0.42,0.0,0.0
pendigits,0.42,100,0.42,0.43,0.01,0.0
pendigits,0.42,100,0.42,0.42,0.0,0.0
pendigits,0.47,100,0.47,0.48,0.01,0.0
pendigits,0.47,100,0.47,0.48,0.01,0.0
pendigits,0.47,100,0.47,0.45,0.02,0.0
pendigits,0.47,100,0.47,0.49,0.02,0.0
pendigits,0.47,100,0.47,0.44,0.03,0.0
pendigits,0.47,100,0.47,0.47,0.0,0.0
pendigits,0.47,100,0.47,0.47,0.0,0.0
pendigits,0.47,100,0.47,0.48,0.01,0.0
pendigits,0.47,100,0.47,0.45,0.02,0.0
pendigits,0.47,100,0.47,0.48,0.01,0.0
pendigits,0.53,100,0.53,0.53,0.0,0.0
pendigits,0.53,100,0.53,0.53,0.0,0.0
pendigits,0.53,100,0.53,0.55,0.02,0.0
pendigits,0.53,100,0.53,0.54,0.01,0.0
pendigits,0.53,100,0.53,0.54,0.01,0.0
pendigits,0.53,100,0.53,0.52,0.01,0.0
pendigits,0.53,100,0.53,0.54,0.01,0.0
pendigits,0.53,100,0.53,0.53,0.0,0.0
pendigits,0.53,100,0.53,0.55,0.02,0.0
pendigits,0.53,100,0.53,0.54,0.01,0.0
pendigits,0.58,100,0.58,0.59,0.01,0.0
pendigits,0.58,100,0.58,0.59,0.01,0.0
pendigits,0.58,100,0.58,0.59,0.01,0.0
pendigits,0.58,100,0.58,0.59,0.01,0.0
pendigits,0.58,100,0.58,0.56,0.02,0.0
pendigits,0.58,100,0.58,0.6,0.02,0.0
pendigits,0.58,100,0.58,0.6,0.02,0.0
pendigits,0.58,100,0.58,0.58,0.0,0.0
pendigits,0.58,100,0.58,0.58,0.0,0.0
pendigits,0.58,100,0.58,0.58,0.0,0.0
pendigits,0.63,100,0.63,0.62,0.01,0.0
pendigits,0.63,100,0.63,0.63,0.0,0.0
pendigits,0.63,100,0.63,0.64,0.01,0.0
pendigits,0.63,100,0.63,0.63,0.0,0.0
pendigits,0.63,100,0.63,0.64,0.01,0.0
pendigits,0.63,100,0.63,0.62,0.01,0.0
pendigits,0.63,100,0.63,0.63,0.0,0.0
pendigits,0.63,100,0.63,0.62,0.01,0.0
pendigits,0.63,100,0.63,0.64,0.01,0.0
pendigits,0.63,100,0.63,0.64,0.01,0.0
pendigits,0.68,100,0.68,0.67,0.01,0.0
pendigits,0.68,100,0.68,0.68,0.0,0.0
pendigits,0.68,100,0.68,0.69,0.01,0.0
pendigits,0.68,100,0.68,0.68,0.0,0.0
pendigits,0.68,100,0.68,0.69,0.01,0.0
pendigits,0.68,100,0.68,0.69,0.01,0.0
pendigits,0.68,100,0.68,0.68,0.0,0.0
pendigits,0.68,100,0.68,0.68,0.0,0.0
pendigits,0.68,100,0.68,0.69,0.01,0.0
pendigits,0.68,100,0.68,0.68,0.0,0.0
pendigits,0.74,100,0.74,0.76,0.02,0.0
pendigits,0.74,100,0.74,0.73,0.01,0.0
pendigits,0.74,100,0.74,0.74,0.0,0.0
pendigits,0.74,100,0.74,0.76,0.02,0.0
pendigits,0.74,100,0.74,0.74,0.0,0.0
pendigits,0.74,100,0.74,0.75,0.01,0.0
pendigits,0.74,100,0.74,0.73,0.01,0.0
pendigits,0.74,100,0.74,0.72,0.02,0.0
pendigits,0.74,100,0.74,0.76,0.02,0.0
pendigits,0.74,100,0.74,0.76,0.02,0.0
pendigits,0.79,100,0.79,0.81,0.02,0.0
pendigits,0.79,100,0.79,0.79,0.0,0.0
pendigits,0.79,100,0.79,0.79,0.0,0.0
pendigits,0.79,100,0.79,0.81,0.02,0.0
pendigits,0.79,100,0.79,0.79,0.0,0.0
pendigits,0.79,100,0.79,0.78,0.01,0.0
pendigits,0.79,100,0.79,0.81,0.02,0.0
pendigits,0.79,100,0.79,0.78,0.01,0.0
pendigits,0.79,100,0.79,0.79,0.0,0.0
pendigits,0.79,100,0.79,0.79,0.0,0.0
pendigits,0.84,100,0.84,0.84,0.0,0.0
pendigits,0.84,100,0.84,0.84,0.0,0.0
pendigits,0.84,100,0.84,0.85,0.01,0.0
pendigits,0.84,100,0.84,0.84,0.0,0.0
pendigits,0.84,100,0.84,0.85,0.01,0.0
pendigits,0.84,100,0.84,0.81,0.03,0.0
pendigits,0.84,100,0.84,0.81,0.03,0.0
pendigits,0.84,100,0.84,0.85,0.01,0.0
pendigits,0.84,100,0.84,0.85,0.01,0.0
pendigits,0.84,100,0.84,0.83,0.01,0.0
pendigits,0.89,100,0.89,0.89,0.0,0.0
pendigits,0.89,100,0.89,0.9,0.01,0.0
pendigits,0.89,100,0.89,0.88,0.01,0.0010027885437011719
pendigits,0.89,100,0.89,0.91,0.02,0.0
pendigits,0.89,100,0.89,0.89,0.0,0.0
pendigits,0.89,100,0.89,0.9,0.01,0.0
pendigits,0.89,100,0.89,0.9,0.01,0.0
pendigits,0.89,100,0.89,0.92,0.03,0.0
pendigits,0.89,100,0.89,0.89,0.0,0.0
pendigits,0.89,100,0.89,0.9,0.01,0.0
pendigits,0.95,100,0.95,0.95,0.0,0.0
pendigits,0.95,100,0.95,0.97,0.02,0.0
pendigits,0.95,100,0.95,0.96,0.01,0.0
pendigits,0.95,100,0.95,0.95,0.0,0.0
pendigits,0.95,100,0.95,0.93,0.02,0.0
pendigits,0.95,100,0.95,0.97,0.02,0.0
pendigits,0.95,100,0.95,0.96,0.01,0.0
pendigits,0.95,100,0.95,0.95,0.0,0.0
pendigits,0.95,100,0.95,0.96,0.01,0.0
pendigits,0.95,100,0.95,0.95,0.0,0.0
pendigits,1.0,100,1.0,0.99,0.01,0.0
pendigits,1.0,100,1.0,1.0,0.0,0.0
pendigits,1.0,100,1.0,1.0,0.0,0.0
pendigits,1.0,100,1.0,1.0,0.0,0.0
pendigits,1.0,100,1.0,1.0,0.0,0.0
pendigits,1.0,100,1.0,1.0,0.0,0.0
pendigits,1.0,100,1.0,1.0,0.0,0.0
pendigits,1.0,100,1.0,1.0,0.0,0.0
pendigits,1.0,100,1.0,1.0,0.0,0.0
pendigits,1.0,100,1.0,1.0,0.0,0.0
phpGUrE90,0.0,100,0.0,0.03,0.03,0.0
phpGUrE90,0.0,100,0.0,0.05,0.05,0.0
phpGUrE90,0.0,100,0.0,0.06,0.06,0.0
phpGUrE90,0.0,100,0.0,0.0,0.0,0.0
phpGUrE90,0.0,100,0.0,0.03,0.03,0.0
phpGUrE90,0.0,100,0.0,0.05,0.05,0.0
phpGUrE90,0.0,100,0.0,0.04,0.04,0.0
phpGUrE90,0.0,100,0.0,0.03,0.03,0.0
phpGUrE90,0.0,100,0.0,0.07,0.07,0.0
phpGUrE90,0.0,100,0.0,0.0,0.0,0.0
phpGUrE90,0.05,100,0.05,0.07,0.02,0.0
phpGUrE90,0.05,100,0.05,0.14,0.09,0.0
phpGUrE90,0.05,100,0.05,0.09,0.04,0.0
phpGUrE90,0.05,100,0.05,0.1,0.05,0.0
phpGUrE90,0.05,100,0.05,0.09,0.04,0.0
phpGUrE90,0.05,100,0.05,0.04,0.01,0.0
phpGUrE90,0.05,100,0.05,0.07,0.02,0.0
phpGUrE90,0.05,100,0.05,0.11,0.06,0.0
phpGUrE90,0.05,100,0.05,0.07,0.02,0.0
phpGUrE90,0.05,100,0.05,0.09,0.04,0.0
phpGUrE90,0.11,100,0.11,0.13,0.02,0.0
phpGUrE90,0.11,100,0.11,0.13,0.02,0.0
phpGUrE90,0.11,100,0.11,0.17,0.06,0.0
phpGUrE90,0.11,100,0.11,0.14,0.03,0.0
phpGUrE90,0.11,100,0.11,0.09,0.02,0.0
phpGUrE90,0.11,100,0.11,0.16,0.05,0.0
phpGUrE90,0.11,100,0.11,0.14,0.03,0.0
phpGUrE90,0.11,100,0.11,0.16,0.05,0.0009961128234863281
phpGUrE90,0.11,100,0.11,0.15,0.04,0.0
phpGUrE90,0.11,100,0.11,0.11,0.0,0.0
phpGUrE90,0.16,100,0.16,0.18,0.02,0.0
phpGUrE90,0.16,100,0.16,0.14,0.02,0.0
phpGUrE90,0.16,100,0.16,0.19,0.03,0.0
phpGUrE90,0.16,100,0.16,0.22,0.06,0.0
phpGUrE90,0.16,100,0.16,0.22,0.06,0.0
phpGUrE90,0.16,100,0.16,0.17,0.01,0.0
phpGUrE90,0.16,100,0.16,0.19,0.03,0.0
phpGUrE90,0.16,100,0.16,0.22,0.06,0.0
phpGUrE90,0.16,100,0.16,0.18,0.02,0.0
phpGUrE90,0.16,100,0.16,0.23,0.07,0.0
phpGUrE90,0.21,100,0.21,0.23,0.02,0.0
phpGUrE90,0.21,100,0.21,0.29,0.08,0.0
phpGUrE90,0.21,100,0.21,0.23,0.02,0.0
phpGUrE90,0.21,100,0.21,0.25,0.04,0.0
phpGUrE90,0.21,100,0.21,0.22,0.01,0.0
phpGUrE90,0.21,100,0.21,0.25,0.04,0.0
phpGUrE90,0.21,100,0.21,0.21,0.0,0.0
phpGUrE90,0.21,100,0.21,0.27,0.06,0.0
phpGUrE90,0.21,100,0.21,0.29,0.08,0.0
phpGUrE90,0.21,100,0.21,0.23,0.02,0.0
phpGUrE90,0.26,100,0.26,0.31,0.05,0.0
phpGUrE90,0.26,100,0.26,0.32,0.06,0.0
phpGUrE90,0.26,100,0.26,0.31,0.05,0.0
phpGUrE90,0.26,100,0.26,0.33,0.07,0.0
phpGUrE90,0.26,100,0.26,0.25,0.01,0.0
phpGUrE90,0.26,100,0.26,0.31,0.05,0.0
phpGUrE90,0.26,100,0.26,0.29,0.03,0.0
phpGUrE90,0.26,100,0.26,0.3,0.04,0.0
phpGUrE90,0.26,100,0.26,0.32,0.06,0.0
phpGUrE90,0.26,100,0.26,0.34,0.08,0.0
phpGUrE90,0.32,100,0.32,0.43,0.11,0.0
phpGUrE90,0.32,100,0.32,0.36,0.04,0.0
phpGUrE90,0.32,100,0.32,0.34,0.02,0.0
phpGUrE90,0.32,100,0.32,0.36,0.04,0.0
phpGUrE90,0.32,100,0.32,0.41,0.09,0.0
phpGUrE90,0.32,100,0.32,0.33,0.01,0.0
phpGUrE90,0.32,100,0.32,0.31,0.01,0.0
phpGUrE90,0.32,100,0.32,0.38,0.06,0.0
phpGUrE90,0.32,100,0.32,0.39,0.07,0.0
phpGUrE90,0.32,100,0.32,0.39,0.07,0.0
phpGUrE90,0.37,100,0.37,0.39,0.02,0.0
phpGUrE90,0.37,100,0.37,0.38,0.01,0.0
phpGUrE90,0.37,100,0.37,0.41,0.04,0.0
phpGUrE90,0.37,100,0.37,0.41,0.04,0.0
phpGUrE90,0.37,100,0.37,0.41,0.04,0.0
phpGUrE90,0.37,100,0.37,0.42,0.05,0.0
phpGUrE90,0.37,100,0.37,0.41,0.04,0.0
phpGUrE90,0.37,100,0.37,0.41,0.04,0.0
phpGUrE90,0.37,100,0.37,0.43,0.06,0.0
phpGUrE90,0.37,100,0.37,0.4,0.03,0.0
phpGUrE90,0.42,100,0.42,0.53,0.11,0.0
phpGUrE90,0.42,100,0.42,0.43,0.01,0.0
phpGUrE90,0.42,100,0.42,0.45,0.03,0.0
phpGUrE90,0.42,100,0.42,0.48,0.06,0.0
phpGUrE90,0.42,100,0.42,0.42,0.0,0.0
phpGUrE90,0.42,100,0.42,0.45,0.03,0.0
phpGUrE90,0.42,100,0.42,0.48,0.06,0.0
phpGUrE90,0.42,100,0.42,0.51,0.09,0.0
phpGUrE90,0.42,100,0.42,0.52,0.1,0.0
phpGUrE90,0.42,100,0.42,0.44,0.02,0.0
phpGUrE90,0.47,100,0.47,0.54,0.07,0.0
phpGUrE90,0.47,100,0.47,0.51,0.04,0.0
phpGUrE90,0.47,100,0.47,0.46,0.01,0.0
phpGUrE90,0.47,100,0.47,0.49,0.02,0.0
phpGUrE90,0.47,100,0.47,0.49,0.02,0.0
phpGUrE90,0.47,100,0.47,0.54,0.07,0.0
phpGUrE90,0.47,100,0.47,0.47,0.0,0.0
phpGUrE90,0.47,100,0.47,0.56,0.09,0.0
phpGUrE90,0.47,100,0.47,0.59,0.12,0.0
phpGUrE90,0.47,100,0.47,0.48,0.01,0.0
phpGUrE90,0.53,100,0.53,0.59,0.06,0.0
phpGUrE90,0.53,100,0.53,0.55,0.02,0.0
phpGUrE90,0.53,100,0.53,0.59,0.06,0.0
phpGUrE90,0.53,100,0.53,0.58,0.05,0.0
phpGUrE90,0.53,100,0.53,0.59,0.06,0.0
phpGUrE90,0.53,100,0.53,0.58,0.05,0.0
phpGUrE90,0.53,100,0.53,0.56,0.03,0.0
phpGUrE90,0.53,100,0.53,0.58,0.05,0.0
phpGUrE90,0.53,100,0.53,0.59,0.06,0.0
phpGUrE90,0.53,100,0.53,0.62,0.09,0.0
phpGUrE90,0.58,100,0.58,0.64,0.06,0.0
phpGUrE90,0.58,100,0.58,0.62,0.04,0.0
phpGUrE90,0.58,100,0.58,0.61,0.03,0.0
phpGUrE90,0.58,100,0.58,0.69,0.11,0.0
phpGUrE90,0.58,100,0.58,0.63,0.05,0.0
phpGUrE90,0.58,100,0.58,0.65,0.07,0.0
phpGUrE90,0.58,100,0.58,0.66,0.08,0.0
phpGUrE90,0.58,100,0.58,0.62,0.04,0.0
phpGUrE90,0.58,100,0.58,0.65,0.07,0.0
phpGUrE90,0.58,100,0.58,0.64,0.06,0.0
phpGUrE90,0.63,100,0.63,0.72,0.09,0.0
phpGUrE90,0.63,100,0.63,0.64,0.01,0.0
phpGUrE90,0.63,100,0.63,0.7,0.07,0.0
phpGUrE90,0.63,100,0.63,0.7,0.07,0.0
phpGUrE90,0.63,100,0.63,0.7,0.07,0.0
phpGUrE90,0.63,100,0.63,0.73,0.1,0.0
phpGUrE90,0.63,100,0.63,0.71,0.08,0.0
phpGUrE90,0.63,100,0.63,0.72,0.09,0.0
phpGUrE90,0.63,100,0.63,0.71,0.08,0.0
phpGUrE90,0.63,100,0.63,0.68,0.05,0.0
phpGUrE90,0.68,100,0.68,0.74,0.06,0.0
phpGUrE90,0.68,100,0.68,0.75,0.07,0.0
phpGUrE90,0.68,100,0.68,0.81,0.13,0.0
phpGUrE90,0.68,100,0.68,0.77,0.09,0.0
phpGUrE90,0.68,100,0.68,0.72,0.04,0.0
phpGUrE90,0.68,100,0.68,0.82,0.14,0.0
phpGUrE90,0.68,100,0.68,0.75,0.07,0.0
phpGUrE90,0.68,100,0.68,0.75,0.07,0.0
phpGUrE90,0.68,100,0.68,0.71,0.03,0.0
phpGUrE90,0.68,100,0.68,0.71,0.03,0.0
phpGUrE90,0.74,100,0.74,0.79,0.05,0.0
phpGUrE90,0.74,100,0.74,0.77,0.03,0.0
phpGUrE90,0.74,100,0.74,0.75,0.01,0.0
phpGUrE90,0.74,100,0.74,0.83,0.09,0.0
phpGUrE90,0.74,100,0.74,0.8,0.06,0.0
phpGUrE90,0.74,100,0.74,0.84,0.1,0.0
phpGUrE90,0.74,100,0.74,0.76,0.02,0.0
phpGUrE90,0.74,100,0.74,0.85,0.11,0.0008242130279541016
phpGUrE90,0.74,100,0.74,0.79,0.05,0.0
phpGUrE90,0.74,100,0.74,0.78,0.04,0.0
phpGUrE90,0.79,100,0.79,0.89,0.1,0.0
phpGUrE90,0.79,100,0.79,0.85,0.06,0.0
phpGUrE90,0.79,100,0.79,0.84,0.05,0.0
phpGUrE90,0.79,100,0.79,0.9,0.11,0.0
phpGUrE90,0.79,100,0.79,0.84,0.05,0.0
phpGUrE90,0.79,100,0.79,0.83,0.04,0.0
phpGUrE90,0.79,100,0.79,0.86,0.07,0.0
phpGUrE90,0.79,100,0.79,0.84,0.05,0.0
phpGUrE90,0.79,100,0.79,0.84,0.05,0.0
phpGUrE90,0.79,100,0.79,0.85,0.06,0.0
phpGUrE90,0.84,100,0.84,0.9,0.06,0.0
phpGUrE90,0.84,100,0.84,0.92,0.08,0.0
phpGUrE90,0.84,100,0.84,0.86,0.02,0.0
phpGUrE90,0.84,100,0.84,0.92,0.08,0.0
phpGUrE90,0.84,100,0.84,0.9,0.06,0.0
phpGUrE90,0.84,100,0.84,0.93,0.09,0.0
phpGUrE90,0.84,100,0.84,0.95,0.11,0.0
phpGUrE90,0.84,100,0.84,0.93,0.09,0.0
phpGUrE90,0.84,100,0.84,0.9,0.06,0.0
phpGUrE90,0.84,100,0.84,0.91,0.07,0.0
phpGUrE90,0.89,100,0.89,0.98,0.09,0.0
phpGUrE90,0.89,100,0.89,0.97,0.08,0.0
phpGUrE90,0.89,100,0.89,0.96,0.07,0.0
phpGUrE90,0.89,100,0.89,1.0,0.11,0.0
phpGUrE90,0.89,100,0.89,0.96,0.07,0.0
phpGUrE90,0.89,100,0.89,0.94,0.05,0.0
phpGUrE90,0.89,100,0.89,0.95,0.06,0.0
phpGUrE90,0.89,100,0.89,1.0,0.11,0.0
phpGUrE90,0.89,100,0.89,0.99,0.1,0.0
phpGUrE90,0.89,100,0.89,0.99,0.1,0.0
phpGUrE90,0.95,100,0.95,1.0,0.05,0.0
phpGUrE90,0.95,100,0.95,1.0,0.05,0.0
phpGUrE90,0.95,100,0.95,1.0,0.05,0.0
phpGUrE90,0.95,100,0.95,1.0,0.05,0.0
phpGUrE90,0.95,100,0.95,1.0,0.05,0.0
phpGUrE90,0.95,100,0.95,1.0,0.05,0.0
phpGUrE90,0.95,100,0.95,1.0,0.05,0.0
phpGUrE90,0.95,100,0.95,1.0,0.05,0.0
phpGUrE90,0.95,100,0.95,1.0,0.05,0.0
phpGUrE90,0.95,100,0.95,1.0,0.05,0.0
phpGUrE90,1.0,100,1.0,1.0,0.0,0.0
phpGUrE90,1.0,100,1.0,1.0,0.0,0.0
phpGUrE90,1.0,100,1.0,1.0,0.0,0.0
phpGUrE90,1.0,100,1.0,1.0,0.0,0.0
phpGUrE90,1.0,100,1.0,1.0,0.0,0.0
phpGUrE90,1.0,100,1.0,1.0,0.0,0.0
phpGUrE90,1.0,100,1.0,1.0,0.0,0.0
phpGUrE90,1.0,100,1.0,1.0,0.0,0.0
phpGUrE90,1.0,100,1.0,1.0,0.0,0.0
phpGUrE90,1.0,100,1.0,1.0,0.0,0.0
phphQEck0,0.0,100,0.0,0.0,0.0,0.006535530090332031
phphQEck0,0.0,100,0.0,0.01,0.01,0.0
phphQEck0,0.0,100,0.0,0.0,0.0,0.0
phphQEck0,0.0,100,0.0,0.0,0.0,0.0
phphQEck0,0.0,100,0.0,0.0,0.0,0.0
phphQEck0,0.0,100,0.0,0.02,0.02,0.0
phphQEck0,0.0,100,0.0,0.0,0.0,0.0
phphQEck0,0.0,100,0.0,0.0,0.0,0.0
phphQEck0,0.0,100,0.0,0.0,0.0,0.0
phphQEck0,0.0,100,0.0,0.01,0.01,0.0
phphQEck0,0.05,100,0.05,0.04,0.01,0.0
phphQEck0,0.05,100,0.05,0.03,0.02,0.0
phphQEck0,0.05,100,0.05,0.04,0.01,0.0
phphQEck0,0.05,100,0.05,0.07,0.02,0.0
phphQEck0,0.05,100,0.05,0.04,0.01,0.0
phphQEck0,0.05,100,0.05,0.02,0.03,0.0
phphQEck0,0.05,100,0.05,0.04,0.01,0.0
phphQEck0,0.05,100,0.05,0.06,0.01,0.0
phphQEck0,0.05,100,0.05,0.06,0.01,0.0
phphQEck0,0.05,100,0.05,0.04,0.01,0.0
phphQEck0,0.11,100,0.11,0.12,0.01,0.0
phphQEck0,0.11,100,0.11,0.1,0.01,0.0
phphQEck0,0.11,100,0.11,0.1,0.01,0.0
phphQEck0,0.11,100,0.11,0.09,0.02,0.0
phphQEck0,0.11,100,0.11,0.11,0.0,0.0
phphQEck0,0.11,100,0.11,0.09,0.02,0.0
phphQEck0,0.11,100,0.11,0.11,0.0,0.0
phphQEck0,0.11,100,0.11,0.1,0.01,0.0
phphQEck0,0.11,100,0.11,0.09,0.02,0.0
phphQEck0,0.11,100,0.11,0.1,0.01,0.001081705093383789
phphQEck0,0.16,100,0.16,0.17,0.01,0.0
phphQEck0,0.16,100,0.16,0.15,0.01,0.0
phphQEck0,0.16,100,0.16,0.18,0.02,0.0
phphQEck0,0.16,100,0.16,0.15,0.01,0.0
phphQEck0,0.16,100,0.16,0.13,0.03,0.0
phphQEck0,0.16,100,0.16,0.14,0.02,0.0
phphQEck0,0.16,100,0.16,0.18,0.02,0.0
phphQEck0,0.16,100,0.16,0.12,0.04,0.0
phphQEck0,0.16,100,0.16,0.16,0.0,0.0
phphQEck0,0.16,100,0.16,0.14,0.02,0.01561284065246582
phphQEck0,0.21,100,0.21,0.22,0.01,0.0
phphQEck0,0.21,100,0.21,0.18,0.03,0.0
phphQEck0,0.21,100,0.21,0.23,0.02,0.0
phphQEck0,0.21,100,0.21,0.22,0.01,0.0
phphQEck0,0.21,100,0.21,0.23,0.02,0.0
phphQEck0,0.21,100,0.21,0.22,0.01,0.0
phphQEck0,0.21,100,0.21,0.21,0.0,0.0
phphQEck0,0.21,100,0.21,0.19,0.02,0.0
phphQEck0,0.21,100,0.21,0.2,0.01,0.0
phphQEck0,0.21,100,0.21,0.26,0.05,0.0
phphQEck0,0.26,100,0.26,0.28,0.02,0.0
phphQEck0,0.26,100,0.26,0.27,0.01,0.0
phphQEck0,0.26,100,0.26,0.27,0.01,0.0010814666748046875
phphQEck0,0.26,100,0.26,0.24,0.02,0.0
phphQEck0,0.26,100,0.26,0.24,0.02,0.0
phphQEck0,0.26,100,0.26,0.28,0.02,0.0
phphQEck0,0.26,100,0.26,0.27,0.01,0.0
phphQEck0,0.26,100,0.26,0.25,0.01,0.0
phphQEck0,0.26,100,0.26,0.22,0.04,0.0
phphQEck0,0.26,100,0.26,0.26,0.0,0.0
phphQEck0,0.32,100,0.32,0.32,0.0,0.0
phphQEck0,0.32,100,0.32,0.3,0.02,0.0
phphQEck0,0.32,100,0.32,0.33,0.01,0.0
phphQEck0,0.32,100,0.32,0.33,0.01,0.0
phphQEck0,0.32,100,0.32,0.33,0.01,0.0
phphQEck0,0.32,100,0.32,0.28,0.04,0.0
phphQEck0,0.32,100,0.32,0.31,0.01,0.0009932518005371094
phphQEck0,0.32,100,0.32,0.32,0.0,0.0
phphQEck0,0.32,100,0.32,0.29,0.03,0.0
phphQEck0,0.32,100,0.32,0.33,0.01,0.0
phphQEck0,0.37,100,0.37,0.37,0.0,0.0
phphQEck0,0.37,100,0.37,0.4,0.03,0.0
phphQEck0,0.37,100,0.37,0.32,0.05,0.0
phphQEck0,0.37,100,0.37,0.38,0.01,0.0
phphQEck0,0.37,100,0.37,0.38,0.01,0.0
phphQEck0,0.37,100,0.37,0.4,0.03,0.0
phphQEck0,0.37,100,0.37,0.4,0.03,0.0
phphQEck0,0.37,100,0.37,0.37,0.0,0.0
phphQEck0,0.37,100,0.37,0.39,0.02,0.0
phphQEck0,0.37,100,0.37,0.36,0.01,0.0
phphQEck0,0.42,100,0.42,0.43,0.01,0.0
phphQEck0,0.42,100,0.42,0.42,0.0,0.0010001659393310547
phphQEck0,0.42,100,0.42,0.4,0.02,0.0
phphQEck0,0.42,100,0.42,0.4,0.02,0.0
phphQEck0,0.42,100,0.42,0.45,0.03,0.0
phphQEck0,0.42,100,0.42,0.44,0.02,0.0
phphQEck0,0.42,100,0.42,0.41,0.01,0.0
phphQEck0,0.42,100,0.42,0.42,0.0,0.0
phphQEck0,0.42,100,0.42,0.4,0.02,0.0
phphQEck0,0.42,100,0.42,0.4,0.02,0.0
phphQEck0,0.47,100,0.47,0.49,0.02,0.0
phphQEck0,0.47,100,0.47,0.5,0.03,0.0
phphQEck0,0.47,100,0.47,0.42,0.05,0.0
phphQEck0,0.47,100,0.47,0.42,0.05,0.004580020904541016
phphQEck0,0.47,100,0.47,0.47,0.0,0.0
phphQEck0,0.47,100,0.47,0.46,0.01,0.0
phphQEck0,0.47,100,0.47,0.47,0.0,0.0157015323638916
phphQEck0,0.47,100,0.47,0.46,0.01,0.0
phphQEck0,0.47,100,0.47,0.48,0.01,0.0
phphQEck0,0.47,100,0.47,0.5,0.03,0.0
phphQEck0,0.53,100,0.53,0.52,0.01,0.0
phphQEck0,0.53,100,0.53,0.53,0.0,0.0
phphQEck0,0.53,100,0.53,0.55,0.02,0.0
phphQEck0,0.53,100,0.53,0.52,0.01,0.0
phphQEck0,0.53,100,0.53,0.52,0.01,0.0
phphQEck0,0.53,100,0.53,0.52,0.01,0.0
phphQEck0,0.53,100,0.53,0.46,0.07,0.0
phphQEck0,0.53,100,0.53,0.5,0.03,0.0
phphQEck0,0.53,100,0.53,0.51,0.02,0.0
phphQEck0,0.53,100,0.53,0.56,0.03,0.0
phphQEck0,0.58,100,0.58,0.57,0.01,0.0
phphQEck0,0.58,100,0.58,0.58,0.0,0.0
phphQEck0,0.58,100,0.58,0.56,0.02,0.0
phphQEck0,0.58,100,0.58,0.61,0.03,0.0
phphQEck0,0.58,100,0.58,0.59,0.01,0.0
phphQEck0,0.58,100,0.58,0.57,0.01,0.0
phphQEck0,0.58,100,0.58,0.56,0.02,0.0
phphQEck0,0.58,100,0.58,0.58,0.0,0.0
phphQEck0,0.58,100,0.58,0.63,0.05,0.0
phphQEck0,0.58,100,0.58,0.54,0.04,0.0
phphQEck0,0.63,100,0.63,0.61,0.02,0.0
phphQEck0,0.63,100,0.63,0.63,0.0,0.0
phphQEck0,0.63,100,0.63,0.66,0.03,0.0
phphQEck0,0.63,100,0.63,0.6,0.03,0.0
phphQEck0,0.63,100,0.63,0.64,0.01,0.0
phphQEck0,0.63,100,0.63,0.58,0.05,0.0
phphQEck0,0.63,100,0.63,0.61,0.02,0.0
phphQEck0,0.63,100,0.63,0.65,0.02,0.0
phphQEck0,0.63,100,0.63,0.66,0.03,0.0
phphQEck0,0.63,100,0.63,0.67,0.04,0.0
phphQEck0,0.68,100,0.68,0.69,0.01,0.0
phphQEck0,0.68,100,0.68,0.64,0.04,0.0
phphQEck0,0.68,100,0.68,0.64,0.04,0.0
phphQEck0,0.68,100,0.68,0.66,0.02,0.0
phphQEck0,0.68,100,0.68,0.69,0.01,0.0
phphQEck0,0.68,100,0.68,0.7,0.02,0.0
phphQEck0,0.68,100,0.68,0.67,0.01,0.0
phphQEck0,0.68,100,0.68,0.69,0.01,0.0
phphQEck0,0.68,100,0.68,0.69,0.01,0.0
phphQEck0,0.68,100,0.68,0.66,0.02,0.0
phphQEck0,0.74,100,0.74,0.73,0.01,0.0
phphQEck0,0.74,100,0.74,0.78,0.04,0.0
phphQEck0,0.74,100,0.74,0.75,0.01,0.0
phphQEck0,0.74,100,0.74,0.74,0.0,0.0
phphQEck0,0.74,100,0.74,0.75,0.01,0.0
phphQEck0,0.74,100,0.74,0.72,0.02,0.0
phphQEck0,0.74,100,0.74,0.77,0.03,0.0
phphQEck0,0.74,100,0.74,0.73,0.01,0.0
phphQEck0,0.74,100,0.74,0.72,0.02,0.0
phphQEck0,0.74,100,0.74,0.73,0.01,0.0008230209350585938
phphQEck0,0.79,100,0.79,0.77,0.02,0.0
phphQEck0,0.79,100,0.79,0.81,0.02,0.0
phphQEck0,0.79,100,0.79,0.82,0.03,0.0
phphQEck0,0.79,100,0.79,0.8,0.01,0.0
phphQEck0,0.79,100,0.79,0.8,0.01,0.0
phphQEck0,0.79,100,0.79,0.79,0.0,0.0
phphQEck0,0.79,100,0.79,0.74,0.05,0.0
phphQEck0,0.79,100,0.79,0.74,0.05,0.0
phphQEck0,0.79,100,0.79,0.84,0.05,0.0
phphQEck0,0.79,100,0.79,0.83,0.04,0.0
phphQEck0,0.84,100,0.84,0.83,0.01,0.0
phphQEck0,0.84,100,0.84,0.85,0.01,0.0
phphQEck0,0.84,100,0.84,0.88,0.04,0.0
phphQEck0,0.84,100,0.84,0.84,0.0,0.0
phphQEck0,0.84,100,0.84,0.83,0.01,0.0
phphQEck0,0.84,100,0.84,0.89,0.05,0.0
phphQEck0,0.84,100,0.84,0.84,0.0,0.0
phphQEck0,0.84,100,0.84,0.84,0.0,0.0
phphQEck0,0.84,100,0.84,0.84,0.0,0.0
phphQEck0,0.84,100,0.84,0.83,0.01,0.00031828880310058594
phphQEck0,0.89,100,0.89,0.91,0.02,0.0
phphQEck0,0.89,100,0.89,0.88,0.01,0.0
phphQEck0,0.89,100,0.89,0.86,0.03,0.0
phphQEck0,0.89,100,0.89,0.91,0.02,0.0
phphQEck0,0.89,100,0.89,0.91,0.02,0.0
phphQEck0,0.89,100,0.89,0.88,0.01,0.0
phphQEck0,0.89,100,0.89,0.93,0.04,0.0
phphQEck0,0.89,100,0.89,0.82,0.07,0.0
phphQEck0,0.89,100,0.89,0.87,0.02,0.0
phphQEck0,0.89,100,0.89,0.95,0.06,0.0
phphQEck0,0.95,100,0.95,0.9,0.05,0.0
phphQEck0,0.95,100,0.95,0.87,0.08,0.0
phphQEck0,0.95,100,0.95,0.96,0.01,0.0
phphQEck0,0.95,100,0.95,0.94,0.01,0.0
phphQEck0,0.95,100,0.95,0.97,0.02,0.0
phphQEck0,0.95,100,0.95,1.0,0.05,0.0
phphQEck0,0.95,100,0.95,0.96,0.01,0.0
phphQEck0,0.95,100,0.95,0.94,0.01,0.0
phphQEck0,0.95,100,0.95,0.95,0.0,0.0
phphQEck0,0.95,100,0.95,0.96,0.01,0.0
phphQEck0,1.0,100,1.0,0.98,0.02,0.0
phphQEck0,1.0,100,1.0,0.95,0.05,0.0
phphQEck0,1.0,100,1.0,1.0,0.0,0.0
phphQEck0,1.0,100,1.0,1.0,0.0,0.0
phphQEck0,1.0,100,1.0,0.96,0.04,0.0
phphQEck0,1.0,100,1.0,1.0,0.0,0.0
phphQEck0,1.0,100,1.0,1.0,0.0,0.0
phphQEck0,1.0,100,1.0,1.0,0.0,0.0
phphQEck0,1.0,100,1.0,1.0,0.0,0.0
phphQEck0,1.0,100,1.0,0.97,0.03,0.0
phpMD2hR6,0.0,100,0.0,0.0,0.0,0.0
phpMD2hR6,0.0,100,0.0,0.0,0.0,0.015631437301635742
phpMD2hR6,0.0,100,0.0,0.03,0.03,0.0
phpMD2hR6,0.0,100,0.0,0.0,0.0,0.0
phpMD2hR6,0.0,100,0.0,0.0,0.0,0.0
phpMD2hR6,0.0,100,0.0,0.0,0.0,0.0
phpMD2hR6,0.0,100,0.0,0.0,0.0,0.0
phpMD2hR6,0.0,100,0.0,0.0,0.0,0.0
phpMD2hR6,0.0,100,0.0,0.0,0.0,0.0
phpMD2hR6,0.0,100,0.0,0.0,0.0,0.0
phpMD2hR6,0.05,100,0.05,0.04,0.01,0.0
phpMD2hR6,0.05,100,0.05,0.07,0.02,0.0
phpMD2hR6,0.05,100,0.05,0.0,0.05,0.0
phpMD2hR6,0.05,100,0.05,0.09,0.04,0.0
phpMD2hR6,0.05,100,0.05,0.24,0.19,0.0
phpMD2hR6,0.05,100,0.05,0.05,0.0,0.0
phpMD2hR6,0.05,100,0.05,0.01,0.04,0.0
phpMD2hR6,0.05,100,0.05,0.04,0.01,0.0
phpMD2hR6,0.05,100,0.05,0.02,0.03,0.0
phpMD2hR6,0.05,100,0.05,0.0,0.05,0.0
phpMD2hR6,0.11,100,0.11,0.05,0.06,0.0
phpMD2hR6,0.11,100,0.11,0.12,0.01,0.0
phpMD2hR6,0.11,100,0.11,0.18,0.07,0.0
phpMD2hR6,0.11,100,0.11,0.04,0.07,0.0
phpMD2hR6,0.11,100,0.11,0.06,0.05,0.0
phpMD2hR6,0.11,100,0.11,0.19,0.08,0.0
phpMD2hR6,0.11,100,0.11,0.05,0.06,0.0
phpMD2hR6,0.11,100,0.11,0.03,0.08,0.0
phpMD2hR6,0.11,100,0.11,0.1,0.01,0.0
phpMD2hR6,0.11,100,0.11,0.0,0.11,0.0
phpMD2hR6,0.16,100,0.16,0.15,0.01,0.0
phpMD2hR6,0.16,100,0.16,0.14,0.02,0.0
phpMD2hR6,0.16,100,0.16,0.2,0.04,0.0
phpMD2hR6,0.16,100,0.16,0.11,0.05,0.0
phpMD2hR6,0.16,100,0.16,0.17,0.01,0.0
phpMD2hR6,0.16,100,0.16,0.16,0.0,0.0
phpMD2hR6,0.16,100,0.16,0.22,0.06,0.0
phpMD2hR6,0.16,100,0.16,0.21,0.05,0.0
phpMD2hR6,0.16,100,0.16,0.22,0.06,0.0
phpMD2hR6,0.16,100,0.16,0.22,0.06,0.0011031627655029297
phpMD2hR6,0.21,100,0.21,0.21,0.0,0.0
phpMD2hR6,0.21,100,0.21,0.15,0.06,0.0
phpMD2hR6,0.21,100,0.21,0.23,0.02,0.0
phpMD2hR6,0.21,100,0.21,0.14,0.07,0.0
phpMD2hR6,0.21,100,0.21,0.18,0.03,0.0
phpMD2hR6,0.21,100,0.21,0.21,0.0,0.0
phpMD2hR6,0.21,100,0.21,0.16,0.05,0.0
phpMD2hR6,0.21,100,0.21,0.28,0.07,0.015732288360595703
phpMD2hR6,0.21,100,0.21,0.18,0.03,0.0
phpMD2hR6,0.21,100,0.21,0.09,0.12,0.0
phpMD2hR6,0.26,100,0.26,0.31,0.05,0.0
phpMD2hR6,0.26,100,0.26,0.25,0.01,0.0
phpMD2hR6,0.26,100,0.26,0.35,0.09,0.0
phpMD2hR6,0.26,100,0.26,0.21,0.05,0.0
phpMD2hR6,0.26,100,0.26,0.31,0.05,0.0
phpMD2hR6,0.26,100,0.26,0.29,0.03,0.0
phpMD2hR6,0.26,100,0.26,0.3,0.04,0.0
phpMD2hR6,0.26,100,0.26,0.33,0.07,0.0
phpMD2hR6,0.26,100,0.26,0.18,0.08,0.0
phpMD2hR6,0.26,100,0.26,0.34,0.08,0.0
phpMD2hR6,0.32,100,0.32,0.31,0.01,0.0
phpMD2hR6,0.32,100,0.32,0.38,0.06,0.0
phpMD2hR6,0.32,100,0.32,0.34,0.02,0.0
phpMD2hR6,0.32,100,0.32,0.25,0.07,0.0
phpMD2hR6,0.32,100,0.32,0.33,0.01,0.0
phpMD2hR6,0.32,100,0.32,0.25,0.07,0.0
phpMD2hR6,0.32,100,0.32,0.41,0.09,0.0
phpMD2hR6,0.32,100,0.32,0.5,0.18,0.0
phpMD2hR6,0.32,100,0.32,0.23,0.09,0.0
phpMD2hR6,0.32,100,0.32,0.19,0.13,0.0
phpMD2hR6,0.37,100,0.37,0.36,0.01,0.0
phpMD2hR6,0.37,100,0.37,0.47,0.1,0.0
phpMD2hR6,0.37,100,0.37,0.48,0.11,0.0
phpMD2hR6,0.37,100,0.37,0.29,0.08,0.0
phpMD2hR6,0.37,100,0.37,0.26,0.11,0.0
phpMD2hR6,0.37,100,0.37,0.45,0.08,0.0
phpMD2hR6,0.37,100,0.37,0.45,0.08,0.0
phpMD2hR6,0.37,100,0.37,0.43,0.06,0.0
phpMD2hR6,0.37,100,0.37,0.5,0.13,0.0
phpMD2hR6,0.37,100,0.37,0.35,0.02,0.0
phpMD2hR6,0.42,100,0.42,0.35,0.07,0.0
phpMD2hR6,0.42,100,0.42,0.5,0.08,0.0
phpMD2hR6,0.42,100,0.42,0.52,0.1,0.0
phpMD2hR6,0.42,100,0.42,0.34,0.08,0.0
phpMD2hR6,0.42,100,0.42,0.38,0.04,0.0
phpMD2hR6,0.42,100,0.42,0.47,0.05,0.0
phpMD2hR6,0.42,100,0.42,0.35,0.07,0.0
phpMD2hR6,0.42,100,0.42,0.41,0.01,0.0
phpMD2hR6,0.42,100,0.42,0.41,0.01,0.0
phpMD2hR6,0.42,100,0.42,0.37,0.05,0.0
phpMD2hR6,0.47,100,0.47,0.47,0.0,0.0
phpMD2hR6,0.47,100,0.47,0.48,0.01,0.0
phpMD2hR6,0.47,100,0.47,0.46,0.01,0.0
phpMD2hR6,0.47,100,0.47,0.46,0.01,0.0
phpMD2hR6,0.47,100,0.47,0.45,0.02,0.0
phpMD2hR6,0.47,100,0.47,0.51,0.04,0.0
phpMD2hR6,0.47,100,0.47,0.37,0.1,0.0
phpMD2hR6,0.47,100,0.47,0.47,0.0,0.0
phpMD2hR6,0.47,100,0.47,0.51,0.04,0.0
phpMD2hR6,0.47,100,0.47,0.53,0.06,0.0
phpMD2hR6,0.53,100,0.53,0.49,0.04,0.0
phpMD2hR6,0.53,100,0.53,0.66,0.13,0.0
phpMD2hR6,0.53,100,0.53,0.52,0.01,0.0
phpMD2hR6,0.53,100,0.53,0.56,0.03,0.0
phpMD2hR6,0.53,100,0.53,0.54,0.01,0.0
phpMD2hR6,0.53,100,0.53,0.55,0.02,0.0
phpMD2hR6,0.53,100,0.53,0.51,0.02,0.0
phpMD2hR6,0.53,100,0.53,0.56,0.03,0.0
phpMD2hR6,0.53,100,0.53,0.6,0.07,0.0
phpMD2hR6,0.53,100,0.53,0.64,0.11,0.0009965896606445312
phpMD2hR6,0.58,100,0.58,0.54,0.04,0.0
phpMD2hR6,0.58,100,0.58,0.59,0.01,0.0
phpMD2hR6,0.58,100,0.58,0.6,0.02,0.0
phpMD2hR6,0.58,100,0.58,0.52,0.06,0.0
phpMD2hR6,0.58,100,0.58,0.55,0.03,0.0
phpMD2hR6,0.58,100,0.58,0.55,0.03,0.0
phpMD2hR6,0.58,100,0.58,0.68,0.1,0.0
phpMD2hR6,0.58,100,0.58,0.64,0.06,0.0
phpMD2hR6,0.58,100,0.58,0.6,0.02,0.0
phpMD2hR6,0.58,100,0.58,0.58,0.0,0.0
phpMD2hR6,0.63,100,0.63,0.68,0.05,0.0
phpMD2hR6,0.63,100,0.63,0.63,0.0,0.0
phpMD2hR6,0.63,100,0.63,0.66,0.03,0.0
phpMD2hR6,0.63,100,0.63,0.61,0.02,0.0
phpMD2hR6,0.63,100,0.63,0.6,0.03,0.0
phpMD2hR6,0.63,100,0.63,0.69,0.06,0.0
phpMD2hR6,0.63,100,0.63,0.82,0.19,0.0
phpMD2hR6,0.63,100,0.63,0.68,0.05,0.0
phpMD2hR6,0.63,100,0.63,0.57,0.06,0.0
phpMD2hR6,0.63,100,0.63,0.66,0.03,0.0
phpMD2hR6,0.68,100,0.68,0.78,0.1,0.0
phpMD2hR6,0.68,100,0.68,0.69,0.01,0.0
phpMD2hR6,0.68,100,0.68,0.6,0.08,0.0
phpMD2hR6,0.68,100,0.68,0.61,0.07,0.0
phpMD2hR6,0.68,100,0.68,0.66,0.02,0.0
phpMD2hR6,0.68,100,0.68,0.64,0.04,0.015734434127807617
phpMD2hR6,0.68,100,0.68,0.7,0.02,0.0
phpMD2hR6,0.68,100,0.68,0.68,0.0,0.003969430923461914
phpMD2hR6,0.68,100,0.68,0.75,0.07,0.0
phpMD2hR6,0.68,100,0.68,0.72,0.04,0.0
phpMD2hR6,0.74,100,0.74,0.71,0.03,0.0
phpMD2hR6,0.74,100,0.74,0.73,0.01,0.0
phpMD2hR6,0.74,100,0.74,0.78,0.04,0.0
phpMD2hR6,0.74,100,0.74,0.84,0.1,0.0
phpMD2hR6,0.74,100,0.74,0.84,0.1,0.0
phpMD2hR6,0.74,100,0.74,0.78,0.04,0.0
phpMD2hR6,0.74,100,0.74,0.7,0.04,0.0
phpMD2hR6,0.74,100,0.74,0.75,0.01,0.0
phpMD2hR6,0.74,100,0.74,0.8,0.06,0.0
phpMD2hR6,0.74,100,0.74,0.72,0.02,0.0
phpMD2hR6,0.79,100,0.79,0.73,0.06,0.0
phpMD2hR6,0.79,100,0.79,0.78,0.01,0.0
phpMD2hR6,0.79,100,0.79,0.79,0.0,0.0
phpMD2hR6,0.79,100,0.79,0.77,0.02,0.0
phpMD2hR6,0.79,100,0.79,0.77,0.02,0.0
phpMD2hR6,0.79,100,0.79,0.78,0.01,0.0
phpMD2hR6,0.79,100,0.79,0.76,0.03,0.0
phpMD2hR6,0.79,100,0.79,0.76,0.03,0.0
phpMD2hR6,0.79,100,0.79,0.77,0.02,0.0
phpMD2hR6,0.79,100,0.79,0.83,0.04,0.0
phpMD2hR6,0.84,100,0.84,0.92,0.08,0.0
phpMD2hR6,0.84,100,0.84,0.85,0.01,0.0
phpMD2hR6,0.84,100,0.84,0.79,0.05,0.0010862350463867188
phpMD2hR6,0.84,100,0.84,0.84,0.0,0.0
phpMD2hR6,0.84,100,0.84,0.84,0.0,0.0
phpMD2hR6,0.84,100,0.84,0.9,0.06,0.0
phpMD2hR6,0.84,100,0.84,0.89,0.05,0.0
phpMD2hR6,0.84,100,0.84,0.9,0.06,0.0
phpMD2hR6,0.84,100,0.84,0.76,0.08,0.0
phpMD2hR6,0.84,100,0.84,1.0,0.16,0.0
phpMD2hR6,0.89,100,0.89,0.89,0.0,0.0
phpMD2hR6,0.89,100,0.89,0.86,0.03,0.0
phpMD2hR6,0.89,100,0.89,0.86,0.03,0.0
phpMD2hR6,0.89,100,0.89,0.92,0.03,0.0
phpMD2hR6,0.89,100,0.89,0.91,0.02,0.0
phpMD2hR6,0.89,100,0.89,0.93,0.04,0.0
phpMD2hR6,0.89,100,0.89,0.91,0.02,0.0
phpMD2hR6,0.89,100,0.89,0.86,0.03,0.0
phpMD2hR6,0.89,100,0.89,0.98,0.09,0.015621423721313477
phpMD2hR6,0.89,100,0.89,0.83,0.06,0.0
phpMD2hR6,0.95,100,0.95,1.0,0.05,0.0
phpMD2hR6,0.95,100,0.95,1.0,0.05,0.0
phpMD2hR6,0.95,100,0.95,0.96,0.01,0.0
phpMD2hR6,0.95,100,0.95,0.93,0.02,0.0
phpMD2hR6,0.95,100,0.95,0.91,0.04,0.0
phpMD2hR6,0.95,100,0.95,0.93,0.02,0.0
phpMD2hR6,0.95,100,0.95,0.92,0.03,0.0
phpMD2hR6,0.95,100,0.95,0.98,0.03,0.0
phpMD2hR6,0.95,100,0.95,1.0,0.05,0.0
phpMD2hR6,0.95,100,0.95,0.94,0.01,0.0
phpMD2hR6,1.0,100,1.0,0.95,0.05,0.0
phpMD2hR6,1.0,100,1.0,1.0,0.0,0.0
phpMD2hR6,1.0,100,1.0,1.0,0.0,0.0
phpMD2hR6,1.0,100,1.0,0.88,0.12,0.0
phpMD2hR6,1.0,100,1.0,1.0,0.0,0.0
phpMD2hR6,1.0,100,1.0,0.91,0.09,0.0
phpMD2hR6,1.0,100,1.0,0.94,0.06,0.000904083251953125
phpMD2hR6,1.0,100,1.0,1.0,0.0,0.0
phpMD2hR6,1.0,100,1.0,0.99,0.01,0.0
phpMD2hR6,1.0,100,1.0,1.0,0.0,0.0
phpmPOD5A,0.0,100,0.0,0.0,0.0,0.0
phpmPOD5A,0.0,100,0.0,1.0,1.0,0.0
phpmPOD5A,0.0,100,0.0,1.0,1.0,0.0
phpmPOD5A,0.0,100,0.0,1.0,1.0,0.0
phpmPOD5A,0.0,100,0.0,1.0,1.0,0.0
phpmPOD5A,0.0,100,0.0,1.0,1.0,0.0
phpmPOD5A,0.0,100,0.0,0.03,0.03,0.0
phpmPOD5A,0.0,100,0.0,1.0,1.0,0.0
phpmPOD5A,0.0,100,0.0,0.0,0.0,0.0
phpmPOD5A,0.0,100,0.0,1.0,1.0,0.0
phpmPOD5A,0.05,100,0.05,1.0,0.95,0.0
phpmPOD5A,0.05,100,0.05,1.0,0.95,0.0
phpmPOD5A,0.05,100,0.05,0.62,0.57,0.0
phpmPOD5A,0.05,100,0.05,1.0,0.95,0.0
phpmPOD5A,0.05,100,0.05,0.0,0.05,0.0
phpmPOD5A,0.05,100,0.05,0.0,0.05,0.0
phpmPOD5A,0.05,100,0.05,1.0,0.95,0.0
phpmPOD5A,0.05,100,0.05,1.0,0.95,0.0
phpmPOD5A,0.05,100,0.05,1.0,0.95,0.0
phpmPOD5A,0.05,100,0.05,1.0,0.95,0.0
phpmPOD5A,0.11,100,0.11,1.0,0.89,0.0
phpmPOD5A,0.11,100,0.11,0.0,0.11,0.0
phpmPOD5A,0.11,100,0.11,1.0,0.89,0.0
phpmPOD5A,0.11,100,0.11,0.73,0.62,0.0
phpmPOD5A,0.11,100,0.11,0.35,0.24,0.0
phpmPOD5A,0.11,100,0.11,0.0,0.11,0.0
phpmPOD5A,0.11,100,0.11,0.0,0.11,0.0
phpmPOD5A,0.11,100,0.11,0.0,0.11,0.0
phpmPOD5A,0.11,100,0.11,0.03,0.08,0.0
phpmPOD5A,0.11,100,0.11,0.0,0.11,0.0
phpmPOD5A,0.16,100,0.16,1.0,0.84,0.0
phpmPOD5A,0.16,100,0.16,1.0,0.84,0.0
phpmPOD5A,0.16,100,0.16,1.0,0.84,0.0
phpmPOD5A,0.16,100,0.16,0.0,0.16,0.0
phpmPOD5A,0.16,100,0.16,0.0,0.16,0.0
phpmPOD5A,0.16,100,0.16,0.0,0.16,0.0
phpmPOD5A,0.16,100,0.16,0.0,0.16,0.0
phpmPOD5A,0.16,100,0.16,0.0,0.16,0.0
phpmPOD5A,0.16,100,0.16,1.0,0.84,0.0
phpmPOD5A,0.16,100,0.16,1.0,0.84,0.0
phpmPOD5A,0.21,100,0.21,1.0,0.79,0.0
phpmPOD5A,0.21,100,0.21,1.0,0.79,0.0
phpmPOD5A,0.21,100,0.21,0.0,0.21,0.0
phpmPOD5A,0.21,100,0.21,0.58,0.37,0.0
phpmPOD5A,0.21,100,0.21,1.0,0.79,0.0
phpmPOD5A,0.21,100,0.21,0.0,0.21,0.0
phpmPOD5A,0.21,100,0.21,1.0,0.79,0.0
phpmPOD5A,0.21,100,0.21,0.86,0.65,0.0
phpmPOD5A,0.21,100,0.21,1.0,0.79,0.0
phpmPOD5A,0.21,100,0.21,1.0,0.79,0.0
phpmPOD5A,0.26,100,0.26,0.0,0.26,0.0
phpmPOD5A,0.26,100,0.26,1.0,0.74,0.0
phpmPOD5A,0.26,100,0.26,1.0,0.74,0.0
phpmPOD5A,0.26,100,0.26,0.81,0.55,0.0
phpmPOD5A,0.26,100,0.26,1.0,0.74,0.0
phpmPOD5A,0.26,100,0.26,1.0,0.74,0.0
phpmPOD5A,0.26,100,0.26,1.0,0.74,0.00115203857421875
phpmPOD5A,0.26,100,0.26,1.0,0.74,0.0
phpmPOD5A,0.26,100,0.26,1.0,0.74,0.0
phpmPOD5A,0.26,100,0.26,0.0,0.26,0.0
phpmPOD5A,0.32,100,0.32,1.0,0.68,0.0
phpmPOD5A,0.32,100,0.32,1.0,0.68,0.0
phpmPOD5A,0.32,100,0.32,1.0,0.68,0.0
phpmPOD5A,0.32,100,0.32,1.0,0.68,0.0
phpmPOD5A,0.32,100,0.32,1.0,0.68,0.0
phpmPOD5A,0.32,100,0.32,1.0,0.68,0.0
phpmPOD5A,0.32,100,0.32,1.0,0.68,0.0
phpmPOD5A,0.32,100,0.32,1.0,0.68,0.0
phpmPOD5A,0.32,100,0.32,1.0,0.68,0.0
phpmPOD5A,0.32,100,0.32,0.0,0.32,0.0
phpmPOD5A,0.37,100,0.37,1.0,0.63,0.0
phpmPOD5A,0.37,100,0.37,0.0,0.37,0.0
phpmPOD5A,0.37,100,0.37,1.0,0.63,0.0
phpmPOD5A,0.37,100,0.37,0.0,0.37,0.0
phpmPOD5A,0.37,100,0.37,0.0,0.37,0.0
phpmPOD5A,0.37,100,0.37,0.0,0.37,0.0
phpmPOD5A,0.37,100,0.37,0.27,0.1,0.0
phpmPOD5A,0.37,100,0.37,1.0,0.63,0.0
phpmPOD5A,0.37,100,0.37,0.33,0.04,0.0
phpmPOD5A,0.37,100,0.37,1.0,0.63,0.0
phpmPOD5A,0.42,100,0.42,0.07,0.35,0.0
phpmPOD5A,0.42,100,0.42,1.0,0.58,0.0
phpmPOD5A,0.42,100,0.42,0.18,0.24,0.0
phpmPOD5A,0.42,100,0.42,1.0,0.58,0.0
phpmPOD5A,0.42,100,0.42,1.0,0.58,0.0
phpmPOD5A,0.42,100,0.42,0.0,0.42,0.0
phpmPOD5A,0.42,100,0.42,1.0,0.58,0.0
phpmPOD5A,0.42,100,0.42,1.0,0.58,0.0
phpmPOD5A,0.42,100,0.42,0.0,0.42,0.0
phpmPOD5A,0.42,100,0.42,1.0,0.58,0.0
phpmPOD5A,0.47,100,0.47,0.38,0.09,0.0
phpmPOD5A,0.47,100,0.47,0.0,0.47,0.0
phpmPOD5A,0.47,100,0.47,1.0,0.53,0.0
phpmPOD5A,0.47,100,0.47,1.0,0.53,0.0
phpmPOD5A,0.47,100,0.47,1.0,0.53,0.0
phpmPOD5A,0.47,100,0.47,0.0,0.47,0.0
phpmPOD5A,0.47,100,0.47,0.79,0.32,0.0
phpmPOD5A,0.47,100,0.47,1.0,0.53,0.0
phpmPOD5A,0.47,100,0.47,0.0,0.47,0.0
phpmPOD5A,0.47,100,0.47,0.0,0.47,0.0
phpmPOD5A,0.53,100,0.53,1.0,0.47,0.0
phpmPOD5A,0.53,100,0.53,1.0,0.47,0.0
phpmPOD5A,0.53,100,0.53,0.0,0.53,0.0
phpmPOD5A,0.53,100,0.53,0.0,0.53,0.0
phpmPOD5A,0.53,100,0.53,0.0,0.53,0.0
phpmPOD5A,0.53,100,0.53,0.0,0.53,0.0
phpmPOD5A,0.53,100,0.53,0.0,0.53,0.0
phpmPOD5A,0.53,100,0.53,1.0,0.47,0.0009999275207519531
phpmPOD5A,0.53,100,0.53,0.0,0.53,0.0
phpmPOD5A,0.53,100,0.53,1.0,0.47,0.015106201171875
phpmPOD5A,0.58,100,0.58,1.0,0.42,0.0
phpmPOD5A,0.58,100,0.58,1.0,0.42,0.0
phpmPOD5A,0.58,100,0.58,0.0,0.58,0.0
phpmPOD5A,0.58,100,0.58,0.36,0.22,0.0
phpmPOD5A,0.58,100,0.58,1.0,0.42,0.0
phpmPOD5A,0.58,100,0.58,0.15,0.43,0.0
phpmPOD5A,0.58,100,0.58,0.0,0.58,0.0
phpmPOD5A,0.58,100,0.58,0.0,0.58,0.0
phpmPOD5A,0.58,100,0.58,0.0,0.58,0.0
phpmPOD5A,0.58,100,0.58,1.0,0.42,0.0
phpmPOD5A,0.63,100,0.63,0.98,0.35,0.0
phpmPOD5A,0.63,100,0.63,0.0,0.63,0.0
phpmPOD5A,0.63,100,0.63,1.0,0.37,0.0
phpmPOD5A,0.63,100,0.63,0.0,0.63,0.0
phpmPOD5A,0.63,100,0.63,0.0,0.63,0.0
phpmPOD5A,0.63,100,0.63,0.0,0.63,0.0
phpmPOD5A,0.63,100,0.63,0.0,0.63,0.0
phpmPOD5A,0.63,100,0.63,1.0,0.37,0.0
phpmPOD5A,0.63,100,0.63,0.0,0.63,0.0
phpmPOD5A,0.63,100,0.63,1.0,0.37,0.0
phpmPOD5A,0.68,100,0.68,1.0,0.32,0.0
phpmPOD5A,0.68,100,0.68,0.8,0.12,0.0
phpmPOD5A,0.68,100,0.68,0.0,0.68,0.0
phpmPOD5A,0.68,100,0.68,0.0,0.68,0.0
phpmPOD5A,0.68,100,0.68,0.0,0.68,0.0
phpmPOD5A,0.68,100,0.68,0.0,0.68,0.0
phpmPOD5A,0.68,100,0.68,0.0,0.68,0.0
phpmPOD5A,0.68,100,0.68,1.0,0.32,0.0
phpmPOD5A,0.68,100,0.68,0.0,0.68,0.0
phpmPOD5A,0.68,100,0.68,0.63,0.05,0.0
phpmPOD5A,0.74,100,0.74,0.0,0.74,0.0
phpmPOD5A,0.74,100,0.74,0.0,0.74,0.0
phpmPOD5A,0.74,100,0.74,1.0,0.26,0.0
phpmPOD5A,0.74,100,0.74,0.0,0.74,0.0
phpmPOD5A,0.74,100,0.74,0.0,0.74,0.0
phpmPOD5A,0.74,100,0.74,1.0,0.26,0.0
phpmPOD5A,0.74,100,0.74,0.0,0.74,0.0
phpmPOD5A,0.74,100,0.74,0.0,0.74,0.0
phpmPOD5A,0.74,100,0.74,0.0,0.74,0.0
phpmPOD5A,0.74,100,0.74,0.16,0.58,0.0
phpmPOD5A,0.79,100,0.79,1.0,0.21,0.0
phpmPOD5A,0.79,100,0.79,0.0,0.79,0.0
phpmPOD5A,0.79,100,0.79,1.0,0.21,0.0
phpmPOD5A,0.79,100,0.79,1.0,0.21,0.0
phpmPOD5A,0.79,100,0.79,1.0,0.21,0.0
phpmPOD5A,0.79,100,0.79,0.0,0.79,0.0
phpmPOD5A,0.79,100,0.79,1.0,0.21,0.0
phpmPOD5A,0.79,100,0.79,1.0,0.21,0.0
phpmPOD5A,0.79,100,0.79,0.0,0.79,0.0
phpmPOD5A,0.79,100,0.79,1.0,0.21,0.0
phpmPOD5A,0.84,100,0.84,0.08,0.76,0.0
phpmPOD5A,0.84,100,0.84,0.0,0.84,0.0
phpmPOD5A,0.84,100,0.84,1.0,0.16,0.0
phpmPOD5A,0.84,100,0.84,1.0,0.16,0.0
phpmPOD5A,0.84,100,0.84,1.0,0.16,0.0
phpmPOD5A,0.84,100,0.84,1.0,0.16,0.0
phpmPOD5A,0.84,100,0.84,0.0,0.84,0.0
phpmPOD5A,0.84,100,0.84,0.0,0.84,0.0
phpmPOD5A,0.84,100,0.84,0.0,0.84,0.0
phpmPOD5A,0.84,100,0.84,0.0,0.84,0.0
phpmPOD5A,0.89,100,0.89,0.0,0.89,0.0
phpmPOD5A,0.89,100,0.89,0.0,0.89,0.0
phpmPOD5A,0.89,100,0.89,0.0,0.89,0.0
phpmPOD5A,0.89,100,0.89,0.4,0.49,0.0009057521820068359
phpmPOD5A,0.89,100,0.89,0.89,0.0,0.0
phpmPOD5A,0.89,100,0.89,1.0,0.11,0.0
phpmPOD5A,0.89,100,0.89,0.0,0.89,0.0
phpmPOD5A,0.89,100,0.89,1.0,0.11,0.0
phpmPOD5A,0.89,100,0.89,1.0,0.11,0.0
phpmPOD5A,0.89,100,0.89,1.0,0.11,0.0
phpmPOD5A,0.95,100,0.95,0.0,0.95,0.0
phpmPOD5A,0.95,100,0.95,1.0,0.05,0.0
phpmPOD5A,0.95,100,0.95,0.0,0.95,0.0
phpmPOD5A,0.95,100,0.95,1.0,0.05,0.0
phpmPOD5A,0.95,100,0.95,1.0,0.05,0.0
phpmPOD5A,0.95,100,0.95,0.0,0.95,0.0
phpmPOD5A,0.95,100,0.95,1.0,0.05,0.0
phpmPOD5A,0.95,100,0.95,1.0,0.05,0.0
phpmPOD5A,0.95,100,0.95,0.0,0.95,0.0
phpmPOD5A,0.95,100,0.95,1.0,0.05,0.0
phpmPOD5A,1.0,100,1.0,0.0,1.0,0.0
phpmPOD5A,1.0,100,1.0,0.0,1.0,0.0
phpmPOD5A,1.0,100,1.0,0.0,1.0,0.0
phpmPOD5A,1.0,100,1.0,1.0,0.0,0.0
phpmPOD5A,1.0,100,1.0,0.0,1.0,0.0
phpmPOD5A,1.0,100,1.0,0.94,0.06,0.0
phpmPOD5A,1.0,100,1.0,0.0,1.0,0.0
phpmPOD5A,1.0,100,1.0,0.0,1.0,0.0
phpmPOD5A,1.0,100,1.0,0.11,0.89,0.0
phpmPOD5A,1.0,100,1.0,0.0,1.0,0.0
phpV5QYya,0.0,100,0.0,0.0,0.0,0.0
phpV5QYya,0.0,100,0.0,0.02,0.02,0.0
phpV5QYya,0.0,100,0.0,0.0,0.0,0.0
phpV5QYya,0.0,100,0.0,0.04,0.04,0.0
phpV5QYya,0.0,100,0.0,0.04,0.04,0.0
phpV5QYya,0.0,100,0.0,0.0,0.0,0.0009992122650146484
phpV5QYya,0.0,100,0.0,0.04,0.04,0.0
phpV5QYya,0.0,100,0.0,0.0,0.0,0.0
phpV5QYya,0.0,100,0.0,0.0,0.0,0.0
phpV5QYya,0.0,100,0.0,0.02,0.02,0.0
phpV5QYya,0.05,100,0.05,0.06,0.01,0.0
phpV5QYya,0.05,100,0.05,0.05,0.0,0.0
phpV5QYya,0.05,100,0.05,0.08,0.03,0.0
phpV5QYya,0.05,100,0.05,0.05,0.0,0.0
phpV5QYya,0.05,100,0.05,0.05,0.0,0.0
phpV5QYya,0.05,100,0.05,0.11,0.06,0.0
phpV5QYya,0.05,100,0.05,0.05,0.0,0.0
phpV5QYya,0.05,100,0.05,0.05,0.0,0.0
phpV5QYya,0.05,100,0.05,0.0,0.05,0.0
phpV5QYya,0.05,100,0.05,0.04,0.01,0.0
phpV5QYya,0.11,100,0.11,0.06,0.05,0.0
phpV5QYya,0.11,100,0.11,0.14,0.03,0.0
phpV5QYya,0.11,100,0.11,0.13,0.02,0.0
phpV5QYya,0.11,100,0.11,0.09,0.02,0.0
phpV5QYya,0.11,100,0.11,0.1,0.01,0.0
phpV5QYya,0.11,100,0.11,0.13,0.02,0.0
phpV5QYya,0.11,100,0.11,0.1,0.01,0.0
phpV5QYya,0.11,100,0.11,0.16,0.05,0.0
phpV5QYya,0.11,100,0.11,0.07,0.04,0.0
phpV5QYya,0.11,100,0.11,0.13,0.02,0.0
phpV5QYya,0.16,100,0.16,0.17,0.01,0.0
phpV5QYya,0.16,100,0.16,0.17,0.01,0.0
phpV5QYya,0.16,100,0.16,0.11,0.05,0.0
phpV5QYya,0.16,100,0.16,0.15,0.01,0.0
phpV5QYya,0.16,100,0.16,0.14,0.02,0.0
phpV5QYya,0.16,100,0.16,0.13,0.03,0.0
phpV5QYya,0.16,100,0.16,0.15,0.01,0.0
phpV5QYya,0.16,100,0.16,0.13,0.03,0.0
phpV5QYya,0.16,100,0.16,0.14,0.02,0.0
phpV5QYya,0.16,100,0.16,0.2,0.04,0.0
phpV5QYya,0.21,100,0.21,0.26,0.05,0.0
phpV5QYya,0.21,100,0.21,0.19,0.02,0.0
phpV5QYya,0.21,100,0.21,0.19,0.02,0.0
phpV5QYya,0.21,100,0.21,0.2,0.01,0.0
phpV5QYya,0.21,100,0.21,0.23,0.02,0.0
phpV5QYya,0.21,100,0.21,0.28,0.07,0.0
phpV5QYya,0.21,100,0.21,0.21,0.0,0.0
phpV5QYya,0.21,100,0.21,0.23,0.02,0.0
phpV5QYya,0.21,100,0.21,0.15,0.06,0.0
phpV5QYya,0.21,100,0.21,0.19,0.02,0.0
phpV5QYya,0.26,100,0.26,0.24,0.02,0.0
phpV5QYya,0.26,100,0.26,0.25,0.01,0.0
phpV5QYya,0.26,100,0.26,0.21,0.05,0.0
phpV5QYya,0.26,100,0.26,0.24,0.02,0.0
phpV5QYya,0.26,100,0.26,0.24,0.02,0.0
phpV5QYya,0.26,100,0.26,0.31,0.05,0.0
phpV5QYya,0.26,100,0.26,0.27,0.01,0.0
phpV5QYya,0.26,100,0.26,0.3,0.04,0.0
phpV5QYya,0.26,100,0.26,0.22,0.04,0.0
phpV5QYya,0.26,100,0.26,0.24,0.02,0.0
phpV5QYya,0.32,100,0.32,0.32,0.0,0.0
phpV5QYya,0.32,100,0.32,0.35,0.03,0.0
phpV5QYya,0.32,100,0.32,0.34,0.02,0.0
phpV5QYya,0.32,100,0.32,0.32,0.0,0.0
phpV5QYya,0.32,100,0.32,0.26,0.06,0.0
phpV5QYya,0.32,100,0.32,0.33,0.01,0.0
phpV5QYya,0.32,100,0.32,0.32,0.0,0.0
phpV5QYya,0.32,100,0.32,0.31,0.01,0.0
phpV5QYya,0.32,100,0.32,0.29,0.03,0.0
phpV5QYya,0.32,100,0.32,0.34,0.02,0.0
phpV5QYya,0.37,100,0.37,0.37,0.0,0.0
phpV5QYya,0.37,100,0.37,0.41,0.04,0.0
phpV5QYya,0.37,100,0.37,0.38,0.01,0.0
phpV5QYya,0.37,100,0.37,0.37,0.0,0.0
phpV5QYya,0.37,100,0.37,0.36,0.01,0.0
phpV5QYya,0.37,100,0.37,0.37,0.0,0.0
phpV5QYya,0.37,100,0.37,0.36,0.01,0.0
phpV5QYya,0.37,100,0.37,0.37,0.0,0.0
phpV5QYya,0.37,100,0.37,0.35,0.02,0.0
phpV5QYya,0.37,100,0.37,0.38,0.01,0.0
phpV5QYya,0.42,100,0.42,0.44,0.02,0.0
phpV5QYya,0.42,100,0.42,0.39,0.03,0.0
phpV5QYya,0.42,100,0.42,0.38,0.04,0.0
phpV5QYya,0.42,100,0.42,0.44,0.02,0.0
phpV5QYya,0.42,100,0.42,0.4,0.02,0.0
phpV5QYya,0.42,100,0.42,0.38,0.04,0.0
phpV5QYya,0.42,100,0.42,0.45,0.03,0.0
phpV5QYya,0.42,100,0.42,0.4,0.02,0.0
phpV5QYya,0.42,100,0.42,0.41,0.01,0.0
phpV5QYya,0.42,100,0.42,0.45,0.03,0.0
phpV5QYya,0.47,100,0.47,0.49,0.02,0.0
phpV5QYya,0.47,100,0.47,0.43,0.04,0.0
phpV5QYya,0.47,100,0.47,0.44,0.03,0.0
phpV5QYya,0.47,100,0.47,0.54,0.07,0.0
phpV5QYya,0.47,100,0.47,0.46,0.01,0.0
phpV5QYya,0.47,100,0.47,0.44,0.03,0.0
phpV5QYya,0.47,100,0.47,0.46,0.01,0.0
phpV5QYya,0.47,100,0.47,0.46,0.01,0.0
phpV5QYya,0.47,100,0.47,0.43,0.04,0.0
phpV5QYya,0.47,100,0.47,0.52,0.05,0.0
phpV5QYya,0.53,100,0.53,0.53,0.0,0.0
phpV5QYya,0.53,100,0.53,0.55,0.02,0.0
phpV5QYya,0.53,100,0.53,0.51,0.02,0.0
phpV5QYya,0.53,100,0.53,0.58,0.05,0.0
phpV5QYya,0.53,100,0.53,0.48,0.05,0.0
phpV5QYya,0.53,100,0.53,0.51,0.02,0.0
phpV5QYya,0.53,100,0.53,0.48,0.05,0.0
phpV5QYya,0.53,100,0.53,0.52,0.01,0.0
phpV5QYya,0.53,100,0.53,0.53,0.0,0.0
phpV5QYya,0.53,100,0.53,0.53,0.0,0.0
phpV5QYya,0.58,100,0.58,0.6,0.02,0.0
phpV5QYya,0.58,100,0.58,0.59,0.01,0.0
phpV5QYya,0.58,100,0.58,0.58,0.0,0.0
phpV5QYya,0.58,100,0.58,0.57,0.01,0.0
phpV5QYya,0.58,100,0.58,0.59,0.01,0.0
phpV5QYya,0.58,100,0.58,0.59,0.01,0.0
phpV5QYya,0.58,100,0.58,0.56,0.02,0.0
phpV5QYya,0.58,100,0.58,0.55,0.03,0.0
phpV5QYya,0.58,100,0.58,0.57,0.01,0.0
phpV5QYya,0.58,100,0.58,0.55,0.03,0.0
phpV5QYya,0.63,100,0.63,0.65,0.02,0.0
phpV5QYya,0.63,100,0.63,0.64,0.01,0.0
phpV5QYya,0.63,100,0.63,0.59,0.04,0.0
phpV5QYya,0.63,100,0.63,0.62,0.01,0.0
phpV5QYya,0.63,100,0.63,0.61,0.02,0.0
phpV5QYya,0.63,100,0.63,0.65,0.02,0.0
phpV5QYya,0.63,100,0.63,0.59,0.04,0.0
phpV5QYya,0.63,100,0.63,0.69,0.06,0.0
phpV5QYya,0.63,100,0.63,0.62,0.01,0.0
phpV5QYya,0.63,100,0.63,0.63,0.0,0.0
phpV5QYya,0.68,100,0.68,0.7,0.02,0.0
phpV5QYya,0.68,100,0.68,0.63,0.05,0.0
phpV5QYya,0.68,100,0.68,0.62,0.06,0.0
phpV5QYya,0.68,100,0.68,0.67,0.01,0.0
phpV5QYya,0.68,100,0.68,0.65,0.03,0.0
phpV5QYya,0.68,100,0.68,0.67,0.01,0.0
phpV5QYya,0.68,100,0.68,0.62,0.06,0.0
phpV5QYya,0.68,100,0.68,0.7,0.02,0.0
phpV5QYya,0.68,100,0.68,0.62,0.06,0.0
phpV5QYya,0.68,100,0.68,0.69,0.01,0.0
phpV5QYya,0.74,100,0.74,0.75,0.01,0.0
phpV5QYya,0.74,100,0.74,0.73,0.01,0.0
phpV5QYya,0.74,100,0.74,0.75,0.01,0.0
phpV5QYya,0.74,100,0.74,0.7,0.04,0.0
phpV5QYya,0.74,100,0.74,0.73,0.01,0.0
phpV5QYya,0.74,100,0.74,0.73,0.01,0.0
phpV5QYya,0.74,100,0.74,0.7,0.04,0.0
phpV5QYya,0.74,100,0.74,0.75,0.01,0.0
phpV5QYya,0.74,100,0.74,0.71,0.03,0.0
phpV5QYya,0.74,100,0.74,0.72,0.02,0.0
phpV5QYya,0.79,100,0.79,0.77,0.02,0.0
phpV5QYya,0.79,100,0.79,0.75,0.04,0.0
phpV5QYya,0.79,100,0.79,0.81,0.02,0.0
phpV5QYya,0.79,100,0.79,0.82,0.03,0.0
phpV5QYya,0.79,100,0.79,0.84,0.05,0.0
phpV5QYya,0.79,100,0.79,0.77,0.02,0.0
phpV5QYya,0.79,100,0.79,0.77,0.02,0.0
phpV5QYya,0.79,100,0.79,0.79,0.0,0.0
phpV5QYya,0.79,100,0.79,0.79,0.0,0.0
phpV5QYya,0.79,100,0.79,0.78,0.01,0.0010037422180175781
phpV5QYya,0.84,100,0.84,0.83,0.01,0.0
phpV5QYya,0.84,100,0.84,0.85,0.01,0.0
phpV5QYya,0.84,100,0.84,0.86,0.02,0.0
phpV5QYya,0.84,100,0.84,0.82,0.02,0.0
phpV5QYya,0.84,100,0.84,0.83,0.01,0.0
phpV5QYya,0.84,100,0.84,0.84,0.0,0.0
phpV5QYya,0.84,100,0.84,0.79,0.05,0.0
phpV5QYya,0.84,100,0.84,0.81,0.03,0.0
phpV5QYya,0.84,100,0.84,0.85,0.01,0.0
phpV5QYya,0.84,100,0.84,0.79,0.05,0.0
phpV5QYya,0.89,100,0.89,0.84,0.05,0.0
phpV5QYya,0.89,100,0.89,0.92,0.03,0.0
phpV5QYya,0.89,100,0.89,0.9,0.01,0.0
phpV5QYya,0.89,100,0.89,0.83,0.06,0.0
phpV5QYya,0.89,100,0.89,0.89,0.0,0.0
phpV5QYya,0.89,100,0.89,0.85,0.04,0.0
phpV5QYya,0.89,100,0.89,0.92,0.03,0.0
phpV5QYya,0.89,100,0.89,0.83,0.06,0.0
phpV5QYya,0.89,100,0.89,0.84,0.05,0.0
phpV5QYya,0.89,100,0.89,0.88,0.01,0.0
phpV5QYya,0.95,100,0.95,0.93,0.02,0.0
phpV5QYya,0.95,100,0.95,0.92,0.03,0.0
phpV5QYya,0.95,100,0.95,0.94,0.01,0.0
phpV5QYya,0.95,100,0.95,0.95,0.0,0.0
phpV5QYya,0.95,100,0.95,0.99,0.04,0.0
phpV5QYya,0.95,100,0.95,0.97,0.02,0.0
phpV5QYya,0.95,100,0.95,0.94,0.01,0.0
phpV5QYya,0.95,100,0.95,0.96,0.01,0.0
phpV5QYya,0.95,100,0.95,0.95,0.0,0.0
phpV5QYya,0.95,100,0.95,0.91,0.04,0.0
phpV5QYya,1.0,100,1.0,1.0,0.0,0.0
phpV5QYya,1.0,100,1.0,1.0,0.0,0.0
phpV5QYya,1.0,100,1.0,1.0,0.0,0.0
phpV5QYya,1.0,100,1.0,1.0,0.0,0.0
phpV5QYya,1.0,100,1.0,0.97,0.03,0.0
phpV5QYya,1.0,100,1.0,1.0,0.0,0.0
phpV5QYya,1.0,100,1.0,1.0,0.0,0.0
phpV5QYya,1.0,100,1.0,0.99,0.01,0.0
phpV5QYya,1.0,100,1.0,0.98,0.02,0.0
phpV5QYya,1.0,100,1.0,0.95,0.05,0.0
pol,0.0,100,0.0,0.0,0.0,0.0
pol,0.0,100,0.0,0.02,0.02,0.0
pol,0.0,100,0.0,0.0,0.0,0.0
pol,0.0,100,0.0,0.0,0.0,0.0
pol,0.0,100,0.0,0.0,0.0,0.0
pol,0.0,100,0.0,0.0,0.0,0.0
pol,0.0,100,0.0,0.0,0.0,0.0
pol,0.0,100,0.0,0.0,0.0,0.0
pol,0.0,100,0.0,0.0,0.0,0.0
pol,0.0,100,0.0,0.0,0.0,0.0
pol,0.05,100,0.05,0.1,0.05,0.0
pol,0.05,100,0.05,0.0,0.05,0.0
pol,0.05,100,0.05,0.02,0.03,0.0
pol,0.05,100,0.05,0.03,0.02,0.0
pol,0.05,100,0.05,0.07,0.02,0.0
pol,0.05,100,0.05,0.05,0.0,0.0
pol,0.05,100,0.05,0.0,0.05,0.0
pol,0.05,100,0.05,0.0,0.05,0.0
pol,0.05,100,0.05,0.07,0.02,0.0
pol,0.05,100,0.05,0.05,0.0,0.0
pol,0.11,100,0.11,0.15,0.04,0.0
pol,0.11,100,0.11,0.01,0.1,0.0
pol,0.11,100,0.11,0.07,0.04,0.0
pol,0.11,100,0.11,0.07,0.04,0.0
pol,0.11,100,0.11,0.09,0.02,0.0
pol,0.11,100,0.11,0.09,0.02,0.0
pol,0.11,100,0.11,0.1,0.01,0.0
pol,0.11,100,0.11,0.06,0.05,0.0
pol,0.11,100,0.11,0.05,0.06,0.0
pol,0.11,100,0.11,0.08,0.03,0.0
pol,0.16,100,0.16,0.14,0.02,0.0
pol,0.16,100,0.16,0.1,0.06,0.0
pol,0.16,100,0.16,0.12,0.04,0.0
pol,0.16,100,0.16,0.13,0.03,0.0
pol,0.16,100,0.16,0.28,0.12,0.0
pol,0.16,100,0.16,0.04,0.12,0.0
pol,0.16,100,0.16,0.14,0.02,0.0
pol,0.16,100,0.16,0.13,0.03,0.0
pol,0.16,100,0.16,0.17,0.01,0.0
pol,0.16,100,0.16,0.14,0.02,0.0
pol,0.21,100,0.21,0.19,0.02,0.0008149147033691406
pol,0.21,100,0.21,0.23,0.02,0.0
pol,0.21,100,0.21,0.29,0.08,0.0
pol,0.21,100,0.21,0.21,0.0,0.0
pol,0.21,100,0.21,0.12,0.09,0.0
pol,0.21,100,0.21,0.17,0.04,0.0
pol,0.21,100,0.21,0.17,0.04,0.0
pol,0.21,100,0.21,0.2,0.01,0.0
pol,0.21,100,0.21,0.23,0.02,0.0
pol,0.21,100,0.21,0.21,0.0,0.0
pol,0.26,100,0.26,0.23,0.03,0.0
pol,0.26,100,0.26,0.33,0.07,0.0
pol,0.26,100,0.26,0.19,0.07,0.0
pol,0.26,100,0.26,0.31,0.05,0.0
pol,0.26,100,0.26,0.19,0.07,0.0
pol,0.26,100,0.26,0.28,0.02,0.0
pol,0.26,100,0.26,0.23,0.03,0.0
pol,0.26,100,0.26,0.18,0.08,0.0
pol,0.26,100,0.26,0.17,0.09,0.0
pol,0.26,100,0.26,0.28,0.02,0.0
pol,0.32,100,0.32,0.3,0.02,0.0
pol,0.32,100,0.32,0.34,0.02,0.0
pol,0.32,100,0.32,0.29,0.03,0.0
pol,0.32,100,0.32,0.25,0.07,0.0
pol,0.32,100,0.32,0.31,0.01,0.0
pol,0.32,100,0.32,0.31,0.01,0.0
pol,0.32,100,0.32,0.33,0.01,0.0
pol,0.32,100,0.32,0.33,0.01,0.0
pol,0.32,100,0.32,0.31,0.01,0.0
pol,0.32,100,0.32,0.36,0.04,0.0
pol,0.37,100,0.37,0.35,0.02,0.0
pol,0.37,100,0.37,0.37,0.0,0.0
pol,0.37,100,0.37,0.31,0.06,0.0
pol,0.37,100,0.37,0.33,0.04,0.0
pol,0.37,100,0.37,0.39,0.02,0.0
pol,0.37,100,0.37,0.4,0.03,0.0
pol,0.37,100,0.37,0.33,0.04,0.0
pol,0.37,100,0.37,0.43,0.06,0.0
pol,0.37,100,0.37,0.38,0.01,0.0
pol,0.37,100,0.37,0.28,0.09,0.0
pol,0.42,100,0.42,0.41,0.01,0.0
pol,0.42,100,0.42,0.42,0.0,0.0
pol,0.42,100,0.42,0.47,0.05,0.0
pol,0.42,100,0.42,0.37,0.05,0.0
pol,0.42,100,0.42,0.49,0.07,0.0
pol,0.42,100,0.42,0.5,0.08,0.0
pol,0.42,100,0.42,0.47,0.05,0.0
pol,0.42,100,0.42,0.42,0.0,0.0
pol,0.42,100,0.42,0.41,0.01,0.0
pol,0.42,100,0.42,0.43,0.01,0.0
pol,0.47,100,0.47,0.5,0.03,0.0
pol,0.47,100,0.47,0.5,0.03,0.0
pol,0.47,100,0.47,0.56,0.09,0.0
pol,0.47,100,0.47,0.48,0.01,0.0
pol,0.47,100,0.47,0.48,0.01,0.0
pol,0.47,100,0.47,0.51,0.04,0.0
pol,0.47,100,0.47,0.48,0.01,0.0
pol,0.47,100,0.47,0.44,0.03,0.0
pol,0.47,100,0.47,0.43,0.04,0.0
pol,0.47,100,0.47,0.52,0.05,0.0
pol,0.53,100,0.53,0.57,0.04,0.0
pol,0.53,100,0.53,0.54,0.01,0.0
pol,0.53,100,0.53,0.57,0.04,0.0
pol,0.53,100,0.53,0.47,0.06,0.0
pol,0.53,100,0.53,0.49,0.04,0.0
pol,0.53,100,0.53,0.59,0.06,0.0
pol,0.53,100,0.53,0.47,0.06,0.0
pol,0.53,100,0.53,0.51,0.02,0.0
pol,0.53,100,0.53,0.52,0.01,0.0
pol,0.53,100,0.53,0.55,0.02,0.0
pol,0.58,100,0.58,0.57,0.01,0.0
pol,0.58,100,0.58,0.61,0.03,0.0
pol,0.58,100,0.58,0.6,0.02,0.0
pol,0.58,100,0.58,0.54,0.04,0.0
pol,0.58,100,0.58,0.6,0.02,0.0
pol,0.58,100,0.58,0.6,0.02,0.0
pol,0.58,100,0.58,0.65,0.07,0.0
pol,0.58,100,0.58,0.54,0.04,0.0
pol,0.58,100,0.58,0.53,0.05,0.0
pol,0.58,100,0.58,0.65,0.07,0.0
pol,0.63,100,0.63,0.61,0.02,0.0
pol,0.63,100,0.63,0.69,0.06,0.0008258819580078125
pol,0.63,100,0.63,0.61,0.02,0.0
pol,0.63,100,0.63,0.62,0.01,0.0
pol,0.63,100,0.63,0.61,0.02,0.0
pol,0.63,100,0.63,0.63,0.0,0.0
pol,0.63,100,0.63,0.6,0.03,0.0
pol,0.63,100,0.63,0.62,0.01,0.0
pol,0.63,100,0.63,0.58,0.05,0.001004934310913086
pol,0.63,100,0.63,0.67,0.04,0.0
pol,0.68,100,0.68,0.67,0.01,0.0
pol,0.68,100,0.68,0.71,0.03,0.0
pol,0.68,100,0.68,0.66,0.02,0.0
pol,0.68,100,0.68,0.62,0.06,0.0
pol,0.68,100,0.68,0.68,0.0,0.0
pol,0.68,100,0.68,0.69,0.01,0.0
pol,0.68,100,0.68,0.65,0.03,0.0
pol,0.68,100,0.68,0.69,0.01,0.0
pol,0.68,100,0.68,0.67,0.01,0.0
pol,0.68,100,0.68,0.75,0.07,0.0
pol,0.74,100,0.74,0.85,0.11,0.0
pol,0.74,100,0.74,0.82,0.08,0.01563715934753418
pol,0.74,100,0.74,0.69,0.05,0.0
pol,0.74,100,0.74,0.69,0.05,0.0
pol,0.74,100,0.74,0.84,0.1,0.0
pol,0.74,100,0.74,0.76,0.02,0.0
pol,0.74,100,0.74,0.69,0.05,0.0
pol,0.74,100,0.74,0.72,0.02,0.0
pol,0.74,100,0.74,0.73,0.01,0.0
pol,0.74,100,0.74,0.76,0.02,0.0
pol,0.79,100,0.79,0.76,0.03,0.0
pol,0.79,100,0.79,0.78,0.01,0.0
pol,0.79,100,0.79,0.73,0.06,0.0
pol,0.79,100,0.79,0.86,0.07,0.0
pol,0.79,100,0.79,0.76,0.03,0.0
pol,0.79,100,0.79,0.79,0.0,0.0
pol,0.79,100,0.79,0.8,0.01,0.0
pol,0.79,100,0.79,0.81,0.02,0.0
pol,0.79,100,0.79,0.78,0.01,0.0
pol,0.79,100,0.79,0.74,0.05,0.0
pol,0.84,100,0.84,0.88,0.04,0.0
pol,0.84,100,0.84,0.87,0.03,0.0
pol,0.84,100,0.84,0.78,0.06,0.0
pol,0.84,100,0.84,0.88,0.04,0.0
pol,0.84,100,0.84,0.87,0.03,0.0
pol,0.84,100,0.84,0.83,0.01,0.0
pol,0.84,100,0.84,0.9,0.06,0.0
pol,0.84,100,0.84,0.84,0.0,0.0
pol,0.84,100,0.84,0.86,0.02,0.0
pol,0.84,100,0.84,0.82,0.02,0.0
pol,0.89,100,0.89,0.85,0.04,0.0
pol,0.89,100,0.89,0.94,0.05,0.0
pol,0.89,100,0.89,0.9,0.01,0.0
pol,0.89,100,0.89,0.89,0.0,0.0
pol,0.89,100,0.89,0.87,0.02,0.0
pol,0.89,100,0.89,0.89,0.0,0.0
pol,0.89,100,0.89,0.86,0.03,0.0
pol,0.89,100,0.89,0.94,0.05,0.0
pol,0.89,100,0.89,0.79,0.1,0.0
pol,0.89,100,0.89,0.83,0.06,0.0
pol,0.95,100,0.95,0.97,0.02,0.0
pol,0.95,100,0.95,0.97,0.02,0.0
pol,0.95,100,0.95,0.93,0.02,0.0
pol,0.95,100,0.95,1.0,0.05,0.0
pol,0.95,100,0.95,0.99,0.04,0.0
pol,0.95,100,0.95,0.98,0.03,0.0
pol,0.95,100,0.95,0.93,0.02,0.0
pol,0.95,100,0.95,1.0,0.05,0.0
pol,0.95,100,0.95,1.0,0.05,0.0
pol,0.95,100,0.95,1.0,0.05,0.0
pol,1.0,100,1.0,1.0,0.0,0.0
pol,1.0,100,1.0,0.97,0.03,0.0
pol,1.0,100,1.0,1.0,0.0,0.0
pol,1.0,100,1.0,1.0,0.0,0.0157010555267334
pol,1.0,100,1.0,1.0,0.0,0.0
pol,1.0,100,1.0,1.0,0.0,0.0
pol,1.0,100,1.0,1.0,0.0,0.0
pol,1.0,100,1.0,1.0,0.0,0.0
pol,1.0,100,1.0,1.0,0.0,0.0
pol,1.0,100,1.0,1.0,0.0,0.0
pollen,0.0,100,0.0,1.0,1.0,0.0
pollen,0.0,100,0.0,0.0,0.0,0.0
pollen,0.0,100,0.0,0.0,0.0,0.0
pollen,0.0,100,0.0,0.0,0.0,0.0
pollen,0.0,100,0.0,1.0,1.0,0.0
pollen,0.0,100,0.0,1.0,1.0,0.0
pollen,0.0,100,0.0,1.0,1.0,0.0
pollen,0.0,100,0.0,1.0,1.0,0.0
pollen,0.0,100,0.0,0.0,0.0,0.0
pollen,0.0,100,0.0,1.0,1.0,0.0
pollen,0.05,100,0.05,1.0,0.95,0.0
pollen,0.05,100,0.05,1.0,0.95,0.0
pollen,0.05,100,0.05,1.0,0.95,0.0
pollen,0.05,100,0.05,1.0,0.95,0.0
pollen,0.05,100,0.05,1.0,0.95,0.0
pollen,0.05,100,0.05,1.0,0.95,0.0
pollen,0.05,100,0.05,1.0,0.95,0.0
pollen,0.05,100,0.05,1.0,0.95,0.0
pollen,0.05,100,0.05,1.0,0.95,0.0
pollen,0.05,100,0.05,0.0,0.05,0.0
pollen,0.11,100,0.11,1.0,0.89,0.0
pollen,0.11,100,0.11,1.0,0.89,0.0
pollen,0.11,100,0.11,1.0,0.89,0.0
pollen,0.11,100,0.11,1.0,0.89,0.0
pollen,0.11,100,0.11,0.0,0.11,0.0
pollen,0.11,100,0.11,1.0,0.89,0.0
pollen,0.11,100,0.11,1.0,0.89,0.0
pollen,0.11,100,0.11,1.0,0.89,0.0
pollen,0.11,100,0.11,1.0,0.89,0.0
pollen,0.11,100,0.11,1.0,0.89,0.0
pollen,0.16,100,0.16,0.0,0.16,0.0
pollen,0.16,100,0.16,0.0,0.16,0.0
pollen,0.16,100,0.16,0.0,0.16,0.0
pollen,0.16,100,0.16,1.0,0.84,0.0
pollen,0.16,100,0.16,0.0,0.16,0.0
pollen,0.16,100,0.16,1.0,0.84,0.0
pollen,0.16,100,0.16,1.0,0.84,0.0
pollen,0.16,100,0.16,0.0,0.16,0.0
pollen,0.16,100,0.16,1.0,0.84,0.0
pollen,0.16,100,0.16,1.0,0.84,0.0
pollen,0.21,100,0.21,1.0,0.79,0.0
pollen,0.21,100,0.21,1.0,0.79,0.0
pollen,0.21,100,0.21,0.0,0.21,0.0
pollen,0.21,100,0.21,1.0,0.79,0.0
pollen,0.21,100,0.21,1.0,0.79,0.0
pollen,0.21,100,0.21,1.0,0.79,0.0
pollen,0.21,100,0.21,1.0,0.79,0.0
pollen,0.21,100,0.21,1.0,0.79,0.0
pollen,0.21,100,0.21,0.0,0.21,0.0
pollen,0.21,100,0.21,1.0,0.79,0.0
pollen,0.26,100,0.26,1.0,0.74,0.0
pollen,0.26,100,0.26,1.0,0.74,0.0
pollen,0.26,100,0.26,1.0,0.74,0.0007991790771484375
pollen,0.26,100,0.26,1.0,0.74,0.0
pollen,0.26,100,0.26,0.0,0.26,0.0
pollen,0.26,100,0.26,1.0,0.74,0.0
pollen,0.26,100,0.26,0.0,0.26,0.0
pollen,0.26,100,0.26,1.0,0.74,0.0
pollen,0.26,100,0.26,0.0,0.26,0.0
pollen,0.26,100,0.26,0.0,0.26,0.0
pollen,0.32,100,0.32,0.0,0.32,0.0
pollen,0.32,100,0.32,0.0,0.32,0.0
pollen,0.32,100,0.32,1.0,0.68,0.0
pollen,0.32,100,0.32,0.0,0.32,0.0
pollen,0.32,100,0.32,1.0,0.68,0.0
pollen,0.32,100,0.32,1.0,0.68,0.0
pollen,0.32,100,0.32,1.0,0.68,0.0
pollen,0.32,100,0.32,1.0,0.68,0.0
pollen,0.32,100,0.32,1.0,0.68,0.0
pollen,0.32,100,0.32,1.0,0.68,0.0
pollen,0.37,100,0.37,1.0,0.63,0.0
pollen,0.37,100,0.37,0.0,0.37,0.0
pollen,0.37,100,0.37,1.0,0.63,0.0
pollen,0.37,100,0.37,1.0,0.63,0.0
pollen,0.37,100,0.37,1.0,0.63,0.0
pollen,0.37,100,0.37,1.0,0.63,0.0
pollen,0.37,100,0.37,1.0,0.63,0.0
pollen,0.37,100,0.37,1.0,0.63,0.0
pollen,0.37,100,0.37,0.0,0.37,0.0
pollen,0.37,100,0.37,1.0,0.63,0.0
pollen,0.42,100,0.42,1.0,0.58,0.0
pollen,0.42,100,0.42,0.0,0.42,0.0
pollen,0.42,100,0.42,0.0,0.42,0.0
pollen,0.42,100,0.42,0.0,0.42,0.0
pollen,0.42,100,0.42,1.0,0.58,0.0
pollen,0.42,100,0.42,0.0,0.42,0.0
pollen,0.42,100,0.42,1.0,0.58,0.0
pollen,0.42,100,0.42,1.0,0.58,0.0
pollen,0.42,100,0.42,1.0,0.58,0.0
pollen,0.42,100,0.42,1.0,0.58,0.0
pollen,0.47,100,0.47,1.0,0.53,0.0
pollen,0.47,100,0.47,0.0,0.47,0.0
pollen,0.47,100,0.47,0.0,0.47,0.0
pollen,0.47,100,0.47,1.0,0.53,0.0
pollen,0.47,100,0.47,1.0,0.53,0.0
pollen,0.47,100,0.47,0.0,0.47,0.0
pollen,0.47,100,0.47,1.0,0.53,0.0
pollen,0.47,100,0.47,0.0,0.47,0.0
pollen,0.47,100,0.47,1.0,0.53,0.0
pollen,0.47,100,0.47,1.0,0.53,0.0
pollen,0.53,100,0.53,1.0,0.47,0.0
pollen,0.53,100,0.53,1.0,0.47,0.0
pollen,0.53,100,0.53,0.0,0.53,0.0
pollen,0.53,100,0.53,1.0,0.47,0.0
pollen,0.53,100,0.53,1.0,0.47,0.0
pollen,0.53,100,0.53,1.0,0.47,0.0
pollen,0.53,100,0.53,1.0,0.47,0.0
pollen,0.53,100,0.53,0.0,0.53,0.0
pollen,0.53,100,0.53,0.0,0.53,0.0
pollen,0.53,100,0.53,0.0,0.53,0.0
pollen,0.58,100,0.58,0.0,0.58,0.0
pollen,0.58,100,0.58,1.0,0.42,0.0
pollen,0.58,100,0.58,1.0,0.42,0.0
pollen,0.58,100,0.58,1.0,0.42,0.0
pollen,0.58,100,0.58,1.0,0.42,0.0
pollen,0.58,100,0.58,1.0,0.42,0.0
pollen,0.58,100,0.58,1.0,0.42,0.0
pollen,0.58,100,0.58,1.0,0.42,0.0
pollen,0.58,100,0.58,1.0,0.42,0.0
pollen,0.58,100,0.58,1.0,0.42,0.0
pollen,0.63,100,0.63,1.0,0.37,0.0
pollen,0.63,100,0.63,1.0,0.37,0.0
pollen,0.63,100,0.63,1.0,0.37,0.0
pollen,0.63,100,0.63,1.0,0.37,0.0
pollen,0.63,100,0.63,0.0,0.63,0.0
pollen,0.63,100,0.63,1.0,0.37,0.0
pollen,0.63,100,0.63,1.0,0.37,0.0
pollen,0.63,100,0.63,0.0,0.63,0.0
pollen,0.63,100,0.63,1.0,0.37,0.0
pollen,0.63,100,0.63,1.0,0.37,0.0
pollen,0.68,100,0.68,1.0,0.32,0.0
pollen,0.68,100,0.68,0.0,0.68,0.0
pollen,0.68,100,0.68,1.0,0.32,0.0
pollen,0.68,100,0.68,1.0,0.32,0.0
pollen,0.68,100,0.68,1.0,0.32,0.0
pollen,0.68,100,0.68,1.0,0.32,0.0
pollen,0.68,100,0.68,0.0,0.68,0.0
pollen,0.68,100,0.68,1.0,0.32,0.0
pollen,0.68,100,0.68,0.0,0.68,0.0
pollen,0.68,100,0.68,0.0,0.68,0.0
pollen,0.74,100,0.74,0.0,0.74,0.0
pollen,0.74,100,0.74,1.0,0.26,0.0
pollen,0.74,100,0.74,0.0,0.74,0.0
pollen,0.74,100,0.74,1.0,0.26,0.0
pollen,0.74,100,0.74,1.0,0.26,0.0
pollen,0.74,100,0.74,1.0,0.26,0.0
pollen,0.74,100,0.74,1.0,0.26,0.0
pollen,0.74,100,0.74,1.0,0.26,0.0
pollen,0.74,100,0.74,1.0,0.26,0.0
pollen,0.74,100,0.74,1.0,0.26,0.0
pollen,0.79,100,0.79,1.0,0.21,0.0
pollen,0.79,100,0.79,1.0,0.21,0.0
pollen,0.79,100,0.79,1.0,0.21,0.0
pollen,0.79,100,0.79,0.0,0.79,0.0
pollen,0.79,100,0.79,1.0,0.21,0.0
pollen,0.79,100,0.79,0.0,0.79,0.0
pollen,0.79,100,0.79,1.0,0.21,0.0
pollen,0.79,100,0.79,0.0,0.79,0.0
pollen,0.79,100,0.79,0.0,0.79,0.0
pollen,0.79,100,0.79,1.0,0.21,0.0
pollen,0.84,100,0.84,1.0,0.16,0.0
pollen,0.84,100,0.84,0.0,0.84,0.0
pollen,0.84,100,0.84,1.0,0.16,0.0
pollen,0.84,100,0.84,1.0,0.16,0.0
pollen,0.84,100,0.84,1.0,0.16,0.0
pollen,0.84,100,0.84,1.0,0.16,0.0
pollen,0.84,100,0.84,1.0,0.16,0.0
pollen,0.84,100,0.84,0.0,0.84,0.0
pollen,0.84,100,0.84,1.0,0.16,0.0
pollen,0.84,100,0.84,0.0,0.84,0.0
pollen,0.89,100,0.89,1.0,0.11,0.0
pollen,0.89,100,0.89,0.0,0.89,0.0
pollen,0.89,100,0.89,1.0,0.11,0.0
pollen,0.89,100,0.89,0.0,0.89,0.0
pollen,0.89,100,0.89,1.0,0.11,0.0
pollen,0.89,100,0.89,0.0,0.89,0.0
pollen,0.89,100,0.89,1.0,0.11,0.0
pollen,0.89,100,0.89,1.0,0.11,0.0
pollen,0.89,100,0.89,0.0,0.89,0.0
pollen,0.89,100,0.89,1.0,0.11,0.0
pollen,0.95,100,0.95,0.0,0.95,0.0
pollen,0.95,100,0.95,1.0,0.05,0.0
pollen,0.95,100,0.95,1.0,0.05,0.0
pollen,0.95,100,0.95,1.0,0.05,0.0
pollen,0.95,100,0.95,1.0,0.05,0.0
pollen,0.95,100,0.95,1.0,0.05,0.0
pollen,0.95,100,0.95,0.0,0.95,0.0
pollen,0.95,100,0.95,0.0,0.95,0.0
pollen,0.95,100,0.95,1.0,0.05,0.0
pollen,0.95,100,0.95,1.0,0.05,0.0
pollen,1.0,100,1.0,0.0,1.0,0.0
pollen,1.0,100,1.0,0.0,1.0,0.0
pollen,1.0,100,1.0,1.0,0.0,0.0
pollen,1.0,100,1.0,1.0,0.0,0.0
pollen,1.0,100,1.0,0.0,1.0,0.0
pollen,1.0,100,1.0,1.0,0.0,0.0
pollen,1.0,100,1.0,0.0,1.0,0.0
pollen,1.0,100,1.0,1.0,0.0,0.0
pollen,1.0,100,1.0,1.0,0.0,0.0
pollen,1.0,100,1.0,0.0,1.0,0.0
puma32H,0.0,100,0.0,0.0,0.0,0.0
puma32H,0.0,100,0.0,0.0,0.0,0.0
puma32H,0.0,100,0.0,0.14,0.14,0.0
puma32H,0.0,100,0.0,0.02,0.02,0.0
puma32H,0.0,100,0.0,0.0,0.0,0.0
puma32H,0.0,100,0.0,0.0,0.0,0.0
puma32H,0.0,100,0.0,0.03,0.03,0.0
puma32H,0.0,100,0.0,0.14,0.14,0.0
puma32H,0.0,100,0.0,0.02,0.02,0.0
puma32H,0.0,100,0.0,0.28,0.28,0.0
puma32H,0.05,100,0.05,0.0,0.05,0.0
puma32H,0.05,100,0.05,0.0,0.05,0.0
puma32H,0.05,100,0.05,0.44,0.39,0.0
puma32H,0.05,100,0.05,0.01,0.04,0.0
puma32H,0.05,100,0.05,0.08,0.03,0.0
puma32H,0.05,100,0.05,0.06,0.01,0.0
puma32H,0.05,100,0.05,0.37,0.32,0.0
puma32H,0.05,100,0.05,0.0,0.05,0.0
puma32H,0.05,100,0.05,0.11,0.06,0.0
puma32H,0.05,100,0.05,0.04,0.01,0.0
puma32H,0.11,100,0.11,0.19,0.08,0.0
puma32H,0.11,100,0.11,0.14,0.03,0.0
puma32H,0.11,100,0.11,0.07,0.04,0.0
puma32H,0.11,100,0.11,0.02,0.09,0.0
puma32H,0.11,100,0.11,0.13,0.02,0.0
puma32H,0.11,100,0.11,0.07,0.04,0.0
puma32H,0.11,100,0.11,0.29,0.18,0.0
puma32H,0.11,100,0.11,0.27,0.16,0.0
puma32H,0.11,100,0.11,0.1,0.01,0.0
puma32H,0.11,100,0.11,0.17,0.06,0.0
puma32H,0.16,100,0.16,0.02,0.14,0.0
puma32H,0.16,100,0.16,0.13,0.03,0.0
puma32H,0.16,100,0.16,0.24,0.08,0.0
puma32H,0.16,100,0.16,0.24,0.08,0.0
puma32H,0.16,100,0.16,0.13,0.03,0.0
puma32H,0.16,100,0.16,0.0,0.16,0.0
puma32H,0.16,100,0.16,0.31,0.15,0.0
puma32H,0.16,100,0.16,0.31,0.15,0.0
puma32H,0.16,100,0.16,0.05,0.11,0.0
puma32H,0.16,100,0.16,0.34,0.18,0.0
puma32H,0.21,100,0.21,0.05,0.16,0.0
puma32H,0.21,100,0.21,0.31,0.1,0.0
puma32H,0.21,100,0.21,0.07,0.14,0.0
puma32H,0.21,100,0.21,0.17,0.04,0.0
puma32H,0.21,100,0.21,0.0,0.21,0.0
puma32H,0.21,100,0.21,0.38,0.17,0.0
puma32H,0.21,100,0.21,0.0,0.21,0.0
puma32H,0.21,100,0.21,0.31,0.1,0.0
puma32H,0.21,100,0.21,0.0,0.21,0.0
puma32H,0.21,100,0.21,0.01,0.2,0.0
puma32H,0.26,100,0.26,0.15,0.11,0.0
puma32H,0.26,100,0.26,0.66,0.4,0.0
puma32H,0.26,100,0.26,0.29,0.03,0.0
puma32H,0.26,100,0.26,0.0,0.26,0.0
puma32H,0.26,100,0.26,0.21,0.05,0.0
puma32H,0.26,100,0.26,0.01,0.25,0.0
puma32H,0.26,100,0.26,0.66,0.4,0.0
puma32H,0.26,100,0.26,0.46,0.2,0.0
puma32H,0.26,100,0.26,0.08,0.18,0.0
puma32H,0.26,100,0.26,0.1,0.16,0.0
puma32H,0.32,100,0.32,0.63,0.31,0.0
puma32H,0.32,100,0.32,0.36,0.04,0.0
puma32H,0.32,100,0.32,0.15,0.17,0.0
puma32H,0.32,100,0.32,0.32,0.0,0.0
puma32H,0.32,100,0.32,0.3,0.02,0.0
puma32H,0.32,100,0.32,0.33,0.01,0.0
puma32H,0.32,100,0.32,0.29,0.03,0.0
puma32H,0.32,100,0.32,0.45,0.13,0.0
puma32H,0.32,100,0.32,0.33,0.01,0.0
puma32H,0.32,100,0.32,0.01,0.31,0.0
puma32H,0.37,100,0.37,0.43,0.06,0.0
puma32H,0.37,100,0.37,0.57,0.2,0.0
puma32H,0.37,100,0.37,0.44,0.07,0.0
puma32H,0.37,100,0.37,0.34,0.03,0.0
puma32H,0.37,100,0.37,0.43,0.06,0.0
puma32H,0.37,100,0.37,0.27,0.1,0.0
puma32H,0.37,100,0.37,0.33,0.04,0.0
puma32H,0.37,100,0.37,0.27,0.1,0.0
puma32H,0.37,100,0.37,0.52,0.15,0.0
puma32H,0.37,100,0.37,0.5,0.13,0.0
puma32H,0.42,100,0.42,0.48,0.06,0.0
puma32H,0.42,100,0.42,0.41,0.01,0.0
puma32H,0.42,100,0.42,0.57,0.15,0.0
puma32H,0.42,100,0.42,0.68,0.26,0.0
puma32H,0.42,100,0.42,0.53,0.11,0.0
puma32H,0.42,100,0.42,0.34,0.08,0.0
puma32H,0.42,100,0.42,0.29,0.13,0.0
puma32H,0.42,100,0.42,0.4,0.02,0.0
puma32H,0.42,100,0.42,0.53,0.11,0.0
puma32H,0.42,100,0.42,0.34,0.08,0.0
puma32H,0.47,100,0.47,0.39,0.08,0.0
puma32H,0.47,100,0.47,0.7,0.23,0.0
puma32H,0.47,100,0.47,0.12,0.35,0.0
puma32H,0.47,100,0.47,0.76,0.29,0.0
puma32H,0.47,100,0.47,0.61,0.14,0.0
puma32H,0.47,100,0.47,0.47,0.0,0.0
puma32H,0.47,100,0.47,0.59,0.12,0.0
puma32H,0.47,100,0.47,0.41,0.06,0.0
puma32H,0.47,100,0.47,1.0,0.53,0.0
puma32H,0.47,100,0.47,0.4,0.07,0.0
puma32H,0.53,100,0.53,0.73,0.2,0.0
puma32H,0.53,100,0.53,0.65,0.12,0.0
puma32H,0.53,100,0.53,0.7,0.17,0.0
puma32H,0.53,100,0.53,0.7,0.17,0.0
puma32H,0.53,100,0.53,0.64,0.11,0.0008950233459472656
puma32H,0.53,100,0.53,0.54,0.01,0.0
puma32H,0.53,100,0.53,0.58,0.05,0.0
puma32H,0.53,100,0.53,0.35,0.18,0.0
puma32H,0.53,100,0.53,0.48,0.05,0.0
puma32H,0.53,100,0.53,0.79,0.26,0.0
puma32H,0.58,100,0.58,0.66,0.08,0.0
puma32H,0.58,100,0.58,0.52,0.06,0.0
puma32H,0.58,100,0.58,0.84,0.26,0.0
puma32H,0.58,100,0.58,0.61,0.03,0.0
puma32H,0.58,100,0.58,0.29,0.29,0.0
puma32H,0.58,100,0.58,0.65,0.07,0.0
puma32H,0.58,100,0.58,0.56,0.02,0.0
puma32H,0.58,100,0.58,0.42,0.16,0.0
puma32H,0.58,100,0.58,0.48,0.1,0.0
puma32H,0.58,100,0.58,0.79,0.21,0.004082202911376953
puma32H,0.63,100,0.63,0.8,0.17,0.0
puma32H,0.63,100,0.63,0.52,0.11,0.0
puma32H,0.63,100,0.63,0.62,0.01,0.0
puma32H,0.63,100,0.63,0.51,0.12,0.0
puma32H,0.63,100,0.63,0.56,0.07,0.0
puma32H,0.63,100,0.63,0.74,0.11,0.0
puma32H,0.63,100,0.63,0.82,0.19,0.0
puma32H,0.63,100,0.63,0.64,0.01,0.0
puma32H,0.63,100,0.63,0.81,0.18,0.0
puma32H,0.63,100,0.63,0.61,0.02,0.0
puma32H,0.68,100,0.68,0.91,0.23,0.0
puma32H,0.68,100,0.68,0.51,0.17,0.0
puma32H,0.68,100,0.68,1.0,0.32,0.0
puma32H,0.68,100,0.68,0.51,0.17,0.0
puma32H,0.68,100,0.68,0.54,0.14,0.0
puma32H,0.68,100,0.68,0.9,0.22,0.0
puma32H,0.68,100,0.68,0.7,0.02,0.0
puma32H,0.68,100,0.68,0.73,0.05,0.0
puma32H,0.68,100,0.68,0.46,0.22,0.0
puma32H,0.68,100,0.68,0.8,0.12,0.0
puma32H,0.74,100,0.74,1.0,0.26,0.0
puma32H,0.74,100,0.74,0.61,0.13,0.0
puma32H,0.74,100,0.74,0.72,0.02,0.0
puma32H,0.74,100,0.74,0.82,0.08,0.0
puma32H,0.74,100,0.74,0.34,0.4,0.0
puma32H,0.74,100,0.74,0.88,0.14,0.0
puma32H,0.74,100,0.74,0.61,0.13,0.0
puma32H,0.74,100,0.74,0.95,0.21,0.0
puma32H,0.74,100,0.74,0.71,0.03,0.0
puma32H,0.74,100,0.74,0.74,0.0,0.0
puma32H,0.79,100,0.79,0.78,0.01,0.0
puma32H,0.79,100,0.79,0.43,0.36,0.0
puma32H,0.79,100,0.79,0.95,0.16,0.0
puma32H,0.79,100,0.79,0.65,0.14,0.0
puma32H,0.79,100,0.79,0.63,0.16,0.0
puma32H,0.79,100,0.79,1.0,0.21,0.0
puma32H,0.79,100,0.79,0.76,0.03,0.0
puma32H,0.79,100,0.79,0.51,0.28,0.0
puma32H,0.79,100,0.79,0.55,0.24,0.0
puma32H,0.79,100,0.79,0.84,0.05,0.003020048141479492
puma32H,0.84,100,0.84,0.71,0.13,0.0
puma32H,0.84,100,0.84,0.58,0.26,0.0
puma32H,0.84,100,0.84,0.81,0.03,0.0
puma32H,0.84,100,0.84,0.95,0.11,0.0
puma32H,0.84,100,0.84,0.84,0.0,0.0
puma32H,0.84,100,0.84,0.73,0.11,0.0
puma32H,0.84,100,0.84,1.0,0.16,0.0
puma32H,0.84,100,0.84,0.59,0.25,0.0
puma32H,0.84,100,0.84,1.0,0.16,0.0
puma32H,0.84,100,0.84,0.78,0.06,0.0
puma32H,0.89,100,0.89,0.95,0.06,0.0
puma32H,0.89,100,0.89,0.81,0.08,0.0
puma32H,0.89,100,0.89,1.0,0.11,0.0
puma32H,0.89,100,0.89,1.0,0.11,0.0
puma32H,0.89,100,0.89,0.79,0.1,0.0
puma32H,0.89,100,0.89,1.0,0.11,0.0
puma32H,0.89,100,0.89,0.79,0.1,0.0
puma32H,0.89,100,0.89,0.75,0.14,0.0
puma32H,0.89,100,0.89,1.0,0.11,0.0
puma32H,0.89,100,0.89,0.63,0.26,0.0
puma32H,0.95,100,0.95,0.94,0.01,0.0
puma32H,0.95,100,0.95,1.0,0.05,0.0
puma32H,0.95,100,0.95,1.0,0.05,0.0
puma32H,0.95,100,0.95,1.0,0.05,0.0
puma32H,0.95,100,0.95,0.87,0.08,0.0
puma32H,0.95,100,0.95,1.0,0.05,0.0
puma32H,0.95,100,0.95,1.0,0.05,0.0
puma32H,0.95,100,0.95,0.63,0.32,0.0
puma32H,0.95,100,0.95,0.88,0.07,0.0
puma32H,0.95,100,0.95,1.0,0.05,0.0
puma32H,1.0,100,1.0,0.71,0.29,0.0
puma32H,1.0,100,1.0,0.54,0.46,0.0
puma32H,1.0,100,1.0,0.88,0.12,0.0
puma32H,1.0,100,1.0,1.0,0.0,0.0
puma32H,1.0,100,1.0,1.0,0.0,0.0
puma32H,1.0,100,1.0,1.0,0.0,0.0
puma32H,1.0,100,1.0,0.76,0.24,0.0
puma32H,1.0,100,1.0,1.0,0.0,0.0
puma32H,1.0,100,1.0,1.0,0.0,0.0
puma32H,1.0,100,1.0,0.87,0.13,0.0
puma8NH,0.0,100,0.0,0.0,0.0,0.0
puma8NH,0.0,100,0.0,0.06,0.06,0.0
puma8NH,0.0,100,0.0,0.05,0.05,0.0
puma8NH,0.0,100,0.0,0.03,0.03,0.0
puma8NH,0.0,100,0.0,0.0,0.0,0.0
puma8NH,0.0,100,0.0,0.0,0.0,0.0
puma8NH,0.0,100,0.0,0.0,0.0,0.0
puma8NH,0.0,100,0.0,0.04,0.04,0.0
puma8NH,0.0,100,0.0,0.07,0.07,0.0
puma8NH,0.0,100,0.0,0.0,0.0,0.0
puma8NH,0.05,100,0.05,0.16,0.11,0.0
puma8NH,0.05,100,0.05,0.1,0.05,0.0
puma8NH,0.05,100,0.05,0.1,0.05,0.0
puma8NH,0.05,100,0.05,0.0,0.05,0.0
puma8NH,0.05,100,0.05,0.16,0.11,0.0
puma8NH,0.05,100,0.05,0.07,0.02,0.0
puma8NH,0.05,100,0.05,0.17,0.12,0.0
puma8NH,0.05,100,0.05,0.07,0.02,0.0
puma8NH,0.05,100,0.05,0.0,0.05,0.0
puma8NH,0.05,100,0.05,0.05,0.0,0.0
puma8NH,0.11,100,0.11,0.06,0.05,0.0
puma8NH,0.11,100,0.11,0.08,0.03,0.0
puma8NH,0.11,100,0.11,0.2,0.09,0.0
puma8NH,0.11,100,0.11,0.09,0.02,0.0
puma8NH,0.11,100,0.11,0.1,0.01,0.0
puma8NH,0.11,100,0.11,0.25,0.14,0.0
puma8NH,0.11,100,0.11,0.14,0.03,0.0
puma8NH,0.11,100,0.11,0.12,0.01,0.0
puma8NH,0.11,100,0.11,0.13,0.02,0.0
puma8NH,0.11,100,0.11,0.19,0.08,0.0
puma8NH,0.16,100,0.16,0.13,0.03,0.0
puma8NH,0.16,100,0.16,0.16,0.0,0.0
puma8NH,0.16,100,0.16,0.11,0.05,0.0
puma8NH,0.16,100,0.16,0.15,0.01,0.0
puma8NH,0.16,100,0.16,0.06,0.1,0.0
puma8NH,0.16,100,0.16,0.19,0.03,0.0
puma8NH,0.16,100,0.16,0.27,0.11,0.0
puma8NH,0.16,100,0.16,0.1,0.06,0.0
puma8NH,0.16,100,0.16,0.16,0.0,0.0
puma8NH,0.16,100,0.16,0.08,0.08,0.0
puma8NH,0.21,100,0.21,0.25,0.04,0.0
puma8NH,0.21,100,0.21,0.18,0.03,0.0
puma8NH,0.21,100,0.21,0.18,0.03,0.0
puma8NH,0.21,100,0.21,0.08,0.13,0.0
puma8NH,0.21,100,0.21,0.21,0.0,0.0
puma8NH,0.21,100,0.21,0.14,0.07,0.0
puma8NH,0.21,100,0.21,0.14,0.07,0.0
puma8NH,0.21,100,0.21,0.27,0.06,0.0
puma8NH,0.21,100,0.21,0.21,0.0,0.0
puma8NH,0.21,100,0.21,0.23,0.02,0.0
puma8NH,0.26,100,0.26,0.22,0.04,0.0
puma8NH,0.26,100,0.26,0.23,0.03,0.0
puma8NH,0.26,100,0.26,0.42,0.16,0.0
puma8NH,0.26,100,0.26,0.3,0.04,0.0
puma8NH,0.26,100,0.26,0.29,0.03,0.0
puma8NH,0.26,100,0.26,0.29,0.03,0.0
puma8NH,0.26,100,0.26,0.17,0.09,0.0
puma8NH,0.26,100,0.26,0.28,0.02,0.0
puma8NH,0.26,100,0.26,0.27,0.01,0.0
puma8NH,0.26,100,0.26,0.25,0.01,0.0
puma8NH,0.32,100,0.32,0.43,0.11,0.0
puma8NH,0.32,100,0.32,0.33,0.01,0.0
puma8NH,0.32,100,0.32,0.47,0.15,0.0
puma8NH,0.32,100,0.32,0.29,0.03,0.0
puma8NH,0.32,100,0.32,0.38,0.06,0.0
puma8NH,0.32,100,0.32,0.36,0.04,0.0
puma8NH,0.32,100,0.32,0.3,0.02,0.0
puma8NH,0.32,100,0.32,0.35,0.03,0.0
puma8NH,0.32,100,0.32,0.32,0.0,0.0
puma8NH,0.32,100,0.32,0.32,0.0,0.0
puma8NH,0.37,100,0.37,0.38,0.01,0.0
puma8NH,0.37,100,0.37,0.39,0.02,0.0
puma8NH,0.37,100,0.37,0.35,0.02,0.0
puma8NH,0.37,100,0.37,0.37,0.0,0.0
puma8NH,0.37,100,0.37,0.35,0.02,0.0
puma8NH,0.37,100,0.37,0.32,0.05,0.0
puma8NH,0.37,100,0.37,0.35,0.02,0.0
puma8NH,0.37,100,0.37,0.46,0.09,0.0
puma8NH,0.37,100,0.37,0.38,0.01,0.0
puma8NH,0.37,100,0.37,0.43,0.06,0.0
puma8NH,0.42,100,0.42,0.46,0.04,0.0
puma8NH,0.42,100,0.42,0.42,0.0,0.0
puma8NH,0.42,100,0.42,0.37,0.05,0.0
puma8NH,0.42,100,0.42,0.33,0.09,0.0
puma8NH,0.42,100,0.42,0.41,0.01,0.0
puma8NH,0.42,100,0.42,0.48,0.06,0.0
puma8NH,0.42,100,0.42,0.35,0.07,0.0
puma8NH,0.42,100,0.42,0.51,0.09,0.0
puma8NH,0.42,100,0.42,0.41,0.01,0.0
puma8NH,0.42,100,0.42,0.45,0.03,0.0
puma8NH,0.47,100,0.47,0.4,0.07,0.0
puma8NH,0.47,100,0.47,0.51,0.04,0.0
puma8NH,0.47,100,0.47,0.46,0.01,0.0
puma8NH,0.47,100,0.47,0.54,0.07,0.0
puma8NH,0.47,100,0.47,0.55,0.08,0.0
puma8NH,0.47,100,0.47,0.54,0.07,0.0
puma8NH,0.47,100,0.47,0.51,0.04,0.0
puma8NH,0.47,100,0.47,0.55,0.08,0.0
puma8NH,0.47,100,0.47,0.53,0.06,0.0
puma8NH,0.47,100,0.47,0.48,0.01,0.0
puma8NH,0.53,100,0.53,0.53,0.0,0.0
puma8NH,0.53,100,0.53,0.56,0.03,0.0
puma8NH,0.53,100,0.53,0.57,0.04,0.0
puma8NH,0.53,100,0.53,0.56,0.03,0.0
puma8NH,0.53,100,0.53,0.44,0.09,0.0
puma8NH,0.53,100,0.53,0.51,0.02,0.0
puma8NH,0.53,100,0.53,0.47,0.06,0.0
puma8NH,0.53,100,0.53,0.52,0.01,0.0
puma8NH,0.53,100,0.53,0.48,0.05,0.0
puma8NH,0.53,100,0.53,0.44,0.09,0.0
puma8NH,0.58,100,0.58,0.6,0.02,0.0
puma8NH,0.58,100,0.58,0.67,0.09,0.0
puma8NH,0.58,100,0.58,0.48,0.1,0.0
puma8NH,0.58,100,0.58,0.62,0.04,0.0
puma8NH,0.58,100,0.58,0.52,0.06,0.0
puma8NH,0.58,100,0.58,0.59,0.01,0.0
puma8NH,0.58,100,0.58,0.49,0.09,0.0
puma8NH,0.58,100,0.58,0.53,0.05,0.0
puma8NH,0.58,100,0.58,0.5,0.08,0.0
puma8NH,0.58,100,0.58,0.4,0.18,0.0
puma8NH,0.63,100,0.63,0.6,0.03,0.0
puma8NH,0.63,100,0.63,0.6,0.03,0.0
puma8NH,0.63,100,0.63,0.7,0.07,0.0
puma8NH,0.63,100,0.63,0.69,0.06,0.0
puma8NH,0.63,100,0.63,0.61,0.02,0.0
puma8NH,0.63,100,0.63,0.56,0.07,0.0
puma8NH,0.63,100,0.63,0.57,0.06,0.0
puma8NH,0.63,100,0.63,0.62,0.01,0.0
puma8NH,0.63,100,0.63,0.67,0.04,0.0
puma8NH,0.63,100,0.63,0.57,0.06,0.0
puma8NH,0.68,100,0.68,0.73,0.05,0.0
puma8NH,0.68,100,0.68,0.69,0.01,0.0
puma8NH,0.68,100,0.68,0.69,0.01,0.0
puma8NH,0.68,100,0.68,0.55,0.13,0.0
puma8NH,0.68,100,0.68,0.55,0.13,0.0
puma8NH,0.68,100,0.68,0.55,0.13,0.0
puma8NH,0.68,100,0.68,0.64,0.04,0.0
puma8NH,0.68,100,0.68,0.57,0.11,0.0
puma8NH,0.68,100,0.68,0.7,0.02,0.0
puma8NH,0.68,100,0.68,0.64,0.04,0.0
puma8NH,0.74,100,0.74,0.78,0.04,0.0
puma8NH,0.74,100,0.74,0.73,0.01,0.0
puma8NH,0.74,100,0.74,0.73,0.01,0.0
puma8NH,0.74,100,0.74,0.71,0.03,0.0
puma8NH,0.74,100,0.74,0.7,0.04,0.0
puma8NH,0.74,100,0.74,0.75,0.01,0.0
puma8NH,0.74,100,0.74,0.71,0.03,0.0
puma8NH,0.74,100,0.74,0.79,0.05,0.0
puma8NH,0.74,100,0.74,0.71,0.03,0.0
puma8NH,0.74,100,0.74,0.67,0.07,0.0
puma8NH,0.79,100,0.79,0.79,0.0,0.0
puma8NH,0.79,100,0.79,0.78,0.01,0.0
puma8NH,0.79,100,0.79,0.84,0.05,0.0
puma8NH,0.79,100,0.79,0.79,0.0,0.0
puma8NH,0.79,100,0.79,0.7,0.09,0.0
puma8NH,0.79,100,0.79,0.81,0.02,0.0
puma8NH,0.79,100,0.79,0.84,0.05,0.0
puma8NH,0.79,100,0.79,0.78,0.01,0.0
puma8NH,0.79,100,0.79,0.71,0.08,0.0
puma8NH,0.79,100,0.79,0.82,0.03,0.0
puma8NH,0.84,100,0.84,0.7,0.14,0.0
puma8NH,0.84,100,0.84,0.94,0.1,0.0
puma8NH,0.84,100,0.84,0.87,0.03,0.0
puma8NH,0.84,100,0.84,0.8,0.04,0.0
puma8NH,0.84,100,0.84,0.93,0.09,0.0
puma8NH,0.84,100,0.84,0.9,0.06,0.0
puma8NH,0.84,100,0.84,0.76,0.08,0.0
puma8NH,0.84,100,0.84,0.8,0.04,0.0
puma8NH,0.84,100,0.84,0.91,0.07,0.0
puma8NH,0.84,100,0.84,0.82,0.02,0.0
puma8NH,0.89,100,0.89,0.88,0.01,0.0
puma8NH,0.89,100,0.89,0.76,0.13,0.0
puma8NH,0.89,100,0.89,0.83,0.06,0.0
puma8NH,0.89,100,0.89,0.83,0.06,0.0
puma8NH,0.89,100,0.89,0.89,0.0,0.0
puma8NH,0.89,100,0.89,0.89,0.0,0.0
puma8NH,0.89,100,0.89,0.72,0.17,0.0
puma8NH,0.89,100,0.89,0.86,0.03,0.0
puma8NH,0.89,100,0.89,0.75,0.14,0.0
puma8NH,0.89,100,0.89,0.85,0.04,0.0
puma8NH,0.95,100,0.95,0.9,0.05,0.0
puma8NH,0.95,100,0.95,1.0,0.05,0.0
puma8NH,0.95,100,0.95,0.88,0.07,0.0
puma8NH,0.95,100,0.95,0.89,0.06,0.0
puma8NH,0.95,100,0.95,0.88,0.07,0.0
puma8NH,0.95,100,0.95,0.83,0.12,0.0
puma8NH,0.95,100,0.95,0.89,0.06,0.0
puma8NH,0.95,100,0.95,0.96,0.01,0.0
puma8NH,0.95,100,0.95,0.96,0.01,0.0
puma8NH,0.95,100,0.95,0.98,0.03,0.0
puma8NH,1.0,100,1.0,0.99,0.01,0.0
puma8NH,1.0,100,1.0,1.0,0.0,0.0
puma8NH,1.0,100,1.0,0.99,0.01,0.0
puma8NH,1.0,100,1.0,1.0,0.0,0.0
puma8NH,1.0,100,1.0,0.98,0.02,0.0
puma8NH,1.0,100,1.0,0.89,0.11,0.0
puma8NH,1.0,100,1.0,1.0,0.0,0.0
puma8NH,1.0,100,1.0,0.89,0.11,0.0
puma8NH,1.0,100,1.0,0.89,0.11,0.0
puma8NH,1.0,100,1.0,1.0,0.0,0.0
quake,0.0,100,0.0,1.0,1.0,0.0
quake,0.0,100,0.0,1.0,1.0,0.0
quake,0.0,100,0.0,1.0,1.0,0.0
quake,0.0,100,0.0,0.95,0.95,0.0
quake,0.0,100,0.0,0.96,0.96,0.0
quake,0.0,100,0.0,0.27,0.27,0.0
quake,0.0,100,0.0,0.01,0.01,0.0
quake,0.0,100,0.0,0.0,0.0,0.0
quake,0.0,100,0.0,1.0,1.0,0.0
quake,0.0,100,0.0,1.0,1.0,0.0
quake,0.05,100,0.05,0.0,0.05,0.0
quake,0.05,100,0.05,0.27,0.22,0.0
quake,0.05,100,0.05,1.0,0.95,0.0
quake,0.05,100,0.05,0.0,0.05,0.0
quake,0.05,100,0.05,1.0,0.95,0.0
quake,0.05,100,0.05,0.39,0.34,0.0
quake,0.05,100,0.05,0.93,0.88,0.0
quake,0.05,100,0.05,0.85,0.8,0.0
quake,0.05,100,0.05,0.0,0.05,0.0
quake,0.05,100,0.05,0.0,0.05,0.0
quake,0.11,100,0.11,0.79,0.68,0.0
quake,0.11,100,0.11,0.17,0.06,0.0
quake,0.11,100,0.11,0.2,0.09,0.0
quake,0.11,100,0.11,1.0,0.89,0.0
quake,0.11,100,0.11,0.98,0.87,0.0
quake,0.11,100,0.11,0.48,0.37,0.0
quake,0.11,100,0.11,1.0,0.89,0.0
quake,0.11,100,0.11,0.94,0.83,0.0
quake,0.11,100,0.11,0.0,0.11,0.0
quake,0.11,100,0.11,0.65,0.54,0.0
quake,0.16,100,0.16,0.27,0.11,0.0
quake,0.16,100,0.16,0.0,0.16,0.0
quake,0.16,100,0.16,0.41,0.25,0.0
quake,0.16,100,0.16,0.0,0.16,0.0
quake,0.16,100,0.16,1.0,0.84,0.0
quake,0.16,100,0.16,0.0,0.16,0.0
quake,0.16,100,0.16,0.76,0.6,0.0
quake,0.16,100,0.16,1.0,0.84,0.0
quake,0.16,100,0.16,0.54,0.38,0.0
quake,0.16,100,0.16,0.57,0.41,0.0
quake,0.21,100,0.21,1.0,0.79,0.0
quake,0.21,100,0.21,0.0,0.21,0.0
quake,0.21,100,0.21,1.0,0.79,0.0
quake,0.21,100,0.21,0.01,0.2,0.0
quake,0.21,100,0.21,0.69,0.48,0.0
quake,0.21,100,0.21,0.0,0.21,0.0
quake,0.21,100,0.21,1.0,0.79,0.0
quake,0.21,100,0.21,0.0,0.21,0.0
quake,0.21,100,0.21,0.72,0.51,0.0
quake,0.21,100,0.21,1.0,0.79,0.0
quake,0.26,100,0.26,1.0,0.74,0.0
quake,0.26,100,0.26,0.0,0.26,0.0
quake,0.26,100,0.26,1.0,0.74,0.0
quake,0.26,100,0.26,0.5,0.24,0.0
quake,0.26,100,0.26,0.38,0.12,0.0
quake,0.26,100,0.26,0.46,0.2,0.0
quake,0.26,100,0.26,1.0,0.74,0.0
quake,0.26,100,0.26,0.0,0.26,0.0
quake,0.26,100,0.26,0.38,0.12,0.0
quake,0.26,100,0.26,0.0,0.26,0.0
quake,0.32,100,0.32,0.25,0.07,0.0
quake,0.32,100,0.32,0.11,0.21,0.0
quake,0.32,100,0.32,1.0,0.68,0.0
quake,0.32,100,0.32,1.0,0.68,0.0
quake,0.32,100,0.32,0.0,0.32,0.0
quake,0.32,100,0.32,0.91,0.59,0.0
quake,0.32,100,0.32,0.0,0.32,0.0
quake,0.32,100,0.32,0.87,0.55,0.0
quake,0.32,100,0.32,0.28,0.04,0.0
quake,0.32,100,0.32,0.0,0.32,0.0
quake,0.37,100,0.37,0.0,0.37,0.0
quake,0.37,100,0.37,0.78,0.41,0.0
quake,0.37,100,0.37,0.25,0.12,0.0
quake,0.37,100,0.37,1.0,0.63,0.0
quake,0.37,100,0.37,0.0,0.37,0.0
quake,0.37,100,0.37,0.3,0.07,0.0
quake,0.37,100,0.37,0.42,0.05,0.0
quake,0.37,100,0.37,0.28,0.09,0.0
quake,0.37,100,0.37,0.28,0.09,0.0
quake,0.37,100,0.37,1.0,0.63,0.0
quake,0.42,100,0.42,0.78,0.36,0.0
quake,0.42,100,0.42,0.55,0.13,0.0
quake,0.42,100,0.42,1.0,0.58,0.0
quake,0.42,100,0.42,0.26,0.16,0.0
quake,0.42,100,0.42,0.12,0.3,0.0
quake,0.42,100,0.42,0.06,0.36,0.0
quake,0.42,100,0.42,0.74,0.32,0.0
quake,0.42,100,0.42,0.67,0.25,0.0
quake,0.42,100,0.42,0.24,0.18,0.0
quake,0.42,100,0.42,0.0,0.42,0.0
quake,0.47,100,0.47,0.86,0.39,0.0
quake,0.47,100,0.47,0.19,0.28,0.0
quake,0.47,100,0.47,0.07,0.4,0.0
quake,0.47,100,0.47,0.48,0.01,0.0
quake,0.47,100,0.47,0.66,0.19,0.0
quake,0.47,100,0.47,0.0,0.47,0.0
quake,0.47,100,0.47,0.19,0.28,0.0
quake,0.47,100,0.47,0.0,0.47,0.0
quake,0.47,100,0.47,1.0,0.53,0.0
quake,0.47,100,0.47,0.7,0.23,0.0
quake,0.53,100,0.53,0.17,0.36,0.0
quake,0.53,100,0.53,0.25,0.28,0.0
quake,0.53,100,0.53,0.07,0.46,0.0
quake,0.53,100,0.53,1.0,0.47,0.0
quake,0.53,100,0.53,0.0,0.53,0.0
quake,0.53,100,0.53,1.0,0.47,0.0
quake,0.53,100,0.53,0.01,0.52,0.0
quake,0.53,100,0.53,1.0,0.47,0.0
quake,0.53,100,0.53,0.88,0.35,0.0
quake,0.53,100,0.53,0.49,0.04,0.0
quake,0.58,100,0.58,0.36,0.22,0.0
quake,0.58,100,0.58,0.0,0.58,0.0
quake,0.58,100,0.58,0.81,0.23,0.0
quake,0.58,100,0.58,1.0,0.42,0.0
quake,0.58,100,0.58,0.81,0.23,0.0
quake,0.58,100,0.58,0.45,0.13,0.0
quake,0.58,100,0.58,0.47,0.11,0.0
quake,0.58,100,0.58,0.34,0.24,0.0
quake,0.58,100,0.58,0.32,0.26,0.0
quake,0.58,100,0.58,0.0,0.58,0.0
quake,0.63,100,0.63,0.0,0.63,0.0
quake,0.63,100,0.63,0.76,0.13,0.0
quake,0.63,100,0.63,1.0,0.37,0.0
quake,0.63,100,0.63,0.0,0.63,0.0
quake,0.63,100,0.63,0.34,0.29,0.0
quake,0.63,100,0.63,0.0,0.63,0.0
quake,0.63,100,0.63,0.45,0.18,0.0
quake,0.63,100,0.63,0.52,0.11,0.0
quake,0.63,100,0.63,0.78,0.15,0.0
quake,0.63,100,0.63,0.28,0.35,0.0
quake,0.68,100,0.68,1.0,0.32,0.0
quake,0.68,100,0.68,0.61,0.07,0.0
quake,0.68,100,0.68,0.55,0.13,0.0
quake,0.68,100,0.68,0.56,0.12,0.0
quake,0.68,100,0.68,1.0,0.32,0.0
quake,0.68,100,0.68,1.0,0.32,0.0
quake,0.68,100,0.68,0.54,0.14,0.0
quake,0.68,100,0.68,0.69,0.01,0.0
quake,0.68,100,0.68,0.95,0.27,0.0
quake,0.68,100,0.68,0.05,0.63,0.0
quake,0.74,100,0.74,0.72,0.02,0.0
quake,0.74,100,0.74,0.68,0.06,0.0
quake,0.74,100,0.74,0.28,0.46,0.0
quake,0.74,100,0.74,0.43,0.31,0.0
quake,0.74,100,0.74,0.0,0.74,0.0
quake,0.74,100,0.74,0.13,0.61,0.0
quake,0.74,100,0.74,0.53,0.21,0.0
quake,0.74,100,0.74,0.78,0.04,0.0
quake,0.74,100,0.74,1.0,0.26,0.0
quake,0.74,100,0.74,0.0,0.74,0.0
quake,0.79,100,0.79,1.0,0.21,0.0
quake,0.79,100,0.79,0.75,0.04,0.0
quake,0.79,100,0.79,0.0,0.79,0.0
quake,0.79,100,0.79,1.0,0.21,0.0
quake,0.79,100,0.79,0.41,0.38,0.0
quake,0.79,100,0.79,0.0,0.79,0.0
quake,0.79,100,0.79,0.51,0.28,0.0
quake,0.79,100,0.79,0.29,0.5,0.0
quake,0.79,100,0.79,1.0,0.21,0.0
quake,0.79,100,0.79,0.2,0.59,0.0
quake,0.84,100,0.84,1.0,0.16,0.0
quake,0.84,100,0.84,0.11,0.73,0.0
quake,0.84,100,0.84,1.0,0.16,0.0
quake,0.84,100,0.84,1.0,0.16,0.0
quake,0.84,100,0.84,1.0,0.16,0.0
quake,0.84,100,0.84,0.17,0.67,0.0
quake,0.84,100,0.84,0.31,0.53,0.0
quake,0.84,100,0.84,1.0,0.16,0.0
quake,0.84,100,0.84,1.0,0.16,0.0
quake,0.84,100,0.84,0.21,0.63,0.0
quake,0.89,100,0.89,0.96,0.07,0.0
quake,0.89,100,0.89,1.0,0.11,0.0
quake,0.89,100,0.89,0.62,0.27,0.0
quake,0.89,100,0.89,0.4,0.49,0.0
quake,0.89,100,0.89,1.0,0.11,0.0
quake,0.89,100,0.89,0.21,0.68,0.0
quake,0.89,100,0.89,0.46,0.43,0.0
quake,0.89,100,0.89,0.44,0.45,0.0
quake,0.89,100,0.89,1.0,0.11,0.0
quake,0.89,100,0.89,0.68,0.21,0.0
quake,0.95,100,0.95,1.0,0.05,0.0
quake,0.95,100,0.95,0.0,0.95,0.0
quake,0.95,100,0.95,0.71,0.24,0.0
quake,0.95,100,0.95,0.44,0.51,0.0
quake,0.95,100,0.95,0.0,0.95,0.0
quake,0.95,100,0.95,1.0,0.05,0.0
quake,0.95,100,0.95,0.79,0.16,0.0
quake,0.95,100,0.95,0.0,0.95,0.0
quake,0.95,100,0.95,0.49,0.46,0.0
quake,0.95,100,0.95,1.0,0.05,0.0
quake,1.0,100,1.0,0.68,0.32,0.0
quake,1.0,100,1.0,1.0,0.0,0.0
quake,1.0,100,1.0,0.89,0.11,0.0
quake,1.0,100,1.0,0.73,0.27,0.0
quake,1.0,100,1.0,0.29,0.71,0.0
quake,1.0,100,1.0,0.62,0.38,0.0
quake,1.0,100,1.0,1.0,0.0,0.0
quake,1.0,100,1.0,0.57,0.43,0.0
quake,1.0,100,1.0,1.0,0.0,0.0
quake,1.0,100,1.0,0.0,1.0,0.0
space_ga,0.0,100,0.0,0.0,0.0,0.0
space_ga,0.0,100,0.0,0.0,0.0,0.0
space_ga,0.0,100,0.0,0.0,0.0,0.0
space_ga,0.0,100,0.0,0.0,0.0,0.0
space_ga,0.0,100,0.0,0.0,0.0,0.0
space_ga,0.0,100,0.0,0.0,0.0,0.0
space_ga,0.0,100,0.0,0.0,0.0,0.0
space_ga,0.0,100,0.0,0.0,0.0,0.0
space_ga,0.0,100,0.0,0.0,0.0,0.0
space_ga,0.0,100,0.0,0.01,0.01,0.0
space_ga,0.05,100,0.05,0.02,0.03,0.0
space_ga,0.05,100,0.05,0.1,0.05,0.0
space_ga,0.05,100,0.05,0.0,0.05,0.0
space_ga,0.05,100,0.05,0.04,0.01,0.0
space_ga,0.05,100,0.05,0.0,0.05,0.0
space_ga,0.05,100,0.05,0.05,0.0,0.0
space_ga,0.05,100,0.05,0.06,0.01,0.0
space_ga,0.05,100,0.05,0.09,0.04,0.0
space_ga,0.05,100,0.05,0.09,0.04,0.0
space_ga,0.05,100,0.05,0.09,0.04,0.0
space_ga,0.11,100,0.11,0.08,0.03,0.0
space_ga,0.11,100,0.11,0.14,0.03,0.0
space_ga,0.11,100,0.11,0.12,0.01,0.0
space_ga,0.11,100,0.11,0.09,0.02,0.0
space_ga,0.11,100,0.11,0.09,0.02,0.0
space_ga,0.11,100,0.11,0.03,0.08,0.0
space_ga,0.11,100,0.11,0.12,0.01,0.0
space_ga,0.11,100,0.11,0.07,0.04,0.01566028594970703
space_ga,0.11,100,0.11,0.09,0.02,0.0
space_ga,0.11,100,0.11,0.06,0.05,0.0
space_ga,0.16,100,0.16,0.11,0.05,0.0
space_ga,0.16,100,0.16,0.1,0.06,0.0
space_ga,0.16,100,0.16,0.15,0.01,0.0
space_ga,0.16,100,0.16,0.17,0.01,0.0
space_ga,0.16,100,0.16,0.19,0.03,0.0
space_ga,0.16,100,0.16,0.06,0.1,0.0
space_ga,0.16,100,0.16,0.17,0.01,0.0
space_ga,0.16,100,0.16,0.09,0.07,0.0
space_ga,0.16,100,0.16,0.14,0.02,0.0
space_ga,0.16,100,0.16,0.21,0.05,0.0
space_ga,0.21,100,0.21,0.17,0.04,0.0
space_ga,0.21,100,0.21,0.18,0.03,0.0
space_ga,0.21,100,0.21,0.19,0.02,0.0
space_ga,0.21,100,0.21,0.2,0.01,0.0
space_ga,0.21,100,0.21,0.18,0.03,0.0
space_ga,0.21,100,0.21,0.19,0.02,0.0
space_ga,0.21,100,0.21,0.23,0.02,0.0
space_ga,0.21,100,0.21,0.21,0.0,0.0
space_ga,0.21,100,0.21,0.14,0.07,0.0
space_ga,0.21,100,0.21,0.17,0.04,0.0
space_ga,0.26,100,0.26,0.27,0.01,0.0
space_ga,0.26,100,0.26,0.31,0.05,0.0
space_ga,0.26,100,0.26,0.23,0.03,0.0
space_ga,0.26,100,0.26,0.19,0.07,0.0
space_ga,0.26,100,0.26,0.29,0.03,0.0
space_ga,0.26,100,0.26,0.28,0.02,0.0
space_ga,0.26,100,0.26,0.28,0.02,0.0
space_ga,0.26,100,0.26,0.23,0.03,0.0
space_ga,0.26,100,0.26,0.26,0.0,0.0
space_ga,0.26,100,0.26,0.31,0.05,0.0
space_ga,0.32,100,0.32,0.32,0.0,0.0
space_ga,0.32,100,0.32,0.24,0.08,0.0
space_ga,0.32,100,0.32,0.36,0.04,0.0
space_ga,0.32,100,0.32,0.24,0.08,0.0
space_ga,0.32,100,0.32,0.28,0.04,0.0
space_ga,0.32,100,0.32,0.35,0.03,0.0
space_ga,0.32,100,0.32,0.2,0.12,0.0
space_ga,0.32,100,0.32,0.34,0.02,0.0
space_ga,0.32,100,0.32,0.28,0.04,0.0
space_ga,0.32,100,0.32,0.24,0.08,0.0
space_ga,0.37,100,0.37,0.4,0.03,0.0
space_ga,0.37,100,0.37,0.4,0.03,0.0
space_ga,0.37,100,0.37,0.31,0.06,0.0
space_ga,0.37,100,0.37,0.36,0.01,0.0
space_ga,0.37,100,0.37,0.32,0.05,0.0
space_ga,0.37,100,0.37,0.35,0.02,0.0
space_ga,0.37,100,0.37,0.31,0.06,0.0
space_ga,0.37,100,0.37,0.34,0.03,0.0
space_ga,0.37,100,0.37,0.24,0.13,0.0
space_ga,0.37,100,0.37,0.3,0.07,0.0
space_ga,0.42,100,0.42,0.43,0.01,0.0
space_ga,0.42,100,0.42,0.48,0.06,0.0
space_ga,0.42,100,0.42,0.37,0.05,0.0
space_ga,0.42,100,0.42,0.42,0.0,0.0
space_ga,0.42,100,0.42,0.44,0.02,0.0
space_ga,0.42,100,0.42,0.49,0.07,0.0
space_ga,0.42,100,0.42,0.41,0.01,0.0
space_ga,0.42,100,0.42,0.45,0.03,0.0
space_ga,0.42,100,0.42,0.42,0.0,0.0
space_ga,0.42,100,0.42,0.37,0.05,0.0
space_ga,0.47,100,0.47,0.44,0.03,0.0
space_ga,0.47,100,0.47,0.47,0.0,0.0
space_ga,0.47,100,0.47,0.47,0.0,0.0
space_ga,0.47,100,0.47,0.46,0.01,0.0
space_ga,0.47,100,0.47,0.48,0.01,0.0
space_ga,0.47,100,0.47,0.46,0.01,0.0
space_ga,0.47,100,0.47,0.49,0.02,0.0
space_ga,0.47,100,0.47,0.47,0.0,0.0
space_ga,0.47,100,0.47,0.45,0.02,0.0
space_ga,0.47,100,0.47,0.5,0.03,0.0
space_ga,0.53,100,0.53,0.51,0.02,0.0
space_ga,0.53,100,0.53,0.47,0.06,0.0
space_ga,0.53,100,0.53,0.47,0.06,0.0
space_ga,0.53,100,0.53,0.5,0.03,0.0
space_ga,0.53,100,0.53,0.45,0.08,0.0
space_ga,0.53,100,0.53,0.56,0.03,0.0
space_ga,0.53,100,0.53,0.53,0.0,0.0
space_ga,0.53,100,0.53,0.51,0.02,0.0
space_ga,0.53,100,0.53,0.51,0.02,0.0
space_ga,0.53,100,0.53,0.48,0.05,0.0
space_ga,0.58,100,0.58,0.54,0.04,0.0
space_ga,0.58,100,0.58,0.55,0.03,0.0
space_ga,0.58,100,0.58,0.53,0.05,0.0
space_ga,0.58,100,0.58,0.54,0.04,0.0
space_ga,0.58,100,0.58,0.55,0.03,0.0
space_ga,0.58,100,0.58,0.58,0.0,0.0
space_ga,0.58,100,0.58,0.52,0.06,0.0
space_ga,0.58,100,0.58,0.53,0.05,0.0
space_ga,0.58,100,0.58,0.63,0.05,0.0
space_ga,0.58,100,0.58,0.58,0.0,0.0
space_ga,0.63,100,0.63,0.61,0.02,0.0
space_ga,0.63,100,0.63,0.65,0.02,0.0
space_ga,0.63,100,0.63,0.6,0.03,0.0
space_ga,0.63,100,0.63,0.6,0.03,0.0
space_ga,0.63,100,0.63,0.53,0.1,0.0
space_ga,0.63,100,0.63,0.59,0.04,0.0
space_ga,0.63,100,0.63,0.65,0.02,0.0
space_ga,0.63,100,0.63,0.69,0.06,0.0
space_ga,0.63,100,0.63,0.63,0.0,0.0
space_ga,0.63,100,0.63,0.55,0.08,0.0
space_ga,0.68,100,0.68,0.58,0.1,0.0
space_ga,0.68,100,0.68,0.56,0.12,0.0
space_ga,0.68,100,0.68,0.66,0.02,0.0
space_ga,0.68,100,0.68,0.7,0.02,0.0
space_ga,0.68,100,0.68,0.63,0.05,0.0
space_ga,0.68,100,0.68,0.68,0.0,0.0
space_ga,0.68,100,0.68,0.76,0.08,0.0
space_ga,0.68,100,0.68,0.69,0.01,0.0
space_ga,0.68,100,0.68,0.61,0.07,0.0
space_ga,0.68,100,0.68,0.67,0.01,0.0
space_ga,0.74,100,0.74,0.7,0.04,0.0
space_ga,0.74,100,0.74,0.76,0.02,0.0
space_ga,0.74,100,0.74,0.76,0.02,0.0
space_ga,0.74,100,0.74,0.69,0.05,0.0
space_ga,0.74,100,0.74,0.66,0.08,0.0
space_ga,0.74,100,0.74,0.66,0.08,0.0
space_ga,0.74,100,0.74,0.63,0.11,0.0
space_ga,0.74,100,0.74,0.67,0.07,0.0
space_ga,0.74,100,0.74,0.72,0.02,0.0
space_ga,0.74,100,0.74,0.77,0.03,0.0
space_ga,0.79,100,0.79,0.74,0.05,0.0
space_ga,0.79,100,0.79,0.79,0.0,0.0
space_ga,0.79,100,0.79,0.7,0.09,0.0
space_ga,0.79,100,0.79,0.8,0.01,0.0
space_ga,0.79,100,0.79,0.8,0.01,0.0
space_ga,0.79,100,0.79,0.76,0.03,0.0
space_ga,0.79,100,0.79,0.78,0.01,0.0
space_ga,0.79,100,0.79,0.79,0.0,0.0
space_ga,0.79,100,0.79,0.76,0.03,0.0
space_ga,0.79,100,0.79,0.84,0.05,0.0
space_ga,0.84,100,0.84,0.88,0.04,0.0
space_ga,0.84,100,0.84,0.78,0.06,0.0
space_ga,0.84,100,0.84,0.87,0.03,0.0
space_ga,0.84,100,0.84,0.76,0.08,0.0
space_ga,0.84,100,0.84,0.93,0.09,0.0
space_ga,0.84,100,0.84,0.89,0.05,0.0
space_ga,0.84,100,0.84,0.9,0.06,0.0
space_ga,0.84,100,0.84,0.82,0.02,0.0
space_ga,0.84,100,0.84,0.87,0.03,0.0
space_ga,0.84,100,0.84,0.81,0.03,0.0
space_ga,0.89,100,0.89,0.86,0.03,0.0
space_ga,0.89,100,0.89,0.88,0.01,0.0
space_ga,0.89,100,0.89,0.86,0.03,0.0
space_ga,0.89,100,0.89,0.82,0.07,0.0
space_ga,0.89,100,0.89,0.95,0.06,0.0
space_ga,0.89,100,0.89,0.85,0.04,0.0
space_ga,0.89,100,0.89,0.87,0.02,0.0
space_ga,0.89,100,0.89,0.86,0.03,0.0
space_ga,0.89,100,0.89,0.89,0.0,0.0
space_ga,0.89,100,0.89,0.9,0.01,0.0
space_ga,0.95,100,0.95,0.86,0.09,0.0
space_ga,0.95,100,0.95,0.92,0.03,0.0
space_ga,0.95,100,0.95,0.92,0.03,0.0
space_ga,0.95,100,0.95,1.0,0.05,0.0
space_ga,0.95,100,0.95,0.87,0.08,0.0
space_ga,0.95,100,0.95,0.91,0.04,0.0
space_ga,0.95,100,0.95,1.0,0.05,0.0
space_ga,0.95,100,0.95,0.93,0.02,0.0
space_ga,0.95,100,0.95,0.93,0.02,0.0
space_ga,0.95,100,0.95,0.9,0.05,0.0
space_ga,1.0,100,1.0,1.0,0.0,0.0
space_ga,1.0,100,1.0,1.0,0.0,0.0
space_ga,1.0,100,1.0,0.96,0.04,0.0
space_ga,1.0,100,1.0,0.96,0.04,0.0
space_ga,1.0,100,1.0,0.96,0.04,0.0
space_ga,1.0,100,1.0,0.96,0.04,0.0
space_ga,1.0,100,1.0,1.0,0.0,0.0
space_ga,1.0,100,1.0,1.0,0.0,0.0
space_ga,1.0,100,1.0,0.93,0.07,0.0
space_ga,1.0,100,1.0,1.0,0.0,0.0
sylva_prior,0.0,100,0.0,0.01,0.01,0.0
sylva_prior,0.0,100,0.0,0.0,0.0,0.0
sylva_prior,0.0,100,0.0,0.0,0.0,0.0
sylva_prior,0.0,100,0.0,0.0,0.0,0.0
sylva_prior,0.0,100,0.0,0.0,0.0,0.0
sylva_prior,0.0,100,0.0,0.0,0.0,0.0
sylva_prior,0.0,100,0.0,0.0,0.0,0.0
sylva_prior,0.0,100,0.0,0.0,0.0,0.0
sylva_prior,0.0,100,0.0,0.0,0.0,0.0
sylva_prior,0.0,100,0.0,0.0,0.0,0.0
sylva_prior,0.05,100,0.05,0.06,0.01,8.58306884765625e-05
sylva_prior,0.05,100,0.05,0.05,0.0,0.0
sylva_prior,0.05,100,0.05,0.03,0.02,0.0
sylva_prior,0.05,100,0.05,0.07,0.02,0.0
sylva_prior,0.05,100,0.05,0.04,0.01,0.0
sylva_prior,0.05,100,0.05,0.04,0.01,0.0
sylva_prior,0.05,100,0.05,0.05,0.0,0.0
sylva_prior,0.05,100,0.05,0.06,0.01,0.0
sylva_prior,0.05,100,0.05,0.06,0.01,0.0
sylva_prior,0.05,100,0.05,0.05,0.0,0.0
sylva_prior,0.11,100,0.11,0.12,0.01,0.0
sylva_prior,0.11,100,0.11,0.12,0.01,0.0
sylva_prior,0.11,100,0.11,0.11,0.0,0.0
sylva_prior,0.11,100,0.11,0.11,0.0,0.0
sylva_prior,0.11,100,0.11,0.1,0.01,0.0
sylva_prior,0.11,100,0.11,0.11,0.0,0.0
sylva_prior,0.11,100,0.11,0.11,0.0,0.0
sylva_prior,0.11,100,0.11,0.1,0.01,0.0
sylva_prior,0.11,100,0.11,0.11,0.0,0.0
sylva_prior,0.11,100,0.11,0.12,0.01,0.0
sylva_prior,0.16,100,0.16,0.15,0.01,0.0
sylva_prior,0.16,100,0.16,0.16,0.0,0.0
sylva_prior,0.16,100,0.16,0.15,0.01,0.0
sylva_prior,0.16,100,0.16,0.15,0.01,0.0
sylva_prior,0.16,100,0.16,0.16,0.0,0.0
sylva_prior,0.16,100,0.16,0.16,0.0,0.0
sylva_prior,0.16,100,0.16,0.16,0.0,0.0
sylva_prior,0.16,100,0.16,0.17,0.01,0.0
sylva_prior,0.16,100,0.16,0.16,0.0,0.0
sylva_prior,0.16,100,0.16,0.16,0.0,0.0
sylva_prior,0.21,100,0.21,0.2,0.01,0.0
sylva_prior,0.21,100,0.21,0.22,0.01,0.0
sylva_prior,0.21,100,0.21,0.2,0.01,0.0
sylva_prior,0.21,100,0.21,0.21,0.0,0.0
sylva_prior,0.21,100,0.21,0.2,0.01,0.0
sylva_prior,0.21,100,0.21,0.2,0.01,0.0
sylva_prior,0.21,100,0.21,0.21,0.0,0.0
sylva_prior,0.21,100,0.21,0.2,0.01,0.0
sylva_prior,0.21,100,0.21,0.19,0.02,0.0
sylva_prior,0.21,100,0.21,0.19,0.02,0.0
sylva_prior,0.26,100,0.26,0.26,0.0,0.0
sylva_prior,0.26,100,0.26,0.25,0.01,0.0
sylva_prior,0.26,100,0.26,0.26,0.0,0.0
sylva_prior,0.26,100,0.26,0.26,0.0,0.0
sylva_prior,0.26,100,0.26,0.25,0.01,0.0
sylva_prior,0.26,100,0.26,0.26,0.0,0.0
sylva_prior,0.26,100,0.26,0.27,0.01,0.0
sylva_prior,0.26,100,0.26,0.24,0.02,0.0009987354278564453
sylva_prior,0.26,100,0.26,0.27,0.01,0.0
sylva_prior,0.26,100,0.26,0.25,0.01,0.0
sylva_prior,0.32,100,0.32,0.3,0.02,0.0010001659393310547
sylva_prior,0.32,100,0.32,0.32,0.0,0.0010037422180175781
sylva_prior,0.32,100,0.32,0.3,0.02,0.0
sylva_prior,0.32,100,0.32,0.33,0.01,0.0
sylva_prior,0.32,100,0.32,0.33,0.01,0.0
sylva_prior,0.32,100,0.32,0.31,0.01,9.274482727050781e-05
sylva_prior,0.32,100,0.32,0.32,0.0,0.0009930133819580078
sylva_prior,0.32,100,0.32,0.29,0.03,0.0
sylva_prior,0.32,100,0.32,0.32,0.0,0.0
sylva_prior,0.32,100,0.32,0.32,0.0,0.0
sylva_prior,0.37,100,0.37,0.36,0.01,0.0
sylva_prior,0.37,100,0.37,0.36,0.01,0.0
sylva_prior,0.37,100,0.37,0.37,0.0,0.0
sylva_prior,0.37,100,0.37,0.38,0.01,0.0
sylva_prior,0.37,100,0.37,0.36,0.01,0.0
sylva_prior,0.37,100,0.37,0.36,0.01,0.0
sylva_prior,0.37,100,0.37,0.36,0.01,0.0
sylva_prior,0.37,100,0.37,0.36,0.01,0.0
sylva_prior,0.37,100,0.37,0.38,0.01,0.0
sylva_prior,0.37,100,0.37,0.36,0.01,0.0
sylva_prior,0.42,100,0.42,0.41,0.01,0.0
sylva_prior,0.42,100,0.42,0.4,0.02,0.0
sylva_prior,0.42,100,0.42,0.43,0.01,0.0
sylva_prior,0.42,100,0.42,0.42,0.0,0.0
sylva_prior,0.42,100,0.42,0.39,0.03,0.0
sylva_prior,0.42,100,0.42,0.42,0.0,0.0
sylva_prior,0.42,100,0.42,0.42,0.0,0.0
sylva_prior,0.42,100,0.42,0.4,0.02,0.0
sylva_prior,0.42,100,0.42,0.39,0.03,0.0
sylva_prior,0.42,100,0.42,0.42,0.0,0.0
sylva_prior,0.47,100,0.47,0.46,0.01,0.0
sylva_prior,0.47,100,0.47,0.48,0.01,0.0
sylva_prior,0.47,100,0.47,0.45,0.02,0.0
sylva_prior,0.47,100,0.47,0.47,0.0,0.0
sylva_prior,0.47,100,0.47,0.44,0.03,0.0
sylva_prior,0.47,100,0.47,0.46,0.01,0.0
sylva_prior,0.47,100,0.47,0.47,0.0,0.0
sylva_prior,0.47,100,0.47,0.45,0.02,0.0
sylva_prior,0.47,100,0.47,0.45,0.02,0.0
sylva_prior,0.47,100,0.47,0.45,0.02,0.0
sylva_prior,0.53,100,0.53,0.53,0.0,0.0
sylva_prior,0.53,100,0.53,0.5,0.03,0.0
sylva_prior,0.53,100,0.53,0.5,0.03,0.0
sylva_prior,0.53,100,0.53,0.51,0.02,0.0
sylva_prior,0.53,100,0.53,0.52,0.01,0.0
sylva_prior,0.53,100,0.53,0.52,0.01,0.0
sylva_prior,0.53,100,0.53,0.51,0.02,0.0
sylva_prior,0.53,100,0.53,0.54,0.01,0.0
sylva_prior,0.53,100,0.53,0.53,0.0,0.0
sylva_prior,0.53,100,0.53,0.51,0.02,0.0
sylva_prior,0.58,100,0.58,0.57,0.01,0.0
sylva_prior,0.58,100,0.58,0.56,0.02,0.0
sylva_prior,0.58,100,0.58,0.59,0.01,0.0
sylva_prior,0.58,100,0.58,0.58,0.0,0.0
sylva_prior,0.58,100,0.58,0.57,0.01,0.0
sylva_prior,0.58,100,0.58,0.56,0.02,0.0
sylva_prior,0.58,100,0.58,0.57,0.01,0.0
sylva_prior,0.58,100,0.58,0.54,0.04,0.0
sylva_prior,0.58,100,0.58,0.58,0.0,0.0
sylva_prior,0.58,100,0.58,0.57,0.01,0.0
sylva_prior,0.63,100,0.63,0.63,0.0,0.0
sylva_prior,0.63,100,0.63,0.61,0.02,0.015704631805419922
sylva_prior,0.63,100,0.63,0.62,0.01,0.0
sylva_prior,0.63,100,0.63,0.6,0.03,0.0
sylva_prior,0.63,100,0.63,0.64,0.01,0.0
sylva_prior,0.63,100,0.63,0.62,0.01,0.0
sylva_prior,0.63,100,0.63,0.63,0.0,0.0
sylva_prior,0.63,100,0.63,0.61,0.02,0.0010159015655517578
sylva_prior,0.63,100,0.63,0.62,0.01,0.0
sylva_prior,0.63,100,0.63,0.62,0.01,0.0
sylva_prior,0.68,100,0.68,0.67,0.01,0.0010094642639160156
sylva_prior,0.68,100,0.68,0.67,0.01,0.0
sylva_prior,0.68,100,0.68,0.69,0.01,0.0
sylva_prior,0.68,100,0.68,0.66,0.02,0.0
sylva_prior,0.68,100,0.68,0.65,0.03,0.0
sylva_prior,0.68,100,0.68,0.65,0.03,0.0
sylva_prior,0.68,100,0.68,0.65,0.03,0.0
sylva_prior,0.68,100,0.68,0.68,0.0,0.0
sylva_prior,0.68,100,0.68,0.67,0.01,0.0009918212890625
sylva_prior,0.68,100,0.68,0.67,0.01,0.0
sylva_prior,0.74,100,0.74,0.71,0.03,0.0
sylva_prior,0.74,100,0.74,0.73,0.01,0.0
sylva_prior,0.74,100,0.74,0.72,0.02,0.0
sylva_prior,0.74,100,0.74,0.72,0.02,0.0
sylva_prior,0.74,100,0.74,0.73,0.01,0.0
sylva_prior,0.74,100,0.74,0.73,0.01,0.0
sylva_prior,0.74,100,0.74,0.72,0.02,0.0
sylva_prior,0.74,100,0.74,0.74,0.0,0.0
sylva_prior,0.74,100,0.74,0.75,0.01,0.0
sylva_prior,0.74,100,0.74,0.73,0.01,0.0
sylva_prior,0.79,100,0.79,0.76,0.03,0.0
sylva_prior,0.79,100,0.79,0.78,0.01,0.0
sylva_prior,0.79,100,0.79,0.78,0.01,0.0
sylva_prior,0.79,100,0.79,0.78,0.01,0.0
sylva_prior,0.79,100,0.79,0.76,0.03,0.0
sylva_prior,0.79,100,0.79,0.78,0.01,0.0
sylva_prior,0.79,100,0.79,0.78,0.01,0.0
sylva_prior,0.79,100,0.79,0.77,0.02,0.0
sylva_prior,0.79,100,0.79,0.8,0.01,0.0
sylva_prior,0.79,100,0.79,0.77,0.02,0.0
sylva_prior,0.84,100,0.84,0.84,0.0,0.0
sylva_prior,0.84,100,0.84,0.84,0.0,0.0
sylva_prior,0.84,100,0.84,0.85,0.01,0.0
sylva_prior,0.84,100,0.84,0.82,0.02,0.0
sylva_prior,0.84,100,0.84,0.83,0.01,0.0
sylva_prior,0.84,100,0.84,0.82,0.02,0.0
sylva_prior,0.84,100,0.84,0.83,0.01,0.0
sylva_prior,0.84,100,0.84,0.86,0.02,0.0
sylva_prior,0.84,100,0.84,0.81,0.03,0.0
sylva_prior,0.84,100,0.84,0.85,0.01,0.0
sylva_prior,0.89,100,0.89,0.86,0.03,0.0
sylva_prior,0.89,100,0.89,0.87,0.02,0.0
sylva_prior,0.89,100,0.89,0.86,0.03,0.0
sylva_prior,0.89,100,0.89,0.87,0.02,0.0
sylva_prior,0.89,100,0.89,0.88,0.01,0.0
sylva_prior,0.89,100,0.89,0.9,0.01,0.0
sylva_prior,0.89,100,0.89,0.9,0.01,0.0
sylva_prior,0.89,100,0.89,0.86,0.03,0.0
sylva_prior,0.89,100,0.89,0.89,0.0,0.0
sylva_prior,0.89,100,0.89,0.86,0.03,0.0
sylva_prior,0.95,100,0.95,0.92,0.03,0.0
sylva_prior,0.95,100,0.95,0.93,0.02,0.0
sylva_prior,0.95,100,0.95,0.92,0.03,0.0
sylva_prior,0.95,100,0.95,0.94,0.01,0.0
sylva_prior,0.95,100,0.95,0.92,0.03,0.0
sylva_prior,0.95,100,0.95,0.93,0.02,0.0
sylva_prior,0.95,100,0.95,0.93,0.02,0.0
sylva_prior,0.95,100,0.95,0.91,0.04,0.0
sylva_prior,0.95,100,0.95,0.92,0.03,0.0
sylva_prior,0.95,100,0.95,0.93,0.02,0.0
sylva_prior,1.0,100,1.0,0.98,0.02,0.0
sylva_prior,1.0,100,1.0,0.99,0.01,0.0
sylva_prior,1.0,100,1.0,0.98,0.02,0.0
sylva_prior,1.0,100,1.0,0.98,0.02,0.0
sylva_prior,1.0,100,1.0,0.98,0.02,0.0
sylva_prior,1.0,100,1.0,0.96,0.04,0.0
sylva_prior,1.0,100,1.0,1.0,0.0,0.0
sylva_prior,1.0,100,1.0,0.98,0.02,0.0
sylva_prior,1.0,100,1.0,0.98,0.02,0.0
sylva_prior,1.0,100,1.0,0.99,0.01,0.0
visualizing_soil,0.0,100,0.0,0.0,0.0,0.0
visualizing_soil,0.0,100,0.0,0.0,0.0,0.0
visualizing_soil,0.0,100,0.0,0.01,0.01,0.0
visualizing_soil,0.0,100,0.0,0.0,0.0,0.0
visualizing_soil,0.0,100,0.0,0.0,0.0,0.0
visualizing_soil,0.0,100,0.0,0.0,0.0,0.0
visualizing_soil,0.0,100,0.0,0.0,0.0,0.0
visualizing_soil,0.0,100,0.0,0.0,0.0,0.006232261657714844
visualizing_soil,0.0,100,0.0,0.0,0.0,0.0
visualizing_soil,0.0,100,0.0,0.0,0.0,0.0
visualizing_soil,0.05,100,0.05,0.05,0.0,0.0
visualizing_soil,0.05,100,0.05,0.05,0.0,0.0
visualizing_soil,0.05,100,0.05,0.06,0.01,0.0
visualizing_soil,0.05,100,0.05,0.05,0.0,0.0
visualizing_soil,0.05,100,0.05,0.05,0.0,0.0
visualizing_soil,0.05,100,0.05,0.06,0.01,0.0
visualizing_soil,0.05,100,0.05,0.05,0.0,0.0
visualizing_soil,0.05,100,0.05,0.05,0.0,0.0
visualizing_soil,0.05,100,0.05,0.06,0.01,0.0
visualizing_soil,0.05,100,0.05,0.05,0.0,0.0
visualizing_soil,0.11,100,0.11,0.11,0.0,0.0
visualizing_soil,0.11,100,0.11,0.12,0.01,0.0
visualizing_soil,0.11,100,0.11,0.11,0.0,0.0
visualizing_soil,0.11,100,0.11,0.11,0.0,0.0
visualizing_soil,0.11,100,0.11,0.11,0.0,0.0
visualizing_soil,0.11,100,0.11,0.11,0.0,0.0
visualizing_soil,0.11,100,0.11,0.1,0.01,0.0
visualizing_soil,0.11,100,0.11,0.12,0.01,0.0
visualizing_soil,0.11,100,0.11,0.11,0.0,0.0
visualizing_soil,0.11,100,0.11,0.11,0.0,0.0
visualizing_soil,0.16,100,0.16,0.17,0.01,0.0
visualizing_soil,0.16,100,0.16,0.16,0.0,0.0
visualizing_soil,0.16,100,0.16,0.17,0.01,0.0
visualizing_soil,0.16,100,0.16,0.16,0.0,0.0
visualizing_soil,0.16,100,0.16,0.17,0.01,0.0
visualizing_soil,0.16,100,0.16,0.16,0.0,0.0
visualizing_soil,0.16,100,0.16,0.17,0.01,0.0
visualizing_soil,0.16,100,0.16,0.16,0.0,0.0
visualizing_soil,0.16,100,0.16,0.16,0.0,0.0
visualizing_soil,0.16,100,0.16,0.16,0.0,0.0
visualizing_soil,0.21,100,0.21,0.22,0.01,0.0
visualizing_soil,0.21,100,0.21,0.21,0.0,0.0
visualizing_soil,0.21,100,0.21,0.21,0.0,0.0
visualizing_soil,0.21,100,0.21,0.21,0.0,0.0
visualizing_soil,0.21,100,0.21,0.21,0.0,0.0
visualizing_soil,0.21,100,0.21,0.21,0.0,0.0
visualizing_soil,0.21,100,0.21,0.21,0.0,0.0
visualizing_soil,0.21,100,0.21,0.21,0.0,0.0
visualizing_soil,0.21,100,0.21,0.21,0.0,0.0
visualizing_soil,0.21,100,0.21,0.21,0.0,0.0
visualizing_soil,0.26,100,0.26,0.27,0.01,0.0
visualizing_soil,0.26,100,0.26,0.26,0.0,0.0
visualizing_soil,0.26,100,0.26,0.26,0.0,0.0
visualizing_soil,0.26,100,0.26,0.27,0.01,0.0
visualizing_soil,0.26,100,0.26,0.26,0.0,0.0
visualizing_soil,0.26,100,0.26,0.26,0.0,0.0
visualizing_soil,0.26,100,0.26,0.26,0.0,0.0
visualizing_soil,0.26,100,0.26,0.27,0.01,0.0
visualizing_soil,0.26,100,0.26,0.26,0.0,0.0
visualizing_soil,0.26,100,0.26,0.26,0.0,0.0
visualizing_soil,0.32,100,0.32,0.31,0.01,0.0
visualizing_soil,0.32,100,0.32,0.32,0.0,0.0
visualizing_soil,0.32,100,0.32,0.32,0.0,0.0
visualizing_soil,0.32,100,0.32,0.32,0.0,0.0
visualizing_soil,0.32,100,0.32,0.33,0.01,0.0
visualizing_soil,0.32,100,0.32,0.33,0.01,0.0
visualizing_soil,0.32,100,0.32,0.32,0.0,0.0
visualizing_soil,0.32,100,0.32,0.32,0.0,0.0
visualizing_soil,0.32,100,0.32,0.31,0.01,0.0
visualizing_soil,0.32,100,0.32,0.32,0.0,0.0
visualizing_soil,0.37,100,0.37,0.36,0.01,0.0
visualizing_soil,0.37,100,0.37,0.37,0.0,0.0
visualizing_soil,0.37,100,0.37,0.37,0.0,0.0
visualizing_soil,0.37,100,0.37,0.37,0.0,0.0
visualizing_soil,0.37,100,0.37,0.37,0.0,0.0
visualizing_soil,0.37,100,0.37,0.37,0.0,0.0
visualizing_soil,0.37,100,0.37,0.36,0.01,0.0
visualizing_soil,0.37,100,0.37,0.37,0.0,0.0
visualizing_soil,0.37,100,0.37,0.37,0.0,0.0
visualizing_soil,0.37,100,0.37,0.37,0.0,0.0
visualizing_soil,0.42,100,0.42,0.42,0.0,0.0
visualizing_soil,0.42,100,0.42,0.42,0.0,0.0
visualizing_soil,0.42,100,0.42,0.42,0.0,0.0
visualizing_soil,0.42,100,0.42,0.43,0.01,0.0
visualizing_soil,0.42,100,0.42,0.42,0.0,0.0
visualizing_soil,0.42,100,0.42,0.42,0.0,0.0
visualizing_soil,0.42,100,0.42,0.42,0.0,0.0
visualizing_soil,0.42,100,0.42,0.42,0.0,0.0
visualizing_soil,0.42,100,0.42,0.42,0.0,0.0
visualizing_soil,0.42,100,0.42,0.42,0.0,0.0
visualizing_soil,0.47,100,0.47,0.47,0.0,0.0
visualizing_soil,0.47,100,0.47,0.47,0.0,0.0
visualizing_soil,0.47,100,0.47,0.47,0.0,0.0
visualizing_soil,0.47,100,0.47,0.47,0.0,0.0
visualizing_soil,0.47,100,0.47,0.47,0.0,0.0
visualizing_soil,0.47,100,0.47,0.47,0.0,0.0007462501525878906
visualizing_soil,0.47,100,0.47,0.47,0.0,0.0
visualizing_soil,0.47,100,0.47,0.47,0.0,0.0
visualizing_soil,0.47,100,0.47,0.47,0.0,0.0
visualizing_soil,0.47,100,0.47,0.47,0.0,0.0
visualizing_soil,0.53,100,0.53,0.53,0.0,0.0
visualizing_soil,0.53,100,0.53,0.53,0.0,0.0
visualizing_soil,0.53,100,0.53,0.53,0.0,0.0
visualizing_soil,0.53,100,0.53,0.53,0.0,0.0
visualizing_soil,0.53,100,0.53,0.53,0.0,0.0
visualizing_soil,0.53,100,0.53,0.54,0.01,0.0
visualizing_soil,0.53,100,0.53,0.53,0.0,0.0
visualizing_soil,0.53,100,0.53,0.52,0.01,0.0
visualizing_soil,0.53,100,0.53,0.53,0.0,0.0
visualizing_soil,0.53,100,0.53,0.53,0.0,0.0
visualizing_soil,0.58,100,0.58,0.59,0.01,0.0
visualizing_soil,0.58,100,0.58,0.57,0.01,0.0
visualizing_soil,0.58,100,0.58,0.58,0.0,0.0
visualizing_soil,0.58,100,0.58,0.58,0.0,0.0
visualizing_soil,0.58,100,0.58,0.58,0.0,0.0
visualizing_soil,0.58,100,0.58,0.58,0.0,0.0
visualizing_soil,0.58,100,0.58,0.58,0.0,0.0
visualizing_soil,0.58,100,0.58,0.59,0.01,0.0
visualizing_soil,0.58,100,0.58,0.58,0.0,0.0
visualizing_soil,0.58,100,0.58,0.58,0.0,0.0
visualizing_soil,0.63,100,0.63,0.63,0.0,0.0009984970092773438
visualizing_soil,0.63,100,0.63,0.63,0.0,0.0
visualizing_soil,0.63,100,0.63,0.63,0.0,0.0
visualizing_soil,0.63,100,0.63,0.63,0.0,0.0009996891021728516
visualizing_soil,0.63,100,0.63,0.63,0.0,0.0
visualizing_soil,0.63,100,0.63,0.63,0.0,0.0008361339569091797
visualizing_soil,0.63,100,0.63,0.63,0.0,0.0
visualizing_soil,0.63,100,0.63,0.63,0.0,0.0
visualizing_soil,0.63,100,0.63,0.63,0.0,0.0
visualizing_soil,0.63,100,0.63,0.64,0.01,0.0
visualizing_soil,0.68,100,0.68,0.69,0.01,0.0
visualizing_soil,0.68,100,0.68,0.67,0.01,0.0
visualizing_soil,0.68,100,0.68,0.67,0.01,0.0
visualizing_soil,0.68,100,0.68,0.68,0.0,0.0
visualizing_soil,0.68,100,0.68,0.68,0.0,0.0
visualizing_soil,0.68,100,0.68,0.67,0.01,0.0
visualizing_soil,0.68,100,0.68,0.69,0.01,0.0
visualizing_soil,0.68,100,0.68,0.68,0.0,0.0
visualizing_soil,0.68,100,0.68,0.68,0.0,0.0
visualizing_soil,0.68,100,0.68,0.68,0.0,0.0
visualizing_soil,0.74,100,0.74,0.74,0.0,0.0
visualizing_soil,0.74,100,0.74,0.75,0.01,0.0
visualizing_soil,0.74,100,0.74,0.74,0.0,0.0
visualizing_soil,0.74,100,0.74,0.74,0.0,0.0
visualizing_soil,0.74,100,0.74,0.74,0.0,0.0
visualizing_soil,0.74,100,0.74,0.74,0.0,0.0
visualizing_soil,0.74,100,0.74,0.74,0.0,0.0
visualizing_soil,0.74,100,0.74,0.74,0.0,0.0
visualizing_soil,0.74,100,0.74,0.74,0.0,0.0
visualizing_soil,0.74,100,0.74,0.74,0.0,0.0
visualizing_soil,0.79,100,0.79,0.79,0.0,0.0
visualizing_soil,0.79,100,0.79,0.79,0.0,0.0
visualizing_soil,0.79,100,0.79,0.78,0.01,0.0
visualizing_soil,0.79,100,0.79,0.78,0.01,0.0
visualizing_soil,0.79,100,0.79,0.79,0.0,0.0
visualizing_soil,0.79,100,0.79,0.79,0.0,0.0
visualizing_soil,0.79,100,0.79,0.79,0.0,0.0
visualizing_soil,0.79,100,0.79,0.79,0.0,0.0
visualizing_soil,0.79,100,0.79,0.78,0.01,0.0
visualizing_soil,0.79,100,0.79,0.79,0.0,0.0
visualizing_soil,0.84,100,0.84,0.85,0.01,0.0
visualizing_soil,0.84,100,0.84,0.85,0.01,0.0
visualizing_soil,0.84,100,0.84,0.84,0.0,0.0
visualizing_soil,0.84,100,0.84,0.84,0.0,0.0
visualizing_soil,0.84,100,0.84,0.84,0.0,0.0
visualizing_soil,0.84,100,0.84,0.84,0.0,0.0
visualizing_soil,0.84,100,0.84,0.85,0.01,0.0
visualizing_soil,0.84,100,0.84,0.84,0.0,0.0
visualizing_soil,0.84,100,0.84,0.84,0.0,0.0
visualizing_soil,0.84,100,0.84,0.83,0.01,0.0
visualizing_soil,0.89,100,0.89,0.89,0.0,0.0
visualizing_soil,0.89,100,0.89,0.88,0.01,0.0
visualizing_soil,0.89,100,0.89,0.9,0.01,0.0
visualizing_soil,0.89,100,0.89,0.88,0.01,0.0
visualizing_soil,0.89,100,0.89,0.89,0.0,0.0
visualizing_soil,0.89,100,0.89,0.89,0.0,0.0
visualizing_soil,0.89,100,0.89,0.88,0.01,0.0008814334869384766
visualizing_soil,0.89,100,0.89,0.89,0.0,0.0
visualizing_soil,0.89,100,0.89,0.89,0.0,0.0
visualizing_soil,0.89,100,0.89,0.89,0.0,0.0
visualizing_soil,0.95,100,0.95,0.94,0.01,0.0
visualizing_soil,0.95,100,0.95,0.95,0.0,0.0
visualizing_soil,0.95,100,0.95,0.95,0.0,0.0
visualizing_soil,0.95,100,0.95,0.94,0.01,0.0
visualizing_soil,0.95,100,0.95,0.94,0.01,0.0
visualizing_soil,0.95,100,0.95,0.95,0.0,0.0
visualizing_soil,0.95,100,0.95,0.95,0.0,0.0
visualizing_soil,0.95,100,0.95,0.95,0.0,0.0
visualizing_soil,0.95,100,0.95,0.95,0.0,0.0
visualizing_soil,0.95,100,0.95,0.95,0.0,0.0
visualizing_soil,1.0,100,1.0,1.0,0.0,0.0
visualizing_soil,1.0,100,1.0,1.0,0.0,0.0
visualizing_soil,1.0,100,1.0,1.0,0.0,0.0
visualizing_soil,1.0,100,1.0,1.0,0.0,0.0
visualizing_soil,1.0,100,1.0,1.0,0.0,0.0
visualizing_soil,1.0,100,1.0,1.0,0.0,0.0
visualizing_soil,1.0,100,1.0,1.0,0.0,0.0
visualizing_soil,1.0,100,1.0,1.0,0.0,0.0
visualizing_soil,1.0,100,1.0,1.0,0.0,0.0
visualizing_soil,1.0,100,1.0,1.0,0.0,0.0
wind,0.0,100,0.0,0.0,0.0,0.0
wind,0.0,100,0.0,0.0,0.0,0.0
wind,0.0,100,0.0,0.0,0.0,0.0
wind,0.0,100,0.0,0.0,0.0,0.0
wind,0.0,100,0.0,0.02,0.02,0.0
wind,0.0,100,0.0,0.07,0.07,0.0
wind,0.0,100,0.0,0.01,0.01,0.0
wind,0.0,100,0.0,0.0,0.0,0.0
wind,0.0,100,0.0,0.0,0.0,0.0
wind,0.0,100,0.0,0.0,0.0,0.0
wind,0.05,100,0.05,0.03,0.02,0.0
wind,0.05,100,0.05,0.0,0.05,0.0
wind,0.05,100,0.05,0.0,0.05,0.0
wind,0.05,100,0.05,0.06,0.01,0.0
wind,0.05,100,0.05,0.0,0.05,0.0
wind,0.05,100,0.05,0.07,0.02,0.0
wind,0.05,100,0.05,0.03,0.02,0.0
wind,0.05,100,0.05,0.05,0.0,0.0
wind,0.05,100,0.05,0.14,0.09,0.0
wind,0.05,100,0.05,0.06,0.01,0.015710115432739258
wind,0.11,100,0.11,0.12,0.01,0.0
wind,0.11,100,0.11,0.18,0.07,0.0
wind,0.11,100,0.11,0.11,0.0,0.0
wind,0.11,100,0.11,0.07,0.04,0.0
wind,0.11,100,0.11,0.19,0.08,0.0
wind,0.11,100,0.11,0.12,0.01,0.0
wind,0.11,100,0.11,0.14,0.03,0.0
wind,0.11,100,0.11,0.1,0.01,0.0
wind,0.11,100,0.11,0.09,0.02,0.0
wind,0.11,100,0.11,0.08,0.03,0.0
wind,0.16,100,0.16,0.16,0.0,0.0
wind,0.16,100,0.16,0.12,0.04,0.0
wind,0.16,100,0.16,0.15,0.01,0.0
wind,0.16,100,0.16,0.16,0.0,0.0
wind,0.16,100,0.16,0.14,0.02,0.0
wind,0.16,100,0.16,0.18,0.02,0.0
wind,0.16,100,0.16,0.1,0.06,0.0
wind,0.16,100,0.16,0.18,0.02,0.0
wind,0.16,100,0.16,0.16,0.0,0.0
wind,0.16,100,0.16,0.18,0.02,0.0
wind,0.21,100,0.21,0.23,0.02,0.0
wind,0.21,100,0.21,0.21,0.0,0.0
wind,0.21,100,0.21,0.25,0.04,0.0
wind,0.21,100,0.21,0.17,0.04,0.0
wind,0.21,100,0.21,0.17,0.04,0.0
wind,0.21,100,0.21,0.22,0.01,0.0
wind,0.21,100,0.21,0.22,0.01,0.0
wind,0.21,100,0.21,0.23,0.02,0.0
wind,0.21,100,0.21,0.2,0.01,0.0
wind,0.21,100,0.21,0.19,0.02,0.0
wind,0.26,100,0.26,0.25,0.01,0.0
wind,0.26,100,0.26,0.23,0.03,0.0
wind,0.26,100,0.26,0.25,0.01,0.0
wind,0.26,100,0.26,0.28,0.02,0.0
wind,0.26,100,0.26,0.29,0.03,0.0
wind,0.26,100,0.26,0.23,0.03,0.0
wind,0.26,100,0.26,0.23,0.03,0.0
wind,0.26,100,0.26,0.27,0.01,0.0
wind,0.26,100,0.26,0.23,0.03,0.0
wind,0.26,100,0.26,0.16,0.1,0.0
wind,0.32,100,0.32,0.29,0.03,0.0
wind,0.32,100,0.32,0.27,0.05,0.0
wind,0.32,100,0.32,0.31,0.01,0.0
wind,0.32,100,0.32,0.35,0.03,0.0
wind,0.32,100,0.32,0.42,0.1,0.0
wind,0.32,100,0.32,0.3,0.02,0.0
wind,0.32,100,0.32,0.33,0.01,0.0
wind,0.32,100,0.32,0.36,0.04,0.0
wind,0.32,100,0.32,0.23,0.09,0.0
wind,0.32,100,0.32,0.32,0.0,0.0
wind,0.37,100,0.37,0.3,0.07,0.0
wind,0.37,100,0.37,0.32,0.05,0.0
wind,0.37,100,0.37,0.38,0.01,0.0
wind,0.37,100,0.37,0.29,0.08,0.0
wind,0.37,100,0.37,0.33,0.04,0.0
wind,0.37,100,0.37,0.33,0.04,0.0
wind,0.37,100,0.37,0.38,0.01,0.0
wind,0.37,100,0.37,0.35,0.02,0.0
wind,0.37,100,0.37,0.33,0.04,0.0
wind,0.37,100,0.37,0.36,0.01,0.0
wind,0.42,100,0.42,0.4,0.02,0.0
wind,0.42,100,0.42,0.45,0.03,0.0
wind,0.42,100,0.42,0.34,0.08,0.0
wind,0.42,100,0.42,0.46,0.04,0.0
wind,0.42,100,0.42,0.37,0.05,0.0
wind,0.42,100,0.42,0.43,0.01,0.0
wind,0.42,100,0.42,0.39,0.03,0.0
wind,0.42,100,0.42,0.35,0.07,0.0
wind,0.42,100,0.42,0.35,0.07,0.0
wind,0.42,100,0.42,0.43,0.01,0.0
wind,0.47,100,0.47,0.46,0.01,0.0
wind,0.47,100,0.47,0.43,0.04,0.0
wind,0.47,100,0.47,0.36,0.11,0.0
wind,0.47,100,0.47,0.49,0.02,0.0
wind,0.47,100,0.47,0.4,0.07,0.0
wind,0.47,100,0.47,0.45,0.02,0.0
wind,0.47,100,0.47,0.52,0.05,0.0
wind,0.47,100,0.47,0.39,0.08,0.0
wind,0.47,100,0.47,0.52,0.05,0.0
wind,0.47,100,0.47,0.45,0.02,0.0
wind,0.53,100,0.53,0.58,0.05,0.0
wind,0.53,100,0.53,0.59,0.06,0.0
wind,0.53,100,0.53,0.53,0.0,0.0
wind,0.53,100,0.53,0.54,0.01,0.0
wind,0.53,100,0.53,0.52,0.01,0.0
wind,0.53,100,0.53,0.53,0.0,0.0
wind,0.53,100,0.53,0.48,0.05,0.0
wind,0.53,100,0.53,0.54,0.01,0.0
wind,0.53,100,0.53,0.46,0.07,0.0
wind,0.53,100,0.53,0.51,0.02,0.0
wind,0.58,100,0.58,0.6,0.02,0.0
wind,0.58,100,0.58,0.48,0.1,0.0
wind,0.58,100,0.58,0.55,0.03,0.0
wind,0.58,100,0.58,0.58,0.0,0.0
wind,0.58,100,0.58,0.52,0.06,0.0
wind,0.58,100,0.58,0.62,0.04,0.0
wind,0.58,100,0.58,0.61,0.03,0.0
wind,0.58,100,0.58,0.54,0.04,0.0
wind,0.58,100,0.58,0.59,0.01,0.0
wind,0.58,100,0.58,0.6,0.02,0.0
wind,0.63,100,0.63,0.64,0.01,0.0
wind,0.63,100,0.63,0.59,0.04,0.0
wind,0.63,100,0.63,0.65,0.02,0.0
wind,0.63,100,0.63,0.6,0.03,0.0
wind,0.63,100,0.63,0.59,0.04,0.0
wind,0.63,100,0.63,0.64,0.01,0.0
wind,0.63,100,0.63,0.63,0.0,0.0
wind,0.63,100,0.63,0.6,0.03,0.0
wind,0.63,100,0.63,0.56,0.07,0.0
wind,0.63,100,0.63,0.68,0.05,0.0
wind,0.68,100,0.68,0.66,0.02,0.0
wind,0.68,100,0.68,0.63,0.05,0.0
wind,0.68,100,0.68,0.71,0.03,0.0
wind,0.68,100,0.68,0.7,0.02,0.0
wind,0.68,100,0.68,0.7,0.02,0.0
wind,0.68,100,0.68,0.67,0.01,0.0
wind,0.68,100,0.68,0.73,0.05,0.0
wind,0.68,100,0.68,0.71,0.03,0.0
wind,0.68,100,0.68,0.67,0.01,0.0
wind,0.68,100,0.68,0.65,0.03,0.0
wind,0.74,100,0.74,0.7,0.04,0.0
wind,0.74,100,0.74,0.75,0.01,0.0
wind,0.74,100,0.74,0.7,0.04,0.0
wind,0.74,100,0.74,0.76,0.02,0.0
wind,0.74,100,0.74,0.73,0.01,0.0
wind,0.74,100,0.74,0.71,0.03,0.0
wind,0.74,100,0.74,0.74,0.0,0.0
wind,0.74,100,0.74,0.79,0.05,0.0
wind,0.74,100,0.74,0.73,0.01,0.0
wind,0.74,100,0.74,0.76,0.02,0.0
wind,0.79,100,0.79,0.74,0.05,0.0
wind,0.79,100,0.79,0.78,0.01,0.0
wind,0.79,100,0.79,0.79,0.0,0.0
wind,0.79,100,0.79,0.82,0.03,0.0
wind,0.79,100,0.79,0.76,0.03,0.0
wind,0.79,100,0.79,0.8,0.01,0.0
wind,0.79,100,0.79,0.81,0.02,0.0
wind,0.79,100,0.79,0.78,0.01,0.0
wind,0.79,100,0.79,0.82,0.03,0.0
wind,0.79,100,0.79,0.82,0.03,0.0
wind,0.84,100,0.84,0.82,0.02,0.0009992122650146484
wind,0.84,100,0.84,0.91,0.07,0.0
wind,0.84,100,0.84,0.83,0.01,0.0
wind,0.84,100,0.84,0.81,0.03,0.0
wind,0.84,100,0.84,0.8,0.04,0.0
wind,0.84,100,0.84,0.82,0.02,0.0
wind,0.84,100,0.84,0.85,0.01,0.0
wind,0.84,100,0.84,0.8,0.04,0.0
wind,0.84,100,0.84,0.82,0.02,0.0
wind,0.84,100,0.84,0.8,0.04,0.0
wind,0.89,100,0.89,0.85,0.04,0.0
wind,0.89,100,0.89,0.84,0.05,0.0
wind,0.89,100,0.89,0.86,0.03,0.0
wind,0.89,100,0.89,0.88,0.01,0.0
wind,0.89,100,0.89,0.93,0.04,0.0
wind,0.89,100,0.89,0.94,0.05,0.0
wind,0.89,100,0.89,0.84,0.05,0.0
wind,0.89,100,0.89,0.83,0.06,0.0
wind,0.89,100,0.89,0.83,0.06,0.0
wind,0.89,100,0.89,0.88,0.01,0.0
wind,0.95,100,0.95,0.96,0.01,0.0
wind,0.95,100,0.95,0.9,0.05,0.0
wind,0.95,100,0.95,0.81,0.14,0.0
wind,0.95,100,0.95,0.99,0.04,0.0
wind,0.95,100,0.95,0.94,0.01,0.0
wind,0.95,100,0.95,0.93,0.02,0.0
wind,0.95,100,0.95,0.95,0.0,0.0
wind,0.95,100,0.95,0.87,0.08,0.0
wind,0.95,100,0.95,0.93,0.02,0.0
wind,0.95,100,0.95,0.98,0.03,0.0
wind,1.0,100,1.0,1.0,0.0,0.0
wind,1.0,100,1.0,1.0,0.0,0.0
wind,1.0,100,1.0,0.99,0.01,0.0
wind,1.0,100,1.0,0.98,0.02,0.0
wind,1.0,100,1.0,1.0,0.0,0.0
wind,1.0,100,1.0,0.95,0.05,0.0
wind,1.0,100,1.0,0.96,0.04,0.0
wind,1.0,100,1.0,1.0,0.0,0.0
wind,1.0,100,1.0,0.96,0.04,0.0
wind,1.0,100,1.0,1.0,0.0,0.0
