RIDGE,NUB,CRACK,WEIGHT,DENSITY,class
0.4548013559928844,0.44753623877474613,0.6749661433190562,0.657959849938429,0.44886145356756196,0.0
0.6441122833711863,0.36282160241056943,0.5577815288316367,0.4406111286119305,0.3729961932036462,1.0
0.5092603573466397,0.5005646057566014,0.507796756238377,0.5805779088748246,0.2920668459469843,1.0
0.5439254427674786,0.6948870491325874,0.5672290007581304,0.5163993814255851,0.5211032724478749,1.0
0.20965305825622899,0.4079425171907595,0.467547804337543,0.7168375383029297,0.7368290084867113,1.0
0.5402065315894877,0.38386653908557644,0.4247847103876833,0.4608422348864516,0.5495494708902317,1.0
0.666978440608183,0.4761023184495332,0.5147754443486882,0.3165926859302959,0.5331392100024448,0.0
0.34231659972477374,0.760532868969862,0.6114581375909595,0.6317835562301327,0.7272901896413231,0.0
0.7210100580660319,0.36692836638753357,0.42276950889993326,0.3551461954809703,0.3287028952607132,0.0
0.30838992627068396,0.5132236611414546,0.27487413090386,0.5933732352014663,0.8380801871965915,0.0
0.5350600239424487,0.4449925412607944,0.48288698672299724,0.5873879549815287,0.4497913246952817,1.0
0.5327642340094652,0.665352224843842,0.8237395271080239,0.5351527821529827,0.6261175915901234,1.0
0.7373267249191663,0.5493287134714934,0.43617124676822594,0.10836364157049178,0.6207741067998465,0.0
0.4170841677761493,0.26144515300816007,0.5365571157347709,0.6517125347232167,0.3482345545349772,0.0
0.5363578389143107,0.36290480746943704,0.3806074115352466,0.3843036742174748,0.6184865365138128,0.0
0.49497096698403464,0.6319067627883205,0.6184692244390159,0.46436467252785024,0.7509473334963155,0.0
0.5991810340005147,0.5833001503634279,0.5063420529136184,0.4417924339184972,0.4108458771347746,0.0
0.24079614235687674,0.5820669325266405,0.2656259112144991,0.6275766774535354,0.9057468655048371,0.0
0.5864445463801031,0.4862295627574157,0.5087006810214674,0.38160600246284265,0.48774141724583525,1.0
0.48399995524775963,0.33866241924651874,0.4500314267756128,0.6323892436782268,0.4810838892187337,0.0
0.1866011792215348,0.8623253436666093,0.45485073901520795,0.7330579340760046,0.9245451052980826,0.0
0.30627985813539793,0.7490030250982118,0.5945978344683691,0.6203456570921276,0.8242674536374115,0.0
0.643595394994462,0.6094354536755835,0.2056396482793031,0.3416807468713309,0.5584378165054309,0.0
0.6436826618632595,0.5668909241110431,0.4557627634827347,0.2751295856124174,0.5698363776062586,0.0
0.6964970183819827,0.46336302961505776,0.32018214570360337,0.26746327214410504,0.6012599098941781,0.0
0.6469965652655486,0.4396674174932693,0.6114500379065232,0.4450227669749994,0.40966280166241753,1.0
0.39959722983631873,0.5857784724739836,0.615992340938397,0.6040579627137089,0.5580230852512835,0.0
0.19847618621407237,0.4268062926797378,0.47114892403791947,0.7410048970474528,0.7266484475954319,0.0
0.4202123493807409,0.4424815314485407,0.44726943438283645,0.642337982187348,0.5292756609506514,0.0
0.4135867801881832,0.32903737690108703,0.4823362081813293,0.5502720581918155,0.637145077358293,0.0
0.38952573813226526,0.3976964085130662,0.4147686406137617,0.5356496463243507,0.549584395627423,1.0
0.400812253163424,0.39633541147873225,0.5734122998567975,0.6251353131532977,0.5618735375266302,0.0
0.7303498506393977,0.3699267201160117,0.31521379927038046,0.23314384718920939,0.44542573254636264,1.0
0.4969333527259709,0.5177345639757754,0.36043433747821185,0.5738322976030242,0.45215747563999587,1.0
0.5176939170517224,0.36002531811076977,0.454031050950255,0.5234442567083823,0.4968000209548424,1.0
0.6698828610107294,0.6849024420684778,0.7810007322114729,0.37377072653856075,0.376296580868229,0.0
0.6301898613799354,0.46859009027748894,0.6351075962080517,0.4112274120106533,0.34068208011734713,1.0
0.6853559481321534,0.4698441093789931,0.5011663545588264,0.3100174689996851,0.40201864980966023,0.0
0.6408789340016335,0.7992975115744181,0.4888629339000952,0.3330908674360664,0.6608415115426257,0.0
0.49892930264821383,0.4773028485846226,0.18488663681662965,0.3819682694235231,0.6361060664268502,1.0
0.4048019153958895,0.4438098407811767,0.6104618764052953,0.6548727054039349,0.4351273006670625,0.0
0.6178113916827961,0.6609423567238604,0.5788083096282569,0.4655517053752972,0.4982363007718367,1.0
0.7066445888947316,0.4704800337574811,0.4996452338216903,0.19429393739797823,0.4912731812943108,1.0
0.7281972678757231,0.5700438015202753,0.5404158054002216,0.3494172227154272,0.4250558795795062,1.0
0.5121088374486749,0.62822493893343,0.7190008877254142,0.5435894498696985,0.6012293507491356,1.0
0.5684787594678959,0.3859466655572659,0.6339428615861126,0.5016022795612705,0.36093406209618273,1.0
0.19269867197726587,0.35456350031796224,0.5281917616489662,0.7035066869039779,0.8617635246044775,1.0
0.594175495910764,0.40836448570358796,0.4742689224827801,0.44967782582548194,0.4926439772290714,1.0
0.44920508832973455,0.7367391937429797,0.4891415630447038,0.4831452790744295,0.6848129780323404,1.0
0.4096441078081472,0.28428494166731055,0.5954191424702093,0.55318880838512,0.46938410225963056,0.0
0.19831284053657938,0.43470185844442205,0.5951145943354047,0.7618660328188094,0.7130059721300598,0.0
0.46029469350309354,0.6856780320814935,0.36146785721228303,0.5514490678427219,0.6646614046729299,1.0
0.4478938476857498,0.5770478845113783,0.5173122655141356,0.610176408259114,0.4968262145077359,1.0
0.44098410176659475,0.5123470364140997,0.4612446299092187,0.5035023912483176,0.6144658261446583,0.0
0.5454022667009768,0.4911862069785272,0.36964529861916584,0.3180933016409405,0.6448590786854329,0.0
0.47560891017106544,0.21870152562418654,0.2492483492843119,0.5145966379335033,0.5039464953026229,0.0
0.43969299963079406,0.28609465169768034,0.5340737524866032,0.5963687390818753,0.4662408759124088,0.0
0.5424933710743894,0.5469989718232012,0.3304071873359814,0.42775852687648563,0.5524656864457096,0.0
0.5358275248654636,0.4566501643299913,0.3888350709856344,0.49473638993098323,0.5558883106904621,0.0
0.6181134693055571,0.4074967758039689,0.6063763955756284,0.4697929493971764,0.35229018964132297,1.0
0.4969176894418277,0.7366857047765648,0.4713676155176994,0.5016251897247918,0.4983148814305173,0.0
0.5155659480202728,0.702556772594631,0.4615491780440234,0.4234485523640426,0.7114561869171935,1.0
0.3741242545954957,0.7296637921299902,0.37359470475030293,0.5341819639737679,0.78404725316942,1.0
0.7558429643884047,0.4888475505024992,0.5448285134811147,0.3780735416249034,0.23755369678343174,1.0
0.5051386760049675,0.701305725102372,0.6579713854348235,0.5439760588791204,0.5496018579960187,1.0
0.6806793390094092,0.6607759466061252,0.43656651136871705,0.30383315673415623,0.5342131456710789,1.0
0.6155066513017309,0.36557628418093535,0.6649533134189092,0.4438271428162319,0.3511944260119443,1.0
0.5017733075262081,0.7712752363915155,0.4582445067940153,0.5099430109682409,0.6783519016519401,0.0
0.5987066602521789,0.709736180531205,0.7321547752499562,0.45669406340387764,0.4980485803094332,1.0
0.5826607444535192,0.5705578899197072,0.2865198571863641,0.2693676794868124,0.6939501624000279,0.0
0.5506807934572224,0.6453324933584534,0.32400519675753436,0.4419556688335864,0.6084238466105543,0.0
0.4618185072890212,0.30886609334418963,0.5801787762348779,0.45868581574500994,0.5830466594488877,0.0
0.5891856211051566,0.6465775976322219,0.3571069871117821,0.47130931584524194,0.4939492892815982,1.0
0.5354784573902731,0.5224326781925485,0.35741315518347405,0.5160256593831439,0.48101840533649987,1.0
0.5445833007014914,0.7952412649546237,0.6676667077050678,0.5600446748188667,0.58578388572626,0.0
0.6279253980152382,0.35654853529380304,0.4573794604962191,0.30290529511154396,0.435965494359655,0.0
0.5950302637025766,0.4628370547786449,0.4624628224484374,0.36289985394770763,0.4689213494918451,0.0
0.5287879974491223,0.6452700895643027,0.6456712046498668,0.4723932529568431,0.5811345300876611,1.0
0.41281032881708646,0.6953803362673023,0.2656485903309207,0.5575274206019647,0.8139035378758775,0.0
0.5935444893209967,0.5913888707290547,0.6317624265358621,0.5045462355737564,0.4009752732860686,1.0
0.38944742171154945,0.3976964085130662,0.315323954978714,0.5448953291904122,0.6583662207941886,1.0
0.7602443472326333,0.5132355475784357,0.27089880578252673,0.2607405710358258,0.44013900045402166,0.0
0.465978228035041,0.2935296180293476,0.42242770221672166,0.49608093015263904,0.5379631893270004,1.0
0.35505308734518526,0.6164959972423467,0.7788915743842619,0.6884761877487902,0.5865871546816611,0.0
0.7003099092648326,0.6071116552457819,0.5234809851808173,0.38305220653512423,0.4268195788076695,0.0
0.7101822534990658,0.3368675672623753,0.7650427339350858,0.32357455826340964,0.3420092201306185,1.0
0.48350096776719886,0.4615592628031785,0.38178672558917104,0.524572582261806,0.691632032968952,1.0
0.3503541021022365,0.5367558347547532,0.6763058311248193,0.6012314212892695,0.5590533649984284,1.0
0.6446202212998289,0.5154107655459739,0.30249081495784924,0.2700449611959106,0.48602137393916117,0.0
0.4551168592877681,0.34307525897574576,0.4046132562675358,0.47193361780119714,0.6537168651555898,0.0
0.5283359998209911,0.41272383646640004,0.47914979232409105,0.4785603825997309,0.5330300701987218,1.0
0.4972108166165069,0.2919100909906751,0.5336169302843962,0.5817205532804491,0.3131657528027102,1.0
0.5790313377563464,0.6949940270654171,0.4779073007315635,0.39386293994673394,0.6217432682569064,1.0
0.6822322417516027,0.48161465359951033,0.6378047911253377,0.37070649216758794,0.33649111165438483,0.0
0.3995994674483392,0.42661313807879525,0.6724439015855942,0.5555900798991954,0.6487968428037579,0.0
0.6343316812297916,0.3122299550098361,0.6861647670206769,0.4315358400870587,0.28395121014214375,0.0
0.5307884225954063,0.3401927980078332,0.5860202686503334,0.5241014920243994,0.36589337477735484,1.0
0.4920329824011815,0.4703344249044628,0.5117931405392446,0.48415332626936636,0.6003213075821605,0.0
0.5757935131627527,0.5881141573407664,0.3203214602759077,0.3313969472207109,0.631482904341145,0.0
0.69801859455589,0.33036271462447775,0.5132300245582432,0.37970159512013524,0.2764467572381518,1.0
0.5905214754813664,0.4028343208981392,0.350241694583579,0.3304347203528166,0.5577524185380506,1.0
0.6452199013213099,0.6821180442056592,0.5011922735490225,0.3910120564735532,0.4791892222261028,1.0
0.6643828106644589,0.22227637154624713,0.40081936407757557,0.3543672499212464,0.3433276289595921,1.0
0.3936407066378761,0.5847116647549314,0.4808944643516688,0.667461840258885,0.5002095484231481,1.0
0.6008144907754445,0.3433902495557445,0.6539377425855488,0.3858529740256022,0.46588726294834637,0.0
0.4610800953222721,0.5841411157798395,0.556187510934574,0.5242432486611874,0.6148499982537632,1.0
0.5094953066087872,0.49807736881830994,0.504198876411775,0.4968512844010425,0.5171131212237629,1.0
0.2090712791309115,0.2850813329450431,0.6549858417516053,0.7017096709527766,0.7722688855516363,0.0
0.2707242031304192,0.548018233794329,0.33210488119382875,0.6422692516967841,0.8465581671497924,0.0
0.6610510063660062,0.6497096737767372,0.4753364608914837,0.3655187720152353,0.49272255788775193,0.0
0.5778364529374252,0.42789984488199745,0.6409393690021836,0.3931584524184542,0.4451637970174275,1.0
0.22840424698761486,0.40091466132569437,0.6675840909238175,0.8071794724934851,0.5962307477386233,0.0
0.6590103042033542,0.44194664178439197,0.4712169613871844,0.24944586041982883,0.5130705828938638,1.0
0.6146832100782046,0.9433730142221219,0.7401605033467895,0.469785789971076,0.4606136276324521,0.0
0.4175205021201374,0.7085356503961155,0.6425981843747368,0.5968770583350039,0.6164128802430763,0.0
0.4529598013000526,0.46044788094544725,0.4180409131260246,0.4932214553681378,0.555246568644571,0.0
0.3489018919009633,0.34284347345461463,0.5328555599473844,0.6968111916148803,0.4790233297244439,1.0
0.5353911905214755,0.3948882377762854,0.611229726489856,0.36585956069761455,0.6080134809485559,1.0
0.5172531074836935,0.27791678305469547,0.45539503780932694,0.5183954294223776,0.44002986065029864,1.0
0.4711224980700597,0.720704390255499,0.5063598722193783,0.5387711561041267,0.5093510983829848,0.0
0.5755496134525235,0.6969463743395599,0.5608658886649776,0.4372476302299608,0.526058219536898,1.0
0.5198196484711516,0.5005913502398089,0.5029985031783162,0.5012500357971306,0.5177112073481648,0.0
0.6131213568879292,0.6893449978901576,0.335223259701802,0.4035682579684413,0.6169804072224357,1.0
0.6614649645897899,0.34282564379914304,0.33741989412092505,0.3690784386723561,0.4245101805608913,1.0
0.5030778353341314,0.6307537784011554,0.4695792051941656,0.4976159111085656,0.636494604128104,0.0
0.45925867913762436,0.557776998555798,0.7458902201170242,0.5178054927117043,0.5118744106450599,0.0
0.5798816303241181,0.6397131802756466,0.5177917668327642,0.45885048254531924,0.45101369049697904,1.0
0.5285888499793021,0.4042577217266239,0.3714531481853467,0.43660757753658475,0.5893025529982887,0.0
0.5181638155760173,0.6868755906073376,0.741608726923999,0.5706578080701052,0.4727848985436385,0.0
0.562971996285564,0.37522807100957456,0.6324055414801039,0.5928233912769554,0.3710796982502707,0.0
0.6943377227822468,0.4649320392965607,0.4460139832952108,0.30696182594003274,0.4676596933608075,1.0
0.41761224421297594,0.2968637636025413,0.4422055116732652,0.6857212405853548,0.3774883875248839,1.0
0.4741320862375673,0.6326407502719023,0.5315369313211558,0.49284200578481635,0.6504339398596026,0.0
0.503030845481702,0.5506094770562051,0.3648648648648649,0.4753157306910279,0.6500279397897532,0.0
0.5271702039583357,0.7322996095305453,0.48337944753672396,0.4433331424153041,0.6460159606048965,0.0
0.6490081784719348,0.5570073517612728,0.45579354228359265,0.3368123371230563,0.4822625990989418,0.0
0.6486412101005807,0.49802982307038557,0.5324197969247118,0.43687104441707963,0.26493032514930326,0.0
0.622971325001958,0.27236284537528455,0.43489797637484046,0.3371960823620379,0.45590315370376844,0.0
0.36839373021111876,0.2813311620775115,0.4872689160030325,0.5956442051605144,0.5926727901372543,0.0
0.36567279399424935,0.6989938131095514,0.38702884135634075,0.5535596666571209,0.9115181783257083,0.0
0.49527304460679566,0.4789520917157478,0.5095608675086019,0.48728629113090305,0.5724339049348655,0.0
0.4869155637104083,0.5276062498885647,0.4079503262552891,0.49246398808671504,0.6120647504627529,0.0
0.6275539544198432,0.6966819011167309,0.5144125784859421,0.4145794553108624,0.5363653826004959,1.0
0.5246618408834093,0.3830018007952027,0.6734741814458909,0.5798820126578654,0.3629029441553453,1.0
0.3676530806323492,0.08911856126566775,0.36143059866387606,0.6394942581402676,0.472003457548982,0.0
0.33109721305422857,0.5331661307864661,0.6607268980800508,0.6286706377616771,0.5673086997520345,0.0
0.6298922589812153,0.5661569366274612,0.6293924588698024,0.4484464045362125,0.4127318129431076,0.0
0.5315581611304416,0.5169292578703072,0.4516351642939991,0.5166986454365818,0.48549313728914195,0.0
0.7089627549479196,0.2767756851045115,0.4316435231683374,0.20743291617743925,0.4597536059791151,1.0
0.32473791969210464,0.3721346257852478,0.517121112961439,0.7322088261404966,0.5053609471588727,0.0
0.607681722066211,0.3393310313267047,0.5161005527224659,0.4044402760674705,0.3986265847099501,0.0
0.3261162886967029,0.37593828561919423,0.3061129938377601,0.598543772731178,0.6429906052456956,1.0
0.48538727470043974,0.4694994027065417,0.5123795576924323,0.4814986110713366,0.5971300597213006,1.0
0.7284366923619114,0.7878152134506922,0.4617565299655925,0.2511211661273233,0.6101002339957392,0.0
0.5712601112093174,0.688625868452802,0.3395954693605137,0.4080572181333945,0.6630592323542766,1.0
0.5060896611136595,0.2689930404911476,0.6400791825150491,0.5333085139895187,0.4488265288303706,1.0
0.3817298978530113,0.36780796272413363,0.7012010212082137,0.6304690855980986,0.48974085845004023,0.0
0.5454045043129973,0.7206241568058768,0.44711716031543414,0.43827429193275874,0.5841511542625643,1.0
0.3513811660196239,0.2681491034654907,0.620265734446986,0.6404980096795442,0.4926265148604757,0.0
0.3977847640997528,0.3686518997497905,0.6885152954440895,0.5716615596093818,0.5408182865923934,0.0
0.32350723308085616,0.5497447387658313,0.46464001762491336,0.7645937741630632,0.49768187056892405,0.0
0.8511943254159162,0.601744928948823,0.4867181374613645,0.04389873707723596,0.48817361086857824,1.0
0.7050178449558631,0.4314390314931148,0.5934379596570918,0.28028150863426793,0.4085845004016345,1.0
0.16178829952674512,0.3324012385667334,0.5696135478561755,0.7496434605802,0.6228564942548808,1.0
0.38901780020362275,0.3531074117877796,0.6273173197172238,0.4982731464245827,0.6984117975762233,0.0
0.39061321757420486,0.5415014947194504,0.6495477136210773,0.623454279904923,0.540412286522544,1.0
0.6277598147257247,0.5772113230198682,0.5019212451482891,0.34825310003150156,0.5467685886913701,0.0
0.39951667580358247,0.35620085701210635,0.49017022296811313,0.6023425642200522,0.5393951035518458,0.0
0.6017028227475638,0.42675577532256825,0.47040861288044217,0.39565566024227505,0.47684926483428214,1.0
0.46016714961792776,0.44788688866568804,0.6273448586443072,0.4415346945788826,0.6255195054657214,1.0
0.6437207012676073,0.2422128979727682,0.6482663435432555,0.32943812823964036,0.47886180281493385,1.0
0.5414663071570021,0.6318592170403962,0.5530286340044192,0.4842220567599302,0.5901407466908812,0.0
0.5060247703650664,0.6212832597364778,0.6307337666124527,0.46533978636272527,0.5889052841127371,0.0
0.5173963146530024,0.5375730272972026,0.2973134966661699,0.3685658237635672,0.7257971571263927,1.0
0.7228135733545161,0.3318574340748489,0.5209295845833847,0.3385220080758327,0.18290521426326267,1.0
0.5649768966558889,0.393895720288365,0.5750678753555761,0.4004281336808042,0.5267829078336186,1.0
0.4522303397813853,0.5702637006044253,0.6126293519604475,0.5830579340760046,0.5656323123668495,0.0
0.6985914232331256,0.5860607753522844,0.513973575589495,0.2952146395944902,0.47015244647784027,1.0
0.5204439422248577,0.7237265168579393,0.32828507001367224,0.37824536785131313,0.7929574267453638,1.0
0.4910394826641009,0.24020111851371995,0.6837186623209159,0.5783871244881011,0.3195831732616212,1.0
0.5622514852149786,0.3331887150167302,0.5684552929817854,0.4095320599100777,0.47543481297803236,0.0
0.2794866918025084,0.46522920022108777,0.4649623850654778,0.7660299550388042,0.5371555547794503,1.0
0.2960114565735448,0.6168525903517792,0.38191146072949,0.6986798018270857,0.7790355533824609,0.0
0.2675199427171323,0.4298700218116119,0.6070988874273459,0.7184570004868411,0.6362021094541264,0.0
0.28410959823676174,0.5343577460938197,0.7964306310626137,0.7351585096938631,0.5910356930814096,0.0
0.40791443371633795,0.3699237485067664,0.5950400772385908,0.6193691113720325,0.5153014004819614,1.0
0.326924066636086,0.6884029977594067,0.4865642434570749,0.6556960394054814,0.7919096846296232,0.0
0.48147369127666956,0.5415579552951105,0.3215850110479696,0.4851169850224807,0.6703977927566096,0.0
0.28635616070529535,0.6218359790560981,0.690940340964316,0.7265743577994789,0.6634215765026369,0.0
0.36860630335306166,0.6978348855038958,0.557789628516073,0.5818651736876773,0.6973640554604827,0.0
0.5924323961468321,0.49649647269982594,0.5385172393683542,0.417391677883101,0.363728041071491,1.0
0.4906926528009309,0.6293333491819161,0.5590823381521056,0.6354549099344198,0.4211093842768834,0.0
0.3310077085734105,0.6640506599944135,0.3266667530633007,0.578402875225522,0.9058952956379005,0.0
0.6556225596043902,0.6637000101034716,0.49731414464092477,0.4395987857613335,0.3101447630356582,1.0
0.3280988129468232,0.3098526676136195,0.4058427883649653,0.5550717374495261,0.698913840673349,1.0
0.2557657667736991,0.6061458822410689,0.4088769301548012,0.6905538532031273,0.7522963014703314,0.0
0.39524731206856045,0.7018376431572755,0.5069641086783259,0.6149388585011026,0.6289552264869207,0.0
0.6062160861928151,0.5837280620947468,0.5024509645104227,0.41386208081560194,0.4451026787273426,0.0
0.4549199494299684,0.39342323441836696,0.6499494579691175,0.5930782668461297,0.5119049697901024,1.0
0.6421566104653115,0.548083609197725,0.17833885191832927,0.3531301010910966,0.5403249746795656,0.0
0.48039739989483227,0.5257073915808368,0.6056944021460924,0.6136544574586902,0.3887559808612441,0.0
0.2461350846376747,0.23668570477656475,0.5329689555294925,0.6745210343938831,0.6822110851115846,0.0
0.4917555185106455,0.5159040526806887,0.6728942440402521,0.6406999054955755,0.41573097474941506,1.0
0.5539253308868776,0.17020486274136892,0.3833046064525326,0.5323935393338871,0.3746114622987462,1.0
0.5616585180295589,0.48707349978307257,0.45010108406176497,0.33242074515306863,0.5319343065693432,0.0
0.5384052539130241,0.29515805989575594,0.4244153647773883,0.41798877401987466,0.4612510040861943,1.0
0.7842718251082446,0.5124332130822126,0.45270432263958993,0.25815745009880015,0.44107760276603925,1.0
0.7109139526297535,0.6879067390154465,0.2583151360422998,0.313137546894241,0.5349902210735865,1.0
0.6658215951936094,0.6132093974170774,0.5156583099522443,0.35683438815544555,0.5094165822652185,0.0
0.3593649657085958,0.2354079128010983,0.5743421436300842,0.6058707294023312,0.5996315440226313,1.0
0.47468253879459843,0.32251469460771787,0.37035483097578514,0.5091927031129185,0.5403468026403102,0.0
0.7530772759311263,0.886419151427264,0.6415776241357636,0.26878490220223955,0.5888921873362903,0.0
0.5022745326187893,0.23413012082563195,0.5636424604897393,0.43342879234800546,0.5853342297349213,0.0
0.10433761090164584,0.2993718018055498,0.6175280411075185,0.7864600933589165,0.7769837250724689,0.0
0.6710755082176302,0.7609429510457093,0.5746515515755506,0.36858587015664834,0.46774700520378587,1.0
0.3093095848110896,0.5290415371540305,0.6230293467766496,0.6565351241444487,0.7316688785666888,1.0
0.3872567995435272,0.5898674067954761,0.4741603867113337,0.4874251839972509,0.6624043935319388,1.0
0.8749398641769504,0.5570251814167445,0.4628370278693942,0.22371774678541773,0.23271225509028048,0.0
0.26592005012250924,0.31903791179075114,0.603839574410181,0.6586614736962686,0.6559433171515385,0.0
0.7046240252402636,0.5078361335797789,0.5554293804713368,0.40770640625447474,0.4396063982118535,1.0
0.6554166992985087,0.3900653159712111,0.5555848944125137,0.48049629141728006,0.30079366465267354,1.0
0.5285440977388931,0.2710523656981202,0.5792262533451696,0.41832383516137356,0.4921681276848392,0.0
0.5290072834271266,0.39935159486268196,0.6720632164170883,0.5275938600761764,0.3613968148639682,1.0
0.5595484498942729,0.532340023416281,0.23585633103734277,0.3951745468083279,0.5720410016414628,0.0
0.6366050950425706,0.603741850361645,0.3326621394830458,0.26131762077951837,0.6351718297069815,0.0
0.6951455007216298,0.2997610826166802,0.6055469878893518,0.3415891062172457,0.2922938567387281,0.0
0.59851422561842,0.243297535347292,0.4858368917946957,0.4400584209169794,0.35712290015017645,0.0
0.8176211946610578,0.4214544244290053,0.4557692432302837,0.19590624015578917,0.41279729682534144,1.0
0.3966793837616496,0.3703070860994063,0.263046971689983,0.5463300781809332,0.59640537142458,0.0
0.6600485561808438,0.6542800087959635,0.5607298139664478,0.27099716486726433,0.5857751545419622,1.0
0.6362135129389915,0.5853386743056835,0.3638102859512593,0.36183596322918765,0.504963678273321,1.0
0.6306955616965575,0.5773391022174149,0.48393994569971555,0.40952776425441745,0.4750026193552894,0.0
0.30179568364641257,0.4534972869207591,0.641041425026081,0.6848105615853834,0.6895365487374708,1.0
0.7070831608507402,0.468711926256545,0.4384164792939667,0.3266173143560813,0.43524953724723225,1.0
0.6381937995770913,0.7456035041216221,0.6192030558489441,0.29643746957243916,0.6370403031467189,0.0
0.4210134144840626,0.2760773569318729,0.21726917519293448,0.4985881611730005,0.5689239688471345,1.0
0.5938935567961872,0.7786151112273341,0.3623248038256429,0.4347489905209199,0.6351630985226837,0.0
0.6593034313780334,0.47032848168597224,0.42844576775288834,0.27573240929007137,0.5374873397827682,0.0
0.4126962106040434,0.8135582643424721,0.7213319769061797,0.48811105701766955,0.7932324590507458,1.0
0.25995905170002576,0.4523740186260468,0.4958400020735192,0.767569231650391,0.744176300073342,0.0
0.49411396158020165,0.6527139707237057,0.41092615031718366,0.5663048770010597,0.5586342681521322,0.0
0.5542206956735772,0.18496187425338317,0.5463075158591821,0.4668103324837482,0.3540844480145287,1.0
0.41675747642116334,0.33702506255237463,0.5889183357416394,0.6089206449211032,0.42316121258687533,0.0
0.678439489376937,0.5105819005224089,0.45270756251336447,0.3688593602336837,0.3149512799916181,0.0
0.33043264228415437,0.5215649682929294,0.7241506670900102,0.7682393539333888,0.5222950791045298,0.0
0.593828666047594,0.30825988505815444,0.5344576775288835,0.37854033620664973,0.4717808123493871,1.0
0.7229344044036206,0.5728460290385656,0.5518493199504947,0.2655202039004554,0.4720602102469179,0.0
0.4140477282643963,0.44944104030096466,0.6310302150628211,0.6297803488072398,0.5796196696119862,0.0
0.47129479419563447,0.6683297773076032,0.4999400623351714,0.5377759958761706,0.5808856913351728,1.0
0.516854812544053,0.5014352872654658,0.5029725841881201,0.5003364930267191,0.511922432158698,0.0
0.4182835278191115,0.44891209385530645,0.5672500599376649,0.6070606260202183,0.5106738728041073,1.0
0.2629507389713698,0.6546722612163391,0.464951045507267,0.6551132621209085,0.8512380819334335,0.0
0.6663384835703338,0.3361484378250198,0.4890314073363702,0.4039505713222029,0.29495250235741977,0.0
0.39946968595115295,0.6131351071859455,0.5761580928807013,0.6069833042183339,0.6464350574511928,1.0
0.6040567905930792,0.39944668635853064,0.4363494398258244,0.4173616082934793,0.4774560821429819,0.0
0.44304270482541036,0.291063182355773,0.4068552489195021,0.5479352215126436,0.5769828519540391,0.0
0.6103332923104463,0.5913324101533945,0.49849993844239826,0.3561656977576678,0.5386442217022317,1.0
0.5235519853212651,0.3892837827397049,0.6180529006589903,0.6080386036255334,0.4354721824468271,1.0
0.2623040690974592,0.25484223726516864,0.4877629967536465,0.7360949626277958,0.6670930394998779,1.0
0.31895593023125723,0.6226888309094908,0.6682207261205103,0.7185701194192274,0.6026612649739811,1.0
0.6935791723073137,0.595959205748281,0.48971016089213165,0.2974383573412756,0.53453183389795,1.0
0.6255848558418456,0.34013633743217303,0.6745676388447905,0.45479395171683046,0.3222287221038662,0.0
0.5252346695606449,0.5608942166540869,0.6003243113648292,0.37558062945674286,0.698809066461775,1.0
0.47809713473780785,0.24950522706066244,0.3297494929597543,0.5049056387639967,0.46046956309153775,0.0
0.8890256318456943,0.6934042161191973,0.4988255457567373,0.16434176236432896,0.40312314462333676,1.0
0.6221769727346975,0.28749725126144815,0.3170718668800664,0.3805020189581604,0.4491932385708798,1.0
0.4378268312057373,0.4638890044514707,0.4601220136463483,0.49909648042612914,0.738837180875214,1.0
0.6345890066121436,0.6529427846355916,0.45912413252379686,0.37308055786248184,0.4980922362309224,0.0
0.4730222306754232,0.23062659352545778,0.5193987442249249,0.5285861565336923,0.6357131631334475,1.0
0.835750327250758,0.8236557925579019,0.5354587985252095,0.24038059509149756,0.3827576572486292,1.0
0.6541390228348307,0.48767079324137197,0.6666331879709966,0.401967410292391,0.42786732092341007,1.0
0.4868529105738356,0.4727533148301131,0.4189788565837475,0.48897305192015816,0.59479010232948,1.0
0.6194470860697464,0.5590488473127738,0.6199854853654901,0.37799621982301906,0.44629885097614647,0.0
0.6881798145019635,0.5186468480140736,0.634195571740525,0.38773017554912803,0.46125973527049213,0.0
0.5315715868025643,0.5081511241597776,0.5005199997408101,0.5073069102780722,0.5015497852128663,1.0
0.5734954856177488,0.43254447013235553,0.666885898125409,0.370317019387726,0.5528847832920057,0.0
0.7522359338114365,0.4696509547780506,0.4127566789997862,0.2928992811936196,0.33640379981140645,1.0
0.6182298251306206,0.8570834249579519,0.6477900820984014,0.4232094275322891,0.5756295183878742,0.0
0.562233584318815,0.6907594838909064,0.6300452934353677,0.5164094046221256,0.5316025215660253,0.0
0.5534778084827872,0.3755103738878753,0.5033678487886112,0.37687505369569585,0.49009883700625156,1.0
0.24800796589879281,0.3916759281821478,0.40201973731103435,0.7465362696526248,0.7553216568295325,1.0
0.5005180071827346,0.32018792456867096,0.3233053840222385,0.43697270826770535,0.660182307128139,1.0
0.4350231033441112,0.6937310931361771,0.6668081411548206,0.5448695552564508,0.5302928439213496,0.0
0.5690560633691725,0.3521832413125004,0.5017300925955924,0.409713909333028,0.575747389375895,1.0
0.532511383851154,0.6732329325622999,0.43389685537851447,0.5402574529625707,0.47009132818775545,0.0
0.5109788433783466,0.4976554003054815,0.504211835906873,0.49730805578624826,0.5200075088184962,0.0
0.6518723218581131,0.6426580450377098,0.6831792233374587,0.3961725708067242,0.4218471693500507,0.0
0.7340575737572863,0.4111696848311235,0.4985566362334523,0.2680575045104385,0.34406104844061053,1.0
0.7144896566384356,0.3455327798215846,0.3569595728550416,0.34034193419055536,0.3430918869835505,0.0
0.7255479352435081,0.4309873468878337,0.3283547272998244,0.28920931298147146,0.396745014493766,1.0
0.5117463443013616,0.49471053554341826,0.5048646704724384,0.4969343337438072,0.5312794677470053,0.0
0.37502153701569685,0.5272585716068681,0.8210747309284829,0.7177095564019589,0.5548536653511683,0.0
0.4255960439019479,0.4317213343714155,0.5225122629222365,0.6001789856525102,0.5404035553382461,0.0
0.4303397813853056,0.5182664820306789,0.6042413187582212,0.6040121423866663,0.5324363496664688,0.0
0.4376813864244079,0.5327411906643924,0.6234618699255476,0.390886050574186,0.8333959068208012,1.0
0.43918282409013104,0.2751531864565937,0.4740955892358434,0.6538231335376157,0.43691719344811936,1.0
0.41990803414595945,0.6271432731681515,0.4971910294374931,0.6163306509350212,0.4958963433800161,0.0
0.5310882626061467,0.34706315858289905,0.42562059782150885,0.4932586843838599,0.3228268082282681,0.0
0.61545294861324,0.565286255118597,0.6564000466541824,0.43873822274406493,0.4107803932525408,1.0
0.4600284176726598,0.4662960079401399,0.5530334938150809,0.4851799879721642,0.6459024552090247,1.0
0.4315458542643291,0.5426812235898228,0.6288837986872031,0.5047194936853863,0.6131998044214718,1.0
0.3373379129792685,0.5343458596568387,0.54506178439288,0.6642830550703056,0.5881500366709741,1.0
0.36298318434566634,0.4486297909770057,0.7233925366267729,0.5303244651908704,0.8080143540669857,1.0
0.47179601928821563,0.46834641831937673,0.7622208038774809,0.531167845585498,0.45248052945901585,1.0
0.5966547700294247,0.3037905847532673,0.2792301411936991,0.4154829748847333,0.41089826424056164,1.0
0.5458207001488012,0.4777664196268848,0.34180344333784757,0.41800452475729555,0.6471903048929557,0.0
0.615200098454929,0.43011666537896937,0.5285675870068102,0.38871531258054365,0.4765785981210492,0.0
0.6130587037513566,0.7003340088791685,0.4173054617792091,0.23339013144706328,0.6813466978660986,1.0
0.48526868126335576,0.6113640280757642,0.5446600400448398,0.5793994673386982,0.5335845004016345,1.0
0.3697609111556147,0.4296946968661409,0.5943111056393243,0.6542985194306825,0.5837495197848637,0.0
0.5771137042548193,0.34453729072441897,0.5060990623805296,0.474005555714654,0.4364544406803339,1.0
0.6809970799163133,0.4719628667708711,0.3993873398692387,0.35753028437240475,0.4045506932560333,1.0
0.5883151900292009,0.8413249811302814,0.5789800229383063,0.3706692631518658,0.6861357524534628,0.0
0.44332016871594637,0.6876333509648815,0.5526592883941241,0.5787493914487816,0.6331330981734363,1.0
0.5063111847036843,0.4839919409957269,0.507722239141563,0.49251410406941787,0.5646544197254916,1.0
0.4850807218536378,0.3829096809085993,0.5774151639052142,0.5932028408602767,0.39689781021897813,1.0
0.5317259820319755,0.42650913175521077,0.36918685648007155,0.4316990750021479,0.5938384032410157,1.0
0.5439209675434377,0.638554252669991,0.378626228722129,0.3703055643059653,0.6833243111095589,0.0
0.4984191271075509,0.5399205986009664,0.3789323967938209,0.45036083507546043,0.6304831837390424,0.0
0.3929537597475974,0.5755383070147808,0.5888292392128402,0.5889658924940577,0.5368455977368771,0.0
0.35535292735592583,0.6931694589888209,0.5800993993274022,0.6862667888542056,0.6621992107009396,0.0
0.4764659155748985,0.5890086117235929,0.327507500307788,0.4990034078868239,0.6534636608109524,0.0
0.30650138172542263,0.2671565859775703,0.5292512003732335,0.7201537844726368,0.5850591974295394,0.0
0.44261532092950406,0.5258797449170625,0.3978273406468084,0.4570391477419171,0.7424649879509657,1.0
0.4956556762622929,0.4774811451393388,0.5098880947598281,0.48709871416707246,0.5780742499912689,1.0
0.6572604916033609,0.700788665093695,0.5055077854166802,0.43792634382427914,0.49473509586840364,0.0
0.46388382318389815,0.5865659489239804,0.43528676122778254,0.5050359403190241,0.6990055181084763,0.0
0.4601604367818664,0.4527692426556678,0.35386873327415164,0.5415361264641028,0.6659754479097546,1.0
0.6058401673733792,0.43283865944763733,0.9242776701419713,0.48184369540937605,0.1907589145391681,1.0
0.8572179769749724,0.3151540185071824,0.28275998367103616,0.18273146424582615,0.24657737575524746,1.0
0.38182163994584983,0.47745737226537666,0.6559124456511174,0.6875597812079385,0.5205619390214089,0.0
0.5236772915944105,0.4334953850908421,0.4124845296027267,0.5328030585068302,0.3870010128173786,0.0
0.6182298251306206,0.5898287758752876,0.5086391234197516,0.34915375583493236,0.4673977578318724,0.0
0.15407748850426828,0.5455963722594335,0.7666416116428103,0.8729388012256938,0.6246594838123843,0.0
0.7563307638088632,0.8143397975739783,0.4354341754845231,0.0978979924969215,0.6684201795131492,0.0
0.2248061668587284,0.5138417558644709,0.4301062030623287,0.7484535639623129,0.7121241225159781,0.0
0.6397198509750395,0.4615236034922352,0.6377254142178621,0.41455224949168085,0.4015558970418748,1.0
0.4578467459527193,0.397452736554954,0.352381631211648,0.4216615596093818,0.6848784619145741,1.0
0.5443662523355076,0.2844008344278761,0.3076065756478128,0.39459033763853496,0.5142842175112633,0.0
0.6036763965496023,0.5151195478399373,0.6586031608208545,0.4624917666599846,0.5113810987322321,0.0
0.7635381121267384,0.3060608942166541,0.30411885152954443,0.2689767748217303,0.3208404638005099,1.0
0.6692630424810643,0.38150410973558624,0.12749065296416057,0.22577536584667385,0.5409710823176056,0.0
0.5533010371331715,0.4984933941126478,0.6440609873839315,0.5465749305535669,0.2754339398596026,0.0
0.5311665790268626,0.4769135677734921,0.4817384514699307,0.6141484578596181,0.44192452764292955,0.0
0.6052069231715913,0.41745166677562573,0.47875290778671264,0.4998138549213896,0.21533719833758252,0.0
0.4757856815206812,0.35757671209266667,0.4771815690060715,0.5244608952146397,0.5259840044703664,1.0
0.2762779561651806,0.5785515187894853,0.5798920474058331,0.7551633781036113,0.6095589005692733,0.0
0.5528311386088767,0.41644429124147897,0.4243554271125597,0.4725278501675307,0.4629055635106346,0.0
0.7218021727212719,0.4431650015749529,0.5114626734142438,0.2900426701795585,0.3845344532532393,1.0
0.4828766740134928,0.5038928081113047,0.6865341126309719,0.6154443139837912,0.3681896762476863,1.0
0.3906825835468388,0.31788789901283143,0.4362263246223927,0.6067126779117387,0.5211643907379597,0.0
0.570445620433873,0.4452778157483404,0.39719880513455197,0.49023311091382926,0.3657886005657808,1.0
0.46694263881585574,0.21012248973309006,0.3453219462569739,0.5033062229731665,0.5692601194426012,1.0
0.29164140029760244,0.4487962010947409,0.7236371470967491,0.7149030613706007,0.5435511472776168,1.0
0.8559313500632126,0.4171782787250608,0.672686892118683,0.28439674675678006,0.197346593091887,1.0
0.6256072319620501,0.389910792290457,0.5717680639162298,0.39077865918268,0.46836691928893237,1.0
0.5874425213412247,0.2666246679226668,0.5388282672507079,0.40013459721068767,0.4684585967240597,0.0
0.4695405063716003,0.3338157245674823,0.4770957123510468,0.5503551075345802,0.6104145566304614,1.0
0.49308689766281427,0.466197944835046,0.7615209911421851,0.6126621610011742,0.46336831627842007,0.0
0.46818898871124737,0.533724793324577,0.6398669707828183,0.5773103468026004,0.4020099186253624,1.0
0.44558686969266403,0.4987281512430242,0.445958905441044,0.5120965663392424,0.6049662976286104,1.0
0.5544466944876428,0.40086711557777,0.47573820523952387,0.49006128468741955,0.5004540215834876,0.0
0.6101967979771987,0.3002721994068668,0.6020025659800294,0.3563389558692976,0.46046083190723996,0.0
0.4168917331423905,0.45142607527680545,0.6131444918905959,0.6302256651106848,0.4712394789229212,1.0
0.5197659457826608,0.506059111251107,0.5017074134791708,0.5024542512672185,0.49805731149373106,0.0
0.5379622067329746,0.6799249965826495,0.7554267885723172,0.49496978722185636,0.6291778716865156,0.0
0.7986126805473199,0.6535965386695513,0.4327823388000803,0.21930610842234893,0.5368979848426642,0.0
0.4802094404851143,0.3493691273572291,0.4030629766664291,0.5697700392336551,0.5610659029790801,0.0
0.5005873731553686,0.3689787767667703,0.42280514751145293,0.36253615510180714,0.5874471763349981,0.0
0.5554849464651325,0.5273447482749809,0.7351014404478802,0.5373836593258685,0.3237304858030944,1.0
0.6166209820879158,0.3905467166689449,0.5686448255975947,0.4231850854835477,0.3872629483463137,0.0
0.7121468768530225,0.457107792153763,0.6264198746816824,0.33704716629914955,0.457653756155485,1.0
0.5641870196126694,0.6917579445973173,0.48611714087619146,0.4241745181706235,0.6283964306918591,1.0
0.5691657063581745,0.4637879697371315,0.2966865810908007,0.5244236661989176,0.4556892396884714,1.0
0.4015640908022958,0.2730849464218853,0.39498273147278185,0.5786964116956386,0.5296991233890965,0.0
0.4900929727794498,0.6554597376663359,0.4861349601819513,0.4924468054640741,0.5435205881325743,0.0
0.7608037502377463,0.564879144651995,0.31303660409390455,0.2625834073140698,0.45922536932909586,0.0
0.4908448104183216,0.3309481216457961,0.6759980431162402,0.5967510524356369,0.47147522089896277,0.0
0.6398541076962666,0.4362589816889439,0.2928327512360118,0.4490907528852488,0.3779729682534139,0.0
0.6232711650126985,0.8199501958290494,0.43051442715791793,0.42189782067069515,0.5725299479621416,1.0
0.4078294044595608,0.3668243600639491,0.6104861754586042,0.6470832498066956,0.4903782349037824,1.0
0.6182052113983957,0.49757813846510446,0.4144932513429277,0.30582777284572876,0.5905729403136242,1.0
0.46374061601458927,0.30200464759685963,0.660658860730786,0.5776998195824623,0.3767855271889079,1.0
0.5223548628903235,0.6377251736905605,0.5863069974793782,0.5503336292562789,0.4257718366919289,1.0
0.47925621776440186,0.5914334448677337,0.3015625911214499,0.43103468026003044,0.6339058079837949,1.0
0.5507770107741019,0.47741576973594285,0.26181257978189176,0.49635012457401423,0.42751807355149657,0.0
0.30816840268065926,0.4887851467083485,0.5154784969577585,0.7956642515535955,0.6522238326406594,0.0
0.34164307850661774,0.18971347743657102,0.6728537456180707,0.6631260918124804,0.5053260224216813,0.0
0.5442677974066077,0.2866325129710744,0.35228443499841244,0.3771027234456887,0.4786347920231901,0.0
0.36047482127073993,0.4063259617613323,0.3000900684909316,0.6644119247401129,0.6033815876785528,0.0
0.613665096608899,0.27063039718529175,0.5602729917642408,0.44297803488072407,0.3800335277477037,1.0
0.20715812085342528,0.6139166404174518,0.7107440694110557,0.7472765543114065,0.7945421366954215,0.0
0.6624025240263591,0.44689437117776765,0.24936174486642004,0.34564850081617465,0.5389498131526561,1.0
0.44905516832436426,0.3138197659560559,0.7482618077199712,0.5987385091211089,0.4550169384975379,1.0
0.6961770398630582,0.5413618290849227,0.32953566129063616,0.27459692431054733,0.5206274229036427,1.0
0.6349940143878453,0.5624037941506844,0.35977664310198476,0.3161903261834532,0.4853970942618657,1.0
0.4547006634519641,0.529332754860067,0.3858689665450634,0.5237850453907615,0.679596095414382,0.0
0.5647911748581914,0.6508002543697515,0.4656476183687883,0.3279876285116986,0.7404830091153565,1.0
0.39473713652789744,0.2866592574542818,0.4902836185502213,0.4806151378905468,0.6888336884014948,0.0
0.4424049853995816,0.38913520227744136,0.5034796244338321,0.542942237750222,0.6137673314008313,0.0
0.18886340497421156,0.5591795981195657,0.5592443318408314,0.7376671725994446,0.714778402542521,1.0
0.5883151900292009,0.3356729803457765,0.47137733513902297,0.47190354821157543,0.34484685502741597,1.0
0.407424396683859,0.37208410842807815,0.6329806190750809,0.6712348578137978,0.368311912827856,0.0
0.6306038196037189,0.4361074296174351,0.38911208019335564,0.2782067069503709,0.6425715083993994,0.0
0.4834629283628512,0.4049857659917152,0.46365833587123445,0.486452933932816,0.5936244892257186,0.0
0.5138295610924022,0.2714059871983074,0.3802024273134319,0.5004066554025031,0.40166067125344884,1.0
0.451292780344816,0.27722736970979267,0.49359638948466567,0.42432772988917217,0.7208116508923271,1.0
0.4310871438001365,0.3673711361650789,0.7723842879081431,0.6016638506257339,0.44075018335487026,1.0
0.6614045490652376,0.4574584420447049,0.43885872206418836,0.3874538217016525,0.42857018125938606,0.0
0.6367192132556136,0.35545201148229816,0.37686697726256585,0.34414931699075013,0.48991111654384806,1.0
0.5226770790212686,0.5106829352367481,0.5004406228333345,0.5045691457372778,0.48418782523661513,0.0
0.5182824090131013,0.5064810797639354,0.5016944539840728,0.5019974798820127,0.4951629238989977,1.0
0.4964254147973283,0.4745362803772756,0.5105393093885062,0.4867249921246314,0.589346208919778,1.0
0.7902440115908302,0.730573104559043,0.30522526842354225,0.1252842292161861,0.5214525198197885,1.0
0.4844251015316455,0.7469793592021825,0.3970189921400662,0.43042326527105595,0.751837914294695,0.0
0.7166131504458442,0.6237110644898639,0.3870061622399191,0.3439101921589966,0.33756068173087,1.0
0.535091350510735,0.6161304893051784,0.6860610910598923,0.44567284286491604,0.5573726120210946,1.0
0.6315973193407995,0.47459868417142625,0.5499183551808822,0.3540135742718864,0.49791324695281675,0.0
0.39017464561819626,0.5382446109866338,0.7697405509081365,0.6350597096136774,0.5174056158977405,0.0
0.7015428334881015,0.6093047028687917,0.49254019063417287,0.29692287866204653,0.4400211294660008,0.0
0.7067877960640405,0.3659417921181037,0.42347094157211634,0.42949253987800345,0.2984842664058953,0.0
0.10451438225126147,0.4726463368972834,0.42344988239258197,0.7998868810676137,0.8652647295079106,0.0
0.6400420671059845,0.39134905116516805,0.43885872206418836,0.4024685701194193,0.24879509656689835,0.0
0.5348989158769761,0.6406016914399825,0.3103993468414471,0.4837538302929638,0.5175234868857612,0.0
0.40341012071916854,0.3658080697020665,0.6118048040848328,0.6318580142615768,0.6737549331191284,0.0
0.5790828028328169,0.5791339542015583,0.7942939343083193,0.5364772759815574,0.40618779031187796,1.0
0.5474653449838333,0.35575808723456104,0.4781600108859759,0.4053896159683841,0.5718008940732722,0.0
0.6321432966737898,0.3947456005325124,0.6547055926701095,0.45952776425441744,0.3526307058289387,0.0
0.5059822557366779,0.5012956216309381,0.48563277974690106,0.6189467052321087,0.509442775818112,0.0
0.558523623588906,0.5297190640619521,0.5708204008371833,0.512196798304648,0.3415813921000245,0.0
0.44463364697195157,0.3719711872767579,0.5001117756452208,0.4913514132707123,0.5739443998183914,0.0
0.5248721764133317,0.5127838629731545,0.4998153271948525,0.5058564105501304,0.47870027590542386,0.0
0.5388438258690326,0.6434395782692159,0.3777547026767837,0.33754975801139786,0.6979752383613314,0.0
0.854378447321019,0.5702280412934821,0.41297051066890433,0.19968784902202247,0.41774351273006677,1.0
0.5661292668464215,0.23690857546996003,0.33752195014482234,0.3680188436094963,0.4986597632102819,1.0
0.48606303353061614,0.587068150886431,0.35502212833787994,0.41827658294911085,0.6768457723605631,1.0
0.44263769704970857,0.5654972393750112,0.6228511537190511,0.676488444686274,0.350185974225544,0.0
0.3628041753840302,0.756625202812331,0.48246580313230997,0.580600819038346,0.8027494499353893,1.0
0.7263803269151162,0.4134964548701704,0.47874642803916356,0.2997594432830265,0.29161718995564556,1.0
0.25010908358599704,0.5525826255950648,0.3949568124825857,0.6998525158223318,0.7496594838123845,0.0
0.40891464628947993,0.37839283485578784,0.5225106429853493,0.6542698817262809,0.47442199559948317,0.0
0.6373367941732583,0.2828763988850522,0.3094549236361751,0.4339242246341534,0.34274700520378587,1.0
0.5102516194716998,0.6820110662728295,0.48468511666785463,0.5068930954494688,0.635416302867321,0.0
0.29683937302111185,0.6791048324309548,0.5513390398310082,0.6060425556287409,0.8435721021199316,1.0
0.6257437262952977,0.5843075258975746,0.7042870009784419,0.30360405509894334,0.658292005727657,0.0
0.6017430997639319,0.32866295413618296,0.5378725044872251,0.4690397777714139,0.33858659588586604,1.0
0.2800304315234782,0.6390950855526303,0.6110563932429193,0.7557518829290646,0.7000270666713233,0.0
0.2406462223515065,0.3772368788593775,0.6032644968152041,0.6695080042383803,0.8037011490238537,0.0
0.6408766963896131,0.5874425736513352,0.38158747335203824,0.3246141069331883,0.5097920231900256,1.0
0.25680401875118875,0.7000011886436982,0.6099904747711029,0.7669864543658181,0.6225334404358608,0.0
0.6779561651805194,0.33326003363861667,0.45329883947721394,0.3470803860362554,0.41391488841546475,1.0
0.4691399738199394,0.5139695350620176,0.4375562928068322,0.5328231048999114,0.5844174553836483,1.0
0.3678813170584353,0.6795416589900095,0.3242514271643977,0.5549557547466996,0.7503623441483603,0.0
0.46315659927725134,0.34956525356741697,0.6645191703331238,0.5738881411266074,0.3015969336080746,1.0
0.38499233617883,0.5959889218407337,0.2850359949976349,0.5375984421088806,0.8143750218279608,1.0
0.4704758281961491,0.6637743003346033,0.5153926403027338,0.5946146796872763,0.42905039639576714,0.0
0.5321958805562704,0.39397595373798733,0.425458604132783,0.4895887625647929,0.5238012083959068,1.0
0.43200232711650133,0.6814494321254734,0.5546404712072418,0.4570448752827974,0.7474068382635422,0.0
0.6071066557769549,0.6273572290338111,0.6800106267859805,0.5489633151006617,0.38444714141026093,1.0
0.5977556751434869,0.35344320363249515,0.43117374147103227,0.4767819811563906,0.39394230433415994,1.0
0.7291907676128037,0.47982871644310265,0.5485835271857809,0.3448051204215471,0.269313379666818,0.0
0.5614437072755956,0.6890151492639325,0.44489460690611493,0.4108780320169536,0.5891672196416723,0.0
0.5955516273033419,0.6421915023862023,0.5928045643341735,0.3644419943297346,0.40327157475639996,0.0
0.6168581689620837,0.4106674828686727,0.5170433559908506,0.3282940519487959,0.4894658261446583,0.0
0.393481836184424,0.40459351357133944,0.28647125907974624,0.6833629256278818,0.49669088115111937,1.0
0.5448876159362729,0.7702678608573688,0.5929535985278014,0.4602207967009365,0.6109602556490763,0.0
0.5361967308488381,0.42593561117087353,0.4534478736708418,0.48094017583550513,0.49545105298082637,0.0
0.3218088855573332,0.530759127297797,0.503980184931995,0.7120564735530801,0.6375903677574827,0.0
0.42792539801523816,0.4648191181452404,0.39151444659716056,0.4510252298175779,0.7151756714280726,1.0
0.503679752967633,0.15428892362369917,0.4307671373123303,0.4822575102379794,0.49327698809066467,0.0
0.7210659983665433,0.4904165601840021,0.438149189707569,0.347676050287809,0.347378898473789,0.0
0.6760609077991967,0.27960465710600924,0.4535758486849352,0.35555428276869333,0.3673034610414557,0.0
0.6691175976997349,0.6094562549403004,0.17718059704393918,0.3094747845012744,0.5583985261760905,1.0
0.23228874145511913,0.6194289755674288,0.3581631859622749,0.6674947736189468,0.9680656934306571,1.0
0.6592900057059107,0.6648054487427122,0.5706600270853447,0.4603267562072225,0.3258739915482136,0.0
0.7734910103937078,0.47804575089594026,0.6178585082325192,0.25835505025917127,0.45177330353089096,1.0
0.58568599590517,0.3430812021942363,0.5254346290668516,0.386753629829033,0.5168904760241679,1.0
0.654080844922299,0.6102793907012405,0.33862836703882015,0.28847618774879014,0.6134922990954493,1.0
0.3425202224186349,0.355900724478334,0.6278794378171026,0.6603611214525045,0.4792110501868474,0.0
0.5944954744296886,0.3534075443215519,0.6095433721902195,0.5230218505684585,0.30988719309887197,1.0
0.5393830903659614,0.26330835200494473,0.42042870009784417,0.4594547381081933,0.5518064820312227,0.0
0.4136292948165718,0.723295633517375,0.5570476974217085,0.5128196683753831,0.733598470296511,0.0
0.40864613284702567,0.1981677057393661,0.3945178095861385,0.5961754345771644,0.363457374358258,0.0
0.4430964075139012,0.5112118816824064,0.5353842814283956,0.6179386580371719,0.518400970907694,0.0
0.5336637540416868,0.7903321664814364,0.38103831474725747,0.4539434118961025,0.5988239094750812,0.0
0.4078159787874381,0.38348022988369124,0.41097960823446317,0.6091955668833587,0.5268571229001502,1.0
0.5039437911860463,0.48318069167176797,0.39819830619399066,0.5530971677310348,0.5218803478503825,1.0
0.3531444042917399,0.386353776023868,0.32726288983781193,0.5729302099143734,0.711700660077533,1.0
0.49214038777816316,0.5738296316987502,0.770181173741471,0.47651135484979534,0.6429251213634618,0.0
0.36454727514796215,0.6187306473947902,0.5943240651344224,0.6035138463300782,0.6804255579226767,0.0
0.5687808370906569,0.2815510611616615,0.4541995243865299,0.4049314126979582,0.5533126113225999,1.0
0.3699332072811895,0.6062885194848419,0.5497822804823524,0.6666528251095394,0.5979682534138931,1.0
0.47725131739407706,0.6997396870301144,0.3421144712202012,0.5222643832870358,0.5535832780358328,0.0
0.5093543370514987,0.5516941144307289,0.7873346854406552,0.4998840172971735,0.48711713756853986,1.0
0.6420044528479207,0.5233271325753749,0.5595440201649744,0.3423608923508692,0.5239452729368212,0.0
0.6198476186214072,0.4882472854349545,0.6035026275376312,0.4172799908359347,0.5101107114168967,1.0
0.5728353900717155,0.7194325414985232,0.43211492480252967,0.4032818809244252,0.5638904410994308,0.0
0.5246528904353275,0.7251677473418956,0.5053571312861651,0.3819238809817006,0.7888275765724864,0.0
0.6774706033720813,0.47957612965725466,0.4465194036040356,0.29170508892007224,0.5319037474243007,1.0
0.515210167709021,0.3956311400876031,0.3010701303077232,0.4740427847303761,0.5063519365766773,1.0
0.4984168894955304,0.627532553979282,0.2564360092530795,0.3848134253558236,0.7333234379911292,0.0
0.4322395139906692,0.8232516537005451,0.6220411852754216,0.5238552077665455,0.6758023958369714,1.0
0.5846097045233327,0.7929650122727463,0.5389611020754631,0.42689510008877696,0.5970602102469179,1.0
0.5900806659133373,0.3444421992285703,0.40796004587661266,0.4076949511727141,0.45452362658471,0.0
0.6726037972275988,0.4039813620668137,0.6629980495959877,0.44343337438070973,0.2822006076904271,0.0
0.5495351361027512,0.636084845387171,0.5448252736073402,0.4598069818723332,0.46317186463171867,1.0
0.48854007003725625,0.38066314431917464,0.3893777498428661,0.4415518772015236,0.5291097684489925,1.0
0.3654535080162451,0.44821079407342257,0.7637597439203768,0.6659597926630202,0.45020605594942903,1.0
0.4992604692272407,0.2808675910352493,0.3563650560174175,0.48863369512299903,0.5667499039569728,0.0
0.665611259663687,0.4988975329700046,0.384965041761973,0.3370285517912885,0.44285003317850036,0.0
0.42863024580168047,0.3503794745006211,0.5717178458727248,0.5684297946676595,0.5795891104669438,0.0
0.5208735637327844,0.4742361478435032,0.2853794216177338,0.4464474927689797,0.5494621590472533,0.0
0.5174612054015955,0.37402159765599463,0.6240628665107207,0.37010510037515404,0.5454196207173542,0.0
0.33086673901612207,0.42586429254898706,0.2501619936887259,0.6199977089836479,0.6016353508189851,1.0
0.5009565791387431,0.46904474649201533,0.28513967095841947,0.43133967181190763,0.7060996053504698,0.0
0.5566999697922378,0.6474274778763692,0.7177972746181809,0.5552607462985768,0.46721440296161776,1.0
0.36356943869502467,0.6851045114971562,0.6936618349349108,0.575919986253902,0.718231585932316,1.0
0.4180373904968618,0.4419377269566561,0.6054514116130035,0.6832641255476962,0.584273390842734,1.0
0.4423960349514998,0.6815415520120767,0.3967970607865118,0.4851542140382028,0.6898596025564908,0.0
0.7861111421890559,0.7563458715432756,0.5559671995179067,0.2543142701681034,0.4388817099151329,0.0
0.6066747966570076,0.5454121324862267,0.24797507889092646,0.30977261662705124,0.5494272343100619,0.0
0.4917868450789318,0.1576141543691571,0.674820348999203,0.5525730977404852,0.43082719240037726,1.0
0.494883700115237,0.2632102888998509,0.2547204960894724,0.43705432572524994,0.6581130164495512,0.0
0.40281491592172836,0.2630527936098515,0.44700214479643874,0.5647598728485925,0.5652525058498935,0.0
0.6906367125004196,0.6777081760856776,0.4685602648920798,0.30998883129528343,0.4868552020396047,1.0
0.43783801926583954,0.30638777123363387,0.42827081456906435,0.58669921819067,0.5353787587748403,0.0
0.6517604412570905,0.555625553462222,0.4566731680133742,0.33131676164838636,0.5387358991373591,0.0
0.5833745426880433,0.3209011107875359,0.33908356930413996,0.36112861193046775,0.5183092934725667,1.0
0.2999697922377239,0.47219168068275696,0.7122830094539516,0.694112087975028,0.5095650123982818,0.0
0.29481880936664395,0.5100588972952413,0.5294990507169841,0.6951287264812853,0.7024499703139735,0.0
0.4474351372215572,0.358699980387379,0.4966580702015849,0.579714482087116,0.612863653826005,1.0
0.6282095747418356,0.7184132795273954,0.4678831312732056,0.4033935679715915,0.5357847588446898,0.0
0.5235407972611629,0.41250096577300477,0.3538946522643478,0.4966450929293509,0.3978189501624001,1.0
0.595359192669583,0.49319204321908494,0.5734058201092486,0.402746355852115,0.4865539761813293,0.0
0.24358644454638012,0.4547483344130181,0.40566135543359233,0.7204473209427533,0.8078571927496246,0.0
0.42659401886306936,0.3424839087359369,0.6222955153667213,0.6206921733153872,0.5825577131282088,1.0
0.5173157606202661,0.05334335756185404,0.4564998347664375,0.5000930725393053,0.45007945377711034,1.0
0.6103869949989371,0.638676088649047,0.6030684844518457,0.4487098714167073,0.5689414312157302,0.0
0.6151486333784585,0.4125901140503629,0.6544431628943737,0.4172785589507146,0.3956055949428981,0.0
0.3243821393808528,0.29621595278707236,0.5294909510325477,0.7665626163406742,0.4069648657143855,1.0
0.47122095299895955,0.7208618855454985,0.687429937729626,0.47942810504309985,0.8300169384975379,0.0
0.4923529609201061,0.5913799559013189,0.4077024759115385,0.47064205733268427,0.6632120280794888,1.0
0.5966972846578132,0.4257959455363458,0.5617374147103229,0.35348664051089673,0.509115356406943,0.0
0.7072823083205604,0.5418610594381281,0.44572239465550423,0.2131461382055615,0.6906541403275941,0.0
0.4566608115818799,0.3084649260960781,0.568145885036319,0.6014318852200808,0.3662906436629065,0.0
0.38961971783712424,0.610439857600485,0.6462365626235201,0.6828775165382743,0.5241635525442672,0.0
0.6920464080733042,0.47864898757273017,0.46737285115371907,0.2523010395486699,0.6147321272657423,0.0
0.4777122654702901,0.4106288519484842,0.4533684967633661,0.45466221827658304,0.5042870114902386,1.0
0.730405790939909,0.6333479932722768,0.47422356424993684,0.23786906841547592,0.5485672126567248,1.0
0.5991989348966783,0.3403562365163231,0.5553953617967043,0.4765815172255793,0.29070914678867044,0.0
0.5353240621608619,0.6733250524489033,0.8483155896246282,0.5676866462384376,0.5333312960569973,0.0
0.6368736084850248,0.4498214062843593,0.49701607625366917,0.36326498467882823,0.4450066357000664,1.0
0.5903156151754847,0.6481674085784417,0.2598702754540683,0.3136444342621496,0.6137716969929802,1.0
0.510014432597532,0.6536203115435133,0.6033390139120179,0.4604012142386667,0.6428770998498237,1.0
0.7176693033194974,0.3439964578417797,0.2772781172445522,0.20137890546693787,0.5121756365033354,1.0
0.3780691645875522,0.2803713322912891,0.6537514498435141,0.6020404364386152,0.5005587957950617,1.0
0.6474284243854959,0.6141068234091491,0.6091756465168117,0.3980640911824509,0.41518527573080016,1.0
0.5648806793390094,0.433296287271409,0.6015165849138517,0.41521234857813805,0.5370202214228339,1.0
0.5622000201385082,0.8335631377816344,0.6711625315077724,0.530441879778917,0.5328991024342542,1.0
0.39384656694375764,0.2377406260586358,0.4693232551659787,0.5753672785589508,0.4698730485803095,0.0
0.5842718251082445,0.34632917109931716,0.3877286540916366,0.4576863598613936,0.40850591974295397,0.0
0.49818641545742387,0.7024408798340654,0.6766654571137909,0.4890603969185831,0.596252575699368,0.0
0.33339524059923253,0.3487748055081749,0.6686775483227173,0.7733769581030385,0.39667516501938327,0.0
0.7174186907732069,0.4394653480645909,0.5411852754216696,0.3147484177668319,0.3706213110746342,0.0
0.6750427943298911,0.5381406046630492,0.49197807253429404,0.36748475042240625,0.41129989871826217,0.0
0.2577751423680648,0.4814779595742279,0.2993756763236505,0.7637475299979954,0.5924981664512975,1.0
0.6000313265682864,0.6625826850272497,0.6941137973264562,0.5307397119046938,0.3186489365417525,0.0
0.28997885456640676,0.30604900777967303,0.598545620662619,0.664145594089178,0.6158584500401635,1.0
0.542421767489735,0.20360575065821146,0.37231657454625566,0.38212864056817214,0.515593895155939,0.0
0.7263221490025845,0.34934238287402164,0.43124987850473345,0.2785546550588506,0.4241347396360843,0.0
0.6596099842248353,0.5753897265525173,0.4177541842969798,0.29836621896388793,0.4549907449446443,0.0
0.6012441122833712,0.3857356813008517,0.6416408016743668,0.5135427704115239,0.2157868543289212,1.0
0.5106812409796265,0.6799695707213285,0.515569213423445,0.5329849079297805,0.5348374253483743,0.0
0.49649478076996234,0.4056930089920896,0.40643892513947655,0.5166070047824968,0.48952257884259426,0.0
0.4891419876707578,0.3272870990556226,0.481058077977282,0.4777728457286865,0.48947892292110506,1.0
0.47950683031069247,0.527401208850641,0.5529119985485366,0.4828746527678342,0.6849832361261482,0.0
0.5857575994898245,0.507366619319026,0.609177266453699,0.41513073112059345,0.3797323018894283,0.0
0.4861570132354751,0.4665545379444785,0.5130323922579976,0.48112488902889555,0.6084020186498097,1.0
0.8205815553641154,0.36956418378808864,0.5423159913689762,0.24576448351900118,0.23284758844689696,0.0
0.43385954509347624,0.7487771827955712,0.6052570191865325,0.6106847275122427,0.5544476652813188,0.0
0.5823810429509627,0.30499408649760196,0.5278175562280093,0.2738322976030242,0.5236178535256523,0.0
0.3068191226323268,0.6338680248901991,0.5173835427371749,0.7553867521979439,0.6158016973422276,1.0
0.4894530157416006,0.2840739574108963,0.3047036487458449,0.46542140382026986,0.5868840149477876,1.0
0.4386614604893658,0.1839218110175384,0.4983444245012214,0.6652223717746786,0.3926850137952712,0.0
0.5994607355030711,0.7717893247909473,0.5662294996986917,0.4327200091640655,0.5818897775294242,1.0
0.7764603215448473,0.5800135505381585,0.489919132750588,0.32041295569747136,0.25099972060210246,1.0
0.3696893075709603,0.6280882449081476,0.6084126562429127,0.7532518113348035,0.4584701218873328,0.0
0.5023729875476891,0.47728501892915093,0.3856778139923669,0.5751467682350584,0.5030122585827542,1.0
0.6602812678309709,0.584399645784178,0.606580507623423,0.3843852916750194,0.4057948870184752,1.0
0.830742551548987,0.7684908385286968,0.27724733844369426,0.18182364901629494,0.5052474417630007,0.0
0.440693212203936,0.7355059759061924,0.15996876761681367,0.42048884561413563,0.8189588935843259,1.0
0.5315178841140735,0.5136188851710756,0.49922891004166475,0.5085111257481602,0.48189588935843264,0.0
0.31259887448115375,0.2636798031606036,0.6413265339182386,0.7681290987714426,0.49196294485384,1.0
0.5503138250858683,0.3108927308494642,0.6092793224775963,0.3815687734471206,0.5382993399224671,0.0
0.6392723285709491,0.5230923754449985,0.4891075443700713,0.38858644291073635,0.40220637027206374,1.0
0.5508016245063269,0.41045352700301324,0.37645227341942755,0.4332941951373179,0.6069046205427304,1.0
0.7852205726049161,0.799526325486304,0.4182547447951428,0.21024084309401764,0.5347501135053959,1.0
0.5711057159799062,0.5075211429997801,0.5987286735308792,0.3386208081560183,0.6581872315160829,0.0
0.6454861771517437,0.6875947200446931,0.4768397623228599,0.3369240241702226,0.5373607376104496,1.0
0.47045121446392413,0.5533076982509109,0.6015360241564989,0.6049758011397808,0.3964132294904481,1.0
0.5735603763663418,0.3832514159718054,0.6004101680198539,0.38458575560583075,0.4137795550588482,0.0
0.8301965742159967,0.4754129051046304,0.6772696935727384,0.15648071250608558,0.42541822372786653,1.0
0.3608261263579508,0.5162814470548381,0.7183529129705106,0.7298490792978036,0.5301968008940733,1.0
0.6419082355310413,0.5719575178742297,0.6184157665217362,0.4040150061571065,0.4199350399888241,1.0
0.28329734507333776,0.4556992493715047,0.6010322237845613,0.6738953005527077,0.6770291272308177,1.0
0.44480594309752636,0.47091983192578113,0.6190961400143851,0.5967954408774594,0.5172877449097196,0.0
0.9295353598639533,0.06690281054802416,0.24434642026346653,0.025182565365560405,0.240181783257081,1.0
0.7153712757744934,0.19030779928562513,0.3331756594763068,0.2150004295655661,0.5503265462927392,0.0
0.24931920654277756,0.7280502083098082,0.7671032936556792,0.6800452475729546,0.8752750323053821,1.0
0.5119253532629977,0.3528845410943843,0.49256124981370725,0.5600833357198088,0.5278131875807635,1.0
0.5520725881339434,0.5654883245472754,0.5962291109138388,0.39835190011168714,0.6195080850766599,1.0
0.6487777044338283,0.5647127345342597,0.6649743725984436,0.43553939116240453,0.3869137009744002,1.0
0.47117396314653004,0.7879727087406916,0.4831931547946892,0.4867808356482145,0.5820600356232319,0.0
0.5099942940893478,0.4667863234656096,0.29451748559876106,0.45002291016352136,0.4845370726085287,0.0
0.4392454772267037,0.6112778514076513,0.5710066935792182,0.5773203699991409,0.5747694967345371,1.0
0.5014466161712221,0.22955978580640563,0.35342973037770453,0.5046335805721814,0.4244927181922956,0.0
0.7206900795471074,0.6070403366238953,0.3445427566142023,0.2764612388670925,0.5250366709740509,1.0
0.4469473378010987,0.2771917103988494,0.610403558677354,0.4663421060167818,0.5477901372542172,1.0
0.6592295901813585,0.6371308518415063,0.4381524295813435,0.4025888484779061,0.45709932595257224,0.0
0.48067710139738873,0.3899078206812117,0.4818745261684605,0.6262435923136402,0.4186908462263822,1.0
0.28942168917331423,0.3720217046339275,0.5652121793334932,0.7349064978951289,0.6171070093947544,1.0
0.2090354773385843,0.4962765736156759,0.6825458280145406,0.8159411781551591,0.6364465826144659,1.0
0.36264306731855767,0.29317599652916043,0.5202070927316672,0.5647741917007933,0.5818810463451263,1.0
0.5583177632830244,0.3674097670852674,0.562689937600031,0.39406769953320553,0.5921532846715329,0.0
0.5811481187276938,0.36068798697246507,0.6608872718318894,0.5056129900627166,0.2972007823141131,0.0
0.45590897394300806,0.563167497726719,0.4229298826517719,0.511913285031072,0.660444242657074,1.0
0.4522840424698762,0.4791244450519735,0.7418128389717936,0.5559709613677368,0.48650158907554225,1.0
0.30236627471162775,0.28614516905485,0.6177078541020041,0.5922520690741431,0.8040416652114694,1.0
0.7424620445061031,0.5850177405071944,0.6503139437687507,0.32252212262665036,0.39604215415779,0.0
0.5868786431120708,0.30940395461758363,0.571155727772846,0.4170594805120422,0.5587783326930466,0.0
0.4873474228303555,0.599878758342793,0.6758878874079066,0.5155903662762393,0.5541027835015542,1.0
0.6066971727772121,0.6389999940567817,0.648088150485657,0.3677181477132794,0.5546834072573604,0.0
0.7325382351953995,0.4468200809466359,0.526701419712688,0.43849480225665116,0.20043743233332173,0.0
0.4374822389545877,0.4436672035374037,0.3919372501247351,0.4689896617887111,0.6675645234519612,0.0
0.6106890726216981,0.6682584586857168,0.5755716757275137,0.3782052750651509,0.5325280271015961,0.0
0.21014980812476924,0.5214282742676469,0.4980738950410492,0.6973825138176925,0.8336622079418854,1.0
0.5868585046038868,0.6765581633077578,0.40504091960577215,0.3116956384776197,0.6508355743373032,0.0
0.5062015417146821,0.49492449140907774,0.5051384398063852,0.4949225350095937,0.5253422624244753,0.0
0.5220594981036238,0.3914530574887525,0.646341858521192,0.54946733869813,0.43364736492857897,1.0
0.41102695203678635,0.3954647299698679,0.544592002695575,0.6152209398894586,0.5125685397967381,1.0
0.4308678578221322,0.6176014358815873,0.7348552100410168,0.5848606775680862,0.6433005622882688,0.0
0.32403307190566233,0.4354863632851735,0.568652925282031,0.7303058506830093,0.5526490413159642,1.0
0.39129345162842216,0.5979650419888387,0.5998836885314948,0.5664681119161489,0.47994883526001475,1.0
0.6347590651256979,0.3253317801722345,0.4036720729360384,0.41739883730920135,0.3207487863653826,0.0
0.0,0.8559066676968247,0.786657551821781,0.9188722472006645,0.9737060384870605,0.0
0.4553025810854656,0.4599278493275249,0.5026016186409378,0.5872662447378219,0.5982913072329131,1.0
0.5264228415435048,0.22125116635662878,0.652287026897432,0.5902159282911883,0.3515087486466665,0.0
0.4821852518991732,0.4965737345402029,0.33697765135070334,0.498792920759472,0.6416852931931688,1.0
0.8542710419440374,0.5419888386356748,0.47632948220337334,0.25906526532833135,0.39149320713861635,0.0
0.4209462861234491,0.5081362661135512,0.3470957771485223,0.5579455310862282,0.6153040198372508,0.0
0.2314921515758383,0.5649356052276551,0.6674220972350917,0.8454680832784445,0.7153721230747739,1.0
0.800718273458565,0.4199062160122193,0.6014469276276996,0.2569761447922335,0.33847745608214297,1.0
0.4730692205278527,0.35595124183550364,0.460520518120614,0.5088948709871417,0.5234214018789509,1.0
0.32659961289312045,0.3781610493346567,0.7063993986794275,0.6565551705375298,0.622520343659414,0.0
0.4819256889048008,0.637490416560184,0.8245948537844965,0.5870213923651881,0.451502636817658,1.0
0.5011624394446247,0.5354958724347584,0.7196229434901216,0.5514261576792006,0.43890790346802644,0.0
0.2762824313892215,0.6255207745202338,0.47248213209613354,0.7408803230333058,0.7092952188034786,1.0
0.7391011512513845,0.40141092006965456,0.46290182534488455,0.2142644405624446,0.3621738902664758,0.0
0.46206240699925044,0.45306046036170433,0.2977719388052642,0.5056731292419601,0.6447674012503056,1.0
0.40461619359819206,0.6541968037370959,0.6592365561437726,0.5866949225350097,0.6727595781091749,1.0
0.491312471330596,0.6455761653165656,0.6030927835051546,0.46193189953893304,0.6433398526176091,1.0
0.42980946733645853,0.4962379426954874,0.6235509664543469,0.5557905438300067,0.639087765864562,0.0
0.2514449379622068,0.21733458537136202,0.4003447225696087,0.7449110799278331,0.6114273740090106,0.0
0.4809389020037816,0.47076530824502705,0.5123390592702508,0.4801297288009394,0.5884468969371006,1.0
0.537181280137837,0.4008463143130531,0.4672432562027383,0.5132850310719094,0.46521496175741284,1.0
0.5312717467918238,0.688625868452802,0.8024794753996384,0.4632979180388901,0.5159300457514058,0.0
0.6353318938029335,0.4465199484128636,0.4288734310911247,0.3813611500902089,0.4496036042328782,1.0
0.4205412783477473,0.5152294973820123,0.40130372520686597,0.4321458231908131,0.8295017986239654,0.0
0.3664447701413052,0.3146042707968073,0.5861595832226376,0.6001274377845873,0.49910505360947166,1.0
0.4442510153164543,0.5502617987745084,0.550674865707232,0.6296672298748534,0.5333749519784864,0.0
0.5490182477260268,0.7512792777800892,0.44256999747289844,0.39266731578796654,0.7220514790626201,1.0
0.7091798033139034,0.6374220695475429,0.5618232713653476,0.3981958246226983,0.3456108336534768,0.0
0.7545787135968495,0.5163171063657814,0.5536668891379992,0.2163335147054613,0.4363147417315685,0.0
0.34975889730479637,0.5191728228504865,0.6728424060598599,0.6559365961224549,0.5731323996786925,0.0
0.2709188753761986,0.3925555245187479,0.5057264768964601,0.5854391591969988,0.8968454231131913,0.0
0.6864747541423792,0.5314752851259071,0.6591021013821301,0.36782267533434526,0.33620298257255615,0.0
0.24149203969523725,0.5694524512804665,0.4955403137493763,0.7432472293020993,0.5737086578423498,1.0
0.6216511339098914,0.527401208850641,0.6222209982699074,0.34922964575159665,0.49064017043271757,0.0
0.43477472840984105,0.4278522991340731,0.5065429250876385,0.6012829691571925,0.5262546711835994,1.0
0.6695315559235184,0.43122210401821004,0.4018885224231664,0.3945960651794153,0.43231149373100974,0.0
0.38935120439467,0.6106389554199182,0.4317083206438277,0.6856424868982504,0.5437126741871268,0.0
0.49476734429017355,0.42189125098806013,0.3079240832777155,0.4718792061628341,0.6243844515070025,0.0
0.6339154853939876,0.5661361353627444,0.5502196634419123,0.2862954265586071,0.647989208256208,1.0
0.5154272160750047,0.4963894947669962,0.5042507143921673,0.4986769380566455,0.5286863060105473,0.0
0.6584710397064253,0.5183853464004897,0.571218905311449,0.3508018557232453,0.49355202039604656,1.0
0.3110817735312874,0.6433504299918579,0.665078048559228,0.6881167845585499,0.674532008521636,1.0
0.5856278179926383,0.5410171224124714,0.5465537462660455,0.4362181047567228,0.515270841336919,0.0
0.6497712041709088,0.39282891256931285,0.3291193375106106,0.38438099601935916,0.4052186288548179,0.0
0.714209955135879,0.48974794810381617,0.4492959754287973,0.3145293393281595,0.4805425557922677,0.0
0.20069365972634007,0.36752565984583296,0.5681118663616865,0.750388040894642,0.7541866028708135,1.0
0.6506371600228237,0.5056222846920522,0.4285899421358544,0.24441564764168514,0.6860440750183355,1.0
0.5820073617435473,0.5728044265091319,0.6256714638397688,0.3928835304561987,0.5151835294939406,1.0
0.497087747955382,0.8476842249151606,0.602895151204909,0.5419341905552851,0.620416128243635,0.0
0.5118201854980365,0.38791387087763507,0.6904349206554912,0.5203241788138264,0.5160479167394266,1.0
0.6039829493964042,0.6125080976351934,0.5417814121961808,0.36160542970875464,0.5509508259700346,1.0
0.2942303174052651,0.2648357591570139,0.44457061952866317,0.8152238036598987,0.4237549331191283,1.0
0.5919378838903123,0.5020801264716895,0.5290827269369586,0.33067814084023034,0.531938672161492,1.0
0.4332777659681588,0.3633030031083033,0.4920542095679952,0.6358243363212006,0.43380889183808896,0.0
0.6122576386480348,0.5415609269043559,0.7004347910605403,0.3855895071451073,0.5172833793175707,1.0
0.4067240241214576,0.5273061173547924,0.6411726399139489,0.584004410206478,0.710404079209304,1.0
0.35306832548304456,0.19015624721411634,0.28695238033526216,0.5486697786305451,0.6989967869241784,0.0
0.7208623756726822,0.6269768630504164,0.4696278033007834,0.32659154042211985,0.3831374637655852,1.0
0.48613687472729106,0.5876535579077494,0.6653258989029787,0.525779661502334,0.5752977333845564,0.0
0.6157169868316533,0.5086057803743039,0.5413974871539005,0.3581173573126379,0.4289630845527888,0.0
0.44136002058603063,0.610615182545956,0.625754080621019,0.5378948423494374,0.6427417664932072,1.0
0.462476365223034,0.6695808247998623,0.33798687203146566,0.5048784329448153,0.6376471204554186,1.0
0.4745818462536781,0.1607848614338609,0.3709930861093652,0.4438214152753516,0.5981821674291902,0.0
0.563670131235945,0.3965998847015613,0.27333033105030224,0.48681520089349645,0.4897845143715294,0.0
0.6730513196316891,0.41434336350507256,0.5001295949509807,0.3190999169506573,0.4280986973073028,1.0
0.4296908738993746,0.5471118929745215,0.3487934710063696,0.4630229960766346,0.7404437187860162,1.0
0.40855886597822805,0.3502457520845839,0.6289388765413699,0.6025859847074659,0.5770352390598261,0.0
0.7015629719962856,0.46976090432012557,0.5950595164812379,0.33372519258856215,0.37090507456431393,1.0
0.6380752061400075,0.6333450216630314,0.5131879061991744,0.24088032303330575,0.6786924178395558,0.0
0.6353766460433425,0.7044140283729252,0.4842752726353781,0.2786563189094763,0.6893750218279608,0.0
0.4707264407424397,0.6265162636173994,0.369408787833626,0.5032618345313441,0.633639506862711,1.0
0.3296069634486077,0.42041733280240584,0.6258966350670978,0.7118087574100062,0.5428875772709811,0.0
0.6919882301607725,0.3070950142340083,0.4932934612867483,0.2736661989174949,0.35987758879614434,0.0
0.3451561293787271,0.6990978194331359,0.5588263881239187,0.6350668690397778,0.7315684699472638,1.0
0.36429442498965103,0.3861725078599065,0.4306440221088986,0.5636601849995705,0.5123109698599518,1.0
0.5575256486277844,0.6704217902162738,0.621104861754586,0.4500114550817607,0.5072250550064611,0.0
0.46668755104552423,0.7428012766033318,0.515387780492072,0.48921360863713176,0.714346208919778,0.0
0.31415401483536776,0.4336112778514077,0.3955561891308715,0.7285689739110514,0.5384041141340412,1.0
0.29819536590550566,0.5847800117675727,0.4886782610949477,0.7064148457859619,0.727394963852897,0.0
0.5911032546066838,0.7659471410147451,0.4717223816960091,0.32966866176007337,0.6899774735445117,1.0
0.44816459874022446,0.3753231625054232,0.44463865687792803,0.5114121252040438,0.6153738693116335,0.0
0.4782671932513622,0.6465924556784481,0.5550762342299144,0.43512557633380117,0.7165682953235778,0.0
0.6940244570993835,0.5979442407241218,0.5174532000233271,0.326717546321487,0.43644134390388717,1.0
0.283635224488426,0.6052068537195634,0.40937749065296414,0.7257109310117702,0.7305425557922678,1.0
0.5008178471934751,0.4787381358500883,0.5092870981746551,0.4892980898651165,0.5783711102573954,0.0
0.36194269475615626,0.4374387105593163,0.5188657849890168,0.7061012629227642,0.4657606607760277,1.0
0.6247614146183194,0.7066635365715951,0.4793717236776455,0.40610555857842445,0.5106782383962561,0.0
0.47023864132198123,0.5141686328814506,0.3790522721234781,0.5564119820155218,0.5842515628819894,0.0
0.46166187444758955,0.3906031772446051,0.6742598508362114,0.5563360920988575,0.40089669262738803,0.0
0.4108971705396002,0.447051866467767,0.6467193038159234,0.5895286233855495,0.5537011490238537,1.0
0.7507747731620814,0.24006739609768274,0.6356016769586657,0.48328417194077733,0.0,1.0
0.2781083227979101,0.32757831676165916,0.5757871273335191,0.7924826025945761,0.6048178674955471,0.0
0.3266645036417136,0.6145703944514113,0.5594808426263713,0.7787250494000402,0.46467362833094683,0.0
0.5074076145937056,0.4850409190593074,0.5074095913223221,0.4931570205332341,0.5619084622638215,1.0
0.6478110560409931,0.5140646265578662,0.5466088241202123,0.3343294481514363,0.4376331505605421,1.0
0.42715118425616183,0.44921816960756933,0.6041295431130003,0.5740012600589938,0.6312166032200608,1.0
0.4525368926281872,0.20756393417291202,0.5517229648732885,0.4992196225550561,0.49844584919498486,0.0
0.2305926315436167,0.2319846189505465,0.37329663636304733,0.6865646209799823,0.6775704606572837,1.0
0.3767825376757924,0.37035463184733064,0.5972707303323462,0.5928749391448782,0.5477377501484302,1.0
0.6253454313556572,0.34939884344968175,0.735895209522637,0.4415218076119019,0.3938200677539902,1.0
0.4700126425079156,0.37120451209147803,0.39558048818418035,0.536630487700106,0.4874052666503685,0.0
0.6292299258231615,0.506695035629595,0.5871412649763165,0.3673501532117186,0.5860938427688333,1.0
0.5905550396616731,0.6156134292965013,0.7496322743265922,0.43328703571121746,0.4449324206335348,1.0
0.33374654568644346,0.4453313047147553,0.676641158060482,0.7253314814284488,0.5786767017078197,1.0
0.33729987357492086,0.5969665812824277,0.6859946736475147,0.6989260860849396,0.6070836098208362,0.0
0.34451617234087784,0.5271842813757363,0.7037572816163082,0.6215641914144163,0.6815693430656935,0.0
0.5465210727112026,0.7389679006769327,0.6067279218801636,0.46777399123686253,0.5472575350120491,1.0
0.6242848032579631,0.5972845434716717,0.3406565280216683,0.3157149402903864,0.5120184751859743,1.0
0.7294279544869715,0.5377632102889,0.5040482222812599,0.27522981757782305,0.508801033772221,1.0
0.36027343618889923,0.4776326972108476,0.47594717709798023,0.7000443884418226,0.561886634303077,0.0
0.5417974737360289,0.5574679511942898,0.85915296740039,0.5163521292133223,0.4408636887507422,0.0
0.6900370324789384,0.636610820223584,0.693399405159175,0.45618717603596903,0.3215476897286348,0.0
0.5781519562323089,0.6503872006846588,0.6141682920033436,0.492515535954638,0.3723675479342018,1.0
0.6211857106096375,0.6181630700289436,0.4463412105464371,0.3550087344998426,0.49332064401215386,1.0
0.462219039840682,0.2519003441123506,0.5261765601612161,0.5417666599845358,0.5396133831592917,1.0
0.10108636063592935,0.12686988511758657,0.3625710342325063,0.8279346487585557,0.691147452240422,0.0
0.5285530481869749,0.5144628221967324,0.49920137111458135,0.5075990148629687,0.47610711416896595,0.0
0.47056085745292625,0.498945078717929,0.3633648033072632,0.43199117958704436,0.6681844375371075,0.0
0.6579474384936397,0.4139035653367725,0.5946091740265799,0.41239726223545925,0.33672248803827753,1.0
0.5188037726138666,0.3770764119601329,0.351336771919366,0.4556674017010797,0.5585163971641114,1.0
0.471059844933487,0.5782662443019393,0.4764590771543541,0.4894155044531631,0.7153983166276674,0.0
0.616334567749298,0.3678971110014918,0.47154418863841063,0.35578624817434645,0.5763236475395523,1.0
0.6828766740134928,0.5686976625321677,0.3577484821191366,0.3456227268822132,0.38281877553871413,0.0
0.4543605464248554,0.40101569604003356,0.5178371250656074,0.5966035682579686,0.4916049662976287,0.0
0.4001857217976975,0.4153923415686531,0.38964827930303836,0.6137375068014549,0.5261368001955786,1.0
0.5017912084223717,0.2947152901182106,0.5106851037083595,0.618580142615768,0.43665962351133314,0.0
0.6032915272820846,0.5695980601334848,0.5883432581466626,0.4046178298347605,0.5198809066461776,1.0
0.5420167597140332,0.4198319257810875,0.4978325244448476,0.3649546092385235,0.48002305032654635,0.0
0.6121681341672168,0.40531858622718553,0.5423419103591723,0.3983705146195482,0.49560821429818747,1.0
0.5581924570098791,0.5523181523722357,0.3483852469107803,0.46347690369140015,0.489915482135997,0.0
0.3151900292008369,0.5584485822452292,0.5875592086932293,0.6644248117070937,0.7488693116334301,0.0
0.5470715252682338,0.4944520055390797,0.8034368581000084,0.46238007961281835,0.5893854992491182,1.0
0.4971884404963024,0.638676088649047,0.605210041016802,0.6148515135026777,0.38392763594453955,0.0
0.6339982770387442,0.26978943176888015,0.6480849106118826,0.41948366218963895,0.3801383019592778,1.0
0.6768530224544367,0.560641629868239,0.4975992535330823,0.45033792491193914,0.4415316243495268,0.0
0.44886497130262587,0.4989955960750986,0.7125065607443934,0.5704573441392939,0.6447193797366675,0.0
0.4229355232096307,0.3389328356878384,0.3557737790535681,0.5376929465334059,0.6109427932804806,0.0
0.6273861335183093,0.4888653801579708,0.632156071199466,0.4271986597554341,0.44464865714385504,1.0
0.6606258600821204,0.5428149460058601,0.36254511524231015,0.24344339757725028,0.5895732197115218,0.0
0.2551079088396863,0.5078004742688356,0.4725825681831436,0.7331123457143677,0.6034863618901268,1.0
0.4444479251742541,0.6550793716829413,0.2629060371807914,0.48029009994558847,0.8286767017078197,1.0
0.475908750181806,0.35912194890020743,0.5046654182353055,0.48130101091096544,0.6845946984248944,1.0
0.48648594220248154,0.4705483807701223,0.5120652899363041,0.4821415275351529,0.5943841022596306,1.0
0.5108781508374264,0.3201849529594257,0.7246722867677076,0.5184412497494202,0.4064322634722174,0.0
0.6046810843467851,0.7181220618213588,0.5576729930601904,0.38895873306795736,0.5119573568958894,1.0
0.5079021268502255,0.49040170213777573,0.3612167669947579,0.45473810819324734,0.41042241469632945,1.0
0.355041899285083,0.4389809757576118,0.6463969363753588,0.6555485552278131,0.5648377745957462,1.0
0.47224577930432643,0.5657201100684065,0.6352436709065814,0.5379693003808815,0.3725858275416478,0.0
0.7012474687014019,0.5228071009574525,0.40335456530613567,0.3237907729316419,0.45908567038033044,1.0
0.8010986675020418,0.9756120029240636,0.5392818495791404,0.18090294681978303,0.6630068452484896,0.0
0.5822512614537766,0.37839877807427835,0.5744944176974864,0.4152596007904007,0.5807328956099606,1.0
0.6850561081214128,0.6080595985950232,0.48848386866847665,0.40430424697156286,0.36850836447455737,1.0
0.631827793378906,0.4844584836472344,0.5947468686619969,0.39314699733669356,0.4206815562462893,1.0
0.524601425358857,0.39204440772856136,0.4558502400746467,0.4899152323949713,0.484842664058953,1.0
0.2197536389165483,0.553441420666948,0.44869983865428603,0.6971992325095221,0.8545428351901653,0.0
0.5020552466407849,0.5989813323507213,0.3389264354260758,0.4153684240671269,0.6053941256592045,0.0
0.4926908403351943,0.4783250821649957,0.5098605558327447,0.486186603281881,0.5722854748018021,1.0
0.44499166489522385,0.4814333854355488,0.4913057987260816,0.6515464360376872,0.4344811930290225,1.0
0.6372070126760722,0.27314140699754547,0.5738934211123135,0.457054898479338,0.2795812524010757,1.0
0.6300399413745651,0.5712889057940438,0.40757774077121955,0.29691285546550594,0.5812611322599798,0.0
0.3701994831116233,0.5498576599171516,0.5750581557342526,0.6802328245367852,0.5669419900115252,1.0
0.6815117306810172,0.49151308399550697,0.4866420004276633,0.2917766831810763,0.5916687039430029,0.0
0.6635593694409326,0.3021770009330853,0.4270137435445515,0.44907929780348815,0.29324119023504347,0.0
0.43818932435305047,0.46873272752126194,0.6572521334568805,0.5845871874910508,0.5135551636223938,1.0
0.3395710497756794,0.6416625559405441,0.6434616107356457,0.699945588361637,0.6375772709810359,1.0
0.4037681386424408,0.43150737850575605,0.5811410187459096,0.6923165039090468,0.4247066322075927,1.0
0.49558854790167933,0.4793770318378215,0.6917389698497346,0.5881840831638937,0.4275006111829009,1.0
0.4903928127901903,0.40363665539436233,0.5221817957972358,0.48679945015607556,0.619446966786575,1.0
0.44835479576196285,0.34030869076839876,0.5124799937794423,0.5408273432801628,0.6296013341249608,0.0
0.5410344480370549,0.3892094925085731,0.465576341145749,0.5274134425384462,0.39978783222156256,1.0
0.4580145668542532,0.6238031843764673,0.5422155552819662,0.47915891062172467,0.6394151852757308,0.0
0.4391000324453743,0.4495361317968133,0.5139282173566517,0.5338239926687478,0.6760512345894598,0.0
0.5563173381367406,0.3635645047218871,0.7343011916255743,0.516257624788797,0.37303111794083754,0.0
0.40208321679104064,0.28844222300144423,0.4179663960292107,0.6571551304447436,0.42606869695805544,1.0
0.6307022745326188,0.6182462750878112,0.5010351396709584,0.4758483919928979,0.4806080396745015,1.0
0.6918606862756067,0.7015672267159558,0.46936861339882197,0.3892393825710932,0.4030620263332519,1.0
0.6679697027332431,0.3718166635960038,0.23112773526343416,0.30496720982846026,0.4795122760451228,0.0
0.5578523399827704,0.4034702452766271,0.6379716446247254,0.4852272401844269,0.38996961547864356,1.0
0.33144628052941905,0.6365484164294333,0.6216572602331413,0.6555227812938516,0.6692496420214439,0.0
0.4444882021906222,0.4356171140919654,0.5953187063831993,0.4846501904407344,0.683808891838089,0.0
0.6287488392387645,0.44816919154398877,0.6005689218348053,0.46948509407485906,0.28830807110676493,1.0
0.7015249325919379,0.5951093255041335,0.6121352712098337,0.3532561069904637,0.47821132958474494,0.0
0.6850404448372697,0.58765950112624,0.5841913599046181,0.3770182422177039,0.4124611462298747,1.0
0.4189078215728175,0.4812848049732853,0.37874610405178616,0.5389129127409148,0.6317404742779311,0.0
0.5034067643011378,0.46183265085374337,0.3374231339946996,0.4892393825710932,0.548126287849684,0.0
0.33701793446034395,0.47619146672689133,0.5383374263738685,0.7023769294653341,0.47242255439527825,0.0
0.5077477316208143,0.4691101218954113,0.46190232428544586,0.6106861593974627,0.3884809485558621,1.0
0.9826965462458465,0.5477597037899905,0.39481263809961964,0.049569002548755736,0.29205811476268645,1.0
0.6299795258500129,0.6250066861208019,0.3978354403312447,0.35264182823104906,0.576878077742465,1.0
0.6524160615790828,0.3646223976132035,0.3874095265248466,0.37023969758584163,0.44183721579995117,1.0
0.571069914187579,0.47925222424952013,0.6543006084482949,0.5503221741745182,0.33736859567631755,1.0
0.535878989941934,0.5314871715628883,0.31391784976057335,0.4781336808041468,0.5959120595117522,0.0
0.32075273268368,0.4128427008362109,0.5854403312446947,0.7068215011884649,0.48512206195648383,1.0
0.6797798189771875,0.5800135505381585,0.42118035081353233,0.3363970904092329,0.4264616002514582,0.0
0.4872288293932715,0.3721554270499647,0.545793995865921,0.5486067756808615,0.37511350539587196,1.0
0.6592295901813585,0.3112582387866325,0.31722738082124324,0.42835419112803924,0.3994647784025426,0.0
0.2928250970564214,0.4703552261691797,0.6525462167993934,0.7088476187748791,0.6941815387839207,1.0
0.5317953480046095,0.4782389054968828,0.21934917415617494,0.39938428935536535,0.667402996542451,1.0
0.18448216063816697,0.6624370761742315,0.46750730591536155,0.7898092728886854,0.6910295812524011,0.0
0.5895346885803471,0.4879412096826916,0.6799182903834067,0.4862381511498039,0.31575018335487026,1.0
0.6526174466609235,0.42997997135368693,0.5971945932986451,0.5496950084481229,0.32134250689763566,0.0
0.6647117396314653,0.4780754669883929,0.5934978973219203,0.3704043643861509,0.3660156113575246,1.0
0.4403396695047046,0.6240854872547681,0.6150414379855761,0.5729330736848135,0.7019653895854434,1.0
0.4500799946297312,0.6320702012968104,0.6955053231126115,0.6369011140067014,0.38514127056193903,1.0
0.4606280976941408,0.3023790703617637,0.46307677852870854,0.60957358458146,0.49167045017986244,0.0
0.5063648873921751,0.5406545860845483,0.4542270633136133,0.5482072797044589,0.5471178360632837,0.0
0.5896622324655129,0.6870390291158275,0.5541609698886131,0.434094618975343,0.42014022281982333,0.0
0.3499781832828006,0.522263296465568,0.5223130106851037,0.6949898336149375,0.4876759333636015,0.0
0.5598259137848088,0.28917918209427135,0.5780307399223726,0.4052006071193334,0.5375921139943423,0.0
0.5396918808247838,0.5075805751846856,0.5336266499057196,0.5652624645608408,0.3658671812244613,1.0
0.23532741857889267,0.5449396466162286,0.6921245148289022,0.8926286548870244,0.4911334823455454,1.0
0.5206609905908415,0.3179324731515105,0.42687280903535996,0.4076519946161117,0.504963678273321,0.0
0.60663675725266,0.4272936365959622,0.6533156868208414,0.4296471834817722,0.36829445045926035,0.0
0.6160660543068438,0.6912230549331686,0.630929778975811,0.4042999513159026,0.6133613313309818,0.0
0.5663977802888758,0.3369686019767145,0.45173884025478367,0.40220223946848427,0.389026647574477,1.0
0.7712712992694197,0.6348486559411384,0.4217748676511563,0.2706005326613019,0.5136817657947125,1.0
0.4888891375124467,0.4228926833037163,0.365804428259475,0.6126063174775911,0.46388782174414145,0.0
0.5922354862890323,0.6719878282885314,0.35592929299474496,0.4629041496033679,0.6069439108720708,1.0
0.6018460299168727,0.8089284971383404,0.5399654629455636,0.34860534379564145,0.6704720078231412,1.0
0.2885154563050313,0.6236367742587321,0.5204824820025011,0.6478077837280565,0.7467781929940978,1.0
0.5584385943321288,0.09969451856958617,0.36264393139243295,0.3528780892923624,0.6272220864037998,0.0
0.7345476107897652,0.6085855734314362,0.5534870761435134,0.21671582805922285,0.5226443264764433,1.0
0.686071983978698,0.22491516055604754,0.5885830088059769,0.37454394455740436,0.36364509482066154,0.0
0.6531768496660364,0.5199573276912379,0.2901371762556131,0.25216357856754207,0.7501527957252122,1.0
0.4898893500855887,0.3573449265715356,0.6822914979232408,0.5320112259801255,0.45568487409632247,0.0
0.4929235519853213,0.651739282891257,0.7201299837358336,0.5011698502248061,0.629588237348514,1.0
0.48752866940401207,0.47706809145424617,0.5104599324810305,0.48398865946905706,0.5719842489435267,0.0
0.5175708483905976,0.40921733755698064,0.46016899181607884,0.5440347661731436,0.4087154681661021,0.0
0.48759132254058474,0.3272246952614719,0.3910608642687281,0.4410836507345572,0.6440208849928405,1.0
0.39974267461764806,0.4722659709138888,0.7027010827658153,0.6274893324551105,0.4610327244787483,1.0
0.38603953860440143,0.765956055842481,0.5455607249541558,0.6903490936166559,0.6171899556455839,0.0
0.4922925453955539,0.43638081766799997,0.6635472082007685,0.5757424324866119,0.4812235881674991,1.0
0.39168950895604215,0.15191163622748266,0.4782863659631821,0.6277356167129644,0.46666433835085397,0.0
0.4586701871762455,0.5933887637511218,0.39576516098932785,0.5075904235516482,0.6234196556420913,1.0
0.2041037804455086,0.7184281375736217,0.5662716180577605,0.743683954294224,0.7928002654280027,0.0
0.492728879739542,0.5955610101094148,0.33224905557679474,0.45982130072453403,0.6104276534069082,1.0
0.6907418802653809,0.5393619360628555,0.5390485786673751,0.3275537672900141,0.46273093982467783,0.0
0.5367046687774807,0.80277726600063,0.3642185100468486,0.46850854835476397,0.7063135193657668,0.0
0.4034682986317003,0.5471089213652762,0.5012311520343168,0.6592156132764398,0.4885010302797472,0.0
0.24095948803436973,0.31520453586435204,0.5997638132018377,0.7231321057304048,0.7763900045402159,1.0
0.4080442152135242,0.5320755501934518,0.6098025620921809,0.681079068701853,0.4258285893898649,0.0
0.5258902898826373,0.2179794245775858,0.75265345662133,0.4850110255161947,0.49827559110117703,0.0
0.4078159787874381,0.326808669967134,0.5338275220797397,0.6311449354219767,0.5207976809974505,0.0
0.48758460970452333,0.47160033044294813,0.5117526421170631,0.48278444399896914,0.5916425103901094,1.0
0.5252190062765018,0.28212161013675346,0.5058204332359211,0.41961253185944625,0.5268047357943632,1.0
0.5053960013873194,0.3939105783345913,0.2857098887427346,0.466505340931871,0.6025521251702581,0.0
0.7741578187758025,0.8568932419662545,0.6374678442527879,0.18524728657750805,0.5665010652044844,0.0
0.49851310681240985,0.48757273013627805,0.5073302144148464,0.4904206878776598,0.5445508678797193,0.0
0.534531947505622,0.6679999286813781,0.3337993351779015,0.441009192703113,0.5590315370376838,0.0
0.5636320918315973,0.6094532833310552,0.6658361790224653,0.4332698530885765,0.5643575594593652,0.0
0.5677000704847787,0.7148324903868442,0.7008349154716932,0.4744981242303618,0.4958745154192715,0.0
0.6953066087871025,0.5550787773610921,0.5963295470008488,0.31725278501675314,0.55125205182831,0.0
0.641015428334881,0.480304173922346,0.4506113641812515,0.2973839457029125,0.5863819718506619,0.0
0.5409717949004822,0.3659180192441415,0.4933987571844201,0.4649889744838055,0.4850260189292076,0.0
0.6804824291516094,0.5575333265976857,0.4231842127430715,0.3004897047452677,0.6407335941047044,0.0
0.19223772390105281,0.5472010412518796,0.7668392439430559,0.7927976173429939,0.6801243320644013,0.0
0.7008335104776183,0.5351363077160807,0.6761405975623189,0.4136845270483119,0.2600321307582161,1.0
0.7878184401606605,0.6848073505726292,0.42200651862603433,0.2039047509951603,0.4615958858659589,0.0
0.10806099730367758,0.41676522503996816,0.3604813156479424,0.7839542942237752,0.9064278978800686,1.0
0.5219767064588672,0.37981920729351776,0.4739173961782449,0.5100962226867896,0.5273242412600846,0.0
0.5084861435875634,0.5355047872624942,0.3708748307165953,0.43941407256794307,0.6580868228966578,1.0
0.47298866649511645,0.32139142631300555,0.45567690682771,0.6506328932672758,0.3899521531100479,0.0
0.7910853537105202,0.36560005705489756,0.3922693371866232,0.25922277270254024,0.35211993154751514,1.0
0.5938913191841667,0.4033840686085143,0.4375060747633272,0.45930582204530496,0.40902979080082424,1.0
0.494655463689151,0.4957684284347346,0.3430119162557427,0.4464646753916207,0.6438244333461391,0.0
0.5534733332587463,0.6289886425094646,0.5134179372371652,0.478242504080873,0.5267523486885761,0.0
0.7392175070764481,0.7266268074813236,0.36653501979562875,0.2364557977032562,0.5937991129116754,0.0
0.4941161991922221,0.2601435881587315,0.5257634762549651,0.5503937684355223,0.40364265008905814,0.0
0.6203108043096408,0.5054410165280907,0.47757845354344997,0.5022451960250868,0.4215721370446688,0.0
0.5140175205021201,0.22624049827943826,0.634897004412708,0.49783642143245804,0.5241460901756715,0.0
0.6152403754712971,0.33883477258274447,0.42550720223940075,0.3669878862510382,0.4556412181748333,1.0
0.6851702263344559,0.4110537920705579,0.6306138912827957,0.37848306079784655,0.4416320329689519,0.0
0.43900605274051535,0.28933370577502543,0.4714437525514006,0.510017468999685,0.6299811406419168,0.0
0.5073002092167239,0.49597644108190353,0.5048241720502569,0.49556545147340997,0.5226006705549542,0.0
0.4817175909868988,0.4668338692135339,0.6734952406254252,0.5718419771471119,0.42323106206125805,0.0
0.46534274622123273,0.5344736388543853,0.495757385292269,0.5129571293565108,0.601482555093773,1.0
0.45965249885322385,0.2683898038143576,0.5598177894989211,0.5782024112947107,0.45762756260259146,0.0
0.5330864501404102,0.571104666020837,0.6057430002527101,0.41613591454509014,0.49293210631090006,1.0
0.6521564985847104,0.6380906816277288,0.5119454146066469,0.4602207967009365,0.37881989313030423,1.0
0.6446045580156857,0.4755258262559507,0.48248524237495705,0.39005269337609905,0.3597815457688681,1.0
0.48674998042089485,0.47861035665254165,0.26694939965138964,0.38604198287465286,0.7810568225474104,1.0
0.25632293216679164,0.0,0.47173534119110716,0.8224720066439475,0.4806735235567353,1.0
0.6314764882916951,0.5343963770140082,0.3811209315285077,0.35533090867436073,0.45709496036042335,0.0
0.5767042212550766,0.5943069910079105,0.35171907702475913,0.37712849737965015,0.686939021408864,0.0
0.7011937660129111,0.45789526860375973,0.3733986923869446,0.2603754403047053,0.560262634023679,0.0
0.6518656090220517,0.5057678935450705,0.36859881938999656,0.30519487957845304,0.49961582789089515,0.0
0.41449972589252754,0.5216778894442496,0.6674496361621751,0.5400297832125778,0.5394518562497818,0.0
0.42325326411653486,0.34439762508989125,0.6667465835531048,0.6410636043414761,0.30777861209094404,0.0
0.6231122945592464,0.7073054041685736,0.6595297647203665,0.413136115009021,0.5418529319316873,1.0
0.6886340497421153,0.5994716478761909,0.5506586663383595,0.35485122712563366,0.4746053504697378,0.0
0.37949452344458,0.6697026607789183,0.5351963687494735,0.625070878318394,0.702960744595397,1.0
0.7027914209955136,0.5888956905722725,0.24477732347547737,0.2476116154529054,0.6319456571089304,1.0
0.5910047996777839,0.4191425124361847,0.4641216378209905,0.44995847532861777,0.4331278594628576,1.0
0.32914601537239463,0.39620168906269504,0.5656609018512638,0.7001818494229504,0.6458849928404289,1.0
0.4104585985835916,0.25598036360610726,0.4800618167916178,0.7038045190297547,0.39404707854573395,0.0
0.38386234210850184,0.39454947432232457,0.5589478833904631,0.6372232881812194,0.46853717738274026,0.0
0.24893881249930078,0.6371278802322611,0.61649290143656,0.6812823964031044,0.7966288897426048,0.0
0.3596983698996431,0.29691428095971095,0.4486884990960752,0.5373521578510267,0.7066016484475955,1.0
0.5659950101251944,0.32646099168543735,0.5174467202757781,0.510832211689911,0.4079733175007858,0.0
0.47718195142144304,0.5677170314812284,0.566469250358006,0.5239411208797504,0.6252663011210842,1.0
0.6467146261509717,0.6635603444689437,0.5160908331011423,0.3345470947048885,0.5112370341913177,1.0
0.5265078708002819,0.5293208684230859,0.6659042163717301,0.5615911108565539,0.5428264589808962,1.0
0.4441995502399839,0.5983246067075164,0.5872093023255813,0.6079125977261663,0.4503108301610031,1.0
0.42498517582036455,0.49690655477567325,0.2811837850797333,0.5782152982616915,0.6789063318548528,0.0
0.6696635750327251,0.6851312559803637,0.5153148833321454,0.32841719407772285,0.4904699123389097,0.0
0.6272764905293071,0.7012344064804855,0.5395232201753419,0.4113935106961827,0.5799994761289422,1.0
0.6507177140555599,0.4410105848721317,0.36535408580481704,0.4443827142816233,0.2856363287116265,0.0
0.6300309909264833,0.4406361621072276,0.48693682894114443,0.28847618774879014,0.6210316767366326,0.0
0.7444400935321824,0.7071449372693289,0.3221179702838778,0.255565737850454,0.47805416826738384,1.0
0.6383370067464003,0.5559524304792017,0.5665680665081289,0.3856066897677483,0.45295637900324803,0.0
0.5207124556673118,0.40888154571226504,0.6247853583624382,0.5468212148114208,0.39015733594104707,1.0
0.6987681945827413,0.5744328683755402,0.38226136709713787,0.285086915432859,0.5047584954423219,0.0
0.3149617927747508,0.7566816633879911,0.45981422563776914,0.6323319682694236,0.8374908322564873,0.0
0.58098029782616,0.4004926928128659,0.5605613405301729,0.3007216701509208,0.7100068103237523,0.0
0.4207381882055471,0.4852905342359102,0.2988896952574728,0.5190440734270741,0.604826598679845,0.0
0.761490697128025,0.7703896968364249,0.4583044444588439,0.26775824049944164,0.4369390214088639,1.0
0.6223940211006814,0.32586666983638324,0.44889585101764434,0.4361923308227613,0.3824084098767157,1.0
0.3926830086931227,0.6136699968500943,0.5047447951427813,0.49009994558836173,0.8602312017602068,0.0
0.3970866291493718,0.2100155118002603,0.5672743589909737,0.6054626421146082,0.482576921733664,0.0
0.472545619315067,0.3760363487242882,0.4645217622321434,0.537196082362038,0.43696084936960855,1.0
0.4226423960349515,0.39146791553497884,0.6006029405094377,0.6213694550244853,0.5667280759962282,0.0
0.46635190924245645,0.597002240593371,0.41354234839010673,0.47732036999914096,0.6315003667097405,1.0
0.4709323010483213,0.3844400596699137,0.35621278195001527,0.48295340645493867,0.6450380679635387,0.0
0.47897875387386585,0.45387765290415377,0.5336460891483668,0.47224004123829444,0.6253361505954669,1.0
0.6585806826954275,0.5381019737428607,0.5414039669014495,0.3695838941550446,0.4370263332518423,1.0
0.6172833152459696,0.6256069511883466,0.38744840501014083,0.3080815601821359,0.5523958369713269,1.0
0.6841185486848436,0.6056169357954108,0.4900114691531618,0.3887496778258256,0.44470540984179097,0.0
0.6364596502612412,0.4701353270850297,0.2712033539173314,0.3498782897562932,0.6329977648168198,1.0
0.5370246472964053,0.3397559714487784,0.6195108438575233,0.5686102122053898,0.39399032584779803,1.0
0.44949150266835236,0.6784986241449196,0.40986347171914184,0.45583063661616896,0.6853499458666574,0.0
0.531074836934024,0.4123523853107412,0.5188803644210022,0.43479624273318257,0.5488553417385534,0.0
0.5896913214217787,0.5067574394237456,0.6324104012907656,0.5233225464646755,0.3718000209548423,0.0
0.5918103400051465,0.5759008433427039,0.6872679440409002,0.42720009164065414,0.49531135403206095,1.0
0.50163457558094,0.648732014335043,0.4226107550849819,0.5038131103410751,0.5641174518911746,1.0
0.8839999552477597,0.704675529986509,0.4030969953410615,0.1680345943469172,0.4293123319247023,0.0
0.7211398395632181,0.4373376758449771,0.23653670452999154,0.24179816145937752,0.5600967415220202,0.0
0.609420346606102,0.653352866711439,0.614608914836678,0.50992726023082,0.37949219432123776,0.0
0.5281211890670277,0.0024664356735746296,0.3903367524801234,0.5401357427188638,0.29228949114657915,1.0
0.6349134603551091,0.48693680575779014,0.6182213740952652,0.3940605401071051,0.2981699437711731,0.0
0.6127051610521252,0.6019469983775014,0.6306365703992172,0.3446017927202956,0.5559450633883981,0.0
0.6085655788142894,0.5482886502356487,0.5250912024467527,0.4797588705289385,0.3847701952292809,1.0
0.7117799084816684,0.505773836763561,0.50010043608701,0.37946533405882193,0.27627649914434393,0.0
0.5038968013336168,0.7428666520067277,0.6239753899188087,0.49688708153154454,0.566413753361506,0.0
0.40191987111354766,0.3491284270083621,0.5264454696845011,0.6113892150405225,0.5706920336674467,1.0
0.6391067452814356,0.5738236884802597,0.5840714845749609,0.37601592256364735,0.4987689030140049,0.0
0.4077913650552131,0.3212547322877231,0.6298800598728673,0.5263481199347061,0.6339276359445396,1.0
0.5366800550452557,0.2717388074337777,0.6087398834941391,0.5735946046564908,0.24688296720567182,0.0
0.25179624304941767,0.5376146298266363,0.5159272194755292,0.832055614421948,0.5487418363426816,0.0
0.5977847640997528,0.6530854218793646,0.3671327765070273,0.4131532976316619,0.5912103167673664,0.0
0.6217898658551594,0.4364016189327169,0.3232859447795914,0.2845041381482861,0.5393514476303566,1.0
0.5053311106387264,0.7620959354328745,0.5391619742494832,0.5590194450012888,0.7377763419830267,1.0
0.5774627717300098,0.22842165946546694,0.6303109630848782,0.5683911337667173,0.29090996402752073,0.0
0.27280741992145985,0.44639514082456216,0.5868836950112424,0.6717116755920847,0.8785448608249224,0.0
0.551490809008626,0.5991655721239281,0.5863507357753341,0.38929236232423614,0.464560122935075,1.0
0.3277676463677963,0.6987976868993635,0.646110207546314,0.6183467453248949,0.6802160094995285,1.0
0.5240621608619281,0.24113123220748967,0.5262607968793536,0.48948137117328683,0.3723675479342018,0.0
0.5596043901947841,0.3423680159753713,0.47903639674198295,0.4067040866004182,0.4239164600286383,0.0
0.5871516317785659,0.6161334609144237,0.18565934671185214,0.29805836364157057,0.6413884329270423,1.0
0.43839742227095246,0.2557515496942214,0.37878174266330583,0.5520662103725766,0.5522081165089233,1.0
0.18004721361363152,0.32291289024658415,0.5089436715545562,0.8463887854749564,0.5157161317361088,0.0
0.6006511450979515,0.3760333771150429,0.6241422434181965,0.3897362467424612,0.5640257744560473,1.0
0.9003278101609962,0.5567874526771228,0.2844382382862364,0.16804461754345779,0.2732205846401006,1.0
0.24806614381132458,0.479163075972162,0.6437305202589307,0.8141012056473554,0.4899940627946775,1.0
0.8400554927781072,0.7170195947913633,0.4890152079674976,0.15753314814284491,0.36256242796772953,1.0
0.7292981729897854,0.6830095269792404,0.34191683891995567,0.23501388928663486,0.5938951559389516,0.0
0.1568588402456898,0.3967009194159005,0.5445693235791533,0.845707208110198,0.6780943317151539,0.0
0.4857654311318961,0.6283972922696558,0.39971780699423953,0.5106260202182193,0.6502505849893481,1.0
0.5823072017542879,0.6208256319127061,0.6011520991142185,0.4020948480769782,0.6112178255858626,1.0
0.36698850986227505,0.6882989914358222,0.638857750102056,0.6850081617457545,0.6142344497607656,1.0
0.5141249258791019,0.5349580111613644,0.2877736883371024,0.34945588361636937,0.7685363042643105,1.0
0.49551918192904537,0.14223013330639073,0.3555469878893518,0.46506916005612997,0.6326572486292041,1.0
0.4501762119466106,0.42707076590256693,0.4874390093761947,0.6103954866977864,0.5216620682429365,0.0
0.6211409583692284,0.7015939711991632,0.6739844615653774,0.46408975056559476,0.538792651835295,0.0
0.45953614302816037,0.3283598499931653,0.6513620429348073,0.4757997078954152,0.6223719135263508,0.0
0.5587160582226648,0.41019202538942945,0.45546469509547904,0.43714310260889494,0.4324511926797751,0.0
0.49208220986563145,0.707519360034233,0.4931023087340517,0.6222156991895531,0.42981000942967906,0.0
0.6693950615902708,0.5387854438692731,0.6001930964769613,0.3948251668146282,0.3224513673034611,1.0
0.5021917409740325,0.48925168935985597,0.5067162583345752,0.4921632921904981,0.5419533405511124,0.0
0.5260804869043757,0.5029002906233843,0.5020864787107894,0.5040908960737708,0.51526647574477,1.0
0.4498830847719314,0.474343125776333,0.48000997881122554,0.5162647842148974,0.5597955156637446,0.0
0.6192434633758853,0.3697276222965785,0.4925709694350308,0.39351499183825434,0.41902699682184896,1.0
0.2960092189615243,0.43988137335892885,0.6531553130690029,0.6542756092671612,0.7364753955226487,1.0
0.5142256184200222,0.3433843063372539,0.5571286942660714,0.44585755605830646,0.621708343519715,0.0
0.2937402803727862,0.7160775946606126,0.6958827684073428,0.7447650276353848,0.6558734676771558,1.0
0.49533569774336833,0.617048716561967,0.3243210844505498,0.5658037171740314,0.6103709007089723,0.0
0.5664223940211007,0.6913864934416585,0.6704367997822804,0.4923637561213094,0.49198913840673353,0.0
0.4222910909477406,0.5389518539870082,0.628532272382668,0.5900111687047167,0.5637289141899208,1.0
0.6439936899341023,0.5501310479677165,0.31211971981571596,0.4120163807669178,0.47668337233262326,1.0
0.77548248509191,0.4237069042369205,0.5456773604100384,0.2394412783871246,0.4239732127265743,0.0
0.8075698414651884,0.37716556023749104,0.4469389672578356,0.24059394598928954,0.42357594384102265,1.0
0.2651995390519238,0.4024777277887067,0.5718863193089997,0.692710272344569,0.7744254880732023,0.0
0.5551493046620647,0.6682346858117546,0.5803310503022802,0.3917523411323349,0.6447150141445186,0.0
0.5172844340519798,0.6176578964572476,0.7024759115384864,0.5285131303874683,0.4789971361715504,0.0
0.5680715140801736,0.3919255433587505,0.5268925722653846,0.4170093645293394,0.5182481751824818,0.0
0.29060986115617415,0.7000130750806792,0.5572971677023463,0.7096738165468657,0.8077698809066463,0.0
0.3773486535169667,0.5023743157869713,0.589797961471421,0.5988974483805379,0.4901206649669962,1.0
0.571559951220058,0.5250358078914056,0.3574325944261212,0.2822188493370372,0.6472034016694025,1.0
0.5439903335160717,0.7526135303312156,0.521632637192455,0.5078739368252242,0.5902717144553488,0.0
0.5008760251060069,0.31739164026887123,0.5475354280197243,0.5692817663736076,0.4246804386546992,0.0
0.6230653047068169,0.6003274713388289,0.4373165421475179,0.270105100375154,0.6415848845737436,0.0
0.6023629182935971,0.4605816033614844,0.5163937612990598,0.5248546636501619,0.3255640345056404,0.0
0.8385160157080365,0.5306075752262881,0.42981785429639663,0.31336664852945395,0.1685293193168722,1.0
0.5104619550016223,0.6819338044324524,0.3381553454677406,0.4108808957873938,0.5636241399783467,0.0
0.6376120204517739,0.34055533433575624,0.6142671081534663,0.3582089979667231,0.4330842035413684,0.0
0.5169174656806257,0.3699534645992191,0.49929532745404237,0.410530083908474,0.5005762581636574,0.0
0.5128450118034035,0.49576248521624405,0.5045520226531974,0.49757725020762344,0.5285378758774841,0.0
0.4665555319363176,0.2451607343440767,0.5221169983217454,0.6172986053437958,0.47782715747564003,1.0
0.4989919557847865,0.5933857921418766,0.5374448411489888,0.4881167845585499,0.5792529598714771,1.0
0.453011266376523,0.49591700889699813,0.8142677561282212,0.6795784529912083,0.3932961966961199,0.0
0.34628836106107563,0.5260847859549861,0.6788896304599973,0.6176895100088777,0.6409998952257885,0.0
0.545923630301742,0.4343868678644233,0.5523093820264763,0.3970231106274522,0.5197586700660078,0.0
0.6154328101050559,0.5916384859056574,0.5133677191936602,0.4512872648128527,0.48252016903572803,0.0
0.5032009039952563,0.5084869160044931,0.6663626585108244,0.4417093845757325,0.7664757447700207,1.0
0.5690583009811929,0.7515734670953709,0.3265533574811925,0.38573699132277567,0.6164652673488633,0.0
0.5931909466217653,0.7219673241847391,0.3604764558372806,0.2804046507631949,0.7533920650997102,0.0
0.3167541200031327,0.5744655560772381,0.5813548504150278,0.7301139780635185,0.5724251737505676,0.0
0.5169085152325439,0.49596752625416773,0.5042652938241526,0.49913227755663114,0.5315806936052807,1.0
0.5259797943634553,0.5918524417713169,0.5822960337465253,0.5680002291016353,0.371171375685398,0.0
0.42630312930041064,0.3757837619384402,0.3371412649763165,0.5623170766631348,0.7103298641427724,1.0
0.5000212573141943,0.4367047230757345,0.3692241150284785,0.5435336063461154,0.3909125833828101,1.0
0.4228102169364854,0.4682661848697544,0.49300349258392895,0.644786505913686,0.5282497467956554,0.0
0.5704769470021593,0.26810750093605695,0.3798638605039948,0.46415848105615864,0.4741295009255056,1.0
0.5694856848770992,0.4658978123012737,0.2411243657947087,0.4515034794810849,0.5503789333985263,1.0
0.7384410557053512,0.2979870318972536,0.3219057585516468,0.20030212778143708,0.4734091782209339,1.0
0.4283863460914512,0.4608698494582757,0.5223292100539763,0.5030527792892122,0.6607061781860092,1.0
0.22640382184133095,0.5151908664618238,0.4772852449668561,0.735086915432859,0.7996149547724654,1.0
0.6317517145702107,0.3710797045031767,0.4343520576438342,0.38858787479595647,0.4419900115251633,0.0
0.6677280406350343,0.35705370886549903,0.5427371749596636,0.44827601019502283,0.313877344322984,1.0
0.199236974301026,0.6576706149448173,0.6563903270328588,0.7707881096251326,0.7727883910173576,1.0
0.6321477718978307,0.8966622884957121,0.6601064622522306,0.39203585440591093,0.5869887891593616,1.0
0.7100077197614706,0.5955818113741316,0.5817533548892935,0.4026117586414274,0.346352984318793,1.0
0.3842114095836923,0.6094681413772816,0.48864586235720253,0.4768979638592171,0.8724766877379249,0.0
0.5376422282140499,0.32612519984072175,0.5376100747114892,0.4697929493971764,0.5717659693360808,1.0
0.643986977098041,0.4910584277809806,0.46796898792823033,0.286789426959535,0.6048440610484407,1.0
0.23794766225484165,0.3419787351642409,0.6687520654195312,0.7868123371230563,0.5647897530821081,0.0
0.2906948904129513,0.4792343945940485,0.5534822163328517,0.7553309086743607,0.6613828449690917,0.0
0.4573343328000358,0.4720995607961536,0.4579626377756323,0.5122898708439533,0.5938427688331646,0.0
0.5886083172038801,0.49625280074171374,0.632180370252775,0.31350840516624195,0.6277459574616702,0.0
0.7354560812700686,0.6672421683238341,0.4029965592540515,0.27482029840488,0.5561502462193972,1.0
0.4844788042201363,0.35448029525909464,0.3765170708949179,0.5429035768492798,0.4964551391750778,1.0
0.703491793557915,0.5992339191365693,0.4630573392860614,0.17252498639709046,0.4995328816400657,1.0
0.6150882178539063,0.5800194937566491,0.7839814160840293,0.3893725478965607,0.5090935284461985,0.0
0.40385093028719754,0.3848263688717989,0.41486421689011,0.464555113262121,0.7804150805015193,1.0
0.5015115069198152,0.37028331322544417,0.34042973685745204,0.4611014061112862,0.5452493626235463,0.0
0.5851870084246092,0.5293684141710102,0.24354779137804794,0.40292677338984517,0.6281781510844131,1.0
0.5526834562155268,0.6336451541968038,0.43942569997472897,0.345761619748561,0.6138677400202565,1.0
0.7153153354739822,0.9063853939462378,0.5241759381054514,0.2633666485294539,0.636822023539273,1.0
0.46451482977366554,0.28320030429278675,0.46345260388655257,0.608526876485581,0.37659780672650445,1.0
0.3976952596189347,0.4877123957708058,0.5885101116460503,0.7110069016867608,0.3721361715503091,0.0
0.6902093286045132,0.6107726778359553,0.4169199168000415,0.29005126149087895,0.4431556246289247,1.0
0.35602868618610223,0.32835687838392,0.4885843047554867,0.6716586958389417,0.4878330946809626,0.0
0.833456774929795,0.4233919136569218,0.5182307697292113,0.21648529453878984,0.3370455418572975,1.0
0.42743088575871835,0.3146607313724675,0.38818871616761813,0.48043328846759653,0.8057791708867392,1.0
0.24976449133484746,0.33105509957862583,0.5806339785001976,0.801115438586443,0.5192784549296267,1.0
0.43525133977019725,0.5826196518462609,0.6787535557614675,0.657925484693147,0.4232005029162156,1.0
0.5744800349067476,0.6644904581627136,0.41983094338644567,0.3756765657664882,0.565985925330912,1.0
0.4415972074601985,0.48948941809947766,0.5351396709584194,0.6537415160800711,0.5293586072014809,0.0
0.8056656336357839,0.4525166558698198,0.38357837578647935,0.07899710759185552,0.6701227604512277,1.0
0.5167563576151532,0.4387699915011976,0.6142735879010154,0.5448437813224892,0.3702895260713164,0.0
0.4153791074165651,0.5272496567791323,0.7726240385674574,0.5754016438042328,0.6120691160549018,1.0
0.38732169029212027,0.1792415264562371,0.6938805264146909,0.5340845957788025,0.6071098033737297,0.0
0.5499714704467392,0.4468200809466359,0.24290791630758068,0.4501245740141471,0.45045052910976846,1.0
0.3986686208478312,0.20111257050142933,0.4507166600789233,0.5666499613390992,0.5101630985226837,0.0
0.4286727604300691,0.6098098764404877,0.8131953579088558,0.614517884246399,0.576987217546188,1.0
0.6411295465479241,0.6793901069185007,0.36058013179806514,0.3458375096652253,0.49507997764816825,0.0
0.4847898322909791,0.7089635621274346,0.6309330188495856,0.5387425183997252,0.6623083505046625,0.0
0.4654009241337645,0.4273887280918109,0.45887304230627174,0.4659325868438387,0.6373415290049943,1.0
0.5186583278325372,0.4511259427430331,0.5832534164468952,0.6124373550216216,0.44719379736667486,1.0
0.48131482082321747,0.3707290546122347,0.7747591153848645,0.5718935250150349,0.4513716690531904,1.0
0.5927658003378794,0.3677336724930019,0.4438270684974113,0.39001546436037693,0.4911422135298432,1.0
0.7733657041205626,0.48447037008421545,0.323258405852508,0.2616354992983763,0.4018527573080013,1.0
0.6085409650820645,0.2334793384009176,0.4562957227186429,0.31490878891148094,0.510145636154088,0.0
0.6930578087065484,0.47150821055634473,0.5898060611558573,0.4602021821930755,0.3025879230258792,1.0
0.4707689553708283,0.48415835111346206,0.5744118009162362,0.4780649503135829,0.6231096985995181,1.0
0.544185005761851,0.42665176899898377,0.40665275680859475,0.4025945760187864,0.3744193762441938,1.0
0.6253454313556572,0.33351856364295523,0.5179586203321519,0.443297345284802,0.39195595990640175,0.0
0.32648773229209793,0.5900724478333997,0.6722090107369416,0.7223431369741402,0.5789648307896483,0.0
0.4865306944428906,0.6040865570340963,0.8528805717729238,0.5970431570205333,0.3845388188453882,0.0
0.5281547532473345,0.6098039332219971,0.6499283987895831,0.5474168790629744,0.4812410505360948,0.0
0.6349335988632931,0.4572652874437623,0.3422311066760839,0.3206134196282827,0.49983847309049007,0.0
0.41525380114341975,0.6335827504026531,0.6055307885204793,0.576877917466136,0.6319762162539727,0.0
0.6692093397925734,0.44219328535174945,0.3953002391026846,0.3865460064721213,0.4258897076799497,1.0
0.4208657320907128,0.4412810013134513,0.46656450264697685,0.660299550388041,0.5152795725212168,1.0
0.43624707711929833,0.4783339969927315,0.43249399003414823,0.6661817348721327,0.5523128907204974,0.0
0.6559112115550285,0.38644886751971663,0.4076230990040628,0.29913370944185125,0.541708867390773,1.0
0.6081560958145468,0.5445652238513246,0.6152439300964834,0.3725550559867122,0.5777773897251424,1.0
0.6820465199539052,0.4222389292697568,0.3860908978986179,0.2967510524356368,0.46645915551985473,1.0
0.7087031919535473,0.5570519258999519,0.451797157982725,0.2909175520490278,0.5597343973736598,0.0
0.6841095982367618,0.5624127089784202,0.34803048073247067,0.38674217474727235,0.311987042922502,1.0
0.5622425347668968,0.5744923005604455,0.35661938610871724,0.3429737392250638,0.6866465267348864,0.0
0.5960841789642094,0.44012207370779577,0.4925434305079474,0.4800796128182366,0.27864701568120703,0.0
0.5327575211734038,0.7410331691023958,0.5531954875038069,0.4598155731836537,0.6062672440889882,1.0
0.3543370514986407,0.413612347630736,0.6897529272259553,0.659254274177382,0.6058699752034367,0.0
0.48636511115337716,0.33443381929049865,0.6272962605376894,0.5052922477734185,0.6058175880976496,0.0
0.13534643828106652,0.09003084530396593,0.6021532201105445,0.8279661502333974,0.5763149163552544,1.0
0.7068504492006131,0.5831010525439947,0.46746356761940555,0.30021478278301217,0.5949210700939476,0.0
0.6443651335294973,0.23519395693543882,0.46132400681669444,0.4834803402159284,0.41412443683861283,1.0
0.6437162260435664,0.4950076964679453,0.5114156952445132,0.4369054096623616,0.3749214193413195,0.0
0.540401203835267,0.4504692170998283,0.6771562979906303,0.5001575073742089,0.41886983550448786,1.0
0.49205312090936554,0.4595355969071491,0.39962871046544024,0.6112388670924139,0.37200956937799046,1.0
0.3418019489600699,0.3987186420934393,0.6590356839697525,0.735547982473725,0.51526647574477,1.0
0.713536433917723,0.5367796076287153,0.6286100293532564,0.2984864973223747,0.5478905458736424,0.0
0.33539790335753683,0.5300607991251582,0.4021153135873826,0.7124717202669035,0.6784959661928545,1.0
0.3905170002573254,0.45423127440434097,0.33242238882373143,0.5866877631089092,0.5436777494499354,0.0
0.4827715062485316,0.5756779726493085,0.7927225955276782,0.4227383372948825,0.6456798100094298,1.0
0.45127264183663196,0.7831854462465604,0.4311332430488508,0.48518571551304457,0.6722531694199002,0.0
0.448558418455824,0.656086747217088,0.4037660292754994,0.4494229502563075,0.8656794607620579,0.0
0.6305523545272486,0.6090461728644531,0.7828004820932176,0.4163721756064035,0.378723850103028,0.0
0.37254002528501584,0.4604211364622398,0.5747762867158696,0.6796013631547296,0.4800317815108442,1.0
0.4531432854857297,0.40472129276888613,0.4411703720023068,0.48643718319539514,0.6048746201934831,1.0
0.43344782448171315,0.36148437825019764,0.6202819338158585,0.6435407657722159,0.4011455313798764,0.0
0.4544545261297144,0.3447512465900784,0.5883691771368588,0.614661072768407,0.49576974120769746,0.0
0.7430639621396047,0.4223132195008885,0.2558852307114115,0.2389243678226754,0.5384390388712326,1.0
0.6981841778454034,0.7147522569372219,0.5556577915724403,0.38985222944528775,0.5280751231096986,0.0
0.4766717758807801,0.8470691018013896,0.4895805659411509,0.5179200435293108,0.6179582998637936,1.0
0.44591356104765,0.5858765355790776,0.6419923279789019,0.5195409375984422,0.6155310306289946,1.0
0.37360289099473043,0.29308090503331174,0.4486220816836976,0.6302056187176037,0.5671035169210352,1.0
0.588122755395442,0.5466067194028255,0.5785620792213935,0.3509507717861337,0.6445709496036043,1.0
0.5961199807565367,0.13932984268300652,0.5920140351331912,0.47753372089693297,0.3481123179548074,1.0
0.6023092156051063,0.4671458881842874,0.7025666280041729,0.42321229130272925,0.4183459644466176,1.0
0.6684440764815789,0.6110638955419919,0.4943448003265793,0.46719980526361016,0.43130740753675834,0.0
0.5327440955012811,0.4006442448843747,0.478179450128623,0.5065279647183483,0.37788565641043553,1.0
0.6367080251955114,0.5704003946297078,0.5235814212678274,0.3716558320685015,0.5163578737819998,0.0
0.734605788702297,0.5947022150375315,0.4498629533393379,0.25407657722156995,0.5273329724443824,0.0
0.47174455421174527,0.5329373168745803,0.64423918044153,0.5499126550015752,0.6198311388956799,0.0
0.5099115024445912,0.6940639133716473,0.5936064330933667,0.4185157077808644,0.8060367408235254,1.0
0.7229925823161523,0.35950825810209264,0.5158494625049408,0.2522294452876658,0.3428648761918067,1.0
0.5343596513800473,0.5644898638408644,0.33936543832252297,0.41826369598213015,0.6126672021793037,1.0
0.7406070641411486,0.6611771138542367,0.4797621284674749,0.2870314155617286,0.4388074948486013,0.0
0.4752531298598136,0.7014275610814281,0.5610003434266201,0.5856152810790688,0.5984222749973807,1.0
0.539564336939618,0.38435091139255556,0.45983690475419076,0.4564506429164639,0.5014712045541858,0.0
0.5488034369720635,0.3433040728876316,0.34281428395549707,0.4095134454022166,0.6555897041874761,1.0
0.3229209787314978,0.4225717495052271,0.6164621226357021,0.6419356224405053,0.6436454440680335,0.0
0.6133339300298721,0.5448267254649083,0.6386212393165163,0.4324064263008678,0.44905353962211436,1.0
0.5214665309182042,0.2685413558858665,0.3422359664867457,0.47371058735931737,0.44591467886704156,1.0
0.3944417717411978,0.4404132914138323,0.6405586838336779,0.5874165926859304,0.5402114692836937,1.0
0.29543639028428864,0.4929899737904065,0.7123737259196381,0.6955554282768694,0.6723099221178361,1.0
0.22161533211756418,0.48388496306289713,0.38064629002054085,0.7813339442710274,0.7540774630670906,0.0
0.4907284545932581,0.3702803416161989,0.6307532058550999,0.612463128955583,0.4101997694967346,0.0
0.4664369384992336,0.2570887738545932,0.556657292631879,0.5258440963372377,0.592419585792617,1.0
0.4175451158523624,0.7444921222638909,0.5247137571520214,0.5506815773647585,0.7043664652673489,1.0
0.2144348351439344,0.32014632203923715,0.4749768349025122,0.7358873392708842,0.68812646247337,1.0
0.4722166903480606,0.5411449016100179,0.6563109501253831,0.48431083364357524,0.5885167464114833,1.0
0.5361318401002451,0.568831384948205,0.5687744205485754,0.44349208167473303,0.5530419446093668,1.0
0.4490753068325483,0.5461639496252801,0.4184556169691629,0.5203828861078497,0.6454920895470262,1.0
0.21163110728230833,0.2988606850153632,0.3995784924219352,0.7032131504338613,0.6909422694094227,1.0
0.5814501963504548,0.37197415888600316,0.39121961808367944,0.3971562759529197,0.5068758076345476,0.0
0.5912956892404426,0.31241419478304283,0.5432587946373609,0.4332354878432946,0.43376960150874866,1.0
0.6956333001420884,0.42557604645219577,0.5559607197703578,0.35596952948251676,0.38950686271085816,0.0
0.4261979615354494,0.5864916586928486,0.6009220680762277,0.6428233912769553,0.5628645269444348,1.0
0.5693357648717289,0.40059075591795984,0.5091558832867872,0.41489017440361986,0.45052037858415117,1.0
0.46462223515064727,0.1697026607789182,0.34961477900820986,0.6010710501446205,0.4082396186218699,0.0
0.3613944798111456,0.7172335506570229,0.4802140908590201,0.5324006987599875,0.833998358537352,0.0
0.41496291158076104,0.6763887815807773,0.4319367317449312,0.47832268965319746,0.8458072853001782,1.0
0.618444635884584,0.48885052211174446,0.33244830781392753,0.20918697557203825,0.6076249432473021,0.0
0.8396974748548349,0.385388003019155,0.5283440357163685,0.217393109768321,0.1627492753117033,0.0
0.7044136897103411,0.5695802304780131,0.38598560200094606,0.19823448552364054,0.6021199315475152,1.0
0.32298810709211134,0.449675797431341,0.49683950313295794,0.7160600246284259,0.599321586980058,1.0
0.46626016714961793,0.857930333592854,0.574078093917461,0.46144935421976585,0.8555076310550764,0.0
0.6137031360132467,0.4385352343708212,0.643876314578784,0.4937283427360464,0.3094419026996822,1.0
0.5139436793054453,0.4968114632798246,0.5042377548970692,0.4982201666714397,0.525791918415814,1.0
0.8535975207258814,0.5298082123393103,0.6983726114030597,0.13811821644376998,0.36835556874934516,0.0
0.4913281346147392,0.5258173411229118,0.5871283054812184,0.46489447005928014,0.5952135647679252,1.0
0.5037714950604715,0.5152770431299366,0.8737777576185631,0.5615825195452333,0.4232659867984494,1.0
0.5617659234065405,0.6429849220546896,0.5314202958652731,0.4846315759328733,0.48074337303111797,1.0
0.6144191718597912,0.6155064513636715,0.3512039370946108,0.3635499298376243,0.6998393462089199,0.0
0.48005057003166224,0.25409636334460567,0.47438069812800093,0.4629786076348121,0.4629448538399749,0.0
0.4484823396471286,0.3752042981356124,0.5395442793548764,0.5909877144248118,0.5045445814270249,0.0
0.6183640818518478,0.6597715426812236,0.5735726736086362,0.41192760388327276,0.5165586910208502,0.0
0.4600507937928643,0.6296483397619148,0.3617383866724553,0.4305850683009251,0.7012799916180632,0.0
0.45079155525223485,0.24684860839539044,0.6766751767351143,0.5774449440132879,0.398578563196312,0.0
0.542862577057764,0.6567702173435003,0.5272197995166108,0.5015535954637877,0.5162400027939791,1.0
0.5142837963325539,0.5587397999512657,0.7365950222579328,0.6158366505340933,0.36400743896902177,0.0
0.493887962766136,0.27452023368735107,0.7053189007756258,0.5805220653512415,0.40856703803303884,1.0
0.40050122509258124,0.6093760214906782,0.5402781107648046,0.6055786248174347,0.5164932071386164,1.0
0.41291325897002723,0.11977368223988016,0.43876152585095285,0.6085855837796044,0.4572433904934866,0.0
0.4883521106275383,0.4548018233794329,0.4564382771647217,0.4948065523067672,0.5451751475570147,0.0
0.4208612568666719,0.4364075621512074,0.4891091643069586,0.557765113548498,0.5212822617259806,0.0
0.6217518264508117,0.718749071372111,0.6449551925456984,0.37464131275236984,0.5162050780567877,0.0
0.638281066445889,0.4959912991281299,0.5127586229240508,0.4288725335777085,0.43417560157859814,0.0
0.41005806603193073,0.5154820841678603,0.30705093729548294,0.48697986769380575,0.7269191143086648,0.0
0.22286391962497626,0.5720734106347952,0.7546799976672909,0.7452490048397722,0.7361261481507353,0.0
0.6447925174254037,0.5453140693811327,0.3083517466159519,0.32759386007617636,0.6717685886913702,0.0
0.7196764413018427,0.45147956424322033,0.4873612524056063,0.28915346945788833,0.45171218524080614,0.0
0.25408755775836034,0.6340403782264248,0.5128185605888794,0.7167186918296631,0.7584343240317117,0.0
0.2497577784987861,0.3996844150981523,0.5201471550668386,0.770954208310662,0.5937248978451438,1.0
0.43274297669527084,0.3439815997955533,0.41105898514193884,0.6058950714510726,0.6106328362379074,0.0
0.8023092156051063,0.6078723872125712,0.47323864262248344,0.15756464961768674,0.4865976321028185,0.0
0.5752922880701715,0.5145935730035244,0.27994129348720576,0.39631719121395237,0.5490692557538505,1.0
0.37596804690034796,0.3585781444083229,0.590416777362354,0.716291990034079,0.3522770928648762,0.0
0.3577717859500341,0.2417849862414492,0.4505125480311287,0.47016237578395725,0.787286522543918,0.0
0.6892583434958213,0.6966343553688066,0.43962009240120004,0.39715484406769963,0.41568731882792587,1.0
0.4735861089045771,0.21050582732572998,0.42955704445754794,0.4966135914545091,0.5007727098103587,0.0
0.41128203980711786,0.5259926660683827,0.5848927925768012,0.6172699676393941,0.6958579261691057,0.0
0.5062104921627639,0.7550591647400734,0.44196252114017637,0.34226209227068366,0.7592375929871128,1.0
0.5798838679361386,0.39918221313570157,0.7121793334931671,0.4987170308428077,0.318247302064052,0.0
0.5321600787639431,0.2748619687505572,0.6164200042766333,0.3936810905237837,0.45105734641846823,0.0
0.52149561987447,0.4017377970866343,0.6789463282510513,0.6244895329190413,0.2616430342611672,0.0
0.528732057148611,0.6650194046083717,0.4497430780096807,0.4558936395658525,0.6845292145426607,0.0
0.4331725982031976,0.6637297261959242,0.5518719990669163,0.6543214295942038,0.58529930499773,1.0
0.26325281659413075,0.5207626337967063,0.3471054967698458,0.7545949196712393,0.535933188977753,1.0
0.5196070753292087,0.3407158012350008,0.3738474149047153,0.5859961625476102,0.33354433695386443,0.0
0.8017363869278706,0.41453057488752465,0.5895501111276704,0.29792663020132315,0.2809564139279852,1.0
0.36056432575155795,0.5324202568659032,0.4757835634723671,0.6882513817692375,0.6273312262075228,1.0
0.5945290386099954,0.3797033145329522,0.3304622651901482,0.32245768779174666,0.5982738448643175,0.0
0.1826204674371511,0.5271605085017741,0.5086067246820064,0.8096680890059854,0.7543437641881745,0.0
0.6682180776675133,0.3195014828330134,0.45985310412306335,0.3482201666714397,0.5661430866482731,0.0
0.6616954386278964,0.3061173547923143,0.5378044671379603,0.3716916291990035,0.4104311458806273,0.0
0.7373670019355344,0.4600407704788452,0.42934483272531704,0.24085598098456432,0.4126532322844271,0.0
0.7636432798916997,0.4848358780213837,0.4998930841654409,0.25832927632520986,0.23915586910208503,1.0
0.6604334254483615,0.21016706387176914,0.5144773759614325,0.4330722529282054,0.2760189292075578,1.0
0.6585672570233048,0.47830428090027877,0.3067026508647223,0.26612159569288935,0.5097221737156429,0.0
0.46734317136751663,0.4912040366339988,0.7169986457327622,0.666717259944443,0.45619128278559706,0.0
0.5795616518051935,0.5504727830309226,0.7155666215244254,0.5108250522638106,0.4392396884713443,1.0
0.6444770141305199,0.6473888469561807,0.5590434596668113,0.39643746957243914,0.5005675269793596,1.0
0.6166925856725702,0.8460765843134692,0.46295690319905136,0.32092270683582014,0.6781816435581323,1.0
0.5737125339837326,0.47401327715010794,0.681152682291498,0.3916062888398867,0.5386005657807426,0.0
0.39874246204450614,0.5121211941114592,0.6355368794831753,0.6504610670408661,0.6167010093249049,1.0
0.45506315659927726,0.6197112784457296,0.38704504072521334,0.5643560812165298,0.5490998148988929,1.0
0.35630615007663824,0.6671054742985517,0.5951162142722919,0.6636845270483119,0.6523417036286803,1.0
0.35212852843445475,0.3070058659566502,0.5884193951803638,0.7053108622812796,0.5192697237453289,1.0
0.5027131045747978,0.7281452998056568,0.49045533186027074,0.46121595692889267,0.6353202598400448,0.0
0.6688155200769739,0.653560879358608,0.5798677483525242,0.293935966092958,0.5733244857332449,0.0
0.5116478893724618,0.5517892059265775,0.4143620364550597,0.5196311463673073,0.43425854782942763,0.0
0.670014880119936,0.34177963734480776,0.5020573198468188,0.39718204988688116,0.397875702860336,1.0
0.37656772692182905,0.2720448831860406,0.36592106371535765,0.6101849995704345,0.5179818740613977,1.0
0.16672670925588212,0.42893990811784216,0.5401841544253436,0.7236647670322748,0.7541604093179199,1.0
0.36859287768093896,0.5910560504935843,0.08015123730779455,0.501523525874166,0.702480529459016,0.0
0.6380863942001097,0.3388704318936877,0.4314199718778956,0.4530141183882701,0.3653956972723781,0.0
0.3901008044215214,0.374607004677313,0.5495117510221802,0.6366419427818667,0.5241548213599693,0.0
0.559217283315246,0.41216517392828916,0.5568290059419285,0.44629714482087124,0.3587294380609786,1.0
0.6386502724292635,0.7074777575047992,0.4897879178627201,0.32782009794094913,0.5796589599413265,1.0
0.5227844843982502,0.49974741321415206,0.5030260421053996,0.5021621466823221,0.5234999825376314,1.0
0.7038766628254327,0.567372324808777,0.7188064952989431,0.321010051834245,0.5440488247825935,1.0
0.35606896320247033,0.4300215738831207,0.3342075592734907,0.6886981299579027,0.6341284531833898,0.0
0.6563139817187098,0.3843330817370839,0.3261256941429562,0.27462126635928874,0.42396884713442534,0.0
0.5741108289233731,0.3250019315460094,0.2870479566116104,0.39164494974082886,0.5698931303041945,1.0
0.6164889629787091,0.39358072970836633,0.5034780044969448,0.4033448838741087,0.47842960919219085,0.0
0.6808382094628612,0.5214104446121753,0.3140134260369216,0.2813353761562474,0.5557704397024413,0.0
0.6093107036170998,0.7282938802679204,0.5683175983463684,0.30127437784587197,0.6514642196067475,0.0
0.8501717367225696,0.5109592948965583,0.6249732710413602,0.231683324264727,0.3340158209059477,0.0
0.5684407200635482,0.5134524750533405,0.7106355336396094,0.4641670723674791,0.3923357664233577,0.0
0.3295040332956669,0.4678739324493787,0.3881417379978876,0.5728299779489677,0.8584194810184054,1.0
0.4015238137859277,0.6423757421594091,0.5735791533561853,0.6097611615452906,0.5818941431215731,0.0
0.5948244033966951,0.5383515889194636,0.42887181115423745,0.28482058478192396,0.6538958544336955,1.0
0.6126380326915116,0.491150547667584,0.5450358654026839,0.41221970846816924,0.46232057416267947,0.0
0.4843982501874,0.3242085118775222,0.5666037051196485,0.6322116899109369,0.31612562427967733,1.0
0.6605341179892819,0.4148099061565801,0.5728453219462569,0.3448724190268909,0.337665455942444,1.0
0.5882659625647509,0.4348474672974403,0.6524587402074815,0.5113090294681979,0.3818146893444627,1.0
0.6476947002159296,0.35762128623134576,0.46167229324745507,0.37212405853546787,0.3643872454859778,1.0
0.6010225886933465,0.5187894852578466,0.24689134111335026,0.4318623099172371,0.4681442740893375,0.0
0.2933800248374935,0.28903060163200783,0.4885097876586728,0.7659225636472982,0.5285160479167395,0.0
0.20685156800662335,0.5365507937168295,0.5306427261593888,0.5999169506572354,0.8509543184437538,1.0
0.6370011523701906,0.23325052448903177,0.4658889889649899,0.41027377645407953,0.3108650857402298,1.0
0.6897215291840548,0.4701412703035202,0.45657273192636416,0.38319396317191223,0.3842375929871128,1.0
0.3348205994562603,0.3720959948650593,0.5789735431907572,0.7578653455139037,0.5629911291167534,0.0
0.5454649198375494,0.35190688165269024,0.5942139094260888,0.5501174145880467,0.4068164355813223,0.0
0.4588380080777794,0.3318722921210753,0.39101550603588486,0.4986311177296029,0.5490692557538505,0.0
0.4565780199371231,0.40590993646699436,0.5242099567800839,0.6223488645150206,0.3999973806447107,1.0
0.679484454190488,0.5017027320975401,0.5501986042623779,0.3202969729946448,0.41277983445674576,0.0
0.6952618565466934,0.34301582679084036,0.40806696171117174,0.3452447091841119,0.36215206230573116,1.0
0.47294167664268694,0.24928829958575768,0.3809200593544876,0.3918282310489992,0.5299610589180317,0.0
0.39368769649030555,0.5398076774496461,0.3091730546177921,0.6257152266674304,0.5620350644361402,0.0
0.3277542206956736,0.6970860399740877,0.4703486752156136,0.5248904607806639,0.8677312890720499,0.0
0.6212416509101487,0.4383955687362935,0.45572874480810227,0.40070591941349987,0.33520762756260264,0.0
0.5844374083977579,0.35786495818945796,0.19332488806236114,0.3741186746470404,0.4552614116578773,0.0
0.3540528747720433,0.2692159111845429,0.5777294316613425,0.6299750851971707,0.5532820521775574,0.0
0.4065808169521487,0.5536048591754379,0.3157856369915828,0.49040350525501886,0.65953183389795,1.0
0.4202190622168023,0.32881450620769176,0.37431557666513315,0.4880996019359089,0.7132548108825482,0.0
0.7593895794408208,0.5781830392430718,0.489919132750588,0.26724992124631297,0.47743425418223734,1.0
0.7218715386939059,0.36871133193469596,0.2972227802004834,0.2261762937082964,0.4899242133202948,0.0
0.7127689329947081,0.509616127517696,0.7484966985686237,0.4526189180675278,0.16296755491914922,0.0
0.6957228046229065,0.6353181702018912,0.4058055298165584,0.34711188751109723,0.4310978591136102,1.0
0.4473836721450868,0.307300055271932,0.512277501668535,0.5449468770583351,0.5441754269549122,1.0
0.2136941855651649,0.5475606059705573,0.5610862000816448,0.7790830207050604,0.6790940523172564,1.0
0.5883017643570781,0.5030726439596099,0.5492962994161747,0.3052163578567543,0.5053784095274684,0.0
0.633501527170204,0.4289696242102949,0.480883124793458,0.4346100976545721,0.35491391052282334,1.0
0.40099349973708065,0.412251350596402,0.6861275084722699,0.7570921274950602,0.3833208186358398,0.0
0.21991027175797995,0.6492639323899465,0.45945135977502316,0.7610011741458805,0.7400988370062516,0.0
0.7037177923719806,0.3513303894591077,0.38090547992250223,0.27176035968956735,0.3530323403066392,1.0
0.560841789642094,0.7287901390118806,0.45828014540553497,0.35272058191815353,0.7003981420039815,1.0
0.45624909097011673,0.4208898186724039,0.45270108276581544,0.6310060425556289,0.5472400726434534,0.0
0.5146709032120921,0.7145680171640151,0.6821926817731181,0.46051146940061294,0.6863889567981002,0.0
0.5544489320996633,0.4363273287015851,0.6901498117633337,0.5107835275924283,0.4450983131351937,1.0
0.6532775422069568,0.3978509321938203,0.5100581881329903,0.3605372433345744,0.42135822302937176,1.0
0.6062921650015104,0.5952133318277181,0.5577475101570043,0.46758641427303194,0.45846575629518393,1.0
0.8000201385081841,0.3904545967823415,0.35456044632501116,0.37636100690168683,0.2770142842175113,1.0
0.4680950090063884,0.3885408804283872,0.38115171032936557,0.5219565279647185,0.5363522858240493,1.0
0.5032523690717267,0.5244801169625399,0.36369527043226396,0.44946590681291,0.5349509307442462,1.0
0.4498070059632361,0.5905895078420769,0.3715843630732147,0.5037973596036542,0.6412094436489366,1.0
0.6771036350007272,0.5707124136004612,0.5780372196699216,0.3228013402445661,0.4994455697970873,1.0
0.5239502802609056,0.5512008272960139,0.3558110376019751,0.5193734070276927,0.5289875318688227,1.0
0.6264776630380059,0.6845755650514981,0.5476439637911706,0.3598284601506344,0.5050859148534907,0.0
0.24617536165404286,0.516554835105403,0.5857578388745974,0.7353016982158711,0.6586761778367618,1.0
0.5362593839854108,0.46874164234899773,0.3760699683140345,0.5134181963973768,0.5260363915761535,1.0
0.19622514852149786,0.5839152734771988,0.30087573788125216,0.6893582290443598,0.7968515349421996,1.0
0.26749980420894826,0.3207138994050839,0.5453792920227828,0.7385764197141957,0.6169454824852444,0.0
0.36672670925588213,0.5694108487510328,0.6941785948019465,0.6841876915146483,0.5565693430656935,0.0
0.6321365838377284,0.5254280603117814,0.37138187096230735,0.31923021850568467,0.553578912443684,0.0
0.5012541815374633,0.5305124837304395,0.25647002792771195,0.4841561900398065,0.5244123912967555,1.0
0.7207661583558027,0.6202580545468594,0.4689150310703895,0.344714911652682,0.4172021793036008,1.0
0.5567648605408309,0.35708639656719704,0.42316639343731166,0.5201466250465363,0.389083400272413,1.0
0.5587339591188284,0.309308863121735,0.5154558178413369,0.4673429937856182,0.4109375545699019,1.0
0.4074579608641658,0.7374702096173162,0.5092077212671794,0.605335204330021,0.5944583173261622,0.0
0.8512838298967342,0.6849589026441381,0.4018010458312544,0.24179672957415743,0.32352093737994625,0.0
0.42743983620680015,0.2838421718897652,0.3482070538531819,0.5911681319625419,0.5397181573708658,0.0
0.4869670287868787,0.29262030560029484,0.41373998069035234,0.4623772158423782,0.5768431530052737,0.0
0.3647889372461709,0.7029995423721763,0.4837892915692005,0.6386064893038175,0.6651809101386512,0.0
0.602485986954722,0.7037573027297204,0.5883157192195791,0.32148114207165157,0.6520404777704049,1.0
0.5815934035197637,0.2855122162856073,0.44426769133074573,0.3651565050545549,0.5259403485488773,1.0
0.5846544567637417,0.7960257697953751,0.6144890395070208,0.418101892952261,0.5594375371075333,1.0
0.5541535673129636,0.5210181921917996,0.41521898306841964,0.543739797817807,0.36324346034296096,1.0
0.4205479911838087,0.5882835390677468,0.4687416978234528,0.4917036570348522,0.8395688541193729,1.0
0.47075776731072605,0.4769581419121712,0.34860555832744755,0.5187491050717375,0.6803164181189537,0.0
0.5029368657768429,0.6939777367035345,0.425690255107661,0.4494530198459292,0.6493556385988196,0.0
0.4540159541737059,0.3382642236076525,0.3847576898404038,0.5437326383917066,0.4751204903433102,1.0
0.3308533133439993,0.4055830594500146,0.6706441517038496,0.6003422205675994,0.6127632452065799,0.0
0.5095646725814211,0.7570115120142162,0.3859046051565831,0.3953019845929151,0.6242054622288968,0.0
0.5930052248240678,0.43410159337687737,0.49146293260414575,0.4553051347403993,0.5500253204344638,1.0
0.48132377127129927,0.4692913900593728,0.5126662865214772,0.4799421518371088,0.5940828764013552,0.0
0.8159228471375348,0.6302486048294594,0.5959018836626124,0.3165024771614308,0.24161369748192646,1.0
0.46278068045781545,0.5929549088013123,0.6809226512535071,0.6653154443139839,0.5529982886878777,1.0
0.4270415412671597,0.6121247600425535,0.31125143364414526,0.5515006157106447,0.6125318688226872,0.0
0.4565981584453072,0.4142690732739408,0.15623319315479473,0.464235802858043,0.6617233611567074,1.0
0.5588637406160146,0.7916575042048272,0.15296578045319353,0.34029181820785254,0.6882006775399016,0.0
0.6462715789709222,0.5122608597459869,0.49455863199569744,0.4416893381826514,0.3758862152062306,1.0
0.6104899251518779,0.49594672498945086,0.5879965916527892,0.38486210945330634,0.4542398630950303,0.0
0.5373222496951254,0.6517868286391814,0.6835842075592735,0.47226867894269603,0.484462857541997,0.0
0.4334545373177745,0.24341639971710283,0.5073480337206062,0.5948867378790917,0.4659964027520693,1.0
0.5188574753023574,0.5156366078486144,0.6878770403105094,0.4684999570434435,0.4602687458526875,1.0
0.7084369161231134,0.5337812539002372,0.5905593318084328,0.36074343480626603,0.3655222994446967,0.0
0.6161756972958459,0.5415728133413369,0.5110560692555418,0.38463443970331346,0.40184402612370346,0.0
0.6227475637999127,0.662365757552345,0.5776208958898961,0.4061499470202469,0.5496498795096567,1.0
0.208444747765185,0.46800171164692533,0.5320293921348824,0.8442252069074144,0.5820687668075298,0.0
0.4362672156274824,0.34881343642836343,0.42979679511686225,0.5977963286462958,0.5062951838787414,0.0
0.4329868764055001,0.26343910281173666,0.4149824722828799,0.5526088948709872,0.5237313589215241,1.0
0.482035331893803,0.6552220089267142,0.4888969525747277,0.5577980469085599,0.4549863793524954,1.0
0.3452411586355042,0.27995530699695115,0.5826880584732419,0.6687133079412355,0.5110231201760207,1.0
0.6521900627650172,0.65709709436048,0.3891541985524244,0.3638921504052236,0.504426710439004,1.0
0.788335328537385,0.4968114632798246,0.5928807013678747,0.3270110827916035,0.34315300527363535,0.0
0.7088598247949789,0.6496502415918317,0.44733909166898855,0.3964718348177211,0.417512136346174,1.0
0.6338684955415581,0.36136551388038685,0.5313425388946846,0.4388527735616714,0.44847291586630816,1.0
0.5090858236090444,0.5150630872642772,0.5971459951920273,0.43868953864658217,0.6597806726504384,0.0
0.21358454257616277,0.598232486820913,0.5064667880539374,0.7022638105329477,0.7523312262075228,1.0
0.4185878430538929,0.6229859918340179,0.7902975500074516,0.6906340387754519,0.5296249083225649,1.0
0.3495664626710375,0.2619443833613655,0.46955814601463125,0.7134983819697014,0.45023661509447144,1.0
0.5482350835188687,0.3739740519080703,0.5783190886883047,0.5791732294739255,0.30845964446617546,0.0
0.4441212338192681,0.1922571749505227,0.6352663500230031,0.5537801769810133,0.4903564069430378,0.0
0.4611673621910697,0.4292311258238787,0.5476828422764649,0.6444986969844498,0.41984772814584576,1.0
0.5188328615701324,0.9341550823432923,0.6106028109144868,0.4995890489418369,0.5765288303705516,1.0
0.6659245253465502,0.75765635122044,0.5205829180895112,0.3800710215069161,0.5460962875004366,0.0
0.597032926460881,0.6945958314265508,0.2998972960013478,0.42861765800853413,0.5060900010477422,0.0
0.37691903200904,0.6226264271153401,0.5959845004438626,0.738350181849423,0.6226207522788392,0.0
0.5063201351517661,0.4822268051040361,0.5001182553927699,0.49153469457888266,0.6145575035797857,0.0
0.523372976359629,0.10556641843824105,0.5040385026599363,0.5495876170566169,0.2692653581531799,1.0
0.3350488358823464,0.20679725898763218,0.43328451923513056,0.6463902173601765,0.5040949254356861,0.0
0.5602555352927356,0.5354067241574002,0.5583193478782067,0.35961510925284235,0.6282741941116894,1.0
0.792714335261409,0.48032794679630814,0.5788488080504384,0.24425814026747622,0.32785160479167397,0.0
0.5489287432452088,0.8418450127482038,0.5999031277741419,0.34108365073455715,0.8633220410016416,1.0
0.6945995233886397,0.5763020105908154,0.4128814141401051,0.29317133938543494,0.4749545978416513,0.0
0.46963896130050015,0.7728561325099996,0.6796817795978668,0.6057991351413272,0.5597998812558936,0.0
0.4748369340240096,0.5927320381079171,0.5028510889215756,0.5080973109195568,0.596571263926239,0.0
0.4573030062317495,0.5466364354952782,0.43509398873819877,0.6066081502906728,0.5532602242168129,0.0
0.6527405153220484,0.4548018233794329,0.48774355751099935,0.41651536412841156,0.28069011280690115,1.0
0.5169845940412392,0.2820027457669426,0.4576678092621511,0.4423279589908074,0.507984668040373,0.0
0.6754254259853885,0.5465235143439579,0.4644569647566531,0.34824594060540115,0.3959242831697692,1.0
0.4184021212561954,0.2323471552784695,0.5010740181562526,0.6627709842779004,0.4383360108965181,0.0
0.4123807073091597,0.5889818672403855,0.6269884725291103,0.5793192817663737,0.6301164739985332,0.0
0.6812902070909925,0.4601358619746938,0.5217606122065485,0.38098742804776775,0.4263480948555862,0.0
0.24079614235687674,0.2772303413190379,0.592069112987358,0.8196383057934078,0.5409929102783502,1.0
0.4643828106644589,0.6105082046131263,0.5356742501312148,0.6205375297116185,0.48899434219257504,0.0
0.5358230496414227,0.7680688700158684,0.7103309855048047,0.5140926143360349,0.5377623720881501,0.0
0.6654658148823576,0.5066207453984631,0.721289858547111,0.44367822675334356,0.39545279921768595,0.0
0.48662691175977,0.6552636114561481,0.40422447141459367,0.4579097339557262,0.6347221737156429,0.0
0.6683836609570267,0.6182730195710185,0.5563948628561431,0.2622540737134512,0.5347020919917578,0.0
0.5604502075385149,0.7126661872470419,0.3876298379415138,0.3948051204215471,0.750165892501659,1.0
0.32771618129132596,0.18691124991828073,0.5294698918530134,0.5992482602594577,0.5402725875737786,0.0
0.6083597185084079,0.43724258434912844,0.5402878303861282,0.5243134110369714,0.26774176649320713,0.0
0.459390698246831,0.31708853612585364,0.5610359820381398,0.5857398550932158,0.4110903502951141,0.0
0.63744419955024,0.5845244533724794,0.6000991401375002,0.4781351126893669,0.408344392833444,1.0
0.4634788154081964,0.5381554627092756,0.3339078709493478,0.4862453105759043,0.6282829252959872,0.0
0.6059005828979314,0.47528809751632906,0.5918536613813525,0.3145493857212407,0.6050055879579507,1.0
0.5412537340150592,0.6760173304251185,0.44176002902926903,0.4505412526131906,0.6567902420284288,0.0
0.4979111891789083,0.9095650158386774,0.42233374587726064,0.5422062487471005,0.5897609401739252,1.0
0.5412112193866706,0.3011874550544102,0.6168492875517569,0.4924009851370315,0.35953707260852863,1.0
0.25067519942717137,0.4456225224207918,0.5857270600737395,0.8303903319109941,0.6260128173785493,0.0
0.4353274185788926,0.4106615396501822,0.5008180681280657,0.5642988058077265,0.5965887262948347,0.0
0.5009006388382319,0.6205403574251601,0.5980207611111471,0.4062802485752743,0.6741041804910419,1.0
0.5400767500923015,0.3562246298860685,0.4510131085292917,0.4301912998654029,0.539870953096078,0.0
0.628554166992985,0.2957434669170743,0.606912594685311,0.39600790400641495,0.47950354486082497,1.0
0.6729998545552187,0.4579130982592313,0.6203094727429419,0.4262550473954009,0.24967258058883107,1.0
0.7802687372036563,0.6052454846397519,0.485525863912342,0.22881239439846512,0.4193107603115287,0.0
0.509871225428223,0.3220897544856442,0.569673485521004,0.4106603854635013,0.5326502636817658,1.0
0.30073505554871843,0.4853172787191176,0.42848950604884434,0.5183839743406169,0.7923462438445151,0.0
0.5125742607489288,0.517333396727664,0.366167294122221,0.41506486440046975,0.7792625641742047,0.0
0.4867343171367517,0.3957826921591119,0.7120513584790736,0.5409834187691516,0.3829977648168198,1.0
0.6466542106264195,0.39391949316232716,0.4814387631457878,0.3615968383974342,0.4928753536129641,0.0
0.40818294715879216,0.8028366981855355,0.5093859143247779,0.6076476989604515,0.5195360248664129,1.0
0.6155245521978945,0.3783244878431466,0.4543032003473145,0.3065995589793523,0.577476163866867,1.0
0.7486087647262841,0.6815534384490578,0.6409280294439729,0.28612216844697735,0.5340952746830581,1.0
0.3929627101956792,0.6254643139445736,0.6208813104641443,0.6319052664738396,0.6387254217162016,1.0
0.5135006321253958,0.25323162505423186,0.5527467649860361,0.63280019473639,0.295210072294206,1.0
0.5329991832716126,0.5131969166582472,0.49924186953676286,0.5089678971333659,0.48478591136101706,0.0
0.499014331904991,0.2925430437599178,0.49864735269913885,0.41568200693032453,0.5553819020011875,0.0
0.6689520144102215,0.3800272199406867,0.3827052298042468,0.29403333428792355,0.44375807634547554,0.0
0.6500419552253835,0.5396709834243637,0.4203849618018882,0.33370657808070114,0.5472793629727937,1.0
0.4730513196316891,0.6089421665408686,0.39001762491333336,0.6070176694636159,0.5664181189536549,0.0
0.5152325438292255,0.2691713370458638,0.5032738924491502,0.4686116440906098,0.5371642859637482,1.0
0.445403385506987,0.9148752815599761,0.32481516520116377,0.6117858472464848,0.629911291167534,0.0
0.37206341392465964,0.6447857172573236,0.5562782274002604,0.6386924024170224,0.6263402367897182,0.0
0.3774605341179893,0.015523686697294037,0.4467883131273206,0.5871473982645552,0.5822870464149758,1.0
0.49879952115102766,0.39318847728799056,0.6238198759776319,0.42613620092213417,0.5824834980616771,0.0
0.4737226032378246,0.24682483552142825,0.5596655154315188,0.5487485323176495,0.46281388607550733,0.0
0.591881943589801,0.3974557081641993,0.46574967439268566,0.47469572439073293,0.40433241364858735,1.0
0.5479128673879237,0.7973124765985773,0.6969567865635955,0.446470402932501,0.6563580484056858,0.0
0.513283583759412,1.0,0.6152536497178069,0.46330650935021056,0.7401730520727833,0.0
0.6593795101867288,0.6993266333450218,0.7548387514822422,0.44382571093101186,0.4428543987706493,1.0
0.5772994260525168,0.3545159545700379,0.4815845574656411,0.4835691170995734,0.2687807774246499,1.0
0.7950526398227812,0.3563999548315395,0.38221114905363285,0.2524170222514964,0.22627300667062483,0.0
0.5404974211521465,0.7349859442882699,0.5765760365976141,0.3839585898794353,0.6650412111898858,1.0
0.4835211062753829,0.47139231779577917,0.512039370946108,0.48122941664996144,0.5885953270701638,1.0
0.6891576509549009,0.6863258428969625,0.6010063047943652,0.3897491337094419,0.39810271365207983,0.0
0.15049954688356587,0.7521499592889535,0.44249548037608455,0.7096766803173059,1.0,0.0
0.6317293384500062,0.3805145638569111,0.42765037874124423,0.3952275265614709,0.3697525582369993,0.0
0.3943500296483593,0.2661818981451215,0.4835544007205479,0.5514991838254246,0.6326790765899487,0.0
0.5782257974289838,0.7061435049536727,0.57258937191807,0.3732752942524128,0.6373197010442497,1.0
0.6819592530851076,0.39053185862271855,0.4629909218736838,0.26248031157822393,0.6667830824573046,0.0
0.6900907351674294,0.4851419537736466,0.33521677995425303,0.3409418940977692,0.49920109663674783,0.0
0.4153791074165651,0.7027945013342527,0.5979025057183772,0.598314671095965,0.6170895470261587,0.0
0.4389031225875746,0.5381168317890871,0.6508436631308844,0.6744122111171569,0.4625563161387211,0.0
0.4629462637473289,0.4757724698233082,0.48462517900302604,0.5820212491766661,0.43795620437956206,1.0
0.4082702140275898,0.556558638765237,0.4678960907683037,0.45044102064778496,0.7812270806412183,1.0
0.6908559984784238,0.45533671304358164,0.5428440907942227,0.3711747186345543,0.5291970802919709,1.0
0.4438012553003435,0.3343714154963479,0.6658620980126614,0.6343595177410579,0.5368543289211749,1.0
0.28883319721193546,0.2741220380484848,0.3056723710044257,0.6685572324522467,0.6987086578423498,0.0
0.2600530314048847,0.6268490838528697,0.5402894503230155,0.685938887138807,0.833784444522055,1.0
0.3906109799621844,0.5610041661961619,0.4624255639000304,0.6629012858329277,0.5530288478329202,0.0
0.4796522750920218,0.6795565170362359,0.6109964555780907,0.5593630974541082,0.5609698599518039,1.0
0.38480437676911206,0.5646949048787882,0.5343572414418735,0.6589993986082077,0.4767881465441973,1.0
0.4714827536053524,0.29118501833482907,0.4194162395433074,0.5078782324808844,0.5405432542870116,0.0
0.4266499591635806,0.43416696878027333,0.4641070583890052,0.6935336063461154,0.4878418258652604,0.0
0.5468231503339637,0.4523443025335941,0.7187514174447763,0.4433460293822848,0.6399958090315371,1.0
0.7482015193385619,0.4642158814684505,0.39746447478406244,0.21700793264411933,0.45171218524080614,1.0
0.48271780356004074,0.2654805983632377,0.6588348117957324,0.5088533463157594,0.4843493521461252,0.0
0.7259999328716394,0.5172056175301173,0.5625457632170651,0.23001374609811287,0.47436960849369614,1.0
0.687210928497108,0.5517535466156342,0.3733630537754249,0.36058306366161696,0.3650595466769113,0.0
0.6362426018952574,0.2772095400543211,0.6151046155241792,0.5150262034995275,0.2691431215730102,0.0
0.5554692831809893,0.4219328535174939,0.6147417496614331,0.420281222257224,0.5492657074005519,1.0
0.2590975710721518,0.20362952353217362,0.6215179456608371,0.6851341676451217,0.5466550832954983,0.0
0.43034425660934655,0.4488912925905896,0.42623131402800546,0.5611916148801513,0.5896736283309468,1.0
0.4534476007205111,0.47071479088785745,0.37674224212224694,0.5243105472665313,0.5798117556665386,0.0
0.49046217876282433,0.44510843402135997,0.48033072631490276,0.5837824679973654,0.4870996751999442,1.0
0.6540293798458285,0.38289185125312764,0.49000984921627455,0.48236060597382524,0.2912504802151364,0.0
0.5181861916962218,0.6607462305136724,0.6835404692633175,0.6188393138406026,0.42415656759682885,0.0
0.30656851008603625,0.34698292513327667,0.4363526796995989,0.719837337838999,0.695460657283554,1.0
0.34773385842628746,0.35144925382891856,0.6789285089452914,0.6911380623729203,0.5281755317291238,0.0
0.6263657824369833,0.48709727265703473,0.5324845944002021,0.3736762221140354,0.5630915377361786,0.0
0.4716729506270908,0.6145971389346188,0.4011158125279439,0.46596408831868047,0.6085329864142773,0.0
0.5026191248699389,0.3392091953476486,0.3268741049848698,0.527641112288439,0.46535466070617826,1.0
0.4663966614828655,0.39561331043213144,0.2780961853726179,0.4316575503307656,0.5887306604267804,0.0
0.6026180060639286,0.761465954272877,0.4063465887369028,0.3838139694722072,0.6843371284881082,0.0
0.66389277363198,0.628025841113997,0.4080005442987941,0.32998510839371126,0.5409230608039675,1.0
0.3938935567961871,0.5527193196203473,0.6860546113123432,0.6573069102780722,0.5999502322495024,0.0
0.326389277363198,0.29722035671197383,0.4429782215684877,0.7545462355737564,0.4401520972304684,0.0
0.214175272149562,0.39683464183193773,0.71301684086388,0.6905595807440077,0.6490937030698845,0.0
0.680549557512223,0.6154321611325397,0.4617889287033377,0.38543915919699884,0.36937275172004336,0.0
0.3566462671037469,0.3048395628168479,0.3759565727319264,0.5936023368366793,0.6152821918765062,1.0
0.6206576341728108,0.5279034108130918,0.5131328283450076,0.402888112488903,0.48969720252855103,1.0
0.45925420391358346,0.4962646871786948,0.7240615705612109,0.6064549385721242,0.44691876506129297,0.0
0.7482999742674618,0.6699879352664643,0.29425505582302514,0.30428133680804154,0.4636084238466106,1.0
0.49604054552981064,0.2320589091816782,0.41269836127184484,0.5430124001260059,0.4215721370446688,1.0
0.5000167820901534,0.28963383830879774,0.6092355841816403,0.5057919757152267,0.3846261306883666,0.0
0.626171110191204,0.783981837524293,0.45874830716595283,0.362037859045219,0.5319124786085985,0.0
0.5500139850751279,0.45607664374565404,0.6670543715616839,0.5600632893267277,0.36285055704955826,0.0
0.6293283807520614,0.7621672540547608,0.5847486181938352,0.32094132134368114,0.5767427443858486,0.0
0.5941508821785391,0.3009467547055433,0.36006013205725507,0.3903118646009337,0.48968410575210425,0.0
0.41168480997079915,0.5717168175253627,0.5361764305662651,0.6513516996477564,0.5628645269444348,1.0
0.525185442096195,0.2739229402290516,0.19585522948025946,0.46028093588017993,0.6483428212202704,0.0
0.7149416542665668,0.45838855573847465,0.4725825681831436,0.26126177725593525,0.45002706667132336,1.0
0.01081661650686394,0.47835479825744837,0.6040582658899609,1.0,0.6542843921349493,0.0
0.5650708763607478,0.6979537498737067,0.6405797430132122,0.4263667344425672,0.619765655013446,1.0
0.6594734898915877,0.4763370755799096,0.5028300297420413,0.35781809330164105,0.45468078790207106,0.0
0.5046262628522841,0.48022691208196894,0.5609501253831151,0.5912268392565653,0.41311598505221253,1.0
0.5183920520021034,0.4955455577413393,0.5042782533192507,0.4995890489418369,0.5344750812000141,1.0
0.48943735245745745,0.5043415211073405,0.5345888924167514,0.48624960623156455,0.6257290538888696,1.0
0.593184233785704,0.1773129520560564,0.40159531384657254,0.40066439474211757,0.4130854259071701,0.0
0.761139392040814,0.5110098122537279,0.7244130968657461,0.2508705862138092,0.4791979534104006,0.0
0.7064924312773408,0.6109569176091622,0.3925787451320897,0.42523124946304314,0.39249292774071876,0.0
0.39675098734630404,0.4045192233402077,0.6840961076156473,0.5446762507517399,0.6625877484021934,1.0
0.6146742596301228,0.25957601079288484,0.5480489480129854,0.34858243363212016,0.4725055006461077,1.0
0.22183238048354798,0.30378761314402203,0.6491492091468116,0.8669191557604743,0.5218934446268292,1.0
0.4473702464729641,0.3317385697050381,0.5204063449688,0.6678799507431485,0.48711713756853986,0.0
0.5284143162417069,0.35427822583041624,0.8598900386840929,0.5680975972966008,0.20967502532043447,0.0
0.32902742193531065,0.5109592948965583,0.6123636823109372,0.6353747243620953,0.634014947787518,0.0
0.5030397959297838,0.7391105379207057,0.3595012538311507,0.5165468656032534,0.5473317500785807,0.0
0.5555050849733165,0.780962682531098,0.4012081489305177,0.41409834187691524,0.6309197429539344,1.0
0.282520893702241,0.7083603254506446,0.7495221186182586,0.7067627938944415,0.7332535885167465,1.0
0.6004989874805607,0.5353294623170233,0.7120270594257647,0.44562702253787345,0.4923078266336046,1.0
0.4335037647822244,0.32104969124979943,0.5735661938610872,0.7149402903863227,0.4146919638179723,0.0
0.4281827233975901,0.41547554662752073,0.6247432400033694,0.5996477562358602,0.7377021269164951,0.0
0.3211085129949318,0.3314265507342847,0.5097779390514946,0.699520318451273,0.5072818077043971,0.0
0.5490361486221904,0.7682441949613394,0.7609993714644877,0.47914459176952384,0.5685659902909231,1.0
0.4871057607321467,0.6732359041715451,0.5814974048611066,0.5307268249377131,0.5900228757028604,1.0
0.28799633031628646,0.6757885165132327,0.40982783310762216,0.6341862596294282,0.7824188872978732,0.0
0.6414137232745214,0.4678323299199449,0.5651603413531009,0.34291503193104045,0.4699734571997346,0.0
0.24229981763462038,0.4760220849999109,0.6225368859629229,0.8532546751052437,0.4952284077812315,0.0
0.5277072308432441,0.31827717982396186,0.3231790289450323,0.49352358314957484,0.40624017741766494,0.0
0.44415703561159536,0.4290171699582192,0.6100779513630149,0.5909232795899082,0.4655380155764328,0.0
0.344927892952641,0.4909989955960751,0.5604042066521088,0.6906326068902318,0.6463346488317676,1.0
0.7353061612646983,0.7175693425017384,0.5224490853836334,0.2569790085626737,0.5766859916879126,1.0
0.5966189682370974,0.38235398997973363,0.6823967938209127,0.49759013717460415,0.35602277092864876,1.0
0.48594667770555267,0.408156473056419,0.4053308883085915,0.49958618517139675,0.5495363741137849,0.0
0.42372316264082976,0.45187181666359605,0.3317744140688279,0.49041066468111927,0.6054901686864806,0.0
0.28144236470838324,0.1977219643525755,0.4353871973147926,0.751114006701223,0.6663377920581148,0.0
0.4694778532350276,0.5541397488395866,0.4915390696378469,0.6036813769008278,0.49659047253169425,1.0
0.19793915932916395,0.6865308839348861,0.6456550052809942,0.7296486153669923,0.7425392030174973,0.0
0.5458386010449648,0.3909359974800754,0.3813412429451749,0.4350181849422951,0.5039028393811337,1.0
0.4971593515400365,0.7342727580694051,0.5796749758629404,0.46383630688164046,0.7695534872350086,0.0
0.7189492173951959,0.3781164751959777,0.5384670213248491,0.2412998654027894,0.46322861732965465,0.0
0.3102270057394748,0.42680332107049257,0.5708722388175757,0.8307268249377131,0.4289281598155974,1.0
0.6379834640471689,0.5823789514973939,0.6165544590382759,0.48620664967496213,0.31729123738343873,1.0
0.4032691511618801,0.42499955425861324,0.6479067175542841,0.6973223746384491,0.35433765235916603,0.0
0.6333269934326088,0.45699189939319745,0.41853985368730034,0.3369011140067013,0.5337503929032934,0.0
0.4971638267640774,0.5950439501007376,0.5508773578181394,0.520158080128297,0.6255718925715085,1.0
0.6016714961792775,0.6192714802774295,0.5241678384210151,0.38011684183395866,0.5524002025634758,1.0
0.4495250668486591,0.49506712865285074,0.424182093865623,0.5606446347260805,0.48068662033318205,1.0
0.4068627560667256,0.754955158416489,0.5279698302954117,0.5419370543257254,0.739649181014913,1.0
0.48117832648996994,0.6523395479588017,0.542452066067506,0.5492024399324151,0.5196189711172424,1.0
0.32833152459695014,0.20951628144705486,0.44487354772658055,0.6209141155244997,0.5972304683407258,1.0
0.6608093442677975,0.5258381423876286,0.3848435464954285,0.3281079068701854,0.5153887123249398,0.0
0.46135308398876723,0.5277578019600735,0.7112835083945129,0.5925885621008621,0.4664154995983656,0.0
0.5614481824996365,0.39930999233324815,0.5982281130327163,0.4139737678627682,0.49098941780463107,1.0
0.5597095579597454,0.5748994110270477,0.6353781256682239,0.4286262493198546,0.5534217511263229,0.0
0.49902104474105236,0.4303930250387795,0.35755894950332734,0.40463071680174123,0.5546004610065309,1.0
0.42904867924950496,0.4190830802512793,0.4872932150563414,0.5537357885391908,0.552653406908113,1.0
0.3763260648236203,0.5314841999536429,0.5675384087035968,0.6506529396603569,0.48916460028638287,1.0
0.49725780646893636,0.45473050475754645,0.3640435568630246,0.37194936853861804,0.7461102573953131,1.0
0.5455119096899789,0.7870812259671103,0.4685764642609524,0.2672112603453708,0.8409396500541334,0.0
0.6114699992168359,0.6488152193939106,0.32595074095913223,0.433403018414044,0.48311825516012996,0.0
0.6103579060426713,0.338620816717085,0.5524616560938785,0.4696211231707667,0.39692400377187165,1.0
0.4359875141249259,0.16271343583404158,0.3412283657428707,0.5711818780606548,0.4303469772639961,0.0
0.7037043666998579,0.7864453015886224,0.5395604787237489,0.3655030212778144,0.4395409143296197,0.0
0.6618632595294303,0.5461104606588653,0.2752029780919736,0.3771370886909706,0.5331217476338491,0.0
0.4360098902451304,0.41783797597751093,0.5333528805717729,0.5829262006357572,0.4362448922571858,1.0
0.23941777335227848,0.5276329943717721,0.563433488631283,0.6965248145708641,0.7421462997240946,0.0
0.6928139089963192,0.5280906221955438,0.6485417328140896,0.3761591110856555,0.277459574616701,1.0
0.5688770544075363,0.620341259605727,0.6173692872925671,0.4127237320656377,0.5012092690252506,1.0
0.34235911435316235,0.3875186468480141,0.7614675332249055,0.6213823419914661,0.5315021129466001,1.0
0.546597151519898,0.7921864506504854,0.5324149371140501,0.45651937340702775,0.6363941955086789,0.0
0.5310144214094719,0.46430502974580856,0.3358874338255782,0.4907629084452591,0.42550553557084486,1.0
0.637424061042056,0.4257840590993647,0.46640412889513827,0.40642486898250246,0.37915167813362205,0.0
0.5036752777435921,0.4888297208470275,0.5067292178296734,0.49261863169048375,0.5448477281458458,0.0
0.44695405063716004,0.5263878900980037,0.6285193128875699,0.5010524356367595,0.6670712115391333,1.0
0.5898501918752308,0.42295211548862177,0.49646367777511385,0.42644405624445153,0.4843799112911676,1.0
0.25503630525503185,0.5509274392454491,0.5121916450135102,0.8035954637876229,0.5026280864736493,1.0
0.5738445530929392,0.318981451215091,0.4976802503774453,0.4729359374552537,0.4168398351552405,1.0
0.649717501482418,0.29372574423953546,0.4254278253319251,0.5496033677940377,0.07478259351098382,1.0
0.7726138664816908,0.37447922547976636,0.4151687650249146,0.1572968870815316,0.45106607760276607,1.0
0.5849028316980119,0.40774639098057164,0.6561165576989121,0.47954695151636656,0.41114273740090107,1.0
0.5646613933610052,0.43722475469365685,0.4791838109987235,0.5151292992353734,0.34607358642126224,1.0
0.754392991799152,0.3931647044140284,0.7160364032217305,0.2746828374237522,0.24206771906541402,1.0
0.4911871650574507,0.3170647632518915,0.5154833567684203,0.501026661702798,0.5659335382251249,1.0
0.676741141853414,0.496760945922655,0.5134082176158417,0.4310103382112891,0.2770754025075961,1.0
0.40863718239894387,0.2734207382666009,0.2281859298761721,0.5982774420802429,0.592039779275661,0.0
0.5522471218715387,0.7688504032473746,0.5907764033513254,0.3805993871531259,0.6926273879789056,1.0
0.5068571620366745,0.3555292733226752,0.3832462887245913,0.4373092012944243,0.553303880138302,1.0
0.6904353274185789,0.6067758634010663,0.5885230711411483,0.41196769666943506,0.3671506653162435,0.0
0.44629171747910634,0.6042737684165483,0.46405684034550015,0.62482029840488,0.47799304997729897,1.0
0.45076246629596894,0.46537480907410606,0.36701614105114466,0.5760832211689912,0.5520771487444558,0.0
0.570262136248196,0.3621589335488741,0.41530483972344434,0.4139981099115096,0.557459923864073,1.0
0.549009297277945,0.41227809507960944,0.6783275123601185,0.5101005183424497,0.35044790975447915,0.0
0.5718083261543281,0.8345318823955926,0.6675646516811705,0.4186073484349495,0.5895382949743304,0.0
0.635591456797306,0.312755929846249,0.5334306375423613,0.33042469715627604,0.4446137324066637,0.0
0.6169991385193722,0.5071823795458194,0.4879752084858774,0.40306996191185324,0.4298536653511683,0.0
0.6482876674013494,0.6094087091923761,0.5914033189266946,0.3396603568257969,0.5020780218628855,1.0
0.612436647609671,0.5744625844679929,0.5545659541104279,0.31038832727168597,0.5786330457863306,1.0
0.79227352569338,0.6340403782264248,0.4467008365354086,0.22892551333085148,0.4134084797261901,0.0
0.7439411060516218,0.6172745588646076,0.6543832252295451,0.2180532088547783,0.43758512904690394,0.0
0.4546245846432687,0.5273328618379998,0.4102457768245349,0.4811549586185172,0.643937938742011,0.0
0.8170416531477607,0.5668077190521756,0.5081239834896032,0.30121710243706873,0.218061327838508,0.0
0.6577259149036149,0.39758051575250064,0.47530568209062574,0.3605057418597326,0.5200991862536235,0.0
0.4804578154193845,0.6208553480051587,0.554091312602461,0.4914330307282569,0.7160749834107499,0.0
0.31925129501795685,0.3751686388246691,0.6823789745151528,0.7858100174689998,0.462831348444103,0.0
0.497414439310368,0.4865207804634522,0.5076428622340874,0.48977777141384354,0.5472924597492405,0.0
0.5183383493136126,0.5010133187526373,0.5029855436832181,0.5007932644119248,0.5148168197534314,0.0
0.4106577460534118,0.2997165084780012,0.44580015162609266,0.6082447950972251,0.4411125275032306,1.0
0.4819838668173326,0.4559904670775412,0.5146588088928056,0.558528308370801,0.6234851395243252,1.0
0.5849900985668095,0.21368842082741485,0.5010157004283113,0.506098399152324,0.22436960849369608,0.0
0.5475257605083855,0.6368544921816961,0.46035366462122634,0.5401443340301842,0.46743268256906373,1.0
0.473031181123505,0.5210122489733091,0.38175108697765137,0.5377717002205105,0.48220148080885694,0.0
0.35512469092983967,0.27351285815320425,0.2610819882457379,0.47079670093645304,0.746821848915587,0.0
0.4438885221691411,0.37287455648732015,0.5779529829517842,0.6006515077751369,0.5794101211888382,0.0
0.35002069791118917,0.47426586393595593,0.7096522319490433,0.6226982445087202,0.5203742185590055,1.0
0.5747507859612222,0.4260277310574769,0.3293185897477434,0.4832727168590167,0.4662452415045577,0.0
0.5446101520457368,0.42918358007595436,0.45210818586507867,0.483420201036685,0.499249118150386,1.0
0.4457658786543002,0.2284900064781082,0.3954249742430035,0.5217016523955441,0.5648159466350017,1.0
0.8238507065259955,0.45868274505375645,0.5045406830949866,0.19088748245940612,0.4715232424126009,0.0
0.5604278314183104,0.3615913561830274,0.45531890077562576,0.4746742461124317,0.39955645583766985,0.0
0.6898826372495274,0.6924295282867485,0.4744390158559422,0.37601878633408753,0.5568269130024797,1.0
0.5534778084827872,0.4181737678222265,0.4926778852695899,0.45160514333171065,0.5095562812139839,0.0
0.861480627873933,0.6788373875988803,0.5023019303167948,0.2579383716601278,0.3065475151049489,1.0
0.3276736666629373,0.4270440214193595,0.5936193925884647,0.7033620664967497,0.5365356406943038,1.0
0.23292198565690697,0.6374161263290523,0.5328393605785119,0.6735301698215872,0.7718716166660846,0.0
0.675210615231425,0.5787714178736354,0.5684552929817854,0.39759300094504435,0.40181783257080994,0.0
0.5431736051286068,0.688361395229973,0.3833580643698121,0.4661402102007504,0.5736169804072225,0.0
0.5153712757744935,0.5018572557782942,0.5029596246930219,0.4998811535267334,0.5090324101561137,1.0
0.5109475168100603,0.48007238840121486,0.48787477239886734,0.5790629743119793,0.5521775573638809,1.0
0.5981360691869637,0.33143843717126575,0.7017388402547837,0.46890947621638657,0.3188672161491985,0.0
0.751139503921415,0.49477888255605945,0.43314358472593906,0.19107935507889695,0.4955078056787623,1.0
0.6752307537396092,0.4899143582215513,0.3897260362736268,0.41688622240041245,0.3667926867600322,0.0
0.1410971011736275,0.4201588027980673,0.48776137681675924,0.7966465248145709,0.8074424614954774,0.0
0.4656134972757074,0.2973362494725394,0.6774592261885477,0.6550388040894642,0.23146806132783854,0.0
0.34497712041709094,0.36256010079698564,0.5509761739682622,0.694376986740743,0.6509403485488772,0.0
0.813501750931406,0.3538443708806067,0.679357792220415,0.3189309544946878,0.11543498760171833,0.0
0.5352211320079212,0.2121223827551572,0.4101323812424268,0.4235788539190699,0.4957173541019104,1.0
0.4165247647710364,0.6209742123749696,0.6191657973005371,0.5164323147856469,0.6593266510669508,1.0
0.631134133652566,0.8814595355969073,0.6542066521088339,0.34097769122827126,0.6351107114168967,0.0
0.3632874995804478,0.7539804705840402,0.630178128260123,0.645068587302042,0.6205732895609961,0.0
0.548870565332677,0.5676278832038703,0.6389743855579386,0.35931011770096516,0.6285404952327734,0.0
0.4597196272138374,0.4387670198919523,0.4446046382032956,0.5028465878175207,0.6582570809904656,0.0
0.3645853145523098,0.37986378143219685,0.48506094202569866,0.49852229445287677,0.7406925575385046,1.0
0.4443718463655587,0.47672635639104005,0.6275862292405088,0.5975228385692604,0.43760695700764857,0.0
0.4490797820565892,0.37542419721976245,0.6493565610683807,0.6029181820785247,0.5288478329200573,0.0
0.6787997449122297,0.605016670727866,0.5418607891036565,0.412463128955583,0.48840062166032205,1.0
0.7044293529944843,0.2442662799612502,0.2710607994712526,0.2652925341504626,0.42720375091677437,1.0
0.5833700674640024,0.6929495599046709,0.6864142373013147,0.48374237521120317,0.49096322425173755,1.0
0.5257336570412057,0.6883554520114824,0.3109258263298062,0.4059609381711963,0.7455689239688472,1.0
0.475259842695875,0.8268859318075112,0.43904015499556137,0.4569188693834303,0.7261464044983063,1.0
0.5441201150132579,0.522295984167266,0.4767134072456537,0.5252040436438616,0.41479673802954636,1.0
0.75086651525492,0.5570697555554236,0.6644883915322659,0.3538174059967354,0.3077917088673908,0.0
0.6546402479274118,0.48860387854438697,0.650728647611889,0.5215813740370573,0.1430473579436315,0.0
0.45633635783891435,0.5488591992107407,0.38357837578647935,0.4718863655889345,0.6680316418118954,0.0
0.39420682247905037,0.5233538770585824,0.5712788429762776,0.4611443626678886,0.8530541682673839,1.0
0.645844195075016,0.31599498392359404,0.383332145379616,0.4209327300323607,0.2902813187580764,0.0
0.35975654781217486,0.37336190040354456,0.6264895319678345,0.6548941836822362,0.5674003771871617,1.0
0.394571553238384,0.5084155973826067,0.6280495311902649,0.687923480053839,0.41556071665560723,1.0
0.4674908537608664,0.46760054439881377,0.5464484503683736,0.4895586929751712,0.7058725945587261,1.0
0.6923910003244538,0.4397833102538349,0.31084482948544323,0.3871574214610958,0.47690165194006917,1.0
0.5194772938320225,0.5115506451363672,0.3610515334322575,0.5367106732724306,0.5112370341913177,1.0
0.514903614862219,0.39917032669872043,0.4845085435471434,0.5409705318021708,0.438715817413474,1.0
0.6158355802687372,0.5491117859965886,0.5062011184044269,0.27537014232939094,0.5735645933014355,1.0
0.43242971101240757,0.573969297333278,0.6096859266362982,0.6696068043185659,0.50626025914155,0.0
0.20703728980432085,0.33325706202937144,0.4978373842555094,0.8648171482573958,0.5935022526455489,0.0
0.5526789809914859,0.4112796343731985,0.3172565396852139,0.39753286176580094,0.6811895365487375,1.0
0.5329074411787741,0.5498962908373402,0.47275266155630574,0.5912884103210287,0.4540652394090735,0.0
0.6710978843378347,0.46064995037412565,0.519636874947352,0.4758254818293766,0.23066479237243742,1.0
0.5491860686275607,0.6029573455208934,0.47946568001710654,0.30226667430338794,0.6524683058009989,0.0
0.42773520099349976,0.27000041602529434,0.5420098232972843,0.6085297402560211,0.5565518806970978,1.0
0.2550564437632159,0.5903874384133985,0.7036374062866511,0.7400584209169794,0.6860309782418887,1.0
0.4948255222027053,0.4151308399550693,0.7716488365613274,0.5523511555313727,0.5291010372646946,1.0
0.4432575155793737,0.44319471766740565,0.3790198733857329,0.5424954895615568,0.5327288443404464,1.0
0.730499770644768,0.7393750111435348,0.6747555515237126,0.36773819410636055,0.32565134634861875,1.0
0.7579463196876294,0.43421748613744293,0.5253552521593758,0.24627996219823026,0.4901686864806343,0.0
0.656533267696714,0.4248331441408781,0.6777459550175925,0.4381883788195539,0.35053522159745754,1.0
0.7008111343574138,0.42542449438068697,0.4471641384851646,0.3542340845957789,0.3569613732406664,0.0
0.5425940636153098,0.35797490773153295,0.33550026890952334,0.513897877946104,0.5511909335382252,0.0
0.6846354370615679,0.5010103471433921,0.4669873061745514,0.2972708267705262,0.5049025599832362,1.0
0.4854074132086238,0.37050321230959415,0.40846060637477566,0.4382485179987973,0.6423794223448469,0.0
0.5929313836273928,0.6022560457390096,0.5555703149805283,0.5260058993671068,0.3344916704501799,0.0
0.7677515355612491,0.27019357062623695,0.45494469535466897,0.2928405738995963,0.3561712010617121,0.0
0.6918741119477294,0.6304179865564399,0.46794792874869595,0.28513273575990156,0.5298737470750533,1.0
0.49054944563162195,0.47075639341729125,0.5117785611072593,0.4836965548841606,0.5974269199874271,1.0
0.6570054038330294,0.42850010994954213,0.32401329644197063,0.34490248861651257,0.5175409492543569,1.0
0.3362347702531858,0.3141050404436019,0.5584959209989179,0.6878633408745956,0.5740055181084763,0.0
0.4067464002416621,0.6602291705049954,0.7169662469950171,0.5623643288753974,0.6414670135857228,0.0
0.4587462659849409,0.5487551928871561,0.33412818236601505,0.546364443426215,0.5055617643977229,0.0
0.5308354124478357,0.33952418592764727,0.4596668113810286,0.3942738910048971,0.6001248559354592,1.0
0.6363477696602187,0.6703980173423116,0.568045448949309,0.35282367765399936,0.5758652603639158,0.0
0.2756626128595563,0.3818428731895471,0.6311338910236057,0.7027706979008563,0.6318889044109943,0.0
0.7750192994036764,0.7267605298973607,0.5123455390177999,0.2505283656462099,0.4813239967869242,1.0
0.6926147615264989,0.5866194378903953,0.25346666493873404,0.3435021048712736,0.43401844026123704,0.0
0.35431020015439524,0.7855686768612675,0.5404352446428687,0.6794810847962428,0.6037919533405511,0.0
0.3371163893892438,0.2814203103548696,0.5168927018603355,0.6670766631346832,0.5802133901442392,1.0
0.4889920676653875,0.24525582583992536,0.5985731595897024,0.5958103038460438,0.31926011944260124,1.0
0.5117731956456071,0.8968049257394851,0.6533513254323611,0.6167086686331225,0.511546991233891,0.0
0.22607041765028363,0.5163795101599321,0.5023505284234127,0.6547524270454481,0.7966201585583069,0.0
0.29696691690627763,0.2465781919540708,0.4927540223032911,0.7344883874108653,0.5846750253204345,1.0
0.7855405511238407,0.8305261531329677,0.39646659366151094,0.19676823505827784,0.5340909090909092,0.0
0.29065013817254226,0.7892594155438937,0.47977184808879847,0.7260832211689912,0.7207941885237314,1.0
0.525695617636858,0.5043712371997933,0.5017592514595631,0.5042784730376014,0.5096304962805155,1.0
0.4242601895257382,0.3318663489025847,0.33723198144200306,0.5150949339900914,0.5939693710054832,1.0
0.5514997594567078,0.5653189428202949,0.4161374872834954,0.5368767719579599,0.47762634023678974,1.0
0.40814043253040355,0.6994454977148326,0.5965045001846728,0.5688593602336838,0.7251292215276081,1.0
0.34198095792170596,0.3779619515152236,0.41466982446363887,0.6043830006586673,0.46901302692697244,1.0
0.2973898255781431,0.4883423769308032,0.7123704860458636,0.6975643632406427,0.5715826144658263,1.0
0.6165359528311386,0.7376455345627873,0.4856943373486169,0.39722071078782334,0.6639629099291029,1.0
0.5571385417482463,0.6487498439905147,0.4736015084852294,0.4871173286749335,0.5412679425837321,0.0
0.6972779449771205,0.47597751086123186,0.5269849086679583,0.20519201580801294,0.6461163692243217,0.0
0.4794531276222016,0.38051753546615635,0.4031131947099341,0.43253815974111526,0.5820294764781896,0.0
0.7310256094695741,0.31167426408097043,0.5307350625619626,0.3812494630430425,0.2079418852373136,1.0
0.20354661505241606,0.5602018316999389,0.41039157114438823,0.6945631318193535,0.9368080536443965,0.0
0.7010885982479498,0.5142429231125825,0.5669487516766347,0.37156132764397615,0.30896605315545,0.0
0.6135621664559582,0.7055075805751847,0.6948038904404285,0.3508734499842493,0.43080536443963263,1.0
0.7714100312146877,0.7362726510914721,0.5857562189377101,0.24124258999398615,0.6223195264205638,0.0
0.5689531332162316,0.6357044794037764,0.3370035703408995,0.40549987113033026,0.7065448957496596,1.0
0.671778118392052,0.51597239969333,0.9999999999999999,0.5043744093473468,0.28668843641951597,1.0
0.7389691321421779,0.5816687368877742,0.4321943017100054,0.2844468627394829,0.44726364684105757,0.0
0.12375337040310586,0.5504460385477152,0.7261836878835201,0.8996806895959222,0.6174999126881571,0.0
0.3715129613676285,0.3473989504276146,0.49977806864644553,0.6355680288668062,0.4986117416966438,1.0
0.3085957865765655,0.6935825126739135,0.5829942265449338,0.6687118760560155,0.8087957950616422,1.0
0.6498629462637473,0.45390736899660644,0.5049489071905758,0.3633652166442339,0.3825350120490344,0.0
0.6186258824582406,0.6374725869047124,0.5520437123769658,0.3428649159483377,0.6126410086264101,0.0
0.3571005023438986,0.643329628727141,0.6630547473870417,0.5085154214038203,0.6994944644291552,0.0
0.7796198297177253,0.4166017865314783,0.5346715091980017,0.3280105386752199,0.16902263122969996,1.0
0.40193329678567036,0.36217081998585515,0.39707730986800754,0.5600317878518859,0.5370464149757274,1.0
0.4555487184077153,0.6108707409410493,0.4322445197535104,0.48554941435894505,0.6919769147487166,0.0
0.6937268547006634,0.6710755442502334,0.2843523816312117,0.3639293794209457,0.4942505151398736,0.0
0.37278168738322465,0.6170249436880049,0.6867835829116098,0.5961983447406857,0.6661762651486048,1.0
0.5096049495977892,0.4871418467957138,0.5067826757469529,0.49444285346086664,0.5564209129326303,1.0
0.47168861391123396,0.44352753790287597,0.43329747873022867,0.4906999054955756,0.5738265288303706,1.0
0.6935500833510477,0.6266559292519271,0.6732781690825325,0.36906268793493524,0.4903389445744421,0.0
0.6414428122307874,0.4174308655109088,0.4907080420146831,0.3350955067441795,0.4739548772395488,1.0
0.49256329645002855,0.7686483338186962,0.3750963862447919,0.5305922277270255,0.6891523766283659,1.0
0.5424441436099395,0.6230721685021308,0.6607916955555411,0.5587588418912341,0.4696111130513743,1.0
0.6294760631454113,0.47909770056876605,0.4847045559105017,0.39023740656948946,0.4512625292494674,0.0
0.48969020261576846,0.4741915737048242,0.45162868454645005,0.5129471061599703,0.4461940767645724,1.0
0.5610588380080778,0.18935688432713854,0.5716530483972344,0.39589478507402853,0.4386241399783467,0.0
0.769400655620322,0.6137264574257544,0.476314902771388,0.23237062917036577,0.40213652079768103,0.0
0.3179087278056858,0.3517672160181625,0.7505394389834572,0.6958818981070478,0.6856031502112947,1.0
0.6175451158523624,0.509440802572225,0.6188175108697764,0.4689896617887111,0.4155956413927986,0.0
0.8035399022163547,0.3987721310598542,0.5256905790950385,0.2817162576247889,0.2807032095833479,0.0
0.46078025531153155,0.641638783066582,0.45610781003972084,0.4744351212806782,0.6767104390039466,1.0
0.5397657220214588,0.6590642996808492,0.4068001710653353,0.471505484120393,0.6359881954388293,0.0
0.6098208791577628,0.6354578358364189,0.5174936984455085,0.4099859675248433,0.6216777843746726,0.0
0.6722256407961424,0.4978247820324619,0.5104955710925502,0.36995904808270574,0.4696547689728635,0.0
0.5607254338170304,0.42430122608597465,0.3467150919800165,0.34453449411495185,0.5004933119128279,0.0
0.2982401181459147,0.6402361835028142,0.5796425771251952,0.7190498009679545,0.5904157789962631,1.0
0.4539756771573377,0.6908664618237361,0.7384676692996041,0.5922348864515021,0.5951262529249468,0.0
0.5701592060952552,0.4577140004397982,0.34011060929066206,0.45891778115066306,0.5964533929382182,1.0
0.6031572705608574,0.67284959496966,0.5828468122881932,0.41138921504052245,0.5799994761289422,0.0
0.4779091753280899,0.6583184257602863,0.5463188554173929,0.5315358400870587,0.5675051513987358,0.0
0.68033698437028,0.40466780380247125,0.5588928055362963,0.3772043872963144,0.369551740998149,0.0
0.633664872847697,0.25415282392026584,0.4673129134888905,0.4120707924052809,0.28461914574092834,0.0
0.48534476007205113,0.6778656713756769,0.4286871383490899,0.5745067155416823,0.5894946390528412,0.0
0.5344827200411721,0.5127749481454187,0.4992548290318609,0.5094232366333515,0.4876802989557504,1.0
0.4427898546670993,0.30209676748346304,0.5956475535713128,0.6055442595721527,0.3643916110781267,1.0
0.6109217842718251,0.6264776326972109,0.6913712441763269,0.47515965520203907,0.39046292739147137,1.0
0.6389478748279837,0.4710743556065352,0.5149131389841052,0.3980354534780493,0.2858065868054343,1.0
0.8360255535292735,0.44418129193683553,0.608326799587888,0.14691428735072604,0.38031729123738345,0.0
0.48340922567436034,0.5306046036170429,0.5210284007335074,0.5526819210172114,0.6504557678203472,0.0
0.6155760172743648,0.610065434835581,0.46333920830444447,0.3781479996563476,0.48901617015331966,1.0
0.638717400789877,0.4231006959508853,0.5436896978493718,0.3639895186001891,0.3965529284392135,1.0
0.5299873574920845,0.6415466631799785,0.5052161967769736,0.52517540593946,0.46239478922921107,0.0
0.8775019299403677,0.44250233271325756,0.4462666934496232,0.044872419026890875,0.47453113540320613,1.0
0.3206900795471074,0.4393256824300632,0.22590829861268608,0.6336006185744152,0.7426570740055182,1.0
0.4820196686096598,0.32867781218240927,0.48393508588905376,0.49748560955353827,0.5245302622847764,1.0
0.5424307179378168,0.5281886853006378,0.2738357513591271,0.3044631862309918,0.6661718995564558,0.0
0.5113972768261711,0.5571856483159892,0.6783761104667362,0.5382857470145194,0.48174309363322043,1.0
0.5077947214732438,0.3099150714077702,0.41022795751877505,0.42749649188121086,0.5207278315230679,0.0
0.5266331770734273,0.8857356813008518,0.3920879042552502,0.502889544374123,0.708570530506758,0.0
0.4103377675344872,0.37655638034221056,0.6528410453128746,0.5443726910850827,0.5383691893968499,0.0
0.5285440977388931,0.34597852120837524,0.488961750050218,0.4746756779976518,0.4184900289875319,0.0
0.7057942963269599,0.7224457532732277,0.5938947818592988,0.3387883387267677,0.4892562777215102,0.0
0.5787493986417696,0.1977041346971039,0.5520339927556422,0.41383201122598023,0.4179879858904062,1.0
0.3414148420805317,0.48767079324137197,0.6161980729230789,0.6405409662361466,0.7380339119198129,1.0
0.21055481590047104,0.16997307722023786,0.3653459861203808,0.7963214868696127,0.5370158558306849,1.0
0.6378671082221054,0.541869974265864,0.4913981351286554,0.38887997938085295,0.4728765759787658,0.0
0.2958928631364608,0.6227274618296793,0.5536555495797884,0.6426529969357657,0.7302369643418434,0.0
0.3091372886855148,0.4501274820366222,0.5264924478542315,0.6821171854864115,0.5091546467362834,0.0
0.5345923630301742,0.619628073386862,0.5562490685362899,0.38404879864830044,0.713315929172633,1.0
0.29634486076459204,0.26732299609530547,0.3286608953715163,0.7166356424868984,0.5997319526420565,0.0
0.5937973394793077,0.30117259700818383,0.2692221711042138,0.41123743520719386,0.48066042678028853,1.0
0.6200758550474934,0.18860209557883978,0.717379330901268,0.43043042469715637,0.27956379003248,1.0
0.694610711448742,0.36624786787036656,0.29182515049213686,0.40541395801712543,0.3445674571298851,0.0
0.3141920542397154,0.600603830998639,0.5875559688194548,0.7354319997708985,0.4839302552998289,0.0
0.6591042839082132,0.7584497708889273,0.6483619198196038,0.424164494974083,0.4654681661020501,1.0
0.628052941900404,0.6568029050451982,0.46458007996008477,0.41063890718520013,0.4567151538434674,0.0
0.8859802418858594,0.7146868815338259,0.39863244927977604,0.1883057934076005,0.2919140502217721,1.0
0.6781508374262987,0.588955122757178,0.5775058803709008,0.36432744351212815,0.42074704012852304,1.0
0.5567827614369945,0.5124956168763632,0.38571831241454835,0.49927117042297897,0.5121887332797821,0.0
0.5968404918271222,0.3657753820003685,0.5473669545834494,0.44752713422492063,0.47015244647784027,0.0
0.8273838959062888,0.4622605625850624,0.5374901993818321,0.2677754231220826,0.23939161107812662,1.0
0.4906546133965832,0.41691974872072224,0.546788637114698,0.5950642916463817,0.4185336849090211,1.0
0.5427350331725982,0.35278944959853564,0.6580426626578628,0.5077135656805751,0.372088150036671,0.0
0.4794218010539153,0.40191609364135056,0.5386889526784037,0.46228414330307294,0.6281301295707751,1.0
0.49711236168760703,0.38652315775084845,0.4522183415734123,0.4805106102694809,0.5528236650019209,1.0
0.43741511059397414,0.586880939503979,0.33298612686049756,0.4776439760588792,0.9106275975273287,0.0
0.3904811984649982,0.6761777973243631,0.34720755279374316,0.4953306222973167,0.770291272308176,0.0
0.5812398608205324,0.33964602190670334,0.5054332683198662,0.5110555857842436,0.33468375650473237,1.0
0.5110817735312875,0.45167271884416293,0.4062299532810202,0.4856868753400728,0.5470392554046032,0.0
0.33816359181481526,0.757689038922138,0.3063835232979323,0.5295426558607063,0.8768641078475885,1.0
0.740589163244985,0.39733684379438844,0.40982621317073487,0.37921618603052787,0.34013201550658334,0.0
0.34873407099942944,0.43998240807326805,0.5503832770675254,0.6901199919814429,0.49288845038941087,0.0
0.59742450856446,0.7181220618213588,0.6859347359826861,0.35070735129872,0.5648639681486397,1.0
0.293402400957698,0.41547851823676596,0.5142910832193978,0.7102880953062803,0.6828659239339225,1.0
0.5593828666047594,0.3858753469353794,0.4866241811219035,0.41501904407342716,0.4810707924422869,1.0
0.4226826730513197,0.6614386154678205,0.8102810914486771,0.6203614078295485,0.48489505116474,0.0
0.25975095378212376,0.49550098360266026,0.5484182936232804,0.7065251009479081,0.6944827646421962,0.0
0.33425000839104513,0.3909033097783774,0.37420056114613776,0.5612431627480742,0.8237173890266476,1.0
0.4444344995021314,0.39639484366363764,0.4491971592786745,0.5290157220997166,0.5562855795760138,1.0
0.4407021626520178,0.36684516132866596,0.663775619301872,0.6048240213064522,0.40417961792337515,0.0
0.5042749577650731,0.6933982729007068,0.38218846993721123,0.5116555456914574,0.6170284287360739,1.0
0.7072890211566217,0.5978640072744995,0.34838362697389313,0.2662060769208741,0.4919760416302868,1.0
0.8738747608552153,0.4293054160550105,0.3363782747024176,0.17988487642830558,0.4061703279432823,0.0
0.3011467761604816,0.34072471606273663,0.31126763301301785,0.6477848735645352,0.7929094052317257,0.0
0.4020765039549793,0.6624994799683821,0.6661990448852113,0.643225751023798,0.6183206440121539,0.0
0.5040221076067621,0.37241098544505796,0.5111791844589735,0.5056416277671183,0.5992037159920373,0.0
0.44438303442566096,0.7505571767334884,0.5030373816636103,0.46844840917552055,0.7421157405790522,0.0
0.31896488067933904,0.5754759032206301,0.5684180344333785,0.6861193046765373,0.7093956274229037,1.0
0.40849621284165544,0.8054011969642041,0.48640062983146176,0.5835247286577508,0.7351176963643349,0.0
0.29341358901780024,0.6552576682376575,0.4301418416738484,0.6906426300867723,0.7625554430202913,0.0
0.8592295901813585,0.6045887589965471,0.3610239945051741,0.19001546436037692,0.31304351622254045,1.0
0.5038968013336168,0.5249050570846137,0.47283041852689417,0.510796414559409,0.5378016624174904,1.0
0.5347624215437285,0.36177262434698887,0.42601586242200007,0.5094590337638536,0.40817413473963615,1.0
0.8679428513889977,0.5611794911416329,0.4879120309472743,0.18743520719379142,0.3646622777913596,0.0
0.5240062205614169,0.6729298284192823,0.5709224568610807,0.5076505627308916,0.5248751440645409,1.0
0.658043655810519,0.3962878657308079,0.5065915231942564,0.3329319281766374,0.44426448503475013,1.0
0.626820017677135,0.3939670389102515,0.5833230737330474,0.36284114665368433,0.4258023958369714,1.0
0.22469428625770577,0.3317355980957928,0.5257537566336415,0.7279675821186175,0.6152821918765062,0.0
0.481708640538817,0.4678204434829638,0.5129918938358161,0.47975600675849833,0.5997232214577586,1.0
0.4495921952092727,0.5120795915820254,0.3990568727442379,0.4913055929436697,0.680678762267314,0.0
0.40042514628388587,0.333307579386541,0.5052955736844492,0.5415862424468055,0.602669996158279,0.0
0.6183282800595205,0.473092078284074,0.400809644456252,0.41881640367708134,0.35459522229595225,0.0
0.24098186415457423,0.2995857576712093,0.7185505452707562,0.7839027463558522,0.41802291062759755,0.0
0.4769581902193979,0.5347381120772143,0.39129575511738063,0.525849823878118,0.5796807879020711,0.0
0.42775757711370427,0.4539668011815119,0.41711430922651255,0.6606389071852001,0.4569945517409982,1.0
0.5639923473668901,0.2544797009372456,0.3687802523213696,0.38439101921589974,0.475618167848287,0.0
0.2664816907396427,0.39427311466251436,0.5517521237372591,0.7867479022881527,0.5425426954912165,0.0
0.25418153746321925,0.4145840638539395,0.6789933064207818,0.7661087087259086,0.5842253693290959,0.0
0.38983676620310803,0.6511984500086178,0.6123896013011333,0.6482001202783586,0.5944321237732687,1.0
0.644452400398295,0.6205581870806317,0.604403312446947,0.36657263953721475,0.4655336499842839,1.0
0.7861872209977512,0.6545593400650189,0.48600374529408336,0.3021721698788626,0.43600041909684634,1.0
0.45074456539980534,0.5768458150826999,0.35404692633175017,0.5177510810733412,0.6800588481821676,0.0
0.5501460041843345,0.3590654883245473,0.48373907352569545,0.40488559237091565,0.4628182516676562,1.0
0.37339479307682844,0.3538503140990973,0.33602188858722065,0.6389458461009767,0.6446626270387316,0.0
0.4868394849017129,0.36365068139,0.6011294199977969,0.49497265099229654,0.6474653371983377,0.0
0.6618654971414507,0.5755799095442147,0.4946201895974133,0.2575474669950457,0.5510032130758217,0.0
0.6005124131526834,0.3276020896356213,0.5079668496115392,0.5241974283341448,0.2850557049558202,1.0
0.5520144102214117,0.6946433771744751,0.6044227516895941,0.41994472923050497,0.6153476757587399,1.0
0.42311676978328727,0.37413451880731496,0.7356797579166315,0.5770798132821674,0.5381247162365104,1.0
0.49768519036484266,0.27596443578055263,0.44514569712364005,0.5539835046822648,0.4087416617189956,1.0
0.6261532092950404,0.4143819944252611,0.4896923415863718,0.377250207623357,0.45689414312157306,1.0
0.6115706917577561,0.31357906560718896,0.43348215153537617,0.3549314126979582,0.44603254985506235,0.0
0.4982602566540988,0.15563506261180676,0.23837533289703033,0.5818465591798162,0.29232005029162156,1.0
0.52075273268368,0.30386784659364435,0.47226830042701534,0.4796700936452935,0.5577131282087103,1.0
0.5727324599187748,0.2939486149329308,0.4691078035599733,0.5334144734958046,0.35423287814759197,0.0
0.5762522236269454,0.7301927385756484,0.506933329877468,0.3903190240270341,0.6404236370621312,0.0
0.47346975307951356,0.3463975181119584,0.3654885405664595,0.6349422950256308,0.3820897216498446,1.0
0.5569863841308555,0.7075223316434782,0.4722553409319173,0.44853374953463737,0.5866788321167884,1.0
0.4125373401505913,0.615182545955937,0.3057015298683963,0.44821873478621965,0.8831985820556701,0.0
0.7266398899094886,0.5666531953714214,0.4651972759141304,0.25888198402016105,0.5516798798589041,1.0
0.6014947248296618,0.31548089552416214,0.5458555534676369,0.4305249291216817,0.5426081793734503,0.0
0.5926874839171636,0.4599248777182796,0.548784399359801,0.4271915003293337,0.472326511368002,1.0
0.6725142927467807,0.3746129478958035,0.38644728401381484,0.3682479452447093,0.3738431180805365,0.0
0.4577393405757376,0.6155896564225392,0.6455837280579548,0.6502405567169737,0.4606441867774945,1.0
0.3620187735648516,0.41403431614356445,0.25418591691667697,0.5841032102866635,0.6974600984877589,1.0
0.5375124467168638,0.4383925971270482,0.7481079137156816,0.6477361894670524,0.20863164879684282,0.0
0.4949933431042392,0.31314223904813415,0.6647087029489331,0.6044545949196714,0.39506862710858104,1.0
0.39437911860462516,0.40596045382416396,0.546106643685162,0.6634110369712765,0.38143488282750676,0.0
0.6870005929671854,0.6817822523609436,0.6605487050224523,0.2510295254732382,0.5576039884049873,1.0
0.7606001275438852,0.34520887441385006,0.4998347664374996,0.27159855665969823,0.3323918206265498,1.0
0.6124276971615892,0.7703867252271797,0.5929876172024338,0.3382642687362182,0.6355690985925332,1.0
0.2386636981013862,0.47880648286272953,0.5495522494443617,0.6658395143045335,0.8351945307861559,0.0
0.4206419708886676,0.7701252236135958,0.553308883085915,0.5667645121567056,0.6950110012922154,0.0
0.6384242736151979,0.6494303425076817,0.48174007140681796,0.3026718978206708,0.5560367408235254,0.0
0.7367561338539511,0.6749594375338022,0.479512658186837,0.30756321773246664,0.5646937100548319,1.0
0.07934124702117906,0.47663423650443665,0.6043757735198636,0.9664452017526277,0.681001816086334,1.0
0.44317696154663744,0.6892855657052521,0.4874082305753368,0.42646123886709253,0.7770142842175114,1.0
0.44411452098320675,0.3299526325486304,0.2407679796795117,0.5886795154500416,0.551308804526246,1.0
0.47794721473243756,0.32004528732489795,0.6624019128214764,0.5226338096738167,0.4240910837145951,0.0
0.44839283516631057,0.5861320939741709,0.373839315220279,0.45955210630315885,0.7004461635176196,0.0
0.37838019265839495,0.1537362043040788,0.5949898591950857,0.5819611099974227,0.46302780009080435,0.0
0.6235531041272754,0.17554484455512037,0.593207928619101,0.5541238294338326,0.21433747773548006,0.0
0.36448238439936903,0.4155973826065768,0.6259743920376862,0.6655688879979382,0.4870385569098593,1.0
0.5081214128282298,0.48756381530854226,0.5067697162518549,0.493987513960881,0.5535308909300458,1.0
0.4452982177420257,0.24471202134804082,0.5061120218756278,0.48424926257911177,0.5932403171166137,1.0
0.7061411261901299,0.4938665985177614,0.6504905168894619,0.3539534350926431,0.4280943317151539,1.0
0.5673532406216086,0.2941328547061376,0.5327729431661342,0.44441707952690523,0.353420878007893,1.0
0.45604770588827603,0.3515889194634463,0.3245997135951584,0.5135356109854234,0.4999956344078511,1.0
0.6070954677168526,0.513217717922964,0.502928845892164,0.41420716515364137,0.42490308385429404,1.0
0.4616104093711192,0.581258654811927,0.49297109384618376,0.496700936452934,0.7623720881500368,1.0
0.4723733231894922,0.6598309748661291,0.6152439300964834,0.4042956556602424,0.7445299130374045,0.0
0.6032713887739005,0.6268550270713603,0.5517456439897102,0.32183338583579146,0.5921882094087243,0.0
0.6965529586824941,0.44146821269590336,0.3450238778697182,0.3482631232280421,0.37272989208256213,0.0
0.4817735312874101,0.5633844252016238,0.7741905175374366,0.49316131618889436,0.6101700834701219,0.0
0.4485114286033945,0.6262517903945704,0.2989885114075955,0.4419928978493085,0.7505413334264661,0.0
0.6276434589006612,0.43359344819593604,0.6833152980359884,0.46656118445545414,0.27721946704851047,0.0
0.5273984403844217,0.4209106199371208,0.6549291439605512,0.6143875826913716,0.3090489994062795,1.0
0.49022275427663603,0.5657973719087835,0.7063459407621479,0.5448666914860105,0.40157335941047045,1.0
0.4410176659469015,0.23493542693110026,0.44355491910035183,0.5961081359718206,0.4246062235881676,1.0
0.3632069455477115,0.3597846177619028,0.2611710847745372,0.541576219250265,0.6852495372472323,0.0
0.4517156890166814,0.30159456552101227,0.6351740136204294,0.5212191070763769,0.5652699682184892,0.0
0.6353251809668722,0.5026269025728194,0.3376628846540139,0.29798676938056656,0.5487287395662348,1.0
0.4277083496492543,0.26610760791398974,0.3852161319794981,0.5899123686245311,0.5831514336604617,0.0
0.5367337577337465,0.2239731604252967,0.5008796257297815,0.49212892694521615,0.410714909370307,0.0
0.5048567368903906,0.35591558252456035,0.6163292878109469,0.6567685214353218,0.3312218419306395,0.0
0.4147973282912476,0.3430069119631045,0.5206930737978448,0.6636200922134083,0.4862571159152028,1.0
0.39660778017699516,0.6890716098395926,0.5485414088267121,0.6166642801912999,0.4997206021024692,1.0
0.5846745952719259,0.5539644238941157,0.7062374049907015,0.42217990205905104,0.49359567631753576,1.0
0.546319687629362,0.7270844353050951,0.7223816960091234,0.5266058592743207,0.5217100897565746,0.0
0.5167272686588873,0.7117598464272343,0.5536604093904501,0.47942667315787973,0.6313824957217198,1.0
0.46824716662377913,0.22079056692361182,0.4829485443247131,0.4715283942839143,0.5129439807215451,1.0
0.5593672033206163,0.6873926506160146,0.45640425849008925,0.44167501933045056,0.6170327943282228,0.0
0.2993924883364474,0.5824680997747521,0.6366270970083006,0.6733239783498955,0.6639672755212518,1.0
0.6155961557825489,0.2984000855823463,0.362418760165104,0.4044860963945131,0.3923052072783153,0.0
0.5668139761246798,0.598187912682234,0.5454845879204546,0.43543056788567835,0.6700048894632069,0.0
0.5777715621888321,0.37828882853220336,0.5209166250882865,0.45297259371688775,0.37031135403206095,0.0
0.24446358845839722,0.48393250881082145,0.5024914629326042,0.7237950685873021,0.8083024831488144,1.0
0.4651816381557602,0.5060472248141259,0.5344058395484912,0.4960666113004382,0.7064532183145322,1.0
0.812693972992023,0.639662662918477,0.5074014916378857,0.16165268192101728,0.48028498585548146,1.0
0.46350342914042136,0.6256128944068371,0.45158170637671957,0.4628082132936225,0.8525477595781092,1.0
0.6968393730211119,0.5001812681639616,0.3478830664757301,0.26065608980784105,0.5137690776376909,1.0
0.5057584945346326,0.26916242221812803,0.5182826077096037,0.5288381683324266,0.38496228128383336,1.0
0.8152851277117061,0.5788605661509935,0.37867482682874676,0.15920129442423903,0.48206614745224047,1.0
0.6247256128259921,0.4012415383426741,0.6510202362515956,0.5548154299951317,0.12061694548248525,0.0
0.5093386737673555,0.37394730742486293,0.6820695665696864,0.48416621323634706,0.48856214856983204,1.0
0.377102516194717,0.5677705204476433,0.5509210961140953,0.689323863799078,0.5381727377501485,1.0
0.24399592754612281,0.10592301154767347,0.513654448022705,0.8640439302385522,0.4908540844480146,1.0
0.44440541054586546,0.21900760137644942,0.3888464105438452,0.5835676852143533,0.41646875982258236,0.0
0.35447578344390873,0.2932086842308584,0.5827301768323105,0.5475887052893841,0.6018623616107289,0.0
0.49403564515948584,0.4604775970379,0.7404472321758344,0.5385291675019331,0.5446905668284847,0.0
0.383392443584207,0.7352801336035517,0.4435111808043959,0.5008548354763883,0.795812524010757,1.0
0.6045602532976807,0.5230656309617912,0.6537498299066268,0.48074257567513395,0.29862396535466074,1.0
0.5083988767187657,0.4970254191454841,0.504511524231016,0.4962083679372262,0.519854713093284,0.0
0.48529553260760117,0.2929055800878408,0.38533114749849345,0.4161845986425729,0.6069439108720708,0.0
0.39904901489130806,0.41207602565093104,0.6508695821210806,0.5871946504768178,0.6380400237488213,0.0
0.5588592653919737,0.24327970569182036,0.3044152999799128,0.46234714625275647,0.40802133901442394,1.0
0.2808359718508408,0.5396056080209677,0.5010610586611546,0.694590337638535,0.6824468270876263,0.0
0.6416218211924235,0.3409802744578299,0.4642787716990546,0.42561642658724486,0.5580143540669857,0.0
0.8148980208321679,0.4961279931534123,0.5432409753316011,0.1557747930925858,0.454471239478923,1.0
0.408702073147537,0.26781034001152987,0.47972648985595523,0.5119333314241531,0.5307119407676458,1.0
0.35040780479072736,0.46219221557242113,0.8081541143157063,0.711329075861279,0.5441972549156568,1.0
0.35680289994517855,0.49265121033644566,0.6025646840799083,0.6356682608322117,0.6403625187720463,0.0
0.347572750360815,0.3983650205932521,0.644245660189079,0.5939445574042785,0.6580824573045089,0.0
0.6358666830758215,0.6818446561550944,0.43606271099677957,0.30322746928606215,0.6110912234135439,1.0
0.5052125172016424,0.5269465526361146,0.4590285562474486,0.566859016581231,0.45419184158139214,0.0
0.6624025240263591,0.35727657955889436,0.5476828422764649,0.3817620779518315,0.4272517724304125,0.0
0.4622011389445184,0.16095721477008657,0.32093379641929154,0.5354520461639796,0.5054351622254043,1.0
0.6221568342265135,0.7661878413636122,0.6011326598715714,0.4781079068701854,0.4179312331924703,0.0
0.49859589845716656,0.2110734046915767,0.6225077270989522,0.5413886422864345,0.3854948835260015,1.0
0.25163737259596564,0.40278974675946017,0.5271371827353606,0.7666528251095392,0.5609742255439528,1.0
0.49501348161242326,0.5868512234115264,0.3461270548899415,0.5119920387181764,0.6206998917333147,0.0
0.4901108736756134,0.4776951010049983,0.5101602441568877,0.4850883473180791,0.5721370446687389,1.0
0.741352188943959,0.40653397440850125,0.415559169814744,0.2936409977376214,0.281506478538749,0.0
0.6082679764155694,0.27536417071300795,0.45850855650663846,0.39105501303015555,0.37993748472042754,0.0
0.4290822434298117,0.649730475041454,0.42054371561683956,0.6698373378389989,0.5131447979603954,0.0
0.389237086181627,0.48855336118721737,0.6208262326099775,0.6450127437784589,0.48265986798449345,1.0
0.47370693995368146,0.29459048252990927,0.5234988044865772,0.5743535038231337,0.45859235846750257,1.0
0.6180799051252504,0.5637588479665279,0.505788034498176,0.44780778372805646,0.41992194321237736,0.0
0.6178113916827961,0.5319091400757167,0.5051821781023411,0.38501532117185494,0.527573080012573,1.0
0.5300343473445139,0.5140408536839041,0.4992159505465667,0.5080557862481745,0.47900150176369927,0.0
0.5677671988453923,0.473059390582376,0.5297954991673525,0.40459635155645934,0.511760905249188,1.0
0.4203600317740907,0.5509690417748828,0.7549019290208453,0.6721211947650277,0.5485453846959802,1.0
0.4538570837202538,0.23437973600223466,0.44698108561690436,0.5403233196826943,0.44535588307197993,0.0
0.36275942314362114,0.40881319869962385,0.5423645894755941,0.7030155502734902,0.48912967554919157,0.0
0.6991418757901567,0.43023850135802544,0.5328798590006933,0.37278845327758536,0.4090778123144624,0.0
0.599767288349873,0.43165893057726484,0.47033085590985374,0.36109567857040586,0.41505867355848153,0.0
0.38276591221848044,0.34291776368574645,0.7524120860251284,0.6618746241301299,0.3958631648796843,0.0
0.6412347143128854,0.53222115904647,0.5691923642654882,0.40830779804690864,0.43943614011804566,1.0
0.5249146910417203,0.4464724026649392,0.556956980956022,0.5744709184111803,0.35737173890266477,1.0
0.4536109463980041,0.47762081077386653,0.3408654998801247,0.37625791116584106,0.6872926343729264,0.0
0.36961770398630583,0.3109462198158791,0.2715500204112048,0.5793293049629142,0.49880819334334514,1.0
0.49961177431445164,0.4886217081998586,0.5070159466587182,0.49106360434147606,0.5418049104180491,0.0
0.7695572884617536,0.5786198658021265,0.7843799205582951,0.3194564563704574,0.25565780742499916,1.0
0.44671238853895123,0.734855193481478,0.3958607372656761,0.5066353561098543,0.713102015157336,0.0
0.7409874581846254,0.36093463053982255,0.5824790866147854,0.2565551705375298,0.4186515558970419,0.0
0.3982457121759658,0.5067039504573307,0.6637189215108179,0.5757682064205734,0.6314523451961025,1.0
0.43939092200803304,0.3947990894989273,0.5841897399677308,0.6126378189524329,0.46760294066287156,1.0
0.7320370101028183,0.620671108231952,0.33431771498182433,0.27313496950084487,0.5262503055914505,0.0
0.47137311061635023,0.3801520275289881,0.35893751579438465,0.4952275265614709,0.5779651101875459,1.0
0.6937134290285407,0.5218056686417963,0.5563964827930303,0.38636415704917104,0.26823944399818395,0.0
0.36542441905997924,0.587594125722844,0.7269612575894042,0.6968054640739999,0.49623249397548286,0.0
0.44157259372797353,0.47065833031219734,0.606130165168765,0.6278229617113893,0.5739574965948382,0.0
0.3426432910797597,0.3085659608104173,0.3753215574721209,0.5772745496720983,0.6328449690916077,0.0
0.48602275651424803,0.678712580010579,0.6068818158844531,0.6207265385606691,0.4151896413229491,1.0
0.5490160101140064,0.5970289850765784,0.33483933465952165,0.5283957157994216,0.5423942653581533,1.0
0.5018493863349034,0.467021080595986,0.4418799043589262,0.6011999198144278,0.5644405057101946,0.0
0.5266958302099999,0.724062308702655,0.3731087236841253,0.53315387038575,0.5651520972304684,1.0
0.7703225517727481,0.5798352539834423,0.5241079007561865,0.3136873908187521,0.4043411448328852,1.0
0.6924626039091082,0.5929014198348974,0.46752188534734684,0.3423494372691086,0.421938846785178,0.0
0.4663563844664974,0.5430586179639723,0.6499219190420341,0.5372290157220998,0.5976408340027242,1.0
0.5652230339781386,0.26373626373626374,0.6222614966920889,0.3834846358715886,0.4967563650333532,1.0
0.5872635123795885,0.8343862735425744,0.6001218192539218,0.3843566539706178,0.6674684804246849,1.0
0.31551448294380235,0.44860898971228885,0.4431612744367479,0.5312308485351815,0.8170118394859079,0.0
0.6227900784283014,0.2653439043379552,0.536213689114672,0.42922334545662827,0.3269697551775923,0.0
0.4725545697631488,0.8006377073440352,0.8132455759523609,0.44981242303616953,0.6319805818461217,0.0
0.430881283494255,0.6712657272419307,0.594541136677315,0.5525458919213037,0.7117879719205114,1.0
0.40280596547364655,0.5248931706476325,0.5829180895112326,0.6291975715226669,0.5775198197883562,1.0
0.44404963023461363,0.5950825810209261,0.41771692574857283,0.4863799077865919,0.6475046275276779,0.0
0.6313399939584475,0.4916349199745631,0.5352287674872187,0.3462770984277901,0.4367425697621626,0.0
0.6318568823351719,0.5902982901360403,0.7129390838932915,0.3657979896331511,0.4416669577061433,0.0
0.3336234770253186,0.5841559738260659,0.5087006810214674,0.691540422119763,0.5134678517794155,0.0
0.7636880321321087,0.5808039985974005,0.6715108179385331,0.33322546464675395,0.31331418293577346,1.0
0.46683075821483316,0.5657201100684065,0.5481817828377407,0.47125347232165876,0.7241949848077394,1.0
0.2667233528378515,0.6391961202669695,0.6316636103857394,0.7026518514275897,0.656135403206091,1.0
0.6963023461362035,0.5235678329242418,0.508209840144628,0.3107420029210459,0.44064540914329625,0.0
0.735458318882089,0.47081582560219665,0.543778794378171,0.33450127437784594,0.3559136311249258,0.0
0.6792808314966268,0.5635330056638873,0.49769482980943064,0.35344082018385414,0.5468078790207104,0.0
0.7432966737897316,0.6414902026043184,0.5166286521477124,0.37403705718949576,0.4019357035588308,0.0
0.4332128752195657,0.44244290052835217,0.5003385668094371,0.653100031501475,0.49501012817378554,1.0
0.5900090623286829,0.20299657076293093,0.4657739734459945,0.471008619949025,0.43273059057730595,1.0
0.5112473568208009,0.3818250435340755,0.660315434110687,0.5746642229158911,0.3076956658401146,0.0
0.5457692350723309,0.22976185523508402,0.5745689347943004,0.5041266932042728,0.28131002689204765,0.0
0.7721775321377027,0.6252473864696688,0.524981046738419,0.36642515535954645,0.32817029301854506,1.0
0.433803604792965,0.6979715795291783,0.7163539108516332,0.573988373092013,0.6763219013026928,1.0
0.5201776663944239,0.4115530224237634,0.6739083245316763,0.5340760044674819,0.37882862431460207,0.0
0.41235833118895515,0.39358370131761156,0.6149442417723405,0.5520876886508779,0.610436384591206,1.0
0.6815609581454671,0.2088625274130953,0.4992823679589443,0.44461754345771654,0.16682237278664475,1.0
0.485606560678444,0.7245526242281246,0.6675824709869304,0.5148830149775195,0.5881762302238677,1.0
0.34271713227643463,0.5386576646717264,0.6499283987895831,0.5367206964689711,0.6601561135752454,1.0
0.7137333437755228,0.5356533677247577,0.3336859395957934,0.27555485552278136,0.5364832535885168,1.0
0.64482384399369,0.7403288977112666,0.5876191463580579,0.38617658008534045,0.47349212447176336,1.0
0.38381982748011323,0.8073297713643848,0.5793250694952925,0.6224548240213066,0.6081138895679811,0.0
0.5237735089112899,0.511734884909574,0.5001279750140935,0.5052134940863141,0.48144623336709397,1.0
0.6433738714044372,0.7824930612924124,0.3892918931878414,0.316505340931871,0.6878383333915413,0.0
0.8690101923227531,0.8788801787720123,0.43025361731906925,0.1540092786162262,0.5368455977368771,0.0
0.5407860731027847,0.5106175598333522,0.4518797747639752,0.5056645379306396,0.5725954318443754,0.0
0.4649086494892651,0.13308649165869285,0.6396920175989943,0.593509264297374,0.33183739042363714,1.0
0.3148499121737282,0.5483064798911202,0.6724147427216236,0.7659784071708813,0.5655362693395732,0.0
0.42320403665208495,0.45146767780623925,0.3687170747827665,0.5678441536126465,0.6010110711416897,0.0
0.31999418220874687,0.46474185630486337,0.7044846332786874,0.7100704487528281,0.6746455139175078,0.0
0.37367225696736445,0.6708883328677813,0.57133068095667,0.6759987399410065,0.6266458282401426,1.0
0.585804589342254,0.2692367124492598,0.42829997343303505,0.38728772301612313,0.39723832640659384,0.0
0.6350544299123976,0.6304774187413452,0.5918034433378475,0.3973638993098314,0.4657693919603255,1.0
0.4179120842237165,0.6140919653629227,0.410665340478335,0.6898851628053496,0.40230241329933997,1.0
0.35915910540271423,0.1781360878169964,0.42946632799186146,0.6271671582805923,0.5252898753186883,0.0
0.5299537933117777,0.3751240646859901,0.520111516455319,0.42743778458718756,0.5200817238850278,1.0
0.420069142211432,0.37424446834938996,0.7278975811102399,0.7369397749076435,0.366910557748053,1.0
0.4340900191315828,0.46380579939260314,0.5141793075741768,0.5098341876915148,0.6342856145007509,1.0
0.370237522515971,0.393895720288365,0.6701921893123044,0.7050831925312868,0.4688034785038243,1.0
0.2870632461037581,0.28842142173672736,0.7109757203859337,0.8621867751081074,0.403162434952677,0.0
0.44418388695584077,0.4495361317968133,0.5139103980508919,0.6118116211804463,0.501135053958719,0.0
0.5504771707633613,0.25466096910120706,0.4634266848963564,0.431008906326069,0.4432647644326477,0.0
0.5191125630726888,0.6392793253258371,0.6330632358563311,0.440034078868238,0.6311292913770825,0.0
0.5814613844105571,0.26461883168210915,0.6112135271209833,0.49122254360090506,0.3177714525198198,1.0
0.5132298810709212,0.4942885670305898,0.5048776299675365,0.49738967324379285,0.5341738553417386,0.0
0.6705340061086809,0.5829584153002217,0.6575534417179106,0.38727197227870225,0.45741801417944333,0.0
0.653615421622045,0.5146411187514487,0.4283793503405107,0.35830779804690865,0.3760739356686341,0.0
0.34447589532450973,0.7213313998062512,0.7929169879541493,0.6212520404364388,0.6678963084552789,1.0
0.48264172475134537,0.5408001949375666,0.33537391383231707,0.44916521091669304,0.7371389655292845,1.0
0.6503596961322876,0.5234638266006574,0.6093700389432828,0.47091841118015987,0.2836892746132086,0.0
0.31319631689061433,0.2062534544957476,0.5484911907832071,0.669749992840574,0.5857751545419622,1.0
0.5727481232029179,0.6029157429914597,0.550480473280761,0.3852902431341104,0.4674938008591486,1.0
0.5528423266689789,0.5722160478785683,0.6609779882975759,0.4697256507918326,0.43607026857122905,0.0
0.3498349761134917,0.549379230828663,0.6561943146695004,0.6550445316303446,0.5514397722907136,1.0
0.6132108613687473,0.49882027112962757,0.6578547499789408,0.44380852830837086,0.3943090140746691,1.0
0.47958290911938783,0.22837114210829734,0.46082668619230593,0.589236518800653,0.38897426046869,0.0
0.6663988990948859,0.49715022673378545,0.5191832926189196,0.2991136630487701,0.5195054657213705,0.0
0.6469025855606897,0.4156597864007275,0.45141647281421915,0.3139293794209457,0.6419035728006147,1.0
0.4446806368243811,0.41848281518373465,0.5001765731207112,0.6902961138635129,0.45638773443229846,1.0
0.7064857184412795,0.47874705067782414,0.5513277002727973,0.36121166127323245,0.386005657807425,1.0
0.30176659469014666,0.2768172876339453,0.3745844861884181,0.7107749362811078,0.6648360283588867,0.0
0.6080263143173605,0.3137603337711504,0.5237336953352297,0.4161387783155303,0.3754671183599344,0.0
0.3947214732437543,0.4219328535174939,0.650396560550001,0.5899796672298749,0.6070792442286872,0.0
0.6066143811324555,0.9026500811249325,0.6242426795052065,0.443809960193591,0.49553836482380476,0.0
0.46074892874324525,0.4271361413059629,0.5631257006227037,0.6279819009708183,0.4571560786505082,0.0
0.6543381703046509,0.2691356777349206,0.5922537857925055,0.41161258913485504,0.35203261970453675,0.0
0.3850147122990345,0.3582898983115317,0.6092291044340912,0.7395228958446691,0.44061484999825384,1.0
0.46704780658081696,0.5028022275182903,0.41011294199977966,0.5099430109682409,0.6431477665630567,0.0
0.6068784193508687,0.24109557289654637,0.6430388072080712,0.4397262235459206,0.30584028917682393,1.0
0.32443807968136407,0.374321730189767,0.6165657985964866,0.6615123571694494,0.5740971955436036,0.0
0.7118022846018729,0.29928562513743695,0.3863517077374665,0.24725937168876552,0.46161771382670347,1.0
0.6842930824224388,0.3575856269204025,0.3820783142288776,0.3073713451129758,0.5225264554884225,0.0
0.5864244078719192,0.3546259041121129,0.49343277585905254,0.38958303502391256,0.42493364299933645,1.0
0.8481735491883062,0.5348896641487232,0.476990416453375,0.1779446719550961,0.4244927181922956,1.0
0.7405466486165964,0.5795440362774057,0.42462595657273194,0.30003436524528204,0.44005168861104327,1.0
0.5403989662232466,0.36212921745642135,0.6083883571896038,0.5637160285231537,0.32592637865400065,0.0
0.7109810809903672,0.5701537510623503,0.4125898255003985,0.24822446232709994,0.5916468759822583,0.0
0.44401830366632733,0.744581270541249,0.3000025918990197,0.5248546636501619,0.7659256801592569,0.0
0.5924570098790571,0.6888695404109142,0.514974696585821,0.46326355279360815,0.4590332832745434,0.0
0.46648840357570404,0.7584527424981725,0.5486515645350457,0.5288510552994072,0.7608746900429575,0.0
0.5200613105693604,0.5757552344896856,0.7285844343504377,0.523667630802715,0.5326720916425104,1.0
0.781882055470402,0.6020807207935386,0.3230785928580223,0.17907156562329973,0.47066758635141276,0.0
0.6072521005582843,0.46584135172561353,0.5142279056807947,0.45901514934562854,0.4667210910487899,0.0
0.8466743491346036,0.7106900670989369,0.3520106656644657,0.1492768979638593,0.4927531170327944,1.0
0.6469294369049351,0.4090212113467928,0.49610567172302966,0.40636472980325905,0.4258547829427584,1.0
0.5888835434823956,0.4677223803778699,0.6325804946639279,0.5143360348234487,0.3623004924387944,0.0
0.5311285396225148,0.46788879049560506,0.4691742209723509,0.5328961310461354,0.42536583662207944,1.0
0.30257661024155025,0.4828746159195051,0.497941060216294,0.6955353818837883,0.7991085460831908,0.0
0.4459627885120999,0.4021538223809722,0.23480823187128635,0.4606976144792234,0.6394937659344114,1.0
0.2474575133417617,0.30492276787571543,0.5816772178555923,0.7247429766029956,0.5487942234484686,0.0
0.49457714726843516,0.5136812889652262,0.3522909147459615,0.45715369855952354,0.6771469982188385,0.0
0.48610107293496385,0.4720222989557766,0.511739682621965,0.4823291044989835,0.588748122795376,0.0
0.5202515075910988,0.5520001901829917,0.5830233854089044,0.44809272888685253,0.6185476548038976,1.0
0.7403855405511238,0.5647989112023726,0.5167112689289625,0.33435379020017764,0.3824782593510984,1.0
0.7128987144918943,0.6887477044318581,0.4886572019154134,0.2646882785875885,0.5938645967939092,1.0
0.7957216858168963,0.7781099376556382,0.5280540670135492,0.223030441879779,0.5263943701323648,0.0
0.580420894821047,0.41968631692806924,0.5209036655931885,0.4195652796471836,0.5157772500261936,0.0
0.5865541893691053,0.44975008766247276,0.46857322438717786,0.5036727855895072,0.38493172213879095,0.0
0.6321589599579329,0.5607842671120119,0.8292294932189441,0.4334660213637276,0.44296353857437226,0.0
0.18320672178650949,0.6590880725548114,0.32806475859700507,0.6743878690684155,0.9836770509551916,1.0
0.4552578288450566,0.8435447732364986,0.5336655283910139,0.6427832984907931,0.5279354241609332,1.0
0.7332274196976987,0.5642848228029408,0.22729982439884144,0.23848048340445038,0.5108135717528726,1.0
0.5095825734775847,0.7490178831444381,0.3396991453212983,0.4257853890432144,0.6687257709635736,1.0
0.4411541602801491,0.3153679743728419,0.5127796821035853,0.624926257911166,0.47414259770195233,1.0
0.42078965328201745,0.2622385726766473,0.611004555262527,0.6585240127151408,0.2845536618586946,1.0
0.5399738199393608,0.2607616828817478,0.600698516785786,0.5029310690455054,0.40011961722488043,1.0
0.43340754746534504,0.4500294189315282,0.4958319023890829,0.5959248546636503,0.47350958684035904,1.0
0.4982781575502624,0.11881979567214829,0.39374509969091603,0.6037114464904494,0.4010756819054937,1.0
0.481312583211197,0.5996974901788314,0.4946331490925113,0.4974569718491367,0.6376427548632697,0.0
0.4071670713015071,0.6759519550217226,0.6536429140720678,0.5044187977891693,0.6839529563790033,1.0
0.3622760989472036,0.6467142916575043,0.6628635948343452,0.6987485323176494,0.5840332832745434,1.0
0.6508206442085007,0.5459143344486774,0.5024023664038049,0.48591597697528577,0.3762660217231866,0.0
0.4567749297949229,0.5867828763988852,0.6276526466528863,0.5936223832297604,0.48647102993049984,1.0
0.5249303543258634,0.4728573211536976,0.34618051280722106,0.4170322746928607,0.5985401459854015,1.0
0.465027242926349,0.44196744304910884,0.6197360150848523,0.608491079355079,0.4642458003003528,0.0
0.37974961121491146,0.34118234388650837,0.6444449124262118,0.5711417852744924,0.6003082108057137,1.0
0.494888175339278,0.48042600990140205,0.5092352601942628,0.4874738680947336,0.5667979254706109,0.0
0.7099003143844889,0.8195846878918811,0.3848710854225119,0.38271714539362534,0.5305984353717739,0.0
0.7703494031169935,0.4346394546502714,0.4100238454709805,0.22646983017841293,0.3033169769147488,1.0
0.6162316375963572,0.38721851431424176,0.828427624459751,0.4505727540880324,0.28802867320923414,1.0
0.5337107438941162,0.2197356456415407,0.6042704776221919,0.4668633122368912,0.4815946635001572,0.0
0.7546189906132176,0.42806031178124204,0.6179492246982058,0.2850797560067586,0.3268955401110607,0.0
0.45881786956959536,0.34068311353330283,0.5131214887867969,0.6230504882728601,0.4001501763699229,1.0
0.6963269598684284,0.4871596764511854,0.37689937600031104,0.37941378619089905,0.39723832640659384,1.0
0.5491681677313971,0.16533736679761563,0.3903464721014469,0.4541968555800568,0.3505395871896064,1.0
0.35965585527125454,0.5625226585204952,0.552952496970718,0.686434319424955,0.636708518143401,1.0
0.12128304673252704,0.43223839438009265,0.3755564483207734,0.796612159569289,0.8882626689484163,1.0
0.665770130117139,0.5948478238905498,0.49963227432659224,0.29108078696411704,0.5721152167079944,0.0
0.5353867152974346,0.6294730148164438,0.5214236653339985,0.4617199805263611,0.42506461076380403,0.0
0.52367505398239,0.3442401297998919,0.38500878005792893,0.5811277527993357,0.40979813501903406,0.0
0.4913706492431278,0.48200987762913133,0.4438837662884654,0.5093101177009651,0.5500864387245487,1.0
0.5600698134950381,0.44201796040627844,0.5373865234210475,0.35185285947478456,0.5663439038871233,1.0
0.533120014320717,0.32339726255356327,0.5681782837740641,0.4826813482631233,0.3591048789857857,1.0
0.33659502578847855,0.6557182676706744,0.601142379492895,0.5936338383115211,0.7256007054796914,0.0
0.2789765162618454,0.636227482630944,0.5897445035541415,0.6016495317735331,0.8550012223658018,0.0
0.5377272574708272,0.5151195478399373,0.3483690475419078,0.44007417165440027,0.5251283484091783,0.0
0.6194090466653988,0.6684545848959046,0.37813052803462777,0.3703055643059653,0.5434769322110852,0.0
0.39521598550027415,0.4191425124361847,0.4212095096775029,0.46249033477476453,0.7193011560088012,1.0
0.44682426913997386,0.4289993403027476,0.5871331652918802,0.606822933073685,0.3933311214333113,0.0
0.6407066378760586,0.40569895221058017,0.45789298048948013,0.24809702454251273,0.5893243809590334,1.0
0.750911267495329,0.27694803844073723,0.6759640244416077,0.29057103582576826,0.3905895295637901,1.0
0.6756223358431882,0.47723450157198133,0.5249081495784924,0.33971476846416,0.47331750078580664,1.0
0.7155995122005796,0.4251362482838957,0.6379457256345292,0.3835877316074344,0.3189938183215172,1.0
0.18695024669672528,0.2660244028551222,0.7055100533283223,0.8529969357656291,0.4722479307093215,1.0
0.7167809713473781,0.3713233764612889,0.48646056749629035,0.27431484292219144,0.42013585722767444,1.0
0.5302133563061501,0.39026144218139897,0.49993196265073514,0.6255061714252986,0.15149914434393885,0.0
0.43328000358017926,0.4330228992208441,0.3122428350191477,0.600778945559724,0.570246743268257,1.0
0.28767635179736184,0.6145555364051849,0.5223810480343686,0.699255419685558,0.6236335696573884,0.0
0.6446000827916448,0.5749023826362929,0.5169655990202622,0.3649044932558207,0.45542293856738736,0.0
0.5472348709457268,0.33731033703992064,0.2942906944345448,0.4582447950972251,0.5803792826458981,0.0
0.6290016893970755,0.27659441694055,0.6239883494139068,0.49366247601592267,0.20695526141165788,0.0
0.6457099383537889,0.2145442442900528,0.5484620319192364,0.5264397605887913,0.10174885621485702,0.0
0.6262136248195925,0.6793752488722744,0.41139755195137595,0.4020075030785533,0.514240561589774,0.0
0.7377451583669907,0.6449134964548703,0.5004778813817413,0.25535381883788205,0.41780463102015164,1.0
0.4881350622615545,0.6196102437313904,0.7552566951991551,0.5364214324579742,0.5002444731603395,1.0
0.6335239032904085,0.4771394100761327,0.7514352640821114,0.47764540794409927,0.1909160758565292,1.0
0.4339960394267238,0.37796492312446883,0.2962103196459466,0.5151808471032963,0.5658593231585933,1.0
0.4661460489365749,0.7631835444166435,0.5585137403046777,0.60124001260059,0.5959600810253903,0.0
0.6906076235441537,0.3741196607610886,0.6195011242361997,0.47082963429651487,0.3141130862990257,0.0
0.35810071491704054,0.41039112320886256,0.6671499478380322,0.6669735673988374,0.4467834317046765,0.0
0.5970485897450242,0.45132504056246625,0.36876891276315876,0.4224132993499242,0.42976635350818987,0.0
0.511911927590875,0.6625262244515896,0.6649889520304288,0.4903490936166558,0.6493731009674153,1.0
0.4731072599322004,0.6539620466067195,0.31131947099341006,0.4731335376156248,0.6583225648726994,0.0
0.45269352546961883,0.27306117354792314,0.5897655627336759,0.54024599788081,0.47962141584884577,1.0
0.162625166422394,0.40375254815492784,0.5523142418371381,0.842285002434205,0.791163168372158,1.0
0.5747753996934472,0.23755935789467428,0.31257492208103577,0.5238680947335262,0.34241958579261694,1.0
0.584388180933308,0.33413962997521685,0.4512625788099296,0.4812380079612819,0.540412286522544,0.0
0.5151452769604279,0.6476503485697646,0.47104362814024764,0.4799550388040896,0.6972767436175044,0.0
0.45366241147447445,0.6158541296453682,0.6587376155824969,0.6339614536498756,0.5031956134530088,1.0
0.25456416911871654,0.42934107536595373,0.6974589669986457,0.84680689595922,0.5153144972584082,1.0
0.3833745426880434,0.4127000635924379,0.6486761875757321,0.5914258713021565,0.4997206021024692,1.0
0.5046687774806726,0.26314788510570014,0.6651817245200127,0.5697442652996937,0.3036705898788112,1.0
0.24295320034459228,0.15242869623615973,0.5643795317734421,0.8820971390933303,0.4579375196451647,0.0
0.579425157471946,0.5482886502356487,0.506896071329061,0.5449697872218564,0.34670659728285547,1.0
0.6735793960685157,0.6758420054796476,0.47826854665742224,0.36093530742575686,0.5312183494569204,1.0
0.286255468164375,0.32561705465978047,0.30872433210002137,0.6304834044502994,0.6685467816854679,0.0
0.6070887548807913,0.595662044823754,0.5249907663597426,0.46684326584381003,0.41670886739077295,1.0
0.5513118000469899,0.5667037127285911,0.5038910884031959,0.5651622325954353,0.4823499109419202,0.0
0.487275819245701,0.5648107976393537,0.5688197787814187,0.49030470517483327,0.6098688576118465,0.0
0.6731766259048344,0.5465086562977315,0.3974288361725427,0.24969500844812284,0.5801042503405163,1.0
0.3967442745102427,0.2751353568011221,0.44127566789997863,0.5198545204616399,0.607358642126218,1.0
0.4024099081460266,0.4441010584872132,0.6606621006045604,0.5250937884819153,0.6086464918101492,1.0
0.752164330226782,0.47804575089594026,0.5471839017151892,0.4136029095907673,0.2002715398316628,0.0
0.6098589185621106,0.7958504448499041,0.38203781580669616,0.35337924911939067,0.5384477700555304,0.0
0.518568823351719,0.3288412506908992,0.4866112216268054,0.48333428792348015,0.4836159326651067,0.0
0.49634933598863296,0.6222282314764739,0.6673913184342338,0.4837008505398208,0.5013882583033563,1.0
0.34923977131605155,0.33762532761991937,0.5706584071484575,0.6944313983791061,0.5021304089686726,0.0
0.6127051610521252,0.559753118703903,0.5130761305539536,0.40184140439302396,0.4339354940104076,1.0
0.3788120517783422,0.3646699433611278,0.8294757236258075,0.6725120994301098,0.3984868857611847,1.0
0.5870822658059319,0.45487908521980996,0.5530415934995172,0.3882127208682953,0.4442775818111969,1.0
0.5348675893086898,0.5113040015690098,0.4995820562830872,0.5092370915547411,0.4933162784200049,1.0
0.45945335138340365,0.3661498047652726,0.34654337866996704,0.48479337896274244,0.5018553766632906,0.0
0.6562826551504235,0.5353888945019286,0.47841434097727553,0.370849680689596,0.5413727167953062,1.0
0.501430952887079,0.7043694542342461,0.488824055414801,0.5824293364643891,0.5434158139210004,0.0
0.43434286928989385,0.2989260604187592,0.4488780317118845,0.5353031301010912,0.5529240736213461,0.0
0.41724527584162185,0.4196387711801449,0.6124333395970892,0.48173630401787004,0.6204728809415709,0.0
0.3921392689721529,0.4685663174035268,0.4426542341910359,0.7330020905524214,0.4083749519784864,1.0
0.4694084872623936,0.46963015351333365,0.3209192169873062,0.5105687448094162,0.6898596025564908,0.0
0.5884561595864893,0.34569324672082924,0.4215901948460088,0.39669807268249385,0.5144850347501135,1.0
0.27204439422248583,0.2205825542764429,0.47688998036636493,0.7893567971591398,0.5441666957706144,1.0
0.5787852004340968,0.3763780837874943,0.6039724092349362,0.5019287493914488,0.3954964551391751,0.0
0.4733220706861638,0.6146625143380147,0.3470277397992574,0.5380165525931442,0.5836141864282471,1.0
0.4842886071983979,0.46844745303371593,0.5126922055116733,0.48085569460752037,0.5998716515908218,0.0
0.1777245723364026,0.3186129716686775,0.511639246534955,0.812957129356511,0.663142178605106,1.0
0.5036954162517762,0.3148598291919006,0.527490328976783,0.5665282510953923,0.39233140083120877,0.0
0.7474384936395879,0.3821697502065269,0.602300634367285,0.29553108622812807,0.2953235776900779,0.0
0.535418041865721,0.3929656065945953,0.3748760748281247,0.5400126005899368,0.3502601892920756,1.0
0.7123370738747609,0.38281161780350537,0.69386918685648,0.32346143933102334,0.38843292704222404,0.0
0.7255412224074468,0.7933008041174618,0.39888029962352667,0.3725235545118704,0.35384434044633817,0.0
0.408212036115058,0.39852251588325144,0.4241513150647651,0.4933045047109025,0.6797925470610835,1.0
0.4924558910730469,0.748061024967461,0.5750257569965074,0.5546879922105445,0.5614849998253764,1.0
0.46858504603886736,0.3874176121336749,0.4698400150330143,0.5006787135943184,0.6254758495442323,0.0
0.701079647799868,0.5479706880464047,0.5484587920454619,0.2576333801082506,0.4724443823560228,1.0
0.653031404884707,0.6778270404554884,0.5028559487322374,0.4260946762507518,0.46572137044668743,1.0
0.4118235419160672,0.3849274035861381,0.23613981999261313,0.482853174489533,0.8075734292599449,0.0
0.3528960293574697,0.4455868631098485,0.2576493419816364,0.5832712849737967,0.7572687109279503,1.0
0.5587563352390329,0.33390190123559516,0.42272577060397726,0.47541596265643354,0.4298536653511683,0.0
0.49899866862084785,0.3403027475499082,0.6597921944961024,0.6322231449926975,0.38389271120734825,0.0
0.505422852731565,0.36921947711563724,0.2563631120931529,0.44619548097024553,0.5365487374707506,0.0
0.5808012888645238,0.2779643288026198,0.4254002864048417,0.4279360806437757,0.4838778681940419,0.0
0.31507143576375296,0.6754289517945549,0.44658420107952596,0.7152796471834819,0.5919219082876402,0.0
0.32478714715655455,0.6233158404602429,0.6967267555256047,0.6466436610441308,0.6957662487339784,1.0
0.4705698079010081,0.4289607093825591,0.47298107265740924,0.5410908101606576,0.3736990535396222,0.0
0.4619930410266164,0.5566626450888215,0.4120779254440247,0.46388785474956334,0.787386931163343,1.0
0.4620019914746982,0.5799184590423099,0.3094646432574987,0.41194765027635394,0.7622323892012713,1.0
0.4306642351282711,0.3971199163194837,0.4969739578946004,0.4753658466737307,0.6201149023853596,1.0
0.47202425571430173,0.29400210389934567,0.3226444497722369,0.4794753572553625,0.6864413439038872,1.0
0.2334455868696927,0.5540743734361907,0.41131655510701304,0.7373965462928493,0.7893907379596969,0.0
0.837766415681185,0.6172121550704569,0.379765044353872,0.22967868495661392,0.35542905039639583,1.0
0.5064409662008704,0.3865944763727349,0.4699598903626715,0.5778802371201925,0.365238535955017,1.0
0.5293205491099898,0.5115179574346692,0.4998542056801467,0.5072252928205276,0.48737907309747497,1.0
0.5451292780344816,0.4334032652042388,0.14498273147278185,0.41062172456255913,0.5132670345405651,0.0
0.5704478580458935,0.36926107964507104,0.5602276335313976,0.40321171854864124,0.6214813327279713,0.0
0.3418288003043153,0.330035837607498,0.6017271767091954,0.7407843867235604,0.5283457898229317,1.0
0.44347008872131666,0.7205112356545564,0.6135089776902292,0.7264297373922507,0.554657213704467,0.0
0.4983878005392645,0.364803665777165,0.49715053101531165,0.5429379420945618,0.4137053399923166,0.0
0.5448518141439456,0.4214455096012695,0.5351558703272921,0.4450528365646211,0.595165543254287,0.0
0.3471408912408678,0.6374250411567881,0.5607751721992911,0.6431870901228558,0.7173322739496386,1.0
0.6904353274185789,0.5715355493614013,0.5289223531851199,0.40532947678914066,0.39223099221178365,0.0
0.737038072968528,0.300801145852525,0.4423561658037803,0.36129900627165734,0.17434428805923236,0.0
0.41655832895134315,0.6021371813691987,0.2260621926169757,0.6079512586271085,0.5595379457269585,1.0
0.49745024110269526,0.2878657308078617,0.5010480991660565,0.40937312065064874,0.6260346453392939,0.0
0.5659771092290308,0.4453342763240005,0.6719368613398822,0.5604685128440106,0.27104215415779,1.0
0.5000861480627874,0.5548380770122252,0.6903490640004665,0.5763939402617487,0.5016501938322915,0.0
0.5041518891039483,0.7133139980625108,0.4924672934742462,0.5575961510925285,0.4203846959801628,0.0
0.4235598169633368,0.6028028218401393,0.5851973407116059,0.6492983762421605,0.5353220060769043,1.0
0.36141014309528874,0.593445224326782,0.18605623124923054,0.5243048197256509,0.7632146474347781,1.0
0.67627571855316,0.6598547477400912,0.6135300368697636,0.4547767690941895,0.3960115950127475,0.0
0.6692003893444916,0.43028010388745924,0.3164676304211188,0.26163979495403655,0.5726216253972689,0.0
0.46905270695114176,0.6700265661866528,0.36930187199906694,0.5858644291073628,0.6790722243565118,0.0
0.6429442498965104,0.484256414218556,0.44272875128784983,0.31237578395715804,0.4561257989033633,1.0
0.427260827245164,0.37853844370880607,0.5499183551808822,0.5951015206621039,0.5778996263053121,1.0
0.22787617055078824,0.39990728579154755,0.45706195286631635,0.7263610069016868,0.62144640799078,0.0
0.41946722457793045,0.29024004659483293,0.6086993850719575,0.5929021449640598,0.5179076589948661,0.0
0.14456763741734824,0.5324113420381674,0.620328911985589,0.7786033391563334,0.8083941605839418,1.0
0.5251943925442768,0.6513618885171076,0.6367210533477615,0.5232681348263124,0.42133202947647824,0.0
0.5210727112026046,0.7394671310301382,0.5692766009836256,0.43202124917666607,0.627807075751755,1.0
0.7972701133350488,0.44931623271266324,0.4476096211291608,0.2118015979839057,0.3450651346348619,0.0
0.2885109810809904,0.3715967645118538,0.5462427183836918,0.8052063346602137,0.3975177243041247,0.0
0.5799935109251407,0.3757302729720253,0.47452973232162876,0.5006758498238782,0.35264816819753436,1.0
0.7087345185218334,0.5954243160841323,0.581750115015519,0.31462527563790493,0.39000890580798386,0.0
0.5883398037614258,0.33900118270047963,0.49995302183026946,0.4359188407457259,0.3902533789683233,0.0
0.8118392052002104,0.5098271117741102,0.517514757625043,0.2381425584925113,0.46098470296511024,0.0
0.6243138922142291,0.580952579059664,0.5441303206827062,0.37278129385148495,0.5960255649076242,0.0
0.5096586522862802,0.5772172662383588,0.2466969486868792,0.4006085512185344,0.7296083190723991,0.0
0.5880489141987671,0.21347149335251014,0.488404491761001,0.43661473696268516,0.37156427897880073,1.0
0.26777279287544337,0.48540939860572097,0.5182323896660986,0.7005054554826886,0.7254828344916706,0.0
0.716279746254797,0.5150779453105035,0.6628117568539529,0.25752026117586424,0.4820268571229002,1.0
0.515695729517459,0.6002026637505276,0.7117338508491708,0.4797803488072397,0.6842148919079385,0.0
0.44415032277553396,0.35328273673325056,0.6680765517375442,0.6063890718520004,0.5231594663500158,1.0
0.6892292545395554,0.45605584248093717,0.18771666655867092,0.28992668747673195,0.5675619040966717,1.0
0.6710710329935893,0.2589133419311894,0.7000573457658089,0.39262865488702436,0.37500436559214895,0.0
0.6706660252178875,0.37149870140675983,0.44596214531481854,0.3683367221283543,0.35782139489400344,0.0
0.7112518320448418,0.2685235262303948,0.49472386555819786,0.33994816575503317,0.2907484371180107,0.0
0.264541681117911,0.5178355986901148,0.681854114963681,0.7384661645522497,0.604232878147592,1.0
0.5749186068627561,0.4649082664225985,0.3514566472490232,0.417072367479023,0.409636608109524,0.0
0.500916302122375,0.5049715022673379,0.6680571124948972,0.4650534093187091,0.622467956553627,1.0
0.6251529967218984,0.4557349086824479,0.3433342836963072,0.3161631203642717,0.6524726713931478,1.0
0.6305255031830032,0.371159937952799,0.6037358984493963,0.5340745725822619,0.24260468689973108,1.0
0.39165818238775585,0.23746426639882562,0.45112812404828706,0.5904221197628798,0.5395697272378026,0.0
0.5105425090343586,0.6162850129859325,0.7471991291219293,0.5739955325181134,0.3823778507316733,1.0
0.6613530839887672,0.7221575071764365,0.7773655938364641,0.41423723474326307,0.49175339643069194,0.0
0.2423311442029067,0.6270303520168312,0.5596152973880137,0.6918310948194394,0.8346226382146475,1.0
0.5809176446895873,0.36209355814547817,0.4983962624816137,0.4759414645322032,0.36140118045611713,0.0
0.49745024110269526,0.28299823486410836,0.5872967789174933,0.7047753372089695,0.29746271784304823,0.0
0.2994976561014086,0.06196399598238428,0.5848458144070707,0.6289312408717318,0.558699752034366,1.0
0.5520770633579843,0.7003577817531307,0.45549709383322423,0.4066668575846961,0.6680971256941293,1.0
0.5173582752486546,0.43518623075140117,0.43936576230990043,0.551255763338011,0.4566584011455314,1.0
0.5001823653796669,0.6854997355267772,0.4503311150997557,0.5135212921332227,0.6162207941885238,1.0
0.5767444982714447,0.38500763703576035,0.37420542095679954,0.40972250064434845,0.5375571892571509,0.0
0.7830568017811392,0.2995649564064924,0.36337290299169944,0.20057132220281232,0.3667970523521811,0.0
0.3788120517783422,0.46795119428975573,0.6222663565027506,0.6093673931097684,0.5506408689274613,0.0
0.297647150960495,0.3651097415294279,0.8694897846779889,0.7557747930925858,0.42375929871127727,1.0
0.32861570132354756,0.08502665533493009,0.483886487782436,0.7385363269280336,0.4376462473369888,1.0
0.40241214575804707,0.5550609477056205,0.5771430145081548,0.6205203470889775,0.5826362937868893,0.0
0.5621619807341606,0.3219382024141354,0.3411830075100274,0.47373636129327884,0.4324948486012643,1.0
0.5065483715778522,0.28740810298409003,0.45264276503787415,0.42966293421919305,0.5852687458526875,0.0
0.5136147503384388,0.4928176204541808,0.5052048572187627,0.4972035281651824,0.5398098348059931,1.0
0.7382598091316948,0.6709329070064604,0.5383844045435989,0.23500386609009427,0.6023251143785143,0.0
0.5113413365256598,0.39347672338478185,0.499368224613969,0.46022222858615663,0.6347003457548983,0.0
0.3741063536993321,0.6620210508798936,0.6221400014255445,0.5873006099831038,0.764253658366221,0.0
0.6341862364484623,0.731155539971116,0.4838314099282692,0.4252255219221628,0.5999851569866937,0.0
0.6178807576554302,0.43405999084744357,0.44714307930563024,0.456593831438472,0.40236353158942484,1.0
0.3008200848054956,0.5336891340136338,0.7605684682524769,0.7550316446633639,0.6629369957741069,1.0
0.4876383123930142,0.46613256943165005,0.5130453517530957,0.4815802285288812,0.6112964062445431,1.0
0.6586276725478569,0.6110401226680298,0.6166079169555554,0.423828001947364,0.27162277791359624,1.0
0.37897763506785564,0.5339387491902365,0.6935937975856461,0.6561399238237065,0.5016370970558447,1.0
0.6930936104988756,0.42393274653956103,0.5360597951103825,0.3561971992325096,0.3936236161072888,1.0
0.6303599198934897,0.5766586037002479,0.39452590927057485,0.3177539448437814,0.6053417385534174,1.0
0.419489600698135,0.5562466197944835,0.6239478509917253,0.6123543056788568,0.5586299025599832,1.0
0.2645730076861973,0.7090289375308305,0.3097772910767397,0.7116569775766776,0.7345807285300179,0.0
0.4456070082008481,0.6378529528881071,0.3768540177674678,0.4303903319109941,0.7982397932455559,0.0
0.3062865709714593,0.5153632197980494,0.7816632863983619,0.7453062802485754,0.6377999161806308,0.0
0.28955594589454137,0.27931046779072743,0.43975778703661705,0.7692831982588277,0.5064960011175916,1.0
0.7528937917454492,0.3258191240884589,0.6277547026767837,0.2512457401414703,0.4340446338141306,1.0
0.4621921884964366,0.4132973570507373,0.5024461046997609,0.48015693462012093,0.5656890650647854,0.0
0.7579015674472204,0.3284163105688255,0.6156359548232001,0.28329419513731785,0.27859899416756895,0.0
0.6030476275718554,0.5484342590886669,0.6261687844641572,0.5097396832669894,0.39055897041874765,1.0
0.4050592407782415,0.6934250173839142,0.6944523641358933,0.612852601735445,0.6473300038417211,0.0
0.4671104597173896,0.5842213492294618,0.3614419382220869,0.6556086944070565,0.4429460762057766,0.0
0.518013895570647,0.24032592610202128,0.5436637788591756,0.4315458632835993,0.5828458422100374,0.0
0.6692182902406552,0.4750236242934999,0.5434369876949594,0.465263896446061,0.3040984179094053,0.0
0.7421152146429331,0.7262226686239667,0.5860040692814608,0.32477018242217714,0.24160060070547973,0.0
0.6622660296931115,0.47613500615123117,0.5746029534689329,0.3663177639680404,0.44654768972863484,0.0
0.44242512390776567,0.38824966272235073,0.5192011119246794,0.5817133938543487,0.5964533929382182,1.0
0.44113178415994453,0.44334626973891444,0.5424488261937315,0.5041481714825741,0.6629981140641917,0.0
0.502961479509068,0.48630682459779273,0.5073690929001407,0.491789570148057,0.5532296650717704,1.0
0.23105805484387065,0.6445390736899661,0.4000126355077206,0.6940605401071052,0.8108257954108896,0.0
0.6097112361687608,0.31423281964114846,0.6006790775431389,0.44644606088375965,0.35547270631788497,0.0
0.5650440250165024,0.47080393916521557,0.5953219462569739,0.5666785990435008,0.4114876191806657,1.0
0.5314485181414395,0.3852186212921746,0.2598200574105633,0.3727598155731837,0.6550090804316698,0.0
0.6620914959555163,0.49102574007928257,0.4419220227179949,0.40658524012715147,0.4203934271644606,1.0
0.3874425213412247,0.41232266921828853,0.7030979673031938,0.5275752455683154,0.5620176020675445,0.0
0.5593694409326367,0.2679500056460576,0.3517595754469406,0.5290959076720411,0.3617242342751371,0.0
0.5900269632248465,0.25100588972952415,0.5397046531067149,0.5166513932243192,0.3300038417210911,1.0
0.6775824839731039,0.7553860417570533,0.5259254699436909,0.40999455883616376,0.4777529424091084,1.0
0.4608921359125542,0.21040479261139078,0.6970070046071004,0.5875826913714598,0.42858764362798174,1.0
0.5971246685537195,0.19893140931540065,0.38914771880487536,0.49100776081789294,0.3029328048056439,0.0
0.31889327709468457,0.5386546930624811,0.5502958004756134,0.6623700564162778,0.5612841825865261,1.0
0.5643637909622851,0.5732353098496961,0.648632449279776,0.47587702969729956,0.3494918450738659,0.0
0.6832548304449492,0.6170962623098913,0.5729635773390269,0.3234471204788225,0.39256277721510147,0.0
0.2879135386715298,0.36351101575547223,0.6117853648421857,0.7240213064520749,0.6479193587818253,0.0
0.6216019064454414,0.4137847009669617,0.4801476734466425,0.3670179558406599,0.45076048615234177,1.0
0.6465512804734788,0.6100238323061471,0.5714845749609595,0.29994702024685704,0.5708535605769567,1.0
0.5234110157639768,0.3734361906346763,0.5148256623921932,0.5065508748818696,0.3681896762476863,0.0
0.5349570937895078,0.30390944912307816,0.285462038398984,0.49101348835877323,0.46410173575943847,0.0
0.6673185576352917,0.6931278564593871,0.5481607236582062,0.37561929035768504,0.4452292808996613,0.0
0.3568454145735671,0.4775910946814138,0.6295398731265429,0.6567857040579628,0.6275756993678623,0.0
0.6565153668005504,0.50246940728282,0.7627019251329967,0.39610240843094024,0.4404838822337862,0.0
0.6368087177364317,0.5983632376277049,0.6675500722491852,0.42645694321143224,0.529459015820906,0.0
0.7572951745896779,0.39860869255136433,0.2575456660208518,0.16383487499642035,0.4699167045017987,1.0
0.03438762153030289,0.30001961262101884,0.5518412202660584,0.8791188178355624,0.7602198512206196,1.0
0.44847115158702633,0.4953108006109629,0.6116476702067687,0.5986812337123057,0.557778612090944,1.0
0.690128774571777,0.7685651287598287,0.5800734803372061,0.24308256250178992,0.6060751580344359,0.0
0.4435081281256643,0.4017021377756911,0.7740803618291031,0.5487642830550704,0.585888659937834,0.0
0.29677671988453924,0.46607908046523516,0.6690792926707575,0.7169277470717949,0.604014598540146,1.0
0.27993645181861915,0.18940740168430809,0.7640416129387598,0.7179028609066698,0.47828117905912765,1.0
0.5953301037133172,0.43613714570988776,0.35944293610320943,0.3246427446375899,0.476967135822303,0.0
0.49827591993824194,0.5725934422527176,0.3769042358109728,0.480477676909419,0.5747607655502392,1.0
0.7288014231212451,0.5374244468349391,0.48319963454223824,0.2834044502992641,0.40364265008905814,0.0
0.3636298542195769,0.7024319650063297,0.524179177979226,0.7502706263065955,0.7021138197185067,0.0
0.4277284881574384,0.4663465252973096,0.33178899350081326,0.5873407027692661,0.5757255614151504,0.0
0.30061422449961406,0.44526295770211405,0.5281917616489662,0.7559437555485553,0.48755369678343174,0.0
0.6144415479799957,0.4542283027950957,0.7576525818554108,0.4450829061542428,0.362269933293752,1.0
0.6100267394636444,0.6070551946701217,0.6159550823899901,0.37514820012027844,0.5323053819020013,1.0
0.476186214072342,0.4477977403883299,0.38064467008365355,0.39312122340273215,0.6686209967519995,0.0
0.46610800953222725,0.6794019933554818,0.1410462848367428,0.4249233941407258,0.667189082527154,0.0
0.6680099797496113,0.46385631674977273,0.64902609394338,0.5203069961911854,0.2772893165228932,0.0
0.7115829986238686,0.3532292477668357,0.5961221950792797,0.3621781837967869,0.39567981000942976,1.0
0.4899027757577114,0.4159539757160093,0.5378384858125927,0.4658395143045334,0.6481769287186114,1.0
0.7099249281167139,0.5113634337539151,0.4315366073337783,0.33026003035596674,0.31370708622917615,0.0
0.7115964242959913,0.3971080298825026,0.43384501739812215,0.40058134539935286,0.33414242307826636,1.0
0.5992011725086988,0.2934880154999139,0.5966843131791585,0.41742890689882306,0.4461940767645724,0.0
0.43406988062339874,0.5378077844275789,0.38313289314248317,0.48063804805406807,0.6530925854782943,0.0
0.6031169935444893,0.5175354661563424,0.5637882548095926,0.5266130187004211,0.37205322529947965,0.0
0.2312639151497522,0.4547958801609424,0.5912413252379687,0.6606217245625592,0.7943893409702093,0.0
0.4407804790727336,0.5012985932401833,0.5240787418922158,0.6477089836478709,0.4375021827960745,1.0
0.5670892024031954,0.5422384538122775,0.30807149753445606,0.42744637589850804,0.5561240526665038,0.0
0.7150154954632417,0.3184970789081119,0.3994748164611507,0.4498267418883703,0.1481681975343136,0.0
0.5921236056880098,0.33947069696123244,0.6811413427332871,0.4061384919384863,0.506155484929976,1.0
0.5257224689811034,0.4708812010055926,0.579378527412572,0.43243506400526943,0.6161989662277791,1.0
0.3862812007026102,0.14151100386903526,0.36510947533484095,0.5049772330250009,0.665407920930395,1.0
0.16777167406943316,0.6185612656678099,0.257114762808841,0.7174919098485066,0.9814200398142006,1.0
0.47741018784752914,0.4674846516382482,0.6377092148489895,0.4828975629313555,0.6654952327733734,0.0
0.35013034090019135,0.44421992285702405,0.648118929286515,0.6672799908359347,0.4797305556525688,1.0
0.5791163670131236,0.2539507544915874,0.3028779798739041,0.4075560583063662,0.5108484964900639,0.0
0.5441715800897283,0.46661991334787445,0.5847453783200607,0.5681434176236434,0.26331942164635214,1.0
0.33630189861379933,0.3313700901586245,0.2233779571947877,0.6196812623500101,0.573857087975413,0.0
0.45180295588547903,0.4817721488895097,0.34598612038074994,0.5299579025745297,0.4710692208291133,1.0
0.5232342444143611,0.42404566769088137,0.5773017683231061,0.44885592370915556,0.6294572695840465,1.0
0.7242478826596257,0.7368996606422242,0.4120763055071375,0.34413643002376937,0.5272107358642126,1.0
0.4639957037849208,0.3621886496413268,0.6685155546339915,0.5393238637990779,0.46132958474487484,0.0
0.48830959599914975,0.4194872191086361,0.47279315997848725,0.5672441937054327,0.40298344567457134,1.0
0.6382475022655822,0.48290136040271253,0.3666629948097222,0.4501861450786106,0.3090359026298327,0.0
0.5749186068627561,0.6621072275480064,0.37628056010937816,0.5429451015206622,0.5631526560262634,1.0
0.4532618789228136,0.4656095662044824,0.5804476857581629,0.524608379392308,0.6451559389515594,1.0
0.47211152258309935,0.5843283271622915,0.47117484302811563,0.5130373149288354,0.6795917298222331,0.0
0.543328000358018,0.2118727675785545,0.546738419071193,0.5244236661989176,0.350941221667307,0.0
0.5123303610386996,0.5444285298260421,0.34592942258969595,0.36300294968355346,0.6898683337407887,0.0
0.3318468130810799,0.22467446020718057,0.3403487400130891,0.5977247343852918,0.5771007229420599,1.0
0.32266141573712537,0.23240658746337495,0.5632569155105717,0.5555857842435351,0.7036941640764154,1.0
0.3460735503071123,0.4522402962100096,0.47008300556610316,0.724236089235087,0.5918171340760662,1.0
0.5040601470111098,0.4873558026613733,0.5070564450808996,0.4924324866118733,0.5504837076101003,0.0
0.6802072028730939,0.45058808146963913,0.26992036390262236,0.31620464503565404,0.4121118988579611,1.0
0.49522605475436615,0.531145436499682,0.5613162311196356,0.4788410321028667,0.6182813536828136,1.0
0.48380528300198034,0.7559031017657303,0.3556911622723179,0.40650648644004705,0.8592795026717426,0.0
0.6825634083306296,0.33956281684783585,0.5859327920584214,0.36930754030756907,0.36371494429504425,1.0
0.5176357391391907,0.4796593347161222,0.370278693942084,0.5058306366161689,0.5804491321202808,0.0
0.4153522560723196,0.7750491801330093,0.47354319075728807,0.5004453163034452,0.7637079593476059,0.0
0.6450610308678578,0.4598387010501668,0.45061298411813877,0.23906898822990358,0.6767715572940314,1.0
0.4489880399637507,0.6400460005111168,0.5289223531851199,0.48528165182279,0.7577663884329271,0.0
0.5497477092446941,0.3724050422265674,0.4948955788682473,0.37759386007617635,0.5789735619739462,0.0
0.3148879515780759,0.36037893961095696,0.5398358679945829,0.6964589478507404,0.4274307617085182,0.0
0.3245052080419777,0.6518640904795584,0.5414379855760819,0.6770211059881441,0.7156689833409005,0.0
0.7020664347008873,0.47884808539216334,0.4225119389348591,0.3405466937770269,0.4001851011071142,1.0
0.5119678678913864,0.626346881890419,0.561061901028336,0.5332097139093331,0.6937799043062202,0.0
0.5502332710531321,0.20046773129520562,0.5841897399677308,0.44761591110856563,0.37549331191282787,0.0
0.675745404504313,0.6675779601685498,0.40633686911557926,0.386487299178098,0.5219283693640205,1.0
0.8340586925632965,0.5556493263361841,0.465945686756044,0.24087316360720532,0.200961303391192,1.0
0.43665208489500007,0.2911612454608669,0.39460042636738873,0.5154700879177526,0.5798204868508365,1.0
0.4016379319989707,0.33231209028937536,0.5849138517563356,0.6334746126750481,0.577903991897461,0.0
0.5124623801479062,0.49723343179265306,0.5042247954019712,0.49776482717145404,0.5228975308210806,0.0
0.6132556136091564,0.6853630415014949,0.38385538499420063,0.49424238953005534,0.35862466384940456,1.0
0.31502668352334395,0.5459173060579227,0.6302202466191917,0.6825438872819956,0.6477360039115706,0.0
0.8788579228247615,0.46956180650069246,0.27751948784075375,0.09328159454738111,0.3159379038172738,0.0
0.5072576945883354,0.6053584057910721,0.5583922450381333,0.46264641026375336,0.5997232214577586,1.0
0.6389143106476768,0.4066558103875573,0.6987419570133547,0.45068730490563885,0.3071761603743932,1.0
0.6358510197916784,0.6016379510159933,0.4873434330998464,0.4412941378619091,0.42163762092690255,1.0
0.4379118604625144,0.6005860013431674,0.4477521755752396,0.6048712735187148,0.46482642405615904,0.0
0.3027690448753091,0.17413035855437153,0.41186247383801927,0.6511712821100262,0.598513952432508,1.0
0.36816101856099176,0.4909722511128677,0.5327065257537567,0.6638506257338412,0.5129701742744386,1.0
0.8440831944149204,0.45339922381566516,0.24230043997485862,0.11366591254045083,0.379963678273321,1.0
0.5304192166120316,0.5125699071074951,0.4995415578609057,0.5078682092843438,0.4846374812279538,1.0
0.702500531432855,0.4450252289624924,0.530130826103015,0.3811435035367566,0.17575000873118435,1.0
0.5785994786363993,0.4886217081998586,0.6947617720813597,0.48542197657435787,0.5072949044808438,0.0
0.5662232465512805,0.7576979537498738,0.5404044658420107,0.39404765314012435,0.6488186707645025,1.0
0.6249337107438941,0.7265733185149087,0.5981211971981572,0.47743492081674743,0.47746044773513086,1.0
0.6403195309965205,0.6256574685455162,0.6251660435309441,0.33059509149746563,0.5656410435511473,1.0
0.34068538056186437,0.6323019868179415,0.5907261853078204,0.6027291732294741,0.7062829602207245,0.0
0.4538839350644992,0.29784142304423544,0.2715710795907392,0.5520461639794955,0.5265035099360877,0.0
0.569098577997561,0.6215863638794954,0.7163198921770008,0.5578538904321431,0.33189850871372195,1.0
0.584106241818731,0.3884517321510291,0.6105493529972073,0.3811205933732353,0.4890249013376175,1.0
0.46095255143710634,0.24220695475427761,0.8464478023936186,0.6621624330593661,0.21157405790521427,1.0
0.6073035656347546,0.38291265251784457,0.7536983159136119,0.5013173344024744,0.34572870464149763,0.0
0.6749600026851345,0.5748904961993119,0.4771070519092576,0.30509035195738715,0.3890572067195195,0.0
0.3953032523690717,0.5344944401191022,0.6562931308196233,0.5548512271256337,0.6884931722138792,0.0
0.5855316006757588,0.5345122697745738,0.6061820031491573,0.42517254216901984,0.46025128348409183,1.0
0.6732728432217139,0.6609691012070678,0.5660982848108238,0.3421518371087374,0.4256757936646527,0.0
0.6267058994640919,0.6523365763495564,0.4776902291886708,0.3645178842463989,0.5888790905598436,0.0
0.5670466877748067,0.5218383563434943,0.7150693009000368,0.4870271199060684,0.4750942967904167,1.0
0.43102001543952295,0.2113854236623301,0.4756782675746953,0.5855164809988832,0.4622114343589565,1.0
0.44945570087602515,0.5656636494927464,0.35359658387709214,0.48499097912311356,0.6924353019243531,1.0
0.750985108692004,0.46563631068768985,0.35586611545614183,0.18667344425670845,0.46377868194041844,0.0
0.5604636332106376,0.6500632952769243,0.3900872821994855,0.48436094962627807,0.41850312576397863,0.0
0.8034414472874549,0.489504276145704,0.32869005423548703,0.17302041868323842,0.42890633185485283,0.0
0.48325930566899006,0.7786151112273341,0.7949451489369974,0.5377674045648502,0.5592367198686831,1.0
0.5539096676027344,0.5306313481002503,0.3939605512969215,0.3378389988258542,0.5454458142702476,1.0
0.28636958637741805,0.22942606339036842,0.46308649815003206,0.7166714396174003,0.7512747529074845,1.0
0.5037670198364306,0.29838522753611996,0.5843241947293734,0.5388384547094706,0.38701847518597426,0.0
0.7223212987100167,0.29804646408215907,0.4310020281609829,0.4423895300552709,0.13252191527258755,0.0
0.43661628310267286,0.08268205564041148,0.3612718448489247,0.49698158595606984,0.5391986519051445,1.0
0.7688345397791477,0.7945964257484,0.40418073311863767,0.13147856467825542,0.6348487758879615,0.0
0.7811346930555711,0.7675934125366252,0.31756918750445484,0.1775838368796358,0.6133438689623861,0.0
0.3079625423747777,0.29810292465781923,0.6689772366468603,0.7621037257653427,0.5112894212971048,0.0
0.42679540394491,0.4959853559096394,0.0,0.5224247544316849,0.7650001746236861,1.0
0.4938297848536043,0.638367041287539,0.6883857004931088,0.6141398665482976,0.4476390877658646,0.0
0.6513487206453273,0.6322009521036023,0.560587259520369,0.3521292133222602,0.45727831523067797,0.0
0.5908929190767613,0.5133960144776804,0.39561936666947456,0.35655517053752983,0.4783204693884679,1.0
0.3630167485259731,0.7489911386612307,0.4579901767027157,0.6547739053237494,0.6648753186882269,1.0
0.46449245365346103,0.7164639038624978,0.5555881342862882,0.640085626736161,0.5683346139070304,0.0
0.738711806759826,0.5704419971591417,0.30271922605895274,0.36711818780606553,0.30823699926658055,1.0
0.4159922131101689,0.5228962492348107,0.5460953041269512,0.6161215956928894,0.538465232424126,1.0
0.40745572325214535,0.3208149341194231,0.37774174318168563,0.6187934935135601,0.5368979848426642,0.0
0.6635325180966872,0.4762984446597211,0.4557854425991563,0.32196225550559876,0.37147260154367345,1.0
0.5149148029223213,0.27822583041620363,0.461884504979686,0.37924195996448934,0.5002226451995949,0.0
0.5063335608238888,0.37671981885070044,0.6152876683924394,0.5575632177324666,0.415896867251074,0.0
0.6296505968830065,0.7981207543132909,0.4546871253895948,0.4635671124602653,0.32468218489155876,0.0
0.6840715588324141,0.40325628941096764,0.2060786511757502,0.3408817549185258,0.47465773757552476,0.0
0.32153365927881766,0.4609708841726149,0.3222038269389025,0.6952933932815947,0.619014773163832,1.0
0.6198789451896936,0.7506166089183938,0.4181672682032308,0.41078495947764837,0.5154541962071736,1.0
0.6045334019534353,0.6873183603848829,0.5173057857665865,0.3860434147598729,0.6320635280969511,1.0
0.4046631834506215,0.396662288495712,0.7110988355893655,0.6652911022652426,0.5850897565745818,1.0
0.5105357961982973,0.49181024492003406,0.5951259338936155,0.4217947249348493,0.5884512625292495,1.0
0.5072934963806626,0.6068768981154055,0.6146024350891289,0.4755978120793838,0.7212875004365593,0.0
0.4912565310300847,0.35412370214966216,0.3937774984286612,0.3651192760388328,0.5723727866447805,0.0
0.46401136706906393,0.3239143225622404,0.5252936945576601,0.6278473037601306,0.40109750986623827,1.0
0.3972634004989875,0.5869819742183182,0.4394807778288958,0.43289183539047515,0.7968559005343485,0.0
0.5584721585124356,0.5169530307442693,0.35516306284707144,0.43145279074429405,0.44385411937275177,1.0
0.6654367259260917,0.31724900302509823,0.4554193368626358,0.43302070506028245,0.2318435022526456,0.0
0.6619975162506573,0.47114270261917646,0.4461889364790348,0.43219450728829584,0.3387044668738868,0.0
0.3864691601123281,0.48753409921608953,0.66326857905616,0.5868166327787165,0.7100635630216884,1.0
0.7201150132578513,0.458754063675643,0.5043009324356723,0.2700020046393082,0.46618412321447283,1.0
0.5109072397936922,0.6024878312601407,0.44468887492143305,0.5846530542111745,0.5785326371669054,1.0
0.5522493594835591,0.6736935319953168,0.38067706882139873,0.45507030556430605,0.6436803688052248,1.0
0.7804745975095378,0.25905300756571714,0.448562144018869,0.23305650219078444,0.2763245206579821,0.0
0.38878956377753665,0.3422907541349943,0.2830418526894192,0.603970617715284,0.5262983271050886,1.0
0.40029760239872014,0.5322954492776019,0.48975227925120035,0.7134797674618404,0.5600312576397863,1.0
0.5315290721741758,0.34786549307912207,0.3651175750192772,0.4681319625418827,0.48727429888590096,0.0
0.6817869569595328,0.42208440558900273,0.5220262818560589,0.31329219049800977,0.5752278839101737,0.0
0.4789765162618454,0.4866574744887347,0.4393852015525475,0.5693676794868124,0.5312270806412183,0.0
0.33397254450050906,0.7161340552362727,0.4328082577902765,0.6072095420831067,0.8691413753361507,1.0
0.24355511797809382,0.6181541552012078,0.6444141336253539,0.7051834244966925,0.7955724164425664,0.0
0.6106801221736163,0.3350162547025717,0.4181235299072748,0.3045333486067757,0.48064296441169285,1.0
0.767568051375572,0.6202134804081804,0.46090444316289436,0.2715541682178757,0.3439213494918451,0.0
0.5602779114129401,0.7621256515253271,0.4588163445152177,0.4392436782267534,0.549366116019977,1.0
0.3327731844575469,0.4791660475814073,0.37807707011734826,0.7507374208883417,0.5073123668494395,1.0
0.4911894026694712,0.28273079003203394,0.6881913080666378,0.5235688307225294,0.44827209862745787,0.0
0.4074154462357772,0.27817234144978875,0.5911489888353949,0.5792319367679488,0.5016894841616317,1.0
0.5185397343954532,0.318684290290564,0.31309168194807135,0.45775652223717755,0.51219746446408,0.0
0.7328805898345286,0.6256218092345729,0.6954794041224154,0.3649245396489018,0.3717694618097999,0.0
0.5106499144113402,0.4936615574798377,0.5051773182916793,0.49629141727999093,0.5340254252086754,1.0
0.37738221769727354,0.5574055474001391,0.5515253325730429,0.4970002004639309,0.8149207208465756,1.0
0.48055627034828435,0.5428951794554824,0.4871636201053607,0.5630630888627969,0.5864911116543848,0.0
0.52654814781665,0.5942118995120618,0.5379939997537696,0.48962026403963466,0.6137324066636399,0.0
0.5449077544444569,0.7246833750349165,0.5517553636110337,0.3809831323921075,0.6105586211713757,1.0
0.4739284635437062,0.4200250803820301,0.6724163626585108,0.5688579283484637,0.45332745433590615,0.0
0.6730468444076482,0.5816033614843783,0.45822020774070643,0.4006443483490364,0.3740046449900465,0.0
0.49746366677481796,0.5059372752720509,0.360510474511913,0.39077293164179966,0.6974513673034611,0.0
0.22573030062317495,0.5867650467434135,0.5937295482967984,0.764378991380051,0.6190235043481298,1.0
0.11811682572358784,0.32561111144128996,0.47822966817212803,0.7940376299435838,0.7661046694373626,1.0
0.25828084268468693,0.5808842320470228,0.567745760625166,0.7619791517511958,0.7909317919882654,1.0
0.4750897841823207,0.4246637624138977,0.5730202751300809,0.47676336664852953,0.719309887193099,0.0
0.33431713675165864,0.4744293024444458,0.6454978714029301,0.6727497923766432,0.5612710858100793,0.0
0.7272999854555219,0.36082468099774756,0.32096457522014943,0.2621252040436439,0.41420738308944227,0.0
0.78098029782616,0.5467969023945228,0.4019743790781911,0.21479280620865437,0.49137795550588487,0.0
0.6484331121826786,0.7192750462085238,0.6920240787418922,0.41851427589564427,0.48791167533964314,0.0
0.5686577684295321,0.4868565723081678,0.3129102490166983,0.32590423551648107,0.546022072433905,0.0
0.581743323525134,0.8407544321551894,0.47767240988291093,0.30363555657378516,0.7377370516536864,1.0
0.4938096463454202,0.37964982556653737,0.4792664277799737,0.47391105129012867,0.6261874410645061,1.0
0.6385786688446091,0.44900421374190985,0.35346212911544966,0.32780148343308807,0.4463075821604443,0.0
0.46637652297468146,0.7160449069589147,0.6878608409416369,0.6603167330106819,0.513061851709566,1.0
0.37123773508911295,0.6701038280270298,0.6717943068938034,0.5535482115753603,0.7240465546746762,1.0
0.5820789653282018,0.5725637261602649,0.46362593713348926,0.5295870443025288,0.37314898892885834,1.0
0.48971034112395256,0.5535424553812872,0.5363837824878342,0.5081001746899969,0.6074765131142389,0.0
0.346923842874884,0.42473508103578417,0.35607184744082376,0.5437541166700078,0.7532698285195405,1.0
0.5460422237388259,0.40121182225022145,0.4264791643717561,0.46949225350095947,0.42061170677190657,1.0
0.5574697083272732,0.7968340475100888,0.6009949652361544,0.42411151522094,0.5336412530995704,0.0
0.7368926281871986,0.8214478868886659,0.5679757916631568,0.2265256737019961,0.6330545175147557,1.0
0.6605564941094864,0.3798251505120083,0.5374659003285231,0.267408860505742,0.4726932211085112,0.0
0.6182477260267842,0.38307311941708916,0.4803291063780155,0.4449611959105359,0.36970017113121223,0.0
0.6063481053020217,0.2592996511330746,0.40623967290234375,0.37533291331366886,0.5023923444976077,1.0
0.5670287868786431,0.3503497584081684,0.530318738781937,0.41834531343967474,0.5083077218593931,1.0
0.23409225674360323,0.6042856548535295,0.6293730196271553,0.7655789111944787,0.6623432752418539,0.0
0.6153880578646469,0.42849119512180633,0.6032563971307677,0.397267963000086,0.4693797366674816,1.0
0.4031438448887348,0.48162059681800085,0.40215095219890235,0.6792562788166902,0.3964787133726819,0.0
0.4786632505789821,0.47524352337764997,0.47051228884122676,0.6289011712821101,0.31947839905004716,1.0
0.4838209462861235,0.6110074349663317,0.33332955348059645,0.46700220510323903,0.6161596758984389,0.0
0.5802754500397176,0.688768505696575,0.692636414885276,0.414679687276268,0.48425330911884895,1.0
0.6893948378290689,0.4133983917650765,0.5954159025964348,0.28722328818121945,0.45216184123214476,1.0
0.4242020116132064,0.4058891352022775,0.6696154917804402,0.5057561785847248,0.6075638249572173,0.0
0.5256710039046331,0.3482458590625167,0.37218697959527497,0.5118889429823307,0.32466908811511197,1.0
0.44100200266275835,0.6720799481751348,0.4430009006849093,0.49420659239955333,0.635739356686341,0.0
0.7523164878441727,0.4848953102062892,0.49657383348344747,0.3064893038174061,0.378077742464988,1.0
0.4121256195388282,0.43482072281423284,0.5546145522170456,0.6291202497207825,0.5712770230154018,1.0
0.20754746534498386,0.7261632364390613,0.7122619502744173,0.8380867149689282,0.6683459644466176,1.0
0.6483749342701469,0.43392626843140636,0.3321000213831669,0.40259314413356634,0.4161064156742221,1.0
0.5740660766829639,0.7033056181244393,0.6045102282815061,0.5097196368739083,0.40927426396116373,0.0
0.5283561383291752,0.4439940805543835,0.5609209665191444,0.45012886966980736,0.5789430028289038,0.0
0.6918338349313613,0.43075853297594785,0.2218373972150045,0.2356066897677483,0.5143802605385395,1.0
0.6685805708148265,0.4488556332796463,0.659076182391934,0.49734385291675026,0.308752139140153,1.0
0.6664794531276222,0.506388959877332,0.5537025277495189,0.43874824594060546,0.37466384940453323,0.0
0.4929011758651168,0.4613601649837453,0.14054734427546706,0.41946075202611766,0.6601517479830965,1.0
0.4795515825511015,0.254901669450074,0.4184345577896285,0.4883358629972222,0.6339320015366885,0.0
0.4078674438639085,0.13506558341604313,0.5775496186668567,0.6069117099573299,0.41523329724443825,1.0
0.40724986294626375,0.3985670900219305,0.5314769936563272,0.6226381053294769,0.551631858345266,0.0
0.5220594981036238,0.3002513981421499,0.2731521379927038,0.4961024084309403,0.5551417944329969,1.0
0.4980454459001354,0.6698660992874081,0.46045734058201093,0.608598470746585,0.42989295568050856,0.0
0.5210816616506864,0.694872191086361,0.6332657279672383,0.43633551934476944,0.6818400097789266,1.0
0.695353598639532,0.5493079122067765,0.4119564301774803,0.2444700592800482,0.605097265393078,1.0
0.45391749924480596,0.2960733155432993,0.34070836600206056,0.6175320026346689,0.44705409841790944,1.0
0.49454134547610795,0.6717233550657024,0.41827094416401533,0.4754861250322175,0.6177138267034541,0.0
0.5359573063626498,0.446228730706827,0.3618939006136321,0.5538775451759788,0.4016082841476618,0.0
0.3910047996777839,0.3452385905063028,0.43684676045021287,0.5480268621667288,0.6503204344637308,1.0
0.7164565176044126,0.32737624733298076,0.5743372838194224,0.4097167731034681,0.2570417001362065,1.0
0.3966749085376087,0.5778502190076015,0.7030007710899583,0.5324164494974084,0.7615120664966997,1.0
0.5427171322764346,0.5951955021722464,0.27864534397739865,0.3291259772616628,0.6477534662801663,0.0
0.3556080151262573,0.6512608538027684,0.690170870942868,0.6451917294309689,0.5085827541647749,0.0
0.6713842986764526,0.678350043682656,0.46038606335897153,0.29462899853947716,0.42365015890755425,1.0
0.31169040400085035,0.10042553444392277,0.366348727053594,0.7398336149374267,0.5213521112003633,0.0
0.4118414428122308,0.40772856132510005,0.4413161663221601,0.6432300466794583,0.49464341843327636,0.0
0.5386334903391101,0.3708568338097814,0.445001522740674,0.36749047796328654,0.5197324765131143,1.0
0.6642261778230273,0.5052300322716765,0.4961591296403092,0.4425284229216187,0.3687091817134076,0.0
0.3842024591356105,0.1319424220992636,0.5507947410368892,0.6619991981442769,0.4042101770684176,0.0
0.5568409393495262,0.6955229735110753,0.7534067272739053,0.48474183109481955,0.5444286312995495,0.0
0.4918942504559135,0.2618344338192905,0.26522254692957165,0.49058678656318916,0.6102137393916112,1.0
0.5434152672268155,0.5472872179199925,0.3736805614053277,0.3599358515421405,0.5782925295987148,1.0
0.49161231134133654,0.6348011101932141,0.5303235985925988,0.5510495718663193,0.560533300736912,0.0
0.7136751658629911,0.4747888671631236,0.6113917201785818,0.3592614336034824,0.42036723361156714,0.0
0.5776462559156869,0.3420054796474483,0.5471984811471745,0.5090552421317908,0.3603970942618657,1.0
0.6235956187556639,0.5291663447423318,0.590398958056594,0.3421561327643977,0.4514633464883177,0.0
0.2728007070853985,0.4530337158784969,0.5108989353774777,0.7082891835390477,0.6227648168197535,1.0
0.5267137311061635,0.7501233217836789,0.47477434279160485,0.5279718777742777,0.5574948486012643,0.0
0.6254259853883936,0.3830552897616175,0.3114037077115476,0.34296228414330315,0.3534383403764887,1.0
0.7219834192949285,0.2855151878948526,0.5253520122856014,0.34413786190898943,0.34991094192016203,0.0
0.43744196193821955,0.4896231405155148,0.6890919929759536,0.5016710100518343,0.6252357419760417,0.0
0.47649276691914394,0.3890995429664981,0.424551439475918,0.4548412039290931,0.590638424195858,0.0
0.12561506360412167,0.4118858426592337,0.2564522086219521,0.8603725765342651,0.6893837530122586,0.0
0.466235553417393,0.48944484396079857,0.25999825046816183,0.42387668604484674,0.643885551636224,0.0
0.6794710285183652,0.48479427549195,0.48804000596136776,0.3649789512872649,0.42122288967275523,1.0
0.41145881115673355,0.3000463571042262,0.40812041962845125,0.6312795326326642,0.43691719344811936,0.0
0.4515478681151475,0.42719854510011357,0.5522121858132407,0.5175090924711476,0.6516039185555129,0.0
0.28338684955415583,0.5821560808039986,0.6162887893887654,0.625086629055815,0.7204100164146265,1.0
0.6734988420357795,0.6362958296435852,0.5518606595087056,0.3858357914029612,0.42973579436314746,0.0
0.4328548572962934,0.3832603307995412,0.7238687980716271,0.6948323262407287,0.3648412670694653,1.0
0.3829091193877894,0.7690108701466193,0.6211145813759096,0.5659483375812596,0.7598487758879615,0.0
0.5828733175954621,0.48461300732798845,0.665959294225897,0.4800738852773562,0.5101805608912794,0.0
0.6686096597710923,0.5225307412976424,0.29407686276542666,0.2514261576792005,0.524979918276115,0.0
0.23131314261420216,0.33277863294088283,0.5404174253371089,0.7880079612818237,0.6633124366989139,1.0
0.585359304550184,0.28350340843580435,0.42616489661562784,0.3787379363670209,0.3131526560262634,0.0
0.2652107271120261,0.5936948395033848,0.452435413116305,0.7666556888799795,0.6489583697132679,0.0
0.23050088945077818,0.4629975216778895,0.5663590946496724,0.6757438643718321,0.7275826843153006,1.0
0.658276367460646,0.8405345330710394,0.4987915270821049,0.3637675763910766,0.6126715677714526,0.0
0.5518197379756324,0.531638723634397,0.5793218296215179,0.3745496720982847,0.5587128488108127,1.0
0.36449133484745083,0.6959181975406963,0.5914583967808614,0.5739611672728315,0.6841450424335558,0.0
0.35885255255591236,0.3932092785527075,0.5027960110674088,0.7499026318050346,0.5305722418188804,1.0
0.4971638267640774,0.4619039694756299,0.28560945265572457,0.5079541223975487,0.590586037090071,1.0
0.5158478871348497,0.6812087317766065,0.5197697097721072,0.42501503479481095,0.654031187790312,0.0
0.34632863807744374,0.547513060222633,0.6903506839373538,0.6576462670752313,0.587241993503999,0.0
0.51233259865072,0.4203787018822173,0.602243936576231,0.5776797731893812,0.37998550623406563,0.0
0.6573432832481176,0.6209860988119507,0.7158193316788377,0.3241244021879207,0.47311668354695635,1.0
0.6755910092749018,0.6554656808848265,0.3370132899622231,0.337498210143475,0.4333374078860057,1.0
0.4021167809713474,0.5411270719545463,0.7059636356567548,0.6957186631919586,0.5404166521146929,1.0
0.5381703046508766,0.7010026209593544,0.7433566388253513,0.4665110684727513,0.5729796039534804,0.0
0.5055503966167306,0.5785455755709947,0.3595336525688959,0.5186087803201697,0.5625109139803723,0.0
0.5827950011747464,0.43184911356896216,0.4194356787859545,0.39119390589650344,0.4168223727866448,0.0
0.3452836732638928,0.5313118466174173,0.4851824372922431,0.7372461983447408,0.46596147801487797,0.0
0.5064700551571364,0.5029151486696106,0.5419336862635832,0.4747959563561386,0.6471597457479134,0.0
0.8509034358532575,0.4850409190593074,0.4566488689600653,0.20025344368395437,0.347867844794468,1.0
0.4931920654277755,0.3339821346852174,0.31132595074095915,0.5382341991465965,0.48652778262843577,1.0
0.4907888701178103,0.309133538176264,0.3255263174946704,0.5673945416535411,0.5297558760870325,0.0
0.7406630044416599,0.5267058522872476,0.46897172886144356,0.1916564048225895,0.5731847867844795,0.0
0.5570937895078373,0.47288703724615033,0.4555845704251362,0.5066468111916149,0.4987427094611114,1.0
0.6499300746243609,0.683553331471125,0.6264636129776384,0.3910077608178929,0.5036321726679007,0.0
0.8446045580156857,0.5803463707736288,0.23010393515068656,0.20336636215240994,0.44328222680124335,1.0
0.7074255154898692,0.27564350198206333,0.5618864489039507,0.3057905438300067,0.3737732686061538,0.0
0.4957653192512951,0.42988487985783824,0.49045533186027074,0.4810375440304706,0.5990683826354207,1.0
0.33750797149282286,0.19344879025787626,0.3386478062814673,0.711237435207194,0.5055835923584675,1.0
0.30782604804153013,0.4225955223791893,0.47236387670336366,0.8151679601363155,0.4901948800335278,0.0
0.03427797854130077,0.4352426913270613,0.5964526622042805,0.882496635069733,0.8843991198966229,1.0
0.31810116243944464,0.43010775055123357,0.5908428207637031,0.6821000028637705,0.5072730765200992,1.0
0.6785200434096732,0.5687303502338656,0.5009023048462032,0.3886437183195396,0.4362186987042923,0.0
0.3058703751356553,0.5103174272995799,0.6885363546236238,0.6860376872189926,0.652573080012573,0.0
0.42064420850068807,0.8671155777699857,0.48533795123341994,0.5978664910220798,0.6586936402053576,0.0
0.5803291527282085,0.6404828270701717,0.5428489506048845,0.35531372605171974,0.64265008905808,1.0
0.4939864176950359,0.6295354186105945,0.47953533730325865,0.4990850253443685,0.5796938846785179,0.0
0.5743122140052137,0.6196696759162958,0.7812485825552236,0.5413771872046738,0.397286347920232,1.0
0.5369866078920577,0.29973136652422755,0.2749891464228554,0.4978493083994388,0.46247773548004056,0.0
0.38539734395453173,0.3986443518623075,0.1879531773442107,0.5514791374323436,0.7216105542555793,1.0
0.3226726037972276,0.34790115239006536,0.33073117471343316,0.707745067155417,0.49208518143400976,1.0
0.7757935131627527,0.538060371213427,0.4918792563841713,0.3551862882671326,0.35446425453148467,0.0
0.42051666461552234,0.41354697222734005,0.7369676077420023,0.6489618832154416,0.5442365452449971,0.0
0.7584855841845584,0.4041448005753036,0.5192286508517628,0.29966637074372127,0.36786225683651735,0.0
0.4476656112596637,0.39939616900136105,0.5071487814834734,0.6727011082791604,0.3676265148604757,0.0
0.6704221255076582,0.4108012052847099,0.5739177201656224,0.3322360319596782,0.34057730590577306,0.0
0.3152034548729596,0.6124872963704766,0.4277896933135485,0.5119147169162921,0.8134364195159433,1.0
0.2620288428189436,0.35006151231137717,0.6193051118728414,0.6783398722758385,0.7528201725282018,1.0
0.44481489354560816,0.5830327055313536,0.6446279652944721,0.5885048254531917,0.4395845702511089,1.0
0.3371365278974279,0.5811011595219275,0.4416984714275532,0.6809859961625477,0.5767383787936996,1.0
0.364992559940032,0.27377733137603344,0.5230355025368212,0.6568472751224262,0.49368298816051415,0.0
0.29062776205233776,0.4582013443560226,0.6034572693047878,0.8224075718090439,0.49649879509656697,1.0
0.45744397578903795,0.5373026108558829,0.6053444957784444,0.4916549729373694,0.6144570949603605,0.0
0.6386390843691613,0.4927165857398416,0.499274268274508,0.39665511612589144,0.4300239234449761,0.0
0.48395967823139147,0.07536892528780031,0.31962164754061184,0.43614507861049867,0.5115077009045508,1.0
0.45090343585325743,0.5626326080625703,0.6472263440616354,0.49891892665883913,0.6963643348583803,1.0
0.3675770018236538,0.6543364693716236,0.6754521243852339,0.564449153755835,0.653651381273356,1.0
0.6638569718396528,0.45438579808509505,0.5402149332262015,0.48049915518772024,0.3830807110676493,1.0
0.642015640908023,0.7122561051711944,0.49734006363112093,0.40537529711618325,0.4991137847937695,0.0
0.4768731609626207,0.49269875608436997,0.48388000803488695,0.5876127609610815,0.4688296720567178,0.0
