theta1,theta2,theta3,thetad1,thetad2,thetad3,tau1,tau2,class
0.4794448229244264,0.08427764182944625,0.1735443674045271,0.458008438661858,0.46208988283465935,0.9447436449806119,0.5198049918746614,0.07256556180112422,1.0
0.2724769357128759,0.9861527377292103,0.09789806074839502,0.3130931900449788,0.1013417312706063,0.5360764215356469,0.1592191341305887,0.9600611443393144,0.0
0.2433788994934028,0.9944514852052878,0.4640275115104428,0.6702746080107599,0.6859245575985536,0.8872760063926921,0.818284095170632,0.39798663759476705,0.0
0.9664745438608778,0.6216980616168926,0.5124376987498096,0.14035317166084593,0.13637326068187156,0.14787769837614584,0.7547597816575691,0.7827475612276877,0.0
0.21358527366225022,0.3139812697473874,0.7727461579237533,0.3037984589692948,0.9000844286683884,0.2697442286427415,0.6321655068961207,0.43029078567475476,0.0
0.14103888510408907,0.17004083405318987,0.4623852471064044,0.07285926322868352,0.8743511967272879,0.8889415658699855,0.8057952414683945,0.49990748334700247,1.0
0.7276761364480467,0.6130050964253877,0.5252882187294551,0.07750596555826889,0.9608160235105452,0.7025172286448639,0.07837743239301631,0.31092013229047893,0.0
0.5801079410759726,0.7276924539030739,0.5638405745962125,0.9022781203616872,0.6006802583909944,0.5835377035123726,0.7094170590441269,0.7396364678975549,0.0
0.3972909676282888,0.4881848835956053,0.3180270222801422,0.3090765355592371,0.6007128942370402,0.1308252133550385,0.19922246760281676,0.26457429003887367,1.0
0.7945941385830984,0.1686367818667283,0.8826330141309024,0.8171667477991433,0.26710025466573195,0.6659372658718957,0.3791949664569357,0.9362743627186227,1.0
0.16248755791274305,0.6136135455861685,0.7438526514743502,0.7852751850019433,0.3163766675458003,0.6232007288348194,0.22021250885453558,0.029376954518479992,0.0
0.1826548814367242,0.5259270487507943,0.1515518204726432,0.8975351201932322,0.8921878805857046,0.5902734297896907,0.8997066544439352,0.8090089549452235,1.0
0.770962396775775,0.03974484424285507,0.29529293592834105,0.29374687463109045,0.9785853130202167,0.26714083024346136,0.8870452935538982,0.01412754295773233,1.0
0.14069374319531902,0.3680859920243252,0.39698173557898175,0.044826246068833064,0.7644185433162582,0.7663971916300729,0.5371623817659069,0.7855497322851447,1.0
0.23140929320455111,0.8434164579657728,0.009798932713853847,0.9168912510893195,0.17662732145671556,0.50909106827149,0.6886220259177466,0.25584771925613276,1.0
0.06901219908188544,0.7621030147965704,0.44893088321987823,0.9892127850634889,0.5692365493881177,0.2582768596006053,0.9321196716529856,0.559044794729718,0.0
0.2938911208596236,0.8520385436084432,0.8098836194340104,0.3549071442119826,0.8032379535254939,0.022700477329501645,0.23887745322721776,0.7139018356637528,0.0
0.768720433462158,0.3623144853905834,0.47026121820467337,0.4184631872992966,0.8894050777131134,0.8311839533240089,0.22907454477269884,0.9640526961519741,1.0
0.2592445504188394,0.6179576389836456,0.6986519105186106,0.2442113193732417,0.5133613276368304,0.4224647308893101,0.9959114963123463,0.6510296853433618,0.0
0.1971877168743355,0.7517684049234474,0.8896040152966715,0.9564288092361035,0.6213981833243032,0.6913809552108294,0.9422000916704862,0.9687385396037954,0.0
0.3439945307874011,0.8413622783819499,0.5135063645041661,0.09802403732005505,0.7752857493853582,0.3601365132661096,0.6103029292887203,0.0037540090549632033,0.0
0.848199107353194,0.001733496081980257,0.9394397092634855,0.38370046331728813,0.6853111098257245,0.5809863041028265,0.8350531272136339,0.21776336407219965,1.0
0.9975723338915028,0.21753066270519894,0.9981603454963486,0.11295630386080058,0.7214615446254069,0.9914403295674745,0.22615942330930455,0.9774484407193296,0.0
0.4389451656787278,0.4857558653490326,0.5259034709351037,0.4158429841188151,0.8543364018104138,0.5976965508751748,0.6393666402766782,0.45534362851980026,0.0
0.8471862312519765,0.9826541550547205,0.34220571762709506,0.601649796859311,0.41634503996166483,0.32508945948641976,0.6717221550897954,0.2317767198095657,0.0
0.09783963980024746,0.20392816052439183,0.5612591153633703,0.5250449986802156,0.0389321763439468,0.9104330666881738,0.9549489562065087,0.22668663692798036,1.0
0.4998647022494445,0.24102285294696985,0.523934876124447,0.33647260750937447,0.004155631063169685,0.5846121724328948,0.7660269177882412,0.1474440399271869,1.0
0.46377522109244185,0.7579720909785466,0.0737302430816627,0.2044567594848729,0.4237692969389699,0.06683966058455354,0.96487353639735,0.02276409753755676,1.0
0.05861443430684049,0.023390251115357308,0.641452557660991,0.07930299465056223,0.16443955761712686,0.7275727826675694,0.11761240051668814,0.7047660245510858,1.0
0.9442976508065868,0.9369718876312267,0.16349073778794676,0.5180386013733717,0.29333576023744035,0.4821882236083903,0.6067094462269261,0.6169535516392951,1.0
0.6921954951685438,0.35907181239802766,0.01334903610487781,0.572505242661269,0.629255727590981,0.7165760575427188,0.32632859702487604,0.4514279236929314,1.0
0.21872711876277373,0.7201009091164903,0.0711729269927247,0.23345036748369502,0.6734515617711659,0.30994342722157725,0.15220800866702777,0.12954748521400516,0.0
0.036586634067867496,0.8471090966335133,0.02358015762554566,0.49414798298472895,0.8014620859028534,0.18340998762636285,0.8494095587316138,0.5037223366872704,1.0
0.9393014497551907,0.9769660048941399,0.8184629254167877,0.518381877967028,0.06201765944202786,0.8020401113839584,0.48924705196049834,0.5013219046094963,0.0
0.35213972066055016,0.7213438231526055,0.9446357913883794,0.6967480246342075,0.5811701250934632,0.7684132136861341,0.41445810242093417,0.5706460496222654,0.0
0.26880399971985414,0.2629164040760784,0.20018884714100077,0.1839843164511461,0.3773539598955865,0.1854016019933653,0.31729072044668527,0.5471668233615384,1.0
0.14200215203010302,0.35876758781763723,0.904959850747615,0.9913255012859608,0.07790866314553302,0.8054290659495759,0.4380865869411225,0.689064865009035,1.0
0.20942897982312608,0.4669565914529351,0.8125314059852711,0.8458356490354962,0.060337842032953115,0.5776902048760196,0.4484870202925122,0.4718315963540104,0.0
0.47710815118542055,0.8150726024262573,0.010819046871128168,0.05879712592069891,0.5525728986627794,0.26778153208125427,0.6514704779365807,0.8773220846419022,1.0
0.012841878845374355,0.8187031219388397,0.979212222479867,0.7138107813787038,0.3285474501321619,0.11910448188843353,0.24038501604233503,0.053547138484927315,1.0
0.5486660702954054,0.3487483521168562,0.6465329649425632,0.44853649833998976,0.2829949730183806,0.7323073437430359,0.6810933788907871,0.7243670527361592,0.0
0.2418553407062649,0.38876476856367237,0.6756495964911257,0.7174719562388664,0.8540129620028539,0.15997409601348156,0.025667736155673082,0.45595707227300913,0.0
0.6500645715146769,0.35027159875060854,0.2263923828646291,0.5014422126749709,0.3862455032845458,0.5829659799262676,0.1028442851785491,0.4976962519920252,1.0
0.06347560289738813,0.717666847006892,0.19459453579632308,0.17900547942661665,0.7011912349138811,0.40048056617348987,0.5666269427892828,0.969772892453975,1.0
0.8531624124809257,0.40838167920287843,0.11746196658907254,0.06238667428914024,0.8784351881284058,0.5118952995035688,0.8090362098420768,0.9739569789228728,1.0
0.32827611564933373,0.6947732836663256,0.7242752148607152,0.8103808009168191,0.2258066227948914,0.835210691416771,0.8976990707946164,0.06540593973581915,0.0
0.0637024255968488,0.5276682433605506,0.3937234723889986,0.2960471461485507,0.6381485976403487,0.13846402412753123,0.562102587607817,0.9355017236435892,1.0
0.811028570640282,0.3527040680613567,0.07679429988331699,0.693536770255375,0.6143796190998768,0.7664316807559168,0.11480145006041914,0.4580966240589973,1.0
0.5691952489796959,0.33935561729715835,0.9044902533332131,0.10015585394031928,0.6039417203389246,0.38275660440229814,0.7282345097712405,0.9994223960312856,0.0
0.700966768750146,0.7632623068930493,0.9152358095355337,0.668119181176558,0.46288985906090485,0.3854252668397137,0.5710304596024834,0.9849081167943563,1.0
0.3253993140669337,0.34657179248804204,0.0933299656742862,0.5513345739749121,0.8478134779145535,0.9979510806239031,0.6349214550606275,0.749829969394491,1.0
0.5216810665919611,0.8624328834384491,0.36916246637868233,0.5762865908575415,0.17611735319573918,0.941219386921299,0.3004225176049002,0.06252375427576962,0.0
0.6606583853831739,0.37824114656032426,0.9432914692986762,0.10841332730255959,0.37388049761439923,0.8220302740240639,0.4113029709571232,0.5564376587785802,0.0
0.5444155986103064,0.9203507661627935,0.03074616110746453,0.9105560205382333,0.7105895625788368,0.31422273183590393,0.06479853327221963,0.09589476105699024,1.0
0.7257140537752848,0.6380892891179452,0.7841008642184281,0.10624039177038141,0.856152334577387,0.10782600713553481,0.7111379640818367,0.6649521913944509,0.0
0.3602366278070304,0.7883199529381033,0.7309907231959367,0.6580413337913892,0.09691705347661972,0.19333197852972323,0.5781274219759156,0.24879728351103197,0.0
0.043942321773069115,0.4621808495670507,0.6091357656533798,0.033527299641469666,0.8823796148545635,0.785743734121737,0.6405541897579066,0.42067988904669507,1.0
0.929995086834627,0.5817007587562789,0.8065104773285267,0.6721525485103679,0.2424811521355783,0.008093006029760375,0.7710887953664736,0.21893274122675416,0.0
0.06264100147925544,0.6937961015717208,0.31510198753789276,0.15911108870941004,0.3719096109117288,0.7052936032752997,0.7315096462352598,0.03905953071552881,0.0
0.49335820689625903,0.8992796301733442,0.1649531225044346,0.09082530961877461,0.8007239320516379,0.7813877575276498,0.44110921288387017,0.48505981076593785,0.0
0.13892479142923242,0.6420442086630205,0.2023386481855764,0.30919405606232037,0.5775923873041783,0.6554302863340288,0.814397266552773,0.07731391650497088,1.0
0.30148848748787627,0.5256844123926121,0.07752098198390844,0.9019176003533573,0.5416218476558706,0.2640482168591337,0.9142722613442227,0.6045288151867336,1.0
0.13981218549905244,0.5558512262161948,0.6907536534413531,0.5219517953710716,0.05829027435867906,0.1735946477121506,0.9071536314013084,0.9688202209731085,0.0
0.25662003934776934,0.5104362835330614,0.003603695864305978,0.8165205176738368,0.408294864603692,0.06246299051495979,0.41841576732363844,0.09623315530128757,1.0
0.4576568445805558,0.9363605183392204,0.8970162257845593,0.5106271164633491,0.743016061612232,0.1563790025957047,0.610207091962165,0.39420679055563335,0.0
0.2417152677409839,0.03474584505146594,0.3434906104394954,0.19479885556783227,0.11988313713794768,0.07714527668768556,0.14518104921038372,0.022775766304601486,1.0
0.5939014141002541,0.5277038158682054,0.9901761282144208,0.9494141881468767,0.741307323006255,0.4439652519404113,0.2945131047126963,0.7496290999046495,0.0
0.8755942489436164,0.37783790298474573,0.17078196724703953,0.040344284670206454,0.4428660428532538,0.93799226594618,0.06880786699445801,0.47955548665426445,1.0
0.872131687688223,0.18911194561972344,0.7398520529366287,0.5617978779988619,0.6897418902575897,0.026487383347164384,0.8750022917621567,0.6277488281223954,1.0
0.5540116578908831,0.17769263972960642,0.9683040316927846,0.41293574440484354,0.0,0.7604504704316766,0.6061302554273095,0.8799725617277777,0.0
0.7764231201040785,0.8043520042984331,0.9675696556232566,0.07314550391226554,0.6850030592789017,0.4049416019509172,0.5296245676903204,0.10427710321191147,0.0
0.38190230759598714,0.87952626976597,0.4330892664888387,0.7891040189093939,0.6589946779691058,0.40086127306261315,0.9641285053543898,0.5092383295659886,0.0
0.003829987499549048,0.37194826376961326,0.2582639859110163,0.06788732357002353,0.3181719044104029,0.7874708434236135,0.6640743364306846,0.7058012108846259,1.0
0.6555539461313333,0.5972188670209405,0.41242353123459546,0.5283480410817722,0.550228159057031,0.8695286981363137,0.585990249593733,0.3938283891100398,1.0
0.38162242695513215,0.17949303336329564,0.20047378930092596,0.9725134664436519,0.9316547010742235,0.7233988025375507,0.9794333097212384,0.7226675801644296,1.0
0.0702969971327489,0.3494807741214785,0.9446575467488205,0.06189006394654012,0.5289636500354749,0.5795324547980211,0.40556356514854786,0.08815836850633113,0.0
0.039222287306630355,0.14075271426197394,0.6048449187702597,0.9317375658399997,0.6745619765329693,0.9680667836820804,0.44992708029501227,0.6841281430657519,1.0
0.2004916348849598,0.27384831351803074,0.7892529050038921,0.6815446385581322,0.07914909062735642,0.6484024636909096,0.7185741072544689,0.6485992478646156,0.0
0.024258886674604185,0.68054242233911,0.731776834573831,0.8668200888433781,0.7105818679484682,0.18573216699953093,0.8720396683195133,0.8346644062597934,0.0
0.7025102242653067,0.6998471444036747,0.9343728327548706,0.23946513580515472,0.752065477589787,0.20678379881272513,0.6282795116463186,0.12515586138838325,0.0
0.4581770776959271,0.6783693137744713,0.23700103948173423,0.7676497623724816,0.11320207532140997,0.8160193499914044,0.4005108546189424,0.1713700132690551,1.0
0.2897228889836858,0.8063814955000776,0.05120787353025291,0.7459594036961923,0.5963219136174261,0.35350956038568393,0.25024126005250213,0.7039667140085215,1.0
0.33752782889026134,0.16733705800495563,0.05850281731917717,0.3272030783474442,0.22525207874419384,0.5173424589791643,0.34785949414558937,0.30381885406039755,1.0
0.11355805493831483,0.3554203210339175,0.6932114785526636,0.8217150300234377,0.7034258617057351,0.9477317297835357,0.7360065002708446,0.615045708227481,1.0
0.4092523499362244,0.5003026317815401,0.8180538185167832,0.6465208758062955,0.4910981086598554,0.34926182658655286,0.8687786991124631,0.023331699705947007,0.0
0.35058087834238505,0.5230509849602623,0.8533696665539987,0.08467338982983408,0.41517094550025974,0.5952945159106297,0.2739130797116546,0.5284742920392337,0.0
0.7461323413620611,0.7713919522245294,0.4417579816968438,0.4580201111271755,0.6584457058921234,0.17542177547897436,0.6125005208550356,0.9353300260713595,0.0
0.20467207008741833,0.5236366040041901,0.6855973677075103,0.8764546478297837,0.6258976847653217,0.29733181510432694,0.22150422934288921,0.7353365272415702,0.0
0.8027632045298749,0.44924334090620693,0.33990071065742045,0.872464521674309,0.5687204784892628,0.5855619498984428,0.7267936164006834,0.7881118601348243,1.0
0.9784810254189986,0.3914449180956284,0.6848897878746233,0.985588219299095,0.6605590759226525,0.6851970549470141,0.023310137922413432,0.8246984457202297,0.0
0.058357103291078016,0.7026090576099415,0.3147422281627916,0.11186678533673072,0.41146717497217994,0.3629112960907372,0.24080503354306426,0.11390550299053825,0.0
0.22221249493296663,0.2931588758450461,0.08371993316328774,0.07011729501227604,0.79501478165027,0.85368518962652,0.3502879286636943,0.11811376047688582,0.0
0.4788749806338514,0.5052493340773473,0.8940625376407532,0.8777611680954382,0.5804006620566102,0.8376424400897355,0.7601375057294054,0.16800524094336983,0.0
0.6712943803150793,0.11783207334095391,0.6795225812682102,0.7975670868312041,0.8844102012756105,0.9051485367059808,0.15253135547314473,0.5582371493535503,1.0
0.6981095986060618,0.7457651460569998,0.07274063949086085,0.5770025904914505,0.21052376022258174,0.04638283354168299,0.2030142922621776,0.9869951591286432,1.0
0.22374242067307187,0.0029140254964620804,0.7686402316043836,0.31139564219118704,0.576228315072295,0.7358581318991517,0.34949872911371305,0.8465615477452608,1.0
0.35475017137715076,0.589965791990027,0.6054087009768157,0.40653313189487883,0.3984826188913258,0.19475637942707724,0.5177907412808866,0.21743997252838843,0.0
0.5005470273757755,0.7064710638887546,0.17585229277621212,0.2411067088820829,0.3420082772996199,0.2936674781338942,0.6468494520605025,0.21708824255032572,1.0
0.5827430637353216,0.010292400703592275,0.6767339154926288,0.936325375276392,0.7771786284560167,0.1661959343157251,0.5774923955164798,0.5870740066545311,1.0
0.003557004391075258,0.7851277185758041,0.11907770006574359,0.2100879281506703,0.05467645140628652,0.4508280573814158,0.6195374807283637,0.19752222066638664,1.0
0.9485316745298535,0.09311926824697087,0.6572758680521471,0.9707113969686076,0.646022857828172,0.44379413281603186,0.4206133588899537,0.021389683476359056,1.0
0.023585050818896336,0.35831151641352665,0.24815543727478556,0.20543061448897815,0.790507585578883,0.12555633612995926,0.6599258302429267,0.9758656558180473,1.0
0.9289511718376937,0.040856883306777836,0.9734449294887544,0.8020877795920207,0.8602368566426684,0.7395588151022046,0.5374765615233967,0.06026751481933412,1.0
0.9705926359821979,0.8260432699735647,0.2486998519043634,0.35435296739270283,0.4916969631681924,0.4131688502705009,0.7843968498687446,0.8848759443366473,1.0
0.5203365783570291,0.27146761016991444,0.8052823607006925,0.037932594165624334,0.9165315684150812,0.6210671784499208,0.36745697737405725,0.6597129149913652,0.0
0.876185844990163,0.3199425849107793,0.884709059197397,0.7054042188003624,0.05134467645671292,0.4702910669980453,0.6815933997249886,0.1372555393304128,0.0
0.3429636149861095,0.5154737753633306,0.6034838821963151,0.06040580386809585,0.5870376787475902,0.35554733712112374,0.4926046918621609,0.9377329585992146,0.0
0.7142339069957957,0.7140299562989088,0.11736698586909744,0.46576717941507684,0.8542692727937504,0.4701074787281684,0.5956131505479395,0.12970084615230737,1.0
0.23617044757557049,0.8548086862754363,0.3316872661630389,0.8521241897253123,0.7396779186926983,0.06939397830474803,0.8898920788366182,0.8572584731918412,0.0
0.21052993210705828,0.9679709388540448,0.753769381505715,0.42164207711520324,0.3102090233073007,0.9932327029074863,0.34673694737280714,0.44033676061691107,0.0
0.31685433260537843,0.748084526649383,0.02266908557975117,0.1848716890985806,0.28701634604822357,0.3010248045793069,0.2811792158006583,0.650207037266708,1.0
0.9432157993815566,0.7596049752664884,0.49524910683633017,0.30969093168822315,0.9258112926395289,0.541739535999219,0.32098170757114874,0.5790225573936643,0.0
0.9424249707650743,0.46673306868095543,0.059657973896751204,0.7394864911110197,0.8197673462175055,0.7567619910731531,0.6236893203883496,0.9799972328352438,1.0
0.47290622751669736,0.20400196020445166,0.8025910634285494,0.8128850752940333,0.30992352598742007,0.19719157701262618,0.4370823784324347,0.8106209117641175,1.0
0.6572175778837521,0.5538445651314032,0.9924771555449903,0.6114273435458562,0.7316736457848549,0.5786813692925803,0.10400350014583937,0.9850048008641556,0.0
0.0007430764692274994,0.49665565334750567,0.5733176871611005,0.15608075754299916,0.4458313941980364,0.7647711619970159,0.21162298429101212,0.6758999953324932,0.0
0.3354354889713763,0.00760800370803566,0.5961114680994782,0.17507238918121637,0.6055979231927303,0.21051180801548508,0.27540064169340384,0.5295686556913578,1.0
0.24148446569591858,0.1573377322898023,0.13015409693233498,0.3383789333223683,0.03985075601070026,0.3443176777463426,0.7869736239009959,0.19110439879178254,1.0
0.7925251441584268,0.3990685843256912,0.7119460276038381,0.6329473903418308,0.386394885246528,0.09346102092057312,0.32068502854285597,0.5953888366572649,1.0
0.4708940050893178,0.3857692448593744,0.36537968675464677,0.011573514645627947,0.9393968258853733,0.8102861960722723,0.057249052043835125,0.2132367159422029,1.0
0.43930065388606976,0.46084847332884865,0.23404522886373874,0.09949078870052303,0.4252851391215704,0.5399946515324845,0.0007750322930121789,0.09092886719609528,1.0
0.13296930279742697,0.559112481862003,0.46370383419656125,0.23146233441347852,0.2622300843066156,0.836320180065073,0.5407450310429601,0.9945665219739552,0.0
0.8113259604017973,0.3477316155174711,0.5709537815326704,0.4339021449481437,0.3466529153893138,0.33306254947863057,0.6552731363806825,0.7906073093156769,1.0
0.9946506983486246,0.12171744066957013,0.9316664128541282,0.7654606445588406,0.3230794865930352,0.24449951502983047,0.41314721446726943,0.5485929133910771,0.0
0.7652289556287049,0.6882720096927119,0.5410276913901304,0.5623753997487767,0.3915863727565509,0.319455262828363,0.9902454268927873,0.4291514139211725,0.0
0.22132191738666296,0.3251743982007744,0.7486462594310814,0.3353913127676874,0.831219874858777,0.18435419377158224,0.716859035793158,0.8192833043281125,0.0
0.4177323354195716,0.005412065026543955,0.7173670919928069,0.727472606182958,0.9216800721278731,0.12680961790293382,0.7189657902412601,0.225310555900062,1.0
0.3653240885176248,0.284403526031908,0.04843035074416602,0.07207482050268532,0.6876338268686941,0.6065780313819209,0.8872211342139256,0.9754155748034647,1.0
0.6893041026522604,0.769951796597463,0.2579679007615968,0.08880013688618421,0.7667067671886103,0.21503014880200694,0.20202675111462975,0.3859052962866649,0.0
0.6679551787734277,0.001640317349242859,0.37548956193724586,0.897535385476535,0.8967051592761953,0.4875605682110013,0.8839768323680153,0.4500701792989405,1.0
0.1466025408386975,0.666804532256035,0.023853691486702966,0.09034859552387486,0.7875276409696084,0.05458673537608005,0.06425267719488309,0.9159148646756416,1.0
0.48280312532497993,0.5217825861425438,0.5522746821196938,0.5551909973458405,0.6542139245215134,0.07250410155296577,0.15107546147756157,0.09200739466437291,0.0
0.0027086079081800607,0.5300176216646127,0.8495831726001317,0.4542915543081345,0.9979041418868613,0.8685091465161738,0.4523480145006042,0.3688030512158855,0.0
0.4247784300367373,0.41468491518611583,0.9731371707312931,0.6267437403088694,0.12994373367876028,0.11926180536247538,0.8820542522605108,0.13473175171530877,1.0
0.373973063544313,0.6302288267921509,0.7750774305115216,0.4791915756634404,0.4538537096874335,0.557567657052867,0.3038026584441018,0.8688047181826062,0.0
0.3941435705447778,0.5972053282307137,0.1850004218417451,0.961030148120932,0.9489132263266737,0.7072196883031987,0.09942080920038332,0.9726917511818794,1.0
0.4090438322265447,0.9961921488820941,0.6957178552610563,0.9397706095281804,0.6764269957350522,0.3029185228891063,0.10533355556481516,0.33809502377094547,1.0
0.703740637926241,0.37424534517809344,0.8370069824094646,0.1285162306956657,0.211312592501397,0.30378499585069285,0.6661919246635276,0.2883218979416295,0.0
0.23684136524450167,0.131358652109901,0.84071176110704,0.3836999327506828,0.6772009694172936,0.30779369347762875,0.02790532938872453,0.05619761557080272,1.0
0.31018866342801,0.7321053031175851,0.6723937210846055,0.004219596212285015,0.356113330761381,0.29198467409367884,0.36737197383224296,0.22953881698705764,0.0
0.5480407824560733,0.8407779866703973,0.6999325583826322,0.760929340465917,0.1719322702715037,0.6213576830099138,0.24702112588024494,0.5767738192874717,0.0
0.23051845036854052,0.8737951140364336,0.18323293146053282,0.2605655044163038,0.354994425372964,0.49151249143077874,0.2926913621400892,0.12454241763517432,1.0
0.24186011592099038,0.468852287551162,0.6495283066423361,0.7818973327090333,0.5515274902609859,0.7050646485398896,0.8833843076794867,0.48716352276743147,0.0
0.8991777080242709,0.6958237345080401,0.3655234843809777,0.4286070902268305,0.3597345830120604,0.13501484624217097,0.6015633984749365,0.12084841938215546,0.0
0.6188580127041935,0.9232557657991045,0.8192158731354727,0.17264902621131673,0.8811386567085768,0.9354122140320866,0.7145606066919454,0.19209374354050396,1.0
0.9044222202413925,0.8335440252256863,0.21427862673797476,0.9484047851802135,0.775822250854502,0.37677380227224977,0.19140047501979246,0.8059142312282879,0.0
0.34317239798549615,0.022341393072493054,0.026986994008786014,0.7403213376645253,0.8466791832653995,0.9360438956369664,0.32964540189174546,0.18259536716608987,0.0
0.17859807123771443,0.35329446550183513,0.9897083879649347,0.08826161178176206,0.7146040369745563,0.7678237149351711,0.5079136630692945,0.2221916611656765,0.0
0.03755759439538359,0.16364495027016523,0.05348104338708676,0.9407492396317337,0.1229182708202104,0.07239691996188152,0.35361723405141876,0.07127616304268097,0.0
0.8698666441700995,0.12512337554427255,0.13021113842617477,0.2970114509537598,0.8406675542909239,0.9291168873616986,0.9243385141047544,0.7845870590039541,1.0
0.10009035767419461,0.030544307151082806,0.7866186492255887,0.4149017589609384,0.037149940751346144,0.9640604737638567,0.12847951997999912,0.3357571029451968,1.0
0.8957703270279276,0.43407379012326663,0.5855319955024771,0.4004228615844576,0.7147666855406221,0.5029875542009878,0.12332513854743943,0.7039108706233789,0.0
0.9607960176831507,0.19245310667451732,0.8510750066459973,0.5231134709534679,0.580820948073981,0.8993540982632338,0.7802283428476187,0.8279198589079368,1.0
0.8620488217953535,0.7447088549528345,0.331428854930481,0.511188455931801,0.1737890641790546,0.8219543979472073,0.13553898079086624,0.9762815640148561,0.0
0.6731949157758239,0.05527834956306871,0.1660780338248099,0.9941595228083951,0.7034571708913725,0.47298466772645564,0.9469686236926539,0.110996646062958,1.0
0.05108445126415856,0.4852533373117909,0.08664496790553716,0.21886960131898864,0.6353525281636738,0.16037284336843083,0.7272686361931747,0.764781827395598,1.0
0.08702934953086172,0.5379433887432657,0.952234248986386,0.38265710408788306,0.15394753111151321,0.436304155886604,0.5568232009667069,0.2079007554693178,0.0
0.13327703885751396,0.7326274756739795,0.44088007331025847,0.7059790877172505,0.7139096629168168,0.1027088820641689,0.7231401308387849,0.3796216652330753,0.0
0.946070581918278,0.7337334090089764,0.012756335187491419,0.6141587004301569,0.6322452241551959,0.9485992639489944,0.31196799866661107,0.09080717862548593,1.0
0.6023522177158345,0.5413482617520681,0.13397269330831646,0.502632273570753,0.3868297645283908,0.3989720648692703,0.2167206966956956,0.33850343061751115,1.0
0.8746880193046014,0.1474018530621823,0.26739380863666584,0.48249859731453715,0.030325864942786385,0.30407576571165396,0.5509679569982082,0.809658238482927,1.0
0.5410594185274087,0.5177082066837024,0.12680217956874507,0.012586896861831176,0.9703284439706203,0.5333308218175027,0.02084920205008539,0.47211164676308404,1.0
0.7713672288686138,0.8422091164373124,0.7347504209131627,0.8344748915986104,0.13880529454249052,0.010996725124850615,0.564196008167007,0.11374047328519132,0.0
0.2867564194803293,0.9542078294558414,0.6214702590957305,0.29867902179434974,0.8658228929581396,0.5961891107748274,0.3095587316138172,0.6132562194528348,0.0
0.8556309332042964,0.8955097407613684,0.858008068585631,0.025569596411247508,0.15199521765455992,0.6313420196407613,0.02709612900537517,0.45064194888413245,1.0
0.4543245405712855,0.9369357841906218,0.5583221417038056,0.17469780915784489,0.31135419657180335,0.2328459047081371,0.5851710487936997,0.6272395697892288,0.0
0.162348015526876,0.270967205864473,0.4045605602907365,0.40154315297163723,0.5425059341520067,0.11833272137243372,0.26846118588274503,0.9052137718122595,1.0
0.2265534304081429,0.24297323513905394,0.2793247666737593,0.9689631800040057,0.26863122077698787,0.3876150610298347,0.37066544439351634,0.585449547585232,1.0
0.19525799954582407,0.3217352800166925,0.9914729599441365,0.7411214321053812,0.2954133104369435,0.39186597844058213,0.804561856744031,0.7799503910703927,0.0
0.5642364537769826,0.00517367613196229,0.7138888874149485,0.28189720006738195,0.8419581295361835,0.6143545333568213,0.5646351931330472,0.5000633447353857,1.0
0.8930662290447661,0.9961095888083581,0.31123749265756584,0.2203581059302756,0.6509766077930155,0.6811435214564812,0.908741197549898,0.6476815826848833,0.0
0.13773682412141358,0.6775129189260075,0.8548670720946114,0.2466145208121383,0.9034050596705319,0.06256672319345957,0.16239426642776777,0.31929413961179676,0.0
0.994954985642521,0.23366890065554285,0.0216571960099608,0.18204509550862102,0.7847249381908916,0.9606357035675552,0.5763373473894745,0.16300517426470096,1.0
0.618255805069368,0.8013639136554361,0.7870309398368772,0.3431023025264256,0.4172936021536474,0.2637624877165652,0.11261302554273095,0.6722976802491115,0.0
0.5898228501452727,0.9874694514453852,0.21123208034838292,0.7550798436420214,0.8721545124231134,0.9800960601745045,0.5953389724571857,0.5134407526688137,0.0
0.9428067226534065,0.8836733870389709,0.07756422739551722,0.6305895523476909,0.762061598434753,0.16437092895664557,0.9107554481436727,0.4964501943683196,1.0
0.2960121120668615,0.4943429094169984,0.7323456576565869,0.42267323331268547,0.639893686741515,0.4613077109195756,0.7206608608692029,0.7055469984597228,0.0
0.037962161198515254,0.9657099608861694,0.784567277921546,0.9455553772262243,0.8924293327800275,0.6452573207149119,0.8638843285136881,0.771722243337134,0.0
0.09318858065762142,0.045916143387999875,0.9392579724110193,0.3314271843758746,0.2108790398799425,0.01644998652271079,0.20087670319596646,0.0606784221159809,1.0
0.291822922304073,0.09636353403837689,0.1409158370003497,0.1750620431324122,0.43274335860532964,0.85625356829802,0.5098962456769032,0.5346562381228621,1.0
0.57627477009994,0.3112520089175498,0.9363936934924411,0.2014821378120229,0.43366777557788,0.38813239791749354,0.06347931163798481,0.9221784921285832,1.0
0.6539531880394667,0.6993825780723629,0.13287006796692974,0.9777002855774753,0.09990389672001782,0.37935995610860784,0.647726155256469,0.9514946023617585,1.0
0.25207934072324345,0.2037999402169498,0.40768669946243036,0.9296086673360648,0.900690181810849,0.44680768651188657,0.05802908454518929,0.32219799563921503,1.0
0.47777031429402167,0.9429865615561007,0.1733926104999859,0.9077657707607396,0.8216212214721579,0.9056573839626627,0.7051243801825076,0.6062132850579771,1.0
0.36365170220487586,0.17744044657832292,0.732314616471567,0.9005272505640586,0.17546410561065912,0.9630809825898894,0.6665561065044376,0.40987961166343273,1.0
0.9993810791136353,0.6156568410445149,0.05557194577290692,0.07449128610671552,0.299988431521239,0.26061230402217495,0.17983582649277047,0.44284471204816866,1.0
0.03346205189915602,0.3412444112670343,0.6259789248925365,0.06461850271451142,0.3827988395436076,0.6688099447537265,0.6497554064752697,0.05282784234495541,1.0
0.25911084440652576,0.367429758898038,0.3752895187448961,0.5347373894266034,0.9237432943949659,0.793216997090179,0.22311596316513188,0.8184706580517827,1.0
0.9174834936744323,0.32850255139829154,0.6416512743069724,0.4177981220595004,0.7127292004854515,0.267366070765319,0.669809575398975,0.09404942889720147,0.0
0.9960792834206667,0.13059915252482507,0.08881334059926993,0.6562947085266033,0.7463974536610786,0.9711535604451114,0.31944997708237843,0.8473616917711855,1.0
0.6975511637728866,0.3627671057305185,0.0746612133229827,0.8472774637855132,0.28933826709494803,0.3144837879884456,0.44978040751697984,0.2193961579751022,0.0
0.5784541250427117,0.936364234869871,0.957455270183005,0.11385190029061792,0.7717167675547685,0.3940857516400906,0.10602608442018413,0.9781894074266702,1.0
0.9208147365248747,0.30931728924749274,0.44645793547996837,0.4354519300023478,0.3914682999802062,0.3359662685737208,0.44780865869411224,0.08304828202409764,1.0
0.6578500285451725,0.18590537606777247,0.8922459650439113,0.354159310581753,0.23660776117565457,0.32091415285156094,0.5084636859869162,0.46033202643142435,0.0
0.14590562477848312,0.9569915109130613,0.37070470918654586,0.49476423609683373,0.15911513873418553,0.26375452868752425,0.9798899954164757,0.3967472478379442,0.0
0.5547491632762642,0.5752472687481716,0.42844157863262783,0.6895052599046837,0.8619612498414642,0.7113567915986612,0.6208458685778574,0.19849489574790125,0.0
0.6195368890643338,0.3321516535641263,0.9221688714751672,0.16739774323494422,0.6298880139416089,0.3416885451531636,0.605976915704821,0.3040772339021024,0.0
0.2048277951454106,0.14163300109319094,0.3894880751440762,0.12571351260294655,0.11008893400713526,0.5111078862304553,0.5793866411100462,0.41754432464510277,1.0
0.9629560064773135,0.4896337996163478,0.6479794311026307,0.7518834451281384,0.15493377045909346,0.0064667110957354335,0.4395466477769907,0.2198187340387936,0.0
0.8268382454375476,0.03056156247196007,0.07428075982453503,0.4539888660597869,0.9119062995673495,0.905352287849428,0.5781199216634026,0.12187777133217309,1.0
0.9579696211450752,0.6940793543005834,0.0701143429907678,0.44154230406506867,0.742013371675588,0.3072320513283089,0.5891712154673111,0.8530843885232675,1.0
0.4257371870377327,0.5261595973829253,0.05824599794226126,0.009772241020491845,0.667621419940555,0.35253776293978945,0.9199083295137298,0.3228381108599548,1.0
0.05422388965646047,0.24154529096983923,0.29588112658807497,0.17785335404311647,0.3394982358069889,0.11865028663116584,0.6048927038626609,0.07744810732598528,1.0
0.8060151257579327,0.09952736348784713,0.27226807061259384,0.38664139401069886,0.1085473546126125,0.6085102183320847,0.35500895870661275,0.46250158361838467,1.0
0.70034970489173,0.3898603487061429,0.07297994845571426,0.5960486052067153,0.28473820479497525,0.02506483955658656,0.9706921121713405,0.8153234248831457,1.0
0.8671758106722866,0.9050442346787351,0.9743223072567924,0.5458397609266876,0.506172154883888,0.6262057928996971,0.7163590149589566,0.4154356117434471,1.0
0.28600936366549734,0.39962686032269035,0.09155027106648489,0.6466691691724885,0.9862902913399323,0.7277205553067623,0.6010883786824451,0.1440609309675741,1.0
0.9129897513280403,0.8081487058243875,0.7296116455913824,0.4823609152804509,0.7157818460851048,0.5563573540367135,0.9652877203216801,0.9880228441119402,0.0
0.8141892322091417,0.4641845905206169,0.26164269951124725,0.8426893890658181,0.18467033284848317,0.6533795098511556,0.3536222342597608,0.15008618217945896,1.0
0.9579101962507136,0.6966105771400446,0.5791133682444963,0.5432381275773931,0.7827110676909901,0.1227940224508291,0.24085920246676945,0.01659715415441443,0.0
0.04041105048357008,0.11747156986785606,0.6252442835137348,0.7161720680557785,0.008260053034576498,0.5465881764909384,0.8024117671569648,0.6436075160195502,1.0
0.5969005142375681,0.9254432095533951,0.5530350584980417,0.32970602630814516,0.28804397720054487,0.5704997527394978,0.6183765990249593,0.6860093150100351,0.0
0.5767873098138091,0.9267514283423689,0.5242933089531798,0.3607990863643056,0.8221930121081642,0.5145445949703181,0.3291062127588649,0.13013759143312464,0.0
0.22315082462652513,0.061475398956292004,0.2354598579109654,0.8729038308235322,0.9530067696827318,0.48865944482058227,0.34826951122963457,0.187472911790789,1.0
0.4061818868677351,0.8995081968083496,0.006214073807978671,0.6788305250885052,0.4712401250032503,0.6872223625369565,0.05995666486103579,0.7191802857847746,1.0
0.6095336100835557,0.22578082981634495,0.5531968971549825,0.05064205191328952,0.5047568735602418,0.8504912312724047,0.6751439643318471,0.7403816020216973,1.0
0.49738159059219034,0.5102584209947878,0.015216548082264969,0.9536600474061262,0.09440170534235531,0.9308296704113015,0.7075636484853536,0.5964523614250565,1.0
0.6459594785889984,0.36181381561866693,0.06610286677282573,0.03691443684997303,0.804723282518702,0.9811463867069359,0.24526605275219798,0.08626886172844445,1.0
0.6187704671008929,0.449695695779667,0.9352250061419096,0.5604677475192695,0.3320532829273133,0.02709890207847393,0.15105796074836447,0.7959140978709501,0.0
0.08034643652254014,0.2306417864407157,0.18519409761152672,0.2176530120929394,0.1900287142378787,0.6826769610516955,0.6750406266927789,0.009815933534702836,1.0
0.05713411774193894,0.15022376169180718,0.6615982867388344,0.6030929380258412,0.668909341864998,0.9907749547396549,0.04500937539064126,0.5163346068959079,1.0
0.7798023803914828,0.5953834318125466,0.5895389614627667,0.7327360921912534,0.3743549113764314,0.7916564967962256,0.9986832784699362,0.23399795296486703,1.0
0.05565035241084676,0.2156819541730533,0.9516882425011661,0.2034908629798478,0.19067187920385514,0.48978166791534994,0.2082320096670694,0.6863552106045755,1.0
0.4111966581986193,0.17153620670706354,0.5761225368023759,0.28820298417187173,0.8129074505779199,0.4925514100215849,0.7504679361640068,0.6556171777586632,1.0
0.07001154540804749,0.5531482465673857,0.3010788005686108,0.5173565580022045,0.8332475426269256,0.25205767430804205,0.421753406391933,0.1835488721303168,0.0
0.8177775407856396,0.7687901153027087,0.7499606015728595,0.41965245234517073,0.8733692026930144,0.3924247022792537,0.19284553523063458,0.09050045674888146,0.0
0.4296425168140616,0.15704359543546315,0.19047454808544867,0.9480721199186641,0.18473427788016644,0.7271146078957813,0.4173932247176966,0.911191514472605,1.0
0.9185754261083274,0.6752320309725045,0.5515323467719555,0.07997601838943857,0.4721653379720457,0.23379355976594085,0.5100054168923706,0.37776133037280046,0.0
0.6117700023133262,0.8086982214277105,0.958071848935022,0.47602250132973256,0.19767187018256432,0.10744185133382717,0.2566498604108504,0.39872010295186466,0.0
0.25733287279040207,0.4905337309667174,0.762958898817941,0.8406037317402186,0.1352089835074885,0.5852417316300305,0.34641526730280425,0.030911397384862593,0.0
0.3316171742189341,0.8372509990830788,0.46901771363896605,0.5218557628155047,0.44341846424729797,0.2194808378416811,0.993317221550898,0.05528328432451168,0.0
0.3438252759543532,0.9951499275011055,0.19296367969105266,0.7764855533345447,0.6020087761239334,0.9074863688362627,0.438615775657319,0.5826107032599201,0.0
0.934252986631521,0.1396247472095491,0.6625536654333323,0.6553882354813765,0.5123124699179752,0.7980425563976798,0.3154031417975749,0.8242183593046749,1.0
0.33522458365433394,0.46341845427366507,0.39489826185282445,0.035847732689932965,0.8782258411159656,0.9943485587790213,0.09782324263510978,0.11689937522087307,1.0
0.9359450043825859,0.5696945064898589,0.17554400340020365,0.0577086685298398,0.2595114917977893,0.15557142644902083,0.04040168340347511,0.07402582464843671,1.0
0.3601140639624095,0.7281846287477893,0.8282634499862835,0.20266875002487034,0.3746690645611328,0.07001133365735424,0.26525188549522893,0.9768700032672548,1.0
0.8994122241252338,0.6391657556742131,0.864015466469418,0.9706941535539341,0.35655431268112225,0.7025814314791272,0.15820909204550182,0.9742837044001253,0.0
0.7667981442454419,0.05765613277995957,0.09741387132394103,0.17754589069532084,0.1759743392037172,0.5368388965177656,0.9711687986999458,0.8184439865842519,1.0
0.12199718580678848,0.17527291280965995,0.3291482564139844,0.18803386606641898,0.427406203782468,0.17563348565146242,0.17000541689237048,0.22602901855667357,1.0
0.08537712523584262,0.7734883409778828,0.6518667425804935,0.07613683843318375,0.9537616394550927,0.17123187729087386,0.20241176715696485,0.856605022237336,1.0
0.3377793235324704,0.3924616546950135,0.7605002777788095,0.5263289698651432,0.6193285930872502,0.9190155530039499,0.18020417517396553,0.6342725023837624,0.0
0.5925537423888383,0.880173742498581,0.30639612903157337,0.868934396765666,0.24511138906120733,0.2021131752705539,0.1423759323305137,0.8860553232915258,0.0
0.5169225651180115,0.8989207194990966,0.13779049375647684,0.6563896799489595,0.34152590357513757,0.18684643106525767,0.5966798616609026,0.044957258973281844,1.0
0.6789609875568516,0.9549115810811599,0.4387674155639971,0.20342321573766664,0.05458172785312915,0.859127573684691,0.8065036043168465,0.40910530562167857,0.0
0.48851613916461334,0.5270603251327199,0.18250147379301523,0.9708538541021421,0.04003436581121833,0.43163883836379346,0.15592566356931536,0.6006514505944404,1.0
0.08761112985825048,0.31330141010482204,0.3579380269373812,0.966005271179224,0.5599897263417976,0.8870337866088807,0.7474736447351973,0.3328499129843372,1.0
0.43280636185940496,0.323116767552776,0.19367125952393965,0.6662797067558373,0.5466650145322381,0.0016085197691669273,0.801749239551648,0.5041382448840791,1.0
0.7742748040570224,0.7032424606193757,0.9560746007228086,0.9125071792293785,0.49947251982163315,0.059883734503770436,0.07558564940205842,0.3801959352683483,0.0
0.6206121082466898,0.40022362895856967,0.11202259586022018,0.6591061809683105,0.9937487761557733,0.048068821193514744,0.5352048002000083,0.8815311756116101,1.0
0.3548302888686562,0.9379472114605063,0.5440530130378283,0.3986197309762028,0.4098531599193603,0.245814346627388,0.5086353598066586,0.3474200356064091,0.0
0.1992988923624155,0.2306784208142706,0.802265528949752,0.3415039706278328,0.5576794799066668,0.07247810205809874,0.7163681820075836,0.56257376327739,1.0
0.4123928494873542,0.272917322590082,0.15187231407524066,0.28696596813151687,0.02207032255359842,0.5945078985404202,0.057318221592566276,0.3771645562867983,1.0
0.9624718527620904,0.3551991874602132,0.9794743480422563,0.11580544653148717,0.5990927765463421,0.9111753787967222,0.42819534147256133,0.44504177418602014,0.0
0.19714076059620156,0.9615009899244853,0.09900068608978174,0.8412974475767033,0.7927220471325297,0.331413438661355,0.9402175090628777,0.6506221119801565,1.0
0.21512421925239245,0.175875256241515,0.4474690291219377,0.42284354519300027,0.5014105053461761,0.6228123282176232,0.6946139422475937,0.9533265987877819,1.0
0.8397284070095907,0.6496790244850348,0.41992541625698493,0.5863761107080279,0.7370914615605453,0.6079931467453938,0.666311929663736,0.3146833096624059,0.0
0.34825587935048596,0.45453674241841013,0.23708142819165728,0.12120608400726346,0.3629575718081479,0.2900402832989857,0.6927396974873953,0.4617364458935942,1.0
0.6934855990135468,0.03937425304370579,0.07331025850143774,0.14677249701887896,0.013987776681661457,0.7882961947351554,0.531588816200675,0.1178928873863962,0.0
0.9152630188270799,0.012415601570924417,0.33462370920405626,0.1989484169882122,0.8538123709491088,0.7918570643280564,0.370874619775824,0.10459215992211934,1.0
0.16617800302642505,0.6310921237689655,0.275357331795247,0.29999694924201925,0.014876373823185851,0.7173658585245446,0.5978357431559648,0.4718357637708121,1.0
0.5559718835356964,0.11882704168938613,0.3869490653950216,0.4584538493270426,0.946879190588565,0.5299140106502421,0.6024259344139339,0.6225278883532369,1.0
0.18092094791195779,0.3877294493110348,0.28482621977265116,0.41300604448005135,0.17992990987730517,0.0026556626899819635,0.39767990332930536,0.5978601148206677,1.0
0.4033297572280834,0.9685762024171253,0.919691413477605,0.5377303156473376,0.22013223089622275,0.4917109365548653,0.6289062044251843,0.6583551705973743,1.0
0.1547219976102704,0.11250469211994618,0.21073462546024524,0.396350497605155,0.2781096787306089,0.650648236385285,0.45738655777324055,0.04675758303161237,1.0
0.5988403125749444,0.5232784897293675,0.6705601686942486,0.19393482785103283,0.599464241460685,0.1519171709153732,0.6335355639818325,0.46304251431924415,0.0
0.5735865894991967,0.1370927279706627,0.14002015289242825,0.12481605919001049,0.029889659000515267,0.9764014788937163,0.5091545481061711,0.07998773112493579,1.0
0.7740211870971576,0.4428716145724104,0.3340458656059956,0.4894100231990248,0.17982298104839073,0.20573028866867732,0.9269311221300887,0.3490228241083395,1.0
0.37737248584944705,0.7576588405380049,0.8135897246779543,0.6317170063840427,0.7078786647003791,0.7643331500987982,0.8509579565815242,0.517660678922206,1.0
0.3277659635428274,0.11952495305225386,0.10887125230752737,0.7068197705034148,0.8405884853305852,0.599614146272097,0.8633401391724655,0.6196873770612044,1.0
0.16304493158709038,0.9801242595476345,0.8549100521969465,0.9658397343983574,0.7791850696576315,0.8801494917894657,0.06436268177840743,0.7680532495849253,1.0
0.45591283004692446,0.6295210931697068,0.8901473686891546,0.08791170310553897,0.8349915703997652,0.557531576121215,0.6979640818367432,0.26544027925026503,0.0
0.9400588518685946,0.7068445752191292,0.4492251112043821,0.9337118041784773,0.8554205486961317,0.8107955739308903,0.6192033001375057,0.5804644836070493,0.0
0.9621930332800632,0.670237279244716,0.6717699789821994,0.5233437368601864,0.4494759956719031,0.000955348785876664,0.8250710446268594,0.4678167070072613,0.0
0.4312345203455982,0.9112566811275103,0.30779669668729537,0.4033855455086874,0.502539228021615,0.5876254608277816,0.40514104754364766,0.9920502357090943,0.0
0.8356185388691867,0.582943141859444,0.6710605419843967,0.602303720200395,0.40594216503549346,0.530326288354561,0.5306146089420393,0.7395114453935042,0.0
0.44649929008474415,0.43260894611402206,0.985553644739209,0.27319909113940505,0.6646857857889199,0.024695275308120546,0.7580015833993083,0.2774699445900262,0.0
0.8935540968158868,0.19124443781368178,0.5514893666696205,0.35816853713501995,0.6104654402310299,0.999445520976817,0.7496979040793367,0.7227500950171031,1.0
0.44126485887648753,0.46739195647199294,0.12484976862378244,0.20506001371514676,0.5591897501155522,0.44868018074424354,0.525257719071628,0.7032315816847032,1.0
0.7307924946358422,0.985254930110641,0.019779867589447664,0.6358562217556184,0.2665690598382217,0.740898850291725,0.053263052627192775,0.2276109699745954,1.0
0.6781338142505141,0.05244316760969203,0.5487678241402786,0.6265973039257949,0.6676203586122282,0.3327102297930865,0.7346831117963248,0.37456658865262416,1.0
0.4089316146804957,0.10674884800823153,0.5497393867004706,0.9517611495256071,0.18130194207163858,0.0527062821146822,0.46595274803116793,0.013760810279183522,1.0
0.5295994337656494,0.9332901330889625,0.33334359195858204,0.68572974794107,0.4139618272040738,0.28122937284973565,0.6325521896745698,0.9327320584371854,1.0
0.7214970085932642,0.7711479885339719,0.3453944697873758,0.1850666723260438,0.5659671274777374,0.3204461619439557,0.6421384224342681,0.04016723010141826,0.0
0.09745762262220842,0.786323910512313,0.20879760245315565,0.8469774283701922,0.2464051482914471,0.9407946400714828,0.16041251718821614,0.006852900188700606,1.0
0.3295648930458018,0.352134377005931,0.5100021596174877,0.21664334384297357,0.22447332908448225,0.4316157571795748,0.7714888120338348,0.9384072466377281,0.0
0.4123058344634675,0.8123372358674938,0.07217977568631528,0.152221681339044,0.5915517734531007,0.20486673401773908,0.4133072211342139,0.22931711041320768,1.0
0.8561010265650502,0.7942719767748689,0.6860364545554398,0.2530696594160319,0.3842048342443952,0.29331807675899846,0.7755206466936122,0.7000476752482113,0.0
0.42802000496622333,0.8914491655592289,0.6635204524265982,0.9001521399740817,0.87006900226116,0.9402372427376513,0.7925488562023417,0.8784247831276297,0.0
0.4138630850433908,0.9842421755083814,0.012608557922055341,0.12990578463505636,0.5652029710825177,0.4851800226248666,0.880366681945081,0.7782684216492302,1.0
0.29607525101712073,0.5545422110277959,0.709585305686692,0.964063662686975,0.9281942400650383,0.5785391679737162,0.7130805450227093,0.3221463196708741,0.0
0.10468146134304512,0.18021589857481668,0.34305815632340775,0.9300490376184987,0.2996270492259998,0.19244162848101398,0.6188924538522438,0.36747781267294777,1.0
0.2952650562520295,0.9437975616373335,0.7907208612151271,0.3468321857619799,0.09998216968411155,0.6912583861635995,0.8802466769448727,0.759961793122762,0.0
0.062226353667258816,0.7244306673243156,0.783312895675618,0.8641577056177718,0.9709482597134096,0.9476497517844144,0.35710987957831575,0.7614062197862282,0.0
0.6045870182073632,0.10006918056339414,0.3723668717861098,0.42365716908229223,0.17452668736610677,0.21474017484394997,0.3292403850160423,0.3805534996299334,1.0
0.548436329409168,0.48805507048931307,0.13477896819100993,0.05382306399561754,0.9625552753059146,0.9247524211366343,0.581759239968332,0.2857972768431651,1.0
0.3453419372091099,0.4828298938611939,0.38688247276732957,0.33999954901838547,0.2760024113379582,0.24008835583439275,0.28801033376390683,0.4549010488554607,1.0
0.30581483202916915,0.2307017818640737,0.1910794532294241,0.11186413250370403,0.36411229702759085,0.6908837811967409,0.584225176049002,0.7393705867056071,1.0
0.949564977938508,0.4554523362908068,0.6126354602824058,0.8398776513408082,0.9333623783518739,0.41433352152015335,0.3553973082211759,0.9863525434578224,0.0
0.8505912246409569,0.2029525712286372,0.17801164495464006,0.5269913822719128,0.7500195019080029,0.8297606136305271,0.3138297429059544,0.39320077613970517,1.0
0.25048176610786044,0.3579717193254815,0.539125423897892,0.5982265811216443,0.8873636126767177,0.531187720597755,0.008757864911037971,0.25600441412787633,1.0
0.0751059036510231,0.16658631881355596,0.44935803115049244,0.1659546020684139,0.3785996940190434,0.11673348713714787,0.3963223467644485,0.7796278330099418,1.0
0.29452755086664845,0.5453889269685799,0.9928995279086784,0.7093431452784215,0.24543668619333897,0.6687115180945873,0.998984957706571,0.31337224033659394,0.0
0.5024226256040647,0.22750211444047358,0.45605390659946204,0.6807678890479115,0.02675396445929834,0.2913959712456199,0.47610567106962787,0.6429840704660172,1.0
0.48397782814745016,0.26065940810532856,0.2961461705524747,0.6284389006129371,0.6181812971660942,0.6412536638063686,0.5889112046335264,0.49474988831322975,1.0
0.8835359616115182,0.8383080865866692,0.21917517469289122,0.22533641238819968,0.31412081418741256,0.7187637293250956,0.08773032209675397,0.4899531915744834,0.0
0.35851304058083594,0.8247796495523969,0.02524178960656226,0.41661469324628503,0.8243514885925778,0.7825306740979237,0.647020292512188,0.08555373300527425,1.0
0.17557615618560096,0.5667427847539417,0.6055716008708512,0.1435851181372868,0.45145590366535043,0.2660727285461719,0.9351947997833243,0.239548118661359,0.0
0.17262082884993735,0.9066147343450437,0.3507025124257598,0.38326460285099967,0.36344180285720196,0.42863350899794767,0.6547881161715071,0.6358702899855307,0.0
0.8365319313302899,0.9368041128190043,0.346870385276821,0.9888947103835863,0.22709666737598777,0.5102644944530874,0.40732780532522184,0.7385304354783861,0.0
0.13379912900083407,0.5051436784202833,0.12061516730668104,0.045645175624178524,0.5264825297397464,0.8907596734038963,0.35946831117963246,0.3956078760843619,1.0
0.9625349917123496,0.4152418638507398,0.32583693136926645,0.5450786631313245,0.7143424195420263,0.3729563866432636,0.041415892328847015,0.12075840317923892,0.0
0.8394066105950342,0.24368733995689879,0.26962585555608026,0.9903741953625825,0.09079186237118791,0.2770591069332694,0.5563106796116505,0.5983151967354123,1.0
0.6352425702964666,0.26618190718548723,0.038775746275190426,0.8379376345483751,0.3318510998810782,0.629448301330962,0.2041776740697529,0.5456857234302175,1.0
0.9118304353085744,0.3252914689162649,0.7151480452278025,0.44081463196584214,0.5136234757335238,0.8271558887264068,0.5422950956289845,0.03701332906589855,0.0
0.5803801283153255,0.30096279381165786,0.14254563186852548,0.5628518485603738,0.39931814961651557,0.2327490698548061,0.9545697737405725,0.8606599187853814,0.0
0.4828259402397795,0.903883880716356,0.4917199628779264,0.005177003651624712,0.4421905073733132,0.5894971591572343,0.8560506687778657,0.11656931581017915,0.0
0.3715318676607603,0.6051483506302439,0.5802966476050797,0.4295621101164461,0.410011828504201,0.9102990896993185,0.7070877953248051,0.6009323344868743,0.0
0.41150810831460394,0.4066301314005958,0.7034181916201535,0.3317221794084448,0.17161997441137405,0.37505995801877484,0.38996291512146336,0.9056005080914564,0.0
0.3224018056678616,0.9737963351822188,0.5876340408777916,0.7246303608781408,0.15371456954380391,0.5238224351233013,0.23806408600358347,0.04004137411400721,0.0
0.44792309994206075,0.3623274932478602,0.6903811592211156,0.26105097286019174,0.510959806965604,0.07277125962777214,0.6438076586524438,0.09621565215072048,0.0
0.947901876765503,0.508076817502948,0.3787762132195121,0.12662449546431875,0.4176292472369644,0.9033200824343168,0.42816617359056625,0.9549677275242878,1.0
0.8416119639290891,0.3069095083189229,0.010592207442137347,0.24691137282782716,0.8891113550987009,0.8952594431226562,0.9768798699945831,0.7994213958512533,1.0
0.1132736643724413,0.575755637047864,0.9622215512845479,0.20520618481491848,0.014913785646701871,0.34889438474583107,0.6973423892662194,0.8213995185800111,0.0
0.6644987191812948,0.9148951646343437,0.41268008530223765,0.8396972586949918,0.9032185312171154,0.9289810532660672,0.642815117296554,0.41467214098537736,0.0
0.4351666443823313,0.990411085455251,0.6107491113465878,0.14537233174738134,0.48413154952343707,0.29662664513130277,0.3747981165881912,0.03760093483493693,0.0
0.9091571109314216,0.39989312319715076,0.5590490891136707,0.3891838691834978,0.8382379084190401,0.1026735970354209,0.1316921538397433,0.33203810019136776,0.0
0.06495538888287566,0.5877393246639061,0.21703067983378904,0.1911639437546342,0.02987294307936983,0.6943093472959464,0.15033126380265838,0.5754760856954252,1.0
0.45835110774370047,0.6057968852287551,0.4728524938806416,0.9608563875576825,0.029625122915086843,0.5321966601791737,0.9600166673611401,0.39828502463776816,0.0
0.9550004987446492,0.8021478361562153,0.9546241549236361,0.5416981580053879,0.9034146116254721,0.22336192570299446,0.21164048502020916,0.9639385089316077,1.0
0.20971522741694848,0.2741761646146993,0.29341189317799654,0.6817945354292483,0.2798834236965959,0.45155206372317014,0.7855802325096879,0.768528335100318,1.0
0.6757414316730442,0.8514996466641216,0.7601338856718665,0.3689493852722669,0.7907057886438931,0.4541249525111267,0.023507646151922912,0.1412187527088209,0.0
0.9517257626017916,0.7673972127081987,0.35826064301416805,0.38461542542820043,0.06285000618223746,0.7878926719627815,0.7528122005083545,0.057295313156368155,0.0
0.1947791516247403,0.2732390679578247,0.5554318624764074,0.6066859350772174,0.0486276759403767,0.8186264626042368,0.21337889078711608,0.17855380635181,1.0
0.7995903396344944,0.12983301627787325,0.2214032419732006,0.6688184679623987,0.21315903845776257,0.32670248937204327,0.7784657694070587,0.20253395611210018,1.0
0.566586920580751,0.5050321825007684,0.2474995927502649,0.18605750546152,0.21539791056292323,0.9441440647928636,0.4471711321305054,0.360824115007368,1.0
0.3752965938923943,0.8708537454930428,0.7853173072382207,0.5470446776874194,0.7519776526707531,0.7319343305819854,0.4113304721030043,0.012930660852286668,0.0
0.17006184433648924,0.9000062119155158,0.36645790364285546,0.13330034977603455,0.610079382052195,0.510015376844107,0.21956998208258677,0.23568408980283118,0.0
0.5748148808424752,0.7781966543791083,0.7218688597484975,0.37514454623954285,0.9028062051621949,0.00298039107485093,0.8556598191591316,0.5520843751875337,0.0
0.3509480392968337,0.6953583717773033,0.5514774277523051,0.15476521764505358,0.33788926206372105,0.0837902700339373,0.8087220300845869,0.700546931781054,0.0
0.1793249650348167,0.568845013769746,0.906350601960211,0.3639588757824199,0.9232680846366887,0.8064483522687478,0.5680186674444768,0.3651157208297493,0.0
0.8111750105585304,0.8109974265679909,0.5715581560580985,0.5898048973950506,0.35743972583766664,0.5794486196921236,0.9989782907621151,0.1961278030045408,0.0
0.1525821708338374,0.15331246412884253,0.5324871205613095,0.04843277256864542,0.3743978951736625,0.5151988271574806,0.3248577024042668,0.724149513579111,1.0
0.2762652727284304,0.6498653819505096,0.5494491383550719,0.07552164645428971,0.6148221930121082,0.20157938972287726,0.17044710196258173,0.6487434404859541,1.0
0.962839544295953,0.5364668642091196,0.15671128991777006,0.5984247477487395,0.21747731808699816,0.8854690414994386,0.452293012208842,0.43612266874704114,0.0
0.4105063743810792,0.5712607586925669,0.47885538150677626,0.8330627885784927,0.40665166302188827,0.4514939628111715,0.8102904287678654,0.05539330412807636,0.0
0.15266626767094743,0.5663275951869866,0.6294168024607966,0.8315840994494045,0.5578617630467765,0.13255895518111566,0.33382724280178333,0.4655079580991245,0.0
0.3020312702283402,0.6474682196809411,0.29040726565364505,0.19410646614786092,0.48091254070857464,0.20861384489019724,0.3786299429142881,0.43400895494522346,1.0
0.5253598389585363,0.6873335857034621,0.7812395037018602,0.0229451486979233,0.043870537048053215,0.8872945774604543,0.1285086878619942,0.8190599307875418,0.0
0.7580732963625598,0.43590232320330957,0.29462276470304194,0.031193071861267463,0.656005977401136,0.1838281019519784,0.873349722905121,0.8540478952878185,1.0
0.7412382768478489,0.5222853796462605,0.9925586054920081,0.9836362647580417,0.8574906695973479,0.5930081521681456,0.8557148214508938,0.4663456088762644,0.0
0.9243391102819923,0.5365388056238541,0.3635145625607227,0.6730611438220161,0.5133995354565914,0.06647858596706446,0.8981824242676779,0.19093686863635456,0.0
0.4477302343250924,0.12134074374149506,0.6022852148978586,0.920061386556238,0.45376615010048127,0.08573519143056646,0.49121213383890994,0.5322999806631861,1.0
0.010477351687136482,0.08039917662918095,0.04044666408078562,0.9168371332955747,0.2689506806033227,0.756462200979279,0.5833493062210925,0.013503263920839004,0.0
0.060283902432812786,0.08272360108458976,0.07630162056210543,0.4149961998166892,0.6251428149929608,0.6135382022781926,0.8474869786241094,0.19179618998086323,0.0
0.17538010709214896,0.2735132948265362,0.16036035366787416,0.9151072208788571,0.19782735478242502,0.7216342857991821,0.32480770032084666,0.8880798543737873,1.0
0.8672100330444859,0.48109241578208806,0.20612036657251726,0.8554274974101718,0.253717435130286,0.8022006184696168,0.18457352389682896,0.06317720523027476,1.0
0.00831709760326671,0.7810586484464637,0.7854382882670157,0.5804557832423191,0.24226225316819772,0.3286553697977133,0.5953639734988958,0.9328845858921273,0.0
0.39098343955533205,0.48746361118293446,0.2015795983535968,0.556234887141851,0.19862335102744538,0.09448163374458524,0.46956539855827323,0.724507077940696,1.0
0.6459329496183012,0.9175556696471472,0.08898499569933666,0.5425550230730153,0.30408807751517564,0.1465822337492545,0.9843301804241844,0.011162009161649056,1.0
0.6422754004282838,0.45073234236467974,0.34387557419559556,0.6649028864149746,0.4094217299545592,0.9971519941081961,0.2092445518563273,0.6980664853006875,1.0
0.01658034139601816,0.6439860959279035,0.8143344478091556,0.14396128986047424,0.7736239745578373,0.43906036764346945,0.8696187341139214,0.14689810832616534,0.0
0.270103919284015,0.10958933929110887,0.25430689809417734,0.570977210837884,0.9498689524848616,0.7660936873226464,0.4346239426642777,0.48837457409000284,1.0
0.6818603387643443,0.6786958375387647,0.723441878432107,0.8094443508583904,0.4890078225204319,0.227604088181797,0.4960781699237468,0.31268545004767523,0.0
0.36617009739315726,0.5007032206923684,0.5484213302288611,0.8035916706348627,0.13311047207353305,0.32725802959909844,0.11160298345764402,0.6980423142832377,0.0
0.7572047378619348,0.8390774084313213,0.14055820009943787,0.16585750837963636,0.7460275807392258,0.755776397976921,0.05883411808825362,0.8583211644762724,0.0
0.47907076443759644,0.7973197973747488,0.8715913727791624,0.27666740503852577,0.9538425657400031,0.5325540205831103,0.9645485228551189,0.5570569369153114,0.0
0.5587645882809864,0.05189869586939472,0.40566265501357585,0.9210047339805361,0.30591860354664085,0.9026838907129805,0.7372490520438352,0.49475238876331074,1.0
0.051773939212577724,0.0729576204009924,0.06573939306789317,0.9275858821531985,0.908109662810684,0.10999961796660607,0.23793408058669108,0.8583061617757863,0.0
0.1651773302517281,0.8181472351401158,0.6435962565922722,0.09930853907158804,0.36526781824327875,0.10628991453064013,0.8983082628442852,0.31048838790982375,0.0
0.8724861147367371,0.1454220040913693,0.02029562881746877,0.303888655292203,0.4177178681522433,0.39301871114667325,0.17227967831992996,0.4503777346589053,0.0
0.3655262392743372,0.68223636391631,0.18074220799928686,0.4097353666414205,0.21357136451268316,0.25748918102652374,0.6975082295095629,0.6077835677088543,0.0
0.1626647714370001,0.5944434150244468,0.8043100022126793,0.6955417814569624,0.3094207216926489,0.7464683135135823,0.6434451435476478,0.006439492441972894,0.0
0.6887714009206615,0.8174129548701683,0.31365923570765675,0.9164248830432239,0.339330811263453,0.3049361367509758,0.007736989041210007,0.09641068725703955,0.0
0.2071947099110113,0.9213786523541301,0.2944917019218473,0.8305327817209194,0.8877334855985706,0.7453439680110705,0.7494987291137131,0.37063671460862957,0.0
0.49203467654817773,0.6565869930984025,0.428789929708961,0.5432163743465741,0.418941845045003,0.9565267221747039,0.5283645151881329,0.9210799610596574,0.0
0.7265847345935657,0.27052095671993864,0.9089447960381897,0.9534634724788469,0.7896370310189124,0.495893671616829,0.9140889203716822,0.5254804198088989,1.0
0.29609408658631575,0.8722524883500037,0.2768024714089461,0.5827117524482333,0.15327969026194116,0.21593190679234148,0.3545414392266344,0.5929625665953205,0.0
0.14518085329903674,0.7772356657394807,0.5817789305170931,0.33540033239997824,0.9818412029944317,0.9715249818003536,0.5632518021584233,0.24771875604275434,0.0
0.5566146804956885,0.9247245918054746,0.48264691633684303,0.5452067949665146,0.8679436922869556,0.23148358423730214,0.6911354639776657,0.5016778020043607,0.0
0.8664332647824731,0.424449037604388,0.9504465951003744,0.34165146814411784,0.035621097296743676,0.27698429206028485,0.29633318054918956,0.3297535223006808,0.0
0.8656201518306051,0.7635683897387651,0.058013056399976004,0.09478758102746876,0.3882431885274653,0.14657772363279797,0.9057652402183425,0.6349567922226,1.0
0.3869966658389628,0.4924865023570768,0.5575588469234471,0.3457686650015718,0.22669521993641578,0.7668166324605286,0.5821725905246051,0.2354390456948917,0.0
0.8492992637680052,0.49113209240144684,0.8101242549452322,0.39685506644683527,0.756987122372748,0.9027006046739664,0.01679986666111083,0.41914461269695213,0.0
0.009731622320839295,0.5518240997899098,0.06231080132421163,0.31387497993795027,0.24280193862232152,0.39841917765189544,0.9234609775407309,0.028059217325785257,1.0
0.7084314905249128,0.2066348567038514,0.016260805383443544,0.5009241143848544,0.6809161492248854,0.7335582378072981,0.702095920663361,0.7002918858727905,0.0
0.9836509912284611,0.2691662812978337,0.15889107091027083,0.22776242819112608,0.08193454682076445,0.4502075184171932,0.19086628609525397,0.8318597347522554,1.0
0.7658874046814084,0.7513951590595478,0.6230024201511944,0.043989542532208714,0.7067563099949004,0.9067350364948012,0.8135005625234385,0.0049500576770484805,0.0
0.7751555658841681,0.5027494362819402,0.913444971938238,0.5767460615377678,0.8990509602102703,0.9059664595904178,0.8969657069044543,0.7495240810012469,0.0
0.5909956959397942,0.6983921226540064,0.49684175840619166,0.07286165077840756,0.9138225278611952,0.10234250142731915,0.5678194924788533,0.013785814779993744,0.0
0.8636766394373312,0.10365111971104501,0.5258705725851682,0.8633668960925096,0.681058632552744,0.12868980586336365,0.31598983290970456,0.6867261106999261,1.0
0.5873392079086045,0.24958335036743212,0.28855620285122574,0.08744029467669262,0.9144306689923908,0.31745622003425567,0.39888828701195883,0.9033434351516607,1.0
0.27000496622331455,0.4438838382417199,0.3315108354960461,0.8884929388216911,0.9308817887203087,0.7353296523708356,0.4684686861952581,0.28906369813233046,1.0
0.3208487997232498,0.8763709352437008,0.43999287909909457,0.7979597061191572,0.4842525409526801,0.3271832147261139,0.8539514146422769,0.8385884459202657,0.0
0.12672624012326428,0.6452053834477405,0.28989389220908707,0.5668531166145606,0.641726866093797,0.26017482272589315,0.8268244510187924,0.9286779953725004,0.0
0.5253762869203685,0.960413904709216,0.8462355001849206,0.20252045665867718,0.8809529242514054,0.8170155551263576,0.1405400225009375,0.029461969821234446,1.0
0.6389704212588315,0.9143108729227911,0.5985663748087784,0.4263935663493436,0.16305983079242486,0.5432390170705255,0.518604108504521,0.8794883078954212,0.0
0.7809967146522689,0.6667033895290465,0.32328810517708595,0.7182709895465115,0.2845065698876743,0.13283327638205883,0.9402025084378516,0.3983875430910897,0.0
0.5251725444254144,0.5365066841803748,0.8246483458232096,0.4547979801329335,0.5084906266135507,0.5838770234504832,0.4151247968665361,0.7856372480379802,0.0
0.7617409265614421,0.07036321654047273,0.4968786363952323,0.6901623666453998,0.9045573969012397,0.4273404320797686,0.9277886578607442,0.7676340074546752,1.0
0.5665187411260593,0.36304584552930563,0.7527691655439662,0.613984409300302,0.7026357027665115,0.6713945067842764,0.08291178799116627,0.5042991071726244,1.0
0.04294058783954435,0.6265449485180864,0.912389836956839,0.8443161062777967,0.5231412028352325,0.7480733843701649,0.6162515104796034,0.9712073173171171,0.0
0.33059740058533527,0.7003924125433971,0.09188429544203974,0.263062616144346,0.317471427714785,0.01936803187007463,0.23659569148714527,0.36391717175758304,1.0
0.3784575207509609,0.9931586634718661,0.7553474410655245,0.9427757387808375,0.17671037039827936,0.9032500429787569,0.2517296554023084,0.7207630706860568,1.0
0.7560430342351061,0.3172926985569773,0.3833371449432318,0.7659203805223693,0.052576878644004454,0.17326726631760136,0.4087170298762448,0.09560304188087188,1.0
0.5487843895047148,0.3332294474527695,0.025664161970250288,0.512064951963826,0.903868860149297,0.8568818009903155,0.06714863119296632,0.5924533082621539,1.0
0.44656959185709166,0.6139615721349397,0.5892285496125689,0.5176849787309112,0.3530598891654828,0.9856909922892927,0.6111104629359556,0.5803152900855487,0.0
0.4490097265818164,0.6210665168727836,0.9048086244616211,0.4530892903804295,0.7949598579093636,0.932197827503433,0.696513188049502,0.8807993772212332,0.0
0.2894973927327599,0.0171655932087304,0.1071966201721008,0.5659689273667582,0.781862005029635,0.8565369097318762,0.2683653485561898,0.2990321591219753,0.0
0.48199558345695837,0.9502552991090414,0.24304053978763585,0.2538376545772645,0.2873405818520285,0.7508720442819152,0.6469011208800366,0.08213561774452738,0.0
0.5335034370934435,0.5395096409459738,0.2530363319825554,0.2227376971552345,0.6420070567720442,0.971826363700036,0.6275803158464937,0.37738209544384654,1.0
0.11328639827837594,0.7876719492725421,0.8485956914835192,0.8628655106504615,0.252949564085923,0.8993586083796903,0.8570948789532897,0.6605063911504071,0.0
0.7593190968264985,0.3744521435621459,0.3091837335700599,0.7098100438911223,0.09094548964647681,0.8560036547861356,0.3097962415100629,0.596820761070326,1.0
0.2203066536780826,0.2633905272004914,0.16117193473604113,0.5536563334398887,0.8668324815289072,0.5583043978410869,0.6839684986874454,0.050369899915318095,1.0
0.9180490913296957,0.8301633096661121,0.43718219265379843,0.5681943889928652,0.18328795270296444,0.4229802106701927,0.6547256135672319,0.5875349229527982,0.0
2.361078392049132e-05,0.4077724336426725,0.8858294602601198,0.5297153112237386,0.5271816797749559,0.6378957494540106,0.1594799783324305,0.33847425869989933,0.0
0.16263824246630293,0.14846796642592391,0.17406967976640048,0.28406244238378275,0.22953692653113855,0.5126996920386363,0.32632193008042,0.333095790575637,1.0
0.9379460846422727,0.2001741991009181,0.5204182017019059,0.24378368268933603,0.32791993975900413,0.5791957878695908,0.7495937330722113,0.9649678608816253,1.0
0.7430748774892133,0.38759565420761705,0.03819604551221406,0.09627635092205844,0.4054406874011306,0.10635332146199933,0.9639026626109422,0.7065663486094164,1.0
0.8084178546339745,0.47793363019564344,0.15880802910761105,0.8335596642043954,0.7567024210491125,0.11761004153551957,0.12851202133422224,0.8812911324038327,1.0
0.42789744112160244,0.8317760185019514,0.5214762550853155,0.02545393289128295,0.20791713785222166,0.2500923247368745,0.39826242760115005,0.38190957705720363,0.0
0.5025242315618348,0.9314791207962719,0.9188076682869988,0.6903552276064416,0.1453003585697752,0.14612989559876305,0.38092420517521564,0.9978562807972102,0.0
0.3451005235757657,0.4256969955035288,0.9076004739484865,0.3638450692455741,0.009990814203332421,0.6302508367592532,0.6923038459935831,0.13737806138438252,0.0
0.33522086959843633,0.3994426265890159,0.9943600554602505,0.25159627595299716,0.62387744629546,0.35144976366989766,0.6392116338180758,0.856607522687417,0.0
0.7350660465254477,0.8014090429561922,0.5452890889438727,0.17091699152817774,0.7726653297467512,0.3337059043261037,0.4630276261510896,0.8468515999546585,0.0
0.3827045436698693,0.3609797199541061,0.05762809264387586,0.6292084874739856,0.5492180398221002,0.899452524922373,0.43765906912788033,0.5060210837950831,1.0
0.6557937680264356,0.6305800389386225,0.6746692787249025,0.24232488980794814,0.8130881417255394,0.5308088708154078,0.6405850243760156,0.9309800764137545,0.0
0.2519671231771945,0.3189247864454941,0.7945622741886444,0.8989657930445372,0.9337258833037665,0.5232236508384572,0.17592483020125832,0.7205438645622879,1.0
0.419148717165093,0.8076424612564952,0.2278006444892876,0.16691121365784556,0.45465660456657736,0.045818007780746794,0.710181257552398,0.5944761723776947,0.0
0.0645330476693769,0.4885655625208059,0.7094831616163277,0.24914452766971168,0.4202172963616073,0.3851512109397385,0.9653852243843494,0.627277076540444,0.0
0.17071764049212307,0.9197529356610141,0.9922664999816937,0.07268364568231533,0.9208174775303527,0.6322594303882096,0.4468686195258136,0.27848179338947676,1.0
0.5064054199748294,0.15796264037203528,0.6234144454532092,0.9702025835940846,0.0975732197145982,0.2154225289337236,0.7966981957581566,0.625455915398105,1.0
0.5254253655161583,0.7867502496712198,0.3681091885621988,0.8802134469453291,0.7935098180830182,0.5700137213660665,0.4495887328638693,0.9881520340327926,0.0
0.9363593869048756,0.5357078955569937,0.4092947389701649,0.9537353878640847,0.3584105759245098,0.8889946260635917,0.7002816784032668,0.216739013022344,0.0
0.9874435728793272,0.006191209130772479,0.8041768169572954,0.456050647888146,0.5606400552739792,0.8171654501732946,0.6600966706946123,0.8582103111893474,1.0
0.3208243930702084,0.4649916086047241,0.8123557712460993,0.8952367056588908,0.2619618335720437,0.326339557647778,0.6795599816659027,0.9612771965620479,0.0
0.9356706948255773,0.9627367363657745,0.8528610686763667,0.5386577460734755,0.8067522769472588,0.07440232997922164,0.0517988249510396,0.6142263940842685,1.0
0.9598770541382011,0.7508305118671478,0.1403708917522245,0.018343809813094636,0.7199138625930055,0.985807459414258,0.5699004125171883,0.9895439512445574,1.0
0.5157139052130489,0.5848319358293199,0.39029488064531703,0.6838945180531919,0.5705738230797519,0.7251267077423312,0.015153131380474139,0.7328402445773573,0.0
0.24729431027859666,0.791314149310026,0.013412710330559463,0.6408658316432576,0.45805391654032435,0.1321989417674987,0.27988582857619065,0.9087877484613898,1.0
0.4346270451183511,0.9194917166495794,0.6042986469757661,0.7541364962177233,0.01865125334915413,0.1424671504341385,0.8313929747072795,0.7159497042801037,0.0
0.4852490964232581,0.624772959797226,0.15331984147240274,0.6109607102164579,0.8909718636553952,0.15555312068222676,0.7348581190882953,0.3126687803804685,1.0
0.9641514018969275,0.581694122094403,0.6938516698300375,0.5802968785440191,0.5707754754618237,0.11541175771442158,0.18498354098087416,0.958455855387303,0.0
0.23767941542882493,0.2122186785397432,0.7891640263972115,0.18789777573214878,0.14460253519497396,0.4174669912535577,0.010068752864702657,0.28341101398251684,1.0
0.8753475295161328,0.2324169607592766,0.9976108899905709,0.8810750871124045,0.27259422074886264,0.9757979191914476,0.36514938122421764,0.8752475445580206,0.0
0.2244051143610869,0.14110419187492068,0.5087106340732455,0.5144861926673042,0.5941798877220763,0.3641871284459943,0.6776165673569732,0.2979394624365719,1.0
0.7077168000543314,0.19513697273712388,0.9222336069379435,0.25508342496660746,0.22542029928397483,0.34694681033952157,0.9667261135880661,0.16363862161855802,0.0
0.8838036389258526,0.33440440207127553,0.7562380842972461,0.9067667138428805,0.03298661505780792,0.012327474780489955,0.9280453352223009,0.0802777833343335,0.0
0.8803901562662491,0.9738098739724456,0.8155503602104008,0.5788561249272128,0.3583325682924978,0.5810727922184042,0.2889503729322055,0.2557493682196128,1.0
0.7898014147369493,0.626413011679994,0.696476109165215,0.6818815483525243,0.7439349066110672,0.5948472184785308,0.7610958789949581,0.2756162775966341,0.0
0.420297952175694,0.12169938894926774,0.6252442835137348,0.7187392145757258,0.15269463302185116,0.3851079668819496,0.23963165131880493,0.3912154187753796,1.0
0.4246179297640195,0.7152930457871266,0.32837090024212123,0.12685847533727462,0.3535003404210608,0.38843218801136764,0.1002891787157798,0.5648916805024905,0.0
0.38165850635528026,0.7839201115808687,0.840169999570199,0.279556340204613,0.5035660631776913,0.8383614057130973,0.8408775365640235,0.10854620498356371,0.0
0.9004266919646932,0.6889972641025082,0.7246851176885407,0.6987021014416821,0.42086842129003393,0.32582673087657565,0.05937580732530523,0.9529707013929174,0.0
0.5822085049757738,0.026070931580263523,0.6620588636379314,0.34028711611848084,0.10995228798507345,0.21261962420648484,0.693307221134214,0.0020528695165129562,1.0
0.728504901492626,0.5378727746609063,0.7672080921450944,0.24614152068347595,0.952336275512343,0.21979495418782885,0.26939455810658774,0.5975683956445493,0.0
0.8986447410029649,0.7394157189071063,0.4415515710819259,0.9871770009987917,0.35931217433803625,0.03787542739985944,0.24142839284970208,0.5914497942963067,0.0
0.5182946434824687,0.9535064670287983,0.8404239005451044,0.5454458152222212,0.885090778065103,0.3420130082370645,0.05770157089878741,0.8173987984503878,0.0
0.47996664777803955,0.851352047304002,0.2808200497401826,0.0914707438941732,0.6479117569176054,0.1825910035380537,0.08357681570065412,0.6881905409640402,1.0
0.7840486074412703,0.9520997601775865,0.2175196448251691,0.41028874761079226,0.5158981676697104,0.0470731466604975,0.804551856327347,0.605634014122542,0.0
0.9237565340854828,0.7446541688589772,0.41297298674037314,0.7625467727623021,0.35564820362220745,0.4770169771395462,0.7036484853535564,0.8019793562841311,1.0
0.7344930207583891,0.17015153357327956,0.32543392658255654,0.7749309931808928,0.47679432146892087,0.01135461613072336,0.5794183090962124,0.9532540857354324,1.0
0.745208867892093,0.25012649477535426,0.40873334454707194,0.5189201377881474,0.10781848738425548,0.36134495917548703,0.9211058794116422,0.451641295433178,1.0
0.441195087683554,0.29774109267062987,0.038537498547431714,0.8350078457536765,0.09389677839093069,0.44209090060127815,0.79717821575899,0.6850933167970235,1.0
0.7444477517227914,0.460384172464012,0.4345903863592829,0.012103815967667297,0.8518852640399144,0.4126037592085966,0.28606775282303426,0.8105759036626593,1.0
0.3764596239677578,0.4143406051679951,0.18745983880869765,0.2898938999430967,0.229618648812294,0.8891132155963011,0.6932980540855869,0.840753002207064,1.0
0.7158121154625697,0.23739366076676272,0.575303527074546,0.526009038202122,0.24149040214260964,0.35855850310826615,0.09516063169298716,0.3690764337580764,1.0
0.23533823376480056,0.8702025562297814,0.8512034163344553,0.6816958500406547,0.623567007759902,0.1363296778397285,0.6971607150297929,0.7613562107846079,0.0
0.17319491577582385,0.5543030257337891,0.6906393051443999,0.5998265047200532,0.7723344606409044,0.7733759335941066,0.8106996124838535,0.9336072159655405,0.0
0.2955391005193312,0.5454606029168394,0.19387422111829977,0.07670534055080774,0.5055170499742363,0.6217505937435664,0.8524388516188175,0.41763517433137964,1.0
0.6591512745578681,0.052574838981309546,0.7623019930563257,0.8015452752380586,0.7428910902017638,0.05622709126141062,0.6285995249802075,0.5064636634594227,1.0
0.6209126814846886,0.45141830773617087,0.8637103608046937,0.8452790846664924,0.7061123490326788,0.08863572691404037,0.23196633193049704,0.570869423162836,0.0
0.40284613409227416,0.8425929809602135,0.18025377362645412,0.19982279075381582,0.5477512840746093,0.2520844697058131,0.8745281053377224,0.6446752082041434,0.0
0.4696338789812027,0.21147643427554458,0.3264665102756935,0.12404381949593524,0.05238265556021948,0.9099231582276197,0.3872028001166715,0.5216147239836504,1.0
0.27263770127530074,0.6897665859471604,0.6415125175568411,0.0841781059037473,0.09026544352114774,0.4284730019122894,0.959986666111088,0.8870129956725544,1.0
0.8371489951887059,0.30598249938809974,0.44389398665918844,0.3501620217771063,0.05774342493835011,0.9858262957829881,0.8846201925080212,0.2554101404919552,1.0
0.4276923721781134,0.3832587284049659,0.2081024921561313,0.16579861548644342,0.7569966743276884,0.06230142222542939,0.7030851285470228,0.3237532755896061,1.0
0.7967045182020573,0.6367476215531169,0.25080110135185685,0.6620139512488874,0.8600195496677777,0.08429619897997082,0.31273303054293927,0.9511978822854781,1.0
0.6295128432052939,0.9791157524089754,0.9198646604333137,0.4490686566451478,0.22502044383689296,0.6267467415735106,0.8087886995291471,0.8085613743807218,1.0
0.906135195879308,0.6160595536871435,0.818648641908359,0.6395728408260392,0.72672759045038,0.47129416995816736,0.5378107421142547,0.6739346415688158,0.0
0.8295951360723965,0.3626226919680994,0.6502252741042761,0.49277938642624924,0.8055084001483737,0.17279211228385932,0.42176674028084504,0.41518056583518365,0.0
0.7737795081741066,0.38212784122131566,0.2157208479496634,0.17917048564087806,0.4762572893356138,0.9902600055607084,0.3910004583524313,0.3439885846118968,1.0
0.6833486140204549,0.6885475638937985,0.1691343966575276,0.3541386184841447,0.888241861867057,0.2855134528814869,0.6254443935163965,0.47670997446206986,1.0
0.5024984984602586,0.4987796506142628,0.24510995212228848,0.029873287430479234,0.4775048807836424,0.9529960968921584,0.1996274844785199,0.06491001713641792,1.0
0.6733556813382486,0.7583769273529752,0.8744514067493618,0.33472041129523245,0.5564210098432896,0.9261102314910128,0.40045418559106627,0.22857697718922737,0.0
0.39822690971448466,0.2159604285053653,0.6302063628592487,0.09861959833455147,0.7856297205893981,0.162642493149929,0.8644826867786157,0.8310904296106634,0.0
0.6428969742117182,0.9003523801989617,0.1801545479581002,0.5323445340365109,0.7120417250618356,0.7153962641378886,0.5014542272594691,0.6587735792442639,1.0
0.679648618477322,0.509679969545686,0.3014404171086277,0.5917297930392315,0.7036386580352372,0.5224749715066761,0.5938014083920163,0.6800499089836171,1.0
0.8727789945732338,0.0645760473847039,0.30786169745934533,0.4955404550404491,0.20617894738517883,0.043434278582995645,0.655110629609567,0.06156191447793935,1.0
0.787992934804524,0.2383910183134702,0.32255823936521044,0.45118694381697577,0.8239834729952967,0.5952937200077256,0.2647476978207425,0.49771875604275434,1.0
0.8445455375087811,0.6044958340346072,0.6221513080012502,0.7432206188794168,0.5733433593482595,0.2587806661388946,0.3974740614192258,0.1444393324131677,0.0
0.008662239512036762,0.580640220188513,0.9949198580277014,0.6600813623889292,0.3812129496914453,0.022657763873648817,0.5193483061794242,0.3926773485894128,0.0
0.6309578762391682,0.2632301854495701,0.4687409960665247,0.8715071142349694,0.4789403273454958,0.0706406275535218,0.8368223675986499,0.9595793909570389,1.0
0.7129554758978995,0.23173949031498653,0.6181143620930355,0.9101843586311912,0.4682569964089956,0.5636666610069128,0.7934780615858994,0.5026471431524341,1.0
0.2898977149005801,0.74512723011749,0.3591772865547097,0.7888421842896576,0.262115991511496,0.9184815021553051,0.2057469061210883,0.9103471958285825,1.0
0.29160167068845866,0.3780261187155457,0.3285958825061963,0.9071861267444035,0.07816364727602121,0.09308455884693834,0.9937980749197883,0.13199292539323743,1.0
0.2184737670926159,0.46264355763303716,0.3813810196684377,0.8956356917461079,0.9718230595866869,0.6452329130258531,0.45634818117421555,0.5990619978262754,0.0
0.7253092216824462,0.8366449391205732,0.2907667597194726,0.23373501646746103,0.45509095318427684,0.3469844830769819,0.6027442810117088,0.9767516486300869,1.0
0.9442257572959976,0.7314246470755947,0.23952678376710518,0.20870606742705705,0.8347681607869962,0.8034026971557614,0.3886595274803117,0.9934104805531663,1.0
0.2819477782517621,0.14427518891921687,0.7590936080097931,0.889687244250316,0.004439271058478633,0.35038723329293686,0.7813525563565149,0.7192603001873671,1.0
0.33113036760664116,0.6565811528359518,0.3328591372248544,0.5476232605705448,0.4757340544705537,0.19903807175011623,0.4658677444893537,0.5761895474518747,1.0
0.5386776475382177,0.49299460519029425,0.09213262492219804,0.4352850668049677,0.58625441844249,0.19423692013167415,0.7873461394224759,0.44712714955358634,1.0
0.6118710776916825,0.5095875872123736,0.7485868301537786,0.3376310996921387,0.47312318678688686,0.3286667777393386,0.7874936455685653,0.9225060510891961,0.0
0.9190200516572118,0.1458374591247995,0.9980284867873328,0.8981993895831205,0.05338242684396505,0.7076346190171979,0.0734197258219092,0.9803297926960186,0.0
0.22654785932429655,0.1483880610169383,0.8291010313632705,0.27902710001578435,0.6097328583535295,0.6905049314143938,0.2195249802075086,0.4746446026951518,1.0
0.5018153774648066,0.020392338212784078,0.2927085582934883,0.8653169936504441,0.44972063185120603,0.1122822674955376,0.5982407600316679,0.2776108032779233,1.0
0.6915983280381508,0.3252248368310311,0.5975589954966404,0.5023624804519367,0.851734555417524,0.8815765456964999,0.04460769198716613,0.760131823728271,1.0
0.7902078385680298,0.45680648077996167,0.35331448222507456,0.2716310015373168,0.3156528416269951,0.4634155271105753,0.1426117754906454,0.8408763577443941,1.0
0.6356662379585002,0.3842948440570285,0.6048985112435417,0.833631025412814,0.9578087496968581,0.1696626220649754,0.8324963540147506,0.24772208997619571,1.0
0.2857257689687447,0.633089493527131,0.8179813890850703,0.4247175064430682,0.9955936301196489,0.046759826217253886,0.5380199174965623,0.19716298933808085,0.0
0.894028434811952,0.16482255955342162,0.828556351424419,0.1276628143109731,0.8687426071848744,0.6540724759796503,0.9962498437434892,0.3422157655044574,0.0
0.07862391045517347,0.284207611773332,0.7582204751901338,0.21827297917128152,0.6092653432256209,0.8354518499967103,0.9508054502270928,0.5921482533522701,0.0
0.3743325310972595,0.6712946322147815,0.425997814912822,0.6265118827023348,0.2349221064607831,0.9983869701143766,0.9584916038168257,0.7612386896308002,0.0
0.8514075210693086,0.9183414504132517,0.2879836654386385,0.47073142585795935,0.27861911632742187,0.21052799137453493,0.5454918954956456,0.7671422522720757,0.0
0.45529550089880155,0.25605648489469207,0.9957715007961931,0.9710886298250059,0.9877310445434192,0.9351522190834171,0.3459210800450019,0.7196111966820695,1.0
0.5406031202314175,0.8491829207364889,0.8521627746680583,0.8036290755805393,0.7587523767121216,0.564248996631739,0.5777615733988917,0.09917701853000205,0.0
0.42506812639675035,0.282175731373412,0.6373325699501166,0.8456929266186592,0.6623415768473349,0.6371192135205863,0.11004041835076461,0.4397516552979536,1.0
0.4298932155871498,0.36742736969976264,0.33824783388243507,0.0978826413197314,0.39921281278009113,0.460739170945087,0.16854618942455935,0.7035799777293246,1.0
0.8151790281058527,0.0998092888843346,0.009440499885121079,0.894474546730317,0.45411506178788186,0.9469164599087789,0.036129005375223955,0.26835913797816935,1.0
0.7572389602341341,0.41745957078318446,0.5708473925139274,0.6458473215008138,0.1712225069530272,0.6963699399146368,0.7769382057585732,0.5253620651717309,1.0
0.13991830138184103,0.3369767722143673,0.9544612550296006,0.8045206927608166,0.7458076204435184,0.062346258089026496,0.4558614942289262,0.417460976309069,0.0
0.20729498942024654,0.6058746669059404,0.776549101052588,0.21015637124275943,0.20819281788508037,0.8847277905947624,0.9987541147547815,0.4299573923306195,0.0
0.3461842320287447,0.6382164475594869,0.9175007548048836,0.7288934635520639,0.79970319953344,0.6300706974019608,0.6668477853243885,0.3115710827949031,0.0
0.8166925058841257,0.5323269145309446,0.6290204304059285,0.1691446337830328,0.9904560050222057,0.7232133571608976,0.8600958373265553,0.10094900415408103,0.0
0.11013396069043241,0.8129549763549011,0.4450239388557635,0.3382083561587509,0.17247036373313746,0.6610865029724321,0.8646368598691612,0.41446043621185147,0.0
0.4906607411557718,0.5661752174303163,0.07238008418793873,0.5154035423279406,0.009710888857166922,0.9240361085229528,0.5480028334513938,0.9667106745880926,1.0
0.29892154428321904,0.387888994662531,0.9670308124884259,0.01835203359547749,0.8572187042136327,0.026919293323117488,0.1316279844993541,0.25407490014869344,0.0
0.3773021840770996,0.5780293574065412,0.14802400306060776,0.620423896189338,0.9225065815622859,0.01216325348127928,0.16883536814033911,0.5646933114627299,1.0
0.7717771014658847,0.727218596245136,0.6046263039287528,0.26012062431772454,0.8782181464855969,0.865670160857283,0.7481511729655402,0.7211173011142006,0.0
0.04253363342904992,0.786776265385773,0.8047323745763674,0.7949524546000788,0.9472140396756368,0.15700564348219193,0.14054418934122254,0.09348599414561287,0.0
0.4163597264757006,0.9405753295633554,0.6781177686641094,0.19045643318641065,0.14001282084618644,0.30265905854237285,0.7444293512229676,0.16713341734845605,0.0
0.8925749125074547,0.7355951253983988,0.27888674106292444,0.605504893813726,0.20371401234643238,0.6314778537363928,0.31134297262385935,0.5956663866162576,1.0
0.36522646190545927,0.6418663461247469,0.21442879178687385,0.4701409052262137,0.35564979561469745,0.5012904239084988,0.6023259302470936,0.9341073059817433,1.0
0.12790571816045998,0.4650858492033616,0.3976402331962392,0.11029312478528636,0.9654585389435857,0.7076744141624024,0.7405433559731656,0.8667576830496156,0.0
0.14081922522671664,0.48016646871716506,0.6583891057644807,0.6747120018145378,0.2542767551584536,0.20192560748615657,0.987366973623901,0.05737199362551926,0.0
0.27903463197950695,0.19088074874288347,0.44415372443811474,0.7136866287930538,0.24158273770703198,0.9103346400290346,0.3031976332347181,0.702735659085302,1.0
0.7334666148821158,0.9224099896096422,0.6141832745850165,0.8510909112614088,0.37592355464328486,0.14879219081294587,0.12159006625276048,0.5466658998619751,0.0
0.028145380881738125,0.9941485879572726,0.3774109316971887,0.1840432093443391,0.36317514411512014,0.948394716902643,0.8749081211717156,0.034992131917078395,0.0
0.731205020130183,0.9150271014724363,0.6282571356255701,0.34594507839784805,0.19125932443268018,0.36013518676126943,0.5889828742864286,0.6949434231495003,0.0
0.9385395377167682,0.17276292728820153,0.17921376127365435,0.7247404534487493,0.002730532452501544,0.6416680639184317,0.5514988124505188,0.7203313263054016,1.0
0.12936428096938984,0.9800029413685434,0.8169082130730614,0.39421549758525876,0.3975741218436759,0.9271541908002114,0.9430101254218926,0.576939682476179,1.0
0.8627104543245405,0.8667326439345954,0.5776019013123789,0.14483990815892067,0.5379647755741653,0.8187646844085805,0.5318988291178799,0.3275531262293879,0.0
0.41321073765394767,0.020644796830542655,0.5352030915959043,0.6856565297495327,0.18225368824860128,0.04793378300078743,0.26737780740864203,0.7027798337033999,1.0
0.06918967789584946,0.7432697611916683,0.1654468630627408,0.390460147152648,0.28415898486068203,0.2905210086530564,0.7705737739072462,0.559029792029232,0.0
0.4596491702799125,0.41947950519172783,0.4897996543550783,0.738174399896009,0.7678304485544973,0.09712084777454932,0.8212467186132756,0.1875412574263367,1.0
0.7942243247315799,0.9547639817210403,0.9596615821028731,0.18904512601620088,0.42314045990540383,0.504880476607883,0.9321105046043585,0.3938942342955065,1.0
0.8385001156663123,0.011974396289415767,0.9256858112069821,0.26875135128682304,0.9186255692036482,0.8022698620222726,0.34809533730572106,0.2600251378581478,1.0
0.7961999371793974,0.15623339175365558,0.5851273988601252,0.604829217241823,0.847972411831476,0.668568255571851,0.5897454060585857,0.5099326212051503,1.0
0.8501829437819277,0.3414642175083635,0.31611520365405155,0.18404161764452304,0.33704364871942777,0.875246199298332,0.6643335138964124,0.06085595407173283,1.0
0.4247487175895565,0.9172517105332318,0.9859736293194339,0.3277760902812136,0.8539039105172861,0.32809080933774515,0.10713863077628227,0.6738354570489355,0.0
0.3901252273532789,0.06794136588872601,0.8223531552966609,0.8891288228981935,0.6167859157485734,0.1950309659289885,0.1300887536980707,0.38215628813186375,1.0
0.4671016887281587,0.6551510849349368,0.3181196152166542,0.8685412469111076,0.6365481145236944,0.24689677457695108,0.6966790282928456,0.6694688377241237,0.0
0.4109754065830049,0.4540289050516677,0.7067971705296581,0.11440554654329227,0.07513488156371867,0.2027857132245104,0.4440101670902954,0.2396806425156528,0.0
0.2984105963075918,0.8043790818788867,0.4254958497670319,0.19066998624506076,0.7308919774722449,0.44526867559634353,0.1994133088878703,0.471764084201823,0.0
0.11299511018012115,0.8923366199852718,0.5674448010790659,0.4669792588249807,0.21947155401285584,0.39397405993254986,0.22914288095337298,0.11183179639001684,0.0
0.9831180242071552,0.3143874334541913,0.5948483306475191,0.9522551070351806,0.4808507183335447,0.16862370347416922,0.37426559439976664,0.08752242070239308,1.0
0.6395463652126668,0.5905721174190075,0.7883251184738561,0.09111844766822613,0.7276769486386077,0.4227886633712749,0.4376174007250302,0.7959165983210311,0.0
0.08172037191494608,0.3239123705784567,0.5528986895313737,0.04138923559942759,0.006392911175840288,0.17512198538510027,0.5755023125963582,0.1355010568569009,1.0
0.6453543527673962,0.19479106992015294,0.11319791594259337,0.40952022188295434,0.5988900628359436,0.5047059085709192,0.0005016875703154344,0.4953808352170057,0.0
0.39680336514687503,0.2929857917033231,0.1792710680767678,0.6870044342104041,0.8370906124978841,0.8272726211523401,0.5025167715321471,0.5176698472391698,0.0
0.7061067568227207,0.13827723938227005,0.03084963172419719,0.649574021336736,0.8017536858606126,0.0835934167156589,0.5000808367015293,0.5744358984617232,1.0
0.948882652812177,0.9877500495094975,0.9240488529884171,0.7603618994815038,0.6392706870137458,0.9916361216818809,0.5184124338514104,0.6633519033426016,0.0
0.14563794746414876,0.4557316070225439,0.30410863247396125,0.4300170709805269,0.05471810854310927,0.15317337099899608,0.74141505896079,0.5084290172231002,0.0
0.9885745029001471,0.012338085360214024,0.03408958857429689,0.09083379868446012,0.9398685863265888,0.7340264940158714,0.5701112546356099,0.5325133524034327,1.0
0.22324659421074194,0.6716110682530234,0.7439829183277238,0.9751347307573439,0.9842984434028097,0.2591083128344118,0.9031034626442769,0.9008629886712942,0.0
0.3282188130726279,0.7310705147978976,0.2924979027301916,0.3265653372878231,0.5072899989439783,0.410294579582862,0.4824359348306179,0.038405246277663285,0.0
0.28338485259442725,0.2946433643734433,0.014864217366826693,0.034991132905608235,0.4837558392957874,0.9844029560895062,0.9664094337264053,0.8319430830882892,0.0
0.6549907360834326,0.1331778938633177,0.39284582931168693,0.5503307419576051,0.9762241228254046,0.594936624904757,0.26203175132297174,0.855806545178132,1.0
0.9996874887251874,0.767467826790558,0.5416349843175688,0.7666809477511272,0.8321748050207198,0.22909932443761505,0.626336097337389,0.4673824621765251,0.0
0.7690806968842254,0.41855169986147955,0.9100288497304192,0.1732557291245253,0.07561354063905762,0.24197597222192746,0.007670319596649877,0.9819300807478679,0.0
0.06729285649100247,0.8673007421911709,0.11888296305886731,0.9401117638554153,0.40998211131105355,0.4126812270912614,0.5868152839701655,0.25932834576890507,0.0
0.5780713119955516,0.5008999313503695,0.8526634132674801,0.21616132408202027,0.12166351540597664,0.9919613806686858,0.9805333555564815,0.2009920118954745,0.0
0.11803587990228853,0.6034631694467201,0.27712880181556443,0.06631817283472458,0.9462920106918216,0.6634744769856716,0.9906012750531272,0.4165649816967054,1.0
0.3474027076528653,0.11448321375838405,0.4401732894051925,0.8257340720589035,0.24520929659934482,0.8470537266296378,0.9131913829742906,0.43411897474878813,1.0
0.034706791204266785,0.25803527199960496,0.228485142415365,0.6716434698525422,0.6879140175469413,0.3134345226598863,0.8176124005166883,0.10571236155841379,1.0
0.12016907443604719,0.4516917382054572,0.45962868375293764,0.7536685364718116,0.15339086440416233,0.0853566069491874,0.1282961790074586,0.2581881405319624,1.0
0.139769739145937,0.8411674259892741,0.23987115520433322,0.998235600753935,0.20337995925560554,0.017500843657078324,0.8613175548981208,0.6312469577857348,0.0
0.9721302551238054,0.6656696630752592,0.9616909327372011,0.2874495795922861,0.15071419436424044,0.10887527246409412,0.34585774407266967,0.6599337880818548,0.0
0.3804784977386706,0.9554472924277811,0.43541311041694414,0.8370874015633145,0.04060058447350945,0.9452914914795942,0.7289228717863244,0.5625929333946778,0.0
0.5278485216996369,0.5094484827794552,0.41501241912710063,0.03068929886949523,0.1901788921961059,0.20531270494499776,0.9079919996666528,0.0513534102805171,1.0
0.9398362738044455,0.9636390569144194,0.004306234820993182,0.6188390937391814,0.28661224528783485,0.5117225885733812,0.9076803200133339,0.8112585265347763,1.0
0.20709549156060386,0.2503686002005864,0.47441171648202024,0.16368457284745813,0.22744159908216321,0.3078183664676556,0.44387849493728904,0.026556446827095515,1.0
0.4577892241443346,0.161415562812819,0.6131538746031636,0.5521569522131923,0.6675115724587422,0.5034101786430598,0.2235993166381932,0.9422646076293733,1.0
0.9527678205707761,0.2780607355438903,0.530072275552334,0.4679260549322135,0.1313401764246077,0.5810693433058198,0.23256719029959577,0.6575958672561061,1.0
0.4448714724427664,0.07677449737904946,0.16527228956066375,0.45691600202145877,0.1065175641878105,0.5032419778293288,0.4002591774657277,0.9482681882738894,0.0
0.2540936854682788,0.05672301812021063,0.42568130094932966,0.30675769421058985,0.6327517430991105,0.4599085136141845,0.208089503729322,0.280072079641002,1.0
0.4047225281896843,0.3756074536614994,0.7133195337136453,0.7156340735179616,0.9674034231022521,0.3837077083726863,0.7113388057835743,0.04865042374294032,1.0
0.9719350018994743,0.3823245518793168,0.5171681630994066,0.6328479091033292,0.7137796501967968,0.9167472297272918,0.061977582399266595,0.6786579917718523,1.0
0.4404493583172568,0.7631505455070595,0.03937614116151339,0.9272240357283552,0.8246574164827474,0.9189439217425817,0.9766281928413685,0.5693599847972635,1.0
0.616639129595083,0.6350682806320438,0.049700916855787924,0.4200010346048804,0.7339114565616889,0.17659626286444396,0.34824451018792446,0.7756612856980923,1.0
0.30599018852547744,0.17879167093625242,0.42361533763523473,0.5919377751485255,0.19956103460407937,0.8471041338135635,0.7580490853785575,0.06982090109553057,1.0
0.9896420286810008,0.9527421890471717,0.0043677865724854326,0.6552651440289371,0.4413257901191394,0.05765175745973261,0.5686861952581357,0.5781657364992365,0.0
0.6227134680156118,0.7128279240999491,0.9292237103714172,0.7159065194698048,0.5466591772264413,0.9059279909500535,0.25304804366848616,0.8726395751235223,0.0
0.27912217758280755,0.6583473012943614,0.9918733116381097,0.464940556643954,0.9609126043882743,0.32549669647234614,0.5164390182924289,0.49827635641082063,0.0
0.7979765823469862,0.012717702419514476,0.4100230129263984,0.1914830795677474,0.39391731509405226,0.4850598412863489,0.8588224509354556,0.6991141738846326,1.0
0.44356889998153587,0.1873749984735677,0.5726087807818452,0.24290718665731104,0.5978289998413314,0.6773916351665985,0.8605883578482436,0.37856647529888715,1.0
0.3934073916079316,0.22254505895214005,0.20971849094207606,0.3187829863206665,0.7214641979462235,0.034832159995585366,0.10240760031667984,0.1653147566561981,1.0
0.931881031361488,0.2754857107360482,0.28401278153956844,0.7427651274487307,0.9148116858616739,0.7201249885920584,0.9641735072294679,0.26081444660038805,1.0
0.9435389222446481,0.1881915733507762,0.285776822900223,0.38762506449700296,0.6424957984664867,0.18276583687598558,0.02413683903495978,0.723646923112827,1.0
0.6705494468179031,0.5965098060661213,0.5053406756790458,0.8851983854858199,0.5682028155979179,0.889622328153951,0.24883953498062417,0.13602865182399493,1.0
0.33861763900650066,0.4836608039280543,0.33876173794554043,0.7295900975048779,0.5050206136494252,0.2813219628875782,0.1884945206050252,0.960397871616891,0.0
0.2853363236789104,0.08816592928928779,0.47255375563848534,0.9426884605742587,0.710048285132223,0.22242435208197586,0.4578582440935039,0.9717332453174905,1.0
0.8244965331941093,0.680595515634117,0.6255592056215851,0.00829593944112772,0.8608396911322305,0.8655080619658165,0.021585899412475518,0.8495820914431265,0.0
0.7364097388912588,0.38045142043146796,0.062425414930438516,0.23845812038821557,0.8319861539106499,0.05875063406931358,0.03601483395141458,0.35223673594580357,0.0
0.02371557335472635,0.5525944835004621,0.9987434952798827,0.9131802029682548,0.8136490537461971,0.9534654143046037,0.08674778115754816,0.9810674254699179,0.0
0.14828421229119054,0.9277548916180022,0.373083206825028,0.46264373380942847,0.36102993423479024,0.9021652273204814,0.022510104587691093,0.3784072799770625,0.0
0.8027035143458062,0.44973817041567266,0.6490364232489455,0.5167334075242304,0.3603145989425986,0.8817198082192363,0.4490962123421809,0.7201629626666134,0.0
0.4987831161141213,0.06455666833202633,0.9825633439156358,0.022727085823127713,0.38132545049407485,0.9124387420064819,0.6606125255218968,0.5197177158555206,1.0
0.42313363385351344,0.7754405814352923,0.4358052375234334,0.42691405218918416,0.9107616569670103,0.6713783234252265,0.8092062169257053,0.8386809625732632,0.0
0.08931110630052447,0.8831267915668732,0.8998802393938639,0.6341146368735833,0.0014075866932776737,0.4104062712904027,0.36122921788407847,1.0,0.0
0.09550164161270674,0.9159641981293107,0.3655248109273461,0.4511177048749786,0.6624973267792771,0.2559408845770996,0.6793458060752531,0.35946637061337705,0.0
0.4434293575956688,0.8430623256880758,0.06195608282531029,0.3547561980127628,0.26631168771899844,0.41641746062403034,0.37458894120588354,0.529307775399572,0.0
0.6303792793882632,0.5400522544209458,0.36764808104455443,0.13080058521496568,0.6002238872105161,0.9154554793139529,0.35225967748656195,0.24575673621251826,1.0
0.3266742963986392,0.7730009445297181,0.4652452810766038,0.12976173580170602,0.14078095722263112,0.20834244199990237,0.8201558398266595,0.8547671914277903,0.0
0.5983474042993912,0.24056651607638424,0.8601605227229434,0.19356237009408278,0.3377794145819083,0.23992280803034194,0.5058235759823326,0.0865272415701493,0.0
0.7147116937580515,0.7450282111223019,0.6980172907359838,0.5779111858030987,0.47648653625417964,0.8414670188448584,0.03192633026376096,0.6334073466557314,0.0
0.4906846172293992,0.9677875015197954,0.672582621287461,0.1782671959952833,0.29530452428345744,0.5640765510025193,0.6802875119796659,0.17926560114153878,1.0
0.1617206053698882,0.7269281759214473,0.7264974453370038,0.15137410118701017,0.34756220843320873,0.614352145648109,0.5273644735197299,0.11704773525901324,0.0
0.9147003393585932,0.5535849389188187,0.6339578359889907,0.13793033925755166,0.4168929507103205,0.5307563412237379,0.7588866202758449,0.14670223973648588,0.0
0.70867263886855,0.2592641163125432,0.8615772742443595,0.003973678590709018,0.2229001751722403,0.002179447452367811,0.39627401141714236,0.9671515872857115,1.0
0.7955499773973169,0.23120510630074054,0.6459232842316617,0.20056346173487322,0.9934067631024962,0.30048650891517376,0.23588232843035123,0.3776629793362805,1.0
0.6860020416695849,0.2781268366961741,0.6426278777433642,0.8276199710575917,0.9393257168874849,0.6146280586548605,0.16089670402933454,0.14375754302441107,1.0
0.7982925423879894,0.3211791277514936,0.6518022724269908,0.9901266860411905,0.9287429468099389,0.7983505708215628,0.4890153756406517,0.6159575390236909,1.0
0.434739793243814,0.8150346407203273,0.3719203562785174,0.9192411305843793,0.6672847135289114,0.6951296578890958,0.9359181632568023,0.3923847959299341,0.0
0.5675997966819686,0.5267529149546291,0.019030634200593977,0.04657685058315908,0.1843617516374969,0.4657578693573137,0.5038243260135838,0.49641185413374406,1.0
0.8970293919772148,0.5962573474483628,0.266955783025831,0.12210857780295026,0.5283783274633033,0.7452566839925886,0.2824892703862661,0.6646046288331899,0.0
0.1369497095608288,0.4512956622247046,0.8059275928542662,0.8777213756000376,0.910015012489181,0.12675549650545564,0.8077919913329722,0.06983590379601662,0.0
0.9354117720715731,0.6132081782787897,0.9363257743183806,0.06017288512835073,0.6727027946366835,0.7308678206905042,0.4907087795324805,0.07409583725070512,0.0
0.12904089281659148,0.5440751333836303,0.9292329961959956,0.8746793719683092,0.7907596510564727,0.3598009075415515,0.9710037918246595,0.05590339594460331,0.0
0.28018360170040096,0.4979057349784467,0.5668319366568803,0.17129979533393203,0.20686350415589638,0.5478088262448453,0.31139964165173545,0.5489571456195449,0.0
0.6837362022823404,0.19967193653015136,0.08270167617092916,0.9598408830750579,0.9634223805488236,0.49600536332436973,0.7926396933205551,0.40920949104172083,1.0
0.47945596509211924,0.27042512332245094,0.3006418361948707,0.17406882244721195,0.7412027821660756,0.690867067235755,0.30381849243718484,0.13492595333826757,1.0
0.6458424858282239,0.39577042883985303,0.32685598428944607,0.6683802199463862,0.8464443643731185,0.9906704261582511,0.28911121296720693,0.9613422082641543,1.0
0.2633692747828339,0.932812027967424,0.3015414999418973,0.29368639003808145,0.9634229112129868,0.5006783745752532,0.3206791949664569,0.505604342114914,0.0
0.6233997724875473,0.24729449841967804,0.8459601091588476,0.5751678911701779,0.3743456247535728,0.636606652050352,0.4981540897537397,0.20377001193548172,1.0
0.36008196390786595,0.18902566901533702,0.29297572473207745,0.3547246292997449,0.7342879627855836,0.5045268304174988,0.9907321138380766,0.6136029485307355,1.0
0.660506904960493,0.8310035110595988,0.5516464297596351,0.9976482635218216,0.334826799177046,0.627480033449146,0.13071294637276548,0.8752925526594788,0.0
0.41163279447688056,0.5038213899081326,0.9114800914574128,0.5558520833360967,0.7678853722954038,0.02010344615345433,0.5987441143380974,0.745709227660979,0.0
0.3084862993783732,0.12510691662282042,0.8522479389449074,0.23324132424119026,0.16095946203389772,0.2552205924488977,0.5733097212383849,0.28877114547285176,1.0
0.8406956532812092,0.9045982510006758,0.4882754525778245,0.1252901204518836,0.9932067027129143,0.9404709728904859,0.7227059460810867,0.07781484000453409,0.0
0.3171172347049873,0.16589504411256412,0.8395934825185066,0.5910806447975955,0.7980339954076323,0.5862103454643086,0.6244060169173715,0.029554486474231978,1.0
0.5971180517972847,0.5817472153894101,0.586115410595285,0.20348741429691303,0.13343736119815475,0.8170654317083472,0.9777540730863786,0.4952058037113347,0.0
0.7751820948548653,0.949868514454915,0.7480493135653162,0.30653803963597825,0.9418437183425661,0.9237169514584125,0.18208758698279093,0.29135827782334156,0.0
0.6174360598748257,0.028069097737853932,0.21810305991797696,0.20919710682030107,0.08804594065794924,0.13468826075052587,0.11569648735363969,0.49754372453708334,1.0
0.5557986493570439,0.2110116024777578,0.5217903812653448,0.3009771710453887,0.49023604472649834,0.8629070512752488,0.3167340305846077,0.19529682009428362,1.0
0.0372052896645253,0.24676383093608256,0.9342940359005897,0.9158237510793714,0.23966306009612448,0.6562919838781909,0.29685320221675904,0.07121365179065564,0.0
0.5225456457469816,0.39351980406450404,0.5265717849954871,0.6461722935465857,0.6356913572319708,0.8539258176045232,0.3904571023792658,0.21281497336187177,1.0
0.16869507176617154,0.9327684914655182,0.5734129331903494,0.7548455984857629,0.9330267332685569,0.7751481440605481,0.5913871411308804,0.10491805191601156,0.0
0.8525737346211557,0.5189821802973967,0.5215263985380397,0.8656785747919846,0.5264873057172165,0.9703353722597063,0.572631359639985,0.8794007921425857,0.0
0.4157286022628151,0.3337879889162437,0.4044979473021496,0.3466218161029617,0.5640479805309931,0.07694736216553505,0.817201550064586,0.2091576483767078,1.0
0.6585029065140295,0.15550866827680926,0.4129223126691015,0.9083279060790995,0.2691239424526555,0.6673404426918074,0.9590599608317014,0.32346405686356877,1.0
0.9676389003847762,0.18588626248156997,0.5690801674419887,0.9481697441740471,0.8266505910802784,0.40888211722906936,0.7458444101837577,0.9493717202429771,1.0
0.4277478177268705,0.3170259047495668,0.9025041481104938,0.7260798688439352,0.5147198278949985,0.2507980253118348,0.25630151256302347,0.5462666613323732,0.0
0.3617047410454113,0.4590002957296531,0.19584706087733528,0.22547064573935122,0.5695087801039147,0.8316532707364543,0.11782324263510974,0.239774826135371,1.0
0.1809734752739382,0.272496027294201,0.07865199541757822,0.9063855017369424,0.6226187109000011,0.19931637246557987,0.14223509312888033,0.509197488881332,1.0
0.19770184832644644,0.389432151281911,0.8833007975727385,0.03923805329806834,0.8547667704468882,0.8257999354788046,0.7582240926705279,0.01739396424689771,0.0
0.7191229310055753,0.874354982832283,0.5859339390520925,0.1538441540181799,0.8560350577972874,0.13589856376667947,0.45002625109379557,0.34791512472245,0.0
0.9955388882875655,0.04482162511142951,0.5552697585101929,0.8817266229037645,0.22160004797204036,0.1574383493610491,0.4104537689070378,0.2818498996486034,1.0
0.38443025321371954,0.36142703096454054,0.5693974773333021,0.282857525623051,0.9815278458059753,0.7095408064724946,0.10444101837576558,0.34343765211071325,1.0
0.3075026051449225,0.5919705948094932,0.2762487709547897,0.2771064489044463,0.32861298715633525,0.2210267465823929,0.9717596566523605,0.7494057263640789,0.0
0.7328601626119788,0.7320461040936523,0.6786727956646342,0.5197701054899053,0.39275914055754757,0.026041412419905652,0.3784707696154006,0.7627873017143085,0.0
0.603533818070686,0.4011904578606481,0.3475344543888256,0.14443561640565006,0.7435438071226805,0.024784681734346725,0.26021334222259257,0.2982186793622852,1.0
0.5673692599266102,0.6540286926784876,0.46541852803231254,0.04212539676433957,0.3771838820312338,0.32767296031309756,0.08316679861660903,0.7974443733205311,0.0
0.3992270519097676,0.024417340907268825,0.890935867850512,0.3374618489450346,0.6287664552323752,0.4980471195743299,0.10037668236176506,0.0357005927733659,1.0
0.1587414019605971,0.6599087751005188,0.21502281925062866,0.4501764797171019,0.844007819867111,0.05157981420442609,0.5361990082920122,0.5926166710007802,1.0
0.9078484368069306,0.41120093316775297,0.4617482395403145,0.3665236347526432,0.021462977418647777,0.3865721629245081,0.8464269344556024,0.3778471791589153,1.0
0.512537326261771,0.20507205556531877,0.7732364494615017,0.5412466458242419,0.3157738330562382,0.49470777628973417,0.9863327638651611,0.6685886792956066,0.0
0.605363786469376,0.15148817851240015,0.8925789281823715,0.9486843937812288,0.4730075019992772,0.38415182219316885,0.1717013208883703,0.7353298593746874,1.0
0.026125730342563325,0.05475272594249886,0.3360094195404525,0.4846389030004868,0.9987728391222602,0.46164039833348547,0.31133213883911826,0.4090761337040667,1.0
0.23648799935481546,0.19175519531164958,0.13009519827357946,0.34773361842445594,0.24976159912461637,0.33384306492657534,0.7705746072753031,0.5797968634354184,1.0
0.24001078137369136,0.39450787028458534,0.12311623782960035,0.07426818284916925,0.5487300941239026,0.6996082035304131,0.1924071836326513,0.7203104892213932,1.0
0.36904000144317606,0.7305868348803835,0.16934478691155064,0.8886245193398159,0.14238648164883722,0.1826321251880984,0.7769282053418893,0.3577068872397031,0.0
0.5876538415010728,0.5364113817158372,0.22290515777146575,0.9041857725911944,0.6573713762934276,0.12755617482697074,0.2638184924371848,0.8829681009248331,0.0
0.572434701591526,0.7791111863856048,0.07872522077711203,0.1383945850372259,0.22188103464653253,0.8784828711083001,0.0565498562440101,0.45707227300914166,1.0
0.280649981005257,0.3369526147651391,0.5507934604447751,0.6638483852868575,0.6905373558384468,0.39239631507567446,0.7149739572482187,0.13008841591486464,1.0
0.9292581120286598,0.1973987471044244,0.9082263385250822,0.8798340918225096,0.41683165899945396,0.4994237662974385,0.23529480395016455,0.4998283024277703,1.0
0.9770924990927092,0.057026977234125975,0.5318050104186952,0.5851377682511596,0.923955294728223,0.3549114107007554,0.8074486436934872,0.2892954065065045,1.0
0.1397816771827507,0.04246906120966698,0.04630575408058929,0.37109420077436195,0.8356097941500644,0.9451426576365293,0.22725780240843363,0.42935311689437433,0.0
0.6847273246275863,0.856892598104463,0.3264980820792606,0.6549332746172957,0.86616543667558,0.35202175255697077,0.2496954039751656,0.525027004860875,0.0
0.3605194266346622,0.5423020827968698,0.14951318401373664,0.64463922134045,0.871670546706141,0.8484067615665917,0.6496204008500355,0.783280990578304,1.0
0.5361650887234897,0.2667062034736819,0.8454902464351719,0.6817287451701859,0.17576499219127684,0.021095937074855187,0.2759406641943414,0.6184404859541384,0.0
0.3850404195397542,0.6150229071021307,0.4094533939158216,0.615944587623738,0.647118944657565,0.8622042690109368,0.5050993791407975,0.9186453561641095,0.0
0.38327279422220245,0.9105125785979865,0.8123048318655539,0.03926405106173014,0.2894581971958644,0.3283046419179774,0.7011342139255803,0.5361173344535349,1.0
0.15064741300089352,0.6403425685580444,0.6269374872983186,0.16786809053057988,0.5372892400942247,0.4667235648809436,0.7324996874869786,0.6754840871356844,0.0
0.08572518533138934,0.6230726470246252,0.5985371907886743,0.9402133673603383,0.11488242339464805,0.05130761541122714,0.9618759114963125,0.6492885386036154,0.0
0.46414185146747655,0.9178099865302309,0.36379287198880605,0.35088306179376616,0.17542987777212327,0.39002797333406913,0.9166340264177675,0.2998273022477379,0.0
0.10255330731371887,0.41957029472618984,0.01607747667533521,0.4214282587732504,0.7181990213491499,0.17371217604098793,0.882794283095129,0.5787625105852386,1.0
0.8437586882379033,0.3809027134390279,0.6383831946738633,0.5020279582072685,0.2276493541021135,0.8000707822982704,0.39417309054543936,0.655064578290759,1.0
0.025277599149375107,0.7987987111071704,0.7065859843478141,0.5629197610858576,0.5423836160623552,0.06360458058039359,0.6006508604525188,0.7951156208117461,0.0
0.3163189779767097,0.7520752841685882,0.0436298447463192,0.4029006076314048,0.35154510831120905,0.5327858936291687,0.8634376432351348,0.2630740199902649,1.0
0.06192180108365547,0.6045136202884346,0.9192425101865496,0.9969182038728709,0.061994310218840554,0.40726139361537306,0.5124405183549314,0.302466944049929,0.0
0.6371181685247558,0.787136237925921,0.8499227684704336,0.16090785251840073,0.5652350762644003,0.022683232766579686,0.9479619984166007,0.7966425623278857,0.0
0.2565961632741419,0.10965437857749255,0.3465883615189062,0.24773560804922595,0.7397867048461844,0.8958261259903686,0.49581399224967704,0.8704050062344555,1.0
0.3172848977997933,0.9865360713191613,0.5353585628302768,0.30074663985536754,0.6135172898344381,0.2771450644469111,0.9984399349972917,0.14569039093703534,0.0
0.8327876324060928,0.013675770927916775,0.49547461971895257,0.09745367821931239,0.1896986411282769,0.1386945706687494,0.43588399516646525,0.6682994605695692,1.0
0.6058787137906079,0.8046230455694441,0.5195580690366567,0.7915446252939671,0.6753648714121132,0.4571310777798766,0.5362231759656653,0.9928587145686223,0.0
0.061248761097068505,0.29608378546698466,0.20515968169254578,0.7121421494049032,0.283491940007355,0.08291530744137376,0.10640443351806322,0.3362630273449221,1.0
0.962876419565222,0.15307965003023655,0.6229514807706491,0.18790812178095295,0.31415318470137665,0.2628578114155823,0.910173757239885,0.728048548738773,1.0
0.6317510924630133,0.5896095359805296,0.6229355622142287,0.9213249309268601,0.69027786106257,0.033888219151334,0.24150172923871827,0.8155184599894648,0.0
0.391152163808966,0.3263448398892049,0.4027293956838426,0.6312628413698699,0.07529408081272271,0.8772118141704677,0.695455643985166,0.11188347235835783,1.0
0.4395211096325632,0.16566700841050885,0.012136307414916614,0.19265854988188263,0.1495618571335326,0.7468222250049347,0.5933622234259761,0.2945488521267161,0.0
0.09297475715380227,0.45285209216783634,0.9422862124607276,0.2149940775502679,0.5066900831073147,0.33264974117237556,0.7180057502395933,0.08968447653911038,0.0
0.2295193693320855,0.08490971750650517,0.7893813146923501,0.8400331073561733,0.5435593025162503,0.8182645920838436,0.13168382015917324,0.18875897661579083,0.0
0.4379617367349841,0.9588699516904109,0.9172452619743361,0.43275240711436763,0.02451748034287271,0.7117820690504135,0.7672353014708946,0.45749984997299514,0.0
0.096312632246919,0.5435176537860562,0.5645364808210579,0.5973262095923789,0.753687452605057,0.4617645591865236,0.398589107879495,0.8795691557813741,0.0
0.48976724542269146,0.5531304603135583,0.0002692889127784981,0.7832590319016435,0.43181443098739086,0.2447868359782071,0.24234676444851866,0.019906916578317335,1.0
0.8743208583501527,0.977117055318435,0.352215040594972,0.79808412398811,0.5744582847554514,0.9928318331447927,0.6117346556106504,0.07053269588525929,0.0
0.29549904177357844,0.8731272003852448,0.9680480082436898,0.11092423376234067,0.5718482130680296,0.1380567871416049,0.7189199549981249,0.45036856634194156,1.0
0.7694706727534737,0.9691615559945781,0.7517936233446691,0.224802397099923,0.34114886668707955,0.855452889976505,0.05220050835451473,0.36177928693831557,1.0
0.533480887468351,0.16174739590661308,0.18550132575044054,0.3780629278522266,0.946229126988465,0.6079074545327201,0.22600691695487313,0.41554896548045317,1.0
0.5625993509952609,0.4940848760032641,0.3978893586042185,0.29636946536129594,0.0557985407796836,0.3038704227623986,0.10197841576732358,0.9479781360644917,1.0
0.6338245968127034,0.4352001643768413,0.49933752274363746,0.010698079746813638,0.22906861540698487,0.6451771998225667,0.517883245135214,0.771379681676035,1.0
0.1934816196679422,0.47215123943642523,0.05115428105697095,0.8427270592947973,0.820254495919458,0.9433699165681516,0.4385241051710488,0.0369766557980436,1.0
0.1886130229655994,0.6535901420617294,0.10253540154293261,0.23719245375117226,0.5582730277733703,0.04301749076222028,0.6492503854327264,0.563680629179919,1.0
0.6230079395903503,0.664486744462502,0.09839525032725899,0.6696230722193999,0.733278374214816,0.54037641962548,0.41648985374390596,0.719023590913031,1.0
0.18564469643429415,0.7725146099474535,0.2982872163910192,0.6063503516993385,0.40867057483134167,0.3746052321595711,0.7491720488353681,0.8784089469437832,0.0
0.6390027866030821,0.458065588271054,0.5001923492234133,0.3752037044160385,0.8963856994498605,0.11981734558953056,0.21810242093420557,0.5622845445513526,0.0
0.632230470963511,0.6474262759778855,0.5888541982274157,0.2260158029263401,0.7306632612178424,0.6003002145754229,0.39409808742030916,0.39982613537103345,0.0
0.5424386597139541,0.6936588554041275,0.007304760232050067,0.006120351075922792,0.2973491733048331,0.9168777578035627,0.25449560398349924,0.20069362485247344,1.0
0.49456049984825434,0.10394631843128427,0.48343674204456877,0.8175731618188353,0.09421331956436713,0.7616082438561602,0.05868161173382214,0.2884377521287165,1.0
0.8472297387639198,0.710034420383153,0.015693043537782392,0.9616723989966985,0.7432506151724314,0.09681309865163434,0.6503962665111046,0.8287191694505012,1.0
0.7988737921359642,0.08825034762834905,0.8906862118239853,0.14290864571547568,0.08259681569662142,0.5812354217118068,0.0208192008000333,0.967744193954912,1.0
0.5577588750018571,0.15058718529613047,0.7645738363667911,0.9810959118516642,0.1653849358241294,0.611686932123278,0.7401691737155716,0.5760886959652738,1.0
0.5608150124261699,0.5092411534624526,0.9317905775942072,0.8497090505377956,0.15139211783291612,0.4978940409157765,0.5297845743572649,0.7916316603655325,0.0
0.829020253277389,0.6996533538768989,0.6801351803811221,0.09021674972244742,0.5702567512421521,0.3992612429244232,0.07647485311887986,0.33343668527001524,0.0
0.6933648921968747,0.011759368444637208,0.3155071147987921,0.9648181283997712,0.6071753224182791,0.7145534029624567,0.33726071919663314,0.17509151647296511,1.0
0.5782129766990745,0.8810484545338222,0.994847163286715,0.4381607378059214,0.9126492293960352,0.38618323170537583,0.3088428684528522,0.5750018336633927,0.0
0.5135958321925876,0.9931963597113211,0.3857687044364486,0.6269586197840329,0.7416235988476096,0.7578545004595013,0.9804066836118172,0.07269725217205764,0.0
0.10932005186944355,0.13560850490874055,0.21406584870048861,0.3695157651234695,0.3074676122394505,0.9307349579657147,0.11772157173215547,0.5363090356264127,1.0
0.48310926964682516,0.6648291962152975,0.8475164133582158,0.7249754944549158,0.95683869560626,0.874586661091809,0.5822459269136214,0.4736844298640422,1.0
0.04132311649613846,0.44461572931339216,0.6257213095877996,0.7329740513137493,0.37396593454469806,0.25743638613388575,0.8093453893912246,0.1733553706333807,0.0
0.823051234870528,0.39165437114443125,0.20301598276126465,0.693615824679571,0.943545292982338,0.5135733281263597,0.010612108837868173,0.42349289538783647,1.0
0.8847172966766628,0.6919858856784553,0.9125898801491887,0.20578317599822793,0.7131927356321351,0.05671391853774593,0.8103720988374515,0.4255515992878718,0.0
0.07867856013480967,0.20270117447677882,0.9538391047828364,0.34813525734469986,0.9994075134616232,0.12769121301969805,0.5336097337389057,0.07752728824521748,1.0
0.14925013211427413,0.1608665781424461,0.3940007205799873,0.9569630898076829,0.6001864753870001,0.28722544002818556,0.3924605191882995,0.873920639048362,1.0
0.630268388290749,0.6761056811418455,0.2233914696701091,0.0775765309167793,0.1462765152982518,0.5458578029259513,0.5291037126546939,0.3472633407346656,0.0
0.5543859816674201,0.4697357599800793,0.4845438776436079,0.42158238837210227,0.30739199259617356,0.661771244770918,0.36998958289928746,0.22294429664006188,1.0
0.5371899028615209,0.4918371713591405,0.6533864341000948,0.6124720291917747,0.28869510212897154,0.5080208441664562,0.7026792783032627,0.5026663132697219,0.0
0.2016933972575412,0.4671126857402559,0.43480900120078975,0.68634255237024,0.7134063279578823,0.6428038173625688,0.6356656527355307,0.25051842665013035,1.0
0.7010177043738844,0.6154848187686921,0.16944799221900964,0.6213338179174995,0.21408796607570135,0.9342711545685889,0.5401758406600274,0.4257808072119648,1.0
0.49983631625079855,0.7647061790507661,0.16257621672159456,0.14946406140777896,0.24873794795352017,0.13380693093472962,0.3050910454602275,0.5188033846092297,0.0
0.10959754490293583,0.798171148360187,0.16984940515007746,0.37026227233718567,0.8528041090387497,0.849772796250979,0.6016909037876578,0.2614245564201556,0.0
0.09120315249064592,0.6817497638675704,0.010606268833642074,0.4819436246453494,0.7057626413490332,0.2117642938855555,0.3230134588941206,0.7340146226320738,1.0
0.022128079748208296,0.8727369646669431,0.41577571390745904,0.8586016121266303,0.5965612431550956,0.37549982702376883,0.7826659444143507,0.7902689150713795,0.0
0.1935837562051263,0.1842645277855795,0.3354145961488767,0.48674180374075987,0.34113506941883254,0.6199584857045226,0.7378724113504729,0.975771472198329,1.0
0.7234293788188453,0.24599689828970567,0.05649177302473263,0.534572383212342,0.1528140324586042,0.39078036687940265,0.5601500062502605,0.12269125109186318,1.0
0.7389225629956938,0.6081810396410468,0.5122519822582382,0.023396660879069275,0.6339303482059041,0.26106809108525075,0.8359223300970874,0.8372507051269229,0.0
0.33691235677008724,0.8243819807727941,0.350068688570954,0.7325326198981047,0.9554027183802432,0.7466052088130859,0.945967748656194,0.29222510051809325,0.0
0.6338784506232186,0.34041748319729936,0.7384135460547715,0.38956295902301463,0.20712246826760966,0.8971035501514338,0.964902704279345,0.5161804124742454,1.0
0.2524186462584601,0.9089858809000587,0.16988071164437096,0.8933478885438733,0.5230939737246946,0.9534717815278365,0.18998958289928747,0.09587142352290079,1.0
0.760958056636169,0.9151574455116787,0.815818322576811,0.07847027036347792,0.16804356328249748,0.2825460615540694,0.7612175507312804,0.32016929714015185,1.0
0.667990992883869,0.6009842435028407,0.6470906450358247,0.8167820870102704,0.8047742262783832,0.8366236843724997,0.6409042043418476,0.3040772339021024,0.0
0.047759310076976536,0.6045069836265587,0.8087207688874998,0.8148701902479205,0.6706194071313835,0.726100096994034,0.37180965873578065,0.8178080387803138,0.0
0.7372294840858011,0.15573378384763914,0.19564648706643817,0.8566931640472151,0.5232030252102624,0.7875233730152835,0.5445051877161549,0.18072169657204962,1.0
0.7784464846991508,0.809687880446642,0.5793054521586358,0.7743842442940878,0.2899464082261436,0.535734183286888,0.4064802700112504,0.503418115260747,0.0
0.6288201717803911,0.3357285488487515,0.992423032453161,0.7027397133083348,0.27357833743978954,0.511526531158007,0.6131572148839535,0.9793696198649091,0.0
0.6572175778837521,0.55690698638741,0.4236426644904231,0.053055599400990305,0.06368951688865226,0.8907214700645001,0.7170707112796366,0.3793407813406413,0.0
0.9844662264979849,0.9723991851241082,0.12218765537174336,0.47207084125314525,0.7858565795192289,0.9764067849130769,0.5978782449268719,0.19237462743293793,0.0
0.07958001455909919,0.35406803481008786,0.9832802095731015,0.07026877177810115,0.3385671855323968,0.47630013392392867,0.6584891037126547,0.8322189660805612,0.0
0.09417572365726273,0.6325346685943072,0.5013008113688208,0.0001427224168370489,0.8415354555300778,0.5086907291107324,0.9598808283678487,0.11631510338527601,0.0
0.9602399704573382,0.8508829680426147,0.40249141326535753,0.62938967596971,0.5951520644693279,0.696573956359052,0.2061785907746156,0.17485480719862906,0.0
0.3090906293308545,0.2795274378184602,0.1607278070119118,0.09169411243502218,0.39873946034638574,0.5091401489505755,0.5127313638068253,0.18492578664159548,1.0
0.8537609060598537,0.47004184282579503,0.6241474949763689,0.28704316557259413,0.3224816934130249,0.2033314373157485,0.6148081170048751,0.7206955585338695,0.0
0.6910340568314222,0.8421371750225779,0.5242914517882641,0.33165108348332895,0.975512767514438,0.6403450079908652,0.3160148339514146,0.10494055596674068,0.0
0.8397676698862226,0.3130128480464587,0.5089990252537285,0.36162385215230974,0.6817617625691788,0.942107083960328,0.21570232093003872,0.22767598167670178,0.0
0.5480460882502128,0.9285335047892807,0.44926251981197,0.562940453183466,0.8882097566851745,0.7455055363006009,0.4657535730655444,0.6646696405352963,1.0
0.49073847103991447,0.8734513349512629,0.4092159421158839,0.6266418715206437,0.41645568343972267,0.18363363634241225,0.6079586649443727,0.6057323651590619,0.0
0.21799120511563452,0.35174573408647936,0.9839814219834202,0.8536068581039407,0.6594181479714566,0.5153232533114867,0.41735072294678943,0.19324311709441028,0.0
0.3364138774106876,0.4475939976968128,0.6393149608430043,0.15658081656853395,0.8470262376282284,0.7673114187659048,0.8994716446518605,0.8629945056776887,0.0
0.05492054042696792,0.9504044912680112,0.7477948819718634,0.029080090355492916,0.1473532328856827,0.6352727187830963,0.08033168048668693,0.15263080687857145,0.0
0.18008236714822057,0.29600573832332433,0.8935690623917206,0.584223867273458,0.5647542945324079,0.9449932931915282,0.7191382974290595,0.11971821594553689,0.0
0.47747531213986927,0.9855238476498518,0.534629758255496,0.050420275072256604,0.7752934440157268,0.49056032625651846,0.29291553814742277,0.8997936295199802,0.0
0.2091464462852013,0.717306078067319,0.1341634506760876,0.7089667082719313,0.9195621914519556,0.542997593189618,0.46142755948164504,0.9532040767338121,1.0
0.34889310522663175,0.16115540566728442,0.2450767884630793,0.471057459036942,0.7587452127459164,0.44367209437073796,0.3696637359889995,0.7549125509258334,1.0
0.6460695738173916,0.21347911336321063,0.9592516792750477,0.3010132495745519,0.09493979880398912,0.9716544486727523,0.7404458519104963,0.218846058957279,0.0
0.5408076585954926,0.2860122528706217,0.06472378916827132,0.8606944321014018,0.768844813102735,0.13994705653881995,0.481760073336389,0.6713200042674348,0.0
0.7653459483894793,0.6535712939420019,0.7842818051430733,0.14842441614461127,0.7782219142011568,0.6971058847999525,0.14524438518271593,0.08493528835190328,0.0
0.9607896507301834,0.08589167799766068,0.2793571344051474,0.5127040194399605,0.6457941415737695,0.6010409348781632,0.8405008542022584,0.7859081301300901,1.0
0.8313781481929526,0.32287227292926857,0.08766375551644306,0.33876624694426793,0.5484557407514523,0.08966111515547698,0.4621350889620401,0.8514816000213372,1.0
0.7934488829181019,0.9245631881886531,0.7753820055576988,0.5989240109243664,0.6080018318526919,0.6019578150236755,0.2500495853993916,0.48306278463456753,1.0
0.9305039124925985,0.1340998589311151,0.879860797530289,0.23546996926692942,0.6105511424934105,0.4384132985824439,0.9974273928080337,0.14005270948770782,1.0
0.5596814295082803,0.46137834441301906,0.1313158862417509,0.8609464512389393,0.001624893668168259,0.0626428645712842,0.4431367973665569,0.5576020350329726,0.0
0.7287269489773612,0.27241585641874044,0.7312409098410108,0.86155633755178,0.25374582566302506,0.27826463453199846,0.8120921705071045,0.3354237096010615,0.0
0.37017809428608417,0.8548559393079925,0.1207793937470849,0.8072984742230846,0.4242272601119383,0.7623075772078878,0.8104371015458978,0.5119538183539704,0.0
0.9899041349114888,0.35705718731898495,0.18156015649002194,0.15341810903409026,0.6980953401849153,0.38489413430171726,0.6452243843493479,0.8998086322204664,1.0
0.15819596632306343,0.49345625139038063,0.8422922084503126,0.9408147646074934,0.22282482086104505,0.7355604642130219,0.34757198216592355,0.4676375080847886,0.0
0.2305765488143673,0.851870503329746,0.9869229059006375,0.28010335437472067,0.6966766095442073,0.5442492831567844,0.49805158548272843,0.4784727917691851,1.0
0.617527319534024,0.5603261945858643,0.8464214819857656,0.32771109587205915,0.7612541929102206,0.6006076983973699,0.5593366390266261,0.44617697852280075,0.0
0.3437411791172432,0.5832157759293052,0.2482782754684964,0.26689436816812595,0.7123449996311884,0.811927878462443,0.6460235843160131,0.3333174971494869,1.0
0.07701492838239071,0.24534703635881933,0.14072640617894683,0.9938297756631751,0.16331720291164809,0.8712581951469025,0.6523771823825992,0.11131336973988648,1.0
0.29263205591033636,0.6943352639825173,0.36792824763755355,0.8394852973361577,0.3373201247485315,0.5234109533218865,0.32437768240343345,0.6627117881218619,0.0
0.9930024533992101,0.4231965667751716,0.9164543750295157,0.14451281384672732,0.03940261012475377,0.8141659574287454,0.2571740489187049,0.21870103285258014,0.0
0.3439611042843227,0.2805309010940935,0.013165707396769477,0.490175896093836,0.04968767760666215,0.6276790091751687,0.4756789866244427,0.4681834396858101,1.0
0.3076336582601665,0.7966160457494303,0.05114287275820295,0.6506656621272272,0.1458214707781818,0.8999669434993834,0.0815717321555064,0.9946773752608804,0.0
0.5210632068644243,0.4813785886421761,0.01458113237181713,0.2777945937915749,0.8970370897103688,0.06718561304686488,0.7769623734322264,0.9305358297826942,1.0
0.2781512172552915,0.34412020959109135,0.9193905527612594,0.48248533314940356,0.806026593703882,0.8796401139308478,0.501088378682445,0.5132707220633047,0.0
0.897055920947912,0.0414008241141251,0.10781770918177025,1.0,0.8564304025989808,0.7823900645848677,0.2858444101837576,0.05563001340241236,0.0
0.761499512928098,0.013152005572672154,0.7021579725702047,0.15790219269913824,0.05188144325793831,0.48977768840082947,0.14244093503895994,0.9797605235609076,1.0
0.8402109689865721,0.7614305882153061,0.15500880030860775,0.9894194407562696,0.04208034149300238,0.8095430880608198,0.5718554939789158,0.8483885432711222,1.0
0.4022651496340064,0.07858232407403964,0.5265362335528149,0.049159648817963975,0.590888443248917,0.057847018972202846,0.8516638193258053,0.391813026344742,1.0
0.48910508231409033,0.425232163705742,0.10082176894427602,0.44554914306861154,0.08004325974259602,0.6726170136449594,0.6266286095253969,0.38512182192794703,1.0
0.8031396506240676,0.7786787414977724,0.8177264268730702,0.14084925143684068,0.47172992802601954,0.9177434348622452,0.8018217425726072,0.7221874937488748,0.0
0.8631593245087366,0.40913878958967903,0.8309648290108262,0.5970174198280699,0.5650652637321292,0.1696902133656505,0.2941822575940664,0.18798467057403662,0.0
0.360978377827723,0.25414884280508865,0.9599542182317349,0.10665821297208827,0.8770687279077876,0.5530363165189117,0.15597066544439347,0.35984393857561026,0.0
0.7472855557182666,0.1464326349618285,0.992449828689802,0.15280583517152557,0.4064248040920575,0.6404426387471003,0.9582090920455019,0.021323004807531964,0.0
0.44574931608313545,0.8288258895648845,0.9815708219228236,0.34799731002731094,0.6799819149653131,0.035698102355235906,0.6519879994999791,0.5696700406073093,1.0
0.7811694182515074,0.5675320165842216,0.8568682999459301,0.8758001939220942,0.6251998613905205,0.5715885479122936,0.9142872619692487,0.8618284624565755,0.0
0.6589037592612637,0.8942477131390507,0.6608986661841575,0.8440977781196985,0.8522665462412793,0.817018208136038,0.18425184382682608,0.6681235955805378,0.0
0.4186502378056933,0.42994578643646825,0.25861366353371784,0.9408694129678437,0.14280782899453465,0.26555671816335324,0.2644035168132005,0.7079882712221534,1.0
0.23271000863783292,0.705887568576627,0.3756957072428901,0.35972946408793616,0.8464854908457778,0.6812350502904516,0.4466194424767698,0.0860254845872257,0.0
0.6715426914808047,0.29120716632058685,0.31114781812306425,0.7123023805197165,0.976981115254419,0.3135239290861125,0.3215458977457394,0.06476332406499835,1.0
0.6734673683048837,0.6328426097053481,0.6738911266252183,0.1658713031113752,0.9774863075379252,0.802027907539429,0.28580024167673646,0.308022110646583,0.0
0.8967532253922574,0.9532152503056845,0.949684096247837,0.5293314462847737,0.07418287005467433,0.20535090828439417,0.5489253718904954,0.47012628939875845,0.0
0.015100024831116665,0.7661436800130821,0.3063189240329344,0.5713647897430864,0.4637381257260149,0.6402118269049141,0.07835159798324925,0.8729954725183866,0.0
0.9514206794387743,0.6389820528734887,0.7757444180255366,0.6856170025374347,0.5188826229243735,0.1950434350744859,0.3374023917663236,0.5551199215858855,0.0
0.34693102255386976,0.18895744413125298,0.1474334246174107,0.6948573505360712,0.8057196044853858,0.7193524321731546,0.9812608858702446,0.4333046615057377,1.0
0.2526542235182509,0.8667398115294214,0.6979085139337777,0.7491629648592473,0.4361332412807898,0.8126410074645081,0.631575482311763,0.5113212044834737,0.0
0.9139569975996588,0.06422536617118235,0.41926028590788567,0.4114313227953963,0.7170588893941992,0.01496934182013443,0.32353014708946204,0.41815943536503236,1.0
0.19565513823716058,0.9951589533612568,0.34566216684451234,0.6841101933782634,0.1949156005181405,0.7955917060550171,0.1291037126546939,0.8195008434851607,0.0
0.6057723326181124,0.01939922812967715,0.6154352690474814,0.8879602499499277,0.9791175691760536,0.20778000394767843,0.3677536564023501,0.6441834530215439,1.0
0.6335359616115183,0.5870398205021882,0.47033311701783886,0.6257629879388946,0.645460619147106,0.9970015684593231,0.6811433809742072,0.5724905482986937,0.0
0.7100112907299287,0.7566152918246413,0.28578637403407525,0.5475174125327791,0.6964470972935597,0.6883689933207828,0.3290445435226468,0.09265917865215739,1.0
0.5483283564984306,0.6712991451448571,0.5057951504648484,0.5227144848662508,0.8757550687714223,0.47774788130646934,0.987710321263386,0.8311962819974262,0.0
0.5268539505882004,0.7950288216951945,0.3970141033103699,0.589420767172783,0.9006798338596638,0.27342554487512816,0.4960398349931247,0.664372920459016,0.0
0.12332230789311166,0.44145508546162227,0.5472306222086147,0.7961040494169735,0.3007923877287096,0.7695632933825449,0.741377557398225,0.877008694898415,0.0
0.7890530324735825,0.04883600914691283,0.9717649911678543,0.5726026016333493,0.2674489010210509,0.5217366389126481,0.18841785074378098,0.6835855453981716,0.0
0.12804446467720615,0.7988815366473814,0.09910893227344048,0.6600267140285789,0.4646039043085154,0.18539894898368509,0.2683970165423559,0.8306553512965668,1.0
0.4221634693951183,0.46926535338631686,0.584211285938131,0.20670742302473372,0.24806984177186642,0.9101908469043622,0.8839034959789991,0.21542627672981135,1.0
0.7185247027163544,0.8213577866891923,0.5601344693522686,0.6287399971614687,0.6788301083987687,0.6850654656668711,0.8131213800575023,0.6325280217105747,0.0
0.8249682182931048,0.6069437004009074,0.7297305041459881,0.47776382092846503,0.4586373817879243,0.9337596543022266,0.9442718446601942,0.7900705460316191,0.0
0.8412140293686318,0.6181670920324485,0.21462565126793953,0.7794251576114422,0.004663741999574367,0.1220342004783907,0.4722021750906288,0.0360098151000513,1.0
0.8644226340933353,0.6357603517324607,0.673802778637085,0.6837231450396665,0.69339975833554,0.4880335998369991,0.8305879411642152,0.1847432537856814,0.0
0.15395371861888063,0.20467120118801557,0.04132218468390786,0.6281614142783432,0.9541187764370254,0.17018287726328252,0.574727280303346,0.11396051289232062,0.0
0.2987926134856309,0.2200409136931324,0.1564661441488958,0.4786753343564426,0.7782572033680193,0.28861190288711125,0.6920588357848244,0.02441272762430563,0.0
0.05739118346799443,0.4698714133488224,0.7615071264724002,0.4472137957928721,0.05249674835533902,0.8273782109376161,0.27683153464727694,0.581168777046535,1.0
0.33017134531593884,0.5398743918826723,0.3803410073156379,0.42016922421877384,0.559941435902933,0.07726545802620322,0.1632659694153923,0.9623823954978563,1.0
0.5809539499515051,0.9454179690009488,0.0035050008144994482,0.15382399248717693,0.5206131187610478,0.2678489185271339,0.7844051835493145,0.024304374787461724,1.0
0.8356264975603959,0.7171847598882279,0.0971010716902801,0.9219509995211637,0.21049881900690443,0.6280239004336079,0.2720980040835035,0.03706250458415844,1.0
0.5882178474180945,0.013585777792879838,0.9852750700018519,0.5928333715783428,0.2526656587585324,0.12948517816551808,0.678254927288637,0.019200956172110983,1.0
0.24708420083067517,0.26262332908763947,0.2793507669825792,0.405096888094218,0.2641765604577721,0.5390613227269544,0.3184657694070586,0.30184099804631503,1.0
0.9157012774229971,0.375130144939386,0.6942928791521564,0.9933241456882842,0.6645127892716687,0.12009458510112209,0.8756173173882245,0.9631558680562502,0.0
0.48135862287051956,0.24590637422171863,0.5348404138187927,0.5901266860411906,0.7653474709341972,0.3764270539070343,0.3640343347639485,0.1364228894534349,1.0
0.014914322036236494,0.6436080716674533,0.46424055485720256,0.24957030737049868,0.5725359538237271,0.6921131858825926,0.24554439768323677,0.7647126482766898,0.0
0.49166088335105473,0.37434224044148134,0.466237007141595,0.7968529441804139,0.883079560886018,0.5469381084677702,0.682444268511188,0.43071669567188764,1.0
0.23771629069809397,0.8330314094623932,0.6057549295789595,0.22134363339969837,0.2127278738250432,0.08141741817587544,0.9341747572815534,0.08670143959245996,0.0
0.07210866054165793,0.7973590864130541,0.530200685240792,0.6284885085905365,0.4532246073217857,0.986379713602299,0.18798366598608274,0.3811060990978376,0.0
0.27729486208118714,0.952413010618128,0.4768663578820467,0.40930772995751485,0.025460735893221842,0.5598580003098715,0.789790407933664,0.5219539517113081,0.0
0.7047734107554815,0.7312443953390457,0.2150214927042603,0.4304990907414801,0.15781739952272067,0.4598655348573636,0.4897654068919538,0.21571382848912807,1.0
0.31150874500990067,0.9181611986767027,0.2587818696132268,0.7698590417171257,0.23865241019703026,0.6770419684907347,0.9862694278928288,0.6140463616784355,0.0
0.5980516062761179,0.271072861521537,0.1791543319963515,0.7265732957869032,0.8049917985853555,0.4944570668749456,0.7723321805075212,0.11953151567282111,1.0
0.15522074225937693,0.4953315065700297,0.3372033112719829,0.543965534393317,0.005632204097682503,0.3934439885984256,0.32140755864827697,0.7476154041060724,1.0
0.958542646912134,0.3246612515045312,0.13146790845556572,0.41605733302737324,0.4588252369017491,0.08823724486005902,0.5382107587816158,0.4052454441799524,1.0
0.6858123595291001,0.09271974120204274,0.9467521634644722,0.2618810443142493,0.46335153688301667,0.14383053210884555,0.7427176132338847,0.4084076800490755,0.0
0.7683599047503836,0.3022781801954576,0.23470558364591187,0.1950453037560137,0.257480374712579,0.028057169174998897,0.2552648027001125,0.12938912337554093,1.0
0.05259633730418972,0.8918688680562596,0.7107600951505179,0.7068539920494594,0.4154970386286364,0.0754377996574434,0.45316054835618147,0.020722063304728144,0.0
0.7303149731632933,0.9588386266463567,0.3889184561334994,0.5528286495355552,0.9547653907200635,0.03831980652131001,0.708077836576524,0.24509828435785108,0.0
0.5293593465808402,0.8957072478187946,0.17224965814900084,0.7004585421886669,0.938899858896399,0.45838197184413887,0.558954956456519,0.03846775752968867,0.0
0.09813251963674419,0.1262622267221739,0.25305251584824945,0.49243637511589566,0.03940552877765224,0.8643959203078341,0.3351639651652152,0.9381830396137971,1.0
0.3951368152076794,0.28860532939876615,0.6135184095451909,0.6782829803517922,0.2656820546891874,0.8362278553281985,0.9903445976915706,0.09549802297746929,0.0
0.5497338613659661,0.2931450715883443,0.8549079297227571,0.9322068520024247,0.5612487270693381,0.043945513548389825,0.2447535313971415,0.4671799257199629,0.0
0.8350168618137752,0.472518114104924,0.21011486299694415,0.97896807448094,0.4060193766712604,0.830068362753442,0.48493853910579604,0.09283087622438702,1.0
0.0024430529115014865,0.06492062286929967,0.09282216372447522,0.01928185157133938,0.48105157471937154,0.5442285896812781,0.14843368473686402,0.6855142258939942,1.0
0.48770461795098724,0.8876877710744543,0.49306561151399797,0.6161944844948541,0.8460450395901999,0.28006257919233896,0.027252802200091575,0.0902237402732492,0.0
0.4570034360322847,0.9552750046854832,0.5417822309644575,0.2390828625660058,0.32930046257995116,0.7733377302547102,0.16544356014833944,0.5636722943463157,0.0
0.3946749458278419,0.5237948220233111,0.3446582365529321,0.8130373479097666,0.8682607641245554,0.5594467838094248,0.8819509146214426,0.40321924613097027,0.0
0.6045206957806203,0.9857489632206817,0.31521686645339336,0.08897761141567112,0.7490414878549546,0.39922303958502686,0.43292720530022083,0.9812341221419856,0.0
0.0066394054963783145,0.5875073069647253,0.3188531953583612,0.19195661026301514,0.3530572358446661,0.9433903447426899,0.7809108712863035,0.289102038366906,0.0
0.21675071044583527,0.5060661744210309,0.6129060757415526,0.38731547888278595,0.43887412168447665,0.8644463274917598,0.17994333097212378,0.2584506877904689,0.0
0.9971982754046729,0.9358125955347476,0.6947951096072202,0.4316233613781998,0.049828834274112443,0.0004393384030579317,0.15457644068502852,0.9346924113007009,1.0
0.7281271289498985,0.19159750822547866,0.48317541241000045,0.4262619858312188,0.9515158687158086,0.438141630391181,0.43212633859744154,0.5175414908016777,1.0
0.3677339802157549,0.7833836038348225,0.8278530165399107,0.30730285139757874,0.7957693860905494,0.5345981645417828,0.3184241010042085,0.598883632387163,1.0
0.7076316420583935,0.7650879198418669,0.5767879324607488,0.4699183325352727,0.6130654292993482,0.684114096395515,0.8256027334472269,0.39577373927306914,0.0
0.6988683271680005,0.4955852925201635,0.5988839500093655,0.7634614695899118,0.7270852580964758,0.48059323418859295,0.8030784616025668,0.8416898375040841,0.0
0.6976986648499628,0.8424275953462664,0.4044793756529924,0.03479747609465844,0.23001319761774242,0.5165871471231824,0.6545897745739406,0.295201469597861,0.0
0.5772658924451859,0.966248061431066,0.8233894533196292,0.3047017486148896,0.07970204268556397,0.9383652791072304,0.33615983999333304,0.6772602401765652,0.0
0.4977500779951739,0.7017476188984522,0.8495858256928684,0.5011366063102939,0.25135836759212726,0.1662492598102992,0.4733888912038001,0.9808290492288612,0.0
0.5236850650384246,0.5432288262612179,0.7127873233106564,0.770952274207433,0.6130760425826152,0.8614959154262962,0.6034101420892537,0.16793856227454274,0.0
0.6981332093899822,0.14369408280536472,0.003832923076759809,0.6659374912953916,0.7956521093104496,0.5626863739300412,0.3203991832993041,0.793148600081348,1.0
0.8344796501571576,0.44763806513166865,0.3828176693853792,0.03566972759384068,0.8862776084664283,0.28166685414601744,0.9836326513604734,0.29934971628226414,1.0
0.038026626597309376,0.04524610600501089,0.6823696150839995,0.6369383123472134,0.4527159657212177,0.4414698310351195,0.36243426809450396,0.24591426456762217,1.0
0.7495468851804925,0.1523193540457356,0.8546343958615998,0.3373048012298534,0.9890245384415773,0.6705962161714736,0.6696187341139215,0.8877056203449954,1.0
0.25383768090105124,0.753752766824336,0.2159235442347499,0.5858474010858046,0.8501709534602222,0.6080273705702698,0.24446768615358971,0.668846225653951,1.0
0.2804809914619161,0.4971786223033251,0.3543367188565382,0.44980057327721706,0.5276720134618885,0.8744049299287084,0.52773698904121,0.3795599874644103,1.0
0.8422491898052349,0.015266976979278146,0.22001514385334126,0.3411201056888678,0.10489983448584739,0.32310129403200166,0.26272678028251173,0.5364015522794103,1.0
0.9933696143536588,0.5916581407683768,0.029395471595193234,0.21239138306776262,0.7651296332951432,0.7140145766963875,0.2830026251093795,0.29185003300594103,1.0
0.43030865926826734,0.34914495903055887,0.30521284967098994,0.9825791107968977,0.09151303496917634,0.39234431608594056,0.8415950664611025,0.17062737959499374,1.0
0.9756708115530484,0.16625979504926258,0.9644244141838583,0.22251777729732025,0.9447501659652171,0.758379531075233,0.8056710696279011,0.4234170484020457,0.0
0.6236793878386954,0.9485496770069397,0.5983782705337439,0.2661767768344009,0.6512591864599977,0.4257762175722627,0.6404891870494603,0.32936178512132186,0.0
0.5382139211304313,0.7008174243699286,0.23031896011499564,0.48503550153798,0.6651265023765794,0.4288107300445918,0.6355539814158924,0.38089272735759105,0.0
0.9468163112845752,0.2638123534293224,0.24619692421652845,0.29325530467124106,0.7192362044564116,0.5978376909901669,0.012021334222259206,0.1088237549425563,1.0
0.7993149689186579,0.502040640793596,0.008032768879009944,0.23952455926495303,0.7510463370640793,0.08465621239358778,0.35840910037918244,0.6040312256206117,1.0
0.38786336731163906,0.055569035353232266,0.046704248609646726,0.06336238627636426,0.2719428304883543,0.033583653640035405,0.1204600191674653,0.5630196768751708,1.0
0.37707934072324345,0.8314789615163869,0.5366299248697198,0.6621121060708757,0.5101354201878445,0.2215618586349098,0.9617609067044459,0.7074198355704027,0.0
0.6946526084345148,0.6529639066471212,0.5850913167989057,0.99682774226666,0.5455896236052156,0.9355247016425314,0.6023467644485186,0.2904514479272936,0.0
0.8259314852191187,0.7945894746790112,0.01986848088685461,0.12257521113234854,0.36867335551155755,0.32828447904440716,0.3601875078128255,0.4869818233948777,1.0
0.7517503814865987,0.17988804747814807,0.835635333464573,0.07846098544788443,0.011449079324209799,0.13214561627292465,0.3879419975832326,0.9416920045608209,1.0
0.755848311590189,0.045101161309641646,0.24868446396649035,0.09320145216079884,0.7334630453436608,0.6416306564819394,0.9227509479561649,0.10585905462983336,1.0
0.6089075263751027,0.7035161565551371,0.5501222279823813,0.3833237610274953,0.35719349766587366,0.43928454696145497,0.6405733572232176,0.7363892167256774,0.0
0.3880188270799244,0.6702855941431725,0.48262356912075977,0.15353828237020023,0.7169830044188404,0.7412432109482281,0.8385399391641318,0.8291767518153268,0.0
0.315811478767273,0.2224513492864526,0.6360742080650835,0.7003792224811682,0.6032444276282867,0.6664068485853092,0.266316096504021,0.8522517386462898,1.0
0.6505009730826452,0.682431481775461,0.4571249601372816,0.6793977007896157,0.0027273484675214843,0.5863188535602329,0.4477944914371432,0.8351194881745381,0.0
0.2132915979566326,0.3770003562560095,0.10510120752862823,0.35445616259744184,0.22367627151113517,0.04100306051196717,0.798252427184466,0.7455466984057131,1.0
0.4385923303684556,0.5584965996399213,0.11889914692456144,0.21384884953263716,0.25945842538145464,0.26485420120000935,0.46167506979457473,0.12110429877377926,1.0
0.5443521943703402,0.8513241733241234,0.8105649336488037,0.8020084598845221,0.523618535250163,0.7684068464629015,0.30538522438434934,0.4600103018543338,0.0
0.4409351037707218,0.9294634338513292,0.06674809892639949,0.8768987320784549,0.08645341750374513,0.3769499621150218,0.1518329930413767,0.8158101791655832,0.0
0.7249998938841172,0.6365463979650401,0.8744453046360673,0.23479959836107978,0.34495877004782877,0.8685579618942914,0.27286470269594565,0.9221493202109713,0.0
0.6562914515167144,0.9917893873936341,0.7568339689259167,0.9193005540441777,0.666281492928104,0.8361198778342103,0.17723821825909408,0.7885461049655604,0.0
0.6365196749458278,0.7289773116422446,0.14058950659373137,0.6919018292610135,0.1375237405880077,0.47822568834989165,0.016899037459894073,0.07867249438232216,1.0
0.20077629074054038,0.05567495647677134,0.824730857007322,0.8450795916228839,0.35498248542928873,0.2908433493292131,0.18994958123255135,0.4265576137038,1.0
0.10154016592279441,0.3909726532365407,0.7544666142769287,0.1393962947881116,0.054225917531604995,0.8825011195700851,0.5799649985416059,0.13794649703613315,0.0
0.9285787050891054,0.7818611536004951,0.26112428519048936,0.13170095674423116,0.7327883058599651,0.3064035164051507,0.6665011042126755,0.4940289252065372,0.0
0.07644269848445301,0.6305553505564442,0.259588409805194,0.31957804037877147,0.08507077202614471,0.14885188353075263,0.1250327096962373,0.4010705260280184,0.0
0.09606750455767726,0.4275234048517714,0.5786790569634929,0.24714004703472958,0.73200265756613,0.10601771573744118,0.324577690737114,0.0216588986017483,0.0
0.6171020601337485,0.41609985149805384,0.7334002620194386,0.1438557071060112,0.9959964042196292,0.8143840348244663,0.9211325471894662,0.8974182019430164,0.0
0.8103178595153051,0.4073126457079114,0.16154097993572086,0.7566444845611751,0.16599944492528512,0.9353931123623884,0.39496562356764864,0.9781944083268321,0.0
0.1508691951959218,0.36853356850123464,0.9138861812603569,0.9873860442412964,0.8737297889920088,0.4509519529334859,0.6992733030542939,0.2601276563114694,0.0
0.5015293951606913,0.21553010734933314,0.40462396920714444,0.46650705454622626,0.28387985551076156,0.6014173969517981,0.16785782740947536,0.1413721136471231,1.0
0.883276773567807,0.4818399693757874,0.7602474380409987,0.2805867005521872,0.8162312655650432,0.3432906976990978,0.5288012000500021,0.2683499696612057,0.0
0.900129567492885,0.6916277714036327,0.9008560469024347,0.032257919038188865,0.552167736574064,0.4617438657110172,0.050128755364806876,0.5541072393030746,0.0
0.570669463881337,0.11321348760829036,0.11658087449120313,0.25655017634707544,0.8746650845799078,0.1637583490214639,0.6173065544397683,0.7090784674574757,1.0
0.723638161818232,0.7552473430787845,0.31386405446693266,0.3578926425002421,0.9772395487019689,0.6557428108743684,0.06485020209175374,0.9649428563808152,1.0
0.10861915646362458,0.3552873223299249,0.4577280081163413,0.8148248268031637,0.9109102429327474,0.16907524572175658,0.962760948372849,0.5215972208330832,0.0
0.9150998656572924,0.26930246559952675,0.4460697880125841,0.910269249288046,0.892281012146372,0.15416214770684455,0.35896412350514606,0.9317760530228775,1.0
0.6130590449995013,0.47100946812729855,0.875706319613837,0.42490002135530586,0.06318485526930939,0.41285526452628923,0.5126613608900371,0.0036906643195775413,0.0
0.35327967053140713,0.87813336717146,0.04080217850750795,0.8887454885258339,0.17816810485499335,0.39750521581703147,0.5665127713654735,0.054018056583518326,1.0
0.9636741457140856,0.5590843424156493,0.9903411505826456,0.7214772035425931,0.16263105414844053,0.33785892567964804,0.25393891412142167,0.8396027951697973,0.0
0.8761940689710792,0.45749695908152843,0.9513574018368953,0.6460669760754254,0.8651879532866951,0.9285884078333826,0.04279761656735692,0.3348411047321851,0.0
0.09282248086200062,0.8950013724616759,0.3168933557537357,0.25893772607111454,0.9968550188359245,0.23850901917170914,0.7477311554648111,0.6631301967687517,0.0
0.3651195501535497,0.8482713088612177,0.542676323216737,0.26390621704683975,0.49735304715322554,0.4470700691692684,0.4705687736989041,0.5902770832083108,0.0
0.03954832835649852,0.6205111610070099,0.577999069295068,0.8186913309395937,0.8876833378351343,0.9007784991605878,0.717552398016584,0.4667040067212098,0.0
0.16216231273199588,0.15090654146559784,0.12833991211895618,0.8511033795766344,0.5847266363162142,0.5247382540649415,0.6267644485186883,0.663005174264701,1.0
0.37968236332804883,0.5755875967691667,0.14117398292363387,0.5141036541448526,0.16625602104826337,0.24722840078698877,0.27087545314388095,0.4859741420122289,1.0
0.17025099589756,0.07888707958738012,0.6452470108930681,0.8403514473193785,0.8954535878469416,0.4623442418016695,0.14068669527896993,0.487423569575857,1.0
0.8316397238440267,0.7230770537681107,0.053697801063677886,0.5836635889382169,0.14871014115136078,0.4373831349235827,0.6891878828284512,0.7701677968701033,1.0
0.6908897392308296,0.4186748763058959,0.9782541906926323,0.6122674957654153,0.8494826820403613,0.04310636658651035,0.1433693070544606,0.57435421709241,0.0
0.9708706595951042,0.4975723090858024,0.9691771645124438,0.0837000653923341,0.05617478167149653,0.6274646459930003,0.8725363556814867,0.1804616497636241,0.0
0.3841381692463438,0.4550007778167718,0.030689119613624805,0.9499354698366252,0.49933852712038806,0.8058450578674472,0.43032126338597443,0.1796556713541771,0.0
0.9446621588639659,0.06521183959241333,0.9839968099212933,0.1130751507803972,0.7155640084460508,0.8990797770622907,0.17301554231426308,0.820482686883639,1.0
0.7585059838746304,0.7094907450422807,0.8858451135072666,0.7926044320881378,0.48686075531553025,0.15377427769158442,0.8414892287178632,0.39168717035733097,0.0
0.645710371554152,0.17662732276528986,0.07542424279406745,0.6694050093446043,0.06757397856435177,0.1595493491636652,0.8858327430309596,0.6364712314883346,1.0
0.8658705853139863,0.973670238606577,0.47047691464416985,0.04288198474355731,0.09117420590087938,0.7007139779651629,0.774392266344431,0.7337945830249445,0.0
0.4992285375321266,0.5480796951595374,0.18085310727568232,0.273541041316548,0.41172189377058643,0.6426106782578429,0.39181299220800864,0.9943739873177172,1.0
0.3881870207541444,0.4961101197413082,0.410228096994948,0.63453245807529,0.023725198746995746,0.40080741696610306,0.05942580940872533,0.7932827909023624,0.0
0.47760424293745746,0.15305681991338355,0.23724857303407154,0.9265425229237934,0.3731290771591,0.1948964583381972,0.8700837534897288,0.9521013782480847,1.0
0.08471283980958572,0.609928870912679,0.8608909191533662,0.4674639314189606,0.36787470594572047,0.9098801794707989,0.6655218967456977,0.027467444139945174,0.0
0.7837082407472256,0.23231395976696284,0.2688527443325959,0.9982812294819945,0.969669624411825,0.46242701570369493,0.532661360890037,0.14067198762443905,1.0
0.33842769157630903,0.2888856619964034,0.3236298235215773,0.4599137033416411,0.4836152132925005,0.6210390565473095,0.8951339639151632,0.959638568275623,1.0
0.6425152223233861,0.4831534974942619,0.8216280650517114,0.7062719604833992,0.6342556453380357,0.7263749487969132,0.988767031959665,0.5897478212744961,0.0
0.17459352311097814,0.05363272288432508,0.5255710384151909,0.8308519175340325,0.2524074906430641,0.7945193595422392,0.10815117296554017,0.6977272575730298,1.0
0.5365566563309797,0.8473225316794417,0.6085064520562264,0.45723885180080936,0.5299806679045292,0.6658643081056874,0.1531063794324763,0.2262557260306855,0.0
0.9920558997247354,0.5165813014971777,0.20188098968848978,0.6186730263917094,0.4962020365829261,0.10790851573659221,0.09683320138339091,0.48261270361998493,1.0
0.04062513927709621,0.716756562463996,0.9094963740181568,0.22264086874975964,0.015724640488295916,0.9709702374762026,0.2429559564981874,0.2635015969541184,0.0
0.1872101709951336,0.07905883639672795,0.5271284038516539,0.0,0.44311970032333364,0.2003802293473808,0.02051335472311344,0.8286666599987997,1.0
0.9650260620608129,0.28067876592068813,0.4952191268884051,0.8058839836532429,0.6544728886332267,0.42668328158195784,0.8841618400766699,0.5570411007314651,1.0
0.8936615391472104,0.9962372781828501,0.45698991771698183,0.40960007215705835,0.9398218878802143,0.953256357141796,0.5711396308179507,0.8119894914417929,0.0
0.29380092235925326,0.3379685549650991,0.6123921716784473,0.7520001697813137,0.1156317211932939,0.6424814766864122,0.21848577024042665,0.002729658005107549,0.0
0.6481658930818812,0.44234599095184063,0.5057152923734727,0.1812972618783915,0.21944900078591362,0.01468626568724618,0.565631901329222,0.2559710747934628,1.0
0.1574165451639809,0.397689485987883,0.5551684103676496,0.1784308757930313,0.047331263389320144,0.0379656297289897,0.7582082586774449,0.7463576777153221,1.0
0.8485577790370196,0.02725172646122037,0.48783079423514786,0.6544679677044107,0.04575068017879136,0.4787517801694955,0.8557298220759199,0.7267441472798437,1.0
0.20776083814568863,0.4334703848255115,0.4522050649662818,0.0076584636648092674,0.1452218202735998,0.8236295082593498,0.28395099795824824,0.2318992418635354,1.0
0.6976880532616839,0.6618020820004704,0.011471442375091068,0.02046103585171194,0.2993402252457108,0.3713017045056594,0.23677569898745776,0.3993260453548305,1.0
0.17548781471317942,0.08300818114582764,0.8540194089652249,4.00577787033618e-05,0.11590846255447929,0.2932684654779768,0.9437334888953706,0.7323918305294953,1.0
0.19014905036896496,0.46758840166351906,0.42380795216792166,0.8297369318129062,0.5141411386248688,0.5244496066117246,0.7762765115213134,0.40876691137738125,0.0
0.9781242107631218,0.3942960280375072,0.5662575420793774,0.5172790952778246,0.5306832672568006,0.47031441348323194,0.07280886703612649,0.7113888833323332,1.0
0.9673895280602229,0.997607616126982,0.4671748754240305,0.5559290154938713,0.05767709191793169,0.8677084681946587,0.001555898162423408,0.21225820647716587,0.0
0.11479669258016528,0.16734953492928234,0.26780450739231226,0.3845878359647226,0.6004613594236138,0.9046322610221941,0.47825909412892204,0.834638568275623,1.0
0.5985079045721089,0.938675916934478,0.7788108626106538,0.21359709567840235,0.03056466381629258,0.3202580635576223,0.4823292637193216,0.2366926046688404,0.0
0.7655510173329683,0.09906306262301046,0.47772887833075894,0.9050426376588219,0.05515617180995214,0.5134072497203728,0.21810992124671857,0.6884289172050969,1.0
0.20434231498165262,0.98626396818225,0.9667437478543113,0.19614357662907161,0.7174775834190799,0.05204753981106325,0.39420475853160547,0.18796466697338854,1.0
0.18518733697947515,0.08569868387031004,0.036501515181261934,0.6194237781382683,0.11402646209916939,0.6707904164800716,0.932286345264386,0.36073159835437046,1.0
0.27297780267963834,0.4052268756135593,0.13501164442402153,0.9627186763424329,0.32682624091834617,0.2023583133650138,0.26228342847618646,0.08758159802097709,1.0
0.04041821330565831,0.23829598131540758,0.7271838004279969,0.6838690508561356,0.14523296422103005,0.013906811443173572,0.4668061169215384,0.35380451814659974,1.0
0.7854161758807088,0.9361927435269981,0.07989841838529593,0.8514973252811009,0.20803892527770979,0.2971182478250627,0.6329122046751948,0.9764582624872478,1.0
0.8830032598799192,0.8845629651968141,0.017997785198183402,0.6897071404980164,0.25472675836897185,0.7625076141377825,0.17373723905162713,0.9557236969321145,1.0
0.2631551859893078,0.3342865349563599,0.776601101670228,0.08086683971980779,0.44487858669274705,0.7548276817152451,0.11914496437351552,0.4489591459796097,0.0
0.06261579895709318,0.2680598170298867,0.5786782610356719,0.2318300170709805,0.4440088281290214,0.14201322047783888,0.20491437143214297,0.9291055723363539,1.0
0.49531498377488153,0.7822259045371937,0.3895249531331168,0.7444621447359171,0.4354078233694946,0.623056139807243,0.7896245676903204,0.7332528188407247,0.0
0.24632679871727126,0.5353059793137903,0.6614478563806615,0.07271494911203047,0.44963917490213223,0.7452272355851373,0.7881886745281053,0.6063574776793156,0.0
0.8920069272448286,0.19064421811362703,0.4739988952521844,0.2244710582548869,0.7738877146470208,0.8714062330870633,0.13899662485936914,0.08658475192201259,1.0
0.5559668430312639,0.037603857121695616,0.3400768760151396,0.8312978587658224,0.74495484313302,0.7336948678058337,0.9956798199924998,0.7698844125275883,1.0
0.7048673233117494,0.30988406017169307,0.9639235102751629,0.8042872434544661,0.8221179231290506,0.2499798371264297,0.505607733655569,0.4670807412000827,0.0
0.7806337983331317,0.5648181528099361,0.28136764808104453,0.295597756233826,0.08504742280295752,0.7545865231353057,0.06742280928372013,0.20445513525767972,0.0
0.2527571559245559,0.5946512752743993,0.2937549380688562,0.4491179993394446,0.054356726247870024,0.08068173859152777,0.571587149464561,0.3389076700472752,0.0
0.5983407720567169,0.12931349838622924,0.49734796850036056,0.5756018946533477,0.6713984221231767,0.8141752429626266,0.40953623067627815,0.8649390223573576,1.0
0.8418913139905302,0.9975202776566956,0.0032022829332380987,0.07029980992451362,0.8604103838240826,0.6537485434976855,0.5536564023500979,0.9913917838544272,0.0
0.6673232586914214,0.3798241231509596,0.5271573225624843,0.4865017223518426,0.3058413919108739,0.6048517179829486,0.8781490895453977,0.5090174564754989,1.0
0.6464441628836355,0.5097359829719184,0.24277682236960446,0.8253716950674549,0.15603436793387498,0.5016891712634481,0.3043385141047543,0.8720569702546459,1.0
0.3142444124681918,0.8879296110332113,0.5542820120843068,0.28442190125890193,0.27044078557400086,0.7960525338364854,0.8727555314804784,0.8586170510691925,0.0
0.8624212885439415,0.0042214478860108096,0.7251823072674046,0.051419597273418216,0.5722218006390258,0.41761264148500626,0.45783907662819284,0.6474832136451227,1.0
0.22029498093097588,0.06846274204569519,0.5803189335840683,0.8040264699679405,0.44088056288609134,0.5800704851611863,0.44668861202550103,0.25104185420042274,1.0
0.3777494625230537,0.08988880671226668,0.4040137578776956,0.21176345749034037,0.21388764035403784,0.5710574153742972,0.9903362640110005,0.9512162189194056,1.0
0.5012842674714496,0.0942021059986397,0.841614343256077,0.5491372323788882,0.921638680323132,0.4312119691062329,0.9826776115671487,0.24625099184519883,1.0
0.538992546420393,0.7858848289626047,0.8368857360713958,0.0904401182632964,0.32439606438229895,0.3662371090259634,0.126665277719905,0.8393594180285785,0.0
0.05452605463270116,0.32222134913248207,0.15563201179246655,0.4624681162630602,0.4110582982343211,0.49515268601312074,0.4640385016042335,0.8429150580437812,1.0
0.8477295445718542,0.11000505979101416,0.23217585972143584,0.689829966667153,0.32088333295302396,0.34389664511007867,0.7120038334930622,0.21446693738206213,1.0
0.41235305603130845,0.6070143144832668,0.9185686246314191,0.6731876839573901,0.6403134420947225,0.5127806088338855,0.6893228884536855,0.03346018950077678,0.0
0.6776992697104947,0.7497351971911522,0.7464221717898771,0.9641695107247407,0.7105266788754802,0.25743479432807753,0.780370848785366,0.2204721849932988,0.0
0.23631635691440483,0.3074608821875711,0.27291595585890427,0.27304761437357994,0.11955518668499932,0.566834089264225,0.01929997083211793,0.4275978009375021,1.0
0.9002019915828883,0.9122840363858968,0.5611625427877531,0.9043101904601472,0.7470448639403618,0.8486442059329786,0.6404658527438643,0.9268501663632788,0.0
0.2192359444207453,0.27160698006930795,0.14921656824576973,0.6578423713143859,0.7553266742056355,0.004679909076052202,0.41720155006458604,0.6876962853313596,1.0
0.3447208940050894,0.04458270528389774,0.5434706591821151,0.6114989700375774,0.9336412423697127,0.09980489766811063,0.924577690737114,0.8030320457682383,1.0
0.19408037853657717,0.5313205311240858,0.7288560447799605,0.7848645264494085,0.4136007102409162,0.2147571541059039,0.6152906371098795,0.8237141018716703,0.0
0.6216960819893756,0.6188835860485686,0.24757308341907242,0.41867010827538,0.364769524593896,0.7375138752406281,0.17373640568357013,0.9386822961466398,1.0
0.5616841015062088,0.1151989113750791,0.45879561263360313,0.7508536153471697,0.8476431347181193,0.13257805685081386,0.6506829451227134,0.6413546104965561,1.0
0.03588679982087645,0.08939052613862547,0.039033892198474696,0.17687711148928725,0.9340676310249618,0.26485685420968963,0.5065302720946706,0.9643202443106427,0.0
0.9231304503770297,0.2235936515285294,0.820575583163049,0.0188786209512794,0.7053564179319911,0.3887407330371867,0.2846951956331514,0.747311182679549,1.0
0.44650141240239993,0.47071426940705935,0.9168796657952142,0.2930934818566117,0.9976701189908254,0.9374521131752707,0.9944531022125922,0.1495044107939429,0.0
0.16201905629023122,0.7394457166187853,0.9444845651023854,0.15844920686924585,0.24562613329965383,0.8503320506915866,0.003655152298012332,0.5001958685896795,0.0
0.15653843623390495,0.6398437570514532,0.24722552827056027,0.578906794038023,0.2079606523136161,0.9811068568626994,0.5807666986124422,0.6073843291792522,1.0
0.18024074510328264,0.9555946263214257,0.9093960871127081,0.537277742332981,0.6162908060841708,0.8760309595617652,0.854372265511063,0.9045753235582406,0.0
0.10139744006044366,0.9929914195925938,0.9470249013978085,0.8436335323400241,0.05209636224409381,0.1003323159925546,0.785650235426476,0.939094870410007,0.0
0.6550727106028869,0.5118629003699009,0.9597406442664278,0.5152775327591719,0.8960864048617327,0.0934761430757508,0.5728997041543398,0.40057710387869816,0.0
0.6903063671651991,0.614626300188428,0.7494740243649425,0.2466447631086428,0.4079974273401361,0.06606232874822515,0.905259385807742,0.1249166516639662,0.0
0.45698698807045246,0.6775811438100916,0.0009373376638881492,0.007968049279026335,0.3475282459267545,0.04358496953283686,0.18645193549731237,0.643863395411174,1.0
0.15853845533476385,0.25124357770230266,0.16596580800204602,0.1103549357948087,0.004572202431397054,0.5836088041718047,0.9053643901829243,0.8975332226467432,0.0
0.3322926018128838,0.18802167480675364,0.43001725040897426,0.16947544206146353,0.5496383258394709,0.9603032814546134,0.9886161923413476,0.049148846792422596,1.0
0.23646120509441138,0.7440738591445502,0.671063460386407,0.6538296960781843,0.3191772476678637,0.6801863155638282,0.8244451852160506,0.9462728291092397,0.0
0.49440610123879686,0.5064003967131002,0.22460419836007034,0.4537052782092316,0.14538712216048238,0.6030978132833011,0.40326346931122126,0.4396924779793696,0.0
0.9668881305140467,0.5705973579714538,0.3360425831996616,0.03865681758191619,0.0846921431455967,0.784871689839822,0.9887995333138881,0.1328314096537377,1.0
0.6210620395897136,0.9601919747360865,0.1192803963508301,0.617837118704993,0.4492727512973412,0.5866082969163539,0.308065336055669,0.5114887346389017,1.0
0.0051752716036020385,0.9830743884847013,0.40052175721760613,0.5343338935232408,0.1433546784148637,0.45038633126964556,0.19796908204508518,0.20147126482766897,0.0
0.42772871686796854,0.9941164665137934,0.8403214911654665,0.8249390180007985,0.8808197275464053,0.5792302769954347,0.3300112504687695,0.3333733405346296,0.0
0.7718869314045711,0.576831572671182,0.03459314557572907,0.5556281842286424,0.0020539356442342283,0.271067815172244,0.8760081670069586,0.5279458635887794,1.0
0.8461433774138711,0.45413084417808125,0.4180634757743449,0.2987161614567237,0.4906069789766778,0.09926554080010525,0.8609275386474436,0.07429253932374491,1.0
0.667980911875004,0.43527953885287685,0.8336805347361473,0.23053039417119525,0.6025269696794417,0.6129128878965454,0.34034584774365595,0.02812672947797268,0.0
0.8933551295356581,0.8478178921218575,0.9269728264935717,0.8946260234961421,0.003030092372710902,0.6729329870978834,0.9340005833576399,0.15765671154141075,1.0
0.8372391936890762,0.8206869529067782,0.2958800653509803,0.15711907638965344,0.896052177023197,0.5202164643658352,0.64069502895954,0.7771615557467011,0.0
0.4535517516548772,0.9496887936513161,0.7273408635180115,0.3241390562015941,0.7336047326752744,0.02540442479566518,0.6753206383599316,0.709081801390917,0.0
0.7254365607417925,0.9757711402900062,0.752195036275737,0.9688082545552459,0.664055091430782,0.4278874826758468,0.11898079086628605,0.6937140351930015,0.0
0.9473315038955141,0.9245525695296517,0.596507309535799,0.8289487751206708,0.2706904630628556,0.9878555828874509,0.9859385807741989,0.046617557827075495,0.0
0.23083865504485523,0.25613851403547794,0.37473661421856075,0.2446686677870465,0.20133610623047488,0.6748566844170701,0.2608217009042043,0.5177982036766619,1.0
0.6810801217361407,0.5665123598536111,0.7331713001162585,0.29832884783482405,0.983024053414532,0.8500919533155193,0.9682628442851786,0.9859608062784635,0.0
0.012897324394131382,0.748686870081238,0.1405672206147428,0.3166310081693993,0.5583881818968166,0.9811339175614384,0.036324846868619476,0.5535604742186927,1.0
0.7180554052247217,0.9361380574331408,0.1608320735564655,0.842883841726676,0.452700311128399,0.1775065104857555,0.6451543814325597,0.7233251985357364,0.0
0.7587375817888167,0.5982480805446522,0.6973593237372737,0.5211243767500408,0.15081873520441974,0.8664867572368798,0.47156881536730694,0.39103788681962753,0.0
0.27713542296729726,0.2726866322232764,0.27735060036835535,0.795002327860981,0.7846607278271266,0.884294023512033,0.7104904371015459,0.7855772372360359,1.0
0.4933900416610956,0.4311602955597546,0.6554057029820232,0.5420146409854744,0.22008394045735824,0.6828865488164393,0.19848410350431267,0.8483402012362226,0.0
0.07890326051661456,0.978006102543328,0.28662103700905184,0.573077724028433,0.25107658492139007,0.43017994834059553,0.6439768323680153,0.931304301440926,0.0
0.6349080399759754,0.6439441522248479,0.10794691479804924,0.17396217855953822,0.9493979880398911,0.8512218701383598,0.9541180882536773,0.2699460902962533,1.0
0.06282192905941009,0.7330880600081657,0.17357116364116815,0.9075819294319887,0.7296398753788279,0.40315267752348977,0.4660802533438893,0.15716328939209057,1.0
0.7007264162756297,0.7230239604731037,0.16271789187373614,0.5326297135868823,0.5052989470031006,0.9545475769531988,0.2702604275178132,0.14252815506791222,0.0
0.9509879919267037,0.3678922014975494,0.14506898837043325,0.962401662795741,0.9975058784322695,0.17783813669579318,0.2172373848910371,0.024534416194915032,0.0
0.028213560336429855,0.13929769251230567,0.16724353746405718,0.5812765697807831,0.035648426501156016,0.7357538686187158,0.5945706071086295,0.6021308835590407,1.0
0.4206881933346492,0.6763507066983031,0.34048332982240725,0.6626222458619121,0.08160447371116264,0.9064644295074105,0.2671011292137172,0.04613580444480009,0.0
0.5987395024862951,0.8338323218175745,0.05659524364146529,0.27169626122977386,0.41188003169126386,0.3036860385896176,0.0020592524688528013,0.6715733832089776,1.0
0.47545380457274566,0.015361748510865747,0.8128580017011631,0.33330883884172,0.8330119277383996,0.2941442239734444,0.6576949039543314,0.4824826802157722,1.0
0.4459140609911648,0.5971363069472045,0.027027321018384343,0.41907201247892656,0.11884223938154276,0.585581582170077,0.05557564898537437,0.08507864748988148,1.0
0.36401223091665025,0.23568299480163546,0.8456932080295321,0.09022895275437026,0.776499908991096,0.7623484335569644,0.4987057794074753,0.4711864802331086,0.0
0.20258981117739822,0.5331365872798022,0.2284652442198395,0.332878284041485,0.6008811147768213,0.9595885606467401,0.9812592191341305,0.40696408686896973,0.0
0.08715111750636167,0.5861029893117887,0.7336605304169123,0.5174616101900622,0.6003454093039226,0.9585830699779059,0.08106921121713395,0.5488021177145219,0.0
0.1328151694776764,0.9695244486659512,0.8473877383604842,0.5626674766650175,0.3019349076723955,0.9693699420370445,0.3478378265761073,0.9431147606569182,0.0
0.24561714875112223,0.6086655159579861,0.647640365850876,0.05495661954793074,0.009677191682794406,0.3588657216292451,0.25661069211217136,0.7511985490721663,0.0
0.7290781925493917,0.1741019401882794,0.667276170504719,0.012074369521070827,0.35580581087872143,0.12599859284366555,0.08800283345139376,0.06888323231515003,1.0
0.4636484126125094,0.6260440132796949,0.49569907136448027,0.8708070315992206,0.7144153858644864,0.5991265230928575,0.6720971707154465,0.5398463390076881,0.0
0.0329617155118076,0.9331122705506889,0.34710889831385344,0.9957774856713856,0.8917527359717602,0.27824208394971595,0.4326696945706071,0.646586385549399,0.0
0.5025486382148762,0.3447363572796482,0.26923956525361176,0.4988790454045637,0.3086196841380767,0.2878568563320974,0.0014158923288469238,0.8703349936321871,1.0
0.04207255991833325,0.040793436819244355,0.9065649718533391,0.9654370343449028,0.009294582821021247,0.9295562257647566,0.305964415183966,0.2008894934421529,1.0
0.2242501851722155,0.5360861852839189,0.7629267963958266,0.3031554122436203,0.09297448407503373,0.9458512765221379,0.135098129088712,0.5686515239409761,0.0
0.10370333819344085,0.7444771027201287,0.43958403750836383,0.9260907454593446,0.7817585255177824,0.11883891561943533,0.7748139505812742,0.8279148580077748,0.0
0.2742002576493634,0.9484166783029471,0.36290275937563177,0.39083658415913813,0.6142809155654942,0.10584367830241337,0.39999166631942995,0.4549118841391451,0.0
0.9506972344078628,0.48265309318882044,0.416233107095272,0.5417732331800438,0.16382557918013446,0.4095413901346243,0.827727821992583,0.11648513399078497,0.0
0.5801671006806273,0.7243858034900346,0.03259616267278931,0.9956740251833439,0.15350628385969023,0.02389910710306198,0.38074086420267506,0.9185878458122463,1.0
0.9343079016008642,0.05925397549319683,0.9311655089454327,0.34798086246254534,0.4065855953335516,0.3415718127272303,0.6473203050127089,0.13103441952884848,1.0
0.07083765755555699,0.4374199950410862,0.7826891535732119,0.38357869828136215,0.6410826397994939,0.4368512064826822,0.7473128047001958,0.637980669853907,0.0
0.8798412718625248,0.7475952719358929,0.8093747562471048,0.8008608443171674,0.23678208435331405,0.2508685953693308,0.44174590607941994,0.18035746434358185,0.0
0.019920338806790616,0.7706499734268057,0.9843642632653311,0.2883316465736672,0.9766152223137913,0.16633336021716472,0.8866369432059669,0.15369849906316468,0.0
0.22121845440094406,0.5899472093367745,0.296340907559351,0.9000903289645594,0.8336675633122147,0.31161668042694357,0.26894537272386343,0.05185683423016141,1.0
0.2035899533726811,0.34275279177818463,0.9568771612756707,0.4012921949673105,0.324204229287249,0.14435901163716164,0.6231292970540439,0.5743500496756083,0.0
0.18642305643454887,0.8490916002690767,0.31777869279998383,0.1355783374960705,0.8914263775113018,0.7924234818948008,0.8885520230009584,0.3403329265934535,0.0
0.7730236977989444,0.6783316175350163,0.6057968484441999,0.9296733964619166,0.9881571678665868,0.09626259914297175,0.39514063085961915,0.9235362365225741,0.0
0.8029892313602146,0.24722972459976944,0.7601052322703098,0.8909327493563564,0.9364954195722741,0.05856041327523592,0.8388832868036169,0.5873690597640909,1.0
0.43635355053132224,0.9326118662452474,0.944176275726377,0.9772508956627506,0.5469011600849275,0.9701093358349446,0.7741505896079004,0.671576717142419,0.0
0.2648328780961962,0.5284489802636294,0.5029913620606677,0.4065753119400035,0.10873122974521215,0.6960269057629738,0.01241718404933534,0.7621613557106945,1.0
0.247188459685515,0.01142434975314266,0.6866344616582997,0.304465115908907,0.10236299445296748,0.6974674900193776,0.22262677611567144,0.597503383942443,1.0
0.04947042868694329,0.3621071560735809,0.9913055497924486,0.9255479758220797,0.6554646999545221,0.08792021020326296,0.2090270427934497,0.03678745507524689,0.0
0.07760493269069557,0.1601474294615755,0.31382001312750285,0.6186385395623621,0.9177550146436776,0.17693107268609798,0.9734263927663653,0.7716622325351897,1.0
0.018000437197437102,0.5072613044916396,0.6841365748466645,0.3318840022230741,0.8909044693066501,0.022586663214216707,0.3246293595566482,0.8863303728004375,0.0
0.8776613863403391,0.11321720413894087,0.1789924933394107,0.0073114731049156445,0.3157433198668458,0.9813920554033319,0.37048043668486186,0.47062804638168204,1.0
0.5785376913004077,0.33992345008725877,0.441935738910205,0.4418688678106567,0.2292824730648137,0.2381505975639004,0.7272019667486145,0.6411437392063906,1.0
0.6391380843536376,0.7280261452621932,0.16868151372736712,0.741544028406536,0.39695616342545836,0.5447093150353487,0.22860702529272048,0.1124860808278823,0.0
0.22103036399870118,0.4251551784279818,0.8079633109111622,0.08753632723225951,0.5248870879326438,0.08422722072828298,0.1513163048460352,0.1379039893847559,0.0
0.3222986079718496,0.2406588984096965,0.40974974437451483,0.596417348997428,0.48085124899770804,0.17658432432088256,0.14818617442393428,0.5382160455548666,1.0
0.22658393872444466,0.7535435792420082,0.7016639667026249,0.8574852999889908,0.8362887789470668,0.3527473507045332,0.44418850785449393,0.2357390997046135,0.0
0.02612732208080515,0.07968347901248596,0.020728613552103814,0.5763881943624645,0.8821100374595834,0.25972434168217795,0.2584199341639235,0.152043201109533,0.0
0.5841437933881316,0.5521779666011318,0.0025918062945156084,0.8105004436863237,0.2384000793873588,0.4350561801329901,0.5843151797991583,0.24011238689630798,1.0
0.5528072426212322,0.9381792291596871,0.4381601226365587,0.9982337437708164,0.17192484097321686,0.4987456570231534,0.8391324638526605,0.7750428410447214,0.0
0.9625501132256469,0.6689683494940474,0.36095273621413215,0.6238932712216694,0.22658033114505122,0.8349196562548418,0.005296887370307035,0.08404929553986384,1.0
0.7063179274294701,0.6895332409156044,0.7254638004067722,0.784266577885188,0.36648622316232327,0.5792870514025932,0.28290845451893826,0.7168381975422242,0.0
0.7341545110922932,0.48063262784732697,0.4850224955733148,0.461270892718106,0.28948393440778675,0.762644244136318,0.4699129130380432,0.5642407299980663,0.0
0.5997287678035923,0.4561417527264734,0.19022727984238508,0.794478128054903,0.9761824656885818,0.8929672427588754,0.4539814158923288,0.8140031872403699,1.0
0.2964957352026708,0.6250413464034867,0.657375093720501,0.6349725630744213,0.41968397887744363,0.42676685138688736,0.28846118588274505,0.039963026678135394,0.0
0.18359719047588735,0.3615406506158556,0.4760006537220503,0.8611706156296963,0.7720362273811033,0.7614376553337168,0.19498729113713065,0.08556873570576035,0.0
0.4777888845735097,0.2552672530644122,0.7388934905308467,0.45245101875420307,0.06718420573637346,0.6120893936917797,0.5037934913954748,0.9795904929553987,1.0
0.30395435531417736,0.9656295245442338,0.4343574448169976,0.09856733752392527,0.9070907876170579,0.9937550805135378,0.12219342472603018,0.6845540530628846,0.0
0.41609337560990106,0.4629382254203263,0.3294363822851937,0.031351976559567396,0.32449423725251814,0.0180378128163714,0.8868752864702696,0.16535643082421503,1.0
0.05295368253948046,0.8981973233546254,0.9917112076718952,0.7445602995579054,0.08319885418993844,0.6935877286629044,0.023812658860785874,0.27034699579257604,1.0
0.6544996848358282,0.8804506240320428,0.9553922252709206,0.44658931889838455,0.5621887986347073,0.8392284092766198,0.4141772573857244,0.8616892707353991,1.0
0.8631439377057322,0.15043082554233467,0.13768914561393364,0.9532589390524876,0.35114843684910724,0.8679506879784703,0.07224884370182089,0.30433227981036587,0.0
0.538058726651853,0.0890775411645589,0.7789482928144167,0.5248943177642984,0.507216236625273,0.17277433711900125,0.12197341555898156,0.9918468657691719,0.0
0.7295745495911355,0.517343455747004,0.00161095790974497,0.33040690479380197,0.06555665874738847,0.26323984480954576,0.33231217967415305,0.006113600448080625,1.0
0.3970418605934425,0.3018940502060816,0.7806072717026966,0.40116538954863373,0.19398667290020172,0.18918930391393213,0.9665486061919246,0.18137264707647377,0.0
0.3202847938062282,0.397072010966951,0.18475872509342867,0.9007821878179254,0.459666339600654,0.22203993097930014,0.997518229926247,0.6575383569042428,1.0
0.6674187629859312,0.9871246104943144,0.41888222019290106,0.05955610144964063,0.30577638555086384,0.5135828789612088,0.1697054043918496,0.19207123948977484,0.0
0.8461282559005736,0.19873590173917705,0.36539534000179347,0.27597315863543576,0.2856984415985515,0.15796470648162098,0.2587141130880453,0.09049462236535905,1.0
0.445922019682374,0.7332576930857132,0.022246447906789424,0.08393457583189529,0.999730157272938,0.5473944261327821,0.34728697029042876,0.6735695758569876,1.0
0.41990903746527364,0.5853620723799653,0.29145603321247615,0.8195718062211588,0.6829077318299264,0.19688250138487107,0.24282261760906698,0.022017296446693757,1.0
0.15494722857148924,0.8974359655042243,0.20358533646256777,0.2601999440252232,0.21098066206722343,0.7240349942588871,0.6685970248760364,0.7183351336573917,0.0
0.224479395479039,0.3881403914143894,0.1882915833816638,0.2651575583855389,0.5226272545930309,0.11104012836322036,0.722470102920955,0.11684936621925279,1.0
0.44543441720096016,0.5385911269423518,0.828241959935116,0.8430605204062549,0.4240908794219581,0.47188924002945903,0.5398008250343764,0.12555426643462486,0.0
0.6877558719223742,0.7523630498275264,0.8751483742113018,0.047167901781510035,0.11776684845452018,0.5149218529468571,0.6688945372723863,0.7101403252585465,0.0
0.30670063436074735,0.11476062622479594,0.09886325588601891,0.53562794547367,0.8919005259412522,0.7591690667560909,0.06996708196174839,0.9553027878351437,1.0
0.4309363347149622,0.8974232231134226,0.9916345332918035,0.4546218320199599,0.5512385436240436,0.8468295473116523,0.14367431976332345,0.7054236429223928,1.0
0.6042516920177511,0.4640616795426755,0.1980594749104979,0.40558607050434337,0.48505623182806906,0.831774247977876,0.1488920371682153,0.400431244290639,1.0
0.987090206989641,0.06588293884130253,0.25519011266623615,0.4156050249963192,0.8548898845327847,0.8941717091537325,0.6964098504104338,0.14757239636467895,1.0
0.9632098887268854,0.7583384347140951,0.2260135212218235,0.13894557845687355,0.4783244915839317,0.7250996470435922,0.5608158673278053,0.3064734985630747,0.0
0.22019602787027548,0.4054591587792152,0.03794081799094018,0.8053486419484528,0.6562540628975007,0.35397197997296054,0.021433393058044037,0.2821649563588112,1.0
0.45244920763270324,0.4215817342075321,0.7968956692506022,0.1094630533312288,0.01279617030286595,0.768174177513939,0.3972282178424101,0.013118194608362777,0.0
0.8396310456871322,0.014604638124065206,0.09512027265303435,0.6368138944782606,0.3636845817119332,0.5066070553078235,0.9454635609817077,0.8114527281577351,1.0
0.257314567800621,0.18150978217413855,0.07093229148150287,0.18816014091849043,0.5530202485524808,0.7866892667717966,0.5306854452268844,0.9327862348556073,0.0
0.23648083653272728,0.07141632204693765,0.18352848599140503,0.22755205853210791,0.5492180398221002,0.898098428781547,0.6816325680236677,0.7863507097944298,1.0
0.3472716545376213,0.9142182251230038,0.04100381355549981,0.27500116061444924,0.948556354676823,0.7083626048734727,0.30558273261385893,0.7824325045174798,1.0
0.42357613708474207,0.20978143083244444,0.8623384465505284,0.7924529553223125,0.9419931003045482,0.43279528528343697,0.591597149881245,0.6245299153847693,1.0
0.00796028294738993,0.7821866154988883,0.7285045099923432,0.8790480573966953,0.20938442426387588,0.9051082109588402,0.4738339097462394,0.4696953785014636,0.0
0.001555924131388442,0.15593075997211536,0.5003191670562291,0.5038631880951465,0.06992588213630535,0.6778590954722676,0.7156039834993124,0.726614123875631,1.0
0.7937245189236454,0.556522590931559,0.9668517287286964,0.010153187843127354,0.07198512442217303,0.27608332997285445,0.1563723488478686,0.10930634180819215,0.0
0.24233710681412535,0.4861830009073644,0.6966358253479663,0.3627038204774834,0.8294469258890349,0.39748558354539726,0.23591316304846033,0.8979983063618118,0.0
0.17342704426942407,0.4536577829195684,0.47277528888200265,0.6623787157900601,0.9900749881529225,0.31997313031795793,0.6925688570357098,0.5842610003133898,1.0
0.4321579938155664,0.4262465111068518,0.1327918017311961,0.6631849117468773,0.5392808226992657,0.9319542812147814,0.6061669236218176,0.4972861781787388,1.0
0.42318669179490775,0.6646797385898526,0.33772862363385625,0.3708803824324092,0.24236626334421368,0.07800432122216727,0.5794574773948914,0.612470244644036,0.0
0.9322038889348725,0.7041288531795185,0.8416737725333798,0.5493786401843188,0.9771299665522377,0.813871208053264,0.3041101712571357,0.030222940129223275,1.0
0.6013350969793053,0.4509444500782329,0.907682189204778,0.7390519570612446,0.5148859257781261,0.04131876866392309,0.10695945664402678,0.668759543384476,0.0
0.5316267777063265,0.0,0.829136317496669,0.870756627771713,0.866588110681686,0.45282444716584286,0.16949622900954203,0.6778295093116762,1.0
0.80209785794479,0.26768444743418685,0.2750349810277338,0.8827251492550181,0.004836473184743784,0.024889475616718615,0.021645901912579646,0.850606442492982,1.0
0.7772412735603789,0.556966981810768,0.4303029884967205,0.9696043697465616,0.04264549882696689,0.30519560109770927,0.37020125838576606,0.7857964433598048,0.0
0.6964202337520666,0.35643227923675197,0.6878111082870413,0.07785932291742659,0.9027828559390076,0.6112433489047315,0.2847351972998875,0.4159990464950358,1.0
0.35039888960340254,0.467459915889602,0.2646229185824207,0.9216772271528071,0.6066690688064461,0.20870325131642337,0.885289387057794,0.5105427310249179,1.0
0.9548094901556295,0.5893738017506982,0.6656025996063871,0.8910500045761369,0.9040121394734008,0.26391928058867103,0.7500629192883037,0.8546321671234156,0.0
0.1389582179323109,0.2030776059383788,0.2763586089940905,0.12333232967817159,0.09277017837214518,0.5165802492980137,0.537862410933789,0.5406731545011435,1.0
0.9769537525759631,0.7245257043223782,0.38020596489533814,0.14976091342346776,0.23673777389567457,0.5069978436337319,0.511909662902621,0.3833081621358511,0.0
0.04199191184741391,0.6856468117210881,0.45696763173799326,0.03385969961971641,0.4681710288145334,0.11963004310610131,0.0715354806450269,0.32066938715635485,0.0
0.8598601817128377,0.9685326659152195,0.1872449382970222,0.6784448031664215,0.9859527889320436,0.057447210413381355,0.13124796866536104,0.8662867649510246,0.0
0.9827906567087523,0.8134989171622482,0.5789549786081133,0.881592389552613,0.9648543777936152,0.5532329045362221,0.45885161881745073,0.6741771852266741,0.0
0.3065112175099696,0.9336004633982787,0.542716915535609,0.9475338600975447,0.13920753797830748,0.7715681727979489,0.43173965581899243,0.013455755369299771,0.0
0.3120313657326347,0.6994027535244656,0.4717153783336773,0.8539238716506325,0.987732901867991,0.9677152598994404,0.5431276303179299,0.03762927326918841,0.0
0.36799422941829396,0.15524054713702368,0.9124333476777213,0.5770739516998691,0.40621253842671873,0.0742818833397359,0.028078669944581025,0.9676458429183921,0.0
0.5297684233089903,0.7729311268467838,0.2936124669888936,0.0544072178280991,0.7798316839406696,0.7423296184123117,0.09745239384974369,0.8835382035433045,1.0
0.14995182338921403,0.9536668087797195,0.5363303906997425,0.6304110166849933,0.7616036352617845,0.4702775366486757,0.45352389682903455,0.12610769938588945,0.0
0.36774300006579186,0.935710125475384,0.9747850066300787,0.3196101396583947,0.6234871428033184,0.7918729823861381,0.6366931955498145,0.5225657284977963,1.0
0.4938001795480737,0.3253886296461278,0.3452236106151302,0.3151573594230619,0.7906551102162934,0.6044481952105747,0.09738989124546854,0.8271172144319311,1.0
0.9131993301965478,0.33243570269241407,0.6932594995311985,0.6284625108268748,0.013048766444619053,0.011008663668412022,0.7675569815408976,0.8602240069879246,1.0
0.9923256993567255,0.051190431314000584,0.5102043252840268,0.6114074472981559,0.3978174313625704,0.018077873262543953,0.5594524771865494,0.39137211364712315,1.0
0.3475592285799785,0.7439405949740825,0.43012417004626463,0.965131162696923,0.8698477153050443,0.2224394742371536,0.7124213508896204,0.23816036886639597,0.0
0.9612313580922911,0.5108355451115144,0.7067661293446383,0.5912968506892723,0.43178577512257016,0.7651141961486789,0.9759639984999375,0.41372697085475385,0.0
0.527838175401065,0.333451908358849,0.7609794263270637,0.5791513852430857,0.32175096886009624,0.9256040372440111,0.8950747947831159,0.9589901182212799,0.0
0.9307402856215101,0.10847464556243586,0.5309064079087633,0.485815965014438,0.7792415853910278,0.8297462873782534,0.07034959789991246,0.3841474798797117,1.0
0.8315970122012042,0.00481211079296423,0.644025261687802,0.30877623486061356,0.5557757222206597,0.08335384994152761,0.4749156214842285,0.6377031198949145,1.0
0.04814742891827595,0.12730179343841203,0.7135909451006133,0.27239395631579855,0.13432675433592423,0.7597471575654287,0.7882028417850744,0.8468032579197589,1.0
0.8333654333878769,0.7238142541692837,0.4323397677907113,0.19470574112859473,0.5510666084351191,0.9599740429532879,0.4574640610025418,0.34818850726464096,0.0
0.16759199716458367,0.39675876052640935,0.9213931071589463,0.1343609524201133,0.4342968779435278,0.9556849222031442,0.3834793116379849,0.9412119181452663,0.0
0.1334123366080695,0.006369337135521125,0.7960318222555214,0.5901768245853953,0.607616569670102,0.1308363559956957,0.38683611817159047,0.35691091063058017,1.0
0.07743275967087104,0.2687489679990782,0.15180837454028534,0.20989374077311512,0.7918804137694615,0.19000218607997654,0.6261869244551856,0.9500551765984544,1.0
0.9968632145047678,0.30101747990551514,0.06253578358828665,0.09287913294805361,0.3161296433777623,0.4730955635310922,0.8088562023417643,0.9509478372773766,1.0
0.2410682261456802,0.16485839752755138,0.4303197029809619,0.2520448700178138,0.16221740143311164,0.39052461674622163,0.26400933372223845,0.08463940175898327,1.0
0.7620836808628495,0.8324444630860902,0.7496600061657875,0.370935296076062,0.16141795587102947,0.9552206455090915,0.5792591357973249,0.2733517033065952,0.0
0.588633821678626,0.007192814141080528,0.626539788697082,0.48631549347336755,0.17593055941024105,0.8018758900847478,0.7313229717904913,0.9002303748007976,1.0
0.3299230341502134,0.36964003276918167,0.4953202097216746,0.5031678805588458,0.3860507495365975,0.3084940880332284,0.7969182049252053,0.32054353116894374,1.0
0.8298251422483409,0.2254545715185266,0.07158574822256047,0.16767788240256476,0.33749285593370093,0.42587464423140187,0.2969498729113713,0.696902109046295,1.0
0.007518840874989163,0.3648013753287138,0.23504862853677155,0.9596063726354966,0.02065795988285052,0.8614383451162337,0.6339989166215259,0.2398231681702706,1.0
0.5574277934475564,0.5863413782063704,0.7395103345921374,0.818973327090333,0.6284655686517575,0.4420235141553985,0.6638909954581441,0.6187447073806619,0.0
0.4706873444075869,0.9148372929427862,0.43715141677805236,0.04894397349289242,0.9666405933674409,0.5659286170603379,0.8049802075086462,0.8090456282130785,0.0
0.03662085644006685,0.42289101486240604,0.7833871822722466,0.11308921079543871,0.9550158642051633,0.24530045865231354,0.8730347097795741,0.5520201969687877,1.0
0.5020501588554765,0.9647465830482664,0.6057607663829803,0.31985552671336537,0.7474781512297346,0.13001047408221783,0.5047168632026334,0.4952249738286225,0.0
0.17474951345867745,0.6779047474431596,0.437491277957628,0.7595058302637845,0.25048436371509486,0.47804342658485494,0.9564440185007709,0.3582078107392664,0.0
0.011190715709183119,0.07194778592995821,0.10791481237593475,0.6358724040370813,0.54250964880115,0.184765675572997,0.6296837368223676,0.7275509591726511,0.0
0.8311035733462371,0.7108703743130391,0.05450858620402388,0.2098300727804741,0.7249084736984268,0.9065357954678106,0.46381599233301385,0.094716215585472,1.0
0.1550790775558541,0.11675746505001122,0.6341995327373071,0.1986242407923482,0.40365394116314157,0.08528948580427581,0.00385349389557893,0.8296551712641609,1.0
0.9688839049795939,0.11150441444201331,0.4147203136167862,0.12225740173574867,0.03015790973508714,0.4822521611416856,0.6806941955914829,0.021362178525467845,1.0
0.18922053639456432,0.8648512830260204,0.9810457748702239,0.5235084777911451,0.21989979999267678,0.588825947708118,0.5754864786032752,0.8626877838010842,0.0
0.7856870366715267,0.4866703973555291,0.8838757227687888,0.7006012646055038,0.33488437623876915,0.5937730148589766,0.7068261177549064,0.19748638088189208,0.0
0.10907810765668546,0.06907650053597675,0.8894676463300033,0.6670004814891943,0.6614704916232008,0.0,0.7710021250885453,0.7653452621471866,0.0
0.97191961509647,0.12311538712710585,0.4055859806334843,0.6303149841294264,0.1461557892010904,0.5177279412857122,0.8266969457060711,0.7841486467564162,1.0
0.1766155612575157,0.03552578555511954,0.44476605824175297,0.005217061430328018,0.11757846267653205,0.35287814408177215,0.6401900079169965,0.2921867602835177,1.0
0.5296357784555046,0.5408406898518007,0.6103262083643524,0.0398330837459594,0.852530020998381,0.24701907832321301,0.7546414433934747,0.7939595793909571,1.0
0.31595022528401917,0.5559414848177068,0.2075440161350488,0.7814609416761396,0.21506571479666803,0.3662445374530683,0.25477978249093713,0.9814391590486288,1.0
0.23998345653387332,0.9348117869238647,0.8851600849626418,0.2817905561797082,0.048684987670018165,0.7809664595904178,0.36289095378974123,0.9203148233348669,0.0
0.1465587680370472,0.9295162616798611,0.9551805084705292,0.8897028959651736,0.2681517657054039,0.33231572725362557,0.10220759198299922,0.8076203716669,1.0
0.10516030926412884,0.22955018829537072,0.8536572618066607,0.9142400097624255,0.6219980991609669,0.771937737046415,0.6386849452060502,0.002474612096844131,0.0
0.8941356118535686,0.9645129725502355,0.6829644384755753,0.6343342914481949,0.6918189097929295,0.9245144461683112,0.5823117629901245,0.5822781433991452,0.0
0.29275302801671543,0.7252788327120532,0.029272898710756112,0.15371416519987108,0.6706966187671504,0.0231371627228793,0.5763631817992416,0.5994745720896428,1.0
0.292074947525696,0.33340916825636835,0.04327300377322851,0.4054913643652898,0.8923391198722586,0.12948040274809358,0.5981324221842577,0.4669440499289872,1.0
0.4377205883913469,0.9066872066927283,0.5696781745448487,0.9992129044409751,0.6256307606911582,0.8107915944163697,0.5537089045376891,0.872306181779387,0.0
0.16296587525441286,0.653376441549326,0.5151321797332368,0.4197293845029453,0.16815526808888198,0.16096472982810617,0.6718971623817659,0.17594500343395142,0.0
0.6020330741983476,0.17748769961087918,0.5255397319208975,0.30760182567968897,0.8198904603034018,0.8231299465365489,0.8882145089378723,0.6751348576077028,1.0
0.3168171920464024,0.12390355709148554,0.6449137824453344,0.24114597081087824,0.9995515887819719,0.547147696232514,0.20465852743864327,0.617690350929834,1.0
0.5872206234095882,0.2558364131868878,0.3001043196064084,0.14282720374155577,0.7105664786877313,0.9293585765435741,0.9841135047293637,0.3813586445560201,1.0
0.2748274025166443,0.4882809824595681,0.9314960843004298,0.9033939019327215,0.34857577698520137,0.6450533042704967,0.43585399391641316,0.16810442546325005,0.0
0.32263473003058263,0.8912365269127258,0.0904691357762657,0.47984258088819504,0.39461619979718016,0.22999630701052498,0.6967173632234677,0.31682619538183543,1.0
0.1268567626590943,0.8374047041721242,0.0512399759523674,0.28349314441625073,0.6639327733411305,0.37188350952854954,0.010492937205716812,0.4199189187387063,1.0
0.4979421477430213,0.9308836794927678,0.921004959691562,0.6113464321385416,0.3709199222470868,0.07644275972434167,0.34072336347347804,0.36620841751515276,1.0
0.8093641430187422,0.3779852368783903,0.6446710244599232,0.16212099306151523,0.9512736205252408,0.3648490543612296,0.8010758781615901,0.1939149046828429,1.0
0.7597886596078381,0.26358803425791766,0.47733568998717496,0.298308686303821,0.6422317930452216,0.7470819546526362,0.9573765573565565,0.02824508411514065,1.0
0.003829191630428108,0.36049710190249196,0.9501507752602286,0.37293526689489875,0.7718053884700475,0.8817850722573717,0.5457394058085754,0.9266117901222221,0.0
0.1754095542496228,0.7667266443922596,0.09486690229667627,0.3821955111412355,0.3966900353475399,0.0744697164251013,0.18476519854993956,0.28745507524687774,0.0
0.34118113344496726,0.5614512415070637,0.7385048124449152,0.9207169015971381,0.4708413308844951,0.9887207293441973,0.5247935330638777,0.9019731885072646,0.0
0.8482004338017288,0.023163011812727174,0.8268063714552691,0.71989372750895,0.5520350705332273,0.23209165405602733,0.9073894745614401,0.9319619198122329,1.0
0.029162766907974202,0.09076962447643372,0.19859831804532857,0.4588300210502301,0.26834625412127056,0.5998444275123471,0.7341705904412683,0.7628131396984791,1.0
0.7904036223717749,0.7498873094813474,0.299211819209771,0.14366868237762814,0.855008222641211,0.8854178384126088,0.5927671986332764,0.29851539943856564,0.0
0.5238020577991991,0.5080659333774715,0.195165746662542,0.7763271792028502,0.9393371261669968,0.8058100381396671,0.8398624942705946,0.04813033012608936,1.0
0.9064867047410454,0.5259071387651667,0.8170711129670969,0.1308684977404495,0.7422009614573312,0.46251244261540064,0.9692412183840994,0.42788785314689975,0.0
0.6068287162312732,0.7693475949002828,0.11276599244505309,0.1532541639530396,0.9440958570518103,0.7634587181081707,0.15474478103254302,0.7529588659292006,1.0
0.4348827843958717,0.21894506808418684,0.7535780935193965,0.20823200616518395,0.8676194564831506,0.7819852153076536,0.4823267636151506,0.20412174191354443,1.0
0.039239531137583494,0.4309630539688034,0.3429207261196449,0.6201060867927382,0.5792233836102251,0.05960092367185027,0.3256944039334972,0.7812656278130063,1.0
0.08071863798142132,0.48923984736739545,0.0351428663907804,0.7916271284010977,0.0612359911294178,0.6679073908604878,0.483175965665236,0.47247837944163285,1.0
0.3306923743004311,0.2954957772247816,0.333119405622328,0.919264740798317,0.06409388298112267,0.6863561548763379,0.5046576940705862,0.5030463816820361,1.0
0.5813683324737947,0.9106479665002545,0.0834474605392252,0.48926570908237177,0.754536515266412,0.7245037810693964,0.5483295137297387,0.4626091029718683,0.0
0.7674473081584012,0.968822820772433,0.06095905057484563,0.5998609915494004,0.3548837818949062,0.6301425939642968,0.8713346389432892,0.9772867449474238,1.0
0.8533977244510095,0.36198451056211456,0.9305168277713012,0.4474310628177597,0.7068810160732868,0.004369772244424919,0.20220925871911327,0.45559200656118104,0.0
0.22995656676917464,0.43298537757562205,0.30476208921501885,0.4079455001982993,0.13710265857439197,0.4045768131198757,0.4016975707321138,0.12076840497956298,1.0
0.9142647336597458,0.2369962574536349,0.9004437562911461,0.10336870001896781,0.5968167579497472,0.6686940082306972,0.7048110337930746,0.33407096610723264,0.0
0.09706181037940675,0.13317869026274276,0.4058558001648101,0.16609838561846163,0.7922184468415134,0.8715004149307141,0.7211992166340264,0.7659578724170351,1.0
0.553452957768001,0.791352111015956,0.6497485133394849,0.4791865352806896,0.3702762266169469,0.2600936406296759,0.46138922455102294,0.3198975815646816,0.0
0.3300503732095598,0.509432023858003,0.13730285531146508,0.4646203596976301,0.5802717106649169,0.6746579739920155,0.9247110296262344,0.03629736685936796,1.0
0.9510349482048377,0.1575567421317064,0.8072379553569391,0.895905750148227,0.5100337980005636,0.5147247343276107,0.3593683070127922,0.7202838177538624,1.0
0.07524279313982041,0.46531574317074215,0.2561693691953647,0.8706754510810957,0.5012781046374211,0.3956650883027742,0.6439284970207092,0.12466744013922504,1.0
0.5467939208333068,0.8843152849756062,0.8584835028040536,0.012934152705027513,0.8041597171772275,0.5106003654786135,0.050883786824450994,0.24285788108526196,0.0
0.4166106905384957,0.15705102849676417,0.3159711407184469,0.7618740143067285,0.049222019803325245,0.8060421764866936,0.741757573232218,0.264750155027905,1.0
0.8473268347966714,0.3410264632910303,0.9632092977104341,0.801383717706732,0.024648023727056045,0.9033060214830113,0.18942039251635484,0.5262013829155915,0.0
0.7746268434981738,0.6185573277507503,0.767837140432974,0.8163565725927862,0.6527766206350882,0.9227743371190014,0.34052085503562646,0.9714415261413722,0.0
0.9800138693458805,0.15135199421070705,0.6061205257580814,0.36766355710422055,0.17849419798337002,0.8760407756975823,0.01818992458019081,0.7796853433618052,1.0
0.1900203848610837,0.30614735406909666,0.21126895833742354,0.3751273028248693,0.6110364348707913,0.5897107264364987,0.44528522021750905,0.6616874370720063,1.0
0.652577130329405,0.5737638420856744,0.5142444549035255,0.5039218157050368,0.05843222702237433,0.5581712167551357,0.44581274219759154,0.531491501803658,1.0
0.7779848806090204,0.0507109988600869,0.45990513601610533,0.39558727754337053,0.451764219544255,0.44729902390467846,0.318600775032293,0.5637956498836457,1.0
0.2182350063563414,0.44868347211035753,0.9383941254159387,0.816007459766471,0.7853609391906629,0.6483456892837511,0.7636734863952666,0.5915198068985751,0.0
0.8544124575801759,0.4171577354010694,0.4999021008780145,0.49829940138822754,0.5705292472900307,0.9750877085000309,0.4335547314471436,0.5187225367232768,1.0
0.5770600276325759,0.5094129102718005,0.8169437645157336,0.9922457690629265,0.5423172830419368,0.9518003854292465,0.10630442935122292,0.6577292245937603,0.0
0.9744173176876076,0.09785492469512497,0.18472662267131418,0.3633415615371045,0.5490060394888431,0.3382154901806806,0.2448285345222717,0.7279610329859375,1.0
0.8081393004416544,0.7965356094074947,0.7009608971273904,0.0414062137307985,0.2928080147269918,0.6167101406519613,0.1518021584232676,0.30925899995332495,0.0
0.8765721068035137,0.8092315435760564,0.917167261047876,0.12282378158695129,0.5450608167664404,0.048899478524417284,0.49464394349764573,0.20492855380635183,0.0
0.6939097972549944,0.16734820759690716,0.24543256819907533,0.4495955092842524,0.08030567317137105,0.08242290884470976,0.8295087295303971,0.04914301240890023,1.0
0.4703976480475739,0.04626363900382108,0.7745202810368074,0.11701964820781235,0.005418346439853727,0.8030379083247199,0.256489853743906,0.7163681129269935,1.0
0.36415071214368944,0.56578949464209,0.5928725724864732,0.7498659656113255,0.2514262926050357,0.30671471444065,0.8968190341264219,0.2770415341428124,0.0
0.12461081999987267,0.09605161093021042,0.9002275292331023,0.4737137407465868,0.39598929331984034,0.29912286193949866,0.32256177340722525,0.14297156821561213,0.0
0.90825671766596,0.2723916989695122,0.3252092096277551,0.9964982604047428,0.005614426848210341,0.0958922389916016,0.175461477561565,0.9225343895234477,1.0
0.4770614601969936,0.028672768502084167,0.3538798562872726,0.7733056023854274,0.1619186375091473,0.37162749409440043,0.7112471352973041,0.5036973321864603,1.0
0.48196427927153573,0.42242220106749373,0.9116260115579332,0.011151979477683704,0.855108252836002,0.5667131120228032,0.987348639526647,0.7455683689730819,0.0
0.2830397106856572,0.4924065969480912,0.2141512782866115,0.8052417327774763,0.8625547977081676,0.6822092354450583,0.8152514688112005,0.42385462716622324,1.0
0.14601969935248088,0.8736979533065707,0.5535096967886435,0.30541562598237726,0.0802027243236818,0.3534180315517136,0.7121213383890995,0.18775629613330397,0.0
0.019722167395682833,0.4414691551847991,0.7807518652568486,0.8314034415202856,0.5188247805305687,0.22021041550376408,0.25358306596108166,0.8674536416554981,0.0
0.03241840219192971,0.8037703672516308,0.20026976646947114,0.5443432978163205,0.35491827506552376,0.2132727951897751,0.6726855285636901,0.4189804164749655,0.0
0.8431243805485342,0.7218272376036448,0.06465321690147419,0.6765318452708609,0.8384424794540102,0.5435531334166732,0.7995124796866536,0.9228102725157195,1.0
0.2557106262322707,0.22813312825163246,0.05697410528427094,0.6401731769399837,0.8148090856072735,0.4440639439005185,0.9528463685986917,0.8969722883452355,0.0
0.18256760112313053,0.0600190498742485,0.7800782450109918,0.5116805564582557,0.44430971470963915,0.19563372972835308,0.2593258052418851,0.37523254185753435,1.0
0.6493076999806869,0.6290636944332211,0.20788679571663488,0.5412469111075445,0.31874077639351084,0.34750579947916116,0.36072336347347805,0.4969577857347656,1.0
0.7760267772818629,0.14273973082761293,0.9722417519326454,0.583025582595293,0.429800825819571,0.41427648181202686,0.39550314596441516,0.007998106325805276,0.0
0.3087263865631825,0.16109992317400212,0.3110358576095741,0.8306900947194031,0.530293759760904,0.926455122749452,0.19817325721905077,0.6328797516886373,1.0
0.006551329313663756,0.1044148667597215,0.3533582582552307,0.008044185586892905,0.6269905876097347,0.6574492267007384,0.7441001708404517,0.6395784574556753,1.0
0.060610208772387875,0.5634924132336099,0.017824272933200935,0.7750814088135072,0.0038990549401914376,0.2731796108777642,0.36081586732780535,0.043140265247744614,1.0
0.07885126373404816,0.10605173304478893,0.8424630676225583,0.8106068222906948,0.02507733103520371,0.1174248614598345,0.012532188841201719,0.6893607516019551,1.0
0.16631542309463632,0.9439202071487998,0.8503353243909959,0.09421165097737005,0.7079508350265942,0.9773215426508448,0.9719821659235801,0.4973070152627473,0.0
0.12862942848107856,0.6295449851524599,0.2932861365822753,0.5724914479295301,0.3990963319962365,0.5055705244257296,0.5298645776907371,0.13749308208810918,0.0
0.8120714244783873,0.8777810931590881,0.12433347677721396,0.5300845855810566,0.7341136396079241,0.5746036934139566,0.5835818159089962,0.9160032139118375,0.0
0.5662266571586836,0.4526561779092603,0.6560246695175033,0.9447375088040897,0.14345789259463465,0.18738313492358272,0.615451477144881,0.5359764757656378,1.0
0.5579496183011696,0.35855999303415964,0.4208096920661384,0.4456642760219708,0.012214031715674367,0.9848797019290565,0.9797974915621485,0.8470741400118689,1.0
0.9702525345778604,0.10814520166691705,0.0005823538557130914,0.04314302351338556,0.48002075958207013,0.22532992828384235,0.2816617359056627,0.7577272242336954,0.0
0.9512808717632003,0.2925605144103166,0.03516117273066388,0.10010067501336362,0.6756288768333784,0.8965610096718122,0.8473419725821909,0.7553301260893628,1.0
0.2714184297820592,0.1999867797695432,0.3697901881201936,0.12870219429083812,0.33820951788630094,0.4647701538533374,0.9049727071961332,0.31688453921705906,1.0
0.778902782995142,0.47689724907710573,0.7557700787384862,0.0416534577688879,0.44828571595351596,1.0,0.06443435143130966,0.9728734505544332,0.0
0.0538986444757133,0.7792317081652709,0.10356029126713301,0.46343586975120404,0.6753603607667248,0.3818840295184469,0.0634459769157048,0.35878208077453944,0.0
0.972497946657668,0.8463265014651093,0.8791227071309295,0.8328598468519494,0.9947294435296383,0.5273960391626678,0.2911354639776657,0.981595020437012,1.0
0.4385530674918238,0.8979042483661865,0.06805872673834612,0.900507619599661,0.842481099069162,0.39934879224387315,0.5479853327221967,0.6738104525481253,1.0
0.8583087675064678,0.8947064392079116,0.36302161793023746,0.39057581067261254,0.22903544889677574,0.08853093303166842,0.47115296470686274,0.41003714001853664,0.0
0.5488859954624848,0.04313405472963033,0.21625013995064185,0.07537123082167524,0.08531753086210109,0.2930708162567943,0.620017500729197,0.26443926573449883,1.0
0.35198691378933455,0.1536222635052087,0.7354887766217958,0.23847058870344112,0.03689389529253123,0.6642754206081547,0.45152714696445684,0.5722338354237096,1.0
0.7773710002270879,0.7366657516922159,0.2573518526281271,0.740155535600356,0.059239367214825034,0.12034555981687867,0.09503145964415177,0.19381488667960234,0.0
0.2709260520859199,0.9240909233295653,0.843542080438588,0.9445048553476472,0.23717106118504733,0.7835857760477797,0.37581732572190507,0.16476382415501456,0.0
0.8068523800731351,0.16768296082192663,0.8665520884350095,0.5990452453936871,0.6457325845308213,0.5697004009228229,0.1853660569190383,0.383293159435365,0.0
0.9155415730194001,0.6946378957640575,0.4502866136083494,0.7691074941206588,0.6107604895058508,0.9567002290077957,0.44238426601108377,0.9118891400452083,0.0
0.8088022594193763,0.9400361671525588,0.6236866527679982,0.5449335531647634,0.27553940685543804,0.4612607526482343,0.9342680945039377,0.6570482686883639,0.0
0.8108274810423975,0.9734124706593178,0.1406860791693485,0.3131374923565249,0.848224211976984,0.8988126189874842,0.6850052085503563,0.47581064591626493,0.0
0.24698577834938867,0.607060771116398,0.6980560258899402,0.23145835516393842,0.1970966302294963,0.4418592928561878,0.9044793533063877,0.025294553019543475,0.0
0.8177560523193749,0.40706124895605306,0.9403271687839231,0.29904590860194374,0.03409304983838618,0.6031333636130172,0.0007350306262760564,0.4290513959179319,0.0
0.2564385811882008,0.4633746523052843,0.6597477545549623,0.5076119064451905,0.06963905815601629,0.8595841566506708,0.4763240135005625,0.3099299540583972,0.0
0.7738368107508123,0.3435436164073147,0.23838515796248844,0.026171789508310672,0.2689559872449562,0.8470513389209255,0.870183757656569,0.6340091216418955,1.0
0.5354021155262393,0.44720031091433554,0.027590041987845648,0.8747541818596625,0.049088292434161795,0.5569304041276586,0.5960348347847827,0.20769488507931427,1.0
0.5146540728336974,0.7759298361487823,0.6542080969206614,0.4167133786348787,0.4810046109409153,0.7538224563473788,0.22644776865702737,0.8148116660998981,0.0
0.2386652319799314,0.7800859792819343,0.44976103593720235,0.9375743290653671,0.7668407598898553,0.46486990701731673,0.5807733655568982,0.7143044081267962,0.0
0.07334597173497348,0.5895739634728748,0.024165695192542913,0.3327788028029834,0.9280387554651776,0.9681477004773296,0.8100012500520855,0.18932491181746042,1.0
0.6700899650454283,0.877848521643747,0.2571321765495255,0.046419272301372494,0.537182576597392,0.6774147163508171,0.24797616567356973,0.6306626859501377,0.0
0.016723863127489802,0.05494572006984949,0.5798830304474228,0.4778410183695423,0.7590174434617134,0.016347315048083122,0.479298304096004,0.2988504597494216,1.0
0.22494391775594624,0.19455719395564686,0.18583030924979554,0.9059477842875352,0.2696463813214705,0.44739585875800947,0.942065919413309,0.7102920192301281,1.0
0.8682398876869497,0.7859896882202437,0.5949626789444724,0.8707799727023482,0.2595611088970623,0.9906229372849736,0.49165965248552024,0.049793129429964,0.0
0.2679099734073598,0.23935253788604793,0.47289494336442933,0.6739132337901954,0.832339576243439,0.9999931021748313,0.949486228592858,0.41959052629473303,1.0
0.6665913243898868,0.0831366669197447,0.010452124145637787,0.895336452180695,0.9406956264251649,0.630425139495249,0.6198249927080295,0.030853887032999294,0.0
0.392198201123555,0.9036959304520309,0.33344414417330426,0.3777225693748997,0.22601729646774016,0.3738761850994242,0.49781740905871075,0.5455548665426444,0.0
0.3448591099424216,0.3689713227185678,0.26806026553213347,0.6791950243463751,0.5940228111297257,0.7242618265865529,0.482450102087587,0.2662562594600361,1.0
0.035907227128313235,0.42957227510609364,0.9884311891214708,0.6272732457810006,0.026344557057276174,0.4115359228122752,0.34190341264219337,0.20595540530628847,0.0
0.21789225205493412,0.6916559108499865,0.37364725434085766,0.940116804238166,0.49253408588587216,0.4786676797626299,0.44493187216134,0.7250538430250779,0.0
0.934796830530813,0.2777942072029549,0.052334376706270225,0.6739795546158631,0.9478171394972806,0.29159627347648265,0.842422600941706,0.07093026744814068,1.0
0.06799454776594238,0.66085887961467,0.17413998672392395,0.4677947396973913,0.9255738204264311,0.5508717259207536,0.7828442851785491,0.7795328159068633,1.0
0.044800799264829216,0.8873347006626573,0.5641427618589265,0.9809810441816076,0.23359783404115086,0.7448475898998861,0.4116621525896912,0.5880775206203783,0.0
0.20199237875729814,0.4924209321377431,0.4539659226156523,0.596899634041684,0.5871286876516041,0.8876837739805545,0.6723305137714072,0.45749318210611245,0.0
0.9692624733914424,0.471878339900089,0.4667270333700698,0.031725495449728136,0.6013743671166522,0.2449298331999754,0.6445026876119838,0.7818207277309916,0.0
0.16222598226166912,0.21745049182973825,0.651292878621538,0.43271394103548033,0.3794965164550997,0.1833579886366289,0.976140672528022,0.3857619371486868,1.0
0.7652411589552255,0.8916822451243099,0.5773928376047242,0.6325993386487264,0.5355523762875902,0.2846050623669516,0.3602883453477228,0.17778950211037986,0.0
0.22423559423833206,0.28999637372795095,0.9772025047317909,0.9395973795315362,0.7646663634805413,0.9320168922432365,0.6564448518688278,0.47383779080234445,1.0
0.788105152350573,0.12293699365588212,0.4111869247100037,0.746431342691644,0.5275687992821175,0.14259316839395286,0.9505987749489563,0.12350389736819295,1.0
0.06001622511847843,0.5832356859149328,0.5835774620833252,0.5565391670900146,0.31060410277691247,0.6316495034627083,0.19785241051710484,0.23108659558720568,0.0
0.8846950123412771,0.3136988134179498,0.03186656217018741,0.7355870918450587,0.2876528777121582,0.9976000874431992,0.7385466061085878,0.31170193968247617,1.0
0.06675644070350595,0.8520863275739496,0.6092774408055214,0.41382046421925134,0.8644959672176906,0.29912047423078636,0.28111171298804116,0.5189134044127943,0.0
0.8685221559351675,0.5295543826656762,0.06823727987952832,0.9023038528420463,0.02935926016925,0.06501757353612231,0.34742614275594813,0.014834336847299179,1.0
0.010473637631238875,0.0187260051489877,0.3119551542428524,0.28046997589901196,0.8579756966426471,0.7472331762044133,0.4987124463519313,0.5842976735812446,0.0
0.030168745476810532,0.9967509558120433,0.08247669390685414,0.17895772843213592,0.8994818595109081,0.14327074706630188,0.3349897912413017,0.015486120835083605,1.0
0.2086646801773409,0.6192143572764626,0.8010599636101801,0.0815841657702302,0.5000931315606674,0.48753297691032615,0.42069919579982495,0.46531709040960706,0.0
0.9851382053257439,0.2618256023301585,0.8793837714562243,0.2188165446584544,0.7442020960173124,0.08396271566315694,0.7048343680986707,0.7329044227961033,0.0
0.0894846057688839,0.8001844461068544,0.9796701462862274,0.40583490624224877,0.665264209726968,0.74286048564934,0.018734947289470394,0.9397908290158896,1.0
0.6173158836375676,0.007848250867942608,0.632004629116207,0.3185999408418235,0.646948336129049,0.9933680064011818,0.6188691195466478,0.9649336880638515,1.0
0.6826885732295096,0.5975873344882894,0.601959945728335,0.4511694351189995,0.530491166829669,0.24355981900106755,0.6212333847243635,0.7043101091529809,0.0
0.11066400952496169,0.7199397709661439,0.3655521377825345,0.9101620748337669,0.090537408904863,0.9969965277409305,0.592278844951873,0.09235829115907529,0.0
0.7636849695341301,0.7413244228626099,0.4973925404583377,0.3251253795209249,0.3083434734410546,0.6470653468120375,0.24996458185757736,0.04865375767638169,0.0
0.30780477012116314,0.6723570290478725,0.26912680881230056,0.6043283623663801,0.430126653615866,0.8851878224733267,0.7294112254677279,0.7740885025971342,1.0
0.7114637518755983,0.16337895286217985,0.5850316222123291,0.993698460428353,0.9527833600699628,0.7345305658551287,0.03896412350514605,0.9154431130936902,1.0
0.5920600382441642,0.5842484405171924,0.5917662328152551,0.16231650685558374,0.2407257150832267,0.5118249947470409,0.6305421059210801,0.14520697058803916,0.0
0.83679297640195,0.3195093436235218,0.6113221793777224,0.77199085833739,0.06803645238270861,0.9327141031872197,0.37546564440185004,0.2639341748181339,1.0
0.24506508087091433,0.328845268617562,0.39679522315958937,0.9141962380174848,0.8869016695225242,0.7698081661760368,0.8527538647443644,0.7024581091263095,1.0
0.9533551719820113,0.15139579617908788,0.34204600144434366,0.9182367680004668,0.7919533800919216,0.4170727540150649,0.38367681986749447,0.2635557733725403,1.0
0.8881769397452794,0.831562848922498,0.9440147023787099,0.260987039584248,0.43673076912871844,0.8537854733924354,0.03528480353348051,0.07235469051095861,0.0
0.8397772203156735,0.46942038580773743,0.1870287112389784,0.04427286509946138,0.46618607951153423,0.7710434074831852,0.6117104879369973,0.6616957719056097,1.0
0.11672800164691854,0.6243500717024948,0.05051780410942841,0.14897673598077227,0.05860867285668725,0.5216358245447966,0.49237051543814325,0.9980354797196829,1.0
0.6930858074251406,0.3206412926730722,0.6192188445993378,0.4664876888651313,0.9586941628534025,0.04932422537423353,0.6322121755073128,0.2208022444039927,1.0
0.08637196163698607,0.49168346627009507,0.07096386328507004,0.7192843717627146,0.3126434451566547,0.8970552653752524,0.1526721946747781,0.9192121248491396,1.0
0.09158623082751294,0.11664835832877168,0.7985875464888175,0.5365983517948405,0.19769707673032338,0.5315193468077927,0.5794108087836993,0.8283382675548265,1.0
0.3323541490249012,0.22554589198593872,0.6053983539151424,0.2334129625380184,0.04558643962023545,0.7163242869240581,0.09415558981624234,0.4717290779006888,1.0
0.17625423667662038,0.9640168157083946,0.35259947373252476,0.25951498253772665,0.6985349954442481,0.769221320434754,0.9952673028042835,0.8329465970541364,0.0
0.40057127485499266,0.6117720046488488,0.8159647732958788,0.5417307878516164,0.45079788010280025,0.2124052610243164,0.09316054835618148,0.7511793789548786,0.0
0.7737306948680237,0.5577498424456471,0.5782718072284042,0.4028929144156273,0.22613961455739157,0.4289409928198946,0.8217800741697571,0.14658971948284022,0.0
0.7669695213961454,0.9375190140362744,0.3505024692334101,0.0190653803963598,0.8453427055700102,0.4808962078940834,0.8955906496104005,0.6388691631160276,0.0
0.8962627047240669,0.7109348826664726,0.1371540168089343,0.9636729003821406,0.36463287857183413,0.43785935016119687,0.6885436893203883,0.9380721863268722,1.0
0.4472497946657668,0.046527247213531076,0.1992822853528587,0.951758761975883,0.14251914768967394,0.41456221095459533,0.1971757156548189,0.8611600088015843,1.0
0.9291947077886935,0.1322726531834474,0.1935760134946909,0.0626699968563929,0.6377399862345716,0.2715819684482865,0.517557398224926,0.2920600708127463,1.0
0.5624462788343383,0.9254331218273437,0.3820037005337492,0.36057571782345665,0.06729803319941136,0.5237598240948462,0.18698779115796488,0.6467405799710615,0.0
0.12908837967413944,0.3415329733253976,0.4712858426196001,0.6354630719010599,0.6602682719611384,0.8001052714241144,0.977519896662361,0.5610118154601161,1.0
0.6935980818493027,0.9286452661752704,0.3254777026127127,0.5115004290957421,0.4187847684526523,0.3175129944414141,0.35387557814908954,0.40723913637788134,0.0
0.025854073682624434,0.48951088863840647,0.5835037061052439,0.3194729881909138,0.3162739840301927,0.8988611690646338,0.4993624734363932,0.5088240883359004,0.0
0.5618308067141642,0.578630373506021,0.24221144830740643,0.32418256266323214,0.4651547337100695,0.4409824731568481,0.17202883453477225,0.240629980063078,1.0
0.6769874974266898,0.7907699430362037,0.8761907743475648,0.5632102463022823,0.4215118515880921,0.1407278372877327,0.6042460102504271,0.21215485454048394,0.0
0.338017023109917,0.38984043872051527,0.738092256524353,0.9895266152105486,0.8434718490621307,0.04752150529646848,0.33630151256302343,0.04825535263014008,0.0
0.3315598716422282,0.8773234289561274,0.4385315556197014,0.23982459468027395,0.7942845877615047,0.5885009540222811,0.1163631817992416,0.7039092036566582,0.0
0.22627354976728792,0.5411481000298914,0.7709163198632277,0.5581656190186906,0.6454269219727334,0.4296864885400594,0.3483961831742989,0.3211144672707754,0.0
0.6228604385132741,0.18152889576034104,0.3912881985659503,0.37215745625146734,0.7008723057517097,0.04321858889598712,0.02985624401016701,0.8374690777673315,1.0
0.02522958171241324,0.9925372064538085,0.31589605819399735,0.5017258005255262,0.1499810818225767,0.7931135297126473,0.4840051668819534,0.41188080521160475,0.0
0.38763044294891796,0.14241347252979458,0.49502969606700226,0.6242911961756759,0.9129089895039936,0.7511569775215796,0.43251302137589065,0.019591026384749244,1.0
0.5201856285137622,0.7334644914697657,0.4967056547487972,0.7858290965379202,0.6259133393581404,0.5591111780848667,0.23975415642318426,0.4440741000046675,0.0
0.5154624105708399,0.35950372635291,0.26842665763907647,0.8390634968849109,0.25161467838302387,0.4715292266158421,0.48988207841993414,0.17918642022230669,1.0
0.43044050825263225,0.5657268445539818,0.5437853159806918,0.8986063341694179,0.8917962504331547,0.008383245288785368,0.6452368848702029,0.11184013122362024,0.0
0.3796401822646403,0.8655170729454089,0.16614038150412314,0.04183252399819082,0.4563138687487098,0.8911663797878866,0.19199883328472017,0.8578069052429438,0.0
0.7877072177901155,0.4356201323403471,0.5550861644928109,0.7990685903243221,0.11757740134820538,0.3331604455358337,0.296487353639735,0.922493548838791,1.0
0.5997964166788701,0.5942275907802431,0.1792347207062745,0.0750733176727757,0.08106531892120217,0.8475814102550497,0.7765640235009792,0.24223193508164798,1.0
0.03413562246515689,0.6583526106238621,0.083689687906089,0.5601114720437823,0.34569851589153433,0.29914329011403695,0.6625534397266553,0.14448850793142765,1.0
0.37433306167667346,0.6785787668232741,0.7562043900194896,0.3394344955836962,0.7796963645790161,0.47183299622423663,0.590519604983541,0.5126864502277076,0.0
0.9165162474028138,0.07264330809455061,0.7888079813519417,0.2061821620854451,0.4185876267159689,0.002830496027913909,0.3383024292678861,0.6856275796310003,1.0
0.48124746648329847,0.37753420933730536,0.07167223904577802,0.6199034103494975,0.17403741500750097,0.9934995956813248,0.8289503729322055,0.6577967367459476,1.0
0.021568053176791224,0.46190237523473865,0.9324963002621787,0.7075214448389797,0.632795257560505,0.18876588356895596,0.8484770198758281,0.8262478912870983,0.0
0.2872761220162867,0.686880168964102,0.16845122527781858,0.8741875367251573,0.5251319894440285,0.19711198672221714,0.1005125213550564,0.3132238802984537,1.0
0.6730187634103947,0.09445297181754803,0.05312154932125929,0.8998685521235265,0.10268086228681228,0.037191216203309674,0.7455068961206717,0.2859114640635314,1.0
0.8970537986302562,0.003162502117095123,0.940496170791253,0.13473526716018203,0.7264503184250313,0.8127420871333275,0.32709862910954624,0.3838724303708001,1.0
0.9916794536305427,0.188250241441759,0.2709887492949406,0.8905953089953589,0.26276923909657607,0.8960877127448463,0.895087295303971,0.18176105032239132,1.0
0.40989435102709565,0.2870242110734561,0.06286158337635761,0.5719622077407015,0.5016779600845029,0.11336787905671708,0.8413133880578357,0.4418195275149527,1.0
0.8905791380419072,0.19890022548722386,0.12130258363476887,0.5981069383521397,0.877204843265686,0.8395796677582918,0.31539647485311884,0.7216040553966381,1.0
0.6856070252959041,0.641016587938159,0.9437796383622352,0.3103185919823428,0.4766651047451459,0.8431930669428627,0.0351906329430392,0.49865809178985554,0.0
0.4870708408410321,0.23672495071614885,0.34634507291494765,0.15828473122158987,0.48311691964311776,0.24716287144788535,0.17021792574690608,0.8007332986604256,1.0
0.6928526177727126,0.40089048074385825,0.3125815494379953,0.8077144384416728,0.41591971263474226,0.17678860606626579,0.5806150256260677,0.06587685783441016,0.0
0.6034725361483755,0.3687416942176623,0.40868532356853704,0.7128066840780941,0.4526602459840663,0.5019709208914962,0.04018084086836943,0.3606374147346523,1.0
0.005196760069866746,0.34332115550123515,0.5033482030337585,0.40604288835154284,0.16254084124067153,0.8234878375424217,0.9027334472269678,0.676096697405533,1.0
0.006751888332134248,0.4761733219996846,0.5963945530944877,0.9356428013386195,0.3066816986135337,0.7262945626036,0.6392599691653819,0.66048888799984,0.0
0.4020730798861589,0.8532387175420777,0.9657257561712264,0.09140813703474282,0.5930113652343864,0.7303664018609272,0.06461852577190708,0.07139785161329043,1.0
0.8719764932096448,0.5793317359330642,0.018905408223420128,0.9424871105475314,0.3292951559383177,0.6856838822233495,0.20529355389807907,0.2952264740986711,1.0
0.8663321894041169,0.7302722571074666,0.8877638301744726,0.033761810081030796,0.8236287240020993,0.6373752289547354,0.4135388974540606,0.12326135371033448,0.0
0.5833200688479848,0.7069276662258153,0.8424962312817674,0.3699394225578351,0.4255207540100964,0.49667896248219834,0.1134155589816242,0.16202499783294327,0.0
0.30844571005320653,0.4428732073712607,0.362414325002799,0.18232523467624168,0.49359806753338276,0.35383243166377665,0.6753889745406059,0.8572059637401399,1.0
0.8693591449606629,0.5962767265010404,0.5910926125693983,0.8389077755862429,0.6335891311488719,0.5298845622427908,0.10824867702820945,0.3265312756296133,0.0
0.5486488264644522,0.05762188760468001,0.5184610151900172,0.3543068080980381,0.7163621273477245,0.30679138642041076,0.18707612817200714,0.1229187920492355,1.0
0.9795408577983501,0.2023287250123043,0.7000906827097415,0.4208374728582021,0.7886224011385929,0.4465784664755085,0.20870619609150382,0.6449977662645943,1.0
0.8240091960024025,0.49200706990316306,0.5046999537831245,0.11709047884962553,0.19767850348460625,0.21728706413703963,0.12642526771948825,0.8082804904882879,1.0
0.2831049719535722,0.5925753274396236,0.4287695008948882,0.2004830808941639,0.6423368645495643,0.5106067327018463,0.1563723488478686,0.1091421455862055,0.0
0.13132291487596115,0.8930886865090467,0.19872672773378658,0.6170914073411848,0.918212181820401,0.8571662036280439,0.8464552689695404,0.8528210077814007,0.0
0.2934268638724233,0.05067224075473176,0.8079962092610977,0.6401691976904436,0.7504817103942782,0.5980836249875309,0.143880161673403,0.16870703393277459,1.0
0.5404415587998719,0.13470379516182035,0.019359352390675322,0.5684503873799427,0.4870303025157196,0.0003096062296911728,0.9765715238134922,0.6258859928120395,0.0
0.7061980164819189,0.6730642317373665,0.14577497634767822,0.8286126611761866,0.6187164719748295,0.6333437154445489,0.6675261469227884,0.7185151660632247,1.0
0.7734362232932852,0.6088322289043083,0.44714084155040373,0.9110828731773379,0.5672133922653575,0.26294005471567167,0.294038084920205,0.7659061964486942,0.0
0.9156381384727378,0.31583130561190814,0.8439230645555831,0.34653586431289635,0.12090652297696225,0.27113838522974004,0.06346931122130078,0.7565820180965908,0.0
0.1894208301233279,0.22761599955826373,0.3723164630241118,0.5766471108658714,0.23434607051147,0.3175514630817785,0.0013992249677070023,0.5807862081841398,1.0
0.08225466538478687,0.2990556826550045,0.11519038858788078,0.8908828760954542,0.097956093908453,0.6515545044920761,0.6860002500104171,0.1957177291912544,1.0
0.6925814916921875,0.8450084604165593,0.7477688816630434,0.5909034355514112,0.8206312674754342,0.2708030448061499,0.4248593691403808,0.38398078320764406,0.0
0.8984593034977917,0.6242738828241597,0.7711781801163434,0.9568341621225848,0.433824586838149,0.022038020812330306,0.10608025334388926,0.8933583044948091,0.0
0.6313160173435799,0.2804616143441093,0.8503125077934599,0.7118031173440896,0.5877485033943933,0.30072236147575254,0.19865327721988413,0.6952176391750515,1.0
0.26402825441495137,0.0077996705030111135,0.8171273585331156,0.07792458260988366,0.9984777898474393,0.5069532730711028,0.7630467936164007,0.05845385502723821,1.0
0.7246404263311708,0.5977835142133405,0.8955716167894077,0.23545776623500653,0.40698545078063353,0.061247381479445584,0.9922346764448519,0.8608024444399992,0.0
0.8429368207257053,0.5707576997223751,0.030375789361416494,0.6845794795406885,0.08456955972386354,0.724429496798348,0.2983615983999333,0.4309217325785308,1.0
0.8851950834389186,0.7209554456996289,0.4247474123059992,0.6161767105135753,0.5450841659896276,0.44136132293919517,0.5362673444726863,0.7446698739106373,0.0
0.9031886231039745,0.10164552049215358,0.8466233823430311,0.7211835349265364,0.2306675065311492,0.5122439049755605,0.6700420850868787,0.9927453608316164,1.0
0.670923240015026,0.879443444225759,0.043137165425107704,0.12478263349387392,0.4653773473265935,0.18254802478123278,0.36317929913746405,0.7663437752128717,1.0
0.7361784062667796,0.49181168657753715,0.2239727622887276,0.844049761841915,0.047468174743463654,0.3377063776230307,0.6903354306429434,0.05850219706213783,1.0
0.05068678199340809,0.8038346101385894,0.2785081447293925,0.2423116256428146,0.5890117494352407,0.5246979283178008,0.9494603941830909,0.9882645542864383,0.0
0.28752496376142606,0.8712522106720708,0.47926157000477027,0.6587830659056573,0.5624729692941796,0.6108507034720468,0.6882420100837535,0.8705800377401265,0.0
0.9472155722935676,0.9723962649928828,0.07360793550649924,0.1485268154994423,0.4991472226895015,0.593626303423656,0.24438851618817448,0.33168887066338604,1.0
0.4458450856673522,0.4413568628658592,0.8943212141825847,0.22596778664855666,0.9232858618861608,0.10969399125143531,0.10420600858369095,0.38301227554293105,0.0
0.0036803641048170355,0.8605677159848514,0.046648003043627984,0.11820811740377846,0.9796169241537631,0.6013348883507407,0.7786557773240552,0.39479606329139244,0.0
0.7788659077258729,0.8583577075801827,0.9313575928595723,0.5732724419725935,0.5237251987469957,0.561699984930905,0.7426401100045835,0.10786941649496912,0.0
0.8100432846685895,0.7920678086326511,0.6718463880530172,0.8071220608268084,0.4613305024169099,0.1863795013615246,0.7475578149089546,0.7450516092896722,0.0
0.16475154027203875,0.6619212764477611,0.014584316083101234,0.3281387325559648,0.9481047594738146,0.12062651354202258,0.8146122755114796,0.6893640855353964,0.0
0.11505190127827197,0.4582909693083589,0.2817032643122414,0.9352695477317614,0.03132828954734873,0.14921508055598592,0.2246426934455602,0.4808790582304815,1.0
0.8230761721029833,0.8104903856006735,0.054670690170238345,0.9326374068026597,0.8006599870199546,0.7088581870817531,0.6341680903370974,0.08723986984323845,1.0
0.2131438315898494,0.8934959120817509,0.03650045394416723,0.604137358388457,0.22075602662023708,0.9736450018358828,0.18854785616067332,0.8664084535216339,1.0
0.29318226676259546,0.9386663601413767,0.621055580700979,0.3325639233278199,0.3165862798903223,0.14412103666883863,0.624199341639235,0.5522677415268081,0.0
0.43685547865691254,0.36945818823378246,0.440427190380098,0.09520778977889965,0.44944521715042896,0.4852285727020161,0.6956006500270845,0.5434653237582765,0.0
0.7881632507963998,0.09732346081210441,0.2603949499971612,0.8758726162637234,0.8450320017023707,0.26197197148332957,0.026136089003708396,0.3193916571649563,1.0
0.9052870646861197,0.36491287124822863,0.10699763821684577,0.22000660555423657,0.7466651737314871,0.4691295793600092,0.16396099837493228,0.649756122768765,1.0
0.2468679897194933,0.6299030994272825,0.30656221263689293,0.6589525819360641,0.41432931213719154,0.45467386021398115,0.24521021709237883,0.14392173924639767,0.0
0.35120271741552644,0.9763915354421635,0.16999797834333458,0.8647293911350279,0.5765642254876936,0.3779867582980837,0.5717363223467644,0.8354362118514667,1.0
0.6694132110029436,0.5053722450552887,0.9588277150557176,0.17696279799604997,0.3764451975158549,0.9154589282265373,0.41269719571648816,0.9806890240243245,0.0
0.8956421920994604,0.28509426979994973,0.6496670633924673,0.11389673316876925,0.523941975057723,0.2008644036140359,0.15641401725071874,0.8047890286918312,1.0
0.999663347361853,0.3609916659454827,0.25652674078700277,0.8728903013750959,0.7248986564114048,0.7406290392072383,0.5203983499312471,0.03990301587619105,1.0
0.4894210423550935,0.7347196169637324,0.574095573951511,0.2283940677347857,0.6980592550218077,0.7783824281618039,0.9405041876744864,0.4648395044441333,0.0
0.5232828858426557,0.7842914991794431,0.07500160512110576,0.5684991995076342,0.3063070497142108,0.4283438003408587,0.7865336055668986,0.7909265334426864,1.0
0.9488725718033122,0.8213171703185119,0.877579668395245,0.9028840274249879,0.7826572052784103,0.22048420610277125,0.8546764448518689,0.012184693244783995,0.0
0.8608903016450085,0.27514325898325276,0.5366341698180986,0.731898592804721,0.3009964280995165,0.1986106718906196,0.28630859619150795,0.8601364912350891,1.0
0.2978253672140124,0.968883081662266,0.0724724118151771,0.06970186136029322,0.8092718703948301,0.4077569758236534,0.8401650068752864,0.1382132117114414,1.0
0.9089684899497648,0.23189744286763253,0.2715626132538962,0.5341434201119231,0.9416683338365799,0.9736611851949326,0.45977415725655235,0.17679432297813602,1.0
0.49400498320185576,0.7664569304536237,0.5661429284731504,0.5941908262381104,0.06525099618930064,0.13048987293144831,0.5624126005250218,0.1457095610543231,0.0
0.9243414978893552,0.5761870200697964,0.20776820247130284,0.5471903182205857,0.20028034987749616,0.9343740913441845,0.2695570648777032,0.3308095457182293,1.0
0.8995549499875845,0.03579204842957995,0.9154666286036295,0.5467624162533774,0.012114797517128462,0.31582992510023067,0.07258969123713482,0.03439119041427452,1.0
0.7443241267193426,0.38121569841309444,0.8951075908697528,0.4358814236693721,0.6096718319747446,0.6649569787950242,0.9024084336847369,0.2199937655444647,0.0
0.3941191638917364,0.18464334844545482,0.695183522383878,0.9618941758377315,0.47038124505487333,0.25845116233660115,0.8622317596566524,0.9916259926786821,0.0
0.9538127967265373,0.8408199303734529,0.40587702490670396,0.5216995109502315,0.817016383194715,0.5324436553804098,0.11396808200341674,0.4470304654837871,0.0
0.9579985377231353,0.18235635476302597,0.28964821582166544,0.4378596412573898,0.856282347297407,0.29353376644600704,0.4007575315638151,0.3188248884799264,1.0
0.42537825006420016,0.493270955790806,0.7328391329056194,0.7144885802170282,0.7172438258551255,0.12074802138538043,0.8586349431226301,0.5450047675248212,0.0
0.7413669423557302,0.6868358360627711,0.42544942064413904,0.41346206647734285,0.8447210325026493,0.03626107100939591,0.11345889412058835,0.8902594133610717,0.0
0.5543069253347426,0.14189926396765123,0.8611514528601136,0.8464237821175178,0.9443412892273583,0.8880926027722891,0.5421792574690611,0.09171650897161487,1.0
0.7243300373740139,0.37996004198617767,0.8091067938806946,0.30168441633030957,0.3716254402522565,0.9306184908407494,0.1576949039543314,0.3441502803838024,0.0
0.9775838156300206,0.3115495968360643,0.9378197308384357,0.1619156637852479,0.5036254975639861,0.8377103571375512,0.901048377015709,0.35218089256066093,0.0
0.3848539208757532,0.48384795779295414,0.4811778988885133,0.8615332579044476,0.8648512468750513,0.2717392919223284,0.1602883453477228,0.9201706307135284,0.0
0.17168462147403452,0.1712633071707273,0.9954449050803011,0.483896905602916,0.5289583433938414,0.48763617898688993,0.15191966331930495,0.2817107079274269,0.0
0.6398509177962702,0.7105048269769155,0.9155215476232799,0.46961723598674115,0.5536299816761664,0.028560975713288195,0.7202225092712197,0.3487819474172018,0.0
0.1462377674916116,0.5369651447827608,0.5236714240156893,0.912397882508678,0.6657691366783925,0.2299978988163332,0.7262010917121546,0.8197650577103879,1.0
0.9052138447269957,0.13539798999403757,0.6774969449637136,0.7584685725503408,0.8185630038987897,0.5225545617970851,0.9308412850535439,0.06951584618564671,1.0
0.16099185454483717,0.48000825069804404,0.0008580101910597993,0.6764368738485047,0.24514959688096832,0.842984805682959,0.5357214883953498,0.5605408973615251,1.0
0.46027180522217487,0.8809812915156383,0.8690075257628571,0.858913850573874,0.842637114333186,0.02329766980853759,0.2745072711362973,0.5149968661025651,0.0
0.9073175921032804,0.4879244609835957,0.9426979724534688,0.13553191291810307,0.11112346379358012,0.8949445308736044,0.6836593191382974,0.8471749914984698,0.0
0.5215768077371212,0.11024663428329623,0.2913963386258996,0.815964749154741,0.06601143793537678,0.9041098834161427,0.7018250760448352,0.1481183279657005,1.0
0.8738300723922552,0.7282337400456708,0.6535437624993832,0.2570470519729783,0.22266800960077604,0.10237831705800327,0.16873453060544186,0.8799283871096797,0.0
0.9947944853698032,0.5393445207985018,0.48205262356381456,0.558886128468745,0.754846157805725,0.9301605813699294,0.46119338305762736,0.030931400985510726,1.0
0.29277425119327316,0.08099859992981062,0.1032522672003982,0.285571639092678,0.5900789150677314,0.45678512531756527,0.7226942789282886,0.8822771432191128,1.0
0.7383076214549337,0.27353453214453904,0.5191351660544213,0.6865295770986231,0.8567429637911921,0.03301962378200324,0.645613567231968,0.4443874897481547,1.0
0.18016487224708877,0.6819435543943462,0.26422521998118426,0.23966993451481672,0.19455793287204465,0.7860498914388439,0.7862027584482687,0.22790435611743448,1.0
0.08623401098936084,0.17169654845798488,0.27059662218845126,0.3017462273398319,0.41356940105527873,0.6878527176369962,0.6498645776907371,0.8949619264800998,1.0
0.295764596770257,0.33492524729529477,0.5009434397771827,0.9966680417184521,0.8619453299165637,0.44405094415308505,0.7369240385016043,0.032317483813753156,1.0
0.8803095081953296,0.6179568425842205,0.6813916851012394,0.20338448437547668,0.4035953027730917,0.0988718341635485,0.24412100504187673,0.846058957278977,0.0
0.18626122971329617,0.1328657052886762,0.15217662381214403,0.4004602665301342,0.340647123720635,0.42142130218204743,0.4594291428809534,0.3760035139658472,1.0
0.12047415759906449,0.5802560901991369,0.5414590842691234,0.8092018819197491,0.41190974888441123,0.8008032782710017,0.7039376640693362,0.6543727871016783,0.0
0.6088186543232672,0.2106956973724659,0.21462326348447647,0.7376520570730497,0.9877620883969751,0.456483478116915,0.6564556856535689,0.6573758276489768,1.0
0.7935812624818808,0.1484905310763019,0.5500893296324458,0.8333055228004367,0.48686553129300036,0.23039107485095395,0.33333888912038,0.2565561801124202,1.0
0.9268206302010047,0.23452423363810654,0.3864959171555874,0.847675123456217,0.9725041670403427,0.08943189511909894,0.6124363515146465,0.8604115407440006,1.0
0.5718306369287517,0.625646344500092,0.817864653004654,0.46380885807475947,0.9396833845335807,0.6221657897585338,0.830178757448227,0.3003140565301754,0.0
0.7570293813656266,0.8939716280050141,0.023941774165562535,0.5714953091280005,0.6562081604473711,0.5838709215282185,0.3084786866119421,0.45167546825095184,1.0
0.3512937117850177,0.5042840979741191,0.6855257342036185,0.6715813935597172,0.6464943529373057,0.3692021126446686,0.9510254593941414,0.2845895594540351,0.0
0.17093597392096072,0.5889649833791439,0.799578211316714,0.184058595775894,0.6215878957626997,0.8792323463429854,0.6509787907829493,0.6173011142005561,0.0
0.22808574375561091,0.992120158621528,0.3138778505491636,0.5888159212426931,0.7365361215136028,0.2795027941497953,0.6197158214925622,0.19660955638681626,0.0
0.08248069221512666,0.09659555173755768,0.037645263460068024,0.8398413075283422,0.32263372869582385,0.7569222328578433,0.31739572482186756,0.31348892800704126,1.0
0.48384146923806676,0.9700620182778976,0.8718534983415518,0.6815820435038088,0.7093862815884476,0.09794832149383548,0.7250377099045793,0.2774032659211991,0.0
0.5256200881610754,0.06077270919687361,0.4363703462763578,0.9250508349128743,0.30182054954519427,0.04589865927502795,0.0679278303262636,0.6907451674634768,1.0
0.9300096777685103,0.827218755525021,0.9900527594021626,0.8766013494961606,0.08947395792151586,0.12993672041310544,0.2657227384474353,0.8795916598321032,1.0
0.2570885409702812,0.3861552331140757,0.8476549047990733,0.05306912884942655,0.2917193571958856,0.3233230856412749,0.9889070377932414,0.9404851206550513,0.0
0.7922808123383059,0.2942982579558975,0.2196415883960091,0.0651676391510404,0.6104176804563287,0.19323885788994466,0.015178132422184187,0.1524874477405933,1.0
0.010291118312842407,0.9510824926452512,0.1328525575548673,0.6803094795008959,0.3217053317420484,0.15510688445399995,0.2359464977707404,0.46022117314449934,0.0
0.9985088065571126,0.9559914987016034,0.5739623886961269,0.9877293208349527,0.6400711939041546,0.4409516982445566,0.6558214925621901,0.008082288145199457,0.0
0.4675508242020616,0.20423052683945703,0.6416916013165708,0.09633736608167282,0.4334969017172823,0.5156562060263645,0.012170507104462658,0.6119284804598162,1.0
0.9374380548534222,0.6610747038588737,0.7982996859268818,0.6983052376208863,0.7479934261323444,0.787747817634237,0.31594399766656944,0.9255841051389251,0.0
0.8850221145499731,0.8130855858606183,0.6388395266245815,0.16943564956606283,0.8781098909962742,0.044866373208422516,0.7178807450310429,0.9882470511358712,0.0
0.36233851815536644,0.11209932481256735,0.4061747019117655,0.5241504633836089,0.008679012391538898,0.5866878872067629,0.646662777615734,0.07700552766164576,1.0
0.8290711889011276,0.5571785585913711,0.9856319109749425,0.5882858852039564,0.8277350032980777,0.6314759966296165,0.28099920830034586,0.6236672601068193,0.0
0.8767922972603002,0.5120842994100804,0.6792702721489468,0.5590880090620776,0.1481205732658824,0.5311948837238918,0.12843618484103503,0.6003847359191321,0.0
0.287722074013706,0.1817428617392195,0.9875490357865067,0.8020097863010355,0.5459300446660026,0.6510841258757585,0.7805733572232176,0.6129136577917359,0.0
0.5411281285615144,0.6730177751042353,0.3674538746562255,0.8694344557912008,0.6470106891682423,0.04302836810190952,0.8347039459977499,0.3515324425063178,0.0
0.543224447826004,0.8996210200602396,0.8996862983148086,0.37974535455776615,0.22147879121071556,0.1164944509649527,0.3806741947581149,0.7928360438212212,1.0
0.014682989411757219,0.7559707392232556,0.462593514886238,0.5726163963650882,0.49543177754982803,0.16514560778329368,0.9266419434143089,0.49269285137991503,0.0
0.052392860098942506,0.4749089051790916,0.36312827225825417,0.18097892191518627,0.865930617783299,0.40693003270630335,0.944552689695404,0.5054226427423603,0.0
0.4179474853719256,0.6193595674383069,0.24021207762100355,0.7271513481034233,0.5220785478481302,0.8915149852598783,0.0511021292553856,0.9129193254785861,0.0
0.38963523726450233,0.8351869972396795,0.806147799551415,0.5789396891675542,0.7607421019925908,0.9958679374229301,0.6281736739030793,0.35180415808178805,1.0
0.5668466392038762,0.8724499954074298,0.5964263902073286,0.4670795359133903,0.9065036077203146,0.1280231045307038,0.11104629359556645,0.350758969947924,0.0
0.29495227968751003,0.6839369421553859,0.7409541476594681,0.07926293687185887,0.489482236282464,0.19864675282227168,0.8917896579024127,0.7549458902602468,0.0
0.8079883505983875,0.2603400519358612,0.9314955536818825,0.8946745703405309,0.8156098578297639,0.9007654994131543,0.49960998374932286,0.6654914551285898,0.0
0.6609958338904418,0.0483592313577495,0.964636661602797,0.78772507630211,0.4847927570709673,0.4063476970814771,0.1588899537480728,0.41584151813993186,0.0
0.2976852942487314,0.6127961743095349,0.014390109694772335,0.06727292744103747,0.9917625001923658,0.67443379467403,0.15441893412225505,0.2853580311122669,1.0
0.07567495007247721,0.7290975679554356,0.16194902559863056,0.6141271317171391,0.10210376500917251,0.34102608863599226,0.47516063169298717,0.7626447760596908,1.0
0.47481498695835805,0.27919109179459045,0.5127319267343134,0.08458637690655796,0.9504192512222522,0.00970444410957566,0.847754489770407,0.6900608776246391,1.0
0.4250158643244769,0.40384724634280106,0.9675927375300661,0.4598988474766915,0.2300644067095054,0.3751169977269013,0.34993624734363926,0.19902915858187803,0.0
0.6713516828917852,0.0770702270322387,0.134572557576092,0.586283261552093,0.17223156485963137,0.6526300346164704,0.7610658777449061,0.7698402379094904,1.0
0.77962304454957,0.580270690855264,0.7882327908466178,0.5379473173889225,0.8698193247723053,0.7462032778465202,0.19107546147756155,0.34266501303567976,0.0
0.017016742963986475,0.9793573269012577,0.9755469748640688,0.12007995638742508,0.43667266140283195,0.8770505111819052,0.9878261594233093,0.7726657465010369,1.0
0.1839423323846574,0.16218727385574655,0.5745999268807642,0.703097580483638,0.28723126503437907,0.9118577328864959,0.8974532272178007,0.9436815293419483,1.0
0.11616611804755272,0.1845586646399186,0.2719786181950161,0.5250702005939694,0.465407860515986,0.6944828541290382,0.06604941872578024,0.10990228241083394,1.0
0.24869663166964856,0.3568129581619526,0.07962302735922289,0.2255924107752772,0.614629827252895,0.9710954595331127,0.344575190632943,0.10572319684209824,0.0
0.39154373141645604,0.9065536770557856,0.3258111963697201,0.11526877841018368,0.5797447611507134,0.8179703733102981,0.18672778032418014,0.2734783927773666,0.0
0.12599271408348778,0.3196864097623703,0.5827462481289063,0.5924603832547873,0.9853642823748919,0.1695286450761202,0.5797358223259302,0.27925109853106894,1.0
0.6170999378160927,0.37753261653845516,0.041198285253102374,0.5432869397050846,0.6026373478254179,0.46845120478475605,0.7660927538647444,0.249610763270722,0.0
0.4074558080406127,0.3062681413152377,0.24049569323456044,0.49284809480164105,0.9590719957377054,0.3958847575043032,0.33459644151839657,0.39947107145952937,1.0
0.6569928775019472,0.780444359023232,0.46936977904513066,0.4380509105186156,0.06658004458640299,0.46193753541767923,0.3048135338972457,0.8587395731231622,0.0
0.7401816279449811,0.7656026593369603,0.21870557727848933,0.33710239006991544,0.5883009247884374,0.5808690410749571,0.8678961623400976,0.19470921432524518,1.0
0.43717568333322726,0.7501819772686367,0.24975657874140467,0.10847964812822741,0.4902506379909904,0.10894053650222962,0.44325180215842325,0.4939439099037827,0.0
0.5872954351069543,0.5146683500780737,0.07561261237837558,0.8352025636978371,0.36603648528388677,0.023565889087216074,0.7814917288220342,0.04943389810165827,0.0
0.18491408858129432,0.4910768753746395,0.8858679301048025,0.17866830434892184,0.035050898653227414,0.6980378871006425,0.8043960165006876,0.9962209864442266,0.0
0.8493555051858832,0.43465038330704325,0.2688341726834388,0.6857369105902421,0.5341301963298205,0.38629412751001246,0.17422892620525848,0.21212734958959278,1.0
0.5295071129476233,0.3827676154261506,0.95914422901921,0.495597756233826,0.16876500121256754,0.4022068795724622,0.5761056710696278,0.2759263334066798,0.0
0.7372095873577782,0.8213187631173622,0.9046014179188822,0.9713353432964899,0.13204834775059415,0.48078159787589436,0.9671844660194175,0.8594480339794497,1.0
0.26343771952723255,0.08262909501947724,0.4879722040780158,0.031629728177463956,0.9914735535554233,0.8173962620154809,0.5400383349306221,0.11116167576830499,1.0
0.20177457590787445,0.8335164167122826,0.7504034027506205,0.8621643668815019,0.4698160877209088,0.76241502409994,0.6185157714904788,0.029372787101678288,0.0
0.5544408966367632,0.3951922428572262,0.6172441476753867,0.284550828944,0.43742912316768295,0.5841860990782384,0.6075378140755865,0.5311347709254333,0.0
0.8840943964446935,0.22417077564525606,0.5139210428989177,0.06715248882162489,0.9664710461672515,0.7202388027073434,0.8759873328055336,0.1801499269868576,1.0
0.3444879696423683,0.13261749413451818,0.9855387874198832,0.02432833583804983,0.2890694856962128,0.7979953328253704,0.5183974332263844,0.4104130410140492,0.0
0.6011621280903598,0.5431606013771338,0.5685835084816722,0.6039988805044627,0.893075681730984,0.5054020583110304,0.6971407141964249,0.42974068665693155,0.0
0.7288057400203318,0.5970330404884158,0.2925904956667036,0.8829697404600808,0.11173001293228568,0.08461376423870293,0.6476778199091628,0.13125362565261744,1.0
0.41157973653548624,0.6084024386812262,0.2260909915297361,0.4392704178609942,0.5610831598503739,0.26007029414448923,0.0696637359889995,0.8536969987931161,0.0
0.46183542275506545,0.15651664448251817,0.3395995846318012,0.8111456126784196,0.08099261793082368,0.6237045353731087,0.6864777699070794,0.21557380328459125,1.0
0.1458385064826193,0.8293071802841234,0.06381908454504504,0.6579842978813149,0.14135327852280077,0.824114478428909,0.43509729572065503,0.4436748614750655,1.0
0.7468205028619453,0.3351049680988937,0.5206267347910132,0.7475951405404617,0.08561311080108525,0.25902182471883406,0.4511912996374849,0.9311767784867944,1.0
0.5840241477302874,0.5409094456688348,0.7642522815270989,0.5767542853201505,0.03419095737652372,0.24651951660041221,0.35780657527396975,0.47945713561774456,0.0
0.2462880664200534,0.8841910466652898,0.7713617741337253,0.04174577635821741,0.9993122592443024,0.528022414748187,0.815111462977624,0.08285574736785956,0.0
0.23069831678986724,0.89849491127314,0.9869844576521296,0.31625563229611986,0.24739934760147758,0.6440815068246022,0.10630109587899494,0.598590246244324,1.0
0.6882381686096485,0.8584516827123453,0.5083912017077428,0.14753439066415003,0.81909897470377,0.52572835727763,0.26693362223425976,0.23040563968180938,0.0
0.693128519067963,0.03689134510270098,0.37752554530341564,0.11127971338791981,0.5435555878671068,0.7589547035739224,0.46987707821159214,0.9673724603762011,1.0
0.48326181122833384,0.22918862295637266,0.7806781092787674,0.5890461871494115,0.6049722701441443,0.6982580869041075,0.5076028167840326,0.994511512072173,1.0
0.82952563016917,0.19441304565970274,0.7669051089545594,0.1540152617484027,0.7319485298214687,0.19537930610001208,0.9821900912538022,0.05318957412334219,1.0
0.3608322031991817,0.7984498881589741,0.8504937140273789,0.7552708476199446,0.08189633900100352,0.8092621343356758,0.8514321430059586,0.4890947037133351,1.0
0.40955637194041383,0.6090738033965903,0.5038172698296131,0.28736575006864207,0.7407310217248602,0.7618507289409397,0.1345014375598983,0.5377918025244544,0.0
0.593341387528837,0.11612485844000214,0.010518982082603545,0.01575464477902566,0.20561936202492953,0.6444059699085031,0.5592099670819617,0.3162860981643362,1.0
0.9245218948900957,0.6068393720762185,0.9802328672556886,0.8629496054574081,0.666945353796451,0.990027867213682,0.49216634026417766,0.5587214031859068,0.0
0.41845127052546466,0.08583593003790324,0.3440323719763365,0.3000852885818087,0.4980919970006861,0.8651671502218978,0.2951681320055002,0.7545858254485808,1.0
0.14897661842638638,0.5650230929286633,0.7233726327116783,0.6417890175365527,0.9719156604831909,0.20276581565190815,0.1069302887620317,0.17020813746474367,0.0
0.49225460171525715,0.3519673985931338,0.7039416468171111,0.13192352943517205,0.469900463322881,0.17867463064799233,0.275097295720655,0.4358134464203557,0.0
0.5479489922174612,0.2957930996768211,0.3227564253926445,0.7837803135913921,0.19245252280396574,0.40871842653179474,0.994752281345056,0.18055833383342335,1.0
0.2147353045419721,0.6401724045475469,0.7683674936710473,0.7277262170203114,0.18204805588530432,0.5887580306603023,0.43348806200258344,0.39470854753855694,0.0
0.48847422339091184,0.8226997197204956,0.09849447599561284,0.3348472167139092,0.6861373539280557,0.46279392694248067,0.6983215967331973,0.2678823854960559,1.0
0.7126904514806349,0.7759412512072088,0.843118116219258,0.8181925983305721,0.5042514159446538,0.35739224005280557,0.49819909162881787,0.956880571836264,0.0
0.9366244113221402,0.9893773590014637,0.25224703689337696,0.9605393740109907,0.704673187821682,0.9058263806792979,0.5427242801783407,0.2619979929720683,0.0
0.9493113609786431,0.19364027275087503,0.7878069694623719,0.38539854173768523,0.2219794728488334,0.53100386702691,0.918240760031668,0.29885212671614225,1.0
0.7577870487687375,0.6276646861097852,0.7138106211792148,0.9666154227753674,0.8120477746332978,0.05018353520968327,0.07154298095753986,0.44153030878891536,0.0
0.3882801374412914,0.0584188179627359,0.9027922739817031,0.5711825401141514,0.40242120831168665,0.37126058285561475,0.5453835576482353,0.9566080227774333,1.0
0.8121900089774037,0.8705959775457837,0.45985525787265474,0.5576724573590252,0.3584506410688425,0.5634971336883414,0.9422517604900205,0.8395711228021044,0.0
0.5780442524454406,0.04921456434031313,0.33139648719909287,0.9685119331061623,0.6860129131817508,0.37081408132641996,0.042136755698154116,0.23206927246904446,1.0
0.5735133695400726,0.9056922383442962,0.8561617813501377,0.0018004777752281265,0.7022597272067802,0.3560898776007454,0.6109246218592441,0.45770488687963834,0.0
0.3376840845276676,0.793512477189793,0.9342911174985793,0.8680080274727389,0.6754365110741651,0.6633800298410529,0.4032018000750031,0.39621881938748976,0.0
0.3201808002410953,0.6519994669433181,0.3895798721527672,0.6695161630484234,0.9390309329447457,0.6609350161196869,0.31789741239218294,0.7551842665013035,0.0
0.09903530050956849,0.29681089814210626,0.41856278782739825,0.6920490614939959,0.6130818798884119,0.9599284111867867,0.6911004625192716,0.9049978996219319,1.0
0.999374181581254,0.5011531863675531,0.10465628387667786,0.8803622708781276,0.29370802114802824,0.7364452429414025,0.21549231217967407,0.6976455762037167,1.0
0.08637859387966035,0.6021767189086992,0.6746573398075871,0.04350062540538613,0.49010390934982495,0.644432765306274,0.009907079461644153,0.5775522927460276,0.0
0.7831078901403489,0.14092181640657142,0.4448549368484336,0.4957953922943159,0.48943394584359945,0.3864954909447474,0.5578115754823118,0.812645442846379,1.0
0.3585700778678348,0.7837828654132755,0.5343609999612648,0.5372026671583251,0.3527361840258412,0.546998066486545,0.6867552814700613,0.8859244664039527,0.0
0.3907847375648103,0.14860149606286666,0.41734156924067956,0.17104061354722244,0.8495782015897637,0.6481337138102949,0.20297262385932746,0.29090986377547956,1.0
0.1006506495353186,0.4448803993890023,0.06725059469073696,0.32153768813560224,0.017529694639920435,0.29761223822753485,0.9374615608983707,0.32872667080074414,1.0
0.9660307141811144,0.16227567419193328,0.05567966133801833,0.8872100287699741,0.3725068734275757,0.7425476958080325,0.7609642068419518,0.06433157968434311,1.0
0.30073479943036996,0.8611289121130759,0.4719164827631218,0.23495107512690488,0.890637279900405,0.5340975416151099,0.9039351639651652,0.8775487921159142,0.0
0.9960612437205927,0.8260260146526874,0.9567715681847486,0.6272008234393714,0.8123725411012661,0.5075610775888599,0.9766398599941664,0.7659395357831076,1.0
0.28984943217391124,0.9333360587891436,0.10283467040363625,0.2702475491138875,0.06277438653896056,0.514138419188264,0.5039326638609942,0.3135756102765165,0.0
0.05205939093727918,0.8673649850781293,0.19714468853487194,0.03263647831110045,0.9109656973378171,0.09995585391891976,0.46187507812825535,0.4854290438945677,0.0
0.36787750194722646,0.19511865555034646,0.6156469858478727,0.4460911168559684,0.18736080015665207,0.8559617372331869,0.6050910454602275,0.40819097437538754,1.0
0.6257449334971763,0.6575020560378491,0.7981282961360887,0.8208425132409528,0.038456170589424576,0.9125883717524509,0.17383474311429636,0.591948217345789,0.0
0.677948907324755,0.9444933492684009,0.47622802376958845,0.6814159761563368,0.9179898335359586,0.12044159876730559,0.7079544981040877,0.15887776466430625,0.0
0.7041526328411679,0.3010570344102954,0.7240616408954081,0.21982939630805226,0.7664284338349348,0.5371044627867638,0.4353073044710196,0.972828442452975,0.0
0.8592210988087432,0.2245979112035878,0.6871035284541542,0.18535715754246856,0.4459096671621301,0.07744771979123993,0.22866952789699568,0.15694658371840264,1.0
0.8782898576561549,0.6763069047299224,0.6033212476115533,0.3290987928283312,0.08267535399279674,0.8986364591447121,0.7244243510146257,0.9667865215738833,0.0
0.3931641209466386,0.13420737285350437,0.683879490160475,0.010993605345989144,0.1932540910227013,0.8803940992819895,0.17328972040501683,0.4221443193108093,1.0
0.03646460080266062,0.7967408149926969,0.14847980439277875,0.2786347460111339,0.015632304923873575,0.4208928226537313,0.5786416100670861,0.8963713468424317,1.0
0.04031740321700916,0.5461789551982849,0.25886119708605515,0.10015320110729253,0.5581212578226531,0.4921003983759336,0.17026042751781317,0.5201136204516813,1.0
0.7491630109745047,0.7017481498314022,0.8596917212363624,0.31640366037901024,0.7379649347734144,0.28358842905745996,0.2758839951664652,0.6570799410560568,0.0
0.0696998300023558,0.3148350099311008,0.11174057210230537,0.9200921594193479,0.9691899040081595,0.40221961401892764,0.7900329180382516,0.5983477025864655,1.0
0.5398804710696269,0.70605959085245,0.2653185594979924,0.6103537420199466,0.6878967709616324,0.024188019857246834,0.23324055168965369,0.9780035406373147,0.0
0.0571975219819052,0.21648552119298503,0.44904947646521026,0.9829873817997085,0.9524105684952116,0.4697453429068072,0.5118604941872578,0.5455406973255186,1.0
0.5891742168117271,0.08830237905745592,0.7636776216403223,0.9201738666765706,0.345150339810797,0.08607132775706067,0.14062335930663772,0.4269635201002847,1.0
0.6371205561321185,0.8272779545489538,0.9811121021886423,0.6382291808980105,0.1470449170067782,0.45484444873642454,0.11375640651693819,0.9003187240369934,1.0
0.5486947215837583,0.8279259582145149,0.8653780948990046,0.870977608762838,0.580848542610475,0.36629892415151444,0.16617275719821656,0.8199150847152488,1.0
0.5134995320289569,0.37110036384835066,0.019070430591644927,0.7154189287594954,0.3514806326153624,0.4517478558375764,0.07487978665777734,0.5223873630586839,1.0
0.3035893166773844,0.8294614163061189,0.6515879025338627,0.3914663667196791,0.19586177472138805,0.6931616553082479,0.8651227134463937,0.5763520767071406,0.0
0.22096244983371643,0.28394426903009695,0.3352856558418714,0.3203715027370605,0.41832282529845877,0.5555540227055181,0.4640443351806325,0.9389148380041741,1.0
0.5879830660274246,0.06961699027914858,0.963851876771271,0.6023726938590894,0.5639208864638716,0.940761477450479,0.6048527021959248,0.4024191021050456,0.0
0.5469480541530574,0.4738093430394955,0.8964272391970043,0.6145531767012287,0.26051312040610664,0.9844414247298706,0.6162965123546814,0.7298522067305449,0.0
0.9147770080839079,0.8462219076739455,0.12650529849150455,0.022800038731362215,0.6064809483605396,0.04842883460713171,0.5841135047293637,0.8595297153487628,0.0
0.4463175666354686,0.38109066370335287,0.7965337874013115,0.024867656792380066,0.35411272686556317,0.6772351075954607,0.22810783782657607,0.7228217745860922,0.0
0.07996441934450099,0.8114946452757319,0.919997580379424,0.6853506581015532,0.04332713694478596,0.7578998669250345,0.7455810658777449,0.5223248518066586,0.0
0.3977976709686046,0.003019415687051108,0.5361733276097279,0.9893740773115128,0.28255903240819114,0.40945039190258997,0.2972982207591983,0.5597824275036173,1.0
0.10399409571228169,0.6307032153830389,0.7422915717080558,0.5529148666089233,0.40501880939126983,0.015828121053648114,0.7532055502312596,0.663571942949731,0.0
0.442082481753374,0.21038085413307406,0.9278992864772393,0.46251719367405436,0.23590887647252667,0.578036422639299,0.26498937455727317,0.5667703519966928,0.0
0.793794024826872,0.7230013958227257,0.7803072069141719,0.36014251019019483,0.7840435654051541,0.5119783387065623,0.20599441643401806,0.07436505237609431,0.0
0.573042745599905,0.9971236707429928,0.34269096828864376,0.7565298821744211,0.24002099307430197,0.6695283797751521,0.7256352348014501,0.3084580224440399,0.0
0.1806238234401496,0.39336742630783383,0.971606070912924,0.8991146169773354,0.4329139671338457,0.7212856803271904,0.46876453185549394,0.2641408786914978,0.0
0.7613904788585326,0.18274420128305252,0.8027574123431425,0.6067148509572085,0.5380605604556494,0.42954083830861084,0.9025459394141423,0.5262138851659965,0.0
0.19818361443430688,0.48605929352999794,0.6189153307902555,0.36839706543610584,0.5064475695846651,0.2536900711643317,0.8535872328013667,0.7079741020050276,0.0
0.3696565347221781,0.08822008445019502,0.3796904689765907,0.487668968883595,0.9230032832191786,0.3592376735864234,0.5083486811950497,0.5309414027858348,1.0
0.41292475534983225,0.21214859539033387,0.613578369441041,0.6860146622081387,0.20280365797421074,0.3330378764886037,0.23994999791657984,0.7378703166569982,1.0
0.8603992503974041,0.022993909668129697,0.9867337403885084,0.10343395971142488,0.6923081821515353,0.14435397091876911,0.5373565565231885,0.05163596113967184,1.0
0.5131671240261215,0.788400920212989,0.09099683592160213,0.34713779212665685,0.2346891448930738,0.08244068400956778,0.13076378182424264,0.7279568655691357,1.0
0.9889047885853268,0.5612731135023151,0.7491312447833564,0.4840409544362664,0.9508987062938361,0.06688237404040642,0.6852635526480271,0.8132288811986158,0.0
0.16789840677613588,0.5444966941459863,0.007537171155788003,0.9117911795954695,0.4682761003188761,0.8852024140265684,0.9712088003666819,0.5024671107466011,1.0
0.851646281805583,0.932270210891877,0.20491055628456645,0.5279363213960269,0.6305269335942786,0.07632523139550429,0.36233509729572067,0.586472231668367,1.0
0.4804473527270721,0.9332460656541066,0.5939661773125551,0.12699085170530738,0.5787720537392985,0.4754466607097756,0.3167156964873536,0.8877589632800571,0.0
0.6820287977282712,0.5081469006523572,0.5530233848900001,0.13559372392762542,0.1508598616770792,0.5585073530816299,0.09508229509562893,0.05840884692577997,1.0
0.2610904361999479,0.6382891853736467,0.14026848237258654,0.2974770231499474,0.6648906221559717,0.46505800540365017,0.7443001791741323,0.9983138631620359,0.0
0.48823068743991194,0.72935719416802,0.5199987477402283,0.19527265154640272,0.08047150572241696,0.8700205661310417,0.8542864286011917,0.46319170784074465,0.0
0.9830989233482532,0.9937262307954915,0.28396316870539157,0.909828083155704,0.47943623300614346,0.401237735136248,0.28925538564106834,0.37652527454941886,1.0
0.8571322076560488,0.12158391103262733,0.6897330086655316,0.37139635845610425,0.9118845423366523,0.5383068067738765,0.6396983207633651,0.032698385709427735,1.0
0.4712638189408362,0.603583425759911,0.2980813363946486,0.14859366689171538,0.6193142651548398,0.6764922648849762,0.7449377057377391,0.7145894594360318,0.0
0.18630845128113704,0.9250147466626881,0.3579579251329067,0.3003160850551325,0.3804002375252795,0.3687357135428716,0.11568315346472763,0.28029211924813136,0.0
0.7052286478926447,0.3833529690036034,0.7867064665951746,0.8908200039527212,0.038624921793368905,0.7488695525752235,0.9944431017959081,0.9832036433224648,0.0
0.9942689464602925,0.706149849453962,0.7790684779153907,0.5447255710554694,0.7796560341026018,0.7944265042034286,0.5480378349097879,0.5604008721569883,0.0
0.9544746945454314,0.9621938574243274,0.7344293966920179,0.44013630256091235,0.11293382458683815,0.3095377820414591,0.3367081961748406,0.893796716742347,0.0
0.3583249501785931,0.6612562829277978,0.8460455387449703,0.012161117161044233,0.816976583382464,0.8634832849778102,0.0007566981957580765,0.7929410627246238,0.0
0.47210770549871284,0.7829293906960371,0.20267346848895224,0.9342057616880507,0.15349301725560655,0.8014110827887589,0.9199174965623568,0.4807248638088189,0.0
0.5296299420819512,0.44619260017510165,0.10759776779389502,0.30514477173035015,0.5242447189629124,0.28772871596453886,0.8518371598816618,0.30672937795469846,1.0
0.5758251040466231,0.7568385491301459,0.03547715607560892,0.4064079181760181,0.29588427488191393,0.3049141167706293,0.6367773657235718,0.9423287858481194,0.0
0.593033386179043,0.9425020852391613,0.03803579871091528,0.4023124745493831,0.46802350417712296,0.6424337225121667,0.41546897787407805,0.5680797543557841,1.0
0.5817071074295974,0.6006526758755216,0.07923169618055464,0.6504414977364702,0.377997920857808,0.004788151871008561,0.2332872203008458,0.7683741406786555,1.0
0.21018293317033937,0.1369477832752935,0.7054159704509143,0.9028383986969284,0.014598571133673743,0.048061658067377944,0.41649735405641897,0.8478917871883606,1.0
0.6709548094901556,0.4097578574094613,0.22597292890295145,0.45489586967161905,0.154786245821683,0.5306711796130001,0.3287253635568148,0.7206272128983218,1.0
0.32309102832657377,0.5552894991550201,0.2572030141255963,0.23821326389985026,0.7169978630154142,0.9891128441749459,0.11410975457310718,0.8273089156048089,1.0
0.04575265873344331,0.8858409208076339,0.47989300607611296,0.2684383169896712,0.6603916513791166,0.8762421391323174,0.4011700487520313,0.25159028625152524,0.0
0.36749760708684315,0.80809242693168,0.7868112637582756,0.6511903924999105,0.9651075045995317,0.8096059643902429,0.6272519688320346,0.8506581184613231,0.0
0.5106015072699992,0.6708682930558748,0.2686277620685209,0.21461153902781632,0.07804610516383986,0.11419827108665154,0.7955948164506854,0.0818722370026605,0.0
0.34626620654819895,0.014377398821435017,0.28277537908715566,0.9494831618055712,0.8992860444346331,0.8544004410363293,0.3687511979665819,0.41253759009955127,1.0
0.8032807847481764,0.1492933016968086,0.03202229871383366,0.3517025219157168,0.9504311911659276,0.21094477919531035,0.5527380307512813,0.5472626739479773,0.0
0.15253521455570346,0.3643766289686574,0.10337722786829834,0.3862490400060485,0.5162362007417624,0.7257533486288186,0.5459460810867119,0.4036176511772119,1.0
0.4593971450582895,0.18057746391381463,0.4129533538541213,0.4292763999994694,0.6082371814091363,0.5580162809898062,0.8396874869786242,0.1056523507564695,1.0
0.5576063334203484,0.590034282340586,0.7587632979640697,0.3411389408033574,0.4211889424446955,0.7128806803590265,0.22895287303637646,0.9191004380788542,0.0
0.45536023158730266,0.3434424736803263,0.5405907270163902,0.21843002688646274,0.2503538203309116,0.2873416418521828,0.3456777365723571,0.6281255626012683,1.0
0.982213386306382,0.11225807376463842,0.06890692048628005,0.15192642102317122,0.6300434985414696,0.9557321457754535,0.17489645401891746,0.4368719702879852,0.0
0.38430026125730343,0.17656679640898187,0.05881482102501706,0.5684044933685807,0.7144273258081617,0.8007664014364456,0.08549522896787365,0.933017109746421,1.0
0.436981491267724,0.4854314653165395,0.075994923041739,0.26089498627822116,0.8886833744509616,0.7062001366830588,0.9685136880703363,0.19653037546758412,0.0
0.541991381268,0.1804503054722728,0.2806961503093771,0.011159407410158528,0.9831522088099803,0.9988456754881008,0.6679853327221967,0.42706853900368735,1.0
0.6374906352733439,0.04576376563132967,0.3797398165014939,0.31779613243473037,0.13597260923854465,0.41577198336881294,0.5278428267844494,0.15174564754989228,1.0
0.842828317235554,0.7465926050596847,0.9667530336788899,0.35076023562462944,0.11477682122614197,0.2796187306728245,0.5689178715779823,0.47202329752688815,0.0
0.8314484499653001,0.5072719231506411,0.8597628241217069,0.5137160752396503,0.6518466316888227,0.29699063805944015,0.49037459894162255,0.4545576537110013,0.0
0.3572399152770792,0.42998587187419857,0.9346994284707626,0.7280734728635078,0.01884600709710249,0.41882533220987217,0.8379549147881162,0.994003920705727,0.0
0.8244081917216878,0.19292882259778055,0.8420308788157442,0.5509440769533804,0.2828585923284005,0.44347842466407594,0.11261552564690192,0.7259181652697486,0.0
0.14260409437522154,0.4745032724052377,0.5483685336834001,0.9150979359632636,0.04261074032426759,0.7219086070001253,0.9381099212467185,0.23179672341021385,1.0
0.2868134567673283,0.9115741790316526,0.6390971419293184,0.4977619374170161,0.5363693337670629,0.01224761918911288,0.5868344514354764,0.5811521073793283,1.0
0.1852114783428095,0.4914307421858615,0.8256167246721176,0.7307292240065472,0.6496592340075068,0.546435628434321,0.23706904454352257,0.31888906669867245,0.0
0.46943438112156,0.8587920107333404,0.22419243836732916,0.534998958763037,0.3207350123193685,0.8525791498908022,0.761755073128047,0.3498563074686777,0.0
0.11928088449710628,0.5265827509441314,0.16222229415051415,0.20239895690605392,0.8405993639459338,0.7841033782364066,0.0774357264886037,0.4815008368172938,1.0
0.9976757968772219,0.9568322310280402,0.6961916976238371,0.9026206011054355,0.3519672516531515,0.6263795650337569,0.6369298720780032,0.5033906103098558,0.0
0.22151186481685464,0.5169808285421058,0.9109844937341909,0.23061501954474734,0.023994510809894287,0.9260282534918913,0.024688528688695255,0.9901632293812888,0.0
0.04554652863112635,0.4182360602226626,0.609014519315311,0.9986685431038942,0.47889654755201966,0.3346365801219536,0.10243010125421886,0.5457682382828909,0.0
0.9386684685143565,0.33780715134827766,0.8992328847661006,0.7577584091490905,0.8851685203650332,0.6493477310400011,0.6037043210133756,0.10786941649496912,0.0
0.48806673840100345,0.9773071293145601,0.5468119641747582,0.7609070566684927,0.7993290812982805,0.34492601286603575,0.00990957956581523,0.6123460556233455,0.0
0.1362031843254108,0.9050423764134099,0.9470267585627241,0.8736036481759784,0.7104704284741654,0.3131453446047334,0.9570123755156466,0.904840371266828,1.0
0.15626200435924048,0.9926972827382547,0.003974598228901449,0.04885192018686557,0.4212818086732812,0.27114130354038835,0.11255885661902576,0.761590419608863,0.0
0.10395562870477082,0.9837550445266918,0.8303047395379267,0.5039754029321764,0.9565624849092378,0.23086331057404763,0.2663944331013792,0.16781103932041103,0.0
0.12220517293705424,0.6673309522760298,0.861128370953304,0.45771397419589316,0.5145868965220801,0.016441496891733853,0.059307471144630974,0.8053007874750788,0.0
0.5243148628027752,0.12282762146816761,0.5724437584136204,0.46923204463126283,0.0794157493694383,0.12869617308659637,0.4192158006583607,0.538586945650217,1.0
0.6893675068922266,0.8369496946339137,0.4100413192662819,0.49559749095052336,0.16307362806067188,0.774294936147363,0.2510229592899704,0.837381562014496,0.0
0.6127258411275449,0.8707966702009102,0.8291156233733226,0.5231625483644621,0.4048259129678932,0.776123390419027,0.9758214925621901,0.017463976849166174,1.0
0.15993016513753683,0.6362907537495812,0.5793632895802967,0.7436302162987408,0.45582751504300234,0.7212859456281584,0.47342139255802324,0.5291727510951971,0.0
0.9659182313453584,0.27368797176710935,0.09357670329880241,0.69962953186782,0.005268699145789868,0.2872076648633276,0.09217300720863364,0.1634752588799317,1.0
0.9524866134813863,0.5544139907203538,0.5572967213610578,0.9407842570276863,0.7089240731021724,0.3335706008324083,0.19000375015625648,0.32694718382642207,1.0
0.04374972144580774,0.22331650452859259,0.16771260425991186,0.46155819453489866,0.11917496581196124,0.17852898041654375,0.8259127463644318,0.6058098791115735,1.0
0.21104645116653192,0.6469277299377693,0.21458267116560442,0.055762019654839956,0.5470741566021786,0.8764870119258091,0.5156064836034835,0.5083923439552452,1.0
0.15716345878353,0.14175962860178276,0.515177547619035,0.18359196244649573,0.7826004242129321,0.2628487911826693,0.7593774740614192,0.38942342955065246,1.0
0.9172473858352275,0.3588352817687712,0.04463457096572043,0.286261906246228,0.19267036044301966,0.069174043802251,0.19130047085295215,0.12381895407840077,1.0
0.12886633218940413,0.610937643517813,0.8023549381749799,0.8452085193079819,0.5182911977143233,0.2562451847874303,0.7902670944622692,0.5335910463883499,0.0
0.7448096068831006,0.5397506845053058,0.3053370144110691,0.06944135315707034,0.43204288190971174,0.08508997947631708,0.6511654652277178,0.7511918812052836,1.0
0.08331980355827778,0.20007597650515502,0.8673992209458488,0.8322276767416843,0.3717782715313004,0.4983179918626887,0.6537030709612901,0.40553049548918807,1.0
0.3381494026736958,0.613142608059456,0.8360598283024504,0.21485480381636562,0.1651567502338902,0.7780293125733557,0.006919454977290684,0.3538136864635634,0.0
0.7312554251745076,0.7620334625801111,0.2783784084945662,0.06599293550564989,0.4816193853741527,0.08586837251651763,0.7313171382140923,0.8042222600068012,1.0
0.40400359308379125,0.2936953835910924,0.09428348720386842,0.5779568145311582,0.2471478127880511,0.4197000295014677,0.5328663694320597,0.5810895961273029,1.0
0.48304268193037525,0.5457839410834323,0.626827383949744,0.3208126688694024,0.8301420959430195,0.07699087152429196,0.549457060710863,0.41080394471004783,0.0
0.011450434332308301,0.43418050764623084,0.37881070342508966,0.7061512565806839,0.6070540656569543,0.6769443377344996,0.3425801075044793,0.5739241396784754,0.0
0.4803940294959708,0.03348620662742363,0.19047560932254337,0.9656832172497813,0.14474661051532262,0.8391074320351981,0.3801891745489395,0.6374264034192821,1.0
0.10584608315665045,0.7535308368512066,0.4874620143447418,0.4574126123640589,0.4521452364135381,0.8506177798341551,0.8015192299679154,0.6366370946770419,0.0
0.22300491528769084,0.6102957455811777,0.023283276548305143,0.505691520617155,0.7991391035278023,0.15148579154135622,0.38315346472769696,0.46149306875237545,1.0
0.6467158195435744,0.0754869849751284,0.5453448038913442,0.10479990343687784,0.6507394009119994,0.6944401406731853,0.34866452768865364,0.8302202729824701,1.0
0.18281617757856294,0.23710695697372458,0.7606820146312758,0.5833534727573945,0.9371547697952326,0.13576538268072835,0.21498562440101665,0.18096007281310633,1.0
0.4126130399441406,0.9766723989727508,0.8872294972972944,0.0572470755831922,0.5051270118141763,0.06814945146371848,0.9755514813117213,0.4782369159782094,0.0
0.5127453133920367,0.6985166264307978,0.5872668528430276,0.5530445901439295,0.584078430040686,0.6353650435199708,0.6314004750197925,0.5746359344682043,0.0
0.022592602025115593,0.6811511369663659,0.9555548598556823,0.1786245326039811,0.29935189985730437,0.5674779747136341,0.83684736864036,0.3799075500256713,0.0
0.2132281937166664,0.31221910328610325,0.1782650153109982,0.784044005194247,0.6252407225310983,0.2549908418105836,0.7147047793658069,0.6077535623078821,1.0
0.6631380482742374,0.046995795541968366,0.06707469464229149,0.36397240523085617,0.1505027246951467,0.5576074521980716,0.9699095795658152,0.6553021210484554,1.0
0.924324784637816,0.29200781320929314,0.7538439334116173,0.6749024752258556,0.4562650476456819,0.0733275957577314,0.9923888495353973,0.4580666186580251,1.0
0.5344282370119465,0.0792499722587533,0.737569066636669,0.195328095756661,0.012980310767547354,0.8605519745820449,0.7396316513188049,0.5437245370833417,1.0
0.508407296103637,0.7988220721569734,0.10191245536834742,0.7727612410483465,0.012350677737736238,0.27885492918586563,0.730861285886912,0.14580624512412232,1.0
0.5647134446701176,0.022512088015940734,0.8925592952961197,0.6183804189088632,0.5783772396017683,0.8396284831364094,0.13613317221550897,0.9579515979542985,1.0
0.6460443712952293,0.7896244551964267,0.6380056595774259,0.15845690008502333,0.37811652429831605,0.9958822636752037,0.8681636734863953,0.695063444753389,0.0
0.7255036790376563,0.1050984429329373,0.8357520695449893,0.04316583787741529,0.8634083710149112,0.025396465766624243,0.5411158798283262,0.23054233095290488,0.0
0.8324403681796669,0.1745633209218907,0.41480096763598295,0.47781051078973513,0.24358572959158492,0.5684648943147064,0.4248827034459769,0.7742501983690397,1.0
0.5215213621883642,0.17797562699199398,0.7209286036825988,0.5763303626024823,0.9106308482507453,0.4741167069570404,0.96980540855869,0.9113040347262508,1.0
0.35415698359236225,0.6219669791561032,0.027580225544719728,0.7103692610931529,0.4925850296455535,0.3339178797995598,0.025940247510312875,0.030142925726630798,1.0
0.6987542525940028,0.5795133150019883,0.07057332803422278,0.15676571903049563,0.9567001922596263,0.5451008992641613,0.8065302720946705,0.8612616937715456,1.0
0.31089459933826136,0.5940571613032705,0.31553762536526453,0.4776654008231741,0.8046383762525664,0.5537123033854526,0.5150139589149548,0.5432944596694071,1.0
0.29424289501106793,0.7657165444547505,0.13015409693233498,0.3372517445693192,0.09842546636093336,0.5371821959703966,0.7413533897245719,0.47267258106459165,0.0
0.8740791794271016,0.9147050906382185,0.21633742670168044,0.5439161916990202,0.17822170193549136,0.29770164465376103,0.4375132297179049,0.04499143179105569,1.0
0.08937424525078369,0.9457620135525944,0.7853541852272612,0.16866500157180359,0.9300773018486748,0.21819890356415933,0.44996124838534934,0.24740786674934817,0.0
0.04309949637402033,0.299149923253642,0.6977551651735945,0.17388896036800106,0.7162493612130134,0.4149407954359744,0.557563231801325,0.648479226260727,0.0
0.058325268526241425,0.16757783609781268,0.09993059509400704,0.4679467470298218,0.47962435345204996,0.5657235394120507,0.35775157298220756,0.5432944596694071,1.0
0.3888322053214993,0.3381764152150517,0.10113271141302127,0.6671906896172095,0.8563659269031342,0.6982992085541522,0.19757823242635109,0.6289240396604723,1.0
0.403697714051653,0.1512285522998157,0.5329795345732473,0.3229580149381028,0.8848944323246646,0.04246141993322905,0.3046843618484103,0.6808008774912817,1.0
0.8857354785720197,0.7989242767498621,0.8152810712976224,0.05220669283244317,0.7956237187777107,0.08595247292338315,0.14294262260927537,0.40653650990511625,0.0
0.16196201900323232,0.7850714396830967,0.17414794600213412,0.6006597595737427,0.7794870175665758,0.9512803955319072,0.36881620067502807,0.5033381008581544,1.0
0.4612027068039382,0.526805211850211,0.9012558679778604,0.7499803027147767,0.17098530007201113,0.7116157253434586,0.969802075086462,0.8536528241750182,0.0
0.9572204430125875,0.10505092443390596,0.03709766511920609,0.6373110353874661,0.7191605848131346,0.32843543529521635,0.8981999249968748,0.4816842031565682,0.0
0.923566321365584,0.5491742134361077,0.5594714614773588,0.4883910700334655,0.05565340413100822,0.8676909583307688,0.7039326638609942,0.567162922659412,1.0
0.9257594713731183,0.403236938916695,0.7154231709446018,0.06043392389817903,0.06062891132654896,0.4694195533180662,0.03834409767073621,0.4887879818367306,1.0
0.8514526203194938,0.676816865828465,0.16652959020860203,0.5838596332988907,0.44650427635716033,0.06819800154086803,0.7921471727988667,0.13098941142739023,1.0
0.5126293817900901,0.750245158289695,0.3071570360284688,0.6529362219147883,0.3028587939807825,0.4937261627080225,0.49363140130838784,0.1937182026098031,1.0
0.7374563067852618,0.9672175449978948,0.101582145322624,0.22253767354502063,0.27997204461187486,0.9418577010503797,0.027326971957164825,0.3334550219039427,1.0
0.2535694730073029,0.24489547788478433,0.5577514614561341,0.5839434628225347,0.8551767085130737,0.7132608566462137,0.6156073169715405,0.14713565108386173,1.0
0.591556783670039,0.12721631323345062,0.2762567302329999,0.4099168204204475,0.26178353041315916,0.332151771255383,0.34717196549856244,0.7438889000020004,0.0
0.2606601362952399,0.404787794063851,0.7596788802675166,0.7242167842092767,0.2052356918348297,0.1977850552781097,0.4092612192174674,0.23480059744087267,0.0
0.794176307294618,0.14582976059702346,0.8684225188144071,0.02695888506733557,0.496185851325944,0.8374214443833663,0.04626859452477178,0.6730269781894074,1.0
0.42671398373880215,0.941355800999959,0.7844813177168757,0.5004840093857232,0.2812076961162282,0.7009973193990191,0.5381132547189467,0.7600726464096872,1.0
0.5445673443226942,0.4696091324714875,0.35912846964835377,0.9675834415468139,0.08119135165999708,0.9627933963405446,0.8368790366265262,0.9147563228047716,1.0
0.9738400472852374,0.40072774979466164,0.5784124211434511,0.766044798391322,0.14048086663825843,0.16669814904820623,0.01852993874744774,0.48461723110159827,0.0
0.7895859994948884,0.008040183129393086,0.854719560138449,0.7652035850385523,0.005895413522702619,0.8168118039829104,0.7169890412100504,0.007875584271835545,0.0
0.638985277482422,0.15991328803059446,0.3827264029952356,0.5030211788924688,0.9204704231675238,0.8022680049154964,0.31771990499604147,0.7619596527374928,1.0
0.2156972450194511,0.8030206899261312,0.6099744082674614,0.12606448241238027,0.005742051579495366,0.2422508240248067,0.6246510271261303,0.14837504084068465,0.0
0.826573221020283,0.578201910615314,0.04432415911552251,0.0727059294797397,0.29512728245289954,0.5838764928485471,0.4059285803575149,0.22863532102445105,1.0
0.23000935942086198,0.31994523957552967,0.9293279769159707,0.47077440175299207,0.0016673468012359804,0.7760923502057675,0.45483728488687025,0.20463016676335072,0.0
0.8664099192882596,0.03381034119344167,0.63473996772778,0.28180673846117116,0.31902043640759464,0.04374786432720734,0.9259002458435768,0.02650977175891661,1.0
0.009335014208916748,0.8861406324579486,0.5136400803780975,0.3484106214128724,0.6246951997711776,0.09201592654771279,0.034611442143422544,0.7642675681622693,0.0
0.0005709034494029708,0.6033697252475076,0.7107566461299601,0.6465383845042717,0.7854044536520572,0.3808742940341241,0.09522896787366136,0.5164796330006067,0.0
0.8883976607814799,0.5372117631380685,0.6651003691513234,0.4483279856640903,0.7780932281415451,0.5338555871322663,0.837554898120755,0.2627014529281937,0.0
0.9097845210884095,0.9454065539425222,0.8125483857787862,0.13257347352671606,0.39421501768968986,0.49031333105528235,0.14120838368265343,0.25997596233988784,1.0
0.38944953446962227,0.7105287189596686,0.31720456353175464,0.48812446031428114,0.5752720582499439,0.6677866789200341,0.4574132255510646,0.49447483880431814,0.0
0.34591098363056394,0.0470313680496231,0.6655235374428324,0.5594323467889446,0.9332076897482582,0.8188851310480663,0.5579590816284011,0.3039922185993479,1.0
0.8373866947661525,0.29846581614747614,0.2103279063437039,0.5600090726889514,0.6256501299331204,0.13481189100162788,0.19118963290137087,0.2666154907883419,1.0
0.4899038696217818,0.8502854030073104,0.3680932700057784,0.6112270546523396,0.3657634585718448,0.43748978591273086,0.4791557981582566,0.9092569995932601,0.0
0.5445816699668706,0.7104745637987615,0.4091989623223688,0.34239240440847796,0.49016201707571144,0.620823366860301,0.2697537397391558,0.6307427003527302,0.0
0.7751555658841681,0.5049190937824034,0.3493038019349536,0.8794489004670312,0.9451502867443806,0.48242301496509704,0.5486461935913997,0.7808880598507733,1.0
0.07256310180970033,0.43350463000079104,0.027666716367937272,0.16507545320336225,0.6051386333593536,0.4956281053478308,0.4538297429059544,0.27150970508024774,1.0
0.26122148931519185,0.839871949591102,0.48399680992129335,0.22931353966184342,0.14980490132034552,0.831958101548721,0.24108671194633108,0.8490694991765184,0.0
0.06452827245465143,0.40816479309277465,0.4740426712823405,0.960579431789694,0.3766009474477972,0.529482365975257,0.34931205466894455,0.7143069085768772,1.0
0.009554939375996219,0.5833931075346287,0.22621515626981525,0.526845211172141,0.29292874082415327,0.6457481275057677,0.11260385849410387,0.5227082541524141,1.0
0.1684735548608503,0.2084060490252867,0.7623128707365463,0.9869618562403254,0.7415540818422113,0.5907907666773495,0.591572982207592,0.22950047675248209,1.0
0.6900745039613059,0.7181930015604119,0.030753059148580064,0.02486261640962928,0.2667773455223354,0.2416003060511967,0.6951531313804742,0.021823928307095286,1.0
0.014121636391805359,0.323659115561273,0.30256877744956073,0.5517550480096457,0.913110111221902,0.13067107349261298,0.6063477644901871,0.5323349869643202,1.0
0.7320231735864834,0.6632717044062656,0.6930204558756188,0.614574664648745,0.6224268758049512,0.9763860914375705,0.2503262635943164,0.12534256166109897,0.0
0.8238327783472663,0.5252678954932818,0.08065348857817045,0.5408301510390484,0.3162527574636588,0.5423518506334326,0.6108062835951498,0.46441609489708147,1.0
0.08617883073031074,0.24740705620509296,0.7371421840153285,0.02393147201725404,0.6224963928103496,0.1476567026697767,0.03721988416184008,0.596421522540724,0.0
0.7407684487768023,0.6271810061922709,0.5925674668217488,0.6238091764147227,0.814945200965172,0.7333000999654048,0.3612408850368765,0.18677028531802387,0.0
0.3144749492235501,0.7661285484240051,0.052797606698104016,0.45700938174399897,0.6742268621138158,0.3383404469366228,0.34584441018375767,0.4417503483960446,1.0
0.08185858785227829,0.6458494051161761,0.10612768910847059,0.604666333293983,0.10940649989307111,0.04331197483673377,0.5991682986791116,0.8739898181672701,0.0
0.6675941194822395,0.9356766766995296,0.41210171108562965,0.12030412077818209,0.20159958098757663,0.10297895844962357,0.262117588232843,0.29829369286471563,0.0
0.86605947158535,0.14428819677649368,0.9769432975714121,0.5863026272331879,0.5006941087256578,0.5835960697253393,0.6935663985999416,0.35335026971521544,0.0
0.42634045583138613,0.6640691656972715,0.08520672633295362,0.05222287511390605,0.07069083452776992,0.5331090302082294,0.293341389224551,0.04891213751808654,1.0
0.0932344757769275,0.8144816740528288,0.0845551267568117,0.103645921070259,0.25508628333963934,0.8017474844162211,0.5710504604358515,0.3136906309802431,1.0
0.4603999401506421,0.0330922543784713,0.5737220184941788,0.9480824659674683,0.35834026292286636,0.7091014680694367,0.721030876286512,0.9365210737932828,1.0
0.1663637058213051,0.7553118514322181,0.39811434086829356,0.07688440678011071,0.516026853729322,0.21034705611433835,0.5068711196299845,0.6947317183759744,0.0
0.0805873195764703,0.27994209645246526,0.1267769751877461,0.5885225179099389,0.8060056324694298,0.525314487767503,0.3115621484228509,0.28271505537663444,1.0
0.19233344581616912,0.17667139020014577,0.815346337378946,0.1472420484646066,0.9052822841483716,0.6046909455963223,0.17615233968082,0.534582058103792,1.0
0.2256304875175888,0.7314769439711767,0.12011903896491177,0.7091375507188514,0.790003719955785,0.6575731222528085,0.8254635609817076,0.06192948063984849,0.0
0.9547076189081525,0.8775190777482283,0.7221548631455174,0.1819100663075615,0.5183455907910663,0.1685820512221885,0.6763773490562106,0.46840848019310144,0.0
0.9306601681300047,0.7615598703886481,0.32757152340054324,0.6955399244738437,0.2791399632037469,0.958337931883446,0.9620725863577649,0.9478981216618991,0.0
0.0038522718349346396,0.7502037455195896,0.6127349512600333,0.5157545121373743,0.9091574592012124,0.7156557284846221,0.8600683361806742,0.6314386589586125,0.0
0.5170631686627064,0.2619063041385692,0.23445035612463805,0.9076631061226059,0.09479678481196707,0.5649334731292568,0.08133755573148876,0.048607916091563175,1.0
0.6311104178206769,0.8248422996405053,0.0782978075372242,0.9575981780342773,0.27590556512814746,0.6164042486358224,0.01155464811033785,0.2630656851566615,0.0
0.19290514513469292,0.7811178474703964,0.7813039738553629,0.10626320613441109,0.24148483016889444,0.26468175557078977,0.562486770282095,0.39445183466357275,0.0
0.449621219356386,0.8963974606538863,0.7622298289338865,0.5909270457653489,0.21459846500084107,0.5138529553466635,0.7088970373765573,0.004555820047608572,0.0
0.6592576557303638,0.8405008396704605,0.0468424747412306,0.38893609457880307,0.6734990562137855,0.11024369485719376,0.3379690820450852,0.08539287071672902,1.0
0.23179157567229725,0.26777231683742353,0.7479079037224483,0.9267778292132626,0.32566700505351487,0.7241275842967296,0.22592441351722986,0.028060050809145642,1.0
0.6220030221803419,0.7755430514946559,0.15541578473442275,0.8305277413381686,0.8013612597118176,0.48888601184728003,0.15595399808325344,0.08368006241123405,1.0
0.5701219059261476,0.9116888605488678,0.5638217376377818,0.5860081627672231,0.5532614354147221,0.8393249788289827,0.033508062835951424,0.21377931360978308,0.0
0.5360820530452075,0.874543198563083,0.7483740521162925,0.7594941577984669,0.053956340136624814,0.35338990964910233,0.2404058502437601,0.4053037880151761,0.0
0.627970979428375,0.06694294647611831,0.0576299498087916,0.6600237959122496,0.4134521242751791,0.7175767727941287,0.14321680070002912,0.010546064958359136,1.0
0.3042859674478918,0.539955890090508,0.7486099120605881,0.7247834293437819,0.7268087820673721,0.8348002708192281,0.9989774573940582,0.1882380495155795,0.0
0.03448447842982455,0.5203357938536015,0.2547221071074762,0.5473301225210934,0.5502684895334453,0.5498155627670255,0.034352264677694866,0.40888443253118895,0.0
0.33466270005496807,0.019796896909279937,0.2943187202754123,0.9209866947159545,0.004754220239425011,0.6439324076805691,0.6004983540980874,0.22412867649510243,1.0
0.9035658650672882,0.4425243844230643,0.5009988894153804,0.9290327372859661,0.2215440629028072,0.2172581463315243,0.6444360181674236,0.6589577790668987,0.0
0.7580396045697744,0.8712583164009966,0.5817518689711784,0.8830644465991344,0.7029954930692607,0.7170451096541961,0.2096612358848285,0.7031765717829209,0.0
0.3054667719336224,0.38236277905172183,0.15890062204412303,0.3891416891383731,0.1280633252159405,0.5207518417193201,0.63930497104046,0.4266876371080128,1.0
0.21676795427678847,0.7959789262093457,0.35254614656851635,0.3627088608602342,0.9149894583563951,0.7109471669040226,0.7352898037418226,0.5679305608342835,0.0
0.9337502626368099,0.6877952319035485,0.5343923064555582,0.06431077408341307,0.21195522680321005,0.09900766825917995,0.5250343764323513,0.9559795763237384,0.0
0.0374724363994457,0.7364236462669839,0.1932703772114191,0.9290839369633817,0.08314207312446037,0.7385902012679264,0.25676153173048877,0.28651407253305594,1.0
0.2563491785569514,0.9623085389415427,0.6612440988584802,0.6489835007049903,0.876654809860377,0.5961132346979707,0.03224467686153587,0.9886096163976184,1.0
0.9299165610813633,0.26472024877394307,0.49435979015097686,0.3659015454078797,0.5684267558748503,0.6498724963547647,0.42068836201508397,0.29157998439719146,1.0
0.8929033411646855,0.2564488443447942,0.5846578014457233,0.7141376104075945,0.8192027195477043,0.27056055972137033,0.3537280720030001,0.925904162749295,1.0
0.8352378481396825,0.18711165573033278,0.14739601600982277,0.06748329710005563,0.5257706437646165,0.9303911279111476,0.3385599399974999,0.008079787695118468,1.0
0.602833187954574,0.6278791830216137,0.3174643013106809,0.8565334634990072,0.8387131181773172,0.0899354363564202,0.07368140339180801,0.3884574223360205,1.0
0.7908652264619055,0.5043666580478551,0.06963360258687151,0.36552802651771893,0.292916800880478,0.4420967372225748,0.8940022500937539,0.9391157074940156,1.0
0.9816613184261742,0.83447581255306,0.8643091638353746,0.9080079744160783,0.8911177963003156,0.6093103660516637,0.8045101879244969,0.9153647656578184,0.0
0.7426469651918681,0.19575524415748102,0.30703419783475794,0.5877311778180714,0.5059935863929218,0.6281430205682534,0.2727613650568773,0.17340788008508196,1.0
0.5417645585685392,0.36733153630227494,0.7296522379102544,0.1632248368839293,0.5032911791410776,0.21933412640636046,0.5267469477894913,0.7376327738993018,0.0
0.13030605942913903,0.8059511743440455,0.8236653749642495,0.9409386519098408,0.3031665791955237,0.66347739529632,0.04264677694903951,0.8006141105398972,0.0
0.5957953173183244,0.35417130126887664,0.7178579141491027,0.9741805067176363,0.9467425445665031,0.2328501495236256,0.6562215092295512,0.7272984137144687,1.0
0.5061085607927281,0.1656059511212507,0.9838052566257012,0.8912200511731491,0.765106284071956,0.3223669409524942,0.9213367223634318,0.33516699672607736,0.0
0.5729514859407068,0.46362923465484307,0.9316359022876557,0.2523388039171732,0.10024007246749816,0.026357120571861514,0.6864602691778824,0.92687767131417,0.0
0.43101194228144907,0.17046159841612074,0.5304238103399513,0.3755111677638342,0.06302088004283518,0.6576447535141766,0.02893870577940738,0.41690254245764236,1.0
0.8342552150650596,0.6764937931283471,0.7427630262873735,0.4766838526032914,0.31244736474829804,0.6019575497227074,0.24464936039001622,0.7220316323604916,0.0
0.5921910913594082,0.7854553042059977,0.6216204241446296,0.825166896357793,0.7107079006872632,0.3058055280232107,0.6173082211758824,0.7379553319597528,0.0
0.6545524774875155,0.766760358634589,0.6621453544611489,0.7942035598366386,0.3587735502122391,0.9910277865621877,0.293697237384891,0.040684823268188286,0.0
0.31387300687843156,0.6476593555429665,0.5027186241273315,0.8270071666284217,0.6406092873657884,0.4861053924013558,0.42908954539772487,0.48037230034739586,0.0
0.48677689984570754,0.29951706338861583,0.8643322457421841,0.29639625897486577,0.5060495714621549,0.5682603472683552,0.9865161048377016,0.7516294599694612,0.0
0.2884346421666317,0.15546460084195346,0.6749383023284072,0.7633545604189353,0.9318200029611061,0.5012233027635872,0.475784824367682,0.2532214131877071,1.0
0.20724458437592191,0.7559625097625295,0.325754420185154,0.16050276491522208,0.7588677961676495,0.5022436502866312,0.6225517729905412,0.867224433731405,0.0
0.678368330351477,0.9955677717328111,0.2102618443345592,0.4511352135729549,0.9573048840737602,0.7060393642964324,0.2645518563273469,0.2061062657945097,0.0
0.3635625648633334,0.6829456903376043,0.09389189071592646,0.994759593639037,0.7898867085077671,0.6913207318910866,0.9292637193216384,0.5588972681749381,1.0
0.2945421418005319,0.7952226122219703,0.6536626210539889,0.2522618717593986,0.8088515843774593,0.3452313742802385,0.1401158381599233,0.8956012082174791,0.0
0.3822896305681657,0.39047065613224896,0.32128263237738863,0.01575331836251237,0.18506939229932,0.3576660306518126,0.09521980082503434,0.3596972455041908,1.0
0.1333266480327177,0.5651122896642751,0.21996712287480635,0.5337699012217623,0.6668315263334131,0.07802421879476956,0.9151447976999041,0.2681415988211211,1.0
0.15071002137173883,0.6936259375612231,0.4562818072655475,0.5097402743825199,0.8375265531080734,0.15041450623245028,0.3839443310137922,0.751769485173998,0.0
0.48537670077231143,0.7672360745578523,0.6498527798840386,0.233796296910378,0.4847208520768338,0.19529255268346624,0.527718654943956,0.07064438265554468,0.0
0.3655121789198677,0.4464307236032083,0.10407764435079614,0.15588126449939055,0.09266616819612922,0.7671217285737633,0.7122455102295929,0.2825091849866309,1.0
0.7722246452015459,0.24948725150346934,0.67430076414377,0.050952168094111905,0.7157768047755529,0.47206937938675153,0.5663685986916122,0.6298492061904476,0.0
0.22337897377452076,0.8955243414174954,0.10175565758760646,0.13767221860405277,0.08063070497142105,0.5453892814164101,0.6525413558898288,0.8758418181939416,1.0
0.8454395638212754,0.6292423533709197,0.21162473807341953,0.34970467336330147,0.374599016891571,0.8922753378342527,0.8281603400141673,0.37577097210831284,0.0
0.3109598606061764,0.694437203108931,0.08158976500496395,0.27428807909686953,0.9680808159067644,0.7668872025180247,0.768071169632068,0.4988356237456075,1.0
0.8820697054010862,0.19738149178354708,0.6201291207173114,0.7630683197353534,0.11847050913511825,0.33994286478352503,0.26989041210050413,0.9260116821027785,1.0
0.05290539981281167,0.08564452870940281,0.12986570575185202,0.4928064453231217,0.2599121432411162,0.8876426523305099,0.978903287636985,0.8149141845532195,1.0
0.9089804279865785,0.4328014093084226,0.21581768583455418,0.8106837544484693,0.3173782961541176,0.45321682729755947,0.7629159548314514,0.8713251718642689,1.0
0.6303421388292871,0.9141579642331709,0.02915350953760304,0.14897355258114026,0.003002497836216811,0.20867619061768433,0.4277644901870911,0.20600624779126908,1.0
0.5753783561800829,0.2485018399481384,0.12533740706879415,0.3979562574362226,0.26186896734345805,0.7681648919800579,0.24284678528272008,0.4303224580424476,1.0
0.1635794903466382,0.9654341412186078,0.15319965637142874,0.5909259846321383,0.19843257726072222,0.8883807196235698,0.3838926621942581,0.8921930947570563,0.0
0.3137202000072159,0.08008672258806449,0.7928857848883022,0.7252643879715245,0.8108845587872413,0.5045647684559271,0.6263902662610942,0.37578847525887993,1.0
0.6260388744925008,0.5959475480719966,0.06306985115619124,0.0683136338374159,0.4823742551465137,0.7687429827893957,0.9531547147797825,0.0739983196975455,1.0
0.3928876890719742,0.49238695242893854,0.8864104875694645,0.2926345417429909,0.28863221842561493,0.45219541857064327,0.5973648902037585,0.5666870036606589,0.0
0.3245973432827586,0.8720658654180539,0.1427462056794226,0.9331719526575417,0.7802079248324827,0.06382929050031516,0.37815658985791073,0.48157334986964323,0.0
0.8138340092915067,0.4970578350571841,0.3273879293831612,0.6096021944234797,0.060752025412445454,0.5353335788251624,0.673693070544606,0.35884792596000614,1.0
0.4092138829287135,0.8516233540414881,0.836202299382413,0.608806079232164,0.680862021480224,0.822778953355845,0.9920130005416892,0.13081938082188127,0.0
0.5950933607536775,0.5579736306841018,0.33430295029218504,0.8074435841896457,0.8661773766192553,0.5521743536737818,0.6709554564773532,0.35308522200662784,1.0
0.3202672846855681,0.10406551287857507,0.4877002620725005,0.4612427726880229,0.8169805633636891,0.9325700447615795,0.9533147214467269,0.7655094583691732,1.0
0.8777794402599415,0.10089398490132873,0.22566968040314273,0.3578385247064972,0.06562882907360362,0.47489775300692116,0.09189799574982288,0.5329525981343308,1.0
0.7474797477837698,0.4112303999464819,0.9553975314563941,0.5340731200367153,0.7601021210115945,0.23981801414797005,0.7467161131713821,0.601054856540844,0.0
0.9911693015240364,0.6177893332384733,0.8716285160774766,0.901364749950591,0.24759330535318086,0.9045887516634371,0.7488687028626193,0.7758488194541684,0.0
0.8000747586394246,0.2709722497274986,0.48636973606502837,0.10293894106864071,0.3736812332210625,0.47091823848646863,0.21885745239384974,0.24755122588732636,1.0
0.08219232230364854,0.25412176522463503,0.5051703471253475,0.02423469083220703,0.7190159788286226,0.8977272727272728,0.4450235426476103,0.26902009028291757,1.0
0.17631790620629356,0.03284590148963856,0.4382813689746274,0.03843053092473786,0.28409822381397887,0.2725733981658153,0.17659569148714527,0.9972720089616132,1.0
0.07156375548353827,0.6395379396722125,0.11191169658382472,0.7961613506103505,0.2646074597584098,0.7797126472155071,0.29239218300762526,0.09926536776619788,1.0
0.765199773760938,0.1978468545142839,0.433940378638783,0.09068683173478037,0.4722483869136095,0.6317020330543782,0.07971498812450512,0.7776149706947251,1.0
0.5323937302491814,0.8895696629159793,0.098474843109361,0.00674244042068628,0.75361501694676,0.2432576411984812,0.5434351431309637,0.19804481473331864,0.0
0.7761671155368508,0.5044972675535724,0.2635351505603597,0.6437133826141281,0.31002329085012925,0.8711961147203835,0.6076803200133338,0.9213466757349656,1.0
0.036148375471950434,0.482890685683977,0.40879914124694294,0.6236375381178946,0.9299191639279973,0.5638162907528818,0.3045018542439268,0.612766131236956,1.0
0.6012472860862977,0.974934389960695,0.6985221742837844,0.061771747593548865,0.5434568843327243,0.10029225554638205,0.11333722238426597,0.8430759203323265,0.0
0.016794695479251165,0.24274466850404858,0.43920676772120026,0.5854943090099495,0.9165806548501909,0.4446937683986222,0.5358256594024751,0.3193641522140652,1.0
0.4882832148018923,0.6144449865859789,0.706949192743473,0.668468294002873,0.3277612711741634,0.9101128484197614,0.576166506937789,0.30334543551172544,0.0
0.7671536324527837,0.029239804892759458,0.8768325574805806,0.3500556431727353,0.2718098991154359,0.7994664266930978,0.2388574523938497,0.37802721156474833,1.0
0.6330332376168071,0.13975137471814092,0.7879536854907134,0.8463810715057878,0.2271603470755894,0.579733552931788,0.7830176257344057,0.6945891927213566,1.0
0.6249050262849042,0.5419675950383254,0.5318267657791363,0.9518768130455717,0.12679689519011306,0.2422646196751443,0.8593816409017042,0.09817017063071354,1.0
0.43259678299089743,0.8001533865292754,0.4599539529224612,0.2174490092331854,0.7611342628093043,0.5846262333842004,0.00354098087420307,0.5824681776053023,0.0
0.2439113359352948,0.942071233150179,0.8026810032723246,0.32255319261822685,0.08073046983413029,0.21945192003616582,0.5061835909829576,0.14336497236169177,0.0
0.5954029538417134,0.7594034862119368,0.11211784188946894,0.25923219053707935,0.9468240015155769,0.6011231781782526,0.22386432768031994,0.4052721156474832,1.0
0.7863229360991377,0.1739272632477062,0.7304277369172018,0.19401520869174216,0.9476062004923502,0.7467938378013554,0.11663069294553935,0.1963178372106979,1.0
0.11450673093044533,0.2958799072141576,0.7824471915156217,0.31814948979388813,0.07379813853624784,0.741075275435465,0.018954956456518957,0.6309710747934628,0.0
0.5181283068361975,0.15996585039265143,0.2652365789324273,0.23013750959993956,0.9990442738418122,0.025619053278801596,0.28247760323346804,0.47559477372593734,1.0
0.04605270139202816,0.926774789392172,0.917017891926798,0.61165416076964,0.5411293913122847,0.9917398543603806,0.261404225176049,0.31254792529321945,0.0
0.8299065861883812,0.5951792880932445,0.15915850265813358,0.7201916406578495,0.5616889129928344,0.4387775568115493,0.11848827034459763,0.4226644129276603,1.0
0.1518836630353812,0.4182554392753402,0.9330574293759979,0.13686496151402489,0.516824707298914,0.6155428163926284,0.5350081253385558,0.580251945350163,0.0
0.16537656282166385,0.16300703433065544,0.3395417472101403,0.8387454222050083,0.9056585250401845,0.929286945282206,0.7835401475061461,0.48467557493682195,1.0
0.7190934838481016,0.38067175760574723,0.7591803641422843,0.3504047559990503,0.13801991158073712,0.8170341261941196,0.45251218800783366,0.12571512872317014,0.0
0.3482022908296777,0.5506040158706477,0.5703127943274755,0.6617011822350384,0.6035861753494821,0.41200073010826405,0.1550231259635818,0.4322011295366499,0.0
0.8512382662362606,0.07663088001605534,0.755599750184788,0.182694243750257,0.6943454018746242,0.3757014557594718,0.171247135297304,0.10088982683549708,1.0
0.5943611611624359,0.2547302143854159,0.7206428655948526,0.7745818803545776,0.6106233128196257,0.6515818304917831,0.14378099087461976,0.49868976415754834,1.0
0.922596156907189,0.24364114879024268,0.49393503000382577,0.22781707655147626,0.0024421164797225337,0.79336636153518,0.7332805533563899,0.8017209764424263,1.0
0.5220415953037355,0.9230564004763531,0.4700261541881987,0.4700727274174273,0.20663452256941217,0.7017207951388373,0.6961890078753281,0.42544824735118986,1.0
0.46550995048632915,0.9096888361259521,0.9748770689480435,0.8637886965437565,0.7660519276110401,0.2106378259752994,0.39041126713613067,0.4329562654611163,1.0
0.33755886778597705,0.6911050679142883,0.12194595862342689,0.4107113439119472,0.6183333324488931,0.1952235744317784,0.3676094837284887,0.2243353803684663,1.0
0.42912679362370887,0.48689046906333333,0.5781057236230847,0.6142679971508573,0.4707630579204014,0.6742077582492683,0.35865411058794117,0.7212623272188994,0.0
0.44369225969527765,0.26189090708301715,0.9788121360951675,0.9896786225429792,0.40174222351468425,0.9613859747051445,0.18248843701820905,0.024476072359691403,0.0
0.8531724934897906,0.5778695465885699,0.4637261201755498,0.6060052181225635,0.608564866530003,0.06207299809195538,0.8668711196299845,0.972407533356004,0.0
0.423698170349949,0.2617555191807492,0.7026787746744257,0.9070476488604092,0.7508279687608621,0.41263135050927174,0.7489937080711697,0.876143539170384,1.0
0.3942541963525849,0.4554576456203075,0.7013564732544374,0.68915429009525,0.9640926093871307,0.7549836786844468,0.7392824701029209,0.6697130483487028,0.0
0.6927613581135144,0.8709535608876562,0.4658199409633804,0.7878529428539973,0.6383863351855281,0.13331585884290575,0.052972207175298935,0.3380283451021184,0.0
0.8825872856193878,0.8957961790879314,0.6671421893215139,0.7603106998040883,0.7773675448981683,0.3403097760223108,0.4374598941622567,0.14828002373760607,0.0
0.7327291094967349,0.5259363400774206,0.3060973907894171,0.8480818027592116,0.8080407295358651,0.719848810284339,0.32325096879036624,0.720208804251432,1.0
0.29380118764896024,0.34226088239994434,0.6951158685190914,0.82372348990796,0.45599865423568176,0.598920384240698,0.2081195049793741,0.78332016429624,0.0
0.9909997814012814,0.7676998444897389,0.4398594285344369,0.5550949647902736,0.042492402215841274,0.7320401856682295,0.1923680153339722,0.06738796316670337,0.0
0.6203781227251408,0.4687086701881679,0.23571030986531305,0.08105227274837479,0.5585059893410796,0.9592688729802638,0.6069152881370057,0.06547345188800652,1.0
0.7985076923403434,0.9386668910743268,0.6298150316805804,0.5233668165075188,0.8390872364124768,0.37365571999499114,0.7907446143589316,0.5675996679402293,1.0
0.10392273278110631,0.43334083718569427,0.2752116770040003,0.8512015343986227,0.2356411564021182,0.07876414319460567,0.34749697904079335,0.20150210371200145,1.0
0.05586284946613107,0.7844829005079434,0.29068690162809685,0.8941577984669278,0.1318045075675363,0.3839905192046065,0.459657485728572,0.2085858787915158,0.0
0.7384187778421547,0.14082571754260864,0.8300593284597788,0.3831927110759758,0.15397486031592555,0.8943067473464598,0.9643618484103504,0.4309475705627013,1.0
0.7789200268260952,0.7656037212028604,0.23854142512468207,0.6538875278381666,0.2921048847105572,0.800338736275981,0.9000775032293012,0.03725920665719823,0.0
0.22554347249370205,0.27132611653872063,0.42885837950156874,0.6932295721908819,0.45000241452194323,0.8469470756404897,0.1200825034376432,0.20604958892600667,1.0
0.44413078358090174,0.6320618728022693,0.5623062910665592,0.12016405119437179,0.8475449618479001,0.48406469735526775,0.13635401475061454,0.6694771725577271,0.0
0.42300258073826946,0.5708737085719655,0.9763495354169308,0.6094605331398534,0.6799391965001638,0.32016308581106756,0.8889520396683195,0.06376064358251154,0.0
0.43873479094109935,0.9518350901019762,0.7708162982670529,0.8752521186187759,0.4170898271149222,0.8392942039166913,0.5172848868702863,0.7182884585892128,0.0
0.28036585572909045,0.5610710935148132,0.3524654925493197,0.004706125789383675,0.5301863002678262,0.12018717513896465,0.4335863994333097,0.058941442793036036,1.0
0.2739641498101587,0.9805508641730161,0.019625988210717094,0.048504664343669235,0.5838884522702078,0.4442024310058303,0.282110921288387,0.30491071726244057,1.0
0.4787526820789375,0.4519516298845167,0.8237919274877918,0.06580113567781881,0.2595510262779587,0.8201373516171686,0.5986382765948581,0.9660405539663807,0.0
0.015870426140162153,0.7108759491090149,0.1501889267337828,0.9962889518789353,0.4886957919923839,0.9871111483711582,0.4777590732947206,0.4329120908430184,1.0
0.45313285920756907,0.9124621643906455,0.5520313935157353,0.4646208902642354,0.5876933143214053,0.37243268253237205,0.2385274386432768,0.8367664512945664,0.0
0.05359780594800756,0.7233924279404527,0.35015624063126627,0.2033001242852273,0.9834740566250502,0.41035666000938104,0.5238926621942581,0.7720047941962886,1.0
0.9022577215222112,0.4591582482822991,0.8494797019833991,0.7179736069642173,0.2871044362993391,0.7829235848315763,0.2513713071377974,0.6951034519546853,0.0
0.5409201414312486,0.1778816518598315,0.1411819422018441,0.6468670705162811,0.3102586404065737,0.8247965672177144,0.8944389349556232,0.2838185873457222,1.0
0.2277809258823006,0.8722424006239524,0.10743062295148076,0.49958178087333915,0.12091448293941243,0.4030574344759669,0.8698462435934831,0.9731159942122916,1.0
0.5071431906499174,0.5563710095743138,0.4212357787596579,0.6076916240776431,0.9523967712269645,0.23796939700273578,0.6779599149964581,0.07186460229507974,1.0
0.5820631262163534,0.5862877539784133,0.8374383752884575,0.37885718606042357,0.29211974330713086,0.051804789425315634,0.3137905746072753,0.7260706927246905,0.0
0.8819094704180754,0.5050624456789224,0.7541355083033843,0.5748185130605602,0.5031410011828504,0.6979429093540876,0.2083011792158006,0.8373673927973702,0.0
0.11420987174834413,0.30581021164580185,0.5517583902731252,0.8759811171345159,0.6671491288351762,0.41598342824033296,0.07967331972165498,0.0776631460329526,1.0
0.3606552549646316,0.82288342252122,0.18331332017045587,0.6117589476741949,0.30180011897490544,0.7055814548256124,0.568777865744406,0.12594433664726318,0.0
0.8225816720891883,0.5019702921777117,0.8273712148989198,0.21266038033667106,0.28672050077715766,0.3287413273113551,0.035916496520688346,0.6988924673107826,0.0
0.9999888578323072,0.8307242403278616,0.8614334766180284,0.5850152073653256,0.8658308529205898,0.7312862003170878,0.5202533438893288,0.605510658585212,0.0
0.26251981714111083,0.6563974500352273,0.24911267313419927,0.2913903630534639,0.377866316145298,0.7914532762547144,0.5845218550772949,0.715536296533376,0.0
0.4716437138012195,0.9845647172755494,0.4260232846030947,0.055663864832851684,0.898946419370091,0.14972472371557188,0.7903687653652236,0.24921319170784073,0.0
0.9973717748730324,0.8500425011826531,0.28935000819805656,0.42984357570058007,0.14082845166525065,0.0038678228129118697,0.7678561606733614,0.8913804484807266,0.0
0.9253182945904246,0.9912576580441386,0.8293788101728066,0.948208475536237,0.4756483522081732,0.7584734476179157,0.3844360181674236,0.015195235142325625,0.0
0.887228794332563,0.8946514876475794,0.44131730299327226,0.053696523860243484,0.8348037152859404,0.4038949896320382,0.9408550356264844,0.3676961853133564,0.0
0.5513049070106519,0.6934382527633732,0.30560683394239496,0.6054521024364945,0.31403537725711367,0.2841280512264333,0.34271177965748567,0.7900547098477726,1.0
0.7202230874203865,0.3616526774683205,0.3582510918803158,0.22531014934123528,0.8744737801490212,0.9527965905641997,0.846681111712988,0.645817913891167,1.0
0.503643488835548,0.744366668666514,0.585420034988987,0.5194366443784478,0.7912478620867519,0.5642558944569077,0.6919921663402642,0.893338300894161,0.0
0.5509284609164592,0.3644337042607899,0.06240472080709197,0.8953184129161134,0.6368460824514137,0.2541933471006849,0.31044126838618274,0.443358137798137,1.0
0.6810557150830994,0.15700510279658308,0.5429572857375571,0.9853335473285307,0.37800853414107494,0.1805105133467611,0.12508854535605646,0.3521767251438592,1.0
0.9356492063593127,0.6014934082019583,0.19840835660537842,0.26556689052156024,0.40390574130864965,0.31668472481922394,0.43518229926246926,0.8695281817393798,1.0
0.5453462349023628,0.5591958383351641,0.8629791684464496,0.557257288990345,0.38176537108548947,0.306820038924958,0.6674553106379433,0.5178123728937876,0.0
0.6365817527372593,0.7718042216602592,0.36706307409610456,0.30059940762238513,0.1397519994099014,0.917776597483249,0.35785907746156087,0.3504305775039507,0.0
0.33564055791486536,0.45034476131112827,0.8345831168851843,0.3980342507272079,0.5728647002729206,0.21605235343182722,0.3787149464561023,0.8688480593173438,0.0
0.5693480558509114,0.9063251104207802,0.4858887303518585,0.020271623573604902,0.11751823229399216,0.34121630943006986,0.6710821284220176,0.4814583291659165,0.0
0.4024314862802776,0.8723265534965385,0.5215945830213738,0.010172818807525075,0.4018173124937978,0.22616536103216933,0.31981415892328846,0.9568172271008781,0.0
0.019113858097596914,0.21827927816479836,0.5703186311314963,0.7582016975478538,0.3329010189282601,0.269995203358498,0.8525288553689737,0.9195588539270402,1.0
0.425743819280407,0.6379923938545572,0.15480371624005823,0.5426128548329975,0.27409546966697107,0.20312954327907756,0.21914163090128752,0.02581548011975482,1.0
0.5977836636720765,0.7694466138954709,0.7766310816181531,0.5878364952892318,0.27890832829644596,0.06704075871832038,0.3468486186924455,0.315669320477686,0.0
0.9998933535377974,0.22372930489727239,0.09951485546216082,0.48051852274340073,0.7532196721450666,0.600441619991383,0.768086170257094,0.7571679568989085,1.0
0.7830423635827268,0.04129357565821079,0.30635872042398543,0.23723993946235034,0.3564126253495087,0.31899894516335114,0.32483686820284174,0.37330052742827047,1.0
0.5990183219683223,0.5190214693357019,0.17885983870257394,0.7767985876316965,0.8624346022751695,0.6640674246492191,0.955054793949748,0.012978169403826012,1.0
0.604234448186798,0.17183857302212874,0.654809553044079,0.5266319233967935,0.7073461432124604,0.8189113958439012,0.0006033584732696995,0.2128116394284304,1.0
0.007770070227491266,0.5863543860636471,0.9558180466551665,0.60265283302671,0.27023409188237724,0.321099332927246,0.6209608733697237,0.11785037973501894,0.0
0.9836756631712096,0.686850702185373,0.6746186046536308,0.39279464021615285,0.5176408687821417,0.3286574922054576,0.6274144756031501,0.5800635781107266,0.0
0.7017554750489725,0.013280491346589263,0.8612726991981823,0.882198827182519,0.15896124612681495,0.677652160717204,0.23853160548356178,0.9073574910150495,1.0
0.19671444003709815,0.7964634025262851,0.4901732098124104,0.014040118793862966,0.39388733256882313,0.9827103359134738,0.5274236426517771,0.10413791149073498,0.0
0.973132784926451,0.5142210390676392,0.5642313751563335,0.46993080085049826,0.8241073830774382,0.679806139276641,0.4338622442601775,0.6860818280623846,1.0
0.41661599633263513,0.24433667095483508,0.17305460648532595,0.2275340192675263,0.24634704056556062,0.9641612881317082,0.8229334555606483,0.5300012335553733,1.0
0.41938349855576285,0.7544464307236032,0.8660217351969364,0.6865486774964153,0.17475779160924432,0.09642018791798168,0.046778615775657284,0.2414142879051563,0.0
0.804966435546274,0.47414887466106564,0.598106859146776,0.7078201538377872,0.6503949998699873,0.9063890840324899,0.9990166256927372,0.8469299473905303,0.0
0.8073474106663441,0.4871527499406682,0.9838506245114993,0.6552001496197827,0.3523320832654525,0.7583845717936256,0.8885636901537564,0.5401522274009322,0.0
0.3356509042134373,0.6248138416343815,0.8388147998002751,0.5065964019625658,0.004394960600839215,0.6063283831710046,0.6946039418309096,0.7876601121535209,0.0
0.907602778538275,0.2810063515508816,0.9979812617366189,0.10389661379128307,0.46721901730548904,0.12383904296389997,0.7994116421517563,0.228174404726184,0.0
0.8116761428149997,0.23320459979070618,0.2237130245098013,0.4814878679313606,0.04282698597083151,0.35264282212312936,0.6856994041418393,0.14164216225587273,1.0
0.009417254018077914,0.2648004196494037,0.8396539730329042,0.6071016340125028,0.033478010073067166,0.26908681284396274,0.5845310221259219,0.8724670440679323,0.0
0.6004092359019744,0.8894297620836357,0.7481610087695327,0.1836107975609853,0.09625451926868112,0.05965822868094478,0.2883828492853868,0.7184226494102272,0.0
0.2671316134071051,0.16002637674895942,0.28360712366012186,0.9271964462648774,0.363391389761684,0.5808743470943177,0.9554381432559691,0.44491508471524877,1.0
0.8965900722224698,0.2139304063707706,0.5367864573411871,0.2920973430550821,0.2576196740554576,0.36768777471915237,0.5039734988957874,0.006356977589299373,1.0
0.1788294038621937,0.23859755123104764,0.7930563787512741,0.59490788700523,0.11377996859529477,0.5300315389790795,0.5770098754114754,0.4749121508538204,0.0
0.4243444160761318,0.11976891674281126,0.2044834083539523,0.3520861215713791,0.39480644289974,0.4241722079195523,0.6880411683820159,0.49458402512452243,1.0
0.11888639870283951,0.8973988001977193,0.5796378846785486,0.35774726725037836,0.5319152041120104,0.17297755766051237,0.5384516021500896,0.44548268688363907,0.0
0.5194276958209443,0.9957063452327795,0.5388656861189657,0.23153183863877835,0.4306443165072109,0.5865207475969039,0.8368865369390391,0.037988504597494255,0.0
0.5990838485259443,0.6200203134946697,0.3364726495322863,0.26621285536356415,0.25902407676375516,0.9658682345600142,0.5058585774407267,0.6851724977162557,0.0
0.12281507397338193,0.9197202832845848,0.4443152977857818,0.42754701814935714,0.5481601608124681,0.12294285629389407,0.7402616775698987,0.1354135411040654,0.0
0.7086585785140805,0.021868331813980124,0.08260669545095412,0.36229714117448875,0.9962670429429361,0.3600383519079384,0.9623192633026376,0.09172067638841658,1.0
0.2639555650352411,0.7874351531768107,0.869884903530895,0.6028693042016896,0.9086716361596684,0.5557869569554486,0.3782899287470311,0.7220866422622739,1.0
0.28712092753770835,0.08070101201129609,0.10879325138106744,0.3937759231527329,0.008715893550891474,0.20585657192945966,0.04797366556939864,0.3257478012708954,0.0
0.3406590433016472,0.7877130965761726,0.5387749503473694,0.7065383049192809,0.10869487925002297,0.08896284300762153,0.7308254510604608,0.5469651203883366,0.0
0.3496107138839899,0.2200478158214833,0.27444015763615803,0.8847187532745908,0.5059922597325134,0.6048010454980548,0.027066127755323077,0.9584783594380322,1.0
0.22940343773013888,0.13480546882175887,0.7294715622948827,0.12820240054860593,0.9383970546016278,0.008984947884277783,0.7574973957248219,0.7995789242063571,1.0
0.22673648030595334,0.31851410980861455,0.8948231793283749,0.6587650266410756,0.25906971388180305,0.732352975509537,0.4483653485561898,0.42598667760196834,0.0
0.9304630578777248,0.4483261542349601,0.9350517591862009,0.6509922258728152,0.6332436687785332,0.7262643182932447,0.1299137464061002,0.44427330252778835,0.0
0.3345653387325095,0.38194360748764117,0.11984895412431223,0.17092733757698192,0.9459032991921699,0.13338749010427386,0.2531938830784616,0.31552512785634745,1.0
0.04509580141898162,0.8457687564010603,0.5136512233675918,0.5332632101136606,0.15250651257594466,0.22293134223188155,0.9748164506854453,0.1279988731304968,0.0
0.219639980644463,0.06127125523698984,0.8097493729415317,0.09990250838626846,0.34636423408445305,0.4837121123687556,0.21096545689403723,0.6208384175818314,1.0
0.7158635816657223,0.10224228912803285,0.8686299906664197,0.5150064132238421,0.33679662455138976,0.7281622814185325,0.026512771365473475,0.6460212838310896,0.0
0.5560347571962486,0.17590897048384446,0.01208138839526618,0.2688569340412861,0.6922760769696529,0.605778414264278,0.4490845451893829,0.5154194421662566,1.0
0.9270816752726647,0.6253771614944064,0.29640033683665384,0.899799578464832,0.94460476398446,0.31305275456689086,0.4022025917746572,0.6077944029925386,0.0
0.629240921255648,0.4062117562359402,0.6770865115173409,0.8624842985445231,0.8480692580412867,0.29420922271061184,0.7506429434559774,0.6030810545898262,0.0
0.4332666395010007,0.05808539207009161,0.3035281357831638,0.6752614035343695,0.48723460821860815,0.435240033703835,0.6756331513813075,0.9565663486094164,1.0
0.3165168840981105,0.07604579190507765,0.9285230285796455,0.9429242974303332,0.6719728660799997,0.465417488215331,0.7845210217092379,0.9693661525741301,1.0
0.09933322085049762,0.30411202260500125,0.032266913864160585,0.46595738754309196,0.050029425327857535,0.3727956142566373,0.34058002416767363,0.9563721469864577,0.0
0.8129108011112456,0.9839167136099882,0.5453190688917978,0.672689481914974,0.26550879283985457,0.9241907789873144,0.14702112588024496,0.9561596087295714,0.0
0.8098562554251745,0.6506636396409406,0.9552603665619048,0.2320823014918207,0.6819915401519079,0.8020968857911169,0.44205091878828284,0.3062292879384956,0.0
0.4725539227858391,0.28007164409228247,0.29912851209783753,0.7431651746691585,0.6416095893136973,0.29049394795431727,0.31704821034209757,0.47034216158908604,1.0
0.0005406604228082035,0.09464808967669897,0.33134369065363184,0.08080821210991757,0.4592452575870382,0.14876698722098297,0.6961023375973999,0.9687377061204351,1.0
0.41828095453358893,0.22272876175286443,0.29653352209203787,0.13778735155741195,0.016394869326603112,0.23339613891583166,0.8285453560565024,0.8581186280197102,1.0
0.910638223365444,0.29187322170645036,0.49266154549019336,0.8294689956772086,0.011295186716839212,0.5464897498317992,0.1442585107712821,0.5216380615177398,1.0
0.3597816559595741,0.1426247838439227,0.042510770229964745,0.5990494899265297,0.7157200237100748,0.5175180882200003,0.2969507062794283,0.7155321291165744,0.0
0.7807553010189248,0.6088184246476065,0.21625783391957837,0.2039548434762194,0.9883524522786984,0.37731740395574354,0.3243718488270344,0.5646691404452802,1.0
0.30059419588567504,0.4983610099831322,0.21206223306570698,0.7012265373498994,0.8445016028711054,0.350248215585689,0.4460127505312721,0.895612876984524,1.0
0.19924238565483054,0.27754174858519637,0.8150499869202528,0.1692977022486739,0.5581127671960395,0.35067853375583397,0.6770632109671236,0.9988439585792109,1.0
0.6989261603241204,0.468671504881663,0.6128508914126286,0.4623787157900601,0.9085885872181045,0.16053971767732184,0.5314171423809325,0.22802604468804383,1.0
0.6045779983573262,0.9496553448754617,0.16686494113052525,0.21849793941194656,0.39244074205953944,0.6760635385206394,0.5411158798283262,0.23125495922599404,1.0
0.03161775785628945,0.3477316155174711,0.5696309494941348,0.20399410540501467,0.6494376817193095,0.8212688602458174,0.6176090670444602,0.7865040707327319,0.0
0.1685473053993884,0.4503118434682239,0.2846121151887967,0.8161544267161509,0.2540491002323778,0.37510930399882847,0.2181424226009417,0.23422132650543764,1.0
0.7041595303735492,0.41454209422254684,0.5750453811512618,0.18533938356118956,0.14801762441819305,0.8016501189609542,0.9349789574565607,0.6022067305448314,0.0
0.8189442849169006,0.37611980395831746,0.31664582220139836,0.10147723007092352,0.8083628426830167,0.1352891674431142,0.2111296304012667,0.3788932007761397,1.0
0.4641460961027881,0.9894070912466677,0.7507888971252679,0.3391320726186513,0.6964309120365777,0.4153490936257728,0.4225359389974582,0.3346702406433158,1.0
0.1583607112310928,0.2637324480203368,0.9039288589101201,0.6687930007653423,0.7831804401434703,0.009815074613244268,0.7099554148089504,0.7913891167076741,0.0
0.3086640434820442,0.10922644661973568,0.15843102462972108,0.49777679328196567,0.7872352450156042,0.1406893686473683,0.9593991416309012,0.024529415294753054,1.0
0.019928297497999792,0.905494465820395,0.5388394205008721,0.7896059349180473,0.09704175955500627,0.2871121565148367,0.4879719988332847,0.07379661672434368,1.0
0.6627637244977005,0.7590822717771439,0.7175021344131067,0.9988595470818173,0.6869519234187933,0.14781508734769067,0.7016017334055585,0.4002170390670321,0.0
0.38255094092953273,0.7820517585295705,0.46424586104267607,0.339198393444319,0.8118145477335068,0.12856697151516566,0.24820534188924537,0.4822976469097771,0.0
0.03351908918615487,0.29787462230757256,0.27898384425708894,0.23679850804670582,0.9404796461106828,0.004735091677402492,0.3448427017792408,0.5986335873790616,1.0
0.1754328997438363,0.16062978204671463,0.41561095684850785,0.08995862906894847,0.23544295333710813,0.7484387038031425,0.7571473811408809,0.9128234748921473,1.0
0.5081475774805119,0.4332996898820638,0.585290829372708,0.34821351591898775,0.3148531307328313,0.02447481020368747,0.055067294470602934,0.5407373327198896,1.0
0.5094517416799842,0.3489458591742824,0.9612330089308407,0.595660230451605,0.7603945169655987,0.15338667297729236,0.32700195841493396,0.7568845725563935,0.0
0.44768168630871663,0.30267239791088496,0.8558630431079814,0.9800483080894165,0.5596936157386501,0.911955628943699,0.5432226342764281,0.6304801530942237,0.0
0.82679686024326,0.3342998082801117,0.0003483510763331865,0.1139131807335349,0.8020354685313498,0.8178119886323841,0.5242893453893912,0.43335800444079936,0.0
0.5456866015964074,0.27883111925444265,0.46614043456597787,0.17331541786762633,0.0786964340960215,0.04563733782151824,0.6750281261719238,0.7933544704713515,1.0
0.0606282484724619,0.8674488724842406,0.6048817967593003,0.5507987017035167,0.83980124504426,0.371377580582516,0.5099654152256344,0.7036799957325652,0.0
0.009779905047508142,0.36178249057461276,0.538853216583103,0.02074780710189933,0.11792259838646252,0.13512123193035103,0.3888153673069711,0.6163892834043462,0.0
0.9052891870037756,0.39880391425008105,0.27103836212911747,0.7242836356015497,0.32566886237808657,0.7530116965890785,0.6003783490978791,0.2117322784767925,1.0
0.6677066023179954,0.8248908800054366,0.8973284947996729,0.7563526729282368,0.2607627978949614,0.17963714256000574,0.4476236509854577,0.9628566475298888,1.0
0.37011442475641104,0.7841372631574475,0.48835663721556855,0.4879812073308388,0.16880878100604374,0.13859455220380207,0.755826492770532,0.7144027591633161,0.0
0.19573339870071715,0.30944312035665944,0.5625739881236956,0.6226278698679287,0.9586410964370677,0.15860700012522205,0.05344389349556222,0.26788071852933526,0.0
0.8452116799629867,0.799534318709493,0.06343040645911346,0.12966251984650712,0.4739197136960706,0.7118513126030694,0.9313754739780824,0.045722396698072265,1.0
0.22026155442789747,0.5060274163156757,0.961122374963719,0.7365118694381697,0.8273019813407867,0.35352627434666983,0.5295212300512521,0.36680019070099285,0.0
0.4079309419057988,0.2934200948564808,0.47254102079334903,0.7264096159891552,0.05770495178650742,0.33617983585298505,0.03739572482186754,0.5473526901508938,0.0
0.07956409717668084,0.08590627865378758,0.5239391210728258,0.41088510447519666,0.5340548420186253,0.12433621697798852,0.15280553356389848,0.16557313649790295,1.0
0.8934015552343781,0.6313650233053018,0.8579887010086528,0.7003617137831919,0.31002594417094603,0.9185923979599417,0.06896454018917453,0.11142672347689248,0.0
0.23661799131123157,0.3764041185530802,0.0890515883270287,0.6608994960943666,0.13320174630962872,0.8580013710754029,0.8776265677736572,0.7201446260326859,1.0
0.3850462559133076,0.7146914987546967,0.2277725217062782,0.6936768398391853,0.9701376702038971,0.32521388564042597,0.7607558648277011,0.5613227047535223,0.0
0.5289462905070854,0.9563087311392706,0.9040885750928715,0.35136826495435136,0.33300794775717446,0.06808684043526336,0.92243260135839,0.7535139658471859,1.0
0.4917524082999599,0.9108760022023098,0.9141530823896724,0.4758309667852041,0.9790992612624182,0.903751461808334,0.6777815742322597,0.06565348429383955,1.0
0.722591859213936,0.1711836672282167,0.6553173549938899,0.057619533340142304,0.7633359884230306,0.5774620460435136,0.6144806033584733,0.21397851613290392,1.0
0.959821873879151,0.8234079842758897,0.9918751688030254,0.49847183553496366,0.4686600358410576,0.33869913384539957,0.3735980665861077,0.8731888406579851,0.0
0.050025414753927966,0.686157834685531,0.03580799673987961,0.9696478762081997,0.7758126988995617,0.21365403268083444,0.0754289762073419,0.7465943869896581,1.0
0.4113269154447423,0.35944346546307704,0.25474492370501217,0.9332143979859691,0.49474642478286546,0.6478209239689874,0.9445443560148339,0.36644846072293014,1.0
0.5358048253014221,0.21266970608082814,0.36783379753612583,0.2519682031433419,0.8702104242606921,0.3178504572727485,0.024856869036209817,0.8201401252225401,1.0
0.5910572431518115,0.7311461727432828,0.5656895149244425,0.9732371592933383,0.09175183384268243,0.4032038806103196,0.3272411350472936,0.7862573596580718,0.0
0.8514494368430101,0.622537466610954,0.6097430585808182,0.23894438468201157,0.0009660741093730496,0.991391514189357,0.4049693737239051,0.11179595660552227,0.0
0.3891489612316234,0.66040705567416,0.5863900056935369,0.8199296733964618,0.697930568962196,0.616329699063806,0.7580599191632984,0.25014919352150056,0.0
0.47493993841034166,0.38001632087888515,0.754333959640092,0.9096423848438344,0.3600155696865526,0.8589400059002936,0.6535813992249677,0.35884042460976306,0.0
0.690914941752992,0.8384506420837631,0.6144018894265234,0.5238968525462555,0.7446239740271732,0.17044870883324875,0.04199674986457763,0.883571542877718,0.0
0.6667035419359357,0.96770812704376,0.3399617317903654,0.8968368945406022,0.1550820910927489,0.49935425744381456,0.06658360765031879,0.09338931007581364,0.0
0.16930258519513658,0.14115330317280217,0.3311184430802831,0.29447003691417156,0.13494046744083493,0.07190319486037738,0.055501479228301176,0.843091756516173,1.0
0.7463156565495784,0.8501672704259197,0.382232927746203,0.21282591711753773,0.071227866661077,0.5530341941111675,0.12032001333388886,0.20519110106485833,0.0
0.11811254862760334,0.8931473546000295,0.1800091584761272,0.08799447149597239,0.22452666083289863,0.32792181262110986,0.2681928413683903,0.39343831889740155,1.0
0.3971782195028259,0.5927282361292439,0.9974071324683897,0.4556601508666142,0.9975215330250882,0.43874094527796115,0.5032659694153923,0.10554316443626516,0.0
0.31479090926455333,0.0735464250426206,0.9539563714818,0.3205890350452507,0.07328206763739292,0.0702187990143538,0.7504171007125298,0.8062017829876045,0.0
0.6979101007464191,0.3943791190441932,0.9597085418443134,0.9789725842970853,0.4798114125696298,0.7052392165768535,0.820719196633193,0.32901672301014184,0.0
0.20153554988189304,0.8153816054031984,0.19756202002236023,0.044829694751767846,0.8229837017115511,0.8005958129140023,0.22056502354264756,0.9472163322731426,1.0
0.5074037051421635,0.9309242958634483,0.601054975795835,0.24510134485370288,0.47344715725861014,0.7730191037921059,0.813673903079295,0.9195996946116969,0.0
0.15630392013294203,0.6969949725958957,0.03566950529902213,0.6400118846919596,0.1060696836339457,0.9779670199060624,0.8185407725321889,0.717934228161069,1.0
0.5093458910869025,0.5702249085069793,0.07950761782517496,0.2839226380832751,0.8786917642513841,0.8242670264855263,0.9987732822200925,0.7508409847105812,1.0
0.7057862868566991,0.7529651277929064,0.9867448833780026,0.29101843586311915,0.1267812405972943,0.981640377109408,0.5464186007750322,0.35130156761550413,0.0
0.9625103197696012,0.0005495156033229476,0.05759201058265634,0.021245478577710142,0.4830434226564942,0.01151353141057343,0.24730447101962577,0.3435935134990965,1.0
0.4952892506733053,0.3513281553212489,0.9697595183681569,0.8732789414135089,0.2570006543089134,0.9663123483804968,0.9689553731405475,0.6207167290112221,0.0
0.7856045315726586,0.09775617116641189,0.5286706466595175,0.9151204850439906,0.4179505643878709,0.3010935175300268,0.43526230259594145,0.21236822628073054,1.0
0.21629335099101632,0.8204894458493519,0.9804329104480384,0.22548125707145805,0.7461053230391561,0.060953958608804204,0.06267844493520558,0.4694920085615411,0.0
0.8957355740763143,0.852879541401355,0.9333264529795027,0.6581922799906089,0.6339919052488523,0.29891327417475483,0.798931622150923,0.14769241796856764,0.0
0.5246027021348394,0.962522504920421,0.2552537868919178,0.4843412551348899,0.9975894580379967,0.5788933447660364,0.6651735488978707,0.17768281624025656,1.0
0.1105509961097918,0.8200105443283884,0.9368343721960126,0.6060641110157565,0.5981513783205646,0.09462463096635343,0.8706262760948373,0.07087525754635832,0.0
0.7056875990857056,0.09251320828446535,0.47947116433097225,0.18019686673891216,0.7272181894693942,0.7143785696245248,0.3977882411767157,0.4234387189694145,1.0
0.5985981030724793,0.45734962518788386,0.47420397932073394,0.6730465532403692,0.2693367387821576,0.24442416955490986,0.14662610942122584,0.3144466003880698,0.0
0.7623107688520172,0.6460723969552057,0.8507661866514414,0.33322660101789203,0.45348516342598905,0.36438185935652845,0.9528538689112047,0.020697892287278363,0.0
0.19544953871425758,0.5389582670773255,0.9939031928909849,0.5756101184357305,0.8082336259592418,0.9631979803167906,0.6349722905121047,0.6105490654984564,0.0
0.3783922594830459,0.893835974636271,0.7468501156483124,0.1527774498581398,0.9312911961223309,0.613640077849916,0.5581865911079629,0.11612840311256029,0.0
0.8061382201819676,0.1669861113249591,0.16282507682030017,0.3329419520341261,0.6689021778987928,0.8692196225085587,0.3947122796783199,0.7213231715042041,0.0
0.6696949486717475,0.23740746502346455,0.8085507056430752,0.9575231028596214,0.01321221100692993,0.756603606395239,0.9605700237509897,0.6960102818507332,1.0
0.7146644721902107,0.9505860703369353,0.7979441715001594,0.7251678248493523,0.18716206642747862,0.5165675148515482,0.32471019625817743,0.2404974562087842,0.0
0.5973902390366376,0.1571165987160979,0.41699613656635676,0.3663347530411415,0.8505662982619157,0.24786114359574074,0.9039559981665903,0.22411617424469732,1.0
0.8068717462217441,0.49657813713679533,0.2696993462248878,0.22209385457965203,0.8234719127418303,0.9988355940513156,0.5005716904871036,0.8338534269501844,1.0
0.4357229568978508,0.3389364457330777,0.8648511906814893,0.016620264195641166,0.751195984358143,0.5967292635457369,0.38458185757739904,0.4662447573896635,0.0
0.8578914667974015,0.8818467122242533,0.4018122215247536,0.21918528844916713,0.9439239218628859,0.8745052136946239,0.2163965165215217,0.8935866789355418,1.0
0.3918331624867621,0.7686478252720899,0.3605420374584857,0.7221876322271462,0.10192042054073613,0.25902792664109875,0.5518821617567399,0.16468297626906175,0.0
0.9806744407162398,0.2514055122520742,0.8888049037643672,0.528436115138259,0.028906603637915085,0.46068345774180064,0.23402558439934995,0.17081574683443018,0.0
0.512789616773101,0.44218060533789366,0.7279057069616622,0.8165229052235609,0.4444784659135835,0.03011457818207286,0.8262319263302638,0.97730174764791,1.0
0.027544499695447422,0.8979159288910881,0.26300400139446556,0.7175661318113146,0.43731237705174664,0.6222703183399376,0.5832668027834493,0.6333798417048402,0.0
0.7769123143237342,0.02748002762975066,0.3237062325923953,0.7444279231898725,0.8601235598437937,0.8333679108928334,0.9307371140464187,0.3168286958319164,1.0
0.8967131666465047,0.2818903549127491,0.8458423118413365,0.5971723452768297,0.17140266743648347,0.7255161695633996,0.5570648777032376,0.2760355197268841,0.0
0.022439795153899877,0.11062572040964658,0.6558623002420151,0.2136880878512185,0.5585521571232908,0.7327124583212179,0.48651193799741654,0.5395512858981284,1.0
0.3294431250703018,0.3029253874615936,0.102392134535149,0.8307964733237743,0.31910826132662856,0.5186254544605583,0.9066969457060711,0.2934719916251592,1.0
0.1696989280173521,0.8021937618563963,0.7242643371804947,0.6254809917881554,0.9088273860916107,0.1705773798027434,0.2056035668152839,0.5050359064631633,0.0
0.13030367182177632,0.7664439225963471,0.3469704068729959,0.667667668995412,0.8720595235378743,0.3854870819652647,0.6125346889453727,0.5075171864268901,0.0
0.08855370418712055,0.15670061274971764,0.4308999343624857,0.001243382839619056,0.3380407666823566,0.628762763629572,0.6882120088337014,0.3718952744827402,1.0
0.5285464989186792,0.23513799212838804,0.695378524700028,0.23831964250422133,0.5023208597183978,0.915483335915596,0.8226592774698946,0.930022404032726,0.0
0.5969403076936137,0.594964791181416,0.5569449212641668,0.03315139320158483,0.5664115587145404,0.7907130865539103,0.14552273011375472,0.7642792369293139,1.0
0.9280499827031111,0.8948962477375619,0.5512232614681261,0.887076325985428,0.12426642312719327,0.7236736543404301,0.5985249385391058,0.06203533302661146,0.0
0.010961505402359628,0.21817840090428497,0.875811912704759,0.19625977071564155,0.6686328658358942,0.3434429804547471,0.0902520938372432,0.8765277749995,1.0
0.1256515515203223,0.5855688707640178,0.7661736512870418,0.8621508374330658,0.2440487340741051,0.34407545796253103,0.7166331930497104,0.01821577884019121,0.0
0.8916177472447011,0.6508136281993355,0.47442153292514616,0.32532991294728425,0.745986719598648,0.06889388598001117,0.48640443351806323,0.7356707540690658,0.0
0.8940560249414771,0.6258050934521632,0.48501161789309416,0.2789148851787545,0.7222161490656862,0.6698326799854828,0.8391549647901996,0.15306921912610938,0.0
0.48254340670185475,0.15510117723763017,0.567970378750213,0.3010716119011395,0.07625192962756394,0.968758158004767,0.0693462227592816,0.524341881538677,1.0
0.34232957258644736,0.8608395536552875,0.6117917767921244,0.6631679336155063,0.2521923063248269,0.17806603022733108,0.047768657027376094,0.8797175158195142,0.0
0.678088980290036,0.3001788713108787,0.9797476165941399,0.7085077681583105,0.20920903975788974,0.9595376228608783,0.12264761031709648,0.3169745554199756,0.0
0.13169644278337722,0.17116455364201416,0.3369889413788547,0.9420103964526316,0.3171792970928625,0.11112210636234165,0.10198258260760862,0.019672707754062324,1.0
0.8051452408087728,0.48131169109046723,0.8886520856227313,0.9632123685687037,0.6251773081635783,0.1929738222228825,0.5629984582690946,0.9880220106285797,0.0
0.5451178204646603,0.7170106138806048,0.1749844661420264,0.6579670544666413,0.8515291883863086,0.42823555754590237,0.9686945289387057,0.24570089282737556,1.0
0.3663629630101256,0.7436796414291228,0.04700192561470834,0.06832583686933874,0.6875762498069709,0.6372245380048943,0.8798566606941955,0.2112813639788495,1.0
0.5463768854139475,0.876695600742669,0.8960539490489459,0.34155145633901085,0.3556625315546178,0.7177635446756219,0.2798433268052835,0.1991608489528115,0.0
0.28731114025760696,0.27755953483902374,0.11297452553416043,0.6544671718545028,0.03105658949571516,0.5823398696417164,0.5845293553898079,0.840467117414468,1.0
0.7895517771226891,0.4346079086710376,0.5563376283367284,0.8278287490167937,0.44754676610605537,0.5850653064862903,0.3811075461477561,0.07298313696465364,0.0
0.01392452613952544,0.012735754139816868,0.7136585989654,0.41076811453871875,0.5688085687403783,0.06495920732315569,0.3671736322346764,0.9070299320544365,1.0
0.5782686875375386,0.8174002124793666,0.0964123288158239,0.34813684904451586,0.024736379310253298,0.3878381791439481,0.11860160840035,0.3221529875377568,1.0
0.28198253120337535,0.7295987686603022,0.5779667015636798,0.27535690552333103,0.9290552426700686,0.045989922808030326,0.6013392224676029,0.3633662392563995,0.0
0.09995028470891354,0.6761433773813006,0.8554064458479894,0.3070749730405844,0.9646129255992923,0.49885177741036546,0.6230892953873078,0.893106592519987,1.0
0.4677540361176019,0.6188015569077827,0.8702754387817422,0.1625459769123942,0.09480421411025391,0.6902383039415234,0.7382774282261761,0.7787376727811006,0.0
0.8558500625022549,0.5758363388562748,0.3173740961576319,0.3409161028291138,0.6775321038552221,0.8750241423880909,0.9343205966915289,0.5457282310815947,0.0
0.7777936067302937,0.8371161421137608,0.20564360580772612,0.8458576675496179,0.4290780612290925,0.27053800913908777,0.9703945997749907,0.8104067065405107,0.0
0.36218252780766713,0.4900378395913515,0.4341202583263336,0.11562001350292012,0.48505835448472245,0.866795036961731,0.6489770407100296,0.9787470077947364,0.0
0.11060909455561857,0.7960808653357593,0.06652868815707152,0.1905983597533396,0.5252845553909907,0.759047028310797,0.022390932955539733,0.3813769811899475,1.0
0.8756096357466208,0.6371410428691191,0.8609291236887753,0.11014721896881735,0.5141533439006257,0.7301204678635632,0.9316663194299764,0.9387022997472878,0.0
0.41670195019769396,0.6881411347205195,0.3450439962368532,0.2951396119701132,0.38346668039317966,0.8895814718048743,0.5604525188549523,0.20373333866762683,0.0
0.5247796503693894,0.9374231806387867,0.7416874624919014,0.4013794731738892,0.7924283245181172,0.39731287261520964,0.3362706779449144,0.5420409006954585,1.0
0.47030744954720355,0.5297282632068243,0.9889257256075981,0.9379438687059878,0.9784696282326071,0.324238373980979,0.3680411683820159,0.4817658845258813,0.0
0.7263756863044719,0.7600583920058487,0.10933209451589809,0.4507219021873935,0.009439984801778323,0.3753090756277552,0.574761448393683,0.6870328325765305,0.0
0.42746608005806663,0.5818966730148549,0.09517041610575866,0.4814679716836603,0.7111043068172833,0.966684300337675,0.21957081545064372,0.24821634560887623,1.0
0.5147227828678029,0.9312080795252609,0.3686074393781575,0.2510428949836254,0.32313228767728824,0.13243001891065298,0.16442851785491058,0.5060202503117228,0.0
0.4317871188052201,0.1964483771237981,0.9474180897413924,0.45001465690247255,0.12445719689391649,0.9318534668469298,0.9109646235259803,0.017674848139331734,0.0
0.6923774839075264,0.4180858061977927,0.08400965089013912,0.9351406200466632,0.867984818759615,0.9224206909286171,0.4001450060419184,0.027777499949991014,1.0
0.11161931775976641,0.7748480602630134,0.484954045780707,0.311555342739395,0.25685870164521807,0.5851799165044793,0.3068761198383266,0.524290205570336,0.0
0.9045856387008869,0.576672823719111,0.3659591222083495,0.7483429741706913,0.654631026553904,0.07985267306643345,0.6412475519813325,0.07283644389323407,0.0
0.5763543570120314,0.6510485660297418,0.4179615970132543,0.5860442412963864,0.15557003679094644,0.6974688165242178,0.24198174923955162,0.8905061244357317,0.0
0.45103043827981915,0.5802061825018303,0.7067067000673355,0.5940847129170419,0.28139210191299124,0.801781973542065,0.15207050293762236,0.8107092610003135,0.0
0.5515150164585735,0.22471976031562896,0.7325886809512717,0.5070831968229672,0.18603015976705967,0.5000451011645651,0.6755564815200633,0.6731003247251172,0.0
0.3417236508957242,0.680195988589189,0.9147221707817019,0.03802411690504587,0.45389324416760285,0.2194832255503934,0.032988041168382,0.47809605729031224,0.0
0.47613400738142087,0.44387189225034335,0.13250261462289203,0.8032966756022926,0.17656549908168567,0.4729836065225835,0.927010292095504,0.6897416534976296,1.0
0.28811258046236815,0.7459815012341535,0.7050410884472138,0.6067939053814044,0.8627092209797016,0.27939534725774307,0.8140864202675111,0.8505497656244791,0.0
0.4560282310694571,0.565487659259975,0.5242678392629072,0.9321482243925343,0.5767037901626538,0.721844138864894,0.8508521188382849,0.7392830709527715,0.0
0.9896656394649213,0.3478670034197391,0.8451068745347139,0.23744659515513106,0.8296520275881685,0.843327839834622,0.2986657777407392,0.5423751275229541,0.0
0.44452686111341033,0.28553441321555817,0.04355210912913288,0.09693239652956387,0.43008605780736997,0.20625054386698444,0.6678161590066253,0.590829682676215,0.0
0.8824758639424597,0.02201035637812404,0.4651914232940481,0.2272888974958583,0.12381217460336835,0.09180554288006482,0.4974798949956248,0.8663217712521587,1.0
0.3664815475091419,0.7365415133818995,0.17170975377707542,0.629596066379188,0.06374497129372209,0.8227529538609781,0.552253843910163,0.4171684236495903,0.0
0.18941154498358392,0.0732921081595368,0.6833364020772654,0.8850129524572529,0.4508570491570134,0.20465449324331492,0.8485861910912955,0.6607272642408967,1.0
0.00399605885611326,0.1636932651686216,0.8650828056774063,0.9101588914341348,0.038305196634952354,0.37677406757321774,0.19355306471102962,0.9788370239976529,1.0
0.24400684022980462,0.547114193589834,0.9653540578788099,0.8418961919908319,0.8546561269688304,0.9680776610217696,0.6334480603358473,0.9822384695911931,0.0
0.11416662952610773,0.5827379362742416,0.22392845564002412,0.09884641555833518,0.5978879035634629,0.6662436884899706,0.5285686903620984,0.35541564148213345,1.0
0.17133735724760868,0.33592632137265277,0.3158700578851773,0.06594359281135315,0.6522284445543509,0.7111816929597613,0.6792683028459519,0.06310802611136673,1.0
0.8035174231667951,0.12712977116258917,0.8229893669349297,0.5795989181746917,0.8424028261050682,0.08531362819236654,0.40565273553064707,0.5850411407386663,1.0
0.6843516744025145,0.5440934505704078,0.23500883214572055,0.2921496038657083,0.1358059806912537,0.6175487570119046,0.2439826659444143,0.5137024664439599,1.0
0.003282164254652664,0.16662295318711084,0.06333277264640158,0.4893049710111671,0.41658436949933425,0.34747131035331724,0.7810183757656569,0.09830519493508832,1.0
0.4683246742772978,0.21108248202659224,0.7118027605960544,0.22704404100749292,0.012526858239967409,0.2394152872785002,0.9769082045085212,0.28271588885999477,1.0
0.5919106801391392,0.07308557524195936,0.21695559730933944,0.9301864543692823,0.6093062043661986,0.5199264904077783,0.7719004958539939,0.8560965973875299,1.0
0.6000189947430192,0.3314885183094882,0.7870036129816889,0.8855535998280963,0.5343912830981872,0.7762616122233708,0.2980565856910704,0.3046273329199256,0.0
0.9155399812811582,0.6646080626415931,0.13434598345637494,0.7783030092411438,0.1460255111489887,0.3270105037959263,0.9528847035293138,0.5427635307688717,1.0
0.8668967259005524,0.21423728561591138,0.693212009171211,0.832328749680002,0.0684899049102885,0.5484845478104181,0.6655827326138589,0.04731768384975965,1.0
0.33852797108554433,0.9771351070387373,0.6584806374638981,0.21398998024965815,0.6327053099848177,0.6791930287395234,0.12987874494770613,0.8488377908023444,0.0
0.28457759511697156,0.33894095866315327,0.9434745326975108,0.18217985942637793,0.05085726142267877,0.27860289326623694,0.49871911329638735,0.6923529568655692,0.0
0.06473334139814046,0.8536427575170813,0.7507475088785749,0.6453533639912403,0.8715606992243282,0.0034704019628026272,0.08832701362556772,0.5191067725523928,0.0
0.9253827599892186,0.07284585901500257,0.18997815443440574,0.6081826634708871,0.20231597760809494,0.13963559320235247,0.2503079294970623,0.8153150900495423,1.0
0.396747389018704,0.3513316063854244,0.026421089328040548,0.23217382423124222,0.2184449841888612,0.14208777004985534,0.4573790574607275,0.9213408413514433,0.0
0.4679445141272075,0.8197955164836098,0.32630334507238434,0.3828433329663581,0.2844611981017081,0.367710325301435,0.8852668861202551,0.1328047381862068,1.0
0.17175624969491687,0.37406934090514504,0.881175935599888,0.3313229280379249,0.4601113015016204,0.6979742148683152,0.7342705946081086,0.43973415214738654,0.0
0.8629579696211451,0.025459296821782218,0.3873762133256358,0.6382098152169156,0.8198549058044577,0.22913009934990652,0.14313096379015788,0.5652400765471118,1.0
0.5186496011103966,0.9208134742287799,0.800052584298042,0.1573965627242473,0.5578368218310992,0.713746357417709,0.7737347389474561,0.6906784887946498,1.0
0.6830172671764474,0.11938876875056076,0.8237874172301394,0.9880863921603478,0.6425056157535086,0.34755328835243854,0.1576582357598233,0.7268908403512633,1.0
0.2932565478805475,0.1885831364014532,0.8604290157079009,0.706584994780551,0.893475537178066,0.2260950562756413,0.14193008042001748,0.38806151773985986,1.0
0.21268488039678857,0.18207814589718907,0.6146836478751645,0.26086023416557125,0.30615342243892185,0.8478695271063306,0.6208692028834535,0.5816330272782434,1.0
0.9382859207569034,0.913075126481502,0.8474421267615873,0.47879099787640717,0.7209181445221395,0.8615526898334547,0.5563398474936455,0.0774689444099938,1.0
0.6110584953192284,0.8518946607789741,0.39213612700461054,0.6221837856192575,0.4962572256559142,0.03449947258167557,0.5132780532522189,0.374714115207404,0.0
0.24198108802736945,0.5055294012085095,0.5965890247920904,0.19923200483876746,0.6167259506981152,0.19040623945428647,0.4134630609608734,0.860664086202183,0.0
0.8976979220387833,0.830380195776216,0.08186966628868941,0.9792471525153499,0.09301959052891823,0.7067628400362508,0.4227134463935997,0.31847815940202573,1.0
0.45086197931589217,0.7487736776185745,0.5980113478082536,0.09967860927881411,0.5810459496792401,0.6808012832077222,0.15637568232009663,0.16253508964947022,0.0
0.8561538192167375,0.6787566293615478,0.7445525373383006,0.5446382928488906,0.3153463830726623,0.31032944013006114,0.637549897912413,0.9178343768545005,0.0
0.05156409505436321,0.5471118043915587,0.9262302258365599,0.4159907469184029,0.33911217762815404,0.6346646489643711,0.862804283511813,0.6241606822561394,0.0
0.04158548801633344,0.852472846761601,0.10408056275280653,0.20419810826476864,0.07542754284980452,0.11867124540764024,0.9595199799991667,0.054624832469844564,1.0
0.7354607976094214,0.431712996760778,0.9379330178982942,0.06713471484034589,0.6682035585277466,0.13041558866039993,0.3131888828701196,0.6102015029371953,0.0
0.9148807363593339,0.5889448079270413,0.46045114250132524,0.5724994064286103,0.5321895574844608,0.7795510789259767,0.5759489978749115,0.6484775592940063,1.0
0.5796720700874183,0.4031068603439277,0.530186889158561,0.3946380938864137,0.4987409992724594,0.7661332171668829,0.0979882495103962,0.8944460002800505,0.0
0.4433163441804989,0.9435013010511941,0.8155495642825799,0.5641567771262125,0.33035860692166497,0.5542734149328364,0.9440301679236636,0.7189602461776453,0.0
0.20009874082893492,0.6722272159415803,0.08792986071793746,0.8120191905941152,0.7605547775429293,0.845315209386136,0.6969465394391433,0.16250425076513775,1.0
0.7190746482789065,0.06184147722536559,0.3819036789375743,0.6801906325812994,0.3258020590830866,0.9938964859294979,0.49987582815950665,0.127567962233202,1.0
0.14060115708758597,0.8141424078977337,0.38686788075727757,0.09465891862567338,0.22401854989649395,0.791352992488799,0.899650818784116,0.8659183653057551,0.0
0.9081649274273478,0.7291472101862672,0.9958447261557271,0.2031213233392271,0.9817167622481269,0.8810167606539563,0.6362015083961832,0.26571532875917664,0.0
0.8747233028356287,0.7396336668831103,0.10259934107788787,0.3121042138926213,0.48422706907283947,0.9005269938428953,0.4929622067586149,0.9472046635060978,1.0
0.6607942137131433,0.6610157703014159,0.8076396335972806,0.6450769387898572,0.22616482110515057,0.8540595292924105,0.6390457935747322,0.0716253925706627,0.0
0.4760167493309394,0.47444486978072997,0.5689650232172145,0.013129135932490765,0.08139141204957884,0.32703597268885715,0.3804625192716363,0.24130260113487095,1.0
0.16632550410350122,0.11173775947356934,0.3326633389808834,0.2543923619631495,0.6106633779639583,0.32476897591703935,0.28739864161006706,0.17965817180425808,1.0
0.8715602536594063,0.5837820159205553,0.7563423508417998,0.6588483255981143,0.6608684531298837,0.8871587433648229,0.8503762656777366,0.7473720269648537,0.0
0.6599251246331044,0.05422604045602891,0.49125593695827163,0.21024975096529963,0.7783604175477903,0.022579500088079907,0.20438018250760448,0.9397633240649984,1.0
0.2711202441514231,0.1857068071444461,0.5558783779839997,0.11042868455295124,0.24381126186100738,0.3561822023376199,0.162812617192383,0.34877194561687774,1.0
0.615061186418016,0.11641023490066504,0.7999862569796237,0.0390597829186734,0.8602976176893715,0.758054272088428,0.3390657944081003,0.5145584538550272,1.0
0.9197970852089317,0.20405505349945868,0.6928822297440349,0.2885390981163559,0.46020761704726787,0.31891855897003796,0.9724980207508647,0.16962386562914655,1.0
0.39775018411105667,0.2064936285391326,0.6470505833355,0.14552142096348242,0.9925776003472666,0.3685115342248861,0.34692862202591773,0.6530917231768385,1.0
0.036827251832090735,0.8916395050218293,0.8588217721279874,0.701360770701051,0.09914159764937003,0.570887888055726,0.13977249052043828,0.12633273989318078,1.0
0.8913346831273624,0.8936360783805695,0.3883530820713013,0.051733427420478095,0.842221869625367,0.04488786258683297,0.0795499812492187,0.006949584258499841,0.0
0.0575381539656567,0.9406889492146704,0.585065051180812,0.5564120963880352,0.1772240533083992,0.5351908469043622,0.27670986291095456,0.5435820114287239,0.0
0.8643048454634399,0.660090885102393,0.27448711737759823,0.6761875075439939,0.05391919364519049,0.7266596167356096,0.7735888995374807,0.24183603048548735,1.0
0.800809345838029,0.6157279860598244,0.25033574888583365,0.8440752290389715,0.4748913597791588,0.03781520408011663,0.2296979040793366,0.4384730918231948,1.0
0.5578442982875019,0.5889246324749385,0.12303054293420379,0.6361475028219511,0.16467384584524453,0.6655960888270089,0.644183507646152,0.4127084541884206,1.0
0.33052497649533197,0.4832843724664543,0.01811637844351538,0.6803431704803352,0.891318122021979,0.9762422983128982,0.8348197841576732,0.3024419395491188,1.0
0.45216720467419247,0.6843221340106621,0.21132653044981065,0.3402483847562909,0.45641363361141907,0.5712248202851243,0.8036184841035043,0.9191496135971142,1.0
0.47731189368037474,0.24157873974569366,0.8568895246878239,0.2280587496402095,0.06165203183348178,0.6563914717412022,0.9672786366098588,0.4444800064011522,1.0
0.3720266329642623,0.9220648831920963,0.8162990629807072,0.15835105204725758,0.5968018993531734,0.41675412755246066,0.029533730572107175,0.4211866469297807,1.0
0.024276661084971285,0.9818904080060441,0.5165964216146404,0.02590677148894238,0.8157868343282402,0.8725350887060317,0.10774282261760904,0.8292275943003073,0.0
0.698107741578113,0.7158215895389218,0.2038018288298853,0.8978863552859688,0.7912308808335249,0.2772713477076935,0.12204175173965581,0.1352743493828889,0.0
0.33075630911981124,0.37271519641599016,0.14194046141527644,0.39091908726626884,0.999310932583894,0.5067468689179754,0.2953823075961498,0.3476375747634574,1.0
0.5577795675990008,0.4996118880134984,0.21984667246455863,0.5098137578573598,0.07388808611193509,0.25249542090529176,0.7804725196883204,0.9312959666073226,1.0
0.5589953903260517,0.9334831272163132,0.5748530319278486,0.9545460936370473,0.9816238960195411,0.32367514002585096,0.9048168673694738,0.6968095923932975,0.0
0.2717399609069088,0.6018114370390506,0.5419907640535648,0.7427691066982707,0.9826379952356972,0.36346391800714406,0.5286670277928247,0.005511825461916475,0.0
0.316858842530397,0.8250390102985063,0.38150677626415885,0.007145405757443546,0.5246286544850939,0.7392030465040762,0.5551964665194383,0.8635996145972942,0.0
0.5408577983501103,0.12758265696899934,0.42775708070655044,0.19061188920177585,0.755929243363116,0.1252591990457655,0.6664202675111462,0.13151867336120499,1.0
0.6870693021607316,0.21429940477106962,0.7363032760919732,0.9256654963251629,0.6347788802030958,0.5207624537580413,0.8174565606900288,0.48983316997059473,1.0
0.8176533852027769,0.6831285967389036,0.16545031208329858,0.44658029926609377,0.4101349425900975,0.9807922099146156,0.2919996666527772,0.5001116867702853,1.0
0.9302932724652629,0.5943672261461116,0.5236194233980493,0.03566787061072196,0.8550965782244083,0.3666703455067567,0.40761031709654566,0.49590926366746013,1.0
0.9173930298843549,0.8052702528355801,0.391158462331124,0.19607354183716652,0.5395986905331105,0.2726564373688087,0.5712479686653611,0.6364412260873624,0.0
0.3378803989108266,0.09289680734089134,0.9218948069954627,0.5628454817611097,0.292904595604721,0.23959595723772875,0.011386307762823455,0.42933894767724856,0.0
0.22795866998597153,0.856056378708102,0.2838076974710189,0.29546537986579324,0.8598661877245704,0.51063989532285,0.7165056877369891,0.8741640161895808,0.0
0.4581648743694064,0.4731650559045849,0.07845885026634392,0.6638038176920087,0.9386255055239486,0.8471712549584751,0.8888087003625151,0.6495560867622839,1.0
0.5873015367702146,0.6183473437689974,0.24134627476595738,0.7828475774992008,0.5178748916781777,0.2635261045540503,0.14421434226426094,0.7791494135611077,1.0
0.9232142819244328,0.6340709230853363,0.2991428387986159,0.9859230068270657,0.2860099414624361,0.3895777575913219,0.35089045376890704,0.24617014395924602,0.0
0.8019185221028773,0.25427918684433093,0.14890429923065612,0.40987066112578274,0.48602575525450387,0.12271708517010038,0.9472128005333555,0.21486617591166407,1.0
0.29726162658669775,0.49418203673312705,0.029960845657391266,0.7128995332340289,0.012098081595983079,0.03693944558464901,0.5127546981124214,0.572463876831163,1.0
0.9317842006184434,0.6483471791797828,0.053226346484360254,0.6608493575501617,0.2889049798055753,0.035132745992363545,0.15301637568232007,0.7093101758316497,1.0
0.9315170538835229,0.15956446508239813,0.5264306404618928,0.2753500081574616,0.8143434278039365,0.6228730821393021,0.7165581899245802,0.7630548498729772,1.0
0.9019842078343234,0.8607692050394031,0.4289260333663555,0.8311105687541367,0.597523867947407,0.5490878422117187,0.8041410058752447,0.7020188633954112,0.0
0.7961816321896164,0.8496079325630204,0.9900962701230451,0.6071440793409302,0.7475667721450135,0.6200264027523384,0.8796124838534939,0.102762663946177,1.0
0.3895150610272442,0.8132116824362601,0.755495748949508,0.4327261440674032,0.5818095754102963,0.5144703106992697,0.0844451852160506,0.2811030985577404,0.0
0.9653972023608661,0.5156070395337984,0.8380668929577898,0.9405327684567542,0.48497026423360684,0.3893185585455564,0.9976482353431393,0.8508423182839578,0.0
0.9070772396287643,0.44845384360945206,0.08086228697655146,0.049368426777166075,0.10123082246046683,0.6751291485112372,0.8409075378140756,0.615277416601655,1.0
0.5613768960255358,0.9522988600338629,0.5615586495333476,0.5610431470027629,0.0017692343205986116,0.48901123390419027,0.26205841910079586,0.2971209817767198,0.0
0.5490074981482779,0.08342974190818359,0.9339170314226998,0.5824674265264733,0.04684809366859277,0.9170594889666634,0.3092470519604983,0.37250371733578713,0.0
0.2594108870651106,0.4107132712531132,0.2736471482171482,0.5595196249955233,0.3994078318601212,0.738858685847573,0.7711346306096087,0.9928337100678122,1.0
0.22989157079096656,0.33865186567183986,0.0857951823019612,0.9386625211729236,0.0515837406623007,0.4877571562283117,0.18513354723113457,0.4837287378394778,1.0
0.6222470887107557,0.8784099832384467,0.6840447778379735,0.7861564561334162,0.12523063991199462,0.9267562393481662,0.25437059877494894,0.09466120568368974,0.0
0.6038720624470747,0.08253246522256441,0.8626249805660957,0.606153246205454,0.09988532347430068,0.06462651990924584,0.7763456810700446,0.5726322404699513,1.0
0.0913259816249738,0.7447831855658444,0.5824440608661923,0.5112452265585725,0.1284761819350244,0.4589826132357592,0.6507879494978958,0.41252258739906517,0.0
0.9433253640305359,0.6007668264597869,0.996148505274083,0.30702748732940627,0.16618730003910992,0.09131102187565665,0.1918654943955998,0.6247532889253399,0.0
0.1248845989774674,0.695476238892219,0.5298385380822278,0.5399640010558275,0.7625625454049525,0.5815182325437269,0.7765281886745281,0.6415746501036853,0.0
0.5296646950335645,0.03046519814152221,0.4542874774553445,0.00026263046964430936,0.8545905899446571,0.8693880886232579,0.22719363306804446,0.35138991685169996,1.0
0.3409240677189118,0.23910167206713961,0.2579859417922066,0.3926954242609539,0.8528932606181919,0.3472909056950567,0.7520713363056795,0.6067050402405767,1.0
0.6172920075639401,0.6071701433041125,0.531116267544239,0.012176503592599142,0.07562733790730464,0.4757636953665717,0.6468152839701654,0.6460279516979723,0.0
0.8366449447454598,0.8330364533254189,0.6899280109816814,0.6472196320255308,0.2367640417717603,0.9464253878169551,0.7802716779865828,0.554916551645963,0.0
0.735081963907866,0.06573109201758232,0.7048352084508432,0.14425469319322837,0.703661476594261,0.9064827352742045,0.5746114421434226,0.16585402039033692,1.0
0.5797585545318911,0.8564513928229545,0.9152429728859228,0.7895568575070532,0.271619656012876,0.6020339564015001,0.5278261594233092,0.8685755102585132,0.0
0.5362608583077064,0.8784006919118205,0.5298746201434474,0.14935874393661858,0.4785083667165314,0.8123895021468155,0.40363598483270136,0.6935948470724731,0.0
0.5588277272312456,0.11495680594984692,0.39419731475177927,0.2582238487036268,0.0013521322882079634,0.4798700237497427,0.6497687403641819,0.2826667133417349,1.0
0.41204054475649593,0.3545790577745308,0.5665671580017542,0.7194936802885221,0.8300829268888062,0.0835204589494506,0.27415642318429934,0.6268486660932302,1.0
0.3347391034905759,0.30428802687794965,0.987797365266665,0.9763375252516544,0.19820624899505473,0.08366531327799503,0.7081836743197634,0.010387703119894898,0.0
0.8773406510846105,0.723628693103234,0.315097742589514,0.0882915887949639,0.21795969181148045,0.9883837971147991,0.8651218800783367,0.5611893474158682,0.0
0.1470588391346887,0.33683368578432327,0.5539899065739924,0.3756300146834308,0.059667613194645974,0.3150252672641952,0.5475478144922705,0.3212411567415468,1.0
0.63980714499462,0.9741326812060884,0.2364598085634405,0.6747382648615022,0.6965036130269562,0.6401104819351265,0.37638734947289465,0.7447982303481293,0.0
0.3391118737305888,0.7879275934880011,0.14115275818174006,0.15575498964731915,0.9719257431022945,0.36878187591130884,0.891911329638735,0.803600481419989,1.0
0.8860188079790654,0.5628221103841459,0.7607446276198627,0.6351988497315997,0.22106858781244837,0.22426686730494544,0.4167740322513438,0.4994240629980063,0.0
0.0853476780783688,0.2772515937279828,0.9438173122790969,0.9454259189745209,0.7159373306849653,0.17013804139968547,0.8242285095212301,0.2978002707153954,1.0
0.3330699006543106,0.2536800290101764,0.08576201864275201,0.3849491518229605,0.6740103511351703,0.7004831661229766,0.8988807866994458,0.9311326038686965,1.0
0.8307571049889322,0.8898276963297136,0.4316003508449835,0.7716825991396863,0.884679513338509,0.4301770300299472,0.5916629859577482,0.7326927180225774,0.0
0.3422566179170301,0.6335726425116951,0.9335883132326184,0.06024928671951996,0.9568543501990787,0.1356727926428858,0.6559281636734864,0.8013717469144446,0.0
0.20921462573989308,0.86586403762828,0.9893600368886014,0.23390055324832776,0.23973151577319624,0.8074578224521025,0.5324321846743614,0.2800662452574797,1.0
0.361614011965627,0.9343034186241721,0.3478652950530963,0.7056169760091044,0.6288683427517379,0.20936915674617912,0.07389557898245758,0.9848597747594567,0.0
0.8204699660216943,0.01393353887517601,0.8269485772259582,0.10784880443447575,0.8881980820735809,0.5504721826629001,0.07020792533022202,0.0023429217259106627,1.0
0.4115388819206126,0.9230433926190762,0.2527792472963658,0.9018791342744701,0.8923186893019697,0.7846231028327777,0.8070536272344682,0.6511913811152674,0.0
0.6385422436717794,0.7160557309699029,0.13781543282820213,0.07701015106557674,0.6292562582551444,0.7286071911419191,0.4999166631942997,0.8168737039333747,1.0
0.5580533465765956,0.09910527179254108,0.1871412023710159,0.937078514572675,0.43332390520003117,0.6065313384115476,0.10094337264052666,0.557605368966414,1.0
0.5695889389048416,0.9569726627933337,0.05189900418817217,0.35525333892196825,0.6212867438500004,0.8199211313282241,0.9686111921330055,0.8460472885119321,0.0
0.9203642746024369,0.7400300083303379,0.7555143205986651,0.7458808798386016,0.2770908035369828,0.5278083168669866,0.21757906579440806,0.7655919732218466,0.0
0.34501244739305115,0.9461233134251175,0.8487755711710698,0.8862568658634773,0.35283939820561216,0.2800652322020193,0.07222467602816779,0.9065015036039821,0.0
0.6743794343174521,0.9595012309680446,0.5189953480671954,0.33515786346133697,0.9067628371641094,0.4813023836761376,0.7172815533980583,0.9211991491801859,0.0
0.828534773113631,0.5428335466798904,0.07645178561100463,0.9342675726975731,0.19210997908652527,0.6551007825317353,0.27977832409683734,0.10506391150407068,1.0
0.6018765532712343,0.5506326862499515,0.05226274320237839,0.4686680523297843,0.6021958352415132,0.049517895080895546,0.8875078128255345,0.7854288771978957,1.0
0.9701596831804205,0.5520789476059437,0.34379598141349355,0.32395521487284307,0.6456314930077036,0.8704641493495882,0.30619609150381266,0.08886932981269957,0.0
0.7608511448842594,0.1173077770527593,0.8727733255933774,0.1391031567386602,0.12768788032037254,0.21243736244144806,0.6305412725530231,0.13560274182686216,1.0
0.636816534127929,0.7162585473568299,0.543859071958773,0.1385757735329502,0.2649263889205813,0.13807376640355884,0.00671277969915407,0.88414331246291,0.0
0.9926647396022352,0.7474158165987691,0.7932688914794865,0.16261919510393136,0.32455499829922135,0.03894405969908504,0.2020834201425059,0.34603728671160805,0.0
0.18224076420414154,0.5673076974128167,0.08950579780355755,0.29296004435536827,0.759003911525548,0.7892725022975065,0.9373273886411934,0.07630706860568232,1.0
0.03716761852613537,0.6141020039002334,0.9472180465490427,0.09091868934131486,0.3689299316345358,0.6387306516004017,0.19161381724238508,0.38497846278996883,0.0
0.8905173255401828,0.1592690008956838,0.5623750061684406,0.27631351711276264,0.00398794118755208,0.7691210366688387,0.30979874161423393,0.6440842685016637,1.0
0.655631941305183,0.9105178879274872,0.9018477729674259,0.7000850232985061,0.6588415813579802,0.8272442339487609,0.025534397266552655,0.21019116774352714,0.0
0.8196303240991292,0.9032411863802956,0.6972473632237836,0.6424784888401947,0.5571904728801426,0.8537345356065735,0.1765890245426892,0.8779221926613457,0.0
0.3094941349751583,0.061656712558741056,0.2818048777640584,0.641538855382134,0.7685667450811413,0.4660056604614539,0.6677728238676611,0.8612808638888334,1.0
0.6770580644887443,0.9747230786465668,0.15034784698871317,0.6686500130652027,0.38180543622982216,0.980426890481638,0.15179215800658358,0.13374490741666833,0.0
0.8968049568851169,0.8238364471665967,0.1861571702749612,0.3994399869480615,0.19464363513442517,0.2243522942166511,0.8532130505437727,0.4188945676888507,1.0
0.641833427776469,0.023517144090424213,0.7706725006407219,0.4607546514111082,0.6148893220287716,0.330498946224555,0.5756389849577066,0.42719272802437774,1.0
0.6107329848487743,0.38018807768823293,0.6398707837713501,0.4974786148497634,0.7756086585287549,0.7866181661123646,0.3357006541939247,0.9540692324618432,0.0
0.29785295734353745,0.431923777141956,0.47728873024573476,0.5057127432813687,0.15260150146118379,0.8180881669401037,0.16523271802991785,0.026276396418021875,1.0
0.7031373691325875,0.23584227468665658,0.52311029490187,0.48296761819365946,0.9133141515927089,0.5589480179895281,0.49829659569148715,0.5984443866562648,1.0
0.9937049405432709,0.22873095875341182,0.09282057186883319,0.9928580429254912,0.8311227633168845,0.553398452340273,0.24179007458644108,0.670110619911584,1.0
0.7294586179891889,0.5648895632917206,0.48046846189071063,0.9371042470530341,0.8654673479686972,0.6239772647682437,0.27034126421934246,0.5035281350643116,1.0
0.03980831226933068,0.9872005339061745,0.6938665271493633,0.8283927413182723,0.9241447418345379,0.5373771921818988,0.0182082586774448,0.08142215598807778,0.0
0.7974905716038143,0.8436575015251049,0.05904670133020762,0.4638290196057625,0.28067490929622785,0.7489846931953485,0.932993041376724,0.23550322391363776,0.0
0.2499137808452343,0.8136568697148943,0.23492366786887142,0.8607525291446869,0.7429858137549212,0.6485189308158748,0.6762215092295513,0.8532735892460643,0.0
0.8375681529257211,0.34725059026470717,0.49267772935588744,0.10201628574195098,0.8673079566192661,0.5466775829171646,0.3043101795908163,0.40279750355063915,0.0
0.1565219882720727,0.3620872460879533,0.6542606281568487,0.3029450425846022,0.557079564070003,0.9893351663861552,0.8501120880036668,0.3111510071812926,1.0
0.6766046843795298,0.357553875093776,0.5226961471256658,0.524233497057345,0.4042228131462494,0.6427849809938386,0.319990832951373,0.9370328325765305,1.0
0.8195953058578089,0.3129987783232818,0.2725267471544254,0.7366174521926327,0.600561124286323,0.5802134823829546,0.8502537605733572,0.6896999793296127,1.0
0.7965283658366282,0.6738932835389017,0.0695444586709173,0.8659725086913441,0.46891740796028086,0.6619516494291785,0.4008542022584274,0.9415228074386723,1.0
0.7348132254347037,0.5500924619732548,0.9811471230127672,0.22761784879117036,0.652624054688126,0.3584595458471909,0.4311554648110338,0.19914417928560474,0.0
0.20559819645445615,0.08876986551999305,0.6155323722416458,0.5214687144769078,0.9408614589762109,0.41747813389421495,0.19923163465144378,0.4202373093823555,1.0
0.8618694859534406,0.7310370660220432,0.7331147892409661,0.3477818999855421,0.06070851095105101,0.8056776529566201,0.616475686486937,0.7410967307448675,0.0
0.05573153106118012,0.5790699859886794,0.6251105676398034,0.47127233851210554,0.36689775322099877,0.49398801476346826,0.8918254927288637,0.3530118754709181,0.0
0.4692420460840056,0.6276506163866084,0.4791623443364164,0.9898802378530092,0.7869027839172673,0.5539102179076031,0.8408667027792824,0.9210474552086043,0.0
0.28917692276673823,0.6294334892329452,0.417791268459556,0.7254174564371656,0.38407588285270194,0.12924587669235488,0.6563290137089045,0.5391945550199035,0.0
0.05905083587480875,0.3605002875001924,0.003900311632272835,0.799873459864626,0.6480460149509322,0.4397729660435985,0.8447843660152506,0.7743377141218752,1.0
0.8123383059236009,0.3603195048306934,0.9695446178564815,0.2586122234587372,0.5296224695942701,0.6482053450716632,0.40550272928038666,0.07201879671674238,0.0
0.49554392879199805,0.6307164887067906,0.9654172014859441,0.9060615908243812,0.17905962064941616,0.379246937896227,0.750540439184966,0.8762577263907504,0.0
0.8624661225044197,0.759134834139201,0.6002550683357096,0.8036545427775957,0.18913029980933233,0.5895165261279005,0.18212425517729902,0.9017289778826856,0.0
0.2158887841878846,0.01991290575887039,0.24152482790713964,0.7857396960649201,0.12015908250288815,0.7140665756861214,0.15468227842826782,0.7076923846292333,1.0
0.5355143330722882,0.3298744821412738,0.678795633858345,0.5802708807803574,0.13539869594588494,0.7729679007052761,0.9506271094628943,0.5899528581811393,1.0
0.8426115755449581,0.10280295432330733,0.2847121367849716,0.49481755804067057,0.05724858060602911,0.6719253740213047,0.0022300929205382736,0.5445638548272023,0.0
0.52347522088021,0.015219458480246861,0.4224060579658313,0.2728215929997042,0.32173292627854244,0.6190036675205821,0.6914421434226425,0.6540702326418756,1.0
0.4877486560423445,0.6302394454511523,0.9554004498584044,0.5836890561352732,0.5780904156214793,0.02192049248349298,0.1298762448435351,0.8126112700286052,0.0
0.22756126600492804,0.17855195470929558,0.3983287107614217,0.6821351591898779,0.00337900406011149,0.5352526620299133,0.3141830909621234,0.32427670313989854,1.0
0.3462415346054506,0.5997102698891464,0.25541138060047974,0.13190602073719582,0.17878792059778253,0.8145872553659774,0.3355889828742864,0.07194294973095156,1.0
0.7971807132260714,0.6383035205632985,0.3808190946267974,0.45372119520739185,0.41637236916607717,0.7836635092314125,0.6815033959748322,0.6140405272949131,0.0
0.29832145896604934,0.3032327976396844,0.26536180490960115,0.33652088907046057,0.8162187949572046,0.1308408661121523,0.4616909037876578,0.3843216779020224,1.0
0.3350022708798917,0.7257033136056346,0.158008652266033,0.4003698049239234,0.8233031615378861,0.16502356933799978,0.8767106962790117,0.3259653404279437,0.0
0.34636887366479696,0.7393928887902533,0.055895623086788526,0.5149239101167113,0.9520685554419345,0.7219361983008004,0.39794991457977413,0.12913324398391707,0.0
0.9457291540654056,0.9956057334387411,0.8489618182811886,0.013841952166767701,0.06210972967436856,0.34619547799806016,0.341756739864161,0.7430937568762377,1.0
0.6081832854750702,0.5361119355319974,0.1961794933972481,0.8136087681437199,0.4709800995632103,0.3208555213376263,0.5225842743447644,0.7767539823834957,1.0
0.4856541938058037,0.430869875236066,0.780126000680253,0.31301148278775615,0.7300551200866469,0.38020838860436834,0.9050102087586983,0.9455410307188628,0.0
0.20618183380979366,0.8985772058804009,0.3707166481038612,0.6964530296016374,0.624969553143628,0.7017672228082426,0.47646818617442394,0.7429837370726731,0.0
0.41120992268396783,0.3938150027847433,0.48699507002307657,0.6116722000342215,0.8450102444716734,0.8940464870968221,0.5932097170715447,0.7347955965407107,1.0
0.22902486931829036,0.7765247465193362,0.644269080910308,0.4048408897071405,0.9619182129778168,0.21843157251312179,0.35985499395808157,0.8957245637548092,0.0
0.34685382324914105,0.8913095301933605,0.3168578043110635,0.6620351739131012,0.2149221701404827,0.9538843245331234,0.12619275803158458,0.9076750481753383,0.0
0.04862495039082487,0.1517600161828363,0.4600274435912688,0.45410028504690875,0.7839695377543672,0.27032497246175957,0.3936022334263928,0.06802474445400175,1.0
0.09787996383570718,0.8835475559298043,0.9636759767228256,0.6432576259001394,0.6523995837470302,0.5908045623276871,0.8245818575773991,0.24099337880818544,0.0
0.9240027229335523,0.8811695072464383,0.027764084871375383,0.7986473204396805,0.040584929880690734,0.682901670971617,0.4507146131088795,0.9166508304828203,1.0
0.354486473408421,0.15862657202609853,0.7766931639881927,0.6305242926552338,0.6639163227520668,0.09730576254926637,0.9279986666111089,0.29640418608682895,0.0
0.3633368033227006,0.8880610169383538,0.7628609996959556,0.19592524847097342,0.04745968411685009,0.19398329240623735,0.5250010417100712,0.3892408966947384,0.0
0.21699212407917945,0.5645933027055812,0.5059938671108297,0.8612642606355392,0.3445087668373106,0.3068250796433506,0.7504254343930997,0.949982663546105,0.0
0.17324611668926937,0.4121728059328571,0.783758084636842,0.34445843076967975,0.21019050312799992,0.44725922875947394,0.6494128922038418,0.2936336873970648,0.0
0.38412543534040916,0.2397555159951515,0.2407734720440965,0.16000164475647655,0.3350173076116876,0.8293976819062618,0.2129130380432518,0.34658738572943126,0.0
0.967118667269405,0.4449584465326627,0.3811470168890577,0.9647075052625576,0.7499863353977938,0.2712044451707796,0.1718754948122838,0.6642737359391357,1.0
0.7100720420728253,0.7758347991507195,0.057278945639721635,0.7618310384116957,0.32707432641471085,0.3673439446645853,0.727019459144131,0.5719812899655271,1.0
0.5105550815712792,0.8911356496522123,0.3965259342468108,0.388666036176684,0.13376531165110317,0.3262570490467206,0.293697237384891,0.038813653124228964,0.0
0.4015799063208987,0.56424527615681,0.661925147764,0.09556751393732149,0.4939660831306638,0.5390026912130197,0.33165548564523517,0.9653295926600122,0.0
0.12440150642107212,0.5779444081345299,0.7198530398871268,0.5002274804320404,0.9736413803423951,0.19771766883223002,0.2790807950331263,0.38899335213671793,0.0
0.3002633796210814,0.9367390735326208,0.2521700972040116,0.6668988779842713,0.95527854296602,0.6576861404651894,0.721076711529647,0.6981723376874505,0.0
0.669540815351997,0.648054635124294,0.1381653757601774,0.9568567112033117,0.8126323012092245,0.8726677391900468,0.3364206841951748,0.05579087569095764,1.0
0.5935573333503119,0.7453146494488649,0.5060867253566155,0.42342876015869246,0.3393228513010028,0.17395625293157568,0.985968582024251,0.5526361411720777,0.0
0.2318937122094813,0.9866703973555291,0.7900671391647958,0.36444991517566394,0.17263911493708178,0.5004361547914417,0.24799866661110875,0.002858014442599699,1.0
0.9653571436151135,0.8424355593405175,0.5374905881535165,0.12490227626337863,0.47571627722108156,0.899690499890696,0.4354781449227051,0.8497954631833731,0.0
0.6507169189041201,0.31235555305427143,0.4709311241206987,0.6744655536263564,0.11455022762839284,0.4727708351462233,0.3526138589107879,0.19796813426416754,1.0
0.7157505682505523,0.20480393442553319,0.2687036405207915,0.49342747353467453,0.6951114155944156,0.24583955021935083,0.9339064127671988,0.5847194161615757,1.0
0.8061140788186332,0.7615534991932473,0.2185294119207702,0.37412081797453545,0.6971181221281119,0.9620006770480705,0.5144364348514521,0.8464148546738413,1.0
0.4999286370688247,0.31393454764778117,0.9870980100212619,0.2252393186994221,0.6817285960589695,0.383018721758712,0.1291803825159381,0.11751865335760436,0.0
0.5361971887780332,0.8096560244696377,0.04481047101416591,0.242621741823637,0.8030845915822866,0.44606192549075374,0.5267477811575482,0.7512610603241917,1.0
0.9124307859154511,0.41714578940969277,0.2998294591988827,0.5239748458372407,0.05395527880829809,0.33626314035694654,0.43573398891620485,0.14081117934561554,1.0
0.5896772060961453,0.5389747259987777,0.27034776208974565,0.12100022416439077,0.9003457807688369,0.6588112818706053,0.629142880953373,0.6281972421702573,1.0
0.7902651411447357,0.42135529130432703,0.9912124262373891,0.36078423049935604,0.568532623375438,0.4271189057714634,0.20545106046085249,0.9487099344548686,0.0
0.9978259508513678,0.48120683183282825,0.12884877530586175,0.4014866476281683,0.5913416304444153,0.6733399587828417,0.7756489853743906,0.8614225560600908,1.0
0.45378388014847737,0.8515028322618221,0.8124003432040765,0.6467872202421772,0.967491248021286,0.8611215757604056,0.3103637651568815,0.13170454015056043,1.0
0.9429404286657201,0.1287403562666281,0.8729582461571279,0.2436770388016623,0.5376025972826811,0.7317292529336982,0.964886870286262,0.24335880458482528,0.0
0.9884293894304337,0.5729385068147899,0.6549063909289699,0.15406672670912086,0.5957461430001948,0.6788234644910572,0.9196249843743489,0.5615919198789115,0.0
0.5622762281321695,0.06562145436339278,0.865794630458672,0.8687142116244491,0.5425857991085903,0.46381162145584437,0.7981049210383766,0.2604310442546325,1.0
0.7041964056428183,0.035063342955608146,0.6785719781406383,0.8219773952097793,0.11107225470181714,0.02986625647599661,0.6534630609608734,0.36930147426536775,1.0
0.2628880392543874,0.8440411005815308,0.4983155514214475,0.8367481042191982,0.3375530863162408,0.4382254654970785,0.84140672528022,0.0008076453761677316,0.0
0.5692658160417503,0.5245304296256338,0.6986423593847584,0.08001421918502322,0.11353029110644008,0.3340017149054574,0.43342055918996625,0.2598534402859181,0.0
0.7331013109556159,0.7830931835111339,0.95324640386545,0.39057925935554727,0.2875146396976063,0.6759027661340131,0.8429251218800784,0.5265431110933302,0.0
0.4936322511635607,0.502657850348053,0.3750372096256327,0.29830921687042633,0.6504830901211028,0.3878527706971897,0.36536189007875325,0.44555936735279017,1.0
0.9216962942211413,0.12365109847372702,0.40486168631635583,0.460599991245651,0.015530682736592638,0.7103534233375711,0.7589082878453268,0.5078447453875031,1.0
0.23537882308996722,0.5512143232967538,0.8210419968661669,0.8581936064071223,0.7416334161346316,0.9261720466165637,0.4374423934330597,0.8540812346222321,0.0
0.7495267231627627,0.81008740749157,0.28863155068494895,0.357826586957877,0.8651125989754997,0.6621997058342867,0.5710087920330014,0.6157341654831203,1.0
0.23164433988492794,0.7933064752051657,0.47387499582137893,0.14490357615156163,0.6050776069805687,0.4699705834286648,0.29514896454018913,0.43846058957278977,0.0
0.13887969217904728,0.8864905172720452,0.38739982585099275,0.036835912992382425,0.48622793830073907,0.5198949195925826,0.23950497937414056,0.26102698485727427,0.0
0.77001849599837,0.17535441101749583,0.7011508585673405,0.23614856395516182,0.017851542454990377,0.7092452611941091,0.13565315221467555,0.8956762217199097,1.0
0.5704837610864569,0.9929823937324427,0.7929332752482896,0.5222436070040097,0.9615820372303363,0.5725614065620603,0.26256010667111124,0.7274734452201397,0.0
0.5502803581623277,0.474573355554647,0.727985565053038,0.15891769718176285,0.12118857097978114,0.011027500037142146,0.08333013875578149,0.5414566288598615,1.0
0.47405599310671226,0.5237236770080016,0.14787436863025594,0.1067099432161091,0.7471995525439774,0.45045663602617353,0.3781232551356306,0.9162115847519221,1.0
0.38354949138657385,0.5611133026843439,0.06352936681819366,0.7912867699237708,0.3409188237722687,0.9886138130540811,0.7303245968582024,0.12854230428143731,1.0
0.8361286909756931,0.15751612576102597,0.12777055841765306,0.2842993403730679,0.21237922746972426,0.22457700413657267,0.6304046001916747,0.8439735819114107,1.0
0.11622978757722591,0.25290380503717325,0.048479432959795565,0.8959797641896723,0.7498443827340985,0.8896538989691466,0.7760531688820368,0.6530692191261094,0.0
0.28321294486430965,0.4075528928678184,0.19870258458988227,0.20922867553331892,0.6155255883606245,0.01929719651161066,0.04669777907412803,0.8848526068025578,1.0
0.543280423954175,0.8407033905909124,0.45016191824972285,0.6753725572381886,0.3585307713575079,0.909688366870913,0.4417917413225551,0.9550094016923046,0.0
0.46881360320724647,0.42424170828738544,0.4666331138871894,0.45217698110254395,0.4610919688754855,0.17834565744763492,0.747031126296929,0.9030833883432352,1.0
0.5190032322897897,0.8640355045482371,0.28089088731625345,0.28303022505308983,0.8816082944931387,0.8261827647756721,0.1902162590107921,0.9018231615024038,0.0
0.5991382329158734,0.5330702206610434,0.11324805939531774,0.2503624433122743,0.8873906765490485,0.9849945772482136,0.9120630026251094,0.47459792762697284,1.0
0.4928228522675903,0.9005445779268872,0.41080673652082966,0.35820673793060454,0.2548368711828663,0.6100853101792798,0.8255627317804909,0.7265141058723903,0.0
0.9368125017243831,0.1507605349043285,0.6756453515427469,0.6452042747751392,0.3654790225802908,0.6561142322296105,0.30901204216842365,0.4160473885299354,1.0
0.36241837035716484,0.45498989369129533,0.8453530815406828,0.372764159164676,0.8977078492128394,0.33899335261894503,0.31402225092712194,0.6280613843825222,0.0
0.6305989392656357,0.22809357374685219,0.39184428680356975,0.7174149203287921,0.8960768529067926,0.9348301437082285,0.9342689278719947,0.6798507064604962,1.0
0.6875171111860997,0.7385672880528936,0.19421700069988584,0.8353333483660538,0.5631331155133831,0.7061767901978722,0.5743455977332389,0.6905326292065905,1.0
0.25457412512760436,0.13130157681776838,0.8825608500084634,0.6069318526987934,0.18428321334132158,0.14806685796635133,0.9333680570023751,0.5399796963453422,1.0
0.10654326450657181,0.4702520922740229,0.15694317022296056,0.49693319237947187,0.6098432364995057,0.5421374874512642,0.007888662027584481,0.6490643315796844,1.0
0.7307747202254751,0.6848703222816099,0.41414273532799917,0.4161239191363437,0.5754455854313584,0.5845516838121839,0.7495370640443352,0.019496842765030997,0.0
0.41432044449820987,0.6681897363227689,0.2853448994026827,0.1258175036575936,0.858911788226791,0.4729554846199723,0.45409808742030916,0.7819849239529783,1.0
0.4320224307753039,0.1510692724147945,0.8602122580313096,0.06367807340654275,0.57759424462875,0.6841106474829306,0.7688512021334222,0.6153107559360685,1.0
0.52802520464448,0.4760153694470386,0.9452478598827438,0.9837628048934157,0.9815546443462244,0.15941378036900178,0.6065161048377016,0.36022984137144687,0.0
0.6394139856488881,0.3665725676501491,0.9835508250322483,0.6168932407140896,0.5859020574380277,0.27609049309899125,0.27961165048543685,0.30335377034532884,0.0
0.6008286589286965,0.9386791025321785,0.8339583135456834,0.8973791336112618,0.27012636705721776,0.5104679802955665,0.8275311471311304,0.8042631006914578,0.0
0.29214737161569926,0.5481128784689168,0.7350589755984449,0.0173795050078856,0.5129561655481151,0.613295982494381,0.7794708112838035,0.08564291572483046,0.0
0.11753766583259584,0.23287834149288789,0.7443373715173515,0.9299174571003739,0.08861136332399538,0.6358248100975672,0.3597566565273553,0.24653687663779478,1.0
0.081468877272737,0.09535688516504315,0.23742473839179068,0.8872309861508851,0.7238678412741034,0.4215032801811687,0.8390382932622192,0.19957675714962025,1.0
0.5338981881774173,0.17318926644710814,0.3384078153744602,0.7849122774438893,0.21566244664835166,0.3911547065452933,0.8491662152589692,0.4170117287778467,1.0
0.8445139680336515,0.07383525256745893,0.805502036779294,0.7270351540168535,0.5682540246896809,0.7457570416182935,0.6936539022459269,0.8247692918058585,0.0
0.7030784748176399,0.2501538378222829,0.8649106199587921,0.015014239081270864,0.7637573357687281,0.6564806128664602,0.4646143589316221,0.5171955952071373,0.0
0.057412141354845236,0.8215667088050451,0.07113764085932611,0.6374089249261518,0.3608062592899395,0.14176198046111432,0.9822450935455644,0.9785978142732359,1.0
0.6790668381499333,0.7337188083528495,0.7673022769372486,0.8268490577800297,0.9817265795351489,0.04866442186674247,0.5433001375057294,0.9327328919205458,0.0
0.29561178989904136,0.7696884538542281,0.8356011085682691,0.5047423369601982,0.8448945596840638,0.9505020024917068,0.2881161715071461,0.24262450574436728,0.0
0.7943216860540385,0.5920531548832292,0.6633201439249747,0.5354833660737143,0.45945407393531523,0.65612643607414,0.5143214300595857,0.915395604542151,0.0
0.6281773748203989,0.5339996187901418,0.7210156251243637,0.03743120872357614,0.4894087392958405,0.9654283655550202,0.11479978332430513,0.42337204030058745,1.0
0.9714821523696738,0.7765534168986401,0.1230721964901706,0.3336285052214386,0.206978392947261,0.47869606696620914,0.9199024959373308,0.2271750581771385,1.0
0.2583645844608146,0.8296435263079931,0.708774520546346,0.33995498142353675,0.5249359090356718,0.9009777401875785,0.06720363348472852,0.5084990298253685,0.0
0.15557967923290955,0.5294890779128175,0.9719838713186348,0.24734988612714237,0.2574151030204873,0.9335758007313818,0.8540889203716822,0.14660888960012802,0.0
0.20936637145228082,0.4122556314730681,0.17469183001316463,0.7394225578350759,0.7447006549987768,0.4630597585124469,0.16540272511354637,0.8805576670467351,1.0
0.2606657073790863,0.499443582268326,0.3937781260993753,0.2144873864421663,0.9922990016615095,0.6899284324108642,0.5310329597066544,0.7690834350183033,1.0
0.6681485749698101,0.24911241284071955,0.3768572312430323,0.8797924423439902,0.7161419017199356,0.6058906365737547,0.33474894787282805,0.9670999113173705,1.0
0.1439806826646972,0.6059415644576492,0.8997117680050812,0.8035754883533999,0.86134700607239,0.389129929557287,0.82668611192133,0.6059407359991466,0.0
0.18341918108250937,0.36902468148004985,0.16111436262365397,0.58772905555165,0.47291012512530306,0.7494699286658757,0.08466186091087124,0.9180844218626021,1.0
0.12047468817847845,0.5897881949182283,0.6229628890694171,0.3808383217647706,0.5891696220238364,0.1784308190583726,0.1772457185716071,0.9077158888599948,0.0
0.9567646752960103,0.4463242715467191,0.31614518360197663,0.6905417217682193,0.2788358926381491,0.8512468084293546,0.37300804200175003,0.961718942743027,1.0
0.5340642595339815,0.9620226315479297,0.8593741460357753,0.981410537848632,0.45307734801645694,0.5144076996708146,0.029894578940789118,0.4849514579290939,1.0
0.08278524479873006,0.21725670130296248,0.3979007669029865,0.48956600978099535,0.803231320223452,0.91013592960398,0.9632201341722573,0.2415718162602602,1.0
0.5118053919602363,0.9018384615262092,0.13713862887106126,0.7034764050398522,0.6540220894264634,0.8501999308095076,0.7822117588232843,0.1566581984757256,1.0
0.8960162505862903,0.5675110447326938,0.506031010409144,0.48363639739969305,0.15013232110913055,0.33128715540057263,0.8194699779157465,0.32996022617404464,0.0
0.11558672532752673,0.44635002179479755,0.7499818263147533,0.7778443344108257,0.43704651430590985,0.15874681373537397,0.3988416184007667,0.11759116640995382,0.0
0.3992533155907578,0.4661084260651974,0.5698230334082743,0.4328001581088484,0.8270610598106272,0.308068545280508,0.6468352848035335,0.975867322784768,1.0
0.7708000394751084,0.30953178615932125,0.04940721948983151,0.48698427267940114,0.41365324599308756,0.09716143882265799,0.5008983707654485,0.32370159962126516,1.0
0.23762158227270513,0.2411765580360153,0.10643120291755304,0.7019897574116839,0.670980524094541,0.7897779006416039,0.4300829201216717,0.17559077300580767,1.0
0.2004319447008912,0.2698941903723804,0.384787856051678,0.14197299150695514,0.35760370106414086,0.332670965249818,0.07204383515979834,0.8593588512598935,1.0
0.022480384479066584,0.7954065804891697,0.7416203392456621,0.275802846755121,0.4222478827826543,0.506708400277611,0.6502612608858702,0.5562609603061884,0.0
0.8983303727002035,0.45886968622393576,0.00041096406492008297,0.16589968842476105,0.4537316569298637,0.5071448203700206,0.9817909079544981,0.34155898061651097,1.0
0.5623481216427588,0.2729390908410349,0.5172464293351402,0.9448274398436951,0.6562657375090942,0.5480579438538256,0.5009100379182466,0.5161712441572817,1.0
0.529781687794339,0.9957190876235813,0.7545470029868517,0.49223316810604967,0.62414065572048,0.773635663241808,0.17255135630651275,0.020446180312456208,1.0
0.31297155245414204,0.4993235914216101,0.3783832901852018,0.5240785716085851,0.7989109179375631,0.3184465885479123,0.04140505854410598,0.9321636227854346,0.0
0.8799163488495977,0.011469744520373748,0.4489709449202029,0.6635175770084267,0.1280158307733209,0.724122808879305,0.14475436476519854,0.8498071319504178,1.0
0.5138932219541028,0.9882082446454084,0.6168021424254467,0.8561596793255437,0.5566194782403813,0.25894037732164876,0.08290012083836817,0.3111018316630326,0.0
0.05694576204998908,0.9851750247016554,0.6786001009236476,0.29507859681049886,0.35966135135751853,0.9053658181987975,0.8058452435518146,0.3454021723910304,0.0
0.10781771625886338,0.8862717728966162,0.7151740455366224,0.8759628125866316,0.35691171499513646,0.7050235268898449,0.19636484853535563,0.23161252358757906,0.0
0.18114724003200455,0.1887312666945229,0.34701046857332063,0.33951487642440553,0.12788900203828102,0.5912200236436223,0.8090678778282429,0.5093141765517794,1.0
0.516057720673284,0.36324998924860774,0.18459317210665643,0.11787837025855841,0.436792060839585,0.8821281064090347,0.31143130963790155,0.07805988411247355,1.0
0.9184690449358317,0.8906522352011731,0.2796585257400404,0.5755334515612586,0.5201445423048124,0.39469833157527223,0.40027334472269677,0.18231114934021458,0.0
0.5405312267208282,0.6392730041301273,0.6615996132852027,0.6221442584071595,0.8319309648376618,0.13399131510751056,0.3994458102420934,0.2717464143545838,0.0
0.6388550202362988,0.9712871460601854,0.4487995551294099,0.7818753141949115,0.1775108772886882,0.35564178426574244,0.08347764490187087,0.018376641128736493,0.0
0.6198536449744579,0.653865430796341,0.7258010084936111,0.45019770238131557,0.20046847032340265,0.09705505313447788,0.7151339639151632,0.820519360151494,0.0
0.9219440748074528,0.28447865304434294,0.3130033911831361,0.8956585061101376,0.35065783783009297,0.6256961497401112,0.15527396974873953,0.6490101551612624,1.0
0.3338198746559193,0.8541752832660021,0.6902105653581436,0.3953914984659993,0.1605070708346445,0.6505108104838453,0.14608275344806032,0.17564828335767108,0.0
0.9892616032412036,0.5560253722238179,0.6171520853574219,0.7371013289367048,0.7337373987161111,0.25498606639315907,0.6342539272469686,0.5308155467984237,0.0
0.5283822845900638,0.47786381251270915,0.9865382074538109,0.815205243059194,0.3012843134081322,0.0345841035904772,0.9325446893620568,0.7003502297080142,0.0
0.8403730609975317,0.4855655258864323,0.3275566660812175,0.4464187417347671,0.6945343183167757,0.5520775188204508,0.045635234801449986,0.03210161162342551,1.0
0.07015480184981215,0.9605930945798646,0.8525328811048327,0.023836235311595177,0.019496070697202494,0.34021373707188385,0.8228726196924872,0.5080372800437412,0.0
0.3873264209447285,0.033195786303734987,0.311516863322744,0.9139362603808672,0.5201787701433483,0.9709373401561667,0.6860969207050294,0.8238249551585952,1.0
0.7790027972146703,0.15776672611345927,0.3356578847528352,0.5761221152098855,0.41391353676520926,0.4680447637017338,0.9356123171798825,0.2503959045961606,1.0
0.06758653219662003,0.8037018769010718,0.05259040015536509,0.9746683627112483,0.1460188778469469,0.21657817995046302,0.21773907246135255,0.4628641488801318,1.0
0.07112974152293272,0.34587494299107446,0.3895055855561386,0.4183456667962133,0.9135977915880178,0.32725909080297055,0.13185049377057373,0.9863517099744621,1.0
0.32017522915724894,0.5553540075084538,0.34480336072563145,0.2554065400292608,0.6549741009355079,0.8460225017669045,0.5805083545147715,0.27157805071579555,1.0
0.8381249960206545,0.7075342571212708,0.03108336919430349,0.576377317747055,0.7030870326374381,0.2535842160780876,0.07590399599983333,0.7409325345228808,1.0
0.9323041684441078,0.3881313655542382,0.03660286332380519,0.32590451658086966,0.40266027251727443,0.3888282823566367,0.7589449560398349,0.12573846625725965,1.0
0.6187280207477774,0.7380273292426719,0.12632196978339622,0.9447918918811371,0.05732685357012274,0.9865712609012168,0.40452102170923787,0.5705376967854214,1.0
0.0782334040065113,0.7214903606468249,0.405158036775049,0.44039177038138455,0.40563013450744545,0.28711268711677274,0.4994383099295804,0.7767831543011076,0.0
0.6610844406525702,0.537568815546991,0.6610923419539391,0.09931172247122011,0.4166700717617148,0.7835160018931877,0.20282511771323802,0.8073436551912678,0.0
0.1641660458887524,0.820347155818733,0.5884156419980335,0.8575017475537563,0.11372796350728681,0.6558306254947863,0.5429976249010375,0.8492795369833237,0.0
0.9664899306638822,0.8775472171945821,0.19422602121519078,0.988282967087627,0.9431571121468496,0.9898235854682986,0.05655152298012406,0.4950841151407253,1.0
0.5127004794315585,0.9471530578817793,0.14492412950700762,0.5295572023753466,0.8706397315688397,0.5303066560829267,0.19967831992999702,0.9272494048928808,0.0
0.6444521024739858,0.03145591902635386,0.09401844323946867,0.1224009200024937,0.44210109046178925,0.08774749927307535,0.30600358348264506,0.8567167090076214,1.0
0.12085776651534547,0.025563890612946116,0.1429324527895413,0.06325388540557175,0.4500215184318237,0.1680633878296895,0.9570932122171757,0.2709054296440026,1.0
0.7351416540919345,0.06876882489141095,0.7193041149998965,0.27796517095519235,0.7632354275640764,0.8883937193710032,0.6028917871577982,0.450963673461223,1.0
0.9564052077430638,0.4077803976369236,0.020268567271554128,0.848163775299737,0.1830223552892093,0.9615669099653412,0.2231992999708321,0.2174983163636121,0.0
0.5359942421521999,0.39466210630658083,0.713358799486149,0.37374464625134796,0.37445653356371233,0.5020863268125892,0.9768940372515522,0.043945410173831245,0.0
0.927854994768487,0.6208249423805016,0.8475843325322763,0.8691418483083546,0.7290996592605408,0.3277607749335156,0.5623317638234926,0.7817115414107874,0.0
0.4229020359393272,0.8832996102421213,0.8000003183711284,0.27685522561681686,0.10963017483792192,0.803355208282484,0.5887345306054419,0.5159978796183313,0.0
0.8692647018249811,0.008541914767209724,0.28068155829932506,0.7679012509434138,0.34160231921465944,0.4736887764956077,0.7767381974248927,0.16084228494462338,1.0
0.6183929598478723,0.10934962306415208,0.2252160015451612,0.7338163257997297,0.529438063797507,0.5502936351114158,0.0658835784824367,0.32859081301300896,1.0
0.27456370454791457,0.05542249785901282,0.5843500426882622,0.5398971496635545,0.6358900909611442,0.19070098882976805,0.3679603316804867,0.12039000353396945,1.0
0.10752191823558999,0.9168174073800741,0.6919833619248293,0.1868846587992482,0.11717807656528678,0.6233397465420673,0.5576732363848493,0.499881645362832,0.0
0.14661288713726944,0.8409762901272486,0.02964963787937236,0.4859356077839427,0.7905120962242714,0.1996684268501559,0.05967831992999706,0.046889273402545784,1.0
0.37625800379045937,0.02678397453220821,0.6328371696169942,0.30644943501288613,0.4525843610087077,0.22865494531616448,0.15743239301637563,0.9308717235769106,1.0
0.13706882463925912,0.45311808957582167,0.4097648670031142,0.8514243723728663,0.9821282923068024,0.7980815556399803,0.9695187299470811,0.0947312182859581,1.0
0.13665762559345312,0.5446737602848348,0.9789110964542477,0.6545820395245593,0.9617208059090516,0.9039883755727849,0.6596724863535981,0.7300872490381602,0.0
0.6846663079949828,0.8325817092536834,0.05534696350883184,0.29714648015481937,0.11264010197242563,0.37429456472600775,0.5282778449102046,0.4667806871903609,1.0
0.14803245235927442,0.6947427550216965,0.212637423571031,0.36896822038675653,0.10630927850369681,0.0038041505805845865,0.6982857619067462,0.6741380115087383,1.0
0.2855323727723624,0.38421546958099295,0.27124450743476175,0.1890841226616935,0.07747749851281366,0.5631965476915632,0.8935455643985166,0.25925166529975396,1.0
0.9336436161746073,0.8980067184255501,0.7899909954032516,0.08228398312267632,0.25759579416810696,0.969813790556559,0.8074594774782282,0.47580814546618394,0.0
0.8710554073470392,0.1039415400347336,0.4027861718684087,0.5837195637150804,0.0925783432770953,0.28922289101648474,0.9578715779824158,0.3519525181199282,1.0
0.26097476988770824,0.6913100080330155,0.5640292094897943,0.07221595121970636,0.060852851603481306,0.22999842941826926,0.7348022834284762,0.37971501536943314,0.0
0.7978794863142347,0.38172592497811225,0.46269937328643373,0.351771760857714,0.11224157318575206,0.6787282214435344,0.3197566565273553,0.0014527614970694103,1.0
0.2713966760260876,0.831923086929121,0.9923909300310465,0.16287280594128484,0.5862658277220021,0.3900139123827635,0.678960790032918,0.8919213791815861,1.0
0.2270511138984217,0.6045507855949395,0.5438007039185649,0.15924850546019365,0.6785355897881111,0.7329928814444259,0.19841243385141044,0.654150247044468,0.0
0.6014703947298609,0.7260980622540121,0.7857651492921813,0.07162330832153929,0.10051760982492852,0.6909254334487216,0.28741280886703613,0.4095753902369093,0.0
0.8608650991228461,0.8547115255455734,0.6974941008482999,0.7888870171678088,0.01412203471498824,0.04209212098573106,0.09917829909579562,0.8947718922739427,0.0
0.9868803628314264,0.5409458145759146,0.37392184943910967,0.5542885035501538,0.489364428838201,0.21964320203411558,0.7205216884036835,0.3706850566435292,0.0
0.6284262165655383,0.7180817711073721,0.16476103859029512,0.8647283300018171,0.5567030578461084,0.6666647211262344,0.6010350431267969,0.23994402325751968,0.0
0.8668309340532235,0.10828058956918507,0.27212851793464155,0.044622773775684466,0.3462761438333375,0.004983413383478741,0.5135888995374807,0.5961006314469938,1.0
0.6938731872754322,0.5537038678996345,0.6321781413811894,0.23447038178246504,0.8122605709627999,0.62380402323612,0.3571590482936789,0.587275709627733,0.0
0.28501028262904227,0.609153443339101,0.8417767125315652,0.27763436267676156,0.20359487824176103,0.6259306757958498,0.0954331430476269,0.9538925339894515,0.0
0.19762358786288986,0.07590589107273404,0.5793163298388564,0.9550496013455169,0.4452155584364723,0.41776200593000723,0.9688487020292513,0.8368514665973209,1.0
0.25552094409178605,0.042874693983520895,0.8604125665329331,0.4309689074705104,0.053107808139433055,0.09586385178802243,0.6948572857202383,0.05527078207410663,1.0
0.7658773236725434,0.5851972176989684,0.5226563507346148,0.854734577423595,0.6095800270744856,0.11859749173852785,0.7185216050668778,0.7653752675481587,0.0
0.8105407028691612,0.15337723794875113,0.617754868027208,0.8674408517716282,0.14194072375162575,0.6944210390034872,0.026587774490603733,0.9187162022497383,1.0
0.3903783137337298,0.3199078088025497,0.30411579582435044,0.5476426262516398,0.8048071274565107,0.3899934842082252,0.3355806491937164,0.9345490521627227,1.0
0.17146230869959234,0.43741760584281086,0.7382188090478952,0.11737910708293159,0.0470818512325471,0.845517634024743,0.09660985874411432,0.7308598881131938,0.0
0.3441497252659795,0.4478294664601691,0.59384519628376,0.09631932681709116,0.12644559551397744,0.3405015886221966,0.6602500104171007,0.43642272275676286,0.0
0.4686321450476779,0.37842538029399875,0.03707670568658594,0.2845277492966677,0.047786573241471786,0.6854108875272464,0.6194416434018084,0.5967807538690297,1.0
0.31510421640848674,0.33859213571495694,0.0815616422219545,0.7989014618436394,0.31034354667270914,0.2546918476196136,0.6898537439059961,0.9547793602848513,0.0
0.5526146422939707,0.7028944340706045,0.10952789275986907,0.7378319191522607,0.011998582065355534,0.36623472131725116,0.08879953331388807,0.4594718716035553,1.0
0.26345363690965085,0.3481199929704477,0.09276326506571975,0.029630553208535304,0.39617953642240017,0.4956238605323423,0.3806108587857827,0.735584905282951,1.0
0.41313221190068405,0.7011205870844188,0.31951089704779756,0.24713102740243875,0.5819138509183939,0.26356881800990317,0.8593633068044502,0.7814664973028478,0.0
0.17115404206009133,0.2545897826201222,0.36253583665014144,0.22818953430842637,0.2605805147548517,0.11864816422342161,0.5717704904371015,0.4095878924873144,1.0
0.9687777890968052,0.3292118778195857,0.551959229393296,0.25453481909668385,0.003954774677342898,0.2111206737371143,0.50704196008167,0.5630721863268722,1.0
0.7850959712043941,0.5530484311727725,0.6254607758810523,0.35613540590334936,0.4444200928556153,0.04822906297820495,0.22684445185216046,0.48909637068005574,0.0
0.9995256620039348,0.04590021539949779,0.6673175587514121,0.708702486102471,0.4820614286222207,0.5109465832418929,0.8670769615400642,0.41861034986297535,1.0
0.5626290634424417,0.995310800184977,0.8956615566331829,0.7477954294339783,0.45380143926734384,0.6777545668908637,0.957224884370182,0.4740178232081775,1.0
0.22146570440784158,0.7435925684253112,0.5844039004708178,0.444984354917225,0.5864616427982771,0.6794755742704754,0.8797883245135214,0.053082888253218885,0.0
0.5803976374359856,0.5943531564229347,0.2850413855936003,0.02695994620054626,0.5159920952266228,0.6279915337155082,0.7277619900829201,0.05774956158775246,1.0
0.7230839716203683,0.44089335840044763,0.1129206677516047,0.7532231258066271,0.6657017423296475,0.09577895547825271,0.26992458019084126,0.4964143545838251,0.0
0.07623258903653152,0.10091681501818178,0.609470320647482,0.6556192972380028,0.39466740888894314,0.09080403172575097,0.6695720655027293,0.1017808205476986,1.0
0.29499207314355574,0.35225224412084666,0.48799528598482533,0.419548991857129,0.13555338454950056,0.3726979835004022,0.6992333013875578,0.588300894160949,1.0
0.8581188200762762,0.7006050511899004,0.6601998415573018,0.10295538863340631,0.6516648792128765,0.24620115543877596,0.008234509771240406,0.45512358891267096,0.0
0.7340672307786996,0.015202468625844623,0.13716622103552328,0.16734946167385806,0.8195359766422862,0.8668865657957012,0.1860569190382932,0.00016252925526588635,1.0
0.10539641710333358,0.1969617892865163,0.5676212317460587,0.43138540225570393,0.05051524836940169,0.5330949692569239,0.05690487103629316,0.42393714201889676,1.0
0.3063533701343215,0.2814600337567169,0.6193443358857854,0.5751018356278128,0.2639958693101525,0.502118958831657,0.5267011125463561,0.9683418015242744,1.0
0.4417208918827717,0.13012901139753758,0.19321625411958976,0.02174208892031021,0.828334388470578,0.7028194064474502,0.1575148964540189,0.31005581004580823,1.0
0.2606596057158259,0.3962501267602418,0.3834172683438811,0.11435806083211414,0.2766118791295622,0.4815419504502688,0.7437618234093087,0.9562988004507478,1.0
0.4964708510281568,0.20549945659012553,0.9499178337179432,0.45682368343212926,0.5510016020751092,0.8686895511744344,0.48597524896870703,0.5201186213518434,1.0
0.9084013005562595,0.7017439023678016,0.7878396025030339,0.931104334596524,0.03651712373655491,0.33403567342936524,0.005400225009375315,0.8307403665993212,0.0
0.982401741998332,0.2791491480915349,0.8096522697473671,0.46666012301186743,0.8570364210735231,0.9647059510190741,0.9736164006833619,0.9588909337013997,0.0
0.17735571953996643,0.47399755877029554,0.05833832556949964,0.5640161769757969,0.9678258317762762,0.47986100351682964,0.4976882370098754,0.37192111246691073,1.0
0.6263325501981184,0.5318474820770309,0.5784705238743856,0.7441902293506792,0.8649825862554799,0.4755212102817921,0.5706904454352264,0.2666763350736466,0.0
0.22227298098615617,0.3066294411877607,0.30656300856471397,0.6701610667572167,0.7765426274562455,0.481499502295384,0.03219050793783074,0.06659115307421998,1.0
0.03627597982100372,0.6269593416856165,0.8705717892404354,0.14555458137631633,0.5469518385125272,0.8208743577063564,0.9840326680278344,0.014824335046975112,0.0
0.7917876387730457,0.0046860142173225094,0.524472658022183,0.37653569187874963,0.27794676483246133,0.9134102741514083,0.9844676861535897,0.3297651910677255,1.0
0.6098057973229085,0.8005568955713289,0.23339813954524924,0.2269541099678875,0.49926158081670274,0.5142907019439132,0.06450685445226878,0.18938909003620652,1.0
0.11053985394209898,0.6316387192410631,0.45293652263379947,0.2980362403519779,0.06232968997007582,0.04255639767978381,0.9021959248302013,0.6479599661272363,1.0
0.5560289208226953,0.07731339432337109,0.21444311848765224,0.7091025333228989,0.20427970034456022,0.13171742051052399,0.19083628484520182,0.3177546958452522,1.0
0.6051666762170962,0.8381307549813456,0.24143356151699596,0.25385755082496475,0.6236394434181989,0.3511107090327551,0.940344181007542,0.774627766331273,1.0
0.07309394651335044,0.35555942546683605,0.026914299267799424,0.5216488418394214,0.9661828955265542,0.8757099453904488,0.458958289928747,0.4633409013622452,1.0
0.339903763505899,0.09311024238681964,0.5079123184687622,0.09809327626205216,0.9409519372160615,0.9407070907520327,0.6889670402933455,0.06116267594833735,1.0
0.7605603873654185,0.2306271857845888,0.9409456047008558,0.6871869491226418,0.9028308810457906,0.41496414192116104,0.9525296887370307,0.5714061864468938,0.0
0.08258017585524102,0.7688824976360209,0.2984694838620328,0.6702780566936946,0.7428303291550606,0.03532084437869698,0.31334972290512103,0.3257828075720296,0.0
0.1977257244000739,0.7933707180921242,0.5500468801486581,0.11692175866912674,0.35923230938145256,0.6977471172396814,0.9213883911829659,0.20237476079027555,0.0
0.5545387885386358,0.037220258065269685,0.9013760530788345,0.772222185377319,0.9572069765356227,0.05950196641077504,0.6600766698612442,0.5145317823874964,1.0
0.9476230572834758,0.8231305718094779,0.3341981531290841,0.045327100944275944,0.18528961792710902,0.05864504428403755,0.2629376224009333,0.07166873370540028,0.0
0.02298178202524287,0.21949352182160964,0.9629540701891601,0.512795542179382,0.18368780815004632,0.14401756929130682,0.8872103004291846,0.7925351563281391,0.0
0.5520169445841637,0.6607372959691039,0.13203646622904786,0.9704710502963878,0.6067913868960976,0.2651537259929154,0.4914096420684195,0.8538536936648597,1.0
0.7079189508110437,0.5921317329598397,0.9799877214868145,0.7429887612728823,0.6760512855074026,0.9919237079312255,0.3483628484520188,0.7624063998186341,0.0
0.40594206497263274,0.870885866936522,0.3244419352082917,0.1059926171656867,0.6918441163406885,0.35001183242317413,0.4756889870411267,0.6441042721023118,0.0
0.1500900393265462,0.27217162726170796,0.6298909101328509,0.7990518774762538,0.8408660226880157,0.26312894900490913,0.4689845410225426,0.9635334360184833,0.0
0.9990757306609109,0.4839753817009711,0.6218265694502738,0.28806530213778553,0.4988442134522304,0.5039596169478503,0.45847410308762865,0.3229522980803211,1.0
0.08399496586252053,0.5441202626843863,0.6836322219174114,0.8543788325147132,0.6325646839815308,0.3152107126408483,0.6671436309846244,0.2835885459382689,0.0
0.5567804865625458,0.7081358041537008,0.13307515203547926,0.42332450382074277,0.5843355368278276,0.9566291283483636,0.2480411683820159,0.7192327952364759,1.0
0.7371313268942216,0.5052466794125969,0.8508839839689524,0.31526851312688103,0.6614659809778124,0.9235285877711111,0.016024834368098595,0.389173384542551,0.0
0.446575693520352,0.7182046820853134,0.22558106710573583,0.8689513748970369,0.5277142012628746,0.5847891281785709,0.738926621942581,0.6971338174204691,1.0
0.7608155960635252,0.5222421086108298,0.26696161982985184,0.2198301921579603,0.7777329071746326,0.4776611278899235,0.5293962248427018,0.26349159515379433,1.0
0.8292884611711373,0.20898688967266388,0.5159251891522466,0.7446390886987986,0.4078785585675464,0.06951707795391404,0.9578165756906538,0.4292530988911337,1.0
0.6886183287597388,0.24555595847467204,0.6526655888035242,0.4985408091936581,0.6280166267695659,0.8998093547243735,0.43437226551106295,0.2584698579077567,0.0
0.539291262630443,0.8049896547714679,0.6780803600565215,0.5616347287677192,0.9474225906918322,0.6594729424848725,0.7476786532772199,0.7869516512972335,0.0
0.01934492543236921,0.1011230824692842,0.07074286066010005,0.004657578944994856,0.7162095614007623,0.743405148536706,0.16840868369515394,0.40013119028091726,0.0
0.11300253829191637,0.019010054277275423,0.08177786927999836,0.4323839286069576,0.8332393173323938,0.1151835988819156,0.35198716613192216,0.6689720816413621,1.0
0.886042418762986,0.9589671124202737,0.5474144815352705,0.8856032078056959,0.3688317587643166,0.9929570552017031,0.7155531480478353,0.8750458415848186,1.0
0.172082025455078,0.8504988380532387,0.9507885787541395,0.08600219389291308,0.7469469564022244,0.20454120972996603,0.944238509937914,0.22834943623185505,0.0
0.8621154095118033,0.8646309458517412,0.2842985196273148,0.543112383291927,0.6694031248689922,0.2892664003752417,0.6917788241176716,0.30802794503010544,0.0
0.19385620873418608,0.7638025311697461,0.9907786455749331,0.07103384882300434,0.19488057668335956,0.20622587087695765,0.2544256010667111,0.027834176818493983,0.0
0.7425326253281634,0.27575914120533457,0.8785032099769021,0.422810650063469,0.9519526053222431,0.7762780608833886,0.5776732363848494,0.6237039333746741,0.0
0.4315690506660894,0.5288341721189056,0.9737831988126879,0.4821391384394179,0.9884710557192065,0.369346171070309,0.37451477144881035,0.276064691644496,0.0
0.2994107385028747,0.6100711609432979,0.2533029678025972,0.7008591199757,0.6705591767488436,0.7138278048148943,0.14274428101170877,0.06969504510811947,1.0
0.3730954851936509,0.8805366351699542,0.39795886963392096,0.4647686530638232,0.06911847661177295,0.11117941137143622,0.06287095295637313,0.7032724223693598,0.0
0.6417365970334244,0.39865790768881165,0.8174359132183978,0.25997657548437414,0.4563011328087895,0.6809395050120659,0.4816342347597816,0.5656168110259847,0.0
0.6371160462071,0.7511772110835438,0.9599584631801137,0.17687525450616853,0.9025732435944855,0.0883067537136829,0.706326930288762,0.8148124995832583,0.0
0.5323650789608284,0.4100161562896706,0.5659479261570005,0.3153149377048485,0.4405507551085712,0.03634649792110162,0.5482928455352306,0.8444886746280997,0.0
0.6386862959826649,0.1382395431428151,0.39710934933961867,0.1932960256582011,0.860357317407748,0.7614188189649866,0.8781415892328848,0.3836557246971122,1.0
0.6188577474144865,0.9186191283461385,0.9488703927054807,0.8543626502332504,0.36011559988134345,0.5371434620290643,0.09069627901162547,0.34170734065465114,1.0
0.47939494845951575,0.24297350060552897,0.28288654367282484,0.8186425188119022,0.06899721985044821,0.07337455402907272,0.7797758239926664,0.2118122928793849,1.0
0.026489973110235376,0.17393204164425685,0.8134501720000021,0.2838045870135865,0.8976396588678492,0.19000351258481674,0.645972748864536,0.4774984497209498,0.0
0.3036527209173506,0.8943053193641334,0.6307364507880482,0.006725197006012706,0.46368479397759854,0.7413538414518968,0.700334180590858,0.09038960346195646,0.0
0.26899553888828764,0.4820034967244091,0.5086713683007419,0.8526184125181885,0.048671455733852786,0.5553038438926656,0.25999166631942994,0.5744192287945163,0.0
0.5651450710233604,0.27831266322869874,0.7613259202384812,0.40001220303192286,0.8148953185338174,0.8951923219777445,0.8479911662985957,0.6572958132463844,0.0
0.27074777740283507,0.9289667460765381,0.7266107323968624,0.054432685025155525,0.20762606855862592,0.3600614330921571,0.35208550356264845,0.33130213438418915,0.0
0.5790003565493662,0.11658438090828821,0.7274724569177535,0.5379887015841393,0.5646141991932844,0.5917742373658373,0.12081420059169129,0.5119588192541324,1.0
0.8495032715526664,0.9191906776668894,0.5466843504141212,0.6154429368983871,0.21376452626814135,0.5023725865570938,0.7906279428309513,0.5967849212858315,0.0
0.7311524927682026,0.03236567263629975,0.3717863750953123,0.6710070552094345,0.9908149993287099,0.7546801743770204,0.640359181632568,0.142954065065045,1.0
0.002333488262522221,0.2222235790508723,0.8107506501403752,0.9233872433218244,0.34500069251673315,0.5722101480803884,0.3615517313221384,0.41899875310889295,0.0
0.8096121888947607,0.5475068185064113,0.5597590567300208,0.31906073793856304,0.3877971652981722,0.6518850694982417,0.24214008917038204,0.554643169103772,0.0
0.3023716369223848,0.36577961928921876,0.6638305989675224,0.1128936970013702,0.6661071697504446,0.9099228929266517,0.38210008750364594,0.75901995692558,0.0
0.10604133638098157,0.034657444715279206,0.8605558335407167,0.836308795069975,0.9564027549960704,0.5464223633859195,0.01582399266636103,0.008638221546544977,1.0
0.9882229940384097,0.10206761218745963,0.93279901814344,0.7968691264618768,0.1570742043619533,0.9734144552946645,0.3148922871786324,0.23805368299627266,0.0
0.950246241906011,0.9059717745425083,0.5535842486945457,0.5607502742366142,0.08373296767034716,0.669122203993098,0.9000383349306221,0.38883749074833474,0.0
0.17495033776685498,0.0529902940147397,0.7378773560126776,0.37977533157096793,0.721714936763405,0.24964051718831914,0.8051743822659277,0.07748728104392122,1.0
0.6987317029689102,0.20034144298019035,0.3262985695054582,0.30313206731298525,0.7037434642074982,0.2830954998588599,0.9923280136672361,0.4313126362745294,1.0
0.45388309849888475,0.5197541568067993,0.4849296373275291,0.901055164336374,0.04751009721236804,0.04110069126820226,0.438261594233093,0.6205675354897215,0.0
0.3361538934978554,0.07889929104523175,0.8498365429564898,0.7119702458247724,0.39601556119592596,0.7422372936754372,0.5452202175090629,0.2046668400312056,1.0
0.18436016367313768,0.18386632807302655,0.6473803627626761,0.6860629437692247,0.012513856967965364,0.021775903455916512,0.7002350097920746,0.4323644922752762,1.0
0.09825481819165804,0.1829982526996613,0.06836303647524955,0.015011055681638852,0.7077595305957076,0.7666996347336272,0.6197508229509563,0.7928518800050677,1.0
0.5567006343607473,0.36952190018779096,0.5136870401195377,0.1351751068760106,0.1183964814843313,0.09505654094230653,0.13237801575065627,0.8546613390410274,1.0
0.40775425896095574,0.3239551106809374,0.2733876757474956,0.199407357101833,0.5661417159874784,0.2581810859511464,0.3239718321596733,0.832075606942583,1.0
0.19722459214360455,0.3724069898384742,0.9661921698743442,0.9270834355779396,0.46417088235122433,0.9112655811258524,0.9450843785157714,0.44144946090296255,0.0
0.3195157189457175,0.4743490363832422,0.9621931631922649,0.7268372526730609,0.24152569130947216,0.9512509471244559,0.8734355598149923,0.29284854607162625,0.0
0.8553152384530003,0.5895394528311202,0.445212839058619,0.5095397202057007,0.46814821025550946,0.7381001903799747,0.02590857952414677,0.49397974968827724,0.0
0.8025942149865339,0.6132915347519508,0.33392117024736906,0.3937889220345638,0.22706960350365707,0.05781969297249573,0.39163465144381016,0.9953483293659526,1.0
0.1424085758611835,0.18862030170795813,0.4856759523143724,0.44429488361358305,0.002865851814154996,0.9130964231062286,0.7114554773115547,0.008021443859894783,1.0
0.8941520598154009,0.2413355724545614,0.7768077775944195,0.5537611203444438,0.6284270954999148,0.7936889675123047,0.15273553064711026,0.9846830762870651,1.0
0.3487617868216808,0.9537549436494313,0.015014913034273158,0.5639365919849956,0.6315909152417891,0.9541321156372635,0.2902587607816992,0.24542667680182434,0.0
0.6940275858848898,0.1485476063684345,0.5104009194558188,0.9145318213953636,0.5267258392586409,0.977648924045394,0.47167631984666025,0.20558700566101895,1.0
0.5746639309992084,0.24193074829159045,0.7685282710908934,0.42788923360980274,0.2974428355296639,0.4921635400063248,0.2327946997791574,0.4848389376754483,1.0
0.2561358856325462,0.3763308498059705,0.8597869672656111,0.9159354353497959,0.11555450955752689,0.34329494251458625,0.6033584732697196,0.2973251852000027,0.0
0.6492965578129941,0.44186655849792694,0.4547976671886184,0.574049456766117,0.5806606874966502,0.21050942030677283,0.23616484020167505,0.1305643349136178,1.0
0.14516626236515323,0.5308403022707471,0.6660557478458213,0.5031904296395728,0.765930936181797,0.1796429791813024,0.5451677153214717,0.31819394157615033,0.0
0.56931489463754,0.3508588105933865,0.08895289327722217,0.002030478398643898,0.5675877758325988,0.5543079040586804,0.52350014583941,0.17130916898375037,1.0
0.22470091238436024,0.11058218390774083,0.9265905158302083,0.47031068653992314,0.2096903521540454,0.04410787774082431,0.9732122171757156,0.17082908256819562,1.0
0.4832901972269798,0.7059380072068838,0.22265921607477052,0.7738149463265558,0.7212344203634944,0.17438073448042402,0.11533980582524272,0.5061236022484047,1.0
0.10522875400852755,0.3812568457167249,0.5868288272321929,0.19249009498468655,0.31962539355381014,0.20869423108351037,0.7312838034918121,0.2414367919558854,1.0
0.8834009291506697,0.5672742486369623,0.5300051523060947,0.3411124124730903,0.9785280012905753,0.30476183401497997,0.07981665902745944,0.4945598541070726,0.0
0.03184962106018263,0.2438670607604977,0.2897240942739361,0.7128013784120406,0.3618333597780975,0.40053654467774424,0.5072519688320346,0.10175998346369014,1.0
0.5007345871986044,0.8595692965722437,0.2784301438029325,0.9349037220573782,0.8862072954647848,0.09950351576842836,0.8584174340597525,0.8935658418515333,0.0
0.40834744674574425,0.29073224679674875,0.3312211177691947,0.02115262942177526,0.9227443191074653,0.007312755882783628,0.6581824242676778,0.6803507964766992,1.0
0.22642503018996868,0.08464956036097065,0.41889336318239534,0.24524645482026397,0.9084299186332638,0.49424349959568137,0.18543605983582645,0.5620778406779887,1.0
0.6855547632236307,0.7613565230687711,0.9125461041190326,0.47167132459932276,0.07387375817952474,0.010668547827397346,0.05201550064586019,0.26035102985204,0.0
0.011039765865916262,0.5330439394800148,0.672660622213921,0.4890725828380273,0.5071973980474743,0.8546951904118107,0.32166673611400476,0.10170747401198876,0.0
0.5089877499824909,0.5507062204635362,0.2890154532039544,0.8069069160683423,0.844065662260916,0.026060514089603803,0.7008208675361474,0.27804254765857855,0.0
0.19001003856251186,0.12857629798505632,0.11805625936210096,0.04683682821977664,0.5538796591650211,0.22361236981681498,0.42157089878744947,0.1130945236809292,0.0
0.3838670431658188,0.9008185393291237,0.00948852086365598,0.6994764634021787,0.43099694284375495,0.510287310336338,0.7887303637651569,0.7064779993732205,1.0
0.5350153231334747,0.9453415146561386,0.7233431833823005,0.1501370851466553,0.5571758796156505,0.61012298291674,0.45755823159298303,0.9290939035693091,0.0
0.47189759605079135,0.2537923213291162,0.9710542276236832,0.6289267566065491,0.8167966882310893,0.8404819563505623,0.4778040751697987,0.1922921125802644,0.0
0.21426202770473474,0.6827606602045047,0.9853902142266261,0.5275760666709997,0.5778250835398059,0.5656497857429382,0.11869411225467724,0.8753483960446213,0.0
0.20544485900382659,0.5105626455751782,0.12345371122571291,0.7471972155864551,0.39904618423280025,0.6613417225036771,0.15402891787157796,0.7246771085462049,1.0
0.6865832914175597,0.04485374655490881,0.09369768432759751,0.7338391401637594,0.9128020606750791,0.9558441027839624,0.058510771282136775,0.42556910243843893,1.0
0.11747585333087152,0.19167263523791367,0.746229822566464,0.7314659157380645,0.02694367689769478,0.4791377930779794,0.34336180674194755,0.7131475332226468,1.0
0.10145739553421923,0.00042925929013198916,0.039332365131357294,0.18799274715450498,0.7382321241796596,0.7742660183418477,0.764909371223801,0.36758616550979173,0.0
0.3368441773153955,0.677915366102161,0.6156772311050714,0.9541956543942189,0.09439003073076169,0.7310373480090755,0.33704404350181255,0.5261963820154294,0.0
0.5321061562068241,0.05859216757093394,0.817300074870277,0.9804502122929629,0.3131711906671032,0.7631517648881598,0.9990807950331264,0.9196722076640462,1.0
0.07588293720274292,0.22482727423801824,0.5389009722523643,0.8232300629649919,0.1612019755565473,0.32641543372463455,0.952264677694904,0.11008064784994631,1.0
0.41324628647468187,0.6188217323598855,0.20755834283582714,0.01965483989489475,0.7516374969420478,0.014617022134590374,0.39940247510312926,0.5471368179605662,1.0
0.9935624799706271,0.8332167050619679,0.7198655094229894,0.7126788175262067,0.3036386049688208,0.5930418453910855,0.41961748406183585,0.29010055143259117,0.0
0.7795347030771484,0.09671607351722372,0.06186189803315617,0.7733605160290804,0.08309961999139265,0.026925395245382122,0.23567648652027162,0.9175501590286252,1.0
0.40792961545726397,0.2711288749477694,0.11592715244087187,0.273620095740744,0.7396192803026485,0.0805809242236763,0.8795858160756698,0.6583951777986704,1.0
0.44583261705112454,0.2320721198082057,0.20448951046724673,0.4517801172817481,0.7917243985054374,0.5691843905400042,0.5147639484978541,0.35086148840124554,1.0
0.6602121680960477,0.8814673606314278,0.028955058200895334,0.8129524572529119,0.44247520869694884,0.37285318456669986,0.30522521771740485,0.7779550319057431,1.0
0.6685711814730159,0.3520223501534661,0.6280727456803671,0.2454958211247747,0.10184798488243929,0.044880964761664255,0.9632868036168174,0.3554798197008795,1.0
0.11950478900979028,0.28801466649181273,0.6955913027375141,0.8108843086252886,0.6880639301730868,0.8324977237176944,0.3070069586232759,0.7236144172617738,1.0
0.12864746818115258,0.9330705923141084,0.6457200573280278,0.789957700577389,0.008900034015572822,0.30152197859339547,0.6362581774240593,0.21047371860268177,1.0
0.7053138058885826,0.8116255202479243,0.11910025135400587,0.5930368438714915,0.6726709547868825,0.1967808911141155,0.5358881620067503,0.3674103005207604,0.0
0.056980515001602394,0.5676695282182899,0.16604672733051645,0.4678334710595813,0.576395739615831,0.5487113801380838,0.4774782282595108,0.7109921452528122,1.0
0.7428416878367853,0.46836966949954784,0.5447470620977579,0.06302441534876135,0.5924281653188681,0.9293344341554834,0.5825576065669402,0.7036574916818361,0.0
0.4780520519628255,0.6788129082542552,0.6875327988589579,0.401180510696886,0.44504839922501804,0.6061222443188451,0.2292012167173632,0.09108722903455951,0.0
0.760751926533852,0.44990222869724444,0.40617284474684984,0.49026688826665216,0.5817535903410631,0.5712455137606306,0.1502212592191341,0.727752662145853,1.0
0.019767531935574956,0.20256047724501014,0.5929062667642298,0.31664984328388895,0.8759063080579761,0.02212875374339668,0.6326121921746739,0.944331646363012,1.0
0.8066035383279957,0.9899704111066925,0.20901621729466258,0.5184134466800457,0.595987329862436,0.7314825230334301,0.8170765448560358,0.10944970094617029,0.0
0.8765437208048678,0.33343783863567217,0.5226128400137324,0.1219215530745672,0.3841021507287876,0.5703795714009802,0.5999158298262428,0.43271288831989757,1.0
0.9408783317734299,0.476033421167341,0.24598255432340033,0.6909247908572762,0.7168821782278045,0.046417057366558934,0.7774307262802617,0.8083104958892601,1.0
0.6804680983821573,0.2785552995868811,0.8368281639590086,0.12470835416912612,0.21899873224331373,0.4475178972033033,0.993672236343181,0.02595217139085032,1.0
0.7861913524044799,0.9610048330826444,0.7662760606666797,0.5851703980973881,0.47201197602883843,0.6562548417426666,0.6710254593941414,0.5205278616817693,1.0
0.07041266344498853,0.2959037991969108,0.18164850447815523,0.6392062193017478,0.5686849239903186,0.9881460874474439,0.8689778740780866,0.36652847512552256,1.0
0.2776593701385661,0.07784087620926611,0.0750713814600818,0.7421032456085666,0.792387728709621,0.7132688156752547,0.7497645735238968,0.8364864008854928,1.0
0.6235631909470418,0.9928608100868765,0.7520663612780054,0.807869894457038,0.028269541309817126,0.753639398679438,0.14835701487561975,0.39727317583831756,0.0
0.14099378585390393,0.41208228186487006,0.26527213037509956,0.829764521276384,0.9774502223748176,0.19377423524342957,0.010422934288928654,0.24084418528668494,1.0
0.5076172633562757,0.5229232955857703,0.7089090323480984,0.5992330659719781,0.8013915075691282,0.0004014003646296005,0.5181049210383766,0.4924544751388583,0.0
0.3519980559570274,0.3416888021462433,0.08919538595335968,0.07784658931889837,0.6853920361106349,0.9384570732421689,0.8805683570148757,0.16043971248158,1.0
0.15720059934250602,0.7660579343416457,0.8661870228744349,0.46142926684980057,0.9500621142403198,0.008232819639912292,0.1202558439934997,0.1275562934661572,0.0
0.8727370787995323,0.36302752834252816,0.4459633989938411,0.121869292263941,0.5075831908942274,0.3380701052502001,0.8038384932705529,0.6179704013389077,1.0
0.6361159040118171,0.9437619891296787,0.19365746344170864,0.433587518951176,0.05962569072574159,0.6110831071200413,0.5919679986666111,0.8670027271575551,1.0
0.7486005967957248,0.24910338698056833,0.2274777631032271,0.7441684761198604,0.4997182173292628,0.1853551743239601,0.5375665652735531,0.5688757309649071,1.0
0.9391825999664674,0.9795298801100305,0.8757217075517101,0.6836722106455536,0.8342133514042169,0.4804231762680856,0.9446901954248094,0.8214745320824415,1.0
0.11765518917278428,0.20807793246214312,0.2512141878909664,0.6011019868392954,0.2089397276949912,0.43117005155328414,0.2791982999291637,0.3667993572176325,1.0
0.4475994464995554,0.9235270725365905,0.3744763458210871,0.8738418725817769,0.7144811882207415,0.7033110091412103,0.41785157714904786,0.6055289952191395,0.0
0.43295147532911843,0.7634189321133201,0.5461083639809763,0.9371580995634763,0.7705057919340108,0.04831873470539916,0.7366348597858244,0.18067585498723104,0.0
0.8017108002623186,0.7639461485327401,0.40160952523966714,0.8128925032265082,0.43687139513200535,0.213966822522142,0.33298304096003994,0.2810647583231648,0.0
0.6027039918672787,0.45248840309703803,0.8362654429895473,0.6688699329231169,0.07948526637483672,0.296769642353071,0.7764223509312889,0.8549547251838665,0.0
0.36390107452942916,0.3692768746313334,0.39851283539735105,0.7770033863413586,0.30640654924483834,0.10379184061566799,0.9223759323305138,0.8007249638268221,1.0
0.5510496983125452,0.4046980663952891,0.25381925964916563,0.37989683132359126,0.7638220767966564,0.7470917707884532,0.12384016000666692,0.36321037786801624,1.0
0.9547378619347473,0.38537741634222233,0.7861291536156614,0.19153454452846558,0.25784016501532825,0.07296439873249805,0.8859460810867119,0.5457999106505838,0.0
0.8637856735068965,0.9337316038369461,0.7469671170380023,0.1185704943952271,0.06652512084549655,0.5360350345846342,0.46371848827034456,0.4598144332646543,0.0
0.2829412882043707,0.839804521106443,0.3540867975207379,0.2503788908770399,0.16504929074081248,0.9710848474943916,0.16778615775657313,0.930313289725484,0.0
0.778808870438874,0.8985241125853938,0.4792437942834341,0.35851154844537353,0.37825502764494956,0.3238292798882765,0.49322305096045665,0.3209519380155095,0.0
0.5064616613927073,0.0993975503815549,0.09307500346228598,0.26797513234320763,0.8740590661053655,0.9831380010739383,0.7109737905746072,0.9046586718942743,1.0
0.8361061413506006,0.7790039379296906,0.2788708225065041,0.34097207760597736,0.6212044909046815,0.43837244223336724,0.31283470144589354,0.6613557106945918,1.0
0.178061124870804,0.3290958689699953,0.6060916070472511,0.8827901436641725,0.09711817519452814,0.5702283498492029,0.05601816742364257,0.5216088896001281,1.0
0.8007273713185747,0.24024636350749168,0.4825503437612259,0.9217090611491277,0.1428184422778016,0.4410599410395129,0.4731597149881245,0.13481426656798223,1.0
0.9248174276236621,0.5718920379702008,0.07900857108139525,0.901775143219823,0.14509286888190653,0.6564575316822416,0.07579149131213797,0.8514790995712562,1.0
0.5400982739190506,0.36448626662284694,0.945264043748438,0.2531556112060973,0.8275577614675199,0.650736051005703,0.9305712738030751,0.536245690891027,0.0
0.7966538478680258,0.7826530400955254,0.5589734759706738,0.11907161455397253,0.4912679211921264,0.20418835944248592,0.012328847035293133,0.26643795883258986,0.0
0.3280906781441606,0.5749632196198838,0.6573037255258828,0.43923354348192295,0.9450200086922791,0.2900145491050868,0.26265511062960956,0.32871583551705974,0.0
0.42713101915816154,0.9509412644805325,0.7628986736128172,0.8288644150304214,0.8509215779192765,0.21836657377595436,0.2679078294928955,0.6119343148433385,0.0
0.38101464823646014,0.9634479210523941,0.7988799173084056,0.45079087584608796,0.16947768318394252,0.38011712507136597,0.3731880495020626,0.9750371733578711,0.0
0.1087488831303337,0.5350798018770603,0.8633418462235612,0.6526462672649689,0.431167551372271,0.3774954209052918,0.31508562856785693,0.49425313223046813,0.0
0.5118555317148539,0.7438160911972909,0.34010632534451735,0.32489829701383854,0.4908712497300246,0.5393611128208284,0.35272469686236924,0.06325721963286723,0.0
0.6367037860024661,0.8228539557424911,0.6860364545554398,0.25375064165398836,0.8281160201673609,0.03093886828974257,0.6780782532605525,0.050679955725363934,0.0
0.1500929575133229,0.323364978706934,0.36082246936075857,0.43540338315795896,0.5780551264546168,0.42981966962601054,0.5862310929622068,0.4470521360511559,1.0
0.7484183427670353,0.18611058165297478,0.33565549696937214,0.5340436735901187,0.2667234831097557,0.3338112288104117,0.23247385307721152,0.09369936588585942,1.0
0.11204086310414435,0.855740739069285,0.9834945794662295,0.6707919104509683,0.3772486230591622,0.4155289676820973,0.44112004666861115,0.6703906703206577,1.0
0.3010855124229864,0.7564472515459439,0.467741576032597,0.07840739822074494,0.10989444559126865,0.2420449504736153,0.16602691778824114,0.3636912977669314,0.0
0.49982862284929636,0.635446039426019,0.39450295103505106,0.39485509562799853,0.1455818759084307,0.8762076500064734,0.8216600691695488,0.1414346248991485,1.0
0.044232814002203025,0.34152208919992116,0.2900079751967666,0.4833506872827164,0.35213096154754403,0.38028267287541684,0.15380140839201628,0.9042360958305828,1.0
0.4211704900219236,0.7823140394069054,0.8692940597784243,0.673295123694972,0.4444405234259041,0.392910733652685,0.36181340889203717,0.8139123375540931,0.0
0.11722197108129967,0.9281939731677105,0.7500409902827825,0.7725675842373967,0.7584713900376294,0.8397019715045537,0.37195799824992704,0.3007324651770652,0.0
0.7549747125851315,0.3668571477113869,0.7594398366119369,0.7105873239679484,0.15517734531006966,0.09796636195966152,0.027490312096337344,0.08134130810212509,1.0
0.6812987204546853,0.23925670448856023,0.8640878959011309,0.18768316154028797,0.5349625430700301,0.3749726740002929,0.9229559564981875,0.5417608502863849,0.0
0.44272076878834765,0.9369272892634206,0.41414830682274634,0.5117476731338314,0.5726025521762272,0.8148098428781547,0.0781707571148797,0.8369839904516146,0.0
0.6712850951753353,0.9602124156546641,0.4592527405121424,0.43549676288049916,0.14393602100581027,0.22042875820045293,0.9219792491353807,0.12784134477539288,1.0
0.5431830626317163,0.20298150707441603,0.6656882945017837,0.3311741041051265,0.9616510235715714,0.7329639636389106,0.7127371973832243,0.5505374300707461,1.0
0.6404963676533322,0.5555631950907816,0.853908774998103,0.14347449500007298,0.5903994362223929,0.8432206582435379,0.5007700320846702,0.15546131637028,0.0
0.6722539331851956,0.24116514297758873,0.9130637225119694,0.16705181380826123,0.8182193988530224,0.7479590396529439,0.6946147756156507,0.9719332813239717,0.0
0.5786138294463086,0.6185793614681783,0.13957071898282541,0.5712615945383474,0.7284710875590563,0.7664672310856329,0.7102879286636943,0.3791549145512859,0.0
0.6345018814346018,0.8204042311108657,0.5466917790737841,0.7388842980139565,0.696355823057464,0.15385280677812135,0.16183174298929115,0.8689347415868189,0.0
0.2173805082101859,0.09231490482761395,0.14808210579154224,0.594561957578547,0.299285566836886,0.4510822157087887,0.8921355056460687,0.5699675941669501,0.0
0.7022738511363951,0.7271487785622017,0.43225009325620967,0.6887240005783176,0.7345453349048068,0.8278026924864643,0.41257635734822284,0.9488007841411454,0.0
0.8042368888521021,0.21673346688066797,0.6119737789538643,0.7217029596331662,0.9569193565590887,0.2267771450644469,0.6020467519479978,0.25045008101458266,1.0
0.880484068822517,0.550742058437666,0.8890848050480926,0.23061581539465537,0.03662988987126614,0.22790600068341527,0.5717013208883703,0.2513427416935048,0.0
0.03272322006524009,0.9232565621985296,0.8299088981016061,0.8533320246023735,0.037774001807442115,0.4514146378217305,0.4745972748864536,0.2903597647576564,1.0
0.7482111515058905,0.7055289233688544,0.3528618646041877,0.6656661064767592,0.23698877804493768,0.7203189235996885,0.22245593566398597,0.7305481653364272,1.0
0.4812018366536993,0.6119549110501481,0.8884862673266853,0.17271614288689252,0.010484066543163417,0.9159096745712206,0.9863294303929331,0.6243623852293413,0.0
0.7881237226300609,0.43321420967710245,0.14907595433072285,0.2956221622976718,0.4938854221778351,0.18394271197016743,0.7997999916663194,0.7490431611023317,1.0
0.4183501951471085,0.3897167313431488,0.6600510030547709,0.6021334083200802,0.5406597535277227,0.09910185010283068,0.11048293678903287,0.8810885959472705,0.0
0.3973220065240045,0.007627648227188255,0.9264947391824123,0.8590234125778773,0.6838480687273771,0.9981065469911687,0.2494212258844118,0.9210566235255679,1.0
0.19447619077937872,0.18579573841358293,0.04690747551328056,0.4790873193254907,0.7035558744257551,0.13118071665219888,0.17348806200258343,0.7667813539770492,1.0
0.733643563116666,0.8966292128865921,0.6567439229584319,0.03039642610334642,0.2682281813449259,0.616566878129225,0.7432776365681903,0.8181255959406026,0.0
0.010021318680852265,0.4196674554560528,0.6458834878406107,0.5350639531721915,0.4143553146811955,0.8907981420442608,0.004604358514938012,0.4501076860501557,0.0
0.5412639568914838,0.9561056492858686,0.4933638191376069,0.6302375214050464,0.84539656798259,0.38579721879689194,0.8208042001750073,0.7486622592066572,0.0
0.7967636778067121,0.6273315256836159,0.1201591006652365,0.38322321865578296,0.6658131818039503,0.9664449988645119,0.19590066252760524,0.4352233402012362,1.0
0.46756117050063356,0.3770707048718938,0.28599411119536156,0.038977014528240095,0.46596718054415365,0.09021585947962807,0.78456769032043,0.7454983563708134,1.0
0.8627550229953118,0.6122217048575586,0.366477801838381,0.46436356546064456,0.2638080141963277,0.3483022329851877,0.744221842576774,0.6916069892580665,0.0
0.8299278093649389,0.9536105298870121,0.5915025153972236,0.73094702159804,0.3089555945534753,0.9331754615706243,0.12877369890412094,0.2783651057190294,0.0
0.3487716025408387,0.12075804482879265,0.8176667322864937,0.14110869850685298,0.8347734674286296,0.8938822657976115,0.8339705821075878,0.035157161622425326,1.0
0.7145891299134307,0.6846579491015817,0.8491666370404645,0.45441040122773113,0.9948013485237719,0.7351322684506212,0.15029376224009328,0.9500676788488596,0.0
0.48428238073105356,0.3795817522592524,0.4549738325463376,0.5338062450342281,0.2782211182049117,0.5200965483282856,0.6257719071627985,0.9790270582038101,1.0
0.6514093250393159,0.9496489736800608,0.061908857774596426,0.5598668808387197,0.23623735758963843,0.09500109303998827,0.19798241593399718,0.4265201069525848,1.0
0.6930770528648105,0.17348393423439729,0.287191186638176,0.15366455722227162,0.839982466856043,0.4185271339218063,0.827027792824701,0.34657571696238654,1.0
0.121254639916975,0.6959248772350286,0.06595588543521064,0.5646141255400173,0.017229604055547743,0.2597487493712367,0.6686095253968916,0.9161190680989245,1.0
0.9548044496511972,0.5044460325238906,0.40131503194588963,0.8625386816215707,0.7605916587022821,0.4687971572470674,0.5755981499229135,0.749839971194815,1.0
0.9789245898090551,0.8443822250019511,0.22818322046192469,0.5975585977655188,0.662182112266249,0.9593943603381421,0.718928288678695,0.5900003667326785,0.0
0.20506629059197812,0.14938993149372143,0.654704755880978,0.765979538698865,0.04557688766529522,0.5563509868134807,0.8564106837784908,0.16570399338547603,1.0
0.2520915440497642,0.41015526072258907,0.902348146257574,0.10734954125884888,0.4969534570382253,0.7324904014109768,0.7567806991957998,0.7597359191321105,0.0
0.4548890770677211,0.4256866423110024,0.7334302419673637,0.6480857820087517,0.7917896701975291,0.6648211446993928,0.6212683861827576,0.2955106919245464,0.0
0.11262290872123998,0.639511127558234,0.660834991958476,0.7742107490141409,0.3734185544602058,0.05814123774574831,0.7939430809617067,0.32117281110599905,0.0
0.4385307831564382,0.5209174309004039,0.022768841866652345,0.8607411219626719,0.5529008491157278,0.7795062430623798,0.8233993083045127,0.3693331466330606,1.0
0.12350297018355927,0.4784127971830821,0.20740074912726514,0.37407810736280545,0.9808727408963236,0.7028236512629388,0.22610025417725738,0.975813146366346,1.0
0.11941008058440145,0.6966788020241287,0.7240841921836705,0.6008844545311052,0.5520467451448209,0.4265925486508915,0.35832659694153923,0.2128783180972575,0.0
0.746067345383853,0.6747791451660943,0.945433841683589,0.10750473199091143,0.10560827114391558,0.22333008958683087,0.6788249510396267,0.6081819727550959,0.0
0.3066027424588748,0.46928632523784464,0.9383206347471311,0.5816652098191961,0.5661183667642912,0.8662015586962475,0.6754131422142589,0.2721481533342668,0.0
0.02156142093411695,0.3522628627798481,0.666486610106267,0.7442249814633292,0.448197095038237,0.5130286652389937,0.8577874078086587,0.2956148773445887,0.0
0.9316107011500839,0.7321748553340444,0.8373725785885865,0.27247221489008655,0.45274356025771173,0.9055700999441807,0.23788824534355596,0.08543787881818726,0.0
0.43888149614905464,0.4154683067539449,0.1279114376419736,0.6548711983244706,0.824738077435576,0.27623030670914317,0.6275128130338764,0.2451724643769212,1.0
0.32791903570375,0.692917142072879,0.5514219781141074,0.22326163167800978,0.447299211273854,0.42718735342121517,0.3527013625567732,0.6784121141805525,0.0
0.9773259540348442,0.9785104888458951,0.7544981860804959,0.672195259122098,0.9632557520015326,0.6923575280741485,0.3530855452310513,0.1365637481413321,0.0
0.928444203207671,0.5202577467099412,0.9435228189853193,0.9963558032712083,0.6117358502380825,0.34422827132011635,0.28543272636359845,0.1402885852786835,0.0
0.5356164696094724,0.048386839871153164,0.429326119751055,0.5538651113990909,0.3736363920992597,0.7204330030159414,0.13958414933955576,0.9640977042534323,1.0
0.6921055619578805,0.8479405376333238,0.9889748078232277,0.7610420858695522,0.07047167022830764,0.8472683551127742,0.5197224884370182,0.6776944850073013,0.0
0.7284977386705378,0.4178944048692922,0.8713894724218969,0.8838764787886103,0.3494476582055803,0.29126358606257285,0.2525780240843368,0.9682042767698187,0.0
0.4517636990298886,0.9027723725853832,0.8241869729962915,0.7052837801809497,0.026679671476429745,0.03904222105725619,0.851564648527022,0.7241836863968848,0.0
0.06765073230570717,0.8835061431596987,0.26895966396988635,0.7961122731993564,0.43559992379662615,0.8502882760318616,0.26500520855035625,0.8322723090156228,0.0
0.22350419051621134,0.0002641391426601025,0.26601579226920613,0.32586154068583695,0.6806378158712099,0.054751487277226785,0.8338955789824576,0.7714330246110968,0.0
0.11985337968475096,0.14748361673649313,0.6429504938201511,0.2487426234661651,0.665878453496042,0.06472282416064079,0.3929372057169048,0.8866696005280952,1.0
0.1364422103513922,0.9234827396352596,0.6296744177655335,0.15940104335922944,0.24462636201590826,0.052850871142258615,0.8943522646776949,0.8218871063458089,0.0
0.5939664100784621,0.6201575596622628,0.6399644379449568,0.0733874422843015,0.7507733103520373,0.4966699422492853,0.9608908704529355,0.09590893027411596,0.0
0.06719708690678572,0.25610745445789884,0.8529977029523085,0.8311620337148549,0.46094577089848343,0.7186674250737006,0.47250885453560565,0.1950326058690564,0.0
0.6934566824354869,0.5537524482645659,0.4452003695227564,0.3006734216638304,0.3822477448099718,0.4100247684983753,0.9471761323388475,0.6002680482486847,1.0
0.2628832640396619,0.7643371806504671,0.9698741319743839,0.7969855858317494,0.11374839407757564,0.9989077559146199,0.7127213633901412,0.2748428050382402,1.0
0.015454717169337662,0.7269183536618711,0.5634898357364163,0.008460415088783702,0.6224093638875607,0.6840162003383118,0.18239843326805277,0.5110219839571123,0.0
0.6412874615595214,0.8520300486812421,0.6652245338914025,0.5365994129280511,0.2167205909900654,0.1682859753418668,0.700349181215884,0.348072653077554,0.0
0.7382001791236101,0.4693970247579343,0.7975103908377035,0.43552700517700366,0.6552733955236355,0.8742423004353059,0.7948039501645903,0.778625152527455,0.0
0.2709616009066541,0.5233939676460079,0.6111359322676037,0.6462367573891348,0.7171618382418884,0.7454739654854052,0.9339005791907996,0.4880936901975689,0.0
0.44262765210120064,0.36965888088890914,0.8121143398070565,0.8374855918006237,0.7335365423302843,0.8794249548457753,0.887020292512188,0.5988636287865149,1.0
0.8492432876398341,0.5501670580527397,0.23251784337520087,0.43533944988201523,0.49965347630133444,0.10101387417942409,0.2400825034376432,0.9627674648103326,1.0
0.5952108840938659,0.5334708095718715,0.8398078524116348,0.19160325290385732,0.41505181139558833,0.5927139333946002,0.910860452518855,0.2610036473231848,0.0
0.6981865326210835,0.0369200154820048,0.8586737295532776,0.21297527161694157,0.580300101197656,0.14786522923064838,0.5408950372932205,0.5126372747094478,1.0
0.24638648890133985,0.53737263582194,0.3651711536655394,0.5113943157746736,0.6366324901256666,0.6639904873684903,0.6655235634818117,0.05778456788888664,0.0
0.7400508401194441,0.5675365295142971,0.9356481744334187,0.6720806567353441,0.03699870146479228,0.4264927954869122,0.6837551564648527,0.46700822814773324,0.0
0.34297926707882076,0.7783408026750525,0.14310304665251328,0.9307061443592148,0.3440473543472804,0.5568343651772317,0.9818775782324263,0.8020735399038494,1.0
0.8491236419819901,0.5396349411221905,0.3586081981626802,0.2284956712397087,0.4085883218860229,0.99277160982505,0.5957623234301429,0.6242023564241563,0.0
0.03604809596271519,0.7981599987682355,0.980810976163023,0.5757910416481521,0.849744564804973,0.4414178320453856,0.48648860369182045,0.14203306595187132,0.0
0.919894977110804,0.8536353244557804,0.6255955529920784,0.6191940427981553,0.25349747483457874,0.10517750757168959,0.2057402391766323,0.7996864435598408,0.0
0.8049197445578469,0.6936641647336282,0.09825675888640145,0.34371271940587156,0.6756930871971434,0.9727695086413832,0.47703654318929956,0.287495082448174,1.0
0.25000557108384647,0.3552329017025426,0.546928169636627,0.710106365340206,0.07449118593357884,0.38405684444661403,0.577189882911788,0.48940559300674125,1.0
0.36507179800629486,0.045853758766366604,0.8909613375407847,0.7655107831030453,0.16719609261363244,0.041833717842869655,0.7588191174632276,0.010375200869489842,1.0
0.28358488103348384,0.6563448876731703,0.36340101019159043,0.7653375531064012,0.25670374770952076,0.9801034886016093,0.7179674153089712,0.44749304874877477,0.0
0.3428177056472751,0.061840946292415544,0.37375496990596907,0.7493595397865265,0.7407771895070714,0.5390358538340235,0.8891978832451353,0.19106605855720693,1.0
0.3100769764613749,0.8557598526554877,0.3037754040262274,0.8278534203639422,0.859273435854112,0.5519517661616044,0.9318404933538897,0.8595130456815561,0.0
0.9781061710630476,0.09185936435645348,0.4976307881860964,0.3289552745615862,0.6731788003912056,0.7290178770404298,0.401760906704446,0.17752612136851303,1.0
0.713017553689331,0.27506760103786765,0.2628946939737121,0.877656646474186,0.824192024011492,0.10017525781948072,0.14778449102045915,0.785262180525828,1.0
0.7937486602869799,0.9626852358696176,0.9903981920764855,0.6798043800926103,0.8334380510615671,0.4539750574641897,0.5039526646943623,0.6550229041227421,1.0
0.8642730106986033,0.12491870089202045,0.6921170777987609,0.4313148368971934,0.8665814773796441,0.3395666680108582,0.9492720530022085,0.8244484007121282,1.0
0.4630605306218603,0.7459103562188442,0.5088915749978907,0.5550891285576149,0.945735874648634,0.32109004739336494,0.46441101712571353,0.09900865489121374,0.0
0.6252175375597168,0.7933924863430771,0.9154597305625141,0.4324399033838212,0.7713925317509636,0.944595341739483,0.028761198383265962,0.4361943483160302,0.0
0.9502942593429728,0.7110036384835068,0.2927162522624248,0.9919438766644868,0.4680622426610473,0.2952141827775101,0.6400766698612442,0.3859978129396625,1.0
0.7897536625896945,0.8262139649170124,0.11599772470766895,0.45919160219177063,0.34673331101006083,0.6860953640247642,0.11883828492853865,0.30498906469831233,1.0
0.5188071831963378,0.5678763266023423,0.6407014671072215,0.45810553235063556,0.09268155745686624,0.02659536084115266,0.689139547481145,0.9555620011602088,0.0
0.8364817915756724,0.09040726273801059,0.11036255573484566,0.7665467143999756,0.5766379878063989,0.6170725417742905,0.2397274886453602,0.003080554499809929,1.0
0.06488323008257946,0.37192357538743503,0.8471330414577578,0.2832920596728261,0.280901502893977,0.557601880877743,0.876826534438935,0.2763189040693992,0.0
0.7006364830649663,0.2094474740068501,0.25216213792580144,0.5328207175648054,0.7129000743460493,0.13843324921523975,0.044288512021334214,0.3953403279256933,1.0
0.18847188884149052,0.2805144421726413,0.7391240442896689,0.32682849832407274,0.9286797977745007,0.7376250363462327,0.041032543022625934,0.6710449547585232,1.0
0.2795206427226789,0.35749122500566766,0.46996115341614875,0.3763364641184437,0.932481475840718,0.6135352839675442,0.7989066211092128,0.7368434651570617,1.0
0.1601227654647982,0.8755230353224381,0.20290508348486913,0.8290978643367719,0.7754645832084062,0.36840620974057814,0.5791566315263136,0.5551774319377488,1.0
0.8685754791662688,0.4272290025309573,0.6364867639856457,0.6331819007813919,0.3274250954266832,0.2620857855986145,0.9367548647860328,0.4557953765011035,0.0
0.7158511130494946,0.8936328927828691,0.3372996185383263,0.16228944795871136,0.7842943042223356,0.7288374723821692,0.3716396516521522,0.9553069552519454,0.0
0.13012539713869137,0.769815877762245,0.9749266817822203,0.7014607825061578,0.7816722925912384,0.6707676005968211,0.5486378599108296,0.6414829669340482,0.0
0.14626615349025757,0.014362798165308055,0.03708174656278573,0.3728723947521657,0.7149869111684111,0.20260477796431386,0.4034718113254719,0.9406509838437586,1.0
0.42330978621894255,0.7341278921908788,0.6389628954368396,0.24092578566966127,0.299714608812952,0.6616441656072315,0.2347781157548231,0.8206152107379329,0.0
0.5975788600182944,0.3275168743764856,0.08646482290871293,0.19220650713413123,0.5526721328613252,0.9366668223099013,0.7963531813825576,0.8221371513539104,1.0
0.35310272229685713,0.9039690954548423,0.9191830809092467,0.9986101807773066,0.4964729406383147,0.6592187841574997,0.477561565065211,0.11193014742653679,0.0
0.11250830356782826,0.7123718526958385,0.26965610081327906,0.4972260651456206,0.5303768087024677,0.32257440630949374,0.40804950206258594,0.8667960232841911,0.0
0.773989617622028,0.912894343812003,0.8074613457653721,0.6503719935111704,0.21229246387901707,0.7667447358981924,0.3766056919038293,0.41766184579891047,0.0
0.7024566357444985,0.7996426290313075,0.8795164260930609,0.448062171794814,0.3099670404488145,0.9260457633557814,0.3151447976999041,0.48892884052462776,0.0
0.23065825804411455,0.2242955448885226,0.6087218831864493,0.0769143837933125,0.01993041931490197,0.6385857972718572,0.7564465186049418,0.1390775339561121,1.0
0.6747121076099944,0.5519443561031008,0.08000692987822833,0.6764573006628103,0.584196237484949,0.6130144981673009,0.046599441643401796,0.2390463616784354,1.0
0.6594720098135969,0.44074761730565326,0.6640855611795226,0.39543898417717743,0.9600208232617697,0.3416885451531636,0.6064469352889703,0.19632533856094098,0.0
0.9426353455027028,0.0030273796813021225,0.6708597028642258,0.22848505990760187,0.22771754444710368,0.9437063181956139,0.09037709904579355,0.9716165576470431,1.0
0.06942711218358899,0.7357844029950988,0.4581331353772406,0.6227305345060624,0.6866199929846197,0.5707576252804232,0.9530172090503771,0.7584481873403879,0.0
0.5064072770027781,0.1896059787297641,0.035965590448441664,0.6156708152553816,0.0440912933400055,0.5951228661843142,0.3917946581107546,0.6857167623505565,1.0
0.30160017445451137,0.40414456879484056,0.9614412767106744,0.0917222324651053,0.8742296746338816,0.8513714998843288,0.46878869952914703,0.676727644309309,0.0
0.6850897103673095,0.9458854554634859,0.8573132235978802,0.3511775262597309,0.1272463677364679,0.7955670330649903,0.7156373182215926,0.28344351983357,0.0
0.7845263942035261,0.9802705315753788,0.312935206699802,0.7489326989525289,0.565536758841263,0.0894072221290721,0.1965965248552023,0.12605769038426917,0.0
0.03533924186568704,0.8864560066302907,0.8095350030484035,0.49737621549493244,0.05548518359122723,0.04217595609162855,0.5101020875869827,0.0009059964126875708,0.0
0.05003894452898344,0.9139116113443382,0.8917763676295094,0.4611586778810762,0.4042453663731917,0.019352113811992866,0.9706862785949415,0.7099386222853448,0.0
0.8200083619315638,0.25784864906765514,0.09109446973431401,0.987002444585634,0.426727749649629,0.7764749142016669,0.8823859327471979,0.7178400445413508,1.0
0.728682910886004,0.5319945505042004,0.04714174360193418,0.41866453732602393,0.27446719991339563,0.4490813158079051,0.26634859785824405,0.4093153434284838,1.0
0.07309076303686685,0.30015205919690013,0.5286977082054322,0.3695852693487693,0.47501288187256524,0.08014423883029864,0.5416775698987457,0.669763057350323,1.0
0.10328656806378844,0.7396065893026567,0.6469510923578725,0.4721024099661631,0.3194539890290491,0.32730233486075944,0.8584416017334056,0.29679008888266556,0.0
0.8584599826394416,0.4375498081473784,0.9620074467006934,0.6068594303571642,0.9655593651346215,0.4006798072004805,0.9156464852702195,0.6992617004394124,0.0
0.5435059202051008,0.6296981593085553,0.864984641246147,0.2588899750766337,0.19580658564839998,0.7659599756347591,0.1887195299804158,0.7470461349709615,0.0
0.6565928206238341,0.05547479475459477,0.46487172561927165,0.8564711219228794,0.7907333831803871,0.9171605686354829,0.009826242760115012,0.2184618231281631,1.0
0.6822787006322385,0.7105334973562193,0.4006573302564532,0.812514474520202,0.08347506488696055,0.33679002807945446,0.2889245385224384,0.8184189820834418,0.0
0.2806738570788845,0.7370610312735435,0.895691536581108,0.2504831472149896,0.9152890182766045,0.7412410885404839,0.8070927955331473,0.31025084515212736,0.0
0.4608233425229688,0.1499205989773169,0.5675373940155779,0.02441614461123398,0.7656151910046056,0.8755897640519311,0.440005000208342,0.923292025897995,1.0
0.45671188264432294,0.05462742576628221,0.23178399792422022,0.10334482452172739,0.19601858598165706,0.32849990343044766,0.9791416309012876,0.8233548705433644,1.0
0.19441384769824044,0.1351439385774288,0.4142976759438245,0.02059261636983678,0.5097923458062407,0.4572830952345579,0.092312179674153,0.49745287485080647,1.0
0.887676868647638,0.4242279040306836,0.23569518723671368,0.8243861675980321,0.5929134576962489,0.0821382409060134,0.047964498520771615,0.16903625986010812,1.0
0.9109960991801487,0.30645715344546276,0.4143724931590004,0.2751287618830339,0.09635216147473691,0.7012329066586298,0.49792574690612107,0.35621411854133744,1.0
0.7149146403838849,0.15579085913977175,0.1528658973051476,0.980496902154233,0.0988319551100571,0.36779097679571615,0.2397658235759823,0.6409662072506385,1.0
0.005875901719714083,0.7556962468880692,0.8553480778077813,0.3290157591545952,0.6871514531442117,0.5017374560396296,0.11608150339597484,0.9714615297420202,0.0
0.11598227228062136,0.09233481481324163,0.4811503067240513,0.3958907616416262,0.5502093204792322,0.555562247035527,0.6053085545231052,0.06429573989984866,1.0
0.4180286640222589,0.9835230268275109,0.9360724039620225,0.7998413605850028,0.1045021016954189,0.6396363891052566,0.4116413183882662,0.23693181439325744,1.0
0.4939800459694004,0.3459840497123139,0.22299615885233576,0.4336644511089505,0.3502983128594255,0.5869574329902816,0.17639651652152166,0.6496686070159295,1.0
0.47062208313967185,0.8156553013389598,0.7964048470943063,0.8599927577658371,0.9767165791689905,0.866223843977562,0.05265802741780906,0.05118588012508912,0.0
0.7953823143025109,0.4172625946587083,0.2610553047793343,0.9729612646585605,0.4585729060920777,0.8488545896006265,0.1760473353056377,0.7803062884652571,1.0
0.04003991018351688,0.8821143024310888,0.8941569877421809,0.4626869749877638,0.08696683508178332,0.004937781616977499,0.7502537605733572,0.05783707734058802,0.0
0.4808694286508639,0.02236926705237169,0.49238535853629933,0.18792536519562658,0.6054376626153996,0.5209205731349873,0.47298387432809696,0.1820586038820321,1.0
0.38613978008544453,0.0924593185900332,0.5757710020147586,0.38028122682916154,0.22491908698169366,0.9250291300462898,0.2321105046043585,0.9873352203396613,1.0
0.06114715513929836,0.5874088189024872,0.666131626298092,0.7788364939628152,0.10983792985787222,0.2911253642582291,0.930185424392683,0.05017153087555759,0.0
0.2675987885810821,0.010501057352970022,0.18118500917704777,0.8478563119519413,0.01737686336087657,0.7329109034453045,0.8204416850702112,0.6642562327885686,0.0
0.27698765660051405,0.7883284478653043,0.8712584096407023,0.6836692925292243,0.7888781812653263,0.7451346455472947,0.23423975998999952,0.7785526394751056,0.0
0.9931202420291054,0.4045135671951396,0.15429193465114216,0.9435604467901384,0.36554111028740244,0.7007383856542216,0.18374098920788362,0.08076120368332967,1.0
0.5766769492957089,0.06861485433589048,0.13480709097401933,0.5272770923888894,0.5517079160765239,0.7350561270727964,0.8696012333847244,0.8433209644402659,1.0
0.2121776464770589,0.6562310025553802,0.4544185402365391,0.1995381417700498,0.7622600668318447,0.49849733531707713,0.6661827576149006,0.14166883372340355,0.0
0.9972770664476436,0.25597923415045676,0.6965445589578227,0.8297812341244524,0.25964919914817786,0.4718284861077801,0.5172848868702863,0.7136392884052463,1.0
0.1567655242230726,0.45825725506602943,0.7179913647137605,0.21601913223178865,0.7353240845645184,0.9111342571466776,0.7384149339555814,0.09894531015582803,0.0
0.7186393078697662,0.7470794705748994,0.14281810449258803,0.14108933282575792,0.5061936467825036,0.9898538297786541,0.567376974040585,0.5719162782634207,1.0
0.6516711659800969,0.3489514339702582,0.054881345733535036,0.47065290200036874,0.9570517572678436,0.4512161926976439,0.14063585982749277,0.6395892927393598,1.0
0.8626337855992258,0.5749024277971008,0.6333598288861308,0.08730208207600104,0.5894076249010974,0.1759364593569529,0.2594499770823784,0.46047455208604215,0.0
0.12952372008327984,0.6558973111962609,0.8481918907689883,0.07805695897791654,0.2236354103705575,0.35622305868669657,0.8471786324430184,0.012907323318197272,0.0
0.3898747938698977,0.8601517300184711,0.05969060693741296,0.2840101815731565,0.3504736973654116,0.5306491596326537,0.9585324388516189,0.45704976895841254,1.0
0.19864468794502355,0.23551017612638747,0.942183537771816,0.4916301791590785,0.4911233152076144,0.7739574733160287,0.5830001250052086,0.14571456195448512,0.0
0.8189808948964628,0.9890295979191676,0.4116618283098791,0.7292088853989396,0.09828855500678985,0.23716765747734864,0.2053777240718363,0.7142619004754189,0.0
0.4636815738258808,0.18037252379508745,0.9734499703649542,0.8868083898497302,0.6251903094355803,0.41151363753096065,0.9665219384141006,0.7329661005647683,0.0
0.12957704331438108,0.5540733972328836,0.8347478739441354,0.16770971639888532,0.875408279740675,0.6504097308150258,0.4498545772740531,0.464725317223767,0.0
0.010755110010335744,0.7516247875604534,0.4771168098363944,0.6170415340802827,0.0811289986208038,0.9161030789769147,0.23614400600024998,0.7701502937195361,0.0
0.48790809515623446,0.30700321798461033,0.5873016083578788,0.1397093290852634,0.3142914227159286,0.5883356715191983,0.3385282720113338,0.4705705360298187,0.0
0.8011873836704635,0.9698592018909707,0.4667570133179949,0.5360807840713294,0.5018010741703994,0.1850665268707432,0.6830551272969707,0.7042842711688104,0.0
0.2327224772540606,0.9126503801214456,0.710291293663937,0.8290692137400834,0.292513761448416,0.670766539392949,0.531223800991708,0.9699637601434925,0.0
0.8479913855126353,0.5109382806373531,0.4312692448714391,0.20595348787854273,0.5757822918430019,0.2388990115947135,0.3022342597608233,0.5083698399045161,0.0
0.08741216257802176,0.9723580378204777,0.43084209694082487,0.029210875023709726,0.3447552603411852,0.447717138230294,0.34181257552398014,0.681065091716509,0.0
0.03340766750922686,0.42524941902661934,0.39090721444895526,0.972951979742967,0.3021349680619773,0.32915042140405765,0.9149247885328555,0.5746826095363833,1.0
0.7546606095720771,0.08530048415775715,0.3499309930579175,0.4162730083524448,0.08368361590315587,0.8403060618087583,0.522107587816159,0.7628631487000994,1.0
0.5626006774437957,0.5197753941248021,0.8419197142300752,0.6818627132380347,0.4283348660683251,0.7804859995373152,0.2881170048752031,0.2541940882692218,0.0
0.005113989681291564,0.9533747956571808,0.6314692350019341,0.3200990567852174,0.838941569099638,0.928873341073047,0.832646360265011,0.7766422956132104,0.0
0.3159313897148242,0.2376986817465782,0.6957679987137806,0.7816148059916888,0.8017189273579134,0.5006430895465052,0.7241001708404516,0.5115529128576477,1.0
0.09889708457223628,0.9780007932138273,0.19500364269632753,0.0547563306544141,0.6464956795977141,0.38902938049040353,0.13620900870869612,0.23286191514472604,1.0
0.5339080038965752,0.33897998223498343,0.5988194798558628,0.682757513817944,0.46307373419350456,0.4752824394105649,0.558251593816409,0.21036536576583786,1.0
0.7583324844062711,0.7909685119595301,0.20837363823382554,0.7226608976391112,0.05549420488200413,0.1939066204264766,0.2385766073586399,0.6545894927753663,0.0
0.554900908988652,0.12336996947666462,0.6838304079448454,0.18370789124976294,0.7284318184109686,0.10847652510914485,0.6438134922288429,0.19573856627526287,1.0
0.34979429436121423,0.3067969505335079,0.12036524597088066,0.8457621655606564,0.8248609261893909,0.3393576108480505,0.4353756406516938,0.1197390530295453,1.0
0.3514680071224981,0.43126542028386855,0.4236275418618237,0.7952782224957587,0.4198203595674238,0.7177486878214121,0.029796241510062882,0.8300185700092684,1.0
0.4095187008020239,0.9750806619884393,0.15524810927346117,0.00960750008953315,0.8994837168354798,0.1737670933413702,0.8062327596983208,0.8539720483020277,0.0
0.13637190857904474,0.7395609290689507,0.8815770832216824,0.07638461303787852,0.11888734583542726,0.3444031046580483,0.2225959414975624,0.08832923259520042,0.0
0.162684402875316,0.9227904030683676,0.9999644485573278,0.42622802956847694,0.38162103043305906,0.881849540392603,0.6314946456102337,0.16382365492455309,1.0
0.3355092395099144,0.24312242729802375,0.783703696235739,0.43036246984060456,0.8597916294096202,0.2568068269367501,0.23128713696404013,0.1458120795076447,0.0
0.9323062907617635,0.42242220106749373,0.9092071869098526,0.3660089851454615,0.37292954743368156,0.8438671967026274,0.3622459269136214,0.08706150440412608,0.0
0.5473388258914265,0.04011384264315404,0.4936514143902689,0.45967839705217195,0.5259261283644772,0.540015610308959,0.35094128922038414,0.09157064938355569,1.0
0.9108310889824124,0.5332515342634924,0.15756532046972477,0.950798436420214,0.0009766873926399522,0.17182933507087783,0.24481103379307467,0.43784797930294117,1.0
0.8092039080357314,0.6854779750429657,0.62174034393633,0.8394250780264514,0.3280603004302094,0.9364697036906549,0.48445601900079166,0.9763565775172864,0.0
0.823733029417445,0.8512363039208868,0.3332223456205133,0.6498684858027008,0.752301888474558,0.17996107504197062,0.8910462935955665,0.2566770351996693,0.0
0.1478565652835523,0.7408096833675165,0.8530794182085999,0.20735444899994832,0.11781964953877322,0.40331398051205214,0.18089503729322054,0.24820634380855217,1.0
0.567773030860621,0.44095149555848034,0.08752579469413285,0.022373728463969955,0.44080680056738614,0.33809637004603504,0.2412308846201925,0.2648868462990005,1.0
0.8561360448063704,0.3801185254717737,0.4717137864780353,0.8249403444173118,0.9032798229279819,0.9612061006488202,0.16167340305846073,0.20057860414874673,1.0
0.6174408350895512,0.10603394679096156,0.5453089871393982,0.5046022673763879,0.4915711957614792,0.29979619579635924,0.635458977457394,0.779704513479093,1.0
0.6235228669115821,0.31518383287929713,0.9711407184469008,0.07971948943575569,0.16024200408505268,0.19940179937728558,0.5806141922580107,0.04997066138571604,0.0
0.06573003482723278,0.6052749781388357,0.7047651668025934,0.9675908694792887,0.20784947817139493,0.11253085450258188,0.7753848077003209,0.4151505604342115,0.0
0.769132163087378,0.28182611202579055,0.7641756071470074,0.2855949840233131,0.9824692440317528,0.5253510993010911,0.9282670111254636,0.8028253418948744,1.0
0.867424652417426,0.08678258348787898,0.24201405820779337,0.00754863637750347,0.30201450729689755,0.306758223799407,0.6296920705029376,0.87024331046255,1.0
0.18709609642113573,0.15914104605471685,0.41384373177656925,0.39118543170215053,0.4754650077397368,0.6762404942663155,0.5150256260677528,0.7493132097110814,1.0
0.08501420891670547,0.6758327816055093,0.6403576262885409,0.680434427936454,0.4252819551365903,0.4872443294571093,0.5676444851868828,0.06665783174304701,0.0
0.7036419501552476,0.7192466379998268,0.7263310964224106,0.358499080130148,0.16704856797622197,0.5658819240899646,0.017215717321555024,0.3990568302294413,0.0
0.13485736964194384,0.2883239349352288,0.8868039412223223,0.9050041715799345,0.40896084812869243,0.2543583643027997,0.08620275844826863,0.8192082908256819,1.0
0.8064313653081712,0.09335394061090208,0.5967219447382007,0.43708713628001183,0.8742503705362521,0.19820927152598994,0.538939955831493,0.6606572516386283,1.0
0.5607977685952168,0.21992384297764184,0.18882909997012615,0.30026568122762504,0.5329253233469413,0.14162110564709024,0.6153639734988958,0.05746617724523745,1.0
0.7466950208305478,0.2246377311748431,0.35602222867218547,0.7724675724322897,0.07753772889535349,0.5735042862024395,0.10658360765031871,0.35030972241670166,1.0
0.09959161302508795,0.6471316081905963,0.6410336343178606,0.0363337317004262,0.04578092803610212,0.9869604574213171,0.9466294428934539,0.4022299013822488,0.0
0.41273613436817547,0.043244488783244994,0.0676586403536466,0.18069533406463095,0.10276205390380433,0.4028969273903087,0.16874953123046788,0.12536839964526947,0.0
0.28279166480963874,0.3274433401629008,0.8541626759730085,0.41057711056079566,0.36011135456803667,0.46571648240630104,0.808409517063211,0.44316060224173687,0.0
0.9985180916968566,0.11354850629978486,0.7419196081063657,0.3048582657634655,0.7111579038977813,0.8634912440068512,0.13471061294220588,0.06205366966053888,1.0
0.05770555177075576,0.7503940849821897,0.8079582700349625,0.00155535600356016,0.5823004397613921,0.7598718490204027,0.8796474853118881,0.6899008488194542,0.0
0.025424834936744356,0.27433730276504564,0.001107135599039133,0.8626776900721702,0.09799509772445897,0.30687124201178784,0.5288353681403392,0.8299068832389831,0.0
0.5197330442736686,0.12823968649471162,0.4641031246534397,0.9395573217528328,0.08962625853639639,0.6915820533445962,0.320708362848452,0.9903549305541663,1.0
0.37132547226873636,0.1348726318399428,0.855060747864393,0.49831478781978245,0.8289886973839848,0.6951182499474704,0.7432801366723614,0.852888519933588,1.0
0.644926440470051,0.004094289444468879,0.5865924366693498,0.2192876878039981,0.6623519247985201,0.81047774337119,0.27744156006500265,0.830892894054263,1.0
0.963437507295467,0.5842476441177673,0.578419849803114,0.8904565658280619,0.9338442214121929,0.5133504753132143,0.2623867661152548,0.8199159181986091,0.0
0.8760659340426119,0.30283884539073214,0.650525869511348,0.5456996913428773,0.15287240551657238,0.37017682840121147,0.3304862702612609,0.32835327025531263,0.0
0.7926097715749507,0.825187140591576,0.8716072913355828,0.5437206779049516,0.8916190086025968,0.030461061246320253,0.648386182757615,0.04233762077173886,0.0
0.3968535049014927,0.13785382035458882,0.9197858635790327,0.1267730541138145,0.9159059153664952,0.10747819756644728,0.8690020417517397,0.7837960832949931,0.0
0.3110627930124814,0.42060986144242796,0.47620096222367375,0.22988575574570475,0.7660251290707911,0.760717893807451,0.09911829659569144,0.8826163709467705,1.0
0.4625421545344378,0.03331099875390031,0.24690291219377342,0.15657020523642712,0.6715570907080175,0.47928158620265177,0.7617742405933581,0.6789047028465124,1.0
0.44584375921881736,0.41866611591221975,0.8293366259982925,0.2373502973162615,0.2136562707788186,0.6830995854937676,0.7794708112838035,0.09470704726850832,0.0
0.3350006791416499,0.7000127954840967,0.7141706458635897,0.014876557047184658,0.45076683624924446,0.6885692955516456,0.6905712738030751,0.019569355817380396,0.0
0.6600811149808037,0.6755375828852701,0.6819459161739432,0.5201279726652085,0.40658426867314323,0.32018696289819026,0.28606858619109127,0.8174179685676755,0.0
0.8077246526296578,0.8296684801566464,0.12952610988155,0.7845544102685861,0.20104662892936914,0.8118076971239253,0.6254185591066295,0.03865945870256643,0.0
0.1519186812767015,0.005911407466085261,0.10384549873633192,0.25352196744708594,0.9840657471671821,0.3525128246487946,0.5007575315638152,0.9482448507397998,0.0
0.9108939626429646,0.5897852747870029,0.5752050973340133,0.8688391600600072,0.641113418320968,0.954101075424004,0.7643543480978374,0.03756342808372176,0.0
0.6726871512766802,0.521520836198159,0.15267487462810275,0.7714467622836116,0.9228645145404635,0.02868725897407054,0.843498479103296,0.15605725697292178,1.0
0.5855206469673142,0.6900779781223768,0.8727099166769695,0.07330971427661886,0.44332400602622224,0.6353342686076793,0.11420475853160544,0.42603085222006626,0.0
0.7252590819278285,0.9953877854627371,0.18929498305469672,0.12795701349363525,0.8141083435795738,0.6724116706957041,0.17644151839659983,0.39813666459962793,0.0
0.4680715878968469,0.9577234019847335,0.6624260516726954,0.5102451085075028,0.319906645560384,0.9353042365380984,0.9007683653485562,0.65208487527755,0.0
0.23296893139183716,0.053604848904446334,0.0607361907849599,0.853918565984579,0.8973446095930284,0.2322948745975384,0.32406850285428557,0.4632825575270215,1.0
0.6245646595908596,0.8231783557749842,0.13459378231798586,0.9411564495013336,0.9642287247450292,0.042234852906531284,0.4993858077419892,0.9036409887113014,0.0
0.39794251914861106,0.4351287538950568,0.29997086904175063,0.8970512434491604,0.7584321208895417,0.18158630877212345,0.20087420309179543,0.02761413721136463,1.0
0.8243230337257499,0.7646581296187848,0.3556362036789906,0.28814170372895476,0.784115205067206,0.7187987490528756,0.6752564690195425,0.6371221819927587,0.0
0.652090854296526,0.40069164635405685,0.9698544990881319,0.46684608660703986,0.9816238960195411,0.3219140722000666,0.308789532897204,0.6856100764804332,0.0
0.5604714622556417,0.7360002272393026,0.08376768883254898,0.8707916451676656,0.4529576832476222,0.5000623457274871,0.9655585649402059,0.5427410267181426,1.0
0.28771093184601315,0.9940777084084382,0.18821252121810916,0.937970397036255,0.4237218024963504,0.27129066798538937,0.6225434393099712,0.7194670040607309,1.0
0.040352421458329346,0.13023201238985127,0.9225538352312674,0.6384016150447467,0.0460290135324668,0.15612935438478825,0.41479561648402014,0.24746787755129257,0.0
0.3482150247356123,0.7670475933605772,0.4855340118529571,0.05911785343362813,0.9414258203139303,0.9019182321192454,0.8732080503354307,0.4631316970388003,0.0
0.7243822994462874,0.25913430320625097,0.6849675234918096,0.29281599552201787,0.3379871696018586,0.7314079734614136,0.5654185591066294,0.6657056603521967,1.0
0.7901948393723883,0.23930528485349167,0.6805384504771057,0.8674955001319784,0.060068529970054574,0.049933356396830775,0.8649960415017293,0.4588600948170671,1.0
0.63242678534667,0.9481204177168077,0.38945358493849863,0.5464690129206232,0.0776149405311205,0.8720331392745186,0.6725763573482229,0.5849627933027945,0.0
0.679069225757296,0.7732024335842699,0.8493080468833324,0.8332787291868669,0.03677874116908497,0.7284177662507455,0.31654902287595316,0.08449020823748271,0.0
0.8021933622392998,0.8759483126154447,0.3459425987467851,0.3952283492348566,0.41885295879764234,0.46407612652097047,0.24522021750906287,0.32010928633820757,0.0
0.9685979226754786,0.303861953185518,0.8307796431378022,0.483630030600429,0.043570181131598884,0.8389968015315294,0.5198116588191175,0.18433818087255704,1.0
0.27288760417926794,0.8877435190342117,0.4333609431850803,0.35526421553737775,0.8030734476348564,0.25880931864344187,0.8797941580899205,0.16063724803798013,0.0
0.6217714242661556,0.8841225563147306,0.6211070507000716,0.19611253848265908,0.19609632828158735,0.6354512663345806,0.07973332222175922,0.08916021550545766,0.0
0.6437939187109891,0.9694150764782368,0.010479451000826145,0.3537619161943518,0.5557555569824525,0.7458231015593331,0.8032109671236302,0.06839564454935215,1.0
0.6052587317454153,0.38545572895235775,0.10208782479824557,0.7175762125768161,0.6045222669336261,0.13780899603746477,0.5573432226342764,0.9416028218412648,1.0
0.7715481564487683,0.8809526211363345,0.38553443634779494,0.6904886651076851,0.39099680487107247,0.41526287081116303,0.9716513188049503,0.938848159335347,0.0
0.8848170456064841,0.36763894648036577,0.8883870416583315,0.5070850538060858,0.21770444234891062,0.7019683209420094,0.8546972790532938,0.3714793662859315,0.0
0.08371773811873523,0.8852953872014364,0.3175155060004998,0.7168259913968624,0.9985815346913737,0.24939803210353956,0.7308104504354348,0.294245464183553,0.0
0.39981572976953755,0.9179934238644805,0.44272529930865706,0.7113858267089882,0.576108915635542,0.7279314695763462,0.14610192091337137,0.5006417821874604,0.0
0.7680813505580635,0.6233474048262867,0.21115275287555452,0.4186642720427212,0.26850969868358143,0.3488084272321893,0.25069794574773946,0.37655861388383244,1.0
0.5230207796121678,0.3778676352299497,0.6680713023979182,0.37298063033965545,0.5378008003476912,0.063432134951174,0.7058927455310637,0.5187517086408887,0.0
0.3447227510330382,0.07655495660419526,0.48070962802047973,0.9924601179714847,0.1432596895296246,0.8557898222059033,0.7159681653402226,0.8391618824721783,1.0
0.10211186524131816,0.0014096269824372398,0.5005685577734821,0.6970777717794275,0.12299654378430414,0.3861272532011215,0.365971082128422,0.6915344762057171,1.0
0.8487031577964401,0.47409392310073334,0.6742890905357284,0.8557837728856589,0.24244427097622573,0.38608294793946046,0.6215300637526564,0.685587572429704,0.0
0.17204939482112053,0.3015335467329837,0.7302507756316616,0.2201928344327116,0.8765367370840322,0.6144715310837227,0.5327705321055044,0.9654204423462891,0.0
0.12403646778427918,0.44547318602775604,0.02274363748565339,0.43880511094810926,0.745409091656845,0.3633355123386174,0.3707187799491645,0.4858866262593934,1.0
0.9544179225481395,0.008232911790268693,0.08939861285699352,0.48992414223960123,0.8203128689774261,0.9239562529315757,0.2026042751781324,0.09462036499903315,1.0
0.7166631648425347,0.5387859793350277,0.10163759496082175,0.1536420081415446,0.46221591557345426,0.06250305096113234,0.09217467394474765,0.18442986404219425,1.0
0.7556631393747228,0.9364229029608537,0.9432776732164452,0.8767942104572025,0.3291879617773216,0.8820816787396294,0.5328030334597275,0.515134390857021,1.0
0.7269338558479402,0.1399685262947198,0.43536508943840924,0.032468288697207026,0.08753040042325771,0.4736993885343289,0.9540205841910079,0.6233647056470165,1.0
0.24301730962280055,0.9202071487997994,0.61899943383001,0.7788335758464858,0.06266294706465769,0.6444709686456704,0.6525030209592066,0.22450874490741662,1.0
0.36403982104617527,0.7025477348542084,0.28698583726035276,0.7011214851620416,0.07606831982704593,0.8863214535097196,0.779978332430518,0.612606102431771,0.0
0.23278614678373377,0.981536010261872,0.5629141146125449,0.33666414205390294,0.2237110300138344,0.6268385357084492,0.3493745572732197,0.7590732998606415,0.0
0.40091933495053944,0.46441103342382195,0.06223810658322515,0.09175884156087388,0.4857131940622925,0.8718291228301034,0.24668277844910202,0.8913254385789442,1.0
0.938999815358364,0.9092683372294962,0.9168189099715429,0.27178937566901135,0.9739998439847359,0.22081689351668105,0.44546522771782154,0.6889556786888307,1.0
0.6965802034453705,0.04369179979367943,0.580398791675444,0.1450595627335322,0.23004716012419663,0.08558078626717291,0.8987132797199884,0.11375130856887572,1.0
0.698387887508675,0.42115566051510045,0.6413183111685122,0.8198219683755774,0.8898266903908926,0.9150320589689769,0.23802991791324635,0.4756114433931441,0.0
0.43375795603831213,0.31452680335358485,0.9363446112768115,0.37535491589856096,0.4362900525410588,0.44593617283190745,0.4142180924205175,0.5452973201842999,0.0
0.5952809205765064,0.70801714063936,0.13708583232560023,0.8151001908713362,0.5365815994324016,0.5788233053104764,0.48842451768823697,0.6820994445666887,1.0
0.4368053389022949,0.525788475250826,0.8254103140571996,0.2630164568496812,0.5441483397375654,0.7183318193491425,0.8298912454685612,0.4752005360964974,0.0
0.5612270073410968,0.4326455804875769,0.5998650637034098,0.25264175744882356,0.19355763092413575,0.9775048656197538,0.051643818492437155,0.011467064071532806,0.0
0.3117302619152219,0.6415037189198487,0.12375855158116367,0.8696143178704117,0.6706881281405368,0.878385240352065,0.41728488687028625,0.07805071579550982,0.0
0.4662373748628453,0.1337436029216178,0.8953365527729329,0.2873177337908586,0.9337609071385473,0.11118365618692466,0.13609817075711483,0.3707584031792389,0.0
0.6179244582253605,0.23616853298447493,0.9997195680977272,0.31328048005666453,0.24854584752638859,0.9061176811421949,0.4382082586774449,0.7270191967887554,0.0
0.4035998221497805,0.5089812617833931,0.5658505576535623,0.6784172137029437,0.5229567970384694,0.6496761736384224,0.12128255343972666,0.3800975842318284,0.0
0.8784683976289467,0.6751515946305688,0.20060219898938392,0.13159616983967604,0.9712719648530512,0.3864477367705019,0.7537697404058503,0.14632300480753196,0.0
0.5560620820360667,0.6383090953592743,0.47703138025027153,0.18464991225754762,0.5614278262244677,0.05231708559458187,0.9236284845201883,0.841440625979343,0.0
0.7268301275725143,0.3959926242794576,0.05536420861162067,0.5860216922156594,0.7779722367123021,0.4999411031850973,0.9287136964040168,0.3071827929027225,0.0
0.4167512940831906,0.5192787063500112,0.4997033842320331,0.15881821594326123,0.44859668515323725,0.22882951335312834,0.09144964373515563,0.000563434751588654,0.0
0.8731893977499188,0.9657301363382722,0.12332981179490743,0.6632931473343671,0.35833707893788624,0.6546211183815368,0.21800491687153628,0.9234762257206297,1.0
0.06145568706850635,0.7721320727569276,0.8739268903153095,0.5245006373431347,0.8899476818201357,0.9476547925028069,0.44314846451935497,0.7563103025211204,0.0
0.8166487330824754,0.7974196127693621,0.5476399944178929,0.6724891930214574,0.9008398291049129,0.9621760409879384,0.46162590107921164,0.29427213565108384,0.0
0.7331485325234569,0.576094372270009,0.650327683483914,0.2119401361699193,0.18510600812659095,0.9716260614691732,0.2616392349681237,0.26312652944196624,0.0
0.606551223197781,0.10589218769329273,0.16167522642819965,0.013487798957701969,0.11256474766123031,0.10883733442566584,0.709472061335889,0.6646921445860255,0.0
0.6558783954429596,0.04952250545135406,0.49943091160797054,0.5791954222713291,0.05945428620098059,0.729785127439973,0.29756239843326804,0.9896323004807532,1.0
0.22479747783769793,0.7335398839486758,0.7623433813030187,0.49844716418781526,0.051195029162649064,0.954707818737889,0.964211008792033,0.8962579931054256,0.0
0.9691292979585426,0.23323220830410984,0.6862935392416294,0.5755491032761162,0.7839430045461999,0.8236146514051401,0.032799699987499376,0.31583018276623126,0.0
0.48819513861917774,0.13129786028711787,0.8207050540886016,0.1952912213775897,0.3910848951221881,0.8948447777096249,0.006619442476769821,0.3244509011622092,1.0
0.33518240259092547,0.7529722953877322,0.10599025890470776,0.29459021025028154,0.15279466321664203,0.06520567192245569,0.5089262052585525,0.23054483140298587,1.0
0.10077347866964648,0.5092530994538292,0.13195262849856704,0.5593689440796062,0.8698134874665084,0.6480448379860049,0.7072336347347806,0.05187267041400784,1.0
0.09540321913142036,0.26367404539582906,0.9208306514987585,0.6810742912624965,0.1760693280889563,0.13216339143778272,0.6861944247676987,0.45209721083128296,0.0
0.1924430104651484,0.016368397384199485,0.718564432744895,0.8464497798811796,0.37814809881603517,0.5268492538675575,0.10167090295428971,0.7830059410693925,1.0
0.9807410284326896,0.36975365242049674,0.40249459697664164,0.6837019223754528,0.3357918119580924,0.8419281119272949,0.7794683111796326,0.04669173784614561,1.0
0.2347599022036025,0.149544963915142,0.2589625452285984,0.8065172148967186,0.29508111467068837,0.8088909782814016,0.6133905579399141,0.9005154261100332,1.0
0.687139603933079,0.394038791023198,0.24317505158938824,0.515393461562439,0.8413701536431952,0.7315865210128979,0.5649685403558482,0.10136324538416913,1.0
0.6934386427354128,0.2510335937205498,0.6412641880766828,0.9106334832626133,0.013196291082029465,0.48907862035006994,0.39356056502354264,0.37285544731384984,1.0
0.3235741208829691,0.6747717121047934,0.8202426200245889,0.42368900307861274,0.7098585726938265,0.03173954661125766,0.13237468227842825,0.7939487441072727,0.0
0.8421038110458144,0.5696326528011757,0.13661729614829304,0.942567226104938,0.6755272546460974,0.18516389232601027,0.320715863160965,0.11788538603615317,1.0
0.3750339570824924,0.45865731304390756,0.4348556956329563,0.47041494287787283,0.9583173912974261,0.7176253228712781,0.9577957414892287,0.06893240783341004,1.0
0.12928734695436805,0.6870290956565968,0.6681097722426009,0.018270591621557475,0.48610774286774094,0.5003440953555351,0.7025209383724322,0.8413706133770745,0.0
0.9009164167637627,0.916544773310213,0.11436209303547235,0.9708161838731627,0.4095979104567904,0.9582840757869358,0.05753323055127291,0.9941931214285239,0.0
0.2076602933467464,0.7415805980110189,0.7986350368488051,0.3365829653632856,0.8590473729205261,0.7519841859398977,0.3372365515229801,0.7625672621071793,0.0
0.09245638106637977,0.7386017986946481,0.7720629865440443,0.8233152189051494,0.5924204706884996,0.8002803700630143,0.9190582940955874,0.03859111306701868,0.0
0.2561491501178948,0.600097850942698,0.7628376524798723,0.8043747869443475,0.29122212487482957,0.9706017344316087,0.048329513729738705,0.3149691944550019,0.0
0.6428468344571006,0.05650852120838212,0.8251351883404003,0.6373625003481843,0.5813924733779056,0.504272406789158,0.7145647735322305,0.2599292872717089,1.0
0.622692510128761,0.3605212593517202,0.35940333005587943,0.5885020910956333,0.46370230589498895,0.03544898474625552,0.4688562023417642,0.8057908756909578,1.0
0.23266543996706163,0.9529341213086222,0.23123931798536873,0.9484196410451631,0.026761924421748517,0.42440301976173855,0.5662052585524396,0.8886624592426637,1.0
0.03689012549264303,0.9498257743524343,0.030695221726919297,0.05207086778147557,0.5143934694345402,0.766951935954224,0.8597124880203342,0.6526283064284905,1.0
0.7637775556418631,0.29719476266500733,0.86587103952949,0.1541903487281655,0.6766281174529606,0.6828600187196363,0.7514721446726946,0.5413641122068639,0.0
0.775745304902766,0.4157720004013853,0.2272954956322134,0.679191840946743,0.5395986905331105,0.273486033495839,0.5142514271427976,0.7306223453554973,1.0
0.6318715339899784,0.6139817475870424,0.9241990180373163,0.282693049975395,0.21596890520268452,0.542064794986024,0.7867411142130922,0.28176321737912824,0.0
0.6989633008830964,0.09120578589491668,0.5215516029190388,0.2895079127377104,0.744691633708,0.3100845673365693,0.5224242676778199,0.08560374200689458,1.0
0.7051583461202973,0.20198441499418363,0.9199055180614595,0.135074829787601,0.4329736668522222,0.7224898814210794,0.7033976415683987,0.5862513585778774,1.0
0.30611063005244254,0.20306990741060282,0.1463140847917826,0.8861300604448005,0.22158863869252843,0.9620102278829196,0.6757523230134589,0.9717890887026333,1.0
0.4090820339443486,0.637140511936169,0.8498057670807437,0.19495829083273758,0.7990698518544855,0.9883246349989283,0.8694195591482978,0.7976735812446241,0.0
0.05358480675236588,0.5040820779866173,0.29207712222214555,0.25428333052575175,0.7797236937834285,0.927792239628324,0.6666819450810451,0.5227065871856934,1.0
0.2761334237440655,0.4336437344337095,0.3616247646043469,0.917410941079252,0.9127508515833161,0.09275399384077271,0.43893078878286595,0.8716135571069459,1.0
0.11083803957273508,0.6446654246375187,0.22079329595302538,0.4194678151665117,0.7728781260762533,0.9085083081651149,0.6108437851577149,0.0888384909283671,1.0
0.07904068058482588,0.29015883921067254,0.7030974327082824,0.945821721662106,0.3650916377410476,0.1487900684052016,0.08351264636026495,0.61533909437032,1.0
0.7524308495849807,0.6168963040164546,0.873918400418552,0.38020774335432167,0.9908513498238991,0.363446142842286,0.22795783157631566,0.19218709367686182,0.0
0.00830038435172753,0.4960960500181313,0.17751312882940773,0.1475829375085388,0.6332715286471089,0.19100184012751426,0.42223925996916534,0.3555531662365893,1.0
0.04557358818123747,0.8745113425860788,0.21124852952335066,0.031016127898385926,0.6837387519097277,0.15725608759601245,0.35088128672027996,0.08275739633133955,1.0
0.59288296691519,0.41349695271033304,0.02021232170553533,0.9012329041491635,0.031379498639111714,0.006664625617885944,0.7678094920621692,0.11112250205036905,0.0
0.334934622004614,0.5900610944545646,0.208798928999524,0.8686115469863154,0.8170105458889182,0.4338235918355219,0.8694062252593858,0.5755994412327552,1.0
0.6997212335759142,0.8318872489549911,0.3891903981390146,0.12399023226879569,0.15122708127811518,0.7282026071656731,0.7011817159048294,0.33484027124882476,0.0
0.4778010879000304,0.45906905154668726,0.3520664674017149,0.30292037123745374,0.1436380530780909,0.21554297557320928,0.8218350764615192,0.08034196155307954,1.0
0.34356635320034895,0.6449242544506781,0.5696216636695562,0.04910340875779767,0.6481476371382131,0.14743942117696002,0.3901387557814909,0.8556556846899108,0.0
0.4667772394165325,0.2036839313673594,0.4594785187040385,0.22793990272061293,0.06760422642166253,0.6695037067851254,0.3096304012667194,0.8120336660598908,1.0
0.4243728020747778,0.5968158889118369,0.6450928662050639,0.24983001972381358,0.9398929968781027,0.1454891937609702,0.6162406766948623,0.7940337594100272,0.0
0.2700951647236849,0.9596926322965451,0.7304301247006648,0.23575700580041942,0.43848885950188676,0.38991973053911283,0.09778324096837365,0.44403992718689367,0.0
0.44973317161272797,0.7782648792631924,0.8649376815047068,0.46911187129515286,0.059878286867494745,0.8548851459049205,0.5106696112338014,0.5412457575696958,0.0
0.06481292831023194,0.1898738344030747,0.5364590656974741,0.7900033293054485,0.7727157428422691,0.18041606620214234,0.5363298470769615,0.7866490968374307,1.0
0.4492792609240996,0.149800873597076,0.5596651372471404,0.7418602461033199,0.7089797928393239,0.26684661146991595,0.9397333222217593,0.5060460882958933,1.0
0.6199035194393686,0.4928199282497211,0.15503373938033305,0.40799696515901746,0.9986343357756267,0.138119132869092,0.7674203091795492,0.5678672160988978,1.0
0.7510134066806315,0.7964963203691895,0.04178329220155225,0.3758361398096062,0.5242959280546754,0.14767553903850683,0.35551564648527023,0.9752572129650003,0.0
0.09959744939864129,0.746338288176601,0.6986691556213994,0.5333916072321534,0.30842493039012836,0.01663330949161962,0.2836551522980124,0.269314309909117,0.0
0.8358427086715777,0.3499206520706119,0.33301593500559534,0.17925988611387822,0.9779015522457442,0.7779566201081155,0.7832909704571024,0.2890887026331407,1.0
0.6093309287474293,0.8223025818738428,0.42836251646907314,0.36107312401596475,0.4269073794689219,0.7976132994314069,0.09933247218634106,0.4842713355070579,0.0
0.7513771188688896,0.9075534238007684,0.11445972684818423,0.6123242663921868,0.8030816729293881,0.39649733743948484,0.629477894912288,0.2582714888679962,0.0
0.9170898037492864,0.7115531540868298,0.5209886166403037,0.8286837571013024,0.8156658428989971,0.8388553961155694,0.14503354306429428,0.5418083588379242,0.0
0.42919019786367507,0.5529406517839082,0.8141229963180379,0.5927808454844139,0.3706039117378137,0.768562047529199,0.9136105671069628,0.48021477199229196,0.0
0.29707751553005945,0.3991070769645713,0.3594006769631427,0.5433787277278087,0.14826597524663943,0.9709171772825965,0.3508404516854869,0.4025941336107166,1.0
0.4112513078782554,0.09203483769645182,0.44535212642729755,0.8530688635661239,0.6173202945610637,0.1732662051137292,0.38682611775490644,0.18442569662539254,1.0
0.5204373884456782,0.9630457393427155,0.043482332790156786,0.924377811173998,0.9919071061768778,0.10520456827042868,0.6598999958331597,0.542872717089076,1.0
0.4626724117805609,0.2206464427226878,0.32334328950601005,0.642378211751785,0.8720807501044081,0.7425601649535299,0.9718313263052627,0.9555803377941363,1.0
0.5663643425166018,0.7686406576772639,0.24054079581108495,0.24785047571928254,0.6724899983071813,0.15248836389954223,0.23011875494812284,0.5204211758116462,1.0
0.8360310643635276,0.519247912238907,0.9819958473792485,0.48724796428225614,0.8449853032559961,0.4774913352703842,0.6782799283303471,0.4419162115847519,0.0
0.5157560862764574,0.296508000894091,0.33056845695595816,0.05515239862530197,0.3037996615423966,0.2985076289946367,0.980700029167882,0.005090082881585356,1.0
0.8452581056617068,0.57877372540254,0.6487886243873345,0.3525103095723501,0.5232714808873341,0.9355268240502757,0.6388116171507146,0.12497666246591049,1.0
0.6666947873756057,0.8204254684288685,0.9035019762887796,0.49432015184816247,0.698152386582475,0.3441969658058889,0.7580724196841535,0.4664939689144046,0.0
0.6407560862764574,0.9229026953873076,0.8873969074489824,0.868485272134244,0.6948407768711086,0.6995357763661408,0.9750872953039711,0.6750456748881466,0.0
0.036972365301804255,0.3304436422637494,0.241133762037745,0.21208312387005895,0.5858938321434959,0.1357019757493691,0.1493753906412767,0.5219389490108219,1.0
0.851907857456657,0.32554923686352416,0.045294660438619905,0.3782236895336452,0.6491943722004149,0.7345833607477668,0.9254002250093754,0.6221994959092637,1.0
0.3147389124819869,0.20086520833543492,0.1227384374238894,0.7263066860677189,0.32794116632553805,0.9335760660323498,0.8598808283678487,0.4846330672854447,0.0
0.4873830868261376,0.48468789371996573,0.5902486637698432,0.6613918619041239,0.40415276547668766,0.466296695623383,0.5596874869786241,0.3448937475412241,0.0
0.04978532756911863,0.65163737067137,0.30607218640841816,0.4260049263109306,0.6327663363636026,0.7028467324471573,0.6148989541230885,0.2468460989644803,1.0
0.5798137347909411,0.7844300726794114,0.4029870109885795,0.9574679239326658,0.0869113806767135,0.07542692231775411,0.2702112588024501,0.3249793296126636,0.0
0.09679705125184906,0.684546984115017,0.9880043065001303,0.4530118276560496,0.49299045706635053,0.14716483467504876,0.7735905662735947,0.2658436851966688,0.0
0.24771956967887215,0.9413443859415325,0.5960252425855344,0.7282559877757454,0.08302055103105388,0.699070969070152,0.1668569523730155,0.3175821647896621,0.0
0.08634728969423777,0.07613737783896479,0.4652275053552677,0.8345313969420793,0.08848214660022041,0.46397186324053463,0.49201466727780324,0.013980849886312818,1.0
0.5574002033180314,0.1257504073583059,0.6598634293982839,0.4479666698058524,0.7074798705816239,0.06456656189047105,0.7689428726196925,0.16000546765084384,1.0
0.6986759921304462,0.26357449546769085,0.25304376064221823,0.3460694962668007,0.2828349777731315,0.044738763442800034,0.5777074044751864,0.19070849419562186,1.0
0.374000653673838,0.09320687218373247,0.12738877837283702,0.8703557847013772,0.1280742038312891,0.705718615426084,0.8772490520438352,0.3804426463430084,1.0
0.737874403363449,0.9957498817346853,0.2699455532308567,0.36017460946981805,0.3242090052647192,0.22313615457920083,0.4194208092003833,0.9863867162755963,0.0
0.2091666083029312,0.05687486494393079,0.9773715067391209,0.7826443704893549,0.10216744470877415,0.4105105345708385,0.11389557898245756,0.22982636874637435,1.0
0.16989285479314836,0.05976022006108911,0.43156294223739555,0.14348643274869316,0.7933155949992332,0.3026022841352144,0.7907329472061336,0.3669193788215212,1.0
0.5060276474321018,0.8081487058243875,0.7305980654709001,0.056081951317861145,0.9221099101001841,0.3462400485606892,0.09392391349639567,0.5768063251385249,0.0
0.754623734302808,0.4655623615260499,0.40021267191377663,0.3402202647262077,0.9858832719266453,0.8886972236784298,0.6995374807283636,0.7001768651690639,0.0
0.437411525882725,0.7135991042099266,0.8796246722767197,0.26697130032590055,0.007224992583968248,0.1588534647245221,0.19229967915329804,0.9226535776439759,0.0
0.5018151121750998,0.013781692051455852,0.2748118559285745,0.13435591203736258,0.3489812044059984,0.45678937013305376,0.7966956956539856,0.572007961433058,1.0
0.48505808783423854,0.41585243674332095,0.5810281052725973,0.7181081055986714,0.5473384273555253,0.31761089049861724,0.0011475478144922224,0.349339547785268,0.0
0.4550272930050533,0.7483130932843883,0.8620951579465699,0.7045834322618982,0.2558369077986936,0.41650898945800074,0.9133538897454061,0.17377044534682912,0.0
0.726178576052192,0.4472709249966949,0.21436962781884472,0.47568399983552434,0.5066412620042867,0.5110272347361742,0.22329680403350133,0.8650732131783722,1.0
0.12550458102266004,0.11537013725147688,0.333983783235956,0.4457438610127721,0.3527467973091082,0.7248887327740081,0.014500604191841293,0.7724557086942316,1.0
0.7838843931126548,0.19244248801551594,0.6750025071726362,0.8436751818185435,0.750355942987565,0.48186933184481806,0.24673528063669314,0.7789327078874198,1.0
0.477823106945709,0.8295625590331073,0.3525214728060648,0.9459315489494118,0.21219747499377795,0.171400078104605,0.029233718071586312,0.38483343668527004,0.0
0.22916892162917596,0.1959593878767832,0.7337666541263816,0.30363822785448147,0.2065482896428683,0.2499426949909055,0.8834118088253677,0.9499343215112054,1.0
0.3529737914992689,0.7372410175436174,0.9186781973614462,0.5104048090557108,0.004365243407691732,0.10649525747989552,0.34912704696028996,0.6097789268735039,0.0
0.3112978396928582,0.3729360645232195,0.8485115884437648,0.4512468978433794,0.8345662430728427,0.4121583188832739,0.8019984166006917,0.6960386202849846,0.0
0.6341315370036695,0.596402292143732,0.699153610355127,0.6736662550354087,0.6827413686147171,0.4015476066669072,0.4964290178757448,0.20230558167136753,0.0
0.32463846318733913,0.5624061244177656,0.7742178284648198,0.03550684364600065,0.15037324263929003,0.37937481296281755,0.8988616192341348,0.6044404659505378,0.0
0.8571635118414713,0.6491273851499115,0.15427495485762704,0.656689184797675,0.3740702100527957,0.00996311255340504,0.19775657319054957,0.6288415248077988,1.0
0.8612346476846575,0.06510671486829939,0.2176101152874918,0.9281994824322765,0.21752322053712764,0.6545683234888988,0.32841701737572393,0.5491821861268362,1.0
0.698154697856247,0.5052039393101163,0.13046901904018532,0.629579884097725,0.7924901468931471,0.43450859893497584,0.38164673528063664,0.13729221259826768,1.0
0.18701332603256066,0.7711371044084956,0.163263102431135,0.6953982631902174,0.8970275377554287,0.9079211971228641,0.7468302845951915,0.516864702313083,1.0
0.5398767570137293,0.6425379763065862,0.4939008051075219,0.6511946370327532,0.03514509154222145,0.2819340122208238,0.4742489270386266,0.4460702926526775,0.0
0.14071337463363498,0.6976233317423042,0.586378597394769,0.62760193179301,0.5513595350532866,0.8823955297848092,0.8070202925121881,0.0935635080981243,0.0
0.557451669521184,0.9887994384853119,0.5456411543500373,0.0871744808074163,0.4481440286219023,0.6210122611495386,0.4437526563606817,0.9123125495922599,0.0
0.7930326433678634,0.9309325253241743,0.7394283540265723,0.43860084280505257,0.3086817718451883,0.33133013415739354,0.5401183382640943,0.4610538230214772,0.0
0.03243856420965957,0.13920371738014314,0.5914388411715421,0.6584145873982472,0.3704855736293873,0.7797972782243088,0.7147189466227759,0.8562541257426337,1.0
0.10314649509850743,0.3890573126191612,0.5860843694102652,0.6826564408796264,0.767661697350553,0.26036239051029053,0.976874036418184,0.7045251478599481,1.0
0.1372155298472144,0.9194083601764182,0.20447571438501572,0.2206767111767835,0.006773132048878361,0.5664409132296042,0.41096462352598023,0.8655024571089462,1.0
0.2198821901469281,0.13019219241859603,0.25339582604838284,0.26208451660739795,0.8808990618388257,0.9083730046714196,0.34026917788241173,0.7404724517079742,1.0
0.6146017046455411,0.3979212382205888,0.44558851699014057,0.8237510793714378,0.9196054405812684,0.26668079836489705,0.15529730405433556,0.04399958659225328,1.0
0.8903334797732516,0.07037383519947416,0.675087936758759,0.27940831212172257,0.015075107552359301,0.05618411250458971,0.9067152798033251,0.5924383055616678,1.0
0.29415375766952545,0.2654393974548136,0.5708301474111386,0.35528145895205143,0.09389173708137888,0.35993992524879925,0.308071169632068,0.6072226334073467,1.0
0.661880575063192,0.9176007989479031,0.8491422285872865,0.045576997815391984,0.3813426970793836,0.20225219297780173,0.4779665819409142,0.9189504110739933,0.0
0.062093708813773074,0.49582553968007037,0.6342528599013155,0.0938805774156366,0.14270488014684535,0.5337730785312089,0.45111296304012666,0.6066700339394424,1.0
0.884612772532116,0.93176529365636,0.7232529782292516,0.6338862279499835,0.16291575547207615,0.12371196380021349,0.6637076544856035,0.5389128376441092,0.0
0.32482151308514956,0.6361296155992348,0.8728499999734691,0.4249400791340092,0.7341462754539699,0.12201669061450071,0.17799658319096628,0.5306421822594733,0.0
0.23320689625899071,0.05450026732474034,0.09880674501072645,0.5838365536515584,0.05510018674071909,0.5734857151346774,0.7928530355431476,0.0003200576103698505,0.0
0.6040675809611128,0.3711173537027529,0.3057352436308529,0.7607627425518397,0.37399114109245707,0.6782655365552899,0.5439009958748281,0.026660632247137828,1.0
0.7193964446934631,0.4714517352747073,0.3026170637373693,0.36585989592936036,0.8684337606418064,0.4631552668609377,0.7690278761615067,0.5786808292159256,1.0
0.4207675149570337,0.010286825907616592,0.5857113445714804,0.41487549591397394,0.5984424476141604,0.9825933381865724,0.5600558356598191,0.5296445026771486,1.0
0.24764449269179917,0.6798102658009627,0.4399069188944244,0.3520741838227589,0.19318988065893627,0.8000370890753307,0.8285795241468394,0.419072933127963,0.0
0.32560915822514824,0.8733671820786768,0.9954714360076685,0.9306292122014401,0.04808268384461939,0.6614282106192549,0.6082186757781575,0.9719099437898822,1.0
0.16024851278590274,0.9866873872099313,0.07431631126720734,0.05302827522081521,0.6033516217892828,0.47027488363899544,0.41111129630401266,0.3228689497442873,0.0
0.39100280570394097,0.8168206991643645,0.3656025465445324,0.7600523138672868,0.43673713709867856,0.9569538567332325,0.7033601400058336,0.9506594520346996,0.0
0.8955461572255365,0.6712789696927544,0.16460954699502756,0.3166609851826011,0.06195530640283459,0.7531422246653494,0.7948931205466895,0.27600134690911027,1.0
0.8153249374446871,0.5516329639278844,0.8540586747377286,0.6607342245968025,0.3522092345116377,0.6941849211419403,0.0599824992708029,0.1475640615310756,0.0
0.7405631145436062,0.17850735634148962,0.6485089884128827,0.6520369115187337,0.19069575909120573,0.8902197859339549,0.28686361931747156,0.18773295859921452,1.0
0.07428509729765298,0.37030502628914497,0.6633936345937823,0.7699664814547075,0.04620068338930955,0.039102179076030974,0.8582940955873162,0.8245034106139105,0.0
0.10040154250047223,0.2589652010616535,0.8437049803326235,0.6827076405570419,0.6262924989028519,0.9288961569562975,0.2147664486020251,0.5037131683703067,1.0
0.08604698174594588,0.029007787193578605,0.9818958257830737,0.8075359027789752,0.41554798238831775,0.929682774326507,0.4350556273178049,0.7408733572042968,1.0
0.6000434013960606,0.7429931451246816,0.5192656982170686,0.8779702113379431,0.09489999899173807,0.3013041664986427,0.9758164923538482,0.9347874284037794,0.0
0.39182599966467385,0.6486851180025027,0.7278494613956435,0.8710869054835385,0.41658728815223267,0.39604155037640904,0.9730013750572941,0.6294249631600355,0.0
0.47353947404723856,0.8425579393855087,0.5933867418588523,0.39188126980505655,0.17090304712669235,0.32680277313795864,0.46277344889370386,0.5815263414081201,0.0
0.8668065274001822,0.701438084988561,0.6510931007384618,0.07684275730159129,0.8175916231477831,0.199677977685005,0.2206425267719488,0.2530772205663686,0.0
0.06705966683857445,0.9473935705081612,0.1815612177271167,0.16912712508505645,0.6944350841182299,0.884856196263289,0.1560181674236426,0.16352193394811065,0.0
0.6678196157331653,0.7230969637537383,0.3877444625974945,0.8272578593494457,0.8504248762623837,0.8731832189709294,0.998289928747031,0.6344608696231988,1.0
0.29312549476530353,0.9878166815947313,0.04276069156576512,0.7971718147102245,0.2428372277891841,0.9904462468402655,0.5209742072586357,0.7255180932567862,1.0
0.5853625343019592,0.030089563079347348,0.14831955759147997,0.5844284006998174,0.0005221735367333391,0.533139805120521,0.8120863369307054,0.2420068945743567,1.0
0.5122627514150553,0.5886448308102514,0.42116971675051323,0.495311515550244,0.3548638819887807,0.297930068787235,0.2760431684653527,0.3316913711134671,0.0
0.06328459430836858,0.5096313891807545,0.4860463240604205,0.6695904423731713,0.18497466874616264,0.7652688666130405,0.5753348056169006,0.3223621918612017,0.0
0.17460652230661977,0.2743213747765435,0.7343299057143903,0.7664039919831386,0.1785040152703919,0.04407975583821311,0.5022017584066003,0.22674914818000574,1.0
0.9819693197759682,0.011176934998409827,0.5310841651221245,0.47433742179116634,0.8782850101701787,0.9888679713814541,0.9992133005541897,0.15201319570856087,1.0
0.4319908613001743,0.6202302974764226,0.8643805320299927,0.10804352237863624,0.15842341799726284,0.6406315330363378,0.13301220884203507,0.5090107886086163,0.0
0.6136010318708442,0.581506437296553,0.542534913373869,0.8899302437555626,0.08765935181495105,0.639877282384228,0.456850702112588,0.04191587819140774,1.0
0.9807720673284053,0.8893625990654517,0.6194016426888989,0.54076276908017,0.18550161826036615,0.6204224970976074,0.5318788282845118,0.9867009395024438,1.0
0.7962532604104987,0.05054003845016425,0.5920201337901605,0.4254274045610158,0.9264204950990511,0.775709786209868,0.026576107337805743,0.7216674001320238,1.0
0.30450164797965973,0.1614285706700957,0.8331562836113686,0.4216802779107879,0.9551718794691872,0.8654260839666952,0.6468244510187925,0.790168897068139,1.0
0.11511610138735906,0.5384005220132765,0.6280714191339987,0.22527062212913723,0.2082331483614948,0.560811491988972,0.8113396391516313,0.684998299693945,0.0
0.4265717884558654,0.550124317950259,0.5163032548672313,0.09693664106240663,0.5005664839943729,0.4409949423023455,0.38252010500437517,0.818008074786795,0.0
0.05724739644681587,0.05121034129962826,0.8480632157712567,0.9139099973339029,0.07904003914178864,0.8165504825294007,0.32617609067044456,0.8889033359338014,1.0
0.9806694002118073,0.16685364355391646,0.9383914723232019,0.7690056253324331,0.900975413798648,0.23831985958150365,0.5696229009542064,0.32421085795443183,0.0
0.509641423820469,0.5366322498230666,0.9346585708426169,0.042442410311031464,0.7034086151204263,0.6594559632229187,0.46233343055960663,0.18216195581871403,0.0
0.14801494323861436,0.4026996347712236,0.6947614153294637,0.8689720669946452,0.8777049942396405,0.24462871660126118,0.5860602525105213,0.5685590072879785,1.0
0.9161191087114773,0.3984850890135637,0.9161885351372949,0.6757999286387916,0.5409656814178921,0.2423643728391236,0.5356589857910746,0.5193993252118715,0.0
0.05366731185123408,0.892330514256346,0.4665354800744776,0.8133848690362655,0.7114001520883493,0.9352105852963837,0.32668944539355804,0.509032459175985,0.0
0.7696770681454976,0.4359970947348972,0.8857981537658264,0.0058311922760113655,0.43992138741084175,0.46244240315984064,0.7888762031751323,0.16170827415601474,0.0
0.25902223764439725,0.8821928805076993,0.21462432472157117,0.7544723448789048,0.6623781926746057,0.2522882208492603,0.29557398224926035,0.5741541810859287,0.0
0.13645361780879195,0.11441419247487489,0.28004746913524564,0.11086799370217443,0.6240111736646234,0.5966085516052831,0.35833326388599523,0.33286991658498527,1.0
0.7874981695010219,0.9247110530152478,0.25791643076250415,0.22681695850040656,0.1945613821891064,0.844945114535734,0.47650735447310305,0.4023799283871097,0.0
0.8478547613135449,0.21391633664759374,0.2996331303363644,0.2232611011114044,0.43882874989851045,0.10324823893217422,0.7877611567148631,0.4189229061231022,1.0
0.05019201668990608,0.4871453168793672,0.8572583045782298,0.42606859430357163,0.7031592029636532,0.4684042465134147,0.9768040335013959,0.5321899608596214,0.0
0.22026261558672539,0.5234470609410149,0.501074767867651,0.2026979311881641,0.8652057305361671,0.22784179784915204,0.49475061460894204,0.9941397784934622,1.0
0.2504287081664661,0.46840364920835237,0.11251394863506337,0.9188617754615598,0.29210170072557706,0.7482771355136121,0.04221259219134127,0.5063453088222547,1.0
0.4736057964739815,0.9582192933600993,0.9897850623450262,0.37450547876340845,0.16070447790340953,0.9689268894204341,0.9052110504604358,0.32107446006947915,1.0
0.06942790805270987,0.7454341093626309,0.5126987630751043,0.5284785604666864,0.7435984655315053,0.9400536544677744,0.7107246135255636,0.7174074666773352,0.0
0.19118394551586115,0.8574606963610386,0.8661241445765744,0.4071886469357789,0.41523701318859646,0.7046292896513521,0.571554648110338,0.7824933488027845,0.0
0.003948571998565353,0.36678387896427717,0.5305230360083052,0.04164311172008367,0.2743353298688039,0.23022340463915886,0.5141939247468644,0.7669055429977396,0.0
0.9654438933492933,0.3010652638710215,0.8643213680619635,0.11390734450087614,0.7025736150593999,0.6301834503133735,0.5586724446851952,0.28340517959899447,0.0
0.12327959625028923,0.7246018932007133,0.6604895592841531,0.9696850158705735,0.39978274609152575,0.03685189626519908,0.04381932580524189,0.5080714528615151,0.0
0.021589011063641972,0.8147649267816914,0.8413723811984869,0.4828705245048819,0.27979029213592854,0.8856905678077438,0.1787524480186674,0.23314613297060133,0.0
0.14776981554937263,0.2847003175509974,0.03510068221626628,0.08378256849946486,0.44147119209989644,0.5005677440715846,0.4584949372890537,0.6673984650570436,0.0
0.16561665000647313,0.20080149638142647,0.052069598051144195,0.22530378254197114,0.7643811314927424,0.13675044517502433,0.7690320430017917,0.6490134890947037,1.0
0.6291448863817244,0.7927726221238698,0.5059028660299598,0.33423520813464724,0.4012932816324928,0.41924556894323195,0.8991424642693446,0.3324815133390677,0.0
0.018383780824011098,0.9513176959421324,0.08574689601415264,0.12860350890224448,0.6799126632919964,0.870603432357804,0.648399516646527,0.27122131983757075,0.0
0.07892925890789781,0.4174553233195839,0.49958240320323805,0.12577479304586353,0.14036067120526036,0.1454801735280572,0.4639959998333264,0.12085758769911914,1.0
0.32659019956152924,0.3627509122755414,0.8012379861328149,0.07535770137323905,0.8610652234016528,0.6578278111821175,0.10375015625651068,0.7200871156808226,0.0
0.40060337490953624,0.1509760936820571,0.2940547375481072,0.4838480934752245,0.7082647228792139,0.2512933422191471,0.5774040585024376,0.10099317877217895,1.0
0.0950713417079988,0.6860657178186937,0.49222272395153754,0.4562660579299148,0.18189761259499548,0.06160872139790263,0.06552106337764069,0.23659175318223946,0.0
0.7154449545081211,0.06561110117086644,0.6901917283997128,0.08143825995376114,0.048255415029788806,0.565418443298816,0.23064461019209131,0.34901949017489814,1.0
0.06300259134985775,0.7695286430362569,0.1523084825211597,0.6156169627449394,0.13845797484757993,0.17374878757457607,0.49951997999916664,0.1510038473591913,1.0
0.5749721976387094,0.42111637147679526,0.9791079559353133,0.9606648530131541,0.811835508967959,0.4821486937641538,0.9416625692737197,0.9303866362611937,1.0
0.5582523138568243,0.44475801934401105,0.014649847473698518,0.43200298178432206,0.4322142864344728,0.9622203462495995,0.2051435476478186,0.7788460256179446,1.0
0.2870752977081092,0.313993746671714,0.9841769549181176,0.13944059709965767,0.7998090670340279,0.4098300375878412,0.6752498020750864,0.5179290605642349,0.0
0.054899847829824155,0.6031892080444836,0.6776330486211082,0.045148830564881004,0.1870161337825582,0.06354594906645894,0.619624151006292,0.6648855127256239,0.0
0.6674360068168843,0.27737238097412387,0.9685820758115943,0.08651525180027886,0.36874579116985445,0.5458286198194681,0.03618650777115712,0.2288828655824715,0.0
0.814149704042803,0.8003105426824961,0.09644708433067506,0.930661576764366,0.5932392854925439,0.5583646211608297,0.6960440018334098,0.991150073679929,1.0
0.38105338053367804,0.6137876915937917,0.6667206128856469,0.6768517769338821,0.21360691901162732,0.8534066236100882,0.6693187216134006,0.8410038806985258,0.0
0.12473842434892607,0.24240726061427875,0.7709208301208802,0.6324449437665719,0.9391179618675345,0.12414466967907067,0.9381724238509939,0.2821899608596214,0.0
0.2330983927688393,0.23092264997130302,0.9004923078882283,0.9204797383245502,0.48417851330189327,0.08621087606624456,0.48532355514813114,0.5698634087469078,0.0
0.16191294040744258,0.9579049810536576,0.7092796694034202,0.8288880252443591,0.24984438273409848,0.724878916638191,0.8501270886286929,0.5581021250491756,1.0
0.4238345292593324,0.5509998263849253,0.21717235498593068,0.5736250034818433,0.4480779609335656,0.5104090834806638,0.8370182090920455,0.25015752835510396,1.0
0.9254647345086728,0.4504814765457714,0.13068869511878695,0.321992648999683,0.6632110700789787,0.24746345744466353,0.22063085961915074,0.056052589466103864,1.0
0.7574864755307387,0.5769871360255527,0.6437480134968134,0.6503815437100666,0.3703900540799849,0.17228061201749711,0.8261060877536563,0.8571551212551594,0.0
0.2554490505811967,0.8345801408777489,0.6128437280622394,0.3436572751956133,0.7433721372658378,0.13900948291780124,0.7262244260177507,0.21456612190194235,0.0
0.867834525014697,0.9739479165394639,0.13100680093792133,0.6642420657080212,0.3049955132344989,0.39557515127461196,0.13147714488103668,0.7102895187800471,0.0
0.6879094746627107,0.33263028961861485,0.9615871968111948,0.5457076498419575,0.28446225943003484,0.3888606490747364,0.30034584774365597,0.7785017969901249,0.0
0.6872958595704853,0.02108175464845069,0.8733893737268471,0.4888677841283653,0.06639139347633316,0.29141639942015823,0.820707529480395,0.12016412954331779,0.0
0.38480563814908436,0.6720251959540785,0.6987755446401425,0.3205150210038055,0.8309550734412668,0.736467262921749,0.5826426101087545,0.13518600014669302,0.0
0.7037164965629066,0.9691026224371202,0.7595838995475416,0.12708794539408502,0.20957519803059915,0.10890763918219387,0.8874103087628651,0.1540177231901742,0.0
0.30004982140696934,0.34755773497632303,0.6517961703136964,0.8912701897173538,0.6063888781281989,0.5030835931514147,0.7378599108296179,0.7657761730444814,0.0
0.8105346012059009,0.0487895525137817,0.19358821772127988,0.2695169588983315,0.7869086212230642,0.6534933239664406,0.26458269094545606,0.7319217459142646,0.0
0.9949032541496616,0.3675043549775229,0.6301559540972507,0.2513591126804092,0.6361814255868217,0.08605461379607482,0.8598508271177965,0.9827627306248459,1.0
0.6114203504795377,0.9349583244180841,0.3487352441614715,0.32519992412897547,0.5594115677358311,0.17319696156107334,0.2270844618525772,0.5204253432284478,0.0
0.6025291659503845,0.5171496652202283,0.7472762023418319,0.31427290489195675,0.9266412513910034,0.485667380503138,0.06813200550022913,0.1128853193574843,0.0
0.2633891715108567,0.26775187591884575,0.4057748808363397,0.8046599664947189,0.08378258476962008,0.5027761093294677,0.5682936789032876,0.9790745667553493,1.0
0.7540623812828562,0.031175320962241626,0.3827014639235103,0.08392635204951249,0.8611257191162743,0.6708750474888734,0.3550572940539189,0.2729116240923366,1.0
0.5345324958667864,0.8337075525743081,0.9613216222282477,0.08120534121401601,0.13162700040489672,0.4000802270127323,0.8364140172507188,0.10100484753922373,1.0
0.06042052663190317,0.3778657769646244,0.6389514871380717,0.052378596412573974,0.6860434263711434,0.8850737430570736,0.8117738239093295,0.9906633193974915,0.0
0.9135073315463419,0.5050027157220396,0.7543793275258902,0.6746947583998641,0.9682026033322526,0.8128092082782392,0.4558698279094962,0.5529361951817994,0.0
0.9932640290502841,0.8175348039822095,0.3605847522515472,0.44102871559109763,0.11083929313410784,0.11905964602483643,0.4837968248677028,0.9011063658125129,1.0
0.49408801888013787,0.16299057540920325,0.061229400724718774,0.14416025233747748,0.11381286977342231,0.08236029781625465,0.777181549231218,0.6097872617071073,1.0
0.22888346990447456,0.4004572394566007,0.033182761476881206,0.8532779068086286,0.12763932454942634,0.39587122715493367,0.1092428851202133,0.031871570215972145,1.0
0.6942618366961457,0.08480910571246686,0.09855708898419974,0.38930669535263446,0.903932274516817,0.9235328325865997,0.08922038418267425,0.5305938402245738,1.0
0.8642074841409814,0.0215309239242103,0.4154557509234089,0.48223384457847146,0.5814542957529355,0.5438399237631139,0.6158839951664653,0.8037638441586152,1.0
0.36181828503999514,0.36989488058521547,0.7776899309293837,0.37700524332447727,0.17211004276622488,0.60797616748344,0.3823600983374307,0.12369476505771038,0.0
0.658350630222228,0.5960287808133574,0.42779263214922264,0.7863487865278527,0.35995003266237924,0.7576441167918534,0.445251885495229,0.11148840124555748,0.0
0.5336925886545143,0.7177029504474968,0.8027733308995629,0.8759832394009373,0.701093858039907,0.7638887709773476,0.3843626817784074,0.7847620905096251,0.0
0.4016035171048192,0.9588787120840869,0.0617276515406775,0.5141604247716243,0.12210953863526969,0.4834834229343136,0.37130047085295215,0.2611461729778026,1.0
0.1527994431038472,0.8046211873041189,0.4906653585150746,0.2855207046985652,0.7361373273948476,0.579513883730259,0.09233134713946406,0.8144699379221594,0.0
0.7952127941797561,0.5652070611958627,0.8134910296281479,0.9697882110753125,0.13225504144221784,0.9517738553324433,0.6608350347931164,0.26368162935995143,0.0
0.4536154211845504,0.020170408239654603,0.567448780718171,0.5358186841682904,0.09428363256601058,0.942871150748255,0.05704571023792654,0.7998089656138105,1.0
0.9868416305342086,0.8924077650005813,0.7598213513474792,0.11743189846016305,0.9349018350897433,0.2829047484628462,0.7850185424392684,0.3249484907283311,0.0
0.920138513061804,0.9462417114729831,0.839661401692567,0.7318656976751897,0.7460193554446939,0.6179788098810816,0.4676286511937997,0.18210777940029205,1.0
0.3282278329226649,0.8829428232996739,0.81030970612753,0.5137802737988967,0.7334107749235711,0.7670853823411432,0.10104337680736691,0.2335487054336447,0.0
0.7083526994819422,0.8806096384505889,0.6243631914158654,0.9100615324620545,0.40077747606571956,0.7523545460912678,0.5579257469061211,0.7319384155814713,0.0
0.15946511228121563,0.8233182566073278,0.48467732820826565,0.6612379975885747,0.8186784233543176,0.4587645358400384,0.9850168757031543,0.5594990431611023,0.0
0.5641653561355142,0.8125281062630443,0.27878486230183386,0.8940853761252986,0.9150143995720724,0.12635489204373007,0.07643485145214379,0.6545019770225308,0.0
0.1407709425000478,0.6662369649324096,0.4922479283325365,0.8759320397235217,0.8436684601346507,0.3522156875646008,0.5096629026209425,0.617628673161169,0.0
0.044367315883637626,0.603478035569322,0.5269867286995122,0.6210303338192439,0.11233895005972622,0.31697947419470546,0.38802700112504684,0.37482580197768933,0.0
0.5431353104844615,0.4033779016149387,0.08208138308908075,0.534528876750704,0.421819902134915,0.3144397480277526,0.7114046418600775,0.15522460709594393,1.0
0.60743782139848,0.006571622589498005,0.1926694517065488,0.8317827966431051,0.8960041519164141,0.7092863828441538,0.826632776365682,0.7092693351469932,1.0
0.8106038418194206,0.21427365452299119,0.30180123772082357,0.6576338586384864,0.25005266841821217,0.22784259375205612,0.5063969332055502,0.7223191841198082,1.0
0.9207001313714629,0.3804782325454465,0.5116669753097883,0.19211551496131507,0.021201094654036134,0.9899716234084596,0.5477919913329722,0.41995225807311987,1.0
0.09934250599024158,0.45923496809358433,0.13818155962587142,0.22934112912532117,0.6160498845540112,0.8280059130279755,0.8272853035543148,0.6749456568849059,1.0
0.6835274192829538,0.6920995053297704,0.8208289535194071,0.2754460407130285,0.42519147689673964,0.9666267300276126,0.24924371848827032,0.9302899521913945,0.0
0.35981455188323863,0.6948168201682313,0.45665456679505867,0.7742807838060461,0.5499745015869512,0.6077700286312805,0.9196133172215509,0.3609116307602035,0.0
0.11785495232213389,0.5613124025406203,0.4073648793134645,0.5220186467633448,0.18115017212092133,0.5054996890672655,0.33588899537480726,0.12714538616951054,1.0
0.20259697399948645,0.6522142293216215,0.9976061144236448,0.8006358840765024,0.4587973770331734,0.6198444062882698,0.8177624067669487,0.626303567975569,0.0
0.6327175428655109,0.8324824247920202,0.3861088309252979,0.3392418999059571,0.54237804408864,0.9704523699866077,0.5386766115254802,0.22396698072319682,0.0
0.7889124289288876,0.6870017526096681,0.2110323024653068,0.3953185455577648,0.9358647252141363,0.460484482015778,0.8907687820325847,0.5954771858934609,1.0
0.04743459547564327,0.1468597705201603,0.16661395855763017,0.0016532455422457182,0.2267565116472824,0.795299874990184,0.225972748864536,0.8421490868356304,1.0
0.47950504368790897,0.09615832845317457,0.6942735115751782,0.6701350689935549,0.33761172470629064,0.42078404925683893,0.753015542314263,0.47106729211258025,1.0
0.10766862344354533,0.3801610001077793,0.18220618457141674,0.009110889746933026,0.5547796655860575,0.34793452584349793,0.5664077669902913,0.2861615090716329,1.0
0.5211483648603621,0.9142960068001891,0.3490761665781418,0.05397480604474536,0.5103275206149761,0.4462187183628596,0.16119838326596936,0.21218152600801476,0.0
0.3222444888716274,0.3321752800804044,0.31944456972937924,0.13012490864306264,0.24562082665802037,0.7608545238059865,0.39521563398474935,0.17569912584265168,1.0
0.11828737454449761,0.8287051023187434,0.952187819863493,0.5995553851847234,0.2198087910886628,0.05649345343331291,0.1073036376515688,0.4526348075987011,0.0
0.9737320743744999,0.5850607679308003,0.23304342104634795,0.26398421033782504,0.8062584939432645,0.7745095646304995,0.8598266594441435,0.5691349442899722,1.0
0.4697044460432571,0.3943016028334829,0.6593856073963981,0.4223355276683853,0.9673227621494234,0.030862992212885965,0.4046460269177882,0.6688203876697806,0.0
0.3506328751249515,0.3969148548137301,0.5465747776840941,0.7754628862027481,0.4167531207032786,0.17986211778089534,0.22728863702654273,0.9537991838530936,1.0
0.6364912889471819,0.2520713021714626,0.06773106978535948,0.3950158573094172,0.8484890133944942,0.34665285686694414,0.02996208175340631,0.6261793789548785,1.0
0.06538648465670455,0.8287913789231298,0.40020259016137705,0.16799250839953261,0.6282933681307514,0.5491329433762838,0.5620284178507438,0.6898825121855268,0.0
0.39775018411105667,0.20409699720251423,0.3964391781143196,0.9303671122984012,0.6455404841036896,0.34173258511385657,0.34541772573857243,0.2573679929053896,1.0
0.30860329213914767,0.09234092054216747,0.5852375022086997,0.45386524404074224,0.8342576618618565,0.22631366427329824,0.8112729697070711,0.5646866435958473,1.0
0.8518104961341985,0.6903044210255819,0.6730625657635362,0.24479494263911789,0.32048400817010547,0.6355947941582849,0.49150047918663275,0.37939329079234263,0.0
0.6656548517242771,0.3444347873640081,0.20315553543921683,0.03626794144136375,0.9388956135830921,0.3882777828479741,0.5065227717821575,0.8373457222300014,1.0
0.6887987257604795,0.2777437685726982,0.20630210342498356,0.9129528551778658,0.9900784374699843,0.37774878332976064,0.572978040751698,0.7071656231454995,1.0
0.8925770348251104,0.7739430850496183,0.2878992970896103,0.04910977555706181,0.75491355215447,0.059780267126238684,0.3355206466936122,0.9261675434911618,0.0
0.13182325126330963,0.30146372905004937,0.5552832892831503,0.10973762154949324,0.627472961334217,0.7634406776423446,0.8512671361306721,0.7175283217645843,1.0
0.4641349539350953,0.8010822537254237,0.05607709462998112,0.5647865596867535,0.9127190117335153,0.5599161012218702,0.7678744947706154,0.19389240063211377,1.0
0.14866118896479713,0.260196169106392,0.5151335062796052,0.4440717803560367,0.25069954803333205,0.09350585678417023,0.07378224092670521,0.08203643322464715,1.0
0.6555146832547015,0.9382477195102461,0.5899491295998659,0.6252528481478583,0.07353307178665597,0.28672587830538476,0.996864869369557,0.6847232501850333,1.0
0.9980586099243818,0.39117467322404254,0.14473257621141544,0.3092359708241424,0.2798635237904704,0.11952737163147359,0.3472028001166715,0.2574855140591973,1.0
0.9216636635871838,0.5723616481645382,0.9639720618722452,0.6194800181984346,0.06099453893509493,0.611608403036741,0.42064586024417683,0.568082254805865,0.0
0.882333403369816,0.6292532374963962,0.39340350940494845,0.9202749396148882,0.041298142516228986,0.6656021907492736,0.7489437059877495,0.045936601921679254,0.0
0.06729842757484883,0.960045437241867,0.6579359575250465,0.06264903947548184,0.28615985408858163,0.9096193886192252,0.2825276053168882,0.31463913504430796,0.0
0.6730288444192596,0.26577335428040794,0.1791859037999186,0.2550200222572691,0.15703148589680382,0.2550102087812498,0.039759989999583245,0.292803537970168,1.0
0.6727115579297216,0.9313960297895859,0.5252001360505956,0.5979408710046676,0.08403465024720985,0.7383355123386175,0.9777249052043835,0.0007959766091229503,0.0
0.09927353066642902,0.30208492060163195,0.9863591236940814,0.8053783536783519,0.15636868635678353,0.1178143232809028,0.5580449185382724,0.7400298720436345,0.0
0.2332212219031672,0.2942536595880916,0.4705732219105133,0.6627562139297609,0.3357164576468971,0.5786235336815497,0.1335197299887495,0.03602898521733916,1.0
0.651708306539073,0.9733357508480326,0.8528921098613865,0.06008348465535057,0.1693988795556855,0.05701742284517247,0.9101245885245219,0.8953061551079194,1.0
0.490051901278272,0.3360848048582488,0.9773699148834788,0.7539423088401681,0.7532796371955248,0.6058256378365874,0.24386682778449098,0.5724288705300288,0.0
0.9356786535167865,0.09357693244993165,0.3452933869541063,0.4860921249325186,0.42211229808891915,0.22785187928593714,0.6609500395849828,0.19892747361191676,1.0
0.6021471487723454,0.09511053227621036,0.09814851270274266,0.5241143848544457,0.4029494844862985,0.24645292605743663,0.23865494395599812,0.9704546818427318,0.0
0.9398129283102319,0.5728591323387543,0.3210412009383458,0.958136172572094,0.3142380909675122,0.6887420064818333,0.5959423309304555,0.6612390230241444,1.0
0.888937790624874,0.6140053741033206,0.324825041799476,0.5436217272330554,0.2308909161439182,0.2633748830022731,0.600358348264511,0.8680454148413381,0.0
0.4057232009643812,0.1900405473493968,0.33725902621945425,0.48129235413729204,0.7605770654377899,0.22043406421981354,0.013094712279678289,0.14846339007688047,1.0
0.22094175723657267,0.9358141883335979,0.7215114881568593,0.3700885117739362,0.9310388653126593,0.37339970456084204,0.48917204883536813,0.2422711087995839,0.0
0.7335414265794818,0.17910969977334468,0.7652641710968894,0.5792598861138781,0.1436019679149833,0.6072545488503979,0.2580015833993083,0.12305048242016897,0.0
0.5023775263538796,0.46595631377500224,0.014586703866564299,0.37033469467881486,0.06807572153079627,0.5889938832208811,0.3974565606900287,0.8375674288038514,1.0
0.6088762221896801,0.17945055872729,0.48824335015571,0.5868403564877022,0.5355661735558372,0.5162090932437394,0.300360848368682,0.028035879791695806,1.0
0.38325289749417957,0.579706574595814,0.3137266242631698,0.0484818499796395,0.20111163528937914,0.9041252708722884,0.9599099962498439,0.6067642175591607,0.0
0.4091040529900273,0.005243228348421558,0.8850205322846896,0.9388880119801939,0.8443455876070813,0.7268628372771206,0.19018959123296797,0.4579024224360385,1.0
0.018909585023228814,0.7868152889576033,0.4609700874406304,0.29074307179494663,0.49819786450127385,0.6398462421709685,0.9355723155131463,0.5730189767491481,0.0
0.7707859791206388,0.07414133541317464,0.9444322991754719,0.2802168956282638,0.601290787510925,0.8434955100464171,0.12045585232718026,0.49188103858694565,0.0
0.6602524921315073,0.5588133011446383,0.4391937675667903,0.36610050788488296,0.9123777946764833,0.8275742683529904,0.572629692903871,0.8537961833129963,0.0
0.5174913462497586,0.4574512988478224,0.1830278473919833,0.8175636116199392,0.9360183524894252,0.042046754520197904,0.3401558398266594,0.8339159382022097,1.0
0.2749229068111541,0.0930497160305116,0.49023051661552386,0.9765083676985744,0.06945385636300822,0.7467214106370832,0.8995608150339598,0.3602998539737153,1.0
0.9380108153307738,0.2889700803354646,0.742169529442166,0.5001784030210462,0.14772177914712714,0.8296324732629685,0.1619792491353806,0.3414164549618931,0.0
0.26350059318778485,0.14004790077075535,0.7693557707154808,0.33310801938159806,0.45874855593014546,0.8022372300032049,0.8019584149339556,0.026975688957345645,1.0
0.6853337768977235,0.04995680860451174,0.7964268677640212,0.2305510862688036,0.9486662021586356,0.5562063977859043,0.42967040293345554,0.24374804131410321,1.0
0.8713342268290665,0.7877773394631311,0.615251940339373,0.808542387629309,0.33158762512397644,0.2040766677349452,0.1349364556856535,0.8503847359191321,0.0
0.4012729661299326,0.40458603954282424,0.37503667900708537,0.28692856318584026,0.39446787916352466,0.7377706865776812,0.488074503104296,0.802060204170084,1.0
0.6501425666885265,0.6581505906363603,0.6916626030129582,0.7943075508912856,0.10886018113690549,0.8658054643509784,0.02265177715738148,0.7592650010335193,0.0
0.6327889057966862,0.030532095693231176,0.5822405686532848,0.09476078741389904,0.938043366936757,0.06762176783830648,0.1086770282095087,0.5303963046681737,1.0
0.5459269540709236,0.3161554401779262,0.28642178974452304,0.2236171113035889,0.41854490825081947,0.2872331337562585,0.5229626234426434,0.13486760950304388,1.0
0.2473799988539485,0.23038614222525672,0.8904922707449301,0.8834053356430667,0.43546248177831925,0.5430095317331795,0.6620017500729197,0.8720861421722577,0.0
0.31475323812616335,0.4388874937150812,0.42464049266870885,0.8164515440151423,0.24677767453411664,0.19703531474245645,0.8105921080045002,0.1234097137484747,1.0
0.5173454369109243,0.002510250987933449,0.9866873112656154,0.32031658909340754,0.49502051282323417,0.2534112398469319,0.17054127255302304,0.23082404832869913,1.0
0.6601912102091969,0.5271086400311763,0.9965300200096254,0.7169565107817766,0.19313734490676499,0.9175858460872353,0.15371140464186006,0.3853576977189227,0.0
0.4817103970219639,0.15491588163805553,0.45870514217128044,0.23166713312314058,0.7052359571669113,0.3615500368237744,0.3668144506021084,0.8567758863262054,1.0
0.906518804795589,0.06353674613494081,0.8561734549581792,0.19632768324112532,0.8109386865319028,0.4151718725791287,0.44264677694903953,0.3218320964440266,1.0
0.1694495556927988,0.6095662437077808,0.7726941573061132,0.43283756305452503,0.45413124704486396,0.220244904629608,0.8349422892620526,0.3627286244857408,0.0
0.8195902653533765,0.23179895480539442,0.6203440212289868,0.3762080669999509,0.774691936186573,0.3822313084855984,0.9003708487853661,0.9782152454108407,1.0
0.5516550894238544,0.5764753166616847,0.05013177911623362,0.659783183956727,0.3701186193604329,0.613147148651316,0.2768273678069919,0.5102801837664113,1.0
0.1913996260476291,0.48016328311946466,0.6020360894898792,0.734180559774297,0.6516728391753267,0.37965444018312133,0.5960090003750156,0.7703178238749642,1.0
0.1438305286905513,0.08453381697785528,0.4734640317564588,0.2395579849610896,0.31530021529045105,0.5377077571880644,0.5694120588357848,0.7823766611323372,1.0
0.5543146187362448,0.27105746446598494,0.919289204618716,0.7781804483553099,0.08477758007589559,0.21972995545066143,0.17914663110962953,0.85757603035213,0.0
0.3304069225757297,0.49988399115040955,0.7912291937834853,0.890375123854142,0.5642443262714315,0.37346947871543396,0.6650993791407975,0.9266001213551773,0.0
0.97650726999913,0.22126471414304494,0.7065984538836767,0.7736178408326713,0.40806508702096284,0.20329509108312838,0.003527646985291011,0.3562999673274523,1.0
0.6076057497829931,0.8283955684088522,0.7508066728466041,0.6378614982405085,0.9677284549023021,0.84814570541405,0.26346431101295886,0.9291597487547759,0.0
0.2369493381552391,0.9468942280686199,0.7960846188009825,0.4798993515149666,0.34945216885096875,0.36632280123863714,0.568441185049377,0.4675483253652324,0.0
0.9770556238234401,0.4354876645693045,0.3283467570982169,0.7198807286271192,0.33620997531880975,0.8669125652905683,0.6242501770907121,0.40637981503337267,1.0
0.953216956044679,0.8263039580520495,0.6252779777914913,0.28547613710371655,0.9880067245762779,0.5669654132433999,0.22353514729780405,0.8618668026911511,0.0
0.5650896254746033,0.3453211799241509,0.08916965095381335,0.6447339274795035,0.4633698447966521,0.45061104118956713,0.9717204883536814,0.092138251551946,1.0
0.8151771710779039,0.06547942979924892,0.47940536763110125,0.0762700106511246,0.19051347595109608,0.8280958500561377,0.33802825117713237,0.07177125215872182,1.0
0.9113932378714852,0.9787998473036835,0.6165097716058586,0.9446515570140241,0.7023326935292404,0.582995958935655,0.6061319221634235,0.9036984990631647,0.0
0.7508677626315041,0.34937219833318905,0.12001556834817911,0.9728042169433793,0.8163336837485693,0.060694759563038714,0.7071902995958165,0.3226839164382922,1.0
0.3928020004966224,0.05196612435405368,0.5387118067402351,0.6465683615174735,0.2884077474845192,0.6822469081825187,0.45019709154548104,0.21610723263520765,1.0
0.10110058087834245,0.008097523888000724,0.8166121279236418,0.41702243368249037,0.6782068433389177,0.2111782440471769,0.4742930955456477,0.1867027731658365,1.0
0.23087632618324522,0.8909012427547562,0.4601797311143573,0.011167896475844041,0.12530625955527158,0.19723402516751098,0.15119546647776988,0.10751101865002366,0.0
0.9613931848135437,0.22785067192219494,0.31135555528435055,0.2030733070614436,0.17101581326140353,0.2221839894049405,0.4158423267636151,0.8341059724083668,1.0
0.4120697266242628,0.8439311974608662,0.652973612870259,0.6732041315221557,0.9143985638105083,0.7823248005467323,0.18723696820700858,0.8333725070512692,0.0
0.6685791401642249,0.4851436996576013,0.2442461051272078,0.5135773320723533,0.31955083523885985,0.9569947130823091,0.3935938997458227,0.9258799917318451,1.0
0.5288905796686214,0.018639463078126195,0.8577719433320616,0.06019437307586706,0.03238112724742903,0.8383839562953798,0.22341264219342466,0.8072936461896475,1.0
0.10195136496860036,0.3039129227487248,0.6881074587457345,0.05366707741364701,0.33988296732541545,0.5849575942932701,0.5723705154381432,0.5063811486067492,1.0
0.868609966828175,0.00453045086295184,0.9145319440324781,0.8396113069049265,0.4590985289458728,0.6808774245855469,0.43844076836534857,0.6307710387869817,1.0
0.5286918776780997,0.6823093671969447,0.40633256092960124,0.17503392310232907,0.9623931574040121,0.19893805328516884,0.7847526980290845,0.8647348189340749,1.0
0.6791294465207786,0.7846679306410431,0.3983475477198525,0.9983188997109738,0.6040359132279187,0.9679176845380475,0.9449385391057961,0.9897189827502284,1.0
0.04802672210160386,0.0984885931710342,0.8304819661327406,0.4827678598667482,0.5539956092847125,0.172534505043902,0.09309804575190628,0.7061396051289233,1.0
0.6679456283439767,0.8388745920443944,0.7350045871973419,0.10272777555971468,0.8232798123146987,0.7749223729367545,0.7972032168007,0.11137838144199286,0.0
0.715604128332304,0.7436456617203182,0.4774659568405486,0.48506866195081383,0.22088630467233877,0.16324658345413373,0.014747281136713974,0.9239104705513659,0.0
0.1537807497299351,0.297960367979009,0.7230969763763316,0.010992013646173138,0.16705201729328373,0.6233758274737193,0.16227509479561647,0.3201342908390177,1.0
0.6760313933227642,0.7242461681241661,0.6862354365106949,0.5990709778740462,0.07699512478833132,0.4587162510638569,0.17314638109921243,0.013098191007714644,0.0
0.8686616983210345,0.8764380982618847,0.5695038663520452,0.06840011619408659,0.9332660628062264,0.796997801185577,0.756116504854369,0.5903962713288392,0.0
0.7857257689687447,0.1361954512850435,0.07165578987081028,0.34365329594607325,0.6794833559838487,0.659204192604258,0.23116963206800284,0.17083241650163694,1.0
0.04136635871837491,0.1712441935845247,0.6716527122832356,0.5548347218703534,0.6704503905953574,0.883642974936487,0.7679369973748906,0.2539223726937515,1.0
0.7570370747671287,0.02097397525958633,0.06296293151890087,0.27229871961013963,0.5330762973014135,0.6813647824638183,0.6276169840410017,0.9846847432537857,1.0
0.7696805169116883,0.4971143794163666,0.2750416137595757,0.9942536983808433,0.28685820812754614,0.6452252192977802,0.32738780782532606,0.2508643222446707,1.0
0.12621237396086027,0.009740761368469075,0.41211656840495536,0.36956616895097694,0.1539875962558459,0.11007071862603812,0.4342264261010875,0.803827188894001,1.0
0.8162834291559755,0.659864973132138,0.4826278140691385,0.22317621045454966,0.008486911964407262,0.36173362509365126,0.4487478644943539,0.8592938395577872,0.0
0.12596300163630697,0.8199109944002501,0.2657207683568813,0.367508366372158,0.5726184721011276,0.08090565260854526,0.3360456685695237,0.7520028605148927,0.0
0.6527193256123417,0.9627080659864706,0.3733097809447451,0.2706550242667901,0.9135338465563345,0.2500488153781175,0.6653260552523022,0.7365759169983931,0.0
0.7168629279918843,0.8946443200527534,0.322959917605552,0.20235385874459988,0.08212266726667095,0.6139340313224935,0.5002075086461936,0.7048593746874438,0.0
0.23380114520260709,0.04171248175581649,0.33876465634755093,0.7799026675562499,0.029790690134051057,0.3123380337590176,0.3915504812700529,0.5881325305221606,1.0
0.6773225583265949,0.4183183548299235,0.9896749589964517,0.5275280503932162,0.7690231162616196,0.13517588392976532,0.3086528605358556,0.3841258093123429,0.0
0.9628801336211197,0.21741598118798366,0.07423751441292631,0.7300758312320685,0.6664348548713113,0.41296987454447825,0.4409108712863036,0.15242243603848693,1.0
0.26732288728583165,0.3710225821711653,0.7135779449462032,0.05538717434816576,0.2491823791903232,0.602163953875835,0.7132922205091878,0.8751508604882212,1.0
0.04276337431528732,0.6475558236177027,0.7632955762862326,0.5012594324794306,0.3128177683343142,0.8251388054664734,0.648446185257719,0.049459736085828765,0.0
0.8854585161179414,0.14742096664838483,0.5908026295332732,0.9662615348496042,0.8644444927938459,0.43429715406345576,0.8293937247385308,0.10831533009275002,1.0
0.9574334706472857,0.6840107418354457,0.9809163039446713,0.3479882903950201,0.5294781289418398,0.22175101822511534,0.13964748531188798,0.020785408040113917,1.0
0.9091422547078312,0.1522131674557215,0.07101851699544676,0.6377089603414727,0.4036451852044463,0.9372266073524449,0.20430517938247422,0.6872487047668581,1.0
0.09384092804706456,0.0065825067149744565,0.3753017229714851,0.7399093526954773,0.923783890203462,0.475476374418195,0.8190482936789033,0.24596177311916145,1.0
0.4572825208040189,0.6439964491204299,0.9876514451661447,0.5221645525798138,0.6310228392549263,0.4116266557433415,0.8690228759531646,0.1222378361438392,0.0
0.18234714537663715,0.3539002599978656,0.16655373335250634,0.9880829434774131,0.5840733887311342,0.5495348743428495,0.31954081420059166,0.36224020323658257,1.0
0.5869014798921014,0.8943196545537853,0.8677252860431934,0.31329029553886334,0.4148005419142436,0.37403881459282673,0.22842701779240798,0.07975435578404111,0.0
0.2115605826186429,0.28873487703858336,0.7918815892874482,0.8539488082810835,0.40625844087684826,0.8447477306155196,0.16103337639068294,0.4438098857794403,1.0
0.3897851259489413,0.35298227692719364,0.7471605274985103,0.36936269665782834,0.7339316217998961,0.5182643798430692,0.8411800491687154,0.19226544111273364,1.0
0.6824559141564955,0.6876744446574075,0.5068253463745223,0.8326847598721865,0.05230040261490071,0.5266993588206205,0.5823750989624568,0.6374389056696872,0.0
0.9255050585441325,0.12966816159687639,0.45229049455240466,0.4424450631440581,0.9158342757044434,0.9025175470060256,0.9434626442768448,0.1873878964880345,1.0
0.1353728275425896,0.9530352640356106,0.9267133540239192,0.5325103361006803,0.4961813406805556,0.7573838565422157,0.07238551606316923,0.6085953805018237,0.0
0.024291782598268696,0.23401719267078913,0.8718439472076995,0.521807215971116,0.6284944898486599,0.9266397722232009,0.29987749489562066,0.8998978149400225,1.0
0.631380748032081,0.36600712405832403,0.4837686439459342,0.3919348570321961,0.06765092486803709,0.45273981615704123,0.7430234593108046,0.5482370159962127,1.0
0.7598735523140691,0.690575993229543,0.23761469983174083,0.08126052014097157,0.05731703628310081,0.8212672684400091,0.5895187299470811,0.6973663592780034,1.0
0.4273374145501854,0.41892813132307954,0.23283037769958814,0.6838825803045717,0.37110247071927815,0.14219097212641907,0.19155048127005292,0.32740643315796847,1.0
0.5706203852855473,0.29127140920754535,0.3873663968825099,0.4735272465848091,0.2646379729478023,0.2931615491878607,0.14435518146589438,0.14248898134997628,1.0
0.3765816572329647,0.46794359580711625,0.38772933996889514,0.5704110962699841,0.43779209745541225,0.6845048847214235,0.3941855910662944,0.8776088029178586,0.0
0.39913499638144845,0.47448415881903516,0.2280439330932461,0.25720728308779156,0.9174647413463268,0.2997922162818388,0.5699729155381474,0.20292736025817976,1.0
0.5652570232797024,0.15992151749132055,0.5232209288689919,0.34322751624528625,0.5246830475618369,0.6548118697775505,0.42410100420850866,0.64141378781514,1.0
0.09639964727080563,0.007966914382283363,0.6238925327643687,0.0010303603475741996,0.757530787808097,0.03829009281289064,0.20844535188966207,0.26732061771118804,1.0
0.4684960514280015,0.08906373690785707,0.5495210371682374,0.28383880855963106,0.47081798166130784,0.5961259691444363,0.24701695903995996,0.5169697212164857,1.0
0.7820814842640758,0.8956082288236065,0.5102754281693713,0.809627661620536,0.5701545983907078,0.6818022637601,0.9773665569398725,0.9899931987757797,0.0
0.2824693378156683,0.9095951264602646,0.401815139926764,0.2675334356442604,0.4527045564417057,0.24847982545318714,0.29826492770532104,0.7967942562994672,0.0
0.8255242655189172,0.9520087051766493,0.6902946683978981,0.8109705256986568,0.1371663382739936,0.4738970377555114,0.2781490895453977,0.7204430130756869,0.0
0.9054173219322429,0.5519661243540537,0.4481283226670162,0.5040037882455621,0.43564158093344885,0.5527588117063522,0.49149214550606274,0.23270105285618076,0.0
0.3795338010921447,0.07645540667605705,0.8086064205905465,0.8917113558496957,0.0212960835392752,0.5858598828855407,0.7335572315513146,0.4572606402485781,1.0
0.8030836744958965,0.8371732174058935,0.1639980091192103,0.04255329873154795,0.5676355356073,0.3551560181932792,0.9169148714529771,0.01950767804871545,0.0
0.7281600248735629,0.7457478907361226,0.7817441219403871,0.502814523199688,0.44820956564607567,0.7202340272899188,0.7945739405808575,0.9242113580444481,0.0
0.08748193377095526,0.14494442990278078,0.99769605426742,0.3118773966688376,0.6688217822780458,0.5187543907310209,0.07550564606858617,0.045278150067012024,1.0
0.14133043849205085,0.06765545849511301,0.020893635920328668,0.3498832090259991,0.3748688596186329,0.429436575028175,0.15081628401183383,0.738510431877738,0.0
0.2042969504417605,0.2236278967038089,0.3952779194234511,0.4171529530674045,0.871475527626111,0.571758871133769,0.7761656735697321,0.5478377774666107,1.0
0.3865753857842919,0.4110923573794636,0.6407115488596211,0.6278518286641261,0.7528768630955445,0.8393488559161055,0.43453977249052045,0.07848162669280467,0.0
0.1461266111043905,0.6712561395759014,0.7834903875797056,0.8479751588715378,0.015487698939361527,0.9879537442456221,0.637217384057669,0.33612716955718697,0.0
0.4542184246884969,0.15526815565042734,0.3723008097769651,0.3159338436499799,0.8423298597826081,0.8599619452291458,0.8241893412225509,0.6368846392350623,1.0
0.8186580373230783,0.5640990041290654,0.20297963539077135,0.0794382891349244,0.4362441500909293,0.6751774332874186,0.6520871702987625,0.24387556426823492,1.0
0.48673949399702454,0.6703094861259256,0.8854224758343048,0.6935537483867459,0.9000982259366355,0.5010428981053267,0.4422592608025334,0.8120244977429271,0.0
0.4296051109653787,0.5291049479234415,0.5207461239641663,0.7532358594051553,0.8801882371920224,0.9682389640103319,0.3445451893828909,0.5927458609216326,0.0
0.5242175014803165,0.488867132436446,0.7723267039620756,0.2550683038183552,0.9696661750947633,0.40359466893622803,0.8946606108587858,0.011046988457922402,0.0
0.378213719510254,0.8927746396690801,0.924331672674153,0.5139893170414015,0.24476327337005171,0.35257596627918575,0.5633934747281136,0.6229087902489114,1.0
0.5409013058620536,0.8619983148188164,0.0683932817324483,0.5236790549547625,0.08536237198390384,0.045262467553691565,0.37451393808075334,0.2699827635641082,1.0
0.8397830566892269,0.5698723690281325,0.15915611487467057,0.6825903853372612,0.6541804926792225,0.5108213611849827,0.7632818034084754,0.008780747201162842,1.0
0.7112451531570536,0.48938134099858926,0.4080602549197625,0.20740777094378515,0.016438649120079196,0.9668527664523743,0.05080045001875072,0.8324090002867184,1.0
0.6246561845397648,0.36137845059960905,0.7538707296482583,0.12455369400366889,0.6176166704962931,0.15515410802630936,0.028929538730780358,0.2634940956038754,1.0
0.9534400646882422,0.5784623332273237,0.41776341098582026,0.25719985515531674,0.7937032451705581,0.8189830271052694,0.20541939247468644,0.40302754495809245,0.0
0.030042998155706047,0.8846625151249523,0.689698518459954,0.7935841233249017,0.9508456398775015,0.1748893164361378,0.6658594108087837,0.696611223353537,0.0
0.9975208676883504,0.3556974680338544,0.3468136090922549,0.03199953310138731,0.2063392079625096,0.737241411146461,0.5941072544689362,0.8127012862315217,1.0
0.5634886020930296,0.43907278931465576,0.5381719023683098,0.5739210596476242,0.42291811162096143,0.7685593945195188,0.8712838034918122,0.12379228261086994,1.0
0.7971406544803187,0.9647795008911708,0.16105785174836157,0.6359453569453158,0.7679628492632524,0.31935259135373534,0.26617525730238756,0.4959651070526028,0.0
0.46756488455653117,0.44186921316267724,0.49815636585724343,0.16181910066307564,0.8786233085743124,0.6736649524686786,0.2338930788782866,0.9456443826555447,0.0
0.43237102145026457,0.00913629420481371,0.2622025020786981,0.24825423690594778,0.4570077121422859,0.5511025377629398,0.6610783782657611,0.3573043147766598,1.0
0.9813326244792363,0.30966505032978897,0.28568131156170057,0.7792179713520562,0.5223942930253217,0.19937235096983424,0.08362681778407427,0.5320482686883639,1.0
0.20519681312780813,0.3454271010476899,0.8696543497720728,0.7292510654440644,0.8065530125539222,0.7240148313853167,0.3300929205383557,0.7089959526048022,0.0
0.1643835834484691,0.47824900436798534,0.45517281450159264,0.8747825671730483,0.523905359230452,0.5868616593408227,0.5700354181424225,0.2555051575950338,0.0
0.09691430930233053,0.6570053682630581,0.4566479340632168,0.6623842867394162,0.0856258467410056,0.4740625855595622,0.05729072044668526,0.9205865389103371,0.0
0.39253856781759955,0.6246155381775301,0.5089130650490583,0.9131404104728542,0.14163081588023124,0.48658054643509785,0.41469394558106587,0.5363623785614744,0.0
0.6284126867904827,0.4899130703480849,0.3374879881226344,0.32603636238229716,0.619727652538087,0.6242648510175884,0.10095670652943867,0.783327665646483,0.0
0.32342264046028824,0.12896547183745805,0.6538350720818765,0.1491202542475173,0.4687359208164162,0.6104418746803124,0.8172740530855452,0.4263067352123382,1.0
0.5382372666246448,0.09262948260053078,0.4304505004528829,0.44620147470987953,0.04416611698703743,0.853887348964159,0.7458144089337055,0.44524681109266334,1.0
0.36144077778697453,0.02502180807092408,0.03883358369685125,0.8105023006694424,0.26969069177911,0.19155631915069732,0.7387941164215176,0.4647294846405686,1.0
0.18320270468162053,0.7316282598619468,0.6603571699565901,0.7451983059008291,0.8089858424107861,0.6030317533422617,0.2927830326263594,0.6745130790208904,0.0
0.3392286012016563,0.7487312029825689,0.881812147238157,0.024376086832530675,0.0930333877971653,0.9380692032269088,0.36435101462560937,0.45577370593373473,0.0
0.6705332641457777,0.32734538303361277,0.2091942398172974,0.5082655645029719,0.05627693452294086,0.34342069517343254,0.7164206841951748,0.4478489461436392,1.0
0.36351215981900875,0.8324226948351373,0.3832920423667073,0.007802512498159608,0.5656357277077272,0.7530636955788125,0.4742422600941706,0.3265629479973062,0.0
0.20752764849326066,0.5157015455989109,0.42468214622467554,0.5170475029545928,0.641219816485719,0.7411710490849239,0.6290445435226468,0.9794246297666913,0.0
0.612379903349654,0.059104252401276924,0.4159532058115466,0.8382785235923073,0.057726443685122975,0.7006343876747538,0.43682820117504895,0.53115144059264,1.0
0.4216416445415051,0.7030385823665486,0.5292479596390308,0.6180917906755572,0.731635437965094,0.9343624181015913,0.07175298970790445,0.9764057530355464,0.0
0.9782751606063886,0.9330137824884508,0.6909587375099027,0.9690480706608604,0.6934146169321137,0.7373982040185669,0.22988041168382012,0.5035498056316804,0.0
0.6269697760742642,0.2423746082378494,0.22375229028230498,0.14100709500192998,0.12687065750881826,0.47998065425341124,0.5082595108129505,0.035021303834690265,1.0
0.6891592544722539,0.3378737834335115,0.020230362736145147,0.20354657247340874,0.12538824716850866,0.5739844809545741,0.17428226176090666,0.10610659918785376,0.0
0.3454650316331447,0.5540404793899792,0.28404116963185155,0.22124335631128877,0.5296848226334634,0.6963362466916969,0.20915871494645605,0.24800964173551238,0.0
0.3458003578227568,0.18696193263841288,0.6324933287983134,0.5308448875265117,0.5110845130439905,0.16902510383879887,0.11957581565898573,0.6926363412080841,1.0
0.6190243493504647,0.7171863526870781,0.12482748264479387,0.8287877481559495,0.5646484270318202,0.16671698541693636,0.3336555689820409,0.5905996412687617,1.0
0.7126941655365325,0.8388050398279352,0.5653523068376036,0.306460046344993,0.630245416255623,0.34723811080241873,0.8646443601816742,0.5368949744287305,0.0
0.22202971032486324,0.22098623981073295,0.029578534994027905,0.2905958395619642,0.02391570718163727,0.5988739565712927,0.42504521021709235,0.50680205770372,0.0
0.9370865459916848,0.7575008879853589,0.16152267359583738,0.4468004844073107,0.1111025025591279,0.5430456126648315,0.27083795158131585,0.8543112760296854,1.0
0.4462029614820569,0.4556039176480519,0.1597809182141714,0.18064678722024224,0.28618638729674895,0.35546084900554586,0.04261010875453136,0.1946658731905076,1.0
0.335438407158153,0.05377288918314371,0.8798891856225721,0.7128921053015541,0.8895544596750956,0.34062999429072316,0.8208675361473394,0.8105867389463437,1.0
0.41991699615648276,0.7188749849347775,0.4846301031575518,0.8678984654687356,0.8330984259970251,0.7473000320483569,0.6211283803491812,0.9447117147753262,0.0
0.3397246929536932,0.08543852672477542,0.6674974384389627,0.728438502687983,0.1536848523506565,0.023989044131224213,0.8926288595358141,0.8623402212398232,1.0
0.4048962929477507,0.2935735344790512,0.05135034461021554,0.13753851581950655,0.8344534769381314,0.5171294223018361,0.7681270052918872,0.44569855907396666,0.0
0.4471659631183638,0.6377749768115033,0.5052080210422091,0.657416591613599,0.5998924874405059,0.34578266969180516,0.4060944206008583,0.007410500556766897,0.0
0.5756279937943432,0.4433146781192443,0.7760845445143858,0.40446710553367704,0.6799415844888987,0.36049891438843884,0.703166798616609,0.698099824635101,0.0
0.15979460209727436,0.359006773111644,0.9230446573875632,0.8863616527680322,0.1171504820287928,0.15900468627629932,0.7360881703404308,0.9922577730658186,0.0
0.09377858496592623,0.9615017863239105,0.11215923013616202,0.9563301238475098,0.9653165862798904,0.3222836364485327,0.5219267469477895,0.7210272849112841,0.0
0.1953641154286127,0.10449769229993244,0.7464805398300853,0.9451953877844997,0.8407689111461232,0.6290264727917939,0.11572982207591981,0.06088595947270503,1.0
0.4294464677206096,0.8631342458654923,0.14777408172480744,0.4212762514408199,0.16359606692948692,0.5551014192540586,0.8616825701070878,0.7622363692131251,0.0
0.7363365189321347,0.14837558409261165,0.6200654464916298,0.6939718348717554,0.9252968137331641,0.8974152787888693,0.20321680070002912,0.38851743313796483,1.0
0.7387785106848083,0.18547877144239083,0.7253337988626722,0.5977570296759166,0.9970991243510641,0.342360817806152,0.9023284303512646,0.869913251051856,1.0
0.059416405091015645,0.5026445770243013,0.15007192534409286,0.03379072596102195,0.30903360218548726,0.2416878553706467,0.16771698820784192,0.7775632947263841,1.0
0.2630546411903656,0.644088565987267,0.5350802534021935,0.6205610476568189,0.22687352309530034,0.7609184613392818,0.46762615108962874,0.14111290032205798,0.0
0.8224336404326982,0.010639365386463429,0.506250421178472,0.17312971955575657,0.9575190070636708,0.3034825527471385,0.5819517479894996,0.5265914531282297,1.0
0.5231717294554346,0.9145564294121988,0.7244723396510546,0.12290495827756859,0.9102065822521493,0.34380378977126813,0.1525055210633776,0.12632357157621704,0.0
0.9405700651339288,0.29598609380417173,0.5663482778509736,0.04155265011387288,0.7511277940131531,0.4520993796202164,0.9830909621234218,0.18782297480213106,1.0
0.7700837572662851,0.2707375773635674,0.5461096905273446,0.9566633196756646,0.5626159832862015,0.01677657201435595,0.6927621984249344,0.8367497816273597,0.0
0.8435265597443031,0.48134434346689653,0.43618409916623907,0.7937706174866794,0.08502646156850524,0.4013884260860891,0.8193783074294763,0.781210617911224,1.0
0.7472685771770204,0.8632733502984108,0.4844563255832957,0.9487406338413951,0.4218464353430823,0.7625715516710778,0.2497570732113838,0.5599924653104226,0.0
0.5982954075168248,0.36945978103263266,0.4681222948403183,0.4759381412394832,0.7811676309718956,0.18934768859184614,0.6260835868161173,0.22100894827735662,0.0
0.7607959646252094,0.19120090131177603,0.8224526462742884,0.5609197902670209,0.9299494117853082,0.07030634833380378,0.21937330722113418,0.9229061231021585,1.0
0.16739462162259677,0.07763460875816369,0.6122802111649571,0.8746849429176653,0.8835279721040463,0.08254574319290775,0.8940689195383141,0.059967460809612405,1.0
0.4373621819972283,0.8836048966884118,0.9295213873764786,0.7216997762335342,0.9052822841483716,0.6035872935693168,0.6293428892870536,0.9943139765157729,1.0
0.1511933792178411,0.8183012056956362,0.22872259421530272,0.6615412164035277,0.9154482175256085,0.4179169416953369,0.5721571732155506,0.9090236242523655,0.0
0.9689913473109174,0.9148840150423923,0.2234177352882028,0.5190254552593078,0.8777312621157262,0.6860523852679434,0.3965390224592691,0.4194663372740427,0.0
0.17451897670331917,0.8023530417414175,0.3986441634878194,0.9815545866819824,0.8707278218199552,0.01093278759155536,0.4915188132838868,0.6761367046068293,0.0
0.6550384882306874,0.9378041250304622,0.1382351520991535,0.12943464148951267,0.6455346467978929,0.24041175771442153,0.7203033459727488,0.7021580551165877,1.0
0.33688025671554367,0.28673485261566767,0.2016488440740255,0.7163996811294702,0.8343635293624442,0.0050080863735055825,0.9305404391849661,0.008583211644762667,1.0
0.7606842776585743,0.31418966093029005,0.27308761095897094,0.15798522637287427,0.4475740953104677,0.045012288740839124,0.17228551189632896,0.5539080367799537,1.0
0.5842175439266697,0.7885694914246364,0.9225570189425516,0.6935516261203245,0.8615112466309458,0.15122871490333495,0.06361015042293428,0.12540090549632266,0.0
0.5996146932295945,0.5393962867611337,0.3497993996581755,0.2057264053714563,0.761762569178707,0.13936047609850516,0.6269502895953998,0.7877292912724291,1.0
0.9369626556985291,0.674988067281947,0.45537232707539504,0.22704483685740096,0.025326477859895058,0.3037091197738362,0.391585482728447,0.1756624525747968,0.0
0.8457356271342558,0.6032006231029101,0.8691653847806926,0.5117933018618909,0.3380816278229344,0.3150143899245059,0.36837868244510186,0.15816596987457743,0.0
0.5700006685300616,0.8750510359298254,0.27438417737941295,0.9466793825796413,0.7813952858979714,0.017604311034610076,0.5982282595108129,0.07554443133097288,0.0
0.6346119766629951,0.6667198484504987,0.5993694659801878,0.924540695121838,0.7287388076294649,0.26435729248688883,0.10786449435393136,0.8700157695051776,0.0
0.9815812009346687,0.4867919810010953,0.9241005882967834,0.6288965143100446,0.30829332567761836,0.8034472677183906,0.1340864202675111,0.5730423142832377,0.0
0.659096890167939,0.13750420100696742,0.04859696496803284,0.8712277709172568,0.7829763997726634,0.5832413623310829,0.7309462894287262,0.579502643809219,1.0
0.5713178319251756,0.00911266768853558,0.8669070722431846,0.5646138602567147,0.00918977664876025,0.17042615825096624,0.6619425809408725,0.882428003707334,1.0
0.0023921172877629515,0.20838215704253354,0.3611968207459117,0.7275972893352133,0.013431375306392213,0.4407065601500967,0.5327913663069295,0.32289145379501644,1.0
0.9222658712220093,0.6939795389059701,0.3922183728794493,0.002798473559876502,0.47207008375472487,0.6363007600342132,0.3589949581232551,0.4413802817840545,0.0
0.5210053737083045,0.5072899748709434,0.16380857829780754,0.8614229000505365,0.008119957695452873,0.19300114822258962,0.02180424184341012,0.5223056816893707,1.0
0.8118926192158885,0.8709551536865063,0.490039493938479,0.7657675773400308,0.4812094473079672,0.19683448190965763,0.4348206175257302,0.797833610049809,0.0
0.4927777530174052,0.14357143729389843,0.9413735485592911,0.8818926902512365,0.012769637094698638,0.3203790407990441,0.5149872911371307,0.09946707073939975,1.0
0.4905991939437544,0.5315960853251724,0.3552952812623203,0.5590771324466681,0.9663383801264149,0.4883869807264153,0.7710896287345306,0.2328502463776813,1.0
0.027737895891829734,0.1451745893366364,0.8667460295140649,0.8590265959775092,0.7383427676577174,0.6325910565982473,0.018059919163298466,0.5845643882565529,1.0
0.7299387923588075,0.6354813464671987,0.9846229398071626,0.6341125146071618,0.9642340313866626,0.1335832822186801,0.5453760573357223,0.8177355257279644,0.0
0.777183970983673,0.5934678257286922,0.4185890534454919,0.13149377048484506,0.2490115053297255,0.7323649140530984,0.6479061627567815,0.9819959259333347,1.0
0.21213360838570156,0.9177677773607005,0.6549363708768949,0.6580620258889975,0.4454206601356059,0.8611542077794734,0.8602675111462977,0.976850833149967,0.0
0.09222266083453778,0.8143866370547662,0.4888909700927468,0.4694426795735836,0.6192293588887043,0.2503104021325953,0.06069169548731196,0.06826812159522044,0.0
0.8752756360055435,0.022225118756427575,0.07154568652223581,0.497779711398295,0.8345038900336494,0.365890625961716,0.3043076794866453,0.3540854020390337,1.0
0.6625233720231842,0.7215540726008334,0.4771576674645401,0.3027582831395218,0.42222108424240523,0.05429490431124684,0.16069919579982495,0.835503724003654,0.0
0.7999471542903713,0.12550936379897387,0.6109836447445152,0.08322759583027706,0.11674691193256742,0.38131867315557466,0.5646335263969332,0.4714840337927494,1.0
0.4062593514621708,0.20175399009385298,0.049512281962206195,0.251933451030692,0.28944970656925084,0.18701595838382895,0.4440468352848035,0.8601106532509185,1.0
0.8799678150527501,0.8745501006914339,0.8610012878112143,0.3251489897348626,0.703512890628524,0.4114974541719108,0.695436476519855,0.7901463930174099,0.0
0.20609534936532092,0.44289869215286404,0.7875538644152875,0.13113218934330445,0.1741629170821325,0.1011064642172666,0.7968248677028209,0.7495549198855794,0.0
0.15583303090306738,0.7871420781883718,0.9502760012374025,0.47538157687047944,0.42542682645318397,0.9175184596413556,0.023906829451227074,0.8534211158008442,0.0
0.5184938760524043,0.3031284693149956,0.511339848975349,0.692862685383288,0.28444448218056273,0.08731691580196238,0.0701237551564648,0.5946420355664019,1.0
0.11399339534745528,0.672330216933894,0.8198504929180995,0.8360928544616009,0.32810301889535887,0.6532256352896981,0.7674078086586941,0.3564941689504111,0.0
0.30413528289433195,0.007214316925558406,0.987310788058748,0.7999251901086468,0.514114074752538,0.06903794440565153,0.9077678236593192,0.2910998979816367,0.0
0.23983064966265766,0.3641921297685079,0.006902551373161148,0.24958383681893487,0.804221804884339,0.5529309920346037,0.3850610442101754,0.515321924613097,1.0
0.19675370291372996,0.45780782032379475,0.16856981852315062,0.8656377211633733,0.8415641113948985,0.9938940982207857,0.4611958831617984,0.06780803878031377,1.0
0.4868771793549428,0.9842105849978523,0.48088897708948297,0.00565212604670845,0.4279164373755261,0.7501085080959244,0.8138147422809283,0.2825083515032706,0.0
0.9862919502613634,0.654264161441844,0.42153000674416174,0.5525508979176588,0.2890546270996391,0.5482937964144043,0.4629534563940164,0.6006689537450074,1.0
0.2651042694664282,0.08682957105396027,0.028350948984740942,0.6614876291763883,0.013497708326810576,0.554753609684971,0.016147339472477984,0.45129206590519627,1.0
0.640778370611843,0.29337098355859925,0.6469707252441244,0.8051459655052121,0.2523207270523569,0.33376294403423024,0.42153673069711234,0.5427860348196009,0.0
0.44759997707896937,0.9324170138525716,0.669922895818885,0.48584594202763987,0.28226053381630845,0.3940756702033055,0.9365498562440102,0.001060190834350161,1.0
0.9114473569717074,0.8891948242532295,0.8020535468400869,0.7785828831254618,0.8481703495644044,0.9940920127429361,0.7851627151131297,0.7450074346715743,0.0
0.5151207174282604,0.6165042100328275,0.28797066528422843,0.2522377309788556,0.40129726161371787,0.4880036208276117,0.32705029376224004,0.5696742080241111,1.0
0.664869859481348,0.15032304615347036,0.32764289159516136,0.8936115801467281,0.9523983632194546,0.2653426202821529,0.665604400183341,0.4237396064624966,1.0
0.6365862626622778,0.8464714461604788,0.31678776266281367,0.48615340537543555,0.4515463819052011,0.7878297956333584,0.695795658152423,0.8268429984063799,0.0
0.435076445881961,0.4729808221709105,0.9836561528138967,0.3877675216305373,0.035685572992590286,0.35917294015022405,0.4209183715988166,0.14443599847972632,0.0
0.6302368188156194,0.14361231913105382,0.6269422628652446,0.2497631683315405,0.8172443034528725,0.3651934150177327,0.5888237009875411,0.018970914764657565,1.0
0.9483732965747915,0.4300230371807035,0.5587251464905154,0.9459339364991357,0.2541194132340213,0.5563175588915089,0.2957456560690028,0.4563029678675495,0.0
0.6822118476260817,0.585668951625106,0.4474435594316651,0.9936523011336882,0.17979246785899827,0.6933226929958423,0.569472894703946,0.8013967514152547,1.0
0.8848568390625299,0.03307951198766956,0.3610071246152352,0.5401889612964925,0.5393651983012379,0.35035884608935763,0.3041043376807367,0.9395924599761291,1.0
0.3782635939751647,0.7309693720709092,0.5944453258608092,0.1780446233043423,0.553730277203039,0.7152697155761383,0.3766290262094254,0.8070077613970514,0.0
0.1577173836916867,0.4504663449566944,0.87740668674881,0.9969386306871766,0.40720196175927903,0.6976142014546983,0.6847351972998875,0.938798983817087,0.0
0.7956292990197016,0.5665450122300404,0.28251935563806085,0.6457027421008581,0.7433915065078,0.465241593673527,0.8266252760531689,0.5776448093990252,1.0
0.26468192825292935,0.9929208055102344,0.7604644610268636,0.9257320824341334,0.7518144734405239,0.9885748138117807,0.07582565940247504,0.4125976009014956,0.0
0.9917953852324892,0.13736775123879924,0.757219463300564,0.3960411772742406,0.0780734343682522,0.5765138603837738,0.6804333513896412,0.6435124989164717,1.0
0.9755959998556825,0.9065053621573291,0.5135485486786802,0.8083028368069971,0.3032772226735816,0.5207300870399416,0.2751606316929872,0.4995699225860655,0.0
0.8609921728924854,0.9893890395263653,0.44532161586082514,0.34002528149874456,0.709946662944942,0.5112665362093374,0.24662277594899784,0.8904419462169857,0.0
0.09972982896242016,0.972781456848159,0.5432411666603877,0.756548452005608,0.5490683925280363,0.3867454044566318,0.7569407058627443,0.4397399865309089,0.0
0.8309000961409898,0.2910516029662161,0.6957743661363488,0.8881260520140972,0.7679304787492882,0.7779120495454864,0.03506646110254591,0.40810095817247105,0.0
0.5776654187438851,0.6832501803844697,0.20761644556676162,0.9963059300103062,0.7737725605235746,0.9356581480294506,0.845581899245802,0.17742026898175,1.0
0.7229253283755993,0.7738576048446569,0.8510235366469047,0.6589621321349602,0.5728652309370839,0.2263847649327303,0.008580357514896442,0.2677656978256086,0.0
0.1175787857371765,0.9204396974319304,0.525952022532186,0.23184964803537822,0.7733323746000782,0.5422115064213446,0.2540055835659819,0.9642118914737986,0.0
0.43654111035415116,0.08605308161448211,0.9881844514969544,0.4781015265727652,0.136453390970537,0.4943822520019611,0.5158214925621901,0.12225867322784767,1.0
0.4447375011407458,0.8253708433923005,0.9561130705674912,0.5590962328444604,0.28300664762997424,0.9273483911088095,0.20814033918079916,0.14207474011988824,1.0
0.5031521722982366,0.48622547554337,0.40899122516108255,0.8529914008417439,0.31496722352795087,0.9431319415998285,0.4392416350681278,0.09570806078427446,1.0
0.4811079240974314,0.030164955558257378,0.4152251971645867,0.6061970179503947,0.8342579271939381,0.22994563452563127,0.8448077003208467,0.16548395377834674,1.0
0.8375477256182842,0.0036225555183312386,0.6668699820067251,0.18532877222908273,0.968748391424255,0.9825081765758348,0.12688028667861156,0.4614055529995399,1.0
0.8624674489529547,0.781919556225003,0.24361201596312837,0.859542041434599,0.4024235963004217,0.4093811483499341,0.134394766448602,0.7544908083455022,0.0
0.7189234331459327,0.5245667985327136,0.3063860472791738,0.6993133141710361,0.6898283885162153,0.4792205669800048,0.7353923080128338,0.2871458529201923,1.0
0.5094708425388862,0.6709168734208062,0.08492178417302837,0.26360856918124287,0.49129259707572204,0.6162896386176334,0.08226342764281835,0.6198990818347303,1.0
0.7323332972539331,0.8761057342351406,0.9899548602801772,0.2277274107951735,0.4976082966157954,0.7343859768275522,0.6078436601525063,0.6745797576897175,0.0
0.02866322638974672,0.6985455622765767,0.07300541814598693,0.02426917766155423,0.29558418429754124,0.2595439370239174,0.22318013250552104,0.9041052389430098,1.0
0.566316855659054,0.9669220808111805,0.14182425595340742,0.43776705738475763,0.29716874748929517,0.8869958485704523,0.10980124171840489,0.42311532742560326,1.0
0.28279723589348515,0.4185198438844753,0.3754712555973624,0.5892804323056701,0.5438962742599756,0.48315577623879635,0.8658302429267886,0.4779643669193788,0.0
0.8584008230347868,0.4403629563833272,0.2061235502838013,0.9103660776935207,0.5175257146586953,0.395891655329472,0.4498604108504521,0.5565060044141279,1.0
0.8706219239658477,0.8159117419538437,0.10215972361141107,0.9256662921750711,0.6459737713930624,0.6198154884827544,0.33304721030042916,0.3594980429810699,1.0
0.35553012311564725,0.6956562251622929,0.5508443998253204,0.5207988741376635,0.683723893313154,0.9084438400298835,0.5284611858827452,0.5443579844371987,0.0
0.9293079864935705,0.0383660113715219,0.142632918619564,0.02812453989927194,0.0877676073042738,0.4616549898867271,0.5601033376390683,0.3376591119734885,1.0
0.9190123582557096,0.017830852195168778,0.2758179086943441,0.04033765258763966,0.3343545080716672,0.6926713791193282,0.6234601441726738,0.13001423589579453,1.0
0.7360003968734017,0.49936606605761574,0.09296198171170117,0.3710371648642877,0.8765075505550481,0.12061086078490879,0.5506412767198633,0.31431574350049674,1.0
0.4496909905493195,0.0713334965067266,0.7903165298820487,0.5551599591994281,0.13359178446968867,0.415034181376721,0.13033293053877243,0.4823543237782801,1.0
0.9557085569725563,0.6963538710586855,0.2703167209047258,0.597821228235163,0.07282675778524123,0.4205627882495018,0.033198049918746586,0.007195461849799634,0.0
0.7642288134334219,0.8795642314719001,0.07104876225264556,0.1441456617558306,0.8717350224019876,0.935652311408154,0.7476153173048877,0.7190227574296707,0.0
0.8040275752733015,0.7003650694964685,0.6330268657476708,0.49257405714998187,0.35457228203102154,0.399742764181398,0.1674886453602233,0.9404567822207998,0.0
0.8288862819753684,0.44895292058251834,0.46296149884882304,0.7574612918500989,0.8903106561078649,0.04901806805712672,0.48662694278928287,0.46588885999479906,0.0
0.28756634895571365,0.5625871725537397,0.8159756509760994,0.7230848203567795,0.18127408220306285,0.5877809271950472,0.01671402975123959,0.96810925966674,0.0
0.24395139468104754,0.6150234380350807,0.42006788733694755,0.9812200644373141,0.24782467492840016,0.7917716374163506,0.9374915621484228,0.8272855780707193,1.0
0.7683901477769783,0.8100913894886956,0.35568528589462023,0.11049633179513235,0.3801675412896519,0.45919697641792756,0.25515146464436017,0.22005294286304866,0.0
0.17441922777349778,0.12837427799755446,0.7257707632364123,0.9403481312780951,0.3820837695834976,0.654798604729149,0.200367515313138,0.5021770585372034,1.0
0.6742170770167855,0.23394710952137981,0.6919528513583569,0.6741079517343559,0.10360607525560767,0.584596784976749,0.5077769907079461,0.9267268108259488,0.0
0.6879869392571464,0.6365540964928161,0.0,0.25783043356576574,0.38886671891939795,0.6242377903188494,0.6457827409475395,0.282403332599868,1.0
0.5305494362063148,0.8982735122329606,0.2673640939980144,0.9825035050556366,0.8181849056824049,0.16880835294791824,0.4767365306887787,0.24522414034526213,1.0
0.3991726675198384,0.10698113117388741,0.45287205248029677,0.2143186662616675,0.15636948235302855,0.12921138756651096,0.07704404350181249,0.9014080867889553,1.0
0.3844827805756999,0.2450345823177028,0.895732924827801,0.9466653225645998,0.5437519336075451,0.056513616306883174,0.4430609608733697,0.2921792589332747,0.0
0.7395210565746217,0.6653688895590442,0.9108396348707652,0.7974660138928865,0.18878244945025846,0.7425389408760875,0.6159981665902746,0.7215382102111714,0.0
0.620842910291755,0.2792372829612466,0.2905988189492373,0.4146078250615789,0.09678651009243633,0.9983763580756554,0.7800816700695863,0.357285144659372,1.0
0.7533710363064882,0.4159400406800826,0.04821332775830112,0.4226013415376616,0.4331119048667741,0.0442999556416781,0.20282595108129503,0.8176763484093803,1.0
0.044652502318632104,0.394069054201352,0.7532862533183557,0.30687574528027844,0.6177339472763927,0.1259858583972001,0.8747747822825951,0.7958249151513939,0.0
0.5351646812384997,0.4562128977417828,0.38489742878170513,0.9855539977530504,0.08352441665415183,0.16628719784872753,0.11061960915038127,0.18200942836377215,1.0
0.9434166236897341,0.1332023167790209,0.8034570328978192,0.3649902972632048,0.2531987109106144,0.087524911760898,0.5674828117838243,0.3598356037420069,1.0
0.0875182784608104,0.7567812083715384,0.07183885326964495,0.4216309352164911,0.12372514568057941,0.6315232202019259,0.07234551439643316,0.9356334140145226,1.0
0.5857201448269569,0.03893225136277206,0.6529436329223339,0.17140033770564433,0.8952577727706665,0.1694148309608352,0.6686495270636277,0.5929717349122843,1.0
0.06324294382437401,0.8084274456231746,0.4117698091842642,0.5425767763038343,0.6670353013721384,0.5015732347404189,0.358251593816409,0.9487466077227235,0.0
0.8841209254153906,0.6699035878855966,0.06628248115110269,0.05482663072962196,0.8281401653867932,0.4381400385853728,0.4053435559814992,0.3952086375547599,1.0
0.32365264663623267,0.9958170447528691,0.4003644288183178,0.8891171504328761,0.4233423776195573,0.8963989107803457,0.12257677403225131,0.13735222340021203,0.0
0.129026567172415,0.30317067848452617,0.2213469964071818,0.7217703415920447,0.08845667472037977,0.03782793852658206,0.44328847035293134,0.1046513372407033,1.0
0.011433721080769066,0.1539177276919229,0.6937359949867159,0.6365059005638596,0.18791693619983962,0.19957822452102564,0.5449835409808742,0.22340354597160822,1.0
0.5457513322849085,0.36349129827441473,0.23585251563600207,0.47010376556383976,0.7314605841232712,0.9950852995672411,0.4769798741614234,0.3302752828842525,1.0
0.2321759804576991,0.7292167624027264,0.16341034907802376,0.16726006120085796,0.3180246451050741,0.3152091208350401,0.6390924621859244,0.8522584065131724,1.0
0.7686888639870284,0.8318904345526916,0.4459267863140742,0.5099153613622828,0.7787769889160177,0.0242453248663414,0.19809742072586356,0.3510256846232322,0.0
0.9835533646162956,0.6306315394347793,0.5407406267560158,0.7401589842832907,0.12027078730927265,0.5890174950070358,0.7941522563440143,0.8303577977369261,0.0
0.7209895093838276,0.24365442211399446,0.7160745052114701,0.007148058590470241,0.5704334624085466,0.36674144616618876,0.6019384141005875,0.4254432464510278,1.0
0.5826329685069284,0.1625199033489657,0.1579378146899622,0.20802773802212732,0.4357851255896342,0.9611312857758356,0.9050635443143464,0.8357395997946298,1.0
0.43139555119773,0.6159122197934989,0.34583992405787345,0.6700252417062491,0.4919307207321467,0.33804198334758884,0.3274428101170882,0.1758024777793336,1.0
0.8539935651328676,0.37522385460507346,0.27037163992437624,0.5199714555166326,0.7759859607488945,0.12881423201736975,0.4023075961498396,0.37254372453708334,0.0
0.2659391361742678,0.11901047902363548,0.4695446178564815,0.3785998612568327,0.9707442193426026,0.5160225866632142,0.16697445726905286,0.29614747321184476,1.0
0.8181245397223584,0.5985581453874934,0.9060672516559278,0.6021991985791426,0.6498274545472877,0.37140596778609525,0.985570232093004,0.8604807198629087,1.0
0.30008032972327103,0.8637360583643973,0.2550341108133162,0.7932042376354769,0.5673720608501983,0.9296323671425812,0.5861510896287345,0.09995382502183725,0.0
0.21803789610406155,0.1373295240663942,0.11466825993729152,0.11667504519764271,0.21523924197808253,0.28038730757720787,0.48174257260719194,0.378654824535083,1.0
0.4308050163100112,0.6916030830214545,0.48593171045419353,0.7403266433305788,0.9365665285701625,0.25281749628048045,0.18994874786449434,0.4034492875384236,1.0
0.3743824055621702,0.508588371400341,0.969433718580086,0.395965040966374,0.7991950885970354,0.09264415924000818,0.5914129755406475,0.5351321571216152,0.0
0.3514446616282846,0.039444070726640135,0.24574138819363123,0.639020520989878,0.4469784247871108,0.03658739120007304,0.5965231884661861,0.4230194768391644,1.0
0.11098898941600188,0.18179914063192693,0.9287525211013731,0.7994872073759369,0.15307830321195093,0.8332787697675752,0.43406391932997207,0.08248484727250904,0.0
0.2765647848076013,0.6850110195133786,0.7801087555774642,0.026367038019076583,0.5531285040418036,0.6021347707693516,0.21985082711779652,0.9437723790282251,0.0
0.25980006706523795,0.9526214018010307,0.9770947891666795,0.13350833188532868,0.10449069241590697,0.44778903479263016,0.5519971665486062,0.10606659198655755,0.0
0.6067942285693669,0.19001585896721856,0.9204215445987542,0.8056598192624859,0.8870722780510404,0.6347227498763698,0.8385566065252719,0.09780260446880434,0.0
0.4234599401930885,0.2551031947828404,0.9843953044503508,0.8071830759864227,0.4849166671531088,0.48758815951167644,0.3452093837243218,0.761208684229828,0.0
0.1181536685321839,0.5837615750019777,0.4152270543295024,0.6366523369469341,0.6477395563965993,0.29026393201503514,0.4524546856119005,0.16280430477485947,0.0
0.5917979320136763,0.17682217515796578,0.3478382335071817,0.24934349014671497,0.7650842615091771,0.9528369163113403,0.5231242968457019,0.8514974362051836,1.0
0.4644824834512281,0.6431081982949619,0.06879469466351623,0.2696175012700438,0.47657462650529525,0.3195884439143142,0.2316704862702612,0.5886292866049222,1.0
0.5594360365293315,0.3352252244120846,0.5410234464417516,0.4906555283050652,0.11075544819629901,0.7079503271691538,0.3790607941997583,0.6830012735625746,1.0
0.6584270336578357,0.8809664253930363,0.6188285746577643,0.9112096785960146,0.6964991023815676,0.5651687950878995,0.033588899537480676,0.5794134610896629,0.0
0.11790668381499342,0.4337743439394269,0.5553933926317247,0.9594315509390365,0.08433155684660248,0.724834080774594,0.09556314846451935,0.13140782007427998,0.0
0.5329404923352499,0.07865638922057444,0.7694417309201509,0.7761367057915325,0.7385152335108052,0.5334735537383029,0.420015833993083,0.9865459115974209,1.0
0.32943622753792057,0.18593909031010197,0.45405612776870125,0.1096360180445703,0.9209053024493865,0.10710120489087638,0.532274678111588,0.6351459929453969,1.0
0.5241891154816707,0.01230569845025975,0.4870900507430517,0.20483982857392985,0.8610092383324197,0.713851416601049,0.5419134130588774,0.6285289685476719,1.0
0.17440224923225167,0.8436644036534557,0.17328675209979028,0.12627723962112242,0.5848314424884753,0.28893610067004416,0.13802325096879037,0.7259565055043241,0.0
0.7757800578543793,0.0005142085621432924,0.4662319662653952,0.7106608074427884,0.3888189591446967,0.8211744131011987,0.02716446518604937,0.5979284604562155,1.0
0.12376428054492633,0.8707616286262057,0.24104647528670647,0.7468494291766534,0.5550378337015258,0.6849479373380338,0.8371048793699738,0.7087159021957286,1.0
0.5509178493281803,0.18770868983268707,0.17531265371356042,0.17236543836076146,0.11377386595741634,0.4270432949955748,0.9343464311012959,0.9757781400652117,1.0
0.04068376830233694,0.7002679087666055,8.171525629135923e-05,0.632309383998907,0.6606827206727124,0.7641280724505108,0.4059902495937331,0.2663329399291872,1.0
0.4671314011753396,0.15693156858299828,0.3087563203301721,0.5284024241588198,0.46356459854460047,0.7239949338127145,0.9939230801283387,0.24014655971408183,1.0
0.719743443630182,0.30190891632868355,0.03396754630840715,0.041627194721923444,0.005925661380013381,0.3256343876747537,0.8301304221009209,0.4884320844418662,1.0
0.6449054825832001,0.6529408110637931,0.1990830380883299,0.6053820676445894,0.13582773792195096,0.9802263229498073,0.7843426809450393,0.9751788655291286,1.0
0.7052026495013615,0.9445222851141797,0.9653057715910014,0.030819818254409326,0.38276620369756176,0.1220342004783907,0.4721705071044627,0.509944289972195,0.0
0.379287877533782,0.9445238779130299,0.9896035908018336,0.32414197431792346,0.7817972640017066,0.7721483860150309,0.18166340264177672,0.15919532182459506,0.0
0.24881309385100908,0.3161750846970788,0.6172903114890058,0.06283102382111422,0.3442827039037248,0.5110452752020002,0.5285536897370724,0.10174914818000569,1.0
0.6037261531082403,0.631321221336921,0.12419578126417746,0.2165175995575075,0.11146282352604048,0.5965239205964815,0.935398141589233,0.6584393524167684,1.0
0.2928487976009322,0.3338697525905545,0.7786768814274487,0.9622952841913701,0.21278943086799146,0.11521570029904726,0.8921463394308096,0.7494348982816907,0.0
0.41462764997888296,0.8319297235909968,0.10333079874540546,0.604892885234464,0.9151165524235167,0.8460102979223751,0.3754181424226009,0.4554103071886273,1.0
0.44497175195200167,0.761468018988286,0.7820216354406495,0.1661718690933015,0.02838443010118169,0.6850901386568979,0.22755781490895455,0.4791470798076987,0.0
0.24211293701173436,0.7180775236437715,0.0930577583594972,0.9785995959735301,0.2118559926046642,0.4314183732593604,0.4531338805783574,0.5738574610096484,0.0
0.18351866472262374,0.04052637754535887,0.42193858302561876,0.4181658047170024,0.8931067255845399,0.02786827488576138,0.08061585899412466,0.9303774679442299,1.0
0.8891826530244087,0.732427844884753,0.08735387428479252,0.13138580018065793,0.4341671305555894,0.7769906592835176,0.5517121546731114,0.30953238249551585,0.0
0.33834730879509667,0.9376164402326123,0.985451235359571,0.5530676697912619,0.9743158544940091,0.5310115607549829,0.04547689487061951,0.36637511418722035,1.0
0.930003310815543,0.7240176014891607,0.8481290124711277,0.020795292813077404,0.9155654943057082,0.3888582613660241,0.2594833118046585,0.0195735232341821,0.0
0.6741894868872604,0.767248551482179,0.8590998162467971,0.370424095151815,0.5706122962315946,0.37199758894480256,0.928758698279095,0.068654024391057,0.0
0.2441206495140954,0.4585336056665411,0.36000027592164463,0.6189521044261193,0.1867407190817812,0.4397565173835807,0.5682361765073545,0.017995739233061914,1.0
0.11329541812841304,0.9384871702707279,0.608660331434957,0.04326691081573292,0.5613254080409418,0.3324237047476139,0.9162298429101212,0.504564154881212,0.0
0.23527907416014587,0.8771121176419994,0.8897356086964134,0.16670853721460488,0.04951759974230946,0.7689090611953826,0.7470502937622401,0.22286344875410907,1.0
0.6748543028929312,0.9395493016373441,0.446208014144168,0.23466058991048017,0.009727339446230665,0.20167781638201637,0.8241151714654777,0.3994935755102585,0.0
0.696939140418903,0.07788839470829739,0.8728025096134815,0.6265442472652607,0.7751623699673801,0.28949455920774764,0.5261527563648485,0.7481896741413454,0.0
0.9381211758488741,0.14027514007338554,0.5843779001619979,0.006360963031445399,0.3402833534366607,0.3127659642204502,0.5850327096962373,0.30991245090783004,1.0
0.894261889754087,0.085246594463325,0.4473109047948284,0.7685864777142128,0.8552735547228845,0.34456122403499423,0.8783299304137673,0.5429860708260821,1.0
0.371814931778099,0.36192663887055687,0.9579941133178358,0.1672367162702229,0.9227891602292682,0.7631485812765434,0.947017792408017,0.9303074553419616,0.0
0.7889784860659235,0.7997573105485227,0.8069492988671825,0.048337005296381186,0.7664228618612197,0.44585790904633854,0.09929663735988997,0.8815711828129063,0.0
0.3520911726441744,0.9040070571607723,0.5595144415796939,0.20958813440843815,0.6576117671594237,0.16483387914585823,0.6895387307804492,0.6664099537916826,0.0
0.8817208494364186,0.3370274763110991,0.8090258745522243,0.9417721720468331,0.3132391156800116,0.9049872337174184,0.4415833993083045,0.4468579344281971,0.0
0.5169143411370953,0.7575515920820907,0.01222810442360761,0.7359370005212816,0.1652456364812508,0.2709919390953874,0.6023259302470936,0.936839464436932,1.0
0.7750815500559232,0.2615877443685269,0.887138761525698,0.5300384262863919,0.9581993185210815,0.7344729955450662,0.07146964456852367,0.21394684376521106,1.0
0.08042469698609672,0.547332407032313,0.6304722027514694,0.5665111664374177,0.8943150478844808,0.328555881934702,0.9239468311179633,0.19656454828535802,0.0
0.40198022848871884,0.2917351791394319,0.17527524510597248,0.5426749311258225,0.32032189026820296,0.9116868790630844,0.027393641401725066,0.4582283144299307,1.0
0.05967612371414083,0.8667337058004955,0.5954572154305996,0.18253825716828642,0.07357552491972374,0.9997445151677871,0.7739780824201008,0.7735375700959506,0.0
0.401913640772269,0.17298777739255639,0.9532143014433355,0.8515816853713503,0.6224496943639751,0.3592856930616368,0.3150672944706029,0.18300460749601594,1.0
0.6013945218736669,0.4494705802088371,0.15623797817353668,0.6440752290389714,0.3919331617872981,0.14932146624416603,0.014743947664485946,0.8561532742560327,0.0
0.13370893050046379,0.9884673399250428,0.9674622053674189,0.2656167637824624,0.2434819847476506,0.822215984701685,0.5297562398433268,0.31423156168110256,1.0
0.30939067198943937,0.3238059185219676,0.764520243893509,0.07834850532755194,0.12303979291361689,0.1161665389684674,0.8685586899454144,0.33395094450334395,1.0
0.8785912267632746,0.7425320298575453,0.7759131547235928,0.5218854745454039,0.9449621662984742,0.3194321816441444,0.60387266136089,0.9347932627873017,0.0
0.1139355621913355,0.6991893184785373,0.8851343499630955,0.8479109603122914,0.9362682953103616,0.24379089614422184,0.506331930497104,0.6407861748448054,0.0
0.4278526071611243,0.07376092195444911,0.5574222126475054,0.05358537015642434,0.9656607219898208,0.10236637851444191,0.9661510896287345,0.4980621511872137,1.0
0.22102346646631987,0.31089442557567726,0.9347344492948875,0.31711780302980064,0.7368216188334834,0.07576650755683279,0.974740614192258,0.851170710727931,1.0
0.38690301857240184,0.9178338785129841,0.7615742497186395,0.5751464032226615,0.015438081840088602,0.1550938847065665,0.016533188882870087,0.9299532249138178,0.0
0.03230034827232736,0.817064662854922,0.4643381886699144,0.8889417981698104,0.4776139322692102,0.7829148298996313,0.10217092378849113,0.19015756169443832,0.0
0.6326939320815904,0.43390150238096875,0.6912044138973242,0.09558290036887646,0.7545237793264916,0.5112010068702338,0.1435859827492812,0.21753582311482733,0.0
0.3494876194599551,0.14983219864113018,0.08252365364829434,0.9653473685885999,0.5009456435390842,0.810098893588843,0.9137689070377932,0.13985183999786627,1.0
0.04136741987720277,0.19059829241344595,0.7015329039214302,0.6555954217407625,0.9950165328420091,0.35140094829178015,0.8160890037084878,0.5012135517726524,1.0
0.08396711044328858,0.07991071831511609,0.8335712273153938,0.39370482722761707,0.8152468835420347,0.7994290192566055,0.6130455435643152,0.09028458455855387,1.0
0.569220982081272,0.7720157984408622,0.9203724623831246,0.9826319021741292,0.9786832205583542,0.9122694799888786,0.814731447143631,0.6969229461303035,0.0
0.6896121040020544,0.945886782795861,0.8804447432416442,0.04531277564593167,0.9412000227124262,0.10659607184774694,0.04279594983124296,0.30784374520747065,1.0
0.32467772606397094,0.2201160407055674,0.4190743041070406,0.286178076722584,0.7844407675314193,0.18652753930168542,0.23554648110337928,0.7394389323411548,1.0
0.059474503536842416,0.480602630135648,0.9807003421959012,0.7193116959428898,0.7709971869492701,0.30291772698620223,0.0886786949456227,0.425697458875931,0.0
0.2803573664584673,0.4155429028334298,0.3803670076244579,0.8579002030743681,0.8108131844572712,0.30494595288679294,0.17189382890953786,0.9701362911990825,1.0
0.5243907356589691,0.40126425754070794,0.5870816669700036,0.44166088570136264,0.7364445819454255,0.7395431623450908,0.2714396433184716,0.9594727050869156,1.0
0.4133134047705457,0.7467330368249785,0.32900419347837967,0.7690753948410356,0.07005828284506033,0.9047402385161823,0.2939847493645568,0.8645689557453675,0.0
0.861482428270969,0.2272029337231089,0.43493290063159523,0.7712639820880713,0.8540556804680033,0.878253120469986,0.19619067461144207,0.31150690457615704,1.0
0.5985739617091449,0.04803801692295684,0.5724901875365132,0.2500793860283243,0.13070417542483642,0.8942361772889638,0.7774932288845369,0.8569900915498123,1.0
0.7949933995920906,0.8803927523404851,0.9829005520024748,0.6925958103808009,0.8005246676583011,0.43242041501561035,0.2900187507812825,0.21203816687003657,0.0
0.17172494550949424,0.8478672688862141,0.7556896900285632,0.6940691938438357,0.5619635316973665,0.052602549436182366,0.7222950956289845,0.1838197542224267,0.0
0.21949460188504255,0.6195769844813608,0.8898905493122388,0.7708334272878363,0.6179244557110343,0.32769206198279577,0.40543105962748444,0.8658833590046209,0.0
0.42709547033742734,0.35369638174503854,0.7434732592129971,0.4117968831864769,0.8610649580695711,0.6510491061479785,0.19202883453477226,0.36581417988571274,0.0
0.8983515958767613,0.8145204321581839,0.73689889541137,0.9368373720505471,0.3802513862274607,0.869152236062679,0.26153423059294134,0.4964751988691298,0.0
0.680414244571642,0.37732475628850254,0.5504772117905563,0.3490096311103035,0.6939882648926917,0.37414387377616665,0.9968973707237802,0.2268516666333273,1.0
0.34927883646056845,0.6419149264896784,0.03283653287473737,0.0342947642360969,0.7823369494558305,0.8388906811443174,0.7361831742989291,0.5909563721469865,1.0
0.7229322259079806,0.889786549026083,0.741804729190865,0.3733090510683622,0.05332325778975194,0.714344345799649,0.823530980457519,0.5751852000026672,0.0
0.8117209767754779,0.9850709618434417,0.9307463202930288,0.30316443187591113,0.24499703093400604,0.27805159785467026,0.2348539522480103,0.09547801937682115,1.0
0.5281575842082589,0.7006650466132582,0.6676428279209357,0.17320293774729378,0.19103113884244105,0.5258278451406414,0.9381415892328847,0.7574788461923146,0.0
0.8248363693087399,0.3906671013237751,0.6211566635342485,0.030294026748515446,0.5459563125420883,0.09544626806434292,0.6800200008333681,0.6835688757309649,1.0
0.9497421914627651,0.43524821380882267,0.3100348457200043,0.01017175767431433,0.3844380611441862,0.21227340644320541,0.8760215008958707,0.7534881278630154,1.0
0.401885785353037,0.7055214903075535,0.22948668492348212,0.498571582056768,0.141479045929514,0.9356244548065108,0.2780290845451894,0.7148094990431612,0.0
0.0015832489712065967,0.6174928071858589,0.890711681514258,0.5699009564789478,0.863770814638477,0.1183024770620783,0.7614967290303762,0.01867586165509788,0.0
0.7629108541691869,0.7333134410454707,0.9597910530284257,0.36484704427976244,0.8491274023830004,0.07361836561869245,0.8793333055543981,0.41526974855473986,0.0
0.8005368933089692,0.039463980712267754,0.5779563545020066,0.10269859439642082,0.33682183109914876,0.14820401856682291,0.23806408600358347,0.0508199809299007,1.0
0.6356649115099654,0.3646351933153418,0.4450196939073848,0.2642187207773862,0.745918529253658,0.9240180680571268,0.24491353806408594,0.1657206630526828,0.0
0.2695351381522678,0.5518968376040695,0.28362702185564737,0.2595584889993646,0.4309616536768924,0.9169886536081994,0.11975665652735529,0.7333753408946944,0.0
0.5767162121723407,0.7319582346904155,0.20163557861034187,0.4976162968838497,0.08990220390133674,0.32509370430190826,0.7420450852118838,0.09877861348376038,1.0
0.21115548523609728,0.47885506433049085,0.6324140013254851,0.19443727442629172,0.03901442928926552,0.2934642575923831,0.2336039001625067,0.08843758543204444,0.0
0.6440820233327603,0.8108551365373721,0.1800887512582292,0.42939577748567137,0.6176835341808747,0.2796903619341926,0.7729738739114129,0.9031175611610089,1.0
0.7830590768342661,0.3239062648495309,0.4528585217073394,0.9885463934071793,0.37047655233861043,0.6265087666051876,0.8102179257469062,0.8372265341094731,1.0
0.26788901552050903,0.8884655878463076,0.5577612778992599,0.7505591508812048,0.9000852246646336,0.28368526391079096,0.9009775407308638,0.16332106445826916,0.0
0.1289995076223039,0.8469755669965706,0.7807431100508173,0.6848484768095968,0.6053036699141545,0.2661650532830464,0.48852285511896326,0.3336042154254433,0.0
0.17037276387306,0.12491604622727004,0.648437354908991,0.4504587411511438,0.5888061170719437,0.07178725833734823,0.10805283553481393,0.0320466017216432,1.0
0.5208751164621814,0.3194533301972893,0.6690617019165411,0.016840449336858132,0.4541675975400532,0.8327648817925007,0.7984007666986124,0.2347722590066212,1.0
0.20429907275941628,0.25594472350870223,0.12013893716043728,0.04467715685273199,0.26175009857086834,0.7694123371317357,0.20174507271136294,0.6539435431711041,1.0
0.4299213362960888,0.8392109380682641,0.3853879856287272,0.2288721082461988,0.7313512673056217,0.16246951691877332,0.9562081753406392,0.38893667526821496,0.0
0.45991631701483293,0.9085048556472948,0.09428163003895268,0.5473842403148382,0.4606069418301864,0.025247897224527416,0.04543105962748445,0.5922624405726364,1.0
0.5988068860718659,0.9622607549760362,0.8596662515460898,0.8910558408087956,0.0012852686036262106,0.3563121998119547,0.3479661652568857,0.09378938208877596,1.0
0.009240305783527858,0.2915132491663025,0.45002316149959165,0.34472689747198276,0.7207003068830857,0.20067763173254272,0.018988291178799077,0.19924503077220562,1.0
0.001049751370486629,0.650831945386113,0.7837397782969586,0.04100165669422523,0.49022198212616963,0.628947147802353,0.7838034918121588,0.9079500976842498,0.0
0.7392305643454878,0.786849799599358,0.04120677514985993,0.6862332556495395,0.8773388359669312,0.08838926231474031,0.0934238926621942,0.1776553112893654,1.0
0.9792808738855179,0.8331110494049037,0.9438080264545183,0.790120584525229,0.7431524423022122,0.4493800446979071,0.2882886786949456,0.13024511078660822,0.0
0.6615025372307575,0.5663440541084388,0.9071420195235789,0.6607535902778975,0.6791217083565277,0.5806618410189255,0.3826451102129255,0.9185611743447153,0.0
0.7412942529760199,0.46549042011131536,0.18970674304743784,0.048189507780096064,0.2885319228987424,0.7660233825661183,0.254743947664486,0.37756546178312095,1.0
0.9217326389109963,0.7330989441336422,0.3601485838056281,0.11068707048975285,0.5824532710404361,0.3290350154829645,0.9732055502312595,0.04934971628226409,0.0
0.5510274139771596,0.02955199346740095,0.11989273015446839,0.9074346971990062,0.25696244648915245,0.327421189694437,0.8546822784282678,0.11422806105098915,1.0
0.5364531933452608,0.10769178492755682,0.38578701077633204,0.9322707852783684,0.6360962539886045,0.6546407506531711,0.5460844201841744,0.7244437332053103,1.0
0.07274084591337127,0.41948056705762793,0.5085318156227896,0.5080796009077995,0.931412187551574,0.6469751444829073,0.7332422184257678,0.15686823628253088,1.0
0.006490843260474222,0.08912718339539055,0.6138415562405252,0.10763180269289085,0.23851868282786687,0.42753914250482317,0.2636334847285303,0.7767648176671801,1.0
0.8664385705766124,0.5154002411497459,0.367130197342344,0.4306611788394121,0.8811882738078497,0.7702244233948761,0.8504279344972707,0.6118876397751596,1.0
0.35398560644165855,0.7402652116272191,0.7095126109457055,0.7410548459964107,0.1755206213440556,0.9129202632634567,0.7502170923788491,0.44981513339067697,0.0
0.2479758395358067,0.24439294984754256,0.12102931508288528,0.005177534218230029,0.4522659625106995,0.8786770714168982,0.3200783365973582,0.39933938108859596,1.0
0.3368754815008182,0.20397647542284825,0.373412190324383,0.9905911971041674,0.7370423751254358,0.7865035560941755,0.4077561565065211,0.9353350269715216,1.0
0.5138048804816813,0.502867834329806,0.9000097103194165,0.813532897119156,0.19778861629850064,0.06881774460218654,0.20480936705696068,0.15968290959039294,0.0
0.18854298648295886,0.4775792324514713,0.20757585324788957,0.31556669155908323,0.6692330470046396,0.4294946759401736,0.12627859494145588,0.34527798337034,1.0
0.6782306449935588,0.6812828083379834,0.169358317684508,0.11427927169122087,0.9554982379296456,0.35136221435044773,0.1640076669861244,0.4303816353610317,1.0
0.19905880517760616,0.1930328854559944,0.5888592391036155,0.3113860919922909,0.41323030665490007,0.9876117712978312,0.8911079628317846,0.2920650717129083,1.0
0.8171265198447313,0.8256923232935681,0.352990804911193,0.8339854439051824,0.9129196027872604,0.9304723100073649,0.7001750072919705,0.42638508264821,0.0
0.1671086393184814,0.27239674283253784,0.410321485859281,0.20679417066470712,0.7024765035175073,0.9989220821668935,0.9536655693987249,0.6657214965360432,1.0
0.22042205470061532,0.20459713604148067,0.7942645971835829,0.8978062397285621,0.4454373760567513,0.1438053285168827,0.32053002208425346,0.9971461529742021,1.0
0.5066863617745123,0.8767391372445748,0.6259128628833918,0.9503445366893439,0.3748317131271986,0.8050311144975306,0.7507254468936206,0.9898973481893407,0.0
0.7780013285708525,0.3277783588543953,0.4776262036418473,0.17823430086575204,0.7416113935718527,0.5555728590742482,0.7808767031959665,0.7200771138804984,1.0
0.5146628273940274,0.9248259999989381,0.18747071648891828,0.47389360282579773,0.41999547874132825,0.6589903600240257,0.6405966915288137,0.13284307842078236,1.0
0.1504256308058653,0.9137573753223427,0.3052285029181367,0.2475262995234186,0.22413211202745015,0.6998140770816045,0.6523546814450603,0.7349222860114821,0.0
0.7251731280627697,0.5503457169904383,0.23437713076510414,0.6747687724413094,0.2101382327079102,0.5697396654660913,0.8433876411517147,0.29127659645402837,1.0
0.9898813199966892,0.9701642228707863,0.5872764039768799,0.7124435112367374,0.3510691025566869,0.5377356137897076,0.041312554689778735,0.3793907903422616,0.0
0.43499075730660913,0.03070358703610393,0.46146833825658906,0.6632323974580554,0.3354633308409807,0.3233464321264615,0.3804275178132422,0.6444343315130057,1.0
0.5363282418932772,0.011613096416892787,0.8562214759367142,0.004029918650875319,0.1681852506141111,0.6624888838894396,0.4295112296345681,0.5646132970601375,1.0
0.7861534159763829,0.3215818403941221,0.4157982651957213,0.23344904106718167,0.6512419398746889,0.13721074235455666,0.4999241635068128,0.9392690684323178,1.0
0.7418205877546517,0.30832683382913617,0.8158857111323241,0.212516066220018,0.8622008447112153,0.7382002088449221,0.7066811117129881,0.7601826662132518,0.0
0.8979833737634847,0.6263052322911296,0.8855142728429959,0.2322762235860732,0.9392493012479629,0.3302280739361962,0.020629192883036773,0.7768673361205017,0.0
0.8786121846501254,0.09137462257303908,0.35962008773247056,0.23223032957471107,0.16933519985608386,0.9834826270314095,0.5040276678194925,0.9123675594940424,1.0
0.7645683842583455,0.5856256805896753,0.7194243001008706,0.2962309874773017,0.7280319629638867,0.3888009563569296,0.29889995416475684,0.4661505737699453,0.0
0.044421700273566844,0.519096861814612,0.44818430292376127,0.44371046449779883,0.17779239462734375,0.08371916937450524,0.6128372015500646,0.5949620931767718,0.0
0.3560079098779031,0.7251506124046112,0.8761902437290173,0.5567137235031722,0.24509865312128698,0.9884469387451902,0.9246501937580732,0.015312756296133267,1.0
0.8098092991470406,0.8590803073252288,0.06628964450149183,0.17526233202592884,0.8000783790969264,0.9373130954680229,0.6549339555814826,0.08463440085882123,0.0
0.9580423105247855,0.9166153873925722,0.2995994360586079,0.6588098595192271,0.012664830922437531,0.5582476234339284,0.7296937372390516,0.5164071199482574,0.0
0.3375002387607363,0.7020640549366941,0.16551557816462226,0.5437368601864145,0.16643591619963793,0.26837474504576975,0.6194066419434143,0.007967267441472803,0.0
0.7633782946328709,0.5874693452587952,0.6800951186807974,0.42002093085258074,0.06855384994197189,0.6263209335198223,0.6551514646443601,0.7456000413407746,0.0
0.3544835552216443,0.10782504909802454,0.6225697007258331,0.7744182005568296,0.8592150627961438,0.5690798619586004,0.7587091128797033,0.16499969994599029,1.0
0.3619763977053502,0.026027926011307767,0.9391590120519391,0.6686762761121671,0.8241185270248685,0.8654382878112246,0.8525255218967457,0.8663301060857622,0.0
0.5142882383277835,0.6289920184849616,0.006813672766480594,0.7522983482135159,0.12594305655128785,0.8983494034973036,0.9004925205216885,0.020138624952491357,1.0
0.2666599283081096,0.23072540838035183,0.589768719293768,0.59453542924828,0.8545186849505235,0.659397597009952,0.4851568815367307,0.7686533576043688,1.0
0.3030643083472876,0.005969279157643004,0.07753477806613945,0.13280904509948788,0.353235273671469,0.9328191623705597,0.13828326180257505,0.0983810419208791,0.0
0.9148242296517489,0.6376722412856647,0.7792881539939923,0.2343441069303937,0.6913980931113954,0.8563214853458359,0.6489362056752365,0.28122145319490843,0.0
0.14590721651672495,0.9840528979116814,0.8338519245269402,0.11111603359017186,0.7954979513709974,0.9746743695918398,0.48385849410392096,0.9359934788261888,0.0
0.4797377027609231,0.006400131246625196,0.31390385085798367,0.024018219657227446,0.0789028624555635,0.5139290967244882,0.9881678403266803,0.5138083188307229,1.0
0.849965140932504,0.6793406556066254,0.5505098448312182,0.8955611471380573,0.7146645326891778,0.7826479371257931,0.6182932622192592,0.2975185533396011,0.0
0.4064487683129485,0.3847644542513659,0.49496894024333105,0.6024236282532023,0.4183867703301421,0.6310345358188143,0.8607566981957582,0.19973678595480515,1.0
0.17504929082755533,0.714092075454067,0.1625794004328786,0.2058115613116137,0.18925818987269893,0.7366184844735262,0.127382807616984,0.9102163389410094,1.0
0.39849856637442355,0.7823554521770109,0.5650233233382487,0.7772843213588871,0.024282661450591714,0.7656493082011958,0.9675461477561564,0.9424779793696199,0.0
0.23276678063512485,0.6588049654973221,0.6799139124468785,0.37497211209280673,0.0036140882844741817,0.4855652396304464,0.3550614608942039,0.3326298733772079,0.0
0.42421946462414817,0.022350684399119247,0.18186128251564132,0.21541004176885603,0.4978815886599191,0.3288063260485225,0.12942872619692486,0.29011555413307727,1.0
0.9921155899088041,0.5174730033868212,0.17498791516258416,0.7165217114486988,0.885731820374426,0.11159991340576403,0.1302970957123213,0.8775171197482214,1.0
0.8912442193372851,0.3727282042732669,0.3584047059497727,0.8054139016409099,0.7532172841563316,0.5588533055439413,0.9078236593191383,0.22599484573889966,1.0
0.6278802503485907,0.5440082358319215,0.805765223578778,0.1512743546652059,0.6691460180818507,0.9680617429636877,0.3651168798699946,0.34059464036859965,0.0
0.7906357508653751,0.6498295439763798,0.9468482054215419,0.8766835873199887,0.4713412165263679,0.3895506968925828,0.8965931913829743,0.47761013649123507,0.0
0.8510743171973523,0.31782150777524754,0.26520261934539713,0.6609273508411471,0.5979120487828952,0.07251683599943115,0.3651360473353056,0.650613777146553,1.0
0.5281758891980398,0.007329529375723676,0.9204894637728147,0.9489884084460898,0.5847690894492821,0.2381516587677725,0.7430742947622817,0.39973445220139625,1.0
0.8976103764354826,0.3597649453643447,0.6561753651849498,0.47458254356283436,0.9967884204834245,0.11898244344313963,0.18787866161090044,0.6110183166303268,1.0
0.2945384277446343,0.7320925607267834,0.45905269731979265,0.07334818035550617,0.08858774876872644,0.2412808836856884,0.3290820450852119,0.7159622065305089,0.0
0.8214759445905306,0.9183953401076836,0.19239618315466517,0.24058303964261035,0.5409356988926631,0.7371581066424996,0.1929672069669569,0.12851729978062715,0.0
0.4247564109910587,0.04452828465651554,0.6287410597407503,0.474807769086802,0.7835412917745462,0.07238126720476779,0.08983457644068499,0.8533436018483327,1.0
0.7983883119722062,0.9289102017173556,0.7781507731377544,0.12143184009783653,0.15421976182731018,0.009167474950282584,0.8233709737905746,0.8865704160082148,1.0
0.617443222696914,0.14891713570168363,0.7147317749774089,0.4437354011282499,0.6010740112001978,0.20040490233740765,0.4369957081545064,0.3489011355377301,1.0
0.24176912155149916,0.9406854981504951,0.5302542777140741,0.528816796677592,0.4288281184081561,0.06689165957428744,0.8405375223967666,0.39133210644582694,0.0
0.6409041179329475,0.4087960723704085,0.07485356254639597,0.07837609479102975,0.5860201302143724,0.2609805417658008,0.3672928038668278,0.9028550139025024,1.0
0.8013136615709819,0.08985668526878743,0.8666738653916257,0.6434300600468755,0.5521120168369126,0.5251409809344113,0.39688487020292507,0.24272285678088723,1.0
0.28582764021622176,0.34474060474324875,0.341365748466645,0.4880578742053107,0.45609948042671766,0.29017266848203277,0.9187799491645485,0.3601865002367093,1.0
0.4471863904258006,0.9804160072036983,0.7573367299995277,0.367813972736835,0.708593734660489,0.7814206548476854,0.9946839451643819,0.021193814886679596,0.0
0.03399501892046197,0.29725289982304004,0.8415798530504994,0.9703153289977199,0.9922339953014996,0.5947925664791166,0.8429642901787575,0.18305878391443792,0.0
0.14439002468255435,0.4867606559570411,0.39679920279869446,0.9804449066269095,0.22255577413022815,0.21316534829772288,0.8674711446310264,0.044237129349949667,1.0
0.8842769157630899,0.28818987436533594,0.6372383851579625,0.2615727851165456,0.2823778105964081,0.3642576985034903,0.8647201966748614,0.8182006094430332,1.0
0.2559175522037086,0.707385064962301,0.5246583745137544,0.4951122877899381,0.008775593269267967,0.2104266464047474,0.8438793283053461,0.558130463483427,0.0
0.803695963139587,0.12711012664343652,0.49326353223215835,0.9449213501328406,0.23485232412330298,0.8245755715113454,0.18406850285428555,0.5861946817093744,1.0
0.23436966104464724,0.594738613744686,0.7592305075950085,0.18993196809703,0.3281449413642633,0.3554770323645957,0.3108079503312638,0.6001246891107066,0.0
0.3792740824690195,0.7143811684453805,0.014586969175837905,0.37296444805819257,0.26482715472203544,0.47236333285932897,0.5039051627151131,0.8473608582878251,1.0
0.4991309109199611,0.9088324412774883,0.5927698977975616,0.02578155777008162,0.712969326019366,0.29952452760509635,0.06977374057252383,0.7117614503944043,0.0
0.9412086174586095,0.028209264036672566,0.5713721742572534,0.4652090233462571,0.47400966127175787,0.22176852808900527,0.4375857327388641,0.26981106599187854,1.0
0.34769081227463644,0.9547655745198905,0.9884839856669319,0.5112115355791333,0.5619754716410418,0.25462578767857413,0.581063377640735,0.6016557980436479,0.0
0.3422884526818667,0.16936177081004966,0.06113521593256477,0.5584985495635426,0.2425931222740445,0.8881599892181686,0.6739480811700488,0.6398210011135338,1.0
0.5253688588085733,0.8368405879126741,0.5744996399753156,0.017334672129734163,0.7577873639310753,0.3482353771412441,0.6214775615650652,0.8066918712034833,0.0
0.43012030357631753,0.1823006068032686,0.35384589670024247,0.20143359096763414,0.6166301658166311,0.580005486424019,0.3566440268344514,0.9311075993678863,1.0
0.368694594244699,0.9239404038382204,0.31284606278384774,0.2529457721136845,0.3010996422792874,0.9326533492655409,0.35173715571482145,0.46359177985370703,0.0
0.8226230572834758,0.19668888975018006,0.9883760047925467,0.6985012819815601,0.042416782572564316,0.4611429590184289,0.9548231176299014,0.11957402332419831,0.0
0.9143692578042926,0.9902948111391856,0.6565136345088833,0.15967428516098053,0.8352773330517276,0.3586953984077697,0.3956173173882245,0.9289347082474846,0.0
0.46658039445395955,0.8948850981456105,0.3634325819951576,0.2954828885637695,0.15259486815914192,0.7070061210239345,0.5124963540147506,0.23118578010708596,0.0
0.45766931319678344,0.1451031788548519,0.6643421152471648,0.7086199829953403,0.09251413291333033,0.21275598890405228,0.9874161423392642,0.884823434884946,1.0
0.3130312426382107,0.5038885529263165,0.04265377192847475,0.0007648117616005923,0.2951039332297123,0.18995098299314678,0.7667552814700613,0.3908253485627413,0.0
0.7848924939991468,0.13214894580608094,0.11428992891303319,0.7608709781393295,0.19364200652610786,0.3978036794060654,0.581760073336389,0.31023500896828093,1.0
0.22572333891502877,0.2923993762599702,0.3304405778860475,0.9036697965674994,0.9875758252756403,0.32817703215235494,0.5556148172840535,0.898479226260727,1.0
0.5710536033770319,0.5681022385725973,0.43512843356629255,0.055430680809803845,0.9768927596712217,0.8288352438540378,0.7616242343430977,0.15668486994325648,1.0
0.12515519447857848,0.24629846820534573,0.12124527683165537,0.6357254370874015,0.06978552146510009,0.3198415410378149,0.4846318596608192,0.9327595633880765,1.0
0.5016039415683503,0.4684015254765521,0.07985623421078186,0.14313625878916741,0.9068687046646973,0.259848237234248,0.33731072128005335,0.008530702193061401,1.0
0.7383227429682311,0.5285689711103453,0.5210554745772694,0.951450768061482,0.9637184911519711,0.46710692477974713,0.1756598191591316,0.26410337194028255,0.0
0.6268572932385081,0.34959651750459386,0.8890534985537991,0.7046502836541714,0.3819848007170334,0.9943246816918986,0.6963398474936455,0.9654454468470992,1.0
0.8144176466468442,0.3039965446883609,0.09352284551624673,0.7935719202929788,0.7442031573456391,0.103422011066234,0.7077761573398892,0.16763350736465898,0.0
0.7668217550293623,0.45565754187600904,0.05857312427670058,0.5064191927163817,0.02373554669818101,0.5712463096635347,0.16322846785282713,0.3434868276289732,1.0
0.31529177623131566,0.4900139476085983,0.03502400783617471,0.7930933492149603,0.703372264625237,0.04833704047219328,0.04412017167381971,0.5635164329579324,1.0
0.697686726813149,0.6399337501864901,0.7581103718415594,0.3704344412006192,0.7482967007016972,0.8852575966279186,0.9027559481645069,0.05069495842584998,0.0
0.27493272253031203,0.2565770646522362,0.7362186424336713,0.5043807558186576,0.7671023773223854,0.8611226369642778,0.3294295595649819,0.5578329099237863,0.0
0.3568897328638767,0.5462519584789195,0.48317541241000045,0.4248453729949556,0.14295137365072003,0.6736161370905611,0.41645235218134086,0.08659392023897633,0.0
0.9742013718661326,0.471314223640639,0.9954037821428818,0.7898128558941307,0.5740780638824133,0.6072351818797317,0.9304021000875037,0.6882647209831103,0.0
0.42927535585961296,0.985074943840567,0.994809754679127,0.8084702305709826,0.11891865502106475,0.8708268157728855,0.4019317471561315,0.05745200802811168,1.0
0.8447084253888617,0.33961975643981845,0.34212904324700344,0.31449813041592445,0.7117893942521641,0.4738251411931752,0.07100045835243135,0.3319297473545238,1.0
0.5334105856960035,0.9771459911642137,0.8399150373581988,0.9969176733062656,0.05270158472239095,0.27188494215377695,0.6089270386266095,0.8848651090529629,1.0
0.01741812629063444,0.7227784039836961,0.036671047807139256,0.4684035648770213,0.15736739631220242,0.8982390382946029,0.04652360515021453,0.9544376321071126,1.0
0.34373454687456895,0.4700593636131473,0.9219823590557749,0.036782856331848246,0.5938561825824347,0.9236668095754548,0.34264594358098255,0.6798090322924794,0.0
0.010127434563640902,0.20255516791550937,0.5055157797996702,0.8288315199008902,0.297928658571208,0.6521575335924086,0.8191816325680237,0.48389210057810406,1.0
0.4314188966919435,0.007066186632488702,0.4967876353143623,0.16029955790537614,0.3444909895878384,0.010549162391783717,0.04511521313388056,0.2884177485280684,1.0
0.23688062812113342,0.7908012680802579,0.40162438255899285,0.06256096541899508,0.8077942360319905,0.579856917881922,0.8587141130880453,0.8837190694324979,0.0
0.948658748299493,0.22519627263831726,0.7346212152968837,0.6608957821281292,0.0696494061072016,0.03410443944027863,0.8736205675236468,0.39831586352210063,1.0
0.6467174112818163,0.10222715753895584,0.6153670845641472,0.7414302218696902,0.48224291576608536,0.5617673713767847,0.8753489728738697,0.4404692844712048,1.0
0.47878212923641134,0.9480083908643429,0.5064674441643368,0.8177429431325448,0.9485478640502094,0.5675435040527377,0.9408000333347223,0.44262550592439975,0.0
0.2252158397055921,0.7630355985233692,0.10969662945792541,0.5755329209946533,0.5095132164563202,0.76644202749367,0.2882411767156965,0.33545954938555606,1.0
0.4745295352336566,0.48194217396867595,0.4793493873743562,0.13419196695631186,0.5924531065345454,0.3485699216619302,0.24569440393349717,0.28113977182559524,1.0
0.07518177650721697,0.44144367040319576,0.35120500819009726,0.8268164279338012,0.4323504017923713,0.25287665839635115,0.18419434143089292,0.7010336860634914,1.0
0.35313588351022857,0.4595901622371815,0.10041982539466077,0.6894588353267163,0.0844299950489033,0.3781846728202342,0.9002575107296138,0.06736879304941557,1.0
0.16359912178495406,0.2931994922157265,0.7689174797953722,0.9674118032499857,0.19551551635480413,0.8756865989052622,0.0648685361890079,0.27259823434884944,0.0
0.7115717247863357,0.9780841496869884,0.5974098916848359,0.9957246942941541,0.007948818502773514,0.3196563609621299,0.3698179090795449,0.3398870129956726,0.0
0.2032328734270974,0.34126458671913695,0.9663351715728542,0.3276718339432639,0.10212976755317649,0.776563259424021,0.36922621775907327,0.39831169610529893,0.0
0.25763609892547057,0.588370869408015,0.8220416822093682,0.6564353086770189,0.1091809676236487,0.25464754235795256,0.9451693820575857,0.8711468064251566,0.0
0.7516206548198896,0.000447841943384486,0.3492064334315155,0.24287933191053057,0.13034730377498566,0.8984083003122063,0.8887745322721781,0.08588545938268888,1.0
0.6476687401710164,0.08846803013787796,0.5429432243460525,0.7510212743944578,0.6628618930594965,0.37961729804759714,0.9747747822825952,0.4321719576190381,1.0
0.9139055313965063,0.196447315257898,0.9309559146192308,0.8260818584687051,0.08645421349999016,0.39053894299849523,0.5014475603150131,0.5466008881598687,0.0
0.8938772196789783,0.6219632626254528,0.9666368282170208,0.4002146141918609,0.21494153938244487,0.276378344649304,0.11381974248927035,0.9590651317237103,0.0
0.8238325130575594,0.5227223374641686,0.3309205223621227,0.9691409198167953,0.2549430040155357,0.3929754670888843,0.44906371098795783,0.1748639755155928,1.0
0.40992910397870896,0.8729275695960184,0.6156721902288717,0.8725120073854871,0.3661083902780202,0.23381478384338328,0.8642885120213342,0.5673137831476333,0.0
0.041010339931618955,0.19088021780993336,0.4384784937649667,0.34875575498964734,0.42777581137223913,0.3889049543363974,0.04694028917871579,0.9573714935355031,1.0
0.7800960560971003,0.5287927593488001,0.275763520293241,0.12599895743662054,0.906262686190155,0.07838555871322661,0.9872128005333556,0.4664948023977649,1.0
0.17070994709062087,0.7920282541278709,0.005365349441497469,0.4167271733666176,0.7130584775988084,0.796945536894875,0.8794349764573524,0.12189694144946084,1.0
0.3867308455525773,0.023629701875839182,0.6628253421295739,0.22023342277802022,0.5580153903220654,0.7143058771592846,0.1778440768365348,0.9708105792375962,1.0
0.19508529594658558,0.42111026574786947,0.8779561422545876,0.22929735738038043,0.8798809826414445,0.8051961316996454,0.5234034751447977,0.5397104812199529,0.0
0.7964246375612023,0.9300033926615509,0.13654513202585383,0.7311194557447762,0.20424494184186104,0.5486105657702324,0.7841151714654777,0.14274486074160014,0.0
0.6681931436405812,0.0021285101968327447,0.573625976537109,0.3359489382699019,0.2046957410486242,0.12474159685713859,0.9668677861577566,0.5408881932081108,1.0
0.30984909260308635,0.027671428958251088,0.5377556321179162,0.5786423065852601,0.7641306580076426,0.931159704815531,0.2554939789157882,0.9722408366839365,1.0
0.24722878372097468,0.691027817170053,0.825925014048126,0.9115131626942703,0.798553515623549,0.31229399379832457,0.6543647651985499,0.5177040200569436,0.0
0.5212022186708773,0.8164195793205863,0.630734063004585,0.9687878277409402,0.32153260055687893,0.25501498419867435,0.11931830492937207,0.3744340647983304,0.0
0.05070455640377525,0.09966673338724069,0.6146096265878097,0.01584165770230178,0.6695299536040322,0.41996188155691344,0.9338464102670945,0.5678047048468724,1.0
0.09246460504729592,0.878420070964498,0.853134602537524,0.13385638357843305,0.9560265141042574,0.22814317974883425,0.5594783115963164,0.8321781253959046,0.0
0.6591990267051231,0.8527914065316433,0.4519055307963046,0.9749092399500736,0.19211581639232211,0.7539169034919975,0.8128380349181216,0.8667885219339482,0.0
0.46069520759450155,0.9958672179166508,0.24133194806517905,0.5451853070189983,0.5044721722366061,0.06349076646510865,0.6916313179715822,0.8347627572963133,0.0
0.6288294569201351,0.49490861847529855,0.23474564534623654,0.8697185742083615,0.4202501975397348,0.9401613666607946,0.520697529063711,0.06694121608556203,1.0
0.0018795775738938425,0.5985079722237118,0.06351397888032057,0.5323660219840273,0.07081182595701302,0.5644875022019981,0.5839543314304763,0.18833890100218037,1.0
0.8181248050120654,0.6045656517175415,0.7955295918004577,0.15143883031286193,0.4344186653690159,0.003817680929954159,0.9272636359848327,0.9437165356430824,0.0
0.12134589957617326,0.2266608511810868,0.32965207872469016,0.6562252043013035,0.577294419376459,0.6455348255274714,0.5300612525521896,0.4424829802697819,1.0
0.4341030979470822,0.11655995799258495,0.31699443858700527,0.9594938925151641,0.13260872910708854,0.8962055063746517,0.8724505187716155,0.7301856000746801,1.0
0.620208337312679,0.615815059063636,0.7135882920078764,0.22812374404936392,0.1566029745849012,0.055931545983024966,0.6630517938247427,0.5152485780773872,0.0
0.03293094190579887,0.4160802069789012,0.4061871714476282,0.7328292066304909,0.9379072515788586,0.7802140660450843,0.7178332430517939,0.18434151480599842,1.0
0.07268911442051185,0.5523290170254268,0.5431586554762753,0.3711037509732581,0.9930106223045577,0.6438626335259772,0.42787366140255845,0.0488371240156561,0.0
0.37471507885471256,0.1001148407971002,0.14044915798795815,0.3314035741619369,0.8146570503244746,0.8906967970744732,0.30252260510854617,0.34884862608602885,1.0
0.5319957956887239,0.2039350626527427,0.6768609986347185,0.07505766595791813,0.818547349305971,0.2554758119801428,0.8615067294470603,0.8160568902402432,1.0
0.5429448324748559,0.2025326032651314,0.12517503779330602,0.6707661779706093,0.9467144193658457,0.7595648958003918,0.7246460269177882,0.6949850973175171,0.0
0.8964462852012913,0.7942764897049446,0.7642915472996026,0.23633611925015025,0.17055121678639334,0.41870700797813076,0.8495962331763824,0.6350218039247064,0.0
0.29302627641489615,0.3169162670953773,0.06417910922941977,0.7088526364517828,0.0037645315747830144,0.011574815934188354,0.2807858660777532,0.04000053342935056,1.0
0.780547579178366,0.11809196502001346,0.04577115589413733,0.38722209916024575,0.871685935966878,0.1068706583496582,0.6581407558648277,0.9831619691544478,0.0
0.6679299762512655,0.5781458971890816,0.10499163479860107,0.512801113128738,0.2775365614341942,0.019001651233225003,0.0837793241385057,0.09019040093883562,1.0
0.12617178463569356,0.32754607568873945,0.5800984615776457,0.096655706044878,0.7799585126757096,0.872625821637098,0.6311046293595566,0.6073476559113974,1.0
0.4431372736282931,0.9361975219235488,0.15725331676388477,0.7079063709111553,0.09980280519690027,0.677783219395411,0.4387441143380974,0.7310932634540884,0.0
0.7891052945458559,0.9317560023297338,0.5688559811057348,0.182510402421506,0.6036633869852491,0.7086040287543802,0.3627042793449727,0.7879668340301255,0.0
0.05283350630222233,0.8784543161397775,0.4292303431032589,0.9458962662701565,0.6197531244179277,0.050826890057156404,0.883510146256094,0.6074351716642329,0.0
0.6651494748324961,0.8503329215063417,0.16556917063790427,0.44336082110487846,0.30368318075854195,0.34456785655919503,0.9934372265511063,0.069151613957179,1.0
0.9429364493201156,0.06261823213131884,0.4308657094661818,0.4235640546430547,0.6132097699517786,0.11061087139694753,0.5114163090128755,0.09268168270288651,1.0
0.915571020176874,0.1862828693952726,0.2309848863919159,0.6757049572164353,0.9446474824496095,0.032767322561406576,0.4064269344556023,0.6068550672454376,1.0
0.7955812815827397,0.757839888673979,0.8522243264195505,0.835671849860262,0.2521206666627751,0.9713363528120842,0.3946997791574649,0.5165479786361545,0.0
0.7481068926510507,0.9505247475812022,0.7678079564128701,0.3268414972059036,0.14782764664771486,0.6102683678472206,0.9026442768448686,0.17550325725297222,0.0
0.930806342758546,0.2173764266832034,0.4100938505024692,0.38103861065828726,0.9540306861859098,0.693619034177132,0.5510112921371724,0.5242643675861656,1.0
0.1205330519140122,0.5679888843877573,0.5310852263592192,0.4900697827727676,0.26906954937591243,0.7555280762708447,0.885973582232593,0.014135877791335738,0.0
0.19372435974982122,0.5474869085207836,0.22438929784839484,0.8456528688399558,0.9891455298708205,0.7042915615190497,0.895414808950373,0.6862468577677315,1.0
0.6441557738712984,0.05295498697356005,0.14469675945946953,0.7092964554171514,0.46153746144061525,0.6600096463431976,0.7694562273428059,0.7883935775106186,0.0
0.4346623286493783,0.514972309191989,0.1814152976265963,0.7204961858893159,0.6774272976829611,0.11394490866218271,0.5373590566273595,0.08133464023524234,0.0
0.3781837417733662,0.38852531780319055,0.6530165929725941,0.39894072377243467,0.8080770800310545,0.33059525047594995,0.1899212467186132,0.9376187713788482,0.0
0.39974012220305066,0.6469741865709004,0.9944818324168667,0.2971552345038075,0.26085009214983196,0.6477437213872906,0.6482428434518105,0.6311077660645583,0.0
0.2442686811705856,0.9465748718991525,0.4352027201629211,0.3042138926212776,0.8832674159998429,0.7028135698261536,0.059344139339139124,0.4316010215172064,0.0
0.6455026497135933,0.6886205671744332,0.3948656288121626,0.4871521970099919,0.2375695899717209,0.4827058257970172,0.30248177007375304,0.6749164849672942,0.0
0.9498130238145264,0.6226789602421479,0.9872396851734035,0.6044209462390123,0.9855685880777805,0.6005530463979557,0.6414550606275261,0.562867149420229,0.0
0.16337760487963282,0.5729586822668925,0.9929220791969406,0.0872901443273808,0.38910631378914906,0.6501653886234701,0.3416792366348598,0.4381947083808419,0.0
0.7341131258980057,0.7851855902673619,0.0909586313861932,0.7042038118557761,0.8794214274759862,0.0828012280251208,0.1878286595274803,0.7683424683109626,1.0
0.614163446049624,0.028838950515456208,0.14570917964780722,0.7223139070792175,0.22610193740179396,0.7986569934396377,0.6367773657235718,0.9384780927233569,0.0
0.8750586290252407,0.3737770623161312,0.971046268345473,0.496124343589628,0.014922010941233688,0.4849229459868453,0.5610192091337138,0.7306723543571176,0.0
0.23990625722914455,0.6355639065409346,0.374523570871801,0.6660542159485668,0.7586358959282669,0.6076402964579137,0.73611900495854,0.501885339361085,1.0
0.23314720607492206,0.05135316226319725,0.2428391700489177,0.8716912208470231,0.5745856441546546,0.13275925741197847,0.6991416309012876,0.05664686310202499,1.0
0.6070014198305117,0.6714998377999837,0.8762767345522349,0.008054266352394424,0.7965255825233187,0.23972197519754312,0.13293220550856283,0.1667508484860608,0.0
0.21690802724206948,0.1518210734720944,0.48675072018202337,0.5019178656366601,0.379259840238247,0.2051710342280697,0.5291820492520521,0.6669092103245251,1.0
0.4819870941863353,0.8078681077602752,0.01754649412366488,0.10467124103508241,0.48664795898602814,0.5752348444169003,0.18783365973582228,0.858196975455582,0.0
0.536179679657373,0.5131562530362728,0.6819628959674582,0.8032030305964497,0.6022847214888738,0.5423051576630593,0.8267619484145172,0.8773362538590279,0.0
0.4527895743267478,0.1426892921973562,0.12910930901260909,0.7794211783619021,0.9362935018581207,0.66725793409075,0.56913538064086,0.1330206103765344,1.0
0.5611988866321578,0.962273497366838,0.07565638840853173,0.5701206110535594,0.5536220217137162,0.8970926728117447,0.7807800325013542,0.08963696798757109,1.0
0.5397491526646759,0.5003177633706172,0.07505413635729308,0.4520695413649622,0.6596110443948333,0.7580619658165009,0.46911454643943495,0.146379681676035,1.0
0.5681932497564641,0.5010645205648914,0.6163203407844559,0.7607263987393738,0.7624526979231396,0.7370559657698079,0.47675736489020376,0.6016541310769272,0.0
0.17715462994208203,0.0929419366416473,0.6801139556392282,0.7330034977603457,0.8703115157838095,0.016241459961839066,0.6979790824617692,0.5090799677275243,1.0
0.38097644651865625,0.3220121615501543,0.6432277420111399,0.9085783335168209,0.4756592308235218,0.940066654215208,0.9296054002250094,0.30311622758763246,0.0
0.4396197974035566,0.8230955302347731,0.745867410098626,0.6398574898098051,0.5104416134100956,0.3658261578264847,0.22372515521480058,0.06316136904642833,0.0
0.6817839353287365,0.39523843402388237,0.39302119874158503,0.49397156958845273,0.8375241651193384,0.11303757935151953,0.29100212508854534,0.7363533769411827,1.0
0.9006402501788053,0.27602274941504457,0.30594245017359184,0.24337779923624936,0.505911333447603,0.2461247487599833,0.7247626984457686,0.6525166196582052,1.0
0.4225157741259766,0.3901412122367302,0.7878788682755375,0.5903813580117547,0.042867581779327535,0.03754035227723734,0.60983874328097,0.20824248364705644,0.0
0.21553515300849146,0.07720004013853099,0.31055644375204616,0.7744627681516784,0.6088723864126625,0.23144060548048123,0.9705579399141631,0.5544573023144166,1.0
0.9100508719542089,0.42273624790746045,0.1848470730815619,0.3836113281275907,0.1873854760402477,0.27365529551344225,0.35528730363765154,0.1314503277256573,1.0
0.8359220302939623,0.6839212796333589,0.47674776463671464,0.41586924716577955,0.2985943767641267,0.8394974244582024,0.9319938330763782,0.44443333133297325,0.0
0.24285601348096175,0.2076391163789098,0.8816269613651329,0.9113884795420149,0.7018264399174075,0.07573679384841336,0.47733072211342137,0.23000973508564876,0.0
0.5964927639579527,0.07545114700099864,0.9424384999838161,0.7759759441101137,0.03852064628527124,0.9950746875285199,0.29685570232093,0.11958152467444139,1.0
0.38640639624095097,0.5742007999035825,0.8502390171246523,0.4765684543666295,0.3731996554928252,0.37954885039784536,0.8243085128547023,0.6404286104832203,0.0
0.22969923575341222,0.10813697220619095,0.8638886486366022,0.8419174146550454,0.20967628955371675,0.8105671497974163,0.7810017084045169,0.8184464870343329,0.0
0.8877217026081161,0.1803770367251631,0.04750495199759308,0.5226945886185504,0.5416481155319564,0.7080625494786306,0.26374015583982663,0.5608176138371573,1.0
0.13918451005235766,0.006961858307799829,0.7445268023387543,0.11260533405136686,0.8241957386606356,0.1633365204822959,0.5262127588649527,0.7646034619564855,1.0
0.8328112431900132,0.4074552012050054,0.5577854210431642,0.1550323579308433,0.8252581283156559,0.011535020788983885,0.6089837076544856,0.8364097204163417,1.0
0.0841000205864813,0.3118286021013264,0.6230464614906243,0.7849976986673493,0.652220219259819,0.5737441182775388,0.13876161506729445,0.14487524421062453,1.0
0.7777471810315737,0.05756959070909806,0.6442873872501914,0.7149432757978064,0.3573781687947184,0.5457442541116344,0.6194424767698654,0.6008506531175611,1.0
0.15419168348603413,0.2026687875668245,0.4104748346194642,0.7841503837986181,0.41140906724629345,0.38747577802161887,0.028571190466269436,0.24459736085828782,1.0
0.6460027208112348,0.08867721772020576,0.05815764995412798,0.5269980143544795,0.8606446720522003,0.590206308644779,0.772657194049752,0.57824825135191,0.0
0.01649491811037329,0.206917578499764,0.7648664724956529,0.8970106551038517,0.07546177068834042,0.6934932815182856,0.43697070711279634,0.9316176911844132,1.0
0.38710225114233754,0.2672756290626325,0.4071162845240325,0.34360501438498714,0.8662423829792654,0.6468716771053755,0.9929347056127339,0.6251550279050229,1.0
0.44043211448630365,0.47411516041873614,0.031916705622911656,0.5795914902422169,0.7174592755054443,0.7423205981793987,0.9447326971957165,0.5289252065371767,1.0
0.8651574865816467,0.9886698908454947,0.36859311267737915,0.009866151309637361,0.24924552822576151,0.6657231679906954,0.777939080795033,0.349105338961013,0.0
0.9119792628341855,0.8296634362936208,0.04649571552053944,0.5632144908351251,0.4954760880074675,0.9098740775485342,0.5633284720196675,0.5386602921859268,1.0
0.08323464556233995,0.7693770616790117,0.6043331371813436,0.3317532175548573,0.6914434648973615,0.6157691181183582,0.338959956664861,0.7329794362985338,0.0
0.057726244367899526,0.10075620780078537,0.9100959729766587,0.29938812406238935,0.7850711965574755,0.7806626899820233,0.2578632443018459,0.7941529475305555,0.0
0.11927770102062257,0.47347830634512655,0.3360521343335139,0.1983141246115258,0.1925246931301809,0.6222077073114824,0.5341714238093254,0.5190100884825936,1.0
0.8459635109925443,0.4308643004400903,0.6859332492479808,0.5188262274990019,0.5311576810188328,0.4431810222789141,0.1168098670777949,0.20951938015509453,1.0
0.5129856658665529,0.7389816812204236,0.15415238197318992,0.6010802336084763,0.8426071318079569,0.5165648618418679,0.2819600816700696,0.781195615210738,0.0
0.7674374924392434,0.8020607631524037,0.4899941260526809,0.006890203220274005,0.23489159327139064,0.4828671287855795,0.011262135922330052,0.3502497116147573,0.0
0.481373213804403,0.4892310869737193,0.8878346677505435,0.22503160187343074,0.19018579083022935,0.3234159409800854,0.5501245885245218,0.6245582538190207,0.0
0.18215030041406421,0.048263928893211794,0.3656097098949216,0.8806917527400449,0.8287748397261561,0.10164688228914409,0.8778507437809908,0.4920068945743567,1.0
0.03576211365859977,0.9913633137012026,0.602798323033143,0.5425011705625731,0.39724139541325737,0.3369497392622086,0.9732255510646277,0.38584278503463953,1.0
0.8199226733562119,0.8155966332479769,0.8099796613910801,0.9687233638983912,0.23730664587878247,0.06211677275168043,0.6028442851785492,0.6544094603695332,0.0
0.8672540711358432,0.22094987090365314,0.41940806317332174,0.8946979152711659,0.21017988984473296,0.27208471378270366,0.965265219384141,0.6021842264941023,1.0
0.9323922446268222,0.8702211388830339,0.16529245306546292,0.7923624937161018,0.4215917165446758,0.48053168436400995,0.7689787074461436,0.7537273375874325,1.0
0.008331688537150161,0.025149231978941033,0.18273096631474273,0.8252719485456506,0.4800528647639526,0.7636359391548149,0.13534563940164168,0.7357299313876497,1.0
0.9249572352992361,0.9239608447567982,0.658306063961821,0.278614584480131,0.6752828837988761,0.08013813690803395,0.43546147756156506,0.5704218425983344,0.0
0.6420048049271727,0.9032310986542442,0.5244471883319104,0.9458339246940288,0.5697064525047614,0.15195908846832196,0.3398299929163715,0.3537895154461136,0.0
0.39613032516028807,0.9853879288146337,0.25456663587310363,0.9359110027576198,0.8104199623122311,0.6995615105600398,0.4102487603650152,0.8337842478312762,0.0
0.6169121127035568,0.22069820868531975,0.1951447872299218,0.42580569855062467,0.2823878932155117,0.5326222029318941,0.11097379057460721,0.13295226474098665,1.0
0.4686149012167247,0.08415791644920534,0.16240005136387536,0.19256410902613175,0.5624734999583428,0.6202909078174644,0.32279928330347096,0.13046515039373752,0.0
0.9604819146700964,0.9138747115043082,0.2721139259245895,0.7983433057748196,0.9314817045569723,0.8163873224340621,0.5833893078878286,0.6817843878564809,0.0
0.6333842158991305,0.03420827543951949,0.31453157259949494,0.5732411385428784,0.9953338700116905,0.6833484378017799,0.959636651527147,0.005791875870990115,1.0
0.9726289997729121,0.0464818524463001,0.43660143065372736,0.8050637276813841,0.8704420591679929,0.20727195259390063,0.8333130547106129,0.9747179492308615,1.0
0.5814617144506488,0.4787605582653783,0.04541060059121521,0.3294502932043703,0.9929411052991592,0.47544453830203137,0.28301345889412055,0.4859708080787875,1.0
0.476926427736145,0.7625126295675497,0.32737041897109875,0.31500561737393407,0.24153205927943233,0.0621403845378351,0.0,0.06551345908930273,0.0
0.40640075087598665,0.5790277768191487,0.9174673258364008,0.16675071725972962,0.755746429558843,0.05573814157733098,0.4143622650943789,0.9686985324024991,0.0
0.6871573783434461,0.6925123056984502,0.7537659324851573,0.36739243756889073,0.6218861290225007,0.8927284718876483,0.4426767781990916,0.8306845232141786,0.0
0.2193282652387714,0.8237666294836623,0.014907993396982788,0.7694791560277009,0.8583617548214819,0.23211102102669356,0.2361081711737989,0.17661679102238403,1.0
0.26830498978104056,0.8770521222186414,0.8834353093744909,0.30099733257639166,0.8286169671375604,0.45219568387161135,0.6011925496895704,0.8887233035279684,1.0
0.06149362349660331,0.41058982934222177,0.19883868824727674,0.49726347009129723,0.1616116482906511,0.21285070134963907,0.5781874244760198,0.2555276616457629,1.0
0.23612110369007377,0.028580386168771843,0.805120256734478,0.31345079193697933,0.11303756943077248,0.051818319774685206,0.5421892578857452,0.2617204430130757,1.0
0.565447235999601,0.3562238880538493,0.18815415317790102,0.9559741136553254,0.9829858455947711,0.20468818646625475,0.41453143880995036,0.8159043627853013,1.0
0.8327056578866385,0.6351019948743732,0.6164625465551448,0.1504506500104124,0.8260798617725987,0.8222019237503795,0.2945331055460644,0.07750395071112798,0.0
0.9701228079111512,0.9302027579843024,0.4842788336792082,0.9677176748979655,0.3360077922725746,0.4733277018781186,0.7077769907079462,0.18303044548018643,0.0
0.014375253351670225,0.5852285427430226,0.049710467989640184,0.5824292257308886,0.4059997420972166,0.49829438007653404,0.25577899079128297,0.7613695465183734,1.0
0.02656160133111768,0.37693398963725067,0.9876811598047961,0.021353448881897275,0.29489723953808866,0.7195739584814598,0.7022809283720155,0.811669433831423,0.0
0.7364527158237882,0.1034769737034219,0.6010690371873396,0.4819107295158182,0.14913732580285505,0.6120161706246035,0.27339305804408515,0.7923451221219819,1.0
0.16504070605263776,0.5186973347696839,0.735288733429446,0.8790385071977992,0.04672285692604289,0.812931246723533,0.5064511021292554,0.6372847112480247,0.0
0.32245592476808377,0.8852486651018303,0.5307326303345072,0.5652807824796295,0.21729715760354185,0.8584831576333456,0.9766073586399433,0.23243683863095355,0.0
0.7970761890815246,0.8791793050830989,0.6068525140441464,0.666549234591351,0.0771726319509709,0.43800818400426184,0.1891103795991499,0.31357394330979577,0.0
0.22788916408274495,0.689702873993152,0.5749769313586541,0.03516993385160849,0.4863040886081793,0.7991050867746408,0.17020959206633607,0.6617741193414814,0.0
0.10559405793502741,0.5181690564843637,0.8657834874691777,0.6821707071524358,0.6024977831504577,0.12211272956492764,0.7895103962665111,0.8189624132343822,0.0
0.9979339237621052,0.2954875477640555,0.19197487202807184,0.16133495863570108,0.7447186975803306,0.7658403248981775,0.17858660777532392,0.4499484907283311,1.0
0.28358275871582805,0.6201429590061359,0.3957504352398635,0.357500023212289,0.37582723909763743,0.5298596239517959,0.6886070252927206,0.0071979622998806225,0.0
0.38883300119062025,0.35262734825007147,0.7884840387287866,0.7590187701200806,0.06563944235687053,0.6538451130500486,0.1772765531897162,0.42620421675901665,0.0
0.47293036888003176,0.608723653116019,0.6231454218497045,0.451059342548391,0.6796433512290978,0.3459070958458113,0.49616067336139,0.7000101684969962,0.0
0.3674275706042026,0.6312670661760138,0.2117910869880128,0.14655602584389937,0.3762591997266018,0.7882248287747553,0.3325338555773157,0.7396348009308342,1.0
0.5910482233017745,0.5808480804384656,0.4870576830116635,0.6626800776218944,0.054359910232850084,0.132641463782173,0.7194316429851244,0.046983457022263975,0.0
0.8999170704376007,0.12034391712773768,0.8642441630633246,0.814843131351048,0.21883396102059455,0.6803391289214136,0.3886670277928247,0.11856884239163046,0.0
0.19500358671683832,0.04658432250566369,0.15759742289183926,0.49079798543859954,0.5031118146538663,0.20588230612335856,0.4798741614233926,0.9756281130603509,1.0
0.07671143695761523,0.14454118632720225,0.22885020797593958,0.8035457766235006,0.3609930530754376,0.2829214624238321,0.06809200383349306,0.44137944830069414,1.0
0.5529443973997364,0.24448081925077925,0.5958588936709411,0.9337606163061687,0.6743995932989852,0.24023294486196922,0.7161748406183591,0.31672284344515345,1.0
0.2925522037085379,0.3505049437821645,0.14425687668371895,0.3181693860415885,0.4105430233317113,0.8390480046183593,0.3819042460102504,0.4663664459602729,1.0
0.5080316458785653,0.4830701410211008,0.42075609959285637,0.5467839042008937,0.3711945409516188,0.6911570411938119,0.17751239634984783,0.39870843418481994,1.0
0.01940355445760994,0.08744624967546721,0.3836292504535462,0.6766613035225644,0.01619056362371446,0.8000434562985634,0.9378165756906538,0.2919592193261453,1.0
0.5877737524486241,0.5525751044477846,0.6725950908233237,0.3911880845351772,0.5178173146164545,0.2956129301324595,0.33981165881911746,0.04640085215338757,0.0
0.7656547456083942,0.8431427620300115,0.41385699724025293,0.6138509717990586,0.4624584290961038,0.13635939154814786,0.19396558189924573,0.9117124415728164,0.0
0.43917596772379314,0.3660227865803511,0.7505347308410888,0.06818629785213376,0.34150228901986857,0.790639863486734,0.9177149047876996,0.45833166636661266,1.0
0.44005672955093883,0.16593725328209474,0.5478395069916953,0.023929615034135376,0.5908457247837676,0.34041005978822614,0.12490603775157294,0.2738801317570496,1.0
0.047820857288993934,0.6386319025929172,0.8966851198110148,0.9461042483794506,0.11239520046104101,0.2611044373178709,0.44910287928663695,0.8229489641468798,0.0
0.014013663481067917,0.5112114456401644,0.01924235100098537,0.6035341041581831,0.0836756559407057,0.7058117360658626,0.43982832618025747,0.9522505717695853,1.0
0.9643217178888033,0.44460564158734084,0.45285056242912924,0.852471976135114,0.5860896472197709,0.42795035900526995,0.17764823534313928,0.67877551292566,1.0
0.16490461243296128,0.23349448918144472,0.09407681127967682,0.10470254446479754,0.012847114062547238,0.6230330586230244,0.4013650568773699,0.5381618691364446,1.0
0.5751021895951255,0.6082715637090338,0.02998180509001147,0.06741989439071722,0.4632533640127975,0.4917401196613486,0.11561481728405348,0.1248416381615357,1.0
0.9266131736501529,0.7515693050671709,0.5477803430236661,0.030795412190563587,0.9717875050877427,0.04739760974439844,0.2577707404475186,0.242515319424163,0.0
0.6045933851603305,0.2040221356565543,0.1418468072416697,0.8175304512071053,0.3791346034956971,0.10149698724220707,0.3555623150964623,0.7567670514025858,1.0
0.5007080582279072,0.4132649350111522,0.12369434673693469,0.7880259075673388,0.5429445280830129,0.4896113446938745,0.3450002083420142,0.24417228434451532,1.0
0.17170664051971318,0.5434409339747711,0.27638593584927884,0.582000793197075,0.20718720929553797,0.9885368757733524,0.43558814950622937,0.7008144799397225,1.0
0.46998910189883764,0.1818774532420624,0.24351332091332184,0.20014086543371834,0.8922555402665313,0.7246255542137222,0.5920938372432185,0.9776226387416402,1.0
0.6860810980022625,0.607866727334605,0.22969601394041045,0.014835172851967948,0.754484510178404,0.850819673870826,0.19579815825659397,0.7069047428537136,1.0
0.14050830569014588,0.25390753377928155,0.9057907993927601,0.9540266689304175,0.2527341144356041,0.280854502581909,0.33379140797533224,0.873908136797957,0.0
0.5622030081730454,0.8337508236097387,0.6894971487212358,0.40934752245291556,0.6958036669955016,0.8776323162047954,0.7623184299345807,0.8155034572889788,0.0
0.884771946356299,0.607957251402592,0.7529723924476002,0.030702828317931474,0.4178017130900521,0.7981362076393945,0.8883386807783658,0.7627172891120402,0.0
0.9147409286837598,0.2366410633100377,0.9352228836677203,0.5274373235037026,0.24256234375257035,0.37269506518975387,0.6475219800825034,0.5181215952204731,0.0
0.21478570958629667,0.4862544113891488,0.8971218188754813,0.28633087990492245,0.35165893577424695,0.44797872498477176,0.7386449435393141,0.9528031712374895,0.0
0.0810741261887632,0.46132472018506193,0.23286831692572346,0.32281661893777913,0.5107785851538209,0.027492608715030675,0.7642951789657902,0.04291939215725493,1.0
0.8172294522510363,0.5563686203760385,0.38175988131124333,0.26259359526522363,0.4346128884528009,0.2653582730392667,0.9327921996749865,0.8608299493908904,1.0
0.9958800508507311,0.7823087300774046,0.7793908286829039,0.9618254674623397,0.31727959261973504,0.7962106532134315,0.5300987541147548,0.06752298747107816,0.0
0.3005934000165541,0.48233559528467823,0.08572328348879571,0.7327403367240961,0.4462209016939331,0.30847365985869013,0.45551814658944123,0.6422822774766125,1.0
0.9501642673865569,0.5255323001024169,0.5223281631630808,0.34018710431337384,0.42631436226638175,0.8306668817373182,0.5423109296220676,0.3059759089969528,0.0
0.1649011636667707,0.17729629828237875,0.3104885245779858,0.6365661198735659,0.1982022690138296,0.018007037904079926,0.3692020500854202,0.9931220953104892,1.0
0.8097549147571114,0.9465942509518299,0.7603257042767324,0.5947341264419805,0.1945276850147339,0.27732440790129953,0.013781407558648207,0.6824911817460476,0.0
0.8010945322730234,0.4068908194790804,0.0788175484043504,0.6891243130820481,0.4616016718043802,0.7389735611667301,0.7004650193758073,0.29362785301354244,1.0
0.044916730866775834,0.8382064129267307,0.514734746441274,0.7420432915821629,0.7867366860341398,0.7651895416235994,0.243867661152548,0.5877399598594414,0.0
0.9009864532464031,0.09420661892871535,0.9177482883572209,0.8856965875282361,0.9390073183894767,0.26236780052763053,0.6768157006541939,0.8434051462596601,0.0
0.38039015626624906,0.4682348125302299,0.28100523561320667,0.2047329194029534,0.06449479975653127,0.4237456039629598,0.5195724821867578,0.16746681069259128,1.0
0.9563579861752228,0.6128447546744664,0.8334521034515145,0.39222826036495023,0.9990471924947106,0.0722403923907437,0.7215625651068794,0.8609633067285445,0.0
0.0891978275956476,0.9823751497894584,0.6595386908473075,0.9915202192301213,0.35071382289932607,0.5676451143234932,0.6488620359181633,0.03866362611936813,0.0
0.5456725412419379,0.040675569704328673,0.9282431272959202,0.23789492393664508,0.36286444024748055,0.7251259118394272,0.0019800825034375635,0.3546746747747928,0.0
0.42213640984500717,0.014909128170930652,0.20858641627131164,0.2975810142045945,0.4126128789008459,0.615468266820612,0.2804383515979832,0.2042826042020897,1.0
0.037645935867805125,0.6527605593272442,0.1715643642951024,0.18506587647613576,0.5511318801272108,0.05629500830922629,0.7700579190799617,0.898321697905623,0.0
0.7456503099644937,0.6673710377137602,0.5344384702691775,0.837503896348508,0.040771458334107225,0.8152706706596231,0.8196783199299971,0.8347385862788635,0.0
0.7547807858093352,0.1074403881756984,0.16283091362432095,0.4301857911610256,0.894444795272419,0.5096848118379415,0.6639626651110463,0.8214987030998914,1.0
0.32511943342607863,0.6449423061709805,0.8734214761489616,0.0306595871395961,0.6907140670048413,0.35909361516078303,0.08661027542814281,0.6616415954871877,0.0
0.4130247695693606,0.8942259448880978,0.29652662405092234,0.023057628818255793,0.9357522244115067,0.5706377092428735,0.9349164548522856,0.5558983950444414,0.0
0.6967399078489674,0.7274909648485222,0.17944882529012895,0.6742188401548724,0.9693326526680999,0.8002755946455897,0.8367840326680278,0.3134114140545298,0.0
0.07029673184304192,0.34659833913554555,0.5386733368955525,0.9992200670901472,0.745775515261636,0.5211797721807527,0.8286003583482645,0.7758629886712942,1.0
0.8525304923989193,0.792533967762813,0.5009689094674553,0.42268145709506827,0.7791086540181095,0.5978162016117565,0.6501020875869827,0.8808743907236636,0.0
0.7758752968591822,0.6011180386062585,0.8932509565725862,0.24116029610922246,0.24285049439326778,0.21383443733909496,0.10864869369557062,0.057794569689210706,0.0
0.40515256280468526,0.6027960521949564,0.07444843528549666,0.2710028106765918,0.754864731051442,0.24052132701421802,0.565253552231343,0.8942184593226781,1.0
0.16339219581351622,0.8188292185144814,0.09545695012132593,0.2939787322376249,0.8755329858190616,0.7465303939401015,0.6895120630026251,0.2157021597220833,0.0
0.8244132322261202,0.27910216052545367,0.020618244894255677,0.7207147793307167,0.3516292185810995,0.9487056496371744,0.10158339930830446,0.31071092796703403,1.0
0.8624215538336486,0.010785106481257745,0.9538926972561184,0.24869832115461904,0.9211295080584007,0.8766316009533857,0.945657735738989,0.07076773819287469,0.0
0.6307108915219777,0.1090759271283907,0.6308080842919399,0.21216217829425488,0.913939804641295,0.07297076595573077,0.993664736030668,0.9004420795743234,1.0
0.1421186142114635,0.31399427760466414,0.9905878882071619,0.8689580069796037,0.6405235851034079,0.044229120283214074,0.01158964956873193,0.8455613677128551,0.0
0.16939331427492083,0.6674655437788728,0.122094531816684,0.9085913323986519,0.6926666457938763,0.1674295838170654,0.30911121296720695,0.08473358537870151,0.0
0.136976503821233,0.902605128706111,0.013127768170634213,0.8563841089996034,0.3304551877993941,0.17498296767785249,0.2360848368682028,0.7807505350963173,1.0
0.34010246549642076,0.43621743190917645,0.5856879973553971,0.021328512251446163,0.8785325650023801,0.14685894265890997,0.6314254760615026,0.9930312456242124,0.0
0.1614693760173861,0.5030958700318612,0.7283705288091381,0.6271902121072647,0.6309461582833227,0.11925835644989102,0.8232909704571023,0.54909300340728,0.0
0.9124952513142452,0.49855559690933304,0.48143896321380797,0.24449994760654775,0.3668200109210684,0.18713056840201797,0.3696279011625484,0.15430277449940988,0.0
0.3954527752486826,0.5968551779501422,0.30367113748167374,0.07545028524587127,0.4168473135922727,0.7647411829876285,0.7086436934872287,0.7422677748661426,0.0
0.26380541106109523,0.25966735988812173,0.6349904196821277,0.4873726474345115,0.9388783669977834,0.09726994691858226,0.3261652568857035,0.698257352990205,1.0
0.6421687539660812,0.6593929737395253,0.5549834898038993,0.0729645806998439,0.6423886043054906,0.37980566173489855,0.1377357389891245,0.9031842398298361,0.0
0.5269099267163714,0.7353437286465403,0.05680722575113034,0.8357217231211642,0.08975520992808966,0.8553961155693466,0.0991382974290595,0.21606389150047006,1.0
0.3867698431395021,0.6819212552104432,0.8878107899159129,0.8251997914873241,0.2669219515068474,0.6695342163964488,0.8216450685445227,0.8826088695965274,0.0
0.4375529252965409,0.08794957411213405,0.8375885403373566,0.9016035049229949,0.26197695750069916,0.5822093415654456,0.38676694862285926,0.18791049055496656,1.0
0.9783380342669409,0.9863518375854867,0.4410522590288725,0.6000901963229082,0.20398305907724928,0.15041636333922653,0.4140614192258011,0.9092061571082795,0.0
0.703123574067825,0.006514281830890423,0.22815456706036796,0.11470425554209984,0.09587403306356135,0.667021285627267,0.592284678528272,0.17905056243457151,1.0
0.3050932440262064,0.10589855888869354,0.2712500789295089,0.27947144954775827,0.0758544621692171,0.29341385040845736,0.38524771865494395,0.6553804684843272,1.0
0.08793929322577432,0.832277219206818,0.940914563515836,0.16874272957948616,0.23417148200172888,0.3852331889388598,0.34371598816617355,0.6679185586738947,0.0
0.1169956789612529,0.12206785641661666,0.8159469975745426,0.2406530744345155,0.7183136448084328,0.09806319681299253,0.6572090503770991,0.3265487787801804,1.0
0.021783998998266108,0.08934353857254423,0.24868923953341648,0.17565229848085517,0.3524172548636697,0.1880217143536313,0.34321680070002913,0.27596884105805713,1.0
0.515815511170819,0.2922929242034811,0.5410834063376018,0.4983638652307766,0.6534322562089033,0.9380625707027079,0.25274219759156624,0.7269633534036126,0.0
0.8470060995409427,0.9535837177730335,0.14048391350280937,0.9182253608184521,0.5971868962036816,0.8885173496221054,0.6788782865952748,0.5069679208924273,0.0
0.1603793006114398,0.18281667363073711,0.02144680575593777,0.6441550793130754,0.7329668743509314,0.30781624405991137,0.4082436768198675,0.13502680482486845,1.0
0.4022648843442994,0.07578616569249313,0.5675535778812719,0.2980831954965507,0.8528643394212895,0.8600725757328145,0.6832276344847702,0.5969224460402873,1.0
0.5463652126668407,0.679292871641119,0.749151142978882,0.8206613247452286,0.9965660721989821,0.3850254582808922,0.8514938122421767,0.5337585765437779,0.0
0.22536625896944507,0.290425633018083,0.1845255182418697,0.9825337473521409,0.3290717463255487,0.9288075464329755,0.7262594274761448,0.8056891907209964,1.0
0.10203121717039881,0.6443675712525292,0.21885866072939886,0.9091205725874805,0.5885429076469236,0.6467021497868042,0.1434201425059377,0.42644759390023534,0.0
0.6254326875120707,0.40878731197673235,0.9266685167566684,0.7796681571166888,0.08699920559574748,0.5477761942257775,0.7643243468477854,0.5314114874010656,0.0
0.17557695205472185,0.5813583070034833,0.054978448927699486,0.10311270163189024,0.2925578065739738,0.4097607940351853,0.5130188757864911,0.02476279063564779,1.0
0.8314121052754451,0.8985464117692968,0.8521635705958793,0.8187823231124098,0.41581490646248126,0.4161288131708135,0.5244143505979416,0.536627426270062,0.0
0.51714169441597,0.5806646431042163,0.4056517773333552,0.7362770937153059,0.8827409971498028,0.861468058824653,0.13546064419350806,0.6552112713621785,1.0
0.2788298283257249,0.7455063162438405,0.7237682088387254,0.2911799933944458,0.8443668141736154,0.08537942283243799,0.514731447143631,0.8050382402165723,0.0
0.8664908326488859,0.3925147479900205,0.6486307653694989,0.6976192150001791,0.2223915335716723,0.45321152127819886,0.6718604941872578,0.5606425823314863,0.0
0.2639645848852782,0.9351406998864333,0.4094051076280131,0.8080545316356971,0.13264348760978772,0.48033774935637985,0.5106312763031793,0.8894892747361192,0.0
0.5224435092097975,0.6749288682580142,0.46060263409659274,0.11647263403770475,0.811067637923596,0.5787354906900585,0.01185882745114375,0.368318797383529,0.0
0.6686014244996106,0.8615664008639341,0.8189171348933164,0.1497221820612778,0.5863151794891933,0.2175385694547322,0.3531280470019584,0.8430759203323265,1.0
0.07542053724349146,0.4523020456315633,0.7054029702965043,0.6867163365437035,0.993464605496301,0.27394182055891486,0.16904454352264675,0.0787941829529315,0.0
0.5122868927783898,0.996710870374313,0.4083916262025806,0.7770190380562161,0.5681462998645215,0.9383350347968751,0.8307146131088795,0.3091473131830396,0.0
0.6343339530500889,0.9976500907629877,0.1818161799391168,0.4551948439537293,0.18012864360647857,0.3390204133176841,0.7729405391891329,0.34621815260080147,0.0
0.19202809736344478,0.04197449716667623,0.7394291499543933,0.4527757255166724,0.5236758469798045,0.7326331333317769,0.15549147881161712,0.30249278203409946,1.0
0.8177565828987888,0.4147212840931957,0.5842155308865097,0.28104935463204544,0.5940780002027137,0.6494989525917783,0.14282595108129498,0.43868729704680176,1.0
0.11552464753609537,0.4028416593353675,0.07963523158581187,0.4314140528523924,0.5322840157055366,0.36855079876815455,0.008430351264635927,0.7531147273175838,1.0
0.720621552560258,0.06067899953118616,0.8634697252934718,0.802689176839176,0.9663240521940044,0.24916668965941724,0.8447493645568565,0.17858881265294418,1.0
0.05327441779520914,0.2857730675766149,0.050239494681344976,0.47299429242974306,0.30793380070695076,0.7654285777957948,0.25669069544564355,0.08930274116007547,1.0
0.08235016967929659,0.9033484348362097,0.49649897882460564,0.3114789411482257,0.9764849442616896,0.9777338203551638,0.8972673861410893,0.8138064851673301,0.0
0.31852380073135067,0.8063605236485499,0.7001559487910652,0.5138455334913538,0.8299746713994834,0.26342555548716684,0.4515396474853119,0.7863315396771419,0.0
0.37966140544119803,0.22426023784734295,0.01366236635708612,0.837407067943033,0.4146577932543033,0.9729111793583113,0.8565973582232593,0.2996806091763184,0.0
0.976431131853229,0.9428219723415788,0.40658911499724343,0.4850214415229384,0.42756115771816533,0.783148825353434,0.03642151756323175,0.18395394504344115,0.0
0.7925163895980967,0.25231075293194444,0.08828962009303865,0.8560466686386059,0.658949040851058,0.6338207265850672,0.6824259344139338,0.12032915924866477,0.0
0.727262284505171,0.6574794913874711,0.4206603229450603,0.9371713637286099,0.9944805620370287,0.3444853479581376,0.604897704071003,0.16094647036466564,1.0
0.7518986784327958,0.6711249991372339,0.5781914185184812,0.05072137162078816,0.8372654663397068,0.7642952120603699,0.21441226717779904,0.5493563841491469,0.0
0.49328047701211636,0.5927319526598944,0.06117633886998414,0.2509076004992632,0.04834509727339442,0.06890927343615688,0.7443726821950915,0.2210756269461836,1.0
0.9906628634734276,0.10450406349533331,0.851781259932516,0.3914692848360085,0.2433968131494334,0.3905625547846499,0.9006400266677779,0.4999391557146953,0.0
0.444361585625967,0.5101280769555454,0.8248263683458444,0.4474756304126084,0.45405668872991367,0.969461470871015,0.8871902995958165,0.45288735305688355,0.0
0.8824888631381014,0.24083490268264485,0.36789800238035475,0.3287897377807195,0.8914115189147281,0.5429570021415094,0.7792391349639568,0.1986890973708601,1.0
0.14778042713765144,0.4628352244280126,0.5991251161391346,0.8156944254693193,0.5214436081766857,0.2258037558127442,0.24726030251260467,0.6030935568402312,1.0
0.9403724243022351,0.9773496039505658,0.2587996453345629,0.06880706078038396,0.7715344844146589,0.33392663473150486,0.17317638234926452,0.5191017716522307,0.0
0.8651235294991543,0.41648132682267947,0.13851160436232118,0.7743362280163043,0.4812227139120509,0.4206888062093161,0.15247468644526851,0.5988019510178499,0.0
0.9969385567815477,0.5687627191624851,0.528179559193948,0.6640998738577896,0.9157124882789553,0.8566268467600385,0.781795074794783,0.15571219486174176,0.0
0.11916627934369456,0.5992945493892412,0.27192184201045,0.5689737913361126,0.28300638229789254,0.9259396429685693,0.5313521396724863,0.13311562747961297,1.0
0.42597143784898867,0.46387797674195114,0.11252058136690524,0.027188355124146024,0.35356030547151895,0.3931431373006794,0.26384932705529396,0.3980983243650524,1.0
0.0205639316359037,0.5850206824930699,0.5576275620253285,0.5005874698737649,0.021892019394713857,0.5988954459497032,0.7850968790366265,0.6396943116427624,0.0
0.9519923787572981,0.24919152185028004,0.7072861355210383,0.33065812808143136,0.28671572479968754,0.2485079473557983,0.7736189007875328,0.7443481493335466,1.0
0.6399549113614031,0.45837352938209486,0.6696827909262106,0.4519597140776564,0.8125678255133777,0.7877626744884467,0.5682378432434685,0.04602661812459574,0.0
0.0054511728988524966,0.6163181180338277,0.16410652061214276,0.8649227826626751,0.8262987607399794,0.49839890865793796,0.013594733113879653,0.5431611023317531,1.0
0.9762130637140984,0.2768350768286525,0.9466916729500746,0.24355925301527637,0.5556109509979404,0.3129657358493769,0.9394608108671194,0.9321736245857588,1.0
0.08821837799750848,0.520301548678322,0.6797847068305995,0.2029271359616719,0.7160824673336408,0.6073320167330627,0.5599074961456727,0.039479606329139216,0.0
0.12104744865583017,0.213195595167873,0.1956085478403029,0.22086585817158794,0.182426154101689,0.9448054601061628,0.5596891537147382,0.36699105839051027,0.0
0.45560801217361413,0.5072307758470106,0.16996269220993604,0.2722642327807925,0.9553339973710897,0.5887625407767588,0.5086478603275136,0.5521168810385869,1.0
0.17766106799269077,0.6069243213482298,0.4067679334476993,0.49170180565079963,0.6943199299947835,0.9466187922226491,0.033553064711029534,0.9719941256092763,0.0
0.3381727481679093,0.00573009386363621,0.05824414077734552,0.9810237547933376,0.9509509767139258,0.9470212537911509,0.7941664236009833,0.07552442773032475,0.0
0.5646224503006263,0.49597446637256515,0.13302209018074457,0.5312223856662126,0.8550161826036613,0.017011363371062627,0.6368190341264219,0.6473615250745135,1.0
0.2745568070155333,0.9410460016235929,0.5842508170199083,0.8748764774621938,0.1028520014794917,0.9141257908621857,0.01102879286636943,0.42345288818654025,0.0
0.8537739052554952,0.6840258734245228,0.23644495124411474,0.42445858993966135,0.6441753505434797,0.4042900227734351,0.5797774907287804,0.9796571716242257,0.0
0.3153681796669235,0.7764477612415761,0.34980125682309127,0.23850640194930173,0.6419858302055104,0.6145264483841049,0.453695570648777,0.016780520493688833,0.0
0.6274926620867052,0.02916175774909907,0.5654645326603676,0.1936374452687386,0.6001676368092013,0.9698899319343837,0.08822284261844238,0.7664279570322658,1.0
0.9076139207059677,0.4687593742848996,0.09012635619467968,0.7191328949968896,0.7696153374679147,0.08728110017127833,0.47005375223967666,0.9347974302041034,1.0
0.9982952483430005,0.36672414900739425,0.5265869076240864,0.9004126481773047,0.2460174981201222,0.42593221454146446,0.26403683486811946,0.5582821574550085,0.0
0.6631099275652984,0.575190458922514,0.4716291528197335,0.4056510649134978,0.5776117565461405,0.9808718002050246,0.629469561231718,0.1241973555239943,0.0
0.5500726363217688,0.9855326080435279,0.6843689857704024,0.23678710086469096,0.7494944097183712,0.00885627691478319,0.5974132255510646,0.3699740953371607,0.0
0.017393984927300044,0.316944406541731,0.5378124083024822,0.5342455541834513,0.6595717752467456,0.09647086040287545,0.8952781365890246,0.38459089302741156,1.0
0.3048298113471836,0.6766761685966963,0.8040279784547645,0.9564102394049165,0.3118026077898315,0.7664855368524269,0.018484936872369573,0.7319292472645076,0.0
0.5401770649620211,0.68769355824361,0.8298738772774812,0.26561013169989567,0.1283631504682315,0.5589989557753898,0.3534863952664694,0.8641405452981537,0.0
0.10476502760074113,0.5890717009021081,0.5934520079401759,0.48665850478372114,0.9399980683824454,0.9105760639099421,0.3605233551397975,0.12814806665199735,0.0
0.802649395245584,0.5385444048427456,0.04655806319985267,0.6110524982391821,0.43222410372149467,0.12831016017811242,0.9362565106879454,0.08015859521380514,1.0
0.6542296199141311,0.34215071381280465,0.8465878309003588,0.12424914877220256,0.501330109725429,0.27230809719778504,0.7177324055168965,0.49929487307715387,0.0
0.8519622418465862,0.23951579976819465,0.21206621270481213,0.7682344467715685,0.9395324105791085,0.08736918009266431,0.9498129088712031,0.9159357017596501,1.0
0.48117875644919283,0.22034487280704773,0.26203403068991554,0.4178403021046251,0.42130250457565177,0.6195257798256655,0.464910204591858,0.4876161042320951,1.0
0.8235067372973983,0.04592463831520105,0.07899663216407993,0.7009628457470444,0.4116743993279669,0.8463419241324128,0.948043668486187,0.1751140205236943,0.0
0.8555784058423161,0.011603008690841465,0.6870454257232198,0.20937192851676129,0.02592241371533366,0.3157819056250173,0.26396933205550227,0.4186520240309922,1.0
0.1495607863611379,0.38245755058330944,0.7501935431151447,0.3368440041331139,0.24615149082136728,0.6790985815949045,0.546339430809617,0.018786714942022886,0.0
0.7734789349361076,0.32735387796081394,0.3514345007118248,0.681430301454681,0.16061559165604894,0.4749892818408916,0.6298879119963332,0.15517043067752195,1.0
0.3972373791074806,0.5883955577901933,0.23466790972905022,0.5647600313564863,0.4671571949304591,0.08662766388701998,0.4909496229009542,0.12162105845718896,1.0
0.8113410819150946,0.6012388258523995,0.923072514861299,0.35575286738089773,0.01673077974200171,0.8775564401279388,0.4882911787991166,0.43659191987891155,0.0
0.577432759670871,0.7707604074804204,0.8366888765903302,0.7836139809606173,0.3997172090673524,0.9383313205833226,0.7691495478978291,0.6329639335080315,0.0
0.6535701097025997,0.25872548483469665,0.8186767646913684,0.11358980038757888,0.36506802318577863,0.7525208897982227,0.35224384349347887,0.9838629286604923,1.0
0.1635601241980293,0.639977552154871,0.49509257436486287,0.6785864644500478,0.3681981457532804,0.34404415244830344,0.19177465727738652,0.0941569482506851,0.0
0.5861897076082966,0.9318531630595966,0.19994900755759998,0.15677500394608912,0.10917247699703514,0.11035299885602223,0.17755073128047,0.042487647776599746,1.0
0.2811914372971861,0.43357842968085086,0.26420824018766914,0.9518364899835656,0.44555306084436097,0.08855534072072718,0.882453435559815,0.8524209357684382,1.0
0.6747025571805434,0.39054737594353417,0.612446825388824,0.6731876839573901,0.6395930654929791,0.41128786640716697,0.17361140047501972,0.8377924693111427,1.0
0.9536000343815461,0.2634422931631233,0.03280124674133883,0.4432626662828902,0.653927365873306,0.2580489660690674,0.10224426017750737,0.41085228674494745,0.0
0.8505039443273632,0.7361223418178188,0.13117049675977788,0.41920279714714337,0.3164164673580513,0.2918400850661024,0.9403991832993042,0.7038316897041468,1.0
0.2502491070348464,0.44754170080123085,0.7625582818146942,0.10970844038619948,0.1381886627846814,0.6516635431899365,0.5186157756573191,0.08416931714375248,0.0
0.8622010980871551,0.3042121034660895,0.7112477335955296,0.9000086217073369,0.4590181333251257,0.3298879580951815,0.3062102587607817,0.3292367626172711,1.0
0.11065790786170132,0.6157125890042724,0.9923256639497229,0.07006025910220176,0.8334385817257305,0.4632820807236562,0.9024001000041668,0.06964586958985947,0.0
0.6695944038728053,0.5494184425931402,0.6607041944865549,0.5778313355289948,0.13463878486397218,0.0029329022015735506,0.055489812075503075,0.6547945296820095,0.0
0.7532543088354207,0.45550463318638873,0.4900572696598151,0.06738461171146198,0.8684366792947049,0.5152402141084933,0.02143839326638608,0.37645859588059183,1.0
0.3918209591602414,0.5632558826043534,0.04506278013342935,0.48380113833065175,0.9197386372862684,0.5038007016680003,0.7851485478561606,0.5137749794963093,1.0
0.8906871109526447,0.01359586551893116,0.1559262397769704,0.4050419744505651,0.33884658021439895,0.16862051986255283,0.32319596649860405,0.8035838117527823,1.0
0.5871532398240175,0.12456483408079838,0.7490569581867279,0.23880325396499058,0.6310270845682331,0.4821614282106193,0.15600150006250257,0.8819329145912931,1.0
0.9327976072990749,0.6810412338457013,0.10925329766161712,0.12438762665619685,0.8268620607493721,0.9638726406784914,0.9715213133880578,0.7543891233755409,1.0
0.550089349573308,0.26543355719236283,0.4725041428043084,0.10910120690638553,0.935673951447413,0.2556158908912627,0.2187982832618025,0.26082111446727074,1.0
0.8655970716260986,0.3761410412763203,0.6729784627237818,0.8332004706125788,0.7182093693003352,0.34797856580419095,0.3085478561606733,0.6200574436731945,0.0
0.24319399256764362,0.8867504089511047,0.7545454111312098,0.4649713295070638,0.477983805191063,0.00017377213405972425,0.6941639234968123,0.39222560060810946,1.0
0.239519199546673,0.13010060648470884,0.7166051237588169,0.9236137952623055,0.1523661519047394,0.8646598947710241,0.7723421809242051,0.28705333626719476,0.0
0.9488876933166095,0.07208874862820197,0.47664429401998204,0.6789957965860691,0.24879579034732502,0.10582988265207582,0.16683445143547643,0.9442916391617158,1.0
0.9439755891023234,0.526022085748857,0.749913111212872,0.6238394187112272,0.32169047314547466,0.9097154275696522,0.8955598149922914,0.12120264981029916,0.0
0.5621374816154233,0.7365194796644715,0.801612337517968,0.366040819141782,0.9098191974129061,0.8369147195344286,0.5308546189424559,0.771882272142319,0.0
0.09529869498687354,0.5039153650402951,0.49217735606573937,0.689851719897972,0.6864451391427969,0.6324982012594368,0.45811825492728864,0.3410505557667047,1.0
0.5923340825114658,0.18953801931215508,0.8970891858348196,0.7375337407200584,0.0010923721802496011,0.11349522352137159,0.9808533688903704,0.5846794089602795,1.0
0.35637507083235176,0.8952023305832775,0.6914373554396095,0.012414727998397712,0.07655361220442664,0.03990816341690667,0.39916996541522565,0.6386174511412055,0.0
0.6974288652179726,0.30865495039227975,0.324522058608941,0.452403533043025,0.2689586405657729,0.8892814164100322,0.5165356889870412,0.12462993338800982,1.0
0.2376377649448304,0.5139908796337836,0.6992440808174497,0.19091882198296622,0.9137930760001295,0.6053945237635383,0.9975257302387599,0.7867282777566629,0.0
0.8742518830263402,0.8184708387731838,0.07645868365212011,0.053379775596854306,0.5127125906971388,0.524136816770417,0.5212975540647526,0.15009785094650369,1.0
0.7815811478767274,0.48504627346126333,0.6085425341174461,0.06351041435925464,0.7624927630674723,0.4101335418952677,0.7788524521855078,0.704224260366866,1.0
0.45051630682770816,0.9387199843693339,0.522532716613083,0.7758085503461284,0.22680878206737204,0.6769525620645085,0.4839693320555023,0.8041089062697953,0.0
0.4146486078657337,0.18084293038884997,0.8711055914990664,0.11566670336419022,0.26737646536275406,0.3047716501507971,0.24620442518438262,0.8564633300660787,1.0
0.2838793526082223,0.6029125919774969,0.03310661771533696,0.5755812025557393,0.32070290713748606,0.3157994154889072,0.557924080170007,0.714952024697779,1.0
0.8085141547976051,0.0950072658174217,0.36353180766351145,0.9626406830514477,0.01680931803817698,0.19660473127134348,0.5770998791616317,0.9805615010701927,1.0
0.6110038456395923,0.9323201185891836,0.04427348504425094,0.21876110044819613,0.8125935627253,0.220297434221278,0.7140972540522522,0.39708980949904316,1.0
0.2345686283248759,0.9375715763983313,0.2330672988809785,0.6670333766187255,0.2129560594152824,0.9149933250276444,0.5897087378640776,0.8853151900675456,0.0
0.4832745451342685,0.44392472007887535,0.02053148876176447,0.2645288369582086,0.9570870464347063,0.044733722724407454,0.49265469394558103,0.7696693738206211,1.0
0.41838998860315424,0.05849394497517091,0.16777574786704608,0.5230935747057677,0.24710535965498337,0.7064898453401477,0.8365565231884662,0.49003487294379655,1.0
0.737762981686521,0.12033462580111143,0.708257963390504,0.6613244799452456,0.27159338813679035,0.15907631753766743,0.9359498312429684,0.9190070879424963,1.0
0.8676265378844313,0.4820621648153919,0.49302979476205205,0.017843485504257184,0.30814288238730947,0.27560127811394364,0.059269136214008866,0.16600571436191847,1.0
0.3052428674209384,0.6203354222005365,0.628852754944967,0.35470605946855793,0.4232285501565194,0.9821298573954238,0.7688512021334222,0.6092605002233735,0.0
0.20414944936468427,0.7438203386608915,0.41252965494406485,0.3125130154620373,0.3512734082595754,0.9704510434817675,0.5152114671444643,0.8737947830609509,0.0
0.271383411540739,0.609401389026784,0.0036395126162518943,0.415693099052806,0.33594835788627975,0.472812222097236,0.04845118546606103,0.3542779366952718,1.0
0.30168533245044926,0.8333651008215125,0.2098912072792375,0.22222384339796075,0.004523381328369103,0.7641936017896143,0.5043160131672153,0.7534572889786828,0.0
0.8960427795569874,0.015043454207298468,0.4659409219921755,0.8211001033278464,0.3664435046971738,0.8625077733183633,0.6053685570232092,0.06965670487354392,1.0
0.1524476689524028,0.8937475743000842,0.2607480766404205,0.809929288735673,0.6374735928245714,0.7958206607904271,0.9773015542314263,0.8976424089669475,0.0
0.7464995023165097,0.9407699164895562,0.944887835198369,0.9317595843541213,0.04586556897015598,0.4090909090909091,0.25653735572315506,0.5126097697585565,0.0
0.7343012163002486,0.9491944950748004,0.42571977079401224,0.9561730761323286,0.3229478818805252,0.03342235065147309,0.40954373098879115,0.9778860194835071,0.0
0.4610488387738947,0.9381025093484019,0.14849094738227298,0.4645285716749059,0.038106993569942293,0.0472347149500279,0.519272469686237,0.11811959486040818,0.0
0.9647098367301028,0.9666972307068257,0.36554232133940856,0.7450256064707903,0.9065099756902746,0.23578623533681548,0.9918121588399518,0.7693051415921532,0.0
0.8892505671893935,0.8709915225935863,0.10017069998668143,0.5040088286283129,0.5169801918987748,0.23032554551185047,0.2307787824492687,0.6076393750875158,0.0
0.9781605554529769,0.005050234221070871,0.642156953782594,0.9140574948501878,0.5570405602539971,0.3378883740870994,0.7492278844951873,0.8139073366539311,1.0
0.25396793814717433,0.9413467751398078,0.6331765001780225,0.00653021377854951,0.18590837234157154,0.4525575543920045,0.6801866744447685,0.49791295766571314,0.0
0.5321093396833078,0.10972286892805166,0.4959192780616292,0.5719550450915294,0.3812511575112063,0.6676622527660279,0.36462269261219216,0.026765651150540415,1.0
0.24411773132731873,0.4087501466702274,0.3058084689903868,0.9915594811589166,0.006452080230053503,0.17115202169949678,0.8636601525063545,0.0024121008448186876,1.0
0.5359597544902936,0.8176739084151279,0.6968753996220934,0.39154913511011247,0.5888849207002007,0.3940340179513247,0.23352473019709152,0.7509126642795704,0.0
0.5208483222017772,0.8691951109570225,0.9340446451833366,0.728823959326764,0.62771918950601,0.8986420304650409,0.8146972790532939,0.12348306028418449,1.0
0.16457008211247015,0.6123847012732303,0.10467830454639276,0.24796958792218182,0.6760258136275619,0.5632435059629046,0.681409225384391,0.03680579170917431,1.0
0.23450310176725397,0.8346457110970826,0.7172819277159578,0.29862676098372354,0.9884819343345551,0.5524423076514922,0.17490895453977245,0.6402219066098565,0.0
0.6544052417001462,0.2950654560687494,0.10621417993168814,0.057149716611111956,0.8654073829182389,0.6131765970587674,0.7704096004000167,0.8094056930247444,1.0
0.5926052085919908,0.7464402273030145,0.4080254994049113,0.6224729444191688,0.35609608417607225,0.002495420905291812,0.7053668902870953,0.6779887046335007,0.0
0.9696893245299597,0.6468865826341388,0.5232450720128962,0.7445470353927718,0.8617882533242129,0.8065213100349562,0.7923305137714072,0.21590136224520412,0.0
0.4237570646648967,0.25143099703367755,0.31360352076018533,0.9780724780511227,0.3531495714090884,0.493651347835038,0.23287886995291468,0.9030917231768385,1.0
0.2875292083967376,0.9404680811074411,0.878772233580407,0.9430420832167192,0.6537140388796405,0.6749381318142554,0.6305687736989041,0.6038053516299601,0.0
0.2706350292773721,0.032818823909184947,0.9843632020282362,0.2682865749405434,0.10809814739833928,0.06108634379185124,0.2836234843118463,0.736908476859168,0.0
0.6066833374718528,0.3255051694286683,0.3053534635860369,0.3488143825995376,0.41030900043567525,0.9059874183668921,0.25030709612900537,0.8122078640822015,1.0
0.5992427570604203,0.2884895860156508,0.6699913456114928,0.6362737776740225,0.28481594709490554,0.3315858842905746,0.8367373640568357,0.5229157915091384,1.0
0.6050273991209361,0.501656245337745,0.5540440296658218,0.2871588290925587,0.2659099749473448,0.6669578786959078,0.528412017167382,0.7214548618751375,0.0
0.863079737596645,0.0706031982339046,0.5268227675683821,0.8649739823400905,0.6857905648973085,0.6360038882509875,0.3681195049793741,0.7939445766904709,1.0
0.6410102338157362,0.1902818563752039,0.3893092566936203,0.11876706932250625,0.3711924182949654,0.6571067231510115,0.9881678403266803,0.5155778040047209,1.0
0.3218964287760807,0.48341338917332144,0.18420555525781956,0.6047337152528613,0.24252970790652456,0.8213290835655602,0.6265061044210175,0.3226897508218146,1.0
0.4305697043399274,0.7370448378185663,0.6254498982008316,0.1714157241371992,0.15253861775782718,0.7627402830867449,0.08372515521480056,0.1822378028045048,0.0
0.10260530409628532,0.29226717395540264,0.11022937047946157,0.526969363757791,0.38081733955767016,0.3760609385711527,0.21122546772782197,0.994437332053103,1.0
0.43695443171761295,0.032140557065469866,0.5896806366149083,0.1140696978821108,0.4294707527099692,0.86789550537712,0.1434884786866119,0.5835258679895715,1.0
0.9022457834853974,0.25523884815158343,0.26305255299154773,0.5333929336486668,0.3309319895501613,0.18780177985113433,0.6489720405016876,0.8885557733725404,1.0
0.09407066893330196,0.8682099648681667,0.3861772807179057,0.49106300345796783,0.9587748238062311,0.40562873145811534,0.07857244051835482,0.5783607716055557,0.0
0.36486619848339186,0.5911821593786385,0.03500278309428079,0.43949590866826455,0.35215749475571134,0.8224263683693329,0.06576107337805737,0.27074623432217804,1.0
0.06592873681775452,0.9424293474250016,0.8138277070964394,0.6307569461116763,0.571448092288866,0.4157589836213795,0.30884370182090914,0.5929750688457256,0.0
0.7758233000766157,0.7277317429413791,0.2236631463663507,0.6423989038493934,0.2189201939471384,0.12798755420098779,0.5117979915829826,0.5023479226260728,0.0
0.7876562821663771,0.5789253067597852,0.19258402212042602,0.395172374457993,0.4771848902931442,0.5743490044846475,0.3016459019125797,0.6189897514886012,1.0
0.5794632870880316,0.8967170822898287,0.13030107826995008,0.8067503989197664,0.21675110417945787,0.684518149769825,0.6174740614192258,0.5191017716522307,1.0
0.592818501516396,0.3277791552538204,0.4929454264130239,0.5977251956795961,0.4611490152730453,0.13381303285699425,0.40634443101795903,0.22311516072893123,1.0
0.5936488582992171,0.2812980992069454,0.9001261810905591,0.7706299549946877,0.19477975049232366,0.5137839770949757,0.5500629192883036,0.5989861508404847,0.0
0.994721795990093,0.3168868003166484,0.5680059301928851,0.8977242671880368,0.07030265369228167,0.006708930879546993,0.5102712613025543,0.8381391983890434,1.0
0.4749407342794626,0.39001060273101285,0.59652110561803,0.06195346665587853,0.5976501660182835,0.6699045765478189,0.045477728238676574,0.38777563294726386,1.0
0.20948681297924593,0.43921242468052435,0.8835037591670987,0.4505799756204645,0.6250340288394747,0.7843944133983356,0.9671852993874746,0.8716202249738286,0.0
0.5721115787284347,0.34832944601925053,0.6114577524165695,0.051501569813943604,0.948296329236783,0.3392090423059536,0.9407650318763282,0.8445120121621892,0.0
0.8562851376216885,0.8884695698434331,0.6244157226520527,0.7948293631476394,0.8793980782527988,0.6896238668995656,0.41398391599649986,0.6008714902015696,0.0
0.47709780488684866,0.6412143604620603,0.2665848806612356,0.8875387147819835,0.8956899987317126,0.43343943603381424,0.414401433393058,0.6279305274949492,1.0
0.20559182950148885,0.9809806543960982,0.23864065079303592,0.3204736368085888,0.132507637583971,0.1979978266544699,0.9870236259844161,0.2877434604895548,0.0
0.7022404246333166,0.16566727387698388,0.014289026861502685,0.3655667578799089,0.941245659830474,0.8756292938961676,0.10433184716029831,0.5083640055209938,0.0
0.7170149389939791,0.45291022932586905,0.9198500684232617,0.20549667003134325,0.9007793333902913,0.9447765423006476,0.07530230426267759,0.6248674761457063,0.0
0.2321613895238156,0.4839103424145874,0.5314943332592236,0.3641928556553758,0.8546924774640197,0.5781430736284471,0.056311512979707434,0.4618523000806812,1.0
0.4149486505243186,0.22588887467168428,0.36538791134213067,0.1516473429887613,0.9396536673404332,0.123021385380431,0.06001000041668403,0.615790008868263,1.0
0.009710929723695472,0.20012853886721205,0.7526802869372857,0.12367985080467059,0.9347710263734783,0.08387410513983484,0.21804658527438642,0.6308102125049175,1.0
0.6105284464846992,0.9442363777205667,0.15929832064535948,0.06817409482021092,0.13415534981116312,0.8807976220543634,0.9551522980124172,0.6509721749914985,1.0
0.5739802794243426,0.7529396430113029,0.5601336734244476,0.6131328498987281,0.39240094224728844,0.007943906885727436,0.2647351972998875,0.29459552719489507,0.0
0.3727044481655748,0.3104080909934127,0.7640660344169802,0.444761782226284,0.8477447569054002,0.8419633969560429,0.3720638359931664,0.08801750981843398,0.0
0.9174529853581306,0.8157253844883691,0.9720218105447702,0.888076974603103,0.9409429159252847,0.7852269278360143,0.9538922455102297,0.4727217565828516,0.0
0.956141244484627,0.9718454220571846,0.8252145158132287,0.9712891840018252,0.3557896256217394,0.8530222025074126,0.20842785116046503,0.9769333480026405,0.0
0.9331589318799702,0.7531862613666107,0.702298321175978,0.5136492238473772,0.5316326254450282,0.4249320298919907,0.4562131755489812,0.3198008974948824,0.0
0.011977564980060862,0.29192233300433185,0.32126910160443134,0.7873979819899166,0.9918715516779335,0.5051508182943059,0.4738347431142964,0.4823609916451628,1.0
0.3855365112917911,0.9547708838493912,0.07799906929506789,0.9343036512267363,0.7990337666913779,0.38515890466781133,0.09358389932913869,0.8739798163669461,1.0
0.2851445192207699,0.8647257173833287,0.8754189896704487,0.5969935443308295,0.1640009636861206,0.35729593580141056,0.8779457477394892,0.08305745034106132,0.0
0.31246193092704966,0.9356769421660046,0.4167907871885335,0.9115139585441783,0.8093567766609656,0.834525949618285,0.38969790407933663,0.45487437738792985,0.0
0.5461455527894682,0.9882594796750902,0.47747232426311675,0.5928479621599897,0.49630578142686044,0.8486434100300746,0.6270894620609192,0.1286264861008315,0.0
0.2502148846626471,0.8725898962397736,0.9459381946128421,0.5849401321906698,0.601720625483236,0.06301561243136666,0.7046735280636693,0.022599067832209774,1.0
0.6222144580767982,0.3258574434410401,0.21915288871390265,0.8531030851121684,0.1930428866856892,0.32912946262758325,0.5596241510062919,0.2852005027571629,1.0
0.9195084500077465,0.3539682194154746,0.30551291445951456,0.024611393121999836,0.04843663684157179,0.6099929854424053,0.2717629901245885,0.39783661058990616,1.0
0.3777245252905984,0.67327899411567,0.7553511553953559,0.004124094223323493,0.7485063130462193,0.40494903037802205,0.6552823034293096,0.9436165176398419,0.0
0.20342414730582392,0.5563651693118631,0.32190000705722666,0.39313977379292786,0.32068221123511553,0.9679126438196548,0.861725071877995,0.4798638754975896,1.0
0.47885296158817275,0.13681584643720096,0.487967959129637,0.9590179742701725,0.13672137637302717,0.9995877222956812,0.13894578940789193,0.23631587018996753,1.0
0.6213387367540849,0.6127351170202768,0.99218823374596,0.7599220597656753,0.24589544536255242,0.3730513643898184,0.6391474644776866,0.7710979643002407,0.0
0.6400440487029456,0.9530580941524637,0.31104169441359486,0.9317770930520977,0.34077474845191996,0.5691339833560785,0.6646468602858453,0.32169457168957083,0.0
0.2084139814042527,0.40842309197298393,0.8133522728780167,0.6402694747788532,0.43584986661756253,0.049898601970018885,0.2836526521938414,0.22652827508951606,0.0
0.4704472572227776,0.8797997002352563,0.025790449184518893,0.6354567051017959,0.5526100451542136,0.8924575995992895,0.8931255468977874,0.20433344668707037,1.0
0.6527381611815367,0.2785837044997098,0.3145352869293264,0.6382607496110284,0.6796523725198746,0.49672990026806013,0.9662827617817409,0.703359104638835,1.0
0.058637779801053946,0.41606560632277423,0.15683014847237575,0.5965749272792147,0.1301437940683421,0.4802133232023737,0.41747239468311176,0.2394714381922079,1.0
0.9514543712315597,0.2059759689128139,0.9500404066023804,0.5154067257275726,0.0668199047882358,0.4921311732882251,0.6888337014042252,0.8193966580651184,1.0
0.1948558203500551,0.5654138595799152,0.2872957184920033,0.910881257867308,0.17784095039829,0.9031232291160385,0.12001750072919704,0.11560830949570922,0.0
0.22378645876442915,0.7419039361776119,0.2273098223329918,0.9179969518948523,0.7575756289298998,0.7919499196668669,0.9297937414058919,0.45898678428783846,1.0
0.45022767162652305,0.08689248660854365,0.08754410103401639,0.32801431468701214,0.8600126510336542,0.9704245133849645,0.07022542605941912,0.29274519413494426,0.0
0.6521351576775902,0.1443163362228474,0.4526778460919679,0.9523185097445188,0.54869162097206,0.05288164605455015,0.40882203425142716,0.8530093750208372,1.0
0.2936682775057674,0.10600341814633252,0.03353827590360353,0.8271193814654514,0.5268266654496768,0.671531136782812,0.3790007916996541,0.6660007134617565,0.0
0.2589840359265933,0.23873612473101608,0.12223488042245723,0.2659971800384926,0.6367333163167025,0.3582173260633793,0.3605016875703154,0.7648768444986764,1.0
0.6963435650267519,0.0679387112239756,0.7786736977161647,0.908272727152144,0.3390105554408731,0.9274128592440409,0.28891037126546937,0.5899336880638515,1.0
0.48382555185564846,0.7031535293502389,0.45856744665824395,0.9190400458409547,0.28872375799379224,0.9889425209534706,0.2528255343972665,0.13799150513759145,0.0
0.9751465990920725,0.3555363298835079,0.64323570128935,0.040010558275446306,0.836751783429587,0.13177074600509803,0.08638776615692317,0.9238854660505558,1.0
0.697481127290246,0.18381111104621922,0.7215977136708032,0.818040325714839,0.9480010146298803,0.38042805780589733,0.5981832576357348,0.3122737092676682,1.0
0.9398972904370488,0.9905501898881696,0.9461318703826237,0.8375795020897692,0.3117787279024809,0.36815311261707734,0.3235343139297471,0.4882495515859521,1.0
0.9601837290394604,0.9045839158110239,0.24773279960182382,0.10059595893945045,0.9972620382492117,0.08042864146802697,0.318250760448352,0.6810867622838778,1.0
0.0260429599539882,0.6643988750592653,0.6241963118827248,0.10719063656054895,0.8251302382522894,0.8631771276607034,0.8553931413808908,0.06322137984837267,0.0
0.299408350895512,0.5701803101391734,0.3313627929213363,0.4029250136952505,0.7654636863859701,0.33022568622748394,0.9836434851452144,0.471537376727811,0.0
0.8590603332463183,0.524908453886084,0.04390178675183448,0.9725914597346371,0.24064187014541788,0.10142376417503068,0.12648443685153543,0.7994497342855047,1.0
0.21387258241490043,0.1405315806882696,0.8890099878329167,0.9737711745816151,0.06786265986921253,0.013126826597164909,0.36050585441060046,0.8331191281097264,1.0
0.12019586869645132,0.9015756497159242,0.7271556776449876,0.2121136314498661,0.0996534232349181,0.16995259602303237,0.7060644193508063,0.40688073853293594,0.0
0.1653272189361671,0.33314609097960846,0.6256263288678245,0.13865509324044883,0.6004329688908747,0.43091191371139076,0.9428776199008292,0.3560582571529542,1.0
0.2860977051379189,0.8859149859541688,0.7245909328963867,0.11748575097060532,0.8416468950043807,0.3825926484040555,0.9732613858910788,0.9880020070279316,0.0
0.7940322549837324,0.7287529924708398,0.37172057839544137,0.5654049350652796,0.3049822466304152,0.16874600722043115,0.42946456102337593,0.7792752695485188,0.0
0.24979333931826914,0.7881726190444587,0.2553561962715557,0.20330622580118873,0.08866204175159503,0.48745073361023683,0.038773282220092464,0.7065705160262181,0.0
0.6701053518484326,0.13274013964598452,0.04510973987486955,0.27097283366339,0.25336003281627184,0.7983651623748045,0.7327155298137422,0.30801127536289863,0.0
0.9903102934528623,0.18258651419688154,0.15349255780956417,0.5123352756492477,0.448131292681982,0.40503233488198354,0.0530863785991082,0.25014335913797814,1.0
0.6728704664641976,0.6034841412982478,0.6291326562286923,0.05757443517868821,0.006158888279804375,0.24253894087608746,0.4677119879995,0.5732840244577357,0.0
0.960344759891592,0.6099601959567331,0.38727168147180846,0.8829739849929235,0.182241748304926,0.8455943060045037,0.3848035334805617,0.1930030738866329,0.0
0.6386884183003207,0.17092457194858224,0.3042816141203963,0.3343187723749885,0.8073431714931456,0.9991388330577742,0.5948147839493312,0.7008961613090356,1.0
0.9324683827727231,0.14693303926727003,0.39543710498765516,0.09208911927269936,0.04031588314987389,0.15916015264356498,0.3460877536564023,0.5291419122108646,1.0
0.9772413266183203,0.5592685761493238,0.08491700860610218,0.18284041485002872,0.15276255803475952,0.5249550049558221,0.27156048168673697,0.9948432384495876,1.0
0.24273132731868513,0.11179536569865195,0.29799219247869435,0.651370519862424,0.9936309687115104,0.06659956320848626,0.9295570648777032,0.4815908530202103,1.0
0.45198866470140053,0.6826265996346119,0.7343139871579699,0.49740990647437167,0.6194617897922503,0.15598980607560436,0.07310054585607728,0.6151707307315317,0.0
0.9540693318731788,0.15045577939098798,0.5542806855379384,0.26274082749820604,0.9109460627637733,0.7693056861425875,0.4118704946039418,0.09323178172070973,1.0
0.9954834427388085,0.11443038592985205,0.5537882715260005,0.9874022265227593,0.14199405550004218,0.5917211771722313,0.22862035918163254,0.33561624425729963,1.0
0.3481264179734838,0.27482231001493507,0.14690652039989532,0.8394906030022111,0.42908655185570604,0.40934533271925005,0.5299729155381474,0.9596118968080922,1.0
0.47364638579914814,0.6409542033165256,0.8979251753561643,0.7841960125266776,0.181772906516609,0.9674340408733284,0.8165206883620151,0.7636774619431498,0.0
0.23097925858955015,0.6193688587649331,0.3952744704028933,0.35916202310352285,0.3078462411199986,0.2918817373180831,0.6373323888495354,0.2753262253872364,0.0
0.7881385788536514,0.6838859725921792,0.8845891394056966,0.6883908047501628,0.13260713711459848,0.8667188955839062,0.36958123255135633,0.36487067672180995,0.0
0.5886797167979321,0.7766277475116499,0.3726470383791089,0.1307130417250843,0.13027752143750548,0.7241978890532577,0.4059377474061419,0.375054176418422,1.0
0.4806248315410361,0.9157757169320357,0.19803559707586732,0.0036094446161417104,0.09876296876882196,0.20914179381657727,0.2540714196424851,0.07336070492688684,0.0
0.15736242606375866,0.4862140604849435,0.21738062276576425,0.07093940796725345,0.6079721146595445,0.10506793827189315,0.36280095003958496,0.4128026378081388,1.0
0.8852547736229872,0.7213223203681276,0.5848586405658941,0.0884096398646525,0.20485202164472988,0.7496970262945095,0.8994791449643735,0.9875577603968715,0.0
0.8494648045451556,0.27087774366238604,0.9009523541687781,0.6517175104223177,0.8252151445184249,0.2925638261068887,0.10082836784866034,0.6198157334986965,1.0
0.26481908303143364,0.29503227275936994,0.545375049148543,0.612387934384828,0.8763632099026178,0.6995853876471625,0.8097387391141297,0.7855580671187481,0.0
0.377587901091508,0.37547392402455665,0.4699067650150457,0.4609411455728859,0.7465773488124532,0.9926912236317369,0.24485353556398182,0.14958109126309405,1.0
0.04107082598480849,0.20470332263149477,0.5805062419312818,0.9510393136590394,0.04845945540059571,0.9914018609271102,0.5820409183715988,0.022699085835450383,1.0
0.35112684455933263,0.6986363518110388,0.5992330970135196,0.629938812406239,0.8223479660438615,0.11794591256104575,0.7689637068211175,0.5074496742747028,0.0
0.48249194049870225,0.29167013985304835,0.08294682193980346,0.07661540951120227,0.9969019826143807,0.02993258171800417,0.7696337347389475,0.7625655951404586,1.0
0.6691450031091954,0.996681138129109,0.9090952263963625,0.4822675355579107,0.1480253190485616,0.93206623822329,0.4860485853577232,0.7425044841404786,1.0
0.2647928193504435,0.8548076244095362,0.310168296284662,0.2546881528456277,0.5806031104349271,0.2402088024738785,0.31273219717488226,0.9384697578897536,0.0
0.312729342951677,0.42690938089501484,0.26875537582915776,0.36192282643442,0.7065403296804181,0.27965958702190113,0.25631817992416345,0.8306336807291979,0.0
0.7355292423538201,0.5821977119975449,0.15110981522270323,0.47106090771987674,0.8165356014627227,0.45562629068920946,0.2481478394933122,0.5101418255285951,1.0
0.1615033330998784,0.07284665541442764,0.20383366594272606,0.4300507619599661,0.6238535664081094,0.9504996147829945,0.24831784657694067,0.3729954725183866,0.0
0.7744429977312424,0.5304219271060915,0.639669414032632,0.11310114854405895,0.15278404993337508,0.8883685157790404,0.17644651860494182,0.4830444480006401,0.0
0.08700467758811337,0.1251151460835465,0.9900418817219421,0.6929695945542643,0.08142404789562468,0.8735923130636319,0.8750022917621567,0.6273887633107292,1.0
0.1979740355657993,0.9674352275074237,0.7571080334056213,0.5249720457719811,0.8131154709299517,0.989781933216318,0.3587807825326055,0.8490328259086636,0.0
0.12468775401489446,0.39034110849243175,0.14720101369367283,0.7913472545167799,0.3606924318269016,0.23074896585682664,0.3481853410558773,0.7821991291765851,1.0
0.659134561306329,0.7731204044434841,0.47172413353970855,0.998741230728826,0.6998091201004442,0.1772592499835513,0.4878661610900454,0.2971026451427924,0.0
0.9217257413786151,0.6165591615931598,0.20936987455646922,0.45913085231545897,0.3270692851051591,0.2853025386119029,0.07943497645735231,0.07250971841598153,1.0
0.5986267543608322,0.9390961503644588,0.8374715389476667,0.9340182063930622,0.004277153156576119,0.6261898748416154,0.4503529313721405,0.840706327138885,0.0
0.6799542322197533,0.6458650676382032,0.36953575652674076,0.8512606925751183,0.22853158327367779,0.6203442333120386,0.21669152881370052,0.8506056090096218,0.0
0.18068192188597643,0.37293898465444486,0.8988450026079902,0.23920462760193184,0.37666064716617376,0.5325258986804992,0.49532230509604563,0.6035903129229928,0.0
0.3913800476672546,0.15614684968279408,0.12929608674127513,0.918575269494675,0.4799151574135641,0.4507447528774543,0.2197349889578732,0.006389483440352561,0.0
0.5865531545068476,0.03816186765221974,0.7145895692067199,0.05693802053558045,0.3109699957175402,0.7790202116889484,0.6581732572190508,0.5211421389183386,1.0
0.36268312948472253,0.9007484561797143,0.8351675932150867,0.21817747718231995,0.006993092344585672,0.26089962497055164,0.007681153381390804,0.1581651363912171,0.0
0.44515612829834694,0.8631143358798647,0.8128553486084263,0.28855342341470014,0.6999022516611115,0.7429841159004421,0.09621650902120915,0.11935398371706907,0.0
0.9093818113132265,0.17908129486051588,0.28842911970913615,0.9549307544259202,0.4454846051672892,0.9345213333814413,0.741755073128047,0.22423369539850502,1.0
0.8911115744837993,0.1466219125585287,0.16989132401531787,0.07323782250159505,0.23445193801205771,0.09771777495261724,0.8498012417184049,0.07849246197648913,1.0
0.4844832050392311,0.7528440750802903,0.9533148536580578,0.5375395769527173,0.018754467528925123,0.8802980603315627,0.5610967123630151,0.03232998606415821,0.0
0.574238141019519,0.08771782187942828,0.9448827943221693,0.847305053248991,0.7533284582985527,0.4276675481733498,0.42162090087086956,0.9541975888993353,1.0
0.8217009102620425,0.7013276509349463,0.7970073644548186,0.9856908839372287,0.3830108398768647,0.23152974660573944,0.4655060627526147,0.5081272962466578,0.0
0.7187931758998096,0.334897107848941,0.031646620782312174,0.04310323101798491,0.8116550831524211,0.4513432718613304,0.27548731197133214,0.9913509431697707,1.0
0.44731399477485395,0.12436546875804694,0.3996637470265463,0.11620469790200699,0.31088349745891464,0.323578835774456,0.28568773698904115,0.42222433371340173,1.0
0.018650396979517536,0.4314671748048954,0.8119095210477806,0.3975591283321241,0.5871623848259766,0.4501181119909671,0.6877786574440602,0.07874667440139227,0.0
0.8585525687471747,0.9923410267287573,0.02424130833553978,0.6018734306834627,0.17478989679112683,0.6379045043859557,0.3048218675778157,0.9953183239649804,0.0
0.6131526922660623,0.04692332319428372,0.8493088428111534,0.8480406838472976,0.11706955574388239,0.8000668027837501,0.3306979457477395,0.8836440559300675,1.0
0.33049367230990934,0.9585235179404898,0.0956222377988245,0.07437747956986968,0.3846253855938477,0.36004710683988345,0.11130547106129418,0.7028548472058305,1.0
0.6413288467538091,0.5461455064224304,0.6977949615646455,0.8408133055493288,0.6565472548477498,0.2776069534322517,0.7593624734363932,0.14638634954291768,0.0
0.5967355040398317,0.15437406456250857,0.3598352535534197,0.8461457652163187,0.2691892141447471,0.7633921275651951,0.03702487603650145,0.3152042367626173,1.0
0.2268930012330666,0.9476893001613504,0.14927228319324115,0.596351293455063,0.37216088039307355,0.9282504144001121,0.36506937789074545,0.5364782327485614,1.0
0.22207958478977385,0.05683876150332595,0.3700223337346578,0.028666513686628814,0.19645505725600987,0.6641157094254007,0.769506229426226,0.624549085502057,1.0
0.22750555516646404,0.240414403786189,0.30595730749291755,0.49411906710473785,0.31890236363124996,0.06259166148445444,0.5817334055585649,0.8510031805725031,1.0
0.27319613610847593,0.07380445845635492,0.28782899013208685,0.8700432809708307,0.8771724727517218,0.295160061380032,0.7307104462685945,0.6158208477525955,1.0
0.37268216383018915,0.9350599980780226,0.05626758668847859,0.7660097809953694,0.5510270739549498,0.2936000916880146,0.514023917663236,0.9116057557026932,0.0
0.8832420206161937,0.8992045031609093,0.905050055900664,0.5069736348189641,0.3437233838755571,0.11003994371374665,0.9159056627359473,0.05598424383055611,0.0
0.5916995095323898,0.5257552919414465,0.26913821711106856,0.7932278478494146,0.9632538946769609,0.6639981810965632,0.7916979874161423,0.5785616410953972,1.0
0.43899185666715484,0.2727572463056358,0.4650852995845787,0.44354651941674816,0.42583596852312444,0.7936998448519939,0.3353556398183257,0.15574386722943462,1.0
0.7265136369520973,0.07520293584684068,0.7732913684811522,0.4646649272924788,0.327862362697281,0.6110868213335937,0.6567340305846077,0.3421049122175325,1.0
0.003416400846380341,0.42174871262032926,0.59941801757727,0.739154091132773,0.23389341398013508,0.7112058353478521,0.08279511646318594,0.5461649763624119,1.0
0.38326244792363057,0.7385341047435142,0.6370569136147699,0.2132209239552149,0.7086279624990249,0.35807777775419547,0.014251427142797535,0.5774864475605609,0.0
0.1441021853504902,0.6506546137807894,0.8045347191674808,0.47199417437867336,0.5014625104341841,0.49375693762031403,0.008876203175132269,0.24708530868889733,0.0
0.5218476685279393,0.6634516906763395,0.7166725123143299,0.05513091067778558,0.9382967590747553,0.32689881208838556,0.07758823284303507,0.03633153967714181,0.0
0.7736028252292634,0.4088956222985467,0.7470318525007786,0.20606039704951912,0.37381098060900075,0.6511780424184412,0.3581949247885329,0.0001375247544557756,0.0
0.056724510434374764,0.2666478008491741,0.8631513541650637,0.4531526930897679,0.8627301822141538,0.6325857505788868,0.9306304429351223,0.518232448507398,0.0
0.22148639700498535,0.09045345390466675,0.8891893369019199,0.9872610958057383,0.7726188966324583,0.5532878218366043,0.38325263552648026,0.1283872763764144,0.0
0.3096527782199273,0.7280051734106654,0.8148425150682401,0.6819940284728568,0.6351153212826577,0.17513339332672556,0.7647835326471937,0.24539000353396945,0.0
0.9334632191738665,0.8677223029535268,0.19983731235338348,0.280023238817314,0.34764207338979247,0.9542265627818823,0.8759448310346265,0.45903179238929676,1.0
0.12303446856104744,0.6047461689205654,0.8265317763570171,0.10602657342842858,0.2635509074091861,0.026912660798916743,0.02293095545647733,0.45730981576683805,0.0
0.522027004369852,0.6774367300476725,0.5765483581866218,0.44277136160634345,0.39720053427267965,0.6539151525056085,0.3550506271094629,0.15328009041627494,0.0
0.6124600208411594,0.40446206669898277,0.28942588665032715,0.7025699319946254,0.4214009427779526,0.2745907467267167,0.0763306804450185,0.9012280543831224,0.0
0.25468634267365337,0.016004177380451123,0.6018742508329384,0.014198758208860185,0.060919449955981364,0.35081675556017766,0.9983774323930164,0.10664669640535296,1.0
0.7946357890670929,0.8706570348350418,0.4829695324136299,0.9666040155933524,0.6198725238546808,0.06056184377805557,0.4721105046043585,0.49810215838850996,0.0
0.8275142036109113,0.39234644224484816,0.8237834375910342,0.922236974921443,0.014919357620416962,0.43999236994415947,0.5341147547814492,0.5560917631840399,0.0
0.24123535866107226,0.9738916376467563,0.18709477324812307,0.15464159562600893,0.2582832695917229,0.5204841530425777,0.1405075211467144,0.4807040267248105,0.0
0.3079209670128167,0.6256882882031476,0.5226428199616575,0.6254862974542088,0.9994114934428482,0.1943279183637085,0.3147914496437352,0.545719062764631,0.0
0.9391611115002028,0.6194535425704694,0.8205145620301042,0.9958297464820118,0.7703306727601065,0.10492441044818884,0.9529772073836409,0.08624552419435494,0.0
0.871861092187112,0.6417203395634775,0.7619220701764253,0.4211635060371848,0.270967204424041,0.6402707237198167,0.07097795741489227,0.9422154321111134,0.0
0.6997177848097236,0.7723051568986508,0.7813114025150258,0.23431492576709984,0.19968706734287428,0.9678662161502496,0.07862494270594605,0.4664689644135944,1.0
0.2487475672933871,0.21581070541344538,0.11417186628624854,0.7774671015544274,0.09811768114619213,0.36341563323096254,0.7134330597108213,0.2403140898695098,1.0
0.7590389508959364,0.6661100719573426,0.36125094383774103,0.6354161167564871,0.8709435368023557,0.63569109840968,0.11347639484978539,0.19133860761603755,0.0
0.05895771918766174,0.7937269741016215,0.5349937625789759,0.1681240889176574,0.8389336091371878,0.7920464892192298,0.5520980040835035,0.7956140438612284,0.0
0.0037779907169826488,0.4984836554945985,0.27343012523128335,0.9131144127091925,0.7078553154771918,0.3738987356817068,0.8776240676694862,0.6798240349929654,1.0
0.15169265444636165,0.20774477203597386,0.6584594127220041,0.8561899216220482,0.06718500173261843,0.6258269431173501,0.35260552523021793,0.06676618457989103,1.0
0.9177458651946271,0.734174614290485,0.4210256538149086,0.07515475964669571,0.450814330691864,0.486599382803828,0.7303679319971665,0.8500280050409075,0.0
0.7134072642688722,0.822348507574024,0.20111796021740502,0.7969290804882805,0.1631635756363592,0.28750772025816973,0.1346581107546147,0.17115080714528613,0.0
0.5723606857632809,0.533406566684913,0.760637973291846,0.8406708484157944,0.2639481095354512,0.7019908715242921,0.23476728197008206,0.6357461009648404,0.0
0.8819049604930569,0.4262281939200744,0.8263115696598682,0.40723480623044367,0.18947602751175285,0.3956497008466285,0.38409767073628065,0.333214145212805,0.0
0.4961280967267495,0.4475555050579327,0.9953671694631148,0.17507185861461105,0.5962035755089998,0.3651910273090204,0.5490253760573357,0.14934188153867695,0.0
0.7011784699363093,0.31673309522760296,0.9887033964362597,0.19959332069700536,0.6908074638975903,0.9309790348563024,0.21522146756114835,0.14522113980516488,0.0
0.9497864948438293,0.1800011361965131,0.7344808666911105,0.30279250468556634,0.9974156655245006,0.6618388965177657,0.5061569232051335,0.6952718155934735,1.0
0.4079503080544078,0.6183048691329918,0.5284660932095152,0.4795457288725062,0.40662406848539423,0.9885254678317271,0.2454935622317596,0.9110539897181493,1.0
0.31702862794285874,0.677110206283379,0.09219736038497434,0.5215774806310028,0.7682236706995375,0.7018287726328256,0.5083453477228218,0.4741503470624712,1.0
0.39170343582005296,0.5884401561579993,0.9836235197732348,0.837279731957751,0.2731201089347394,0.8140670001676702,0.5946956123171798,0.6987541090729665,0.0
0.44062179662678835,0.6627415678556201,0.7900276080830184,0.6990756203318429,0.6984999716094673,0.18028633402877559,0.3551364640193341,0.5996729411294033,0.0
0.7832455754982672,0.45594291833667194,0.8503809575860677,0.8595542444665218,0.6043842942511559,0.8213060023813415,0.24050168757031543,0.010460216172244297,0.0
0.14480520307396494,0.4613738314829435,0.05893155710543335,0.5309881405099541,0.9194661412383898,0.9250118854833678,0.9445135213967248,0.8420574036659932,1.0
0.8878599185454483,0.5032931116228124,0.04304271532367998,0.5365850876297069,0.976020613118761,0.17209198302922768,0.6573198883286804,0.17968150933834753,1.0
0.812757463660616,0.40280157389763716,0.40656789025534956,0.12930279568808523,0.42970424494184184,0.7880720154171699,0.7639068294512272,0.5113737139351751,1.0
0.817492619640352,0.9790605353821681,0.9929077524961623,0.8504032969408856,0.8196145149384615,0.18775084206527254,0.7916538189091211,0.8446211984823935,1.0
0.22779419036764909,0.09043885324853973,0.6410142667408825,0.7131998339326525,0.06128613889285406,0.5094983052574162,0.5307637818242427,0.24636517906556515,1.0
0.8572033052975171,0.31762267338544614,0.9268826213405228,0.37583879264263287,0.5692474280034663,0.437701761386187,0.04126255260635853,0.5442371293499497,0.0
0.1264628074442415,0.21892621996445927,0.4345842842459884,0.9118938442336031,0.19494744036794126,0.3303864586141102,0.6846435268136173,0.3983542037566762,1.0
0.2142179896133774,0.9452058612873955,0.44414921418046227,0.6362843890061294,0.46445770633151334,0.7292744230765149,0.7120605025209383,0.16742847045801573,0.0
0.18691437297186025,0.10611889606297287,0.9697114973896221,0.06662510561591489,0.10404971049616563,0.037262582163709757,0.9450085420225842,0.16191331106265794,0.0
0.29679100264653013,0.5836790149282417,0.026754317775774417,0.8330542995128072,0.26347528776590917,0.7569357632072129,0.544541855910663,0.8032645876257727,1.0
0.4711709675433961,0.03987863934627284,0.5457119919261082,0.27473428561196217,0.4659706298612154,0.1501049000027591,0.18015917329888742,0.8818428983883766,1.0
0.5524236337049512,0.49105245245893625,0.47362878881541,0.004114809307730005,0.5921232987570253,0.8061578477087548,0.6833676403183466,0.9485824115007369,1.0
0.7459718410893432,0.07303964954177827,0.4454213721477263,0.014180188377673264,0.7474455153836888,0.5793801720423718,0.8482686778615776,0.3266988057850413,1.0
0.49478254733298954,0.835686870612171,0.20311547373889216,0.3656495262703423,0.3341236691606113,0.8126818638135848,0.31805991916329845,0.4799405559667407,0.0
0.8468421505020343,0.19660526781054394,0.5838876086242494,0.768576662232014,0.689950441273785,0.5295807926343962,0.0050993791407975,0.769541017383129,1.0
0.4495344696222063,0.43812613586468,0.6399554174296519,0.9203290574086331,0.9509284234869837,0.5673418753170347,0.5537430726280261,0.4394365985877458,0.0
0.2535190679629783,0.40157830438067466,0.8619195232073982,0.7539919168177676,0.5890353639905096,0.9208856595275945,0.6030551272969706,0.1958994285638081,1.0
0.8746179828219609,0.9731079806124523,0.025364627800273043,0.4778983195629192,0.7208128076857152,0.08975741940687193,0.08414183924330176,0.18949327545624878,0.0
0.9633802047187612,0.62066247689778,0.11970436057016026,0.7407526883146685,0.09476786361506473,0.07994128358975555,0.1315238134922288,0.4985314023190841,1.0
0.3055094835764448,0.0979236805121591,0.3419640208787786,0.5407131611025705,0.3518911013457112,0.34672316162347216,0.20855035626484436,0.03312679615664149,1.0
0.5206838425834549,0.10469758855563405,0.10092630079810339,0.19802974091106246,0.41627127764295957,0.08308403885704096,0.9401325055210634,0.22319600861488398,1.0
0.22207958478977385,0.06087252459148684,0.11193371725353962,0.1654203214968345,0.4013301627918454,0.03914250482317161,0.5334772282178424,0.8525676288398578,0.0
0.06718355713173019,0.031533700703539225,0.4014490131290947,0.11529636787366149,0.04424730860402948,0.21635559243828567,0.4747181132547189,0.3318205610343195,1.0
0.8396379432195135,0.1331574529447399,0.05107309641922686,0.47895573880736586,0.49211724918556315,0.4715069413345276,0.11167298637443224,0.8787765131056924,0.0
0.34671534202210186,0.564719930214173,0.6301570153343454,0.26921267895016787,0.6738867063851104,0.6218808565188693,0.04076753198049915,0.22469461169677207,0.0
0.18046783309245035,0.7712196644822314,0.5525500731457668,0.17889591742261357,0.8641292782808179,0.14081459070427854,0.06251093795574808,0.6482983603715335,0.0
0.6561301553748756,0.2823151012728055,0.9768796233457304,0.5159070500364101,0.4720151600138185,0.7105160528309736,0.49096545689403726,0.37659528715168733,0.0
0.8898668351786885,0.22827223268455094,0.3913314439775591,0.10081375653094332,0.6581633925572228,0.4324095376759211,0.10904204341847573,0.6638444920085615,1.0
0.2706968417790965,0.07139269553065952,0.7857359652720773,0.5833609006898692,0.06329178409822378,0.2079800408775731,0.7297495728988708,0.46334173484560554,1.0
0.8182290638669052,0.35290449525000833,0.44193733076584707,0.47013241616052825,0.21223064150398713,0.7290481213507852,0.9128355348139506,0.46360594907083275,1.0
0.008294813267881118,0.40286581678459565,0.4832796789545541,0.17743553284140967,0.32066416865356173,0.662650717479938,0.15103379307471138,0.3834915284751255,1.0
0.17433433506726692,0.7011609379886241,0.9971232515455591,0.6842651188270233,0.8010853143468771,0.8536835978207118,0.32248010333763905,0.7644684376521107,1.0
0.6032290001973756,0.2774512245172094,0.2929868677215717,0.5418236370075513,0.013375124905077418,0.4941469300433184,0.5634676444851868,0.8816945383502364,1.0
0.20790117640067662,0.7914763493262726,0.7370891221605939,0.13340274913086558,0.3321161666306699,0.0848498821002498,0.6146822784282678,0.6107807738726304,0.0
0.4364766449553571,0.0035153070624169835,0.8651448880474458,0.9504281009296853,0.778235446137322,0.9250779454244074,0.05178215758989957,0.33438352236735946,0.0
0.8014762841613556,0.8256482558587124,0.6135900430490827,0.8806906916068342,0.8108397176654385,0.7486785358782417,0.7860535855660653,0.7245962606602522,0.0
0.9150088712878012,0.7398040963600829,0.9654946717938568,0.2042410841598014,0.7990671985336688,0.9457891960956188,0.09304637693237217,0.838360071479533,0.0
0.9750717873947066,0.09733885786765645,0.5222217741443378,0.5517799846400968,0.33170596323240276,0.19157329841265125,0.024692695528980346,0.06621025117854551,1.0
0.5819400317923185,0.5175207873523275,0.9800771307120424,0.24645004516448232,0.13730590294895384,0.8191321262493023,0.7079211633818075,0.610824115007368,0.0
0.710456977437641,0.24200056597452474,0.9441295812942104,0.19287289879044084,0.750594741861071,0.49387950666754393,0.06845035209800399,0.4683776413087689,0.0
0.16713782118624826,0.7619601938330014,0.048162123068482166,0.5618862173386514,0.17017417989833533,0.08218175026477037,0.7786407766990291,0.14231895074446732,1.0
0.31385151841216685,0.28898521192454163,0.9928806909502477,0.39244685380635114,0.6751279298631789,0.47600087443199063,0.6310787949497896,0.1662049168850393,0.0
0.3739903073752661,0.9187863722254107,0.7587272159028501,0.7348907231755473,0.583399975907847,0.23530922419629724,0.9792141339222468,0.03936125169197119,1.0
0.22101869125159446,0.23169993581020631,0.9561626834016681,0.3917120190579525,0.3252233698129568,0.2662597657286332,0.0783699320805033,0.18293626186046819,0.0
0.8049542322197533,0.2702607995744041,0.537932062784909,0.5456625516805034,0.5287771215820585,0.44235726277318044,0.2724071836326514,0.2284136144506011,1.0
0.5529321940732157,0.03912020162709712,0.8066322542851427,0.7177974588512437,0.32649377982000927,0.6160957036100034,0.8252727196966541,0.8540270582038101,1.0
0.3561055364900686,0.3664111640333277,0.26944783303344544,0.9950588332044499,0.8171782357645359,0.2525394608659848,0.5191691320471686,0.3884074133344002,1.0
0.419372621677777,0.5696618541134295,0.6264777063270425,0.44576455311038043,0.7009919705205444,0.051748015018157234,0.36166756948206175,0.3648506731211618,0.0
0.6320662566348956,0.8899954711419358,0.24913655096882986,0.6907841907068606,0.3565758045797378,0.0641118360312673,0.12478436601525061,0.22927210231174944,0.0
0.057832360250688164,0.8857764124542002,0.3941556611958126,0.5572676350391492,0.556436133771945,0.17792833902492344,0.7334063919329972,0.9196280330459483,0.0
0.8228055766018723,0.26294799458660756,0.7314274222604031,0.9960533803061635,0.5325880862711344,0.47665165770656864,0.5658677444893537,0.2122865449114174,0.0
0.47639637890161574,0.8541805925955028,0.7824150890935071,0.7790343953066078,0.43567368611533136,0.0903243675755524,0.6113913079711655,0.29592576663799486,0.0
0.1277704204099045,0.19073129111743858,0.9364918579237003,0.849471621981905,0.16180136072904766,0.40038107831047853,0.8939422475936497,0.9244555686690272,0.0
0.49227821249917764,0.749326378819598,0.8790436449673749,0.501163930490469,0.7084594766271622,0.5262191640684859,0.5125480228342848,0.103223580244444,0.0
0.041878633142537036,0.7808380458057093,0.08002550152738547,0.9877648687975106,0.23654726546103305,0.3034443494077421,0.9383340972540521,0.9905157928427117,1.0
0.6134023298803225,0.24061589284074075,0.6899967260835629,0.8029857635715621,0.9482883692743327,0.20665592374613456,0.47984082670111255,0.4239104705513659,1.0
0.33251915922263753,0.9955497200125087,0.9094804554617363,0.9547665440615669,0.6881968615460051,0.06701396332054937,0.8970665444393516,0.44439415761503737,1.0
0.8563050343497113,0.2196578455696565,0.722047147580406,0.37076524947904993,0.3064298984680256,0.4961831149729499,0.7801525063544315,0.5398746774419395,0.0
0.032710220869598516,0.7073298479354937,0.5961202233055094,0.32575993718091395,0.9711968758739375,0.12416085303812058,0.20773698904121002,0.36439309075633614,0.0
0.8217712120343901,0.8788971142201364,0.8680205752647918,0.2727157449619385,0.5435025214507722,0.8658969931849487,0.5613383890995458,0.08829339281070592,0.0
0.6889215548948073,0.3402916520881327,0.6227673561347198,0.09464406276072379,0.9766406941936319,0.5933931038727575,0.32525855243968493,0.4689235729097904,1.0
0.3288669158267595,0.621580990901402,0.5447303476135166,0.7781807136386125,0.09064884837916587,0.8731763211457606,0.883167631984666,0.8451729644669375,0.0
0.4110817877555005,0.24040219232833737,0.10065568533895647,0.6525645600077463,0.05804457685104941,0.045578971608551566,0.6954023084295179,0.20830749534916287,1.0
0.4719445523289253,0.040260911070323646,0.9656774698834178,0.27543251126459223,0.20003465236986656,0.8082762759384756,0.284573523896829,0.6938032179125576,1.0
0.566447643484591,0.1651976636826465,0.1303164662078231,0.06466094804293876,0.09682843256134077,0.7027567954189952,0.10175090628776196,0.12547758596547376,0.0
0.9673653866968885,0.5905439779726537,0.3167583133334359,0.99177038138454,0.5518082116033964,0.42154121821959706,0.47370223759323304,0.25651617291112405,0.0
0.7412671934259089,0.011799984815317577,0.9950214714795184,0.3655367808667071,0.43833204824161776,0.7565619541432583,0.26283595149797906,0.3652132383829089,1.0
0.7384479597099216,0.6323862728347625,0.009947771216384627,0.41761162789772266,0.5777221346921166,0.8333496051260393,0.6239226634443101,0.9041019050095684,1.0
0.37941946122843995,0.1572896828578209,0.3228776717307132,0.8209642782768788,0.08406251011578558,0.2072371981670887,0.2481111712988041,0.8942834710247844,1.0
0.44604193062992514,0.7467659546678829,0.8807050116391179,0.42081306679435637,0.377646886513754,0.10725958956879039,0.1961065044376849,0.8890666986724277,0.0
0.6280839928435449,0.9644927970981327,0.3452464272126661,0.6995464981940839,0.6113811012448851,0.3817853375583397,0.4053810575440643,0.026002180392470597,0.0
0.10707941500436136,0.4807515568281428,0.48095716157281704,0.14873798100836838,0.0479200352785536,0.9298653013925118,0.5001691737155715,0.06856317470478013,1.0
0.7872212070469435,0.26830484258634424,0.6909088593664521,0.13184474029427878,0.14836759743392036,0.6809166891288153,0.09446393599733321,0.6543286124835804,0.0
0.9002956388494492,0.4839682141061451,0.5043537251809808,0.3004797648528805,0.12967150296296331,0.5414360316917924,0.22053252218842445,0.4024574423396211,0.0
0.1689412606142412,0.06802127129771157,0.16439411586480474,0.6990127481891099,0.6403115847701508,0.4821510814728661,0.9819700820867536,0.3498913137698119,0.0
0.9610116982149186,0.8172173060780672,0.02753883729802664,0.013693924083877262,0.5771614880035406,0.41541303115906814,0.4950172923871828,0.48395711228021043,1.0
0.0992997943474192,0.7443555190745625,0.3989911880177842,0.8155023603581855,0.29475634820272006,0.3526796989576856,0.30744947706154424,0.16122485380701856,0.0
0.9798443492231257,0.29956272362232184,0.6307393691900586,0.0550420407713908,0.44644616863127384,0.09290335828577367,0.9476086503604317,0.8626852833510033,1.0
0.19217002735667466,0.42907797652957796,0.68713138592789,0.6522990114217726,0.5957785135141589,0.2241777261796873,0.9196183174298929,0.45208137464743653,0.0
0.3523880318262756,0.8953063934414914,0.4415690814939883,0.28185157133932254,0.07233377077749198,0.1343247984243245,0.005386891120463255,0.6056131770385336,0.0
0.37160031240515895,0.7554451156026858,0.6367287260432358,0.6989480190632581,0.5507386579821707,0.4489693587993964,0.38701529230384596,0.3717794202956532,0.0
0.3234202528529255,0.09002233634920942,0.6479513083196212,0.2794706536978503,0.06016617217611048,0.6917505194592954,0.15217217384057669,0.5204920218972748,1.0
0.08294760209939667,0.9476436399276444,0.3837889666362976,0.3591195777750955,0.5932371628358906,0.5241813873330461,0.27050543772657193,0.26257726390750336,0.0
0.4239679699819391,0.7940789826475183,0.4480808323070286,0.7024770828386905,0.8616497499775795,0.47806863017681783,0.37957664902704275,0.3433343001740313,0.0
0.44639980644462984,0.7599559219464851,0.38860990144821717,0.3687729718759907,0.8230808132534436,0.42946177862013785,0.5750389599566649,0.34963293392810707,0.0
0.008160841965860477,0.15055187825495076,0.16930313335558395,0.18992188733152854,0.15865664489705383,0.5623969305739203,0.4555881495062294,0.8248092990071546,1.0
0.8856986033027507,0.182732520758151,0.6059098701947847,0.8259773368474528,0.3309656867245338,0.7547258061435215,0.40480603358473266,0.3595255479319611,0.0
0.5474704095860844,0.25361764438854306,0.037739448252222085,0.42281807799594384,0.07635965445272336,0.778630219265944,0.10362015083961829,0.5443404812866316,1.0
0.9459538544472106,0.7729141369923815,0.009163251694132346,0.23427884723793657,0.5935818292099844,0.31376667947186004,0.4015917329888745,0.34452868182939594,1.0
0.3413543676236197,0.473519453648757,0.02857168630043727,0.3718165672075351,0.9745193642006527,0.9483846354658579,0.7053193883078461,0.8743498829789362,1.0
0.2818467028734059,0.4458764296033346,0.7975623914553434,0.3105034944443045,0.5799668441030741,0.5492112071618527,0.8795566481936747,0.15565551799323873,0.0
0.044481390457635384,0.5186179602936484,0.4021748993018652,0.31060589379913545,0.30347542573859165,0.8532673406018725,0.32842951789657904,0.7570170964106873,1.0
0.8420343051425879,0.401430705020555,0.38486028548339085,0.35938539164437183,0.06046652809256481,0.7406041009162435,0.10006583607650316,0.8031278963546772,1.0
0.6778860336642026,0.8907714296484639,0.28069694623719815,0.025616286272517608,0.933432956685599,0.6018118994912589,0.7947839493312221,0.44815983543704535,0.0
0.5318143375291554,0.15231484111566002,0.7779056273688802,0.0038739320689047396,0.5455331078718191,0.982053450716631,0.48515021459227464,0.6497186160175499,1.0
0.433861419024031,0.055573548283307905,0.1209828859599924,0.2254491577918349,0.2108283614523429,0.16470653468120372,0.548793699737489,0.26668550339061026,1.0
0.5300204485306134,0.007774185721407756,0.3876667269803082,0.5202956317124966,0.22347063914783827,0.5847779855379136,0.5540914204758531,0.30065745167463476,1.0
0.3976987179079042,0.3389664434447567,0.36780328696965336,0.7395591787359516,0.038687009500480485,0.7926402327856814,0.5315396474853119,0.28687247037800134,1.0
0.46141520385922247,0.09410069780517627,0.13875860729611111,0.9249089083459453,0.9165299764225913,0.5912362070026721,0.07693403891828826,0.04771942282944264,1.0
0.6502850272611703,0.056077138186449826,0.5783551143403377,0.8009001062459628,0.90065860729313,0.9184862775727296,0.2842718446601942,0.6289248731438326,1.0
0.5555766018723086,0.48047122423050553,0.7736086783724656,0.7999872664014718,0.5588684329646456,0.0483739173067495,0.6622175923996834,0.4972478379441633,0.0
0.6371675124102525,0.6128065275020613,0.19104973859077262,0.6121271608983023,0.4925348818821172,0.49058128503299286,0.6454535605650236,0.7563594780393804,1.0
0.9527951454105943,0.7397167578897963,0.4988371494534894,0.6012340979240255,0.4288488143105266,0.41478294135999644,0.9059960831701321,0.5142942396298,0.0
0.08337922845263945,0.19700426392252196,0.2822781895082917,0.5937517823721898,0.6843198291685926,0.9218550692647769,0.8938272428017835,0.9958950944503344,1.0
0.4018719902882744,0.47305249811917,0.1879265178210892,0.13257426937662403,0.40563703314156896,0.40393239706853046,0.5693912246343598,0.4305491655164596,1.0
0.9712160667935813,0.3030517495037104,0.22643005678149075,0.13413042123009217,0.5587760974002232,0.49522458257545693,0.6727830326263594,0.06492668680362457,1.0
0.8919732354520431,0.625397071480034,0.6326936372999369,0.8947154239691422,0.5047290136916661,0.3813812841840297,0.6154981457560732,0.31334556886906306,0.0
0.5584719737341968,0.13698202845057306,0.28007134696987623,0.5118116064097752,0.6472152602032125,0.4792192404751647,0.7113563065127714,0.3346068959079301,1.0
0.23544594138583103,0.6809743362939924,0.9854143573705304,0.9304061089438939,0.30155282947478573,0.5491592081721188,0.006378599108296135,0.27388096524040995,0.0
0.6072913814802317,0.546556979458735,0.6059881364305184,0.14173662408427518,0.3846880039651226,0.4106750211710173,0.8755556481520064,0.9169500510091817,0.0
0.8005490966354898,0.24050890985130158,0.8899624481254043,0.9801918263561613,0.9685838855336173,0.21766511801648264,0.48246926955289804,0.5921265827849013,1.0
0.11222842292697321,0.010114007232368605,0.68043259207691,0.08866802580145405,0.5463280427885128,0.33916739005397284,0.23893745572732195,0.7194895081114601,1.0
0.5699340808136117,0.7583947136068027,0.17274366401658076,0.002088575441928864,0.5429577946870965,0.714256531179231,0.34798199924996875,0.3613350403072553,0.0
0.525315270287765,0.9375444988178777,0.7780764865411258,0.8762103219080236,0.5191609562780489,0.8684645759535448,0.7076253177215718,0.6275429577323919,0.0
0.7553368330351478,0.44897309603462104,0.7999830732683396,0.9854133976026348,0.7218056803353373,0.7719143905612283,0.24725613567231963,0.5347095810579238,0.0
0.4342394568564656,0.40588257780689646,0.14692668390469454,0.1820825004542977,0.4165233431205494,0.32154742626224897,0.15003291803825158,0.5747309515712828,1.0
0.04700668317829809,0.9585067935525626,0.8160621417993168,0.17691425115166115,0.5616700744150356,0.12159406617242863,0.07577315721488387,0.539424596427357,0.0
0.7443098010751661,0.1399273789910893,0.7419763842909317,0.25830900464378426,0.4336590196191848,0.2373722045236999,0.6457035709821243,0.9636809625732632,1.0
0.650774486770533,0.2781496668130271,0.023128601241753532,0.9048781620111658,0.29278015485841613,0.14641827775101185,0.22995624817700733,0.7859823101491602,1.0
0.21381050462346907,0.09493187333851166,0.09805087889003089,0.8807437482673685,0.7036654565754862,0.9741994808590658,0.5080145006041918,0.90763004007388,1.0
0.34967756689014673,0.34235140646793133,0.21479491858454314,0.6206326741485401,0.4310876864156873,0.03334700517655248,0.1468811200466686,0.591842364959026,1.0
0.9900073326075007,0.08973855268739672,0.8841325421457047,0.01702986161496517,0.6343378982833545,0.10825552940277566,0.9313954748114506,0.3775029505310956,0.0
0.8944786314446829,0.7288559934631534,0.1037855388404817,0.24557089629943057,0.3636959909914451,0.698728465520425,0.4089128713696404,0.38840491288431916,1.0
0.14417275241254462,0.835845354097767,0.8618128688793814,0.9631115609136887,0.9286068314520404,0.5105467746830715,0.1519988332847202,0.6018024911150675,1.0
0.7853222633244408,0.35668208318976014,0.8843795450794947,0.16602118817738432,0.49885270407884397,0.6465870091666791,0.20850118754948122,0.20750735132323817,0.0
0.7641314521109632,0.24182668543337665,0.02344882953507732,0.28878289347151054,0.557299789697792,0.6933829163155851,0.5806241926746948,0.22044468004240758,0.0
0.4950128187986409,0.7023958880304882,0.7358949651197898,0.06518461728241137,0.8982106535076105,0.7855020449398616,0.5780557523230134,0.048618751375247515,0.0
0.298903504583145,0.08650171995729167,0.5243957183328177,0.08116528343531265,0.45868169224556377,0.6764954484965925,0.8011250468769532,0.02424603095223804,1.0
0.025438895291213903,0.5096183813234777,0.2647760020333303,0.49091603650828813,0.48941696459037237,0.10188300015069096,0.843845993583066,0.002984703913371023,1.0
0.004440419115290695,0.6314653696328651,0.54097277237048,0.6386204737694503,0.7234685164911848,0.712129082716597,0.5978574107254468,0.846660732265141,0.0
0.014047355273853313,0.07516630147328579,0.1568696795541531,0.25844244214502776,0.6756522260565656,0.28909660775570234,0.835097295720655,0.9631708707567362,0.0
0.6773745551091614,0.2933805403517006,0.8081859053917742,0.825894833740322,0.944123716920386,0.23321361184982692,0.76280511687987,0.007132117114413861,0.0
0.3033075790085806,0.09521565700032436,0.8619991159895002,0.09078286429034726,0.08463881139718032,0.8883857603419624,0.466683611817159,0.298809619064765,1.0
0.7956552974109847,0.0012476924326657035,0.783636307680226,0.3015841392418999,0.6907119443481878,0.32361889622062856,0.9573898912454686,0.2582489848172671,1.0
0.48845246963494016,0.45884818343945794,0.642188525586161,0.4452201917732995,0.5528719279188253,0.29351997079566944,0.16825784407683647,0.8573868296293333,0.0
0.6979008156066752,0.23929546259391538,0.511417053973988,0.9935944693737059,0.2071232642638547,0.9139721816016964,0.4288137005708571,0.8457088942676348,1.0
0.9296199671889691,0.27803445436286184,0.08796169783077828,0.3451778790865235,0.29839431637454483,0.48025232244467414,0.07175798991624643,0.06160358864595622,1.0
0.7645697107068803,0.6091468066772251,0.7274034765065985,0.37902139642477695,0.05419062836474248,0.2887989400695725,0.8333580565856911,0.7411825795309823,0.0
0.33898108590505177,0.5897834165216777,0.5426566903304851,0.9347222682783511,0.8342374966236492,0.8868414434070588,0.5181707571148798,0.6053689664139545,0.0
0.5010977688074485,0.960655479201498,0.9036086306167963,0.28573293134070205,0.30313527000988627,0.13559771246893326,0.3973048877036543,0.28880365132390495,1.0
0.2002690568208106,0.5331020766380475,0.647257789878239,0.6267673505228071,0.5267651084067286,0.6382886601876633,0.7602258427434476,0.6513614117207764,0.0
0.014683254701464254,0.7650329682815346,0.651850824024073,0.807996434592412,0.15353918503781777,0.5769054446125863,0.26239259969165385,0.9233912104178752,0.0
0.27181662963222364,0.890109356259726,0.16262795202996083,0.022233128313554285,0.07974900646402017,0.7282233006411795,0.050492103837659896,0.6556096764084202,0.0
0.017496917333605033,0.047448681348378485,0.6727707255624954,0.33957217761778247,0.0909367336877816,0.7106837230427687,0.31075961498395765,0.7840477952698153,1.0
0.49442467151828484,0.8191995442471556,0.31772934527508057,0.3078387236689742,0.797237203166367,0.1954252031674813,0.7573432226342764,0.21344508678228746,0.0
0.30595039506943167,0.5098185430456543,0.6273903702284791,0.7808545040462336,0.026731941896519396,0.9206447662486231,0.5580174173923913,0.2847270842084908,1.0
0.6223553269112001,0.6972176989684503,0.7760182171959675,0.2858565533597467,0.37841183890521857,0.9587098838406243,0.21574065586066082,0.8751900342061572,0.0
0.5370782158948859,0.6146849682794109,0.7364627269654509,0.6086792738134873,0.5508246255766329,0.8929826302150212,0.7143280970040418,0.2868933074620098,0.0
0.6702260586651047,0.16251698321774033,0.10740090831282934,4.801627778344697e-05,0.2477726698403921,0.9158722671347284,0.35975582315929827,0.2351239889846839,0.0
0.7026152789892675,0.46609090527784514,0.27610550394700606,0.871954912449878,0.003932752114564009,0.8379037615432452,0.1545322721780074,0.1891357110946637,1.0
0.1977092764382417,0.5148228515665442,0.6717105497048965,0.5248868898318236,0.38459779105735364,0.8965151126043429,0.07580982540939202,0.15468034246164308,0.0
0.7309941148131406,0.37150174915860396,0.7615991887903648,0.9937793718356676,0.3141200181911675,0.7058401232694418,0.9188766198591609,0.9856557513685797,1.0
0.4175206342334083,0.4491448528439688,0.6849171147298116,0.44482757248534643,0.9557383634635601,0.3834814066469566,0.9063385974415601,0.2699260866956052,1.0
0.020465509154617256,0.933053071526756,0.35205744688640994,0.14977523872181198,0.47536763086576267,0.041780922950231614,0.8733563898495771,0.956733045281484,0.0
0.8834500077464594,0.391464297148306,0.010516859608414142,0.9829438753380704,0.22076239459019725,0.07954041382706195,0.394048085336889,0.5628638154867877,1.0
0.39821735928503366,0.057383498710098346,0.5161257629631437,0.11326774645813636,0.9551058117808506,0.7572496142523926,0.8167948664527689,0.3657066605322291,1.0
0.3786214697898693,0.7471668090451861,0.6129588722870136,0.2784625771477005,0.12057008189740032,0.6200240150436261,0.8358923288470352,0.3327190560967641,0.0
0.7305638149084326,0.13789072019461873,0.5393185690491262,0.8419901022799774,0.4335244962537763,0.9799130025065637,0.5184066002750114,0.5635789442099578,1.0
0.6913746888151737,0.5644664097305143,0.3764998596513942,0.8760275417124833,0.44802675184180263,0.6511355942635564,0.6455610650443768,0.5638639955191934,1.0
0.06164669565752584,0.9821805628632576,0.38764921656824575,0.22450130055139134,0.27893433084044994,0.5040339012188988,0.7069627901162548,0.4940230908230148,0.0
0.5038002750523682,0.37704920208741594,0.9227854502271844,0.5287464966023842,0.24442789361881645,0.7165922409017687,0.5983299304137673,0.7842394964426931,0.0
0.9238886483595545,0.9647136652053621,0.054208521415499256,0.16728871179754645,0.7964900280243745,0.6417975307908304,0.7251777157381557,0.6309810765937869,1.0
0.27246473238635527,0.7829304525619372,0.21846998264346734,0.3774095350777479,0.9652592745502488,0.3573057519372277,0.044166006916954825,0.3403370940102552,0.0
0.11505216656797895,0.4629745943274061,0.9414274063418467,0.7872382814417086,0.3041830664004147,0.7441188081407072,0.16223342639276633,0.6135837784134478,0.0
0.43531918596384,0.5498360213583706,0.6751295903147257,0.9781812442052178,0.18269599682875093,0.47699628366403984,0.3558698279094962,0.9203848359371354,1.0
0.01620628290918824,0.3563136157224112,0.6960643491724738,0.7631439254766146,0.3929849381590517,0.8219037254623135,0.2849518729947081,0.0546873437218699,0.0
0.20195576877773608,0.8769281493747998,0.7977855165545027,0.05888785281021236,0.07730688998429763,0.6958788678228129,0.5256260677528231,0.8930782540857355,0.0
0.06871693163802606,0.8000973731030429,0.518194644679249,0.8808509227216474,0.5058274885097942,0.838342304043399,0.5235834826451102,0.566697005460983,0.0
0.2876422218119075,0.8419874519306579,0.009603665088430191,0.6349627475922224,0.25210607339828306,0.7289226339929069,0.8009558731613817,0.17526404752855512,1.0
0.945958099082522,0.8430386991717976,0.6671069031881154,0.1687220374818778,0.8882949282833916,0.178821607384281,0.7432009667069461,0.5350113020343662,0.0
0.5842122381325303,0.7029523057621622,0.08283353487994494,0.1717253097514163,0.35677878362221804,0.4726082056528208,0.6207675319804992,0.8808368839724484,1.0
0.9372733099453927,0.8944407072664013,0.9017660577111344,0.3267409548341913,0.4600250685750765,0.25005491730038226,0.7696162340097504,0.4775559600728131,0.0
0.5651896396941316,0.024577151725240054,0.5724469421249044,0.5244443972829684,0.9472148356718819,0.16864519285257967,0.7372598858285762,0.6787055003233915,1.0
0.33783344263269266,0.3018852898124054,0.6352984437488625,0.66522918487726,0.8925853480440515,0.266803102111159,0.2082895120630026,0.6420797410200503,1.0
0.9996092282616309,0.45135671951396267,0.8302943924762535,0.3326087562059713,0.06798152864180224,0.00790331583761883,0.5804191841326722,0.7620221639895182,0.0
0.10979571631404361,0.12579951865618744,0.4827798362829534,0.7779589367975795,0.36261794674360587,0.5846723957526376,0.7767248635359807,0.9375470918098592,1.0
0.3753655692162069,0.028949915502020973,0.007004430134251782,0.9598772268875239,0.5731602802119048,0.18348268009160312,0.07052543855993992,0.3447778933541371,1.0
0.00883626955981015,0.5046138073361129,0.2224127437595279,0.6313198772799442,0.032854214349052835,0.78865249393522,0.5178299095795658,0.8729612997006128,1.0
0.6822590691939225,0.3781843367346667,0.9893441183321809,0.9674977550400512,0.6412325524256394,0.9574719895237954,0.41273553064711027,0.6212284877944697,0.0
0.21746460504729587,0.5054237455514455,0.8235764963575689,0.44488911821156607,0.9866909427832593,0.4617128254977577,0.5285995249802075,0.875963506764551,0.0
0.9265590545499307,0.8415037720131437,0.8869246569418436,0.9323572676350391,0.08905022258708328,0.012586143224319335,0.27503395974832284,0.3770753735672421,1.0
0.8858742250887659,0.13134723705147444,0.6514417171240687,0.9315720290591329,0.8961763524374201,0.6063021183751696,0.24888120338347425,0.84217242436972,1.0
0.8862015925871689,0.6319479876844792,0.6466542112806319,0.4842566297613379,0.577150609388192,0.23258299144881922,0.1668861202550106,0.8105058910603908,0.0
0.14499515050415662,0.6565641629815495,0.045560500330840636,0.8477509944807808,0.2491359460760304,0.821996580801124,0.8427359473311389,0.33608966280597175,1.0
0.35359244709592663,0.1340523404320838,0.08083840914192081,0.6473217660970592,0.9529887271011781,0.18480653192207364,0.31440810033751404,0.10006051089196055,0.0
0.9203921300216689,0.2049191468756985,0.2030642690490732,0.5046837093503079,0.8621968647299901,0.6711644908449942,0.21704237676569854,0.7562019496842765,0.0
0.25132008158189073,0.4452701041743541,0.6116636324129401,0.5100095369347311,0.3651765440071831,0.5755197776565647,0.9754131422142589,0.15383352336753947,1.0
0.3583238890197652,0.6446749814306201,0.38045853932387524,0.3957302652435102,0.8546577189613205,0.9952630512158214,0.46417850743780986,0.19938172204330112,0.0
0.2043508042522757,0.12534424365150199,0.8370016762239911,0.040367364317538845,0.8329156121927521,0.6767066280671445,0.3483928497020709,0.26368996419355484,1.0
0.7028962207889504,0.18705112937402468,0.1313973361887686,0.22645484679226063,0.10954341124721462,0.34612119372701167,0.09409058710779611,0.38345652217399134,1.0
0.8493080183283352,0.6388689641551237,0.8758968116723345,0.6244638956057147,0.815791875637792,0.9583416460969982,0.024972707196133148,0.7747594567022065,0.0
0.0987161569920817,0.9374948565870462,0.9482949368908831,0.1875441530896883,0.19796983811028368,0.11215518833185117,0.4629667902829284,0.8229698012308883,1.0
0.5342483705906198,0.056923445308862286,0.7899318314352224,0.08804593645669057,0.09155734542681582,0.13636390166460444,0.27062794283095126,0.3242416968387643,1.0
0.7892764064068525,0.8048574524669002,0.458542242277245,0.4972135968303951,0.3227167776373876,0.15117857302037718,0.22126505271052954,0.7133692397964967,0.0
0.6696792965790362,0.9759678509480072,0.05479644676595957,0.046855398050963615,0.865682797619016,0.2421794580644066,0.42594858119088297,0.6893024077667314,1.0
0.9189876863129611,0.6038528742320718,0.823890091919051,0.7161699457893571,0.975446965158183,0.5363560487559508,0.8587174465602734,0.9295506524507744,0.0
0.5108161266429392,0.27740450241760317,0.5106423508948617,0.972259325039693,0.6607060698958996,0.1577047115329514,0.8882920121671737,0.9697712254872544,1.0
0.6899779385079683,0.09554855196001855,0.45656197385854663,0.22096029902733882,0.7713744891694098,0.6419007328673941,0.46251177132380517,0.1783387676448427,1.0
0.19326063334203492,0.7557875673554812,0.3863852831884656,0.9873369668303023,0.04539115520812381,0.43758635546509383,0.10010667111129623,0.48970981443326467,0.0
0.30416897468711734,0.5710770558918425,0.3925648667908668,0.8270724263208786,0.7371731838417007,0.9826063379340059,0.7795866494437268,0.03297510218506,1.0
0.8494844359834715,0.6021931778301512,0.9494002153250065,0.7568564459200091,0.7257678843109671,0.3467152025944312,0.074408933705571,0.6070792742693685,0.0
0.6845819458681659,0.41202414470683735,0.28759074240432814,0.8661974689320091,0.24918821649612,0.7020757678340617,0.6616184007666986,0.42140168563674796,1.0
0.9190303979557837,0.32375309069343555,0.878863234661277,0.47305292003963334,0.2911950610024989,0.5154015170970556,0.7313646401933414,0.5987186026818161,0.0
0.7670217834684189,0.8162310981233112,0.4656795923576072,0.4295228481876508,0.7513299770593882,0.8485102289441234,0.38468436184841037,0.18465323758276486,0.0
0.31993646842097445,0.5428117784289375,0.7101193732545966,0.9404139215371575,0.4841901879134869,0.279913480048306,0.5194308096170673,0.77920442346289,0.0
0.8526891356436883,0.45542658604272834,0.17945651925906553,0.801753787913958,0.2458514002369946,0.6333683884345758,0.08200175007291971,0.2227617637841478,1.0
0.01654187438850724,0.998690719345126,0.6567736375970833,0.5277859057634124,0.10000445757897208,0.06788813001020877,0.5832043001791741,0.577718155934735,0.0
0.437887986196446,0.7223841862682687,0.41890742457390007,0.4824312153556587,0.8980212064012957,0.6023393178157028,0.6604033501395892,0.007573863295393168,0.0
0.3740046330194426,0.16214851575039135,0.9231531688804957,0.7083862684056871,0.16654629434561408,0.12284867445024328,0.15597733238884953,0.4671707574029992,0.0
0.29678702330092555,0.5170713526100928,0.4294815909854276,0.1653311863071371,0.9029314419047447,0.10424391346519146,0.5156198174923955,0.735836617257773,1.0
0.6761650993350778,0.969831858844042,0.009061107623768105,0.5216066617942967,0.25854462169217124,0.9119699551959726,0.7826884453518896,0.16056140105218936,1.0
0.611137816941613,0.18578379242220638,0.8481778293774836,0.8408491187951894,0.2609848808473221,0.914154443366733,0.4924646860285845,0.575904496142639,0.0
0.12866285498415692,0.1889255881542487,0.6128800754327327,0.9539603481047497,0.13915898220736123,0.9529279145433747,0.05293303887661982,0.6744522347355858,1.0
0.9677171608483328,0.5035638874273484,0.5880375762830489,0.5032235900524067,0.32051664401615126,0.18345376228608784,0.5835901495895662,0.06354893880898566,0.0
0.2740559400487709,0.5202078390126346,0.10482873490456557,0.7746375898481386,0.5462871816479351,0.6518431519452929,0.5380924205175216,0.4151964020190301,1.0
0.07388424455041886,0.633933145984793,0.9861604070481,0.4664370197543211,0.11056493976165749,0.5085063449379514,0.862825951081295,0.9829469304474805,0.0
0.46073977626527274,0.743267371993393,0.12544644918027392,0.2323475847944917,0.14092264455424475,0.588394833635069,0.3299720821700904,0.6776094697045468,1.0
0.7431833809793648,0.20920749231341818,0.22071502971729173,0.10272963254283335,0.8554239980131935,0.8690957269564885,0.312636359848327,0.3288591946550379,1.0
0.399045328460492,0.9716869385715885,0.1596755904325231,0.40980380973350966,0.36242213166733084,0.2948034968789994,0.7359389974582274,0.48467557493682195,1.0
0.5188655469318715,0.5481919874784773,0.0639334328419982,0.580775184338735,0.6083499475438474,0.4508219554591511,0.5168115338139089,0.7641542144252633,1.0
0.36273433039816805,0.7624250256307881,0.8556372649160853,0.1870175657338864,0.3490647840117255,0.8598093971725285,0.26057585732738864,0.38203043214445265,0.0
0.1968417790964445,0.9371247963208469,0.7329659507384353,0.8477658503457304,0.49824801226471016,0.48589898824822836,0.9596983207633651,0.04188503930707527,0.0
0.006625345141908823,0.34971226088770924,0.8317037153380067,0.014357928190462832,0.7351585173455542,0.12993141439374484,0.1799883328472019,0.014504277436605206,0.0
0.5117130711422102,0.3524672719656252,0.09886643959730296,0.5873337834306702,0.8305117035327905,0.2878515503127368,0.9127738655777324,0.4155764704313443,1.0
0.04635778455504552,0.05200833352358425,0.2489224463849754,0.09540356885627083,0.7383382570123289,0.5576493697510204,0.6753031376307346,0.41918045248144664,0.0
0.7556721592247598,0.08665648691223726,0.12321307571449108,0.7029949158455043,0.5624464360860122,0.16707116220925666,0.28486436934872283,0.5823914971361512,1.0
0.8152275761222285,0.9151582419111037,0.8302683921674335,0.8973045890032112,0.015425876564331642,0.9507972824691244,0.24951622984291005,0.518863395411174,0.0
0.9711210930784855,0.7066481300276032,0.1499538627173082,0.047498710059940774,0.6761940341673428,0.38896517765614025,0.05748156173173874,0.11642512318884063,1.0
0.7695436274228908,0.19639528382879107,0.05755301011942632,0.3657882694376392,0.6671865406586922,0.04336344322453162,0.46416434018084085,0.95650133690731,0.0
0.5433992737428982,0.8407713500085214,0.5896376565125733,0.39345970545594905,0.6930874624754103,0.24093758423305733,0.5566590274594775,0.4418136931314303,0.0
0.20826276627127893,0.8658146608639234,0.1604898245934268,0.09211405590315036,0.4590412172162313,0.7209251363116373,0.40795866494437266,0.348716102231735,0.0
0.5910113480325054,0.9621442151934958,0.9003973271682533,0.3265053832614195,0.4982493389251185,0.5063603254075554,0.7994691445476895,0.1942241270095284,1.0
0.5253776133689034,0.9839586573130439,0.2487117908216787,0.5521519118304415,0.583166749008056,0.3152502424850848,0.3318621609233718,0.44565355097250836,0.0
0.8249432810606495,0.18520985390318007,0.20896554322339095,0.6648132206586719,0.9010571360798034,0.6145771208689986,0.30581690903787656,0.7197420535696426,1.0
0.8675729493636231,0.5804790820381666,0.28749390451943735,0.23990497552098328,0.14369828346063085,0.22770596375352053,0.20933705571065453,0.24987664446266994,1.0
0.7439726178576053,0.4751589745985748,0.560909968359216,0.6575343773999849,0.5808586252295785,0.5330586230243037,0.4472228009500396,0.2355932401165543,0.0
0.7617488852526513,0.20456554553095146,0.26529600820973015,0.23170957845156792,0.4157817399522721,0.861256348652165,0.5744722696779032,0.8300994178952211,1.0
0.033181640678887014,0.6271220726348131,0.603144286326013,0.3535311197210281,0.6788648669014679,0.2662467659811997,0.8615733988916205,0.9286496569382489,0.0
0.5376119787853127,0.5848154769078677,0.11453454406336011,0.8707112643269563,0.10615432456799956,0.39822683445007356,0.6909412892203841,0.23853543637854813,1.0
0.6487328171856794,0.9695717016985075,0.6406521195823183,0.6274931656389149,0.7243260697791535,0.12255551688056998,0.23331888828701197,0.3030037073339868,0.0
0.11124340224498769,0.4576939352060046,0.2584284776606939,0.8322958545504708,0.517301774381763,0.6320877806618941,0.5598666611108796,0.35612993672194326,1.0
0.5635018665783783,0.662792802885302,0.6520365405156445,0.9287724943660458,0.8467542722445132,0.19906990786627982,0.0024867702820950965,0.8592980069745888,0.0
0.8752862475938223,0.20290531819608093,0.38530308666115176,0.8013807995904025,0.9757865902227251,0.2405030212474239,0.25481561731738817,0.57933261320371,1.0
0.9120652166992442,0.27006700904762837,0.2848766285346491,0.2586071830759864,0.44339882967325417,0.8910459331484009,0.16847451977165712,0.4995424176351743,1.0
0.38748983940422305,0.7806654925969363,0.18129856154618001,0.7586951244908219,0.6262105112896148,0.550322022314995,0.5433901412558857,0.44906749881645364,0.0
0.3214056428181832,0.2360888930419644,0.6615879396771611,0.42919018292610134,0.1621913988891076,0.9517202645369014,0.7564081836743197,0.4938497262840645,1.0
0.7555766549302501,0.4801569119240638,0.4946142217444297,0.6411051171822668,0.47978859401060586,0.3238849930915628,0.4312029667902829,0.9934446533709401,1.0
0.6596550597114073,0.5195622245453488,0.2621833998109937,0.9283451229654429,0.6661355602831837,0.38308292459297527,0.2090662110921288,0.7016321271162143,1.0
0.49906273146526936,0.7617154337430188,0.9407577657350951,0.5322299316497571,0.7842547697421662,0.06424050700076189,0.2872711362973457,0.040866522640741976,0.0
0.07936751750381493,0.7815248075766255,0.6152418585869734,0.6398447562112769,0.297630425311407,0.6426380042575499,0.8486728613692238,0.11798540403939378,0.0
0.2530232415006484,0.06776721988110285,0.8989606774513117,0.1844435218480696,0.09382487339679724,0.2353097547982333,0.9856319013292221,0.900502923859628,0.0
0.8795247812421076,0.42902249403629555,0.7523465278710045,0.5157945699160776,0.5848818555839933,0.13510610977517334,0.13521480061669233,0.5289618798050316,0.0
0.4975229900060062,0.8884252369421022,0.8784785362144505,0.00740273056103441,0.84689330625531,0.5349743613144496,0.6392241343389308,0.06801224220359664,0.0
0.7415070153210112,0.04165222086598347,0.32815918344172984,0.5683753122052868,0.22580078548909455,0.7381715563403748,0.22371098795783156,0.8263637454741855,1.0
0.6509286200902834,0.8692431603890038,0.7411332314191976,0.08931690875978732,0.4489418821914944,0.027956885409083476,0.5671144631026293,0.1654172751095197,0.0
0.6588554765345949,0.08050430135329495,0.805502832707115,0.7403491924113058,0.31396081894216343,0.030294982840333384,0.857534897287387,0.061702773165836444,1.0
0.8210742959741757,0.16901188599595318,0.18461200906508723,0.43719298431777753,0.6524571608087534,0.5567998760513878,0.4022167590316263,0.850416408286825,1.0
0.3693912450152065,0.6316307552468121,0.31932252746348944,0.07950965034334295,0.6352445380064327,0.3435029384735219,0.0981874244760198,0.2335337027331586,0.0
0.8242681187564067,0.8400864465029304,0.08667998872966204,0.8086108307213982,0.48149520995992956,0.9991141600677473,0.18008583690987123,0.6450302721156476,0.0
0.9319852902163278,0.028594190425473676,0.036954132802148765,0.22502072525802114,0.01036413644224704,0.9005153206003018,0.2958631609650402,0.4309925786641595,0.0
0.26614765388394745,0.6225510054011808,0.8358902956765731,0.36565589306960633,0.4388459964838192,0.3936063527908601,0.05044376849035376,0.8428200409407027,0.0
0.869788383706543,0.8107529319444835,0.46648984687940576,0.04680579007336416,0.03177802742578528,0.7055230886126458,0.5914296429017876,0.8186231855067245,0.0
0.0014413189779767244,0.2306869157414717,0.9414451820631828,0.08335280954913776,0.22021421850945982,0.8719524877802375,0.3178324096837368,0.6569240796676735,0.0
0.008750315694751376,0.05711245743908733,0.9647634794356129,0.9180356832570422,0.41301644899707124,0.39702104155037643,0.43155964831867993,0.9941331106265795,0.0
0.776987656600514,0.2939329760862489,0.08547972957556355,0.640706661661655,0.7822459405518164,0.3101591169085858,0.7754048085336889,0.7594550352396765,0.0
0.8394113858097597,0.3215895389218981,0.5445196920502199,0.24083797689647718,0.8252085112163832,0.17998680923586957,0.3243685153548064,0.5040507291312436,0.0
0.5820291691338609,0.01346472508026375,0.9528625013464445,0.9392766520186069,0.3733944092407735,0.6527605626927412,0.9526838618275761,0.1650072012962333,1.0
0.6480146779489073,0.9031052675450775,0.4142098585742386,0.5435166750451976,0.46225836870652204,0.775639216152372,0.8423942664277678,0.6073851626626126,0.0
0.9397460753040751,0.44929484140236375,0.2030682486881783,0.5697035857017605,0.5465151019060926,0.4845459533112745,0.2236893203883495,0.45358914604628836,1.0
0.48796592831235425,0.28150728678927317,0.4095714565426063,0.6032621887729454,0.5114732245436421,0.6992216600199932,0.6985057710737947,0.37207447340521294,1.0
0.34069777559886505,0.43788031390879734,0.5128046214752999,0.3092229719423115,0.062496318517366756,0.8414182034667408,0.20982040918371597,0.3779438632287145,0.0
0.6859399638781535,0.23351439916707234,0.42554042172500905,0.9408826771329772,0.3647082328830294,0.704232134102211,0.8972873869744573,0.14587709120975106,1.0
0.7406039691584798,0.8632961804152639,0.8658304472106179,0.4697336953566137,0.5131692272096988,0.1969077049768339,0.6695812325513564,0.25149526914844667,0.0
0.46012775291128927,0.4595163625571217,0.86501807021463,0.8188571330037631,0.6723785588328784,0.28184248338685336,0.936489020375849,0.9807873750608442,0.0
0.7574716193071482,0.32712982425588416,0.5882957222063332,0.8406215057214976,0.43119859522582676,0.8975240521857617,0.028028667861160816,0.1337682449507578,1.0
0.9172672825632504,0.6906675791634301,0.7747073240747471,0.2613396010934978,0.3642070205807482,0.285989137517165,0.6162065086045252,0.2160455548665426,0.0
0.8501036221595432,0.005387907577315776,0.31489690346934324,0.7120938678438171,0.47391493771860044,0.6303580183503374,0.4914446435268136,0.438783981116601,1.0
0.2108628706893076,0.5601395716539145,0.7110344249394962,0.3167129807099247,0.9351515125785981,0.47798744808060056,0.012498020750864536,0.11168593680195771,0.0
0.7443785111092718,0.29443019479399,0.43413060538800685,0.28773024932651203,0.869588751193331,0.8722254824763405,0.9067386141089212,0.9975337227367593,1.0
0.8961194482823023,0.30491558962493304,0.5257583467624044,0.977316685921813,0.6525617016489327,0.3133345041949389,0.1379899162465102,0.17562494582358157,1.0
0.9343959777835789,0.5403649739285374,0.6175463349381007,0.3637309974254256,0.09415813049137906,0.8374357706356399,0.28744031001291714,0.8784672907790069,0.0
0.28689383954854064,0.2613007751090137,0.06434811123674977,0.5503731872860325,0.6917727420107184,0.14713671277243756,0.30148422850952117,0.9065781840731332,1.0
0.7125463991697494,0.3548208977332879,0.6267504442603787,0.024698671328578614,0.5146489842291917,0.05760559509129537,0.794369765406892,0.4924669773892634,1.0
0.40178789345116445,0.0558785692631234,0.2444610056388833,0.12306969920852728,0.6790803165517867,0.8871852734616259,0.2930830451268802,0.708502530455482,1.0
0.5548481163369646,0.2350081790220958,0.5140876571227846,0.8675968383535988,0.7654663397067868,0.37172777786031586,0.39697154048085337,0.6909952124715782,1.0
0.7471006487925074,0.04104244437282745,0.0863849648173372,0.8511577626536819,0.5003568716498508,0.9198634548977742,0.427031959664986,0.8938817320451015,1.0
0.7471847456296173,0.4538927207499746,0.42106677675232795,0.7665154109702604,0.051992086735996146,0.34908142192829233,0.837874911454644,0.6473048482060104,1.0
0.8659063994244274,0.5745084755481484,0.019435230842945905,0.8433608211048784,0.4665620550712655,0.08488755483771004,0.24843118463269298,0.277728324431731,0.0
0.21660984161143343,0.13891993371833045,0.8235183936266346,0.47017963658840367,0.007207480666577837,0.8637406269167995,0.323860994208092,0.9787003327265575,0.0
0.2652066712933192,0.8120640708646827,0.48466061372402425,0.38389226314511926,0.9087183346060429,0.33975874591171207,0.17620900870869616,0.48519483507031264,0.0
0.8758794353786109,0.17074750580973375,0.33225449739015267,0.3854274576176764,0.7086332691406584,0.44605237465590464,0.3674669777907412,0.8257478012708954,1.0
0.010278649696614739,0.7445859439748932,0.27063243894039724,0.9016159732382204,0.4696682977514167,0.2796800151964395,0.5959731655485645,0.17590833016609653,0.0
0.9352703726577571,0.23590306650943965,0.5423107270376151,0.12293228245774368,0.37185150318584226,0.7310556537758696,0.644562690112088,0.7774749454901883,1.0
0.9800459694004241,0.6898998501176281,0.8814107343070892,0.27839837858845407,0.044227408697904036,0.885752382933295,0.21393224717696568,0.4733518700032673,0.0
0.7281613513220978,0.7681800733430777,0.5059161314936435,0.5564625002155427,0.022068730561108307,0.565577093277698,0.893688070336264,0.6599446233655392,0.0
0.509509574836104,0.32326171224814526,0.6265657890059021,0.9246728062065681,0.9499708400042242,0.4778932662369499,0.4319488312013,0.5292944396658065,1.0
0.26959588949516433,0.5695891162992699,0.40531828357634775,0.13080217691478174,0.6249698184757096,0.7063699293025981,0.820702529272053,0.038786148173337864,0.0
0.09357218957390234,0.4926906460763789,0.9846046334672791,0.3232118910587589,0.15152504920583448,0.7346772772904494,0.5034834784782699,0.7702903189240731,0.0
0.4193978241999393,0.9951945258689116,0.9430306702826552,0.7273407603815304,0.7040098576174983,0.7631040107139143,0.19529480395016457,0.25178532135784437,0.0
0.023958313436605372,0.6281571264209757,0.986539003381632,0.8286521883882845,0.28319927872126915,0.1645484153042578,0.8934697279053294,0.9945173464556953,0.0
0.4404926005394932,0.48977874431171703,0.08530780916622316,0.7490847062849594,0.1208632738476495,0.5449894728575886,0.9352198008250343,0.6499269868576344,1.0
0.921137328808552,0.7283656768837633,0.8703027656369307,0.625582064726473,0.6074178359409286,0.7899047145043223,0.5627742822617608,0.2228684496542711,0.0
0.5160065197598386,0.5029833122464463,0.8410553366164472,0.15799716412149445,0.6518991674409942,0.18130482444504342,0.47120713363056793,0.32230968240950036,0.0
0.7665922794328318,0.5992406596948091,0.3666091299288493,0.672264498064095,0.1261072971098437,0.6545853027508527,0.6156331513813076,0.5914014522614071,0.0
0.9861524078754964,0.30867273664610717,0.6241339642034116,0.06120775529207029,0.06260828865583296,0.7230539112791116,0.18253343889328716,0.7876067692184594,1.0
0.028618127139561578,0.9402347360758851,0.9568997125639329,0.7789346487848035,0.7595276770547714,0.5900160878507014,0.5746931122130089,0.5280125422576064,1.0
0.962802669026684,0.9159849045143635,0.7110002000431923,0.739887068898053,0.5477552640558343,0.32087382710442036,0.8286078586607775,0.9042936061824463,0.0
0.5033232841592333,0.36004740169378224,0.4001736714505466,0.6833387495340961,0.2298871648789475,0.4002945901949007,0.4420534188924538,0.3492737025998013,1.0
0.1459231338991433,0.2513747181409701,0.3722511969427882,0.48132975908296866,0.3894008323998066,0.5971500308810327,0.4568048668694529,0.27308748908136793,1.0
0.004821375134501926,0.03401528131216891,0.0776483304352717,0.04323295455299103,0.9905738124664687,0.7031406859197348,0.5528030334597275,0.6466663999519914,0.0
0.3185413098520108,0.09721913248741554,0.50966070658227,0.47801424836618644,0.6675917027474075,0.8516052300371635,0.39684070169590396,0.49256366145906266,1.0
0.6620469117094632,0.7123538009755361,0.9663773557473683,0.040212173585476296,0.22316046594436195,0.3742682999301728,0.08777615733988914,0.2569504177418602,0.0
0.8623170296891017,0.25348597301692555,0.828163163080835,0.5175717027606707,0.44737297359255923,0.6657642896407401,0.47075544814367265,0.7318700699459236,1.0
0.46762537060972065,0.457893035062281,0.6022952966502582,0.08913412856424702,0.3799608475980283,0.9837083981552033,0.29650568773698904,0.2305481653364272,1.0
0.731689969714527,0.0657045453700788,0.2599065156243284,0.6679639904444954,0.8527945570838094,0.6915998285094543,0.6176065669402891,0.7447665579804364,1.0
0.2007014790431743,0.8010586272091456,0.6626995855338527,0.10783103045319675,0.5882393677454892,0.5485813826637491,0.29669236218175754,0.3639530115420776,0.0
0.49455360231587303,0.9853324463213513,0.3213630210873117,0.3699991113009361,0.4316960928789645,0.2577597880139145,0.2448527021959248,0.1402819174118008,0.0
0.5867377961428999,0.1404269868971057,0.13679160434109644,0.8722056051709022,0.21563485211185762,0.9255403650116839,0.8246201925080212,0.8780022070639382,1.0
0.4871154095118033,0.9868057852577972,0.06257186564950629,0.7020160204586483,0.11289747409164885,0.701726897061102,0.7967223634318097,0.02826592119914917,0.0
0.920951360723965,0.6042635508689513,0.7206078447707277,0.18271148716493063,0.9862640234638467,0.28826939933738427,0.9381382557606567,0.7057687050335727,0.0
0.8097289163658281,0.5095634297631455,0.3462811333799924,0.08452350476382492,0.89331129661951,0.46380870314519607,0.7480920038334931,0.734049628933208,1.0
0.8350558594007,0.1304473057011049,0.5381607593788155,0.3865087523593634,0.8822466834816451,0.5546904680545799,0.9525280220009167,0.5451356244123943,1.0
0.5443028504848435,0.02456308200206314,0.33924672329781547,0.8822317223120502,0.7089949167679793,0.5226222135439328,0.06846201925080209,0.665583138298227,1.0
0.0814073300607196,0.06297873560441669,0.48245111809287206,0.2559365760679974,0.5608708941850351,0.6935619944690055,0.5896370682111755,0.6854733852093378,1.0
0.32079229301566486,0.9261320950561116,0.12169550666907919,0.1996821906034002,0.18515111458047545,0.7292813209016837,0.8295470644610192,0.6812592933394678,1.0
0.40635671278462937,0.8388023851631848,0.5218683821918048,0.6140759320397235,0.24257269170375562,0.5457872328684553,0.3426184424351014,0.21855767371460194,0.0
0.667410273715308,0.845442232636767,0.031758050677254956,0.914963702612112,0.7836728964870563,0.2869887915647027,0.4169940414183924,0.2020105285618078,1.0
0.14127101359768923,0.07187849917997402,0.9421341902469127,0.6623487387768583,0.48401427274333736,0.322734382793216,0.09770073753073039,0.06368896401352242,1.0
0.25745251844824624,0.5018176489545664,0.264424467245713,0.5855144705409524,0.25669552241498894,0.8393236523241426,0.01081795074794778,0.8858527868349637,0.0
0.34162522841443776,0.025579287668498152,0.4030997674298907,0.853255092444599,0.7485930766369264,0.8639600308173605,0.008957039876661521,0.5984810599241197,1.0
0.4183772546972196,0.8417936614038822,0.7581260250887061,0.6301223884516872,0.9090765329163021,0.3585526664869695,0.996836534855619,0.2021247157821741,1.0
0.593229700562202,0.2386280798756767,0.3059734913586116,0.7653988335493181,0.2870927616877455,0.5875381768092995,0.9366698612442186,0.030537163356070707,1.0
0.15497985920544677,0.44753506413935495,0.6509248946589529,0.249324920315528,0.45077585754002136,0.8421629032840015,0.7250518771615484,0.5072888119861575,0.0
0.6499499663612651,0.4226858092772038,0.3376561942021434,0.15494746727398861,0.4001064512311674,0.4796073757913928,0.23629817909079542,0.3616534309509045,1.0
0.6900601783171294,0.47627021726307245,0.22312775225207776,0.6433342927746113,0.9403403467678042,0.6600056668286771,0.7027651152131339,0.9549310542564329,1.0
0.5121003941143887,0.8620583102421744,0.07726097889570854,0.5337985518184507,0.1450416597901435,0.7992894709474216,0.2680153339722488,0.4228827855680689,0.0
0.412086439875802,0.12370658096700937,0.3364837925217805,0.45582462651427025,0.7620817636729602,0.5047242143377133,0.3052960540022501,0.9715507124615765,1.0
0.45291983157287086,0.33139560504322585,0.2246662807301099,0.49608773449385934,0.40038531524900617,0.16467947398246469,0.09702154256427348,0.6425456582184793,1.0
0.3965805217930189,0.5485033796536937,0.2938003059546544,0.2084487426234662,0.5083778604788395,0.6871653228288299,0.10061752573023874,0.08007024597760931,1.0
0.6923960541870144,0.7299998885040804,0.31339100803197295,0.4058364979420648,0.6921394309475911,0.31201781549060514,0.011806325263552575,0.4856115767504818,1.0
0.7458118713960393,0.383101572251745,0.5669128559853507,0.5300148160724542,0.5615973734246571,0.8986141738633977,0.3502537605733572,0.5396721409853774,0.0
0.7117009208736309,0.14918897337211967,0.28125648349537535,0.42773775684397763,0.7505631673433519,0.9660043339566138,0.7923680153339723,0.8446203649990331,1.0
0.26040174412064954,0.06134505491704967,0.047851976527557905,0.3510772491713213,0.44244204218673966,0.8143874837370507,0.9794649777074045,0.24843638521600553,1.0
0.6711219420055478,0.21773985028752674,0.5105646152776754,0.6669407927460934,0.6568606120362062,0.5465263613653873,0.7606341930913788,0.5170672387696452,1.0
0.9990714860255994,0.4136002191691217,0.7548258430334825,0.17423462451138133,0.5274170293314003,0.5903453263520269,0.11017042376765696,0.6271303834690244,0.0
0.36867602396521104,0.6113838926623473,0.29740745083951814,0.8226175238191245,0.8677428359011288,0.8560320419897149,0.7854243926830284,0.1481249958325832,0.0
0.15716319349382302,0.1400914372726611,0.49762548200062295,0.2396638329988553,0.08992953310574914,0.7835109611747952,0.12104421017542394,0.3689164049528915,1.0
0.27813503458316624,0.07271578044223526,0.003317427158012365,0.0024204448535702916,0.12011450671316698,0.9621097157459308,0.34631692987207796,0.37024831136271197,0.0
0.5945142333233585,0.824456576852279,0.6034008403936553,0.6677684766504268,0.5691702163676993,0.14403375265035667,0.1602658444101837,0.540531462329886,0.0
0.7031638981032847,0.6829849793759095,0.7524040999833916,0.47960090779946174,0.3318834703950423,0.17493547880457505,0.4403233468061169,0.281437325385236,0.0
0.49072149249866825,0.5866559559792872,0.021490581786093865,0.38214112806418793,0.48324374837815764,0.3785001156712221,0.19837493228884528,0.019959426030018712,1.0
0.6074993686104975,0.040579205373890925,0.3075722450417676,0.6289055339423354,0.45806134583861124,0.2527835377565726,0.6195258135755657,0.008614050529095252,1.0
0.20004860107431727,0.8299047453194277,0.09734038065513351,0.9439400671962606,0.7430492281224412,0.7143247135280147,0.49220300845868575,0.185930134090803,1.0
0.43769830405596133,0.5310242705379465,0.7543188370114926,0.6567173048277581,0.8480652780600616,0.22845703079401397,0.8332263844326847,0.5183591379781695,1.0
0.8833091389120575,0.02373057913635257,0.355821124242741,0.39534560445463723,0.39050328719915983,0.12129905149597908,0.1160090003750156,0.7546725077180559,1.0
0.04117030962492285,0.8789640117718454,0.9888816842681682,0.1939616214646026,0.04837242647780676,0.5271856554950198,0.7557181549231218,0.8903894367652845,0.0
0.4476100580878343,0.1008300074808452,0.149122118144342,0.07197666568069705,0.04234355091802244,0.2319120453006709,0.8928905371057128,0.25890576970521356,1.0
0.15192239533259905,0.06493708179075186,0.3726685284302764,0.4952528879403537,0.3712895298368579,0.2864032723282601,0.577189049543731,0.47638741640161897,1.0
0.9164133149965088,0.3400872429023556,0.19086030776936985,0.43226428583745297,0.8208414104841196,0.803829301112354,0.5554998124921872,0.9606029085235344,1.0
0.8829138572486699,0.3835810047056587,0.6203039595286621,0.7032572810318459,0.9718819633088185,0.6362219656467083,0.034141422559273216,0.8562157855080581,1.0
0.15169424618460348,0.23259747796230057,0.027739676418197468,0.3918332535272731,0.36413644224702313,0.09618592716321106,0.11009375390641268,0.33938275556266795,1.0
0.4521258194799049,0.9894235501681199,0.02494782693133213,0.4755436649684114,0.15161154746446004,0.18513577042339913,0.8486903620984207,0.41624742453641655,1.0
0.14752442257042386,0.15880576189674733,0.785620821047303,0.648555598737782,0.6860935741345796,0.7271265464393427,0.6200816700695863,0.34518880065078383,1.0
0.5119467913740522,0.2809901580959045,0.7278881965495998,0.5240942233234427,0.06106883191796353,0.859805682958976,0.19862744281011707,0.26041520807078605,1.0
0.8793695867635293,0.8241295221550355,0.11099505304328305,0.3941574005419738,0.42217252847145903,0.240969685650189,0.09606400266677773,0.5523435885125989,1.0
0.14080887892814475,0.3042638694287214,0.5827284724075702,0.2903496566570855,0.8897908705598667,0.3153258532609734,0.6019442476769865,0.5294661372380361,1.0
0.7730337788078092,0.8492760994692263,0.417987066703527,0.01574403344691888,0.0270190312088901,0.7413228012386373,0.1793733072211342,0.6722401698972482,0.0
0.43235749167520904,0.77967662997743,0.5774429810574485,0.47422441110422847,0.9778747537054951,0.32535529105638605,0.13681570065419385,0.4337797470211305,0.0
0.5463020737165815,0.6191248950743757,0.2979714983553478,0.3016944970958111,0.542820087336708,0.3988839849478843,0.7349047876994874,0.10519143445820245,1.0
0.1291751294083191,0.8008146635185882,0.5619287559701219,0.779192238871697,0.08985152547373715,0.4735460445748075,0.37837743239301636,0.194898415048042,0.0
0.28183423425717824,0.2369598885465551,0.29004166947452314,0.04971992715320511,0.004837799845152202,0.04860711685764796,0.5811667152798033,0.33464023524234365,1.0
0.6553560400099325,0.27041901759352516,0.1962962294776644,0.7754098295422138,0.5221971512886383,0.8846397106733763,0.5165523563481812,0.4090211238022844,1.0
0.38172217588495344,0.8563069790605353,0.490145087029401,0.5428017365444993,0.4513768347050118,0.9414119954240889,0.5337797408225342,0.9267834876944516,0.0
0.7277480299586361,0.8218812865779619,0.35279368012085366,0.5191127334658866,0.34566932936255024,0.8074472104133814,0.3540847535313971,0.9286046488367906,0.0
0.33830194425520443,0.17837170297274663,0.3698392703358232,0.951198483640642,0.723708111360936,0.7388865424492161,0.23675819825826072,0.0964531949084168,1.0
0.9078887608423903,0.08548445242495661,0.44062856011881607,0.47804342952948026,0.1590713589407094,0.5292534112398469,0.5007641985082711,0.059172317683849784,1.0
0.903762444740154,0.7429756243373292,0.22391227177433004,0.8256810153983694,0.35055939962779215,0.9732847231212978,0.13514646443601813,0.38562857981103266,1.0
0.874187682917253,0.7415646700225168,0.5291996733512222,0.8059595893945042,0.9238754297716394,0.014324660467821104,0.48893037209883744,0.1872703753342268,0.0
0.03860389699967959,0.7506773377110525,0.5650135068951228,0.6153805953222595,0.16517426215128062,0.0694475691002901,0.7895603983499313,0.6521190480953238,0.0
0.24570389848530194,0.06351232321923755,0.44161683716324956,0.08659510207438281,0.7086521077184572,0.7628912393375542,0.6225276053168882,0.46230904896214653,1.0
0.1328013744129139,0.7375569226489094,0.22413407032712102,0.5554446081831941,0.919799928997135,0.5347966096658694,0.6525888578690778,0.6697122148653425,1.0
0.47626293817900905,0.6111717849487941,0.7353823876030527,0.45061127905017967,0.14998851112086353,0.917698068396712,0.039423309304554344,0.6262277209897782,0.0
0.7557039939895964,0.6222125356455108,0.1510204059974753,0.9725307098583255,0.22377258705678266,0.659775650889395,0.8382115921496729,0.30501990358264486,1.0
0.3658350364932521,0.8709463932928302,0.3412628084684598,0.7585654009558157,0.44644616863127384,0.09241016378620565,0.6607158631609651,0.259441699505911,0.0
0.20051232748210357,0.6202725066459531,0.5740433080245974,0.3493086053924137,0.7160110930036706,0.4105076162601902,0.06439934997291547,0.38488261220353,0.0
0.4256934142360824,0.7928814633786343,0.3367947349905258,0.6790393030477072,0.9773438242100666,0.4070563159670857,0.06493020542522598,0.3014025857987771,0.0
0.15680558296882535,0.1266821946856797,0.30653117145187314,0.1347397769763275,0.8026141578014796,0.5438393931611778,0.6112896370682112,0.591043887899822,1.0
0.5959542258528003,0.025147108247140726,0.14329406932955818,0.13783059273574733,0.7405121227574796,0.08416195669014759,0.05400058335763985,0.6193281457328986,1.0
0.14782552638783658,0.21676771205594753,0.18569765461295884,0.6777120906844442,0.6722474847845318,0.07847549574138885,0.4975882328430351,0.6811917811872804,1.0
0.6723372341531847,0.6430893501752344,0.7524356717869588,0.012978455016573576,0.5529714274494529,0.967007967518672,0.6573740572523855,0.09800514092536655,0.0
0.8768111328294952,0.8280087837547259,0.2558735493552189,0.8997910893991465,0.8013734649875746,0.697742872424193,0.8472461352556356,0.14489774826135365,1.0
0.6369974617080837,0.7559887909435581,0.768514740317936,0.20087967943165708,0.3069759518921096,0.6710326362638832,0.003008458685778481,0.6366796023284191,0.0
0.6902156380854149,0.08937141255242292,0.7160524845417552,0.6393372692532673,0.7682945143653442,0.8942619114828627,0.21112129672069663,0.23418131930414143,1.0
0.6876688568984874,0.2878806059219199,0.4433485107925159,0.1815309764680446,0.14434463241158735,0.08391336968310331,0.8791207966998624,0.8385851119868244,1.0
0.07202748189132463,0.4332580116454833,0.8868453294690153,0.6006456995587013,0.5399099250649135,0.5002772395115915,0.5791499645818575,0.4333380008401512,0.0
0.21925477998994025,0.5861372344870682,0.31220640212502115,0.5007508843882102,0.768678184555444,0.33868666469990216,0.16123671819659147,0.8583803417948564,1.0
0.5263353092110709,0.07679015990107652,0.4278740820962404,0.15506631419358524,0.39834252355220223,0.8392719186353768,0.1427617817409058,0.3719886246190981,1.0
0.6199427823160004,0.15172046167805603,0.793824979717106,0.5106631949925123,0.34716421031069855,0.9260497428703018,0.38591357973248885,0.853674494742387,1.0
0.7227762355602813,0.27068395313561033,0.6447890870867078,0.14413929495656652,0.764531044118888,0.6571367021603989,0.4883228467852827,0.9641610489888179,0.0
0.9095656570801578,0.26674655437788725,0.5243503504470196,0.3217406298621456,0.4263244448854853,0.0027371100871672605,0.7682728447018625,0.8899851973355204,1.0
0.2338942618897541,0.6037172208633288,0.5475219317911082,0.6874103176634907,0.6561871992129189,0.22813628192366547,0.44216425684403515,0.21215985544064597,0.0
0.3050404513745191,0.21485794623454385,0.11558649533347515,0.5463008233067298,0.25458321371278647,0.35023680764406373,0.2543680986707779,0.0611818460656251,1.0
0.6881272775121344,0.9938470180416326,0.31495102656117263,0.6235131202489419,0.8386722570367395,0.40372280930378657,0.05118963290137085,0.38017343121761915,0.0
0.3279405241700147,0.05299931987489093,0.8920005539657634,0.22727165408118466,0.8349353199984504,0.6121464333999063,0.45929747072794697,0.1649221859934788,1.0
0.11317550718086183,0.9240309279062074,0.83433797111631,0.27819862026154285,0.686604338391801,0.30764751264424417,0.573328055335639,0.5967240770005268,1.0
0.18357782432727843,0.036131049118199976,0.6070796187824108,0.48241901232373585,0.6936335158994943,0.4137360637401494,0.3166373598899954,0.5700309389023358,1.0
0.7385535450132963,0.40704240083632554,0.623509691482458,0.5701720760142776,0.4199952134092466,0.6563524724989017,0.31234884786866113,0.49391473798617086,0.0
0.9862460551420573,0.8823325158735678,0.5610678273770517,0.30946676729746614,0.16025367869664636,0.3964625830126729,0.04440851702154247,0.4140228574476739,0.0
0.7805207849179618,0.6660168932246053,0.7940802072383799,0.7987425571453395,0.6382932036248607,0.5708125425808054,0.8759148297845744,0.9575373567242104,0.0
0.6987964336574113,0.287241893582985,0.7159373403169809,0.7030524823221839,0.5302149561326469,0.6038722268089812,0.41659069127880327,0.4230761537076674,0.0
0.9660447745355838,0.39985144496057023,0.8600244190655488,0.9078448251849356,0.14824607534051393,0.6383759442061452,0.23098212425517728,0.021623058817253737,0.0
0.3233860304807262,0.5149608941335625,0.9898328180142875,0.17617304960399838,0.10247894457265877,0.6444484180633878,0.27279803325138546,0.8003582311482733,0.0
0.679014045498246,0.8436259110145756,0.5276951044602203,0.521868496414033,0.6569810728012859,0.5703978771677742,0.9065027709487896,0.03087805805044902,0.0
0.11221064851660612,0.7134828298938611,0.9275888746270415,0.24338841056835625,0.6835567341016997,0.10159010788198564,0.9207425309387891,0.34125392570662716,0.0
0.11027933944985285,0.2528010695113346,0.3219567832417928,0.34448522438324947,0.6596898480230903,0.08392053280924011,0.9958164923538481,0.06686786954985224,1.0
0.9977238143141837,0.7639554398593664,0.5559362154056605,0.08031664215006812,0.19573123133720471,0.5013639122766431,0.8390899620817533,0.06138354903882692,0.0
0.015540671034396436,0.17130870193795827,0.754595554583934,0.3070189982637208,0.023096892377592992,0.843740648140877,0.23778907454477266,0.41760516893040744,1.0
0.5918257874329083,0.6459975354092458,0.592932797691597,0.7637970529677907,0.3665257576424926,0.24301091129821317,0.3973390557939914,0.87105679022224,0.0
0.6604076866100856,0.1641448236426566,0.44653938542698607,0.8016654485741685,0.7594066856255284,0.5566494504025147,0.8735055627317805,0.4648470057943763,1.0
0.20350744827381295,0.9531979949848073,0.6618062892093943,0.09559351170098329,0.9330928009568936,0.8882093351982223,0.5010000416684028,0.027010695258479822,0.0
0.5778598760990953,0.9492775860814864,0.8221220709192913,0.007479397435506352,0.13524427267435102,0.17943259551365454,0.010655443976832324,0.1430457482346822,0.0
0.8466782014631258,0.4439287020760009,0.08757726469322552,0.8857427468229009,0.7166046408703741,0.383168351504681,0.6440493353889746,0.15498956478832854,1.0
0.6218480929914705,0.17280248179298174,0.8409900705351234,0.06082495148631606,0.6324495298580844,0.38242922300774895,0.22650277094878946,0.748908136797957,1.0
0.8627125766421964,0.9024254079025121,0.9953828227102616,0.4383209689207347,0.6066351062999918,0.6390365436165404,0.32890287095295634,0.7099386222853448,1.0
0.3045830919197,0.532570878221502,0.7290316795191323,0.7387354740811581,0.1947675452165667,0.30910719857034613,0.09995999833326386,0.03091889873510556,0.0
0.6677763735109289,0.9960928644204308,0.027938923682726158,0.7363160903607986,0.5387299932977117,0.6742181049870215,0.5296362348431185,0.2957057270308655,1.0
0.3291807535501069,0.8944590244531788,0.2102268235104343,0.8617781143928129,0.9780233396712323,0.8248493621103525,0.7817884078503271,0.03819437498749778,1.0
0.932245804708574,0.4065077513556045,0.6465669245295934,0.017128547003558814,0.2925328653582965,0.9926386940400669,0.3650652110504604,0.46072042967734195,1.0
0.13601191044668426,0.6928714818391729,0.7864395654658591,0.4044877976312854,0.026937839591897994,0.37678361840806684,0.35524480186674445,0.4179018890066879,0.0
0.5483206630969284,0.542438798031513,0.4460931352286674,0.30393322288705166,0.163586249642465,0.39114409450657206,0.6711637984916038,0.853174404726184,0.0
0.8228774701124617,0.4703282811523581,0.4351915771734268,0.11691910583610005,0.3153768962620547,0.823078212847783,0.020335847326971912,0.8444511678768846,1.0
0.1769983743046757,0.4709038124702345,0.10255636097555282,0.5913143593872486,0.7224676838791125,0.8947466163514538,0.35715654818950787,0.5518001573616584,1.0
0.8431758467516868,0.5865741923049763,0.648044166565407,0.8426766554672899,0.9713077846840771,0.9871949834770557,0.8844018500770865,0.5880650183699733,0.0
0.514806349125499,0.3355586503047289,0.13845933843540753,0.8952271554599947,0.10445142326781925,0.7861162166808515,0.9004866869452894,0.9206157108279491,1.0
0.03389129064503604,0.5546085776465547,0.8230724087375896,0.976721655473922,0.65291167466466,0.19139554676407106,0.0406866952789699,0.8646414687977169,0.0
0.26765449941954617,0.9456404299070282,0.7408947183821653,0.07841111218698232,0.17397108198708255,0.8789434335888006,0.7956148172840535,0.4150297053469625,0.0
0.3829096126133583,0.8080165035198199,0.5103868580643142,0.6794759593639037,0.31535115905013233,0.39412422028045496,0.7495762323430143,0.6727644309309009,0.0
0.6016396495629087,0.5694593031929777,0.2263833623493242,0.352915131892226,0.3251607514416819,0.2163128789824328,0.7579682486770283,0.7066371946950452,1.0
0.9891101228185227,0.010885187342346059,0.631491255671649,0.6890062620123596,0.4778718350525968,0.11878850843550953,0.9306687778657444,0.1619658205143592,1.0
0.0025011513573282573,0.041092617536609144,0.932836426751028,0.42676310598996436,0.3706256689685109,0.134452142888979,0.1467027792824701,0.6075251878671495,1.0
0.5264016316378138,0.19433898051316784,0.5248215397170636,0.238582803540471,0.922974627354358,0.8782029785870283,0.3543539314138089,0.44935004967560827,1.0
0.10899931661371492,0.7433645327232559,0.7589394633217889,0.30027735369294256,0.7274333737876314,0.32953563840963745,0.3851893828909538,0.6787555093250118,0.0
0.3593768238667355,0.34119609636857784,0.8124950586147779,0.23770842977486734,0.23193579388154834,0.8222215560220136,0.6264944372682195,0.12125765971208152,0.0
0.3262426700453964,0.5216100329337708,0.6522641758724563,0.7539643273542898,0.12434841074043035,0.10072496142523923,0.38233093045543565,0.6414487941162743,0.0
0.5959767754778929,0.4022042743288078,0.37245919941334815,0.9781202290456035,0.15770065340678435,0.49903775338895456,0.7492595524813533,0.34710414541284096,1.0
0.3994148770223035,0.17967726709697007,0.29780939438913334,0.5782849699765622,0.7602870574725209,0.3476474701960892,0.7446985291053794,0.6964887012995673,1.0
0.7350458845077178,0.4593318633569722,0.7639718496248261,0.8641409927697036,0.6867799882298689,0.2573668772802618,0.6395308137839076,0.22017046401685636,0.0
0.8647409817417012,0.9891803828769876,0.9424910312200034,0.6568382740137761,0.8798857586189147,0.8852806778121373,0.2865036043168465,0.13768978416114896,1.0
0.2625580188589147,0.2993431828474677,0.9454407397247044,0.2259993553615745,0.45628043690641895,0.3323205026710502,0.18315179799158293,0.17131083595047103,0.0
0.23400674472551009,0.4971141139498916,0.2737813947096269,0.8166531593251722,0.6344981588606853,0.8025794682519638,0.5518721613400558,0.9985697425536597,1.0
0.6424945297262423,0.1350218239989126,0.36147008929779534,0.3164795314035742,0.01166877428783536,0.8209889677245454,0.909809575398975,0.5976925846652398,1.0
0.13307303107285284,0.30519565675609517,0.22725118898350993,0.9358595377969018,0.9490570363149406,0.12435478804575062,0.46606941955914827,0.9656879905049576,1.0
0.8665812964389632,0.9148165865577333,0.0921925848180482,0.4417333080429918,0.9512977657446731,0.7719483490851362,0.8183624317679903,0.715605475652284,1.0
0.24635757232327998,0.048334012042621166,0.5403267442890852,0.7819180248066416,0.8984184085275608,0.2759257411978445,0.5108004500187507,0.7332036433224647,1.0
0.7549484489041414,0.9259430829258865,0.9489897818786337,0.8596669898701571,0.4983830662942819,0.7552526938660294,0.262105921080045,0.09430197435538396,0.0
0.6729914385705766,0.6376467565040613,0.3525201462596964,0.9257376533834896,0.8448802317516535,0.7097554349556311,0.711922163423476,0.8454438465590473,0.0
0.029686714079243115,0.8961529660303789,0.6572633985162843,0.7579860222227823,0.7120350917597937,0.6023730110386427,0.22731947164465183,0.47349272869116443,0.0
0.177117489383106,0.4701257302319061,0.035911467356612214,0.7040637422719658,0.5226614824315668,0.6872083015856508,0.8244460185841077,0.9579515979542985,1.0
0.24535398136180642,0.18483023684387967,0.8321282101758841,0.14883401356393533,0.6620449355800239,0.6524915475111586,0.42970957123213466,0.8989176385082649,0.0
0.28169787534779483,0.9457123713217628,0.9481283226670161,0.38764814414433535,0.028063112950275193,0.2857466524323854,0.5436734863952665,0.2126074360051476,1.0
0.5440566616367739,0.8875560997028368,0.28371165551394917,0.6824481934870297,0.2638751432129911,0.47570347204682883,0.6310621275886495,0.8826988857994439,0.0
0.34646119448282303,0.29052438654679613,0.8440931278000078,0.2027557629481464,0.8368886947837305,0.43349965935355705,0.429130380432518,0.1597679248931474,0.0
0.3123804869870093,0.5680202094318114,0.05514134882173494,0.838850474392866,0.6688188636251473,0.47211739886196497,0.3733763906829451,0.1487867816206917,1.0
0.6692734033273696,0.1557706836876691,0.8140174032271159,0.8158013346402957,0.3211789128920083,0.31326844425389944,0.025169382057585676,0.08058700566101895,0.0
0.8383239633008832,0.048477894872090255,0.958371648414273,0.5130772730468185,0.9183214986380503,0.6929008644566743,0.48156506521105047,0.3927181892740693,1.0
0.5162712788873962,0.951577587621192,0.44747539654450585,0.5325872682584549,0.7928191586744222,0.9650901068207818,0.4281020042501771,0.8827497282844246,0.0
0.7018915686686489,0.30102093096969057,0.12046181854649779,0.4725472900647424,0.7956473333329795,0.4840734522872127,0.2863910996291512,0.24879978396111296,1.0
0.7247486645316151,0.41482109948780893,0.2598648620683617,0.9684713447608537,0.005054576155879398,0.6879012677141456,0.4688087003625151,0.00895411174011318,1.0
0.9261157554495811,0.3896317820711375,0.23255631321988357,0.08259383402019604,0.4639498607271903,0.19480652131003495,0.35789824576024,0.009733418682029427,1.0
0.6587039961119141,0.533564519237559,0.4122935296904955,0.34246482675010714,0.7037312589317412,0.08093908053051702,0.8974073919746657,0.16821444526681467,0.0
0.6572043133984036,0.33076671496386734,0.6646697722001514,0.21620854450989574,0.9173180127051614,0.8350340009720628,0.9274519771657153,0.10713261720443013,0.0
0.7639040988320887,0.42265342236724945,0.7937565299244983,0.3579263334796813,0.5410158291813285,0.0848241479063509,0.18392516354848115,0.16545394837737454,0.0
0.04101591101546537,0.2823952721482662,0.3259735656452083,0.8413868480497035,0.29588056023277054,0.2412832713944007,0.3660860869202883,0.6266077894020924,1.0
0.22965758526941765,0.4073638807375932,0.02404312230810579,0.2731545235445564,0.9175570769107493,0.8491182987628486,0.606675278136589,0.03203076553779677,1.0
0.46754021261378276,0.024678028985753442,0.2693647912307856,0.599979042619089,0.3378460129344083,0.35948068927313903,0.5918071586316096,0.1610648250018336,1.0
0.9753498110076128,0.7704206103923753,0.1331887044046115,0.3304530640884667,0.8441603858140734,0.6170921740459246,0.5708512854702279,0.9724575423576245,0.0
0.681451792615608,0.8110746773122262,0.867458384913878,0.8275613434477014,0.9532227499972141,0.1163172299183085,0.4015208967040293,0.14443599847972632,0.0
0.18521572297812106,0.5610148146221058,0.40724628606813246,0.528392608676621,0.2973332533799327,0.6505896048713503,0.47048960373348886,0.2632490514959359,1.0
0.5349553676596991,0.9367977416236035,0.2377187010670208,0.8259614198492925,0.06643915325103439,0.09275770805432515,0.5009725405225217,0.5716062224533749,0.0
0.8733358376681671,0.42545515554477165,0.843330894256744,0.39585203027943616,0.8996065655892946,0.24072985357508975,0.06758781615900655,0.9751913677795336,0.0
0.8028369550684129,0.6894652814979954,0.5817141950543168,0.2464699414121826,0.47154578756133814,0.8249979306524494,0.2771348806200258,0.6782187460409541,0.0
0.22771539932467855,0.769771013927964,0.2207657037885633,0.9563619578438303,0.49803707325977975,0.9411512045725153,0.1546672778032418,0.45656134770925433,1.0
0.6997655369569785,0.5730996449651362,0.358468645484728,0.8830495907341848,0.4542591371082305,0.3668459747475927,0.361765906912788,0.01241056723543571,0.0
0.26262460657536457,0.41637540569914044,0.3607633053927293,0.43957655479227653,0.7099286203633882,0.20858784539533026,0.9434601441726739,0.14370920098951145,1.0
0.0660279551681619,0.6115813997197735,0.6132268346534239,0.7796270382047747,0.39643956186244017,0.8641746593004969,0.6170557106546106,0.49186270195301823,0.0
0.9524401877826663,0.7732088047796708,0.9561427852061426,0.06093849273985924,0.5383556097304704,0.3853629211122266,0.5238134922288429,0.43952911524074334,1.0
0.3085226440682283,0.7341788617540856,0.49366043490557376,0.6143420111923026,0.7126716234237285,0.3011436594129845,0.277544897704071,0.5722680082414835,0.0
0.11815128092482119,0.5414111773066514,0.19036338349977955,0.07862254297921112,0.7264983435318141,0.6178639345619245,0.5401383390974623,0.7926776819827569,1.0
0.20544114494792898,0.451615018394172,0.17006908122867903,0.061477548410886707,0.5982086900502062,0.05501546174041683,0.2671969665402725,0.6668858727904357,1.0
0.876251636837492,0.42586025738567546,0.6479770433191676,0.7150101271900795,0.48050445996696084,0.34984893762880365,0.7387874494770615,0.3533877764664306,1.0
0.6483998786034301,0.3731325097147456,0.1489682387656115,0.4880308153084383,4.722911053789414e-05,0.5563671701725306,0.13070294595608145,0.6968120928433785,1.0
0.7519894075125801,0.19700452938899704,0.28835244532904447,0.667082188746417,0.033868844229372086,0.8343431572513123,0.32117921580065834,0.9082076440425944,1.0
0.2676664374563599,0.14593169972343695,0.5789605501028604,0.9783274153049895,0.6402877048828002,0.07933347907199845,0.9158514938122422,0.14436848632753896,1.0
4.907859578978657e-05,0.8348559605453105,0.24668058302243506,0.4211083271102292,0.3428737905500387,0.8370821244452558,0.34704112671361304,0.5402989204723517,0.0
0.5523138037662649,0.6470787803620643,0.7508130402691722,0.744537219910573,0.6961677026115576,0.993105358442832,0.2061102545939414,0.013674128009708353,0.0
0.43272093857376015,0.8895354177406998,0.5248135804388534,0.10304054457356371,0.08286347443870323,0.06070696340756809,0.9100429184549357,0.5191126069359151,0.0
0.31889971624612945,0.12066964449260598,0.3321284754851578,0.2689312133660339,0.9446514624308346,0.09871530659241068,0.6123005125213551,0.5816905376301067,1.0
0.8509435293718153,0.12242650162438928,0.836502894789485,0.6572884597784089,0.4464164514381264,0.591876908840465,0.8461052543855994,0.9651345575536932,1.0
0.13514733129166379,0.16067862787812115,0.23590531218146304,0.3547856444593593,0.7630409391482097,0.6206458805126889,0.2878844951872994,0.3387943163102692,1.0
0.5919732885099844,0.1252176161429101,0.7103727436109547,0.1979745619841069,0.4878568119501324,0.8869438495807185,0.23633651402141753,0.016658831923079487,1.0
0.10532187069567456,0.9469430739000263,0.6183122828111959,0.23451176597768175,0.5114628765924568,0.5251587560992693,0.6927105296054002,0.9766332939929188,0.0
0.966724712054552,0.8241239473590598,0.017694536698374674,0.5952795489122721,0.3623207748121316,0.5901033718691833,0.043359306637776596,0.7778425116520974,1.0
0.47027534949266,0.9902892363432099,0.5645202969553638,0.32760392141778005,0.9615658519733543,0.30233592196331205,0.3150397933247219,0.7205396971454863,1.0
0.6216175562361121,0.2991618692450186,0.8973815566544077,0.6506070345173369,0.1630221536368272,0.9106848373068344,0.18763615150631274,0.5456298800450747,0.0
0.6470450440699261,0.6085455251112702,0.6331690715183597,0.8860560464033553,0.9780403209244595,0.10811889940424013,0.6335530647110297,0.7514335913797817,0.0
0.9781088239601174,0.13608953016150444,0.2914807069749278,0.23220061784481194,0.6704732091543814,0.26553284107623054,0.8643051793824743,0.8385934468204277,1.0
0.21657668039806194,0.5845128451263275,0.03032882961997624,0.8981670250201947,0.5100462686084022,0.7236285531758648,0.8398783282636777,0.31504920885759435,1.0
0.8766615094347632,0.3141750602741631,0.026705235560144813,0.0060890476462076015,0.7701478589558333,0.03210778435488354,0.32349431226301095,0.8135656084761924,0.0
0.8003092747403875,0.21004556997510448,0.2966348702345811,0.8401437304933871,0.4061891892035314,0.6802826198152232,0.4427742822617609,0.4615555800044008,1.0
0.5396984823306444,0.6475077741857214,0.9555339004230621,0.8284871821740232,0.5095421376532226,0.2516801510305351,0.07801325055210628,0.17706520507024598,0.0
0.3128909043832227,0.14200571602414042,0.6467353959183759,0.8504781068322388,0.076385126332564,0.20883218758688604,0.051210467102795865,0.7249871643562508,1.0
0.917766292502064,0.0783959666085649,0.3975131500541496,0.9784722599882479,0.07171979234049958,0.8179263333496052,0.4445951914663111,0.0711428057050269,1.0
0.836746815992937,0.5469511971741624,0.22773590902651125,0.08043867246929676,0.24731099201828033,0.15940369893221668,0.44020667527813656,0.3137614770658719,1.0
0.9672595361038068,0.814039672371895,0.6604624977382384,0.5163232795383009,0.46803677078120665,0.8655133679851772,0.11088045335222296,0.5641557146953118,0.0
0.33593105014399927,0.333798076642295,0.5728051096443635,0.5406229647796623,0.8341557743424939,0.5135040845737038,0.8455743989332889,0.05059410693924904,0.0
0.639629400890949,0.9873579555258705,0.33885273902641044,0.2599845339834543,0.5879774849808775,0.1464501138671755,0.7631659652485521,0.06074426730144755,0.0
0.8972631122090567,0.5234959067724214,0.3236704158404493,0.13960374633080036,0.5405313328001927,0.9433234888987463,0.6590816284011833,0.7941779520313657,1.0
0.17139280279636582,0.2663488855982844,0.8436038974993539,0.9827860317729811,0.5663887401555164,0.40798884886971176,0.7369340389182882,0.19755389303407944,0.0
0.5409042240488303,0.9115935580843302,0.9658403697774534,0.01653139428924638,0.25804579737862515,0.5274873026956701,0.8241010042085086,0.1564723316863702,1.0
0.6766938217210723,0.8533661414500946,0.10548537535690727,0.8111991999055591,0.9783398808446688,0.14259290309298484,0.9465452727196966,0.9870843418481994,1.0
0.6350648261927956,0.28065248473965965,0.05566055907031381,0.5644435483763999,0.1486751173165799,0.8458930348945057,0.4054593941414225,0.3418123595580538,0.0
0.20836384164963506,0.5635786898379964,0.4675266755209215,0.4672477255272837,0.7330894577726645,0.36792999450296393,0.5740722530105421,0.1015607809405693,0.0
0.2641662050625766,0.32361186252871676,0.5078324603773865,0.7578507277384201,0.43690323498180617,0.7512240986664913,0.5606191924663527,0.007909757089609448,0.0
0.5741436978838371,0.4998202791964011,0.7184155942423642,0.34801428815868185,0.9648159046417726,0.9067220367473677,0.5960281678403266,0.09598477725990678,0.0
0.6137262486125349,0.6820184159403061,0.5225751660968708,0.49065791585478924,0.1514324483093305,0.17821221106071572,0.5043201800075003,0.8291125735965807,0.0
0.14856594995999434,0.6608554285504946,0.11192416611968736,0.0054109835245804705,0.3743196222095688,0.1995665512784323,0.3488228676194841,0.49186770285318027,1.0
0.6068223492783059,0.6643059617930029,0.059479155446295284,0.7303328907523567,0.9871887057684787,0.8220469879850498,0.6931188799533314,0.8376266061224353,1.0
0.5468177969069343,0.2883303061306296,0.9944762609221196,0.20721411413283536,0.7602655655739053,0.9870411089155984,0.2995624817700737,0.6027776666466631,0.0
0.28679462119813326,0.5938012516213365,0.019375270947095735,0.8342669094893164,0.6418964132939864,0.11267491292822229,0.19366890287095295,0.934091469797897,1.0
0.12767491611539472,0.5873958110452104,0.44899429213628617,0.052062378715790114,0.3738789056219092,0.7951972035155562,0.49976915704821034,0.34135477719322815,0.0
0.9276045612851058,0.41231297223167573,0.1372341402095837,0.3088701451497591,0.13189631246779532,0.925559201380414,0.14239676653193878,0.23284941289432098,1.0
0.643207363168875,0.11475106943169461,0.9385137798983654,0.8271586433942468,0.18214994340466695,0.303539857756233,0.5467144464352681,0.32123615584138476,0.0
0.27854198899366067,0.9100270404151469,0.6544349363496522,0.2311975816774129,0.8151983277710884,0.9874499377073328,0.1728938705779407,0.7714130210104486,0.0
0.7269707311172092,0.7565595438648839,0.35310754099160935,0.7947142301942802,0.9434537534141606,0.9762438901187063,0.8590824617692404,0.06954251765317754,1.0
0.09868113875076145,0.3491165541177301,0.8296268743436912,0.11573408532306867,0.4001160031861076,0.6373654128189183,0.2488803700154173,0.8314013189040694,1.0
0.26362130000445694,0.16586902839801065,0.4049818714173299,0.48153482307593337,0.8349507092591876,0.872281991582531,0.8546272761365057,0.19660038806985258,1.0
0.33030213314147583,0.7383867708498696,0.16114805690141049,0.15470075380250453,0.25406236683646144,0.5994334763128684,0.8281003375140631,0.37156938248884797,1.0
0.4969520865566033,0.2920694014315014,0.791032864920967,0.5887302347359303,0.29593893329073867,0.22343488346920276,0.43773657235718155,0.8053382942262941,0.0
0.43861434941413424,0.9268440761421561,0.07799217125395247,0.8209982345396207,0.6579734147867446,0.2424917173037781,0.6742989291220467,0.5353905369633201,1.0
0.23490713799097168,0.628242075692987,0.409598518088521,0.05458840632382339,0.8219531519063314,0.48053884749014675,0.8862227592816367,0.18969164449600928,1.0
0.35452679744388066,0.8342435293874042,0.9632586452353373,0.6344067137898239,0.9070634584126456,0.5337407118131093,0.909492062169257,0.2709054296440026,0.0
0.40112175099695874,0.8630585879201073,0.8746105923135659,0.012333551307780355,0.7114593211425624,0.9305988585691152,0.828757864911038,0.4163141032052436,0.0
0.1497804462385104,0.07045188234313454,0.98520343649796,0.3897759815150595,0.7901730018238927,0.5018385357084492,0.8145814408933706,0.17056236789288737,0.0
0.96087666575407,0.5463716838591605,0.4953058830208963,0.26401047338478945,0.2488958205421159,0.7879515687776842,0.7421350889620401,0.6176578450787809,0.0
0.8454870506788232,0.4258384891347226,0.28462272755974366,0.993986292811751,0.7927456616877986,0.7280864053416758,0.7491620484186841,0.705939569122442,1.0
0.8576476655566946,0.7862015304673218,0.15107771280058874,0.9317266892245901,0.4951629961510928,0.6480620825489268,0.9983865994416434,0.2576288731971755,1.0
0.4039070276304536,0.669823151543661,0.714918552706075,0.5834688709940563,0.8786962748967726,0.8988330471620225,0.027702820950872953,0.647121481866736,0.0
0.05583021883217354,0.23520435874714685,0.8087796675462553,0.8041142787411246,0.9155710662794234,0.4831812451317273,0.28983124296845697,0.06371396851433253,0.0
0.9347710974292367,0.846247923388499,0.5611402568087646,0.5269964226546635,0.8364546114981127,0.13836825047807233,0.9522188424517688,0.3492995405839718,0.0
0.3285764235976256,0.7372893324420738,0.7319506121480871,0.7858367897536978,0.7540509575569496,0.5696290349624228,0.9876986541105879,0.6294666373280524,0.0
0.2988825466962942,0.7321294605668134,0.07484374610327005,0.9135141946463177,0.42709098926943995,0.8789147810842532,0.31576065669402886,0.8333141632160456,1.0
0.8076185367468691,0.04579190507768344,0.8500227900666085,0.8450819791726079,0.39259092001776663,0.19836261548551143,0.11791491312138003,0.7818549005487655,1.0
0.29002319693197764,0.8532211967547254,0.6678595855975269,0.8155620491012865,0.29920941652944577,0.17545706050772242,0.20570690445435225,0.23647006461163006,0.0
0.6018489631417093,0.08352504437272129,0.5332838443101507,0.43406502889598375,0.0841341497778374,0.40983852721881814,0.8185091045460228,0.18554339781160611,1.0
0.5425407962511382,0.41347146792872963,0.5932689445413413,0.41023860906658743,0.6715467427568322,0.3036138767263134,0.7907337805741905,0.38421082461509737,0.0
0.3536184454872099,0.5716626749357703,0.22862814411387494,0.0722239097187865,0.19429817276408634,0.42316618664878186,0.783126796949873,0.5298903802684484,1.0
0.3704630154313717,0.6449691182849591,0.32326926821865515,0.4012104877100878,0.9519703825717153,0.07243193968966155,0.9406583607650318,0.06307468677695316,0.0
0.4049061086669087,0.461769111064271,0.6939365687976131,0.006215057214976338,0.8874010245002337,0.16072834666559133,0.6976915704821034,0.6818302294412995,0.0
0.9496445648505994,0.7950532446108978,0.8058952251228779,0.334222474536119,0.18888115298464098,0.4044375301116599,0.0599008292012167,0.7785318023910971,0.0
0.6573069805150016,0.05796540122337568,0.29058343101136425,0.15610171492391017,0.798452689432513,0.6213393772431197,0.9421817575732323,0.6537885152660813,1.0
0.607186061466564,0.7746346252170851,0.8992885997135721,0.6955003972617457,0.6113298921531221,0.5234276672828724,0.603860994208092,0.745603375274216,0.0
0.24006781866069027,0.3526496474339744,0.16298850733288295,0.0782593701378545,0.625752813448728,0.8597430719305209,0.14662777615733985,0.3455622011962153,1.0
0.28415392745493795,0.21709211208844065,0.6338758554234256,0.7628022405827743,0.6491275085158332,0.6083953430129276,0.4268919538314096,0.5499548252018697,0.0
0.23724540146821937,0.9205312833658175,0.06030798161725104,0.662171529530674,0.5083335500212001,0.945791583804331,0.13133463894328923,0.32112613603782014,1.0
0.21325392681824262,0.7434301029425896,0.8597845794821481,0.8794611034989541,0.14947111356160026,0.22247422866396555,0.29373140547522814,0.6020542030898896,0.0
0.7632578531059058,0.5640918365342396,0.08407412104364176,0.020430793555207494,0.791498866236015,0.7796903619341926,0.9177624067669486,0.25383735739099705,1.0
0.8099223125622105,0.7605760516321675,0.8028165763111716,0.6004363910328938,0.02241551959185556,0.3928993257110597,0.16841535063960994,0.5151135537730125,0.0
0.5343348550350926,0.5114426669399201,0.9056042869733677,0.8237953816829837,0.6621778669529423,0.8874977980019654,0.5443368473686403,0.3550739133043948,0.0
0.9195195921754393,0.5439615137323153,0.017584433349800144,0.7429797416405914,0.5248194282518172,0.9449248455417765,0.5647576982374265,0.5591214751988691,1.0
0.8399024370573641,0.5753131044339803,0.5335998276550958,0.7459609953960082,0.6226258748662064,0.3204724267397907,0.08411683820159171,0.7684216492301947,0.0
0.5559694959283336,0.07870868611615639,0.6504486645127091,0.24797356717172186,0.7408461758483065,0.6961508013150439,0.09345222717613233,0.6600104685510059,1.0
0.8976016218751526,0.21079843289830452,0.9390369697860493,0.6169730909881935,0.9299106733013838,0.4189423299367735,0.8031392974707279,0.869509011622092,0.0
0.935030285472948,0.19942452177541847,0.9281502690501344,0.6780627952105752,0.5663661869285742,0.02824712466810847,0.44420517521563396,0.5166154907883419,0.0
0.22083298845671429,0.11120868478882401,0.44531816684026737,0.28292676456504817,0.14162391724610768,0.37041851758308697,0.3939164131838826,0.3533486027484947,1.0
0.29880746970922134,0.4720755814910402,0.7795327691443192,0.3467205014915554,0.22204739786174177,0.6728393358561687,0.3607433643068461,0.8262178858861262,1.0
0.15937305675289648,0.273790441826473,0.8157204234548255,0.4329784284882433,0.8221173924648872,0.24112674382326288,0.7363790157923247,0.8775346228987885,0.0
0.40086468527090324,0.5453926434992303,0.05362351446704938,0.3363752485372942,0.3660876943756497,0.8840730278056639,0.9936264011000459,0.2537498416381615,1.0
0.21166431089406884,0.031246200511076017,0.5742011670424331,0.0021724049655728606,0.9485850105416436,0.19093153537098628,0.24097504062669278,0.9626849499576591,1.0
0.45242135221347124,0.9547735385141416,0.12235161650287352,0.22734434170611656,0.058583466308928245,0.0967597731570603,0.7527788657860744,0.49666189914184555,0.0
0.4648822750396343,0.36029826751269056,0.610151104243728,0.0956677910257312,0.17797202444663668,0.10326070807767163,0.996123171798825,0.217882552192728,1.0
0.08046926565686802,0.29654198060289555,0.8998897905277161,0.7985544712837457,0.4789315713868006,0.9227029711586012,0.14184174340597522,0.9068740706660532,0.0
0.12524565826865575,0.7627260646134781,0.9117252372262871,0.6758755343800528,0.8110962937884167,0.06305752998431535,0.4117346556106504,0.8042089242730359,0.0
0.5764485348580064,0.23352581422549884,0.6202745101992844,0.2063689215305255,0.5583621793528126,0.5435382765624636,0.5478378265761074,0.1935640081881405,1.0
0.34131324771903915,0.7830695569948557,0.5557940096349716,0.690952380320754,0.18285652273816339,0.17402390467842338,0.11918246593608062,0.09273835957138948,0.0
0.9147592336735408,0.5466440524625467,0.06917329099704811,0.6304940503587293,0.15610972224507025,0.7672480118345456,0.8331655485645235,0.49698279023557573,1.0
0.16212437630389898,0.5121827874723184,0.33105238107113844,0.18769403815569746,0.7187925692158534,0.14527695298654608,0.047095295637318124,0.5641632160455549,1.0
0.8703656541089131,0.5107389153146016,0.08409906011536711,0.4401203855627521,0.847714774380171,0.33699510572774183,0.7378282428434518,0.23310362531922413,1.0
0.182871357837613,0.1654068512649743,0.6415509874015238,0.7310807243825863,0.5570474588881206,0.4527512240986665,0.934738947456144,0.5663602781834064,0.0
0.5982251057444772,0.18859269319455452,0.019627845375632835,0.07896767655598608,0.528944811457676,0.26008674280450716,0.348427017792408,0.8350936501903676,1.0
0.737706474978936,0.17206979432188446,0.5375115475861366,0.4756272292087528,0.5524866657362355,0.8185596067602932,0.08922538439101624,0.6168952078040715,1.0
0.7265186774565296,0.15976276853924942,0.8552676890978582,0.9797718828880332,0.9148501590135165,0.3661426618813447,0.5401050043751823,0.23576243723870294,1.0
0.756483149858972,0.712660680220677,0.12392569642357787,0.6788010786419086,0.9759869159443886,0.6082958551499162,0.7543014292262178,0.08301577617304445,1.0
0.3456992824444006,0.48855547479475453,0.539399223068323,0.1960788475032199,0.6278343436294563,0.8351571006212288,0.9988524521855078,0.08197808938942341,0.0
0.36981915731255166,0.8233142746102022,0.4197996596612637,0.47603231681193137,0.3616407286868025,0.1664240931482311,0.41012958873286387,0.8258103125229208,0.0
0.10243896745001418,0.49825827445729354,0.4891793612732298,0.314819388495459,0.11064268206158778,0.8170312078834714,0.40253093878911617,0.12540007201296233,1.0
0.4706897320149496,0.9529736758134024,0.8947297904640419,0.09126170065166844,0.13390116167691996,0.6096146662619943,0.9172632193008041,0.8692923059484041,0.0
0.6889666541449926,0.09689473245492242,0.06369757289770256,0.6181392763867353,0.5269723327625155,0.11964012454288647,0.2406550272928038,0.5892435638414915,0.0
0.36230403049346016,0.5322759449677378,0.7730857537940552,0.012778431406359703,0.19175071944793942,0.6169178713099288,0.6400983374307263,0.753817353790349,0.0
0.9328663173331806,0.8365934386244164,0.4275915277197782,0.40494567661169556,0.7217589818889627,0.9894375725598148,0.5730605441893413,0.09209574390056874,0.0
0.15988453530793773,0.8690196376170243,0.9839357887883484,0.08567377316420643,0.2238264494693623,0.5659601878755336,0.3356039834993124,0.33407179959059297,0.0
0.10426495650309969,0.18161941982832813,0.9122630191240231,0.7159463119652054,0.21618355885675833,0.14742164601210195,0.08880286678611604,0.5192134584225161,0.0
0.6642888750230802,0.3904499497471962,0.9721560570372489,0.14196954282402036,0.2975977894653612,0.0954865938114835,0.35726071919663316,0.3059975795643216,0.0
0.20975873492889174,0.008245388714595403,0.30023458645978207,0.32869476635836326,0.2939144495075702,0.20649382485466816,0.7553998083253469,0.5414257899755289,1.0
0.8393514303359841,0.31604553705726157,0.4379407118672307,0.3134438945711099,0.9976568523867417,0.7126427053907035,0.229146214425601,0.16465380435144994,1.0
0.16394744717020782,0.14799251596913576,0.18811568333321838,0.3088836745981953,0.3592530052838231,0.04586098653756765,0.4321763406808617,0.35000216705673687,1.0
0.751625960614029,0.08708309153761895,0.2886694899110842,0.9934191171106403,0.25949238788790885,0.8368112521568969,0.7963306804450185,0.4464503610649917,1.0
0.9575830940420177,0.20187637013884424,0.10561219318972315,0.9389349671247667,0.6305545281307726,0.5391807081625679,0.32328430351264636,0.2847245837584098,1.0
0.7064882434213459,0.5500871526437541,0.8916667948994823,0.6191985526143007,0.32809558959707197,0.5288289296909987,0.36886203591816324,0.2766989724817134,0.0
0.6981109250545966,0.7697011962450298,0.05221737531658027,0.7068794592465159,0.8455034968115044,0.18308234093084558,0.3422934288928705,0.7553009541717509,1.0
0.8554738816977693,0.25420990009434674,0.9829435321048099,0.4109750355148022,0.048502173865745124,0.7118056808365683,0.16157339889162042,0.5151168877064538,0.0
0.7206923849120194,0.25005242962881946,0.1617808195191216,0.7870005876025155,0.31233804793064857,0.7637417942410589,0.9120738364098504,0.6551529275269549,1.0
0.6677156221680324,0.9760427124939672,0.3134517638556441,0.4278292795833991,0.291017023175696,0.5218398409892119,0.9220209175382308,0.8298368706367146,0.0
0.46003835028003986,0.958434586671353,0.6033878402392453,0.4489697059732515,0.5618385602868983,0.9529876072611814,0.05447310304596015,0.5651808992285278,0.0
0.19654412404522237,0.9375779475937323,0.341522546247386,0.12303680407899609,0.12467025855550029,0.5125062876329424,0.0797616567356973,0.5647841611490069,0.0
0.22666936201008953,0.1891926474281342,0.09644522716575937,0.9004802954194859,0.3834698643781598,0.9443045718785219,0.14111171298804115,0.6406194781727378,0.0
0.0756935203519652,0.03849582447781413,0.32146596108549697,0.09604767671515607,0.5647569478532246,0.9892664534354354,0.6968665361056711,0.8235465717162422,1.0
0.06401705918931716,0.8167753043971335,0.6056222749421227,0.9939300527515846,0.8484078217775022,0.9839967803074521,0.14414433934747278,0.6050530762203864,0.0
0.36344371507461015,0.6855958421578814,0.5981524923418478,0.4716434698525423,0.6069678327304104,0.23012099846549922,0.7932338847451977,0.3964530282117448,0.0
0.48398737857690116,0.4201843186829464,0.32628291625831146,0.04198055208108126,0.9455092810508849,0.5115573060702984,0.1306404433518063,0.6524766124569089,1.0
0.7069930897337128,0.03377954708233755,0.11537610507945212,0.012613425192098293,0.4171306882554999,0.5248724963547647,0.885231051293804,0.5225048842124916,1.0
0.7859265932769222,0.5103821283721542,0.09136349333781879,0.5088300873710557,0.5407661516924738,0.8859184613392819,0.0036718196591523644,0.7756787888486594,1.0
0.4365660475866065,0.5033066504130392,0.2690960329365545,0.08478852278319327,0.34633955820085743,0.0705854449521715,0.9096120671694654,0.2830826215385436,1.0
0.9606288851677587,0.38585737972908607,0.8487259583368929,0.05318638406920717,0.2598702207722119,0.18318713481321752,0.10408517021542557,0.358256152774166,0.0
0.6981406375017775,0.26804309264195947,0.2978139046467858,0.6560315474903536,0.3250153494609248,0.7753818742133827,0.5164490187091129,0.6734545551532609,1.0
0.20030911556656333,0.20615595518288776,0.9747725370942161,0.10819208102813199,0.6563007613438752,0.13640953343110557,0.03795491478811608,0.9467920892427304,0.0
0.9731930056899336,0.5256475125525822,0.45564771810146804,0.8569653447157556,0.09775417619429949,0.2553630590687299,0.9674519771657153,0.3558648890133557,1.0
0.6699955219097463,0.28846887963059803,0.3238582548062101,0.29832566443519193,0.9288583662654668,0.7401180695428122,0.9350372932205508,0.5856262460576237,1.0
0.7918847348057974,0.6373324441976196,0.0724140437749689,0.08842555686281273,0.4697622253083291,0.8569271674558487,0.8279736655693988,0.24923902969201123,1.0
0.10123083812446554,0.19365487340700205,0.033809156672024165,0.380372749568583,0.7651190200118763,0.5363037844652487,0.9806275261469228,0.7843086755616011,1.0
0.4952422943951713,0.5616795426755941,0.5707168603512801,0.45093916921228105,0.661749886305203,0.6949707426092457,0.2647193633068044,0.019073433217979274,0.0
0.4835419571588958,0.9370154241331323,0.8933695498179182,0.23291582162881297,0.6892926830433166,0.4791385889808835,0.3566831951331305,0.5904412794302974,0.0
0.5142171406863151,0.433963887002602,0.7382251764704634,0.22089265178515766,0.6344936482152969,0.7258844073070254,0.7446318596608192,0.5775472918458656,0.0
0.5220776747038837,0.5294949181752684,0.06851267090560137,0.5282864953555526,0.5168483218541831,0.014457841553772222,0.7260694195591483,0.6063974848806118,1.0
0.3730028990859178,0.3256825010339919,0.28322030273910603,0.42490771457108334,0.1905004746790941,0.6119357844312903,0.9220325846910289,0.03079137578097385,1.0
0.6937617655985042,0.6806873670344793,0.16710133169336827,0.1902837337563718,0.24142778377133467,0.3097545329323398,0.9792841368390349,0.21103131897074806,1.0
0.8350998974920573,0.8702986550937442,0.46607702564956993,0.10961187726402721,0.514955973447688,0.21511451450984054,0.6182957623234301,0.3325006834563555,0.0
0.20624258515269017,0.9195278200901842,0.21207390667374865,0.8995419883779385,0.6173765449623786,0.12225997160218438,0.26439768323680146,0.6190572636407887,1.0
0.5149729510614772,0.13314683428573848,0.8724926283818311,0.4189444112103418,0.9779039402344792,0.8198500306687919,0.7735322305096046,0.2887728124395724,1.0
0.2996818645833997,0.16456691533796264,0.5360653467353429,0.17545784581999735,0.08472398299539752,0.3199641100850449,0.5427342805950248,0.4248156334806932,1.0
0.7857212590437261,0.060212309468074154,0.023563708450577925,0.2164106903865311,0.314451948625341,0.28417341769196647,0.10809783740989204,0.7911215685490055,1.0
0.7110902239681822,0.8860158632146822,0.4167024392004003,0.4288408048164836,0.29062671968355436,0.9623097526758256,0.7087195299804159,0.02934278170070609,0.0
0.3361257727889164,0.6073055312063805,0.8058251834746282,0.15493606009197375,0.20650663250604556,0.5501180058705799,0.11667486145256051,0.9439957525687959,0.0
0.5122017347824519,0.5627830868123157,0.10552809014996872,0.5277076471891244,0.7889429222932546,0.832372236359816,0.20069169548731192,0.9587334053462957,1.0
0.15197651443282123,0.9779418596563695,0.20644935007187226,0.3852295562738838,0.3825703886212867,0.8322873400500463,0.773710571273803,0.27908606882572196,0.0
0.76349926673925,0.6185459126923237,0.5776276363119252,0.5796201408389053,0.19892609493263486,0.1830995854937676,0.6294312263010959,0.48208510865289084,0.0
0.010652708183444715,0.03032211171147825,0.05278274937877836,0.20844396752401811,0.42862036338820575,0.5801625445970927,0.9936322346764448,0.3525759636734612,1.0
0.5170700661950877,0.37662127012965907,0.7369922842757031,0.5031737167915046,0.48473730266589754,0.4738779360858132,0.9576165673569732,0.06405986410887293,1.0
0.5192130764480043,0.38726488297972306,0.4869839270335823,0.42241272510946254,0.26113028282807915,0.3572694057046075,0.43301304221009207,0.42293862895321155,0.0
0.03844392730637569,0.062264630786571795,0.49011484177220227,0.034681547291391224,0.281198940157533,0.55504331834206,0.8845301887578649,0.7432321151140538,1.0
0.16206256380217454,0.4746506062988823,0.02410838838942947,0.36817422746186224,0.7640667129759593,0.8565639704306154,0.7225876078169924,0.09452951531275627,0.0
0.4616258438865579,0.6357542460035349,0.5679934606570225,0.6874413558099033,0.17611576120324918,0.914269053384922,0.41582315929830405,0.51348075987011,0.0
0.8040668381499332,0.35751909898554635,0.9388273754598473,0.0952064633623863,0.42432357565758577,0.3804495471843078,0.9581324221842578,0.7352265074380055,0.0
0.8495576559425955,0.8336738383319785,0.3948887107189722,0.8753924534858889,0.7750867503241032,0.017822388430330904,0.266324430184591,0.9954841871536877,0.0
0.16698395315620473,0.1746809225703313,0.38926388880782214,0.3571429518868938,0.37672751085075545,0.6583615967297942,0.07459144131005457,0.6735954138411581,1.0
0.8811854948077499,0.3394989691936774,0.31155586378597394,0.5723131775501352,0.39964822272611733,0.7798466242043625,0.5457394058085754,0.933226314069866,1.0
0.0609537589429161,0.3381196053893941,0.14789771584633926,0.49611638509054784,0.8837357271239966,0.5708605620560189,0.6808492020500854,0.6189864175551599,1.0
0.23557381102459135,0.8312148223737268,0.09870460094036215,0.8693564625002155,0.33500536766801225,0.6267716798645055,0.2257294053918913,0.7472895121121802,0.0
0.9088530889272322,0.29366724414473866,0.6230186040168886,0.3200282261434042,0.6499147488021584,0.8396221159131766,0.02767031959664984,0.10713011675434908,1.0
0.07873267923503185,0.1143645502440433,0.4483716112709747,0.5901672743864992,0.44637214098048694,0.8471293374055264,0.1840068336180674,0.5401763984183819,1.0
0.7012405477277406,0.3637034059879679,0.7985867505609965,0.5235740027669048,0.3188514198715686,0.20421037942283243,0.3855835659819159,0.3035604742186927,0.0
0.29702047824306055,0.4396807075424865,0.747413367236321,0.6201222690742011,0.8528391328735305,0.43689524644337524,0.4873169715404808,0.0618969747887953,0.0
0.6890847080645949,0.08433657538690409,0.16425137947556845,0.30044342104041455,0.5174206431543527,0.6302924890112339,0.3933147214467269,0.2401565615144059,1.0
0.22105238304437985,0.7980612452395224,0.32196341597363465,0.45696083489961015,0.8577607776564915,0.13240826423127455,0.7982040918371599,0.9322253005540997,1.0
0.7409650284496682,0.932081198761652,0.02888899619175067,0.7042977221449216,0.45710004770670826,0.10089369284090643,0.22078419934163918,0.6349134510878625,1.0
0.9284420808900151,0.4848548721327629,0.3926144796250437,0.6602675912674042,0.513112180812139,0.23629773560317768,0.5899237468227843,0.4986880971908277,1.0
0.5987331355333279,0.7259786023402461,0.7813920565342225,0.5864395134173662,0.7996713596836392,0.09879383567894762,0.9341022542605942,0.8672436038486928,0.0
0.029839786240165755,0.46814906685879354,0.8398163423083923,0.33721884943978797,0.544098191974129,0.874173322183618,0.6379032459685821,0.8627969701212885,0.0
0.8398713981616485,0.053636439414975534,0.5907694658740641,0.409049609304016,0.6892576592085357,0.8914836797456507,0.5264894370598775,0.40873773945976943,1.0
0.20274208746919992,0.0923345493467666,0.4782852318776521,0.25304684505200215,0.9987863710584256,0.689635805443127,0.6124996874869786,0.9253882365492456,1.0
0.9707618908152459,0.6678382587098223,0.3818938624944484,0.5145689610577376,0.9863889948743149,0.3851806593471898,0.46308262844285175,0.7729399625265881,1.0
0.05859135410233396,0.6387922443438385,0.5876523472176751,0.030630671259604947,0.2020089883895988,0.9812312830167056,0.668791199633318,0.9685618411314038,0.0
0.8333829425085371,0.013834785346462875,0.1672870481849396,0.3091189808876645,0.3130984896767247,0.5418973900751969,0.9741555898162424,0.020640381935415064,0.0
0.044008909489518966,0.5789075205059578,0.8946517895375818,0.7785470698796011,0.24842538676130882,0.8841244961934618,0.861432559689987,0.558367172757763,0.0
0.6046215058692695,0.6779127114374106,0.5727255168622615,0.20628137804064406,0.08798517961124602,0.11766469353493375,0.04319929997083205,0.09706330472818442,0.0
0.9421275810035592,0.4712746691358588,0.3310675036997378,0.4407759006036522,0.8616741605290934,0.8878843415123854,0.04046001916746528,0.05992662012495581,1.0
0.9833432551683741,0.10023350431144096,0.13131137598409837,0.7824560193444584,0.9409468959065097,0.8525993127643725,0.0995991499645818,0.9678192074573424,1.0
0.6136612526343268,0.5916169934647463,0.335584128774754,0.3351817389585774,0.308347188090198,0.7106179284026972,0.205264386016084,0.808401345575537,0.0
0.6149176646865443,0.706969875395346,0.552675829741488,0.29266823272243014,0.8530235386702936,0.5375074549572016,0.20744697695737319,0.48928390443613184,0.0
0.45748334511219635,0.0220347792938273,0.8777048943724188,0.005627454699560053,0.01305035843710911,0.03644863879379323,0.2653477228217842,0.5774706113767145,1.0
0.0264984623808584,0.3171262510771302,0.5872493424309652,0.2603028739466595,0.9393628633789192,0.2406460184691922,0.6578174090587108,0.5471851599954659,1.0
0.739211463486586,0.46373515577838215,0.7129616315034599,0.6998781023224226,0.1832531942002652,0.841665729269913,0.3701220884203508,0.4461503070552699,0.0
0.4218743036145192,0.6090979608458186,0.907845354408087,0.47878091711090565,0.5537788329739852,0.5297224633513243,0.3827034459769157,0.8972998473058484,0.0
0.8747177317517822,0.6481265765390285,0.3466674236824609,0.5751498519055963,0.07462172931776223,0.5808409191723459,0.3927846993624734,0.32484097137484746,0.0
0.47912939346283717,0.7828205494412727,0.37285397961257416,0.6100805002181955,0.09551583475330216,0.6486420304650408,0.7432001333388891,0.5092108246150974,0.0
0.34205924237504326,0.3161485380495753,0.16808775157288597,0.7669250083895844,0.9330325705743537,0.8732832374358768,0.6806408600358348,0.12884652570796074,1.0
0.9427053819853433,0.1789443141593977,0.9874466264068688,0.08284054749168007,0.6130940851641689,0.1639589165532947,0.9858535772323848,0.6253825688623953,1.0
0.45697823351012246,0.534527897075462,0.5948889229663912,0.6324223946858449,0.5615785348468583,0.5828476556945261,0.11587066127755319,0.420953271588886,0.0
0.5764583505771643,0.39698254876486405,0.6823871254960621,0.9339065221226378,0.12784548757688663,0.863067293059939,0.007074461435893131,0.9677983703733339,0.0
0.7287097051464081,0.9797244670362313,0.14174360193421076,0.0856658146651263,0.09190758377462482,0.022604703680042804,0.6303320971707155,0.6207500683456355,0.0
0.8935575455820775,0.2496122862132109,0.7711288325914402,0.12900780065551504,0.47120987714593954,0.18076705938284626,0.43354139755823157,0.2991538476925847,1.0
0.12607495389264894,0.7002355218566512,0.45550100207312666,0.39145840822059896,0.06372374472718817,0.46679917565683215,0.0028534522271761453,0.02067538823654924,0.0
0.9801695944038729,0.7682772340729405,0.13552209946656918,0.5385479187861697,0.9629660093683452,0.8239388491880729,0.4827501145881078,0.31229204590159565,1.0
0.19623771443367016,0.7876154049133597,0.8985781014786747,0.7538279717367169,0.8342605805147549,0.2770445153800277,0.3076569857077378,0.6427932027764998,0.0
0.8459441448439353,0.10778894565741975,0.01511864896027948,0.31047670083073464,0.13040461550462712,0.8602394500417054,0.4883078461602567,0.7132800570769405,0.0
0.17196184921781982,0.8307165418000856,0.7306845562941175,0.5093327992296173,0.990168915709835,0.8981594480041939,0.7090945456060669,0.3301719309475706,0.0
0.9957513853428498,0.6199982797772418,0.9662343540488583,0.6350372922002729,0.5040354356301716,0.7242864995765796,0.8946664444351848,0.09845188800650784,0.0
0.13757711971781672,0.9954305255652178,0.9087471406293031,0.6345754339703227,0.7436464906382881,0.7473987240084642,0.2804691862160923,0.7180509158315164,1.0
0.22878159865699743,0.6846391009818542,0.5316991520184995,0.80790782996932,0.6652628830665597,0.7203796775213673,0.24221675903162632,0.8412872650410408,0.0
0.926883503861557,0.29562426299869865,0.4906056639284981,0.2835729946903547,0.005220408706925306,0.4749388746569659,0.7851710487936998,0.8872146986457563,1.0
0.24122501236250038,0.7991639929768188,0.8422428609254093,0.11110993207421038,0.6912609164251702,0.5489565182325438,0.5989982915954831,0.009320010935301604,1.0
0.6026108751801318,0.888378249376021,0.08996106851718116,0.9430158201697547,0.2114012134166759,0.7899264691837008,0.9298779115796492,0.8714001853666994,1.0
0.520944357075701,0.48355886480164073,0.6265952383352797,0.41842180310407995,0.19496574828157676,0.6401179103622313,0.5033751406308596,0.9454468470991446,0.0
0.3549316295367193,0.6398862316874588,0.9607520032176708,0.5113651346113799,0.14427166608912712,0.8579122299501447,0.37998249927080296,0.17505901062191193,0.0
0.6940289123334247,0.1702906380061981,0.6593293618303793,0.4748648049968763,0.7395513552897399,0.9394938694252308,0.30237093212217175,0.8015492788701967,0.0
0.10358422311501053,0.7447773453033936,0.48241928098003123,0.7214082298838987,0.003634518854763069,0.8276562463521118,0.9510412933872245,0.552065205070246,0.0
0.628595736688293,0.5641534247564477,0.11755270236066884,0.5854086225031867,0.4742065376763596,0.529570445896643,0.8314588107837827,0.8144924419728885,1.0
0.04689446563224908,0.06971362007606141,0.5877043478353151,0.9042141579045802,0.13452495740093423,0.09109798519832835,0.6100120838368265,0.11977655978076052,1.0
0.3182996309289597,0.036678971922672776,0.8113988006959593,0.81357401603107,0.8889083760562206,0.4878980310423357,0.5538780782532605,0.7107287645109452,1.0
0.3591332879157355,0.24548003506281196,0.3778850393692431,0.14972642659412055,0.6555665874738847,0.8009064803475655,0.43781157548231175,0.06200199369219789,1.0
0.720808051224259,0.1941645690390697,0.5953548060509617,0.4606615369718707,0.05018623658812654,0.005832376481175294,0.7825034376432352,0.05520410340527959,1.0
0.6154678755388034,0.9525699013048738,0.11479189405882329,0.1938478149277567,0.13341639996370253,0.4665596088827009,0.9786766115254802,0.0,1.0
0.28575415496739065,0.10914786854312525,0.8385274698568869,0.6767565402282232,0.615519485722746,0.9163134626445626,0.7732938872453019,0.27341171410853954,1.0
0.8994071836208013,0.553172669483089,0.7106096647923451,0.1797870040362855,0.8368897561120572,0.45104135935971207,0.20530438768282006,0.4713515099384556,0.0
0.3698934384305037,0.0712573076283915,0.5116221380425375,0.43747312348539813,0.35853554733497806,0.9911739673955723,0.750179590816284,0.8063868162935995,1.0
0.9308723998955819,0.32687364910747513,0.28615276614101826,0.7023059751084677,0.9861902611451414,0.047719950420555046,0.6725555231467978,0.2396956452161389,1.0
0.0701128860761106,0.2566458204692703,0.8938314532633838,0.9955957666090559,0.8391174842697875,0.884838951700367,0.8660027501145882,0.3731313303061218,0.0
0.7813800582788428,0.10905840634103836,0.33509463316482657,0.10912959221977131,0.41154359061170187,0.6470295311813534,0.6457227384474353,0.279147746594387,1.0
0.1914277467565681,0.9562782024946415,0.38952309596820106,0.714899238769563,0.6172324696420299,0.7017669575072746,0.46806283595149795,0.47134984297173493,0.0
0.21606281423565799,0.9460577432057837,0.7514529662372724,0.49909578186284587,0.9532025847590069,0.7797492587490953,0.9089712071336307,0.514752655477986,0.0
0.3117238949622546,0.5334307241341412,0.16536594373427044,0.02729924354466251,0.21604134086098137,0.7560239237800932,0.2184232676361515,0.9565946870436679,1.0
0.6351117824709296,0.06819435543943458,0.07096439390361742,0.7289274198148057,0.3672137637302719,0.8027970150457486,0.20963706821117545,0.28833523367539493,0.0
0.46454747942943614,0.7328594933731604,0.33816532269832267,0.7098790175498169,0.25167995007511546,0.5676278697605712,0.3571065461060877,0.7046551712641609,0.0
0.19566840272250913,0.21858748474231432,0.7464624987994756,0.6420593412219745,0.5136807874631653,0.7905289676820972,0.05476811533813908,0.5186308535536397,0.0
0.9480257670586587,0.5887648216569673,0.4366897786418606,0.29033480079213597,0.637962334519014,0.007707523723212539,0.28992708029501224,0.6720484687243704,0.0
0.2379486844814011,0.741362119102065,0.13014640296339847,0.2075878983062988,0.04341177787883982,0.17935725003873393,0.7432676361515063,0.6506496169310476,0.0
0.8577482103556369,0.4746760910804857,0.4542970285891967,0.15883970389077762,0.8101660395100696,0.43314574786220483,0.4788766198591608,0.21559547385195998,1.0
0.16670725599183334,0.5261245558082206,0.4692732064695136,0.8182239017602873,0.03286986894187155,0.05030981847046562,0.19375390641276719,0.35968641022050635,1.0
0.8002426870239376,0.09478374304544196,0.608800149422183,0.3933474906189192,0.8076530793645402,0.20931530064966902,0.16726196924871867,0.12117431137604767,1.0
0.6395240808772813,0.2158645951078776,0.020392732011633274,0.9325843501421255,0.90541521552129,0.838217877889393,0.4301429226217759,0.18136597920959102,1.0
0.06450439638102395,0.009090368504632629,0.4922025604467384,0.11372827827157322,0.693817391032094,0.5059652922661585,0.15980165840243338,0.7440722663412748,1.0
0.21439467255822053,0.9140913321479369,0.9095573951511016,0.24840650952168097,0.015927619530776094,0.38242895770678087,0.2224959373307221,0.4014981029918719,0.0
0.39777193786702836,0.5722408609183971,0.9356611745878287,0.8917171920823546,0.11889477513371405,0.46744544881495365,0.8651143797658236,0.4484540550632447,0.0
0.16169858632420953,0.3547818741614577,0.9716164179745972,0.07569355003442052,0.5038876456606796,0.24454143258277922,0.11952748031167965,0.8863353737005994,0.0
0.908163600978813,0.7049292346017498,0.2808664788630755,0.8715283368991831,0.8354681068184507,0.5646676415592906,0.614396433184716,0.8038588612616938,0.0
0.7985026518359108,0.853519581072665,0.682530127194572,0.3378918731786643,0.8535069737231027,0.6610639523901495,0.48541772573857245,0.14550119021423852,0.0
0.5010478943425378,0.1242215859285778,0.9832279436461878,0.19336712158331687,0.055478019625022024,0.9224413844041235,0.7458110754614775,0.3942567995572537,1.0
0.7964503706627786,0.3656694507020791,0.8168448041566534,0.32644967376785855,0.5656466063230757,0.9374433582433257,0.8468577857410726,0.6099789628799851,1.0
0.5218370569396604,0.48624910205964816,0.8057705297642515,0.24033897900415302,0.43757293315595,0.0008672688644906223,0.3449677069877911,0.6990533295993279,0.0
0.7889999745321881,0.16001204155930754,0.041146549944736044,0.675722996481017,0.2441086991245633,0.3516511271046326,0.022987624484353486,0.4030700526094697,0.0
0.4414362360271912,0.3488115331379146,0.707800570202691,0.9726583111269103,0.3647071715547027,0.6901894885634059,0.9184957706571106,0.5900087015662819,1.0
0.72399311944616,0.7211914453959352,0.38593929829942064,0.4945668653196465,0.8449168475789244,0.3258636077111319,0.6819809158714947,0.6524257699719282,0.0
0.47204032191314205,0.6513445611494061,0.3900640615772212,0.8059479169291865,0.7281304011661875,0.04347460433013628,0.3334480603358473,0.09935621745247475,0.0
0.7000703548302889,0.6984600820716154,0.6413822507034675,0.8960020479870966,0.12471005836775129,0.18034735325142254,0.38307679486645274,0.167303447953965,0.0
0.611894157896189,0.8956756573082654,0.640757182054693,0.39078299693199864,0.7141431551486894,0.02405165515967933,0.9426717779907496,0.8927673647923293,0.0
0.9054982352928692,0.9163961120841931,0.6161717675911987,0.26724533797755967,0.6123352354105829,0.4149845700956994,0.29661985916079836,0.15633814086535575,0.0
0.06401573274078232,0.7952438495399731,0.00812774959898499,0.8348844890179344,0.018964345205528865,0.406768199115805,0.2253443893495562,0.27934528215078713,1.0
0.16051035372668376,0.3866004203927098,0.3272863159313443,0.9011177711958043,0.09853531384274611,0.38226314460176203,0.4325838576607358,0.2053586312202863,1.0
0.561458339965576,0.3233219731379783,0.6381810290073241,0.1044773189408299,0.22690058696763105,0.21795350016873138,0.32675028126171923,0.5368432984603896,0.0
0.9611111818550331,0.49201662669626434,0.6658445616639773,0.9540762769080169,0.08881089304941386,0.9890271519622722,0.6727971998833284,0.3019993598847792,1.0
0.18067051442857662,0.1798753050873464,0.6238522057547704,0.32362599829422833,0.10948450752508315,0.3528619607227223,0.3703329305387724,0.000736799290538992,1.0
0.17695645853097425,0.7641152506773377,0.24187795455039895,0.7177298116090626,0.18670091926953014,0.7680327720979789,0.02216842368432015,0.6352760163496096,0.0
0.7989679699819391,0.6723902123572519,0.8251800256076511,0.39108886857997827,0.8543066846172664,0.09718213229816436,0.8501262552606359,0.5398471724910484,0.0
0.015271401981820254,0.6452369739582697,0.8225338309120325,0.9241433007344368,0.05010557563529788,0.6498141301417981,0.440710862952623,0.7875267548158669,0.0
0.0011534796459125585,0.3935705081612358,0.380619582052995,0.10186533954273119,0.3332077428146746,0.42545334629417,0.21353389724571853,0.7910040473951978,1.0
0.9481093333163548,0.9931952978454208,0.36817180155078577,0.9300394874196025,0.14069207097527053,0.7123506090249022,0.3196291512146339,0.8525867989571456,0.0
0.9947926283418544,0.5058214143310483,0.5003228813860605,0.5681079066361945,0.7322754189460904,0.6863450122356807,0.3158698279094962,0.6800907496682737,1.0
0.2409278878906922,0.8038778811740201,0.0072708006450198925,0.43577504506500103,0.8234957926291809,0.4009130067513791,0.8329055377307388,0.1244173951311236,1.0
0.1290382399195218,0.49714278432919534,0.7547730464880216,0.28753340911593017,0.5591048438494166,0.018459376054571375,0.9675594816450686,0.1645829582658212,0.0
0.9475031463359247,0.8080165035198199,0.5106919637290386,0.8094618595563667,0.784089202523202,0.281460980594826,0.5274894787282803,0.21208984283837756,0.0
0.86931033165458,0.7748671738492161,0.8064369866597191,0.43698845089141825,0.21182362209070005,0.8874964714971252,0.524558523271803,0.9591918211944817,0.0
0.33477650933925884,0.932909985096712,0.9475905407692802,0.348227045367424,0.5405894405260793,0.916739535999219,0.9345689403725156,0.7173232848579412,1.0
0.9421153776770385,0.2654205493350861,0.25490490519703723,0.6217150300234378,0.6188393207286443,0.6993203519801003,0.3551381307554481,0.6334265167730191,1.0
0.9299982703111105,0.6367399230253408,0.12241608665637616,0.3107173127862573,0.17693988264892685,0.7635921644950898,0.3972757198216592,0.8015559467370794,1.0
0.1506436989449959,0.5782778340271741,0.3214452669621505,0.7513502256897697,0.19354807896919546,0.819191023064205,0.6999058294095587,0.8939842504984231,0.0
0.06188519110409341,0.9914644564281909,0.30266720719009355,0.2077430890383613,0.6513194168425376,0.4388704121503599,0.6810150422934289,0.41591486467564165,0.0
0.4726351014361724,0.648182589965261,0.2898981371574658,0.6409210105702132,0.38374421775061013,0.5533859831947755,0.03298970790449596,0.5049692277943363,1.0
0.19438466583047354,0.6463577734158685,0.6448941495590825,0.9100127203343631,0.5833169269662832,0.8411704123626007,0.04836868202841782,0.9738019510178499,0.0
0.33406314531721226,0.9418312514567473,0.7723688881365898,0.9655426170993657,0.7861826726476056,0.4543037653635791,0.025749406225259397,0.8261003647323185,0.0
0.55724527412916,0.5228627692294623,0.6923152638261948,0.7613331016525824,0.9593195505699068,0.5589055698346432,0.7833468061169215,0.2268166603321931,0.0
0.44946178024249606,0.21881711324321979,0.6040760524951541,0.012388995518038626,0.6438428894451429,0.8165088302774199,0.6244143505979416,0.158384342514986,1.0
0.8960029861009418,0.34356379185941743,0.5776061462607576,0.2162387868064003,0.4256369694618694,0.4504542483174613,0.3383949331222134,0.23027561627759663,0.0
0.07295917934220891,0.0897186427017691,0.5473383377737262,0.60375031004986,0.7153729693472459,0.6864227454193135,0.6209925413558898,0.6585618744707381,1.0
0.5905386017746821,0.014928241757133143,0.5332867627121611,0.4850508879695349,0.921519280886379,0.4229093753117287,0.4654543939330805,0.6314078200742801,1.0
0.11201221181579135,0.37404120145879133,0.4094133322154969,0.943502615030156,0.394140194042658,0.23039823797709075,0.4511612983874328,0.42644926086695606,1.0
0.30334896420286817,0.7912047771223114,0.17818409598252782,0.4241391888432454,0.27676471040860606,0.05220035316864863,0.96104254343931,0.6364220559700746,0.0
0.3528095771706535,0.9796533220209218,0.9482758346231785,0.8630562493450817,0.45750547512750533,0.9151785051033294,0.7006558606608608,0.498343868563008,1.0
0.02221403361326707,0.317847788956276,0.7083776178729306,0.6728040843017279,0.19311558767606768,0.549812379155409,0.9823075961498396,0.024834470204636805,1.0
0.7322449557815117,0.3898648616362185,0.14610024551720185,0.29049874587318664,0.39408341297717986,0.2759875563233955,0.5494395599816659,0.11295699892647343,1.0
0.09117317475375813,0.1762315122510123,0.4303024578781732,0.9588890465850743,0.9676711431726606,0.8816025451913669,0.4781749239551648,0.4273844291972555,1.0
1.0,0.017144090424252578,0.7460857596308593,0.3077949519240335,0.062410350922904534,0.400974291274994,0.8637801575065628,0.018777546625059094,1.0
0.3705091758403848,0.41740992855235287,0.7337937156722963,0.7586513527458811,0.8929775088607649,0.8542351585332465,0.5915188132838868,0.30763120695058443,0.0
0.8449302075838899,0.06568808644862661,0.9824052195885266,0.3649008967902047,0.7539623366416706,0.07807091176514286,0.6998624942705947,0.167527654977896,1.0
0.14632398664637736,0.9852655487696425,0.19825553846374255,0.6974316597051906,0.0678597412163141,0.9639426801340514,0.14628026167756986,0.49710781273962645,0.0
0.5236184773219748,0.4240582709531361,0.38747384713834765,0.2770955722890368,0.14788310105278463,0.5397009633608751,0.06725363556814862,0.35238842991738517,0.0
0.2572625710180546,0.31107653557755144,0.9913962855640448,0.45259214947122406,0.440164962261818,0.554067276080677,0.4814292262177591,0.11293199442566326,0.0
0.859922790083683,0.018634153748625537,0.766170202266484,0.8050677069309242,0.9391532510343972,0.714520240341453,0.7812233843076795,0.5468484327178892,1.0
0.13193944815496317,0.25361233505904235,0.9466195088276355,0.03448285009769059,0.9405165272700353,0.6248166770310912,0.3738072419684153,0.3854035393037413,0.0
0.1442366872319248,0.9095558374219594,0.7417185036769212,0.923627855277347,0.38815403694802303,0.6512666529417632,0.8490445435226468,0.3703916705006901,0.0
0.004338547867813625,0.9211925603551303,0.16807554734629704,0.5618156519801409,0.9853088279698222,0.2357124816677031,0.7539372473853078,0.963540103885366,1.0
0.7969748484134616,0.175672174388113,0.03634498270979464,0.9933130037895719,0.4777784381598477,0.5493030012967911,0.42184841035043125,0.7815265081047922,1.0
0.6810042488799468,0.2919212711384317,0.30350744165981725,0.3281132653589084,0.523265112917374,0.8280534019012529,0.6249793741405891,0.6639995199135844,1.0
0.9120524827933096,0.060038163460451044,0.0990518907796007,0.7019343132014256,0.7401939895915531,0.7375499561722801,0.7779182465936081,0.9982488514599295,1.0
0.9870395366556095,0.21503872890404285,0.15146532964942566,0.4489259342283108,0.8260376739716127,0.11232206264074218,0.2640626692778865,0.9866025884659239,1.0
0.49441989630355937,0.7415325485790376,0.9891512384902205,0.7255031429439284,0.8225360864897681,0.2755121369886855,0.5580432518021584,0.7191219419495509,0.0
0.8727678524055409,0.8783051239808077,0.9225235899740687,0.12920119218316223,0.7238723519194918,0.4963433567576402,0.4718154923121797,0.5421242490314924,0.0
0.6770381677607215,0.6416847670558228,0.16359845335305817,0.33031830017070984,0.5782509415308918,0.7174496936304422,0.007183632651360461,0.7967825875324226,1.0
0.7863643212934253,0.8657182965334855,0.542453728736125,0.5229184877260048,0.30302887184513516,0.3474394742371536,0.2488503687653652,0.31797806938582274,0.0
0.3146094511049847,0.023297072382619965,0.07392524539781264,0.4803585569118901,0.06411431355141156,0.030939664192646654,0.691931330472103,0.872712921659232,1.0
0.9115431265559242,0.4988900846678775,0.0980060416227801,0.12737657362739102,0.05983954838357042,0.20620942221693978,0.9741855910662944,0.5281934081467997,1.0
0.8084154670266117,0.4354109447580193,0.04013359913785092,0.6522483423109624,0.7451328809598229,0.7243759060028059,0.39910079586649444,0.4759965127056204,1.0
0.9003667364909176,0.6799599888928827,0.952317025479772,0.7713342821632792,0.03520240327186297,0.2441957454214359,0.30837034876453184,0.6316778686830297,0.0
0.7762493553460121,0.8850777046919075,0.6625422571345643,0.46513474402150917,0.22321538968526838,0.2993958566356017,0.906671111296304,0.850983176971855,1.0
0.018958928908725525,0.6133002951456269,0.48215768603618925,0.3248765437830195,0.12502766086951445,0.5154415775432282,0.4048102004250177,0.425357397664913,0.0
0.35626364915542375,0.02281047233388034,0.9032926472718512,0.9772816685258605,0.06289988861359208,0.6241062010387064,0.43392391349639564,0.7304873210511226,1.0
0.13917098027730207,0.7782306340879128,0.2926337410783124,0.6098961283228391,0.999428740028157,0.48503039287889754,0.3651693820575857,0.21611556746881105,1.0
0.03935334042187433,0.3429386183107094,0.07681525931593713,0.04510638523645366,0.47562447232082256,0.35788676105721373,0.8066077753239718,0.1572516386282864,0.0
0.6489866994352513,0.23582316110045404,0.2011341440830991,0.07062690423670698,0.35504616512889037,0.36168985043392626,0.7162965123546814,0.36915061377714653,1.0
0.19679057818299905,0.07877558366786525,0.7698460622532293,0.5716910882053717,0.9477160479741631,0.5899020084344484,0.660374182257594,0.516568815720163,1.0
0.3926773143343457,0.9535784084435328,0.05153579579251327,0.2542759025932769,0.6539265698770611,0.24696495692573484,0.8447668652860536,0.4737277709987798,1.0
0.5048847793744681,0.6033458332647544,0.30753483643417967,0.0034725584319634795,0.7996570317512288,0.8540048772929963,0.722088420350848,0.709867776199716,1.0
0.2946474618141996,0.564012196591729,0.7453208729948588,0.4564411449096777,0.12202861235035933,0.12556641756674441,0.8281528397016542,0.24895314489941522,0.0
0.6575165593835092,0.5793248338047132,0.9054451014091637,0.14526595314301027,0.6957243327030812,0.5443957292911371,0.9578049085378557,0.2267874884145813,0.0
0.521177546728129,0.403967237189517,0.9824160972687471,0.548086710500311,0.2642198095870849,0.2650616665570089,0.9475603150131255,0.05193101424923152,0.0
0.5931909682649841,0.589823767425883,0.21949726015113075,0.6379906912089093,0.13836033264152414,0.5366951033930933,0.5565365223550981,0.3853551972688417,1.0
0.8774220950246507,0.09261514741087884,0.19185680940128713,0.1743932639263786,0.193987203564365,0.19776064758905093,0.000386682778448999,0.569269968594347,0.0
0.3916800903258395,0.19664216765057385,0.2002342150267989,0.947863341959462,0.6763333335102214,0.7313039754819458,0.8182865952748031,0.4329145912930994,1.0
0.5592792503125114,0.7000834095664561,0.9009266191692318,0.2212499883938555,0.6414294288302411,0.26665479887003013,0.7195483145131047,0.01995109119641536,0.0
0.5033049791694523,0.05396057398099363,0.03488047551911738,0.3829242443736728,0.6414962925148228,0.38942202592308817,0.7360231676319846,0.8928148733438686,0.0
0.6390266626767095,0.856952062594871,0.3250953919493492,0.08741986786238692,0.5715635117443939,0.3569552893584598,0.15258135755656482,0.4034259500043341,0.0
0.4636165778476728,0.0891800112239225,0.5010875027127873,0.415164919997188,0.458351619135962,0.1342977377255854,0.5525838576607358,0.9607929427296914,1.0
0.9080500569842291,0.7959144178559121,0.2682022059935487,0.06520902334625711,0.3086414413687739,0.652459976695963,0.9000875036459852,0.21051872670414007,0.0
0.8971994426793836,0.45038856327950905,0.5721991432632935,0.36071446099075355,0.39685374524193245,0.8256847948586796,0.8219284136839036,0.6479566321937948,1.0
0.0329800205015886,0.24020787086861156,0.8345791372460791,0.3297192904732787,0.5110325079559824,0.292812413113933,0.280359181632568,0.8764010855287285,0.0
0.1987531914351749,0.05824971581813848,0.0659404974973376,0.3052317846536262,0.9867381718937971,0.2549759849563739,0.4618784116004833,0.5425718295959939,1.0
0.7422920075639401,0.23276392544214763,0.8248184090676343,0.31425035581122973,0.5493913016714329,0.8112468508775095,0.20326596941539227,0.22169823901635627,0.0
0.4219735219649266,0.2798398918595767,0.4093581478865729,0.01547370976149709,0.48477630648190356,0.12975047913354826,0.13960665027709485,0.3461639761823795,1.0
0.5016885689848742,0.888160301400017,0.43087021972383427,0.5024301276941178,0.9880674856229812,0.5899144775799459,0.87016125671903,0.2553951377914691,0.0
0.11770294132003917,0.010047109680659694,0.5591801518948654,0.5905726272729805,0.26097479822821845,0.7453829672533709,0.40621109212883866,0.9696236989324746,1.0
0.39798602666055444,0.1662372303988846,0.585563036687497,0.9251757833484324,0.4026103900859198,0.550611200370148,0.40413100545856073,0.0176848499396558,1.0
0.6749187682917253,0.02373004820340252,0.34591898622142814,6.366799264134748e-06,0.5498150370058654,0.9290120934793267,0.16545606066919455,0.7713046681736047,1.0
0.9389085556991656,0.3729931398153521,0.8097154133545015,0.5277806000973589,0.013193637761212795,0.4454161829345683,0.675790657944081,0.6064099871310169,1.0
0.7306646249970818,0.8354060070815836,0.48329745467589025,0.4771512817825977,0.165604630787755,0.3015901609421793,0.7819117463227634,0.10649666940049207,0.0
0.24611509753110788,0.9772842991977071,0.16444372869898172,0.534548242431799,0.7461408775381003,0.661982954943406,0.9287020292512188,0.11288198542404299,0.0
0.21970762951974077,0.19913808344885542,0.11556739306577068,0.22362825320230112,0.6093659040845751,0.52085690090266,0.4026859452477186,0.731940082548192,1.0
0.794587506340424,0.057085910791583816,0.5213847233858981,0.4861366925273673,0.17189485844798774,0.9949950972381109,0.9624876036501522,0.926848499396558,1.0
0.32546510591426264,0.453413819229011,0.3781569813747584,0.72238367658782,0.3974441091236559,0.7440217079864081,0.5292920538355764,0.517145586205517,0.0
0.2658969551108593,0.4098643094659504,0.01587796410153275,0.06777219061666429,0.38127264940982186,0.026311754106328356,0.9253168882036751,0.21916444960092818,1.0
0.8271388186755464,0.08477937346726294,0.5995111411323294,0.30378439895425324,0.6632317659813493,0.5940160305456923,0.7931488812033836,0.9706463830156096,1.0
0.37369742753876944,0.9968282065562786,0.38061560241388986,0.03648547374955402,0.5981370503881542,0.854265933445538,0.10897787407808657,0.5862330219439499,0.0
0.7703031518539507,0.9590547163570353,0.020243628199828834,0.42882621423483674,0.04598443774274569,0.40634079925630834,0.04237343222634271,0.21275329559320677,1.0
0.16167020032556356,0.8806268937714662,0.9147457833070589,0.43580555264480825,0.3357915466260107,0.8376620723613697,0.09134463935997328,0.24182602868516334,1.0
0.8430081836568807,0.770485649678759,0.22181447134739435,0.5791184901135545,0.7664294951632615,0.5571824400472872,0.8297504062669279,0.10032305815046705,0.0
0.7615623865886503,0.0705317877521201,0.325726032092871,0.6813748572444227,0.226102733398039,0.810836695580935,0.3095620650860452,0.6603088555940069,1.0
0.2700452902587742,0.12429246547741224,0.17291505380737382,0.8833636861645473,0.7327999804715588,0.5019297992414515,0.3488987041126713,0.7594200289385422,1.0
0.3489456325886121,0.04477861954247381,0.8345382796179334,0.6460298364130515,0.23824645211206985,0.8563509337532871,0.14617859077461554,0.7977594300307389,1.0
0.11097280674387666,0.9100517287973253,0.07124907075426895,0.5122742604896334,0.4218130035007915,0.19715072066354955,0.7491887161965082,0.16507804738186205,0.0
0.5297265075352888,0.06936001873131448,0.6487851753667768,0.2951531414185494,0.614385191073592,0.8597136235230696,0.6506454435601483,0.006639528448454002,1.0
0.5213022328904057,0.49588712790227857,0.6654455365163725,0.24978545212896486,0.1887593655591529,0.3578265377374709,0.7967940330847119,0.23107409333680062,0.0
0.3537083786978733,0.08024042767710993,0.3718986009180762,0.5564155450709699,0.23299446888742542,0.6104057937486602,0.2090228759531647,0.9671982623538904,1.0
0.707803284498804,0.6488104181787194,0.831785430594298,0.3854006640041066,0.26167792824465314,0.559132136861341,0.5928163673486395,0.11363795483186967,0.0
0.6179215400385838,0.18496748301147287,0.13703250516159193,0.9213466841576791,0.05257873596857615,0.20657394574701327,0.10199341639234966,0.1962669947257173,1.0
0.9684774811485134,0.2796699933155541,0.5548901009395663,0.5011257296948844,0.06670660798936118,0.5845076438514909,0.010634609775407255,0.8001348576077028,1.0
0.7729021951131514,0.6389759471445629,0.6728155628297463,0.09518497541486992,0.0643746043235332,0.40449244741204216,0.9810242093420558,0.4607612703619985,0.0
0.009187513131840519,0.40551676500429784,0.0046397285780006015,0.22134708208263315,0.26993877727547466,0.3596178498736107,0.897867411142131,0.9020123622252005,1.0
0.9231877529537356,0.18699883247844273,0.2537248095477379,0.7897189456049851,0.9953272367096486,0.5684622413050261,0.37949581232551355,0.9866550979176252,1.0
0.15337034655325005,0.3978341652167772,0.9853153970114502,0.26704425323413505,0.23310856168254496,0.5280563732720949,0.38710779615817326,0.9168658691897875,0.0
0.8702499877966735,0.5673549504453731,0.8837767624097086,0.03768561541083765,0.7642325455270053,0.6421846049031864,0.23057627401141711,0.20808995619211457,0.0
0.15170512306258926,0.4175700048367991,0.4242207733977575,0.767157661846027,0.8457858101464049,0.9273985329917672,0.050235426476103184,0.3450404406126436,1.0
0.011722621571661151,0.007482172598868964,0.48376837863666056,0.3891483212209399,0.24024626001164273,0.4572456877980656,0.46356514854785613,0.8831606355810713,1.0
0.468369773527483,0.9681342007361915,0.49667434825450374,0.2594640481436138,0.8412584488368107,0.8568467812625356,0.47704154339764154,0.3801134204156748,0.0
0.022930846401504335,0.3632839689574122,0.7558244671395893,0.9565094553601154,0.9797251796430859,0.4167801270473276,0.46782115921496725,0.40578220746401017,1.0
0.16096771318150277,0.07144870895689193,0.7268924908455034,0.7916316382172431,0.13693815268375437,0.6383138637796262,0.18662944289345385,0.6192806371813593,1.0
0.020486467041468004,0.28367375869203604,0.7950077284591421,0.38257751909708176,0.8136304805004799,0.6439844066703031,0.4772340514188091,0.6133779080234443,1.0
0.38045382579592224,0.541091555670709,0.8234194332675543,0.8043294234995908,0.5314583022673688,0.49282520062059204,0.35003208467019453,0.808349669607196,0.0
0.925800060698285,0.08441302973171422,0.44750962144080975,0.10463091797307639,0.8105239724882471,0.4472430454004241,0.3767931997166548,0.5694466670667386,1.0
0.7157333244195991,0.9127390459241074,0.20233015828881884,0.16600500589592143,0.22519821633161413,0.6116590755216348,0.26886120255010626,0.6335723763610783,0.0
0.8170042212898174,0.7719560684839792,0.9167260517257572,0.7081923463114346,0.9077504031720981,0.07786716062169563,0.2769507062794283,0.5898078320764404,0.0
0.7438710118998351,0.7655285941904254,0.9742626126702159,0.5403621912931367,0.4519008655663168,0.7436662046892477,0.5579540814200592,0.2101061524407727,0.0
0.9395805345269248,0.6680763821379289,0.3831880411314273,0.2610355864286368,0.2519994099014503,0.9344162741981012,0.9753689737072377,0.40855854053729673,1.0
0.9175718351468538,0.811328728728835,0.13477047829425237,0.9111590094852045,0.8448046121083765,0.4392025689623337,0.2619892495520646,0.14412844311976153,0.0
0.2129071931712308,0.9163955811512431,0.6103479637247936,0.4031438724199541,0.44192809394453814,0.17924847664184157,0.9178215758989958,0.25072012962333223,0.0
0.7372652981962422,0.7592994233537229,0.36609575648429127,0.047139516468124254,0.6437524112052923,0.29799214921375405,0.3204350181257552,0.39184053129563323,0.0
0.238939806826647,0.3937796957435636,0.8951574690132034,0.2771855033286422,0.6588354787201017,0.7258921010350983,0.8742889287053628,0.6325555266614658,0.0
0.4357094271227952,0.11119833159629766,0.27200912876148853,0.03627377767402257,0.039762135095421314,0.8565759089741767,0.9273028042835119,0.5970066278596814,1.0
0.5322173125940453,0.9272088270788545,0.2041538942360499,0.8138934171274859,0.257442166892818,0.3851785369394456,0.425976082336764,0.15217489148046642,0.0
0.7424644458734717,0.12887733696774628,0.17242210917688855,0.5973872247519932,0.7826752478599641,0.5240084111018904,0.3639284970207092,0.36422139318410646,1.0
0.17534031363610325,0.6065922227879608,0.8271250078929508,0.07252129230108068,0.19137951986567825,0.38012428819750277,0.49209883745156047,0.42855463983517034,0.0
0.4386894264012072,0.1895982802019881,0.9079138042006948,0.6320891988576901,0.9623530922596795,0.530001029367756,0.06613025542730938,0.4773292525988011,1.0
0.8742494954189773,0.7772638051858345,0.056151381226609676,0.8138515023656638,0.554380340803139,0.6357186897103551,0.5770207091962165,0.6484617231101598,1.0
0.6085767101105091,0.14696011684772364,0.8490077167855341,0.7862132267601879,0.07951073825467736,0.7238450387657775,0.47813075544814365,0.6813026344742054,0.0
0.9763977053501506,0.3809956267052902,0.20100599970391486,0.9153011429731095,0.4536056241910688,0.3891458476153688,0.09398891620484184,0.6737204363452088,1.0
0.9461443324568162,0.9740570232607033,0.9646974174264682,0.8111111258490724,0.4975117157380663,0.11383613526529035,0.7088128672028001,0.5926050022337355,1.0
0.6716209519443613,0.6035900624217869,0.41057565214346015,0.47817819344723717,0.4233447656082924,0.9375799882418612,0.14288095337305717,0.37699535916464966,0.0
0.5930416101599592,0.07569219056033066,0.9920855590570483,0.031313510480680096,0.6785886562044459,0.6260269800472449,0.7123638484936872,0.2661854133744074,1.0
0.8050868770732391,0.4990379494944721,0.5808031230085222,0.9392214730916514,0.4470702296873698,0.5770680741059888,0.9955406475269803,0.41813776479766357,1.0
0.5312521886400825,0.7054368065020172,0.8038518130970453,0.9966767960674403,0.008686972353989075,0.7237574894463276,0.004844368515354747,0.481875904329446,0.0
0.2722551535178477,0.25874353655499904,0.11856591847682763,0.6147455070956651,0.4951306256371287,0.10522393524109486,0.9843160131672153,0.784234495542531,1.0
0.756828291767742,0.5159314395662914,0.2876968661137975,0.6485229688915535,0.13887799553286906,0.2356562378624807,0.8080678361598399,0.7010311856134104,1.0
0.7442912307956782,0.8305368209964867,0.7140228685981536,0.5319707498630475,0.42978357923426225,0.12198485449833707,0.6429659569148715,0.9498318030578838,0.0
0.5832163405725589,0.9646592445779799,0.1376708392740501,0.6454265821827776,0.10140886028726975,0.6662017709370218,0.8212417184049335,0.10161579084235162,1.0
0.9241388165532287,0.17004375418441525,0.513947573826285,0.5123114001520074,0.04637792521986739,0.01722015523290238,0.14356014833951414,0.7841194748388043,1.0
0.9692791866429816,0.7544283790033007,0.5609147439261422,0.7381850112281158,0.9463291571832559,0.2902594218985786,0.37817992416350676,0.8693223113493762,0.0
0.14156124053711622,0.9496784404587897,0.556270505090489,0.697352339997692,0.7348939812601257,0.6855276199531797,0.5801100045835244,0.5750001666966721,0.0
0.29203541935935723,0.668038951364949,0.754528166028421,0.17281668525860483,0.6985649779694773,0.2759620874304646,0.11931580482520099,0.32230884892614003,0.0
0.6077715558498503,0.614023425823623,0.6264721348322954,0.35226969761682747,0.4820516113351988,0.3462217427938951,0.7858594108087837,0.46021700572769764,0.0
0.931228683972045,0.3153754996742726,0.18702499690914698,0.9823217859933069,0.7662230668037195,0.08754427873156423,0.8921263385974416,0.41576067025397906,1.0
0.33970904086098186,0.823591421610139,0.07380903993594373,0.5263610691447664,0.15611211023380533,0.8058774245855469,0.9721555064794367,0.40923199509244995,0.0
0.38147147711186524,0.6406282104851824,0.4228424917210241,0.6037190066201448,0.18939616255516917,0.05694924049638872,0.7662160923371807,0.33208977615970875,0.0
0.46597314631470155,0.690493167689332,0.8438235735779556,0.675097193170016,0.7271993508915954,0.3981032041989715,0.6134672278011584,0.19035343028411777,0.0
0.8812547354212694,0.5031813502368226,0.1660289516091803,0.1711313404367359,0.37340422652779537,0.8178061520110875,0.4269252885536897,0.10321441192748027,1.0
0.29562585025351085,0.0030016294332237403,0.2368978341742753,0.03656771157338201,0.9800751526588132,0.2975886264413802,0.5402883453477229,0.3121261827128883,1.0
0.7645861586687126,0.8853131734552638,0.6182547106988087,0.2670662717482568,0.5993437806956052,0.1287969874544478,0.11527896995708148,0.4872602068372307,0.0
0.26937384201042913,0.8386335484850624,0.6856392865727508,0.5827255471799722,0.38505946887946546,0.6552960440442055,0.5613242218425768,0.8474642102245071,0.0
0.6599832230789311,0.030515636771778987,0.304139673658981,0.9518425914995272,0.5476531112043901,0.6044712763947934,0.48704946039418306,0.5673904636167844,1.0
0.42718832173486737,0.9119341515718005,0.6825025350301099,0.8731969688729837,0.8765778635566916,0.30576414107219796,0.9233018042418434,0.3614483940442613,0.0
0.28998950513919225,0.2858258954051469,0.9390008877248297,0.010340743138115782,0.2249822360171319,0.9841418999369645,0.5833051377140714,0.27743410480553166,0.0
0.341659981366051,0.6105896169690418,0.9606034300244137,0.014690858735314949,0.3268291595712446,0.24882312490581815,0.07058627442810117,0.36082328152400767,0.0
0.7958218993469628,0.8031534231636488,0.8410818675438145,0.6033754647431858,0.4150541993843234,0.6354215526261613,0.5810183757656568,0.8437468744373987,1.0
0.9879380728931222,0.31415515028853547,0.6924203262985695,0.527988582206653,0.5102633102512111,0.3706755942211082,0.7122230092920538,0.906509004954225,1.0
0.8190599512291403,0.3185717160336972,0.8642306322903672,0.5868865157823668,0.31231814802452307,0.43089519975040486,0.6622359264969373,0.8056700206037086,0.0
0.6067570880103909,0.5675991796024055,0.9847823906806403,0.31254750229138456,0.9306878309686054,0.4766853509295085,0.13190716279844988,0.9460219506177778,0.0
0.4447414804863503,0.8935529873738834,0.9925657688423972,0.10338276003400931,0.8325579445466562,0.6661081196953071,0.24785949414558933,0.6655531328972548,0.0
0.44448070070439727,0.5119502388401875,0.42866364249469247,0.4211788924687397,0.5261702338796167,0.6406264923179452,0.04887536980707524,0.4777826675468251,0.0
0.2874334388125208,0.3320789157499666,0.7032401690975186,0.3407508313315497,0.9014795447538275,0.7115520531111315,0.9036676528188674,0.38145366165909866,1.0
0.11154477135210744,0.5192821574141866,0.5606749043427414,0.7067017194337263,0.8585655298602071,0.6547757888458984,0.8154923121796742,0.4737511085328693,0.0
0.7412783355936017,0.19747732518103478,0.22967983007471637,0.7453404977510608,0.1982924819215986,0.536656634752729,0.9093337222384266,0.6049280537163356,1.0
0.4915229327034295,0.055577264813958416,0.18567245023195988,0.2537331329560121,0.5333005029104276,0.4494426557263622,0.3372348847868661,0.745487521087129,1.0
0.26913057134913615,0.7518544160613587,0.33566186439194035,0.6404297058936664,0.1283013280932016,0.5213806050135515,0.2050660444185174,0.46605722363358737,0.0
0.23120475484047603,0.4098672295971758,0.06520930513909368,0.018908332681178586,0.20596429373110503,0.4395097874833126,0.4244260177507396,0.09993548838790983,1.0
0.5080496855786393,0.7897757710871967,0.17741735218161164,0.5399897335361866,0.19301078150380668,0.7906555162438478,0.18133088878703274,0.5718212611603422,1.0
0.5981404783279533,0.76695600742669,0.9460114199723759,0.8139676964522338,0.506717412311727,0.7892982364914054,0.369476228176174,0.5930609176318404,0.0
0.29439623246169755,0.3387386732091764,0.544201851540359,0.9008747716905576,0.013679195470675254,0.6014571920970025,0.8355764823534314,0.024671107466010533,1.0
0.32935557946700117,0.8336279126317974,0.6212564198211497,0.7073296450111485,0.41085982983722935,0.1590540322563529,0.561082545106046,0.785082148119995,1.0
0.46606467126360673,0.23080823392056282,0.9782101493532025,0.8720270695082045,0.21607716069200728,0.3581517967242759,0.26199591649652065,0.25237876151040517,0.0
0.3322748274025167,0.88961240301846,0.8181227989279383,0.801832842338154,0.5732555344292256,0.78457296094982,0.966656944039335,0.9920235642415636,1.0
0.4734028498481482,0.5461234727050025,0.3270589458838062,0.07955713605452103,0.43282030490901496,0.148688192833478,0.3702154256427351,0.02034032792569329,1.0
0.4671054027840563,0.7179992110336362,0.7774201113980579,0.8456443797742704,0.8452646979379983,0.17119738816502994,0.6251877161548398,0.1553771345508858,0.0
0.887667583507894,0.26970809837338067,0.25821490369538674,0.2425349941836636,0.34304121509357466,0.6501701640408946,0.4211517146547773,0.07282977602635143,1.0
0.614491078837734,0.5369431110653329,0.15412532042727523,0.14488500632037477,0.29401023438905427,0.8160143092730117,0.31767323638484934,0.9755656018083255,0.0
0.47881290284242006,0.46195254839852035,0.7753424744759213,0.9327124819773156,0.05901993758328106,0.43206278931070563,0.28162090087086955,0.07360241510138488,0.0
0.9803812955900362,0.3237923797317408,0.5404158882050395,0.2830312861863005,0.898486598872551,0.4215889723938425,0.2752948039501646,0.7514802664479607,1.0
0.8101836229235775,0.15221024732449612,0.020145198459295965,0.7736366759471609,0.7247455598002792,0.1698958216158739,0.7500520855035626,0.6714933688063852,0.0
0.3080859772105531,0.39753870103006295,0.023266827373337406,0.23012265373498997,0.7482176317413585,0.5549722176826279,0.6879711654652277,0.32534106139105035,1.0
0.2243157117298375,0.6366308163041013,0.29122680600002226,0.967572034364799,0.8882453111841188,0.3470072989602324,0.986322763448477,0.5121271828929207,0.0
0.4285797662479334,0.2970814084801672,0.959643806381537,0.8898153760855061,0.15497171294677275,0.6461718131517118,0.23373640568357013,0.30918565341761517,0.0
0.9002837008126354,0.2850852439397985,0.49683565629289717,0.9702020530274793,0.08550936595715097,0.5157395105303261,0.4088812033834743,0.8456422155988078,1.0
0.06152307065407714,0.904351367178893,0.3410306628539955,0.856808562283877,0.4660128176622015,0.8596014012135929,0.7653010542105921,0.9482590199569256,0.0
0.4172906280574639,0.5813314948895049,0.6053967620595003,0.2048910282513453,0.7220744617340725,0.2904615812362176,0.7731030459602484,0.06784304508144795,1.0
0.39094762544489087,0.8898757457616949,0.24072412451919328,0.3320192967074363,0.16313518510362013,0.8087272875841269,0.8635826492770533,0.7040025537930161,0.0
0.49455678579235673,0.040667340243602634,0.7897052573155052,0.282124547857771,0.659954914772682,0.5350605841290594,0.08741614233926409,0.21497036133170638,1.0
0.14387907670692707,0.8984572150336849,0.35423377885835294,0.7222648296682235,0.40243341358744367,0.5779570976498579,0.9322338430767949,0.47065888526601457,0.0
0.8540911917450333,0.017212580774811692,0.8968806527457123,0.22954274443535116,0.0021531698427800783,0.9405089109289142,0.3600466686111921,0.1206758883265654,1.0
0.9305161158191191,0.3379332479239194,0.019094043117001858,0.10836265819174945,0.521559558296377,0.17295686418500605,0.19125880245010207,0.4291972555059911,1.0
0.8753284286572309,0.9114738327040892,0.9514163004956508,0.6368375046921984,0.7599108165807079,0.028601301460428774,0.3976132338847452,0.47051886006147775,0.0
0.16842235394740473,0.34836661132575547,0.23314291202397547,0.9396268259781326,0.2573203794673299,0.3402896131487405,0.10113838076586518,0.8381100264714316,1.0
0.24127117277151344,0.5746749230279955,0.8154962371185714,0.6658557840381689,0.4230613909450651,0.17533077724694002,0.0818517438226592,0.6954460136157842,0.0
0.49171765534834666,0.3297348467754052,0.3363129333495349,0.5833555950238158,0.973909631076967,0.7057724715225941,0.7819967498645777,0.5433953111560081,1.0
0.9124241536727768,0.3035431279490007,0.47578416135473284,0.2243532724685009,0.7926474888175794,0.08021029877133812,0.6517038209925414,0.8058175471584885,1.0
0.3303138058885826,0.9355312010712102,0.9674308988731254,0.7407158139355972,0.4779453320392203,0.3507591852501152,0.0307871161298387,0.48457972435038305,1.0
0.2888755536596185,0.5668033111102497,0.6211166018339238,0.3554568112151169,0.04234461224634917,0.24853819166615376,0.2791274636443185,0.16459296006614527,0.0
0.7302849954264055,0.455341105837767,0.7453516488706049,0.9759419878473719,0.5482219831874979,0.16201691346731384,0.35468894537272383,0.07600368066251922,0.0
0.7405511765067925,0.9800332045466973,0.327116783305467,0.052583660405538635,0.13132292983929894,0.29160370190358753,0.9651918829951248,0.3727295913264388,0.0
0.9549662763724498,0.22512672042185805,0.5656969435841054,0.09757013758918492,0.1479855192363106,0.2609877048919376,0.4883953498062419,0.18692197928960547,1.0
0.2588039042155596,0.20975992804796656,0.4990780502739849,0.6498430186056444,0.3212386126103848,0.3147541296748684,0.9951939664152674,0.6045254812532923,1.0
0.4935863560442546,0.730154655459026,0.9123927553588493,0.8961158545239425,0.04008875888796143,0.3440306220989339,0.9628384516021502,0.8247584565221739,0.0
0.8713015961951089,0.23680697985693477,0.721103177184676,0.5077294269482737,0.046628398704967156,0.22553155701954525,0.6699554148089504,0.5438470591373114,0.0
0.2201851509922897,0.22254665175099025,0.23601223181875342,0.15419777666064033,0.7997631645838983,0.6407227965693402,0.6675819825826076,0.6493085422042635,1.0
0.41776125199763153,0.4887641314441323,0.04568201197818311,0.8875257159001526,0.6799039073333011,0.7258939581418745,0.9093212217175716,0.3956528841858201,1.0
0.5187827765432964,0.15867462145807987,0.5804863437357561,0.6136673957536102,0.37526791906946977,0.13506153921254427,0.3853960581690904,0.15648900135357696,1.0
0.835513218855519,0.8139892337416383,0.8171544200790303,0.5304254746249889,0.46093648427562484,0.56184881877397,0.24445185216050663,0.3980441479466304,0.0
0.7464169972176415,0.552826766666118,0.9004281030439995,0.8413099158919288,0.0015129235297020038,0.1795591440754049,0.13591899662485935,0.3609933121295167,0.0
0.32910435011449907,0.6101871697928883,0.19993759925883203,0.9633911695147039,0.6267313581659397,0.30242453248663415,0.8049660402516772,0.5692416301600955,1.0
0.8364592419505796,0.7143150672930967,0.9067636884993205,0.30521507180555796,0.7082769281549709,0.4558838979291668,0.5805733572232177,0.35734598894467673,0.0
0.8913824352746174,0.6985346781511003,0.8914893029953948,0.6376508632981877,0.42927706029034757,0.6140887017868552,0.09729322055085626,0.20438678962213197,0.0
0.8941645284316284,0.45076924220470965,0.9657613076138986,0.6844837122684242,0.4742617267493477,0.4567957373562865,0.902450102087587,0.9106622525387904,0.0
0.4011559733691581,0.44109617478737456,0.5170856519152942,0.24566560243848412,0.9562767222572756,0.42936282135906256,0.9126305262719281,0.013379908383509054,1.0
0.32804451773514753,0.8028359252595068,0.5083413235642921,0.3060268387117312,0.34983610437315027,0.819111963375732,0.3701529230384599,0.966103065218406,0.0
0.7411952999153195,0.8012181725606418,0.3383398962003997,0.6415051644026948,0.2025001180727763,0.23158280679934545,0.3581224217675736,0.7875284217825875,0.0
0.040902897600295474,0.38291256012151986,0.39481309757597527,0.6067986804808525,0.9465921012761942,0.7068641850060383,0.12508521188382848,0.2866115900862155,1.0
0.9891379782377547,0.4813841634381518,0.10632401797098895,0.9007307228572072,0.59132809850825,0.44679282965767686,0.8089862077586567,0.13205627012862314,1.0
0.609539446457109,0.32413376961863616,0.2731488974011895,0.18668569632224497,0.7745385742433657,0.8086845741282742,0.14562440101670898,0.47958049115507456,1.0
0.7794524632679871,0.7126049322609195,0.18563424569655096,0.6133745229874614,0.4537637621117462,0.04388873914123137,0.29018875786491105,0.0661635761103665,1.0
0.1330226260285282,0.45450807203910637,0.7544037359790681,0.08120295366429198,0.0929774027279322,0.9981163631269858,0.4129213717238218,0.7454200089349416,0.0
0.46947682747467545,0.5698962610108856,0.5622840050875706,0.7471478728921583,0.5726455359734584,0.5339688706456153,0.7432401350056252,0.18794966427290244,1.0
0.722712831320315,0.20268338822295145,0.6559100559112763,0.019887493351337215,0.6607503803535391,0.9037952364680588,0.4125488562023417,0.490970041274096,1.0
0.6389271790365951,0.18366271528667455,0.22746582418591177,0.5395286711561444,0.44423170707762716,0.8843192271039959,0.12985041043376805,0.3694181619358151,1.0
0.9718965348919635,0.7395197817653202,0.18859111755164115,0.29909710827935926,0.8911390228668494,0.9656241576694267,0.4046101920913371,0.06947917291779188,1.0
0.5560925903523685,0.15046772538236458,0.7552927873551478,0.021579735539075606,0.09978900792865325,0.44599135543325774,0.341757573232218,0.7462951664632967,1.0
0.43543803575256324,0.5497393915614578,0.05216510938966662,0.8285688894312458,0.8857026338454419,0.6202641124196935,0.8726105254385599,0.41925463250051676,1.0
0.422960399674861,0.862965143720895,0.3056116095093211,0.6843102169884774,0.5573186282755909,0.0077046054125641805,0.2427867827826159,0.4199047495215805,0.0
0.26799698843124653,0.7015870116810557,0.1532049625569022,0.680836066856698,0.1729978439115043,0.5266585024715439,0.8979799158298263,0.7894312642942396,1.0
0.9525871582803285,0.2415652009554669,0.6305854898113279,0.4706263736701016,0.5119126144708933,0.08098497759798623,0.6664327680320014,0.33438268888399914,1.0
0.03497287678035932,0.7275971514385362,0.9617808725809764,0.8016580206416938,0.6351832462955661,0.314988390429639,0.9282553439726655,0.6045788241883538,0.0
0.7519726942610409,0.9173541805925954,0.7094669777506337,0.9741553048038827,0.5246819862335103,0.6361429059582353,0.7064886036918205,0.5226990858354504,0.0
0.22356971707383338,0.09932056510379472,0.8023299991032546,0.425213586219063,0.33206548820307036,0.23025736316306672,0.082808450352098,0.7764422596067293,1.0
0.12231075824042892,0.4445950229283394,0.2765432642485672,0.22681059170114243,0.08727913094191297,0.2510007152514098,0.6611800491687154,0.0609109639735152,1.0
0.1384560245170136,0.7654638203705169,0.8894254621554893,0.9560491888299812,0.2425278505819528,0.7902376672192002,0.15839243301804234,0.05830299453901705,0.0
0.45571704624317944,0.3394243731141925,0.05997714095298029,0.10149102480266237,0.04126577200226483,0.11984440628826964,0.6712754698112421,0.7317858881265294,1.0
0.37179556562949007,0.03589823501959405,0.6975124071881833,0.09569352350609023,0.610961080559596,0.32682107890475276,0.770879619984166,0.6981156608189474,1.0
0.6938562087341861,0.2669400794381879,0.7707053989906574,0.012392974767578668,0.713603204362484,0.9497602209850944,0.8234484770198758,0.18971581551345912,0.0
0.9674805224297142,0.527708859731231,0.07618435386314176,0.4434894835066739,0.4670388568220327,0.09916233872354152,0.12732447185299384,0.9282212464910351,1.0
0.725169679296579,0.49190725450854983,0.8310545035453278,0.10340583968134176,0.221506916411373,0.5933851448437165,0.18887120296679027,0.2913949510911964,0.0
0.9366206972662426,0.928957454749912,0.5698105638724117,0.22101415153778103,0.6775480237801225,0.13923339693481873,0.4915588149506229,0.35984643902569124,0.0
0.9554854483289932,0.9506341197689167,0.6019172309352736,0.7336823577318808,0.27754160274374595,0.10320366836954514,0.035763990166256865,0.13664959692744694,0.0
0.4126103870470709,0.9315024818460751,0.30869397265085885,0.48139422292551776,0.4698065357659686,0.5995767388356047,0.23789324555189795,0.1718801050855821,0.0
0.5708808997777933,0.6667724108125557,0.48324173972841883,0.5392214730916514,0.28249269938777277,0.2929609816560299,0.7741505896079004,0.6825670287318384,0.0
0.941203842243884,0.947316850696876,0.8953797981845417,0.012866505462846456,0.6704885984151184,0.5250656354594907,0.13117796574857282,0.6886289532115781,1.0
0.09597093910433957,0.8013092275615789,0.8694519187962599,0.32666773664265414,0.22684513256256134,0.28769900225611944,0.3506396099837493,0.02133884099137845,0.0
0.46793310666980775,0.6274839034402862,0.6790588206578291,0.005331929100384547,0.047706177620724766,0.3337247406948338,0.780360848368682,0.04632750561767779,0.0
0.7663086847360792,0.831637975934933,0.2037299300167198,0.6880114496273433,0.7591662947595321,0.5173679278720953,0.7741247551981332,0.24636434558220477,1.0
0.4165303077572833,0.8049827526431168,0.560857967741576,0.7832783975827385,0.7576698218188939,0.37370135176149233,0.5582907621150881,0.8731513339067699,0.0
0.03759844901025716,0.8549111563347999,0.05251107268253674,0.6440370282433868,0.7491356807439487,0.9778478997714167,0.8155856494020584,0.0409190320924433,0.0
0.39547028436934273,0.8931043490310738,0.4574616376055732,0.33557621522964914,0.9409330986382627,0.6199385881319204,0.4019350806283595,0.11067325451914678,0.0
0.8936480093721548,0.7716401633786873,0.6109443789720115,0.4269878009473267,0.14706853156204713,0.8527072902583608,0.9164856869036211,0.8076187047001794,0.0
0.0424513936198887,0.40677534156244005,0.13947043207737692,0.8883167907087176,0.9741149981081823,0.15348881384998397,0.04454102254260589,0.6452369759890114,0.0
0.738304172688743,0.21844838030939584,0.41385089512695844,0.5142824550908529,0.17017417989833533,0.08104679272353732,0.7056585691070462,0.579625999346549,1.0
0.3906048711434836,0.12578943093013611,0.31433179471641887,0.21624276605594028,0.49172561903301315,0.8925329450742101,0.15851743822659276,0.15467534156148105,1.0
0.25091604535817297,0.6541566475194547,0.6167679175291428,0.2808904499337455,0.9239064736251952,0.5346193886192252,0.6741789241218384,0.517490648316697,0.0
0.08444330546730261,0.08110637931867493,0.9128411280313574,0.4275902593276925,0.2736664276909051,0.9914214931987444,0.9096895703987666,0.5892260606909244,0.0
0.3654861805285845,0.008491476136953058,0.4317921694498494,0.9955806454608036,0.5879777503129592,0.15247748655985294,0.04723280136672359,0.8769895247811272,1.0
0.06884347482825148,0.9263548214286661,0.8630147198891219,0.15624178450772042,0.15246830475618373,0.5826200274639562,0.28988624526021917,0.989481439992532,1.0
0.32311119034430363,0.8981498048555941,0.19232879459915214,0.10557453068067718,0.6678588921536528,0.34205917060550173,0.8335613983915997,0.15821931280963908,0.0
0.5047534609695172,0.39588086289346774,0.17896888081405377,0.6120900212359284,0.8683692849459599,0.37889223050197063,0.7869344556023168,0.5285459716082228,1.0
0.21494276109282384,0.1252813280969186,0.780008203362742,0.33595530506916604,0.311586892807431,0.1417036142481477,0.0018967456977373454,0.9498626419422163,1.0
0.1815748870396428,0.37962369596230794,0.16211617044104482,0.41986998465336095,0.5308100959918405,0.6046808641595371,0.006086086920288281,0.3499496576050356,0.0
0.8832910992119835,0.7213658568700334,0.3172616050255944,0.4469604502388213,0.7959100120938363,0.8982674254981822,0.519678319929997,0.9398791782520854,0.0
0.3021058166359992,0.9013577017399204,0.06557118698838421,0.09944913922200371,0.7283140109667056,0.12682712776682376,0.012753864744364352,0.41698755776039687,1.0
0.24963416549408624,0.11164192607608159,0.7233864287939094,0.8759996869657029,0.977151723782935,0.18081826246967614,0.2948356181507562,0.1642520653717669,1.0
0.8207623152787771,0.9287737519491875,0.4832929444182378,0.4004456759484873,0.09526111595489561,0.3694435365255761,0.010586274428101117,0.9877286244857408,0.0
0.02740495730958037,0.5507502878983921,0.02642798736915608,0.34956486906279394,0.022136920906098423,0.7108017819735422,0.2920505021042543,0.3642672347689251,1.0
0.5380677465018899,0.24291589438044636,0.3125555491291754,0.3690127879816053,0.8545539741173862,0.254097308150258,0.6993758073253052,0.9951549612263542,1.0
0.5232324807983311,0.9377629777268317,0.4486899823993828,0.9403847403738637,0.9938769315512216,0.20133106801680095,0.000683361806741889,0.5513459089302741,0.0
0.12313315633204092,0.2655564681703041,0.5381695145848467,0.5352552224334172,0.6263012548615471,0.07815660397781654,0.13960165006875286,0.25366315936868633,1.0
0.5881982159797786,0.6840813559178052,0.16812967043812643,0.471990460412436,0.4353032825293152,0.8679695243472005,0.38831451310471266,0.19481173277856678,0.0
0.7701166531899495,0.8251305962323936,0.9223644044098647,0.45692634807026294,0.2775243561584372,0.8147363545100104,0.8429359556648194,0.701705473651924,0.0
0.4852090376775054,0.9531916237894065,0.5550495518130439,0.18324709415302337,0.9877238805772139,0.8176987051190353,0.621420892537189,0.861777619971595,0.0
0.2437609166714419,0.41299548653899143,0.6009820157455747,0.020949952978534636,0.5164779182681669,0.7889719163007283,0.8878928288678696,0.26311069325811975,0.0
0.19792973218473503,0.22032310455609488,0.893674390173369,0.3556931786377968,0.011408748847795414,0.45398779191065514,0.7178490770448769,0.4511987157688384,0.0
0.008609446860349423,0.6938136223590731,0.6065415715754011,0.4425283621010968,0.3136440124366453,0.708355707048304,0.1885028542855952,0.10853870363332069,0.0
0.6598179475914878,0.2563232787021025,0.4736534625778616,0.4211274275080215,0.6624195844793468,0.9465362836215917,0.6450943789324555,0.721416521640562,1.0
0.00887155309083737,0.09825392080710299,0.8883586535660485,0.030375203439132803,0.9089099043690111,0.5597972463881926,0.768408683695154,0.18285124655771373,1.0
0.40228080172671765,0.3404780095536074,0.7556024032775246,0.22433443735401132,0.47531748310232635,0.19598658001583313,0.18994958123255135,0.4226510771938949,0.0
0.9037046115840341,0.7722783447846722,0.32899331579815905,0.5863357876460219,0.05731517895852911,0.7872641739695181,0.18935038959956663,0.3477834343515166,0.0
0.8544267832243524,0.6587985943019213,0.5722179802217242,0.6781116073382667,0.38569759253589014,0.3770330013180152,0.5434168090337097,0.8922447707253973,0.0
0.9340211234276279,0.24309747344937044,0.3654600754645698,0.3663358141743521,0.8674289480485091,0.5803103172362856,0.4778024084336847,0.15648816787021663,1.0
0.7943139926525363,0.4594645965944898,0.9917056361771481,0.6485999010493281,0.4300125608207464,0.9723824345290272,0.9732347181132547,0.54406543177772,0.0
0.9763581771838118,0.7166124141680519,0.48594046566022475,0.888916330972754,0.04968980026331554,0.6643202564717519,0.20405350222925955,0.4566938715635481,0.0
0.3687675489141162,0.1496232765252774,0.5743072907519025,0.7841148358360601,0.8144630925727714,0.6327332579171115,0.4097670736280678,0.7434229828035713,1.0
0.5425423879893799,0.43960850066127694,0.5348565976844868,0.8652416531924856,0.18690204098743862,0.1478601885122558,0.4575248968707029,0.3720928100391404,1.0
0.9857687989592154,0.8595661109745433,0.2266802434265648,0.3385301448048908,0.5793366804090996,0.9636206047588627,0.7342055918996625,0.3542879384955959,1.0
0.5011542755150334,0.9121005990516475,0.47858237826416633,0.2471697587646287,0.23425453094329268,0.7798227471172398,0.14141255885661902,0.6910477219232796,0.0
0.16259526553377351,0.4267429334151677,0.47085949061680693,0.4711343911947166,0.048067029251800675,0.3988662097830263,0.4361840076669861,0.7025389570122622,0.0
0.3045435637533613,0.8662139224423764,0.8664151888497942,0.2997706625848409,0.2111356160029208,0.3268961590787053,0.03230301262552604,0.9588550939169052,0.0
0.2551561707447001,0.9116349708544356,0.6610530761814355,0.43905659951904136,0.9682511591031988,0.6292734679930301,0.2671477978249094,0.8338300894160949,0.0
0.5090068508413929,0.873805201762485,0.35432663710413864,0.28200304810514776,0.620595553777241,0.20740009296145923,0.9862277594899788,0.9156206450494422,0.0
0.4825155512826227,0.6894599721684948,0.4926718925518666,0.0041068508086498645,0.4610028172960432,0.6797236306755836,0.04979957498229087,0.017355624012322157,0.0
0.7460975884104477,0.18349892247157779,0.4784627237817396,0.23372546626856489,0.29674288949820926,0.7322057334722804,0.9739080795033126,0.8605123922306015,1.0
0.4754535392830387,0.010020032100206078,0.10395003059015923,0.010448448159000256,0.03339920644481015,0.9469933971895077,0.3275161465061044,0.3980399805298287,0.0
0.2430401245376001,0.29976899107342425,0.09389056416955804,0.97329790916965,0.11308320654882026,0.8215482221651531,0.31057627401141713,0.7111596754082401,1.0
0.6187439381301957,0.0062265161719521345,0.39709449202029296,0.942766453865244,0.02014719562562911,0.2789244380394895,0.9009183715988166,0.17667680182432832,1.0
0.8430715878968469,0.8357604048257556,0.43558662268192655,0.7527228014977896,0.25979433579685324,0.9076214070289901,0.707718654943956,0.20192051235889125,0.0
0.7879579165632037,0.6491995920311211,0.3702133564117027,0.23587744441983205,0.46134536101348367,0.43587728662904346,0.38300179174132254,0.9091211418055251,0.0
0.3691092420566956,0.8928986125129215,0.004701280329492852,0.2564894264707638,0.8525740661239387,0.9864484265530189,0.3402433434726447,0.29502560460882954,1.0
0.1723916185431139,0.053501316979182645,0.32139910314853126,0.9751286292413825,0.8812981212896625,0.6164872878388159,0.403858494103921,0.44099437898821786,1.0
0.34178785100481135,0.7554806881103405,0.23361516253111414,0.8752929722473872,0.10216956736542754,0.44643175504018784,0.7408317013208884,0.702735659085302,0.0
0.8386645952846346,0.7754928783308741,0.31630357323835967,0.34883746224686996,0.7987145721971247,0.02166580355418396,0.8527880328347015,0.2797570229307942,0.0
0.1366541768272625,0.482890685683977,0.40872856898014587,0.4397800270854252,0.12924856362477588,0.4359444077739551,0.5096045668569523,0.642138084855274,1.0
0.8690002079871303,0.5643984503129053,0.23386163484635675,0.016566411685198956,0.8491244837301021,0.02502451380944598,0.2927205300220842,0.6174653104225427,0.0
0.09719021059758104,0.2910168268579865,0.11091466433336,0.04220498175514087,0.7162684651228939,0.7332982428586285,0.33093545564398513,0.8725778973548572,1.0
0.6583230400927029,0.1341455191648212,0.6444675322470157,0.7404948329444723,0.7617824690848325,0.47360812500132654,0.4220334180590858,0.8906111433391344,1.0
0.044078680682452465,0.7531013120945995,0.2727448313773849,0.3997097800668779,0.7307999072399043,0.8957123118750836,0.5858394099754156,0.8624344048595414,0.0
0.8635211796690458,0.49067522459791113,0.13757028705932794,0.9570577959467363,0.1913222081360368,0.41879402669564464,0.3109604566856952,0.15996462696618724,1.0
0.5065348813518314,0.333940897605864,0.9701139715577847,0.8282338366199724,0.25539353789021724,0.9662855529827258,0.5159148297845744,0.6873995652550793,0.0
0.7622049182589354,0.8696464039645824,0.5097164215297414,0.41388545862840576,0.9563783444445565,0.13591819603831368,0.779631651318805,0.7988679628999886,0.0
0.5292946158923391,0.810757179408084,0.5356649950413697,0.44627734573444344,0.3160893129013479,0.7967537242949893,0.6555098129088712,0.7609428030378802,0.0
0.48075986400188464,0.1846067140719,0.07890271268119958,0.12329227189946829,0.41895590764533164,0.19220444941559506,0.6303879328305346,0.5537663446086962,1.0
0.7912254898839729,0.5587084418869994,0.6772889424931536,0.2638462630204361,0.4860735150292051,0.9233898353648313,0.6844751864661027,0.5721271495535863,0.0
0.11192227860512799,0.8668576786443369,0.6799486679617297,0.9571055469412172,0.9953455446232842,0.875861166942226,1.0,0.36315036706607184,0.0
0.9238040209430307,0.54354526229946,0.02645478360579706,0.7991304013338445,0.1581121834654598,0.413644800207147,0.7796983207633652,0.9161815793509499,1.0
0.6750102932406306,0.5621669391237588,0.7575107728830575,0.2911356910828997,0.09766422861861218,0.7481776476506008,0.3678836618192425,0.8381608689564122,1.0
0.69646374126401,0.08689062834321837,0.05559051742206411,0.3907692022002597,0.47898145381815516,0.7605520807024322,0.31437226551106295,0.5013844158615217,0.0
0.5075636748354674,0.6222332420305636,0.4986800863634748,0.9603144137703257,0.9231417865658123,0.6880893661004791,0.6295178965790241,0.939476605789042,0.0
0.3889231996909906,0.8692585574445559,0.9988347616700264,0.4448739970633138,0.7318325797017774,0.24898548909825263,0.7973465561065045,0.520854587159022,1.0
0.6868345207700618,0.2684351866255865,0.882767525932655,0.07863607242764731,0.9527040257775423,0.40221775691215145,0.7559314971457144,0.48818453988384575,1.0
0.8747012837899499,0.36995487600857346,0.7822052294580315,0.2521016406445854,0.11519790323975776,0.3523674397183141,0.05726821950914618,0.5353338600948171,0.0
0.2257572959975212,0.8636165984506314,0.24977647693693011,0.4441688740448143,0.8830177385109882,0.5100636616202885,0.030092920538355772,0.8152800837484081,1.0
0.6594674998885783,0.366714592214293,0.36885523823976846,0.4139355971726106,0.7989292258511986,0.6258062496418437,0.004192674694778853,0.5306730211438059,1.0
0.8677541422334847,0.622378983125358,0.948200752098729,0.6049117203489537,0.23184743829835103,0.3371213889885242,0.8573548897870744,0.03377691317770526,0.0
0.9829543404579537,0.564178113138626,0.5330249024590455,0.08500472867487013,0.9824286482232567,0.8440231936718291,0.9853577232384683,0.29217259106639193,0.0
0.03167346869475346,0.28260286693174375,0.8107734667379111,0.3045823711286876,0.0767374873370264,0.12980433523005835,0.04406516938205751,0.6422414367919559,0.0
0.9708497017082535,0.1465661645987713,0.23459786808080046,0.38681992967339646,0.10917751830658701,0.19641795938985024,0.43554231426309425,0.9231645029438633,1.0
0.3011964035205006,0.6164229772914667,0.9223991599247159,0.039724317591864344,0.02807584889019543,0.49863476121851674,0.9769157048210342,0.4105905729698012,0.0
0.2552140039008199,0.8823402144013438,0.6875349213331472,0.4339838522053664,0.7199950542099975,0.3479859942312957,0.4319121630067919,0.9187278710167831,0.0
0.9966812257657853,0.245457735878909,4.138824669303043e-05,0.9523063067125961,0.3421823351451977,0.21759454795898658,0.29602316763198466,0.12104762190527624,0.0
0.10570335729429975,0.35770173992037063,0.006561363647217211,0.5135844947215255,0.4438132783848281,0.8562896492296721,0.116861535897329,0.07927176891840532,0.0
0.7901858195223512,0.08774622679225702,0.42428842726254423,0.9045144586032038,0.18004904398197652,0.0038818837642174975,0.004705196049835325,0.14547951964686978,1.0
0.5975061706385842,0.10613986791450064,0.32466214190544057,0.804605052851066,0.16192845479616919,0.5351781124578967,0.06176590691278799,0.12123015476119031,1.0
0.8659300102083479,0.9697057622684003,0.890241288172035,0.6654806734481922,0.11752115094689058,0.3886675099700104,0.053128047001958334,0.9610071479532982,0.0
0.7985748106362072,0.06419563392597832,0.9175843272260907,0.1291934989673848,0.5930023439436095,0.5791522785108338,0.01762573440560017,0.2878226414087869,1.0
0.41589812238556995,0.182310959995795,0.5286502178454446,0.5718155060743244,0.03891944040402645,0.6961202917037204,0.5818317429892912,0.5086215518793383,0.0
0.8772690228637281,0.5221619377353691,0.9224235683778937,0.44939522039073576,0.7160986525906229,0.8812600416416401,0.7248102004250176,0.4478031045588206,0.0
0.034775766528079344,0.41777813055322677,0.919611820695503,0.200978099536948,0.9607366892181248,0.3694764338456118,0.5623217634068086,0.6124985830782874,0.0
0.959709656333102,0.9374677790065926,0.4894406909077981,0.7055275755361043,0.12517306285027152,0.9588587176836891,0.7130538772448851,0.8733947110479887,0.0
0.1363108919464412,0.7148037910736367,0.11267658321982515,0.6491824631819936,0.2225430381903078,0.9990451818160595,0.020485020209175364,0.3485969141112067,1.0
0.27863563626022164,0.48500857722180835,0.9751073573975919,0.7373127597289335,0.28955610473400195,0.9752962350609026,0.9348272844701863,0.05276949850973173,0.0
0.49764847203740376,0.9959237622758335,0.1900972782982851,0.6081720521387803,0.026338189087316,0.30172201552329025,0.9983015958998291,0.8190007534689577,0.0
0.7640030518927889,0.08501457676414415,0.5498850414917174,0.39697179110001046,0.7164404003118183,0.6240597733693011,0.6545289387057793,0.27669813899835305,1.0
0.8059806380960264,0.518607341634647,0.22380880115759738,0.0905446398845487,0.08054181872406047,0.05123226993630653,0.6941730905454394,0.5529611996826096,1.0
0.7387779801053943,0.17649485499424727,0.8515148894217479,0.9184829509053456,0.9253780053501561,0.2583259402796909,0.7561356723196799,0.9097462543257786,1.0
0.8640037416460271,0.5973903583638133,0.29393694023059624,0.5057978992215262,0.5845793770108855,0.05091868419209483,0.4257552398016584,0.44393740873357207,1.0
0.5850752255493089,0.2030773404719038,0.27137212119539866,0.3337810431204744,0.7723692191436036,0.35642044260691097,0.16511604650193756,0.06358561207684044,1.0
0.2992125670917669,0.2812192556638599,0.5743783936372469,0.979329390339178,0.476147441853801,0.14382840970110133,0.7060260844201842,0.7593200109353018,1.0
0.04241266132267085,0.7554958196994175,0.4871367451752182,0.9896483802464746,0.8919591643313021,0.748302869707511,0.473338055752323,0.13380075080181097,0.0
0.389722782867803,0.30514256346108815,0.33646707803753917,0.1732032030305965,0.19546987923675635,0.10768645882635092,0.366335263969332,0.8121136804624833,1.0
0.5516166224163436,0.932503555923433,0.12250125093322534,0.7408784326001345,0.20851386970390534,0.27964419956575537,0.9945572732197174,0.8916313269721883,1.0
0.4965260312872069,0.1343241781025199,0.6437825037023909,0.23007224990748243,0.9006564846364765,0.8810310869062299,0.8759806658610776,0.05735532395831244,1.0
0.7034260043337727,0.09006481098521507,0.36232650763321306,0.7065014305402096,0.4921228211592783,0.5690233528524099,0.809467061127547,0.20975942336287196,1.0
0.4405817378810356,0.9888652741711207,0.6510814271304202,0.8790602604286182,0.41065632013058584,0.7416148976044384,0.08665194383099295,0.3645681222620072,0.0
0.553163791987402,0.9305032660340423,0.5295095545828727,0.013527326169799958,0.7734507127085046,0.5289801512427759,0.9107796158173258,0.9088727637641443,0.0
0.9650112058372224,0.029529163350547893,0.7360886408895714,0.3211819432267204,0.03782123091797995,0.24518637923606057,0.9578549106212759,0.07133450687790466,1.0
0.17010508655872564,0.6286004554342846,0.42837737378839885,0.6121589948946229,0.027502200929617415,0.8607541339196838,0.13691653818909122,0.12441572816440288,0.0
0.8384406907719506,0.00878003819531642,0.28033983995483375,0.022923660750406916,0.6860007079059939,0.1649084287178747,0.9406566940289179,0.0340336260526895,1.0
0.1762868673105779,0.512698323366837,0.9916363904567194,0.48409878619624863,0.9226519835430429,0.4564099897487706,0.4200825034376432,0.10673254519146774,0.0
0.125140072965281,0.9914381752471625,0.8595200661362957,0.4335952121669534,0.18816263370746922,0.3299813440359281,0.875765656902371,0.44344231961753117,1.0
0.5233242710369432,0.4794329848466426,0.33906684361026496,0.8570088511773936,0.8293240771352202,0.33013919811190606,0.5291870494603942,0.752114547285178,1.0
0.4802308763261833,0.2925583906785163,0.000906561788142024,0.49077676277438587,0.14659172981127988,0.8435751003368261,0.457894912288012,0.5899011822127983,0.0
0.6170824286954326,0.08511333029285728,0.2094478754829292,0.7742099531642329,0.35854430329367326,0.13635620793653153,0.1438043251802158,0.8860236509238331,1.0
0.3131142783164928,0.8977765589916946,0.9244555721049584,0.5957016146468217,0.45493891790147795,0.789875796698807,0.07736239009958751,0.2492523654257766,0.0
0.8373776749161155,0.14843398671711944,0.6040718075467754,0.940098234406979,0.1822497082673762,0.9785151317060126,0.027969498729113695,0.12696702073039812,1.0
0.3158849640161042,0.45911710097866865,0.1595933445576843,0.02956396709956488,0.278846505921416,0.029375714986108803,0.4092103837659902,0.38403829355950736,1.0
0.8008685054426836,0.612992884967536,0.32146596108549697,0.0965801003036168,0.5093110334100851,0.37032884585589276,0.8850835451477145,0.05158011775452914,1.0
0.5496624984347908,0.0912790546420264,0.7536701558373611,0.7573886042251672,0.6681221015786728,0.765825998645904,0.9375582315929831,0.9546268328299095,1.0
0.2906707691066953,0.7365255853933974,0.9053238550710949,0.11017162503266303,0.9247372283729147,0.49245696287696616,0.16396766531938828,0.7621396851433258,0.0
0.49046654909026854,0.305066640049228,0.06372171604160687,0.02423256856578565,0.6805308870422955,0.25785768407111764,0.8892778865786075,0.5450214371920279,0.0
0.27180389572628894,0.6761563852385774,0.07639049916878604,0.9073357465271099,0.5928882511484899,0.6583549642055935,0.961396724863536,0.5848602748494729,1.0
0.31966666878898436,0.010370713313727742,0.9916557580336974,0.8108729014432738,0.4936498072893091,0.22296874966837377,0.6044485186882786,0.6062166189914184,1.0
0.027458015250974743,0.4429265661327427,0.2550847848845878,0.6455602849673236,0.3478177232278603,0.9052687180444985,0.17200133338889118,0.7799028825188534,1.0
0.38651489973110237,0.39622756210986376,0.004062946217034624,0.5301081957949944,0.13144710525352216,0.3788320071822278,0.777904079336639,0.7561744447333854,1.0
0.14533100727318266,0.2963465972772696,0.6211587860084379,0.06751194769674407,0.007989148979187843,0.9988987356817068,0.5613917246551939,0.9918376974522081,1.0
0.22123622881131116,0.8857421672789207,0.8210109556811471,0.33502973162614685,0.7558780342713529,0.2663300704851612,0.26261677569898745,0.6919028758509865,0.0
0.01895813303960464,0.5999067150806725,0.5525535221663245,0.23976755877019967,0.8334993427724338,0.48346060705106303,0.9846251927163632,0.9791629159915451,0.0
0.5878965815829519,0.6174020176513968,0.36641757663325714,0.4541114269456209,0.9716980881762187,0.5465292796760357,0.8092462185924414,0.49826552112713623,0.0
0.347629795642033,0.9322094190690939,0.18169440298250072,0.4090411202383305,0.5462850589912818,0.6168146692333651,0.9065061044210175,0.08131963753475618,0.0
0.8782948981605874,0.7617361401280716,0.2859155796503542,0.716384559981218,0.5798026035445182,0.7908775731540889,0.912278011583816,0.08225647283177634,1.0
0.8506724032912902,0.5636227572728523,0.2078902447371926,0.5997073925171539,0.7746072952525191,0.9637564388544941,0.018544939372473812,0.7354973895301155,1.0
0.2781599718156216,0.49046285141788293,0.5713573169379277,0.21229959504503848,0.22492970026496062,0.10257861928886602,0.5345272719696654,0.4948765777840011,0.0
0.00832770919154563,0.9601019816010494,0.607703360884817,0.9625520784283556,0.5257066987329332,0.8550201840976478,0.7834118088253677,0.32565695158461855,0.0
0.5668490268112389,0.9131712253454647,0.46136088800075137,0.85918656180902,0.428406505730377,0.9850285357721213,0.4798716613192216,0.9358234482206798,0.0
0.18213942353607837,0.8655489289224132,0.6983733357812536,0.5591728997189324,0.5734131416857396,0.43086177182843305,0.10200091670486267,0.33070952771498874,0.0
0.7947716173970623,0.1505630278469023,0.3582680716738309,0.5121580664030635,0.47122155175753316,0.37655174536200847,0.4566998624942706,0.49950824481740047,1.0
0.7116948192103705,0.04762468562132688,0.6308247987761814,0.4935309340227162,0.434214624998209,0.5731734558953059,0.5485886911954665,0.8170770738732972,1.0
0.816522985761371,0.6823627259584268,0.30187605493599945,0.9126631658113491,0.12357311039778052,0.07486395366359411,0.8069636234843118,0.14533782747561225,0.0
0.7076215610495286,0.5960545310614358,0.8598365800997881,0.7514865813073426,0.4845327316309273,0.03425884460367218,0.467387807825326,0.12586265527795004,0.0
0.2546125921351153,0.776567486621817,0.3600610317453158,0.6401936037542892,0.15809440621598775,0.11138077480617109,0.4479953331388808,0.21653897701586283,0.0
0.29491726144618974,0.09499452342661996,0.1514746154740042,0.6039259275962282,0.6688124956551872,0.3645580191993005,0.91265219384141,0.3760951971354844,1.0
0.8758847411727504,0.2581584484440213,0.2939626752301425,0.940875514483805,0.24397629841580826,0.12837064879882332,0.9520105004375183,0.8436676935181666,1.0
0.17344030875477257,0.6741351234976588,0.12990762461709238,0.19654919479885558,0.532511139967449,0.18491716242574224,0.17468311179632479,0.8432092776699807,1.0
0.45688962674799394,0.04463686044480497,0.45456021538868074,0.5831027800363704,0.7271669803776313,0.8550345103499215,0.022483436809867086,0.9367327785668087,1.0
0.7734696497963636,0.17170637071756112,0.43252415773591435,0.2924310694498422,0.8653901363329302,0.32442302345472795,0.47293053877244884,0.28458039113707134,1.0
0.017815530271677926,0.40093109711453867,0.9937710688726955,0.35753397947503085,0.9468102042473299,0.36994973077257765,0.5183799324971874,0.11323871630226773,0.0
0.7911634120925416,0.5179181906654554,0.650678687652984,0.11248091618241413,0.7329488317693776,0.003243304334168806,0.27290137089045374,0.532011595420509,0.0
0.4263608831388229,0.006528351554067224,0.46576979751065617,0.9443417061165045,0.4955405637033142,0.9918279342817666,0.7417825742739281,0.685242510318524,1.0
0.970479622567028,0.9267485082111435,0.47447671725407026,0.25430534903987345,0.14973538431494704,0.6651291591232759,0.7984274344764366,0.6739738152867516,0.0
0.9972937796991828,0.5367278177540792,0.5369920720282841,0.7469422783325883,0.11493761246763612,0.980768332827493,0.8903754323096795,0.9809107305981744,0.0
0.5301759082988987,0.6188408459460879,0.5269198707625466,0.4983808433621475,0.937624142247713,0.022700477329501645,0.23714738114088085,0.6440375934334847,0.0
0.24752829580014563,0.7268941962126428,0.15788846716505894,0.37800270854252027,0.9327261120200209,0.7274377444748421,0.8480195008125339,0.14071616224253697,1.0
0.15099945244204488,0.5572709409246834,0.5355028910751553,0.7264762020981256,0.17237617084414342,0.07946374184730126,0.10299012458852447,0.9578649156848233,0.0
0.46336296088780793,0.8278550786656804,0.6778235406796056,0.24771040613547224,0.31842290855966604,0.005773744967240646,0.7949647901995917,0.48563574776793156,0.0
0.8283045016479798,0.6729760968676548,0.6656973150170886,0.48132153530058586,0.25084335802159907,0.5098235642442213,0.998229926246927,0.6244657371660233,0.0
0.925576156185601,0.32247991347916644,0.49583411378478004,0.137465562911272,0.6093526374804914,0.30173023985329916,0.13383390974623938,0.3164761323704933,1.0
0.4626965531438953,0.6285245320224244,0.15362813084841132,0.7895454503250383,0.07747962116946705,0.5964249633354063,0.2714296429017875,0.8039422095977276,1.0
0.24602118497483993,0.396183760141483,0.26661884024826576,0.4612494047705896,0.9309486524048904,0.8596780731933535,0.055558148256177275,0.7941354443799884,1.0
0.49593363937153934,0.17660157251721142,0.6436432163337124,0.8881247255975837,0.743662145231107,0.010645201342210642,0.65859327471978,0.5927250238376242,1.0
0.3070635506798845,0.2142256050910098,0.495675724148397,0.4762111177579316,0.36826766275867884,0.5123996366437942,0.2843301804241843,0.6123527234902283,0.0
0.775717714773241,0.9522064777005506,0.00948347998745619,0.6176596441755061,0.4665073966624408,0.16779914806553142,0.5188899537480728,0.6905426310069146,1.0
0.5744973290632303,0.44293267186166857,0.3577552288478202,0.8952130954449531,0.8673681870018058,0.5603435010813668,0.9471194633109713,0.6485667420135625,1.0
0.44370393244238443,0.4575081086734799,0.13490870442583625,0.23252903857351864,0.18872752570935203,0.8231180079929876,0.6881878411600484,0.9639351749981664,1.0
0.0447668421823369,0.3163678133579544,0.8540562869542654,0.619774747947702,0.014870005853225676,0.6115205884163231,0.943878494937289,0.17661512405566338,0.0
0.6360633766498367,0.05752101034416662,0.8245881206180856,0.4469877744189964,0.255903240819112,0.530924276736501,0.5789941247551982,0.8157134950957838,1.0
0.20630041830881002,0.8897942475538592,0.872561608792986,0.5805417350323845,0.6848008762326665,0.006034005216878191,0.16743697654068912,0.06934248164669637,1.0
0.61617248500052,0.7938047557788069,0.8406945160042513,0.09116168884656145,0.4523062929871139,0.5589169777762686,0.9792641360056669,0.8808477192561328,0.0
0.9240220890821613,0.20884088311139448,0.06491693431950563,0.10776842359376637,0.5340044289231073,0.2769370684879755,0.5041960081670069,0.7325993678862195,0.0
0.8740163057665493,0.8592364016125495,0.6880082330773807,0.38817685376655864,0.9148862441766241,0.9720088907660407,0.6964515188132838,0.8434151480599842,0.0
0.8901700613137571,0.3248717664192342,0.6674854995216474,0.5310624198347019,0.1652846402972568,0.924724299234023,0.11221967581982578,0.07077190560967639,0.0
0.680227480617934,0.23736950331753448,0.16825410048747924,0.5610288217044187,0.7648818131308601,0.5517297092513631,0.19881995083128462,0.49140928700499426,1.0
0.44901105303035127,0.6424333825154223,0.7398629306168494,0.7444358816889527,0.9925746816943682,0.3211229447134007,0.017144881036709803,0.21839347749261534,0.0
0.045462166504309454,4.380196838082995e-05,0.5656173508020034,0.7604505041045959,0.12764887650436657,0.5581067486199044,0.3614500604191841,0.7079007554693179,1.0
0.5224679158628389,0.08779454169071349,0.23422643509765767,0.14475103825252583,0.04162052099546226,0.0819976313929574,0.6844351847993666,0.8886841298100325,1.0
0.017010376011019124,0.8694122625336014,0.5795383937009211,0.6882260638192041,0.3647509513481788,0.42326593981276117,0.4577057377390724,0.40732165123055486,0.0
0.7542929180382145,0.9064076704945162,0.8748077171039051,0.3215708485484361,0.5713053436289257,0.01762500451011645,0.9467436143172632,0.32175708294159616,0.0
0.19214853889040995,0.06489752728597165,0.7061373463660323,0.027179070208552536,0.19913438061674849,0.6787802204332684,0.19326055252302177,0.06553679662339218,1.0
0.6040177064962021,0.5334004609559873,0.6594312405914698,0.18854639340717938,0.04267601201635929,0.8144535436780902,0.08714863119296634,0.7124399058497196,0.0
0.3489848954652439,0.7024043829576894,0.878777009147333,0.024427817076551506,0.9621745237687132,0.5263181213295611,0.17842326763615146,0.7107662712621605,0.0
0.9731754965692735,0.22901447694874955,0.8566122764968351,0.5721762913659569,0.09995855512884261,0.29455411396905107,0.5451293803908496,0.682218632687217,1.0
0.15111220056750774,0.4533936437769083,0.03686949914384696,0.8063662686974988,0.7611029536236668,0.056809161585268775,0.41050377099045793,0.1155082914924686,1.0
0.47447302852607165,0.5311631095043899,0.08492974345123855,0.3992288214391354,0.6465909338150349,0.9897673416630763,0.11310054585607726,0.8778680162429238,1.0
0.5110625807807158,0.41789891779936783,0.9467874495978708,0.855849032578116,0.3399081738731744,0.009288982793640377,0.8666344431017959,0.9830894561020984,0.0
0.7486090860663479,0.3927125205139218,0.9729668421775949,0.7677532228605233,0.8499844250068058,0.4726994691858232,0.15423142630942954,0.13183539703813352,0.0
0.352823372235416,0.20853320746682863,0.8992901915692142,0.7223003776307814,0.996823709650287,0.7160818018392786,0.0218892453852243,0.9406601521607223,0.0
0.5415926508384217,0.479473601217323,0.02261575841574276,0.2881361327795987,0.6873623921491421,0.04316605930431722,0.1490578774115588,0.18005991078394112,1.0
0.0025030083852771168,0.07263428223439938,0.635452323127593,0.2493787728259702,0.35470256008312323,0.5881902865887177,0.8953773073878077,0.05609509711748112,1.0
0.8483906465216275,0.21807911644262173,0.20949669238928514,0.5904280478730248,0.8292139643213257,0.4822797524423607,0.1420125838576607,0.7794961426390083,1.0
0.12355204877934906,0.30171008193888216,0.6927981267042804,0.8768897124461641,0.9371908549583403,0.7421797233653746,0.5789857910746281,0.6809659071966288,0.0
0.07813551210463876,0.07769035671792113,0.5473468276704837,0.7465247224141842,0.09599396316447778,0.6831043609111922,0.8580590857952415,0.8657766731344976,1.0
0.3878294102291467,0.4839305178666901,0.8706917090321359,0.15960929075182617,0.7444830826918046,0.8056962240243822,0.9262794283095129,0.4013039013689131,0.0
0.4271949539775417,0.02248819603318747,0.4921245595202784,0.8028451634211465,0.5881228869616346,0.5920902108187612,0.4281153381390891,0.10062061171010783,1.0
0.6281704772880177,0.4208901940400652,0.1837136718644291,0.3410020546191792,0.12275164227291951,0.2736414998631047,0.12519021625901078,0.05200269381822065,1.0
0.8720552842526152,0.9050375980168592,0.8642547754342715,0.9930429453874529,0.9398574423791585,0.5466879296549177,0.4762240093337222,0.6303551305901729,0.0
0.12347352302608544,0.9826164588152655,0.7117295352365205,0.9967099564802742,0.5623925736734324,0.25990023622398195,0.21368640360014995,0.3470324658438519,1.0
0.26979671380334186,0.9446685571419241,0.4203329313013473,0.434998560838083,0.7724472267756155,0.668506705747268,0.5545497729072044,0.0066045221473198246,0.0
0.49721498865621216,0.7100540649023056,0.3477671306218372,0.05763545033830253,0.03203088889962008,0.9528475283500615,0.7021442560106671,0.515265247744594,0.0
0.7493842625901189,0.41931810157490634,0.7813294435456355,0.5350480361740312,0.14456777669227477,0.8355340932967996,0.33400475019792486,0.44926170043941244,1.0
0.7836241439101156,0.8196688889750179,0.20042576832239106,0.16804317751034276,0.47766301870431976,0.6083650987025722,0.9188716196508188,0.9060397538223548,1.0
0.4602733969604167,0.9094602694909467,0.14026503335202878,0.239806820698995,0.49442006632240715,0.1649957127363566,0.4101137547397808,0.5692316283597715,1.0
0.20366503035975408,0.6038640238240233,0.009742952457108767,0.9748052488954266,0.44699248738743946,0.2739993908689774,0.13761906746114416,0.9325328559140647,1.0
0.5090132177943602,0.980045416004549,0.5329195746773971,0.312596314419076,0.751021395848402,0.662281683833408,0.9486295262302596,0.028635154327778967,0.0
0.7775047062394017,0.9808025263913496,0.24581487886243875,0.8757267104472544,0.39055608828341287,0.011570040516763858,0.1971023792658027,0.6380773539237062,0.0
0.9355871285678813,0.5566144423319211,0.5091375166945861,0.688277794063225,0.23529675536010602,0.2921844457226056,0.7269419559148298,0.27202229734685573,0.0
0.4930435733037907,0.612216660994533,0.28448078709832836,0.6060460717511749,0.29806769258200483,0.9882734319120985,0.007379474144755982,0.09402275742967064,0.0
0.26391603686890236,0.12124862687465787,0.05469536393268998,0.34777102337013255,0.8803431911277197,0.571178392615719,0.02364098504104334,0.3892392297280177,1.0
0.5131570430172566,0.6195477831691069,0.3994193971854931,0.007569859041717142,0.6552622515762052,0.6864338880599707,0.8086536939039126,0.5400872156988258,0.0
0.9364766449553571,0.5059103456001851,0.9952703315782241,0.5487170236274573,0.860060676140437,0.7788575821955459,0.9237759906662777,0.322533055950071,0.0
0.04792697317178257,0.4248878536876213,0.3174818117227433,0.1500572348725513,0.21558629634091137,0.11239051029049396,0.41609483728488683,0.0857796069959259,0.0
0.7859714272374003,0.26542665506401186,0.3564323968092845,0.6668314960253929,0.8199241574777745,0.39148182263887443,0.3462069252885537,0.5340552966200582,1.0
0.42233405067670104,0.33803545251680794,0.7335506923776115,0.6716819359314296,0.3337023218149139,0.7325439922065188,0.6580307512813034,0.12515252745494188,1.0
0.9633520840098221,0.14974831123501903,0.6733743041601025,0.4819417676622307,0.6730471956786956,0.515396741679631,0.6483853493895579,0.034987131016916306,1.0
0.6246774077163225,0.7174210250510094,0.06697414242756922,0.6757367912127559,0.4766242436045682,0.15546530606180875,0.2566715279803325,0.7707045601541611,1.0
0.45359658561535543,0.7034487280704781,0.4201023775425251,0.5628751934910089,0.7940805473906978,0.1572417613437388,0.10851202133422222,0.7521928947210499,0.0
0.8717194274835892,0.2624178580359622,0.8258592173482551,0.8045962985020778,0.014344648331512277,0.7848361395101059,0.3902454268927872,0.6490384935955138,0.0
0.6428948518940625,0.8640328498834867,0.23944215010880332,0.7904898588825471,0.9514466170424919,0.2736452140766571,0.18769448727030286,0.5128614817333786,0.0
0.10489210137038057,0.7252530824639748,0.596583718606617,0.11402592613717011,0.6963866015789382,0.6709461481483054,0.5481328388682861,0.156390650317057,0.0
0.6952906301797815,0.37201277212304684,0.34350838616083157,0.4922448405713672,0.819102954684995,0.5906819932804571,0.7675203133463895,0.24337214031859067,1.0
0.1782539904877723,0.5683594755869065,0.7558860188910815,0.9906813934270755,0.251309811821181,0.3484385976827552,0.03758489937080706,0.7358257819740887,0.0
0.7101282834907032,0.7198152671893524,0.27686481908825933,0.6313872592388226,0.1645918582320074,0.28427449736078597,0.8030367931997167,0.14055613343735207,0.0
0.9003510843982062,0.41576934573663493,0.18257496446182275,0.2037630436483882,0.7664562937035105,0.005239163516659817,0.8150364598524938,0.8168061917811873,1.0
0.9925206872913497,0.3245566577133673,0.3754733780715518,0.6248626164096293,0.514673129448624,0.4649476402009496,0.8893312221342556,0.43781880738532936,1.0
0.7810927495261926,0.2791087971873295,0.13141378536373632,0.5065478551181771,0.18931444027401373,0.6826300027803542,0.8890945456060669,0.45906096430690857,1.0
0.3919024031002817,0.9323617968257643,0.7412674779116764,0.3434291315553162,0.9105090608252571,0.4280771728679884,0.3088995374807283,0.5230633180639181,0.0
0.9098131723767623,0.42863942591281967,0.3216100240211016,0.519100265150661,0.13769620644109548,0.37449778526751887,0.9431201300054168,0.4291097397531556,1.0
0.5838580763737232,0.7475586375623381,0.19219375217885243,0.8354957017472884,0.29077397898888313,0.4398976574985727,0.9417000708362848,0.5623387209697746,0.0
0.6176559850419052,0.7232400501837823,0.7880123188401952,0.8361262801577374,0.8906468318553452,0.6956127709518787,0.05462060919204964,0.03761593753542297,0.0
0.5854163881124743,0.9382538252391719,0.6918836056379282,0.5103191225489481,0.5661756784939327,0.8288309990385494,0.6918179924163507,0.9712990004867543,0.0
0.27768165447395177,0.45433419149795823,0.8336179217475603,0.17867732398121267,0.186760353655825,0.7688456542640233,0.6799299970832118,0.17697935628413114,0.0
0.7390175367107896,0.20350394509728542,0.4364841639547637,0.8365626711906312,0.2227123200584155,0.8455255930537839,0.23480645026876118,0.2935069979262934,1.0
0.8476653444627671,0.031219122930622456,0.11573825223801637,0.09700534943779843,0.6559932414612156,0.9701305599123871,0.1294095587316138,0.9610596574049997,1.0
0.17260782965429572,0.6871867827427678,0.31956183642834285,0.10013648825922428,0.2799728406081199,0.9545621685064405,0.5131772157173216,0.6809550719129444,1.0
0.25523920642298215,0.3073148756263018,0.818647845980538,0.6281059700680849,0.02367239766274276,0.5095033459758088,0.6153706404433518,0.16984140478619486,1.0
0.6515260525103834,0.9084005273226059,0.3395786251991809,0.4598964599269675,0.19124260851153474,0.07917801270473274,0.3031409642068419,0.753124729117908,0.0
0.24603524532930943,0.6338535060422824,0.6493359574189228,0.5491544757935618,0.210351294369494,0.1486157656692058,0.1531122130088753,0.3158835257012929,0.0
0.2934528622637065,0.48611291775795507,0.5197347650129231,0.7624629432386582,0.9459704282088334,0.2598256866519655,0.9609192049668736,0.5671729244597361,0.0
0.9198416538797027,0.9566421570319148,0.5012190961125293,0.6259539919168178,0.8582442127093006,0.2589157043316219,0.6659035793158048,0.45162379228261085,0.0
0.87998797707048,0.21435382539845188,0.6501403751367005,0.066954852761135,0.6458334107218572,0.2620250316769356,0.9167040293345556,0.4781819060764271,1.0
0.05759678299089738,0.9241140189128936,0.22884118746063475,0.6543923619631495,0.7770181025466043,0.46793148018838493,0.03117629901245883,0.028829355950737767,0.0
0.20038207023598054,0.43400237964148214,0.3867208994196625,0.6258964254401381,0.8920101080909835,0.6036469862871235,0.6328247010292095,0.506346142305615,1.0
0.7499177601908389,0.3833864177794578,0.34918945363800036,0.9585757470046199,0.7049751357306264,0.9790393664188403,0.8362290095420642,0.9884770925433245,1.0
0.39138667990992887,0.265661061961468,0.2906807995148024,0.7921783871040481,0.3260169780692421,0.6022825434085444,0.7070986291095462,0.784352850179699,1.0
0.4041192593960309,0.23584944228148252,0.6434325607704157,0.3502967856948632,0.32255704772422017,0.47011145824268885,0.663510146256094,0.22002877184559888,1.0
0.8299949276608027,0.08097975181008316,0.790634901010457,0.90407806757031,0.8458699204162954,0.3388442534749121,0.8111237968248677,0.0540830682856247,1.0
0.5788536513414109,0.6480479984624181,0.027463489464303437,0.7494370025109065,0.04195139010130905,0.6424650280263943,0.9421742572607192,0.5350646449694278,1.0
0.8679236623562395,0.4721238963894966,0.5921557068290076,0.7045237435187973,0.25629248298292695,0.06784011053499528,0.779624151006292,0.672261840464617,0.0
0.7190834028392366,0.21163040483106504,0.9106658572965092,0.8763907145538399,0.5509878048068622,0.634486897315791,0.8753706404433518,0.8089306075093516,1.0
0.09987865648803124,0.4733530061689099,0.2326093750746182,0.9709079718958868,0.950737119056097,0.3540587333895064,0.47867494478936623,0.8291892540657319,1.0
0.1677495792505248,0.04238039540700522,0.5590498850414917,0.40368743790712697,0.5776868455252541,0.23935771696843766,0.01038209925413558,0.549768124929154,1.0
0.4161939204088433,0.15131907636780267,0.05409098940726198,0.1912891574734949,0.13555550720615395,0.4100122993528779,0.7398708279511647,0.5588664292906056,1.0
0.08110251218740921,0.9387948459152938,0.7765379580630938,0.0232295323983866,0.8229075514041109,0.5183641330070485,0.5162831784657694,0.8828747507884753,0.0
0.46377973101746034,0.8327255920831524,0.47045648583009697,0.7016987416286538,0.7807277103804809,0.7974710981125428,0.7113371390474603,0.016579651003847284,0.0
0.23624154521703883,0.05007812678360285,0.8319629224983855,0.36773093906309895,0.3143179559240959,0.03433392477762476,0.7293928913704737,0.4627232901922346,0.0
0.1510681624761505,0.7105518145429968,0.7078544279852467,0.8814788482990698,0.058732582938828715,0.6026099248030936,0.20638609942080915,0.6526974855473986,0.0
0.1857285279816972,0.17894856162299827,0.057188475177399056,0.24145476057518728,0.19092500600977164,0.7443310489151314,0.7283420142505938,0.8067860548232015,1.0
0.269131897797671,0.7721015441122987,0.36084900028812583,0.880210263545697,0.7390623482632158,0.7247221237660852,0.21456310679611645,0.07632040433944776,0.0
0.937355549754554,0.277666783294938,0.914250185583837,0.10328938031146917,0.2619440563225717,0.030361308082340943,0.9727271969665403,0.012663946176978469,0.0
0.8012539713869133,0.0871245043077245,0.9822035845405347,0.978371452333233,0.3798618787315641,0.321116577490168,0.9080361681736739,0.7925034839604462,1.0
0.14865747490889952,0.19887527163857055,0.7058269345158344,0.8100388507396762,0.4788800969629559,0.05879865354452707,0.8423450977124047,0.7698594080267782,1.0
0.24317170823225798,0.5106566207073406,0.704562470517507,0.5642249549349989,0.4745984331609913,0.1157537306622124,0.9309237884911872,0.45089949524247697,0.0
0.2019061596025324,0.04639955783903915,0.05673930657706994,0.6930035508170063,0.6520782665961237,0.18901102166341582,0.9693628901204216,0.4700771138804985,1.0
0.536684791259447,0.0006631352546380143,0.9647788673734858,0.17640809061016488,0.053756545079124696,0.9960671784499209,0.9762390099587483,0.03367439472438366,1.0
0.7644930419815656,0.3199245331904769,0.5852067263329536,0.9381141805863026,0.8363307014159712,0.05752706600475843,0.47431476311512977,0.5399005154261101,0.0
0.9110727679054635,0.5938856699603976,0.43439220033184883,0.6825086780800387,0.2836017874891678,0.9288067505300714,0.7153098045751907,0.7843195108452855,0.0
0.2941060055222706,0.46147285047813164,0.7208161125505613,0.6864839483705636,0.08608513657438238,0.19010459225363618,0.3464736030667944,0.008022277343255113,0.0
0.5032654510031135,0.3892874720530168,0.4529426247470939,0.3991465836153074,0.2675340726192681,0.9522551112884501,0.7445935247301971,0.9351841664833004,0.0
0.7642391597319937,0.055026421878260234,0.9345235284223172,0.7751655036204539,0.4168770307854201,0.2639203417925431,0.7672269677903246,0.3169045428177072,1.0
0.9152102261753926,0.12247163092514529,0.5943304469453086,0.25050277817938726,0.24334003208395527,0.4360266510740445,0.8943089295387308,0.09674491408453523,1.0
0.7189412075562998,0.8235964654731647,0.1560328941049871,0.19925667618591586,0.03438252713949197,0.46680846119071323,0.15918329930413766,0.3565158395177799,1.0
0.7774505871391795,0.07156524873943237,0.6817623221565611,0.431857871817761,0.9901588330907314,0.7269302237230003,0.31996333180549186,0.4637726457429004,1.0
0.8892327927790264,0.572329792187534,0.43283510020465954,0.5174693034058396,0.7288590030624629,0.2828041993959628,0.09803908496187341,0.7494040593973582,1.0
0.2169812472011936,0.3832550118743154,0.14305290319978903,0.08677178075396169,0.6767469862255503,0.6798045474708329,0.40732947206133585,0.7729958059117308,1.0
0.24984984602585408,0.7377926568787407,0.18209316282083188,0.10869771100302295,0.15433809993573655,0.9968877543440382,0.7654318929955415,0.1472456708874264,1.0
0.8940854720989511,0.12197733234862967,0.294556968003171,0.9254585753490796,0.15562867518099627,0.6855146202057463,0.3615883995166465,0.03985884125809308,1.0
0.08054726083071762,0.6096217262010631,0.706124611520896,0.813327302559586,0.7453852117694943,0.9629491280087783,0.4505654402266761,0.4059305675021504,0.0
0.06907003223800523,0.7318995665994328,0.21697974045324375,0.3338611586778811,0.11750841500697023,0.1760218862686586,0.6976024001000042,0.1866852700152694,1.0
0.6341371080875159,0.6887867491878052,0.1872664283481898,0.03838171879704633,0.4609858360428161,0.3911111971865363,0.12001583399308302,0.09353433618051249,1.0
0.3214146626682203,0.38594047073577215,0.24247012484923797,0.6702372030650833,0.05648575087121782,0.8544906433654595,0.8835659819159132,0.5514575957005594,1.0
0.42496360225220353,0.5254014251302245,0.32459873298903263,0.7400876230748722,0.918346970517891,0.12160786182276623,0.3054318929955414,0.25269048428717167,1.0
0.029087424631194292,0.8264332402253916,0.7983185228853127,0.015404205536197257,0.31673804984103954,0.6934144871307807,0.1125321888412017,0.31777053202909855,0.0
0.6874009142944462,0.7853143415077539,0.2561396545567133,0.3701866665959245,0.5805128975271581,0.7246008812236955,0.17852327180299177,0.38925339894514344,1.0
0.9819502189170661,0.6889412506762758,0.7812116462281247,0.5552522777887575,0.6881414071409354,0.1350923141248358,0.9034059752489687,0.9851456595520527,0.0
0.25625128665507885,0.3128065805953563,0.043776826083934295,0.8744342501966412,0.6697512405601478,0.13741820771155627,0.9886028584524356,0.8290784007788069,1.0
0.738201505572145,0.48998872829346996,0.6103193103232369,0.9219650595362052,0.44641194079273794,0.5192520953470455,0.43848993708071166,0.45886342875050845,1.0
0.3275197746947577,0.9833560484147137,0.12789392722991116,0.35679145151085473,0.47105386188191556,0.5587906945154861,0.8545489395391475,0.8705825381902076,0.0
0.6573016747208622,0.9687705238768511,0.1844528235008832,0.7622178214669901,0.8257447473534452,0.1912467129210061,0.5390324596858203,0.2051560947637241,0.0
0.8038349749460401,0.46152435097428846,0.5862929024993725,0.18735182269525186,0.9677013910299714,0.39092601711085123,0.00971040460019168,0.2665663152700819,0.0
0.8956891483775943,0.07330166495263812,0.8457178817919837,0.5048542865139254,0.7277377096853108,0.44302953542616885,0.5721471727988666,0.7501041854200423,0.0
0.4064487683129485,0.384200603458391,0.02415773591433268,0.19880224588844048,0.3955708646270413,0.271735577708776,0.0956631526313596,0.8126346075626947,1.0
0.6039604039194962,0.5672068201523034,0.39867042910591305,0.42230634650509147,0.47345883187020377,0.9696493039563803,0.04288012000500019,0.7252580464483607,0.0
0.35437292941383713,0.247309099075805,0.09179011064988568,0.6763209450452374,0.29399457979623556,0.5515890997383072,0.839673319721655,0.8721578217412468,1.0
0.7749083158772706,0.3510390623299355,0.11511742853762058,0.6663322328497661,0.43264094042180373,0.1315494849977608,0.3690462102587608,0.36824878478126066,1.0
0.47618149423896877,0.2415880310723199,0.015368039677532475,0.4990498878514838,0.1815662128249853,0.494539575476003,0.15914746447768652,0.7472411700772805,1.0
0.1170649195747725,0.28741869425535854,0.687972151016161,0.78349407290781,0.38446194103153686,0.6155215923151861,0.17668652860535855,0.5172231001580284,1.0
0.6031990224604877,0.7733757831924679,0.7618666205382276,0.48956600978099535,0.8020413058371466,0.9163930529349716,0.11117629901245885,0.5268031579017557,0.0
0.7476845514375519,0.8548989448769482,0.8467992823914765,0.6740604660231778,0.30661748824976875,0.6447240657691712,0.9061760906704446,0.538571942949731,0.0
0.9437039324423844,0.9588691552909856,0.9021687971885707,0.09094017728883119,0.728862983043688,0.3515699450084153,0.657531563815159,0.742157755062578,0.0
0.6133834943111276,0.9260014855503942,0.926389411400764,0.08780399808465461,0.024518807003281018,0.7356249323482532,0.43132380515854823,0.031233955445313488,1.0
0.6235751289838556,0.1936532806081518,0.008438957377003953,0.06637176006186413,0.8482929329861375,0.05114816952944096,0.2819817492395516,0.13746891107065934,0.0
0.40828749127196867,0.2852272685039424,0.8824576447010044,0.8718586146110084,0.38824663784452706,0.20375061284523616,0.6577599066627776,0.5762195528528469,1.0
0.3655204029007838,0.5819410059161858,0.8394918690666897,0.8836295000338237,0.19862812700491556,0.173000638844731,0.9251368807033626,0.2013995852586799,0.0
0.07616440958183979,0.9553997739287498,0.637326467836822,0.7449815694425469,0.16548310869434857,0.2633783319148575,0.6588157839909996,0.3236874304041394,0.0
0.35659579186855217,0.6042425790174236,0.3683768856193353,0.37687684620598455,0.013310383877149112,0.4083026999148915,0.010717946581107474,0.19917001726977523,0.0
0.6454437553986455,0.698772801579207,0.8901298582770922,0.7928458398935683,0.5449199254310718,0.6808514250906799,0.0014600608358681377,0.6129803364605629,0.0
0.9997124259576429,0.18392844722818485,0.6911760258050412,0.6177856537442749,0.5832832297919106,0.27261054030133947,0.8011583815992334,0.581153774346049,1.0
0.5776553377350202,0.5116006194925661,0.5570563511591097,0.9056612783206506,0.45604296469332123,0.34155456816430835,0.35499312471352973,0.19465837184026458,0.0
0.4116216523091878,0.3146191856868971,0.48458738836449033,0.1536512930571381,0.615256276297726,0.4947932032014399,0.4206316929872078,0.3358862928660492,1.0
0.7746162319098948,0.4416993146186547,0.6445572067815173,0.24812769677057372,0.33270865316904674,0.03841107005431238,0.2420900870869619,0.7039592126582785,1.0
0.5710010760150515,0.6889200133582729,0.42770481477963673,0.30871654611751254,0.55175328786249,0.4951927464592933,0.1349322888453685,0.7882560527561628,0.0
0.7451099148313924,0.5855173702678609,0.9013076032862268,0.6211603226375527,0.2999083012325736,0.9180891220235885,0.6092220509187882,0.8386826295399838,0.0
0.9357738925215893,0.6952851030301935,0.31905350385998466,0.5569933321041873,0.9459990840736541,0.740872850796858,0.6156748197841576,0.2921984290505624,1.0
0.5833009679890828,0.3867344809626026,0.5776661061566079,0.22435433360171164,0.8082341566234051,0.972090338163226,0.06187591149631233,0.9782610869956592,1.0
0.39211277783791015,0.46812331661071516,0.40771774064745014,0.45132409528445666,0.13019792181300344,0.38681279090251147,0.8864086003583482,0.3156134770925433,1.0
0.41529591475074445,0.061688037602795176,0.8056463650241723,0.15027503246404417,0.8767580240401479,0.33281237066577807,0.45129130380432514,0.6099847972635074,1.0
0.20616750816561724,0.6565211574125938,0.3269034746494336,0.4695546291273108,0.5012582047312956,0.06295936862614421,0.7617859077461561,0.8761877137884819,0.0
0.6217157134276916,0.9475671855828343,0.09928615886825432,0.6404315628767852,0.15884847999210372,0.7818719317943048,0.5770482103420975,0.11880971908276822,0.0
0.622542886734029,0.8484205010201876,0.04629116207053724,0.12308455507347688,0.929280774939491,0.8348859630319019,0.43918663277636566,0.16662165856520839,1.0
0.9226566429603784,0.2607772752202442,0.27637797657106866,0.45111584789185993,0.6324123833666502,0.7563016938936207,0.88810117088212,0.7670822414701313,1.0
0.7008434090364042,0.6877986829677241,0.5929763084124795,0.4931576804158581,0.16217256031130878,0.6366814669233365,0.7550489603733489,0.6464746987791136,0.0
0.4120641555404164,0.7533479304499072,0.418408643139394,0.09759852290257076,0.6255426704400426,0.32915121730696173,0.9242776782365931,0.7623738939675808,0.0
0.8935087322759947,0.43175865699448407,0.7045749400533696,0.7720033266526154,0.2766673335346319,0.4146847800018253,0.2572973873911413,0.289954691844532,0.0
0.35587261212734755,0.45377246443678365,0.39920608852945966,0.4258322268808918,0.728849981771686,0.13261546428730608,0.28250593774740607,0.9501226887506419,1.0
0.46416068703667157,0.235009506354471,0.5349489253117251,0.4157596851617764,0.45356317105800104,0.6743780814707437,0.2216517354889787,0.21714075200202704,1.0
0.6910847271654538,0.694054134985455,0.6486973579971909,0.8163082910317001,0.8393870616647677,0.4111432773795905,0.7457702404266844,0.7112830309455702,0.0
0.8904647981782026,0.2761862767636663,0.049035521197415055,0.23812147587712612,0.17124744816870452,0.11734314876168123,0.6414725613567231,0.8473600248044648,1.0
0.1683536439132991,0.1956339259783899,0.26847653578252706,0.6769862755683363,0.47650272151116174,0.11089739644242014,0.32490020417517396,0.43627352923526236,1.0
0.6393978029767627,0.09584959094270862,0.511350461346296,0.874561055615318,0.8028025435794678,0.7093665037364989,0.17429059544147668,0.2532297480213105,1.0
0.526680185830134,0.8746031939864409,0.756059531156064,0.9074203719006619,0.017205458836115517,0.8512059520802779,0.6860777532397183,0.4953558307161956,0.0
0.32824481146391105,0.16697947466308316,0.05029149529898497,0.34570075247608806,0.08662827134556794,0.31483398526624545,0.3329047043626817,0.9641035386369547,1.0
0.10088092100096996,0.31400144519949,0.113575185729757,0.7475808152421174,0.8459306814629987,0.3627563603254076,0.6368632026334431,0.38723553572976466,1.0
0.7052618091060161,0.9394378057178292,0.5750106256364106,0.6018524733025516,0.8222590797965009,0.6244038687248362,0.4397716571523813,0.009645902929193872,0.0
0.9456150794914078,0.0774721432754421,0.8800993105673214,0.24355792659876302,0.5318199498946897,0.5696688301076274,0.6548747864494353,0.09427196895441181,1.0
0.5106357296421985,0.24626634676186643,0.5829972307018014,0.808984349611559,0.7578897821146011,0.0704772021572152,0.09018959123296799,0.825108519533516,1.0
0.31188837458057705,0.2970022994706067,0.6307335323860377,0.9572350051929206,0.17171549396077646,0.9816764580410602,0.15172548856202334,0.009925953338267512,1.0
0.022810935453953185,0.35045715981665815,0.34123893063382915,0.3572694920222679,0.5040640914949924,0.20755980414421338,0.6684528522021751,0.28318347302514457,1.0
0.9089554907541232,0.012124915780760748,0.4527998883578576,0.004357808812976649,0.6775429824705707,0.05759896256709457,0.6839743322638443,0.15190400938835658,1.0
0.34213246233416744,0.5505272960593625,0.2826867657897488,0.45939003410216855,0.6828167229259123,0.6682883630505791,0.8874561440060003,0.9238329565988544,1.0
0.38713408590717413,0.8021109363161854,0.3334274296890628,0.09740247854189688,0.3317019832511776,0.1248270237688443,0.40198924955206466,0.01961936481900073,0.0
0.361436533151663,0.9528390843105596,0.6329135786878122,0.5913000340889044,0.4851217688522424,0.9320917071162209,0.9150214592274678,0.19703713335066975,0.0
0.09346740013964855,0.7310758241273984,0.3814616736876344,0.2535206410305726,0.961903354381243,0.9691338241754976,0.3820850868786199,0.5096425689957526,0.0
0.6416601935978166,0.11358699893866503,0.3902121041519309,0.28984004743265457,0.32275631211755695,0.8163626494440354,0.1709612900537522,0.29796863435418375,1.0
0.8172737556321006,0.2989595837910417,0.5017178775470353,0.008093793564492358,0.459990575404459,0.6711591848256336,0.13017459060794195,0.8183031278963547,1.0
0.21006036932571853,0.07526160393782344,0.7581979239018717,0.837649006315069,0.47967635854005797,0.43691089920048903,0.7497304054335597,0.2608936275196202,1.0
0.4429547543098966,0.8660063276588988,0.3822260297050875,0.096452499035032,0.3674761771590469,0.2130488811727576,0.9101912579690821,0.021872270341994904,0.0
0.5736335457773307,0.9278632019398165,0.19512170532311218,0.038136862308681074,0.3472968763515353,0.15655861135106108,0.6286111921330055,0.7045534862941997,0.0
0.4534472275103304,0.1955991498701603,0.6858992896609507,0.9517606189590018,0.17139099282488984,0.5259427204597984,0.8696320680028335,0.36275696291999227,1.0
0.9317873840949271,0.7047256218153977,0.8623808960343162,0.5079440411401346,0.6526558945379268,0.8938459195649913,0.22124255177299051,0.33639055029905385,0.0
0.6952832020679863,0.24781268897894687,0.548841314809086,0.8586854416502744,0.003734018385390614,0.5005839274306344,0.7317013208883704,0.2568954078400779,1.0
0.6867082428695432,0.14469197128502226,0.7616204135322586,0.3525108401389554,0.5325403264964331,0.6762261680140419,0.2754973123880161,0.1667400132023764,0.0
0.886331319253878,0.8153043546589631,0.9019326719350014,0.1224807702765977,0.7834088910657913,0.8501619927710793,0.14566690278761607,0.1883547371860268,1.0
0.2645601602774294,0.9467822012161549,0.9157754485981854,0.737095492704046,0.6372427539135155,0.9203165889511697,0.043027626151089626,0.20923182839577786,0.0
0.13051935235354423,0.38779130299971803,0.3268920663506656,0.27487090651283774,0.7619262790730995,0.8919139979157956,0.7570548772865536,0.35659835437045334,1.0
0.8945364646008027,0.7008378652885062,0.5710116189543313,0.4041813954167004,0.8756229333947488,0.25847503942372385,0.2640126671944664,0.1415154727851013,0.0
0.29217708406288007,0.04599259773281006,0.219779814527593,0.3858572165680034,0.9323718936909868,0.7722587512177315,0.034996458185757695,0.22820441012715625,1.0
0.5990965824318789,0.8332525430360975,0.32121418258478085,0.8655607890055987,0.5502966147341027,0.020987428978930855,0.4507454477269886,0.427757829742687,0.0
0.8295107739455796,0.946586286957579,0.6259446999962326,0.48551486846590647,0.718107216448891,0.6305665449112091,0.9986574440601692,0.8101624959159315,0.0
0.5918210122181827,0.5659883290318914,0.934492752546571,0.2553826645320204,0.25539725253936063,0.025645583375604575,0.7292645526896954,0.3102016696338674,0.0
0.24859131165598086,0.5903339939909008,0.7917669756812213,0.9250686088941533,0.6030472858916034,0.35696086067878846,0.2495228967873661,0.6305109919785561,0.0
0.039393929747041034,0.023535195810726606,0.07515681104620464,0.17451768179533134,0.28514814286116075,0.9110273408565613,0.94206841951748,0.7567028731838398,1.0
0.43518786755888905,0.34700795390652495,0.41690938043386555,0.9050850829872492,0.7724313068507151,0.4001521235750685,0.04453768907037786,0.5894486007481347,1.0
0.6756626406300736,0.526436213449912,0.7010343877961979,0.2780261861148067,0.7896240297469104,0.2799840501058021,0.7072703029292887,0.6639028358437853,0.0
0.8175785735054109,0.4244376225459615,0.7576930403540711,0.355157571649704,0.010160361403521778,0.47616774874088164,0.43588482853452226,0.6788121861935148,0.0
0.32723485354947024,0.192856881183046,0.633967387122843,0.2987068765411302,0.3345763256919463,0.4196618261620713,0.8912521355056461,0.718629353283591,1.0
0.5913678973986752,0.9514368903894234,0.0864486390430188,0.922688487102589,0.6020355746641824,0.3556449678773588,0.1338814117254885,0.12175108186140171,1.0
0.4254549187895149,0.7837855200780258,0.5787138124783441,0.8303377984934561,0.6125639516649853,0.25859893497579395,0.3459085795241468,0.5086057156954918,0.0
0.48085483771698045,0.7804010879878012,0.7417654634183614,0.7122241219454286,0.6619146575279222,0.46592262125846046,0.27091378807450306,0.1282589199389223,0.0
0.11101339606904331,0.5934524286731401,0.16013616733162012,0.1483443005872046,0.4281385203278868,0.48091875847636595,0.2720130005416892,0.6064733318664026,1.0
0.5161593266310542,0.07210520754965416,0.7491874903493752,0.4301422846993876,0.1592735419869446,0.9276052024458628,0.5237543230967957,0.44619198122328685,1.0
0.5023106733477227,0.3448279432135353,0.805040663952376,0.9752511901272165,0.9407221596333323,0.07535873996897036,0.12151339639151626,0.26072609736419217,0.0
0.0018082146427185197,0.3992268023448122,0.36982467832577115,0.7073370729436232,0.532327530166931,0.09936502866311658,0.5332605525230217,0.20042357624372387,1.0
0.28569313833478716,0.08414782872315402,0.9921327841077623,0.8257494584904583,0.5009602368035763,0.0549271165180627,0.7834568107004458,0.07521353843691864,0.0
0.7895419614035311,0.26844129235451236,0.9822441768594068,0.6609026794939986,0.18492478631480802,0.928178783138744,0.1619600816700696,0.021440525961339718,0.0
0.4211460833688822,0.3705431497172516,0.6646565067364678,0.9903267096514045,0.2896619722345896,0.7537638248334441,0.23946497770740444,0.5843076753815687,0.0
0.947547184427282,0.5469339418532851,0.9394869343141994,0.17603032718716138,0.7025253246205353,0.8194488956051303,0.033025542730947044,0.10562567928893862,0.0
0.9392348620387407,0.8563544975595667,0.29015734431784473,0.9932373980483107,0.2053699498681565,0.45106868535941913,0.6646293595566481,0.029444466670667413,0.0
0.7310678653516787,0.6104390974776968,0.4311050184310352,0.4485195202086188,0.9985412042149593,0.571389041584335,0.5599141630901288,0.16031719042761028,0.0
0.49760655626370226,0.28965047091098,0.16465995575702552,0.16501735616007723,0.6268093657979518,0.6144404908704632,0.010510437934913908,0.7118481326638795,1.0
0.6935471462255642,0.07334254678979352,0.5305898939452709,0.16588934237595687,0.28299099303715547,0.6680113888399557,0.22968207008625358,0.1821527875017503,1.0
0.5650264865243441,0.2838372860406577,0.5398149627001692,0.18407849202359428,0.9566651684248455,0.9596535593839075,0.06995541480895034,0.7602735158995286,1.0
0.5440436624411322,0.66721972182299,0.9943300755123254,0.7491356406790721,0.9772124848296382,0.20050332899654683,0.09016875703154298,0.47052552792836044,0.0
0.23801951683316253,0.9306882961671419,0.6394637993455351,0.6583113921935082,0.6378723869433267,0.49729711373770863,0.4968240343347639,0.8448954145079448,0.0
0.49082442490497324,0.3166587646145931,0.7381421346678037,0.8287877481559495,0.5611805367243481,0.8955942529443102,0.6005091878828285,0.40855854053729673,1.0
0.7112523159791418,0.6077931931210203,0.9964546721759022,0.44869168907205226,0.8893758911841293,0.3418474604330136,0.27578815783990995,0.05277699985997475,1.0
0.2000684978023401,0.1644060426540913,0.835579353207828,0.14089116619866277,0.17908960317464528,0.8814834250567214,0.47809158714946454,0.024786961653097517,1.0
0.6413073582875444,0.1843070024215851,0.046470776448814144,0.14167773119108223,0.3963302450447907,0.029500141140114955,0.5018209092045501,0.8263737472745094,0.0
0.6688210843769831,0.5507983373303735,0.8368557561234706,0.5883315139320159,0.5969090935141695,0.2175303451247233,0.21690403766823613,0.4277986704273436,0.0
0.850636854470556,0.9684397526489572,0.6292093306087839,0.3463231071041542,0.5446553893456433,0.23731198120395702,0.6330413767240302,0.15759003287258372,0.0
0.5774155158399179,0.4808946432581868,0.8862348528302928,0.34180851585929906,0.6757119257749422,0.2883046843661323,0.5275719821659236,0.6058023777613304,0.0
0.4706096145234442,0.6061982705390083,0.21276211892965752,0.4624291196175676,0.7548267885637627,0.6047188021979655,0.6461219217467394,0.98422716088896,0.0
0.5629606755761563,0.5663082161343089,0.3061804325920769,0.24164258115347836,0.34723372731609703,0.09265503657969748,0.7763106796116505,0.9839204390123556,1.0
0.07262066967611314,0.40019947150934143,0.7069266414552108,0.2900902095870733,0.5280625822861118,0.43755133573731386,0.5114871452977208,0.269548518733372,1.0
0.4109629379667773,0.24287209241206553,0.5795421080307526,0.7505846180782612,0.3262984954078977,0.33085312301687525,0.5233093045543564,0.9640026871503538,1.0
0.8942059136259161,0.14402326123440845,0.529084529126448,0.8721010835496497,0.46244808114491853,0.9617841914581579,0.8759489978749115,0.5340369599861309,1.0
0.27389199100986245,0.7685729637261298,0.10313924544981329,0.3872640139220677,0.5734088963724329,0.3634503876577745,0.2985774407266969,0.057625372567062016,1.0
0.20805265682335744,0.33671661506883277,0.5864940069288169,0.5649353836195519,0.4153986004263356,0.42377797068105943,0.060645860244176786,0.295549032159122,1.0
0.9317189393505283,0.5518283472535104,0.13527430060495815,0.37760451830521113,0.24000931846270834,0.47631127656458594,0.8468777865744406,0.9468004240763338,1.0
0.197584855565672,0.42635747609341657,0.9968470645916652,0.04506181764160494,0.7248397526892734,0.7540938592376736,0.7876003166798617,0.7223466890706994,0.0
0.5829717434627311,0.8562467181707023,0.4804554617363006,0.7212326123375306,0.053044393771913056,0.02909529186290094,0.6997208217009042,0.7831701372913791,0.0
0.257931631659037,0.554331961579568,0.1792506392626949,0.34544528465561586,0.7910788455507258,0.722205744084319,0.9280778365765241,0.6209817767198096,1.0
0.796110269258441,0.6472093898677818,0.9442996445386351,0.05112778564048015,0.6661788094124964,0.11353714107432034,0.683155964831868,0.3911387383062285,0.0
0.3719889618258724,0.28913520048293656,0.5106561469770926,0.20347945579783294,0.9970526912367712,0.5618565125020428,0.3756189841243385,0.839915351429924,1.0
0.10501572637382928,0.7985706754051151,0.8774815039639858,0.2531258994761981,0.32678113446446166,0.44147036163705555,0.36929788741197545,0.6046188313896501,0.0
0.11015863263318082,0.22800596981009058,0.9178252280465862,0.18035391445409343,0.36667832358945485,0.806511493899139,0.6267877828242844,0.060116654331112906,0.0
0.6057930252152561,0.3667711365734755,0.3162818178779184,0.9840084572316892,0.11222697992126007,0.43479565458238445,0.2076603191799658,0.0728097724257033,1.0
0.11570769743390574,0.4787191454952728,0.35119227334496095,0.6122908406960503,0.24460089013606756,0.622265277621545,0.501391724655194,0.6165751501937016,1.0
0.6545614973375525,0.920309087926213,0.32888002873830047,0.6809291812959355,0.7360648917365507,0.35984839641482885,0.7696062335930665,0.3033879431631027,0.0
0.813093585719349,0.054834224150334676,0.707213971398599,0.1158600948918374,0.517455401657052,0.2128124980102427,0.9347489478728281,0.7448257352990205,1.0
0.7750826112147511,0.2778717234136652,0.3540976752009585,0.4334941392286358,0.49169377918321233,0.35749889104195365,0.2876269844576857,0.01966854033726073,1.0
0.6992124079179427,0.28042604183645453,0.2541416104166788,0.7938658541923382,0.6864377098445101,0.5067081349766429,0.6458702445935247,0.763599114507278,1.0
0.4477957608827144,0.21912823995196112,0.8294183412545839,0.6113127411591023,0.8040668509486417,0.9530597691244856,0.26875869827909493,0.916149906983257,1.0
0.23505145559156426,0.05158491449590302,0.1363827627503657,0.00044567594848732295,0.9332400602622224,0.3628773375668293,0.6703820992541356,0.719250298387043,1.0
0.628979610894281,0.014011851485311422,0.14256261166204054,0.8462478992878469,0.9881773331047939,0.43468210576806754,0.2998691612150506,0.7640075213538438,1.0
0.892057862868567,0.04610170445404954,0.05337996055381722,0.24268991963242348,0.9477078226796312,0.4529655872808349,0.5383032626359432,0.9571414521280497,1.0
0.9211986107308625,0.7580965947553381,0.16541555656844742,0.8622402379060659,0.746663581738997,0.44250795372302154,0.8039701654235594,0.8360888293226114,1.0
0.601702523223461,0.6266198100640463,0.16695435035575323,0.7194239107799196,0.6572222596635271,0.6199025072002683,0.7942255927330306,0.06987924493075415,1.0
0.4650921191978489,0.8851273469227391,0.4961124232128635,0.818058895546026,0.2573026022178578,0.042205669800047974,0.01062460935872317,0.6317978902869184,0.0
0.5406060384181942,0.8978227501583507,0.7017982131951037,0.11261461896696034,0.9761323179251455,0.04871031893421168,0.3142972623859327,0.24627016196248658,0.0
0.8432440262063785,0.733542007680476,0.8009347376330062,0.9797880651694961,0.185470839738892,0.09972053196027703,0.506672778032418,0.36495069112440237,0.0
0.1773180484015765,0.8395422402291082,0.949277907749843,0.7055835503129679,0.06592520500883287,0.45860164104566786,0.25078961623400975,0.9125100851486602,0.0
0.3691010180757795,0.7559157876629234,0.5404275618130812,0.47503007649444035,0.5203244374561871,0.42014202091420594,0.9630592941372558,0.531774886146173,0.0
0.18192957937786386,0.33854992654542626,0.3763605722827157,0.5341733971251248,0.4479829720483265,0.9154602547313775,0.43577815742322595,0.8856085762103846,1.0
0.41525479484616384,0.36967932180748686,0.1566224113110894,0.1039170406055887,0.8139218151261575,0.5379292834963696,0.292294678944956,0.4666098231014916,1.0
0.6144664068949857,0.12272063847872838,0.7783195098358107,0.9574973703792622,0.5818637031549576,0.42060019568599405,0.6611183799324972,0.02086542244270634,1.0
0.8307748793992993,0.18788442863916038,0.12431012956113069,0.1370854119385445,0.22162843850477942,0.6313855289995183,0.7604650193758073,0.6729686343541837,0.0
0.9474039279855173,0.13726501571296063,0.03123220769683427,0.07758316299934609,0.2592894088454286,0.425348021809862,0.44753198049918747,0.42058070452681484,1.0
0.586400612925339,0.4755178852728225,0.5881665165900541,0.6704783455872112,0.10706069895899611,0.6313215914662229,0.6848760365015208,0.3031395651217219,0.0
0.416187553455876,0.04350464592877956,0.436510694882131,0.2840377710366343,0.8166794114509898,0.8690633602383888,0.7666719446643611,0.9898014976029019,1.0
0.4823646014393559,0.1494342643950523,0.4011664587526325,0.3663259986921533,0.7038121852166516,0.44051554345311494,0.3265619400808367,0.3687688783981117,1.0
0.7103142515752903,0.8450923478226704,0.15717637707451954,0.4149938122669652,0.5834872701627175,0.7009814013409372,0.2715438143255968,0.7145386169510513,0.0
0.3692896390574363,0.9243656811312269,0.4570342243656853,0.15516287731575745,0.018490992771823422,0.4497994855283628,0.3345972748864536,0.4155573003140565,0.0
0.9540626996305045,0.03882659570570807,0.8777863443194366,0.3756995189087306,0.22907604470527176,0.7706382929050032,0.8055635651485479,0.6134545884925954,1.0
0.7130878554616784,0.4566081773231103,0.023506666956738087,0.2565886424259628,0.5201713408450614,0.8475503700417902,0.25592483020125834,0.217022397364859,1.0
0.5044221141255096,0.8277109303697363,0.25349266393327363,0.891742659279411,0.5475154038540015,0.29285618777365796,0.012074669777907387,0.0017461476399084908,0.0
0.30660539535594455,0.515709775059637,0.5627188469871214,0.05435999740022368,0.9855672614173722,0.577571084741374,0.4465011042126755,0.10555900062011164,0.0
0.8588515502469316,0.015579696486869743,0.4712831895268633,0.5931652409899842,0.8301083987686468,0.508897398564828,0.4321838409933747,0.4868476325738633,1.0
0.8263716008429846,0.19074695363946564,0.19963700385176003,0.912208470230571,0.48053417716010827,0.8495414538068566,0.7165681903412642,0.9304441466130571,1.0
0.22021618988800534,0.7435341658008034,0.6035990264210893,0.9978886101940414,0.37181913267187816,0.18621342295553767,0.9568315346472769,0.8690405939735819,0.0
0.6247203846488519,0.4392793222322332,0.0063721981350880474,0.33394074366868237,0.45508989185595017,0.32635096558940324,0.869146214425601,0.20098284357851076,1.0
0.5947808494788649,0.3049742577159158,0.5116823632476615,0.4501281981560158,0.03285288768864447,0.7637760180659348,0.4907379474144756,0.5591914878011376,1.0
0.4992579846896005,0.04266975386479366,0.4198482112583459,0.2877498802909097,0.19790589307860035,0.03921095247292333,0.6845235218134089,0.3780597174158015,1.0
0.9969762279199377,0.2038055150129255,0.5027406447970464,0.1929004882539186,0.21592698273378008,0.835422136288291,0.4506096087336972,0.14356584185153326,1.0
0.8827642338539379,0.8685741848719151,0.5067107327682954,0.9083284366457048,0.2779388048700111,0.7789079893794717,0.7706454435601484,0.7635924466403953,0.0
0.009156208946417888,0.8788211908082764,0.5924101384224605,0.9809956347632545,0.4768619811497476,0.14998073914972104,0.09143047626984452,0.6822944796730078,0.0
0.13349802518342135,0.4451689614473656,0.9153642192239916,0.825997233095153,0.667280202883523,0.6180822772586133,0.20943955998166586,0.9693028078387443,0.0
0.053263540917223295,0.1034164473471138,0.5875594889718894,0.4698827845727148,0.015481065637319713,0.8786253377281323,0.4489228717863244,0.796675068178939,1.0
0.36359970542230946,0.30354525168080093,0.5128568874022136,0.18731441774957525,0.33932736194639124,0.24726209400992866,0.8373482228426185,0.7965225407239971,1.0
0.8141929462650392,0.5293746618620774,0.05061278482940346,0.7457768887839547,0.5298145700214016,0.8751321198820791,0.7509462894287262,0.7025264547618572,1.0
0.6426961499035406,0.5251006516140095,0.27132887578378995,0.6048666221874996,0.47423625486950705,0.032264311926021305,0.9505121046710281,0.6559672407700052,0.0
0.07020388044560183,0.7878378658194392,0.6328398227097309,0.35171366381442903,0.13552499401676155,0.8943404405693995,0.5311612983874328,0.923804618164603,0.0
0.022890257076337683,0.6810975127384088,0.05517690026440719,0.43918128267129675,0.06391690648264647,0.7120269418439055,0.8836676528188674,0.25635531062257877,1.0
0.04295809696020442,0.9197866499033436,0.5555714151543596,0.9519839874998508,0.9255422459087119,0.020557641410721972,0.2292120505021042,0.2744685710094483,0.0
0.8972925593665306,0.017224526766188242,0.09341831366241943,0.03721606396511001,0.8753536213318502,0.7355915044262814,0.866278594941456,0.0029255265947870646,1.0
0.5658130705055149,0.5036942314665908,0.7801074290310959,0.0014924838608271207,0.5260301385404931,0.2883702137052358,0.6297487395308138,0.8094673707934095,0.0
0.7325786902328819,0.9983973788902121,0.7321469410106054,0.084546053844552,0.2739309637763335,0.43488612221248274,0.7250427101129213,0.3561507738059517,1.0
0.7993210705819183,0.607505427462082,0.16438031978257373,0.46520928862955974,0.47499590061933816,0.7956222156663406,0.643865161048377,0.059689910850619754,0.0
0.6442685219967614,0.9472465020809916,0.7126472400141569,0.4169738868381016,0.8610673460583063,0.6931070033088337,0.9445960248343681,0.23318697365525792,0.0
0.20857129820048687,0.05343415396099871,0.1910115340553637,0.9723869263082777,0.8045922084703553,0.7779595384187639,0.8317771573815576,0.16566398618417982,0.0
0.5435932005186944,0.09528308548498332,0.9973339071088558,0.22541918077863304,0.7040594747167712,0.5937754025676889,0.7476886536939039,0.9564146546378348,0.0
0.5037432377653693,0.4176307966595822,0.4421689457617639,0.36107206288275406,0.4075004603511617,0.7154233248366277,0.9537747406141923,0.49059580724530416,1.0
0.25676143876158525,0.8896761149724683,0.8875468071886078,0.388241052325805,0.9958085491058044,0.6558786449699998,0.3474853118879953,0.012985670754069034,1.0
0.6129478886122802,0.6050498625680059,0.9262758590316318,0.18109007561900548,0.7364674005044494,0.1220904442836131,0.4169832076336514,0.014715148726770821,0.0
0.6723478457414636,0.8214668934104319,0.39395402614782077,0.16860106829585986,0.8511590501323743,0.20795059247012176,0.23386641110046247,0.492165256412821,0.0
0.5495094262738681,0.5206378947021917,0.3271074974808884,0.8978500114735029,0.18235000379424876,0.6627849597697613,0.40690862119254967,0.7040658985284018,1.0
0.46990606622055553,0.783628363924805,0.9416884706671413,0.17256095215482997,0.39919105554939394,0.09662128605174858,0.42526521938414097,0.21071876271062123,0.0
0.9509561571618671,0.8347428718269456,0.3456274113296611,0.1031116404986796,0.27646223183549834,0.9681583125160508,0.9884970207091963,0.040094717049068807,0.0
0.7825995950617913,0.599308088179468,0.4990631929546592,0.40095661158943163,0.6827517165659024,0.576761386186946,0.8382932622192591,0.671921779253599,0.0
0.5961335616947131,0.03642969890261466,0.6227522335061204,0.8416645996676,0.9653335675331174,0.6065127673437856,0.7905629401225052,0.5058427183559707,1.0
0.18688280349673064,0.5759534095717653,0.28599756021591927,0.093046526712039,0.12891371453770395,0.8118976341520876,0.13965165215217296,0.10145826248724765,1.0
0.5316546331255585,0.47042066348567035,0.9887227640132379,0.526375129159808,0.39337975229658184,0.4531035437842106,0.8582557606566941,0.17738943009741748,0.0
0.20660629734094826,0.02916547427974958,0.6302559756934256,0.9319797694953382,0.7454597700844445,0.2169106020634048,0.8026767781990917,0.0914914684643236,1.0
0.16839662084582852,0.9173294922104172,0.291818445680314,0.9070004284325338,0.9584423627078944,0.8170335955921837,0.4432926371932164,0.17420885759436694,0.0
0.2815639040457742,0.6942442089815803,0.8402726742591106,0.005471998684194901,0.40041874709129704,0.7244411700409412,0.495805658569107,0.7347580897894954,0.0
0.9181236377373547,0.08471672337915459,0.5469013733999861,0.2605015711403601,0.28092193346426586,0.9032229822800177,0.7963206800283344,0.2737151020517026,1.0
0.007427050636376997,0.8207814589718908,0.8834390237043224,0.36132089862065947,0.5902840167668649,0.902486241491798,0.41775157298220755,0.9258291492468644,1.0
0.5952795941279715,0.6875977248461222,0.21808767198010393,0.9520381052935957,0.8357711160557219,0.6546476484783398,0.6618334097254053,0.03666910043807886,1.0
