ln(VOTES/POP),POP,EDUCATION,HOUSES,INCOME,XCOORD,class
0.8087784214007161,0.47906849871326435,0.4550100601023794,0.5098198776703164,0.3898934141094488,0.7197491405497065,0.0
0.7940967233510964,0.3270712288134719,0.2938536846965551,0.3486291057349406,0.2256712174840524,0.7503170616019328,1.0
0.7867017111754735,0.6927614915129121,0.6893071958451791,0.726506808532458,0.6584740625036509,0.6061760569320562,0.0
0.8835292709069763,0.42358712871207144,0.4184644421743758,0.46413857826550525,0.34192961853445336,0.49192478434088716,0.0
0.7918864867056389,0.5177249619714885,0.5330249137323337,0.548179972332667,0.47902591697919505,0.4147775432784142,0.0
0.7388525267268227,0.6065342708089583,0.604101652888396,0.6319199125418855,0.5698106059106589,0.8337341463900545,0.0
0.8253390423194752,0.5181430579330386,0.5113727222165672,0.5590617814353691,0.4505917485124098,0.7310885082265759,0.0
0.8211523257847005,0.4199668916109108,0.4264767072658338,0.4523325174736487,0.3386224464229526,0.5035614149311995,0.0
0.8364421714925718,0.3919366002084376,0.3989505585609742,0.4308296605049278,0.30147403923478455,0.5458051047483086,0.0
0.6783266310393498,0.5200494426748519,0.5029681524865843,0.5384423010564205,0.4750319753809602,0.49862912185381014,1.0
0.8330751873221485,0.45426072367222875,0.4551862257561084,0.4894196447552411,0.38455769891960045,0.18698411258569259,0.0
0.7449352702836249,0.4759894167327963,0.4415581498326027,0.5077016716273344,0.3927517191685348,0.7828898073879029,1.0
0.7242883405424171,0.4628412053047743,0.4510572990285507,0.4784407572915063,0.38870535020754193,0.706798908482938,1.0
0.8217348172136195,0.4237289474366848,0.42122985381699757,0.4595410419756249,0.3504258443919184,0.5427212779843249,0.0
0.8004192417919072,0.42359727144364184,0.4273525830863815,0.44909690664911944,0.34964455117011983,0.3856348452113456,1.0
0.891766504240563,0.417353836730565,0.41259402244820903,0.43590930399377087,0.3354045842756339,0.4985760663139145,0.0
0.787422619545359,0.5125528869400482,0.4791570473469073,0.5455380540788513,0.4366244425247898,0.6505951298546704,1.0
0.8752578292676129,0.3224062006018678,0.33142888120925335,0.3591241524575514,0.2497466734934881,0.365781493973357,0.0
0.8059293129705226,0.47435751405419063,0.4590661150936555,0.5162413740310638,0.38927258916924057,0.6721855731601987,1.0
0.7265384868779473,0.6178924247528248,0.6191789389362266,0.6472516331335745,0.5700053499082329,0.6288951137896508,1.0
0.8335008906829245,0.4197978760042987,0.44195204632944446,0.44793388233701187,0.3508392771125981,0.01963395845617022,0.0
0.812279071358526,0.6419933501379544,0.656603881711131,0.6778860602955159,0.6250718462455105,0.6318973084945807,0.0
0.7445973048922946,0.5214335216201298,0.4857779398328849,0.5543636084610724,0.4397064569752387,0.7084061522384564,1.0
0.7652138272505898,0.6922323640562058,0.6992082008295528,0.7074350163473024,0.6609104383265456,0.8916076732863876,0.0
0.7241454891914424,0.44349039936601636,0.406939034214253,0.4530823200779401,0.3577660613832694,0.8220748735886416,1.0
0.8589778431536511,0.383313931993254,0.36970396476191675,0.43072373195496655,0.27983582801005724,0.6785295427516738,0.0
0.9010575434382135,0.26763437301717447,0.2579117348169216,0.31189516485894714,0.15064679241573986,0.6371404286181159,0.0
0.8612862703064305,0.3735086930839046,0.3376253665806503,0.4070997492933078,0.2729205333455891,0.713479402793844,1.0
0.7817931360400973,0.519110118021004,0.5224716890209267,0.5347213896657894,0.45706812090966387,0.4442857134783256,0.0
0.7378392640399756,0.5277749728188257,0.5074803633222047,0.5666971222652686,0.4600966459329161,0.6695806238625028,1.0
0.8122432793348893,0.3670663531216231,0.36547625438214265,0.39891505807639954,0.27853180598168215,0.6824416117072032,0.0
0.8548098144896248,0.4238806396168093,0.42400782345300775,0.4554302660768244,0.35826436270775086,0.49489361622462447,0.0
0.8240739684928835,0.6513244836654,0.6553259732290111,0.678673453392989,0.6139653556511049,0.9299383404198864,0.0
0.8039183080318568,0.49452467524634053,0.500115100199964,0.5196909404539216,0.4535611841323324,0.6255195698643969,0.0
0.8237483561008614,0.41345624528822983,0.39259117302182195,0.45027389053757866,0.320056594517411,0.5142840914341231,1.0
0.7784695457390388,0.7613679152010193,0.7706371828564995,0.7699223683324545,0.7402706931911145,0.3418805560842273,0.0
0.7209210396284218,0.5598372244172709,0.5472640863763547,0.5860575036007494,0.49689814425480594,0.49707936670759945,1.0
0.8249142891894152,0.3082667839992215,0.3016394637241578,0.34316835668779583,0.23219847242306224,0.4185662634021756,1.0
0.8754047982850237,0.3522895600863945,0.3702715506884389,0.383986796612987,0.26676229752344904,0.2621179453616955,0.0
0.8548326200268093,0.43558283860589325,0.4465024617646686,0.4684219784679465,0.36533500843423994,0.1549037024289266,0.0
0.854715424905167,0.4307263551160611,0.4393514804591874,0.4669609673822181,0.3625903442701188,0.48583556611674017,0.0
0.720501037651942,0.47112727844571695,0.4521847768997303,0.5064313501793485,0.38760862384738237,0.44864320877079433,1.0
0.7877257431437688,0.5708387670998152,0.5698043579597647,0.6069139318214289,0.5148563987499695,0.6697533192916303,0.0
0.6250703170729854,0.39096496242746265,0.36247683956694726,0.3627681493196577,0.2921499824228335,0.7909811127929696,1.0
0.8288124523300925,0.4391986775314171,0.4317301050210837,0.4773874935699271,0.34619313139755015,0.5276630595964191,1.0
0.8215172143796514,0.45066741417700745,0.4363042214579141,0.48243638949517237,0.3823414600895012,0.6145142366169698,0.0
0.7673917560517027,0.42850832821484414,0.39289283017286075,0.4634005455000986,0.33507157879837446,0.7014203766335774,1.0
0.824154421360173,0.6392621728262218,0.6392876469406825,0.6747616698864931,0.6011756860236279,0.6801368394920855,0.0
0.7226254367893858,0.39015946797513285,0.3349775755803274,0.40687055677177225,0.2797414008263055,0.7281724492966364,1.0
0.7620201018140538,0.5794172740412582,0.5760249865156335,0.580720748437668,0.5181747708137354,0.22009463737774815,1.0
0.8041463634037012,0.5882788798798095,0.5890026998801419,0.627318452972377,0.5436690483622628,0.6707862421262685,0.0
0.7371877225123594,0.7683067104581345,0.7468955004267506,0.7203677883049404,0.7252518468576459,0.8858104724712397,0.0
0.8135758195423183,0.6337283702883307,0.6391660466525917,0.6682743901626773,0.6095265056042727,0.6131537435098806,0.0
0.7127465215220923,0.4677517235238578,0.4446462665306747,0.4783360148493397,0.39575967876219664,0.49890413111203724,1.0
0.8467676951963937,0.30585326267888563,0.32285168328846797,0.34111584276882073,0.20056449690442002,0.4541598545755423,0.0
0.861638489158501,0.49692984900883513,0.4930384940525077,0.5365896919203614,0.4228961975872405,0.6358406561988299,0.0
0.8930062385813943,0.37407363425651036,0.37936972846169265,0.4105584396222775,0.26989046350133505,0.5999366265352022,0.0
0.7833949082837313,0.3434312753192425,0.3163954597017086,0.3843399830185859,0.2671138408527334,0.5021854855585082,1.0
0.7352400662880948,0.537552745570117,0.5282677335890682,0.5611245141291896,0.4718572716703868,0.7913550448471203,0.0
0.8833379577894847,0.37512345185339574,0.39481579501958824,0.40773842272115385,0.30532160904307326,0.23085710553559347,0.0
0.7883446600834683,0.4619662376291212,0.4609124054314559,0.4985149018021356,0.40959789564483096,0.6060830331209277,0.0
0.8427824275734148,0.7764769948935384,0.7957494552970368,0.7936885926904007,0.7634049670050371,0.9368507672707087,0.0
0.8705538704797525,0.46642805217457023,0.47167478263837953,0.5015890194884809,0.40277548334311253,0.5348305204006676,0.0
0.770493625852357,0.7848153075900033,0.7805976172180349,0.8102739379818904,0.7570600974955843,0.6811796351785218,1.0
0.7923185249378549,0.5178562789297856,0.5138197621958234,0.5433947572940612,0.44693563995706564,0.9347979912084641,0.0
0.7409601384549502,0.6146305043280291,0.6084704196023556,0.6471065630263924,0.547161212788762,0.8393102765684273,0.0
0.806221984031056,0.41890513610872565,0.4204313599979623,0.4430658222309081,0.3627426056901357,0.3473825250735114,0.0
0.7285558266880532,0.4626445440227312,0.43740348806225654,0.4871444162880701,0.3821854331682919,0.7121839398125522,1.0
0.8155028874344025,0.47518858973216266,0.4860266234766026,0.504892603413545,0.4292318947219935,0.19512128524678762,0.0
0.8181736692335566,0.45907771334001674,0.44813004845705146,0.5003289168153406,0.37764723182076376,0.5616022504591673,1.0
0.8409928263915812,0.6530491968258096,0.6642425907175735,0.6809889182861142,0.6253913345390019,0.9004840735181645,0.0
0.7822698351159662,0.4680487350173678,0.4230590758961786,0.5062307154839436,0.3761651691718997,0.6690931275202265,1.0
0.8581137666892189,0.4665851298758826,0.46837866312024207,0.5032637124553545,0.39823824750871073,0.5246002854967349,0.0
0.7994826310494856,0.39849876801714884,0.40164477876220456,0.4308649700215816,0.321350189004022,0.47857744815993364,0.0
0.7387340646308924,0.5460149252539026,0.5452778009432468,0.5804266849436752,0.4857059160947852,0.798837783428558,0.0
0.7808033123775786,0.47104963718192555,0.4729242145439427,0.495246536154664,0.41121426116956283,0.03246490386632894,0.0
0.8230968145732451,0.4574519142520906,0.45798418205765196,0.49871635764909045,0.37850084197572187,0.6870415305484758,0.0
0.7894814527633977,0.4464775684515451,0.43784920839096814,0.4681878590371103,0.3590836971467253,0.3664767440825414,1.0
0.8013083409985278,0.45808228950712865,0.460607299254064,0.4905271957181873,0.4010524286179249,0.14738290303241763,0.0
0.816544340299158,0.43853177049098796,0.4513970723426202,0.4667231071498759,0.3742995081579583,0.5107921926830266,0.0
0.8211453574261165,0.5627617419396476,0.5575821582397371,0.6004663410892008,0.5049309238116488,0.6234619545152245,1.0
0.7404387785354285,0.5770223327690205,0.5572369902947052,0.5721666302622812,0.5060713879164294,0.6154798156521333,1.0
0.7442932310631689,0.39096496242746265,0.3821954538472076,0.4274500744419499,0.3283720763176332,0.8341961746602504,1.0
0.804241386475303,0.45274245549068687,0.46826201528024797,0.47595668261342977,0.37995065648616744,0.5701508508172886,0.0
0.772628477527677,0.6673153526937434,0.6617047263776847,0.6928083912199556,0.6156328933715305,0.8038607159968743,0.0
0.8159837041767075,0.420943196843582,0.4314649721747588,0.4484590543728236,0.35198746532238934,0.35101440991289445,0.0
0.8587203306296103,0.3298215247254214,0.3424526769264294,0.367904634743579,0.23997394273174755,0.2795787814011439,0.0
0.7750398463413584,0.4680858053548775,0.4606455038536679,0.5056729711033119,0.40589467004892343,0.8425845133775554,1.0
0.7027852529260772,0.3454874673087643,0.30480903050610747,0.3654809603239643,0.23741205020243417,0.7270698336655841,1.0
0.7133648049746479,0.40688905099307665,0.38403033586707064,0.440085407060334,0.3251336487407246,0.7148966073984715,1.0
0.7364604792710338,0.7630983729173628,0.7707880556503055,0.7875512147659836,0.7302407497325287,0.21927058099277885,1.0
0.8173574210484973,0.5022330614811996,0.5073528377837122,0.5289474169218167,0.466761486492423,0.6323286761731457,0.0
0.7909679303468216,0.5299521595177015,0.5294680831965293,0.5606833732686702,0.4789843999147645,0.7069095586019281,0.0
0.7973990918328304,0.6063968502599815,0.604849914733878,0.6395462207047342,0.5615331653276128,0.6444990765792784,0.0
0.8308719190352751,0.4335102207767482,0.4075907233218475,0.46583763206169787,0.33430563723528395,0.76825663381462,0.0
0.8428426088520959,0.45655773821753426,0.45808906783341624,0.48833608966536973,0.3686319461066021,0.32851275007280134,1.0
0.8114172120990977,0.357919583936175,0.36618268572852136,0.39019899056752333,0.3131391757240649,0.40405594413498935,1.0
0.8721660952612628,0.663595573209294,0.6846296970543282,0.6967088610828724,0.6507024542474709,0.5504262352085607,0.0
0.7782253364450222,0.5835421344777205,0.5989773725299554,0.6051133289502089,0.5377224530174072,0.3223552519827302,1.0
0.8473216797038321,0.47410951080349,0.4649791612480841,0.5150712330721889,0.42209684926998037,0.6157119071467296,1.0
0.8698931433885482,0.4249253409685662,0.42452632708142773,0.46002935343074375,0.3547580052382948,0.5230496825922302,0.0
0.7674259643574793,0.3507965140957489,0.3033892697606437,0.3651190149684979,0.22716814903506133,0.6957422328738343,1.0
0.8281656619560563,0.5011203230451029,0.4986284814051935,0.5284644885713039,0.4214858725636603,0.7013678156193532,0.0
0.7563690797458957,0.43724373334022687,0.4252508879253037,0.46979083810194283,0.37219816538988826,0.5209960764333228,1.0
0.7993638522099833,0.35958963405652794,0.36502717346365116,0.3813540935043444,0.2862913453237834,0.1024724305470488,0.0
0.7798733532501692,0.7513179941123687,0.7621884832765113,0.7792126944920255,0.7346011035621931,0.49962195278579746,1.0
0.8775288806788956,0.3266244998309395,0.319901527644521,0.3606602532905823,0.23208792117010146,0.3845646739966677,0.0
0.7152462617923632,0.7145807510881219,0.7106208521589004,0.7476677927391588,0.6815097574273787,0.8389777963625236,0.0
0.8070623047275879,0.45070484354926316,0.45419246398354224,0.4842820644625864,0.37931612125956593,0.5188862533025487,1.0
0.9430976507762752,0.16965585532264066,0.19142379256883396,0.187212699601413,0.059814214033211854,0.20936606189002926,0.0
0.7616368420919266,0.5810949536499608,0.5851114906612305,0.6141270182764611,0.541637512193224,0.47035675364525487,1.0
0.8131672203344306,0.4697316206298851,0.4510572990285507,0.5012959596241606,0.3893950162336548,0.6513044386222291,1.0
0.7976128937439344,0.5378711196310055,0.5522217522309674,0.5726676239468957,0.49547990202359005,0.4838571631831574,1.0
0.785184509465565,0.4436688396347072,0.43899455044992536,0.48529801140816714,0.3703761455692556,0.6603884866511274,0.0
0.8029744121872792,0.5541698609539212,0.5524294013047399,0.5929151226736546,0.505457900875981,0.7204751748819391,0.0
0.7983686439067406,0.46594236792211235,0.4439880331166665,0.48829849917218787,0.3849646627023342,0.6080686773232711,1.0
0.8404131856548104,0.38618890272070244,0.3931662760570625,0.41473673242630754,0.30649982471109194,0.3662782096870798,0.0
0.8672356648194182,0.3146985324365003,0.30286041905316435,0.35573142796977203,0.2103049795277424,0.4318439244483461,0.0
0.7514494185854993,0.6155023304496559,0.5966979198568318,0.6471197926902548,0.5672207135006833,0.7597230988278472,1.0
0.8435255079933408,0.2672301896520262,0.23470916173713835,0.28744902701752834,0.15128238970678032,0.42056501253481304,1.0
0.6720094972392631,0.4669423694480101,0.4220409940659943,0.4896607895937836,0.37102265315862315,0.8348101282813722,1.0
0.7450762211731675,0.5893263637508468,0.5611168796322523,0.6090208242208319,0.5085809496342975,0.7670654274418514,1.0
0.8153242440597911,0.2682659151351366,0.22224261176547783,0.27392092018607656,0.1694393468033356,0.587097786375931,1.0
0.8612251387970333,0.4621115569425068,0.4616451908766354,0.49533357821897334,0.392437830851176,0.511769481379625,0.0
0.753351780478967,0.6918263855173281,0.6858406590505679,0.7192154389629839,0.6591584182075694,0.5360302220180069,1.0
0.8376730370133869,0.3998560091151741,0.3682688160527237,0.42154937064208026,0.2806340177115658,0.5812666575673944,1.0
0.760589371099303,0.7028441745221223,0.706269065266987,0.7285921685134362,0.6613931948896936,0.7793327902028531,0.0
0.7005142015147945,0.5264472623286474,0.5017532992811256,0.5490052296405052,0.46866277494072484,0.49476212538090847,1.0
0.6753948525368627,0.46826469441700075,0.43014523319353565,0.4901042114308309,0.3808202941590222,0.7929175870142646,1.0
0.7755992154895209,0.5681555209266542,0.5830152785676883,0.6000419882159278,0.5247205636047703,0.7483580334776927,1.0
0.9172900180163744,0.31178720944103405,0.31691414020327496,0.34454177827484816,0.21070344679496478,0.4288280596409264,0.0
0.8325113837639779,0.439019608951921,0.4395132309514916,0.4726918752893418,0.36555408336259654,0.5548694777201351,0.0
0.7752957751475392,0.42264950947326635,0.4054312790784979,0.45946376249085547,0.3536764374342185,0.6930844752990788,1.0
0.7663255971883307,0.49965537152332057,0.4819312142102716,0.5241259799759457,0.42496500256295455,0.7835013060422984,0.0
0.777468319307928,0.6658740974651878,0.6801504730604953,0.6941908454740588,0.6369035337490767,0.03083026692093771,0.0
0.7916432276423382,0.5097982826111482,0.481197898145653,0.5464372150261974,0.43878806088950606,0.7771166263910831,1.0
0.7563979034109483,0.44671291572745414,0.4324332642142557,0.4797096189145143,0.37364093165451195,0.7173096630740086,1.0
0.8589480692578826,0.6845320561031283,0.6911295198716538,0.7173271553540266,0.6449172926973319,0.5610689751690185,0.0
0.8442746065411348,0.36283916778259145,0.36216739999747066,0.39210725553086617,0.28938620109881175,0.5961086446054527,0.0
0.816594702527107,0.4228235515663205,0.41015025462215954,0.4639423230450342,0.32854982728418447,0.5512100407361991,1.0
0.7725660790439919,0.42196052179596716,0.4105099261651895,0.45761416424381335,0.3494374486045293,0.4470067880006596,1.0
0.753188974282956,0.5975457461877465,0.5965666799822666,0.6249318216115773,0.5491391629792917,0.6802104884938713,0.0
0.8030295255688081,0.3747923320590291,0.36119318270757234,0.406916450019516,0.2719063583577277,0.7687990225064287,0.0
0.8174473762229469,0.4404255890166963,0.4551455449324561,0.4672692641697454,0.3819345928580802,0.47038480031547936,0.0
0.7988282388297212,0.6935888870847391,0.7094602990093601,0.710160509581105,0.6792226499338092,0.8866705762453324,0.0
0.8238804381703878,0.7653716911694415,0.778514582173893,0.7933048411993262,0.7431485981666643,0.21731591529142635,0.0
0.7275153240540136,0.4814622731225781,0.4546975252528423,0.5102790838649376,0.3998118408019473,0.6943113758283483,1.0
0.8465041645444847,0.45107132826609636,0.44964178323859855,0.49382430166991204,0.3785183177633078,0.5593473900136052,0.0
0.8411103382567955,0.324417782524217,0.3396980545457327,0.36058406867454634,0.236646881049845,0.4095640063870112,0.0
0.804298717061836,0.430247582282461,0.4428437522965872,0.46185623315156693,0.3670079530281727,0.5469706311094233,0.0
0.7321255267445603,0.5165991187671679,0.4990252078723761,0.5550626821473805,0.45321910283168587,0.7894946392710749,1.0
0.728864334927187,0.719960258443981,0.7263255072567072,0.7413021346838173,0.6870964094787513,0.563743140399088,1.0
0.8435362772747891,0.42309920049245203,0.4394485838165139,0.4554302660768244,0.36071821431823126,0.5269957325260415,0.0
0.7993831735678756,0.41629351736736336,0.4192808886177621,0.44921241530049855,0.3255698675711851,0.46537050428478244,0.0
0.6417608028562669,0.6191748071063388,0.6149177995317989,0.6246074667492927,0.5578561051374278,0.4550754511946258,1.0
0.7823971660319126,0.5468507581422573,0.5494589052489671,0.5819952668824653,0.5040609964848564,0.667302520710382,0.0
0.7700967461566336,0.46840014027487503,0.4433867528557717,0.5060916671547955,0.38307602247598704,0.6215671794050124,1.0
0.7262378972281137,0.42585936985991263,0.43825999627328277,0.4568212055636118,0.3920806875457594,0.3307267768272053,0.0
0.8143546919858808,0.4768168123046233,0.4821610608639068,0.5141696086701926,0.3957141065426355,0.5509369742573957,1.0
0.660027087910278,0.6042228948738184,0.5689146860338044,0.6231268392654232,0.5258777310866358,0.7969425844391989,1.0
0.805523247711211,0.5367172717165083,0.5278103396326999,0.5753568952734334,0.4810250119071906,0.6236419971828993,0.0
0.7216685544583559,0.45945918775748956,0.42389214841531836,0.4871824629765576,0.37332472610565004,0.7310172788682541,1.0
0.7374173616020637,0.5659558945561627,0.5684119241154064,0.5968260850286007,0.5002584195882531,0.8426688123429087,0.0
0.8292767984066531,0.4799980396702876,0.4813994450958779,0.5184294691948645,0.41313437712382717,0.6696833439091181,0.0
0.8805585329451324,0.2244510201658148,0.2516481260864986,0.25146853830827093,0.12370028657395105,0.4092259627673036,0.0
0.8434200323838629,0.40707197919609056,0.4094719461060448,0.4506722402784324,0.33145476662727047,0.6913820176901724,0.0
0.83688402877552,0.3857263762093524,0.39946039540522477,0.42143212844854,0.3031692871819345,0.12270275163974143,0.0
0.7379865498009583,0.3911107305342804,0.33381038968780025,0.41623998719733485,0.29464255110967863,0.7206618583229167,1.0
0.7484299021135665,0.5536048300226291,0.5584370745924467,0.5843349101267876,0.49777695430236046,0.7563265022382939,1.0
0.756544872428359,0.7434351169910232,0.7441904025270221,0.7448183968603543,0.7125883697957756,0.4671589033907366,1.0
0.7608338971368915,0.39556904449095737,0.3781490384424055,0.4206067799016406,0.3160590805206085,0.3973525073652535,1.0
0.8324179444102362,0.6008388128767452,0.6026292723819038,0.6247592885469977,0.561581054778677,0.5889118125086454,0.0
0.8408946358842594,0.5926442038373094,0.594341350491915,0.6101700714347105,0.5354530144140488,0.5818328364763268,0.0
0.7355941856015975,0.7673270841540643,0.7659888681347904,0.7884103217654976,0.7326794427869268,0.7520568558990344,1.0
0.8312083007087454,0.33497286550028843,0.341086066561433,0.3670565676704605,0.2566712370839689,0.3666394960133461,1.0
0.7768706241875527,0.44233789783181604,0.445163266737351,0.48087948615620596,0.3749939051983904,0.6871669811143473,0.0
0.791149741157153,0.7610683007056018,0.766933901355547,0.7735808722052788,0.7477297648483128,0.8817018295613035,0.0
0.7485661018495291,0.6459430016184387,0.6497519928960669,0.6769040542806721,0.6016924286488214,0.7827251126776744,0.0
0.8546254697307173,0.37437235116506323,0.3739764240477083,0.3987646961036723,0.28510540555075425,0.4545390497957682,0.0
0.9137643453163762,0.2409247011686491,0.2581633368675536,0.27212989741627397,0.14771240492230164,0.30450568344224926,0.0
0.7603198223195259,0.5903680133072637,0.5893477793886008,0.6252508846083169,0.5298178936037363,0.5293554677372161,1.0
0.7319202769099005,0.5557299566833556,0.554979823638017,0.5868269226031817,0.5012471050295799,0.7740283488960564,1.0
0.8120491155252496,0.3809489701222954,0.3947354061745884,0.41423008191990335,0.313779310926799,0.3975707874643113,0.0
0.7645546838772455,0.40295788980200403,0.354859090028343,0.4282885614136506,0.2980292815027863,0.7151026479871605,1.0
0.8040947342014642,0.5321323082532303,0.5361086970383209,0.5711942043488549,0.4771971385666782,0.5620039642590757,0.0
0.8593946776944109,0.3676921506836514,0.3672868163443875,0.3972473905172323,0.2993765585192194,0.36808868583193854,0.0
0.7185761869648618,0.5955875706838436,0.5861981992721848,0.6108399486214597,0.5407146747471103,0.6678455982058045,1.0
0.7767784518080991,0.7744930586466201,0.7770071807844305,0.7894181484346388,0.7563937968871277,0.8799142782136435,0.0
0.8421898003501918,0.3302527254551954,0.28714479782028607,0.3688841773037725,0.20729779234458168,0.6914679945104827,1.0
0.7479851941384702,0.6082580863825031,0.6083028322962227,0.6327959900067679,0.5493453965830684,0.6816944540641463,1.0
0.7468705735085812,0.8040506838579682,0.8055484929125603,0.8289674530196387,0.787275830783011,0.47574461083584896,1.0
0.8571017709766598,0.4641733139705894,0.4738278594484617,0.5009365689624057,0.39630635229430533,0.6847830494685334,0.0
0.7955904860366765,0.5157281004737193,0.533019342228225,0.5447313183004205,0.49011406282420134,0.6322721412919188,0.0
0.7604604564654965,0.4078967717660102,0.38463356173257496,0.43798864219671535,0.2993104208700683,0.48701262552297875,1.0
0.8489000129231378,0.41396544631654125,0.4191995269704574,0.45115370880396716,0.33556379739015996,0.4982544656727832,0.0
0.7690508588818699,0.5027674847004076,0.4896387268706302,0.5316523813668668,0.43539534431501536,0.7401967703517449,0.0
0.8261492723766665,0.28197960628788316,0.28115313155232086,0.3202123351926029,0.18005217053626632,0.3499516212600262,1.0
0.8354723026750895,0.5032153805458637,0.47294632368723205,0.5184564759569563,0.43376304782369957,0.5807247987245197,1.0
0.8405015571114001,0.41757087323443526,0.3818548846039797,0.45297155585773924,0.3285938546827434,0.5719594548292481,1.0
0.8321883053205319,0.5677638140189245,0.5870769934996465,0.6013364880151106,0.5249376109555617,0.05308422238452115,0.0
0.7814428176494587,0.5671188080979928,0.5539001899529155,0.5994878933977408,0.49709433652206925,0.6192435622294858,1.0
0.7741478964425896,0.5267882555785246,0.5305080972968566,0.5582706475363903,0.4840828885294819,0.5848938267512676,0.0
0.775075638364995,0.45648045598848846,0.44409548355305245,0.4924694928513283,0.37950372046000536,0.7688469738349295,1.0
0.7699215869613143,0.5226756920821081,0.5146322289934175,0.5600433312549074,0.468089260143705,0.7295898658408373,0.0
0.7820623680763024,0.39448206679787595,0.4032178885255226,0.4160742058232782,0.31895436473243177,0.5085840119285245,0.0
0.7683049277697959,0.41351297277807525,0.38231899973990796,0.4469926601824889,0.3228896996839006,0.6709768994342487,1.0
0.7022597753401193,0.6149870258306649,0.6146906059753585,0.6354911918722783,0.5666925778205993,0.8188810678476506,1.0
0.7988542118026257,0.519162537093899,0.47192160911406095,0.5493236539638171,0.45092765052904804,0.5760858476784636,1.0
0.78662379225676,0.4839801837952718,0.48450454161599615,0.5107360090830309,0.41785988801785656,0.27994722068801536,1.0
0.765222062583462,0.3472843464530913,0.3444164110333822,0.3531220820607765,0.26817629149690947,0.2740750992336407,1.0
0.8787952214797753,0.4255623583664026,0.42303961985008404,0.4619064146351833,0.34163127497842805,0.5042040157180041,0.0
0.7776102204281867,0.5611538945890142,0.5580910222816831,0.5798219524465662,0.5010338231799811,0.8205511516867072,0.0
0.7872319399150114,0.524205359616831,0.5057090671984417,0.5538059553195018,0.4554775345854043,0.6121107358838709,1.0
0.7421558454392727,0.7468700921633216,0.7366660420096716,0.7457784142614681,0.7145609131127979,0.8818487743322527,0.0
0.7434662135966613,0.4697679728979031,0.4814698406081111,0.49498486252736945,0.4358977973459395,0.3055359217089566,0.0
0.8890491611363239,0.3427102437908754,0.3497026187572733,0.37369630786540925,0.24322965299361687,0.4444602987019832,0.0
0.7619608707660888,0.5139491730666854,0.5046012222465031,0.541041793146815,0.44098450670051625,0.4863284139332469,1.0
0.7291139288619277,0.540785943215244,0.520164644136978,0.5735137749997308,0.4861034178488812,0.6480325154867781,1.0
0.7286904427061558,0.39030649270356116,0.35173161905521605,0.4240545215432758,0.3078740395437487,0.71934698520902,1.0
0.7324600079565986,0.477029450632857,0.45207263932496716,0.5096266333388624,0.400689588785063,0.4813614687355927,1.0
0.6338694535033107,0.5945779649784944,0.584827520824823,0.603659525750309,0.5299795205010782,0.6508021418330712,1.0
0.8693787518276105,0.44650898399180744,0.45752395813094254,0.4872776253173065,0.37440899734648014,0.6897403690772252,0.0
0.711405429238219,0.4403582700018482,0.40184296512264955,0.45524140122030404,0.3403594045371585,0.853130555907611,1.0
0.8188017717368444,0.43373686146007046,0.4485104141582001,0.47022732577034504,0.4084687280436281,0.49135758105734983,1.0
0.7843628766397815,0.5557183778128014,0.560308215607304,0.5864686268101602,0.49697876460085166,0.6572514983774613,1.0
0.8139026989086284,0.4011018596832972,0.352685849679581,0.43970192928644297,0.29378923060865847,0.6708644301672531,1.0
0.8413773530879964,0.4241932691217642,0.39643506867409434,0.4610487674606472,0.32622467857343884,0.5904127862296926,1.0
0.7946969524200476,0.5540941046225454,0.5531789896988195,0.5815363344050273,0.4844018940664101,0.8971988158512152,0.0
0.7704223585486556,0.4413203036033713,0.3936833647003119,0.45440026831583086,0.334987772259012,0.6015235947381905,1.0
0.8523116579372139,0.4893560110449859,0.4874760989106472,0.525823938903405,0.4158346276841387,0.5898358160641437,0.0
0.7227606862946324,0.798168797133969,0.7682758379166323,0.7901864725683374,0.7492282412203235,0.8410342637056731,0.0
0.8674551681148184,0.3977313312478799,0.39553619934452583,0.43135756971257316,0.3182517608304263,0.41309147566319093,0.0
0.8201678867629061,0.46765864376599436,0.46915655121773175,0.5002300136730857,0.41991623787424137,0.24103038167915214,0.0
0.82452659505728,0.49227514304617465,0.4904964731936808,0.5297028763478975,0.4126888893673544,0.5499314269509994,1.0
0.8103225463142452,0.2769818426255564,0.2567706377134759,0.31508789332474946,0.16951552578900042,0.43107350643709963,1.0
0.8226340522145443,0.529905664518113,0.5399441027795702,0.5651070079080545,0.48114319071384926,0.6690815414902094,0.0
0.7381319351005091,0.6371652303930451,0.6278636757299709,0.659384603481427,0.5955364135068721,0.701056653002216,0.0
0.7555449129715361,0.42946291184539104,0.3917908220347504,0.44511076330781,0.33025048210484176,0.5833080242159332,1.0
0.776243155171409,0.5182101974305138,0.520843748582251,0.5543088650243999,0.4617235355507243,0.747348582950818,0.0
0.6851765275275504,0.42452501722693586,0.3981028055706904,0.44498996279088604,0.33796406302213144,0.8411826567303744,1.0
0.8005123644020768,0.31171674887215967,0.32458760478296816,0.3361723279591701,0.2434108798074226,0.4125224532316478,1.0
0.8730041987527906,0.37875419072087263,0.38302587326915244,0.4132082956744108,0.3054169051886386,0.455085041460326,0.0
0.7104564654964893,0.5256118782337249,0.4985870930889558,0.5446908081572828,0.4324750533132211,0.6997102892000258,1.0
0.6273001918199073,0.5929059401670389,0.5707585001475564,0.574058928389928,0.5266857690220326,0.7217228101661481,1.0
0.8920468223017882,0.34417097665439395,0.3058408200051311,0.3833357146728285,0.2440424219433327,0.4378428034292956,0.0
0.8157683185477435,0.7048943526796512,0.7041314648572072,0.7109878653873489,0.6715833169759318,0.7039237185674185,0.0
0.7156431414880866,0.4428464705493222,0.4252698133519593,0.47373437280170877,0.3751005943988459,0.6945229621692102,1.0
0.7424120909890255,0.3542423500691096,0.3003235275155805,0.37455057919468376,0.2610765838253185,0.7358683814273679,1.0
0.8071161511348289,0.4590981783205306,0.4691449660266482,0.4958023645150124,0.3968314948836975,0.4873928981027029,0.0
0.754097078103897,0.4649503549193101,0.42983924265041223,0.49733061878878687,0.3834061314138675,0.8079906235106831,0.0
0.7095616649055725,0.613265184948222,0.5991848447305819,0.6473897690721113,0.5631195999454293,0.7522332602706978,1.0
0.869142461122894,0.43190757942993,0.4270925795612997,0.4666039489360521,0.3424092854555971,0.5169787618179273,0.0
0.8432391718042475,0.3527594468100346,0.3579203220081752,0.39052900225159753,0.26420745323995787,0.5665892062848845,0.0
0.7270148692102443,0.6287572649558839,0.6265242153929338,0.6450317867765039,0.5802020374837298,0.35017497024721633,0.0
0.7013554724420423,0.4138525298889693,0.36783370811279087,0.42131461253781627,0.31563908231067006,0.7028271255525795,1.0
0.8289895119868438,0.418648426265438,0.4128565906339124,0.45545727283891607,0.3316143659470472,0.527841212469564,1.0
0.8183447107624399,0.4902817821371776,0.4895653245149099,0.5309365196933127,0.4270826625028592,0.6731585524188028,1.0
0.7386672317371992,0.48153138731115547,0.44930970390639374,0.5149309986352459,0.3936160465191947,0.6307200371487687,1.0
0.7554188490298779,0.46711730912792876,0.4992804358225074,0.4961653135001512,0.4498458896223463,0.08153015144212894,0.0
0.7765557810769789,0.6004340909594781,0.5969925905185911,0.6343149378963082,0.5389778131842169,0.5279827704430202,1.0
0.7324096457286496,0.6218196365616928,0.5953930382198991,0.6538709357788319,0.5675930153621829,0.7774270648813444,1.0
0.6839352094688591,0.703145763708642,0.6906320641476451,0.7065471690435354,0.655926169914669,0.7830034953074461,1.0
0.8214044536680173,0.3390419857924564,0.33788077140392797,0.3746159063624464,0.2700369318425939,0.43318309996666904,1.0
0.6955473455621692,0.46575881140829306,0.42589417555844816,0.4685387644661811,0.36553853860126306,0.7207750693784196,1.0
0.7628892461756381,0.46023084318502233,0.42437297806357327,0.49559433945565673,0.363573719389251,0.5848636430236771,1.0
0.7259088006567995,0.4589069025596754,0.41452300098191125,0.49072874280420326,0.3627242609407362,0.6988807930326704,1.0
0.8227597994126308,0.4265976350560808,0.3993077538799557,0.45806041449175555,0.3270771301126456,0.6095816786151136,1.0
0.8056578637293135,0.7965221740307833,0.7986104668752414,0.8105372539122853,0.7709953484474115,0.9065636661533492,0.0
0.8395326385246338,0.3900269841539116,0.4049547828223276,0.42630748767953325,0.2961173724100954,0.4619995877068832,0.0
0.7243330013860699,0.5462427328001487,0.5276255956313747,0.5744619313228989,0.47724261423492687,0.7234869068676759,1.0
0.7496956094273023,0.44331967834436153,0.3933843606464677,0.4614028662568573,0.34832334300809675,0.7225033482920287,1.0
0.8468595508322755,0.3672944299439285,0.38550103607867287,0.40177421653474404,0.30079006973611655,0.21413890576163408,0.0
0.8018230493030375,0.47550175778923626,0.4561554905979099,0.5112783340623335,0.38774553360869124,0.6059522487424567,1.0
0.8010384754751787,0.701399687980854,0.7087211461309131,0.717788825003298,0.6704214184797475,0.9274657473858314,0.0
0.7950963660643471,0.45331942432727873,0.4347146624919887,0.4841247683212139,0.3596071983638027,0.5443844561256119,1.0
0.7686124857782136,0.6868705391615801,0.6855299813690672,0.7111286472586584,0.6369678369232881,0.6516665727067892,1.0
0.8349363725512555,0.36838858833192717,0.374887232314653,0.3982113311979743,0.28501339214981836,0.46919822129006494,0.0
0.8227274915682862,0.26247683889294143,0.2562586783914696,0.3024552978781991,0.17078459624220355,0.41399965439720243,1.0
0.7557026512703952,0.36985784827065976,0.30248067240802784,0.3986643331364394,0.22854120525196664,0.724305929687775,1.0
0.7764198980845883,0.5148008034838576,0.48010172682137103,0.5407459961106613,0.42231428282602224,0.7859781555294543,1.0
0.6161299130095454,0.4248254395505315,0.38796673617486527,0.33656994778753485,0.33826655828459984,0.8393345259879601,1.0
0.8474059334939857,0.41159859951316685,0.40461978508320856,0.45055864764733683,0.3422567343816425,0.6356459720389536,0.0
0.7556963163989551,0.514067654532818,0.5137779316967201,0.5391234006476877,0.4540095684281842,0.7139188771610949,0.0
0.7447876677790701,0.5899051277611678,0.5863396093526629,0.6215171085100679,0.5521139089214089,0.5357760004996124,1.0
0.7450838230188956,0.5090541831003601,0.4924186421112498,0.5487730262299526,0.440757031807961,0.501496081449226,1.0
0.6764828667067031,0.46537141291751355,0.43292214159066794,0.5025589819472567,0.37866188956518787,0.684828404537259,1.0
0.7804605958326682,0.421411737186925,0.4270925795612997,0.4444443532053833,0.36614536360114003,0.10019429207166564,0.0
0.7680337952721588,0.4669485627973761,0.4778047637067622,0.49804301337801843,0.4070086790940437,0.5742355268937898,0.0
0.8468744377801598,0.4507797920524607,0.4750906452765716,0.4872395786288191,0.39961777266356213,0.011552755504106393,0.0
0.9541944450779316,0.17800772158076178,0.20455883459698881,0.19168852298375816,0.09077184760688395,0.29252431547403335,1.0
0.796473567115429,0.6737062609286808,0.6772871621313885,0.7007960973039038,0.6510473355361837,0.6088113489120224,0.0
0.7459840082505366,0.4488650597528063,0.4184028903194585,0.4768774672182616,0.3592462895571935,0.688102747316174,1.0
0.7979359721873804,0.7363730830573927,0.7420388291386835,0.7584069951893291,0.7140427222179151,0.8582114009643818,0.0
0.6938017717368444,0.5632956266067366,0.5357011813092132,0.5887664825644889,0.4921057233011241,0.7819608585756899,1.0
0.6970841853735421,0.866868569855999,0.8648242557465422,0.8739773241736613,0.8456544233487335,0.7723038848947701,1.0
0.7073713831051514,0.4929002225387114,0.46900612060679164,0.5208036008042904,0.4122249603101691,0.6648089103352899,1.0
0.8607522406440284,0.4373045897296494,0.4387341047419779,0.45845237749833073,0.36543851144137895,0.4620308311323411,0.0
0.8100213231772675,0.4136715763770576,0.36596026774703133,0.4312521885969785,0.3092010407845296,0.5994846653947468,1.0
0.8938820345579908,0.42687166832585594,0.3907029637483452,0.44866251747912306,0.3186298557706837,0.6520853476423631,1.0
0.7784860164047831,0.4511683574061642,0.4178471548937394,0.478189119960935,0.36634821790897476,0.7609839803353988,1.0
0.7928582559845531,0.5071684428564336,0.5179956487437276,0.5315705399290414,0.45251138171011096,0.4734197573461436,1.0
0.8706606130635185,0.3495100028426575,0.36389430096150893,0.37732050585125215,0.28312021401177745,0.22149621143883103,0.0
0.6661339039785528,0.5198970324252357,0.4809554934986296,0.5489181875761959,0.4412008781921193,0.7783675997235744,1.0
0.7412984205898526,0.5338284781513445,0.5239084295884364,0.5661701254482348,0.46852142381903494,0.8429107943509344,1.0
0.8496386589330557,0.4866757269084783,0.49097641847620416,0.519890571519654,0.43061006815846814,0.5240767241037041,0.0
0.8630559166432277,0.2395172849648904,0.24621060338593564,0.2749009189415758,0.14574140642628164,0.27743077382388037,1.0
0.7612760711634119,0.36207792436268854,0.3033892697606437,0.3881936472431478,0.25624843888596394,0.7339031717322346,1.0
0.8568917699884199,0.37405604155396327,0.36596026774703133,0.39780668596190333,0.28910958158812816,0.4392161718654739,0.0
0.7419848039103895,0.5112835195960714,0.4730570462768246,0.5461185169857021,0.4444263678931355,0.7539521078732869,1.0
0.767618227705687,0.4029833812689598,0.4048591828867449,0.41307973983729146,0.3193871077156374,0.29565823062388397,0.0
0.8970079768701175,0.3176174849203162,0.3185157265431496,0.35220759295116205,0.20035565641520225,0.4701516314613843,0.0
0.7599134403166423,0.442239073518019,0.4191181653231529,0.46137768427598796,0.3592332551299884,0.7046578066034439,0.0
0.8331923824437908,0.5911284488989885,0.587359902097176,0.5837291740000061,0.5355467657386122,0.5433329709166628,0.0
0.7555062702557515,0.5228670576016496,0.5256768073052853,0.5568627375842341,0.4660651584257387,0.8050054192948941,0.0
0.7476462785164238,0.42422351779910267,0.40338821736542313,0.4561284273725211,0.3476986560153834,0.7522454467961732,1.0
0.8373955696443097,0.3102595165974133,0.32482434948930966,0.34016741272846934,0.23233982354475202,0.16335502252281886,0.0
0.8250400363875016,0.523405430203062,0.5396894054488779,0.5537325078752995,0.47299030132409503,0.005682629814048656,0.0
0.788433665027202,0.4335828355540979,0.4333910323015467,0.47015853151825987,0.362274911131758,0.7429131822034625,1.0
0.7513382415917251,0.43444030028589037,0.4096306897548618,0.45858266687761123,0.3537743404652247,0.8418451091905619,1.0
0.7545383018997013,0.5268524330393467,0.5300970441048225,0.5643340305822382,0.473733167123467,0.49159500636454556,1.0
0.8579420916731917,0.4880901442897812,0.49934623263293626,0.5292839065792303,0.4347872641480741,0.6839636204309185,0.0
0.7386422089950107,0.46081526199259065,0.4285132246724949,0.4830955917117707,0.3841857832633513,0.5909311197799108,1.0
0.7282919792925723,0.4937439541914748,0.48666425116906514,0.5128575909712745,0.42346604343438043,0.7202249272305477,0.0
0.7678228440532029,0.3996709267036848,0.4026557856665363,0.4348685400235652,0.3313456636439991,0.5032739895462925,1.0
0.8307455383500448,0.33992171067849225,0.35452170450174875,0.37310015184004547,0.26025705628371876,0.42159452667464414,1.0
0.7734919205049653,0.4622764436495415,0.43462932119889225,0.4762574977979452,0.37475387863519316,0.6056135516423977,1.0
0.8507292070514721,0.4506598744473445,0.4605181551883217,0.4794821599351398,0.38088469388454604,0.1875492494583888,0.0
0.8014046310444176,0.5211091337272482,0.5086786788884832,0.5485401841459723,0.46212953382033173,0.6077121243141461,1.0
0.7815045826459999,0.8785228377065111,0.8916460071462058,0.8942136004959025,0.8830640018375644,0.11396172781052716,1.0
0.8700632346867153,0.48263030290953673,0.491489704346808,0.5229634118591435,0.42876796566480846,0.5531861123344737,0.0
0.7434411908544728,0.5566532145323262,0.5541967177827112,0.5942669206032216,0.43186108351620955,0.3077565009285075,1.0
0.6247016275551704,0.5785431141937833,0.5623383655806979,0.5420904036762773,0.5038177837283424,0.48574045823313905,0.0
0.6873896148651559,0.44170222681427657,0.40430742710681783,0.42796137814047114,0.35625416437880286,0.7713011811109847,1.0
0.8887241822314459,0.27386551079020577,0.28354215713958625,0.30473289856095925,0.19893780038923692,0.414725671067804,0.0
0.761551954814629,0.44071918968012064,0.40604697450081745,0.4627063074840299,0.35123175819843744,0.6170082355479467,1.0
0.7262261777159494,0.5670777883782787,0.551185540903286,0.5947950122889891,0.5128547934878456,0.523191275888949,1.0
0.940691033116174,0.24405036790739204,0.2636429553769392,0.28292101489222204,0.1458712679417683,0.23548026708342484,0.0
0.8004151241254711,0.6225749559082892,0.6199763715163837,0.6542895405912545,0.5860406884610658,0.6242508642542575,0.0
0.778265562878667,0.6011940777577707,0.5998254792665316,0.62868868119229,0.5467505800561485,0.5196737147878296,0.0
0.8281108653180993,0.4326529355623287,0.4237763849410557,0.4756548637992419,0.33554863883407715,0.5600655472583569,1.0
0.7714882006684557,0.4685906979662387,0.4277780514398402,0.5061843660408942,0.378679365352774,0.6335377737782426,1.0
0.6935711824164241,0.5288042356765108,0.5251506096950007,0.5532171896580889,0.4583084190717035,0.8229115933631266,0.0
0.7699963384443077,0.4628149957683267,0.44022151946590676,0.49895093327523227,0.38869752955121895,0.6797201662906154,0.0
0.8279176517391756,0.48650994261457897,0.48225082398566116,0.5276619497896848,0.40445576583680487,0.5368854865051718,1.0
0.7888267438000613,0.4837315522337659,0.47350931091195,0.5239862017343084,0.39170877188951025,0.5197362899469009,1.0
0.7567852807995115,0.4719649962664873,0.44855419026191284,0.49900102351978753,0.4071610370653731,0.8392575742611541,1.0
0.7560323813288533,0.5481532464415393,0.5311927732462387,0.5584625232819274,0.46801433632510436,0.6556065470394941,1.0
0.7872902207322605,0.6823055021266973,0.6857857399386373,0.7015128713680694,0.6384542443812204,0.855003624873172,0.0
0.8327242354443659,0.46991939580196834,0.49174077577800085,0.5011818195586986,0.4080233368384678,0.06313392009510732,0.0
0.8076479635922269,0.47695118105826034,0.4742653551758698,0.5182400569039776,0.40127971040785493,0.518976274636386,1.0
0.7002085439678087,0.5562772153947275,0.5666485872832276,0.5647253549153857,0.5038257974872906,0.5155756511949368,0.0
0.7099997212656567,0.5166710154750258,0.4997969054097447,0.5328254419756979,0.4518361983808923,0.3956886757436149,1.0
0.7543802468572703,0.5605012591797329,0.5376298945331959,0.56087871609853,0.4859551150326822,0.6957195553394715,0.0
0.8557324885148782,0.35698770925330364,0.36884568781942734,0.3825601826533012,0.28001106864247993,0.366886352631562,0.0
0.7647231914575526,0.36558910465979527,0.33026921242544466,0.3929130789186856,0.280280060599466,0.7378635452488871,1.0
0.8496994736988808,0.4694219531615837,0.46706290378481113,0.5062307154839436,0.3947225245619299,0.6025749386540906,0.0
0.8207117354760403,0.4388487084128931,0.44117831475089314,0.4709123486412405,0.3578695643904084,0.5803051230457583,0.0
0.8137202546111529,0.38885536401949444,0.4099924837756474,0.41945461303780635,0.3206596540160953,0.44149959116856285,1.0
0.8311402008407642,0.582509101755204,0.5867228050241524,0.6027309858252818,0.5362532316931228,0.6303136783398746,0.0
0.8412649091199343,0.42573074566220953,0.41392065948213835,0.46335118516803225,0.3319247784171513,0.7715588466474481,1.0
0.7928709257274333,0.3841672678254692,0.36438698111056705,0.41718768732519734,0.2859297606579856,0.7290896354625209,1.0
0.838105391989175,0.5121456517795602,0.5247015287765091,0.5374603862806377,0.46041314113571574,0.13217302421805277,0.0
0.7936596172217282,0.7721762074316063,0.7565844345086936,0.7738607936447977,0.7301416880857707,0.9298866448255874,0.0
0.758139676313409,0.40761869935534417,0.3805738808417994,0.44213518380747524,0.3157618955803345,0.6740925524575172,1.0
0.8254682736968536,0.37767861238097206,0.3497026187572733,0.4140181335809196,0.27947897435857816,0.696100852293801,1.0
0.7655391228990399,0.6103313325224533,0.6018180436963338,0.6458781203074608,0.5542488515462742,0.8634433236137846,0.0
0.8253491781137794,0.5168541231954127,0.5263452993617799,0.5504911489899196,0.4639095538199707,0.6841450053825588,0.0
0.8545320303769756,0.3522671204147784,0.34535879115694396,0.3928595215898078,0.25514302290766777,0.7316718719025916,1.0
0.7020706794276317,0.4400213158928615,0.4128565906339124,0.47224462141172735,0.35050887852077994,0.6198741707687572,1.0
0.8035885779733987,0.48509570475064906,0.4935049085393382,0.5229890500353187,0.4372797362836067,0.6889713816580996,0.0
0.8152960538818825,0.4714431392633846,0.45471114448510846,0.5101903994975281,0.3781096160569466,0.5698663396015171,1.0
0.8695121008714249,0.4212766503637964,0.41259402244820903,0.460998038542664,0.3397606898475427,0.5021274141153735,0.0
0.8000001900461433,0.43536086537426727,0.4501018302921617,0.46905098055531375,0.3617876166569167,0.4327667976594525,0.0
0.8029953172630315,0.4377213393109027,0.44098782237231277,0.4724908756376926,0.36176917535620423,0.47919904926733214,0.0
0.7819211004431876,0.4484817901616042,0.44138428352977593,0.480859139845576,0.36522030547483597,0.7803249146695956,0.0
0.760753444269602,0.38680195454925287,0.3470300655164665,0.4182876654460704,0.2888124931991669,0.6855792887844829,1.0
0.8694306977734194,0.4606611463279317,0.4605308900548563,0.49514197619061945,0.40104702174441753,0.6497670996026983,0.0
0.747494875089005,0.5255500344987509,0.5167965372482906,0.5663381877988192,0.4778203772897023,0.5269658137229181,1.0
0.7251448151611212,0.5239902978040627,0.5070897389785698,0.5637356848194077,0.4660134069221691,0.6805873523787886,1.0
0.8080014494185855,0.43021939805491133,0.40614124788780287,0.4611501340575524,0.33407198305872043,0.677677563327898,1.0
0.7714767978998635,0.5851835515770916,0.5796339061930276,0.578060673610689,0.5216465629132698,0.511180042102503,0.0
0.8317584842933198,0.6578379125073612,0.6715694723670642,0.6894953184325348,0.632077802592538,0.576387490676425,0.0
0.7256097947248259,0.484459943974423,0.4608870241349598,0.5200367364955696,0.40797399911771404,0.5192424707406824,1.0
0.8627676799927023,0.6581229860955715,0.6760169476311335,0.6901252329105132,0.6297462814951589,0.1410599154587171,0.0
0.8351796316145561,0.3403583866881405,0.3357645726448522,0.3735641937049062,0.26231398544797935,0.4562079149822771,1.0
0.7726116901183608,0.44151974740469474,0.4092446641130311,0.48235619036044725,0.34306766885641826,0.7048866130346514,1.0
0.8312124183751816,0.38849641903232407,0.39553619934452583,0.42329103307981636,0.30365127133458136,0.5267648420223614,0.0
0.9033675543088528,0.34223479202867463,0.3373692542647874,0.37700262896230713,0.2366679292359981,0.44189817885976246,0.0
0.8721024298032897,0.44365268307114364,0.4457074169719866,0.48420350763096126,0.3609129583158053,0.5981715761055935,0.0
0.8488426823366048,0.7508660591260212,0.7606542856053824,0.7691033152807727,0.7306735892670471,0.5498117694001363,0.0
0.747548721496246,0.618851945111127,0.6142593008080715,0.6170296977669605,0.5665113510067938,0.5637900320297213,0.0
0.7673312580294496,0.4249253409685662,0.383514308462699,0.46285557458802357,0.30979850030708156,0.5892538829802492,1.0
0.62169826500541,0.5466553534818246,0.5298529591629089,0.5839271627626383,0.4937078957828993,0.7021487776243809,1.0
0.7546079854855426,0.5665742421472144,0.5680953211835043,0.6049459052730519,0.5068476604699712,0.737352647245372,1.0
0.747339037251578,0.5175009242900739,0.5194409676588336,0.5528843495631199,0.4469973362458357,0.864069039881235,0.0
0.7886088242225213,0.41030320215011534,0.3901398880870541,0.4526387157627703,0.3439884787249665,0.8451234964830043,1.0
0.8215127799696433,0.44329526398164315,0.43370224060248647,0.47204270936946685,0.3576455653451076,0.46815835743439527,0.0
0.8097403716288982,0.3880907995281924,0.3868597755886581,0.42481171451151784,0.3091631926699787,0.5737882637472134,0.0
0.8672572033823146,0.35925806546872924,0.3733297758247838,0.390748340954532,0.29268535945136454,0.20120015375509603,0.0
0.9031385487062926,0.26553608420370084,0.28401228596248923,0.3001194866744438,0.1758905193079936,0.3822384252381037,0.0
0.8089187388031147,0.4773864209289251,0.4415897216892199,0.509358390499167,0.3827242860440774,0.5750130095574859,1.0
0.796736464280194,0.28750200947259325,0.27849835406271867,0.3186567092004921,0.21687944805862824,0.4184205902686675,1.0
0.7047668007125464,0.5247982157409268,0.497082698542981,0.5551892307251554,0.4472706730118903,0.685979519007377,1.0
0.7963861458895554,0.55700470954852,0.5642125134390428,0.5912818522405303,0.506423124348339,0.032349008242895216,0.0
0.7053486586543213,0.7802737873309742,0.7785286435890251,0.8067192641606216,0.742747041257438,0.7397363492899813,1.0
0.8581489252257115,0.49360931616177844,0.496439764656129,0.5132016534707613,0.43293154791933364,0.5295741010688961,0.0
0.7365276289082989,0.4575005634601543,0.4154189519045655,0.49069215594069376,0.3730630720484238,0.7289086037435031,1.0
0.706239658322374,0.4627887862318792,0.430629069685278,0.49475740354799497,0.4001384738925735,0.48942446254596805,1.0
0.7954438337628377,0.4068401325089536,0.3910670571200329,0.44848815963332106,0.2967129009063947,0.5724309850569886,1.0
0.7713418651381889,0.48363811344115687,0.4745158959876237,0.5209351675304268,0.4033553705267656,0.5587287030753423,1.0
0.7704039874214793,0.4948597444229112,0.4647728387229086,0.5056885729827636,0.4081606328050271,0.5913569240446719,1.0
0.7708772023180562,0.42867132998946317,0.4143943257679677,0.464870589252878,0.35734258732607604,0.5297476442563176,1.0
0.7523172959727955,0.3611071841685783,0.33354295749057333,0.39951404251265804,0.2644419763783351,0.6422077448654462,1.0
0.7395848378653004,0.5605210958494418,0.5322297805030785,0.593771218784152,0.4871780339584484,0.7619710535756397,1.0
0.8603873520490776,0.3520424544225585,0.38234977566736666,0.3785181097675247,0.313688069936364,0.9555514851383027,0.0
0.7761025210254383,0.5253349726859828,0.5300447780900865,0.5623601647339496,0.46484417052622495,0.714581400267807,0.0
0.7915345845971402,0.4429037365912864,0.45224075725053864,0.4688650353487494,0.3856516252916937,0.06076984012267639,0.0
0.7684756525551071,0.6334958952903886,0.6435346364934049,0.6582154661522241,0.5987864272412964,0.7125304963384615,0.0
0.7366239189541888,0.5989116938783587,0.5867779010092293,0.6203969665566871,0.5338401247365718,0.5704852561409846,1.0
0.7770296294606998,0.5760909966382679,0.5733153783506737,0.6078822519771048,0.5154126308620286,0.7768848351442159,0.0
0.7569683585841309,0.3195120215155161,0.32052429799269316,0.3374581600475464,0.26142329958897137,0.12722391726783355,0.0
0.7349144538960727,0.44246939430748616,0.40425931761102035,0.47489584604977736,0.35174048706468275,0.6491624536611786,1.0
0.7380486315410716,0.5798876095583307,0.5678192222021077,0.5900575152793492,0.5264694940817425,0.7954528081922843,1.0
0.8337140591068846,0.8171128167056712,0.8174364908226273,0.8253470870743629,0.7981404603392794,0.6456824765110905,0.0
0.7651077181539678,0.5125228177800827,0.533131479802988,0.5286941372881451,0.471667258687132,0.07924171623580056,0.0
0.7170700712799736,0.5652244510201656,0.5280957244542779,0.600279209774842,0.49675215867011,0.7690403863573649,1.0
0.8622640577132128,0.3998692036420843,0.37933789129535606,0.44328169384952004,0.31258912289601426,0.6671452615468567,0.0
0.7779003575401441,0.5195427548897615,0.524923239265414,0.5466060072892709,0.4611161312429717,0.9184986016933407,0.0
0.7628882959449221,0.5486982611857498,0.5486722619307347,0.5770570439383595,0.48444302492559044,0.34901481302196324,1.0
0.7985178301291553,0.5746823238128986,0.5743662701494994,0.6024408456109176,0.507203258954386,0.8702120024488913,0.0
0.8130411563927722,0.4836121731807686,0.4920803722189239,0.518348357669528,0.4215854169669815,0.5839117517526344,0.0
0.793547489997238,0.5298591695185246,0.5313988304616946,0.5684710833306417,0.45940031786623137,0.5280536642303508,1.0
0.8779273440924791,0.28202870428937904,0.30117729419283895,0.31889776279997345,0.20006020939855584,0.39626836580035674,1.0
0.7038770680187817,0.5349670670891427,0.5019130157322473,0.5290917571165099,0.45552735506272124,0.46274135855244714,1.0
0.7176379925045802,0.5183232036167724,0.4846792038479813,0.5461384983400877,0.4336682344346974,0.6029703119284255,1.0
0.7873253792687531,0.5378143921411602,0.5368268904489297,0.5771280279279116,0.4841696881595361,0.46581086173358965,1.0
0.6857263943685528,0.5454977357024957,0.5411660309108817,0.5498135164829749,0.4769088363471663,0.05081751098447507,0.0
0.8196420924333762,0.4077155489780389,0.40409058062943665,0.43012100671720205,0.31027411207309474,0.5377314609743655,0.0
0.8098727704419967,0.5661134210509071,0.5689857006020498,0.5911967261965043,0.5080747311021805,0.8936704811551104,0.0
0.7927340925043267,0.47231918404327516,0.47219010255016575,0.5043108631598385,0.4129700467897317,0.5943820612084316,0.0
0.7996571567576608,0.4367197221286488,0.4290059932581262,0.4757195522935766,0.35982076986733946,0.4464872181362629,1.0
0.7493785491117244,0.4476094254878586,0.4262703847406584,0.4686787251859406,0.3530894054534306,0.7660358426554956,1.0
0.7635955843412114,0.4056720129633084,0.34938973016144353,0.42796137814047114,0.29948450288673945,0.8242227398728561,1.0
0.7764968667725858,0.463532436949235,0.4737949610432473,0.47393263528152435,0.3927919810659013,0.38001509080409757,0.0
0.8865218641752884,0.4250151894137169,0.4455112646527241,0.46797673184967664,0.3583912311325459,0.21958453414763368,0.0
0.7277741035523426,0.3942152142230178,0.3715005537456028,0.4233293534854871,0.3168126635156825,0.8350149148942514,1.0
0.8820947392693613,0.4086901487956673,0.4071490710755011,0.44030839532571336,0.33844315063539954,0.4942071616077399,0.0
0.8380249391218855,0.38235611704999445,0.4142438951570275,0.41812553363445865,0.32421438369317856,0.3369077825483022,0.0
0.774754777126553,0.46889103053114795,0.46298155593361207,0.48861756216892765,0.38441625124659806,0.2532422692567944,1.0
0.7413139410248809,0.4364215437722146,0.4100826890802675,0.475525121854328,0.3600926583637043,0.8376211888142817,1.0
0.8080537121079665,0.3930261809034265,0.35832598056924675,0.42586132867065235,0.3402642049429059,0.5480377998468102,1.0
0.6851020927881291,0.4585711153136128,0.4292785547765963,0.47275875352114344,0.38067508098482716,0.7145598530778361,1.0
0.82921788410226,0.477514416815823,0.4637957914626693,0.5109709496654171,0.4073132019340773,0.6219030859673538,0.0
0.7266731028960498,0.47328588509649455,0.4497282742071462,0.4970748757004651,0.40827272887899,0.386559873141449,1.0
0.7702554346862085,0.6198991597061048,0.6178852003075117,0.6381962475563898,0.5770081200619435,0.7171950744112778,0.0
0.8429702565116144,0.3682572713736301,0.3849636070235973,0.4083727166740661,0.31099206763380827,0.4194483029221241,1.0
0.6408289432674255,0.5583542313995093,0.5282321820866591,0.5935638323982242,0.49144859506736727,0.68763084619418,1.0
0.7489100853687276,0.44965709040216645,0.41471579271139364,0.47402068097550604,0.3666352649614224,0.47219109065376164,1.0
0.7142884292306173,0.533364156466265,0.5196110311890147,0.5617318013200101,0.4616097981044467,0.5061768022528896,1.0
0.8335268636558291,0.41440445605203774,0.4281831793814728,0.4452615814758429,0.347315830060807,0.2868673480100077,0.0
0.8065669177809706,0.39148834532823545,0.3847236786006221,0.43357622996184925,0.32535957881227784,0.8468871516437539,1.0
0.6370973872456233,0.4794120949650493,0.44363393307774573,0.4425085340455818,0.4185461747480277,0.8010596342855498,0.0
0.8822581789525163,0.4010236798673869,0.41082352225360447,0.4422598163649663,0.32172171845502073,0.6174260567554399,0.0
0.7687968305371211,0.6733292744455313,0.6697233589024101,0.6932648602427434,0.633634402854752,0.8758982882205824,0.0
0.734716805907141,0.4135242823725697,0.3958015090639971,0.4490102295410547,0.32713341952790853,0.8528088492966928,1.0
0.7161296596146878,0.6971976350740323,0.691594165627021,0.7163550943968449,0.6626626515481473,0.0571557228842039,1.0
0.8612346411041935,0.4621643350501477,0.45595447426712393,0.4942832341473499,0.39742016823680015,0.6573490435661575,1.0
0.7492505847086339,0.4508696404976113,0.4282014857521163,0.4825365699842831,0.3584702101062769,0.5064721047252778,1.0
0.9514257895150277,0.17563091156318972,0.2075031534271073,0.2064437951872855,0.08576807582985613,0.1663531550525903,0.0
0.8624430178313962,0.39478993909244814,0.38965835094621387,0.42174453099381776,0.29050407219643715,0.4527593402123269,0.0
0.8201146738428091,0.39651976849798615,0.4056686428408515,0.42850607533536283,0.32962888475413266,0.46087470075898396,1.0
0.7030855258323387,0.5187034214126347,0.5084418457455686,0.5548906965171676,0.4547368894662229,0.6904544994700805,1.0
0.7617907794679215,0.5166027091146266,0.49987862080334183,0.5549359510914837,0.4412313884069101,0.8125856677417655,1.0
0.8134199817048913,0.5537499698186417,0.5648454539931278,0.5758119957103043,0.4909055904851385,0.9114919323788424,0.0
0.87861594461802,0.4777530851631315,0.4957750753722803,0.5075799587197991,0.40208108630268047,0.189211897750742,1.0
0.7013342506227179,0.359382560766855,0.30678824101336283,0.3714235428528884,0.26060348239343367,0.7334356153714969,1.0
0.7544793875953082,0.8420160949891045,0.8548001470523339,0.8561678243991131,0.8439025963323825,0.04492389532502283,1.0
0.7085350989887012,0.34902270293384335,0.28457323914602456,0.37316657387654145,0.206953876568995,0.7160116568178347,1.0
0.8941557010042038,0.40114090471190916,0.38022694416530417,0.4419478700149942,0.31624986591436466,0.6303269598864796,1.0
0.8593053560071052,0.5046607646739969,0.5155398535437286,0.5395746690439915,0.44007412437373206,0.20896289983636862,0.0
0.776725872375146,0.4312026147064402,0.429532279304984,0.4665324175121334,0.3688286211304286,0.45570392267653137,1.0
0.7517335375695886,0.5258976698914268,0.5186717463455133,0.563265712415574,0.4665646183659713,0.46525791138636907,1.0
0.7159849078022811,0.5167284610343628,0.5044617577706341,0.5500909744678435,0.4671430572799351,0.7077810894513579,1.0
0.7377179512518973,0.5867824230590784,0.5886711511673759,0.6073177559059499,0.5378627420746578,0.5409218050356561,1.0
0.7797355697963466,0.5270351817249876,0.5382088003410821,0.5579294134477981,0.4630575850373273,0.03526063410342317,0.0
0.64192867694943,0.5072163739950055,0.4726245914340866,0.5232586614609307,0.43189410406512896,0.7188957658570718,1.0
0.7426056213115212,0.4940727402599931,0.47974347026351166,0.5031680026802385,0.4161435918845533,0.5586568025750378,0.0
0.8458447044275684,0.5253871224828186,0.5247323047039678,0.5589318570123332,0.4550225848002938,0.5718319025292729,0.0
0.8183969734518208,0.4325062698686462,0.44482906492739044,0.4651618243359758,0.37285123846851476,0.5384562413307885,0.0
0.7420620893419589,0.3656470887712511,0.3477172176898969,0.4024511191291998,0.2957587808349893,0.4324382913205518,1.0
0.7826676650424057,0.7464126818971,0.746988005082273,0.759507520744569,0.7068796768852392,0.9112660401167705,0.0
0.8227797542576671,0.5747237025673586,0.5882632816919755,0.5961310258609818,0.5193438141070543,0.9120221698684379,0.0
0.822449707455637,0.6384727451787691,0.6452240403504246,0.6667475044748197,0.6037228062021087,0.6210088069370368,0.0
0.8529818873355784,0.4068401325089536,0.37143077728938184,0.4469926601824889,0.3017647552371121,0.6040633019705155,1.0
0.6740306379722331,0.5454220691298064,0.5176356234544051,0.5789142150274749,0.4788845658575056,0.726996290633585,1.0
0.7923654029865118,0.4916742086402968,0.45372578418699233,0.514452358520606,0.39462394567173487,0.6132195154241853,1.0
0.858437161876237,0.5029142401527764,0.5029445399215513,0.5492754797395452,0.4224714683629831,0.5632304938940917,1.0
0.7265834644651722,0.4487425391457827,0.4326256137608722,0.4712302255301856,0.3817111731206553,0.441332688754444,1.0
0.8233641461480181,0.45322472891305915,0.4095173140680744,0.4734250723845091,0.35856569935446747,0.7766954494736764,1.0
0.7655486252062002,0.43423349627227686,0.3917076032194095,0.4619064146351833,0.33169952420478643,0.6696990804224494,1.0
0.7482141997410305,0.6380313119587382,0.636207666407341,0.6586262244053904,0.5950648568959893,0.7600206619890191,0.0
0.7514757083019757,0.3955413090568399,0.37618663088404997,0.4357422452728585,0.3093642125028735,0.46131700098721473,1.0
0.7504098661821758,0.5243506789302164,0.4872785316062141,0.5150432226804247,0.4367823039209391,0.5992988650353255,1.0
0.7477489034337538,0.5344172053758631,0.5300099340802626,0.554591158679508,0.4762613632446726,0.7276171146292141,0.0
0.8063914418420793,0.44947497002733056,0.42657027316023405,0.480859139845576,0.35856695452153176,0.78120139077574,0.0
0.8643589996984602,0.5078926159388268,0.5161330860764664,0.5455480903755745,0.43975173954086166,0.5614099329578612,0.0
0.7534436361148487,0.5114931958876519,0.493732809588364,0.5324206142615047,0.4340547293391537,0.6350412731125405,1.0
0.8155332948173151,0.41113391879334166,0.44496596474263755,0.4189735094685159,0.398745914310517,0.831074128126515,0.0
0.8605092983242999,0.3225937962565781,0.3392472048957779,0.35803338948185154,0.24857869226460805,0.4300514808288647,0.0
0.8060230690678364,0.5628434223443299,0.5359947907320948,0.5848256850365567,0.5159158563034538,0.5730311096209406,1.0
0.7515381067856609,0.8309154587167038,0.8414110267494987,0.8387973669866784,0.8181087200607657,0.04090352524744301,1.0
0.8712529235431696,0.41392029769724975,0.41520643881926916,0.4359760909865113,0.32593386601979857,0.4787757176309284,0.0
0.8674615029862585,0.2515225990381638,0.2690252052192788,0.28345503711696246,0.1784383153456628,0.39607168587616326,0.0
0.8147493544766002,0.39343853230904297,0.41095750366193734,0.42259834612778685,0.3405480658020368,0.29222258416791624,0.0
0.7941249135290049,0.39511073663787105,0.40738174769947727,0.41981372998237804,0.33727874180508666,0.13738652578619348,1.0
0.8757639854956784,0.5306529953416139,0.5427392291107729,0.5612428511914633,0.48691763506828645,0.5613397456357758,0.0
0.7022220828550505,0.5138639023145444,0.46979002239125583,0.5444575098779969,0.42335993354180057,0.7079415453701166,1.0
0.8266253379653914,0.34069085286280393,0.27617229531554116,0.3627681493196577,0.2387758374933272,0.4438281359391729,1.0
0.7402145240864483,0.7361141292469433,0.7421844841746732,0.7698356912243896,0.7003331116837033,0.7906134329562364,0.0
0.7637824630486949,0.5037315827517195,0.48970284338616915,0.5357776642763856,0.43585647338413414,0.7128719839762381,0.0
0.8254461016468132,0.4269010194163298,0.4145872943705963,0.4723343094088091,0.3436267009565437,0.5464760171298042,0.0
0.8448837044301023,0.4039601352950632,0.41624273858352373,0.43915586350563457,0.34392041004956275,0.24363506605238117,0.0
0.7321511829738927,0.41148263129025503,0.3748537148534265,0.43347340353996605,0.32401819142591526,0.7194788469469895,1.0
0.7506166997346957,0.5024312486609126,0.48921591161436623,0.5344156475719735,0.42589691583245526,0.7348693689244874,0.0
0.6855848099918661,0.4583167391961733,0.44602322397473043,0.4676000970053697,0.38953028462264894,0.2365498731259068,1.0
0.8503608342772292,0.6578826123332204,0.6653056867634946,0.683577187971991,0.6234686116992965,0.6399903624011285,0.0
0.8110976178349437,0.27229311812072593,0.24087610929310083,0.29256963684481446,0.15646449175823507,0.709613324725761,0.0
0.7809965259565023,0.5212561584556767,0.5245656902001399,0.5374713349679723,0.4653211340106149,0.4959336920198676,0.0
0.7416094627775625,0.7072868704673545,0.7042117652656339,0.7273660980100942,0.6673783142082883,0.6899043219989465,1.0
0.7574409399935638,0.5070205205411407,0.5074278319977494,0.5042319413719691,0.4430067739435428,0.3264985470129309,0.0
0.7582809439465237,0.4805102924939387,0.47642081977342715,0.5164211149814719,0.42284039092854075,0.784624797721339,1.0
0.0,0.476648514767503,0.4452844248425762,0.27587051644410715,0.383491000017669,0.6966118209438406,1.0
0.8544740663032985,0.3889448534298993,0.3980769820913285,0.41726962000208384,0.32504588359754427,0.4093103677024439,0.0
0.7964922549861774,0.5554947889248192,0.5635392458075978,0.5797460415477136,0.4970380471068061,0.8898895851339368,0.0
0.763518298909642,0.6630871800091607,0.6893349649291505,0.6469547412286871,0.6642190587077361,0.8323572279660203,0.0
0.7926583907906173,0.4348168379756076,0.4390920959901176,0.4676000970053697,0.3783997527513985,0.6504379060144072,0.0
0.6282624587916614,0.5936513860581243,0.5726507775033984,0.6044262075809075,0.5179234477469608,0.774423527892449,1.0
0.7738349537934478,0.5909087196345242,0.5868390106812809,0.6189312110397802,0.5423423367754197,0.6813055802700649,0.0
0.6982431501035118,0.5483277373280258,0.5226359157372793,0.5548363180367397,0.47635134906804333,0.5230692693411465,1.0
0.8736155138467621,0.4395812290531274,0.4454961419987143,0.4760427210480666,0.37490826418408774,0.5130100873346466,0.0
0.8387791055668317,0.41917171940752446,0.4366721176022474,0.45224876001553976,0.35196062405747797,0.758266385154396,1.0
0.6994299882678181,0.6864449034703668,0.6712713526789515,0.7031299012483145,0.639487343426357,0.09596078142968523,1.0
0.8707711565701486,0.3514102839937912,0.361623161326262,0.3833357146728285,0.282295086494045,0.3484641233635264,0.0
0.6835969273339567,0.6103579010936466,0.5994792500826218,0.6338546368329534,0.5502059584325358,0.7992546509079705,1.0
0.8441688141880849,0.46099585646975666,0.459929963540254,0.5022206675086207,0.38805304953941655,0.6180096147093979,0.0
0.8470648006669353,0.5987346897486514,0.6025219103820911,0.6277802138607096,0.552891436642015,0.6312107655695405,0.0
0.7950070443770415,0.3416809809331905,0.34826313665599556,0.3707441768037825,0.27667039322549636,0.4204473860715292,1.0
0.6664189731933581,0.881517007969584,0.8788624120597772,0.8553338993804682,0.8580900393127979,0.8899762330962295,0.0
0.8000163439683156,0.46303086540927313,0.4709302351289701,0.5005758097147337,0.39922432606459646,0.5109258205841085,1.0
0.7942199366006066,0.544208621447497,0.5473358084371851,0.5750450401625222,0.47920473001018515,0.8586176714651201,0.0
0.8258344292660925,0.6912146800690746,0.7146605463841424,0.7146359680072054,0.6801119840744403,0.020051814986925542,0.0
0.7249116918921248,0.8056690329749179,0.8093767352913839,0.8324747737681857,0.779794552323908,0.1419739578542618,1.0
0.7524712333487904,0.42039863089280366,0.3847236786006221,0.45899835204007805,0.329696567224286,0.7747580391859317,1.0
0.8374570178972789,0.35973423530042176,0.36266971973300294,0.4018712036567155,0.29008030848530586,0.44566319707455593,1.0
0.8897371281747208,0.4536608663705886,0.4593377922463942,0.5009856555772885,0.36738575831449216,0.699735474686008,0.0
0.6777716963011953,0.4974833908282598,0.4665168079455662,0.5079899870604763,0.4161573987222593,0.7070563797414593,1.0
0.8572363869947623,0.3049074753996123,0.32470602135442544,0.3372615398708309,0.24053509896075054,0.3960064967956858,1.0
0.7221816790450055,0.45607196420639,0.4439265696983225,0.48683931286768195,0.40327571569384624,0.41174926234431464,1.0
0.819045981030861,0.8004562074998227,0.8113218092814007,0.8223325484949295,0.8068819265308234,0.8982506896160489,0.0
0.7429065277049268,0.43363722931809506,0.3916521534880401,0.4623822263389285,0.336521200206195,0.7111510169779143,1.0
0.823201023208435,0.4241932691217642,0.43328703089151405,0.450955811280396,0.35491190803062644,0.19686203327196994,0.0
0.77406269242172,0.5432810551815759,0.544826951293292,0.569735018044349,0.4770356082206493,0.7383962906901023,0.0
0.6578200187005405,0.5685474971104434,0.5412837399897537,0.573476823179977,0.5036189845756383,0.8179242136582623,1.0
0.8104093340529748,0.5068081514889664,0.49281757949276145,0.5393600747722354,0.4479793596465913,0.6147294789154742,0.0
0.7862665055075373,0.3839625282616444,0.3197763898935037,0.3670565676704605,0.2671661716641788,0.5979096364543981,1.0
0.7808641271434038,0.39459417539726965,0.3695614934425608,0.4189332730425617,0.30971730065315994,0.6189446214610861,1.0
0.7931917869658753,0.6352716811433963,0.6523938586459883,0.6705190535443728,0.6204922243848643,0.48838403351810245,1.0
0.7558404347242178,0.5728234214162251,0.5733153783506737,0.5898538696949276,0.5208565800733347,0.770269459267263,0.0
0.819524580568162,0.5382393097628817,0.5243739597095354,0.5801866349738662,0.4770222841395062,0.6235704499152173,1.0
0.8415841866405164,0.6060072078020404,0.6077378110303224,0.6226969208094217,0.55530579876563,0.5849488074089555,0.0
0.7937945499834027,0.6049435673674397,0.6035520195862247,0.6353337132527839,0.5610422984542038,0.7677195965970418,0.0
0.7839713815847822,0.4173972799348136,0.43257317087299013,0.44828433157077713,0.3699387681230435,0.34031192065434523,0.0
0.8503247255100206,0.6150963519107782,0.6043701463245008,0.6342731504063148,0.5555342391713118,0.5231350589170822,0.0
0.7658292600109974,0.42619479807122945,0.41091284319249305,0.45740340201262414,0.34240368547946476,0.6906914832364983,0.0
0.7890937586312624,0.510547857401811,0.5083527901163993,0.5456985435873629,0.4574495951458635,0.6932689333745345,0.0
0.7497576911674155,0.6941299524467455,0.6974293875970714,0.7103338637972347,0.6549322707024601,0.8817313951318047,0.0
0.812337352175775,0.5079559855714706,0.5173948106656983,0.5417248087583657,0.4578830139882577,0.4499208688279135,0.0
0.6727554283513371,0.41270406749565997,0.36884568781942734,0.42796137814047114,0.326383119277464,0.7104859682579516,1.0
0.8187729480717919,0.6373631482966986,0.6454699824603745,0.6743979909888653,0.6111695192912903,0.5926357674310763,0.0
0.7324593744694545,0.4346376796374251,0.41747466004760186,0.46844533566759344,0.3658656544484522,0.7809350887016568,1.0
0.8017901079715488,0.5977381888115259,0.6160447467835397,0.6268007625395771,0.5799567005983381,0.8709444126299597,0.0
0.9182079408880477,0.32293667443887125,0.3034645292844003,0.35629236571754325,0.20079110283516166,0.45693822342924184,0.0
0.7701676967167629,0.3602900210870082,0.3546061614291138,0.39052900225159753,0.2663566854590924,0.927399851840109,0.0
0.7381195821012009,0.6450411960955329,0.6363456274614661,0.678999541797435,0.5949378919198813,0.7405533763457635,1.0
0.7637590240243665,0.5261470195224245,0.5265509143943699,0.5512958775090055,0.4591698498829846,0.8124624778646778,0.0
0.7843080800018245,0.500205322995287,0.5024540706868224,0.5222145216454634,0.42678219481795576,0.9022860014335594,0.0
0.7567529729551669,0.5279842900756602,0.5052568909998894,0.5330789953265527,0.44270958900326884,0.6871650383349237,0.0
0.8079862457271292,0.3950550862522633,0.3731246029750594,0.4300498402495278,0.2993104208700683,0.6893775815123133,1.0
0.8034615638010243,0.45073482295054207,0.4443713172247294,0.48339366972445247,0.37444240410065,0.5977358636657719,0.0
0.8532508026282115,0.48183387408453987,0.48241009825391706,0.5104414893937328,0.41459558468916313,0.533908035745446,0.0
0.7947403462894125,0.4759667975438074,0.48127855230037236,0.5073361679484842,0.41332757630039896,0.7228280573802377,0.0
0.7989850268978642,0.4908921412051342,0.48037702987360914,0.4940717420036717,0.40664072204161217,0.4845737308811078,0.0
0.7776989086283483,0.45216189630663645,0.45271530790209963,0.4858018335036765,0.36980282387486096,0.8182687744198545,0.0
0.9053342151474378,0.18903044731331148,0.21619496514670428,0.2056143408826357,0.0920446835612796,0.3623214744664387,0.0
0.7990733983544538,0.33125084204867733,0.31034038441079,0.33696574283467723,0.21507567643608239,0.40702249766831167,0.0
0.7986600479929861,0.48889195863596596,0.45015913719156747,0.5158112730969402,0.3951966880582538,0.6055000756624278,1.0
0.7237235867535304,0.45736852843236536,0.4246028247172085,0.4911488074416038,0.37903158454124664,0.6891727419145408,1.0
0.9013090378343862,0.37776307530493486,0.3981028055706904,0.41599117827765836,0.2963154957036114,0.21934968743858185,0.0
0.7602219485557761,0.4058450677108116,0.3519059275409087,0.4346656243516324,0.30581151040335564,0.7135982302480444,1.0
0.7207363781259424,0.5659848866118906,0.5486487378022751,0.5701882936999974,0.4809101158451614,0.7450348033038272,0.0
0.7639170790667975,0.459642564753936,0.46289471121877185,0.49681831146059313,0.414074883460152,0.4661848997575271,1.0
0.8553866045342476,0.34417097665439395,0.3460589435066285,0.38267997954055283,0.24962125333838237,0.5600850633607486,0.0
0.7833695687979708,0.5048249333115398,0.49031464759926985,0.5390371797349285,0.42620732830255936,0.5537034215100867,1.0
0.7983974675717931,0.5381629251207007,0.5583106102928319,0.5595968985288431,0.48926914228737983,0.029212726434474146,0.0
0.6295173968239489,0.5799427213918196,0.5440473829009123,0.5704942182719357,0.502226618096207,0.7742062545063653,1.0
0.7193126157697756,0.6521004475098828,0.6627428833099758,0.6875896081629032,0.6312583716022506,0.7100823116786195,1.0
0.8731556021802094,0.2491474944356346,0.2648158896467215,0.2807528098437458,0.17614367684970822,0.2294460295169658,0.0
0.8218444104895336,0.35335993242248004,0.3600891405282794,0.3956525317288396,0.2860260223166773,0.4323523145002417,1.0
0.7471401222883584,0.3674271830412092,0.3653642052439527,0.3803162491840946,0.2784497373659469,0.4888651010266496,0.0
0.8242716164818151,0.37920406125743117,0.3369063772408832,0.4119581380589327,0.27451044381066003,0.618914632011438,1.0
0.9075314653064431,0.3514556121304557,0.37856858154546263,0.3785806997634536,0.28325828238883766,0.15313172863991742,0.0
0.8583405550867751,0.37072060876495355,0.39101116520579765,0.4118712784727457,0.30457053638212783,0.46698424752055434,1.0
0.8458111296089358,0.28039437812623896,0.3003235275155805,0.3159622372474708,0.2032321131210627,0.38675206701133713,0.0
0.8020029596519369,0.47610242291905486,0.4845919169502753,0.5061380165978449,0.3960832222108184,0.9157254960057164,0.0
0.8329434219961941,0.44420227550836405,0.4288602497855634,0.48363143871773345,0.36390527659682115,0.6312549549706119,0.0
0.7959072296086824,0.40710851098148154,0.40127201860634737,0.4465777961715725,0.3224725014620282,0.7037921570771781,1.0
0.7406858385215931,0.47113329227771,0.43123450646511147,0.5062307154839436,0.37793881678490493,0.5971119842079586,1.0
0.8376400956818983,0.4736231982402271,0.4933642943880184,0.5016377411471193,0.42452463202605095,0.054163824910219205,0.0
0.7987398673731316,0.5025406644997124,0.5150184315083943,0.5346082532299994,0.4423993696357902,0.07919072710674646,0.0
0.8202477061430515,0.7710081776446476,0.7981161948678666,0.7911464899694511,0.7912173450184881,0.8305447383952136,0.0
0.8919128397708298,0.36355436499633825,0.37638481724449496,0.39471349931178373,0.28914385730411163,0.21188275601700002,0.0
0.8637413497330486,0.49963364992119624,0.5066975227766184,0.5374055516049041,0.4358103218566973,0.5572197639586585,0.0
0.8662705471555161,0.46435372893038246,0.47141601722532184,0.4934519550614777,0.3967897847166417,0.45835263749615174,0.0
0.8198546273701922,0.44891855592993896,0.4589623789933423,0.4819540085790263,0.38123845789402067,0.1557846469277453,0.0
0.8746471476607854,0.3866031390587347,0.40307161443352085,0.4211185397954676,0.3049145487090268,0.2685998169689845,0.0
0.7802306399993919,0.47436325861012435,0.4865219567228554,0.5080959156104377,0.41764061998687474,0.4312153823199161,0.0
0.7907256215142371,0.477514416815823,0.47500415430802395,0.5175332278974742,0.40995330102662053,0.6927028957586512,0.0
0.696283140879939,0.48140904622150477,0.4622596481869307,0.49396581345371043,0.3852331719027571,0.5086677280600509,1.0
0.778694433675163,0.4729764869042525,0.4611531297835895,0.5075951956430063,0.3877331750406747,0.728302774472698,1.0
0.7952040588788292,0.42620458176805404,0.4426255792706088,0.45860876124909195,0.367614391822799,0.41947959933247536,0.0
0.6828753854769272,0.45260315000929446,0.43617006317643475,0.4312521885969785,0.4008708155988687,0.825553614424551,0.0
0.7526115507511891,0.39386300113733225,0.37856858154546263,0.4075564007942178,0.31443209435148756,0.38808227042104915,1.0
0.7025324915556164,0.5817674257289505,0.5873264730725227,0.609125840380182,0.5284848096302597,0.8635430058598468,0.0
0.8293632694018108,0.4236174671480963,0.3922608624210802,0.46280584929971286,0.32251585300139896,0.5788914507673557,1.0
0.7375662310809065,0.4061779826789072,0.37792228706883074,0.4337130885535306,0.2962222271356112,0.7194947600766319,1.0
0.8178062466900298,0.5640767964550344,0.5748049155523585,0.5978673051941119,0.4988549497078696,0.011813140931762778,0.0
0.7861154188236905,0.49261407184626355,0.4938639610263558,0.501848685856431,0.4231117966683424,0.06277544196818985,0.0
0.8016311026984019,0.6155680338081475,0.6354121794317931,0.6425454311218992,0.5969782142583695,0.08351076207960206,0.0
0.873455558342899,0.3440972847728068,0.3340770259558688,0.37788974635358524,0.24738522148919384,0.49688185668674323,0.0
0.7760762313089619,0.3538904062594835,0.3376253665806503,0.3904740763368027,0.26594614927779137,0.4157078696978549,1.0
0.6828310413768464,0.4665914129839351,0.42570545191133097,0.49291738540237057,0.383017608931846,0.6984272776686762,1.0
0.7783472827202446,0.535519352286957,0.539161969726569,0.5737204314731696,0.4779663628743982,0.5031471966964556,1.0
0.8223233267704065,0.4362544130980183,0.4242578336453228,0.4793162873220221,0.35853470638311347,0.7148984265464773,0.0
0.7953633808955481,0.7036561315998775,0.7083090317000011,0.7005724703650966,0.6819773554344437,0.7133238214852755,0.0
0.7678649709482797,0.5957813596879198,0.5956202317763397,0.6277149779320081,0.5434632975150493,0.7637328189418593,0.0
0.770169280434623,0.44754740223551176,0.4162848343923465,0.4770903279478565,0.3620966774086438,0.6381763186067828,1.0
0.7493953365210407,0.5927536196761092,0.5793051874506026,0.6155269904302998,0.5431208300091521,0.7038247781098637,0.0
0.7861166857979784,0.4098199413821922,0.3651396647847069,0.4292991252546254,0.32357840019688755,0.8295867891846955,1.0
0.7835621488897505,0.39932616358897594,0.3744499134603913,0.43802130578059656,0.31280993574799787,0.6382940863631157,1.0
0.6239199044194597,0.6062208334758252,0.5910652176393112,0.6133855184267318,0.5375679709171999,0.8164139852425063,1.0
0.7611192830952689,0.6069979641832322,0.6029456100040866,0.633564405379528,0.5684193980469794,0.7075702978838965,0.0
0.7707029933534529,0.5079203513729444,0.49991947850014046,0.5429517004132582,0.4323310953060904,0.6117536530258121,1.0
0.8513199338132632,0.4986419061944533,0.49418684295495247,0.5316757385665138,0.4360568173578405,0.5211756952218507,0.0
0.9183935526212431,0.3199955515594988,0.29233027628735125,0.3500944962956028,0.19138294982991044,0.340694983771787,1.0
0.7050892456688485,0.4970328022222095,0.4633155808704263,0.5314182619360308,0.4149051281974536,0.6520618576729686,1.0
0.8167185492637613,0.40883367293532363,0.41173530332285374,0.4480216543138101,0.32349430400358714,0.5342309433472805,0.0
0.6745466132510307,0.6047928625328662,0.5796306340398207,0.605545984578044,0.5349939129224952,0.8275035468087624,1.0
0.8090261148740248,0.4599202781298561,0.4798664855367732,0.48531744532818594,0.40064169933399874,0.11915806227321601,1.0
0.8576858461234388,0.46080853009110595,0.4645661624514406,0.49928486823893464,0.39602973278362175,0.5650032447948703,0.0
0.8403111942246244,0.3728866653867077,0.3584473155476183,0.40958355025420107,0.2835106675200516,0.6923814010873066,0.0
0.745899120973239,0.45848180542058076,0.4365719189648604,0.4968012497561635,0.38338122117520923,0.46811745309671293,1.0
0.7258536872752704,0.5379250646015705,0.5187246314162612,0.5719113433692651,0.4810925012747187,0.797222026766838,1.0
0.8528235155495755,0.3007029092495697,0.3190222027976202,0.33323707612385073,0.21495421488479438,0.22491273034829184,0.0
0.7343766233108066,0.42155705650031056,0.38369675311312207,0.45137943424118016,0.3331287732856423,0.8122320642250382,1.0
0.8373822664142854,0.3915608703468984,0.3694187568134852,0.4281069956820201,0.2939199610859591,0.619900698538705,1.0
0.8436433366021271,0.6274017292729015,0.6473099053649074,0.6577704932511377,0.5932908230777334,0.21381924789992635,0.0
0.7805711393392982,0.47993314413997384,0.47036194170986273,0.5170817770230483,0.4019151145962703,0.7455127093804033,0.0
0.8143230176286803,0.5509658348818951,0.5453412984027737,0.5651474268121308,0.49175746271646936,0.4898519093424236,0.0
0.7325787867961008,0.5458177254197407,0.5381770516113187,0.578949068348823,0.4906472191725417,0.604697354527856,1.0
0.8140198940302705,0.7788356736564448,0.7992559654227149,0.8098671030083524,0.7878033871552188,0.6383615008091148,0.0
0.7837325569314897,0.6556170133281776,0.6640080569255609,0.6936062768094575,0.6078947884208328,0.739495409318192,1.0
0.7512489199044194,0.4747252553926345,0.44862715043476736,0.5061380165978449,0.3958814299674227,0.4436551579239474,1.0
0.8782513727666411,0.27381174533701375,0.2947718331990718,0.3089901131528588,0.19933617110514656,0.42973938214527796,1.0
0.819313312605634,0.23622673151911272,0.23964569125076635,0.2584997853144892,0.16834097907086154,0.3914346422862687,1.0
0.8149536540805441,0.5420353841308259,0.5532549567151615,0.5764008526107782,0.4990382040992405,0.5838049518692294,0.0
0.8048390815956782,0.6502306843121473,0.6548855590946889,0.671959535841349,0.5979452722056675,0.046517857533936446,0.0
0.8815888997848678,0.18463720840432124,0.20316604700633795,0.21126806054405117,0.08329993462510621,0.4377022874920753,0.0
0.8147902143973891,0.6465225734569382,0.6576456645429214,0.6753612929961794,0.6068769444830917,0.889478810917262,0.0
0.746641884649593,0.43270795763713116,0.3970902952446152,0.4680471684048619,0.3513450128881519,0.6781464089877076,1.0
0.750793442647875,0.5237681450550637,0.502000744812819,0.5522988685079073,0.4487969561619385,0.6787771941432903,1.0
0.8295086547013615,0.3982974392834096,0.4093583051095379,0.4343265800005072,0.33709403914402625,0.5468806097755858,0.0
0.7681817145202856,0.6776052885099995,0.678062662441403,0.707886832177973,0.6421033046907427,0.7749499151464596,0.0
0.809891458312745,0.4047888772471872,0.38222631821123937,0.43388397931500994,0.31939965938627934,0.7810331107543935,0.0
0.7587883671488771,0.7252820509644435,0.7341806205576651,0.7490419442387002,0.7001456090345768,0.8753222541214831,0.0
0.8632798543486359,0.3451722348019021,0.3518624167469155,0.37323299591303744,0.25508374040171333,0.28799993542907676,0.0
0.7558436021599378,0.4168307231058515,0.3520797938437355,0.4434355229065699,0.3084516094958989,0.7236150773247405,1.0
0.7365219275240029,0.5503876094236926,0.5395695738922501,0.5829530033070509,0.49022345546141044,0.5273645250455354,1.0
0.8683860774729438,0.3507509166830251,0.35315916221911764,0.38728809956152327,0.26055076537673794,0.5666059495111897,0.0
0.8077014932558959,0.46537141291751355,0.46485782626971256,0.5057507067833868,0.4107751457997235,0.7003309365793435,0.0
0.8011933630818897,0.7559773675267254,0.768544773535603,0.7793614141616525,0.7421444645153168,0.8844158924160817,0.0
0.7924426884180813,0.40752175997396284,0.38082530601928494,0.4339862583025264,0.31971798906401894,0.689793477602014,1.0
0.7867273674048059,0.4679560142942503,0.43685553505497515,0.49638921415614184,0.3747397821435492,0.6383941218418003,1.0
0.7382922073479441,0.4297567817848748,0.4068923397036261,0.46837517282959146,0.3509814971961016,0.4534159113493501,1.0
0.7883570130827766,0.4740402170975397,0.4709075953662419,0.5018972250369473,0.3930779660539101,0.36239466426581535,1.0
0.7048858962956206,0.4656256095175802,0.4432938944539568,0.4897718275311677,0.3904674116630318,0.7473808507508808,1.0
0.8431527008090898,0.40199594595916704,0.4147799092269326,0.43657461922746427,0.32401819142591526,0.525674766149407,0.0
0.7190801259879233,0.4276113696610075,0.3997902638231006,0.4488944471724922,0.3222762126434522,0.4977684882307838,1.0
0.8846847514576539,0.3091418414335611,0.3281882998590587,0.33656994778753485,0.22528269500203102,0.3033836046936986,1.0
0.7809521818564215,0.4654159332259998,0.47777328028671834,0.4917663134072697,0.39807739302186973,0.513605248980253,0.0
0.7708458447044276,0.5318475039410795,0.5236966239957253,0.5661141046647065,0.4538036244783452,0.5030225232423535,1.0
0.7466200293431245,0.41841245067872374,0.43202963969436675,0.4466075401054978,0.3770151103769779,0.24167111033305755,0.0
0.9086932807285609,0.2938730810378222,0.29993281473537253,0.32728692075285354,0.18953061289711193,0.45227032496977415,0.0
0.7914357606026744,0.4682954816464579,0.4235250482001433,0.4906554778381232,0.3544919098206878,0.602995356121359,1.0
0.7346588418334639,0.4906234934565468,0.4665763257593009,0.5241259799759457,0.4155875528751194,0.4785954100387866,1.0
0.8116899283145949,0.679824033480708,0.678797924110631,0.7121706885757197,0.6501136843430557,0.7096011382002856,0.0
0.7337038599638659,0.5613026247324855,0.5501462342955439,0.5899156385393063,0.5095704074861254,0.48457964752753435,1.0
0.7624822306856105,0.43941993269355123,0.41978727643565944,0.4771753627528211,0.34036664588560583,0.4940621066313209,1.0
0.9079270780278785,0.2778601313726086,0.29835209942676294,0.30640448939975456,0.20474159634271338,0.3283989031985781,0.0
0.8598938655638922,0.5246075682908771,0.5335789688631629,0.556933630334725,0.4673045876259645,0.20438560554456542,0.0
0.7090384045246186,0.5516207142583378,0.5439481570658302,0.5819818547404805,0.5098622821042045,0.36762340782161607,1.0
0.8578233128336894,0.39221027444346684,0.40129686928340463,0.4297288612325046,0.31092950238322437,0.5377267099955931,0.0
0.6206888032414271,0.704016063932599,0.6814542934585501,0.6774378027882291,0.6486837594030117,0.8474926453435676,1.0
0.9235333505641837,0.16158026630145644,0.1878804043921493,0.1679930088981807,0.07647308096300665,0.2600650103447708,0.0
0.7270386249781448,0.5089366889797784,0.4740906045073114,0.5412735403620621,0.4270016559515628,0.8559869008627214,1.0
0.7882724425490509,0.6533436950760987,0.6408124703350568,0.6817997598222953,0.6183310198029639,0.5452525782802349,1.0
0.6631805869131693,0.609565960202973,0.6004615151006774,0.6324248295061283,0.5612683250770696,0.3944747918364835,1.0
0.7313729440174741,0.37562645953234114,0.3404938952675732,0.37572026395825336,0.30740866221687413,0.8352880343579483,1.0
0.8690284334369719,0.49299850830038955,0.48135911801851833,0.5317574887652783,0.41197537516702165,0.5291836553896447,0.0
0.7891384194749153,0.30062311377730305,0.2903448752199748,0.331785553900479,0.21221013002854916,0.7890087324755999,0.0
0.8442147420060258,0.31384187553288606,0.3298234036601598,0.34819362169621076,0.23175993636109882,0.39869076447875806,0.0
0.8914747834107455,0.3854632934993258,0.3842117192786158,0.4184091046364223,0.28875591412996604,0.47023306924249564,0.0
0.7782899521337114,0.40669346681527113,0.4072421947870353,0.44078438950758086,0.32783187172347095,0.3652127894511741,1.0
0.8007559402089495,0.8068375115553088,0.8092164882208233,0.819983872583556,0.7835400673947472,0.7280142540666614,0.0
0.7746797088999876,0.5968923927089735,0.5974028477814668,0.6221999416434965,0.53326506511855,0.8508597823324064,0.0
0.6130910751797204,0.8900205664078293,0.8725850956605148,0.8246048573121445,0.8478232554843319,0.8880142908028541,0.0
0.7860764593643337,0.8090812094408544,0.8227350796667603,0.807913948426938,0.8155365930923137,0.8914869030527637,0.0
0.730512985219478,0.572748383154341,0.578727873501033,0.6020526234058481,0.54238163315966,0.8339515963924495,0.0
0.7242550824673565,0.5348144773221537,0.5365252332978909,0.5617737712881257,0.4943651205679689,0.6976389154402078,0.0
0.7856593080800018,0.4122105742374797,0.4078915845437278,0.4487495595434324,0.3395573527831446,0.765640098486907,0.0
0.712997382431121,0.506904372800856,0.5013525931681508,0.5424857425281138,0.45266557415638053,0.8226678451919884,1.0
0.736159572877628,0.7532206089893503,0.7647394362292272,0.7669058224936764,0.7371069963301813,0.7065163753698525,1.0
0.8317220587825391,0.44390364835849755,0.45569906944384625,0.474284088144962,0.39253360975330454,0.6359138636598376,0.0
0.8450686826761538,0.32710093893869147,0.3326817621411697,0.3647557010271146,0.2524968410824291,0.4303280266489995,0.0
0.7948033782602416,0.7558051206074003,0.7503738877221648,0.7797806576475028,0.7361879243852603,0.6508523538503559,0.0
0.7026857954444673,0.3899680126969047,0.35294434978291905,0.4127791071308982,0.29818569462924627,0.7233429645740179,1.0
0.7870596314118402,0.7055886361194519,0.7186084434464477,0.7354060840760648,0.6698941517614772,0.7687906862165383,1.0
0.8339446484273049,0.39435577632602076,0.36389430096150893,0.43268135725037576,0.27292922296372546,0.5568119215727501,1.0
0.8014714639381109,0.6834943559289157,0.6920992268963211,0.7195738259950668,0.6437399459911268,0.7472360606989288,1.0
0.8553850208163876,0.3769997674352434,0.3879088102194474,0.40659483232906496,0.3068982919783141,0.0678914336708969,0.0
0.739724205036983,0.621743880230317,0.6199427656185841,0.6442695756599,0.5866623823630877,0.8271492015035278,0.0
0.8294456227305324,0.4482895270551979,0.4457374854068599,0.48382906252412133,0.37335861561638306,0.5279148791329809,1.0
0.772832460388049,0.4804564372820603,0.4524364673869354,0.5083980993808699,0.3904365152429903,0.685993807266956,1.0
0.7661982662723843,0.591478956569631,0.5815841979408605,0.585223031147738,0.541603622682491,0.6262955336278164,0.0
0.7824833202834982,0.33575843352422313,0.327387948871987,0.37263382899865677,0.24896219407837283,0.42317722076290076,1.0
0.798441494928302,0.8004790062061846,0.8093439253227428,0.8402511701865782,0.7667569389255984,0.7327979068565138,1.0
0.6569651277996965,0.49925486826431736,0.4745158959876237,0.5129437206449725,0.4183271963709838,0.8471931217413409,1.0
0.7012135713217836,0.638390346704595,0.6370410926727734,0.6721376344886569,0.5985585661434905,0.7587348422583209,1.0
0.7969619857034622,0.4393433685339974,0.4528266495477044,0.4754818745393567,0.36979114116603284,0.49268912675102716,0.0
0.8160217134053482,0.3583610171562061,0.37339804885926103,0.3763637730563388,0.30827086543865634,0.2831299879095539,0.0
0.6510581769253575,0.5576079776802461,0.5258230813972873,0.5802621809164743,0.4875755357125444,0.6914682770965805,1.0
0.7844069039962903,0.612097424437323,0.6150710601130802,0.6451700139541019,0.5641243129046525,0.7678212746074209,0.0
0.8190776553880617,0.3474976130921302,0.32321365418239983,0.3825601826533012,0.23816283320944198,0.5874978399825137,1.0
0.8654815389176492,0.30502146893142185,0.3180701830875842,0.33395430638332185,0.2202990058980301,0.38638235608702476,0.0
0.7641600213865261,0.48561531778659034,0.4827775522153848,0.512107605888861,0.43538076506680823,0.6554128519309603,0.0
0.8695485263822056,0.6988833032058301,0.7190678714439984,0.7306968711753723,0.6928727848594411,0.6344677116417985,0.0
0.8943033035087586,0.2620486899585072,0.28297465964963725,0.2855606521695097,0.1782298610616957,0.37953374070945234,0.0
0.7485699027723931,0.5431579960224335,0.5169313145857819,0.5613358237947457,0.4808071921458983,0.8405480213392067,1.0
0.6860418709662707,0.5150975457013083,0.5172540196412323,0.5501958993881324,0.47108785426004185,0.7100565080355479,1.0
0.82207753375853,0.36612909291756396,0.37129113594036683,0.40273970827952504,0.308818021727328,0.4040105184197391,1.0
0.8751333490438146,0.3910960998683867,0.3948960954280148,0.42469848683666694,0.30590217208591475,0.48495470992607714,0.0
0.8924199462296113,0.2919165211902756,0.2696893638836885,0.3275062594557881,0.18865344422187214,0.4219171516903808,0.0
0.8016697454141866,0.5621229293680816,0.5701591654912708,0.589643654898105,0.5120999553257077,0.8130592820419786,0.0
0.7870837039233126,0.40480135370460585,0.3831481810498288,0.44719940789498885,0.3212202309372225,0.49858657498443315,1.0
0.7339160781571099,0.34825167581711597,0.33864247560852984,0.3709485523006933,0.26533980703447757,0.7842536032200123,1.0
0.8818495797446287,0.5715591703173768,0.591833643023473,0.598076425122201,0.5591558789080471,0.64868246351213,0.0
0.7247200620310612,0.5083432943035637,0.48067178897194157,0.5307713769926838,0.44097436881269014,0.8503797215368334,0.0
0.8367117202723489,0.6188772570607097,0.6290676512369313,0.6418529266479918,0.5784579345723893,0.48470583988191307,0.0
0.8473048922945159,0.3396122227275636,0.352685849679581,0.3711524716022984,0.2616711468084916,0.3657131081376461,0.0
0.7183284934915531,0.4424118589894626,0.399154847044967,0.473292228311517,0.351762307661337,0.7241662968321112,1.0
0.9000658193142629,0.3034504226422389,0.32083409130846247,0.33344254648949495,0.20612372838300597,0.1783874019443905,0.0
0.8025366725707669,0.780117696975213,0.7796767271817502,0.7916233965419299,0.7458565728319861,0.92402485542542,0.0
0.7593005415048107,0.6354096402444918,0.626938717611321,0.6353674717053983,0.5849312173276393,0.6594188277791744,0.0
0.8406865353574515,0.4071207181628406,0.40309602292771224,0.44119487404356367,0.3169781524655295,0.6885858635739315,1.0
0.7318714983998116,0.6040031656093541,0.5995454890759164,0.6346406613445097,0.5556458524887116,0.4866416429612255,1.0
0.8196629975091286,0.4156645782513087,0.434098259577084,0.456315467447819,0.34712909982218143,0.5021554784472291,0.0
0.8165747476820706,0.470004038243304,0.4441568585348235,0.50941806084514,0.3845859884542009,0.5625640499052702,1.0
0.821921062433959,0.49110738253527525,0.49068696557226105,0.5278083884827838,0.43176269772863995,0.5720098964477376,0.0
0.8427849615219909,0.3378905613624938,0.32333401635846665,0.37395998875204844,0.23873451353152164,0.7567156409568423,0.0
0.7459722887383724,0.5237781082692612,0.5149427298017721,0.5524107275968415,0.45502306755685673,0.6753944089492758,1.0
0.7605253888977578,0.5217396884996592,0.5209854239724487,0.5537325078752995,0.47173532736253576,0.458255445540078,1.0
0.853916280872996,0.4620191054954486,0.4452995474965861,0.5011491559748171,0.3921861215791509,0.6638337940193197,1.0
0.7861603964109153,0.5144883534962759,0.5004159614218442,0.5452162539102781,0.431150948611819,0.5974916209689625,1.0
0.8080936217980392,0.5084102542836659,0.5202231007118348,0.5458687956754145,0.45599070481203063,0.018455556765966108,0.0
0.7270988062568259,0.4679560142942503,0.3929475724116451,0.4860141467989048,0.3565570458465217,0.7156594485699661,1.0
0.7862747408404094,0.47368701666630303,0.4875230587309934,0.5065699423131911,0.4184363959055679,0.08009629191935197,0.0
0.8093510937789029,0.4379548016543961,0.4204914968677092,0.4743717688826991,0.3678207219778884,0.6012818423313693,1.0
0.7527987462022446,0.34967183775435257,0.32858573381882644,0.38666019234288945,0.28151852428656543,0.4324749745283958,1.0
0.8862976097263082,0.38251642606401964,0.3768455717906433,0.42255975200493273,0.28751030564573177,0.5495873783767098,0.0
0.7385351496676726,0.5125491170752168,0.5040109081206796,0.5436820690975306,0.44474083551836996,0.44562981659173206,1.0
0.6509903938009483,0.4436770076751754,0.4126597308220647,0.4666516669650183,0.3591170073495824,0.724306088642455,1.0
0.8511568108736802,0.3978123833417572,0.33633737632919064,0.4294784100097279,0.2661143416643921,0.6904854956327027,1.0
0.6912751082629529,0.7069794469662145,0.708476707442707,0.7025444201931019,0.6764962339677751,0.0515592465067769,1.0
0.7561356397333273,0.5953650589000987,0.5900105230678399,0.6236699853962757,0.5458143219775795,0.6559947320299617,1.0
0.8815493068383671,0.40005383726014127,0.38868749424609544,0.43896243669605833,0.30157744569061085,0.46772089649309256,0.0
0.8567486018938733,0.40501354323940714,0.406939034214253,0.4517730395508556,0.31172411968616576,0.723367814489009,0.0
0.8182965657394949,0.7041586007267042,0.7158227798285728,0.723330320619535,0.6687812047807962,0.023911075665394854,0.0
0.7777739768549138,0.5573022595941488,0.554081750237607,0.58832780515862,0.4941797420477201,0.8796573191424248,0.0
0.8864854386645078,0.39278365293260037,0.36216739999747066,0.42719323648489466,0.29639283330502764,0.5920185817314589,1.0
0.8291982460007957,0.4556899512367984,0.47959984926870464,0.48030668733048926,0.39578642347579507,0.05997476647438127,0.0
0.833469849812868,0.43692096110370154,0.4462631523977056,0.46907415527683843,0.3849228559839655,0.6161719043293463,0.0
0.7500180543836044,0.6341283349952151,0.6183485195142815,0.6540300567014268,0.58001955550286,0.8671314077634031,0.0
0.777098362815825,0.4948597444229112,0.49368903348465115,0.5173829571638082,0.4508854576054291,0.8486644769069935,0.0
0.779919914555254,0.7515225541588206,0.7323913718095512,0.7607117851123033,0.7063628377087332,0.938521539913379,0.0
0.7627533631832476,0.3937359028372989,0.3607610816111268,0.43156787574845684,0.29380564433180556,0.6427406845846035,1.0
0.7076102077584439,0.45344302203854,0.41400697357753974,0.4701127295095771,0.3557515182452533,0.7626119411842252,1.0
0.7776732523990159,0.6316034231449774,0.629951928531929,0.6443987701704472,0.5942424328150104,0.6249491698256262,0.0
0.8422686694996212,0.4218572993065333,0.4143083654188589,0.4611501340575524,0.3407550718163146,0.5589243409632993,0.0
0.8253675492409558,0.412314066002973,0.4114472654040812,0.44955802886402424,0.3388101421747043,0.552279063944854,0.0
0.6779059955757258,0.6046675594065622,0.5913530786849375,0.6062403138331738,0.5525586242673806,0.7067145918559536,1.0
0.759045562929346,0.33497286550028843,0.3047349206578018,0.3600489515810725,0.25186800238327267,0.6953002858782262,0.0
0.8376182403754299,0.39860593988878706,0.4106669010825433,0.4391236561170589,0.33936087086194355,0.4497278625229939,0.0
0.6765379800882321,0.4548136371808484,0.41021782016405156,0.4699288828014186,0.36555408336259654,0.7458596721238282,1.0
0.8050151910217135,0.5191834508678452,0.5171801751026461,0.5528286937358362,0.46885539480942073,0.6994159581173494,0.0
0.6929414961952762,0.5499248136362831,0.5534646398301168,0.5834181400406451,0.4884798353066331,0.8064932880856475,0.0
0.8361628036620625,0.39506899884866536,0.39630347505323654,0.43093549781582813,0.330550949789745,0.5881942910826143,0.0
0.8018677101466903,0.7084971765956378,0.709187295308024,0.7377256547269404,0.668582405628092,0.7675268198933267,0.0
0.7764715272868253,0.5033321565969537,0.5048331913778941,0.526913971966616,0.4405523430251863,0.6603037638066271,0.0
0.806376238150623,0.4834509665798789,0.4881033795240502,0.5106918493774484,0.42807878239525854,0.4947697552055539,0.0
0.845609997440712,0.6111917592908991,0.6156971026144593,0.639133272714101,0.5730465231534392,0.645829332973884,0.0
0.8275328082991884,0.5052300142635529,0.5024540706868224,0.5498230965843927,0.43742649427880376,0.6581419801570869,0.0
0.7179826095109226,0.46430220744435197,0.43078975893870447,0.48833608966536973,0.37213492428011574,0.761291875550778,1.0
0.7442444525530799,0.49032522534142625,0.45040242620432264,0.5076560520967739,0.41079049745843155,0.5928424968233792,1.0
0.7380942426154404,0.38568006072713684,0.35783896036087065,0.40468766223445557,0.304459695475229,0.40502242391334,1.0
0.7986179210979093,0.5395968201369663,0.5449741981875986,0.565977793507392,0.49767045820452993,0.6165694676459408,0.0
0.7170111569755804,0.46295896870141523,0.44560182370363705,0.4894010319867724,0.3891535414007685,0.7654563292150649,1.0
0.7147198339756893,0.5222714189582731,0.5269126199785823,0.5571901945745967,0.4750987888892997,0.7412351506304002,1.0
0.7475750112127225,0.48505486454830776,0.46495492962703905,0.5187666887647671,0.4149424935554413,0.47542212711316134,1.0
0.7705895991546747,0.5098253897344605,0.4832420210976058,0.5416409600611958,0.4292990944355837,0.5727696468337855,1.0
0.8637587706295089,0.3711034295627234,0.35023642191284937,0.4135501684364307,0.26708922026801296,0.7148391011275328,1.0
0.7911690625150454,0.72202363112842,0.7354093583051096,0.7506803240592475,0.6880805570083848,0.12057424250323834,0.0
0.8843844785513924,0.40907234128263187,0.4039215783381335,0.44535190814635245,0.3283770004345774,0.66104096028973,0.0
0.75787772937936,0.46174121260215545,0.4479539712398957,0.4921095547552064,0.38770314758244684,0.6950474949519527,1.0
0.7319959786236099,0.5322139886579129,0.5304214294551626,0.5655595536512137,0.468140335788086,0.7547507844943313,0.0
0.9050497794197765,0.20667700507217351,0.21311321588189963,0.24412352017085787,0.10266735552809858,0.3668672957315795,0.0
0.7663788101084277,0.41371681475503547,0.3870647715652363,0.4589724401467196,0.33290940870334773,0.5133744467847285,1.0
0.8575170217995597,0.3859425151263581,0.40124707949271704,0.4041690594110445,0.3090157588155935,0.20018061843684976,0.0
0.7363036912028907,0.516918569932294,0.492240796162631,0.5467448731402968,0.4484290956608199,0.7685643700753193,1.0
0.8425578563808627,0.42716437140241575,0.44730520053921535,0.458920616360003,0.36326369312439755,0.24212300082698834,0.0
0.7911209174921005,0.7189359323140516,0.7341622257504485,0.7510557727957599,0.7002415810393305,0.04444060245095427,0.0
0.8502322363869949,0.5264376581491956,0.5304560965918401,0.5641295638462664,0.45845623913133937,0.6398608319984673,0.0
0.748398227756366,0.6363325390587167,0.6265183785791053,0.659979390920874,0.5866971408356341,0.566483625054027,1.0
0.6745364774567265,0.45854364915555473,0.4339090937471008,0.4735799050712312,0.3811817822735073,0.7135681171669785,1.0
0.7551702053258531,0.7496097965502684,0.7209726183566558,0.7444616521313718,0.6958894340712396,0.6002411837022992,0.0
0.7863925694491957,0.531015171641497,0.5364982601430779,0.5667528693316135,0.4704015675298707,0.7000415507533817,0.0
0.7767075012479697,0.5645713668174523,0.5660825047784492,0.5943080694197871,0.5116734881778229,0.7259698496175693,0.0
0.8580086078233129,0.45602959810637883,0.4432474652530492,0.49054553476947255,0.38588672773794674,0.5956450267884559,0.0
0.7174226068756161,0.4847989625331984,0.4587416413067424,0.49414226979791825,0.41180283797135253,0.4678473890952004,1.0
0.855667872826189,0.3793203885150887,0.3589310636027874,0.41965424410353874,0.28650066856956435,0.5706720632133799,1.0
0.732695031687027,0.4550067081154328,0.41586352255782616,0.47814705875375824,0.35580066286338186,0.7332808464979601,1.0
0.7870380928489438,0.5869025201815674,0.5504095099738324,0.6116315387157445,0.5410846593771068,0.597508682104628,1.0
0.8131254101829257,0.4946855228124843,0.49857046701320235,0.5317341315656312,0.4417069036216108,0.6939971754106578,0.0
0.7850438753195943,0.6820986083543974,0.6768345437499708,0.7309116479252509,0.6168920190395326,0.7381030899518177,1.0
0.7974443861636272,0.41757087323443526,0.41755761355322313,0.43146276835004554,0.3406702997638258,0.3257697574662428,1.0
0.8703197969800401,0.2274753493475396,0.23068865824827128,0.2580318201700002,0.12562532664515946,0.3529251334760113,0.0
0.8657704090553187,0.4674661113835286,0.46648107957001067,0.5037252908655647,0.39900940284268316,0.5170347491885896,0.0
0.8173716745092375,0.24223392136941585,0.23776729843691008,0.2596590688250909,0.15023451831081158,0.35491067170856794,1.0
0.856261450280128,0.5895484267411593,0.6000415298147546,0.6189267403257854,0.5591425548269042,0.6358011647916375,0.0
0.8170137542728708,0.5887824261108736,0.6022836622540058,0.6027845431541599,0.543943447192756,0.18199344781743942,0.0
0.8695212864350131,0.3955135736227224,0.3878508842640295,0.4300141657766296,0.3396764971029296,0.39584902569258684,0.0
0.8219413340225674,0.3779318216354877,0.3900833771168068,0.4135501684364307,0.31872553812149973,0.25911145888040243,0.0
0.8383385152581714,0.41065514595974156,0.41986810746352493,0.44441397059803006,0.35239568427218715,0.4508368010179884,1.0
0.7785566502213405,0.4292918317889903,0.43673888721498116,0.45642212591026926,0.3653183050571549,0.5053277016749869,0.0
0.7787264247759357,0.3598374577898557,0.3422101838428326,0.39107634537926156,0.27262151393037515,0.6868778955361148,0.0
0.8184992816255787,0.3877438822050083,0.35146958148895174,0.41759662079714094,0.30226440827997036,0.8168959005093475,1.0
0.8700749541988795,0.34843918171313965,0.3579203220081752,0.3801933501687648,0.26448310723751534,0.37140820706326805,0.0
0.8457379618438023,0.5219974754471843,0.5277448965685636,0.5439481221997591,0.4589678645369635,0.4570350444910618,0.0
0.8134681267278363,0.4297567817848748,0.44268792705468446,0.45884269820180573,0.3466359157172696,0.4693400618496195,0.0
0.7269803441608956,0.45759777211759495,0.4299114068941083,0.4785036210046187,0.3791155841832343,0.5823145398035943,1.0
0.8101172964795853,0.41325168524177797,0.41411477776021816,0.4442617838440804,0.3322436874027668,0.5740663461292559,0.0
0.9346513666851646,0.22978843069772198,0.2432868018407896,0.26822933631429585,0.12981169500946543,0.41582694441489076,0.0
0.6667547213796844,0.5776748784196151,0.5649472444888317,0.5835572796088544,0.5200943074601241,0.07797850339294099,1.0
0.7956405315210533,0.4260469655146229,0.41465158775928174,0.46285557458802357,0.3497479576259461,0.5617542641182489,1.0
0.7606017240986112,0.511401731786145,0.5134142805078983,0.5416095738241702,0.45463493128008614,0.7146202735179104,0.0
0.8600497034013193,0.4166337027890627,0.3940354306980502,0.4528607916375386,0.3382547790244592,0.5717200514193665,0.0
0.8417545946822556,0.3666276126621861,0.3883710681873394,0.3929130789186856,0.3191377156751152,0.31159525645324226,0.0
0.6390649983149241,0.573754847305664,0.5662446090170461,0.5769076855953046,0.5239904425786654,0.7689224066614588,1.0
0.7308563352515325,0.4803218890110504,0.4668851462727654,0.495246536154664,0.4192230960008736,0.8288864348641165,1.0
0.682970408548529,0.5792563367164281,0.5531030226824776,0.602682629122888,0.5065312618184841,0.8100456602617117,1.0
0.7703213173491857,0.49802023753200225,0.4827279392978436,0.5350711089870657,0.4268945805458568,0.47543639771110935,1.0
0.8074309942454029,0.4109240629843884,0.4007975563913598,0.4483426333308333,0.34020067417919564,0.8118897994754921,0.0
0.807547872623473,0.3844655359405898,0.37638481724449496,0.41161015227981773,0.3089159247583344,0.7606398257913225,0.0
0.7071148208118265,0.5356561445251284,0.5115732963644875,0.5696580122767632,0.45819574368986493,0.7290940508703017,1.0
0.7554666773092508,0.5378768641869391,0.5338463126238167,0.5747320901828776,0.48960407879089174,0.46669265399070214,1.0
0.651666958070753,0.4792814063175574,0.44723117912748295,0.4924515187562875,0.38989602099488985,0.8344476586258207,1.0
0.8290338560869246,0.5775345855926717,0.5912136142090687,0.6245694200608054,0.5223855666601367,0.7466601149079852,1.0
0.7308981454030372,0.6189635151584019,0.6058411118458225,0.6134237475933417,0.5556453697321484,0.6659605546543415,0.0
0.769694481820186,0.4035174454534218,0.4117575009027163,0.38597033380175466,0.351171123974106,0.26486996306175836,1.0
0.8344929315504471,0.4488420815290714,0.4167250716535225,0.4864180621224869,0.3658213373959551,0.6075741339901766,1.0
0.8676274766179896,0.4316392907160885,0.4549014599905425,0.4579818576601304,0.381574939218535,0.4281731310355976,0.0
0.7303061516669581,0.6263213937226184,0.6299895140755207,0.6644286637364327,0.6050030766075769,0.5073834095679981,1.0
0.7336674344530852,0.5928598042021964,0.5766717231751313,0.6026933953321001,0.5314410177203519,0.7802662074077404,0.0
0.7000178643374613,0.47448407380210517,0.44177897595577614,0.5030400855165471,0.3968427913872754,0.7229955779514459,1.0
0.9160306455740788,0.21303622849078935,0.23855482612087392,0.2554146277017482,0.11520647449930166,0.2137091452915012,0.0
0.5396727658808893,0.5344880249794834,0.50702951367225,0.5030241186808508,0.4494689532978404,0.5655435494142063,1.0
0.5152065421484338,0.4885436051737983,0.42487025691443553,0.4892151780192692,0.37646322307398705,0.42227718404083725,1.0
0.8318376701863213,0.40260002191907124,0.4021394045158721,0.43815168639893837,0.31984109198762156,0.5692605809772366,0.0
0.8504387531959426,0.4543111680540218,0.4565562851474579,0.48436062129421137,0.3801609452450747,0.5970206559134181,0.0
0.6989051441690043,0.5277399669311047,0.5311182212150671,0.5488891735547594,0.4677407099051123,0.3688440384718368,1.0
0.8112496547495065,0.40841449986953565,0.3996381529172705,0.4375634681718921,0.3262213958288096,0.5569553340174744,0.0
0.6876987565914338,0.780181694918662,0.7890474664734739,0.7833108794003913,0.7699451598199396,0.8368217880663609,0.0
0.6578212856748286,0.36016687216917925,0.3560299018203696,0.38734494149660154,0.27557955649540733,0.38212948829733273,1.0
0.8925808519641902,0.3188307530852528,0.32423120539314515,0.3514524984813258,0.23054464498903038,0.45917321453978954,0.0
0.7724181597958651,0.3987665181788716,0.37618663088404997,0.43079435098827407,0.33596149224688143,0.46102655546338545,1.0
0.7587725299702768,0.49518000341621565,0.485143495857056,0.5270739140407608,0.4189335386142976,0.4878452654606742,1.0
0.7192321629024861,0.6149160267096718,0.59411654472295,0.6378757247346722,0.5534685238376018,0.7863414376200375,1.0
0.9153860724050467,0.2607518564564724,0.274621648441805,0.29510425796275214,0.1535246008399772,0.4370855080099738,0.0
0.7123930356957336,0.4513396169799379,0.4251368931825042,0.4864180621224869,0.37851445571080267,0.7574441655790636,1.0
0.8281859335446646,0.4797434840354751,0.48854078681488516,0.5152813566299501,0.4259301294839999,0.5680589189188427,0.0
0.8540508968910986,0.22426441185665574,0.22575460495869165,0.2544440265695445,0.15404230897829696,0.4106268833480351,1.0
0.7120990976609121,0.5720006932960942,0.5751820975368733,0.6040991155467892,0.5200702661832792,0.7853580733223324,0.0
0.7222827202444754,0.7173006188053603,0.7089794693611049,0.7471899737760688,0.6815746399094658,0.8530956388628794,0.0
0.7555753203544487,0.5176431918081197,0.5027154891970746,0.5517753387751958,0.4413402982875563,0.529558081969467,1.0
0.8497913293347625,0.4412620502158561,0.4436647974417776,0.472914681076599,0.3738051654372949,0.4979580151943721,0.0
0.7404052037167959,0.45087709046858787,0.42469842465279134,0.4857438054608038,0.3641591099977244,0.7382918398036367,1.0
0.7805771574671664,0.6257080726180084,0.6238633357797838,0.6505594140554503,0.5735776519242146,0.6506479911166236,0.0
0.8430557772760561,0.47232501835789525,0.4803872000795221,0.5019943946370409,0.41377818127644117,0.5304354058339054,0.0
0.8404328237562747,0.3571578917228398,0.31768654523322887,0.38007035991437393,0.2730306018419866,0.8360904199215289,1.0
0.7371151882343701,0.630174823891213,0.6175037733674851,0.6243496251625651,0.562188362535117,0.8197011856888794,0.0
0.7475062778575972,0.34215948449073114,0.32987929557439505,0.36526399383661895,0.29395722989263384,0.4229864751467647,1.0
0.8271356118598929,0.3736325600712253,0.3424526769264294,0.4120449064060587,0.27390690155541275,0.5874028027454372,1.0
0.7678136584896147,0.5557229555058112,0.5736422399250622,0.5816850540746543,0.5375462468718581,0.8229132535564521,0.0
0.811431465559838,0.4118992911128218,0.4230590758961786,0.43319868272693113,0.34552712044303147,0.054016491583385395,0.0
0.7650589396438789,0.5020217695332629,0.4795895021896453,0.537548067018375,0.42521854630991984,0.6346000679054395,1.0
0.7995358439695825,0.442502245986732,0.4353098406293359,0.4847328766635845,0.3446306415052658,0.5783899664132295,1.0
0.7965920292113593,0.44127030801501094,0.41124722187559987,0.47837798481745525,0.3478896345117646,0.7429520377919345,1.0
0.8280205934000776,0.43445825202318317,0.43923810477240005,0.4718402498928396,0.379948725459915,0.46426585756615113,1.0
0.7791470602395596,0.6975174452739044,0.698053572930414,0.7270686586708401,0.667432382943361,0.743125598640987,0.0
0.8757164739598775,0.3162872611869168,0.3190222027976202,0.35605240698679536,0.22113031269977057,0.5179465485569814,0.0
0.79013236080387,0.5524302478515584,0.5500165862792956,0.5877924143479627,0.4976272032164717,0.6858534149611537,0.0
0.8129173096561179,0.42128706237142627,0.42862297445978287,0.4536886948781493,0.34746326391519244,0.49940978361110866,0.0
0.8589366664892903,0.501013420449524,0.5241259835584029,0.540693077455211,0.4389859910803966,0.9364082197796424,0.0
0.7724029561044089,0.4797163769121629,0.47498248734760046,0.5155606393960412,0.4113864121599813,0.6138798661502689,1.0
0.7937210654746973,0.6543469279147089,0.6573585109898803,0.6769302398912138,0.6059559415119182,0.8825916578605775,0.0
0.8991532810833137,0.3260854091600354,0.2926711108402987,0.36533634641208773,0.2092457150768834,0.44164678320234785,0.0
0.7382215735313868,0.5283541856225793,0.5062579045714544,0.5619165604187799,0.4442667685733588,0.5215260136751891,1.0
0.803234775403468,0.37301134020220655,0.38415131709914946,0.39080308439120454,0.28913410562153596,0.199375636613494,0.0
0.7551477165322408,0.4819080147595593,0.447186695531185,0.5153931244798231,0.4042700011113056,0.682085076359709,1.0
0.7436062142554879,0.642481278357574,0.6512245502757055,0.6652730812471066,0.6158538993261395,0.4788467350496768,1.0
0.8076416287207868,0.5368064020921672,0.5313931705210126,0.5657045325193348,0.4705723668019126,0.6501402722067107,0.0
0.8089494629295993,0.5538854156765161,0.5649042643142774,0.5804061561549232,0.5120929070798856,0.7280561474556868,0.0
0.9177866719372798,0.3220298424295234,0.3488957234637881,0.35548991817498515,0.26495012593670464,0.22343309187764215,0.0
0.8388110966676043,0.36265947089229017,0.3746183851322556,0.40383758790199237,0.2753056404214773,0.4497106600942793,0.0
0.7715632688950211,0.5729809479109698,0.5743205484411771,0.6079633635024411,0.5237756159080647,0.6055061336019034,1.0
0.8587573896275349,0.1968404403812482,0.21142469639061162,0.21914162656253738,0.09174228485012392,0.4539852516902536,0.0
0.8518108863498725,0.31004427526727213,0.3236340816511886,0.3476682671822768,0.23237071996479353,0.4076872814638075,0.0
0.7009386379012825,0.3681632940289021,0.3342366539704174,0.3924841640923565,0.2692753350885717,0.6976429599537353,1.0
0.7335758955607755,0.4379461848204956,0.45762937452614577,0.4566883614906199,0.40642782639726405,0.8255846459104352,0.0
0.8802221512716621,0.3017332492114923,0.30194633863301285,0.33527143346966265,0.18756482817197373,0.4669910119252747,0.0
0.7658808892132344,0.5767228080322895,0.5768600046393826,0.6061886725245793,0.5286036642961067,0.7070451822673269,1.0
0.6871561748525876,0.48730098591838794,0.4578004108586316,0.5024140943181967,0.3998857991074216,0.832341615084107,1.0
0.8065596326788145,0.6224643732065653,0.6332192177272171,0.638403360225134,0.5733219840483714,0.00561521536804932,0.0
0.799559916481055,0.6917589767437935,0.6921215129127567,0.7232143557728503,0.6564706227665871,0.670123648373032,0.0
0.7811105536424244,0.6900520358033038,0.6897576917488413,0.7083296153415926,0.6333118249192566,0.8587047256449287,0.0
0.8482605076512578,0.521760153480173,0.5216965424572049,0.5488408168523655,0.46183418335499793,0.5161043697842556,0.0
0.8787334564832342,0.3724754808440152,0.37498787313490584,0.402016547481081,0.2828145325559923,0.42999113103531506,0.0
0.7185198066090447,0.522055010765208,0.5027075299054904,0.55046268240285,0.4428099058170911,0.6546673368195981,1.0
0.8652395468286367,0.44146158377586603,0.45631600297819,0.46872534834617335,0.36834644387515647,0.19344719221746587,1.0
0.8284538986065817,0.2766698414314069,0.2839184547583696,0.30543306711600077,0.17507137797164418,0.44591189050240865,0.0
0.851358576529048,0.37602346220257216,0.38484368703039623,0.4061796033619039,0.2951505075654228,0.4621540739943222,0.0
0.8237765462787698,0.38036015313909016,0.3569801527989423,0.41681798664953557,0.2963610679231725,0.6358278338546342,1.0
0.7370474051099607,0.5862195463362614,0.5793517935246564,0.6055043795661728,0.523983780538094,0.6282122798071466,1.0
0.7776672342711477,0.5175471500136029,0.49993575082960123,0.5555587489226947,0.44881665262971504,0.6284022306498818,1.0
0.7287332030883765,0.6247506167094949,0.6177539604329465,0.6399466689439937,0.5755290505037709,0.8197717968901119,0.0
0.7904947154502447,0.359237331212156,0.36625679557682705,0.3910217844207113,0.28791321427333516,0.47756162178422334,0.0
0.7784217174596659,0.39924645787539575,0.34568618335077156,0.4317776343499737,0.28866979035910045,0.6817433767823591,1.0
0.7813205546306644,0.43981846126145235,0.41095750366193734,0.4712755713435626,0.35087548385483425,0.688628180842104,1.0
0.8537129314997682,0.4417104846134314,0.4120886074326165,0.4748523250176227,0.34133911070641076,0.7403736339258176,1.0
0.7719044017220715,0.5318808941724442,0.5298587959767374,0.5651070079080545,0.4755189802018638,0.7693080660386757,0.0
0.8149622061569883,0.43972538150358903,0.4095173140680744,0.47906702220703995,0.3460505251087964,0.6124692493340507,1.0
0.6951051715356489,0.5380921952757669,0.5173680143840318,0.5655837320024109,0.47008043786406484,0.657868843031759,1.0
0.6230757828000639,0.5788168781874992,0.5632963989777087,0.5889850001158734,0.5132563503970722,0.8327077406973011,1.0
0.740093528041942,0.5583339459363683,0.552641030024305,0.593800780239955,0.4968080618801225,0.8570798202582868,0.0
0.7544499304431116,0.4873060124048299,0.4965246637663597,0.5202357288878743,0.42114118437757275,0.8514729765033899,0.0
0.8584210079540646,0.21100220689682408,0.20175106183582475,0.2273793276739569,0.14228216599738908,0.40948209174185957,1.0
0.7160419216452422,0.6197340037230108,0.6140820739154647,0.6453920898288701,0.5734427697404711,0.8437396723612005,0.0
0.8802525586545747,0.3123140929305788,0.3250014879453434,0.34445090416997176,0.2284677297030555,0.38317913669664505,0.0
0.7519549413264207,0.5464492675377028,0.5181551883217028,0.569773520928142,0.46161597738845495,0.8099845156947614,1.0
0.8040095301805945,0.5200460318447662,0.5264965259018783,0.5421737961781417,0.4726810474697425,0.6169230711626681,0.0
0.8355556062345271,0.5404557210077423,0.5051645632175137,0.5717909078085854,0.4838110965844298,0.5637724410451221,1.0
0.7547308819914809,0.4602712345939312,0.42971295522394387,0.49257715494345095,0.3787705097918961,0.644552820922788,1.0
0.7434196522915765,0.5184325296968857,0.4908589747070516,0.5402898920441179,0.44474083551836996,0.7294322887679516,1.0
0.818411860399705,0.5183796618305583,0.5349902396976034,0.5495737402303493,0.48275328040325993,0.6669239436472456,0.0
0.7529716881925599,0.6204402250681111,0.618866846269555,0.6512931585849842,0.5674843951354747,0.7752623494010378,0.0
0.8550768293208258,0.3604540999658647,0.3293191383200181,0.3943457146564055,0.2588453795417617,0.7151339973824051,1.0
0.8541655580641647,0.44825102057870475,0.44375730209729974,0.49085684244601696,0.36014199608445807,0.7082195394440036,0.0
0.8750047511535801,0.524334163331907,0.5297830942701147,0.5595796543462912,0.47316863159852196,0.5564749906358033,0.0
0.6914097242810555,0.4717756054380479,0.4406374366694645,0.5015890194884809,0.3836181580964022,0.4882888196647146,1.0
0.7820104221304933,0.49638636016229437,0.454751913745334,0.5310542180821585,0.41336204511900765,0.7060955693466993,1.0
0.8649671473567115,0.3839625282616444,0.36332238164290204,0.4221724421904746,0.28016719211500196,0.5886947863853975,1.0
0.873665242587567,0.4565647393950784,0.4604543924190753,0.49200125398965594,0.38764135474236383,0.5782196553043037,0.0
0.7942978555193201,0.47754771728850137,0.49750321444834283,0.4958888591449549,0.4322437163681605,0.288467014925774,0.0
0.8209480261807567,0.4405096031472267,0.44201492473295917,0.47452486802725996,0.3578839505359903,0.13196887342389374,0.0
0.8790739558231406,0.4066077472696977,0.4363879708926938,0.4295142669607484,0.3558829245817421,0.18105759330745697,0.0
0.7023297756695326,0.5265535366134209,0.5053567358909838,0.5558372105372356,0.4599930463744646,0.7936020458668323,1.0
0.8139793508530538,0.6808973678534469,0.6854878855602444,0.7002101600533857,0.6497382928395519,0.6835056719975123,0.0
0.6655884715475584,0.43158364033048063,0.3973770066147902,0.3755910694477062,0.3078396672764525,0.5794158775803115,1.0
0.6948574780623402,0.5633212975910653,0.5457213987942027,0.5763865280781824,0.49265847956592856,0.82280413999937,1.0
0.8204044942111945,0.44835873100246165,0.45760302042734485,0.48777058996454264,0.380078780078027,0.6538796104098503,0.0
0.7545512883861535,0.4857066921294107,0.4949672072764904,0.5222145216454634,0.42958334149996524,0.6928553509585109,0.0
0.8936346578282541,0.3381797638502813,0.356609515120841,0.37732050585125215,0.25916341956556355,0.20194227783328267,0.0
0.8036858182500045,0.7373487599792583,0.7568961734290724,0.7614013699362547,0.7361801037289373,0.8774832606592537,0.0
0.754949435056165,0.5707680372548813,0.5684081213427608,0.6043366108228867,0.5257535660985941,0.6636399399561062,1.0
0.840980156648701,0.44849713889698956,0.4612543012232812,0.48146898173010794,0.4049895014930214,0.6294068595514597,0.0
0.8224272186620245,0.6479507239172699,0.6543717426046463,0.6661525345572505,0.6006963087564219,0.9010826261969465,0.0
0.6594509313527992,0.596887994533337,0.5874782302320603,0.6200116640015736,0.538998668267745,0.7820503677222248,1.0
0.8940195012682413,0.3508421115084727,0.321818036621408,0.38757203551973135,0.25188605747873427,0.6351814534787692,1.0
0.8614674476296178,0.8168833935030688,0.832647846715364,0.8392602227437445,0.8119347463746673,0.5431837124720365,0.0
0.6710063703467202,0.6494481680835522,0.6462254961048552,0.6616650325750819,0.5928721765861715,0.6206266798860445,1.0
0.7100915769015383,0.5977323544969058,0.5861366474172673,0.6153963360947745,0.5481881325498903,0.41986614179124837,1.0
0.7688300886121817,0.374931906816481,0.36732342908567456,0.41029357262784366,0.31852326312154067,0.42322331762013343,1.0
0.7059311500832403,0.5140157740120417,0.5044074577147157,0.5387564371438596,0.4426776305187885,0.8328139400852479,0.0
0.7353350893596966,0.6329023210968008,0.6331794212692965,0.6597787562254691,0.5926360120754794,0.5114538856930757,1.0
0.8078896389376674,0.651733244723558,0.6679428653750388,0.6801823649858059,0.6203775214254603,0.5028636392087646,0.0
0.8586877060416936,0.5058443227137137,0.5023270757677687,0.5257491228732858,0.44439305769027815,0.5617581850003583,0.0
0.8432182667284951,0.5787665235643926,0.5933536024063237,0.6142689862555653,0.5508462867378952,0.7037089001480612,0.0
0.8128279879688123,0.38956903533557136,0.3982060110515648,0.4280341869112457,0.3098400173715121,0.5190581539582755,1.0
0.7155905620551337,0.6780093821164612,0.6670235671970708,0.689834545261782,0.6383174311712243,0.39579734775991904,1.0
0.8342300343856822,0.4969746385933808,0.4939688468021202,0.5329292720272534,0.4246276522766268,0.5044443551943354,0.0
0.746538626245119,0.4363511729620267,0.433373698733208,0.47165996150806483,0.3763827958305668,0.481136636171388,1.0
0.6985598936755177,0.540785943215244,0.48900375227536236,0.5724959120338664,0.46298111639772466,0.7520624722977318,1.0
0.7213153853755692,0.576906633822168,0.5674585778567731,0.6008395088491854,0.5202839342381285,0.8303129471483461,0.0
0.698032515628128,0.5055560178127909,0.4787328171054727,0.5274418811742614,0.4326065562010226,0.6088393072740912,1.0
0.822664459597457,0.251729133775718,0.2405701187499773,0.28238370806128127,0.15714961987265463,0.42263495570251,1.0
0.8461690498453025,0.6822572119533796,0.6942026907888623,0.702454549717898,0.636897257913756,0.9519364848182741,0.0
0.739667507937594,0.5322743962539032,0.5146253309407114,0.5668402763521674,0.4610062558491992,0.7189882951425288,1.0
0.7934923766157089,0.5332268256759749,0.5272907747654021,0.5757831641669902,0.4741311516341262,0.6666337807095144,0.0
0.7428590161691259,0.35963092305230154,0.32646431730193454,0.3936587757652265,0.259985650543917,0.4423676779999235,1.0
0.6670654468238222,0.4977810306325751,0.4518620718442801,0.5289834563509594,0.4112156128879396,0.7307549153379116,1.0
0.840659295410259,0.39189333652156194,0.39846344991602495,0.42205592990942326,0.32852375842977444,0.6512575646532268,0.0
0.8118711056377822,0.3820346014350798,0.3572673063519833,0.4189332730425617,0.2699741734893848,0.5797717947707162,1.0
0.7722464847798379,0.4823410106630625,0.476951616085516,0.5163244015766839,0.4164928179823344,0.731770300172844,1.0
0.7194481820185942,0.5322804100858964,0.5076375151127048,0.5651474268121308,0.46460636464321814,0.6996096532258829,1.0
0.7530458061884092,0.33486389845492087,0.3197137767997085,0.3738941141499193,0.2440071807142229,0.4306865400991795,1.0
0.7452159050884222,0.2851157747929424,0.2417878903623502,0.29479121674404646,0.17346881928461844,0.6275180540725673,0.0
0.6695373136597567,0.4513099068547182,0.4186692612778076,0.47533032645883494,0.3669160361785493,0.7132074666594326,1.0
0.7241632268314747,0.48349782061421315,0.46289471121877185,0.5055797247828464,0.41584515177721504,0.5802474224968772,1.0
0.8670918632377275,0.4260863695779807,0.43735378670814223,0.4641875736413272,0.33930844349918554,0.22350343815440765,0.0
0.8614550946303097,0.4335919011814306,0.4362707039966875,0.4655244996039311,0.3618615749623908,0.5134786680699894,0.0
0.6989729272934135,0.8947034565980398,0.8952962267032643,0.9082773718551946,0.8991085127650973,0.5093124305809591,1.0
0.813141247361526,0.3688748111365037,0.3820717310813608,0.4045935947624399,0.2900511499888918,0.4872210680935005,0.0
0.7350481196834592,0.5576968387798455,0.5506352001085293,0.585838256136876,0.49412490090214667,0.6278479380186959,1.0
0.8484223636165528,0.33519026103890465,0.3412825726269881,0.37428854061114464,0.24789742620269395,0.4465285640147234,0.0
0.7967253782551738,0.5841456718855058,0.5947249883462706,0.6153076517273652,0.5494392444589444,0.7797689441834528,1.0
0.8019468960396918,0.4347183726965565,0.4037764539215826,0.4587387769111891,0.3462135037245151,0.5826062569648645,1.0
0.743447842469485,0.5461910317967453,0.5403532988035682,0.5793726913096071,0.4803654698906181,0.5587338426099993,1.0
0.8471208642791803,0.41978728447929586,0.4190774844995007,0.4587387769111891,0.3398621652771163,0.6152627895288854,0.0
0.821284091110655,0.5591726511026898,0.5688697602546406,0.5910748308108469,0.5152695418167115,0.5951198052020994,0.0
0.7146317792626717,0.6321470915088909,0.6292153403141036,0.6676498587893049,0.5685965697056548,0.7448060498575131,1.0
0.7867479557369863,0.46996777573397247,0.442812622622836,0.49659541443427496,0.37868322740527893,0.6631518607800029,1.0
0.8485750340182596,0.3596516573088749,0.38044785872505055,0.4005036213695749,0.282762201744547,0.4505542325816403,1.0
0.8223654536654834,0.4531153130742592,0.456902160585075,0.48672462536785305,0.39202497743837217,0.5052002730064293,0.0
0.8115100179656954,0.4705764293868862,0.45635615318240325,0.5073971156413128,0.39990761970407607,0.6637654964917643,0.0
0.8226004773959118,0.4313886844634804,0.4410513198318396,0.4693754266566596,0.3602758162037627,0.4892401457635611,0.0
0.7515257537863527,0.39064362632992083,0.36841340984983556,0.4189332730425617,0.31273703950696263,0.7037014116164646,1.0
0.7638239564566277,0.39617644152226067,0.42021053387478907,0.39502763539922287,0.34957638594340334,0.09459449530758723,1.0
0.7918139524276495,0.60061199267605,0.6241442987727037,0.625773228233234,0.564684600171842,0.06538895715698034,0.0
0.724659564008808,0.48046720832443596,0.4401574029503678,0.4923076347568998,0.38890183212874296,0.6083822772455034,1.0
0.7093706685316529,0.45259587955569086,0.41962552594335506,0.4896051337664999,0.3725376398050937,0.724482263412914,1.0
0.8390153962715481,0.3903945459749825,0.3999168165592884,0.4114794067052316,0.31648274768042706,0.36583497339239957,0.0
0.6707548759505475,0.5202637864181285,0.4971332842628268,0.5412314791548853,0.4444832366162743,0.711964582353996,1.0
0.8145532902055286,0.4812812298519798,0.48290622742932837,0.5107360090830309,0.4146116122070598,0.5578414886974747,0.0
0.8241946477938177,0.4926657728496668,0.49972332618087795,0.5267660734485391,0.4209366886974233,0.9499533838908123,0.0
0.8721268190583341,0.3694881322411136,0.3742810880422344,0.4084629521055147,0.2884676119104541,0.4848120216082288,0.0
0.8226948669803695,0.6690389887499153,0.6686033981399488,0.6763359998861336,0.6135255644220772,0.22183349560840027,0.0
0.7312275587179234,0.7649867161631965,0.752514052792566,0.7462091538690196,0.7252232676691075,0.6057682851926722,1.0
0.8000033574818632,0.6192917626748016,0.6290789711182954,0.6408447350226063,0.576868796517819,0.041147591327941324,0.0
0.7774923918194004,0.5226185157988301,0.5215049004031735,0.5515782624031746,0.4681314530673242,0.8124542828678365,0.0
0.8268761988744201,0.40704765459205877,0.3874440760275069,0.43970192928644297,0.3122000211061169,0.6172297830487623,1.0
0.7666002138652599,0.5109777117512879,0.5043609400772351,0.5434666536742243,0.4385881031210501,0.717518193952686,0.0
0.732797973347929,0.5292364237518359,0.5201971003593266,0.5534659985777655,0.4801240916090439,0.6474242312492469,1.0
0.8058808512040057,0.39585941384166906,0.407218935968295,0.4247740327792749,0.3189093718207463,0.4929083782397967,0.0
0.8319067202850186,0.36961765402568153,0.3871816847149499,0.39397647017604936,0.3039586907139942,0.40818011161868295,0.0
0.8172484612597273,0.36321732112866517,0.2883137524442763,0.3872311663873838,0.2462684124560076,0.7195255619613117,1.0
0.8001319553720977,0.46537778578425254,0.4712356066160815,0.4980937422960016,0.4157878002975133,0.635943888432748,0.0
0.865627557704344,0.3854632934993258,0.40052163428310955,0.41574163944549275,0.3166064299119056,0.09231542076575483,0.0
0.7612073378082866,0.37022594864384933,0.3472596468603822,0.4023547706806561,0.277919863762236,0.6449378444812843,1.0
0.8892350896130914,0.3584866793172558,0.35957187501188353,0.3916204039007252,0.25109704015192535,0.44244897448798604,0.0
0.7332645366294936,0.5961586154471288,0.5822141316514584,0.6320755663801576,0.5419630832194109,0.7589951393778218,1.0
0.7791081007802028,0.43461084179017234,0.40338821736542313,0.4637703374148214,0.33389181830935355,0.7199353471266434,1.0
0.8395814170347228,0.710621674945559,0.7158362221876926,0.7174752363502257,0.6762946348270047,0.8876411535221038,0.0
0.7345793391968904,0.4105497692618327,0.39646142277289514,0.43405450512024485,0.342433326732442,0.7081005530351232,1.0
0.9148495087940686,0.3787207107308214,0.4011223839245656,0.41848994244457544,0.2978928544980408,0.1964884191271794,0.0
0.7906454853905195,0.5409862846034321,0.5462934065493825,0.5697889403294714,0.48543257932873085,0.7410425152197342,0.0
0.7222415435801146,0.5280444283955914,0.5095467722905929,0.5584276699605792,0.4505064937033578,0.8368980863128153,1.0
0.7441586150450663,0.4536027925004463,0.45187613325941206,0.47226706622076303,0.3843814927740514,0.8401235416967798,0.0
0.6890705730017915,0.45719439658062494,0.42801762611652266,0.4856857774179309,0.3832583113542316,0.7492174484481715,1.0
0.8108363043880388,0.437147871063083,0.44485948710855644,0.4687719715064061,0.37413401920811107,0.514413992731038,0.0
0.6861901069579694,0.5493598724636777,0.5178958038526331,0.5656159393909865,0.47318939013073713,0.6840999858848245,1.0
0.8196576128684046,0.4457914530522126,0.45761619747674537,0.4697217701326743,0.395944671077195,0.045746750719075635,0.0
0.7849216123008,0.46578412335787595,0.45101476103686217,0.5035504768244572,0.3736347523705037,0.620129010444241,1.0
0.8358276889628802,0.5371560121759453,0.5467416915387158,0.5784604831765208,0.4910328451151842,0.6873711672317684,0.0
0.6965048613803432,0.4686397959677345,0.4487582134361862,0.5055641229033947,0.4080111713730765,0.6561306206198274,1.0
0.8171556553931295,0.504067190480409,0.503596848085158,0.5374823748943678,0.4441871137404394,0.5377232659775242,0.0
0.8079362002427524,0.7720413001258504,0.7843762466793174,0.7898096552459084,0.7481801767217295,0.03207142038652444,0.0
0.745206719524834,0.43351928640408127,0.41068927553555196,0.4678826643776611,0.3344359815073341,0.566259004429396,1.0
0.7529108734267347,0.6469427338682769,0.6473145040667114,0.6740329435053207,0.6035103933143238,0.714345511522519,0.0
0.8042388525267269,0.45798561940180665,0.4290605586237642,0.49657826149078405,0.3517905006446249,0.6129769859055947,1.0
0.8403466695046891,0.5188999929359912,0.5069541657119201,0.5307950079095141,0.4426336031202296,0.5710413149352831,0.0
0.7726443147062774,0.4137847620806889,0.38387884401725253,0.4519692947713266,0.32102848003034024,0.6380126835944218,1.0
0.7779165114623164,0.5600014828135005,0.5647396838516321,0.57416166357275,0.5061902425822764,0.4006488918598108,0.0
0.7808818647834361,0.5762151329016478,0.5586012128722262,0.6124645513437779,0.5237672159438658,0.5855496737614148,0.0
0.8097064800666935,0.39562442560050587,0.39984084954294646,0.4300854234833649,0.3181284648041982,0.5619881747608511,0.0
0.843002247612387,0.4444597034211433,0.4540005566197914,0.4762574977979452,0.38602160992169,0.5680729069306927,0.0
0.8506398853641665,0.3743898541089237,0.39259117302182195,0.4007493281611734,0.30711418071335395,0.4465507470234149,0.0
0.6657221373349449,0.5640831693217734,0.5315131789507865,0.581590439168272,0.4856591852594725,0.8012273667963314,1.0
0.7448579848520555,0.4977499741270586,0.46230961485076466,0.512136528671236,0.4016228537729405,0.6762813407410455,1.0
0.7268805699357137,0.4665222987953576,0.4487291178036175,0.4930245000601264,0.3966755645138009,0.6616582872823964,1.0
0.8850531242318969,0.4706784850133961,0.4769198673557526,0.51070663010535,0.3801513866651245,0.5282234278287117,0.0
0.7558239640584734,0.40794506193932795,0.3868597755886581,0.4463399359392303,0.3173722749236836,0.8400278509793517,1.0
0.8346281810556937,0.39775834861250575,0.4143513455934133,0.42994299930895524,0.3343915679035243,0.39857776536282863,0.0
0.7244061691512033,0.4328268878966964,0.4007223853041762,0.45382600966513625,0.35452550967748286,0.3628924396774056,1.0
0.7211722172810225,0.5342814902419293,0.5305254308651954,0.5615634652522421,0.45568473370230755,0.8168835020442986,0.0
0.8303540432950454,0.3831390820720219,0.38960157466624695,0.4212754709805954,0.3054562015728788,0.47042780638726556,0.0
0.7805806416464585,0.5847453496697732,0.5882151721961781,0.5956395210387238,0.5260917853467355,0.6468698856331676,0.0
0.8237306184608291,0.41771170461349777,0.4079609188170829,0.45912791150686955,0.3150281056043498,0.570804419477021,1.0
0.7372637409696408,0.6148306661988443,0.5979218820293257,0.6226580529693844,0.5580491112113743,0.8455239563071029,1.0
0.745095859274632,0.3635147814156075,0.3031629605699348,0.39575627054133405,0.25259348894637124,0.7264574872528946,1.0
0.7324105959593656,0.42396142243462714,0.40931284871093526,0.4591019996135112,0.34376467278229117,0.8145703228927663,0.0
0.7951600315223204,0.4472674448924299,0.4281463897670395,0.48672462536785305,0.3455490375909984,0.6200917267409389,1.0
0.8243210284790481,0.5493998150791541,0.5606662952920172,0.5809048688630098,0.5019897777263267,0.546962453774213,0.0
0.7074882614832215,0.6066649594564502,0.6033444589490251,0.6265449282121942,0.5523405148521505,0.8605952796253022,0.0
0.8359350650337902,0.5351661518557205,0.5404049457622919,0.5672448303491773,0.48059786890011735,0.6055522834440294,0.0
0.7538544525277404,0.36269941350776674,0.31482084651664693,0.3928595215898078,0.27506493799909193,0.6905819281386381,1.0
0.8612621977949579,0.4322120408944166,0.42628922173074074,0.4748523250176227,0.3667231266559152,0.6534204786471587,0.0
0.8317274434232632,0.39281219619489577,0.3948960954280148,0.4302986491692044,0.30899973129769687,0.4794072622366494,0.0
0.7297819410552883,0.6790656623387721,0.6793019241410532,0.6799156732101495,0.6411667569582358,0.7024108762302563,1.0
0.7196676853139943,0.372779583273756,0.33381038968780025,0.4011411086896263,0.2980673227199624,0.7649637639846563,1.0
0.7666508928367808,0.6368333027705004,0.6429777513922348,0.6543596121901953,0.5996115547590288,0.47512309803660613,1.0
0.8491644938057628,0.32611538856131456,0.3039150251880625,0.35881384841067937,0.2244003125559092,0.694861482652958,1.0
0.80600786537638,0.43362816369076235,0.421388774338961,0.47587055293973163,0.35104087625336877,0.6285276635541222,1.0
0.7088695802007394,0.6759789508699545,0.6927250925245536,0.6875833126676858,0.6601414071214511,0.08027667015801798,0.0
0.8158877308743897,0.40763081677801677,0.3814507294646518,0.4476701102113115,0.32674904875233013,0.5671193378046933,1.0
0.7419265230931404,0.5500487703822903,0.5406679561308609,0.5880006218854406,0.47579337903235697,0.7504342288628072,1.0
0.7824611482334578,0.43346489264008387,0.42188331165605536,0.47300363916119187,0.34879750650442065,0.5297112612962027,1.0
0.7288535656457389,0.47576295556684706,0.4468600992665159,0.5102790838649376,0.3895536500403054,0.6365880257814602,1.0
0.8014673462716748,0.5550107203287178,0.5419815045519631,0.5950404453634042,0.5000156895883023,0.5916446673389391,1.0
0.8083837589099967,0.6113245123881796,0.6201714625967685,0.6414187199561177,0.5666504814482929,0.497939011279283,0.0
0.7377670465055582,0.4860309005049194,0.47462467297260696,0.509433024051164,0.4220294564537648,0.6952301162177716,1.0
0.7188226134638824,0.6206288978270587,0.6112860632185306,0.6454627088621776,0.5906371102501093,0.38304171154487143,1.0
0.7960057368595762,0.7055505784363909,0.7139848025286493,0.7374479230248885,0.6812105449095396,0.6917307112734477,0.0
0.5877408201377962,0.5987203283588172,0.579361786857423,0.5964073889771171,0.5314024937466129,0.6758485248087283,1.0
0.8996347313127628,0.21450593722295414,0.20705654873266405,0.23877983083913107,0.12294950356694345,0.41432270329208576,1.0
0.8050110733552773,0.33618891618450536,0.2862348739190728,0.3599722195306699,0.24390937423452907,0.4512876141524207,1.0
0.8747690939360077,0.3087782289946946,0.33874355861164834,0.34696298923981256,0.21468435396599483,0.21787510019443346,1.0
0.777146824582342,0.43687724862339333,0.44182620108584186,0.47366822448239615,0.373029182537691,0.8566408404167072,1.0
0.6979343251208061,0.4741441576564653,0.46116577621355087,0.4731813728522552,0.4174169105955121,0.8134046729002335,0.0
0.8504938665774717,0.4142021399727474,0.4235056805906217,0.4530823200779401,0.33462589793927644,0.6708251506996339,0.0
0.8310283903598461,0.4672544604008461,0.45486069073031715,0.4806548555877263,0.3969728460053874,0.4817850476348322,0.0
0.7439641344918546,0.5542194975075359,0.5202360124515157,0.5913183478649786,0.47987489267114714,0.678757165853596,1.0
0.7542107890462472,0.4895215260628259,0.48550935796020683,0.5029119858747335,0.439994083335562,0.7801757798563871,1.0
0.7630444505259211,0.5037108484951462,0.4884479284130701,0.5304994845905437,0.4163347634835597,0.5162674396244207,1.0
0.7810605081580475,0.5577286133548538,0.5550060893002446,0.5929390273076685,0.49489431831249164,0.4818967221284274,1.0
0.7485417125944847,0.4264995288117754,0.41213273728262184,0.44586220821520145,0.3528666615751941,0.8179726595124346,1.0
0.8123107457157265,0.3266244998309395,0.333167278927802,0.36895379270740775,0.23008950210129453,0.49426403205995806,1.0
0.7491549281498882,0.3664362471426443,0.3434160165178293,0.39596338321007846,0.26603961094841677,0.7612730835752626,1.0
0.7659914327198645,0.4488038443286378,0.4546430483237776,0.4746559785580908,0.40676759046640765,0.412886176863009,1.0
0.714385669507223,0.45439033521548317,0.4105548519443532,0.4595410419756249,0.35623832996353166,0.8086701371065361,1.0
0.8696001555844426,0.4290060401312881,0.43640468540502036,0.46710339155662767,0.3475262153710268,0.572921377906769,0.0
0.6588174442087873,0.6421613783990154,0.6418516885062258,0.6616846489732229,0.6104874808188749,0.7042199394446251,1.0
0.7598706799344215,0.27583248264538235,0.24987249657065075,0.2775902815071744,0.17611992522680153,0.33302208240804054,1.0
0.8092909125002218,0.4923505403428046,0.5104499750122462,0.5314651588134469,0.43075943303910624,0.11262993485401385,0.0
0.7886788245519346,0.4424036909489944,0.42002941577296354,0.4821754457803667,0.3607672623850471,0.6386138855178725,1.0
0.8113297908732241,0.3515687080754006,0.3712211826109996,0.38706027562590445,0.29093807034670705,0.4119400432837128,0.0
0.7718435869562463,0.33621575403175813,0.30376512519656135,0.35178889689967846,0.22103607861864416,0.3532439965643184,1.0
0.8360478257454244,0.5395160373191485,0.5452923929778177,0.5681425314715456,0.4790433927667812,0.5708882062550718,0.0
0.8536920264240158,0.5532301772653274,0.5493936390579772,0.5900081549472829,0.4826344257374131,0.5036455726035041,0.0
0.6011131002607433,0.5037108484951462,0.4762716272745113,0.5219289433841554,0.4333264427879886,0.7903515286283032,1.0
0.8046962302447035,0.5481887011226925,0.561272085818143,0.5786072868258643,0.5034638266162423,0.46948333300129486,0.0
0.8206591560430874,0.4413369089603672,0.44303026502937554,0.4764717271134569,0.3816511182041997,0.6001964114674005,0.0
0.8114463525077222,0.40341601813771727,0.36510216767768827,0.44119487404356367,0.3067921820857342,0.7612116387605832,1.0
0.7714080645447382,0.41519828187512714,0.40860509081595914,0.4561284273725211,0.3405582036898629,0.4390468144846289,1.0
0.8329874493527029,0.2970835697352738,0.30171631510623126,0.3275062594557881,0.20990496743951803,0.39809544387847184,0.0
0.7631565777504112,0.44077780210238177,0.40181820288216546,0.4660298727634797,0.3581313149989471,0.8155299499582409,1.0
0.6283654004525632,0.8308449083891429,0.8064746007066612,0.7220236860252229,0.7782633450569156,0.8897449010517715,0.0
0.6749700994068026,0.5074476821300238,0.46428573007795954,0.503883955592854,0.41010884519126667,0.5940470907125397,1.0
0.76086050359694,0.4971266898082512,0.46787581276527096,0.5306296827307633,0.4134168862645813,0.6929110910663374,1.0
0.7462494393638777,0.4810249688021245,0.4472015528754754,0.5110149268928774,0.402463043295443,0.7311974981522402,1.0
0.6483753588704672,0.5385636976557633,0.511480172652953,0.5685023783286061,0.46637016402233544,0.7856476004413431,1.0
0.9415506751705981,0.27168940119556767,0.26835609410677247,0.3116348598175693,0.14728728949279368,0.42709635437087945,0.0
0.7465750517558998,0.5203466336857347,0.509253516614004,0.5499762869680147,0.44837773036250095,0.5360188479275632,1.0
0.8513145491725391,0.44777996699214057,0.46198434513469283,0.4807979184355639,0.3790393086462569,0.11579640039002559,0.0
0.8546280036792934,0.49445565081644954,0.5034008726390418,0.526877020146862,0.4408186315454188,0.5380050219788404,0.0
0.7431998322526043,0.4362103415829644,0.3996127716207744,0.46641298558112615,0.3456323613737977,0.7408051428974318,1.0
0.8516750033574819,0.4168852963872219,0.43055752449759394,0.4469926601824889,0.3560239860494938,0.521931771988625,0.0
0.8051627935262682,0.4051132651400689,0.4118900673258788,0.42321430102941376,0.3263980847309218,0.372556795920135,0.0
0.7943960460266419,0.37811708356434964,0.3138892556550103,0.407191262071612,0.26425186684376756,0.6859934363727025,1.0
0.670201208186681,0.5263344356597617,0.4863127157907657,0.5561594669011145,0.46049878215001816,0.6957043663367051,1.0
0.8038527421124516,0.6871033731942682,0.7050471371356757,0.7300467928648862,0.6531222232445932,0.7393255574116755,1.0
0.8336928372875602,0.5838299905852113,0.5899102359938797,0.5821164323556338,0.5322242419684031,0.014162049563058332,0.0
0.8070211280632271,0.41972382508796574,0.42067164216723013,0.46089658070669753,0.3533178458591122,0.45116643770128095,1.0
0.7640374416241598,0.5245253493340758,0.5308769662434947,0.5505672423668946,0.4666722730795534,0.6743496174985226,0.0
0.849766623336146,0.48994366116526694,0.4868253826053574,0.5256243078376726,0.4265875473716947,0.6092817841186331,0.0
0.7709240803667131,0.5028094917656727,0.47586543809400067,0.5403749268490827,0.4230806105943632,0.662509224669936,1.0
0.73860261604851,0.5841524935456772,0.5802976226745713,0.6163577220818053,0.5285591541409844,0.526444513018671,1.0
0.7763096713215303,0.570543461021348,0.5794049439051239,0.6051551164402023,0.5318184368014209,0.46706856414753894,1.0
0.7418935817616518,0.6222551457084173,0.6120887135565041,0.6404624433565098,0.5525243485513973,0.8681919357274877,0.0
0.8187906857118242,0.4761588811328408,0.4841247065342866,0.5080051327446224,0.4179211981013764,0.5473054603122662,0.0
0.7792354316961492,0.49828529493313106,0.4807630555154398,0.5294876434027131,0.42516891893522835,0.8064619916752962,0.0
0.7608636710326602,0.49299850830038955,0.4748416963231344,0.5199570847952111,0.4164239768964295,0.5475701198546548,1.0
0.8190016369307802,0.3854167087410509,0.36681005477849776,0.4230991573342792,0.2786521089172185,0.5399109769015538,1.0
0.6107531908747444,0.6145750334597944,0.5939898151136158,0.640791725128095,0.5641412093843627,0.7602789986674654,1.0
0.737013830291328,0.41722332760044595,0.36765179408180676,0.45053018106026727,0.3122347795786635,0.7734932014730085,0.0
0.7302678256947454,0.5937199616945827,0.5733117524511744,0.6263754060366316,0.5355303520154653,0.7657562237115454,1.0
0.7292225719071257,0.5168971176062291,0.47882611769015343,0.5388105419071043,0.430960452872001,0.6272178240050958,1.0
0.7091071378797439,0.5554107747942889,0.5270749010903255,0.5866863232099946,0.48412546765835174,0.7472649727890783,1.0
0.720135515569847,0.6896563795133697,0.6970137357032329,0.7108731778875199,0.6553212759410445,0.8379223549482029,0.0
0.7280721592536001,0.5746144662459316,0.5426285065211802,0.6070572683864499,0.508719500767921,0.7538547922857952,1.0
0.8654365613304245,0.3324061261021581,0.35452170450174875,0.3695084349599615,0.24374089219399053,0.43855698680704425,0.0
0.8455761058785074,0.5674765862222391,0.5794946185903052,0.5964073889771171,0.5216384526030089,0.21208076056352776,0.0
0.7467692155655393,0.4382825106186769,0.4147799092269326,0.46844533566759344,0.33883794895274155,0.7472072015936728,1.0
0.8946114950043205,0.43158364033048063,0.43564819895823476,0.47355782521844,0.33594787851180063,0.5442638271850371,0.0
0.8646640237583019,0.26037783200997605,0.27799789149522275,0.294162032178557,0.16549059121941112,0.39696061343224986,0.0
0.8184980146512907,0.5140898249283747,0.5033459535271114,0.5434461248854721,0.4712979499163239,0.598255009651022,1.0
0.6642505466994053,0.4605335992344661,0.4231369000805569,0.48852385965315653,0.3663724522884446,0.7064116418972888,1.0
0.8399067126831729,0.3612290764647967,0.3807939110358142,0.4007493281611734,0.2786657226522993,0.46939484822936506,0.0
0.6562055767140262,0.6361655879018933,0.6091709256983326,0.6692912494988692,0.5821264982470626,0.7345774398236438,1.0
0.7413912264564504,0.29945876409648947,0.27283071939880105,0.3273965901043208,0.19908735837250024,0.7048657899715565,1.0
0.7897323136724264,0.806401912649898,0.8028425990836732,0.8210805660982288,0.787502050508502,0.7009614921337215,0.0
0.7723294715957035,0.658013660015458,0.6496514405123872,0.694175061116485,0.5959263842585829,0.8480337623979353,0.0
0.7775028443572767,0.4335375074174334,0.4383910592747015,0.463449905832165,0.3684338228130861,0.4784110402714863,0.0
0.7571137438836817,0.44204124537305184,0.43732062299320834,0.46981392158440644,0.3936848876050998,0.3945576778713469,1.0
0.82654931950811,0.561895211580522,0.5671843360434132,0.5821903359951417,0.5145309242750951,0.5642467618105802,0.0
0.8346497196185901,0.6247332932830074,0.6228444580204411,0.6625602702427997,0.5869381329119576,0.7115372415273271,0.0
0.8169912654792584,0.33883374563985963,0.35081108276522416,0.36923152440945967,0.26890129530344486,0.36240040429593057,0.0
0.7026968814694875,0.5342962106665092,0.4935400178588815,0.5675293137417521,0.46797127443967157,0.7348691216616516,1.0
0.8966196492508381,0.324417782524217,0.30900737994359334,0.36269369824578296,0.21465789890633424,0.3989960810959934,0.0
0.7843264511290009,0.44302625719831007,0.44564710322909334,0.48315526205774356,0.37892914359854646,0.4862779546531264,1.0
0.8110833643742035,0.43401708807921163,0.4462631523977056,0.46719818894113235,0.3701444224189443,0.513485874015488,0.0
0.9152429043104999,0.2990536831444765,0.3104099839938646,0.32999124652447603,0.2306165757169394,0.4682313706174608,0.0
0.7603708180346189,0.5236617810116035,0.5103049390322685,0.5566407529485269,0.45092398157916813,0.773223137471496,1.0
0.8278188277447098,0.48878909518127794,0.49556097042866704,0.527674175823875,0.4158306690803206,0.648268121645968,0.0
0.788058640637947,0.3951246492342731,0.38454335642795484,0.41865143558275936,0.3027189718598302,0.2547668742402851,1.0
0.7940488950717235,0.2685514375167792,0.2587892909323594,0.3093917474999128,0.18306891629937738,0.44180425430544656,1.0
0.7226406404808421,0.3741791904717922,0.3421129920489329,0.3957044467546174,0.2798520486305789,0.7102870629682365,0.0
0.7752732863539268,0.3941308410577415,0.36236089921953835,0.41929448848553924,0.30334713469979824,0.8394019757572213,1.0
0.7951502124715881,0.6348748579905379,0.6397641431968528,0.6688635207803346,0.6048924288033035,0.6229010564339981,0.0
0.8644236153871494,0.4868812743004814,0.483113788066528,0.5106918493774484,0.42081773748026374,0.5014047708163165,0.0
0.7780926208883517,0.5138750323916659,0.46944503131937027,0.5384857308495139,0.4404553089559937,0.7434510671793346,1.0
0.7718347181362302,0.46475827133027664,0.46026292723819034,0.501929614903645,0.40050179648199835,0.4731457901241529,1.0
0.7336725023502373,0.40211200394076524,0.35014763159339973,0.42378801224574175,0.301071999568995,0.43236969354526744,1.0
0.889903418550024,0.45101163873959776,0.49436955291509493,0.48398690609986045,0.43782457534077546,0.3165207144793869,1.0
0.8746994103501664,0.507959934953675,0.5204369403457285,0.5443863434103224,0.4425610930844446,0.6129582998998657,0.0
0.8759043028980771,0.3791874559004353,0.35502729639048775,0.4174332116386736,0.2546538939578864,0.5476309288506136,1.0
0.6633082345726876,0.5967024633284155,0.582307432236139,0.6175874421475922,0.5311350466106288,0.22753488207470207,1.0
0.7900031294264915,0.7499376850319222,0.7496750619210777,0.7769180321048357,0.7245162224067212,0.7194067521687424,0.0
0.817021356118599,0.48877931148445336,0.4900960323904255,0.5225768319571744,0.4373621911045924,0.6423290096247414,1.0
0.8769837649914733,0.42748525870652526,0.4428747935337653,0.464870589252878,0.3819636548031815,0.5800442607540615,0.0
0.7748431485831426,0.473512795055876,0.47646344620168884,0.5060452264726851,0.40308695787765547,0.8323030950666261,0.0
0.9186472642224199,0.2543723475747158,0.2714362515132603,0.2841623223187714,0.15093432222475078,0.42562768377315763,0.0
0.7383739271895217,0.6100129584615648,0.6093155194954445,0.6339347447286177,0.5686051627724786,0.519593813568626,1.0
0.7667421149855185,0.45056984648482085,0.4254973606546924,0.4807979184355639,0.35892680126370213,0.623135479263903,1.0
0.6820550196254318,0.4847220393388985,0.4599427868433617,0.5112929323121127,0.3996715517446967,0.7793659057612101,1.0
0.845822215633956,0.499677093125445,0.5012802520513084,0.5346761350914735,0.443107863167866,0.5291184133242737,0.0
0.7216935772005444,0.5027465709264614,0.49076841565613866,0.5267537561752877,0.43900211514960574,0.8189040456297425,0.0
0.8246260525388898,0.5738840998141725,0.57548481592679,0.5973396697036499,0.5270559467546545,0.6260978646522801,0.0
0.7219203655981006,0.37701682158567157,0.34317617653142735,0.3906387628421259,0.278894935468482,0.7445246647504504,1.0
0.8021654491043759,0.4724427817545363,0.4616451908766354,0.5142261768880874,0.3920858047653286,0.7207597037593418,1.0
0.7643795246819262,0.6174526969478367,0.6276636322014895,0.6322193591404841,0.5677635249802868,0.664728797176513,1.0
0.8454148834003563,0.4692453080666222,0.4748524855850597,0.4950896049695361,0.4010970353243597,0.47776820988347724,0.0
0.8643960586963848,0.37195443166909065,0.3769111917279259,0.40468766223445557,0.28475473118328365,0.42745652801438494,0.0
0.7810706439523517,0.39186452398320676,0.40294948352599097,0.41427241684426347,0.3316253727966869,0.3091757542823452,0.0
0.7777822121877859,0.4846963683545697,0.46493060956942084,0.5227058439895993,0.40352868013293564,0.5417131697414155,1.0
0.7561302550926032,0.5107092435200735,0.5189355526432409,0.5287906682148109,0.4666068112895905,0.0940505170689776,0.0
0.7310257930625557,0.7129718266332512,0.7164543053974874,0.7254132171458632,0.6827862623316545,0.8050079095848826,1.0
0.9101433328012042,0.304028378824382,0.30971142350249686,0.33959361027308027,0.19186744431668568,0.4429592719960429,0.0
0.854233657932146,0.3967250466139299,0.4082606303635123,0.43149780414951594,0.34114484946540036,0.2391323568288133,0.0
0.8203031362681527,0.5416552560936498,0.536152119395741,0.5620757725804357,0.48100154993822164,0.5463170624496909,0.0
0.794770753672325,0.4045511064867436,0.38914568413162215,0.43254294759465545,0.31002568554569887,0.7123544098761583,1.0
0.9153860724050467,0.14027460593019486,0.16660344925628823,0.1537184753076991,0.05216715697032415,0.3979800251190784,0.0
0.7982017200442935,0.29720797527471315,0.26924718101790307,0.32528887655336786,0.2302294049532947,0.4230905021540834,1.0
0.7646747296910357,0.4517776393698832,0.45095798475689525,0.4881480459603997,0.38261354168849127,0.7621009018876612,0.0
0.8957346677106536,0.19242305638559892,0.21497515949314866,0.21985721451890822,0.07618439253824416,0.4195323369630106,0.0
0.6654031765579349,0.5182950193892226,0.4854901672238318,0.5313713650586147,0.43757730742913115,0.8093396012342797,1.0
0.8772358928747901,0.3439497214922596,0.3757888431779895,0.37763719663240264,0.28523816360562004,0.3270287668408953,0.0
0.7517791486439575,0.39660189769610094,0.3780195672993036,0.4218225403910761,0.2957610980664924,0.6488010966883877,1.0
0.7985811788435566,0.49506574060834657,0.4978631513010921,0.5282462447371028,0.44479026979043645,0.7093141543561567,0.0
0.8139622467001655,0.5316926702069287,0.546462408840686,0.5666493129972414,0.4956061911405094,0.6792464106973535,0.0
0.8872342204687298,0.2789331964692882,0.3007902957487035,0.31658165923342035,0.2072519304710826,0.4197129271412503,0.0
0.7756280391545735,0.5891165079418934,0.5946802394402531,0.617901395756909,0.5519473579071228,0.7350029085174137,0.0
0.7563522923365794,0.5262375860370669,0.5141748350370492,0.5528473065043047,0.45395540314179916,0.5509393939008596,1.0
0.700695695581554,0.47653057185348896,0.4269995442863384,0.49611348971343444,0.38128567148589654,0.8271354784161447,1.0
0.7709319989560133,0.5686745056517903,0.5650255108560758,0.5873807437041854,0.4937553024774006,0.8688555538553293,0.0
0.8774253055308496,0.31213879421591434,0.3154804064792524,0.34463265237972446,0.2444247651413458,0.35003403043084935,0.0
0.7577089050554808,0.5255435718733257,0.5051645632175137,0.5552253613933591,0.43738111516186784,0.6891062458733601,1.0
0.863499674387608,0.4601431489483469,0.4427658396756358,0.502510716483924,0.3915451174146032,0.6323998702082054,0.0
0.7298813985368982,0.5136150912356656,0.490451016795078,0.5458587593786912,0.4267391329325232,0.5203747932352847,1.0
0.7425676120828805,0.7556975897010165,0.75282313861575,0.7662809261640597,0.7256232797573319,0.6613443871124352,1.0
0.8145247832840481,0.582258495502596,0.5824777610760397,0.6124067057790272,0.530020747911571,0.5834571590291417,0.0
0.8162592710843527,0.561942963201721,0.575935223393879,0.5910383351863986,0.5099467645027556,0.045624691186379795,0.0
0.7592717178397582,0.5033154614812714,0.4844072613855234,0.536156762575343,0.42045296662114917,0.5768939379488971,1.0
0.8124573979895653,0.40321271471287584,0.41318371751802047,0.434122569459841,0.34282339403546547,0.1514001293396574,0.0
0.835652213023989,0.37072060876495355,0.3549431932094153,0.4019680995396259,0.2475248346872564,0.31854147000440425,1.0
0.7920863518995747,0.6230023867732317,0.6321569176104542,0.6541247628468703,0.6026868106175933,0.6562934255355255,0.0
0.777841443235751,0.39722958019054505,0.38238064003139843,0.4295142669607484,0.3262097131199815,0.5166208665248369,1.0
0.7842488489538594,0.3974740828524736,0.40142129954183653,0.4261589504880285,0.35879471906802496,0.4135526738367239,1.0
0.78971235882739,0.45837176127097573,0.4305038434976877,0.49133082936853995,0.3588268706551305,0.6238369286056116,1.0
0.7391705372731167,0.5087288976206139,0.48923439485815606,0.536965414374057,0.43437209350376715,0.6734861403528851,1.0
0.768360991382041,0.5581711236791222,0.5686786488200484,0.5922015419766284,0.5331588586746574,0.6593211766206915,1.0
0.8420770396385576,0.39296918413752174,0.39794777625794614,0.4343265800005072,0.3096122528250189,0.534284422766323,0.0
0.7274668622874968,0.5426563347237849,0.5114658459281016,0.5746883866726007,0.47388407682510714,0.7465346996653759,1.0
0.8454440238089809,0.4303699233721117,0.4391570084348149,0.4616298690409259,0.3645492738520604,0.5387654611685022,0.0
0.7165822861790843,0.7962003891398091,0.8083998649042909,0.7650633408934018,0.7789545559040307,0.02958533386629103,1.0
0.7807928598397025,0.5458904299557767,0.5556430095001219,0.580323858521792,0.5045402772007497,0.5276485417356356,0.0
0.7972616251225798,0.487325938833225,0.4976288828187991,0.5246071747842971,0.435719660174138,0.4725289753187891,1.0
0.78481423622989,0.5476177461180938,0.551153526863803,0.5796770648175062,0.49418389375416316,0.7295351324459849,0.0
0.7805366142899497,0.4656256095175802,0.48036685966769593,0.49963422260396645,0.40724262292454494,0.4961304425905857,0.0
0.7738333700755877,0.4022020319032889,0.36931166012339195,0.4354407001758542,0.30100267572652695,0.5407869408203956,1.0
0.8291222275435143,0.37659001903153416,0.3883710681873394,0.407465252972158,0.31646247190477483,0.6081780381431892,0.0
0.77182996698265,0.5151414376989893,0.4990664193154673,0.5488408168523655,0.4494452016749335,0.7942786276319187,1.0
0.7658780385210863,0.4401984097812553,0.401991273255834,0.4691437706804736,0.3530792675656045,0.6553003296790714,1.0
0.7394730273843824,0.5618148775561365,0.5740526740610843,0.598582984389544,0.5061179256491168,0.1850332264734007,1.0
0.771181909634326,0.6198786049669045,0.6376571418413854,0.6550303105284949,0.5912710661688352,0.8749415046777185,0.0
0.6581456310925626,0.4138864586724527,0.38931689733725433,0.4432508550468612,0.31842381526953223,0.7420483804354907,1.0
0.8965990609186578,0.4033778706959699,0.3671403653792394,0.4280341869112457,0.2952471554293652,0.6801867865849034,1.0
0.8299980235201108,0.492109897304394,0.49821336013079415,0.5292359148330807,0.4263943481951229,0.6663661186898349,0.0
0.8499595201714977,0.3732247863586185,0.3849636070235973,0.4083727166740661,0.2945731307158981,0.42972539413342803,0.0
0.8076403617464988,0.47281842185738904,0.4847082994805501,0.5098198776703164,0.394347422712364,0.2890982239605038,0.0
0.7710400085140673,0.35450534302044984,0.3171079047350622,0.3782672935885035,0.2673567639553094,0.6871575851265896,1.0
0.902624473888927,0.2515915337093683,0.27218981955313176,0.26589243024180714,0.18049872035717807,0.31598298845819484,0.0
0.8779377966303552,0.31000837179268653,0.3146220411001898,0.33627186977485296,0.21564919123310222,0.4305936222578377,0.0
0.6851245815817415,0.47967840898778863,0.4558335814716182,0.5089245487635374,0.40989508058510493,0.8547871285988577,0.0
0.7394682762308022,0.5016358969401531,0.4860170723267016,0.5382467757484386,0.43689488275146515,0.5334365055177057,1.0
0.7737095233389334,0.5170296014274502,0.500610610319363,0.5329292720272534,0.442347811234846,0.5728818511763143,1.0
0.8386850327259459,0.38897474307249186,0.4017934406416815,0.42574937834265697,0.30801114240768257,0.1606994020054291,0.0
0.7985187803598714,0.4514140269310168,0.45923440989237346,0.4799159104317085,0.40570069846185075,0.8271138959029114,1.0
0.7049885212129505,0.47958066177822906,0.44240687562519126,0.49632032866499537,0.3856867699694908,0.614917910857933,1.0
0.7557698009076604,0.38282034897638734,0.35146958148895174,0.4031230948143549,0.29643608829308565,0.3958736813296355,1.0
0.8701630089118972,0.3104742193754357,0.3224882974093655,0.3473163581235336,0.22687897785373567,0.3986605454279055,0.0
0.6966505634234659,0.4824410915984702,0.4436185451140164,0.4985484777766281,0.38986155217628093,0.6110063894129685,1.0
0.8807216558847155,0.30859592910248573,0.27482991657159,0.35026538705708216,0.20335724362223062,0.437180633555206,0.0
0.7789319913541675,0.4276307575372837,0.4315180341186529,0.4554841883619469,0.35177640415298095,0.34602194365826655,1.0
0.8829768701173979,0.43315558420652817,0.4400610955221999,0.4728924187456855,0.3484984870892067,0.5177742770070008,0.0
0.849174629600067,0.8166424811885988,0.8265067226387635,0.8498133887482893,0.8132775820307194,0.596735932758073,0.0
0.8405202449821484,0.41761422667999754,0.4277226901450439,0.44857538417575266,0.36560177971103536,0.6080928737579105,0.0
0.74467554055458,0.5510246268215291,0.5246459906085665,0.5846166563475288,0.46643774994117626,0.743572067014163,1.0
0.7846495295724469,0.7778461738968634,0.7831913734721587,0.8011045035783046,0.7526143923055555,0.5278370796478808,0.0
0.7886899105769548,0.4924588790773668,0.4815402361203441,0.5297148286649043,0.4159487513356668,0.5525404207622224,1.0
0.8969721848464808,0.2823226639875494,0.2953511811898238,0.31645812154466274,0.18755787647746425,0.4008785460493123,0.0
0.7475959162884749,0.4556403146831836,0.44038176653646727,0.4784198635465097,0.38699417129380786,0.8501344191421563,0.0
0.808079685080871,0.330281448234864,0.31864263302562995,0.36058406867454634,0.24746449011686278,0.4136120345789307,1.0
0.7837233713679015,0.4381704917779697,0.4617709476836647,0.4435890782464363,0.40566410551436394,0.3095440346145364,0.0
0.7789215388162913,0.47291212992605763,0.44081280639403503,0.5087443516178236,0.392207169765304,0.6509445122415594,1.0
0.7185803046312979,0.47647438291576244,0.45831148581490616,0.49744977700261067,0.4122242844509807,0.8172558798749106,0.0
0.781410193061542,0.5221936879357951,0.5251812971858862,0.5550446168132785,0.46760688978580767,0.6990058020577639,0.0
0.8173694573042335,0.4887596543321177,0.49580072197849584,0.5137864958525458,0.4164902110968933,0.11650178827547464,0.0
0.8546672798822221,0.416666644226995,0.4210109732984339,0.45575316111413117,0.34387309990637416,0.1381935210354972,0.0
0.8286391935962052,0.4180465942726956,0.41592684314420664,0.46195659611879974,0.32307266442133376,0.5572241970280705,1.0
0.7565274515318987,0.49071953525106354,0.48548052763735766,0.5319907870445642,0.4178275433281258,0.48302279240561186,1.0
0.818194257565737,0.6490486521701002,0.6486093039343044,0.6834598545393895,0.6015780153433554,0.667316808969961,0.0
0.7664136519013484,0.49304994002773356,0.4922942118528178,0.5317925245647486,0.4493169815317615,0.4135533626403378,1.0
0.872866098555396,0.3816148898171731,0.3751218545432388,0.41965424410353874,0.2878834764690452,0.4166806193552546,0.0
0.796794428353871,0.4164253728777793,0.3691684813114507,0.44690388457601854,0.3194855900545195,0.45401312174416675,1.0
0.7261400234643639,0.5149511492836853,0.48206121597281243,0.5405447227418285,0.44235022501766164,0.6149437321626359,1.0
0.7578942000451043,0.5721886479855502,0.5636504990166296,0.5942962995809025,0.5144391039767844,0.7271298832114046,0.0
0.7498102706003684,0.362258788115914,0.324409581961203,0.38539142195894266,0.26682399381221955,0.7011948905890213,1.0
0.8823281792819297,0.1834677424783791,0.2112112989395835,0.19958690602686918,0.08669014086546856,0.3971519948671063,0.0
0.7716867988881034,0.6891864927897295,0.6902752225749564,0.7167678599093557,0.6551502835663776,0.7542257218626551,0.0
0.900392065193429,0.34589793378196515,0.34577957237202533,0.38392776494044184,0.2390602776603339,0.47747642207568264,0.0
0.6721187737716051,0.4762998920292761,0.396959674426062,0.4985484777766281,0.34834989461906996,0.4503119326642544,1.0
0.6729977371839216,0.5412872454791466,0.5143761166775547,0.5485983946669672,0.46247692544317287,0.2820559134743976,1.0
0.8687123233521099,0.3366707408134452,0.3494792279734786,0.3764918726981525,0.2652048282994214,0.42943093941933386,0.0
0.8311968979401533,0.38523045946663764,0.4007223853041762,0.4184091046364223,0.31255832302728526,0.47039119382594596,0.0
0.7172531490645929,0.4831330413124227,0.4551862257561084,0.5101016238910576,0.40314643348623513,0.6596830104575226,1.0
0.7590756535686866,0.40480135370460585,0.38323988977619255,0.44244640024495857,0.32474464350214016,0.6529276838155456,1.0
0.8481829054761163,0.31342781871222664,0.326753947079024,0.35386349067144457,0.23226480317483889,0.41926681200069704,0.0
0.8754700474608569,0.4185305731101106,0.4117131941795646,0.4546996236753685,0.33693434327293703,0.49410327589347025,0.0
0.7686109020603537,0.42847000125572393,0.40044628632277973,0.45964405087563026,0.33375606716379647,0.7630862972729453,1.0
0.7302076444160643,0.42837386970252084,0.39209530915613017,0.45360621476689605,0.3434593775317565,0.7240935309118814,1.0
0.6855334975332011,0.5006231496807778,0.49973146234560845,0.5172598756703561,0.42734248208514525,0.4383547787923092,1.0
0.757662343750396,0.6135709030343193,0.6007699818678494,0.6456438183985025,0.5566513378584359,0.6745268696284801,1.0
0.7179021566436331,0.41111067129354734,0.38845747071931386,0.4450805631785791,0.32520287603188014,0.721097411808058,1.0
0.9081665361683151,0.2958720069853799,0.31220082460029536,0.327615655090072,0.21524966190144101,0.19526648151625547,0.0
0.8502110145676705,0.4266466432988903,0.42909690605533174,0.4641875736413272,0.3622416009289009,0.6629353115207952,0.0
0.7512821779794802,0.4651929726488228,0.42942359075657394,0.49826244332001407,0.36625340451997257,0.6848027068639742,1.0
0.8079156119105719,0.6568715704888877,0.6616391948769753,0.6857556117953127,0.6320029753252501,0.5945681264923197,0.0
0.7938376271091955,0.3809162979604223,0.36328417704329824,0.4122181693831272,0.28136993181642844,0.7247673574625126,1.0
0.7128196892872256,0.3372827155377582,0.332139203764851,0.3591241524575514,0.29480446766095847,0.4183799861787141,1.0
0.8270044800210825,0.48440339600195054,0.48528808965416786,0.5235273604959318,0.4165642659536801,0.6826223078552296,0.0
0.8075149312919844,0.47537663418030524,0.43713826677935835,0.5041371439874645,0.38484281494579564,0.7445965475891239,1.0
0.8529464120555138,0.4665160156873051,0.46300631817409604,0.4991847789888851,0.4206955035184745,0.6014086705044686,1.0
0.7719927731786611,0.5746238909080106,0.576798364347892,0.6051394233216894,0.5250457484257067,0.7253482838334331,0.0
0.8586633167866492,0.5051319080192473,0.49689707017592416,0.528597515122418,0.42439003949624543,0.5175998683996543,0.0
0.7673280905937295,0.39314008467654965,0.3617789865681648,0.42255975200493273,0.2959599937705093,0.6958711981042995,0.0
0.7474904406789968,0.550860278666613,0.5499702455149613,0.577927008386147,0.4846390240902283,0.7609169544452843,1.0
0.6984376306567235,0.5729002548518385,0.5522759638503125,0.6058626753591945,0.5019178469984176,0.6696733121026399,1.0
0.783853236232424,0.5845397125190839,0.5829674343816105,0.6141176206531658,0.5239415876144748,0.5488518774101947,1.0
0.831023639206266,0.4646813481359768,0.4158001135348725,0.49284585397845176,0.39185176438351466,0.5857646158121901,1.0
0.7258616058645706,0.41753838058993537,0.3925362539098914,0.4430040533865293,0.32591204542314434,0.7673800870619512,1.0
0.761655846706247,0.5930318716041485,0.5857044578842487,0.6257023354827431,0.5321896765984817,0.7982441230215973,0.0
0.8523781740873351,0.5353734944214528,0.5503864280282385,0.571179058664709,0.45782962111237335,0.9866044299044479,0.0
0.7198070524856769,0.5931974763806749,0.5898363914552935,0.6267472052106993,0.549822746272709,0.6671420118067299,1.0
0.7498970583390981,0.4497253070038792,0.4122867937930614,0.4724238149277687,0.36138142528468387,0.7463650773600639,1.0
0.8231139187261334,0.6509991981856535,0.6618265035389221,0.6750582880741971,0.6123402039569239,0.8859771276225228,0.0
0.7843970849455582,0.5705572838590633,0.5703729166885916,0.5975896647311212,0.5208496283788253,0.8630921044172588,0.0
0.7445786170215463,0.7439884792930749,0.7452568591627233,0.7634162933620479,0.7223304937914128,0.6027472278657022,1.0
0.906622094511214,0.27218370228192607,0.2865999400930654,0.3068176198685098,0.19536704319425735,0.3600494469154245,0.0
0.8825682709095102,0.5628412681358548,0.5808386776291463,0.5948301393275206,0.5206542085220629,0.22303634099607939,0.0
0.7867318018148141,0.4035174454534218,0.3716747737947222,0.4219781942293483,0.30449947461603233,0.7572423814434754,1.0
0.815210533117441,0.43699088312045714,0.4190163748274491,0.4758489292822459,0.34325526805685747,0.6133648176634399,1.0
0.7205827574935195,0.5724477813133724,0.5617683034301275,0.5918033747138971,0.5325505854050911,0.4814376786738914,1.0
0.7926951330449701,0.6106446800968997,0.6044152489768109,0.6319199125418855,0.5671083277727824,0.642303541552661,0.0
0.8173257466912967,0.3747399129861341,0.3856199832695691,0.4134647686752215,0.2866491644883886,0.5124782249749877,0.0
0.7424478830126622,0.37631571648569967,0.3229725760839736,0.37584936722973933,0.27755036188880244,0.6135227126456857,1.0
0.6899941972577609,0.5784257995905746,0.5537937123188343,0.604315534599768,0.5047984554107212,0.6722089924830688,1.0
0.7324343517272661,0.4578334784282499,0.4410036525189079,0.48441956172769557,0.38396574282186857,0.8162874749787674,1.0
0.818935754267803,0.5067961238249803,0.5114013756662701,0.5365232698838653,0.45500240557595406,0.6667992701931436,0.0
0.8395804668040068,0.45485663159166484,0.43928674488763647,0.4958196999366253,0.36464244586874806,0.5687205412823675,1.0
0.8083118581191514,0.4227109941734943,0.43100351013602506,0.46130186461619654,0.36085116547572227,0.6711661614733702,0.0
0.6733078291409155,0.6535167498236016,0.6240440116987436,0.6778790348878097,0.603834322968196,0.7603071866307389,1.0
0.8406643633074111,0.6368389575677478,0.6490518405463823,0.6599765625099792,0.6048772702472205,0.9132124578363883,0.0
0.7880728940986872,0.4312026147064402,0.44605329240960384,0.4660298727634797,0.3751176839811814,0.0889709613112788,0.0
0.620257715239927,0.5166961479072358,0.49434346412601365,0.5179009213137913,0.4428822227502507,0.7237568825610328,1.0
0.8353316685291189,0.32710093893869147,0.3464764525685032,0.35927898514427353,0.2554319044350556,0.44053413576481737,1.0
0.7515482425799651,0.5479226563760129,0.5211268340529269,0.5820356857865419,0.4816888021815189,0.7766994763255728,1.0
0.773207801520876,0.2908553042402093,0.27647917022439633,0.27253098432896133,0.18344314918712956,0.4094138471991975,0.0
0.774590703956254,0.49911942240644297,0.4684020103755557,0.5362346807335401,0.418271872468847,0.6318941294009783,1.0
0.8292305538451403,0.485034399567794,0.49274683023423566,0.5161444781481537,0.4321853028240197,0.563796973050753,0.0
0.8018335018409137,0.5375897261489404,0.5414981986796596,0.5751176664551745,0.49223799859942674,0.5055993022384071,1.0
0.6906222997610487,0.5071963578079239,0.48377272897312135,0.5133017427208109,0.4263061968466919,0.40760229369484025,1.0
0.8395738151889947,0.41449430449718844,0.3764837777698577,0.43614269351211804,0.29974615694396567,0.6638524976866798,1.0
0.8198311883458638,0.5127333018998412,0.527422456822833,0.5368109466435795,0.465769421755154,0.009159392547272383,0.0
0.7898856175612773,0.7124815646877838,0.7298259152588376,0.735294498704314,0.6868590863523079,0.02298140272630622,0.0
0.7747978542523458,0.45747282802603667,0.43384020165661147,0.4950372337484528,0.37562834387367916,0.5815495085898403,1.0
0.7553130566768278,0.5033822419440006,0.49029642966519943,0.5350260368908721,0.43151340223943047,0.45653827579244566,1.0
0.6645311815042025,0.5931622012168942,0.5986652798632841,0.6140512898557309,0.5328426531257957,0.2559690661476126,1.0
0.7160416049016702,0.5478465410098909,0.5160514591194423,0.5771777532162223,0.46459120608713533,0.8047471532629724,1.0
0.6626411726100431,0.4558457723165002,0.41059968928694374,0.483789647249717,0.3688963036005819,0.7014487588747931,1.0
0.6999203073172833,0.6539117778027306,0.6459503699257636,0.682272013202657,0.595046705249215,0.7873698214154767,0.0
0.785184509465565,0.452102835090943,0.4368221944668949,0.4899565866299374,0.3679107078012591,0.5299531373344417,1.0
0.8567881948403739,0.41368288597155206,0.4135529402109513,0.44912582943149487,0.34614968330686713,0.5636605192886914,0.0
0.8832793602286636,0.2636889401949541,0.29051927214224066,0.2846892278967444,0.19198147141690103,0.0710342856060957,0.0
0.8111641339850649,0.5511764985190266,0.5589075571616422,0.5879943263902232,0.5042290923201445,0.47838860999995925,1.0
0.8288894210180899,0.6402461973059288,0.6452934630603528,0.6670952165367514,0.607662775616584,0.5638120560837327,0.0
0.8318446385449054,0.5620406206525941,0.5789185427527599,0.5973339216427993,0.5077902909351739,0.13304692172605304,0.0
0.7612691028048277,0.4306045525785291,0.3826270243242141,0.4546996236753685,0.3370791702418814,0.7329127957669734,1.0
0.7917449023289522,0.5776129449259548,0.5879380119759037,0.5978786188376908,0.5272425804419676,0.3781329614217699,0.0
0.7131510030635438,0.7564540759105367,0.7504589637055421,0.7689238480475478,0.724672345879243,0.08092502863656881,1.0
0.7945461824797728,0.6505498662012139,0.6616549365869973,0.6679469331723147,0.6116930205083679,0.33157199184626096,0.0
0.8224997529400139,0.6022820427964031,0.6202782939771421,0.6303601807920243,0.5727374624017121,0.5621830002137767,0.0
0.7425828157743367,0.6274811657104225,0.6212669264284649,0.6588004910121312,0.5911643769683796,0.7078684438788956,0.0
0.560582909530434,0.5729905520904215,0.5552945694018832,0.5835506191573925,0.5082866612334025,0.7234571646808636,1.0
0.8735711697466813,0.6142120493317331,0.636676645554793,0.6524450517316351,0.5942329707863729,0.5535277942501926,0.0
0.7712864350130879,0.41806813635744716,0.4068689924483125,0.45769308603168296,0.34519720460777625,0.5052892346423994,1.0
0.8411876236883649,0.4737508350923792,0.4713371318020659,0.5065237753482641,0.4100984176495026,0.5028723110696465,0.0
0.8308921906238835,0.43515612581044244,0.4317301050210837,0.4701815237616624,0.3525647456206016,0.6085565268981699,0.0
0.7739226917628934,0.5125829561000137,0.5050259831073762,0.546922971787605,0.43718724012610766,0.5195905108436059,1.0
0.7018423073122155,0.4108072869332983,0.372747155680825,0.4375962229948345,0.3271763848620286,0.7346164013819028,1.0
0.8232691230764163,0.34092036582409285,0.3518624167469155,0.384691800838268,0.2805671076519136,0.43408032848938394,1.0
0.787637371687179,0.4579994422395222,0.46394303835697576,0.48699195581693716,0.40898498791225846,0.6239008637102794,0.0
0.7013766942613666,0.3339329213589141,0.29468879125687736,0.37263382899865677,0.23792985489206675,0.6847035897901079,1.0
0.692502172860904,0.502338527937795,0.46663575513646244,0.5233866698636833,0.4214186728500702,0.8100469672224149,1.0
0.7843191660268447,0.5924759960588755,0.5938149760084841,0.6253430360600492,0.5460634243641638,0.8332113974320554,0.0
0.8219676237390439,0.47302325117990035,0.4863602946671242,0.49906790175158916,0.4202376571939852,0.5134084101013794,0.0
0.6499014294003918,0.48772868605938985,0.4519885361438947,0.5113660148000705,0.3999317575322334,0.7308105847992135,1.0
0.7929741841319072,0.501401896044541,0.5101523859435728,0.528742402751478,0.42985928515146066,0.3318961710855364,0.0
0.7485299930823204,0.4052874867504958,0.39346598760349166,0.4401173407317263,0.33487191068385647,0.4484361084842381,1.0
0.8960834023834321,0.27294709991030414,0.2636429553769392,0.30543306711600077,0.19545113938755776,0.40417863948640553,0.0
0.8460109948028716,0.4332465995146029,0.46089967056492137,0.44895238397630405,0.3968853705161448,0.30453099255964955,0.0
0.8575271575938639,0.4392753314496575,0.44584290180206315,0.47606416222743003,0.3730621065352977,0.5636337795791702,0.0
0.7713108242681324,0.5250800580164245,0.5275181451949889,0.5665297898271731,0.4753423878510643,0.5070144051089307,1.0
0.7546070352548266,0.3878646973969891,0.3382878449501699,0.413933190015016,0.28910958158812816,0.7342599366809333,1.0
0.8022911963024623,0.49434973556642164,0.48875409582934,0.5304758536737133,0.421328300821449,0.6562023621654518,0.0
0.8504631424509872,0.4409868500831569,0.43928674488763647,0.462581857404661,0.3527323586993263,0.35652835348808054,1.0
0.8647093180890988,0.3768292259309613,0.398283304616504,0.4097615576624479,0.3033662518596991,0.12463798954685767,0.0
0.8691335923028779,0.4286809341689148,0.44473770994731915,0.4569803264862066,0.3496549787118839,0.26506390543312763,0.0
0.797695563816228,0.4218365650499601,0.4120665867259003,0.45349618045918433,0.34328886791365254,0.4796419676526522,1.0
0.7841956360337624,0.7611947706948301,0.7651101623439018,0.7901899396526602,0.7357343263185265,0.7541085722634115,0.0
0.7989283297984751,0.40177648597076204,0.37888987161574234,0.4385417333852301,0.31416966788376044,0.5140425686285066,1.0
0.7254352690166506,0.452801067912948,0.4349361961077471,0.484810977299904,0.38781968501679076,0.4208995061666647,1.0
0.7359669927858484,0.4066567555125072,0.3813571635702517,0.4338498559061507,0.3182426850070392,0.8115274357897273,0.0
0.6544482833765373,0.45535613868183794,0.4195040140918373,0.4799365304595217,0.37493848474494085,0.7373378821217527,1.0
0.7927705180151075,0.6393886428154498,0.6533422524565247,0.6666464115950976,0.614024734708372,0.5264324501246136,0.0
0.7776567817332716,0.5140120939058967,0.5140844528592825,0.5503388709969088,0.45563095462117276,0.6854932589792795,0.0
0.7462858648746583,0.5563234411182567,0.5551679282291222,0.5914216304821673,0.508068358715547,0.6699276042675588,1.0
0.7543938668308665,0.4716688823598419,0.45773461404820265,0.5045628654466543,0.41020056893826484,0.5168073733495031,1.0
0.8029607922136829,0.5677983711132133,0.5603453589680301,0.5985156499624369,0.5050776818068459,0.736377831177131,0.0
0.7324866144166471,0.49491934419072353,0.4649912770586066,0.511263735812554,0.40344767358163947,0.7256364863301097,1.0
0.8212657199834787,0.6234650928019547,0.6487565508286108,0.648999682305589,0.6184629088960159,0.8353157277955503,0.0
0.741908151965964,0.48666064744915233,0.471787097086289,0.5220458206214511,0.41022364470198314,0.5732548648256466,1.0
0.7125371540209964,0.5239140926792545,0.5253773610685755,0.5553335709198484,0.48394028224072816,0.8261594083720938,0.0
0.8423953669284237,0.47237214166828895,0.47497169808567546,0.5144664093360185,0.39498736481247265,0.5555996095507887,1.0
0.6645910460393117,0.5548394607549441,0.5197872852793166,0.5695577405485912,0.4669826855496575,0.8225660082269293,1.0
0.8776384739548097,0.21995976477120555,0.23355524133058475,0.248912658489092,0.1323931874552423,0.4329012203339351,0.0
0.8620540567249728,0.40375799873314583,0.4058106719773417,0.42708301969906076,0.33389799759336203,0.4779889096259988,0.0
0.6324665962228962,0.6644266488872659,0.651121256358258,0.6691126034171946,0.6076247343994079,0.7445419731489518,1.0
0.9069008288545792,0.359382560766855,0.37615355560568925,0.3983625143222516,0.2849340269708369,0.227775892693016,0.0
0.7621772066257688,0.2642889770139672,0.2287829385333095,0.29479121674404646,0.15495162924064232,0.7299718162755182,1.0
0.7540254940566237,0.30793647203303337,0.2662031057332634,0.32290115032383476,0.1926960476816726,0.692988554980446,1.0
0.7490469185918341,0.4081259256925534,0.3890313356425302,0.44690388457601854,0.31394624814633554,0.5275953802259532,1.0
0.7589156980648235,0.5785395238463249,0.561459482916663,0.5778425210155491,0.5075657125819975,0.481374926898509,1.0
0.7867124804569217,0.4061164082199927,0.421804337796226,0.4397980040178033,0.3424559197395973,0.37517914192448787,0.0
0.7986774688894464,0.4989444827265241,0.461279594083204,0.5259982055101458,0.4354158131932928,0.7507969987660879,1.0
0.8260149731021359,0.5881137238967153,0.6115082158903011,0.622937883169842,0.5765534599307707,0.6742807901220336,0.0
0.8226739619046172,0.6036670193285456,0.6213290089028214,0.6420727215462319,0.5839452353230661,0.712081802599764,0.0
0.6829425351141925,0.6414096493998778,0.6243644174032916,0.6505943586158596,0.5776209312432032,0.6482902516697662,1.0
0.8037570855537058,0.3936509911199039,0.3937917879390023,0.4338498559061507,0.3140561235401078,0.5110900560919276,1.0
0.7365963622634243,0.45614251453395077,0.4196457779186081,0.4931671979517194,0.3772544610809867,0.7761370593440697,1.0
0.7813085183749281,0.4191184925064512,0.37991042966997496,0.4384443813070141,0.32416842526836676,0.4436945433613533,1.0
0.8536514832467991,0.43528080062594116,0.44785103106874097,0.4714114263055716,0.3677696463335074,0.6998130798931657,0.0
0.8069980057824707,0.3771869142965211,0.4094492179067433,0.40473465035093276,0.3427460564340492,0.3284011815489931,0.0
0.7969341122691257,0.6756359829289749,0.6860189471820526,0.697746522925,0.6372126910521168,0.02917943425980596,0.0
0.7758272708613652,0.34841575469597247,0.29722860120137534,0.3606602532905823,0.23834135658649402,0.6995947291475835,1.0
0.7828897022863819,0.6007881889775792,0.6089856510775686,0.6268543198684551,0.5539325494460996,0.8289475441078045,0.0
0.7157616035840169,0.4108657198381866,0.3816375075071596,0.44681510896954785,0.3357227208507485,0.48169470839163453,1.0
0.775234010150998,0.43693846404756204,0.42509877701947346,0.4730481638230188,0.3528198341885689,0.8056635623170876,0.0
0.7880295002293224,0.5304097493012958,0.5293510816102425,0.5618410144761719,0.4930972087305172,0.7709110533410932,0.0
0.8152026145281408,0.5522781068780016,0.5680877156382127,0.5816783023841312,0.49862844032844045,0.9123950598863526,0.0
0.7361383510583037,0.46077505010105485,0.4289331215218449,0.4921996077085327,0.38096425216615293,0.6821655250894776,1.0
0.7328511862680259,0.44642254637674245,0.40221333749103144,0.46280584929971286,0.3460246493570116,0.8147768580071266,1.0
0.7885761996346047,0.4528743110011028,0.45663623180959173,0.48811036422815673,0.3777970794579648,0.8363298233314105,0.0
0.7917024586903034,0.7940139572962277,0.7935122753058823,0.8119754552327334,0.7723488047478528,0.6727651925704161,0.0
0.773902420174285,0.4438389323455569,0.44745306648953403,0.47862907471365984,0.37756294252483813,0.2761287053925483,1.0
0.7892603657501375,0.5086110444652865,0.5213384627724917,0.5301199300962809,0.4515185445623411,0.45442610366473213,0.0
0.6593353199490171,0.5132948322423612,0.4846792038479813,0.5360120574244052,0.43581997698796027,0.7146173240255127,1.0
0.8295846731586429,0.4547850041598663,0.46065823872020245,0.4731592017604029,0.40091851194730754,0.2494578585710272,0.0
0.84145843944243,0.38040934089927253,0.39553619934452583,0.4180849322522599,0.3026530273133041,0.4394720535771941,0.0
0.8044973152814837,0.5701164789498376,0.5844925230857041,0.6038875321640498,0.5302440710976832,0.7164420177834259,0.0
0.6942911405555936,0.5395021247227465,0.5196241198018419,0.5750450401625222,0.4896734991846723,0.5195614044755139,1.0
0.7883250219820039,0.5306468917509344,0.5142164886630061,0.5466357512231965,0.44013726893219185,0.6284587831927397,0.0
0.7351016493471282,0.5166457932841293,0.48923439485815606,0.5242021645919817,0.4252939528850834,0.7512009732547802,1.0
0.8478053471382853,0.4494217431262573,0.4579972706704791,0.48485011885712487,0.40175271528842726,0.6742909808831918,0.0
0.6660756231613036,0.5908127675986938,0.5639556936305947,0.5964476254030713,0.5199222530210181,0.6865785308885681,1.0
0.789123849270603,0.5235286688795773,0.5312614884635816,0.5541354195692092,0.47006692068029676,0.48380514967949817,1.0
0.8807615655747882,0.4264406471134549,0.43547919666693163,0.46235722683618147,0.3446981308727939,0.21060479571215174,0.0
0.7843739626648017,0.4921335935976205,0.49558661703488255,0.5289954999070274,0.4476530162099033,0.40389568249417285,1.0
0.8266174193760912,0.39739267172385045,0.36000981292215745,0.4287953031591159,0.2893763528649236,0.605968568089615,1.0
0.8203303762153451,0.6192321629069892,0.6239516839163677,0.6445786023599165,0.5606251002323315,0.9619136991947286,0.0
0.7083722927926901,0.5592733603489028,0.5248124282392481,0.5561058183331753,0.47598290925904885,0.7056313863575063,1.0
0.6789445977483334,0.4307170202126687,0.39529671310441644,0.4380538781254168,0.34906263640890134,0.7112827727460971,1.0
0.8199388811603457,0.4640441512207674,0.4731785581283425,0.49864929693916665,0.4098761565278295,0.6652312352587197,0.0
0.7491574620984642,0.39166220790391654,0.3574310024488971,0.4207251169639143,0.2965972324338644,0.7378808713090195,1.0
0.7391334782751919,0.3800477929101948,0.35142589382181205,0.4063643624606737,0.287657256743554,0.7090649664026325,0.0
0.8633609407030695,0.4814410003138861,0.4737730287731043,0.5222922573255384,0.39473150383400446,0.5180318012504155,0.0
0.7567871812609436,0.42137017891509215,0.36547625438214265,0.4549437794029279,0.34902836069291787,0.7366617772207065,1.0
0.7635449053696904,0.39115435325590203,0.3657372307095293,0.4145681226413562,0.30264655837535814,0.7198227189049677,1.0
0.8514627851642379,0.42452501722693586,0.3944937090201501,0.46571728774007964,0.33124582958674,0.607675158520204,1.0
0.7828748153384976,0.3271603591891307,0.311309914562311,0.3517049569634472,0.25399319332556225,0.3918702134330412,1.0
0.8127012905400098,0.4492314547109532,0.4552538797345735,0.4947223677485247,0.364379729747083,0.5433545710915271,1.0
0.8278463844354743,0.8186144795302173,0.8328722103014634,0.8529696215896434,0.8309831617407315,0.7214108527756102,0.0
0.8501235933417968,0.37733977333956975,0.3898002916461309,0.4206461951760448,0.31363680118935755,0.4575573342466517,1.0
0.7751760460773209,0.45008820137325395,0.4082375484179183,0.4857051200988885,0.3594689368841173,0.5890646386027589,1.0
0.7573351476405138,0.4374784523053306,0.4021147307119613,0.46893483323050683,0.3575333727198322,0.4895076311669295,1.0
0.8764142600490066,0.3996709267036848,0.3970902952446152,0.44361973457097287,0.31510679492414306,0.6911668107149302,0.0
0.8563802291196303,0.2532297194960264,0.27799789149522275,0.27451023328185625,0.17411629238711246,0.3613329176491833,0.0
0.8010739507552435,0.540218219523358,0.5412632227047813,0.5806933767193316,0.47876291120359227,0.6902259579633401,0.0
0.7039340818617428,0.3688748111365037,0.3368031717600089,0.3934994723645095,0.282675691768431,0.7925268940721775,1.0
0.7854356871181657,0.5818804319152089,0.6000888433813936,0.6161032563403392,0.5220209889036473,0.20621475003352185,1.0
0.7433214617842546,0.4899194263199215,0.48115757106829343,0.5218768458802552,0.4354179373221705,0.8503482838334331,0.0
0.8216597489870541,0.5031234676509244,0.5014890508005321,0.5309246586153669,0.44326485560220164,0.5497808968689322,0.0
0.7259544117311684,0.6132063032499016,0.5982795195311728,0.6427532737031325,0.5596410492540107,0.7917967445798928,1.0
0.7670167316624477,0.7145156760404354,0.7278921611501847,0.7369922751536508,0.6999311685692264,0.856200023765491,0.0
0.5793353959674743,0.5954427899225767,0.5521992009048122,0.5975216003915251,0.5117177086790072,0.4398222660607458,1.0
0.8564749354476601,0.31332396791198763,0.32824516457559855,0.3494939607953053,0.2345820346779487,0.38350435797215665,1.0
0.823783197893782,0.3727974452523624,0.3602080877191756,0.4129939751198379,0.27698775739010983,0.5527357054175572,1.0
0.8333219305647411,0.6098947462714914,0.600443208730034,0.6248939574012122,0.5454652889824236,0.954116689549076,0.0
0.8771164805481438,0.3384681585098909,0.34739716573164153,0.38171758992385,0.25508374040171333,0.4401485823573872,0.0
0.7797979682800318,0.5741118176017321,0.5828268202302906,0.6068678560955632,0.5268942233059999,0.46168187262459903,1.0
0.7982653855022667,0.3881058789875184,0.3871816847149499,0.42013178934944545,0.32283273440944926,0.5053090509925202,0.0
0.8019503802189839,0.3626194385181271,0.35311618204456335,0.40355246583598975,0.26873184774978,0.5512760069284461,0.0
0.8369128524405727,0.5229542132862064,0.5317241886143396,0.5591915233802831,0.4593032837970388,0.6597842645887548,0.0
0.695001596387603,0.4560507811563845,0.4107787733475868,0.4748523250176227,0.3706314272398481,0.7318102684440768,1.0
0.8316970360403506,0.5169831064278618,0.5108548376441593,0.5527359948497372,0.44996039947912503,0.6265204545001768,0.0
0.6950776148448844,0.5737263040433684,0.554817630962847,0.5977371070538924,0.5135091217335364,0.6953392827597473,1.0
0.7811732688696816,0.4781127482197935,0.4694219493737762,0.5019134655898267,0.4199149827071773,0.38088775199791924,0.0
0.7195375037058999,0.5084575571114325,0.4821310808656066,0.5366450740304618,0.4230744313103547,0.7202887740270598,1.0
0.8586579321459251,0.31967349739246526,0.32446892290179136,0.3597417496622786,0.22583660988258691,0.3834419241061344,0.0
0.7805255282649295,0.3945380762182295,0.37495435567367924,0.43456407527660484,0.2853529631163365,0.6285753499581561,1.0
0.7997832206993192,0.44026572879610343,0.4563427992598566,0.4808387022958848,0.3799353048274594,0.5095057547952391,0.0
0.8338892183022039,0.7118572032647386,0.7261467769423569,0.7403315335516134,0.690544932711942,0.5415223711403863,0.0
0.8488889268981176,0.5350783678603586,0.5452533040124823,0.5680955433550683,0.48053037953258926,0.6163906612924444,0.0
0.8357133445333861,0.3273086405391696,0.3401963061988997,0.36526399383661895,0.22231760419117652,0.4943540357321645,0.0
0.7624736786091664,0.4699254096339614,0.4551049525453769,0.5082773901030069,0.4036634657653666,0.5284896062713769,1.0
0.801795492612273,0.33984442844944646,0.3204622155183368,0.37343180582721974,0.23895320225462757,0.45277343419396354,1.0
0.765013645313082,0.3802944497805983,0.3634370838782868,0.4186110166786828,0.3106415863689629,0.4601626721002323,1.0
0.8506063105455338,0.4451240972183514,0.428439999189921,0.4819338447465186,0.38121007180810773,0.6148502668107292,0.0
0.7997879718528993,0.5280476597083039,0.5400686214745756,0.5659537063952558,0.45899190581380833,0.02592490783101198,0.0
0.7314369262190193,0.5915913344450843,0.579733308901256,0.6219004038058367,0.5356307653806001,0.6461034591505548,1.0
0.7620349887619381,0.5077815844436706,0.5053951173637341,0.5374603862806377,0.454663607019937,0.7708515336442066,0.0
0.7975508120038213,0.5187947059967688,0.5289346337872458,0.5507001776789475,0.46652059096741216,0.6594333809632202,0.0
0.7627584310803996,0.4848143112685837,0.46417571498095206,0.502687537784376,0.40393178186316425,0.5484536076283553,1.0
0.8433864575652302,0.3749841463720032,0.3709408386740916,0.4059016891817297,0.29456849625289183,0.5692087617515196,0.0
0.7940194379195269,0.5273675581409647,0.5298471223490804,0.5617653772945026,0.4710200752385758,0.6919032300862638,0.0
0.7146520508512801,0.6268916306577257,0.6370445416991266,0.6582796072121921,0.6168951086815366,0.50258552150346,1.0
0.7471078144440138,0.44788049672098057,0.4207316906004038,0.4829761597807633,0.358769712278054,0.5153467564555736,1.0
0.7738172161534154,0.6195845555100477,0.6123203289416026,0.6455633455465941,0.56298046950393,0.8482182204733912,0.0
0.8474103679039938,0.6406146567138644,0.6464095326135952,0.6707993399401362,0.5876970262292263,0.9458789162371006,0.0
0.8596772129606403,0.45596595919767574,0.45095798475689525,0.4934519550614777,0.3803287514264251,0.5403995859265909,0.0
0.818728920715283,0.7057182476627062,0.7332147163056435,0.7386723512251305,0.7071813997372065,0.3514373176701513,0.0
0.7430797864388141,0.3784529605690988,0.3339704598852146,0.4061333451579156,0.2747809805886483,0.720491405920942,1.0
0.8178936679159033,0.392869282719487,0.4001945073990016,0.41905389108136354,0.31911435025745893,0.501285607791125,0.0
0.6854825018181081,0.49043598756052315,0.4555779113386211,0.5149028970044209,0.4155968218011319,0.7052577368894535,1.0
0.8390800119602373,0.31380749795597024,0.32151178076856507,0.3470514911290998,0.25057962166754355,0.42314232137980023,1.0
0.8234898933461045,0.47830581915437803,0.44363393307774573,0.5169857022916879,0.3827252515572037,0.7546490711606901,1.0
0.7571986311609793,0.69162757002681,0.6926263088723374,0.7077969617027688,0.6519795384596223,0.5967212382809781,1.0
0.7847847790776934,0.47990603701666174,0.47880533509546147,0.49564634572049565,0.40114463512148624,0.5183135395901006,0.0
0.8410428718759582,0.4093222294657482,0.41638980860468394,0.44132078394791047,0.33239874881084996,0.4870788213164303,0.0
0.7720329996123059,0.452110195303233,0.4115359672869578,0.489642268064376,0.3659641367873343,0.759474917587297,1.0
0.7834630081517127,0.5660906223445452,0.5699634553548742,0.5992485733404207,0.5223080359560952,0.725620696831885,0.0
0.7829112408492782,0.5342312253775092,0.5202295565816752,0.5709361802840052,0.46187396249580126,0.5963495492539799,1.0
0.8443924351499211,0.47822862668401883,0.4943956417041762,0.5088194413651259,0.41620142612081823,0.6932054574722759,0.0
0.734183092988311,0.5221328315463725,0.49411715493530467,0.5179552997942194,0.43144668528240326,0.6243368940594611,1.0
0.819102361386678,0.36961765402568153,0.3765825614220742,0.4001090124302272,0.2912718482344674,0.8128768903773642,0.0
0.7350088434805304,0.5732262584010763,0.5692470306757289,0.6084079714472832,0.5289263387829146,0.4744843828086489,1.0
0.7738970355335609,0.5083945465135347,0.5123709942543642,0.5334694985081501,0.454224395098785,0.4703363014764137,0.0
0.8161002658112056,0.5067600408330215,0.5065158740553537,0.5452162539102781,0.44116486455250836,0.7246968345694358,0.0
0.7935186663321855,0.48906815493749517,0.48107674004042783,0.5178193535931492,0.41780301929471775,0.547970809279958,0.0
0.7752976756089712,0.42334343387832113,0.43055752449759394,0.46428547315390983,0.3431895166129568,0.5031488039048879,1.0
0.8288688326859095,0.48138777341281275,0.48867070014085295,0.519744224065616,0.4260537151641657,0.6599286130999287,0.0
0.7325290580552959,0.7115134274955808,0.7246580356698307,0.7256602925233784,0.6763827861754355,0.34808982041512193,0.0
0.8188752562455498,0.5252729494336361,0.5263452993617799,0.5593901508163432,0.4771839110368481,0.6788908820628334,0.0
0.7948730618460829,0.472295577508735,0.48981277004660345,0.49794164678111325,0.42207155282607145,0.2590373506762076,0.0
0.7618750332580752,0.5959523499856341,0.5894190592665653,0.6219700192094717,0.5319685740925599,0.8043160151856119,0.0
0.740786246233919,0.48422809728728594,0.4729352691155873,0.5167658161543867,0.4244588805821503,0.4578618560904866,1.0
0.7094691757825466,0.4449404509458456,0.39553619934452583,0.48319504228839233,0.3662104391858523,0.6751075663981958,1.0
0.8523981289323714,0.4669423694480101,0.47193284055885193,0.507564721796592,0.39045804618570656,0.7017633125251062,0.0
0.7318626295797953,0.41884104840659026,0.38418147397059604,0.4492700783871269,0.3286361441576753,0.6542746657748251,1.0
0.7911301030556886,0.41836954602659376,0.4017934406416815,0.4535237346556427,0.31752028808594446,0.5098131025000534,1.0
0.7300540237836414,0.43650053141630313,0.4177024726600545,0.4633017335969046,0.3634818025396278,0.6649244350644701,1.0
0.7536811937938532,0.641465210026799,0.646582249240971,0.6620185839369253,0.6117398478949931,0.846520036979217,0.0
0.798173529866385,0.4120608567484573,0.3930569684526403,0.44453550102744294,0.3221805302926364,0.5911892091955213,1.0
0.760701181580221,0.373561740467605,0.3618178986603539,0.41029357262784366,0.30442416459218125,0.5123864021547757,1.0
0.787365288958826,0.3645970018983064,0.3738067142638199,0.38768535443364355,0.3119004223830273,0.4048152176569968,1.0
0.7689552023231241,0.5511984893972102,0.5479828104064024,0.5865391546044065,0.4975266933000244,0.5573182981986975,1.0
0.8594928682017328,0.46428928219350124,0.46120371550343536,0.5009693237853481,0.38614645076892007,0.6209571996508934,0.0
0.8043959573384418,0.4508097714537396,0.4648335946486675,0.48120520960440744,0.3948275723900707,0.5385966866214842,0.0
0.8426753682460768,0.3427601496205496,0.3329518474355914,0.3763637730563388,0.2690854186566296,0.6934315086890281,0.0
0.8192113211754481,0.45686614906422524,0.4682503416525912,0.49451187923451884,0.40088462243657474,0.007935052954515687,0.0
0.761923495024592,0.4382996545277917,0.422707982700745,0.47732389994432584,0.3579200607269135,0.4698135171951523,1.0
0.7619843097904171,0.6308108539434985,0.632780572324358,0.6614059136414985,0.5845680878408395,0.34834949937753357,1.0
0.7012474628839882,0.5571925744792896,0.5478974691133056,0.5792825471172196,0.4862059553428937,0.2456775453836808,1.0
0.7161572163054524,0.45633980412679914,0.4321526549676283,0.490948172746199,0.39990530247257294,0.49368656736873784,1.0
0.7240232261726481,0.419882428686948,0.38576855671247295,0.44987371601550247,0.33233454218795133,0.6839499856516911,1.0
0.7633859000965435,0.3948458587541152,0.372781557507783,0.4308649700215816,0.3067696856298916,0.4394776523142603,1.0
0.750158688529575,0.5723028210347327,0.5671843360434132,0.5970775398810497,0.5012819600534393,0.8447028140912689,0.0
0.5986025907090242,0.3529154474071094,0.3434160165178293,0.3701284043802778,0.2898081303350031,0.8261729901664279,0.0
0.7789383262256077,0.3360814750368077,0.29233027628735125,0.3752022998082702,0.24236638770739583,0.7075021593110213,1.0
0.7761155075118906,0.5096817758361178,0.4899590441386051,0.5427966852484138,0.4414912079891964,0.629700325214211,1.0
0.7590658345179544,0.5376864860129487,0.5217284680601146,0.577099652579903,0.47548653896082005,0.5011944384512645,1.0
0.7727130480614026,0.3989801438526564,0.3633606746790791,0.42382615017329023,0.29824362541682414,0.8276928794944085,1.0
0.8307654931950812,0.5118161476415501,0.5146183444514318,0.5437742205492628,0.46026580383264304,0.6429943409308021,0.0
0.807171264516358,0.37806663918255673,0.372953212896281,0.4159080594929772,0.28634686232854545,0.4566590990109629,1.0
0.8609600244272643,0.43418843741167185,0.44388040580713456,0.4741744187934947,0.3723370061774496,0.554007325196832,0.0
0.7653186693729238,0.6855979405048906,0.6856599831316081,0.7101555826718045,0.6459081988188491,0.8024735714884192,0.0
0.7843628766397815,0.39785295426803896,0.39771474588767713,0.4296216553356876,0.3152658149360439,0.5136389826956991,0.0
0.8647866035206682,0.4511907073190938,0.455132014136763,0.4811442619115786,0.3654240287444843,0.594692535021955,0.0
0.8499167597892769,0.2865738148958668,0.28614343050242846,0.30473289856095925,0.17491148899792974,0.39861953512043624,0.0
0.7797248005148983,0.5005887721038618,0.4755326512692107,0.5354082373179074,0.4168133683402646,0.6055034666956036,1.0
0.7686454271097023,0.7833639096298772,0.7807972185636503,0.8059106123619073,0.7517614580097858,0.659364959804247,1.0
0.782527030896435,0.3254825898217419,0.31672002192519516,0.3599722195306699,0.2350037708115148,0.432356782892916,1.0
0.7741748196462102,0.5742992337390695,0.5687836230323857,0.6067241545742976,0.5113678067220375,0.5095462705770368,1.0
0.7878771465711876,0.5919633842004783,0.6010201689333108,0.6221479353786574,0.5835526576859142,0.3922592991666962,1.0
0.7238911441031216,0.4819186062845621,0.43539456286642025,0.5164901829507405,0.38966188406176316,0.7272796715049648,0.0
0.8207776181390175,0.41619451353619324,0.4240848517082276,0.44725834832847294,0.3556887598920442,0.3413755923887696,0.0
0.8589860784865233,0.4638955108359826,0.4391245522124663,0.4867436943316273,0.3991397471147331,0.590497950614971,1.0
0.7649705681872893,0.46215778266603585,0.45250633227972953,0.4959581095923457,0.3854936673442315,0.8270630304052753,0.0
0.6836377872547454,0.655119570687793,0.6517070602188504,0.6750049132234412,0.6310359173779521,0.5085597095240983,1.0
0.7092613919993108,0.7169184263183956,0.7113099499369404,0.7335836750692366,0.6840975257084765,0.7849062711365573,1.0
0.8142707549392993,0.4777198744491397,0.4759618339587421,0.5104709596104748,0.41384615340053243,0.6839970185753734,0.0
0.8153118910604829,0.47993314413997384,0.47126947782360057,0.5155187606669867,0.4115728527446689,0.6882674773496646,0.0
0.6816277325467958,0.492707959432305,0.4741889459766621,0.5316757385665138,0.43903532880115037,0.7082875897087231,1.0
0.8074633020897475,0.43692096110370154,0.42829328291505336,0.47900461468923333,0.34567870600385997,0.5535886385694138,0.0
0.8295235416492458,0.3707753615636968,0.3856199832695691,0.4063643624606737,0.2782413796332923,0.4294452806638063,0.0
0.8356183214617843,0.42578020269845124,0.4353098406293359,0.4545363969950232,0.3595954191036621,0.5219036723335071,0.0
0.8201682035064781,0.5486932346993079,0.54578463094401,0.5877544588985364,0.4915423463919306,0.6059480099509871,0.0
0.7674794940211485,0.472295577508735,0.437469638618978,0.49657826149078405,0.39043912212843135,0.5831162718868232,1.0
0.6713734761466752,0.5560781306281501,0.5537537389877671,0.5767865201221363,0.5069645841095658,0.7547816040406423,1.0
0.840022640830527,0.3302240924342134,0.3415276303712063,0.3676227972837766,0.241294281931957,0.42910204452454836,0.0
0.8280772904994667,0.6287097826107444,0.6273550769977445,0.6556090398931844,0.5969493454158934,0.6433138574994608,0.0
0.7494906763362145,0.4472519166396716,0.41062206373995264,0.4746996820683675,0.34840965988158756,0.5816364038149691,1.0
0.7740360859616715,0.6897274683930492,0.694554933659747,0.7218494194184824,0.6599251321811608,0.7678353509274265,0.0
0.8586756697859574,0.3570302548706877,0.37305606463086266,0.39275249817111296,0.272679637820578,0.5215030712163595,0.0
0.6812878666940334,0.4634804666697722,0.42692499225516706,0.4953858582009955,0.38427364495784433,0.4746537048662316,1.0
0.8236457311835315,0.4107019999940758,0.41184593747587334,0.4417288962683041,0.3297383739426545,0.47651826092559113,0.0
0.804674691681807,0.4433115103038933,0.4142438951570275,0.48087948615620596,0.35560022233836275,0.6351850387898874,1.0
0.7649689844694292,0.4776921390150221,0.4479686517110398,0.5163105332393936,0.3899314553266249,0.6299139426426521,1.0
0.8071566943120456,0.603295418366584,0.5951069459057359,0.6203837368928244,0.5508475419049594,0.9226685481249071,0.0
0.8444665531457705,0.4000011489111867,0.38387884401725253,0.43316428560088854,0.3163294241959713,0.642086215181684,1.0
0.8186592371294418,0.7329213230107252,0.7486094012145348,0.7598398134051711,0.7018004985330477,0.9447652091017027,0.0
0.7998503703365845,0.45501388881035004,0.4248320523148316,0.49291738540237057,0.3609351651177102,0.6274792691306197,1.0
0.7175825623794791,0.6444329912360516,0.6420565076096576,0.6438329967524368,0.6007557843650018,0.8427378339973401,1.0
0.7603321753188341,0.4618405754680713,0.4502737509903791,0.4794821599351398,0.3992275122579134,0.7835773040410237,1.0
0.7056286599719745,0.4771634603517481,0.4365385783767802,0.49370039902490975,0.39816853746099223,0.823029025548468,1.0
0.9101525183647924,0.35886276821354096,0.3816685487443377,0.3874585341276971,0.29232319547769103,0.2435695237392812,0.0
0.7070609744045855,0.46183393332527295,0.42798083650208935,0.47802096637128927,0.36901737894661935,0.6171586243369649,1.0
0.733656031684493,0.4272131103691658,0.40358260095322246,0.4481093350515473,0.3615922933514668,0.37984433815439367,1.0
0.8082225364318457,0.49605236808996106,0.5081968764379234,0.5289474169218167,0.4440842865924888,0.4716453462520396,0.0
0.7822777537052663,0.44599709020290207,0.4516791850109913,0.48449793608119823,0.37652762279951113,0.5109489219976182,1.0
0.7860976811836581,0.856795580784927,0.8600299322425509,0.8795126155337418,0.8378572289947068,0.7815043583960357,0.0
0.8663313619213412,0.3507052295116149,0.3717095293679729,0.3900887737816893,0.26065948215475876,0.4594119821309508,0.0
0.7277722030909105,0.39221027444346684,0.35324494569507997,0.40769298566871565,0.3012407712634715,0.7171063423765125,1.0
0.7135367967342472,0.5228469516558816,0.5050414595076789,0.5576573385675359,0.46164185314023976,0.770789788581798,1.0
0.7730883891942297,0.4738493003714304,0.4590272914380397,0.49323845565845487,0.3676252055698135,0.3426784555935023,1.0
0.689254284273555,0.7524952690440332,0.7545224473689633,0.7701812135488544,0.7163423813821261,0.7578212943884479,1.0
0.9086635068327924,0.3022048413501753,0.31626528106602153,0.33527143346966265,0.22200863999076192,0.13732306754556634,0.0
0.8577754845543165,0.4416938792564354,0.4321526549676283,0.47719653021500114,0.37141851354040445,0.5298582413904143,0.0
0.8112414194166344,0.4478340914800785,0.39627712095443585,0.4718852307499722,0.35479778437909837,0.7289989783099629,1.0
0.7561495764504955,0.6889173962477098,0.673725202274341,0.6817614394166247,0.6437351184254954,0.8257751795869976,1.0
0.689307813937224,0.33709691505677714,0.312064366967914,0.35764060532372616,0.2619574214504382,0.7347911808835028,1.0
0.7249082077128327,0.5803890913396061,0.5762077849123493,0.6105351189182551,0.5291646274224846,0.28093913321518427,1.0
0.7644080316034066,0.34308390920262594,0.3164604605829792,0.3678342894274547,0.2756387424500495,0.4049821907176403,1.0
0.8316327370952334,0.41838022731028296,0.4127254391959205,0.4417601912662685,0.3233602907816573,0.30546886049558,1.0
0.8207177536039084,0.47468513325978495,0.4590272914380397,0.50039479141747,0.39202082573192887,0.7269153297165141,0.0
0.7795661119853234,0.3529823176285252,0.3029361207597869,0.37572026395825336,0.23968399913992078,0.7303996869511209,1.0
0.8418961790589422,0.3153103276434404,0.32357412165458815,0.3486291057349406,0.26701526196253866,0.01416328587723692,0.0
0.8468842568308919,0.45165161817408755,0.4566894706266323,0.4885800629148069,0.38516606874047943,0.5379829802631981,0.0
0.8210506510980866,0.4036441847187093,0.4007975563913598,0.4401173407317263,0.32876301258247054,0.47937230986865553,0.0
0.8007014603145644,0.37803297967513266,0.3644625943806163,0.40473465035093276,0.28098401621984803,0.14238012238521325,0.0
0.8261581411966826,0.4627756814636553,0.4679344462132741,0.4804707351623844,0.39351708142374964,0.47409368986656153,0.0
0.7238243112094284,0.6031432773930272,0.5898039352329449,0.6235462652293959,0.5467373525263184,0.7370679594132892,1.0
0.6902818004211423,0.5257321548735869,0.5063565997870978,0.5540898000386487,0.45504508125613663,0.5133044537405853,1.0
0.6907737031884675,0.5154261522524539,0.5101523859435728,0.5282462447371028,0.4411882299701648,0.8330151590486401,0.0
0.803281336708553,0.5477932243501313,0.546099907327315,0.5765224742792525,0.49018338666666916,0.691578997862095,0.0
0.7498460626240051,0.5459371942314246,0.5214857096667984,0.5621428332903597,0.5018177232872207,0.7916226008970133,1.0
0.7574187679435234,0.43691225451111454,0.396959674426062,0.4680940652822781,0.34516572887985886,0.6718391402657073,1.0
0.8013422325607324,0.4413868147900413,0.43680556839114143,0.4727364911902299,0.3508470977689211,0.2910856696492219,1.0
0.7758814340121782,0.5080430514973409,0.5034871867344433,0.5459287397385708,0.43576310826482145,0.5120678216525665,1.0
0.8059768245063235,0.3619168972791718,0.3521666385585757,0.39637623996165033,0.2812289668999892,0.6226496607765835,1.0
0.7616615480905431,0.7254566316096165,0.725373310673525,0.7411799655809765,0.6986263741303504,0.5852412840203638,1.0
0.7853707546859044,0.6252633183265783,0.6311428154260621,0.636744816572079,0.579853776899075,0.9032548302088497,0.0
0.7246278896516074,0.42533392250935126,0.40588159810901375,0.458920616360003,0.35150702599074446,0.6996985972002219,0.0
0.8269823079710421,0.3362961778148302,0.3443690090301699,0.3690927497974949,0.2381379229707835,0.46336419597402423,0.0
0.7325585152074924,0.5505823857733199,0.5223830755746233,0.577383406059989,0.46639826045431065,0.573722403524753,1.0
0.7315484199563654,0.6188035651791228,0.6124278678145616,0.6430502568470808,0.5750035217091283,0.8463653387522045,1.0
0.8401018267235285,0.475348180676696,0.477268572763711,0.5106918493774484,0.4132788178875211,0.644344501983684,0.0
0.8180507727276183,0.4431567663284289,0.4543975483966935,0.4797302389423275,0.3813658090753793,0.5268089431152774,0.0
0.6970610630927856,0.4769567460968211,0.4603778063467214,0.5137295626784066,0.4143131720997215,0.6853373950846129,0.0
0.8433665027201939,0.5510442839738647,0.562904801831769,0.5911783871452192,0.5156536229383519,0.6997210627950112,0.0
0.8304253105987467,0.6995556855261333,0.7289446448073271,0.7338466260433869,0.7037376075183348,0.5193888503394355,0.0
0.7471100316490178,0.3796021410319,0.33142888120925335,0.40515644853049454,0.29485757088290465,0.7060848663982382,1.0
0.8340121148081421,0.4217642195486699,0.3995366277312861,0.44990227384163334,0.33162064178236816,0.6162160584071557,1.0
0.7741729191847782,0.5989606123624818,0.5927698325869137,0.6217873586091078,0.5219633477700074,0.9826770306531032,0.0
0.8655499555292026,0.568214223107602,0.5570831990939848,0.5956453603386356,0.5170020585705366,0.6161049844090187,1.0
0.7551816080944453,0.4014916816586113,0.36146698233806657,0.43160282030886604,0.3195357001857744,0.7252274076300227,1.0
0.8844538453936617,0.3322100033722338,0.31158504074140264,0.3559722990911312,0.23431004963027124,0.6297552705486369,1.0
0.914498556916286,0.2766177813932576,0.2585394576131906,0.30736560166960175,0.16979436597987452,0.4313504937980124,1.0
0.812711109590742,0.4083544513082911,0.4141362678474954,0.4435890782464363,0.3329701394789917,0.4783515205745994,0.0
0.7280347835121035,0.4883270174633602,0.4771735918841404,0.502751678844344,0.4186583673733031,0.7002407386291947,1.0
0.6963290686978799,0.6134511649465759,0.5910622992323971,0.6434287164726102,0.5562202362475448,0.7719372824175355,1.0
0.8486934961141899,0.4543975159104003,0.4605945643875294,0.49111240305621656,0.3667231266559152,0.9702394804145935,0.0
0.7952392174153218,0.3866949621949875,0.399154847044967,0.42641861685597854,0.3427882493576684,0.8466891647588575,1.0
0.8097676115760908,0.45522796327756704,0.4332523637548365,0.4879972277923668,0.3682698786842413,0.543426083035947,1.0
0.801636804082698,0.3668377377471988,0.36880978257072555,0.39560061670306185,0.2917906184372263,0.694226087811652,0.0
0.7418916813002198,0.5061923171411356,0.463364928478248,0.5395532278646282,0.4300434085046452,0.7441642085208471,1.0
0.8637093586322759,0.3644208055967772,0.3619345465003481,0.39921505210936487,0.27427350688946706,0.45390026392128635,0.0
0.7830331871245005,0.4960478801556379,0.48716542122914636,0.5268523856003593,0.43354744874259765,0.5455560934110955,1.0
0.9274169435005486,0.34466078980642906,0.35872978196228195,0.3855074780446885,0.2545347496381015,0.8782899909840907,0.0
0.8267821260335343,0.4661697266749261,0.4750906452765716,0.48891682628940397,0.4012759449066623,0.5598385952984175,0.0
0.7459361799711637,0.43305523399506113,0.37471929126222775,0.44755268553964883,0.31879408955346666,0.590774213849008,1.0
0.7827896113176279,0.7106146737680148,0.7157025945256523,0.7400270688046531,0.6934006308855871,0.6401900801258753,0.0
0.7287205333454964,0.40375799873314583,0.40738174769947727,0.43149780414951594,0.34579871928545836,0.8314228393714214,1.0
0.7094751939104148,0.5561175346915079,0.5387209365362347,0.5845380995159037,0.4841446813695649,0.7964831877520404,1.0
0.8455190920355463,0.5013848418941129,0.5080554663574453,0.5291758795308634,0.45489021295067866,0.6115905302007536,0.0
0.8980285246591206,0.35796177051881334,0.3643492186938289,0.3900887737816893,0.30679826481843,0.6172333506982493,0.0
0.742016795011162,0.39733836771853975,0.3617400744759757,0.4289035126856053,0.3115376791014781,0.7557813230087678,1.0
0.8959332659303012,0.3164211811471213,0.31395611370431703,0.33755633327731255,0.21200882054171666,0.316692632796745,1.0
0.7522643997962706,0.5021231968489674,0.4682970361632182,0.5355428149330606,0.4214684933273871,0.6418825765748277,1.0
0.7288320270828424,0.5410410374021752,0.4992310882146857,0.5709513259681513,0.4647761984021337,0.732632735282245,1.0
0.7836546380127762,0.49311070665846995,0.4913459064788544,0.5130728239164586,0.43161661559263154,0.44004202973681794,0.0
0.8167647938252741,0.4700281833299628,0.47126947782360057,0.5025428326334385,0.39980334428643594,0.5808783136222466,0.0
0.8204621415412996,0.4651865997820838,0.46010940134718975,0.5089994560327173,0.38804957369216164,0.7036660706925861,0.0
0.7604566555426324,0.5625594258603572,0.5357392974722439,0.5785583826891034,0.5212886471973519,0.578630641460552,1.0
0.7464920649400342,0.5189910980027526,0.4926050664074649,0.5570310736520021,0.44107497528045014,0.6652021642138901,1.0
0.8825644699866462,0.15556176685665885,0.17535336380444938,0.1792274569721149,0.05822005531038488,0.2820228332393029,0.0
0.6706978621075864,0.5075351968493265,0.4741998236751603,0.5280640403320442,0.4189948486978172,0.7924395573062708,1.0
0.8132039625887832,0.5898828676069248,0.5870099585771935,0.6207850975226952,0.5307768412407732,0.7744025811979363,0.0
0.7586451990543305,0.4790084501520197,0.45180582618375215,0.5097009931736758,0.39983916482342163,0.4539461841622079,1.0
0.8399371200660855,0.4668860009929105,0.4395294148443795,0.5002794652442131,0.38873856385908656,0.5546096398030433,1.0
0.8169804961978102,0.4638761229597064,0.4724243710324589,0.4984307793877822,0.40055055489487645,0.5598350629721927,0.0
0.8017216913599956,0.5656231591054397,0.5645001091749495,0.5957380592247343,0.5173612294535186,0.676913945044634,0.0
0.8417485765543875,0.2122922187386876,0.21415243405306844,0.23248497429521925,0.12181927390130154,0.14058829692282115,0.0
0.9258234065897867,0.3404352201237539,0.34956863734894034,0.3701284043802778,0.24210743708692328,0.4455276263940504,0.0
0.7951578143173164,0.5061196126050995,0.5128519123391924,0.5350260368908721,0.4512253182258852,0.4394432827800936,1.0
0.886550371096769,0.370994282999983,0.37707506469798596,0.40548326684742936,0.2707926389665456,0.47227367644089613,0.0
0.8829147883772848,0.2661238240826685,0.28990720261942055,0.2882946306359964,0.18598717972360646,0.06256484467867063,0.0
0.8444101727899535,0.5462116762946323,0.5549491361471315,0.5812313222237002,0.47595993004664305,0.9443631950540652,0.0
0.8219464019197195,0.47334413848400986,0.4785562977054512,0.5131157975142464,0.4157045730660265,0.644125762682217,0.0
0.7386206704321143,0.66966209355135,0.6692878972161846,0.6875091353109946,0.6264472196939188,0.6716030749041082,1.0
0.7934831910521208,0.45919368156292845,0.4633155808704263,0.48301594001141207,0.3871497154584542,0.5106973144006302,0.0
0.8454234354768004,0.37730584455608623,0.38104471715728766,0.40949440969148604,0.29542876844842136,0.3861553158189297,0.0
0.7934781231549688,0.7499209001575533,0.7559141737207362,0.7665261767603526,0.7189807425510422,0.8483552747309111,0.0
0.813720571354725,0.6502794232788973,0.660295578021,0.6761347265173008,0.6279274478678429,0.5935670299169664,0.0
0.7490643394882944,0.6342031039810399,0.6201316661388476,0.6548941818493024,0.5800151141424792,0.5597666594748507,1.0
0.7277747370394866,0.4885583255983786,0.47492836416482836,0.5199704056981349,0.41021592059697287,0.7940604181793856,0.0
0.7599105896244942,0.49940305985566985,0.4858162328690619,0.5370206140060352,0.43114699000800116,0.5278011912134375,1.0
0.7937083957318171,0.5326451893876869,0.5071649985023265,0.5667050600635863,0.4700909619571414,0.7595743702321545,1.0
0.7917163954074716,0.41187622313040056,0.3608791444362915,0.44392602409915566,0.3126986120845361,0.6631738318491207,1.0
0.8439679987634332,0.28084308179987344,0.2657431471162735,0.3135694016305149,0.19175322411384477,0.4234840386187815,1.0
0.7830610605588371,0.4476869769929636,0.41086818272304865,0.4789213134264299,0.35540914729066864,0.7252512155087774,1.0
0.7287265514733645,0.46783843041498224,0.43264303576578417,0.5029119858747335,0.3926201197294208,0.4822260762256221,1.0
0.8916189017360082,0.34820473202409524,0.34465297886657736,0.378955418587477,0.2513256736602323,0.4703003070721836,0.0
0.7529080227345867,0.5232018575021611,0.49410839971456205,0.5593814831055366,0.4416034006144718,0.667198846935686,1.0
0.8226844144424934,0.46356492959373513,0.47343228265673015,0.5041371439874645,0.4043093940468585,0.6705844756523114,0.0
0.6773618301190196,0.5484514247979735,0.52342167468978,0.5795941285109474,0.47857666372152985,0.675164825406299,1.0
0.9161247184149646,0.2801441309083767,0.3070054412370366,0.3069549346554968,0.21019964204566355,0.11824712832474926,0.0
0.8673902356825571,0.3692098803130746,0.3810760237041853,0.4050629284928456,0.28080249975210436,0.13742585823870623,0.0
0.7391556503252323,0.5109317553038184,0.4949154718811936,0.5420696011703416,0.44623226364455904,0.6196284444949334,1.0
0.7936599339653001,0.44287097467072695,0.45434289459448246,0.4832348225190411,0.3771324202218227,0.5034073348612764,0.0
0.7561625629369478,0.8362395849630144,0.8456638531160494,0.8669883208527418,0.8210580730076613,0.910472238105916,0.0
0.6624954705669204,0.514134165719488,0.48363538697500846,0.5236040013072731,0.43021469053325,0.8049010567165842,1.0
0.8524459572117444,0.4168088219863543,0.42507976315624457,0.44941414486463677,0.33531952256920716,0.1665468148378615,0.0
0.8042328343988587,0.4418263630776566,0.45457495216244664,0.4697217701326743,0.386375856687728,0.494646106126057,0.0
0.8340672281896712,0.5504937041910933,0.5472354329266518,0.572600471997911,0.48711151010404663,0.5920588502504209,0.0
0.8508394338145302,0.3774076309065367,0.3899419670363286,0.40953902559237415,0.30243327652575935,0.38197604404613017,0.0
0.826601265453919,0.4873906548461658,0.49443039727742705,0.5231688822247877,0.42475172071335576,0.5719641528231272,0.0
0.8165611277084743,0.4836433194449717,0.46150669920307136,0.5203813464294231,0.3984825223296635,0.6076993726164748,1.0
0.7442235474773276,0.327367881272236,0.30907804076554585,0.34696298923981256,0.2665580914972375,0.40306247738428147,1.0
0.7448104733162546,0.4099499119601923,0.3696683248229344,0.4288674732564625,0.3146392934683906,0.5826373590972733,1.0
0.8100701016873564,0.3886162468787538,0.3940894654442492,0.42166652159655943,0.30454330891196624,0.4701401160778915,0.0
0.8417188026586189,0.5092261607436255,0.5039719075919171,0.5476517894078383,0.4515120756243949,0.6137729073121838,0.0
0.7420760260591273,0.4911838569361428,0.47693047974453145,0.5258363474157175,0.4343547142674937,0.4693967556855265,1.0
0.7269705251101635,0.5842101186223871,0.56791004656274,0.6177832411727575,0.526382791003001,0.7615048041756054,1.0
0.8589943138193954,0.5278733483391906,0.5402602635286069,0.561857802463418,0.4969381164982345,0.5421230785381652,0.0
0.8549925755306722,0.4537695641398967,0.45296558340413423,0.49336308821594604,0.39049232190169025,0.6435459666556884,0.0
0.855622578495392,0.4595610638666264,0.46285747942147276,0.49486241970734507,0.3958829747884247,0.6214363067183857,0.0
0.7660500302806855,0.7391526403011295,0.7490018827262059,0.7601794964297242,0.7074432468970582,0.31013232588563566,1.0
0.7615972491454259,0.5714323412934028,0.5694629043508053,0.5938244111567852,0.5100690950158571,0.857678849801109,0.0
0.8415173537468231,0.4129782802828081,0.4152489768109578,0.4472288781117309,0.3370403566142042,0.7555050067898377,0.0
0.6905567338416434,0.5577149700345112,0.5272788358280258,0.5606407646271268,0.4802416911078269,0.6035937851687232,1.0
0.8488487004644728,0.5794726551508067,0.583368671114024,0.6116509726357631,0.5342652401660799,0.6038208254368183,0.0
0.788381085594249,0.6187978206231892,0.6220869103347775,0.6498293190883611,0.5767405763746469,0.708651807865756,0.0
0.7443163533439253,0.495111427779757,0.4857875794193591,0.5166004909756357,0.43777147211882905,0.7079466319198802,1.0
0.8406535940259628,0.5346645803157584,0.5355594174824425,0.5686349486844149,0.4734771130423734,0.6228233275954227,0.0
0.7184735620475319,0.4806982471833949,0.471020794179883,0.48343335871604015,0.4215300930648447,0.05555801640949243,1.0
0.8244309384985342,0.45002034380628714,0.42967687310209585,0.48382906252412133,0.3589768148436443,0.5579870381995651,1.0
0.8129150924511138,0.5339085428996706,0.5346050984215043,0.5541628825266065,0.48697295897042303,0.6950078975749734,1.0
0.8235918847762904,0.4739071947241998,0.4665405973837455,0.5080051327446224,0.40631505446411276,0.6817691451021684,0.0
0.7717859396261413,0.7417459482704531,0.7533542002375582,0.7665298263227973,0.7455149742879028,0.6438248614727626,0.0
0.8314835508728187,0.39103784648087153,0.41097987811494613,0.4188931278556685,0.32396016408702466,0.06201611546128882,0.0
0.7177140109618616,0.46383725744846743,0.4450418433224064,0.485161973968036,0.37262337737070883,0.7492725703989085,1.0
0.8009577058643172,0.34362910346420944,0.316134925557188,0.37700262896230713,0.24645929440107628,0.5043357714861869,1.0
0.7349793863283339,0.4888086625749272,0.46183373765060626,0.5201031585320657,0.4131913423982785,0.762008496233622,1.0
0.7047101036131573,0.47281842185738904,0.45781349947145883,0.48876737670728804,0.40426179424973196,0.7002900675649233,0.0
0.7921291122817954,0.5759277255875896,0.5923603712531966,0.602300793652097,0.5403732693056522,0.34517686993225993,0.0
0.7573620708441343,0.5441478548167606,0.5129787303850997,0.5681582245900583,0.4805242967998937,0.746934382377705,1.0
0.745100610428212,0.4401815351482001,0.4229227067003704,0.47939922362858095,0.3690463443404084,0.4959730774572735,1.0
0.697879845226421,0.5843454747215753,0.5680650758754844,0.5969633085765265,0.5211130203596788,0.6677164386973968,1.0
0.7654425161095781,0.32789934245479063,0.3051051161530373,0.3481063059147181,0.25313948661929153,0.3779419155579049,1.0
0.8088620417037257,0.5566439693876204,0.5662947525540261,0.5831394047089209,0.5082681233813775,0.016282346041089024,0.0
0.811694679468175,0.7833115803156685,0.7856848426523226,0.8192185593388743,0.7745756642223414,0.7297741296383506,0.0
0.7594858364944342,0.5559599184380768,0.5448171348336714,0.5895382737825103,0.4975329691353454,0.6434720880526978,1.0
0.7360788032667666,0.4764968225873785,0.48725032033937704,0.5050648627609413,0.4574856087854742,0.32994154070744597,0.0
0.7892552978529854,0.4583924057688626,0.4360356395852359,0.44860439819718906,0.3573207667294218,0.22205848712728504,0.0
0.8039864078998381,0.692207500900055,0.6950487634842559,0.720283483412465,0.6678672500554446,0.6193810227045216,0.0
0.7840489837599236,0.6374483292901532,0.6485439493067413,0.6711876533842664,0.6182023169032287,0.8237646501464009,1.0
0.7599397300331188,0.48778325934076,0.43590112755746396,0.5191294552717838,0.39492180647119723,0.7259090406216104,1.0
0.825116054844783,0.44646966968713625,0.45219874987828906,0.47958562503045093,0.3821732677029004,0.541915854620191,0.0
0.8061842915459874,0.3942152142230178,0.38487366702869646,0.4373336369769287,0.31408074412482856,0.6221781128872119,1.0
0.7285678629437895,0.22528604522599122,0.21878155803840255,0.19733393989061165,0.08471508721431797,0.44205859945525905,0.0
0.838745214004627,0.42385030118078443,0.43794799204318463,0.4561284273725211,0.3667428231236918,0.5303312905184312,0.0
0.8790844083610168,0.29434494245256454,0.27111133554348116,0.32243920695737976,0.1685633367438476,0.3320730876445024,1.0
0.7777929814692341,0.6344259747995304,0.6360817327271655,0.6648613193642681,0.5904186146296286,0.7363818756906582,0.0
0.725669659259935,0.5920549380606719,0.5800571636321572,0.5959289313405991,0.520227741374178,0.8928033657134615,0.0
0.6776009715158842,0.5280982836074697,0.506727768084638,0.5483846215467612,0.4578078005157191,0.5048128827893623,1.0
0.8653412215152506,0.4413868147900413,0.43969090002696426,0.4762574977979452,0.3557650354290214,0.5845018621717393,0.0
0.8063451972805664,0.6066754612227663,0.6128477646639114,0.6232211804546224,0.5614667380245235,0.929149836898369,0.0
0.8051038792218751,0.5034196713162562,0.5139104096833096,0.5424650312612393,0.45143637939529335,0.7001822079836508,0.0
0.692875930275871,0.5881071715126034,0.6093416082845258,0.6024193131924931,0.5519647371433962,0.49664178213487875,0.0
0.7477606229459179,0.4886811154814615,0.4762076876321187,0.5190086547548598,0.4168623198557677,0.6846303293442069,1.0
0.6575168951021308,0.5086464093877534,0.4686697078825021,0.5389832574498061,0.4317140358670748,0.6896492703838892,1.0
0.8155101725365586,0.34145344266300376,0.345218000132478,0.3782044298753911,0.24744180055839482,0.5032018417831523,1.0
0.8413903395744488,0.637597957020489,0.6424906427472856,0.6619485123379845,0.5979187205946943,0.6285145586238285,0.0
0.7482208513560427,0.37915424518644353,0.3615450718321643,0.4045935947624399,0.31711766911227923,0.3780595243595577,1.0
0.7782015806771218,0.6956610561204517,0.6851619083515874,0.718732328134349,0.6541092673136055,0.6057669429087069,0.0
0.7595190945694948,0.3664362471426443,0.35644431560218365,0.38386873326789667,0.28219766621960174,0.7896301216434247,1.0
0.8073967859396262,0.7414685939292789,0.7412268929605283,0.7775707563480942,0.7245687463207915,0.7157075058682538,0.0
0.7870697672061444,0.7849366613341029,0.7877854765745225,0.8027250005428721,0.7732434492106786,0.8409239138344122,0.0
0.8359233455216261,0.4192569004009789,0.37677995185336083,0.4425706678462052,0.30881406312351034,0.6298089089223595,1.0
0.7418419525594148,0.5140047336936067,0.46945652807388055,0.5412208954237951,0.4335227316065646,0.754087360644432,1.0
0.8154018462349326,0.4531007721670521,0.4476154360378504,0.48647554273099297,0.38503813825124533,0.5838703175660183,0.0
0.8521257294604464,0.4458310366329434,0.44788048044760226,0.4787126496936465,0.3719396975259788,0.5881162443346788,0.0
0.8480188323058172,0.5202776092558439,0.5247693596281207,0.5549993622389626,0.4657347598339201,0.5453848815589823,0.0
0.7925278924389509,0.3897317678341308,0.3558218990003041,0.40787473387846834,0.2839073003123338,0.7660864785519272,0.0
0.8095896016886234,0.4007625718484625,0.4085592806710638,0.41929448848553924,0.32989758705718075,0.3391245821787927,0.0
0.8354526645736252,0.4745932203648457,0.4980301195512126,0.5073208397862159,0.4170013537459545,0.06496140439073805,1.0
0.8623115692490138,0.35433004430578524,0.3670304387188052,0.3879681042840571,0.2676419765328173,0.44599989841029797,0.0
0.7994895994080696,0.44254326570644614,0.39242615037631096,0.4784827272596219,0.34222419658928627,0.6878902778937559,1.0
0.8727948312516947,0.4348883756487197,0.43382295652484587,0.4669846895381095,0.3607391659530721,0.5736049890010428,0.0
0.836722489553797,0.3714665932081576,0.3865956155446379,0.4102051619776175,0.28798514500124406,0.4596434907917202,0.0
0.7273420653201265,0.5970803473984296,0.588091803176624,0.5909101443055238,0.5407740538043775,0.7967478649560602,1.0
0.6520882270215209,0.5546796005343515,0.5243863408297773,0.5657205905940921,0.47976675520100187,0.8236234807288292,1.0
0.8418629209838816,0.48108905650426,0.4954064717353616,0.5087744605079936,0.4204328839481224,0.10983114915473591,0.0
0.7066590268117099,0.5377149395165579,0.5075328062100868,0.5491983827328981,0.4654424024592778,0.5990090200069547,1.0
0.775980891493788,0.34892962317598003,0.361856810752543,0.37422293972619886,0.27038577173512457,0.10104662472806414,0.0
0.7168730567781858,0.4600148837853894,0.4293330317056611,0.48982730088032916,0.370104160521578,0.48213266385860876,1.0
0.8884625520409689,0.17878619866846573,0.21013670613915197,0.20685564830918507,0.10268434855912134,0.3055996095507887,1.0
0.7552630111924509,0.5428954518645257,0.5295732342820132,0.5647660475366456,0.4703854434606618,0.5633108896389667,1.0
0.7978498179357949,0.4871763111028892,0.45984011198192637,0.5020913817590122,0.4004360450380977,0.5974036483843352,1.0
0.8295986098758112,0.4597036006607315,0.43561441618728886,0.4954031936226085,0.368595449710428,0.6215920823048968,1.0
0.8288716833780576,0.31486889442340943,0.32698503184468336,0.3447233440064787,0.23421050522695008,0.42108520055629906,0.0
0.8089139876495347,0.5370873467808002,0.5379118303284207,0.5748049901927132,0.4849329262858728,0.6007875992460039,0.0
0.7981976023778574,0.4392413129074875,0.4368389089792217,0.46863210202570776,0.37995635301361275,0.6289855766642662,0.0
0.7580715764454277,0.4477102244927578,0.4470829594308718,0.46443209432513105,0.37904896377751984,0.47844503891139945,0.0
0.7828231861362606,0.553842690541759,0.5707694662826277,0.5907451840830171,0.5194449033313775,0.46360031432051696,1.0
0.7744754092960437,0.5618821965709846,0.5721111375339938,0.5839535308513024,0.5108431468892083,0.09707173335062791,0.0
0.7007476415273629,0.4206503142496492,0.37972002572796776,0.44087927813114663,0.3323423628442741,0.6944677342486865,1.0
0.803870796496056,0.5162242864924935,0.5150528333353526,0.5547365025038735,0.42455176294490005,1.0000000000000002,0.0
0.7522634495655546,0.5164695072239136,0.5148600416058702,0.5534567834325923,0.45464284848772163,0.8294514304437635,0.0
0.8020295661119854,0.4437742163326163,0.4529516988621484,0.4764717271134569,0.3802620344693979,0.49618835507904024,0.0
0.7833166726214459,0.6158505941531371,0.6317883139735356,0.6506482809009819,0.5900932367060672,0.7475903000343767,0.0
0.7529967109347484,0.7532036445976087,0.7610578216886983,0.7733836133551357,0.7250202202586475,0.03738389773548256,0.0
0.7527043566177869,0.34033280546249817,0.2933488003004013,0.3620958999173191,0.22761875401110354,0.7012330573738794,1.0
0.6860019612761978,0.56153402262619,0.538604996188826,0.5886475980678485,0.49777106467228993,0.7435786724642033,1.0
0.8877596980546877,0.41422466940304997,0.4141362678474954,0.4497590285156737,0.33703881179320216,0.5028022827022409,0.0
0.7912181577687063,0.626916852848622,0.6305596646626643,0.6585767728342629,0.585479725334688,0.7373406903211013,0.0
0.7792854771805262,0.47668217427492704,0.4797947634759429,0.5114973078090235,0.4159790684478324,0.5111645881752698,0.0
0.8169782789928062,0.5478415145234492,0.5479638849797468,0.5801179319608423,0.48701901394654734,0.581907121296833,0.0
0.8480001444350689,0.4606879841751845,0.46946802482839095,0.4946171691110523,0.4083797077333835,0.5914579132514373,0.0
0.7735435497072023,0.3976501893953163,0.352685849679581,0.4212754709805954,0.29669243202811724,0.6892052393158083,1.0
0.7161356777425559,0.47292379855529804,0.4624095481784321,0.500180470862897,0.4074097532467069,0.8128399775683157,0.0
0.8367712680638859,0.3728688034081014,0.37083551071546156,0.41473673242630754,0.27809587680515957,0.32454702508191824,1.0
0.826232892679676,0.4197449183792848,0.4548743099625833,0.41913418145514986,0.4001663772219233,0.3056969957848046,0.0
0.837944169511024,0.38516825669691795,0.3972207391900218,0.42032996059019995,0.30942977084414913,0.4623687511206307,0.0
0.7636123717505278,0.5459112539710365,0.5392405014035326,0.5673081502575952,0.4924554321554686,0.5895127671692604,1.0
0.8233470419951298,0.47471376628076717,0.4866832650322939,0.5058747919065114,0.4172415734117767,0.008329366530983151,0.0
0.7594164696521649,0.5749793353064088,0.5721724240791917,0.5673318724134866,0.5201065694768279,0.4729026601101043,0.0
0.7274168168031199,0.4539721494952465,0.4455565441781805,0.4901042114308309,0.40858545858059725,0.5219093417170979,1.0
0.7857993087388285,0.5446123560192131,0.5449202518779728,0.5724660768608798,0.47346552688485777,0.8701025179975554,0.0
0.8170647499879637,0.502729696293406,0.48663586302908174,0.5409573970152783,0.437092040531855,0.6303279489378226,1.0
0.8723678609166305,0.40005383726014127,0.40519338469670546,0.43762897781777693,0.31134901783659985,0.4782545228964681,0.0
0.7341257624017778,0.5119375013856495,0.4993133342277218,0.5384531585046939,0.45859826611221743,0.40252392126642667,1.0
0.7824779356427741,0.5409012831273505,0.5471349689795455,0.5686505505638666,0.48441164574898576,0.08413269875799179,0.0
0.8581080653049228,0.5553454304705427,0.5661404307338671,0.5771990119174637,0.5189368503243206,0.4196063215357877,0.0
0.7471062307261537,0.41361493864589866,0.3751888010291187,0.4422598163649663,0.3127926530630374,0.7292296568740695,1.0
0.7922859003499383,0.5430080990160382,0.5550498654039575,0.5793449546350264,0.4940562529188668,0.8464691361583185,0.0
0.8019608327568601,0.6677049951516842,0.6838538429980212,0.6950040592258293,0.6350500382005269,0.9385907558457527,0.0
0.7744994818075163,0.6065712513877815,0.6071886199110168,0.6327535638433468,0.559857324194301,0.529045470787733,1.0
0.8033225133729136,0.4705103669936485,0.47119041552719826,0.5108829039714355,0.4134168862645813,0.5340767219843083,0.0
0.858125169457811,0.3573065321076246,0.34610546114410917,0.38706027562590445,0.2707037152076137,0.42831652581869095,0.0
0.7526641301841421,0.528914100308743,0.49393391435572326,0.5357776642763856,0.43796891955315664,0.5889768073111807,1.0
0.7183864575652302,0.3740384488514164,0.3444164110333822,0.40769298566871565,0.2928741172675553,0.6962191852223296,1.0
0.862643516512476,0.4501184500505924,0.45071619916588385,0.4840460290114667,0.3727533354375083,0.5902786814645704,0.0
0.7255584822661609,0.5171619954899849,0.5138895386520443,0.5300009543605793,0.47247317249365106,0.8198769189185602,0.0
0.8403552215811333,0.5087524143964675,0.5182216041881438,0.5426724176471671,0.47097952368727136,0.6184687288104582,0.0
0.7760641950532257,0.5953575191704359,0.5948840857413802,0.6242564700811606,0.5307113794508105,0.8045013386809927,0.0
0.8022550875352537,0.46078178200253955,0.4507731523189971,0.5023818869296213,0.3854882604707244,0.4600011564836062,1.0
0.8092643060401732,0.6265889643669682,0.6450170103326638,0.656773341552148,0.5972022133036701,0.061855288648276385,0.0
0.8842707676090422,0.49017084040070774,0.5107176725191926,0.53271002456338,0.4141917105484336,0.9661678739451238,0.0
0.8069425756573696,0.4585779369737841,0.46050542032178704,0.4947398856482598,0.39203936358395386,0.6446353537250289,0.0
0.7951898054180888,0.5992703695894697,0.6073607174823805,0.6284421532491415,0.5511531268094318,0.03008425728390396,0.0
0.7395949736596046,0.4959754448956613,0.45279879202715995,0.5357441795409543,0.4089694431509252,0.7682029071327416,1.0
0.6728932118051596,0.5949993820114436,0.5639477343390105,0.6257607284818605,0.5352941875047732,0.7851099627283067,1.0
0.7904744438616363,0.714433995635753,0.7259898020250029,0.7144391653523678,0.6902070031177385,0.07424866714734568,1.0
0.8606369459838182,0.38798533307159694,0.37628576828255905,0.4158665457201672,0.2834509022575338,0.46532163455146325,0.0
0.7554359531827661,0.8282814003037253,0.837933435383243,0.8644958521810422,0.811127577401084,0.7731733846566207,1.0
0.8341283596990683,0.4539070744475599,0.46759387697004623,0.48630282718829126,0.39058665253412905,0.5174330542936911,0.0
0.7432796516327498,0.40409872270696406,0.3513821177180993,0.42359714012987687,0.2994647098676504,0.7140867333032945,1.0
0.821809885440185,0.4656954417756493,0.44250061839273774,0.501686462805758,0.3717982498529764,0.5389848362886895,1.0
0.797010130726407,0.5292864193401963,0.5484744293165824,0.5581220191058243,0.4711976331025016,0.029968926832666387,0.0
0.8390597403716289,0.5024017180530658,0.4888281172410725,0.5314533889745623,0.440175213598055,0.49545258918805835,0.0
0.6800085394067014,0.49615630864888666,0.4520165705375854,0.5063850919753603,0.40393255427366537,0.7921895392560838,1.0
0.708844557458551,0.5707758462606038,0.5472736375262557,0.5843676649497298,0.4966156351140518,0.5878212597716508,1.0
0.7996058442989958,0.6110486839446752,0.6234321190490697,0.6352962139986631,0.564189098835427,0.9280980161184287,0.0
0.7453844126687293,0.5229341073404385,0.5278401427578538,0.5496313120779166,0.4640441463497762,0.3624376526759705,0.0
0.8869586535610847,0.32411125660994183,0.3296556394808808,0.36239525527685673,0.2330214758119169,0.6328263632765803,0.0
0.8402665333809716,0.34281005545022375,0.3591718763914941,0.3806227211903997,0.25606904654709806,0.4544701164494924,0.0
0.8954030371907633,0.4328908858401453,0.44510259924816525,0.4733365704952219,0.3474457881276063,0.5836654426449834,0.0
0.8393729997643429,0.49555815676228926,0.502818252495083,0.5326753537201541,0.40677560422535586,0.9733008239221568,0.0
0.8192863894020135,0.42843158453791735,0.43781630998575366,0.4601830000096712,0.3435584391785145,0.4494090347579489,0.0
0.7702766565055329,0.4442666324865588,0.43037852887352407,0.47981281029264194,0.375336758909538,0.6438867125049579,1.0
0.8879687488122117,0.2838263015031976,0.2880453474447446,0.3113738248637024,0.18036267955768293,0.27928967816128014,1.0
0.8094961623348816,0.3712670596481476,0.38724005285323354,0.40585524849961924,0.31184422951907687,0.45117357300025485,1.0
0.895072356901589,0.3514329929414666,0.36991727377637157,0.3813540935043444,0.26419161882468667,0.21738442475855502,0.0
0.7289853309716933,0.5443698280483866,0.5513727611286592,0.577064160585127,0.488748054853118,0.7940249712857204,0.0
0.8400368942912673,0.6631595255104508,0.6736358813354524,0.6936973333924563,0.6366017143457967,0.6105958801207605,0.0
0.7621439485507082,0.5864741917297602,0.5822334992609797,0.6231868745676408,0.5281196525658947,0.6442109270674954,1.0
0.7738865829956847,0.5001449153992965,0.47816045560400006,0.5358112402508781,0.41518058909238587,0.5205786261200831,1.0
0.8098075212661635,0.5035736972222289,0.4995841270147287,0.531101297437697,0.4379641885388377,0.685138383825111,0.0
0.8223591187940432,0.41597406620223715,0.4174539658894831,0.4431584298779458,0.34649263356932725,0.48466218032977526,0.0
0.8522549608378248,0.3881961762261014,0.3765825614220742,0.4266775533114396,0.28784369732824167,0.5095365390182875,0.0
0.7569366842269304,0.6570891455448769,0.6536211814082622,0.682272013202657,0.6132575379782175,0.06165680723770839,0.0
0.8264520792315041,0.3748969906874466,0.3693473884989475,0.413933190015016,0.31489496134423356,0.4510593552317781,1.0
0.7655612949490803,0.4074004062298631,0.3918185911187217,0.4478167313825327,0.29572904303069936,0.579789191477373,1.0
0.823254552872104,0.48505486454830776,0.45342244674106363,0.5227445293515147,0.41378754675376617,0.7603852333786745,1.0
0.8181239404927517,0.45422473043895667,0.4293692907006556,0.47781029537916114,0.391383780171199,0.5813664281216122,1.0
0.7622554422880543,0.44634391776739973,0.42488935921423737,0.47715410405157993,0.3551286657274799,0.7571813958312053,0.0
0.8256842928129617,0.33497286550028843,0.353544480368363,0.37176140109621897,0.24879110515239322,0.3980243734748301,0.0
0.8004499659183917,0.48428482477713125,0.4841929795687638,0.5071222123501558,0.4225354818832565,0.4463957308870421,0.0
0.8536318451453346,0.40412394489786047,0.4170798791850286,0.43395222613272827,0.3454123209323148,0.6521057115030489,0.0
0.8046775423739552,0.457431090236831,0.4438342419159465,0.48872987745316737,0.3907921137274051,0.6918795105156648,0.0
0.8283373369720836,0.4701731436086026,0.47290201696408035,0.5101460573138235,0.3996895102888458,0.6658291874420434,0.0
0.8022943637381823,0.4377299561448033,0.40894831315638175,0.47736623486868596,0.3443612633430293,0.6785169500086825,1.0
0.8165478244784501,0.4623027429446754,0.4482032739396256,0.4953510048796473,0.3912995874265859,0.6176948491195113,1.0
0.7740566742938519,0.46033182170729453,0.4341326614040419,0.4972624632101295,0.3785765382048234,0.635581913302868,1.0
0.8255639302555995,0.4171579832767,0.3973510062622822,0.45572633683016156,0.3135359050676598,0.5604568230342712,1.0
0.8075618093406414,0.5245253493340758,0.530369340313573,0.5611921222734801,0.4722645251070585,0.6705647476103462,0.0
0.8686793820206213,0.38251642606401964,0.3870062265538062,0.41718768732519734,0.2961401585198762,0.49128981337872824,0.0
0.8777053068485029,0.20780607958920677,0.2122729800003343,0.23310348389055763,0.10317328440627738,0.3605254985207327,1.0
0.7872123018135471,0.43450313136641533,0.41764039018569815,0.4675056645771097,0.35600689646715855,0.6421616480082133,1.0
0.7993274266992026,0.5850478364431577,0.6023631667332741,0.6174642694150789,0.5639917479524121,0.39437551580793717,1.0
0.838953314531435,0.3943838707948841,0.3637040738926481,0.41804433087006104,0.32557826753538377,0.47794431400741155,1.0
0.8533499433662494,0.47406911939458124,0.4780037459963657,0.5107360090830309,0.4140775868969053,0.5463892985209868,0.0
0.7717070704767118,0.47611938731079645,0.4716298568592157,0.5139711637122546,0.4058720770417683,0.6132915572175388,1.0
0.7596166515896727,0.5240995341254897,0.5076898695640137,0.5442133541504375,0.4497168970686731,0.603958303573485,1.0
0.7250174842451748,0.6063028729152533,0.5957777373131323,0.6270722899854728,0.5457026121088671,0.7972973536235806,0.0
0.7000957832561747,0.5311529512252193,0.5179491311062467,0.5309953688877356,0.4545191662562431,0.5372898318881176,0.0
0.7718530892634066,0.4570827367746633,0.4560080668304571,0.4910211639950957,0.38728285971857024,0.7618757337524651,0.0
0.8080847529780231,0.4639213613376844,0.4542334985534872,0.49514197619061945,0.3753116555682541,0.5444971020089189,1.0
0.8233860014544865,0.3666084940619692,0.38032174817172854,0.400552799223519,0.28656613035952727,0.4541185263587131,0.0
0.8816490810635489,0.35195242646003494,0.35125070097038796,0.38671749047327336,0.2694226723916444,0.4902862971599109,0.0
0.863073337539688,0.48792193651134724,0.49520006077361306,0.5253491308293319,0.43241229496001177,0.6573646564480708,0.0
0.8392719585648729,0.5926673615784173,0.5964735562707324,0.6229250184622239,0.5466057530872039,0.6477681208688564,0.0
0.7803484686081781,0.5195635789050213,0.5266294460713334,0.5481019629354087,0.46885993272111426,0.48719077839612335,0.0
0.7587791815852889,0.40858243837191016,0.38517302482883314,0.43775990587048536,0.3241444805428346,0.7042307307012419,0.0
0.814143740766925,0.46320706171080234,0.47303493713353534,0.49318508080769924,0.4016579984507376,0.5772892052534453,0.0
0.7838852273331965,0.3212089992418084,0.3092191855363045,0.35451758350062007,0.2542150682419849,0.439334275192798,1.0
0.876486477583424,0.3645382997173589,0.3759548386258052,0.38779858210849444,0.30162050757604364,0.21212337807942916,0.0
0.7340161691258638,0.4284892096146273,0.4011972012654566,0.4576404410934161,0.3612329293658596,0.48841261003726055,1.0
0.7325521803360523,0.44102024031452164,0.3838485102726596,0.4590501758267946,0.3477654695237229,0.4703602506482174,1.0
0.758887191143343,0.41977669295429304,0.41599007529401394,0.45310996551345956,0.3429666761834076,0.45902563395011997,1.0
0.8100365268687237,0.8462864542563253,0.8610117550777405,0.8744374427588939,0.8503289551496949,0.8944115102121672,0.0
0.7623802392554246,0.308486333746313,0.31402297175362376,0.32115656823614264,0.23488771613373394,0.10291088053969455,0.0
0.8890624643663482,0.4016082781923283,0.43601883663633606,0.4357757300082899,0.33817956555192064,0.945372098070375,0.0
0.8231902539269869,0.34320813522469235,0.3168494930682971,0.3704710070547866,0.2588520415823331,0.4734144765184376,1.0
0.785506637678295,0.43330126255465956,0.39036557822175094,0.4730703349148712,0.32915404539862037,0.6917413788986462,1.0
0.8414204302137893,0.4335102207767482,0.43899455044992536,0.4661017691436428,0.361855781883633,0.176032982884184,0.0
0.7994937170745058,0.35934109225370864,0.36389430096150893,0.3843987409739477,0.2651639870941791,0.3747279755574331,0.0
0.73519667241873,0.4165789499903196,0.368593820459076,0.44389545901368016,0.31978045776329034,0.8072164788952694,1.0
0.7486497221525387,0.4923034170324108,0.46856508741645736,0.5301555133301179,0.4195125568361371,0.767106508395845,0.0
0.8420390304099169,0.29489938185885395,0.28115313155232086,0.32584826323709987,0.20938571448019627,0.430341802721276,1.0
0.7535212382899902,0.5963392996829813,0.6015882854792718,0.6186748292780306,0.5567940406985024,0.8695930505861615,0.0
0.6900581794593061,0.4008148114039846,0.3665522621677449,0.42656669785217766,0.29737224982034216,0.8445072821730986,1.0
0.8462659733783363,0.46150227497878776,0.4447986427462243,0.49526396281533797,0.3783939596726409,0.5569568882410134,1.0
0.7545538223347296,0.3784193908203611,0.3290941556779065,0.4068246635240284,0.2661391553517378,0.7155111085301582,1.0
0.8397629111014822,0.5265760660437233,0.5328394622384234,0.5583142598076059,0.48179047071371794,0.6128730118831696,0.0
0.7236513692191131,0.35969294630464826,0.33874355861164834,0.3777003340626984,0.2814866623533978,0.7858323057796348,1.0
0.8660320392457956,0.2881002511178771,0.3157427977918095,0.32290115032383476,0.2173496529511343,0.4311574698314615,1.0
0.7853932434795169,0.6700553263567497,0.6719250758277286,0.6940114694798953,0.6218008808762456,0.5456140765460746,1.0
0.8848367883722168,0.40180233647246383,0.42725981312113975,0.4342246659692352,0.3500861768740875,0.1027146774795411,0.0
0.7871663739956062,0.4847579428134841,0.46830870979087486,0.5231816556933446,0.42202636681176076,0.7715864694385255,1.0
0.7166627390463738,0.33807474618711825,0.2777968751644367,0.37382823954778993,0.21833428323733084,0.7175149088892969,1.0
0.7508989182573529,0.5516134438047342,0.5560637022786301,0.5666652798329375,0.5057490030835594,0.04487421315667195,0.0
0.6676077118190964,0.5234320885329418,0.49709118845400396,0.5518222356526119,0.46689453420122673,0.697056964694682,1.0
0.7521491051360605,0.42401186681641995,0.3797835231874946,0.4525553232609059,0.3401587709095144,0.8008763595393791,1.0
0.8411876236883649,0.3366440824835654,0.3504578670920347,0.37108449850176334,0.2632285194812065,0.41981432256553153,0.0
0.6514667761332452,0.4820085444883992,0.45239463688783216,0.5065237753482641,0.3999465298830658,0.7002884250332289,1.0
0.6990635159550073,0.5200944117767705,0.4887262383087955,0.550690688816591,0.4473335279164119,0.7832772329282323,1.0
0.8255167354633706,0.49214301825969925,0.47700450115626397,0.5269877843670627,0.4254410005342184,0.7454549028617354,0.0
0.773367757024739,0.5695400486653646,0.570321358166441,0.6009762762018054,0.5187604510761463,0.6272158105791477,1.0
0.7641935962051587,0.36369277289086605,0.3522100609159959,0.3996631271385294,0.26582459117519075,0.4488741875826301,1.0
0.7900005954779155,0.4247053424280423,0.4305396603098162,0.46185623315156693,0.3426799187848979,0.5415540031217287,0.0
0.7695411779313351,0.4233332911467506,0.39719465040094043,0.4627809410360268,0.3415059513746348,0.5383812323834063,1.0
0.7406779199322929,0.5148778164368439,0.4845239092255175,0.5420070111744129,0.43953314736906846,0.6764811291123167,1.0
0.9047726287942713,0.2916523613760114,0.304660722372923,0.3281610821974526,0.2081406853038379,0.32997935425968183,0.0
0.7910277948819308,0.5113178074143008,0.5064552065661678,0.5373176883890447,0.442784416270557,0.9064109813522849,0.0
0.753989385289415,0.5452784552314638,0.5301027924820776,0.5773975481144626,0.4737660911210737,0.7285675399848732,1.0
0.7987519036288678,0.4456964883619335,0.4187714939563772,0.47587055293973163,0.3664011280282957,0.4617506293545637,1.0
0.7840790743992642,0.4130466764018938,0.39206762850873217,0.447904594598392,0.31158045133297296,0.49282702876684104,1.0
0.8161759675249151,0.4672918897731016,0.47268021803860233,0.49519425617264184,0.4024872776749131,0.5845771183819575,0.0
0.8159761023309793,0.7251666212936505,0.7300501019717907,0.7700158883701034,0.6869331412090947,0.8827179208614808,0.0
0.7072804776999856,0.446532500767661,0.4086738060333021,0.47783137160228,0.35621380593012364,0.6991928387313637,1.0
0.6754252599197752,0.5187280152927258,0.4936013928406526,0.5421945986840773,0.4461536708760787,0.7383943832339408,1.0
0.7833217405185979,0.46242777679492003,0.4468898139550967,0.48506462188981997,0.379081791223814,0.7722436940559005,0.0
0.8179690528860408,0.4547420097490498,0.45804971355836127,0.48803490952460976,0.3907527207918522,0.5804152256541835,0.0
0.7433499687057351,0.5819881423389659,0.5540861720662646,0.6141696269180046,0.5190907531166522,0.7510494894446322,1.0
0.7929802022597754,0.6238960242556693,0.639649883144334,0.6512710787321929,0.5780332053481316,0.03871021558634746,0.0
0.8343130212015478,0.38527704422491266,0.4001945073990016,0.4138907638515949,0.32572599104370714,0.09288329519127503,0.0
0.7660544646906936,0.5702966246335712,0.5749901901731225,0.6017114805563173,0.5156412643703352,0.7547825224454607,0.0
0.6836685113812301,0.47691761130952265,0.4403976851196357,0.5087594060629086,0.3980425379980106,0.7378478617204494,1.0
0.7794340299157969,0.6469780987907439,0.6475869771486085,0.6746520005350256,0.5920867316579299,0.7915484220462936,0.0
0.7414897337073442,0.3663211765065973,0.33381038968780025,0.39397647017604936,0.27224274313092933,0.7433775418089665,1.0
0.7986724009922943,0.4413369089603672,0.4283299840929135,0.4296216553356876,0.35066191235129773,0.481388208445114,0.0
0.6897328838108561,0.499307197578526,0.4645661624514406,0.5295833531778291,0.4288861444714669,0.6951321118266665,1.0
0.83762774268259,0.32572413044701704,0.33109910122795067,0.3587361127306044,0.21810449111327235,0.4460770620766774,0.0
0.6861863060351054,0.4248254395505315,0.38418147397059604,0.4524996674336222,0.3357937826168438,0.7205792372125199,1.0
0.8436065943477744,0.1804755469064085,0.17175655993757788,0.21048157983718935,0.11372528081225142,0.4532418559746263,1.0
0.8295121388806537,0.38628117465038764,0.374517302129137,0.42766950438394563,0.2803875222104226,0.5613888449702997,1.0
0.7195108972458514,0.561895211580522,0.5547693445939033,0.5877291856786058,0.512610518666893,0.8527004068815933,0.0
0.7855829728791485,0.6391134426827507,0.6308126816984667,0.6792851200587433,0.5985431179334699,0.5950661668283768,1.0
0.8366961998373206,0.29885046947832156,0.30664311659681204,0.32673629301898915,0.27301901568447096,0.3945037392498951,1.0
0.8152925697025906,0.601208080112859,0.6107748113891094,0.635760438341646,0.5615665720817824,0.734756528763238,0.0
0.8215846807604887,0.5360913843957935,0.5390990913230544,0.5697966044106058,0.4543732772228599,0.9586001122714569,0.0
0.806429134327148,0.4627232623907603,0.4348851682050355,0.49362950627441887,0.3619054092583247,0.6119656279225585,1.0
0.722044845821899,0.6699232015702743,0.6696311195566074,0.6913152639847127,0.6433772027095774,0.5187484572565215,1.0
0.8098920917998891,0.44244471066870844,0.41544017668212324,0.4814082165154013,0.3538458849878834,0.6362982513996138,1.0
0.7763312098844266,0.433037012981709,0.4338057113930803,0.4675056645771097,0.3539461052503927,0.7484841198622847,0.0
0.8668894640952157,0.6524122691866596,0.6823903945854177,0.6890320064801629,0.6104855497926223,0.9533583167702557,0.0
0.6842741250909055,0.4720477537754075,0.44052565284099393,0.4888795095134056,0.38705731585226766,0.7399249755103825,1.0
0.6774983465985542,0.6727956590545017,0.664070581582783,0.6859950230916938,0.626066614419533,0.7620050698771841,1.0
0.7439964423361993,0.5290488280971257,0.518009002666274,0.5586713694928329,0.46459719226851837,0.7772441257061651,0.0
0.7920993383860269,0.4546703823172515,0.4583898406187235,0.4916938695927398,0.3902707366392053,0.5551952641678428,0.0
0.7366666793364096,0.5293800376501787,0.5271589158348249,0.5590617814353691,0.45596202907217953,0.8296750796786827,0.0
0.8260989101487175,0.45771571503160896,0.4735203654835946,0.4879406595744719,0.4021214447513597,0.5390449034961413,0.0
0.8048973624129272,0.551994918222207,0.50901809845626,0.576501033099889,0.49021032448289303,0.5619766770389896,1.0
0.7614258908729706,0.47582524809525334,0.4824200915866839,0.5027356207695868,0.43027320062870356,0.41476291944784394,1.0
0.783162735245451,0.7769440093392117,0.7877741566931584,0.8136900196693166,0.7593090672206653,0.7734538160356026,1.0
0.836563801024222,0.6364754348875676,0.6483049052494976,0.6655483494945083,0.5966704086737065,0.21745842699296336,0.0
0.7805917276714787,0.33212571996564383,0.31914831335094224,0.3308400435100835,0.22911327177929686,0.41248004765531965,0.0
0.722795844831125,0.49698801263766396,0.4471125856828793,0.5203548871016981,0.3971515624850648,0.713143425584978,1.0
0.7726332286812572,0.8929391598568994,0.8835657343299899,0.9195450309473769,0.8793059350960837,0.7235904570109541,0.0
0.7017830762642503,0.4620059109685383,0.42002941577296354,0.4794821599351398,0.37650686426729574,0.707088029384433,1.0
0.8346316652349858,0.5329124907559772,0.5485780769803226,0.5630007541820792,0.48959114091499933,0.5515401719451631,0.0
0.655185028925023,0.7027845747543102,0.6940037969358319,0.7042173796178142,0.6545841066691178,0.7651602672925386,1.0
0.7888302279793534,0.4132971928958154,0.38636010895032064,0.4403402377580446,0.3193727215700557,0.7010746148810689,1.0
0.8451671899270476,0.48162168454973847,0.47604744056155807,0.5162413740310638,0.42282745305264835,0.4053642294604769,0.0
0.8727381341523055,0.30348910863610506,0.3308233559928468,0.327615655090072,0.23235305107458226,0.06589116563798258,0.0
0.779595252393948,0.42568119886728123,0.4309857343848205,0.4424775127648008,0.3721878343994369,0.03523110385618411,0.0
0.893094926781556,0.1964593249985212,0.21897744504794542,0.2302862954003287,0.0815905901863122,0.26602704716319603,0.0
0.7913933169640256,0.4773252055047566,0.47518783707047124,0.5051743496342864,0.39831259201943525,0.9180333766679116,0.0
0.6865448597586161,0.5509290338204447,0.5344671373673793,0.5779903282945649,0.49018406252585756,0.6561920830961379,1.0
0.7769615295927185,0.562434302251426,0.5677434320589121,0.5991426447904593,0.5150185084038745,0.6776652001861114,0.0
0.817183212083894,0.4997942282112808,0.49716697859719955,0.539015647316504,0.41840231329220967,0.5369176836587102,1.0
0.845187461515656,0.38219553875991014,0.349880906888758,0.40850802420170834,0.2891707951203353,0.5810583033050283,1.0
0.7128057525700574,0.5254002272510423,0.5102395844047056,0.5549449837585347,0.4691259315874088,0.4935696297090679,1.0
0.7614556647687393,0.4294819406869214,0.3620898411228119,0.4505017144731975,0.33030812323848147,0.7214008562923941,1.0
0.8538842897722234,0.5344320155591298,0.5561286147233273,0.5630835992495768,0.48912779116569016,0.20934087640404675,0.0
0.9380687130835368,0.20296548338687886,0.2052470480092971,0.23279473090772468,0.14881936572159993,0.36847242009136316,0.0
0.7166864948142743,0.6879016869516807,0.6833249038539686,0.7157524603981416,0.6505582065864024,0.8640483757728201,0.0
0.7164216971880772,0.58157399575962,0.5736422399250622,0.6088754803964664,0.5253186989865106,0.6874847138582627,1.0
0.8113728679990169,0.45897520892007454,0.46252168575319524,0.49069215594069376,0.39815028926290497,0.509470926058663,0.0
0.7354931444021275,0.4838249012676889,0.47217895954194805,0.5079141674006848,0.42137821785007845,0.45945454666195884,1.0
0.7995491471996068,0.43842011068502657,0.4117131941795646,0.47280336942203155,0.3492692562179287,0.5780930037475156,1.0
0.8195315489267461,0.3911107305342804,0.3809820156269193,0.41981372998237804,0.3003743197839337,0.7888206890890259,0.0
0.8002263449565555,0.4202829319459512,0.3751888010291187,0.42601023081840156,0.3213975956985231,0.5953038747216706,1.0
0.8041523815315692,0.39272647664932253,0.393574764588475,0.43212635004157757,0.3336263021996224,0.45369213926012475,1.0
0.8761773358571462,0.4339177252132958,0.43066479806083363,0.46691343183137407,0.3530678745107141,0.5010004254333706,0.0
0.905770054302518,0.3905704730004524,0.43016318581788665,0.42321430102941376,0.3410575670787832,0.022195460141301915,0.0
0.77618487435416,0.42805621371112407,0.3865368052234885,0.45586054948907023,0.34819184012029525,0.4656601020503177,1.0
0.7871381838176976,0.6673615784172724,0.6739946685127505,0.6899645609238794,0.6435451054422403,0.827018876327466,1.0
0.761071771559468,0.4819556766220718,0.4790537534294598,0.5150993347030142,0.40994702519129955,0.7374458476728118,0.0
0.8397315534878536,0.363831001268021,0.35490118583716573,0.3943457146564055,0.27268253435995704,0.3403628921217683,1.0
0.7740753621646003,0.7682184776693401,0.7718438998972279,0.7928913457743265,0.7437433542524625,0.7053997717269502,0.0
0.822192511675168,0.46029816219987046,0.46899453541570796,0.481832934344919,0.38537973679532866,0.3609868556489457,0.0
0.7789947065814247,0.47841047778279516,0.4828072669039655,0.5128145261344252,0.42327014082105485,0.6008459532752366,0.0
0.7552398889116945,0.4318614434650873,0.3870647715652363,0.47004384401843097,0.3233224426671064,0.7483410076652894,1.0
0.8658226717446996,0.4965619281530184,0.4948549812651542,0.5289233298096807,0.42256319210998106,0.5082215952578664,0.0
0.7721863035011568,0.7501011355999734,0.7610991215683625,0.7783159969993296,0.7317093917489372,0.8676245734892702,0.0
0.7819062134953034,0.46734789919345526,0.491453799098106,0.47837798481745525,0.45298902105368954,0.828889931867079,0.0
0.7540587521316843,0.5008592150261786,0.4970153098742351,0.5384205861598739,0.42955814160736905,0.7416794819462103,0.0
0.7922630948127539,0.5483377903009097,0.5542497797266055,0.5788166804711365,0.504740910828394,0.610456600497719,0.0
0.7979514926224087,0.5392369775629313,0.5600605047658911,0.5662662001795948,0.513537604370762,0.5202981594178389,0.0
0.7185163224297526,0.4668359156458635,0.4487145257690465,0.48765708857250817,0.39528899111312743,0.74287997833695,1.0
0.8009003752777841,0.6362263545326294,0.6364712073953493,0.6736564911391361,0.5997065612506562,0.7340470610409993,0.0
0.7492847930144106,0.35528983394014685,0.32212331967194624,0.3854494500018156,0.2460887304632039,0.8491135592015757,1.0
0.8477334463474399,0.35088770892119653,0.34812694433333363,0.3869461355604423,0.2655871714974346,0.5913012192601077,0.0
0.8863919993107661,0.4268423172353821,0.4351062596379283,0.46152904987838744,0.33764872643508315,0.5843839001374642,0.0
0.7281554628130378,0.4897643233097115,0.4733661321000087,0.5245944925548012,0.41989663795777754,0.5095088279190545,1.0
0.7372475870474685,0.48106239817438007,0.4659792020173443,0.5070916472646803,0.40025945268729823,0.7770778944340289,0.0
0.7857780869195041,0.7979075095976718,0.8103638643209632,0.818489103045213,0.7779855669304803,0.050880845593684665,0.0
0.7621623196778845,0.5367374674209626,0.5292632640930974,0.5598547401155705,0.46253186314005923,0.8816822957972807,0.0
0.8246836998689949,0.35237922901417223,0.3419183431514143,0.39471349931178373,0.26496586380066334,0.6226150616412123,1.0
0.9108122952252807,0.3070124961145709,0.3229121739045074,0.3430761139970026,0.21484318087527055,0.22591126598713207,1.0
0.7948432879503144,0.6772510109745251,0.6887434126913028,0.7102826786839458,0.6556014678502957,0.7592516215850003,0.0
0.7311325356463216,0.4882973970968271,0.4679226841490442,0.5199437638922875,0.41317232178969054,0.496728924622843,1.0
0.8455194087791182,0.44665807317002454,0.42006965441374994,0.48120520960440744,0.3595056263829166,0.5505904177314866,1.0
0.6897135624529636,0.39735192128019575,0.34643020024074206,0.4122614166980985,0.3015839146285568,0.6971376960105484,1.0
0.7141069351638578,0.5319869889398448,0.510753843077614,0.5331249798133577,0.4717090654055007,0.8272235746321897,1.0
0.8154338373357052,0.4712883055292338,0.45473829451306774,0.5114098095494086,0.3964201862918957,0.6733375000653481,0.0
0.6688278080584633,0.7064886464686284,0.6910081848932823,0.729948345917937,0.6654799222993657,0.7392994005359812,1.0
0.7543241832450253,0.5668931547602218,0.5405184983222255,0.6021714166634276,0.49596565167742934,0.6598916296443558,1.0
0.6438098170235734,0.4587151780053878,0.40878833139554055,0.4916214257782097,0.38813569746302723,0.697310797657192,1.0
0.8267488679584737,0.7791704735569562,0.789008023761846,0.7916274110606192,0.7540866067205314,0.9423584939517393,0.0
0.9147554359531828,0.3105813912470739,0.31281236350367664,0.3425202856366543,0.201315955770616,0.45325167584153103,0.0
0.7468303470749365,0.6584309481488302,0.6521417259759175,0.6840843859127619,0.6115116971432493,0.5203774954648466,0.0
0.8585188817178144,0.48970131271181366,0.5013766479160495,0.5311365157152894,0.42357813950834333,0.6421398182321443,0.0
0.760803489753979,0.39997475985736614,0.346012425869148,0.4346656243516324,0.3000137006312622,0.6810270916705066,1.0
0.6161349809066975,0.4867660241470613,0.47860820997389436,0.4710487510376162,0.4163117842711539,0.8302501600497014,1.0
0.8217484371872158,0.4177766001438113,0.4038732035326165,0.45551110388497745,0.33771833993148914,0.578545671353216,0.0
0.7357969014876813,0.49657539195598804,0.4756294008802446,0.5241513444349373,0.4339350057114928,0.6671125698676468,1.0
0.8274751609690834,0.4485969505563378,0.466194633509555,0.4764289359937914,0.39410643063604045,0.5052442504679273,0.0
0.8186281962593851,0.40414916708875676,0.4234669453715791,0.434122569459841,0.34499135720925,0.43836880212742124,0.0
0.7888913594887506,0.4124748238104304,0.3926186767960738,0.4468743231202153,0.321733883920412,0.5462216366567296,1.0
0.7840087573262788,0.4502389959665138,0.46579932202754276,0.4794821599351398,0.3928923944310363,0.12442410719395003,0.0
0.7942541449063834,0.3779824455346534,0.3658116058675544,0.41615714212983707,0.30125370913936367,0.4765353220612567,1.0
0.8212147242683857,0.43332854919534464,0.4131183628904573,0.473292228311517,0.35481139811417894,0.5779496089644225,0.0
0.8030615166695808,0.5804067738008396,0.5937556350678959,0.6180013025288364,0.5379639278502937,0.7741622417216052,1.0
0.8946244814907727,0.43462879352746514,0.45678259433816676,0.4710940968509932,0.37458414142759033,0.6746757571788526,0.0
0.742061455854815,0.4180897682008849,0.37588842275936435,0.45118199291291455,0.3356546521753445,0.7023134723346092,1.0
0.7461528325744158,0.4690806008769602,0.47274681077818953,0.501165487766758,0.42500999547464,0.4410081916058084,1.0
0.7435403315925107,0.4443471460283172,0.45021644409097333,0.4721324886056098,0.3858993759599012,0.48863936771925776,0.0
0.8170359263229112,0.35489848606716295,0.3681964749358813,0.376619881100905,0.29054520305561726,0.2788081161270617,0.0
0.8364361533647037,0.5049888326730236,0.4573127715942435,0.5319674298449173,0.4247606999854303,0.56195373458016,1.0
0.7312880567401765,0.596250528342068,0.5726722675906755,0.6215301556958082,0.5572958178702383,0.5897606128388191,1.0
0.8698621025184915,0.5318505557364193,0.5365360225598159,0.5713077969799505,0.4615580466008773,0.5326408313739521,0.0
0.7883459270577564,0.3490691979334318,0.35307329030658213,0.38881115320881393,0.26433432166475324,0.4942520574740563,1.0
