Method,HitRate
Top3+BASELINE,0.9774436090225564
Top5+BASELINE,0.9774436090225564
Top1,0.9172932330827068
Top3,1.0
Top5,1.0
CC,0.6015037593984962
ACC,0.8345864661654135
PACC,0.6165413533834586
PCC,0.3984962406015037
SMM,0.9097744360902256
HDy,0.7142857142857143
DyS,0.924812030075188
SORD,0.9924812030075189
MS,0.8872180451127819
MAX,0.924812030075188
X,0.8571428571428571
