dataset_name,alpha,sample_size,real_p,pred_p,abs_error,run_time
abalone,0.0,100,0.0,0.0,0.0,0.0
abalone,0.0,100,0.0,0.0,0.0,0.0
abalone,0.0,100,0.0,0.0,0.0,0.0
abalone,0.0,100,0.0,0.03,0.03,0.0
abalone,0.0,100,0.0,0.0,0.0,0.0
abalone,0.0,100,0.0,0.02,0.02,0.0
abalone,0.0,100,0.0,0.08,0.08,0.0
abalone,0.0,100,0.0,0.0,0.0,0.0
abalone,0.0,100,0.0,0.01,0.01,0.0
abalone,0.0,100,0.0,0.0,0.0,0.0
abalone,0.05,100,0.05,0.0,0.05,0.0
abalone,0.05,100,0.05,0.02,0.03,0.0
abalone,0.05,100,0.05,0.05,0.0,0.005731344223022461
abalone,0.05,100,0.05,0.13,0.08,0.0
abalone,0.05,100,0.05,0.01,0.04,0.0
abalone,0.05,100,0.05,0.14,0.09,0.0
abalone,0.05,100,0.05,0.14,0.09,0.0
abalone,0.05,100,0.05,0.04,0.01,0.0
abalone,0.05,100,0.05,0.08,0.03,0.0
abalone,0.05,100,0.05,0.07,0.02,0.0
abalone,0.11,100,0.11,0.15,0.04,0.0
abalone,0.11,100,0.11,0.12,0.01,0.0
abalone,0.11,100,0.11,0.04,0.07,0.0
abalone,0.11,100,0.11,0.07,0.04,0.0
abalone,0.11,100,0.11,0.1,0.01,0.0
abalone,0.11,100,0.11,0.18,0.07,0.0
abalone,0.11,100,0.11,0.0,0.11,0.0
abalone,0.11,100,0.11,0.12,0.01,0.0
abalone,0.11,100,0.11,0.1,0.01,0.0
abalone,0.11,100,0.11,0.16,0.05,0.0
abalone,0.16,100,0.16,0.17,0.01,0.0
abalone,0.16,100,0.16,0.14,0.02,0.000370025634765625
abalone,0.16,100,0.16,0.19,0.03,0.0
abalone,0.16,100,0.16,0.09,0.07,0.0
abalone,0.16,100,0.16,0.26,0.1,0.0
abalone,0.16,100,0.16,0.22,0.06,0.0
abalone,0.16,100,0.16,0.22,0.06,0.0
abalone,0.16,100,0.16,0.08,0.08,0.0
abalone,0.16,100,0.16,0.09,0.07,0.0
abalone,0.16,100,0.16,0.19,0.03,0.0
abalone,0.21,100,0.21,0.17,0.04,0.0
abalone,0.21,100,0.21,0.25,0.04,0.0
abalone,0.21,100,0.21,0.31,0.1,0.0
abalone,0.21,100,0.21,0.17,0.04,0.0
abalone,0.21,100,0.21,0.16,0.05,0.0
abalone,0.21,100,0.21,0.33,0.12,0.0
abalone,0.21,100,0.21,0.15,0.06,0.0
abalone,0.21,100,0.21,0.16,0.05,0.0
abalone,0.21,100,0.21,0.22,0.01,0.0
abalone,0.21,100,0.21,0.17,0.04,0.0
abalone,0.26,100,0.26,0.33,0.07,0.0
abalone,0.26,100,0.26,0.23,0.03,0.0
abalone,0.26,100,0.26,0.24,0.02,0.0
abalone,0.26,100,0.26,0.24,0.02,0.0
abalone,0.26,100,0.26,0.28,0.02,0.0
abalone,0.26,100,0.26,0.22,0.04,0.0
abalone,0.26,100,0.26,0.26,0.0,0.0
abalone,0.26,100,0.26,0.21,0.05,0.0
abalone,0.26,100,0.26,0.29,0.03,0.0
abalone,0.26,100,0.26,0.21,0.05,0.0
abalone,0.32,100,0.32,0.35,0.03,0.0
abalone,0.32,100,0.32,0.27,0.05,0.0
abalone,0.32,100,0.32,0.32,0.0,0.0
abalone,0.32,100,0.32,0.36,0.04,0.0
abalone,0.32,100,0.32,0.3,0.02,0.0
abalone,0.32,100,0.32,0.31,0.01,0.0
abalone,0.32,100,0.32,0.35,0.03,0.0
abalone,0.32,100,0.32,0.35,0.03,0.0
abalone,0.32,100,0.32,0.39,0.07,0.0
abalone,0.32,100,0.32,0.29,0.03,0.0
abalone,0.37,100,0.37,0.42,0.05,0.0
abalone,0.37,100,0.37,0.33,0.04,0.0
abalone,0.37,100,0.37,0.41,0.04,0.0
abalone,0.37,100,0.37,0.35,0.02,0.0
abalone,0.37,100,0.37,0.37,0.0,0.0
abalone,0.37,100,0.37,0.34,0.03,0.0
abalone,0.37,100,0.37,0.3,0.07,0.0
abalone,0.37,100,0.37,0.38,0.01,0.0
abalone,0.37,100,0.37,0.43,0.06,0.0
abalone,0.37,100,0.37,0.42,0.05,0.0
abalone,0.42,100,0.42,0.42,0.0,0.0
abalone,0.42,100,0.42,0.39,0.03,0.0
abalone,0.42,100,0.42,0.42,0.0,0.0
abalone,0.42,100,0.42,0.44,0.02,0.0
abalone,0.42,100,0.42,0.4,0.02,0.001058816909790039
abalone,0.42,100,0.42,0.31,0.11,0.0
abalone,0.42,100,0.42,0.45,0.03,0.0
abalone,0.42,100,0.42,0.51,0.09,0.0
abalone,0.42,100,0.42,0.44,0.02,0.0
abalone,0.42,100,0.42,0.34,0.08,0.0
abalone,0.47,100,0.47,0.47,0.0,0.0
abalone,0.47,100,0.47,0.49,0.02,0.0
abalone,0.47,100,0.47,0.5,0.03,0.0
abalone,0.47,100,0.47,0.4,0.07,0.0
abalone,0.47,100,0.47,0.5,0.03,0.0
abalone,0.47,100,0.47,0.47,0.0,0.0
abalone,0.47,100,0.47,0.51,0.04,0.0
abalone,0.47,100,0.47,0.41,0.06,0.0
abalone,0.47,100,0.47,0.41,0.06,0.0
abalone,0.47,100,0.47,0.39,0.08,0.0
abalone,0.53,100,0.53,0.58,0.05,0.0
abalone,0.53,100,0.53,0.5,0.03,0.0
abalone,0.53,100,0.53,0.54,0.01,0.0
abalone,0.53,100,0.53,0.63,0.1,0.0
abalone,0.53,100,0.53,0.57,0.04,0.0
abalone,0.53,100,0.53,0.5,0.03,0.0
abalone,0.53,100,0.53,0.57,0.04,0.0
abalone,0.53,100,0.53,0.52,0.01,0.0
abalone,0.53,100,0.53,0.54,0.01,0.0
abalone,0.53,100,0.53,0.43,0.1,0.0
abalone,0.58,100,0.58,0.51,0.07,0.0
abalone,0.58,100,0.58,0.55,0.03,0.0
abalone,0.58,100,0.58,0.64,0.06,0.0
abalone,0.58,100,0.58,0.57,0.01,0.0
abalone,0.58,100,0.58,0.57,0.01,0.0
abalone,0.58,100,0.58,0.64,0.06,0.0
abalone,0.58,100,0.58,0.62,0.04,0.0
abalone,0.58,100,0.58,0.45,0.13,0.0
abalone,0.58,100,0.58,0.67,0.09,0.0
abalone,0.58,100,0.58,0.65,0.07,0.0
abalone,0.63,100,0.63,0.66,0.03,0.0
abalone,0.63,100,0.63,0.6,0.03,0.0
abalone,0.63,100,0.63,0.68,0.05,0.001018524169921875
abalone,0.63,100,0.63,0.58,0.05,0.0
abalone,0.63,100,0.63,0.63,0.0,0.0
abalone,0.63,100,0.63,0.65,0.02,0.0
abalone,0.63,100,0.63,0.65,0.02,0.0
abalone,0.63,100,0.63,0.58,0.05,0.0
abalone,0.63,100,0.63,0.71,0.08,0.0
abalone,0.63,100,0.63,0.68,0.05,0.0
abalone,0.68,100,0.68,0.72,0.04,0.0
abalone,0.68,100,0.68,0.68,0.0,0.0
abalone,0.68,100,0.68,0.7,0.02,0.0
abalone,0.68,100,0.68,0.61,0.07,0.0010006427764892578
abalone,0.68,100,0.68,0.66,0.02,0.0
abalone,0.68,100,0.68,0.68,0.0,0.0
abalone,0.68,100,0.68,0.64,0.04,0.0
abalone,0.68,100,0.68,0.64,0.04,0.0
abalone,0.68,100,0.68,0.72,0.04,0.0
abalone,0.68,100,0.68,0.68,0.0,0.0
abalone,0.74,100,0.74,0.72,0.02,0.0
abalone,0.74,100,0.74,0.76,0.02,0.0
abalone,0.74,100,0.74,0.8,0.06,0.0
abalone,0.74,100,0.74,0.8,0.06,0.0
abalone,0.74,100,0.74,0.72,0.02,0.0
abalone,0.74,100,0.74,0.63,0.11,0.0
abalone,0.74,100,0.74,0.76,0.02,0.0
abalone,0.74,100,0.74,0.7,0.04,0.0
abalone,0.74,100,0.74,0.77,0.03,0.0
abalone,0.74,100,0.74,0.73,0.01,0.0
abalone,0.79,100,0.79,0.83,0.04,0.0
abalone,0.79,100,0.79,0.84,0.05,0.0
abalone,0.79,100,0.79,0.78,0.01,0.0
abalone,0.79,100,0.79,0.79,0.0,0.0
abalone,0.79,100,0.79,0.82,0.03,0.0
abalone,0.79,100,0.79,0.82,0.03,0.0
abalone,0.79,100,0.79,0.82,0.03,0.006276130676269531
abalone,0.79,100,0.79,0.79,0.0,0.0
abalone,0.79,100,0.79,0.75,0.04,0.0
abalone,0.79,100,0.79,0.79,0.0,0.0
abalone,0.84,100,0.84,0.86,0.02,0.0
abalone,0.84,100,0.84,0.89,0.05,0.0
abalone,0.84,100,0.84,0.84,0.0,0.0
abalone,0.84,100,0.84,0.91,0.07,0.0
abalone,0.84,100,0.84,0.98,0.14,0.0
abalone,0.84,100,0.84,0.74,0.1,0.0
abalone,0.84,100,0.84,0.83,0.01,0.0
abalone,0.84,100,0.84,0.85,0.01,0.0
abalone,0.84,100,0.84,0.89,0.05,0.0
abalone,0.84,100,0.84,0.88,0.04,0.0
abalone,0.89,100,0.89,0.96,0.07,0.0
abalone,0.89,100,0.89,0.89,0.0,0.0
abalone,0.89,100,0.89,0.88,0.01,0.0
abalone,0.89,100,0.89,0.83,0.06,0.0
abalone,0.89,100,0.89,0.95,0.06,0.0
abalone,0.89,100,0.89,0.84,0.05,0.0
abalone,0.89,100,0.89,0.91,0.02,0.0
abalone,0.89,100,0.89,0.97,0.08,0.0
abalone,0.89,100,0.89,0.88,0.01,0.0
abalone,0.89,100,0.89,0.93,0.04,0.0
abalone,0.95,100,0.95,0.89,0.06,0.0
abalone,0.95,100,0.95,0.86,0.09,0.0
abalone,0.95,100,0.95,0.92,0.03,0.0
abalone,0.95,100,0.95,0.91,0.04,0.0
abalone,0.95,100,0.95,0.96,0.01,0.0
abalone,0.95,100,0.95,0.93,0.02,0.0
abalone,0.95,100,0.95,1.0,0.05,0.0
abalone,0.95,100,0.95,0.9,0.05,0.0
abalone,0.95,100,0.95,0.9,0.05,0.0
abalone,0.95,100,0.95,1.0,0.05,0.0
abalone,1.0,100,1.0,1.0,0.0,0.0
abalone,1.0,100,1.0,0.97,0.03,0.0
abalone,1.0,100,1.0,1.0,0.0,0.0
abalone,1.0,100,1.0,1.0,0.0,0.0
abalone,1.0,100,1.0,1.0,0.0,0.0
abalone,1.0,100,1.0,0.98,0.02,0.0
abalone,1.0,100,1.0,0.95,0.05,0.0010023117065429688
abalone,1.0,100,1.0,1.0,0.0,0.0
abalone,1.0,100,1.0,0.98,0.02,0.0
abalone,1.0,100,1.0,1.0,0.0,0.0
ailerons,0.0,100,0.0,0.03,0.03,0.0
ailerons,0.0,100,0.0,0.0,0.0,0.0
ailerons,0.0,100,0.0,0.01,0.01,0.0
ailerons,0.0,100,0.0,0.02,0.02,0.0
ailerons,0.0,100,0.0,0.06,0.06,0.0
ailerons,0.0,100,0.0,0.0,0.0,0.0
ailerons,0.0,100,0.0,0.02,0.02,0.0
ailerons,0.0,100,0.0,0.02,0.02,0.0
ailerons,0.0,100,0.0,0.0,0.0,0.0
ailerons,0.0,100,0.0,0.0,0.0,0.0
ailerons,0.05,100,0.05,0.07,0.02,0.0
ailerons,0.05,100,0.05,0.03,0.02,0.0
ailerons,0.05,100,0.05,0.03,0.02,0.0
ailerons,0.05,100,0.05,0.09,0.04,0.0
ailerons,0.05,100,0.05,0.08,0.03,0.0
ailerons,0.05,100,0.05,0.06,0.01,0.0
ailerons,0.05,100,0.05,0.1,0.05,0.0
ailerons,0.05,100,0.05,0.07,0.02,0.0
ailerons,0.05,100,0.05,0.03,0.02,0.0
ailerons,0.05,100,0.05,0.08,0.03,0.0
ailerons,0.11,100,0.11,0.13,0.02,0.0
ailerons,0.11,100,0.11,0.19,0.08,0.0
ailerons,0.11,100,0.11,0.14,0.03,0.0
ailerons,0.11,100,0.11,0.14,0.03,0.0
ailerons,0.11,100,0.11,0.19,0.08,0.0
ailerons,0.11,100,0.11,0.03,0.08,0.0
ailerons,0.11,100,0.11,0.08,0.03,0.0
ailerons,0.11,100,0.11,0.12,0.01,0.0
ailerons,0.11,100,0.11,0.14,0.03,0.0
ailerons,0.11,100,0.11,0.16,0.05,0.0
ailerons,0.16,100,0.16,0.15,0.01,0.0
ailerons,0.16,100,0.16,0.19,0.03,0.0
ailerons,0.16,100,0.16,0.14,0.02,0.0
ailerons,0.16,100,0.16,0.14,0.02,0.0
ailerons,0.16,100,0.16,0.14,0.02,0.0
ailerons,0.16,100,0.16,0.16,0.0,0.0
ailerons,0.16,100,0.16,0.15,0.01,0.0
ailerons,0.16,100,0.16,0.2,0.04,0.0
ailerons,0.16,100,0.16,0.19,0.03,0.0003216266632080078
ailerons,0.16,100,0.16,0.17,0.01,0.0
ailerons,0.21,100,0.21,0.22,0.01,0.0
ailerons,0.21,100,0.21,0.21,0.0,0.0
ailerons,0.21,100,0.21,0.23,0.02,0.0
ailerons,0.21,100,0.21,0.18,0.03,0.0
ailerons,0.21,100,0.21,0.25,0.04,0.0
ailerons,0.21,100,0.21,0.17,0.04,0.0
ailerons,0.21,100,0.21,0.22,0.01,0.0
ailerons,0.21,100,0.21,0.18,0.03,0.0
ailerons,0.21,100,0.21,0.23,0.02,0.0
ailerons,0.21,100,0.21,0.31,0.1,0.0
ailerons,0.26,100,0.26,0.32,0.06,0.0
ailerons,0.26,100,0.26,0.24,0.02,0.0
ailerons,0.26,100,0.26,0.26,0.0,0.0
ailerons,0.26,100,0.26,0.24,0.02,0.0
ailerons,0.26,100,0.26,0.26,0.0,0.0
ailerons,0.26,100,0.26,0.27,0.01,0.0
ailerons,0.26,100,0.26,0.25,0.01,0.0
ailerons,0.26,100,0.26,0.28,0.02,0.0
ailerons,0.26,100,0.26,0.25,0.01,0.0
ailerons,0.26,100,0.26,0.29,0.03,0.0
ailerons,0.32,100,0.32,0.38,0.06,0.0
ailerons,0.32,100,0.32,0.3,0.02,0.0
ailerons,0.32,100,0.32,0.31,0.01,0.0
ailerons,0.32,100,0.32,0.3,0.02,0.0
ailerons,0.32,100,0.32,0.3,0.02,0.0
ailerons,0.32,100,0.32,0.36,0.04,0.0
ailerons,0.32,100,0.32,0.25,0.07,0.0
ailerons,0.32,100,0.32,0.29,0.03,0.0
ailerons,0.32,100,0.32,0.27,0.05,0.0
ailerons,0.32,100,0.32,0.29,0.03,0.0
ailerons,0.37,100,0.37,0.36,0.01,0.0
ailerons,0.37,100,0.37,0.35,0.02,0.0
ailerons,0.37,100,0.37,0.32,0.05,0.0
ailerons,0.37,100,0.37,0.36,0.01,0.0
ailerons,0.37,100,0.37,0.46,0.09,0.0
ailerons,0.37,100,0.37,0.36,0.01,0.0
ailerons,0.37,100,0.37,0.41,0.04,0.0
ailerons,0.37,100,0.37,0.36,0.01,0.0
ailerons,0.37,100,0.37,0.4,0.03,0.0
ailerons,0.37,100,0.37,0.37,0.0,0.0
ailerons,0.42,100,0.42,0.45,0.03,0.0
ailerons,0.42,100,0.42,0.56,0.14,0.0
ailerons,0.42,100,0.42,0.39,0.03,0.0
ailerons,0.42,100,0.42,0.46,0.04,0.0
ailerons,0.42,100,0.42,0.46,0.04,0.0
ailerons,0.42,100,0.42,0.42,0.0,0.0
ailerons,0.42,100,0.42,0.47,0.05,0.0
ailerons,0.42,100,0.42,0.41,0.01,0.0
ailerons,0.42,100,0.42,0.41,0.01,0.0
ailerons,0.42,100,0.42,0.43,0.01,0.0
ailerons,0.47,100,0.47,0.5,0.03,0.0
ailerons,0.47,100,0.47,0.42,0.05,0.0
ailerons,0.47,100,0.47,0.54,0.07,0.0
ailerons,0.47,100,0.47,0.52,0.05,0.0
ailerons,0.47,100,0.47,0.48,0.01,0.0
ailerons,0.47,100,0.47,0.45,0.02,0.0
ailerons,0.47,100,0.47,0.51,0.04,0.0
ailerons,0.47,100,0.47,0.45,0.02,0.0
ailerons,0.47,100,0.47,0.45,0.02,0.0056688785552978516
ailerons,0.47,100,0.47,0.48,0.01,0.0
ailerons,0.53,100,0.53,0.55,0.02,0.0
ailerons,0.53,100,0.53,0.51,0.02,0.000993967056274414
ailerons,0.53,100,0.53,0.44,0.09,0.0
ailerons,0.53,100,0.53,0.5,0.03,0.0
ailerons,0.53,100,0.53,0.47,0.06,0.0
ailerons,0.53,100,0.53,0.52,0.01,0.0
ailerons,0.53,100,0.53,0.56,0.03,0.0
ailerons,0.53,100,0.53,0.56,0.03,0.0009984970092773438
ailerons,0.53,100,0.53,0.52,0.01,0.0
ailerons,0.53,100,0.53,0.54,0.01,0.0
ailerons,0.58,100,0.58,0.53,0.05,0.0
ailerons,0.58,100,0.58,0.55,0.03,0.0
ailerons,0.58,100,0.58,0.67,0.09,0.0
ailerons,0.58,100,0.58,0.59,0.01,0.0
ailerons,0.58,100,0.58,0.58,0.0,0.0
ailerons,0.58,100,0.58,0.62,0.04,0.0
ailerons,0.58,100,0.58,0.6,0.02,0.0
ailerons,0.58,100,0.58,0.6,0.02,0.0
ailerons,0.58,100,0.58,0.58,0.0,0.0
ailerons,0.58,100,0.58,0.54,0.04,0.0010006427764892578
ailerons,0.63,100,0.63,0.62,0.01,0.0
ailerons,0.63,100,0.63,0.62,0.01,0.0
ailerons,0.63,100,0.63,0.61,0.02,0.0
ailerons,0.63,100,0.63,0.69,0.06,0.0
ailerons,0.63,100,0.63,0.72,0.09,0.0
ailerons,0.63,100,0.63,0.62,0.01,0.0
ailerons,0.63,100,0.63,0.68,0.05,0.0
ailerons,0.63,100,0.63,0.68,0.05,0.0
ailerons,0.63,100,0.63,0.64,0.01,0.0
ailerons,0.63,100,0.63,0.67,0.04,0.0
ailerons,0.68,100,0.68,0.69,0.01,0.0
ailerons,0.68,100,0.68,0.7,0.02,0.0
ailerons,0.68,100,0.68,0.66,0.02,0.0
ailerons,0.68,100,0.68,0.73,0.05,0.0
ailerons,0.68,100,0.68,0.73,0.05,0.0
ailerons,0.68,100,0.68,0.68,0.0,0.0
ailerons,0.68,100,0.68,0.66,0.02,0.0
ailerons,0.68,100,0.68,0.65,0.03,0.0
ailerons,0.68,100,0.68,0.68,0.0,0.0
ailerons,0.68,100,0.68,0.73,0.05,0.0
ailerons,0.74,100,0.74,0.75,0.01,0.0
ailerons,0.74,100,0.74,0.74,0.0,0.0
ailerons,0.74,100,0.74,0.76,0.02,0.0
ailerons,0.74,100,0.74,0.76,0.02,0.0
ailerons,0.74,100,0.74,0.75,0.01,0.0
ailerons,0.74,100,0.74,0.75,0.01,0.0
ailerons,0.74,100,0.74,0.74,0.0,0.0
ailerons,0.74,100,0.74,0.83,0.09,0.0
ailerons,0.74,100,0.74,0.7,0.04,0.0
ailerons,0.74,100,0.74,0.69,0.05,0.0
ailerons,0.79,100,0.79,0.79,0.0,0.0
ailerons,0.79,100,0.79,0.79,0.0,0.0
ailerons,0.79,100,0.79,0.81,0.02,0.0
ailerons,0.79,100,0.79,0.8,0.01,0.0010094642639160156
ailerons,0.79,100,0.79,0.77,0.02,0.0
ailerons,0.79,100,0.79,0.75,0.04,0.0
ailerons,0.79,100,0.79,0.75,0.04,0.0
ailerons,0.79,100,0.79,0.76,0.03,0.0
ailerons,0.79,100,0.79,0.76,0.03,0.0
ailerons,0.79,100,0.79,0.75,0.04,0.0
ailerons,0.84,100,0.84,0.88,0.04,0.0
ailerons,0.84,100,0.84,0.77,0.07,0.0
ailerons,0.84,100,0.84,0.78,0.06,0.0
ailerons,0.84,100,0.84,0.89,0.05,0.0
ailerons,0.84,100,0.84,0.91,0.07,0.0
ailerons,0.84,100,0.84,0.86,0.02,0.0
ailerons,0.84,100,0.84,0.87,0.03,0.0
ailerons,0.84,100,0.84,0.87,0.03,0.0
ailerons,0.84,100,0.84,0.82,0.02,0.0
ailerons,0.84,100,0.84,0.86,0.02,0.0
ailerons,0.89,100,0.89,0.92,0.03,0.0
ailerons,0.89,100,0.89,0.88,0.01,0.0
ailerons,0.89,100,0.89,0.87,0.02,0.0
ailerons,0.89,100,0.89,0.9,0.01,0.0
ailerons,0.89,100,0.89,0.94,0.05,0.0
ailerons,0.89,100,0.89,0.95,0.06,0.0
ailerons,0.89,100,0.89,0.88,0.01,0.0
ailerons,0.89,100,0.89,0.91,0.02,0.0
ailerons,0.89,100,0.89,0.87,0.02,0.0
ailerons,0.89,100,0.89,0.93,0.04,0.0
ailerons,0.95,100,0.95,0.97,0.02,0.0
ailerons,0.95,100,0.95,0.95,0.0,0.0
ailerons,0.95,100,0.95,0.93,0.02,0.0
ailerons,0.95,100,0.95,0.95,0.0,0.0
ailerons,0.95,100,0.95,0.96,0.01,0.0
ailerons,0.95,100,0.95,1.0,0.05,0.0
ailerons,0.95,100,0.95,1.0,0.05,0.0
ailerons,0.95,100,0.95,0.92,0.03,0.0
ailerons,0.95,100,0.95,0.98,0.03,0.0
ailerons,0.95,100,0.95,0.96,0.01,0.0
ailerons,1.0,100,1.0,0.97,0.03,0.0
ailerons,1.0,100,1.0,1.0,0.0,0.0
ailerons,1.0,100,1.0,1.0,0.0,0.0
ailerons,1.0,100,1.0,0.95,0.05,0.0
ailerons,1.0,100,1.0,1.0,0.0,0.0
ailerons,1.0,100,1.0,1.0,0.0,0.0
ailerons,1.0,100,1.0,1.0,0.0,0.0
ailerons,1.0,100,1.0,1.0,0.0,0.0
ailerons,1.0,100,1.0,0.92,0.08,0.0
ailerons,1.0,100,1.0,0.99,0.01,0.0
BNG_breast-w,0.0,100,0.0,0.0,0.0,0.0
BNG_breast-w,0.0,100,0.0,0.0,0.0,0.0
BNG_breast-w,0.0,100,0.0,0.0,0.0,0.0
BNG_breast-w,0.0,100,0.0,0.0,0.0,0.0
BNG_breast-w,0.0,100,0.0,0.01,0.01,0.0003771781921386719
BNG_breast-w,0.0,100,0.0,0.02,0.02,0.0
BNG_breast-w,0.0,100,0.0,0.0,0.0,0.0
BNG_breast-w,0.0,100,0.0,0.0,0.0,0.0
BNG_breast-w,0.0,100,0.0,0.0,0.0,0.0
BNG_breast-w,0.0,100,0.0,0.0,0.0,0.0
BNG_breast-w,0.05,100,0.05,0.04,0.01,0.0
BNG_breast-w,0.05,100,0.05,0.06,0.01,0.0
BNG_breast-w,0.05,100,0.05,0.04,0.01,0.0
BNG_breast-w,0.05,100,0.05,0.04,0.01,0.0
BNG_breast-w,0.05,100,0.05,0.04,0.01,0.0
BNG_breast-w,0.05,100,0.05,0.02,0.03,0.0
BNG_breast-w,0.05,100,0.05,0.03,0.02,0.0
BNG_breast-w,0.05,100,0.05,0.06,0.01,0.0
BNG_breast-w,0.05,100,0.05,0.05,0.0,0.0
BNG_breast-w,0.05,100,0.05,0.03,0.02,0.0
BNG_breast-w,0.11,100,0.11,0.11,0.0,0.0
BNG_breast-w,0.11,100,0.11,0.12,0.01,0.0
BNG_breast-w,0.11,100,0.11,0.08,0.03,0.0
BNG_breast-w,0.11,100,0.11,0.13,0.02,0.0
BNG_breast-w,0.11,100,0.11,0.11,0.0,0.0
BNG_breast-w,0.11,100,0.11,0.1,0.01,0.0
BNG_breast-w,0.11,100,0.11,0.13,0.02,0.0
BNG_breast-w,0.11,100,0.11,0.1,0.01,0.0010058879852294922
BNG_breast-w,0.11,100,0.11,0.12,0.01,0.0
BNG_breast-w,0.11,100,0.11,0.11,0.0,0.0
BNG_breast-w,0.16,100,0.16,0.16,0.0,0.0
BNG_breast-w,0.16,100,0.16,0.17,0.01,0.0
BNG_breast-w,0.16,100,0.16,0.17,0.01,0.0
BNG_breast-w,0.16,100,0.16,0.17,0.01,0.0
BNG_breast-w,0.16,100,0.16,0.15,0.01,0.0
BNG_breast-w,0.16,100,0.16,0.18,0.02,0.0
BNG_breast-w,0.16,100,0.16,0.16,0.0,0.0
BNG_breast-w,0.16,100,0.16,0.16,0.0,0.0
BNG_breast-w,0.16,100,0.16,0.16,0.0,0.0
BNG_breast-w,0.16,100,0.16,0.15,0.01,0.0
BNG_breast-w,0.21,100,0.21,0.21,0.0,0.0
BNG_breast-w,0.21,100,0.21,0.22,0.01,0.0
BNG_breast-w,0.21,100,0.21,0.21,0.0,0.0
BNG_breast-w,0.21,100,0.21,0.2,0.01,0.0
BNG_breast-w,0.21,100,0.21,0.23,0.02,0.0
BNG_breast-w,0.21,100,0.21,0.21,0.0,0.0
BNG_breast-w,0.21,100,0.21,0.22,0.01,0.0
BNG_breast-w,0.21,100,0.21,0.21,0.0,0.0
BNG_breast-w,0.21,100,0.21,0.22,0.01,0.0
BNG_breast-w,0.21,100,0.21,0.22,0.01,0.0
BNG_breast-w,0.26,100,0.26,0.26,0.0,0.0
BNG_breast-w,0.26,100,0.26,0.27,0.01,0.0
BNG_breast-w,0.26,100,0.26,0.26,0.0,0.0
BNG_breast-w,0.26,100,0.26,0.25,0.01,0.0
BNG_breast-w,0.26,100,0.26,0.26,0.0,0.0
BNG_breast-w,0.26,100,0.26,0.28,0.02,0.0
BNG_breast-w,0.26,100,0.26,0.27,0.01,0.0
BNG_breast-w,0.26,100,0.26,0.25,0.01,0.0
BNG_breast-w,0.26,100,0.26,0.27,0.01,0.0
BNG_breast-w,0.26,100,0.26,0.24,0.02,0.0
BNG_breast-w,0.32,100,0.32,0.31,0.01,0.0
BNG_breast-w,0.32,100,0.32,0.32,0.0,0.0
BNG_breast-w,0.32,100,0.32,0.32,0.0,0.0
BNG_breast-w,0.32,100,0.32,0.31,0.01,0.0
BNG_breast-w,0.32,100,0.32,0.31,0.01,0.0
BNG_breast-w,0.32,100,0.32,0.32,0.0,0.0
BNG_breast-w,0.32,100,0.32,0.34,0.02,0.0
BNG_breast-w,0.32,100,0.32,0.32,0.0,0.0
BNG_breast-w,0.32,100,0.32,0.31,0.01,0.0
BNG_breast-w,0.32,100,0.32,0.33,0.01,0.0
BNG_breast-w,0.37,100,0.37,0.38,0.01,0.0
BNG_breast-w,0.37,100,0.37,0.37,0.0,0.0
BNG_breast-w,0.37,100,0.37,0.34,0.03,0.0
BNG_breast-w,0.37,100,0.37,0.35,0.02,0.0
BNG_breast-w,0.37,100,0.37,0.38,0.01,0.0
BNG_breast-w,0.37,100,0.37,0.37,0.0,0.0010848045349121094
BNG_breast-w,0.37,100,0.37,0.39,0.02,0.000997781753540039
BNG_breast-w,0.37,100,0.37,0.35,0.02,0.0
BNG_breast-w,0.37,100,0.37,0.35,0.02,0.0
BNG_breast-w,0.37,100,0.37,0.36,0.01,0.0
BNG_breast-w,0.42,100,0.42,0.42,0.0,0.0
BNG_breast-w,0.42,100,0.42,0.42,0.0,0.0
BNG_breast-w,0.42,100,0.42,0.4,0.02,0.0
BNG_breast-w,0.42,100,0.42,0.42,0.0,0.0
BNG_breast-w,0.42,100,0.42,0.42,0.0,0.0
BNG_breast-w,0.42,100,0.42,0.41,0.01,0.0
BNG_breast-w,0.42,100,0.42,0.41,0.01,0.0
BNG_breast-w,0.42,100,0.42,0.42,0.0,0.0009846687316894531
BNG_breast-w,0.42,100,0.42,0.42,0.0,0.0
BNG_breast-w,0.42,100,0.42,0.4,0.02,0.0
BNG_breast-w,0.47,100,0.47,0.47,0.0,0.0
BNG_breast-w,0.47,100,0.47,0.45,0.02,0.0
BNG_breast-w,0.47,100,0.47,0.48,0.01,0.0
BNG_breast-w,0.47,100,0.47,0.48,0.01,0.0
BNG_breast-w,0.47,100,0.47,0.46,0.01,0.0009932518005371094
BNG_breast-w,0.47,100,0.47,0.46,0.01,0.0
BNG_breast-w,0.47,100,0.47,0.48,0.01,0.0004677772521972656
BNG_breast-w,0.47,100,0.47,0.47,0.0,0.0
BNG_breast-w,0.47,100,0.47,0.47,0.0,0.0
BNG_breast-w,0.47,100,0.47,0.46,0.01,0.0
BNG_breast-w,0.53,100,0.53,0.52,0.01,0.0
BNG_breast-w,0.53,100,0.53,0.54,0.01,0.0
BNG_breast-w,0.53,100,0.53,0.52,0.01,0.0
BNG_breast-w,0.53,100,0.53,0.54,0.01,0.0005526542663574219
BNG_breast-w,0.53,100,0.53,0.55,0.02,0.0
BNG_breast-w,0.53,100,0.53,0.52,0.01,0.0
BNG_breast-w,0.53,100,0.53,0.53,0.0,0.0
BNG_breast-w,0.53,100,0.53,0.52,0.01,0.0
BNG_breast-w,0.53,100,0.53,0.52,0.01,0.0
BNG_breast-w,0.53,100,0.53,0.53,0.0,0.0
BNG_breast-w,0.58,100,0.58,0.58,0.0,0.0
BNG_breast-w,0.58,100,0.58,0.57,0.01,0.0
BNG_breast-w,0.58,100,0.58,0.56,0.02,0.0
BNG_breast-w,0.58,100,0.58,0.59,0.01,0.0
BNG_breast-w,0.58,100,0.58,0.58,0.0,0.0
BNG_breast-w,0.58,100,0.58,0.58,0.0,0.0
BNG_breast-w,0.58,100,0.58,0.56,0.02,0.0
BNG_breast-w,0.58,100,0.58,0.58,0.0,0.0
BNG_breast-w,0.58,100,0.58,0.58,0.0,0.0
BNG_breast-w,0.58,100,0.58,0.57,0.01,0.0
BNG_breast-w,0.63,100,0.63,0.61,0.02,0.0
BNG_breast-w,0.63,100,0.63,0.62,0.01,0.0
BNG_breast-w,0.63,100,0.63,0.64,0.01,0.0
BNG_breast-w,0.63,100,0.63,0.62,0.01,0.0
BNG_breast-w,0.63,100,0.63,0.62,0.01,0.0
BNG_breast-w,0.63,100,0.63,0.62,0.01,0.0
BNG_breast-w,0.63,100,0.63,0.64,0.01,0.0
BNG_breast-w,0.63,100,0.63,0.64,0.01,0.0
BNG_breast-w,0.63,100,0.63,0.64,0.01,0.0
BNG_breast-w,0.63,100,0.63,0.62,0.01,0.0
BNG_breast-w,0.68,100,0.68,0.69,0.01,0.0
BNG_breast-w,0.68,100,0.68,0.68,0.0,0.0
BNG_breast-w,0.68,100,0.68,0.68,0.0,0.0
BNG_breast-w,0.68,100,0.68,0.69,0.01,0.0
BNG_breast-w,0.68,100,0.68,0.66,0.02,0.0
BNG_breast-w,0.68,100,0.68,0.68,0.0,0.0
BNG_breast-w,0.68,100,0.68,0.68,0.0,0.0
BNG_breast-w,0.68,100,0.68,0.7,0.02,0.0
BNG_breast-w,0.68,100,0.68,0.68,0.0,0.0
BNG_breast-w,0.68,100,0.68,0.69,0.01,0.0
BNG_breast-w,0.74,100,0.74,0.73,0.01,0.0
BNG_breast-w,0.74,100,0.74,0.74,0.0,0.0
BNG_breast-w,0.74,100,0.74,0.75,0.01,0.0
BNG_breast-w,0.74,100,0.74,0.73,0.01,0.0
BNG_breast-w,0.74,100,0.74,0.77,0.03,0.0
BNG_breast-w,0.74,100,0.74,0.71,0.03,0.0
BNG_breast-w,0.74,100,0.74,0.74,0.0,0.0
BNG_breast-w,0.74,100,0.74,0.75,0.01,0.0
BNG_breast-w,0.74,100,0.74,0.75,0.01,0.0
BNG_breast-w,0.74,100,0.74,0.75,0.01,0.0
BNG_breast-w,0.79,100,0.79,0.78,0.01,0.0
BNG_breast-w,0.79,100,0.79,0.79,0.0,0.0009829998016357422
BNG_breast-w,0.79,100,0.79,0.78,0.01,0.0
BNG_breast-w,0.79,100,0.79,0.79,0.0,0.0
BNG_breast-w,0.79,100,0.79,0.79,0.0,0.0
BNG_breast-w,0.79,100,0.79,0.8,0.01,0.0
BNG_breast-w,0.79,100,0.79,0.81,0.02,0.0
BNG_breast-w,0.79,100,0.79,0.8,0.01,0.0
BNG_breast-w,0.79,100,0.79,0.77,0.02,0.0
BNG_breast-w,0.79,100,0.79,0.79,0.0,0.0
BNG_breast-w,0.84,100,0.84,0.83,0.01,0.0
BNG_breast-w,0.84,100,0.84,0.86,0.02,0.0
BNG_breast-w,0.84,100,0.84,0.83,0.01,0.0
BNG_breast-w,0.84,100,0.84,0.8,0.04,0.0
BNG_breast-w,0.84,100,0.84,0.86,0.02,0.0
BNG_breast-w,0.84,100,0.84,0.84,0.0,0.0
BNG_breast-w,0.84,100,0.84,0.82,0.02,0.0
BNG_breast-w,0.84,100,0.84,0.83,0.01,0.0
BNG_breast-w,0.84,100,0.84,0.83,0.01,0.0
BNG_breast-w,0.84,100,0.84,0.82,0.02,0.0
BNG_breast-w,0.89,100,0.89,0.89,0.0,0.0
BNG_breast-w,0.89,100,0.89,0.87,0.02,0.0
BNG_breast-w,0.89,100,0.89,0.87,0.02,0.0
BNG_breast-w,0.89,100,0.89,0.89,0.0,0.0
BNG_breast-w,0.89,100,0.89,0.89,0.0,0.0
BNG_breast-w,0.89,100,0.89,0.88,0.01,0.0
BNG_breast-w,0.89,100,0.89,0.88,0.01,0.0
BNG_breast-w,0.89,100,0.89,0.87,0.02,0.0
BNG_breast-w,0.89,100,0.89,0.87,0.02,0.0
BNG_breast-w,0.89,100,0.89,0.9,0.01,0.0
BNG_breast-w,0.95,100,0.95,0.97,0.02,0.0
BNG_breast-w,0.95,100,0.95,0.95,0.0,0.0
BNG_breast-w,0.95,100,0.95,0.95,0.0,0.0
BNG_breast-w,0.95,100,0.95,0.96,0.01,0.0
BNG_breast-w,0.95,100,0.95,0.95,0.0,0.0
BNG_breast-w,0.95,100,0.95,0.92,0.03,0.0
BNG_breast-w,0.95,100,0.95,0.93,0.02,0.0
BNG_breast-w,0.95,100,0.95,0.97,0.02,0.0
BNG_breast-w,0.95,100,0.95,0.96,0.01,0.0
BNG_breast-w,0.95,100,0.95,0.95,0.0,0.0
BNG_breast-w,1.0,100,1.0,1.0,0.0,0.0
BNG_breast-w,1.0,100,1.0,1.0,0.0,0.0
BNG_breast-w,1.0,100,1.0,1.0,0.0,0.0
BNG_breast-w,1.0,100,1.0,1.0,0.0,0.0
BNG_breast-w,1.0,100,1.0,1.0,0.0,0.0
BNG_breast-w,1.0,100,1.0,0.98,0.02,0.0
BNG_breast-w,1.0,100,1.0,0.98,0.02,0.0
BNG_breast-w,1.0,100,1.0,1.0,0.0,0.0
BNG_breast-w,1.0,100,1.0,0.99,0.01,0.0
BNG_breast-w,1.0,100,1.0,1.0,0.0,0.0
file22f0e4a679,0.0,100,0.0,0.0,0.0,0.0
file22f0e4a679,0.0,100,0.0,0.0,0.0,0.0
file22f0e4a679,0.0,100,0.0,0.0,0.0,0.0
file22f0e4a679,0.0,100,0.0,0.0,0.0,0.0
file22f0e4a679,0.0,100,0.0,0.0,0.0,0.0
file22f0e4a679,0.0,100,0.0,0.0,0.0,0.0
file22f0e4a679,0.0,100,0.0,0.0,0.0,0.0
file22f0e4a679,0.0,100,0.0,0.0,0.0,0.0
file22f0e4a679,0.0,100,0.0,0.0,0.0,0.0
file22f0e4a679,0.0,100,0.0,0.0,0.0,0.0
file22f0e4a679,0.05,100,0.05,0.02,0.03,0.0
file22f0e4a679,0.05,100,0.05,0.03,0.02,0.0
file22f0e4a679,0.05,100,0.05,0.03,0.02,0.0
file22f0e4a679,0.05,100,0.05,0.04,0.01,0.0
file22f0e4a679,0.05,100,0.05,0.04,0.01,0.0
file22f0e4a679,0.05,100,0.05,0.03,0.02,0.0
file22f0e4a679,0.05,100,0.05,0.03,0.02,0.0
file22f0e4a679,0.05,100,0.05,0.04,0.01,0.0
file22f0e4a679,0.05,100,0.05,0.02,0.03,0.0
file22f0e4a679,0.05,100,0.05,0.04,0.01,0.0
file22f0e4a679,0.11,100,0.11,0.1,0.01,0.0
file22f0e4a679,0.11,100,0.11,0.1,0.01,0.0
file22f0e4a679,0.11,100,0.11,0.08,0.03,0.0
file22f0e4a679,0.11,100,0.11,0.09,0.02,0.0
file22f0e4a679,0.11,100,0.11,0.1,0.01,0.0
file22f0e4a679,0.11,100,0.11,0.09,0.02,0.0
file22f0e4a679,0.11,100,0.11,0.1,0.01,0.0
file22f0e4a679,0.11,100,0.11,0.1,0.01,0.0
file22f0e4a679,0.11,100,0.11,0.08,0.03,0.0
file22f0e4a679,0.11,100,0.11,0.09,0.02,0.0
file22f0e4a679,0.16,100,0.16,0.14,0.02,0.0
file22f0e4a679,0.16,100,0.16,0.14,0.02,0.0
file22f0e4a679,0.16,100,0.16,0.16,0.0,0.0
file22f0e4a679,0.16,100,0.16,0.13,0.03,0.0
file22f0e4a679,0.16,100,0.16,0.13,0.03,0.0
file22f0e4a679,0.16,100,0.16,0.15,0.01,0.0
file22f0e4a679,0.16,100,0.16,0.13,0.03,0.0
file22f0e4a679,0.16,100,0.16,0.15,0.01,0.0
file22f0e4a679,0.16,100,0.16,0.14,0.02,0.0
file22f0e4a679,0.16,100,0.16,0.14,0.02,0.0
file22f0e4a679,0.21,100,0.21,0.2,0.01,0.0
file22f0e4a679,0.21,100,0.21,0.2,0.01,0.0
file22f0e4a679,0.21,100,0.21,0.2,0.01,0.0
file22f0e4a679,0.21,100,0.21,0.2,0.01,0.0
file22f0e4a679,0.21,100,0.21,0.19,0.02,0.0
file22f0e4a679,0.21,100,0.21,0.19,0.02,0.0
file22f0e4a679,0.21,100,0.21,0.21,0.0,0.0
file22f0e4a679,0.21,100,0.21,0.22,0.01,0.0
file22f0e4a679,0.21,100,0.21,0.19,0.02,0.0
file22f0e4a679,0.21,100,0.21,0.21,0.0,0.0010001659393310547
file22f0e4a679,0.26,100,0.26,0.25,0.01,0.0
file22f0e4a679,0.26,100,0.26,0.24,0.02,0.0
file22f0e4a679,0.26,100,0.26,0.24,0.02,0.0
file22f0e4a679,0.26,100,0.26,0.24,0.02,0.0
file22f0e4a679,0.26,100,0.26,0.23,0.03,0.0
file22f0e4a679,0.26,100,0.26,0.24,0.02,0.0
file22f0e4a679,0.26,100,0.26,0.25,0.01,0.0
file22f0e4a679,0.26,100,0.26,0.25,0.01,0.0
file22f0e4a679,0.26,100,0.26,0.24,0.02,0.0
file22f0e4a679,0.26,100,0.26,0.25,0.01,0.0
file22f0e4a679,0.32,100,0.32,0.3,0.02,0.0
file22f0e4a679,0.32,100,0.32,0.31,0.01,0.0
file22f0e4a679,0.32,100,0.32,0.31,0.01,0.0
file22f0e4a679,0.32,100,0.32,0.32,0.0,0.0
file22f0e4a679,0.32,100,0.32,0.31,0.01,0.0
file22f0e4a679,0.32,100,0.32,0.31,0.01,0.0
file22f0e4a679,0.32,100,0.32,0.32,0.0,0.0
file22f0e4a679,0.32,100,0.32,0.32,0.0,0.0
file22f0e4a679,0.32,100,0.32,0.33,0.01,0.0
file22f0e4a679,0.32,100,0.32,0.32,0.0,0.0
file22f0e4a679,0.37,100,0.37,0.37,0.0,0.0
file22f0e4a679,0.37,100,0.37,0.37,0.0,0.0
file22f0e4a679,0.37,100,0.37,0.35,0.02,0.0
file22f0e4a679,0.37,100,0.37,0.37,0.0,0.0
file22f0e4a679,0.37,100,0.37,0.38,0.01,0.0
file22f0e4a679,0.37,100,0.37,0.37,0.0,0.0
file22f0e4a679,0.37,100,0.37,0.36,0.01,0.0
file22f0e4a679,0.37,100,0.37,0.37,0.0,0.0
file22f0e4a679,0.37,100,0.37,0.38,0.01,0.0
file22f0e4a679,0.37,100,0.37,0.36,0.01,0.0
file22f0e4a679,0.42,100,0.42,0.43,0.01,0.0
file22f0e4a679,0.42,100,0.42,0.41,0.01,0.0
file22f0e4a679,0.42,100,0.42,0.42,0.0,0.0
file22f0e4a679,0.42,100,0.42,0.4,0.02,0.0
file22f0e4a679,0.42,100,0.42,0.42,0.0,0.0
file22f0e4a679,0.42,100,0.42,0.42,0.0,0.000985860824584961
file22f0e4a679,0.42,100,0.42,0.42,0.0,0.0
file22f0e4a679,0.42,100,0.42,0.41,0.01,0.0
file22f0e4a679,0.42,100,0.42,0.41,0.01,0.0
file22f0e4a679,0.42,100,0.42,0.41,0.01,0.0
file22f0e4a679,0.47,100,0.47,0.48,0.01,0.0
file22f0e4a679,0.47,100,0.47,0.47,0.0,0.0
file22f0e4a679,0.47,100,0.47,0.47,0.0,0.0
file22f0e4a679,0.47,100,0.47,0.45,0.02,0.0
file22f0e4a679,0.47,100,0.47,0.48,0.01,0.0
file22f0e4a679,0.47,100,0.47,0.47,0.0,0.0
file22f0e4a679,0.47,100,0.47,0.46,0.01,0.0
file22f0e4a679,0.47,100,0.47,0.47,0.0,0.0
file22f0e4a679,0.47,100,0.47,0.49,0.02,0.0
file22f0e4a679,0.47,100,0.47,0.46,0.01,0.0
file22f0e4a679,0.53,100,0.53,0.53,0.0,0.0
file22f0e4a679,0.53,100,0.53,0.52,0.01,0.0
file22f0e4a679,0.53,100,0.53,0.52,0.01,0.0
file22f0e4a679,0.53,100,0.53,0.54,0.01,0.0
file22f0e4a679,0.53,100,0.53,0.53,0.0,0.0
file22f0e4a679,0.53,100,0.53,0.53,0.0,0.0
file22f0e4a679,0.53,100,0.53,0.54,0.01,0.0
file22f0e4a679,0.53,100,0.53,0.51,0.02,0.0
file22f0e4a679,0.53,100,0.53,0.53,0.0,0.0
file22f0e4a679,0.53,100,0.53,0.53,0.0,0.0
file22f0e4a679,0.58,100,0.58,0.58,0.0,0.0
file22f0e4a679,0.58,100,0.58,0.57,0.01,0.0
file22f0e4a679,0.58,100,0.58,0.59,0.01,0.0
file22f0e4a679,0.58,100,0.58,0.59,0.01,0.0
file22f0e4a679,0.58,100,0.58,0.59,0.01,0.0
file22f0e4a679,0.58,100,0.58,0.58,0.0,0.0
file22f0e4a679,0.58,100,0.58,0.58,0.0,0.0
file22f0e4a679,0.58,100,0.58,0.58,0.0,0.0
file22f0e4a679,0.58,100,0.58,0.59,0.01,0.0
file22f0e4a679,0.58,100,0.58,0.57,0.01,0.0
file22f0e4a679,0.63,100,0.63,0.62,0.01,0.0
file22f0e4a679,0.63,100,0.63,0.62,0.01,0.0
file22f0e4a679,0.63,100,0.63,0.62,0.01,0.0
file22f0e4a679,0.63,100,0.63,0.64,0.01,0.0
file22f0e4a679,0.63,100,0.63,0.62,0.01,0.0
file22f0e4a679,0.63,100,0.63,0.64,0.01,0.0
file22f0e4a679,0.63,100,0.63,0.64,0.01,0.0
file22f0e4a679,0.63,100,0.63,0.61,0.02,0.0
file22f0e4a679,0.63,100,0.63,0.64,0.01,0.0
file22f0e4a679,0.63,100,0.63,0.63,0.0,0.013605117797851562
file22f0e4a679,0.68,100,0.68,0.7,0.02,0.0
file22f0e4a679,0.68,100,0.68,0.68,0.0,0.0
file22f0e4a679,0.68,100,0.68,0.69,0.01,0.0
file22f0e4a679,0.68,100,0.68,0.67,0.01,0.0
file22f0e4a679,0.68,100,0.68,0.68,0.0,0.0
file22f0e4a679,0.68,100,0.68,0.69,0.01,0.0
file22f0e4a679,0.68,100,0.68,0.68,0.0,0.0
file22f0e4a679,0.68,100,0.68,0.68,0.0,0.0
file22f0e4a679,0.68,100,0.68,0.69,0.01,0.0
file22f0e4a679,0.68,100,0.68,0.67,0.01,0.0
file22f0e4a679,0.74,100,0.74,0.75,0.01,0.0
file22f0e4a679,0.74,100,0.74,0.75,0.01,0.0
file22f0e4a679,0.74,100,0.74,0.74,0.0,0.0
file22f0e4a679,0.74,100,0.74,0.72,0.02,0.001115560531616211
file22f0e4a679,0.74,100,0.74,0.75,0.01,0.0
file22f0e4a679,0.74,100,0.74,0.73,0.01,0.0
file22f0e4a679,0.74,100,0.74,0.75,0.01,0.0
file22f0e4a679,0.74,100,0.74,0.74,0.0,0.0
file22f0e4a679,0.74,100,0.74,0.74,0.0,0.0
file22f0e4a679,0.74,100,0.74,0.74,0.0,0.0
file22f0e4a679,0.79,100,0.79,0.79,0.0,0.0
file22f0e4a679,0.79,100,0.79,0.8,0.01,0.0
file22f0e4a679,0.79,100,0.79,0.8,0.01,0.0
file22f0e4a679,0.79,100,0.79,0.79,0.0,0.0
file22f0e4a679,0.79,100,0.79,0.8,0.01,0.0
file22f0e4a679,0.79,100,0.79,0.8,0.01,0.0
file22f0e4a679,0.79,100,0.79,0.79,0.0,0.0
file22f0e4a679,0.79,100,0.79,0.79,0.0,0.0
file22f0e4a679,0.79,100,0.79,0.81,0.02,0.0
file22f0e4a679,0.79,100,0.79,0.8,0.01,0.0
file22f0e4a679,0.84,100,0.84,0.86,0.02,0.0
file22f0e4a679,0.84,100,0.84,0.83,0.01,0.0
file22f0e4a679,0.84,100,0.84,0.84,0.0,0.0
file22f0e4a679,0.84,100,0.84,0.83,0.01,0.0
file22f0e4a679,0.84,100,0.84,0.85,0.01,0.0
file22f0e4a679,0.84,100,0.84,0.84,0.0,0.0
file22f0e4a679,0.84,100,0.84,0.85,0.01,0.0
file22f0e4a679,0.84,100,0.84,0.84,0.0,0.0
file22f0e4a679,0.84,100,0.84,0.85,0.01,0.0
file22f0e4a679,0.84,100,0.84,0.85,0.01,0.0
file22f0e4a679,0.89,100,0.89,0.89,0.0,0.0
file22f0e4a679,0.89,100,0.89,0.9,0.01,0.0
file22f0e4a679,0.89,100,0.89,0.91,0.02,0.0
file22f0e4a679,0.89,100,0.89,0.9,0.01,0.0
file22f0e4a679,0.89,100,0.89,0.89,0.0,0.0
file22f0e4a679,0.89,100,0.89,0.9,0.01,0.0
file22f0e4a679,0.89,100,0.89,0.89,0.0,0.0
file22f0e4a679,0.89,100,0.89,0.91,0.02,0.0
file22f0e4a679,0.89,100,0.89,0.9,0.01,0.0
file22f0e4a679,0.89,100,0.89,0.9,0.01,0.0
file22f0e4a679,0.95,100,0.95,0.95,0.0,0.0
file22f0e4a679,0.95,100,0.95,0.96,0.01,0.0
file22f0e4a679,0.95,100,0.95,0.95,0.0,0.0
file22f0e4a679,0.95,100,0.95,0.97,0.02,0.0
file22f0e4a679,0.95,100,0.95,0.97,0.02,0.0
file22f0e4a679,0.95,100,0.95,0.96,0.01,0.0
file22f0e4a679,0.95,100,0.95,0.97,0.02,0.0
file22f0e4a679,0.95,100,0.95,0.96,0.01,0.0
file22f0e4a679,0.95,100,0.95,0.95,0.0,0.0
file22f0e4a679,0.95,100,0.95,0.96,0.01,0.0
file22f0e4a679,1.0,100,1.0,1.0,0.0,0.0
file22f0e4a679,1.0,100,1.0,1.0,0.0,0.0
file22f0e4a679,1.0,100,1.0,1.0,0.0,0.0
file22f0e4a679,1.0,100,1.0,1.0,0.0,0.0
file22f0e4a679,1.0,100,1.0,1.0,0.0,0.0
file22f0e4a679,1.0,100,1.0,1.0,0.0,0.0
file22f0e4a679,1.0,100,1.0,1.0,0.0,0.0
file22f0e4a679,1.0,100,1.0,1.0,0.0,0.0
file22f0e4a679,1.0,100,1.0,1.0,0.0,0.0
file22f0e4a679,1.0,100,1.0,1.0,0.0,0.0
file7b5365fa741c,0.0,100,0.0,0.01,0.01,0.0010135173797607422
file7b5365fa741c,0.0,100,0.0,0.03,0.03,0.0
file7b5365fa741c,0.0,100,0.0,0.0,0.0,0.0
file7b5365fa741c,0.0,100,0.0,0.0,0.0,0.0
file7b5365fa741c,0.0,100,0.0,0.0,0.0,0.0
file7b5365fa741c,0.0,100,0.0,0.0,0.0,0.0
file7b5365fa741c,0.0,100,0.0,0.0,0.0,0.0
file7b5365fa741c,0.0,100,0.0,0.02,0.02,0.0
file7b5365fa741c,0.0,100,0.0,0.0,0.0,0.0
file7b5365fa741c,0.0,100,0.0,0.0,0.0,0.0
file7b5365fa741c,0.05,100,0.05,0.0,0.05,0.0
file7b5365fa741c,0.05,100,0.05,0.03,0.02,0.0
file7b5365fa741c,0.05,100,0.05,0.05,0.0,0.0
file7b5365fa741c,0.05,100,0.05,0.05,0.0,0.0
file7b5365fa741c,0.05,100,0.05,0.05,0.0,0.0
file7b5365fa741c,0.05,100,0.05,0.07,0.02,0.0
file7b5365fa741c,0.05,100,0.05,0.03,0.02,0.0
file7b5365fa741c,0.05,100,0.05,0.03,0.02,0.0
file7b5365fa741c,0.05,100,0.05,0.0,0.05,0.0
file7b5365fa741c,0.05,100,0.05,0.01,0.04,0.0
file7b5365fa741c,0.11,100,0.11,0.15,0.04,0.0
file7b5365fa741c,0.11,100,0.11,0.13,0.02,0.0
file7b5365fa741c,0.11,100,0.11,0.11,0.0,0.0
file7b5365fa741c,0.11,100,0.11,0.05,0.06,0.0
file7b5365fa741c,0.11,100,0.11,0.19,0.08,0.0
file7b5365fa741c,0.11,100,0.11,0.18,0.07,0.0
file7b5365fa741c,0.11,100,0.11,0.03,0.08,0.0
file7b5365fa741c,0.11,100,0.11,0.07,0.04,0.0
file7b5365fa741c,0.11,100,0.11,0.05,0.06,0.0
file7b5365fa741c,0.11,100,0.11,0.15,0.04,0.0
file7b5365fa741c,0.16,100,0.16,0.12,0.04,0.0
file7b5365fa741c,0.16,100,0.16,0.23,0.07,0.0
file7b5365fa741c,0.16,100,0.16,0.2,0.04,0.0
file7b5365fa741c,0.16,100,0.16,0.19,0.03,0.0
file7b5365fa741c,0.16,100,0.16,0.23,0.07,0.0
file7b5365fa741c,0.16,100,0.16,0.11,0.05,0.0
file7b5365fa741c,0.16,100,0.16,0.19,0.03,0.0
file7b5365fa741c,0.16,100,0.16,0.07,0.09,0.0
file7b5365fa741c,0.16,100,0.16,0.11,0.05,0.0
file7b5365fa741c,0.16,100,0.16,0.13,0.03,0.0
file7b5365fa741c,0.21,100,0.21,0.3,0.09,0.0
file7b5365fa741c,0.21,100,0.21,0.16,0.05,0.0
file7b5365fa741c,0.21,100,0.21,0.3,0.09,0.0
file7b5365fa741c,0.21,100,0.21,0.29,0.08,0.0
file7b5365fa741c,0.21,100,0.21,0.21,0.0,0.0
file7b5365fa741c,0.21,100,0.21,0.12,0.09,0.0
file7b5365fa741c,0.21,100,0.21,0.2,0.01,0.0
file7b5365fa741c,0.21,100,0.21,0.22,0.01,0.0
file7b5365fa741c,0.21,100,0.21,0.25,0.04,0.0
file7b5365fa741c,0.21,100,0.21,0.24,0.03,0.0
file7b5365fa741c,0.26,100,0.26,0.29,0.03,0.0
file7b5365fa741c,0.26,100,0.26,0.26,0.0,0.0
file7b5365fa741c,0.26,100,0.26,0.28,0.02,0.0
file7b5365fa741c,0.26,100,0.26,0.2,0.06,0.0
file7b5365fa741c,0.26,100,0.26,0.28,0.02,0.0
file7b5365fa741c,0.26,100,0.26,0.28,0.02,0.0
file7b5365fa741c,0.26,100,0.26,0.25,0.01,0.0
file7b5365fa741c,0.26,100,0.26,0.28,0.02,0.0
file7b5365fa741c,0.26,100,0.26,0.25,0.01,0.0
file7b5365fa741c,0.26,100,0.26,0.23,0.03,0.0
file7b5365fa741c,0.32,100,0.32,0.39,0.07,0.0
file7b5365fa741c,0.32,100,0.32,0.33,0.01,0.0
file7b5365fa741c,0.32,100,0.32,0.33,0.01,0.0
file7b5365fa741c,0.32,100,0.32,0.28,0.04,0.0
file7b5365fa741c,0.32,100,0.32,0.35,0.03,0.0
file7b5365fa741c,0.32,100,0.32,0.35,0.03,0.0009996891021728516
file7b5365fa741c,0.32,100,0.32,0.35,0.03,0.0
file7b5365fa741c,0.32,100,0.32,0.32,0.0,0.0
file7b5365fa741c,0.32,100,0.32,0.29,0.03,0.0
file7b5365fa741c,0.32,100,0.32,0.36,0.04,0.0
file7b5365fa741c,0.37,100,0.37,0.43,0.06,0.0
file7b5365fa741c,0.37,100,0.37,0.39,0.02,0.0
file7b5365fa741c,0.37,100,0.37,0.32,0.05,0.0
file7b5365fa741c,0.37,100,0.37,0.37,0.0,0.0
file7b5365fa741c,0.37,100,0.37,0.32,0.05,0.0
file7b5365fa741c,0.37,100,0.37,0.35,0.02,0.0
file7b5365fa741c,0.37,100,0.37,0.38,0.01,0.0
file7b5365fa741c,0.37,100,0.37,0.29,0.08,0.0
file7b5365fa741c,0.37,100,0.37,0.42,0.05,0.0
file7b5365fa741c,0.37,100,0.37,0.39,0.02,0.0
file7b5365fa741c,0.42,100,0.42,0.45,0.03,0.0
file7b5365fa741c,0.42,100,0.42,0.43,0.01,0.0
file7b5365fa741c,0.42,100,0.42,0.36,0.06,0.0
file7b5365fa741c,0.42,100,0.42,0.43,0.01,0.0
file7b5365fa741c,0.42,100,0.42,0.41,0.01,0.0
file7b5365fa741c,0.42,100,0.42,0.41,0.01,0.0
file7b5365fa741c,0.42,100,0.42,0.45,0.03,0.0
file7b5365fa741c,0.42,100,0.42,0.4,0.02,0.0
file7b5365fa741c,0.42,100,0.42,0.32,0.1,0.0
file7b5365fa741c,0.42,100,0.42,0.49,0.07,0.0
file7b5365fa741c,0.47,100,0.47,0.45,0.02,0.0
file7b5365fa741c,0.47,100,0.47,0.4,0.07,0.0
file7b5365fa741c,0.47,100,0.47,0.55,0.08,0.0
file7b5365fa741c,0.47,100,0.47,0.56,0.09,0.0
file7b5365fa741c,0.47,100,0.47,0.44,0.03,0.0
file7b5365fa741c,0.47,100,0.47,0.47,0.0,0.0
file7b5365fa741c,0.47,100,0.47,0.43,0.04,0.0009913444519042969
file7b5365fa741c,0.47,100,0.47,0.5,0.03,0.0
file7b5365fa741c,0.47,100,0.47,0.46,0.01,0.0
file7b5365fa741c,0.47,100,0.47,0.44,0.03,0.0
file7b5365fa741c,0.53,100,0.53,0.54,0.01,0.0
file7b5365fa741c,0.53,100,0.53,0.5,0.03,0.0
file7b5365fa741c,0.53,100,0.53,0.59,0.06,0.0
file7b5365fa741c,0.53,100,0.53,0.53,0.0,0.0
file7b5365fa741c,0.53,100,0.53,0.56,0.03,0.0
file7b5365fa741c,0.53,100,0.53,0.53,0.0,0.0
file7b5365fa741c,0.53,100,0.53,0.6,0.07,0.0
file7b5365fa741c,0.53,100,0.53,0.51,0.02,0.0
file7b5365fa741c,0.53,100,0.53,0.54,0.01,0.0
file7b5365fa741c,0.53,100,0.53,0.54,0.01,0.0
file7b5365fa741c,0.58,100,0.58,0.59,0.01,0.0055162906646728516
file7b5365fa741c,0.58,100,0.58,0.56,0.02,0.0
file7b5365fa741c,0.58,100,0.58,0.64,0.06,0.0
file7b5365fa741c,0.58,100,0.58,0.65,0.07,0.0
file7b5365fa741c,0.58,100,0.58,0.59,0.01,0.0
file7b5365fa741c,0.58,100,0.58,0.52,0.06,0.0
file7b5365fa741c,0.58,100,0.58,0.59,0.01,0.0
file7b5365fa741c,0.58,100,0.58,0.61,0.03,0.0
file7b5365fa741c,0.58,100,0.58,0.61,0.03,0.0
file7b5365fa741c,0.58,100,0.58,0.61,0.03,0.0
file7b5365fa741c,0.63,100,0.63,0.75,0.12,0.0
file7b5365fa741c,0.63,100,0.63,0.63,0.0,0.0
file7b5365fa741c,0.63,100,0.63,0.64,0.01,0.0
file7b5365fa741c,0.63,100,0.63,0.64,0.01,0.0
file7b5365fa741c,0.63,100,0.63,0.66,0.03,0.0
file7b5365fa741c,0.63,100,0.63,0.65,0.02,0.0
file7b5365fa741c,0.63,100,0.63,0.61,0.02,0.0
file7b5365fa741c,0.63,100,0.63,0.6,0.03,0.0
file7b5365fa741c,0.63,100,0.63,0.74,0.11,0.0
file7b5365fa741c,0.63,100,0.63,0.67,0.04,0.0
file7b5365fa741c,0.68,100,0.68,0.73,0.05,0.0
file7b5365fa741c,0.68,100,0.68,0.82,0.14,0.0
file7b5365fa741c,0.68,100,0.68,0.66,0.02,0.0
file7b5365fa741c,0.68,100,0.68,0.64,0.04,0.0010035037994384766
file7b5365fa741c,0.68,100,0.68,0.67,0.01,0.0
file7b5365fa741c,0.68,100,0.68,0.58,0.1,0.0
file7b5365fa741c,0.68,100,0.68,0.77,0.09,0.0
file7b5365fa741c,0.68,100,0.68,0.68,0.0,0.0
file7b5365fa741c,0.68,100,0.68,0.65,0.03,0.0
file7b5365fa741c,0.68,100,0.68,0.67,0.01,0.0
file7b5365fa741c,0.74,100,0.74,0.79,0.05,0.0
file7b5365fa741c,0.74,100,0.74,0.7,0.04,0.0
file7b5365fa741c,0.74,100,0.74,0.77,0.03,0.0
file7b5365fa741c,0.74,100,0.74,0.74,0.0,0.0
file7b5365fa741c,0.74,100,0.74,0.71,0.03,0.0
file7b5365fa741c,0.74,100,0.74,0.72,0.02,0.0
file7b5365fa741c,0.74,100,0.74,0.72,0.02,0.0
file7b5365fa741c,0.74,100,0.74,0.74,0.0,0.0
file7b5365fa741c,0.74,100,0.74,0.75,0.01,0.0
file7b5365fa741c,0.74,100,0.74,0.76,0.02,0.0
file7b5365fa741c,0.79,100,0.79,0.77,0.02,0.0
file7b5365fa741c,0.79,100,0.79,0.76,0.03,0.0
file7b5365fa741c,0.79,100,0.79,0.81,0.02,0.0
file7b5365fa741c,0.79,100,0.79,0.76,0.03,0.0
file7b5365fa741c,0.79,100,0.79,0.76,0.03,0.0
file7b5365fa741c,0.79,100,0.79,0.71,0.08,0.0009932518005371094
file7b5365fa741c,0.79,100,0.79,0.82,0.03,0.0009949207305908203
file7b5365fa741c,0.79,100,0.79,0.85,0.06,0.0
file7b5365fa741c,0.79,100,0.79,0.83,0.04,0.0
file7b5365fa741c,0.79,100,0.79,0.77,0.02,0.0
file7b5365fa741c,0.84,100,0.84,0.84,0.0,0.0
file7b5365fa741c,0.84,100,0.84,0.9,0.06,0.0
file7b5365fa741c,0.84,100,0.84,0.81,0.03,0.0
file7b5365fa741c,0.84,100,0.84,0.84,0.0,0.0
file7b5365fa741c,0.84,100,0.84,0.95,0.11,0.0
file7b5365fa741c,0.84,100,0.84,0.82,0.02,0.0
file7b5365fa741c,0.84,100,0.84,0.89,0.05,0.0
file7b5365fa741c,0.84,100,0.84,0.92,0.08,0.0
file7b5365fa741c,0.84,100,0.84,0.85,0.01,0.0
file7b5365fa741c,0.84,100,0.84,0.84,0.0,0.0
file7b5365fa741c,0.89,100,0.89,1.0,0.11,0.0
file7b5365fa741c,0.89,100,0.89,0.87,0.02,0.0
file7b5365fa741c,0.89,100,0.89,0.93,0.04,0.0
file7b5365fa741c,0.89,100,0.89,0.96,0.07,0.0
file7b5365fa741c,0.89,100,0.89,0.91,0.02,0.0
file7b5365fa741c,0.89,100,0.89,0.86,0.03,0.0
file7b5365fa741c,0.89,100,0.89,0.86,0.03,0.0
file7b5365fa741c,0.89,100,0.89,0.89,0.0,0.0
file7b5365fa741c,0.89,100,0.89,0.95,0.06,0.0
file7b5365fa741c,0.89,100,0.89,0.96,0.07,0.0
file7b5365fa741c,0.95,100,0.95,1.0,0.05,0.0
file7b5365fa741c,0.95,100,0.95,0.97,0.02,0.0
file7b5365fa741c,0.95,100,0.95,1.0,0.05,0.0011258125305175781
file7b5365fa741c,0.95,100,0.95,1.0,0.05,0.0
file7b5365fa741c,0.95,100,0.95,0.86,0.09,0.0
file7b5365fa741c,0.95,100,0.95,1.0,0.05,0.0
file7b5365fa741c,0.95,100,0.95,0.97,0.02,0.0
file7b5365fa741c,0.95,100,0.95,0.98,0.03,0.0
file7b5365fa741c,0.95,100,0.95,1.0,0.05,0.0
file7b5365fa741c,0.95,100,0.95,0.95,0.0,5.435943603515625e-05
file7b5365fa741c,1.0,100,1.0,1.0,0.0,0.000518798828125
file7b5365fa741c,1.0,100,1.0,0.98,0.02,0.0
file7b5365fa741c,1.0,100,1.0,1.0,0.0,0.0
file7b5365fa741c,1.0,100,1.0,0.94,0.06,0.0
file7b5365fa741c,1.0,100,1.0,1.0,0.0,0.0
file7b5365fa741c,1.0,100,1.0,1.0,0.0,0.0
file7b5365fa741c,1.0,100,1.0,1.0,0.0,0.0
file7b5365fa741c,1.0,100,1.0,0.97,0.03,0.0
file7b5365fa741c,1.0,100,1.0,1.0,0.0,0.0
file7b5365fa741c,1.0,100,1.0,1.0,0.0,0.0
houses,0.0,100,0.0,0.0,0.0,0.0011057853698730469
houses,0.0,100,0.0,0.0,0.0,0.0010190010070800781
houses,0.0,100,0.0,0.0,0.0,0.0
houses,0.0,100,0.0,0.0,0.0,0.0
houses,0.0,100,0.0,0.0,0.0,0.0
houses,0.0,100,0.0,0.0,0.0,0.0
houses,0.0,100,0.0,0.01,0.01,0.0
houses,0.0,100,0.0,0.0,0.0,0.0
houses,0.0,100,0.0,0.0,0.0,0.0
houses,0.0,100,0.0,0.0,0.0,0.0
houses,0.05,100,0.05,0.01,0.04,0.0
houses,0.05,100,0.05,0.06,0.01,0.0
houses,0.05,100,0.05,0.02,0.03,0.0
houses,0.05,100,0.05,0.04,0.01,0.0
houses,0.05,100,0.05,0.03,0.02,0.0
houses,0.05,100,0.05,0.01,0.04,0.0
houses,0.05,100,0.05,0.05,0.0,0.0
houses,0.05,100,0.05,0.03,0.02,0.0
houses,0.05,100,0.05,0.01,0.04,0.0
houses,0.05,100,0.05,0.03,0.02,0.0
houses,0.11,100,0.11,0.08,0.03,0.0
houses,0.11,100,0.11,0.13,0.02,0.0
houses,0.11,100,0.11,0.11,0.0,0.0
houses,0.11,100,0.11,0.12,0.01,0.0
houses,0.11,100,0.11,0.08,0.03,0.0
houses,0.11,100,0.11,0.08,0.03,0.0008590221405029297
houses,0.11,100,0.11,0.1,0.01,0.0
houses,0.11,100,0.11,0.09,0.02,0.0
houses,0.11,100,0.11,0.1,0.01,0.0
houses,0.11,100,0.11,0.1,0.01,0.005595684051513672
houses,0.16,100,0.16,0.15,0.01,0.0
houses,0.16,100,0.16,0.12,0.04,0.0
houses,0.16,100,0.16,0.13,0.03,0.0
houses,0.16,100,0.16,0.16,0.0,0.0005700588226318359
houses,0.16,100,0.16,0.16,0.0,0.0
houses,0.16,100,0.16,0.15,0.01,0.0
houses,0.16,100,0.16,0.11,0.05,0.0
houses,0.16,100,0.16,0.14,0.02,0.0
houses,0.16,100,0.16,0.15,0.01,0.0
houses,0.16,100,0.16,0.15,0.01,0.0
houses,0.21,100,0.21,0.18,0.03,0.0
houses,0.21,100,0.21,0.21,0.0,0.0
houses,0.21,100,0.21,0.21,0.0,0.0
houses,0.21,100,0.21,0.21,0.0,0.0
houses,0.21,100,0.21,0.17,0.04,0.0
houses,0.21,100,0.21,0.22,0.01,0.0
houses,0.21,100,0.21,0.19,0.02,0.0
houses,0.21,100,0.21,0.17,0.04,0.0
houses,0.21,100,0.21,0.19,0.02,0.0
houses,0.21,100,0.21,0.22,0.01,0.0
houses,0.26,100,0.26,0.25,0.01,0.0
houses,0.26,100,0.26,0.22,0.04,0.0
houses,0.26,100,0.26,0.26,0.0,0.0
houses,0.26,100,0.26,0.3,0.04,0.0
houses,0.26,100,0.26,0.25,0.01,0.0
houses,0.26,100,0.26,0.28,0.02,0.0
houses,0.26,100,0.26,0.23,0.03,0.0
houses,0.26,100,0.26,0.23,0.03,0.0
houses,0.26,100,0.26,0.24,0.02,0.0
houses,0.26,100,0.26,0.23,0.03,0.0
houses,0.32,100,0.32,0.3,0.02,0.0
houses,0.32,100,0.32,0.3,0.02,0.0
houses,0.32,100,0.32,0.33,0.01,0.0
houses,0.32,100,0.32,0.31,0.01,0.0
houses,0.32,100,0.32,0.3,0.02,0.0
houses,0.32,100,0.32,0.3,0.02,0.0
houses,0.32,100,0.32,0.33,0.01,0.0
houses,0.32,100,0.32,0.27,0.05,0.0
houses,0.32,100,0.32,0.3,0.02,0.0
houses,0.32,100,0.32,0.33,0.01,0.0
houses,0.37,100,0.37,0.38,0.01,0.0
houses,0.37,100,0.37,0.33,0.04,0.0
houses,0.37,100,0.37,0.38,0.01,0.0
houses,0.37,100,0.37,0.35,0.02,0.0
houses,0.37,100,0.37,0.35,0.02,0.0
houses,0.37,100,0.37,0.34,0.03,0.0
houses,0.37,100,0.37,0.4,0.03,0.0
houses,0.37,100,0.37,0.37,0.0,0.0
houses,0.37,100,0.37,0.37,0.0,0.0
houses,0.37,100,0.37,0.4,0.03,0.0
houses,0.42,100,0.42,0.38,0.04,0.0
houses,0.42,100,0.42,0.43,0.01,0.0
houses,0.42,100,0.42,0.45,0.03,0.0
houses,0.42,100,0.42,0.42,0.0,0.0
houses,0.42,100,0.42,0.41,0.01,0.0
houses,0.42,100,0.42,0.44,0.02,0.0010044574737548828
houses,0.42,100,0.42,0.41,0.01,0.0
houses,0.42,100,0.42,0.42,0.0,0.0
houses,0.42,100,0.42,0.4,0.02,0.0
houses,0.42,100,0.42,0.43,0.01,0.0
houses,0.47,100,0.47,0.46,0.01,0.0
houses,0.47,100,0.47,0.48,0.01,0.0
houses,0.47,100,0.47,0.48,0.01,0.0
houses,0.47,100,0.47,0.47,0.0,0.0
houses,0.47,100,0.47,0.51,0.04,0.0
houses,0.47,100,0.47,0.5,0.03,0.0
houses,0.47,100,0.47,0.48,0.01,0.0
houses,0.47,100,0.47,0.47,0.0,0.0
houses,0.47,100,0.47,0.48,0.01,0.0
houses,0.47,100,0.47,0.45,0.02,0.0
houses,0.53,100,0.53,0.53,0.0,0.0
houses,0.53,100,0.53,0.53,0.0,0.0
houses,0.53,100,0.53,0.51,0.02,0.0
houses,0.53,100,0.53,0.57,0.04,0.0
houses,0.53,100,0.53,0.54,0.01,0.0
houses,0.53,100,0.53,0.54,0.01,0.0
houses,0.53,100,0.53,0.54,0.01,0.0
houses,0.53,100,0.53,0.5,0.03,0.0
houses,0.53,100,0.53,0.55,0.02,0.0010037422180175781
houses,0.53,100,0.53,0.49,0.04,0.0
houses,0.58,100,0.58,0.59,0.01,0.000997781753540039
houses,0.58,100,0.58,0.6,0.02,0.0
houses,0.58,100,0.58,0.58,0.0,0.0
houses,0.58,100,0.58,0.6,0.02,0.0
houses,0.58,100,0.58,0.61,0.03,0.0
houses,0.58,100,0.58,0.6,0.02,0.0
houses,0.58,100,0.58,0.57,0.01,0.0
houses,0.58,100,0.58,0.59,0.01,0.0
houses,0.58,100,0.58,0.61,0.03,0.0
houses,0.58,100,0.58,0.6,0.02,0.0
houses,0.63,100,0.63,0.62,0.01,0.0
houses,0.63,100,0.63,0.62,0.01,0.0
houses,0.63,100,0.63,0.64,0.01,0.0
houses,0.63,100,0.63,0.61,0.02,0.0
houses,0.63,100,0.63,0.61,0.02,0.0
houses,0.63,100,0.63,0.69,0.06,0.0
houses,0.63,100,0.63,0.66,0.03,0.0
houses,0.63,100,0.63,0.61,0.02,0.0
houses,0.63,100,0.63,0.66,0.03,0.0
houses,0.63,100,0.63,0.58,0.05,0.0
houses,0.68,100,0.68,0.69,0.01,0.0
houses,0.68,100,0.68,0.69,0.01,0.0
houses,0.68,100,0.68,0.69,0.01,0.0
houses,0.68,100,0.68,0.69,0.01,0.0
houses,0.68,100,0.68,0.69,0.01,0.0
houses,0.68,100,0.68,0.69,0.01,0.0
houses,0.68,100,0.68,0.7,0.02,0.0
houses,0.68,100,0.68,0.71,0.03,0.0
houses,0.68,100,0.68,0.66,0.02,0.0
houses,0.68,100,0.68,0.68,0.0,0.0
houses,0.74,100,0.74,0.75,0.01,0.0
houses,0.74,100,0.74,0.73,0.01,0.0
houses,0.74,100,0.74,0.74,0.0,0.0
houses,0.74,100,0.74,0.76,0.02,0.0
houses,0.74,100,0.74,0.77,0.03,0.0
houses,0.74,100,0.74,0.75,0.01,0.0
houses,0.74,100,0.74,0.78,0.04,0.0
houses,0.74,100,0.74,0.79,0.05,0.0
houses,0.74,100,0.74,0.74,0.0,0.0
houses,0.74,100,0.74,0.75,0.01,0.0
houses,0.79,100,0.79,0.81,0.02,0.0
houses,0.79,100,0.79,0.86,0.07,0.0
houses,0.79,100,0.79,0.85,0.06,0.0
houses,0.79,100,0.79,0.8,0.01,0.00101470947265625
houses,0.79,100,0.79,0.8,0.01,0.0
houses,0.79,100,0.79,0.82,0.03,0.0
houses,0.79,100,0.79,0.81,0.02,0.0
houses,0.79,100,0.79,0.83,0.04,0.0
houses,0.79,100,0.79,0.81,0.02,0.0009980201721191406
houses,0.79,100,0.79,0.79,0.0,0.0
houses,0.84,100,0.84,0.82,0.02,0.0
houses,0.84,100,0.84,0.9,0.06,0.0
houses,0.84,100,0.84,0.83,0.01,0.0
houses,0.84,100,0.84,0.85,0.01,0.0
houses,0.84,100,0.84,0.85,0.01,0.0
houses,0.84,100,0.84,0.85,0.01,0.0
houses,0.84,100,0.84,0.84,0.0,0.0
houses,0.84,100,0.84,0.87,0.03,0.0
houses,0.84,100,0.84,0.85,0.01,0.0
houses,0.84,100,0.84,0.91,0.07,0.0
houses,0.89,100,0.89,0.92,0.03,0.0
houses,0.89,100,0.89,0.88,0.01,0.0
houses,0.89,100,0.89,0.91,0.02,0.0
houses,0.89,100,0.89,0.92,0.03,0.0
houses,0.89,100,0.89,0.93,0.04,0.0
houses,0.89,100,0.89,0.95,0.06,0.0
houses,0.89,100,0.89,0.87,0.02,0.0
houses,0.89,100,0.89,0.94,0.05,0.0
houses,0.89,100,0.89,0.85,0.04,0.0
houses,0.89,100,0.89,0.91,0.02,0.0
houses,0.95,100,0.95,0.99,0.04,0.0
houses,0.95,100,0.95,0.97,0.02,0.0
houses,0.95,100,0.95,0.98,0.03,0.0
houses,0.95,100,0.95,0.97,0.02,0.0
houses,0.95,100,0.95,1.0,0.05,0.0
houses,0.95,100,0.95,1.0,0.05,0.0
houses,0.95,100,0.95,1.0,0.05,0.0
houses,0.95,100,0.95,1.0,0.05,0.0
houses,0.95,100,0.95,0.99,0.04,7.915496826171875e-05
houses,0.95,100,0.95,0.95,0.0,0.0
houses,1.0,100,1.0,0.99,0.01,0.0
houses,1.0,100,1.0,1.0,0.0,0.0
houses,1.0,100,1.0,1.0,0.0,0.0
houses,1.0,100,1.0,1.0,0.0,0.0
houses,1.0,100,1.0,1.0,0.0,0.0
houses,1.0,100,1.0,1.0,0.0,0.0
houses,1.0,100,1.0,1.0,0.0,0.0
houses,1.0,100,1.0,1.0,0.0,0.0
houses,1.0,100,1.0,1.0,0.0,0.0
houses,1.0,100,1.0,0.98,0.02,0.0
kdd_JapaneseVowels,0.0,100,0.0,0.0,0.0,0.0
kdd_JapaneseVowels,0.0,100,0.0,0.0,0.0,0.0
kdd_JapaneseVowels,0.0,100,0.0,0.0,0.0,0.0
kdd_JapaneseVowels,0.0,100,0.0,0.0,0.0,0.0
kdd_JapaneseVowels,0.0,100,0.0,0.01,0.01,0.0
kdd_JapaneseVowels,0.0,100,0.0,0.0,0.0,0.0010743141174316406
kdd_JapaneseVowels,0.0,100,0.0,0.0,0.0,0.0
kdd_JapaneseVowels,0.0,100,0.0,0.0,0.0,0.0
kdd_JapaneseVowels,0.0,100,0.0,0.01,0.01,0.0
kdd_JapaneseVowels,0.0,100,0.0,0.01,0.01,0.0
kdd_JapaneseVowels,0.05,100,0.05,0.05,0.0,0.0
kdd_JapaneseVowels,0.05,100,0.05,0.08,0.03,0.0
kdd_JapaneseVowels,0.05,100,0.05,0.04,0.01,0.0
kdd_JapaneseVowels,0.05,100,0.05,0.06,0.01,0.0
kdd_JapaneseVowels,0.05,100,0.05,0.05,0.0,0.0
kdd_JapaneseVowels,0.05,100,0.05,0.06,0.01,0.0
kdd_JapaneseVowels,0.05,100,0.05,0.04,0.01,0.0
kdd_JapaneseVowels,0.05,100,0.05,0.05,0.0,0.0
kdd_JapaneseVowels,0.05,100,0.05,0.04,0.01,0.0
kdd_JapaneseVowels,0.05,100,0.05,0.04,0.01,0.0
kdd_JapaneseVowels,0.11,100,0.11,0.1,0.01,0.0
kdd_JapaneseVowels,0.11,100,0.11,0.11,0.0,0.0
kdd_JapaneseVowels,0.11,100,0.11,0.1,0.01,0.0
kdd_JapaneseVowels,0.11,100,0.11,0.09,0.02,0.0
kdd_JapaneseVowels,0.11,100,0.11,0.11,0.0,0.0
kdd_JapaneseVowels,0.11,100,0.11,0.11,0.0,0.0
kdd_JapaneseVowels,0.11,100,0.11,0.1,0.01,0.0
kdd_JapaneseVowels,0.11,100,0.11,0.12,0.01,0.0
kdd_JapaneseVowels,0.11,100,0.11,0.12,0.01,0.0
kdd_JapaneseVowels,0.11,100,0.11,0.09,0.02,0.0
kdd_JapaneseVowels,0.16,100,0.16,0.16,0.0,0.0
kdd_JapaneseVowels,0.16,100,0.16,0.15,0.01,0.0
kdd_JapaneseVowels,0.16,100,0.16,0.15,0.01,0.0
kdd_JapaneseVowels,0.16,100,0.16,0.14,0.02,0.0
kdd_JapaneseVowels,0.16,100,0.16,0.16,0.0,0.0
kdd_JapaneseVowels,0.16,100,0.16,0.17,0.01,0.0
kdd_JapaneseVowels,0.16,100,0.16,0.17,0.01,0.0
kdd_JapaneseVowels,0.16,100,0.16,0.19,0.03,0.0
kdd_JapaneseVowels,0.16,100,0.16,0.19,0.03,0.0
kdd_JapaneseVowels,0.16,100,0.16,0.15,0.01,0.0
kdd_JapaneseVowels,0.21,100,0.21,0.2,0.01,0.0
kdd_JapaneseVowels,0.21,100,0.21,0.22,0.01,0.0
kdd_JapaneseVowels,0.21,100,0.21,0.2,0.01,0.0
kdd_JapaneseVowels,0.21,100,0.21,0.2,0.01,0.0
kdd_JapaneseVowels,0.21,100,0.21,0.19,0.02,0.0
kdd_JapaneseVowels,0.21,100,0.21,0.21,0.0,0.0
kdd_JapaneseVowels,0.21,100,0.21,0.2,0.01,0.0
kdd_JapaneseVowels,0.21,100,0.21,0.21,0.0,0.0
kdd_JapaneseVowels,0.21,100,0.21,0.21,0.0,0.0
kdd_JapaneseVowels,0.21,100,0.21,0.24,0.03,0.0011069774627685547
kdd_JapaneseVowels,0.26,100,0.26,0.28,0.02,0.006117582321166992
kdd_JapaneseVowels,0.26,100,0.26,0.27,0.01,0.0
kdd_JapaneseVowels,0.26,100,0.26,0.24,0.02,0.0
kdd_JapaneseVowels,0.26,100,0.26,0.27,0.01,0.0
kdd_JapaneseVowels,0.26,100,0.26,0.28,0.02,0.0
kdd_JapaneseVowels,0.26,100,0.26,0.27,0.01,0.0
kdd_JapaneseVowels,0.26,100,0.26,0.29,0.03,0.0
kdd_JapaneseVowels,0.26,100,0.26,0.3,0.04,0.0
kdd_JapaneseVowels,0.26,100,0.26,0.28,0.02,0.0
kdd_JapaneseVowels,0.26,100,0.26,0.26,0.0,0.0
kdd_JapaneseVowels,0.32,100,0.32,0.32,0.0,0.0
kdd_JapaneseVowels,0.32,100,0.32,0.3,0.02,0.0
kdd_JapaneseVowels,0.32,100,0.32,0.37,0.05,0.0
kdd_JapaneseVowels,0.32,100,0.32,0.3,0.02,0.0
kdd_JapaneseVowels,0.32,100,0.32,0.33,0.01,0.0
kdd_JapaneseVowels,0.32,100,0.32,0.34,0.02,0.0
kdd_JapaneseVowels,0.32,100,0.32,0.35,0.03,0.0
kdd_JapaneseVowels,0.32,100,0.32,0.33,0.01,0.0
kdd_JapaneseVowels,0.32,100,0.32,0.3,0.02,0.0
kdd_JapaneseVowels,0.32,100,0.32,0.31,0.01,0.0
kdd_JapaneseVowels,0.37,100,0.37,0.38,0.01,0.0
kdd_JapaneseVowels,0.37,100,0.37,0.34,0.03,0.0
kdd_JapaneseVowels,0.37,100,0.37,0.37,0.0,0.0
kdd_JapaneseVowels,0.37,100,0.37,0.36,0.01,0.0
kdd_JapaneseVowels,0.37,100,0.37,0.41,0.04,0.0
kdd_JapaneseVowels,0.37,100,0.37,0.36,0.01,0.0
kdd_JapaneseVowels,0.37,100,0.37,0.39,0.02,0.0060122013092041016
kdd_JapaneseVowels,0.37,100,0.37,0.37,0.0,0.0
kdd_JapaneseVowels,0.37,100,0.37,0.35,0.02,0.0
kdd_JapaneseVowels,0.37,100,0.37,0.36,0.01,0.0
kdd_JapaneseVowels,0.42,100,0.42,0.41,0.01,0.001001596450805664
kdd_JapaneseVowels,0.42,100,0.42,0.37,0.05,0.0
kdd_JapaneseVowels,0.42,100,0.42,0.41,0.01,0.0
kdd_JapaneseVowels,0.42,100,0.42,0.46,0.04,0.0
kdd_JapaneseVowels,0.42,100,0.42,0.4,0.02,0.0
kdd_JapaneseVowels,0.42,100,0.42,0.45,0.03,0.0
kdd_JapaneseVowels,0.42,100,0.42,0.44,0.02,0.0
kdd_JapaneseVowels,0.42,100,0.42,0.42,0.0,0.0
kdd_JapaneseVowels,0.42,100,0.42,0.4,0.02,0.0
kdd_JapaneseVowels,0.42,100,0.42,0.42,0.0,0.0
kdd_JapaneseVowels,0.47,100,0.47,0.46,0.01,0.0
kdd_JapaneseVowels,0.47,100,0.47,0.48,0.01,0.0
kdd_JapaneseVowels,0.47,100,0.47,0.47,0.0,0.0009984970092773438
kdd_JapaneseVowels,0.47,100,0.47,0.45,0.02,0.0
kdd_JapaneseVowels,0.47,100,0.47,0.48,0.01,0.0
kdd_JapaneseVowels,0.47,100,0.47,0.49,0.02,0.0
kdd_JapaneseVowels,0.47,100,0.47,0.51,0.04,0.0
kdd_JapaneseVowels,0.47,100,0.47,0.49,0.02,0.0
kdd_JapaneseVowels,0.47,100,0.47,0.48,0.01,0.0
kdd_JapaneseVowels,0.47,100,0.47,0.5,0.03,0.0
kdd_JapaneseVowels,0.53,100,0.53,0.56,0.03,0.0
kdd_JapaneseVowels,0.53,100,0.53,0.51,0.02,0.0
kdd_JapaneseVowels,0.53,100,0.53,0.53,0.0,0.0009992122650146484
kdd_JapaneseVowels,0.53,100,0.53,0.55,0.02,0.0
kdd_JapaneseVowels,0.53,100,0.53,0.5,0.03,0.0
kdd_JapaneseVowels,0.53,100,0.53,0.55,0.02,0.0
kdd_JapaneseVowels,0.53,100,0.53,0.51,0.02,0.0
kdd_JapaneseVowels,0.53,100,0.53,0.54,0.01,0.0
kdd_JapaneseVowels,0.53,100,0.53,0.59,0.06,0.0
kdd_JapaneseVowels,0.53,100,0.53,0.58,0.05,0.0
kdd_JapaneseVowels,0.58,100,0.58,0.6,0.02,0.0
kdd_JapaneseVowels,0.58,100,0.58,0.61,0.03,0.0
kdd_JapaneseVowels,0.58,100,0.58,0.52,0.06,0.0
kdd_JapaneseVowels,0.58,100,0.58,0.55,0.03,0.0
kdd_JapaneseVowels,0.58,100,0.58,0.59,0.01,0.0
kdd_JapaneseVowels,0.58,100,0.58,0.57,0.01,0.0011475086212158203
kdd_JapaneseVowels,0.58,100,0.58,0.58,0.0,0.0
kdd_JapaneseVowels,0.58,100,0.58,0.54,0.04,0.0
kdd_JapaneseVowels,0.58,100,0.58,0.56,0.02,0.0
kdd_JapaneseVowels,0.58,100,0.58,0.59,0.01,0.0
kdd_JapaneseVowels,0.63,100,0.63,0.68,0.05,0.0
kdd_JapaneseVowels,0.63,100,0.63,0.64,0.01,0.0
kdd_JapaneseVowels,0.63,100,0.63,0.62,0.01,0.0
kdd_JapaneseVowels,0.63,100,0.63,0.6,0.03,0.00032973289489746094
kdd_JapaneseVowels,0.63,100,0.63,0.66,0.03,0.0
kdd_JapaneseVowels,0.63,100,0.63,0.64,0.01,0.0
kdd_JapaneseVowels,0.63,100,0.63,0.65,0.02,0.0
kdd_JapaneseVowels,0.63,100,0.63,0.6,0.03,0.0
kdd_JapaneseVowels,0.63,100,0.63,0.62,0.01,0.0
kdd_JapaneseVowels,0.63,100,0.63,0.67,0.04,0.0009996891021728516
kdd_JapaneseVowels,0.68,100,0.68,0.69,0.01,0.0
kdd_JapaneseVowels,0.68,100,0.68,0.7,0.02,0.0
kdd_JapaneseVowels,0.68,100,0.68,0.66,0.02,0.0
kdd_JapaneseVowels,0.68,100,0.68,0.68,0.0,0.0
kdd_JapaneseVowels,0.68,100,0.68,0.66,0.02,0.0
kdd_JapaneseVowels,0.68,100,0.68,0.68,0.0,0.0
kdd_JapaneseVowels,0.68,100,0.68,0.73,0.05,0.0
kdd_JapaneseVowels,0.68,100,0.68,0.67,0.01,0.0
kdd_JapaneseVowels,0.68,100,0.68,0.67,0.01,0.0
kdd_JapaneseVowels,0.68,100,0.68,0.73,0.05,0.0
kdd_JapaneseVowels,0.74,100,0.74,0.73,0.01,0.0
kdd_JapaneseVowels,0.74,100,0.74,0.76,0.02,0.0
kdd_JapaneseVowels,0.74,100,0.74,0.76,0.02,0.0
kdd_JapaneseVowels,0.74,100,0.74,0.75,0.01,0.0
kdd_JapaneseVowels,0.74,100,0.74,0.77,0.03,0.0
kdd_JapaneseVowels,0.74,100,0.74,0.78,0.04,0.0
kdd_JapaneseVowels,0.74,100,0.74,0.74,0.0,0.0
kdd_JapaneseVowels,0.74,100,0.74,0.75,0.01,0.0
kdd_JapaneseVowels,0.74,100,0.74,0.72,0.02,0.0
kdd_JapaneseVowels,0.74,100,0.74,0.72,0.02,0.0
kdd_JapaneseVowels,0.79,100,0.79,0.81,0.02,0.0
kdd_JapaneseVowels,0.79,100,0.79,0.86,0.07,0.0
kdd_JapaneseVowels,0.79,100,0.79,0.77,0.02,0.0
kdd_JapaneseVowels,0.79,100,0.79,0.79,0.0,0.0
kdd_JapaneseVowels,0.79,100,0.79,0.85,0.06,0.0
kdd_JapaneseVowels,0.79,100,0.79,0.82,0.03,0.0
kdd_JapaneseVowels,0.79,100,0.79,0.79,0.0,0.0
kdd_JapaneseVowels,0.79,100,0.79,0.83,0.04,0.0
kdd_JapaneseVowels,0.79,100,0.79,0.82,0.03,0.0006794929504394531
kdd_JapaneseVowels,0.79,100,0.79,0.85,0.06,0.0
kdd_JapaneseVowels,0.84,100,0.84,0.89,0.05,0.0
kdd_JapaneseVowels,0.84,100,0.84,0.88,0.04,0.0
kdd_JapaneseVowels,0.84,100,0.84,0.86,0.02,0.0
kdd_JapaneseVowels,0.84,100,0.84,0.82,0.02,0.0
kdd_JapaneseVowels,0.84,100,0.84,0.85,0.01,0.0
kdd_JapaneseVowels,0.84,100,0.84,0.86,0.02,0.0
kdd_JapaneseVowels,0.84,100,0.84,0.87,0.03,0.0
kdd_JapaneseVowels,0.84,100,0.84,0.86,0.02,0.0
kdd_JapaneseVowels,0.84,100,0.84,0.84,0.0,0.0
kdd_JapaneseVowels,0.84,100,0.84,0.87,0.03,0.0
kdd_JapaneseVowels,0.89,100,0.89,0.93,0.04,0.0
kdd_JapaneseVowels,0.89,100,0.89,0.9,0.01,0.0
kdd_JapaneseVowels,0.89,100,0.89,0.94,0.05,0.0
kdd_JapaneseVowels,0.89,100,0.89,0.91,0.02,0.0
kdd_JapaneseVowels,0.89,100,0.89,0.89,0.0,0.0
kdd_JapaneseVowels,0.89,100,0.89,0.87,0.02,0.0
kdd_JapaneseVowels,0.89,100,0.89,0.93,0.04,0.0
kdd_JapaneseVowels,0.89,100,0.89,0.93,0.04,0.0
kdd_JapaneseVowels,0.89,100,0.89,0.92,0.03,0.0
kdd_JapaneseVowels,0.89,100,0.89,0.89,0.0,0.0
kdd_JapaneseVowels,0.95,100,0.95,0.92,0.03,0.0
kdd_JapaneseVowels,0.95,100,0.95,0.97,0.02,0.0
kdd_JapaneseVowels,0.95,100,0.95,0.98,0.03,0.0
kdd_JapaneseVowels,0.95,100,0.95,0.95,0.0,0.0
kdd_JapaneseVowels,0.95,100,0.95,0.95,0.0,0.0
kdd_JapaneseVowels,0.95,100,0.95,0.93,0.02,0.0
kdd_JapaneseVowels,0.95,100,0.95,0.95,0.0,0.0
kdd_JapaneseVowels,0.95,100,0.95,0.96,0.01,0.0
kdd_JapaneseVowels,0.95,100,0.95,0.99,0.04,0.0
kdd_JapaneseVowels,0.95,100,0.95,0.93,0.02,0.0
kdd_JapaneseVowels,1.0,100,1.0,1.0,0.0,0.0
kdd_JapaneseVowels,1.0,100,1.0,0.98,0.02,0.0006046295166015625
kdd_JapaneseVowels,1.0,100,1.0,0.97,0.03,0.0005013942718505859
kdd_JapaneseVowels,1.0,100,1.0,1.0,0.0,0.0010869503021240234
kdd_JapaneseVowels,1.0,100,1.0,1.0,0.0,0.0
kdd_JapaneseVowels,1.0,100,1.0,1.0,0.0,0.0
kdd_JapaneseVowels,1.0,100,1.0,0.99,0.01,0.0
kdd_JapaneseVowels,1.0,100,1.0,1.0,0.0,0.0
kdd_JapaneseVowels,1.0,100,1.0,1.0,0.0,0.0
kdd_JapaneseVowels,1.0,100,1.0,1.0,0.0,0.0
MagicTelescope,0.0,100,0.0,0.01,0.01,0.0
MagicTelescope,0.0,100,0.0,0.05,0.05,0.00012564659118652344
MagicTelescope,0.0,100,0.0,0.0,0.0,0.0
MagicTelescope,0.0,100,0.0,0.0,0.0,0.0002105236053466797
MagicTelescope,0.0,100,0.0,0.01,0.01,0.0
MagicTelescope,0.0,100,0.0,0.0,0.0,0.0
MagicTelescope,0.0,100,0.0,0.01,0.01,0.0
MagicTelescope,0.0,100,0.0,0.0,0.0,0.0
MagicTelescope,0.0,100,0.0,0.0,0.0,0.0
MagicTelescope,0.0,100,0.0,0.0,0.0,0.0
MagicTelescope,0.05,100,0.05,0.0,0.05,0.0
MagicTelescope,0.05,100,0.05,0.06,0.01,0.0
MagicTelescope,0.05,100,0.05,0.0,0.05,0.0
MagicTelescope,0.05,100,0.05,0.11,0.06,0.0
MagicTelescope,0.05,100,0.05,0.0,0.05,0.0
MagicTelescope,0.05,100,0.05,0.07,0.02,0.0
MagicTelescope,0.05,100,0.05,0.1,0.05,0.0
MagicTelescope,0.05,100,0.05,0.04,0.01,0.0
MagicTelescope,0.05,100,0.05,0.07,0.02,0.0
MagicTelescope,0.05,100,0.05,0.0,0.05,0.0
MagicTelescope,0.11,100,0.11,0.14,0.03,0.0
MagicTelescope,0.11,100,0.11,0.05,0.06,0.0
MagicTelescope,0.11,100,0.11,0.09,0.02,0.0
MagicTelescope,0.11,100,0.11,0.11,0.0,0.0001666545867919922
MagicTelescope,0.11,100,0.11,0.07,0.04,0.0
MagicTelescope,0.11,100,0.11,0.1,0.01,0.0
MagicTelescope,0.11,100,0.11,0.0,0.11,0.0
MagicTelescope,0.11,100,0.11,0.09,0.02,0.0
MagicTelescope,0.11,100,0.11,0.09,0.02,0.0
MagicTelescope,0.11,100,0.11,0.08,0.03,0.0
MagicTelescope,0.16,100,0.16,0.2,0.04,0.0
MagicTelescope,0.16,100,0.16,0.08,0.08,0.0
MagicTelescope,0.16,100,0.16,0.12,0.04,0.0010387897491455078
MagicTelescope,0.16,100,0.16,0.11,0.05,0.0
MagicTelescope,0.16,100,0.16,0.18,0.02,0.0
MagicTelescope,0.16,100,0.16,0.13,0.03,0.0
MagicTelescope,0.16,100,0.16,0.13,0.03,0.0
MagicTelescope,0.16,100,0.16,0.12,0.04,0.0
MagicTelescope,0.16,100,0.16,0.04,0.12,0.0
MagicTelescope,0.16,100,0.16,0.15,0.01,0.0
MagicTelescope,0.21,100,0.21,0.24,0.03,0.0
MagicTelescope,0.21,100,0.21,0.12,0.09,0.0
MagicTelescope,0.21,100,0.21,0.17,0.04,0.0
MagicTelescope,0.21,100,0.21,0.29,0.08,0.0
MagicTelescope,0.21,100,0.21,0.21,0.0,0.0
MagicTelescope,0.21,100,0.21,0.13,0.08,0.0
MagicTelescope,0.21,100,0.21,0.19,0.02,0.0
MagicTelescope,0.21,100,0.21,0.19,0.02,0.0
MagicTelescope,0.21,100,0.21,0.17,0.04,0.0
MagicTelescope,0.21,100,0.21,0.15,0.06,0.00548553466796875
MagicTelescope,0.26,100,0.26,0.27,0.01,0.0
MagicTelescope,0.26,100,0.26,0.23,0.03,0.002965211868286133
MagicTelescope,0.26,100,0.26,0.33,0.07,0.0
MagicTelescope,0.26,100,0.26,0.24,0.02,0.0
MagicTelescope,0.26,100,0.26,0.22,0.04,0.0
MagicTelescope,0.26,100,0.26,0.27,0.01,0.0
MagicTelescope,0.26,100,0.26,0.25,0.01,0.0
MagicTelescope,0.26,100,0.26,0.22,0.04,0.0
MagicTelescope,0.26,100,0.26,0.17,0.09,0.0
MagicTelescope,0.26,100,0.26,0.3,0.04,0.0
MagicTelescope,0.32,100,0.32,0.25,0.07,0.0
MagicTelescope,0.32,100,0.32,0.34,0.02,0.0
MagicTelescope,0.32,100,0.32,0.27,0.05,0.0
MagicTelescope,0.32,100,0.32,0.36,0.04,0.0010001659393310547
MagicTelescope,0.32,100,0.32,0.26,0.06,0.0
MagicTelescope,0.32,100,0.32,0.23,0.09,0.0010063648223876953
MagicTelescope,0.32,100,0.32,0.28,0.04,0.0
MagicTelescope,0.32,100,0.32,0.37,0.05,0.0
MagicTelescope,0.32,100,0.32,0.4,0.08,0.0
MagicTelescope,0.32,100,0.32,0.3,0.02,0.0
MagicTelescope,0.37,100,0.37,0.44,0.07,0.0
MagicTelescope,0.37,100,0.37,0.42,0.05,0.0
MagicTelescope,0.37,100,0.37,0.29,0.08,0.0
MagicTelescope,0.37,100,0.37,0.35,0.02,0.0
MagicTelescope,0.37,100,0.37,0.33,0.04,0.0
MagicTelescope,0.37,100,0.37,0.41,0.04,0.0
MagicTelescope,0.37,100,0.37,0.44,0.07,0.0
MagicTelescope,0.37,100,0.37,0.48,0.11,0.0
MagicTelescope,0.37,100,0.37,0.38,0.01,0.0
MagicTelescope,0.37,100,0.37,0.27,0.1,0.0
MagicTelescope,0.42,100,0.42,0.51,0.09,0.0
MagicTelescope,0.42,100,0.42,0.42,0.0,0.0
MagicTelescope,0.42,100,0.42,0.42,0.0,0.0
MagicTelescope,0.42,100,0.42,0.37,0.05,0.0
MagicTelescope,0.42,100,0.42,0.45,0.03,0.0
MagicTelescope,0.42,100,0.42,0.47,0.05,0.0
MagicTelescope,0.42,100,0.42,0.42,0.0,0.0
MagicTelescope,0.42,100,0.42,0.39,0.03,0.0
MagicTelescope,0.42,100,0.42,0.47,0.05,0.0
MagicTelescope,0.42,100,0.42,0.4,0.02,0.0
MagicTelescope,0.47,100,0.47,0.33,0.14,0.0
MagicTelescope,0.47,100,0.47,0.39,0.08,0.0
MagicTelescope,0.47,100,0.47,0.5,0.03,0.0
MagicTelescope,0.47,100,0.47,0.6,0.13,0.0
MagicTelescope,0.47,100,0.47,0.45,0.02,0.0
MagicTelescope,0.47,100,0.47,0.54,0.07,0.0
MagicTelescope,0.47,100,0.47,0.42,0.05,0.0
MagicTelescope,0.47,100,0.47,0.5,0.03,0.0
MagicTelescope,0.47,100,0.47,0.38,0.09,0.0
MagicTelescope,0.47,100,0.47,0.59,0.12,0.0
MagicTelescope,0.53,100,0.53,0.49,0.04,0.0
MagicTelescope,0.53,100,0.53,0.53,0.0,0.0
MagicTelescope,0.53,100,0.53,0.54,0.01,0.0
MagicTelescope,0.53,100,0.53,0.48,0.05,0.0
MagicTelescope,0.53,100,0.53,0.49,0.04,0.015625953674316406
MagicTelescope,0.53,100,0.53,0.55,0.02,0.0
MagicTelescope,0.53,100,0.53,0.53,0.0,0.0
MagicTelescope,0.53,100,0.53,0.59,0.06,0.0
MagicTelescope,0.53,100,0.53,0.56,0.03,0.0
MagicTelescope,0.53,100,0.53,0.53,0.0,0.0
MagicTelescope,0.58,100,0.58,0.56,0.02,0.0
MagicTelescope,0.58,100,0.58,0.68,0.1,0.0
MagicTelescope,0.58,100,0.58,0.54,0.04,0.0
MagicTelescope,0.58,100,0.58,0.45,0.13,0.0
MagicTelescope,0.58,100,0.58,0.51,0.07,0.0
MagicTelescope,0.58,100,0.58,0.66,0.08,0.0
MagicTelescope,0.58,100,0.58,0.57,0.01,0.0
MagicTelescope,0.58,100,0.58,0.52,0.06,0.0
MagicTelescope,0.58,100,0.58,0.51,0.07,0.0
MagicTelescope,0.58,100,0.58,0.64,0.06,0.0
MagicTelescope,0.63,100,0.63,0.62,0.01,0.0
MagicTelescope,0.63,100,0.63,0.67,0.04,0.0
MagicTelescope,0.63,100,0.63,0.59,0.04,0.0
MagicTelescope,0.63,100,0.63,0.49,0.14,0.0
MagicTelescope,0.63,100,0.63,0.63,0.0,0.0
MagicTelescope,0.63,100,0.63,0.58,0.05,0.0
MagicTelescope,0.63,100,0.63,0.52,0.11,0.0
MagicTelescope,0.63,100,0.63,0.76,0.13,0.0
MagicTelescope,0.63,100,0.63,0.49,0.14,0.0
MagicTelescope,0.63,100,0.63,0.65,0.02,0.0
MagicTelescope,0.68,100,0.68,0.59,0.09,0.0
MagicTelescope,0.68,100,0.68,0.79,0.11,0.0
MagicTelescope,0.68,100,0.68,0.68,0.0,0.0
MagicTelescope,0.68,100,0.68,0.7,0.02,0.0
MagicTelescope,0.68,100,0.68,0.74,0.06,0.0
MagicTelescope,0.68,100,0.68,0.67,0.01,0.0
MagicTelescope,0.68,100,0.68,0.83,0.15,0.0
MagicTelescope,0.68,100,0.68,0.65,0.03,0.0
MagicTelescope,0.68,100,0.68,0.64,0.04,0.0
MagicTelescope,0.68,100,0.68,0.85,0.17,0.0
MagicTelescope,0.74,100,0.74,0.71,0.03,0.0
MagicTelescope,0.74,100,0.74,0.72,0.02,0.0
MagicTelescope,0.74,100,0.74,0.61,0.13,0.0
MagicTelescope,0.74,100,0.74,0.72,0.02,0.0
MagicTelescope,0.74,100,0.74,0.63,0.11,0.0
MagicTelescope,0.74,100,0.74,0.7,0.04,0.0
MagicTelescope,0.74,100,0.74,0.71,0.03,0.0
MagicTelescope,0.74,100,0.74,0.77,0.03,0.0
MagicTelescope,0.74,100,0.74,0.74,0.0,0.0
MagicTelescope,0.74,100,0.74,0.6,0.14,0.0
MagicTelescope,0.79,100,0.79,0.89,0.1,0.0
MagicTelescope,0.79,100,0.79,0.88,0.09,0.0
MagicTelescope,0.79,100,0.79,0.84,0.05,0.0
MagicTelescope,0.79,100,0.79,0.92,0.13,0.0
MagicTelescope,0.79,100,0.79,0.84,0.05,0.0
MagicTelescope,0.79,100,0.79,0.75,0.04,0.0
MagicTelescope,0.79,100,0.79,0.85,0.06,0.0
MagicTelescope,0.79,100,0.79,0.87,0.08,0.0
MagicTelescope,0.79,100,0.79,0.8,0.01,0.0
MagicTelescope,0.79,100,0.79,0.78,0.01,0.0
MagicTelescope,0.84,100,0.84,0.82,0.02,0.0
MagicTelescope,0.84,100,0.84,0.74,0.1,0.0
MagicTelescope,0.84,100,0.84,0.81,0.03,0.0
MagicTelescope,0.84,100,0.84,0.86,0.02,0.0
MagicTelescope,0.84,100,0.84,0.97,0.13,0.0
MagicTelescope,0.84,100,0.84,0.92,0.08,0.0
MagicTelescope,0.84,100,0.84,0.83,0.01,0.000985860824584961
MagicTelescope,0.84,100,0.84,0.86,0.02,0.0
MagicTelescope,0.84,100,0.84,0.64,0.2,0.0
MagicTelescope,0.84,100,0.84,0.9,0.06,0.0
MagicTelescope,0.89,100,0.89,1.0,0.11,0.0
MagicTelescope,0.89,100,0.89,0.82,0.07,0.0
MagicTelescope,0.89,100,0.89,0.85,0.04,0.0
MagicTelescope,0.89,100,0.89,0.88,0.01,0.0
MagicTelescope,0.89,100,0.89,0.94,0.05,0.0010080337524414062
MagicTelescope,0.89,100,0.89,0.94,0.05,0.0
MagicTelescope,0.89,100,0.89,0.85,0.04,0.0
MagicTelescope,0.89,100,0.89,0.88,0.01,0.0
MagicTelescope,0.89,100,0.89,0.76,0.13,0.0
MagicTelescope,0.89,100,0.89,0.9,0.01,0.0
MagicTelescope,0.95,100,0.95,0.91,0.04,0.0
MagicTelescope,0.95,100,0.95,0.96,0.01,0.0
MagicTelescope,0.95,100,0.95,1.0,0.05,0.0
MagicTelescope,0.95,100,0.95,0.97,0.02,0.0
MagicTelescope,0.95,100,0.95,0.92,0.03,0.0
MagicTelescope,0.95,100,0.95,0.94,0.01,0.0
MagicTelescope,0.95,100,0.95,0.96,0.01,0.0
MagicTelescope,0.95,100,0.95,0.95,0.0,0.0
MagicTelescope,0.95,100,0.95,1.0,0.05,0.0
MagicTelescope,0.95,100,0.95,0.88,0.07,0.001001119613647461
MagicTelescope,1.0,100,1.0,0.97,0.03,0.0
MagicTelescope,1.0,100,1.0,1.0,0.0,0.0
MagicTelescope,1.0,100,1.0,1.0,0.0,0.0
MagicTelescope,1.0,100,1.0,1.0,0.0,0.0
MagicTelescope,1.0,100,1.0,0.94,0.06,0.0
MagicTelescope,1.0,100,1.0,1.0,0.0,0.0
MagicTelescope,1.0,100,1.0,1.0,0.0,0.0
MagicTelescope,1.0,100,1.0,1.0,0.0,0.0
MagicTelescope,1.0,100,1.0,1.0,0.0,0.0009937286376953125
MagicTelescope,1.0,100,1.0,0.87,0.13,0.0
page-blocks,0.0,100,0.0,0.0,0.0,0.0
page-blocks,0.0,100,0.0,0.0,0.0,0.0
page-blocks,0.0,100,0.0,0.0,0.0,0.0
page-blocks,0.0,100,0.0,0.0,0.0,0.0
page-blocks,0.0,100,0.0,0.0,0.0,0.0010004043579101562
page-blocks,0.0,100,0.0,0.0,0.0,0.0
page-blocks,0.0,100,0.0,0.0,0.0,0.0
page-blocks,0.0,100,0.0,0.0,0.0,0.0
page-blocks,0.0,100,0.0,0.0,0.0,0.0
page-blocks,0.0,100,0.0,0.0,0.0,0.0
page-blocks,0.05,100,0.05,0.0,0.05,0.0
page-blocks,0.05,100,0.05,0.0,0.05,0.0
page-blocks,0.05,100,0.05,0.0,0.05,0.0
page-blocks,0.05,100,0.05,0.0,0.05,0.0010037422180175781
page-blocks,0.05,100,0.05,0.0,0.05,0.0
page-blocks,0.05,100,0.05,0.0,0.05,0.0
page-blocks,0.05,100,0.05,0.0,0.05,0.0
page-blocks,0.05,100,0.05,0.0,0.05,0.0
page-blocks,0.05,100,0.05,0.0,0.05,0.0
page-blocks,0.05,100,0.05,0.0,0.05,0.0
page-blocks,0.11,100,0.11,0.0,0.11,0.0
page-blocks,0.11,100,0.11,0.02,0.09,0.0
page-blocks,0.11,100,0.11,0.07,0.04,0.0
page-blocks,0.11,100,0.11,0.01,0.1,0.0
page-blocks,0.11,100,0.11,0.0,0.11,0.0
page-blocks,0.11,100,0.11,0.03,0.08,0.0
page-blocks,0.11,100,0.11,0.0,0.11,0.0
page-blocks,0.11,100,0.11,0.01,0.1,0.0
page-blocks,0.11,100,0.11,0.04,0.07,0.0
page-blocks,0.11,100,0.11,0.0,0.11,0.0
page-blocks,0.16,100,0.16,0.04,0.12,0.0
page-blocks,0.16,100,0.16,0.13,0.03,0.0
page-blocks,0.16,100,0.16,0.01,0.15,0.0
page-blocks,0.16,100,0.16,0.03,0.13,0.0
page-blocks,0.16,100,0.16,0.02,0.14,0.0
page-blocks,0.16,100,0.16,0.04,0.12,0.0
page-blocks,0.16,100,0.16,0.13,0.03,0.0
page-blocks,0.16,100,0.16,0.08,0.08,0.0
page-blocks,0.16,100,0.16,0.11,0.05,0.0
page-blocks,0.16,100,0.16,0.0,0.16,0.0
page-blocks,0.21,100,0.21,0.02,0.19,0.0
page-blocks,0.21,100,0.21,0.11,0.1,0.0
page-blocks,0.21,100,0.21,0.12,0.09,0.0
page-blocks,0.21,100,0.21,0.12,0.09,0.0
page-blocks,0.21,100,0.21,0.13,0.08,0.0
page-blocks,0.21,100,0.21,0.07,0.14,0.0
page-blocks,0.21,100,0.21,0.09,0.12,0.0
page-blocks,0.21,100,0.21,0.17,0.04,0.0
page-blocks,0.21,100,0.21,0.04,0.17,0.0
page-blocks,0.21,100,0.21,0.1,0.11,0.0
page-blocks,0.26,100,0.26,0.11,0.15,0.0
page-blocks,0.26,100,0.26,0.14,0.12,0.0
page-blocks,0.26,100,0.26,0.15,0.11,0.0
page-blocks,0.26,100,0.26,0.19,0.07,0.0
page-blocks,0.26,100,0.26,0.09,0.17,0.0
page-blocks,0.26,100,0.26,0.13,0.13,0.0
page-blocks,0.26,100,0.26,0.13,0.13,0.0
page-blocks,0.26,100,0.26,0.19,0.07,0.0
page-blocks,0.26,100,0.26,0.21,0.05,0.0
page-blocks,0.26,100,0.26,0.18,0.08,0.0
page-blocks,0.32,100,0.32,0.14,0.18,0.0
page-blocks,0.32,100,0.32,0.23,0.09,0.0
page-blocks,0.32,100,0.32,0.3,0.02,0.0
page-blocks,0.32,100,0.32,0.24,0.08,0.0
page-blocks,0.32,100,0.32,0.17,0.15,0.0
page-blocks,0.32,100,0.32,0.27,0.05,0.0
page-blocks,0.32,100,0.32,0.21,0.11,0.0
page-blocks,0.32,100,0.32,0.27,0.05,0.0
page-blocks,0.32,100,0.32,0.25,0.07,0.0
page-blocks,0.32,100,0.32,0.25,0.07,0.0
page-blocks,0.37,100,0.37,0.32,0.05,0.0
page-blocks,0.37,100,0.37,0.25,0.12,0.0
page-blocks,0.37,100,0.37,0.3,0.07,0.0
page-blocks,0.37,100,0.37,0.26,0.11,0.0
page-blocks,0.37,100,0.37,0.36,0.01,0.0
page-blocks,0.37,100,0.37,0.31,0.06,0.0
page-blocks,0.37,100,0.37,0.26,0.11,0.0
page-blocks,0.37,100,0.37,0.29,0.08,0.0
page-blocks,0.37,100,0.37,0.26,0.11,0.0
page-blocks,0.37,100,0.37,0.26,0.11,0.0
page-blocks,0.42,100,0.42,0.4,0.02,0.0
page-blocks,0.42,100,0.42,0.34,0.08,0.0
page-blocks,0.42,100,0.42,0.33,0.09,0.0
page-blocks,0.42,100,0.42,0.4,0.02,0.0
page-blocks,0.42,100,0.42,0.33,0.09,0.0
page-blocks,0.42,100,0.42,0.28,0.14,0.0
page-blocks,0.42,100,0.42,0.31,0.11,0.0
page-blocks,0.42,100,0.42,0.36,0.06,0.0
page-blocks,0.42,100,0.42,0.29,0.13,0.0
page-blocks,0.42,100,0.42,0.33,0.09,0.0
page-blocks,0.47,100,0.47,0.37,0.1,0.0
page-blocks,0.47,100,0.47,0.36,0.11,0.0
page-blocks,0.47,100,0.47,0.35,0.12,0.0
page-blocks,0.47,100,0.47,0.34,0.13,0.0
page-blocks,0.47,100,0.47,0.39,0.08,0.0
page-blocks,0.47,100,0.47,0.45,0.02,0.0
page-blocks,0.47,100,0.47,0.48,0.01,0.0
page-blocks,0.47,100,0.47,0.39,0.08,0.0
page-blocks,0.47,100,0.47,0.4,0.07,0.0
page-blocks,0.47,100,0.47,0.39,0.08,0.0
page-blocks,0.53,100,0.53,0.49,0.04,0.0
page-blocks,0.53,100,0.53,0.5,0.03,0.0
page-blocks,0.53,100,0.53,0.5,0.03,0.0
page-blocks,0.53,100,0.53,0.46,0.07,0.0
page-blocks,0.53,100,0.53,0.47,0.06,0.0
page-blocks,0.53,100,0.53,0.46,0.07,0.0
page-blocks,0.53,100,0.53,0.44,0.09,0.0
page-blocks,0.53,100,0.53,0.44,0.09,0.0
page-blocks,0.53,100,0.53,0.46,0.07,0.0
page-blocks,0.53,100,0.53,0.39,0.14,0.0
page-blocks,0.58,100,0.58,0.53,0.05,0.0
page-blocks,0.58,100,0.58,0.49,0.09,0.0
page-blocks,0.58,100,0.58,0.44,0.14,0.0
page-blocks,0.58,100,0.58,0.47,0.11,0.0
page-blocks,0.58,100,0.58,0.49,0.09,0.0
page-blocks,0.58,100,0.58,0.57,0.01,0.0
page-blocks,0.58,100,0.58,0.58,0.0,0.0
page-blocks,0.58,100,0.58,0.53,0.05,0.0
page-blocks,0.58,100,0.58,0.53,0.05,0.0
page-blocks,0.58,100,0.58,0.57,0.01,0.0
page-blocks,0.63,100,0.63,0.49,0.14,0.0
page-blocks,0.63,100,0.63,0.66,0.03,0.0
page-blocks,0.63,100,0.63,0.61,0.02,0.0
page-blocks,0.63,100,0.63,0.56,0.07,0.0
page-blocks,0.63,100,0.63,0.51,0.12,0.0
page-blocks,0.63,100,0.63,0.57,0.06,0.0
page-blocks,0.63,100,0.63,0.59,0.04,0.0
page-blocks,0.63,100,0.63,0.6,0.03,0.0
page-blocks,0.63,100,0.63,0.57,0.06,0.0
page-blocks,0.63,100,0.63,0.63,0.0,0.0
page-blocks,0.68,100,0.68,0.63,0.05,0.0
page-blocks,0.68,100,0.68,0.63,0.05,0.0
page-blocks,0.68,100,0.68,0.61,0.07,0.0
page-blocks,0.68,100,0.68,0.61,0.07,0.0
page-blocks,0.68,100,0.68,0.62,0.06,0.0
page-blocks,0.68,100,0.68,0.6,0.08,0.0
page-blocks,0.68,100,0.68,0.59,0.09,0.0
page-blocks,0.68,100,0.68,0.62,0.06,0.0
page-blocks,0.68,100,0.68,0.64,0.04,0.0
page-blocks,0.68,100,0.68,0.6,0.08,0.0
page-blocks,0.74,100,0.74,0.71,0.03,0.0
page-blocks,0.74,100,0.74,0.67,0.07,0.0
page-blocks,0.74,100,0.74,0.68,0.06,0.0
page-blocks,0.74,100,0.74,0.69,0.05,0.0
page-blocks,0.74,100,0.74,0.68,0.06,0.0
page-blocks,0.74,100,0.74,0.7,0.04,0.0
page-blocks,0.74,100,0.74,0.69,0.05,0.0
page-blocks,0.74,100,0.74,0.71,0.03,0.0
page-blocks,0.74,100,0.74,0.72,0.02,0.0
page-blocks,0.74,100,0.74,0.71,0.03,0.0
page-blocks,0.79,100,0.79,0.75,0.04,0.0
page-blocks,0.79,100,0.79,0.72,0.07,0.0
page-blocks,0.79,100,0.79,0.74,0.05,0.0
page-blocks,0.79,100,0.79,0.77,0.02,0.0
page-blocks,0.79,100,0.79,0.8,0.01,0.0
page-blocks,0.79,100,0.79,0.75,0.04,0.0
page-blocks,0.79,100,0.79,0.73,0.06,0.0
page-blocks,0.79,100,0.79,0.76,0.03,0.0
page-blocks,0.79,100,0.79,0.72,0.07,0.0
page-blocks,0.79,100,0.79,0.78,0.01,0.0
page-blocks,0.84,100,0.84,0.8,0.04,0.0
page-blocks,0.84,100,0.84,0.79,0.05,0.0
page-blocks,0.84,100,0.84,0.82,0.02,0.0
page-blocks,0.84,100,0.84,0.86,0.02,0.0
page-blocks,0.84,100,0.84,0.75,0.09,0.0
page-blocks,0.84,100,0.84,0.75,0.09,0.0
page-blocks,0.84,100,0.84,0.79,0.05,0.0
page-blocks,0.84,100,0.84,0.78,0.06,0.0
page-blocks,0.84,100,0.84,0.88,0.04,0.0
page-blocks,0.84,100,0.84,0.85,0.01,0.0
page-blocks,0.89,100,0.89,0.85,0.04,0.0
page-blocks,0.89,100,0.89,0.87,0.02,0.0
page-blocks,0.89,100,0.89,0.85,0.04,0.0
page-blocks,0.89,100,0.89,0.88,0.01,0.0
page-blocks,0.89,100,0.89,0.86,0.03,0.0
page-blocks,0.89,100,0.89,0.93,0.04,0.0
page-blocks,0.89,100,0.89,0.89,0.0,0.0
page-blocks,0.89,100,0.89,0.83,0.06,0.0
page-blocks,0.89,100,0.89,0.89,0.0,0.0
page-blocks,0.89,100,0.89,0.86,0.03,0.0
page-blocks,0.95,100,0.95,0.98,0.03,0.0
page-blocks,0.95,100,0.95,0.92,0.03,0.0
page-blocks,0.95,100,0.95,0.94,0.01,0.0
page-blocks,0.95,100,0.95,0.96,0.01,0.0
page-blocks,0.95,100,0.95,0.98,0.03,0.0
page-blocks,0.95,100,0.95,0.94,0.01,0.0
page-blocks,0.95,100,0.95,0.92,0.03,0.0
page-blocks,0.95,100,0.95,0.93,0.02,0.0
page-blocks,0.95,100,0.95,0.92,0.03,0.0
page-blocks,0.95,100,0.95,0.95,0.0,0.0156252384185791
page-blocks,1.0,100,1.0,0.99,0.01,0.0
page-blocks,1.0,100,1.0,0.97,0.03,0.0
page-blocks,1.0,100,1.0,0.98,0.02,0.0
page-blocks,1.0,100,1.0,1.0,0.0,0.0
page-blocks,1.0,100,1.0,0.99,0.01,0.0
page-blocks,1.0,100,1.0,0.99,0.01,0.0
page-blocks,1.0,100,1.0,0.99,0.01,0.0
page-blocks,1.0,100,1.0,1.0,0.0,0.0
page-blocks,1.0,100,1.0,1.0,0.0,0.0
page-blocks,1.0,100,1.0,1.0,0.0,0.0
php50jXam,0.0,100,0.0,0.0,0.0,0.0
php50jXam,0.0,100,0.0,0.01,0.01,0.0
php50jXam,0.0,100,0.0,0.01,0.01,0.0
php50jXam,0.0,100,0.0,0.01,0.01,0.0
php50jXam,0.0,100,0.0,0.0,0.0,0.0
php50jXam,0.0,100,0.0,0.01,0.01,0.0
php50jXam,0.0,100,0.0,0.0,0.0,0.0
php50jXam,0.0,100,0.0,0.0,0.0,0.0
php50jXam,0.0,100,0.0,0.0,0.0,0.0
php50jXam,0.0,100,0.0,0.0,0.0,0.0
php50jXam,0.05,100,0.05,0.05,0.0,0.0
php50jXam,0.05,100,0.05,0.05,0.0,0.0
php50jXam,0.05,100,0.05,0.05,0.0,0.0
php50jXam,0.05,100,0.05,0.06,0.01,0.0
php50jXam,0.05,100,0.05,0.06,0.01,0.0
php50jXam,0.05,100,0.05,0.05,0.0,0.0
php50jXam,0.05,100,0.05,0.06,0.01,0.0
php50jXam,0.05,100,0.05,0.06,0.01,0.0
php50jXam,0.05,100,0.05,0.06,0.01,0.0
php50jXam,0.05,100,0.05,0.04,0.01,0.0
php50jXam,0.11,100,0.11,0.12,0.01,0.0
php50jXam,0.11,100,0.11,0.11,0.0,0.0
php50jXam,0.11,100,0.11,0.12,0.01,0.0
php50jXam,0.11,100,0.11,0.11,0.0,0.0
php50jXam,0.11,100,0.11,0.1,0.01,0.0
php50jXam,0.11,100,0.11,0.11,0.0,0.0
php50jXam,0.11,100,0.11,0.1,0.01,0.0
php50jXam,0.11,100,0.11,0.11,0.0,0.0
php50jXam,0.11,100,0.11,0.11,0.0,0.0
php50jXam,0.11,100,0.11,0.11,0.0,0.0
php50jXam,0.16,100,0.16,0.17,0.01,0.0
php50jXam,0.16,100,0.16,0.18,0.02,0.0
php50jXam,0.16,100,0.16,0.17,0.01,0.0
php50jXam,0.16,100,0.16,0.16,0.0,0.0
php50jXam,0.16,100,0.16,0.17,0.01,0.0
php50jXam,0.16,100,0.16,0.17,0.01,0.0
php50jXam,0.16,100,0.16,0.16,0.0,0.0
php50jXam,0.16,100,0.16,0.17,0.01,0.0
php50jXam,0.16,100,0.16,0.16,0.0,0.0
php50jXam,0.16,100,0.16,0.17,0.01,0.0
php50jXam,0.21,100,0.21,0.2,0.01,0.0
php50jXam,0.21,100,0.21,0.22,0.01,0.0
php50jXam,0.21,100,0.21,0.22,0.01,0.0
php50jXam,0.21,100,0.21,0.22,0.01,0.0
php50jXam,0.21,100,0.21,0.22,0.01,0.0
php50jXam,0.21,100,0.21,0.21,0.0,0.0
php50jXam,0.21,100,0.21,0.22,0.01,0.0
php50jXam,0.21,100,0.21,0.22,0.01,0.0
php50jXam,0.21,100,0.21,0.22,0.01,0.0
php50jXam,0.21,100,0.21,0.2,0.01,0.0
php50jXam,0.26,100,0.26,0.27,0.01,0.0
php50jXam,0.26,100,0.26,0.26,0.0,0.0
php50jXam,0.26,100,0.26,0.27,0.01,0.0
php50jXam,0.26,100,0.26,0.26,0.0,0.0
php50jXam,0.26,100,0.26,0.27,0.01,0.0
php50jXam,0.26,100,0.26,0.26,0.0,0.0
php50jXam,0.26,100,0.26,0.26,0.0,0.0
php50jXam,0.26,100,0.26,0.26,0.0,0.0
php50jXam,0.26,100,0.26,0.28,0.02,0.015550374984741211
php50jXam,0.26,100,0.26,0.26,0.0,0.0
php50jXam,0.32,100,0.32,0.33,0.01,0.0
php50jXam,0.32,100,0.32,0.32,0.0,0.0
php50jXam,0.32,100,0.32,0.32,0.0,0.0
php50jXam,0.32,100,0.32,0.33,0.01,0.0
php50jXam,0.32,100,0.32,0.33,0.01,0.0
php50jXam,0.32,100,0.32,0.33,0.01,0.0
php50jXam,0.32,100,0.32,0.33,0.01,0.0
php50jXam,0.32,100,0.32,0.33,0.01,0.0
php50jXam,0.32,100,0.32,0.32,0.0,0.0
php50jXam,0.32,100,0.32,0.33,0.01,0.0
php50jXam,0.37,100,0.37,0.37,0.0,0.0
php50jXam,0.37,100,0.37,0.37,0.0,0.0
php50jXam,0.37,100,0.37,0.37,0.0,0.0
php50jXam,0.37,100,0.37,0.38,0.01,0.0
php50jXam,0.37,100,0.37,0.37,0.0,0.0
php50jXam,0.37,100,0.37,0.38,0.01,0.0
php50jXam,0.37,100,0.37,0.37,0.0,0.0
php50jXam,0.37,100,0.37,0.36,0.01,0.0
php50jXam,0.37,100,0.37,0.37,0.0,0.0
php50jXam,0.37,100,0.37,0.36,0.01,0.0
php50jXam,0.42,100,0.42,0.42,0.0,0.0
php50jXam,0.42,100,0.42,0.43,0.01,0.0
php50jXam,0.42,100,0.42,0.44,0.02,0.0
php50jXam,0.42,100,0.42,0.42,0.0,0.0
php50jXam,0.42,100,0.42,0.42,0.0,0.0
php50jXam,0.42,100,0.42,0.41,0.01,0.0
php50jXam,0.42,100,0.42,0.43,0.01,0.0
php50jXam,0.42,100,0.42,0.42,0.0,0.0
php50jXam,0.42,100,0.42,0.42,0.0,0.0
php50jXam,0.42,100,0.42,0.43,0.01,0.0
php50jXam,0.47,100,0.47,0.48,0.01,0.0
php50jXam,0.47,100,0.47,0.48,0.01,0.0
php50jXam,0.47,100,0.47,0.48,0.01,0.0
php50jXam,0.47,100,0.47,0.46,0.01,0.0
php50jXam,0.47,100,0.47,0.47,0.0,0.0
php50jXam,0.47,100,0.47,0.48,0.01,0.0
php50jXam,0.47,100,0.47,0.47,0.0,0.0
php50jXam,0.47,100,0.47,0.47,0.0,0.0
php50jXam,0.47,100,0.47,0.47,0.0,0.0
php50jXam,0.47,100,0.47,0.47,0.0,0.0
php50jXam,0.53,100,0.53,0.55,0.02,0.0
php50jXam,0.53,100,0.53,0.53,0.0,0.0
php50jXam,0.53,100,0.53,0.52,0.01,0.0
php50jXam,0.53,100,0.53,0.53,0.0,0.0
php50jXam,0.53,100,0.53,0.54,0.01,0.0
php50jXam,0.53,100,0.53,0.53,0.0,0.0
php50jXam,0.53,100,0.53,0.54,0.01,0.0010554790496826172
php50jXam,0.53,100,0.53,0.53,0.0,0.0
php50jXam,0.53,100,0.53,0.54,0.01,0.0
php50jXam,0.53,100,0.53,0.53,0.0,0.0
php50jXam,0.58,100,0.58,0.58,0.0,0.0
php50jXam,0.58,100,0.58,0.58,0.0,0.0
php50jXam,0.58,100,0.58,0.59,0.01,0.0
php50jXam,0.58,100,0.58,0.58,0.0,0.0
php50jXam,0.58,100,0.58,0.6,0.02,0.0
php50jXam,0.58,100,0.58,0.6,0.02,0.0
php50jXam,0.58,100,0.58,0.58,0.0,0.0
php50jXam,0.58,100,0.58,0.58,0.0,0.0
php50jXam,0.58,100,0.58,0.59,0.01,0.0
php50jXam,0.58,100,0.58,0.57,0.01,0.0
php50jXam,0.63,100,0.63,0.64,0.01,0.0
php50jXam,0.63,100,0.63,0.64,0.01,0.0
php50jXam,0.63,100,0.63,0.63,0.0,0.0
php50jXam,0.63,100,0.63,0.63,0.0,0.0
php50jXam,0.63,100,0.63,0.63,0.0,0.0
php50jXam,0.63,100,0.63,0.62,0.01,0.0
php50jXam,0.63,100,0.63,0.64,0.01,0.0
php50jXam,0.63,100,0.63,0.65,0.02,0.0
php50jXam,0.63,100,0.63,0.63,0.0,0.0
php50jXam,0.63,100,0.63,0.64,0.01,0.0
php50jXam,0.68,100,0.68,0.68,0.0,0.0
php50jXam,0.68,100,0.68,0.69,0.01,0.0
php50jXam,0.68,100,0.68,0.67,0.01,0.0
php50jXam,0.68,100,0.68,0.68,0.0,0.0
php50jXam,0.68,100,0.68,0.67,0.01,0.0
php50jXam,0.68,100,0.68,0.69,0.01,0.0
php50jXam,0.68,100,0.68,0.69,0.01,0.0
php50jXam,0.68,100,0.68,0.68,0.0,0.0
php50jXam,0.68,100,0.68,0.68,0.0,0.0
php50jXam,0.68,100,0.68,0.69,0.01,0.0
php50jXam,0.74,100,0.74,0.75,0.01,0.0
php50jXam,0.74,100,0.74,0.75,0.01,0.0
php50jXam,0.74,100,0.74,0.76,0.02,0.0
php50jXam,0.74,100,0.74,0.74,0.0,0.0
php50jXam,0.74,100,0.74,0.74,0.0,0.0
php50jXam,0.74,100,0.74,0.76,0.02,0.0
php50jXam,0.74,100,0.74,0.75,0.01,0.0
php50jXam,0.74,100,0.74,0.74,0.0,0.0
php50jXam,0.74,100,0.74,0.75,0.01,0.0
php50jXam,0.74,100,0.74,0.74,0.0,0.0
php50jXam,0.79,100,0.79,0.79,0.0,0.0
php50jXam,0.79,100,0.79,0.79,0.0,0.0
php50jXam,0.79,100,0.79,0.79,0.0,0.0
php50jXam,0.79,100,0.79,0.8,0.01,0.0
php50jXam,0.79,100,0.79,0.79,0.0,0.0
php50jXam,0.79,100,0.79,0.78,0.01,0.0
php50jXam,0.79,100,0.79,0.79,0.0,0.0
php50jXam,0.79,100,0.79,0.78,0.01,0.0
php50jXam,0.79,100,0.79,0.79,0.0,0.0003027915954589844
php50jXam,0.79,100,0.79,0.81,0.02,0.0
php50jXam,0.84,100,0.84,0.85,0.01,0.0
php50jXam,0.84,100,0.84,0.85,0.01,0.0
php50jXam,0.84,100,0.84,0.84,0.0,0.0
php50jXam,0.84,100,0.84,0.85,0.01,0.0
php50jXam,0.84,100,0.84,0.85,0.01,0.0
php50jXam,0.84,100,0.84,0.85,0.01,0.0
php50jXam,0.84,100,0.84,0.85,0.01,0.0
php50jXam,0.84,100,0.84,0.86,0.02,0.0
php50jXam,0.84,100,0.84,0.86,0.02,0.0
php50jXam,0.84,100,0.84,0.84,0.0,0.0
php50jXam,0.89,100,0.89,0.89,0.0,0.0
php50jXam,0.89,100,0.89,0.9,0.01,0.0
php50jXam,0.89,100,0.89,0.89,0.0,0.0
php50jXam,0.89,100,0.89,0.89,0.0,0.0
php50jXam,0.89,100,0.89,0.9,0.01,0.0
php50jXam,0.89,100,0.89,0.9,0.01,0.0
php50jXam,0.89,100,0.89,0.91,0.02,0.0
php50jXam,0.89,100,0.89,0.88,0.01,0.0
php50jXam,0.89,100,0.89,0.9,0.01,0.0
php50jXam,0.89,100,0.89,0.89,0.0,0.0
php50jXam,0.95,100,0.95,0.95,0.0,0.0
php50jXam,0.95,100,0.95,0.96,0.01,0.0
php50jXam,0.95,100,0.95,0.96,0.01,0.0
php50jXam,0.95,100,0.95,0.95,0.0,0.0
php50jXam,0.95,100,0.95,0.96,0.01,0.0
php50jXam,0.95,100,0.95,0.95,0.0,0.0
php50jXam,0.95,100,0.95,0.95,0.0,0.0
php50jXam,0.95,100,0.95,0.95,0.0,0.0
php50jXam,0.95,100,0.95,0.95,0.0,0.0
php50jXam,0.95,100,0.95,0.95,0.0,0.0
php50jXam,1.0,100,1.0,1.0,0.0,0.0
php50jXam,1.0,100,1.0,1.0,0.0,0.0
php50jXam,1.0,100,1.0,1.0,0.0,0.0
php50jXam,1.0,100,1.0,1.0,0.0,0.0
php50jXam,1.0,100,1.0,1.0,0.0,0.0
php50jXam,1.0,100,1.0,1.0,0.0,0.0
php50jXam,1.0,100,1.0,1.0,0.0,0.0
php50jXam,1.0,100,1.0,1.0,0.0,0.0
php50jXam,1.0,100,1.0,1.0,0.0,0.0
php50jXam,1.0,100,1.0,1.0,0.0,0.0
phplE7q6h,0.0,100,0.0,0.42,0.42,0.0
phplE7q6h,0.0,100,0.0,0.0,0.0,0.0
phplE7q6h,0.0,100,0.0,0.0,0.0,5.14984130859375e-05
phplE7q6h,0.0,100,0.0,0.08,0.08,0.0
phplE7q6h,0.0,100,0.0,0.09,0.09,0.0
phplE7q6h,0.0,100,0.0,0.0,0.0,0.0
phplE7q6h,0.0,100,0.0,0.21,0.21,0.0
phplE7q6h,0.0,100,0.0,0.48,0.48,0.0
phplE7q6h,0.0,100,0.0,0.0,0.0,0.0
phplE7q6h,0.0,100,0.0,0.45,0.45,0.0
phplE7q6h,0.05,100,0.05,0.27,0.22,0.0
phplE7q6h,0.05,100,0.05,0.36,0.31,0.0
phplE7q6h,0.05,100,0.05,0.0,0.05,0.0
phplE7q6h,0.05,100,0.05,0.24,0.19,0.0
phplE7q6h,0.05,100,0.05,0.2,0.15,0.0
phplE7q6h,0.05,100,0.05,0.0,0.05,0.0
phplE7q6h,0.05,100,0.05,0.0,0.05,0.0
phplE7q6h,0.05,100,0.05,0.27,0.22,0.0
phplE7q6h,0.05,100,0.05,0.16,0.11,0.0
phplE7q6h,0.05,100,0.05,0.5,0.45,0.0
phplE7q6h,0.11,100,0.11,0.08,0.03,0.0
phplE7q6h,0.11,100,0.11,0.65,0.54,0.0
phplE7q6h,0.11,100,0.11,0.24,0.13,0.0
phplE7q6h,0.11,100,0.11,0.06,0.05,0.0
phplE7q6h,0.11,100,0.11,0.72,0.61,0.0
phplE7q6h,0.11,100,0.11,0.25,0.14,0.0
phplE7q6h,0.11,100,0.11,0.25,0.14,0.0
phplE7q6h,0.11,100,0.11,0.4,0.29,0.0001678466796875
phplE7q6h,0.11,100,0.11,0.12,0.01,0.0
phplE7q6h,0.11,100,0.11,0.12,0.01,0.0
phplE7q6h,0.16,100,0.16,0.76,0.6,0.0
phplE7q6h,0.16,100,0.16,0.29,0.13,0.0
phplE7q6h,0.16,100,0.16,0.18,0.02,0.0
phplE7q6h,0.16,100,0.16,0.51,0.35,0.0
phplE7q6h,0.16,100,0.16,0.0,0.16,0.0
phplE7q6h,0.16,100,0.16,0.69,0.53,0.0
phplE7q6h,0.16,100,0.16,0.41,0.25,0.0
phplE7q6h,0.16,100,0.16,0.38,0.22,0.0
phplE7q6h,0.16,100,0.16,0.0,0.16,0.0
phplE7q6h,0.16,100,0.16,0.38,0.22,0.0
phplE7q6h,0.21,100,0.21,0.62,0.41,0.0
phplE7q6h,0.21,100,0.21,0.48,0.27,0.0
phplE7q6h,0.21,100,0.21,0.27,0.06,0.0
phplE7q6h,0.21,100,0.21,0.25,0.04,0.0
phplE7q6h,0.21,100,0.21,0.42,0.21,0.0
phplE7q6h,0.21,100,0.21,0.08,0.13,0.0
phplE7q6h,0.21,100,0.21,0.37,0.16,0.0
phplE7q6h,0.21,100,0.21,0.0,0.21,0.0
phplE7q6h,0.21,100,0.21,0.14,0.07,0.0
phplE7q6h,0.21,100,0.21,0.4,0.19,0.0
phplE7q6h,0.26,100,0.26,0.52,0.26,0.0004086494445800781
phplE7q6h,0.26,100,0.26,0.0,0.26,0.0
phplE7q6h,0.26,100,0.26,0.02,0.24,0.0
phplE7q6h,0.26,100,0.26,0.0,0.26,0.0
phplE7q6h,0.26,100,0.26,0.06,0.2,0.0
phplE7q6h,0.26,100,0.26,0.79,0.53,0.0
phplE7q6h,0.26,100,0.26,0.73,0.47,0.0
phplE7q6h,0.26,100,0.26,0.27,0.01,0.0
phplE7q6h,0.26,100,0.26,0.4,0.14,0.0
phplE7q6h,0.26,100,0.26,0.78,0.52,0.0
phplE7q6h,0.32,100,0.32,0.23,0.09,0.0
phplE7q6h,0.32,100,0.32,0.48,0.16,0.0
phplE7q6h,0.32,100,0.32,0.45,0.13,0.0005486011505126953
phplE7q6h,0.32,100,0.32,0.3,0.02,0.0
phplE7q6h,0.32,100,0.32,0.57,0.25,0.0
phplE7q6h,0.32,100,0.32,0.43,0.11,0.0
phplE7q6h,0.32,100,0.32,0.39,0.07,0.0
phplE7q6h,0.32,100,0.32,0.34,0.02,0.0
phplE7q6h,0.32,100,0.32,0.08,0.24,0.001123666763305664
phplE7q6h,0.32,100,0.32,0.68,0.36,0.0
phplE7q6h,0.37,100,0.37,0.49,0.12,0.0
phplE7q6h,0.37,100,0.37,0.42,0.05,0.0
phplE7q6h,0.37,100,0.37,0.46,0.09,0.0
phplE7q6h,0.37,100,0.37,0.62,0.25,0.0
phplE7q6h,0.37,100,0.37,0.57,0.2,0.0
phplE7q6h,0.37,100,0.37,0.41,0.04,0.0
phplE7q6h,0.37,100,0.37,0.78,0.41,0.0
phplE7q6h,0.37,100,0.37,0.0,0.37,0.0
phplE7q6h,0.37,100,0.37,0.58,0.21,0.0
phplE7q6h,0.37,100,0.37,0.81,0.44,0.0
phplE7q6h,0.42,100,0.42,0.21,0.21,0.015505790710449219
phplE7q6h,0.42,100,0.42,0.52,0.1,0.0
phplE7q6h,0.42,100,0.42,0.6,0.18,0.0
phplE7q6h,0.42,100,0.42,0.78,0.36,0.0
phplE7q6h,0.42,100,0.42,0.57,0.15,0.0010025501251220703
phplE7q6h,0.42,100,0.42,0.06,0.36,0.0
phplE7q6h,0.42,100,0.42,0.3,0.12,0.0
phplE7q6h,0.42,100,0.42,0.45,0.03,0.0
phplE7q6h,0.42,100,0.42,0.78,0.36,0.0
phplE7q6h,0.42,100,0.42,0.62,0.2,0.0
phplE7q6h,0.47,100,0.47,0.15,0.32,0.0
phplE7q6h,0.47,100,0.47,0.42,0.05,0.0
phplE7q6h,0.47,100,0.47,0.42,0.05,0.0
phplE7q6h,0.47,100,0.47,0.31,0.16,0.0
phplE7q6h,0.47,100,0.47,0.71,0.24,0.0
phplE7q6h,0.47,100,0.47,0.27,0.2,0.00037741661071777344
phplE7q6h,0.47,100,0.47,0.86,0.39,0.0
phplE7q6h,0.47,100,0.47,0.48,0.01,0.0
phplE7q6h,0.47,100,0.47,0.7,0.23,0.0
phplE7q6h,0.47,100,0.47,0.69,0.22,0.0
phplE7q6h,0.53,100,0.53,0.26,0.27,0.0
phplE7q6h,0.53,100,0.53,0.66,0.13,0.0
phplE7q6h,0.53,100,0.53,0.68,0.15,0.0
phplE7q6h,0.53,100,0.53,0.96,0.43,0.00021195411682128906
phplE7q6h,0.53,100,0.53,0.28,0.25,0.0
phplE7q6h,0.53,100,0.53,0.59,0.06,0.0
phplE7q6h,0.53,100,0.53,0.79,0.26,0.0
phplE7q6h,0.53,100,0.53,0.49,0.04,0.0
phplE7q6h,0.53,100,0.53,0.6,0.07,0.0
phplE7q6h,0.53,100,0.53,0.71,0.18,0.0
phplE7q6h,0.58,100,0.58,0.68,0.1,0.0009899139404296875
phplE7q6h,0.58,100,0.58,0.64,0.06,0.0
phplE7q6h,0.58,100,0.58,0.66,0.08,0.0
phplE7q6h,0.58,100,0.58,0.88,0.3,0.0
phplE7q6h,0.58,100,0.58,0.92,0.34,0.0
phplE7q6h,0.58,100,0.58,0.54,0.04,0.0
phplE7q6h,0.58,100,0.58,0.52,0.06,0.0
phplE7q6h,0.58,100,0.58,1.0,0.42,0.0
phplE7q6h,0.58,100,0.58,0.82,0.24,0.0
phplE7q6h,0.58,100,0.58,1.0,0.42,0.0
phplE7q6h,0.63,100,0.63,0.62,0.01,0.0009992122650146484
phplE7q6h,0.63,100,0.63,0.16,0.47,0.0
phplE7q6h,0.63,100,0.63,0.5,0.13,0.0
phplE7q6h,0.63,100,0.63,0.77,0.14,0.0
phplE7q6h,0.63,100,0.63,0.6,0.03,0.0
phplE7q6h,0.63,100,0.63,0.8,0.17,0.0
phplE7q6h,0.63,100,0.63,0.69,0.06,0.0
phplE7q6h,0.63,100,0.63,0.63,0.0,0.0
phplE7q6h,0.63,100,0.63,0.34,0.29,0.0
phplE7q6h,0.63,100,0.63,0.45,0.18,0.0
phplE7q6h,0.68,100,0.68,0.66,0.02,0.0
phplE7q6h,0.68,100,0.68,0.68,0.0,0.0
phplE7q6h,0.68,100,0.68,0.5,0.18,0.0
phplE7q6h,0.68,100,0.68,0.0,0.68,0.0
phplE7q6h,0.68,100,0.68,0.52,0.16,0.0
phplE7q6h,0.68,100,0.68,0.51,0.17,0.0
phplE7q6h,0.68,100,0.68,1.0,0.32,0.0
phplE7q6h,0.68,100,0.68,0.91,0.23,0.0
phplE7q6h,0.68,100,0.68,0.77,0.09,0.0
phplE7q6h,0.68,100,0.68,0.4,0.28,0.0
phplE7q6h,0.74,100,0.74,1.0,0.26,0.0056040287017822266
phplE7q6h,0.74,100,0.74,0.61,0.13,0.0
phplE7q6h,0.74,100,0.74,0.58,0.16,0.0
phplE7q6h,0.74,100,0.74,0.65,0.09,0.0010187625885009766
phplE7q6h,0.74,100,0.74,0.1,0.64,0.0
phplE7q6h,0.74,100,0.74,1.0,0.26,0.0
phplE7q6h,0.74,100,0.74,0.28,0.46,0.0
phplE7q6h,0.74,100,0.74,0.55,0.19,0.0
phplE7q6h,0.74,100,0.74,0.93,0.19,0.0
phplE7q6h,0.74,100,0.74,0.56,0.18,0.000997781753540039
phplE7q6h,0.79,100,0.79,1.0,0.21,0.0
phplE7q6h,0.79,100,0.79,0.63,0.16,0.0
phplE7q6h,0.79,100,0.79,0.62,0.17,0.0
phplE7q6h,0.79,100,0.79,0.94,0.15,0.0
phplE7q6h,0.79,100,0.79,0.67,0.12,0.0
phplE7q6h,0.79,100,0.79,1.0,0.21,0.0
phplE7q6h,0.79,100,0.79,1.0,0.21,0.0
phplE7q6h,0.79,100,0.79,0.76,0.03,0.0
phplE7q6h,0.79,100,0.79,0.65,0.14,0.0
phplE7q6h,0.79,100,0.79,0.64,0.15,0.0
phplE7q6h,0.84,100,0.84,1.0,0.16,0.0
phplE7q6h,0.84,100,0.84,0.9,0.06,0.0
phplE7q6h,0.84,100,0.84,0.36,0.48,0.0
phplE7q6h,0.84,100,0.84,1.0,0.16,0.0
phplE7q6h,0.84,100,0.84,0.88,0.04,0.0
phplE7q6h,0.84,100,0.84,0.68,0.16,0.0
phplE7q6h,0.84,100,0.84,0.69,0.15,0.0
phplE7q6h,0.84,100,0.84,0.53,0.31,0.0010378360748291016
phplE7q6h,0.84,100,0.84,0.44,0.4,0.0
phplE7q6h,0.84,100,0.84,0.19,0.65,0.0
phplE7q6h,0.89,100,0.89,0.67,0.22,0.0
phplE7q6h,0.89,100,0.89,1.0,0.11,0.0
phplE7q6h,0.89,100,0.89,0.42,0.47,0.0
phplE7q6h,0.89,100,0.89,0.58,0.31,0.0
phplE7q6h,0.89,100,0.89,1.0,0.11,0.0
phplE7q6h,0.89,100,0.89,1.0,0.11,0.0
phplE7q6h,0.89,100,0.89,0.88,0.01,0.0
phplE7q6h,0.89,100,0.89,1.0,0.11,0.0
phplE7q6h,0.89,100,0.89,0.81,0.08,0.0
phplE7q6h,0.89,100,0.89,0.87,0.02,0.0
phplE7q6h,0.95,100,0.95,0.8,0.15,0.0
phplE7q6h,0.95,100,0.95,1.0,0.05,0.0
phplE7q6h,0.95,100,0.95,0.67,0.28,0.0
phplE7q6h,0.95,100,0.95,0.91,0.04,0.0
phplE7q6h,0.95,100,0.95,0.58,0.37,0.0
phplE7q6h,0.95,100,0.95,0.94,0.01,0.0
phplE7q6h,0.95,100,0.95,0.81,0.14,0.0
phplE7q6h,0.95,100,0.95,0.88,0.07,0.0
phplE7q6h,0.95,100,0.95,0.84,0.11,0.0
phplE7q6h,0.95,100,0.95,0.93,0.02,0.0
phplE7q6h,1.0,100,1.0,1.0,0.0,0.0
phplE7q6h,1.0,100,1.0,0.88,0.12,0.0
phplE7q6h,1.0,100,1.0,1.0,0.0,0.0
phplE7q6h,1.0,100,1.0,1.0,0.0,0.0
phplE7q6h,1.0,100,1.0,0.5,0.5,0.0
phplE7q6h,1.0,100,1.0,1.0,0.0,0.0
phplE7q6h,1.0,100,1.0,0.93,0.07,0.0
phplE7q6h,1.0,100,1.0,1.0,0.0,0.0
phplE7q6h,1.0,100,1.0,0.9,0.1,0.0
phplE7q6h,1.0,100,1.0,1.0,0.0,0.0
phpWfYmlu,0.0,100,0.0,0.0,0.0,0.0
phpWfYmlu,0.0,100,0.0,0.0,0.0,0.0
phpWfYmlu,0.0,100,0.0,0.0,0.0,0.0
phpWfYmlu,0.0,100,0.0,0.0,0.0,0.0
phpWfYmlu,0.0,100,0.0,0.02,0.02,0.0
phpWfYmlu,0.0,100,0.0,0.02,0.02,0.0
phpWfYmlu,0.0,100,0.0,0.0,0.0,0.0
phpWfYmlu,0.0,100,0.0,0.0,0.0,0.0
phpWfYmlu,0.0,100,0.0,0.0,0.0,0.0
phpWfYmlu,0.0,100,0.0,0.0,0.0,0.0
phpWfYmlu,0.05,100,0.05,0.03,0.02,0.0
phpWfYmlu,0.05,100,0.05,0.0,0.05,0.0
phpWfYmlu,0.05,100,0.05,0.03,0.02,0.0
phpWfYmlu,0.05,100,0.05,0.08,0.03,0.0
phpWfYmlu,0.05,100,0.05,0.0,0.05,0.0
phpWfYmlu,0.05,100,0.05,0.01,0.04,0.0
phpWfYmlu,0.05,100,0.05,0.0,0.05,0.0
phpWfYmlu,0.05,100,0.05,0.1,0.05,0.0
phpWfYmlu,0.05,100,0.05,0.05,0.0,0.0
phpWfYmlu,0.05,100,0.05,0.0,0.05,0.0
phpWfYmlu,0.11,100,0.11,0.03,0.08,0.0
phpWfYmlu,0.11,100,0.11,0.02,0.09,0.0
phpWfYmlu,0.11,100,0.11,0.06,0.05,0.0
phpWfYmlu,0.11,100,0.11,0.08,0.03,0.0
phpWfYmlu,0.11,100,0.11,0.1,0.01,0.0
phpWfYmlu,0.11,100,0.11,0.15,0.04,0.0
phpWfYmlu,0.11,100,0.11,0.08,0.03,0.0
phpWfYmlu,0.11,100,0.11,0.0,0.11,0.001012563705444336
phpWfYmlu,0.11,100,0.11,0.1,0.01,0.0
phpWfYmlu,0.11,100,0.11,0.0,0.11,0.0
phpWfYmlu,0.16,100,0.16,0.12,0.04,0.0
phpWfYmlu,0.16,100,0.16,0.11,0.05,0.0
phpWfYmlu,0.16,100,0.16,0.13,0.03,0.0
phpWfYmlu,0.16,100,0.16,0.1,0.06,0.0
phpWfYmlu,0.16,100,0.16,0.09,0.07,0.0
phpWfYmlu,0.16,100,0.16,0.11,0.05,0.0
phpWfYmlu,0.16,100,0.16,0.17,0.01,0.0006060600280761719
phpWfYmlu,0.16,100,0.16,0.11,0.05,0.0
phpWfYmlu,0.16,100,0.16,0.1,0.06,0.0
phpWfYmlu,0.16,100,0.16,0.13,0.03,0.0
phpWfYmlu,0.21,100,0.21,0.16,0.05,0.0
phpWfYmlu,0.21,100,0.21,0.04,0.17,0.0
phpWfYmlu,0.21,100,0.21,0.26,0.05,0.0
phpWfYmlu,0.21,100,0.21,0.18,0.03,0.0
phpWfYmlu,0.21,100,0.21,0.18,0.03,0.00099945068359375
phpWfYmlu,0.21,100,0.21,0.22,0.01,0.0
phpWfYmlu,0.21,100,0.21,0.27,0.06,0.0
phpWfYmlu,0.21,100,0.21,0.19,0.02,0.0
phpWfYmlu,0.21,100,0.21,0.11,0.1,0.0
phpWfYmlu,0.21,100,0.21,0.2,0.01,0.0
phpWfYmlu,0.26,100,0.26,0.17,0.09,0.0
phpWfYmlu,0.26,100,0.26,0.2,0.06,0.0
phpWfYmlu,0.26,100,0.26,0.24,0.02,0.0
phpWfYmlu,0.26,100,0.26,0.14,0.12,0.0
phpWfYmlu,0.26,100,0.26,0.2,0.06,0.0
phpWfYmlu,0.26,100,0.26,0.22,0.04,0.0
phpWfYmlu,0.26,100,0.26,0.26,0.0,0.0006554126739501953
phpWfYmlu,0.26,100,0.26,0.17,0.09,0.0
phpWfYmlu,0.26,100,0.26,0.19,0.07,0.0
phpWfYmlu,0.26,100,0.26,0.34,0.08,0.0
phpWfYmlu,0.32,100,0.32,0.3,0.02,0.0
phpWfYmlu,0.32,100,0.32,0.3,0.02,0.0
phpWfYmlu,0.32,100,0.32,0.31,0.01,0.0
phpWfYmlu,0.32,100,0.32,0.25,0.07,0.0
phpWfYmlu,0.32,100,0.32,0.25,0.07,0.0
phpWfYmlu,0.32,100,0.32,0.4,0.08,0.0
phpWfYmlu,0.32,100,0.32,0.43,0.11,0.0
phpWfYmlu,0.32,100,0.32,0.41,0.09,0.0
phpWfYmlu,0.32,100,0.32,0.28,0.04,0.0
phpWfYmlu,0.32,100,0.32,0.29,0.03,0.0
phpWfYmlu,0.37,100,0.37,0.22,0.15,0.0
phpWfYmlu,0.37,100,0.37,0.32,0.05,0.0
phpWfYmlu,0.37,100,0.37,0.37,0.0,0.0
phpWfYmlu,0.37,100,0.37,0.38,0.01,0.0
phpWfYmlu,0.37,100,0.37,0.34,0.03,0.0
phpWfYmlu,0.37,100,0.37,0.31,0.06,0.0
phpWfYmlu,0.37,100,0.37,0.29,0.08,0.0
phpWfYmlu,0.37,100,0.37,0.38,0.01,0.0
phpWfYmlu,0.37,100,0.37,0.34,0.03,0.0
phpWfYmlu,0.37,100,0.37,0.43,0.06,0.0
phpWfYmlu,0.42,100,0.42,0.52,0.1,0.0
phpWfYmlu,0.42,100,0.42,0.37,0.05,0.0
phpWfYmlu,0.42,100,0.42,0.32,0.1,0.0
phpWfYmlu,0.42,100,0.42,0.3,0.12,0.0
phpWfYmlu,0.42,100,0.42,0.44,0.02,0.0
phpWfYmlu,0.42,100,0.42,0.37,0.05,0.0
phpWfYmlu,0.42,100,0.42,0.46,0.04,0.0
phpWfYmlu,0.42,100,0.42,0.45,0.03,0.006095409393310547
phpWfYmlu,0.42,100,0.42,0.41,0.01,0.0
phpWfYmlu,0.42,100,0.42,0.31,0.11,0.0
phpWfYmlu,0.47,100,0.47,0.4,0.07,0.0
phpWfYmlu,0.47,100,0.47,0.5,0.03,0.0003058910369873047
phpWfYmlu,0.47,100,0.47,0.45,0.02,0.0
phpWfYmlu,0.47,100,0.47,0.56,0.09,0.0
phpWfYmlu,0.47,100,0.47,0.39,0.08,0.0
phpWfYmlu,0.47,100,0.47,0.36,0.11,0.0
phpWfYmlu,0.47,100,0.47,0.46,0.01,0.0
phpWfYmlu,0.47,100,0.47,0.27,0.2,0.0
phpWfYmlu,0.47,100,0.47,0.3,0.17,0.0
phpWfYmlu,0.47,100,0.47,0.49,0.02,0.0
phpWfYmlu,0.53,100,0.53,0.53,0.0,0.0
phpWfYmlu,0.53,100,0.53,0.42,0.11,0.0
phpWfYmlu,0.53,100,0.53,0.59,0.06,0.0
phpWfYmlu,0.53,100,0.53,0.49,0.04,0.0
phpWfYmlu,0.53,100,0.53,0.39,0.14,0.0
phpWfYmlu,0.53,100,0.53,0.5,0.03,0.0
phpWfYmlu,0.53,100,0.53,0.54,0.01,0.0
phpWfYmlu,0.53,100,0.53,0.41,0.12,0.0
phpWfYmlu,0.53,100,0.53,0.37,0.16,0.0
phpWfYmlu,0.53,100,0.53,0.5,0.03,0.0
phpWfYmlu,0.58,100,0.58,0.48,0.1,0.0
phpWfYmlu,0.58,100,0.58,0.52,0.06,0.0
phpWfYmlu,0.58,100,0.58,0.48,0.1,0.0
phpWfYmlu,0.58,100,0.58,0.45,0.13,0.00048089027404785156
phpWfYmlu,0.58,100,0.58,0.71,0.13,0.0
phpWfYmlu,0.58,100,0.58,0.6,0.02,0.0
phpWfYmlu,0.58,100,0.58,0.42,0.16,0.0
phpWfYmlu,0.58,100,0.58,0.5,0.08,0.0004296302795410156
phpWfYmlu,0.58,100,0.58,0.56,0.02,0.0
phpWfYmlu,0.58,100,0.58,0.69,0.11,0.0
phpWfYmlu,0.63,100,0.63,0.64,0.01,0.0
phpWfYmlu,0.63,100,0.63,0.73,0.1,0.0
phpWfYmlu,0.63,100,0.63,0.66,0.03,0.0
phpWfYmlu,0.63,100,0.63,0.69,0.06,0.0
phpWfYmlu,0.63,100,0.63,0.6,0.03,0.0
phpWfYmlu,0.63,100,0.63,0.53,0.1,0.0
phpWfYmlu,0.63,100,0.63,0.63,0.0,0.0
phpWfYmlu,0.63,100,0.63,0.54,0.09,0.0
phpWfYmlu,0.63,100,0.63,0.66,0.03,0.0
phpWfYmlu,0.63,100,0.63,0.53,0.1,0.0
phpWfYmlu,0.68,100,0.68,0.77,0.09,0.0
phpWfYmlu,0.68,100,0.68,0.68,0.0,0.0
phpWfYmlu,0.68,100,0.68,0.67,0.01,0.0
phpWfYmlu,0.68,100,0.68,0.6,0.08,0.0
phpWfYmlu,0.68,100,0.68,0.67,0.01,0.0
phpWfYmlu,0.68,100,0.68,0.71,0.03,0.0
phpWfYmlu,0.68,100,0.68,0.49,0.19,0.0
phpWfYmlu,0.68,100,0.68,0.7,0.02,0.0
phpWfYmlu,0.68,100,0.68,0.65,0.03,0.0
phpWfYmlu,0.68,100,0.68,0.81,0.13,0.0
phpWfYmlu,0.74,100,0.74,0.55,0.19,0.0
phpWfYmlu,0.74,100,0.74,0.8,0.06,0.0
phpWfYmlu,0.74,100,0.74,0.8,0.06,0.0
phpWfYmlu,0.74,100,0.74,0.59,0.15,0.0
phpWfYmlu,0.74,100,0.74,0.79,0.05,0.0
phpWfYmlu,0.74,100,0.74,0.87,0.13,0.0
phpWfYmlu,0.74,100,0.74,0.66,0.08,0.0
phpWfYmlu,0.74,100,0.74,0.74,0.0,0.0
phpWfYmlu,0.74,100,0.74,0.71,0.03,0.0
phpWfYmlu,0.74,100,0.74,0.77,0.03,0.0
phpWfYmlu,0.79,100,0.79,0.77,0.02,0.0
phpWfYmlu,0.79,100,0.79,0.65,0.14,0.0
phpWfYmlu,0.79,100,0.79,0.81,0.02,0.0
phpWfYmlu,0.79,100,0.79,0.72,0.07,0.0
phpWfYmlu,0.79,100,0.79,0.75,0.04,0.0
phpWfYmlu,0.79,100,0.79,0.82,0.03,0.0
phpWfYmlu,0.79,100,0.79,0.84,0.05,0.0
phpWfYmlu,0.79,100,0.79,0.83,0.04,0.0
phpWfYmlu,0.79,100,0.79,0.79,0.0,0.0
phpWfYmlu,0.79,100,0.79,0.73,0.06,0.0
phpWfYmlu,0.84,100,0.84,0.86,0.02,0.0
phpWfYmlu,0.84,100,0.84,0.89,0.05,0.0
phpWfYmlu,0.84,100,0.84,0.74,0.1,0.0
phpWfYmlu,0.84,100,0.84,0.87,0.03,0.0
phpWfYmlu,0.84,100,0.84,0.69,0.15,0.0
phpWfYmlu,0.84,100,0.84,0.8,0.04,0.0
phpWfYmlu,0.84,100,0.84,0.84,0.0,0.0
phpWfYmlu,0.84,100,0.84,0.78,0.06,0.0
phpWfYmlu,0.84,100,0.84,0.92,0.08,0.0
phpWfYmlu,0.84,100,0.84,0.91,0.07,0.0
phpWfYmlu,0.89,100,0.89,0.91,0.02,0.0
phpWfYmlu,0.89,100,0.89,0.69,0.2,0.0
phpWfYmlu,0.89,100,0.89,0.97,0.08,0.0
phpWfYmlu,0.89,100,0.89,0.89,0.0,0.0
phpWfYmlu,0.89,100,0.89,0.74,0.15,0.0
phpWfYmlu,0.89,100,0.89,0.83,0.06,0.0
phpWfYmlu,0.89,100,0.89,0.96,0.07,0.0
phpWfYmlu,0.89,100,0.89,0.73,0.16,0.0
phpWfYmlu,0.89,100,0.89,0.79,0.1,0.0
phpWfYmlu,0.89,100,0.89,0.85,0.04,0.0
phpWfYmlu,0.95,100,0.95,0.98,0.03,0.0
phpWfYmlu,0.95,100,0.95,0.89,0.06,0.0
phpWfYmlu,0.95,100,0.95,1.0,0.05,0.0
phpWfYmlu,0.95,100,0.95,0.99,0.04,0.0
phpWfYmlu,0.95,100,0.95,1.0,0.05,0.0
phpWfYmlu,0.95,100,0.95,0.85,0.1,0.0
phpWfYmlu,0.95,100,0.95,0.96,0.01,0.0
phpWfYmlu,0.95,100,0.95,0.81,0.14,0.0
phpWfYmlu,0.95,100,0.95,0.99,0.04,0.0
phpWfYmlu,0.95,100,0.95,1.0,0.05,0.0
phpWfYmlu,1.0,100,1.0,1.0,0.0,0.0
phpWfYmlu,1.0,100,1.0,0.95,0.05,0.0
phpWfYmlu,1.0,100,1.0,1.0,0.0,0.0
phpWfYmlu,1.0,100,1.0,0.93,0.07,0.0
phpWfYmlu,1.0,100,1.0,0.98,0.02,0.0
phpWfYmlu,1.0,100,1.0,0.98,0.02,0.0
phpWfYmlu,1.0,100,1.0,1.0,0.0,0.0
phpWfYmlu,1.0,100,1.0,0.93,0.07,0.0
phpWfYmlu,1.0,100,1.0,0.97,0.03,0.0
phpWfYmlu,1.0,100,1.0,1.0,0.0,0.0
phpwRjVjk,0.0,100,0.0,0.03,0.03,0.0010304450988769531
phpwRjVjk,0.0,100,0.0,0.27,0.27,0.0
phpwRjVjk,0.0,100,0.0,0.31,0.31,0.0
phpwRjVjk,0.0,100,0.0,0.0,0.0,0.0
phpwRjVjk,0.0,100,0.0,1.0,1.0,0.0
phpwRjVjk,0.0,100,0.0,0.72,0.72,0.0
phpwRjVjk,0.0,100,0.0,0.0,0.0,0.0
phpwRjVjk,0.0,100,0.0,0.69,0.69,0.0
phpwRjVjk,0.0,100,0.0,0.0,0.0,0.0
phpwRjVjk,0.0,100,0.0,0.6,0.6,0.0
phpwRjVjk,0.05,100,0.05,0.23,0.18,0.0
phpwRjVjk,0.05,100,0.05,0.46,0.41,0.0
phpwRjVjk,0.05,100,0.05,0.0,0.05,0.0
phpwRjVjk,0.05,100,0.05,0.74,0.69,0.0
phpwRjVjk,0.05,100,0.05,0.0,0.05,0.0
phpwRjVjk,0.05,100,0.05,0.27,0.22,0.0
phpwRjVjk,0.05,100,0.05,0.0,0.05,0.0
phpwRjVjk,0.05,100,0.05,0.9,0.85,0.0
phpwRjVjk,0.05,100,0.05,0.12,0.07,0.0
phpwRjVjk,0.05,100,0.05,0.67,0.62,0.0
phpwRjVjk,0.11,100,0.11,0.13,0.02,0.0
phpwRjVjk,0.11,100,0.11,0.95,0.84,0.0
phpwRjVjk,0.11,100,0.11,0.39,0.28,0.0
phpwRjVjk,0.11,100,0.11,0.0,0.11,0.0
phpwRjVjk,0.11,100,0.11,0.63,0.52,0.0
phpwRjVjk,0.11,100,0.11,0.61,0.5,0.0
phpwRjVjk,0.11,100,0.11,0.84,0.73,0.0
phpwRjVjk,0.11,100,0.11,0.0,0.11,0.0
phpwRjVjk,0.11,100,0.11,0.46,0.35,0.0
phpwRjVjk,0.11,100,0.11,1.0,0.89,0.0
phpwRjVjk,0.16,100,0.16,0.0,0.16,0.0
phpwRjVjk,0.16,100,0.16,0.64,0.48,0.0
phpwRjVjk,0.16,100,0.16,0.0,0.16,0.0011060237884521484
phpwRjVjk,0.16,100,0.16,0.02,0.14,0.0
phpwRjVjk,0.16,100,0.16,1.0,0.84,0.0
phpwRjVjk,0.16,100,0.16,0.71,0.55,0.0
phpwRjVjk,0.16,100,0.16,0.31,0.15,0.0
phpwRjVjk,0.16,100,0.16,0.58,0.42,0.0
phpwRjVjk,0.16,100,0.16,0.52,0.36,0.0
phpwRjVjk,0.16,100,0.16,0.34,0.18,0.0
phpwRjVjk,0.21,100,0.21,0.47,0.26,0.0
phpwRjVjk,0.21,100,0.21,0.8,0.59,0.0
phpwRjVjk,0.21,100,0.21,0.07,0.14,0.0
phpwRjVjk,0.21,100,0.21,0.38,0.17,0.0
phpwRjVjk,0.21,100,0.21,0.5,0.29,0.0
phpwRjVjk,0.21,100,0.21,0.34,0.13,0.0
phpwRjVjk,0.21,100,0.21,0.58,0.37,0.0
phpwRjVjk,0.21,100,0.21,0.38,0.17,0.0
phpwRjVjk,0.21,100,0.21,0.92,0.71,0.0
phpwRjVjk,0.21,100,0.21,0.0,0.21,0.0
phpwRjVjk,0.26,100,0.26,1.0,0.74,0.0009999275207519531
phpwRjVjk,0.26,100,0.26,0.51,0.25,0.0
phpwRjVjk,0.26,100,0.26,1.0,0.74,0.0
phpwRjVjk,0.26,100,0.26,0.16,0.1,0.0
phpwRjVjk,0.26,100,0.26,0.63,0.37,0.0
phpwRjVjk,0.26,100,0.26,0.34,0.08,0.0
phpwRjVjk,0.26,100,0.26,0.32,0.06,0.0
phpwRjVjk,0.26,100,0.26,1.0,0.74,0.0
phpwRjVjk,0.26,100,0.26,0.0,0.26,0.0
phpwRjVjk,0.26,100,0.26,0.15,0.11,0.0
phpwRjVjk,0.32,100,0.32,0.0,0.32,0.0
phpwRjVjk,0.32,100,0.32,0.67,0.35,0.0
phpwRjVjk,0.32,100,0.32,0.66,0.34,0.0
phpwRjVjk,0.32,100,0.32,0.22,0.1,0.0
phpwRjVjk,0.32,100,0.32,0.0,0.32,0.0
phpwRjVjk,0.32,100,0.32,0.93,0.61,0.0005564689636230469
phpwRjVjk,0.32,100,0.32,0.35,0.03,0.0
phpwRjVjk,0.32,100,0.32,1.0,0.68,0.0
phpwRjVjk,0.32,100,0.32,0.0,0.32,0.0
phpwRjVjk,0.32,100,0.32,0.0,0.32,0.0
phpwRjVjk,0.37,100,0.37,0.0,0.37,0.0
phpwRjVjk,0.37,100,0.37,0.0,0.37,0.0
phpwRjVjk,0.37,100,0.37,0.76,0.39,0.0
phpwRjVjk,0.37,100,0.37,0.42,0.05,0.0
phpwRjVjk,0.37,100,0.37,0.03,0.34,0.0
phpwRjVjk,0.37,100,0.37,1.0,0.63,0.0
phpwRjVjk,0.37,100,0.37,0.0,0.37,0.0
phpwRjVjk,0.37,100,0.37,1.0,0.63,0.0
phpwRjVjk,0.37,100,0.37,1.0,0.63,0.0
phpwRjVjk,0.37,100,0.37,0.79,0.42,0.0
phpwRjVjk,0.42,100,0.42,0.62,0.2,0.0
phpwRjVjk,0.42,100,0.42,0.25,0.17,0.0
phpwRjVjk,0.42,100,0.42,0.0,0.42,0.0
phpwRjVjk,0.42,100,0.42,0.64,0.22,0.0
phpwRjVjk,0.42,100,0.42,0.85,0.43,0.0
phpwRjVjk,0.42,100,0.42,1.0,0.58,0.0
phpwRjVjk,0.42,100,0.42,0.31,0.11,0.0
phpwRjVjk,0.42,100,0.42,0.5,0.08,0.0
phpwRjVjk,0.42,100,0.42,0.93,0.51,0.0
phpwRjVjk,0.42,100,0.42,0.57,0.15,0.0
phpwRjVjk,0.47,100,0.47,0.68,0.21,0.0
phpwRjVjk,0.47,100,0.47,0.47,0.0,0.0
phpwRjVjk,0.47,100,0.47,0.17,0.3,0.0
phpwRjVjk,0.47,100,0.47,0.55,0.08,0.0
phpwRjVjk,0.47,100,0.47,0.7,0.23,0.0
phpwRjVjk,0.47,100,0.47,0.2,0.27,0.0
phpwRjVjk,0.47,100,0.47,0.0,0.47,0.0
phpwRjVjk,0.47,100,0.47,0.0,0.47,0.0
phpwRjVjk,0.47,100,0.47,0.79,0.32,0.0
phpwRjVjk,0.47,100,0.47,1.0,0.53,0.0
phpwRjVjk,0.53,100,0.53,0.86,0.33,0.0
phpwRjVjk,0.53,100,0.53,0.46,0.07,0.0
phpwRjVjk,0.53,100,0.53,0.4,0.13,0.0
phpwRjVjk,0.53,100,0.53,0.25,0.28,0.0
phpwRjVjk,0.53,100,0.53,1.0,0.47,0.0
phpwRjVjk,0.53,100,0.53,0.54,0.01,0.0
phpwRjVjk,0.53,100,0.53,0.44,0.09,0.0
phpwRjVjk,0.53,100,0.53,0.2,0.33,0.0
phpwRjVjk,0.53,100,0.53,0.71,0.18,0.0
phpwRjVjk,0.53,100,0.53,0.47,0.06,0.0
phpwRjVjk,0.58,100,0.58,1.0,0.42,0.0
phpwRjVjk,0.58,100,0.58,0.65,0.07,0.0
phpwRjVjk,0.58,100,0.58,1.0,0.42,0.0
phpwRjVjk,0.58,100,0.58,0.25,0.33,0.0
phpwRjVjk,0.58,100,0.58,0.43,0.15,0.0
phpwRjVjk,0.58,100,0.58,0.61,0.03,0.0010025501251220703
phpwRjVjk,0.58,100,0.58,0.52,0.06,0.0
phpwRjVjk,0.58,100,0.58,0.12,0.46,0.0
phpwRjVjk,0.58,100,0.58,0.39,0.19,0.0
phpwRjVjk,0.58,100,0.58,0.24,0.34,0.0
phpwRjVjk,0.63,100,0.63,0.43,0.2,0.0
phpwRjVjk,0.63,100,0.63,0.21,0.42,0.0
phpwRjVjk,0.63,100,0.63,0.56,0.07,0.0
phpwRjVjk,0.63,100,0.63,0.74,0.11,0.0
phpwRjVjk,0.63,100,0.63,0.4,0.23,0.0
phpwRjVjk,0.63,100,0.63,0.0,0.63,0.0
phpwRjVjk,0.63,100,0.63,1.0,0.37,0.0
phpwRjVjk,0.63,100,0.63,1.0,0.37,0.0
phpwRjVjk,0.63,100,0.63,0.63,0.0,0.0
phpwRjVjk,0.63,100,0.63,0.44,0.19,0.0
phpwRjVjk,0.68,100,0.68,0.25,0.43,0.0
phpwRjVjk,0.68,100,0.68,1.0,0.32,0.0
phpwRjVjk,0.68,100,0.68,0.0,0.68,0.0
phpwRjVjk,0.68,100,0.68,1.0,0.32,0.0
phpwRjVjk,0.68,100,0.68,0.87,0.19,0.0
phpwRjVjk,0.68,100,0.68,0.27,0.41,0.0
phpwRjVjk,0.68,100,0.68,0.82,0.14,0.0
phpwRjVjk,0.68,100,0.68,0.0,0.68,0.0
phpwRjVjk,0.68,100,0.68,0.37,0.31,0.0
phpwRjVjk,0.68,100,0.68,0.83,0.15,0.0
phpwRjVjk,0.74,100,0.74,0.94,0.2,0.0
phpwRjVjk,0.74,100,0.74,0.57,0.17,0.0
phpwRjVjk,0.74,100,0.74,1.0,0.26,0.0
phpwRjVjk,0.74,100,0.74,0.95,0.21,0.0
phpwRjVjk,0.74,100,0.74,0.83,0.09,0.0
phpwRjVjk,0.74,100,0.74,0.0,0.74,0.0
phpwRjVjk,0.74,100,0.74,1.0,0.26,0.0
phpwRjVjk,0.74,100,0.74,0.13,0.61,0.0
phpwRjVjk,0.74,100,0.74,1.0,0.26,0.0
phpwRjVjk,0.74,100,0.74,0.6,0.14,0.0
phpwRjVjk,0.79,100,0.79,0.3,0.49,0.0
phpwRjVjk,0.79,100,0.79,0.0,0.79,0.0
phpwRjVjk,0.79,100,0.79,1.0,0.21,0.0
phpwRjVjk,0.79,100,0.79,0.0,0.79,0.0
phpwRjVjk,0.79,100,0.79,1.0,0.21,0.0
phpwRjVjk,0.79,100,0.79,1.0,0.21,0.0
phpwRjVjk,0.79,100,0.79,0.44,0.35,0.0
phpwRjVjk,0.79,100,0.79,0.84,0.05,0.0
phpwRjVjk,0.79,100,0.79,0.0,0.79,0.0
phpwRjVjk,0.79,100,0.79,0.81,0.02,0.0
phpwRjVjk,0.84,100,0.84,1.0,0.16,0.0
phpwRjVjk,0.84,100,0.84,0.71,0.13,0.0
phpwRjVjk,0.84,100,0.84,1.0,0.16,5.3882598876953125e-05
phpwRjVjk,0.84,100,0.84,0.94,0.1,0.0
phpwRjVjk,0.84,100,0.84,0.28,0.56,0.0
phpwRjVjk,0.84,100,0.84,0.0,0.84,0.0
phpwRjVjk,0.84,100,0.84,1.0,0.16,0.0
phpwRjVjk,0.84,100,0.84,1.0,0.16,0.0
phpwRjVjk,0.84,100,0.84,0.55,0.29,0.0
phpwRjVjk,0.84,100,0.84,0.49,0.35,0.0
phpwRjVjk,0.89,100,0.89,0.89,0.0,0.0
phpwRjVjk,0.89,100,0.89,0.19,0.7,0.0
phpwRjVjk,0.89,100,0.89,1.0,0.11,0.0
phpwRjVjk,0.89,100,0.89,0.97,0.08,0.0
phpwRjVjk,0.89,100,0.89,0.19,0.7,0.0
phpwRjVjk,0.89,100,0.89,0.49,0.4,0.0
phpwRjVjk,0.89,100,0.89,0.01,0.88,0.0
phpwRjVjk,0.89,100,0.89,0.81,0.08,0.0
phpwRjVjk,0.89,100,0.89,1.0,0.11,0.0
phpwRjVjk,0.89,100,0.89,0.55,0.34,0.0
phpwRjVjk,0.95,100,0.95,0.8,0.15,0.0
phpwRjVjk,0.95,100,0.95,0.08,0.87,0.0
phpwRjVjk,0.95,100,0.95,0.68,0.27,0.0
phpwRjVjk,0.95,100,0.95,0.62,0.33,0.0
phpwRjVjk,0.95,100,0.95,1.0,0.05,0.0
phpwRjVjk,0.95,100,0.95,0.69,0.26,0.0
phpwRjVjk,0.95,100,0.95,0.42,0.53,0.0
phpwRjVjk,0.95,100,0.95,0.62,0.33,0.0
phpwRjVjk,0.95,100,0.95,0.58,0.37,0.0
phpwRjVjk,0.95,100,0.95,0.17,0.78,0.0
phpwRjVjk,1.0,100,1.0,0.54,0.46,0.0
phpwRjVjk,1.0,100,1.0,0.88,0.12,0.0
phpwRjVjk,1.0,100,1.0,0.78,0.22,0.0
phpwRjVjk,1.0,100,1.0,0.41,0.59,0.0
phpwRjVjk,1.0,100,1.0,0.16,0.84,0.0
phpwRjVjk,1.0,100,1.0,1.0,0.0,0.0
phpwRjVjk,1.0,100,1.0,0.11,0.89,0.0007007122039794922
phpwRjVjk,1.0,100,1.0,1.0,0.0,0.0
phpwRjVjk,1.0,100,1.0,0.12,0.88,0.0
phpwRjVjk,1.0,100,1.0,0.59,0.41,0.0
phpxijhaP,0.0,100,0.0,0.01,0.01,0.0
phpxijhaP,0.0,100,0.0,0.0,0.0,0.0
phpxijhaP,0.0,100,0.0,0.0,0.0,0.0
phpxijhaP,0.0,100,0.0,0.0,0.0,0.0
phpxijhaP,0.0,100,0.0,0.0,0.0,0.0
phpxijhaP,0.0,100,0.0,0.0,0.0,0.0
phpxijhaP,0.0,100,0.0,0.02,0.02,0.0
phpxijhaP,0.0,100,0.0,0.0,0.0,0.0
phpxijhaP,0.0,100,0.0,0.0,0.0,0.0
phpxijhaP,0.0,100,0.0,0.01,0.01,0.0
phpxijhaP,0.05,100,0.05,0.03,0.02,0.0
phpxijhaP,0.05,100,0.05,0.04,0.01,0.0
phpxijhaP,0.05,100,0.05,0.05,0.0,0.0
phpxijhaP,0.05,100,0.05,0.04,0.01,0.0
phpxijhaP,0.05,100,0.05,0.06,0.01,0.0
phpxijhaP,0.05,100,0.05,0.03,0.02,0.0
phpxijhaP,0.05,100,0.05,0.07,0.02,0.0010082721710205078
phpxijhaP,0.05,100,0.05,0.03,0.02,0.0
phpxijhaP,0.05,100,0.05,0.05,0.0,0.0
phpxijhaP,0.05,100,0.05,0.06,0.01,0.0
phpxijhaP,0.11,100,0.11,0.1,0.01,0.0
phpxijhaP,0.11,100,0.11,0.11,0.0,0.0
phpxijhaP,0.11,100,0.11,0.12,0.01,0.0
phpxijhaP,0.11,100,0.11,0.13,0.02,0.0
phpxijhaP,0.11,100,0.11,0.09,0.02,0.0
phpxijhaP,0.11,100,0.11,0.12,0.01,0.0
phpxijhaP,0.11,100,0.11,0.09,0.02,0.0
phpxijhaP,0.11,100,0.11,0.11,0.0,0.0
phpxijhaP,0.11,100,0.11,0.11,0.0,0.0009922981262207031
phpxijhaP,0.11,100,0.11,0.12,0.01,0.0
phpxijhaP,0.16,100,0.16,0.16,0.0,0.0
phpxijhaP,0.16,100,0.16,0.17,0.01,0.0
phpxijhaP,0.16,100,0.16,0.18,0.02,0.0
phpxijhaP,0.16,100,0.16,0.16,0.0,0.0
phpxijhaP,0.16,100,0.16,0.14,0.02,0.0010020732879638672
phpxijhaP,0.16,100,0.16,0.14,0.02,0.0
phpxijhaP,0.16,100,0.16,0.14,0.02,0.0
phpxijhaP,0.16,100,0.16,0.19,0.03,5.364418029785156e-05
phpxijhaP,0.16,100,0.16,0.16,0.0,0.0
phpxijhaP,0.16,100,0.16,0.17,0.01,0.0
phpxijhaP,0.21,100,0.21,0.2,0.01,0.0
phpxijhaP,0.21,100,0.21,0.2,0.01,0.0
phpxijhaP,0.21,100,0.21,0.2,0.01,0.0009942054748535156
phpxijhaP,0.21,100,0.21,0.22,0.01,0.0
phpxijhaP,0.21,100,0.21,0.2,0.01,0.0
phpxijhaP,0.21,100,0.21,0.21,0.0,0.00040340423583984375
phpxijhaP,0.21,100,0.21,0.21,0.0,0.0
phpxijhaP,0.21,100,0.21,0.22,0.01,0.0
phpxijhaP,0.21,100,0.21,0.2,0.01,0.0
phpxijhaP,0.21,100,0.21,0.2,0.01,0.0
phpxijhaP,0.26,100,0.26,0.28,0.02,0.0
phpxijhaP,0.26,100,0.26,0.24,0.02,0.0
phpxijhaP,0.26,100,0.26,0.26,0.0,0.0
phpxijhaP,0.26,100,0.26,0.27,0.01,0.0
phpxijhaP,0.26,100,0.26,0.25,0.01,0.0
phpxijhaP,0.26,100,0.26,0.25,0.01,0.0
phpxijhaP,0.26,100,0.26,0.26,0.0,0.0
phpxijhaP,0.26,100,0.26,0.24,0.02,0.0
phpxijhaP,0.26,100,0.26,0.26,0.0,0.005443096160888672
phpxijhaP,0.26,100,0.26,0.27,0.01,0.0
phpxijhaP,0.32,100,0.32,0.33,0.01,0.0
phpxijhaP,0.32,100,0.32,0.32,0.0,0.0
phpxijhaP,0.32,100,0.32,0.3,0.02,0.0
phpxijhaP,0.32,100,0.32,0.31,0.01,0.0
phpxijhaP,0.32,100,0.32,0.31,0.01,0.0010001659393310547
phpxijhaP,0.32,100,0.32,0.33,0.01,0.0
phpxijhaP,0.32,100,0.32,0.34,0.02,0.0
phpxijhaP,0.32,100,0.32,0.32,0.0,0.0
phpxijhaP,0.32,100,0.32,0.3,0.02,0.0011096000671386719
phpxijhaP,0.32,100,0.32,0.3,0.02,0.0
phpxijhaP,0.37,100,0.37,0.4,0.03,0.0
phpxijhaP,0.37,100,0.37,0.36,0.01,0.0
phpxijhaP,0.37,100,0.37,0.36,0.01,0.0
phpxijhaP,0.37,100,0.37,0.36,0.01,0.0
phpxijhaP,0.37,100,0.37,0.37,0.0,0.0
phpxijhaP,0.37,100,0.37,0.37,0.0,0.0
phpxijhaP,0.37,100,0.37,0.39,0.02,0.0010006427764892578
phpxijhaP,0.37,100,0.37,0.36,0.01,0.0010004043579101562
phpxijhaP,0.37,100,0.37,0.39,0.02,0.0
phpxijhaP,0.37,100,0.37,0.34,0.03,0.0
phpxijhaP,0.42,100,0.42,0.44,0.02,0.0
phpxijhaP,0.42,100,0.42,0.42,0.0,0.0
phpxijhaP,0.42,100,0.42,0.42,0.0,0.0
phpxijhaP,0.42,100,0.42,0.43,0.01,0.0
phpxijhaP,0.42,100,0.42,0.42,0.0,0.0
phpxijhaP,0.42,100,0.42,0.42,0.0,0.0
phpxijhaP,0.42,100,0.42,0.42,0.0,0.0
phpxijhaP,0.42,100,0.42,0.42,0.0,0.0009958744049072266
phpxijhaP,0.42,100,0.42,0.4,0.02,0.00034236907958984375
phpxijhaP,0.42,100,0.42,0.39,0.03,0.0
phpxijhaP,0.47,100,0.47,0.45,0.02,0.0
phpxijhaP,0.47,100,0.47,0.46,0.01,0.0
phpxijhaP,0.47,100,0.47,0.46,0.01,0.0
phpxijhaP,0.47,100,0.47,0.46,0.01,0.0
phpxijhaP,0.47,100,0.47,0.47,0.0,0.0
phpxijhaP,0.47,100,0.47,0.47,0.0,0.0
phpxijhaP,0.47,100,0.47,0.46,0.01,0.0
phpxijhaP,0.47,100,0.47,0.48,0.01,0.0
phpxijhaP,0.47,100,0.47,0.47,0.0,0.0
phpxijhaP,0.47,100,0.47,0.46,0.01,0.0
phpxijhaP,0.53,100,0.53,0.52,0.01,0.0
phpxijhaP,0.53,100,0.53,0.54,0.01,0.0
phpxijhaP,0.53,100,0.53,0.55,0.02,0.0
phpxijhaP,0.53,100,0.53,0.51,0.02,0.0
phpxijhaP,0.53,100,0.53,0.53,0.0,0.0
phpxijhaP,0.53,100,0.53,0.5,0.03,0.0
phpxijhaP,0.53,100,0.53,0.54,0.01,0.0
phpxijhaP,0.53,100,0.53,0.54,0.01,0.0
phpxijhaP,0.53,100,0.53,0.52,0.01,0.0
phpxijhaP,0.53,100,0.53,0.53,0.0,0.0
phpxijhaP,0.58,100,0.58,0.57,0.01,0.0
phpxijhaP,0.58,100,0.58,0.57,0.01,0.0
phpxijhaP,0.58,100,0.58,0.59,0.01,0.0
phpxijhaP,0.58,100,0.58,0.59,0.01,0.0
phpxijhaP,0.58,100,0.58,0.56,0.02,0.0
phpxijhaP,0.58,100,0.58,0.59,0.01,0.0
phpxijhaP,0.58,100,0.58,0.58,0.0,0.0010001659393310547
phpxijhaP,0.58,100,0.58,0.58,0.0,0.0
phpxijhaP,0.58,100,0.58,0.61,0.03,0.0
phpxijhaP,0.58,100,0.58,0.58,0.0,0.0
phpxijhaP,0.63,100,0.63,0.6,0.03,0.0010004043579101562
phpxijhaP,0.63,100,0.63,0.64,0.01,0.0
phpxijhaP,0.63,100,0.63,0.61,0.02,0.0
phpxijhaP,0.63,100,0.63,0.64,0.01,0.0
phpxijhaP,0.63,100,0.63,0.65,0.02,0.0
phpxijhaP,0.63,100,0.63,0.64,0.01,0.0
phpxijhaP,0.63,100,0.63,0.64,0.01,0.0
phpxijhaP,0.63,100,0.63,0.64,0.01,0.0
phpxijhaP,0.63,100,0.63,0.62,0.01,0.0
phpxijhaP,0.63,100,0.63,0.64,0.01,0.0
phpxijhaP,0.68,100,0.68,0.69,0.01,0.0
phpxijhaP,0.68,100,0.68,0.71,0.03,0.0010371208190917969
phpxijhaP,0.68,100,0.68,0.68,0.0,0.0
phpxijhaP,0.68,100,0.68,0.69,0.01,0.0
phpxijhaP,0.68,100,0.68,0.67,0.01,0.0
phpxijhaP,0.68,100,0.68,0.68,0.0,0.0
phpxijhaP,0.68,100,0.68,0.68,0.0,0.0
phpxijhaP,0.68,100,0.68,0.69,0.01,0.0
phpxijhaP,0.68,100,0.68,0.66,0.02,0.0
phpxijhaP,0.68,100,0.68,0.66,0.02,0.0
phpxijhaP,0.74,100,0.74,0.76,0.02,0.0
phpxijhaP,0.74,100,0.74,0.75,0.01,0.0
phpxijhaP,0.74,100,0.74,0.73,0.01,0.0
phpxijhaP,0.74,100,0.74,0.75,0.01,0.0
phpxijhaP,0.74,100,0.74,0.74,0.0,0.0
phpxijhaP,0.74,100,0.74,0.74,0.0,0.0
phpxijhaP,0.74,100,0.74,0.73,0.01,0.0
phpxijhaP,0.74,100,0.74,0.73,0.01,0.0
phpxijhaP,0.74,100,0.74,0.73,0.01,0.0
phpxijhaP,0.74,100,0.74,0.75,0.01,0.0
phpxijhaP,0.79,100,0.79,0.8,0.01,0.0
phpxijhaP,0.79,100,0.79,0.81,0.02,0.0
phpxijhaP,0.79,100,0.79,0.8,0.01,0.0
phpxijhaP,0.79,100,0.79,0.79,0.0,0.0
phpxijhaP,0.79,100,0.79,0.78,0.01,0.0
phpxijhaP,0.79,100,0.79,0.81,0.02,0.0011143684387207031
phpxijhaP,0.79,100,0.79,0.79,0.0,0.0
phpxijhaP,0.79,100,0.79,0.8,0.01,0.0
phpxijhaP,0.79,100,0.79,0.8,0.01,0.0
phpxijhaP,0.79,100,0.79,0.78,0.01,0.0
phpxijhaP,0.84,100,0.84,0.84,0.0,0.0
phpxijhaP,0.84,100,0.84,0.87,0.03,0.0
phpxijhaP,0.84,100,0.84,0.85,0.01,0.0
phpxijhaP,0.84,100,0.84,0.84,0.0,0.0
phpxijhaP,0.84,100,0.84,0.84,0.0,0.0
phpxijhaP,0.84,100,0.84,0.85,0.01,0.0
phpxijhaP,0.84,100,0.84,0.83,0.01,0.0
phpxijhaP,0.84,100,0.84,0.84,0.0,0.0
phpxijhaP,0.84,100,0.84,0.86,0.02,0.0
phpxijhaP,0.84,100,0.84,0.85,0.01,0.0
phpxijhaP,0.89,100,0.89,0.89,0.0,0.0
phpxijhaP,0.89,100,0.89,0.9,0.01,0.0
phpxijhaP,0.89,100,0.89,0.9,0.01,0.0
phpxijhaP,0.89,100,0.89,0.89,0.0,0.0
phpxijhaP,0.89,100,0.89,0.89,0.0,0.0
phpxijhaP,0.89,100,0.89,0.89,0.0,0.0
phpxijhaP,0.89,100,0.89,0.89,0.0,0.0
phpxijhaP,0.89,100,0.89,0.91,0.02,0.0
phpxijhaP,0.89,100,0.89,0.86,0.03,0.0
phpxijhaP,0.89,100,0.89,0.88,0.01,0.0
phpxijhaP,0.95,100,0.95,0.96,0.01,0.0
phpxijhaP,0.95,100,0.95,0.96,0.01,0.0005297660827636719
phpxijhaP,0.95,100,0.95,0.97,0.02,0.0
phpxijhaP,0.95,100,0.95,0.95,0.0,0.0
phpxijhaP,0.95,100,0.95,0.96,0.01,0.0
phpxijhaP,0.95,100,0.95,0.96,0.01,0.0
phpxijhaP,0.95,100,0.95,0.95,0.0,0.0
phpxijhaP,0.95,100,0.95,0.95,0.0,0.0
phpxijhaP,0.95,100,0.95,0.94,0.01,0.00041794776916503906
phpxijhaP,0.95,100,0.95,0.94,0.01,0.0
phpxijhaP,1.0,100,1.0,0.97,0.03,0.0
phpxijhaP,1.0,100,1.0,1.0,0.0,0.0
phpxijhaP,1.0,100,1.0,1.0,0.0,0.0
phpxijhaP,1.0,100,1.0,1.0,0.0,0.0
phpxijhaP,1.0,100,1.0,1.0,0.0,0.0
phpxijhaP,1.0,100,1.0,1.0,0.0,0.0
phpxijhaP,1.0,100,1.0,1.0,0.0,0.0
phpxijhaP,1.0,100,1.0,0.99,0.01,0.0004703998565673828
phpxijhaP,1.0,100,1.0,1.0,0.0,0.0
phpxijhaP,1.0,100,1.0,1.0,0.0,0.0
