dataset_name,alpha,sample_size,real_p,pred_p,abs_error,run_time
abalone,0.0,100,0.0,0.0,0.0,0.015180587768554688
abalone,0.0,100,0.0,0.0,0.0,0.018163681030273438
abalone,0.0,100,0.0,0.0,0.0,0.01274728775024414
abalone,0.0,100,0.0,0.04,0.04,0.015235662460327148
abalone,0.0,100,0.0,0.0,0.0,0.013310432434082031
abalone,0.0,100,0.0,0.02,0.02,0.01817607879638672
abalone,0.0,100,0.0,0.07,0.07,0.014576911926269531
abalone,0.0,100,0.0,0.0,0.0,0.015259742736816406
abalone,0.0,100,0.0,0.0,0.0,0.012774467468261719
abalone,0.0,100,0.0,0.0,0.0,0.012241840362548828
abalone,0.05,100,0.05,0.0,0.05,0.014397382736206055
abalone,0.05,100,0.05,0.03,0.02,0.012026071548461914
abalone,0.05,100,0.05,0.05,0.0,0.018074989318847656
abalone,0.05,100,0.05,0.13,0.08,0.013762235641479492
abalone,0.05,100,0.05,0.02,0.03,0.010823726654052734
abalone,0.05,100,0.05,0.12,0.07,0.01471257209777832
abalone,0.05,100,0.05,0.14,0.09,0.012021780014038086
abalone,0.05,100,0.05,0.04,0.01,0.012117624282836914
abalone,0.05,100,0.05,0.08,0.03,0.013610363006591797
abalone,0.05,100,0.05,0.07,0.02,0.016720056533813477
abalone,0.11,100,0.11,0.17,0.06,0.012026309967041016
abalone,0.11,100,0.11,0.14,0.03,0.011993408203125
abalone,0.11,100,0.11,0.03,0.08,0.012537956237792969
abalone,0.11,100,0.11,0.07,0.04,0.012266397476196289
abalone,0.11,100,0.11,0.11,0.0,0.011842489242553711
abalone,0.11,100,0.11,0.17,0.06,0.01477503776550293
abalone,0.11,100,0.11,0.02,0.09,0.018329143524169922
abalone,0.11,100,0.11,0.15,0.04,0.012017011642456055
abalone,0.11,100,0.11,0.09,0.02,0.011926889419555664
abalone,0.11,100,0.11,0.15,0.04,0.012034416198730469
abalone,0.16,100,0.16,0.18,0.02,0.012066364288330078
abalone,0.16,100,0.16,0.14,0.02,0.01794910430908203
abalone,0.16,100,0.16,0.19,0.03,0.031245708465576172
abalone,0.16,100,0.16,0.1,0.06,0.04697108268737793
abalone,0.16,100,0.16,0.24,0.08,0.04749488830566406
abalone,0.16,100,0.16,0.22,0.06,0.046834468841552734
abalone,0.16,100,0.16,0.21,0.05,0.03125143051147461
abalone,0.16,100,0.16,0.07,0.09,0.03187274932861328
abalone,0.16,100,0.16,0.09,0.07,0.04696321487426758
abalone,0.16,100,0.16,0.19,0.03,0.046877384185791016
abalone,0.21,100,0.21,0.15,0.06,0.03124856948852539
abalone,0.21,100,0.21,0.24,0.03,0.03178715705871582
abalone,0.21,100,0.21,0.29,0.08,0.031298160552978516
abalone,0.21,100,0.21,0.17,0.04,0.03125190734863281
abalone,0.21,100,0.21,0.16,0.05,0.04687309265136719
abalone,0.21,100,0.21,0.33,0.12,0.035826683044433594
abalone,0.21,100,0.21,0.15,0.06,0.04750370979309082
abalone,0.21,100,0.21,0.18,0.03,0.07860326766967773
abalone,0.21,100,0.21,0.22,0.01,0.03382730484008789
abalone,0.21,100,0.21,0.18,0.03,0.047512054443359375
abalone,0.26,100,0.26,0.33,0.07,0.04695463180541992
abalone,0.26,100,0.26,0.21,0.05,0.03124690055847168
abalone,0.26,100,0.26,0.24,0.02,0.03125953674316406
abalone,0.26,100,0.26,0.23,0.03,0.047369956970214844
abalone,0.26,100,0.26,0.28,0.02,0.04690289497375488
abalone,0.26,100,0.26,0.21,0.05,0.031877756118774414
abalone,0.26,100,0.26,0.25,0.01,0.031244277954101562
abalone,0.26,100,0.26,0.2,0.06,0.06240391731262207
abalone,0.26,100,0.26,0.29,0.03,0.03184628486633301
abalone,0.26,100,0.26,0.21,0.05,0.04734492301940918
abalone,0.32,100,0.32,0.36,0.04,0.08464694023132324
abalone,0.32,100,0.32,0.27,0.05,0.07873964309692383
abalone,0.32,100,0.32,0.32,0.0,0.03131294250488281
abalone,0.32,100,0.32,0.38,0.06,0.03125500679016113
abalone,0.32,100,0.32,0.29,0.03,0.031851768493652344
abalone,0.32,100,0.32,0.31,0.01,0.03741097450256348
abalone,0.32,100,0.32,0.35,0.03,0.03181123733520508
abalone,0.32,100,0.32,0.35,0.03,0.03125405311584473
abalone,0.32,100,0.32,0.39,0.07,0.016111373901367188
abalone,0.32,100,0.32,0.28,0.04,0.014555931091308594
abalone,0.37,100,0.37,0.42,0.05,0.016724348068237305
abalone,0.37,100,0.37,0.3,0.07,0.014240741729736328
abalone,0.37,100,0.37,0.41,0.04,0.014187335968017578
abalone,0.37,100,0.37,0.35,0.02,0.014321565628051758
abalone,0.37,100,0.37,0.37,0.0,0.014627218246459961
abalone,0.37,100,0.37,0.34,0.03,0.01423501968383789
abalone,0.37,100,0.37,0.29,0.08,0.01660633087158203
abalone,0.37,100,0.37,0.4,0.03,0.014165163040161133
abalone,0.37,100,0.37,0.43,0.06,0.016828060150146484
abalone,0.37,100,0.37,0.42,0.05,0.014230489730834961
abalone,0.42,100,0.42,0.42,0.0,0.013720512390136719
abalone,0.42,100,0.42,0.38,0.04,0.014073848724365234
abalone,0.42,100,0.42,0.43,0.01,0.009503841400146484
abalone,0.42,100,0.42,0.44,0.02,0.017318010330200195
abalone,0.42,100,0.42,0.4,0.02,0.01817798614501953
abalone,0.42,100,0.42,0.3,0.12,0.01688671112060547
abalone,0.42,100,0.42,0.45,0.03,0.018181324005126953
abalone,0.42,100,0.42,0.49,0.07,0.015269279479980469
abalone,0.42,100,0.42,0.42,0.0,0.014959573745727539
abalone,0.42,100,0.42,0.35,0.07,0.014106273651123047
abalone,0.47,100,0.47,0.47,0.0,0.008493185043334961
abalone,0.47,100,0.47,0.51,0.04,0.01982903480529785
abalone,0.47,100,0.47,0.5,0.03,0.014401912689208984
abalone,0.47,100,0.47,0.4,0.07,0.007596015930175781
abalone,0.47,100,0.47,0.51,0.04,0.012342691421508789
abalone,0.47,100,0.47,0.46,0.01,0.014479637145996094
abalone,0.47,100,0.47,0.51,0.04,0.016388893127441406
abalone,0.47,100,0.47,0.43,0.04,0.015117645263671875
abalone,0.47,100,0.47,0.4,0.07,0.01353144645690918
abalone,0.47,100,0.47,0.4,0.07,0.01925802230834961
abalone,0.53,100,0.53,0.58,0.05,0.019090652465820312
abalone,0.53,100,0.53,0.51,0.02,0.015250205993652344
abalone,0.53,100,0.53,0.54,0.01,0.015897750854492188
abalone,0.53,100,0.53,0.63,0.1,0.01365351676940918
abalone,0.53,100,0.53,0.55,0.02,0.022810935974121094
abalone,0.53,100,0.53,0.48,0.05,0.008737564086914062
abalone,0.53,100,0.53,0.57,0.04,0.0186309814453125
abalone,0.53,100,0.53,0.53,0.0,0.0143280029296875
abalone,0.53,100,0.53,0.54,0.01,0.012537002563476562
abalone,0.53,100,0.53,0.42,0.11,0.014139890670776367
abalone,0.58,100,0.58,0.49,0.09,0.010723590850830078
abalone,0.58,100,0.58,0.55,0.03,0.01119542121887207
abalone,0.58,100,0.58,0.64,0.06,0.008593559265136719
abalone,0.58,100,0.58,0.6,0.02,0.01815509796142578
abalone,0.58,100,0.58,0.57,0.01,0.018169879913330078
abalone,0.58,100,0.58,0.63,0.05,0.014734506607055664
abalone,0.58,100,0.58,0.63,0.05,0.015396595001220703
abalone,0.58,100,0.58,0.46,0.12,0.014454126358032227
abalone,0.58,100,0.58,0.7,0.12,0.01204681396484375
abalone,0.58,100,0.58,0.65,0.07,0.011767864227294922
abalone,0.63,100,0.63,0.65,0.02,0.009844779968261719
abalone,0.63,100,0.63,0.59,0.04,0.023542404174804688
abalone,0.63,100,0.63,0.67,0.04,0.016497135162353516
abalone,0.63,100,0.63,0.61,0.02,0.0166933536529541
abalone,0.63,100,0.63,0.61,0.02,0.014231204986572266
abalone,0.63,100,0.63,0.65,0.02,0.01454615592956543
abalone,0.63,100,0.63,0.65,0.02,0.015388965606689453
abalone,0.63,100,0.63,0.57,0.06,0.021716594696044922
abalone,0.63,100,0.63,0.7,0.07,0.015353202819824219
abalone,0.63,100,0.63,0.7,0.07,0.015518665313720703
abalone,0.68,100,0.68,0.72,0.04,0.015159845352172852
abalone,0.68,100,0.68,0.68,0.0,0.015115976333618164
abalone,0.68,100,0.68,0.69,0.01,0.014167308807373047
abalone,0.68,100,0.68,0.62,0.06,0.003495931625366211
abalone,0.68,100,0.68,0.66,0.02,0.01529693603515625
abalone,0.68,100,0.68,0.68,0.0,0.014158964157104492
abalone,0.68,100,0.68,0.63,0.05,0.011699914932250977
abalone,0.68,100,0.68,0.64,0.04,0.010596752166748047
abalone,0.68,100,0.68,0.73,0.05,0.014279365539550781
abalone,0.68,100,0.68,0.67,0.01,0.015574216842651367
abalone,0.74,100,0.74,0.72,0.02,0.015157461166381836
abalone,0.74,100,0.74,0.76,0.02,0.009495735168457031
abalone,0.74,100,0.74,0.79,0.05,0.009650468826293945
abalone,0.74,100,0.74,0.81,0.07,0.014641761779785156
abalone,0.74,100,0.74,0.72,0.02,0.015776872634887695
abalone,0.74,100,0.74,0.63,0.11,0.013113737106323242
abalone,0.74,100,0.74,0.77,0.03,0.009670019149780273
abalone,0.74,100,0.74,0.7,0.04,0.008641242980957031
abalone,0.74,100,0.74,0.76,0.02,0.011730670928955078
abalone,0.74,100,0.74,0.74,0.0,0.007798433303833008
abalone,0.79,100,0.79,0.82,0.03,0.014098882675170898
abalone,0.79,100,0.79,0.83,0.04,0.007421255111694336
abalone,0.79,100,0.79,0.78,0.01,0.012027263641357422
abalone,0.79,100,0.79,0.78,0.01,0.01900172233581543
abalone,0.79,100,0.79,0.83,0.04,0.014837503433227539
abalone,0.79,100,0.79,0.81,0.02,0.016235828399658203
abalone,0.79,100,0.79,0.82,0.03,0.014975309371948242
abalone,0.79,100,0.79,0.78,0.01,0.01800394058227539
abalone,0.79,100,0.79,0.74,0.05,0.01214289665222168
abalone,0.79,100,0.79,0.77,0.02,0.015247344970703125
abalone,0.84,100,0.84,0.86,0.02,0.01506948471069336
abalone,0.84,100,0.84,0.89,0.05,0.012647151947021484
abalone,0.84,100,0.84,0.83,0.01,0.020561933517456055
abalone,0.84,100,0.84,0.93,0.09,0.012745141983032227
abalone,0.84,100,0.84,0.96,0.12,0.012608766555786133
abalone,0.84,100,0.84,0.76,0.08,0.01519155502319336
abalone,0.84,100,0.84,0.83,0.01,0.014194250106811523
abalone,0.84,100,0.84,0.84,0.0,0.01417851448059082
abalone,0.84,100,0.84,0.89,0.05,0.01776266098022461
abalone,0.84,100,0.84,0.88,0.04,0.01251363754272461
abalone,0.89,100,0.89,0.96,0.07,0.021700143814086914
abalone,0.89,100,0.89,0.89,0.0,0.01640033721923828
abalone,0.89,100,0.89,0.89,0.0,0.017812490463256836
abalone,0.89,100,0.89,0.82,0.07,0.014348030090332031
abalone,0.89,100,0.89,0.94,0.05,0.0027914047241210938
abalone,0.89,100,0.89,0.85,0.04,0.014173507690429688
abalone,0.89,100,0.89,0.91,0.02,0.006058216094970703
abalone,0.89,100,0.89,0.96,0.07,0.010518550872802734
abalone,0.89,100,0.89,0.88,0.01,0.012407064437866211
abalone,0.89,100,0.89,0.93,0.04,0.015626192092895508
abalone,0.95,100,0.95,0.89,0.06,0.01457667350769043
abalone,0.95,100,0.95,0.86,0.09,0.011724710464477539
abalone,0.95,100,0.95,0.91,0.04,0.018180370330810547
abalone,0.95,100,0.95,0.91,0.04,0.014316082000732422
abalone,0.95,100,0.95,0.96,0.01,0.01016092300415039
abalone,0.95,100,0.95,0.92,0.03,0.011817455291748047
abalone,0.95,100,0.95,0.98,0.03,0.01527094841003418
abalone,0.95,100,0.95,0.91,0.04,0.015177011489868164
abalone,0.95,100,0.95,0.91,0.04,0.02449798583984375
abalone,0.95,100,0.95,1.0,0.05,0.012595415115356445
abalone,1.0,100,1.0,1.0,0.0,0.012459993362426758
abalone,1.0,100,1.0,0.97,0.03,0.008530139923095703
abalone,1.0,100,1.0,1.0,0.0,0.0181581974029541
abalone,1.0,100,1.0,1.0,0.0,0.015540122985839844
abalone,1.0,100,1.0,1.0,0.0,0.015596866607666016
abalone,1.0,100,1.0,1.0,0.0,0.02424788475036621
abalone,1.0,100,1.0,0.95,0.05,0.008604288101196289
abalone,1.0,100,1.0,1.0,0.0,0.010664224624633789
abalone,1.0,100,1.0,0.98,0.02,0.015379905700683594
abalone,1.0,100,1.0,1.0,0.0,0.014400005340576172
ailerons,0.0,100,0.0,0.03,0.03,0.010824918746948242
ailerons,0.0,100,0.0,0.0,0.0,0.024670839309692383
ailerons,0.0,100,0.0,0.01,0.01,0.015709400177001953
ailerons,0.0,100,0.0,0.03,0.03,0.015825271606445312
ailerons,0.0,100,0.0,0.07,0.07,0.014956951141357422
ailerons,0.0,100,0.0,0.0,0.0,0.014243602752685547
ailerons,0.0,100,0.0,0.02,0.02,0.01420903205871582
ailerons,0.0,100,0.0,0.03,0.03,0.014205455780029297
ailerons,0.0,100,0.0,0.0,0.0,0.024129867553710938
ailerons,0.0,100,0.0,0.0,0.0,0.015069007873535156
ailerons,0.05,100,0.05,0.07,0.02,0.014034271240234375
ailerons,0.05,100,0.05,0.03,0.02,0.017719030380249023
ailerons,0.05,100,0.05,0.04,0.01,0.017540931701660156
ailerons,0.05,100,0.05,0.08,0.03,0.014587163925170898
ailerons,0.05,100,0.05,0.08,0.03,0.015217304229736328
ailerons,0.05,100,0.05,0.06,0.01,0.011612892150878906
ailerons,0.05,100,0.05,0.11,0.06,0.009173393249511719
ailerons,0.05,100,0.05,0.08,0.03,0.015531063079833984
ailerons,0.05,100,0.05,0.03,0.02,0.011166810989379883
ailerons,0.05,100,0.05,0.08,0.03,0.01666736602783203
ailerons,0.11,100,0.11,0.13,0.02,0.0182192325592041
ailerons,0.11,100,0.11,0.2,0.09,0.017623424530029297
ailerons,0.11,100,0.11,0.14,0.03,0.014272689819335938
ailerons,0.11,100,0.11,0.12,0.01,0.014210939407348633
ailerons,0.11,100,0.11,0.19,0.08,0.015373468399047852
ailerons,0.11,100,0.11,0.05,0.06,0.012627363204956055
ailerons,0.11,100,0.11,0.08,0.03,0.016310691833496094
ailerons,0.11,100,0.11,0.12,0.01,0.02140522003173828
ailerons,0.11,100,0.11,0.14,0.03,0.015053510665893555
ailerons,0.11,100,0.11,0.16,0.05,0.014015674591064453
ailerons,0.16,100,0.16,0.16,0.0,0.017527341842651367
ailerons,0.16,100,0.16,0.2,0.04,0.011146068572998047
ailerons,0.16,100,0.16,0.14,0.02,0.014603137969970703
ailerons,0.16,100,0.16,0.15,0.01,0.011899471282958984
ailerons,0.16,100,0.16,0.15,0.01,0.01864171028137207
ailerons,0.16,100,0.16,0.16,0.0,0.018599748611450195
ailerons,0.16,100,0.16,0.15,0.01,0.010292530059814453
ailerons,0.16,100,0.16,0.2,0.04,0.013650655746459961
ailerons,0.16,100,0.16,0.18,0.02,0.01958608627319336
ailerons,0.16,100,0.16,0.16,0.0,0.010590076446533203
ailerons,0.21,100,0.21,0.24,0.03,0.01505899429321289
ailerons,0.21,100,0.21,0.23,0.02,0.01471853256225586
ailerons,0.21,100,0.21,0.22,0.01,0.01819586753845215
ailerons,0.21,100,0.21,0.17,0.04,0.014728069305419922
ailerons,0.21,100,0.21,0.24,0.03,0.018039941787719727
ailerons,0.21,100,0.21,0.18,0.03,0.010569334030151367
ailerons,0.21,100,0.21,0.22,0.01,0.019154071807861328
ailerons,0.21,100,0.21,0.19,0.02,0.015778303146362305
ailerons,0.21,100,0.21,0.23,0.02,0.018632173538208008
ailerons,0.21,100,0.21,0.34,0.13,0.011767387390136719
ailerons,0.26,100,0.26,0.32,0.06,0.01382756233215332
ailerons,0.26,100,0.26,0.24,0.02,0.016532182693481445
ailerons,0.26,100,0.26,0.25,0.01,0.009623289108276367
ailerons,0.26,100,0.26,0.24,0.02,0.015138626098632812
ailerons,0.26,100,0.26,0.27,0.01,0.017670631408691406
ailerons,0.26,100,0.26,0.28,0.02,0.012474298477172852
ailerons,0.26,100,0.26,0.26,0.0,0.016669511795043945
ailerons,0.26,100,0.26,0.29,0.03,0.009544610977172852
ailerons,0.26,100,0.26,0.25,0.01,0.01510310173034668
ailerons,0.26,100,0.26,0.29,0.03,0.0153961181640625
ailerons,0.32,100,0.32,0.37,0.05,0.014858007431030273
ailerons,0.32,100,0.32,0.31,0.01,0.009817361831665039
ailerons,0.32,100,0.32,0.34,0.02,0.018650054931640625
ailerons,0.32,100,0.32,0.3,0.02,0.016321182250976562
ailerons,0.32,100,0.32,0.31,0.01,0.012724637985229492
ailerons,0.32,100,0.32,0.36,0.04,0.01709747314453125
ailerons,0.32,100,0.32,0.25,0.07,0.006638288497924805
ailerons,0.32,100,0.32,0.3,0.02,0.01465153694152832
ailerons,0.32,100,0.32,0.27,0.05,0.014113664627075195
ailerons,0.32,100,0.32,0.29,0.03,0.013504743576049805
ailerons,0.37,100,0.37,0.36,0.01,0.014674901962280273
ailerons,0.37,100,0.37,0.36,0.01,0.014054536819458008
ailerons,0.37,100,0.37,0.32,0.05,0.012018680572509766
ailerons,0.37,100,0.37,0.36,0.01,0.014758110046386719
ailerons,0.37,100,0.37,0.46,0.09,0.015298604965209961
ailerons,0.37,100,0.37,0.36,0.01,0.016742229461669922
ailerons,0.37,100,0.37,0.38,0.01,0.013180971145629883
ailerons,0.37,100,0.37,0.37,0.0,0.014177799224853516
ailerons,0.37,100,0.37,0.4,0.03,0.019079208374023438
ailerons,0.37,100,0.37,0.37,0.0,0.018193721771240234
ailerons,0.42,100,0.42,0.46,0.04,0.014728069305419922
ailerons,0.42,100,0.42,0.55,0.13,0.014532804489135742
ailerons,0.42,100,0.42,0.38,0.04,0.017879486083984375
ailerons,0.42,100,0.42,0.46,0.04,0.017681121826171875
ailerons,0.42,100,0.42,0.47,0.05,0.014982938766479492
ailerons,0.42,100,0.42,0.41,0.01,0.012112617492675781
ailerons,0.42,100,0.42,0.47,0.05,0.012025594711303711
ailerons,0.42,100,0.42,0.41,0.01,0.018338441848754883
ailerons,0.42,100,0.42,0.42,0.0,0.018317461013793945
ailerons,0.42,100,0.42,0.44,0.02,0.01715087890625
ailerons,0.47,100,0.47,0.5,0.03,0.012112617492675781
ailerons,0.47,100,0.47,0.42,0.05,0.012038469314575195
ailerons,0.47,100,0.47,0.54,0.07,0.012328147888183594
ailerons,0.47,100,0.47,0.51,0.04,0.01821613311767578
ailerons,0.47,100,0.47,0.48,0.01,0.011963605880737305
ailerons,0.47,100,0.47,0.47,0.0,0.0120697021484375
ailerons,0.47,100,0.47,0.51,0.04,0.01775360107421875
ailerons,0.47,100,0.47,0.46,0.01,0.012102365493774414
ailerons,0.47,100,0.47,0.45,0.02,0.013145685195922852
ailerons,0.47,100,0.47,0.49,0.02,0.014653921127319336
ailerons,0.53,100,0.53,0.54,0.01,0.018129587173461914
ailerons,0.53,100,0.53,0.52,0.01,0.011624813079833984
ailerons,0.53,100,0.53,0.44,0.09,0.011845111846923828
ailerons,0.53,100,0.53,0.5,0.03,0.014293193817138672
ailerons,0.53,100,0.53,0.47,0.06,0.018204927444458008
ailerons,0.53,100,0.53,0.51,0.02,0.014488935470581055
ailerons,0.53,100,0.53,0.57,0.04,0.024710893630981445
ailerons,0.53,100,0.53,0.57,0.04,0.01257944107055664
ailerons,0.53,100,0.53,0.52,0.01,0.017791032791137695
ailerons,0.53,100,0.53,0.53,0.0,0.014286279678344727
ailerons,0.58,100,0.58,0.54,0.04,0.014861822128295898
ailerons,0.58,100,0.58,0.56,0.02,0.015064001083374023
ailerons,0.58,100,0.58,0.67,0.09,0.011278629302978516
ailerons,0.58,100,0.58,0.58,0.0,0.014949321746826172
ailerons,0.58,100,0.58,0.59,0.01,0.012832403182983398
ailerons,0.58,100,0.58,0.62,0.04,0.009060382843017578
ailerons,0.58,100,0.58,0.61,0.03,0.018200159072875977
ailerons,0.58,100,0.58,0.6,0.02,0.015433788299560547
ailerons,0.58,100,0.58,0.59,0.01,0.014234066009521484
ailerons,0.58,100,0.58,0.54,0.04,0.0247039794921875
ailerons,0.63,100,0.63,0.62,0.01,0.019258737564086914
ailerons,0.63,100,0.63,0.62,0.01,0.014158248901367188
ailerons,0.63,100,0.63,0.61,0.02,0.019802570343017578
ailerons,0.63,100,0.63,0.68,0.05,0.01262974739074707
ailerons,0.63,100,0.63,0.72,0.09,0.014503955841064453
ailerons,0.63,100,0.63,0.62,0.01,0.018611669540405273
ailerons,0.63,100,0.63,0.68,0.05,0.013193368911743164
ailerons,0.63,100,0.63,0.69,0.06,0.012422561645507812
ailerons,0.63,100,0.63,0.64,0.01,0.012401103973388672
ailerons,0.63,100,0.63,0.68,0.05,0.012212038040161133
ailerons,0.68,100,0.68,0.69,0.01,0.01883721351623535
ailerons,0.68,100,0.68,0.72,0.04,0.010488510131835938
ailerons,0.68,100,0.68,0.67,0.01,0.018484830856323242
ailerons,0.68,100,0.68,0.73,0.05,0.012335777282714844
ailerons,0.68,100,0.68,0.72,0.04,0.014206171035766602
ailerons,0.68,100,0.68,0.68,0.0,0.015197277069091797
ailerons,0.68,100,0.68,0.66,0.02,0.015880584716796875
ailerons,0.68,100,0.68,0.65,0.03,0.015094995498657227
ailerons,0.68,100,0.68,0.68,0.0,0.014242887496948242
ailerons,0.68,100,0.68,0.73,0.05,0.014075756072998047
ailerons,0.74,100,0.74,0.74,0.0,0.016999006271362305
ailerons,0.74,100,0.74,0.74,0.0,0.013992547988891602
ailerons,0.74,100,0.74,0.75,0.01,0.01600337028503418
ailerons,0.74,100,0.74,0.76,0.02,0.01428675651550293
ailerons,0.74,100,0.74,0.75,0.01,0.018269062042236328
ailerons,0.74,100,0.74,0.75,0.01,0.018819332122802734
ailerons,0.74,100,0.74,0.74,0.0,0.017950773239135742
ailerons,0.74,100,0.74,0.85,0.11,0.014765024185180664
ailerons,0.74,100,0.74,0.71,0.03,0.010029315948486328
ailerons,0.74,100,0.74,0.71,0.03,0.01816391944885254
ailerons,0.79,100,0.79,0.79,0.0,0.014347076416015625
ailerons,0.79,100,0.79,0.77,0.02,0.010824441909790039
ailerons,0.79,100,0.79,0.81,0.02,0.015189409255981445
ailerons,0.79,100,0.79,0.8,0.01,0.01415252685546875
ailerons,0.79,100,0.79,0.77,0.02,0.017555713653564453
ailerons,0.79,100,0.79,0.75,0.04,0.01767587661743164
ailerons,0.79,100,0.79,0.75,0.04,0.015975475311279297
ailerons,0.79,100,0.79,0.76,0.03,0.017557621002197266
ailerons,0.79,100,0.79,0.78,0.01,0.01410222053527832
ailerons,0.79,100,0.79,0.75,0.04,0.01522064208984375
ailerons,0.84,100,0.84,0.89,0.05,0.0037484169006347656
ailerons,0.84,100,0.84,0.77,0.07,0.011111974716186523
ailerons,0.84,100,0.84,0.79,0.05,0.015625476837158203
ailerons,0.84,100,0.84,0.88,0.04,0.01246953010559082
ailerons,0.84,100,0.84,0.91,0.07,0.0169522762298584
ailerons,0.84,100,0.84,0.85,0.01,0.012125968933105469
ailerons,0.84,100,0.84,0.87,0.03,0.012149810791015625
ailerons,0.84,100,0.84,0.87,0.03,0.012264490127563477
ailerons,0.84,100,0.84,0.81,0.03,0.01812434196472168
ailerons,0.84,100,0.84,0.87,0.03,0.01211094856262207
ailerons,0.89,100,0.89,0.92,0.03,0.012486457824707031
ailerons,0.89,100,0.89,0.89,0.0,0.006027698516845703
ailerons,0.89,100,0.89,0.86,0.03,0.01824784278869629
ailerons,0.89,100,0.89,0.9,0.01,0.015587806701660156
ailerons,0.89,100,0.89,0.95,0.06,0.015644311904907227
ailerons,0.89,100,0.89,0.93,0.04,0.01825237274169922
ailerons,0.89,100,0.89,0.88,0.01,0.015083074569702148
ailerons,0.89,100,0.89,0.91,0.02,0.019911766052246094
ailerons,0.89,100,0.89,0.87,0.02,0.0176088809967041
ailerons,0.89,100,0.89,0.92,0.03,0.016826391220092773
ailerons,0.95,100,0.95,0.97,0.02,0.01569986343383789
ailerons,0.95,100,0.95,0.95,0.0,0.01766228675842285
ailerons,0.95,100,0.95,0.95,0.0,0.014528751373291016
ailerons,0.95,100,0.95,0.95,0.0,0.016286849975585938
ailerons,0.95,100,0.95,0.96,0.01,0.018224239349365234
ailerons,0.95,100,0.95,1.0,0.05,0.015000343322753906
ailerons,0.95,100,0.95,1.0,0.05,0.015565872192382812
ailerons,0.95,100,0.95,0.92,0.03,0.014569520950317383
ailerons,0.95,100,0.95,0.98,0.03,0.01072072982788086
ailerons,0.95,100,0.95,0.97,0.02,0.020819902420043945
ailerons,1.0,100,1.0,1.0,0.0,0.011233806610107422
ailerons,1.0,100,1.0,1.0,0.0,0.01663804054260254
ailerons,1.0,100,1.0,1.0,0.0,0.01124119758605957
ailerons,1.0,100,1.0,0.96,0.04,0.022253036499023438
ailerons,1.0,100,1.0,1.0,0.0,0.014427661895751953
ailerons,1.0,100,1.0,1.0,0.0,0.012010812759399414
ailerons,1.0,100,1.0,1.0,0.0,0.01569366455078125
ailerons,1.0,100,1.0,1.0,0.0,0.010286569595336914
ailerons,1.0,100,1.0,0.89,0.11,0.014101982116699219
ailerons,1.0,100,1.0,1.0,0.0,0.011691093444824219
BNG_breast-w,0.0,100,0.0,0.0,0.0,0.014801263809204102
BNG_breast-w,0.0,100,0.0,0.0,0.0,0.015303611755371094
BNG_breast-w,0.0,100,0.0,0.0,0.0,0.01469874382019043
BNG_breast-w,0.0,100,0.0,0.0,0.0,0.010973930358886719
BNG_breast-w,0.0,100,0.0,0.01,0.01,0.015123844146728516
BNG_breast-w,0.0,100,0.0,0.02,0.02,0.0188748836517334
BNG_breast-w,0.0,100,0.0,0.0,0.0,0.005808830261230469
BNG_breast-w,0.0,100,0.0,0.0,0.0,0.01516270637512207
BNG_breast-w,0.0,100,0.0,0.0,0.0,0.01600170135498047
BNG_breast-w,0.0,100,0.0,0.0,0.0,0.014037847518920898
BNG_breast-w,0.05,100,0.05,0.04,0.01,0.014735221862792969
BNG_breast-w,0.05,100,0.05,0.06,0.01,0.0181884765625
BNG_breast-w,0.05,100,0.05,0.04,0.01,0.01819014549255371
BNG_breast-w,0.05,100,0.05,0.04,0.01,0.014337778091430664
BNG_breast-w,0.05,100,0.05,0.04,0.01,0.015427350997924805
BNG_breast-w,0.05,100,0.05,0.02,0.03,0.016896963119506836
BNG_breast-w,0.05,100,0.05,0.03,0.02,0.015186309814453125
BNG_breast-w,0.05,100,0.05,0.06,0.01,0.016153573989868164
BNG_breast-w,0.05,100,0.05,0.05,0.0,0.011298656463623047
BNG_breast-w,0.05,100,0.05,0.03,0.02,0.015187263488769531
BNG_breast-w,0.11,100,0.11,0.11,0.0,0.012259960174560547
BNG_breast-w,0.11,100,0.11,0.12,0.01,0.015181541442871094
BNG_breast-w,0.11,100,0.11,0.08,0.03,0.015208244323730469
BNG_breast-w,0.11,100,0.11,0.12,0.01,0.012669801712036133
BNG_breast-w,0.11,100,0.11,0.11,0.0,0.014986276626586914
BNG_breast-w,0.11,100,0.11,0.1,0.01,0.01558375358581543
BNG_breast-w,0.11,100,0.11,0.14,0.03,0.014863014221191406
BNG_breast-w,0.11,100,0.11,0.1,0.01,0.015100240707397461
BNG_breast-w,0.11,100,0.11,0.13,0.02,0.01869797706604004
BNG_breast-w,0.11,100,0.11,0.11,0.0,0.014319181442260742
BNG_breast-w,0.16,100,0.16,0.16,0.0,0.014729499816894531
BNG_breast-w,0.16,100,0.16,0.17,0.01,0.014930248260498047
BNG_breast-w,0.16,100,0.16,0.17,0.01,0.01174306869506836
BNG_breast-w,0.16,100,0.16,0.16,0.0,0.018863677978515625
BNG_breast-w,0.16,100,0.16,0.15,0.01,0.014705419540405273
BNG_breast-w,0.16,100,0.16,0.18,0.02,0.021491050720214844
BNG_breast-w,0.16,100,0.16,0.16,0.0,0.014039754867553711
BNG_breast-w,0.16,100,0.16,0.16,0.0,0.014271020889282227
BNG_breast-w,0.16,100,0.16,0.16,0.0,0.012182950973510742
BNG_breast-w,0.16,100,0.16,0.15,0.01,0.012463569641113281
BNG_breast-w,0.21,100,0.21,0.21,0.0,0.015719890594482422
BNG_breast-w,0.21,100,0.21,0.22,0.01,0.01887655258178711
BNG_breast-w,0.21,100,0.21,0.21,0.0,0.00909280776977539
BNG_breast-w,0.21,100,0.21,0.2,0.01,0.015705108642578125
BNG_breast-w,0.21,100,0.21,0.23,0.02,0.015590906143188477
BNG_breast-w,0.21,100,0.21,0.21,0.0,0.01299738883972168
BNG_breast-w,0.21,100,0.21,0.22,0.01,0.015640974044799805
BNG_breast-w,0.21,100,0.21,0.21,0.0,0.01820540428161621
BNG_breast-w,0.21,100,0.21,0.22,0.01,0.014956235885620117
BNG_breast-w,0.21,100,0.21,0.22,0.01,0.018253087997436523
BNG_breast-w,0.26,100,0.26,0.26,0.0,0.012038230895996094
BNG_breast-w,0.26,100,0.26,0.28,0.02,0.012086153030395508
BNG_breast-w,0.26,100,0.26,0.26,0.0,0.01799774169921875
BNG_breast-w,0.26,100,0.26,0.24,0.02,0.012570619583129883
BNG_breast-w,0.26,100,0.26,0.26,0.0,0.014966487884521484
BNG_breast-w,0.26,100,0.26,0.27,0.01,0.014343500137329102
BNG_breast-w,0.26,100,0.26,0.27,0.01,0.015032052993774414
BNG_breast-w,0.26,100,0.26,0.25,0.01,0.012553691864013672
BNG_breast-w,0.26,100,0.26,0.27,0.01,0.014901161193847656
BNG_breast-w,0.26,100,0.26,0.24,0.02,0.014045476913452148
BNG_breast-w,0.32,100,0.32,0.31,0.01,0.014034748077392578
BNG_breast-w,0.32,100,0.32,0.31,0.01,0.015133380889892578
BNG_breast-w,0.32,100,0.32,0.31,0.01,0.014122247695922852
BNG_breast-w,0.32,100,0.32,0.32,0.0,0.013991355895996094
BNG_breast-w,0.32,100,0.32,0.31,0.01,0.011938095092773438
BNG_breast-w,0.32,100,0.32,0.33,0.01,0.018897533416748047
BNG_breast-w,0.32,100,0.32,0.34,0.02,0.014639616012573242
BNG_breast-w,0.32,100,0.32,0.32,0.0,0.014418363571166992
BNG_breast-w,0.32,100,0.32,0.31,0.01,0.012040138244628906
BNG_breast-w,0.32,100,0.32,0.32,0.0,0.0181882381439209
BNG_breast-w,0.37,100,0.37,0.38,0.01,0.015133380889892578
BNG_breast-w,0.37,100,0.37,0.36,0.01,0.014524459838867188
BNG_breast-w,0.37,100,0.37,0.34,0.03,0.014054298400878906
BNG_breast-w,0.37,100,0.37,0.35,0.02,0.012249469757080078
BNG_breast-w,0.37,100,0.37,0.38,0.01,0.009572029113769531
BNG_breast-w,0.37,100,0.37,0.38,0.01,0.015085220336914062
BNG_breast-w,0.37,100,0.37,0.39,0.02,0.015464067459106445
BNG_breast-w,0.37,100,0.37,0.34,0.03,0.01909017562866211
BNG_breast-w,0.37,100,0.37,0.35,0.02,0.018910884857177734
BNG_breast-w,0.37,100,0.37,0.36,0.01,0.0045087337493896484
BNG_breast-w,0.42,100,0.42,0.42,0.0,0.014123916625976562
BNG_breast-w,0.42,100,0.42,0.42,0.0,0.01411294937133789
BNG_breast-w,0.42,100,0.42,0.4,0.02,0.011642932891845703
BNG_breast-w,0.42,100,0.42,0.43,0.01,0.014312267303466797
BNG_breast-w,0.42,100,0.42,0.42,0.0,0.01958322525024414
BNG_breast-w,0.42,100,0.42,0.41,0.01,0.015003204345703125
BNG_breast-w,0.42,100,0.42,0.41,0.01,0.012145519256591797
BNG_breast-w,0.42,100,0.42,0.42,0.0,0.015836715698242188
BNG_breast-w,0.42,100,0.42,0.42,0.0,0.00957345962524414
BNG_breast-w,0.42,100,0.42,0.4,0.02,0.014715433120727539
BNG_breast-w,0.47,100,0.47,0.47,0.0,0.015046119689941406
BNG_breast-w,0.47,100,0.47,0.45,0.02,0.018118619918823242
BNG_breast-w,0.47,100,0.47,0.48,0.01,0.01821589469909668
BNG_breast-w,0.47,100,0.47,0.47,0.0,0.01568150520324707
BNG_breast-w,0.47,100,0.47,0.46,0.01,0.014507770538330078
BNG_breast-w,0.47,100,0.47,0.46,0.01,0.015648603439331055
BNG_breast-w,0.47,100,0.47,0.48,0.01,0.004373311996459961
BNG_breast-w,0.47,100,0.47,0.47,0.0,0.014393806457519531
BNG_breast-w,0.47,100,0.47,0.46,0.01,0.014986991882324219
BNG_breast-w,0.47,100,0.47,0.46,0.01,0.011768579483032227
BNG_breast-w,0.53,100,0.53,0.52,0.01,0.01807856559753418
BNG_breast-w,0.53,100,0.53,0.54,0.01,0.01415562629699707
BNG_breast-w,0.53,100,0.53,0.52,0.01,0.015741825103759766
BNG_breast-w,0.53,100,0.53,0.53,0.0,0.013935565948486328
BNG_breast-w,0.53,100,0.53,0.55,0.02,0.015005350112915039
BNG_breast-w,0.53,100,0.53,0.52,0.01,0.014850616455078125
BNG_breast-w,0.53,100,0.53,0.53,0.0,0.01508021354675293
BNG_breast-w,0.53,100,0.53,0.53,0.0,0.01492166519165039
BNG_breast-w,0.53,100,0.53,0.52,0.01,0.0151519775390625
BNG_breast-w,0.53,100,0.53,0.54,0.01,0.013236522674560547
BNG_breast-w,0.58,100,0.58,0.58,0.0,0.011120080947875977
BNG_breast-w,0.58,100,0.58,0.57,0.01,0.018702268600463867
BNG_breast-w,0.58,100,0.58,0.56,0.02,0.014145135879516602
BNG_breast-w,0.58,100,0.58,0.59,0.01,0.013424396514892578
BNG_breast-w,0.58,100,0.58,0.57,0.01,0.015225410461425781
BNG_breast-w,0.58,100,0.58,0.58,0.0,0.01502084732055664
BNG_breast-w,0.58,100,0.58,0.56,0.02,0.01611328125
BNG_breast-w,0.58,100,0.58,0.57,0.01,0.015112876892089844
BNG_breast-w,0.58,100,0.58,0.59,0.01,0.015322446823120117
BNG_breast-w,0.58,100,0.58,0.57,0.01,0.016570329666137695
BNG_breast-w,0.63,100,0.63,0.61,0.02,0.011243343353271484
BNG_breast-w,0.63,100,0.63,0.61,0.02,0.018453598022460938
BNG_breast-w,0.63,100,0.63,0.64,0.01,0.012012958526611328
BNG_breast-w,0.63,100,0.63,0.62,0.01,0.015170812606811523
BNG_breast-w,0.63,100,0.63,0.62,0.01,0.010503530502319336
BNG_breast-w,0.63,100,0.63,0.61,0.02,0.02516007423400879
BNG_breast-w,0.63,100,0.63,0.63,0.0,0.010969161987304688
BNG_breast-w,0.63,100,0.63,0.64,0.01,0.0192105770111084
BNG_breast-w,0.63,100,0.63,0.64,0.01,0.020654678344726562
BNG_breast-w,0.63,100,0.63,0.62,0.01,0.01507425308227539
BNG_breast-w,0.68,100,0.68,0.69,0.01,0.01715707778930664
BNG_breast-w,0.68,100,0.68,0.68,0.0,0.015702009201049805
BNG_breast-w,0.68,100,0.68,0.67,0.01,0.015618085861206055
BNG_breast-w,0.68,100,0.68,0.69,0.01,0.015714645385742188
BNG_breast-w,0.68,100,0.68,0.67,0.01,0.0
BNG_breast-w,0.68,100,0.68,0.68,0.0,0.02572321891784668
BNG_breast-w,0.68,100,0.68,0.68,0.0,0.009580850601196289
BNG_breast-w,0.68,100,0.68,0.69,0.01,0.015638113021850586
BNG_breast-w,0.68,100,0.68,0.68,0.0,0.028744935989379883
BNG_breast-w,0.68,100,0.68,0.69,0.01,0.01562643051147461
BNG_breast-w,0.74,100,0.74,0.73,0.01,0.00487208366394043
BNG_breast-w,0.74,100,0.74,0.74,0.0,0.0011293888092041016
BNG_breast-w,0.74,100,0.74,0.76,0.02,0.014584541320800781
BNG_breast-w,0.74,100,0.74,0.73,0.01,0.015622615814208984
BNG_breast-w,0.74,100,0.74,0.77,0.03,0.009588241577148438
BNG_breast-w,0.74,100,0.74,0.71,0.03,0.010590314865112305
BNG_breast-w,0.74,100,0.74,0.73,0.01,0.0
BNG_breast-w,0.74,100,0.74,0.75,0.01,0.0
BNG_breast-w,0.74,100,0.74,0.75,0.01,0.01570892333984375
BNG_breast-w,0.74,100,0.74,0.75,0.01,0.01616644859313965
BNG_breast-w,0.79,100,0.79,0.78,0.01,0.015629291534423828
BNG_breast-w,0.79,100,0.79,0.79,0.0,0.015582084655761719
BNG_breast-w,0.79,100,0.79,0.77,0.02,0.015718698501586914
BNG_breast-w,0.79,100,0.79,0.79,0.0,0.015617609024047852
BNG_breast-w,0.79,100,0.79,0.79,0.0,0.011981487274169922
BNG_breast-w,0.79,100,0.79,0.8,0.01,0.013586997985839844
BNG_breast-w,0.79,100,0.79,0.8,0.01,0.015636205673217773
BNG_breast-w,0.79,100,0.79,0.8,0.01,0.006270408630371094
BNG_breast-w,0.79,100,0.79,0.77,0.02,0.015624523162841797
BNG_breast-w,0.79,100,0.79,0.79,0.0,0.012008905410766602
BNG_breast-w,0.84,100,0.84,0.82,0.02,0.015627384185791016
BNG_breast-w,0.84,100,0.84,0.86,0.02,0.016019821166992188
BNG_breast-w,0.84,100,0.84,0.83,0.01,0.01746392250061035
BNG_breast-w,0.84,100,0.84,0.8,0.04,0.005034685134887695
BNG_breast-w,0.84,100,0.84,0.85,0.01,0.015625715255737305
BNG_breast-w,0.84,100,0.84,0.84,0.0,0.012706995010375977
BNG_breast-w,0.84,100,0.84,0.82,0.02,0.019044160842895508
BNG_breast-w,0.84,100,0.84,0.82,0.02,0.011625289916992188
BNG_breast-w,0.84,100,0.84,0.83,0.01,0.015627622604370117
BNG_breast-w,0.84,100,0.84,0.83,0.01,0.012581110000610352
BNG_breast-w,0.89,100,0.89,0.89,0.0,0.015079498291015625
BNG_breast-w,0.89,100,0.89,0.88,0.01,0.0
BNG_breast-w,0.89,100,0.89,0.88,0.01,0.020642995834350586
BNG_breast-w,0.89,100,0.89,0.89,0.0,0.01571488380432129
BNG_breast-w,0.89,100,0.89,0.88,0.01,0.01562786102294922
BNG_breast-w,0.89,100,0.89,0.89,0.0,0.015629291534423828
BNG_breast-w,0.89,100,0.89,0.89,0.0,0.009514093399047852
BNG_breast-w,0.89,100,0.89,0.88,0.01,0.027554988861083984
BNG_breast-w,0.89,100,0.89,0.88,0.01,0.00498652458190918
BNG_breast-w,0.89,100,0.89,0.91,0.02,0.015627145767211914
BNG_breast-w,0.95,100,0.95,0.97,0.02,0.020563840866088867
BNG_breast-w,0.95,100,0.95,0.95,0.0,0.014226675033569336
BNG_breast-w,0.95,100,0.95,0.95,0.0,0.014852523803710938
BNG_breast-w,0.95,100,0.95,0.96,0.01,0.017722606658935547
BNG_breast-w,0.95,100,0.95,0.95,0.0,0.018774747848510742
BNG_breast-w,0.95,100,0.95,0.94,0.01,0.015623807907104492
BNG_breast-w,0.95,100,0.95,0.93,0.02,0.0027930736541748047
BNG_breast-w,0.95,100,0.95,0.98,0.03,0.011568546295166016
BNG_breast-w,0.95,100,0.95,0.96,0.01,0.009974241256713867
BNG_breast-w,0.95,100,0.95,0.95,0.0,0.002920866012573242
BNG_breast-w,1.0,100,1.0,1.0,0.0,0.0157163143157959
BNG_breast-w,1.0,100,1.0,1.0,0.0,0.015622854232788086
BNG_breast-w,1.0,100,1.0,1.0,0.0,0.013586997985839844
BNG_breast-w,1.0,100,1.0,1.0,0.0,0.015638351440429688
BNG_breast-w,1.0,100,1.0,0.99,0.01,0.015627622604370117
BNG_breast-w,1.0,100,1.0,0.98,0.02,0.015618562698364258
BNG_breast-w,1.0,100,1.0,0.99,0.01,0.015617609024047852
BNG_breast-w,1.0,100,1.0,1.0,0.0,0.002874612808227539
BNG_breast-w,1.0,100,1.0,0.99,0.01,0.00816798210144043
BNG_breast-w,1.0,100,1.0,1.0,0.0,0.015635251998901367
file22f0e4a679,0.0,100,0.0,0.0,0.0,0.015122652053833008
file22f0e4a679,0.0,100,0.0,0.0,0.0,0.015105009078979492
file22f0e4a679,0.0,100,0.0,0.0,0.0,0.024910688400268555
file22f0e4a679,0.0,100,0.0,0.0,0.0,0.017641067504882812
file22f0e4a679,0.0,100,0.0,0.0,0.0,0.015665531158447266
file22f0e4a679,0.0,100,0.0,0.0,0.0,0.015641450881958008
file22f0e4a679,0.0,100,0.0,0.0,0.0,0.008060216903686523
file22f0e4a679,0.0,100,0.0,0.0,0.0,0.0022318363189697266
file22f0e4a679,0.0,100,0.0,0.0,0.0,0.019123077392578125
file22f0e4a679,0.0,100,0.0,0.0,0.0,0.0156252384185791
file22f0e4a679,0.05,100,0.05,0.02,0.03,0.01567697525024414
file22f0e4a679,0.05,100,0.05,0.03,0.02,0.0
file22f0e4a679,0.05,100,0.05,0.03,0.02,0.015623807907104492
file22f0e4a679,0.05,100,0.05,0.04,0.01,0.016748666763305664
file22f0e4a679,0.05,100,0.05,0.04,0.01,0.025314807891845703
file22f0e4a679,0.05,100,0.05,0.03,0.02,0.016499757766723633
file22f0e4a679,0.05,100,0.05,0.03,0.02,0.023111343383789062
file22f0e4a679,0.05,100,0.05,0.04,0.01,0.024741172790527344
file22f0e4a679,0.05,100,0.05,0.02,0.03,0.023604869842529297
file22f0e4a679,0.05,100,0.05,0.04,0.01,0.015735626220703125
file22f0e4a679,0.11,100,0.11,0.1,0.01,0.011751174926757812
file22f0e4a679,0.11,100,0.11,0.11,0.0,0.015710115432739258
file22f0e4a679,0.11,100,0.11,0.09,0.02,0.015617609024047852
file22f0e4a679,0.11,100,0.11,0.09,0.02,0.015726804733276367
file22f0e4a679,0.11,100,0.11,0.11,0.0,0.01563096046447754
file22f0e4a679,0.11,100,0.11,0.08,0.03,0.0009031295776367188
file22f0e4a679,0.11,100,0.11,0.11,0.0,0.015566587448120117
file22f0e4a679,0.11,100,0.11,0.09,0.02,0.01562666893005371
file22f0e4a679,0.11,100,0.11,0.07,0.04,0.015622854232788086
file22f0e4a679,0.11,100,0.11,0.09,0.02,0.015626907348632812
file22f0e4a679,0.16,100,0.16,0.15,0.01,0.015729188919067383
file22f0e4a679,0.16,100,0.16,0.15,0.01,0.015729427337646484
file22f0e4a679,0.16,100,0.16,0.16,0.0,0.024773120880126953
file22f0e4a679,0.16,100,0.16,0.14,0.02,0.016958236694335938
file22f0e4a679,0.16,100,0.16,0.14,0.02,0.015618562698364258
file22f0e4a679,0.16,100,0.16,0.15,0.01,0.015565633773803711
file22f0e4a679,0.16,100,0.16,0.14,0.02,0.015108108520507812
file22f0e4a679,0.16,100,0.16,0.15,0.01,0.012192010879516602
file22f0e4a679,0.16,100,0.16,0.15,0.01,0.015625953674316406
file22f0e4a679,0.16,100,0.16,0.14,0.02,0.015738487243652344
file22f0e4a679,0.21,100,0.21,0.2,0.01,0.01562952995300293
file22f0e4a679,0.21,100,0.21,0.2,0.01,0.016371726989746094
file22f0e4a679,0.21,100,0.21,0.2,0.01,0.008532047271728516
file22f0e4a679,0.21,100,0.21,0.2,0.01,0.016913652420043945
file22f0e4a679,0.21,100,0.21,0.2,0.01,0.0
file22f0e4a679,0.21,100,0.21,0.19,0.02,0.014101743698120117
file22f0e4a679,0.21,100,0.21,0.21,0.0,0.014432430267333984
file22f0e4a679,0.21,100,0.21,0.22,0.01,0.009952545166015625
file22f0e4a679,0.21,100,0.21,0.2,0.01,0.01590585708618164
file22f0e4a679,0.21,100,0.21,0.21,0.0,0.01260828971862793
file22f0e4a679,0.26,100,0.26,0.25,0.01,0.009602069854736328
file22f0e4a679,0.26,100,0.26,0.24,0.02,0.0143890380859375
file22f0e4a679,0.26,100,0.26,0.24,0.02,0.013791322708129883
file22f0e4a679,0.26,100,0.26,0.24,0.02,0.01552724838256836
file22f0e4a679,0.26,100,0.26,0.23,0.03,0.014316797256469727
file22f0e4a679,0.26,100,0.26,0.24,0.02,0.013616561889648438
file22f0e4a679,0.26,100,0.26,0.26,0.0,0.013991117477416992
file22f0e4a679,0.26,100,0.26,0.26,0.0,0.01110076904296875
file22f0e4a679,0.26,100,0.26,0.24,0.02,0.016448497772216797
file22f0e4a679,0.26,100,0.26,0.26,0.0,0.009917020797729492
file22f0e4a679,0.32,100,0.32,0.3,0.02,0.013495445251464844
file22f0e4a679,0.32,100,0.32,0.31,0.01,0.011217832565307617
file22f0e4a679,0.32,100,0.32,0.32,0.0,0.015628337860107422
file22f0e4a679,0.32,100,0.32,0.31,0.01,0.014054059982299805
file22f0e4a679,0.32,100,0.32,0.31,0.01,0.009609222412109375
file22f0e4a679,0.32,100,0.32,0.31,0.01,0.011543512344360352
file22f0e4a679,0.32,100,0.32,0.32,0.0,0.01963353157043457
file22f0e4a679,0.32,100,0.32,0.33,0.01,0.011111736297607422
file22f0e4a679,0.32,100,0.32,0.33,0.01,0.013609647750854492
file22f0e4a679,0.32,100,0.32,0.32,0.0,0.015100717544555664
file22f0e4a679,0.37,100,0.37,0.37,0.0,0.015729904174804688
file22f0e4a679,0.37,100,0.37,0.36,0.01,0.009237051010131836
file22f0e4a679,0.37,100,0.37,0.35,0.02,0.016220569610595703
file22f0e4a679,0.37,100,0.37,0.37,0.0,0.016201257705688477
file22f0e4a679,0.37,100,0.37,0.37,0.0,0.016221046447753906
file22f0e4a679,0.37,100,0.37,0.37,0.0,0.01621222496032715
file22f0e4a679,0.37,100,0.37,0.36,0.01,0.008382081985473633
file22f0e4a679,0.37,100,0.37,0.37,0.0,0.029317378997802734
file22f0e4a679,0.37,100,0.37,0.38,0.01,0.022232532501220703
file22f0e4a679,0.37,100,0.37,0.36,0.01,0.012207746505737305
file22f0e4a679,0.42,100,0.42,0.43,0.01,0.014213800430297852
file22f0e4a679,0.42,100,0.42,0.4,0.02,0.025453805923461914
file22f0e4a679,0.42,100,0.42,0.42,0.0,0.026221036911010742
file22f0e4a679,0.42,100,0.42,0.4,0.02,0.006017208099365234
file22f0e4a679,0.42,100,0.42,0.42,0.0,0.019875764846801758
file22f0e4a679,0.42,100,0.42,0.42,0.0,0.014002561569213867
file22f0e4a679,0.42,100,0.42,0.41,0.01,0.013997316360473633
file22f0e4a679,0.42,100,0.42,0.41,0.01,0.01410818099975586
file22f0e4a679,0.42,100,0.42,0.41,0.01,0.013608932495117188
file22f0e4a679,0.42,100,0.42,0.41,0.01,0.014149188995361328
file22f0e4a679,0.47,100,0.47,0.47,0.0,0.013999700546264648
file22f0e4a679,0.47,100,0.47,0.47,0.0,0.014005184173583984
file22f0e4a679,0.47,100,0.47,0.47,0.0,0.014114618301391602
file22f0e4a679,0.47,100,0.47,0.45,0.02,0.014105081558227539
file22f0e4a679,0.47,100,0.47,0.48,0.01,0.027482271194458008
file22f0e4a679,0.47,100,0.47,0.47,0.0,0.014001131057739258
file22f0e4a679,0.47,100,0.47,0.46,0.01,0.014004230499267578
file22f0e4a679,0.47,100,0.47,0.47,0.0,0.014003753662109375
file22f0e4a679,0.47,100,0.47,0.49,0.02,0.01399993896484375
file22f0e4a679,0.47,100,0.47,0.46,0.01,0.013604879379272461
file22f0e4a679,0.53,100,0.53,0.53,0.0,0.020219087600708008
file22f0e4a679,0.53,100,0.53,0.52,0.01,0.013999700546264648
file22f0e4a679,0.53,100,0.53,0.52,0.01,0.014003276824951172
file22f0e4a679,0.53,100,0.53,0.54,0.01,0.014111518859863281
file22f0e4a679,0.53,100,0.53,0.53,0.0,0.014106988906860352
file22f0e4a679,0.53,100,0.53,0.53,0.0,0.0038852691650390625
file22f0e4a679,0.53,100,0.53,0.54,0.01,0.014103174209594727
file22f0e4a679,0.53,100,0.53,0.52,0.01,0.01410365104675293
file22f0e4a679,0.53,100,0.53,0.54,0.01,0.014106273651123047
file22f0e4a679,0.53,100,0.53,0.53,0.0,0.014107465744018555
file22f0e4a679,0.58,100,0.58,0.59,0.01,0.007606983184814453
file22f0e4a679,0.58,100,0.58,0.57,0.01,0.01082301139831543
file22f0e4a679,0.58,100,0.58,0.59,0.01,0.01659417152404785
file22f0e4a679,0.58,100,0.58,0.59,0.01,0.014208316802978516
file22f0e4a679,0.58,100,0.58,0.59,0.01,0.010750293731689453
file22f0e4a679,0.58,100,0.58,0.58,0.0,0.025205612182617188
file22f0e4a679,0.58,100,0.58,0.58,0.0,0.021721839904785156
file22f0e4a679,0.58,100,0.58,0.58,0.0,0.004916191101074219
file22f0e4a679,0.58,100,0.58,0.59,0.01,0.01472783088684082
file22f0e4a679,0.58,100,0.58,0.57,0.01,0.005303382873535156
file22f0e4a679,0.63,100,0.63,0.62,0.01,0.014000415802001953
file22f0e4a679,0.63,100,0.63,0.62,0.01,0.01399993896484375
file22f0e4a679,0.63,100,0.63,0.62,0.01,0.014001131057739258
file22f0e4a679,0.63,100,0.63,0.64,0.01,0.0018987655639648438
file22f0e4a679,0.63,100,0.63,0.63,0.0,0.00321197509765625
file22f0e4a679,0.63,100,0.63,0.64,0.01,0.013997793197631836
file22f0e4a679,0.63,100,0.63,0.64,0.01,0.014028787612915039
file22f0e4a679,0.63,100,0.63,0.61,0.02,0.013599872589111328
file22f0e4a679,0.63,100,0.63,0.63,0.0,0.024793386459350586
file22f0e4a679,0.63,100,0.63,0.64,0.01,0.012716054916381836
file22f0e4a679,0.68,100,0.68,0.69,0.01,0.013998270034790039
file22f0e4a679,0.68,100,0.68,0.67,0.01,0.013939857482910156
file22f0e4a679,0.68,100,0.68,0.68,0.0,0.014007329940795898
file22f0e4a679,0.68,100,0.68,0.67,0.01,0.014011144638061523
file22f0e4a679,0.68,100,0.68,0.67,0.01,0.014360189437866211
file22f0e4a679,0.68,100,0.68,0.68,0.0,0.010095596313476562
file22f0e4a679,0.68,100,0.68,0.68,0.0,0.013998031616210938
file22f0e4a679,0.68,100,0.68,0.67,0.01,0.014001846313476562
file22f0e4a679,0.68,100,0.68,0.69,0.01,0.014037847518920898
file22f0e4a679,0.68,100,0.68,0.67,0.01,0.02477097511291504
file22f0e4a679,0.74,100,0.74,0.74,0.0,0.013604164123535156
file22f0e4a679,0.74,100,0.74,0.74,0.0,0.02462315559387207
file22f0e4a679,0.74,100,0.74,0.74,0.0,0.014000892639160156
file22f0e4a679,0.74,100,0.74,0.72,0.02,0.013612508773803711
file22f0e4a679,0.74,100,0.74,0.75,0.01,0.024959802627563477
file22f0e4a679,0.74,100,0.74,0.73,0.01,0.014003753662109375
file22f0e4a679,0.74,100,0.74,0.75,0.01,0.014006853103637695
file22f0e4a679,0.74,100,0.74,0.74,0.0,0.004883766174316406
file22f0e4a679,0.74,100,0.74,0.74,0.0,0.02508091926574707
file22f0e4a679,0.74,100,0.74,0.74,0.0,0.018530607223510742
file22f0e4a679,0.79,100,0.79,0.79,0.0,0.014005184173583984
file22f0e4a679,0.79,100,0.79,0.79,0.0,0.014105558395385742
file22f0e4a679,0.79,100,0.79,0.8,0.01,0.014055490493774414
file22f0e4a679,0.79,100,0.79,0.79,0.0,0.014103889465332031
file22f0e4a679,0.79,100,0.79,0.8,0.01,0.01413726806640625
file22f0e4a679,0.79,100,0.79,0.8,0.01,0.013909339904785156
file22f0e4a679,0.79,100,0.79,0.79,0.0,0.013999223709106445
file22f0e4a679,0.79,100,0.79,0.78,0.01,0.014102458953857422
file22f0e4a679,0.79,100,0.79,0.81,0.02,0.014103174209594727
file22f0e4a679,0.79,100,0.79,0.8,0.01,0.003896474838256836
file22f0e4a679,0.84,100,0.84,0.86,0.02,0.025162935256958008
file22f0e4a679,0.84,100,0.84,0.83,0.01,0.014001131057739258
file22f0e4a679,0.84,100,0.84,0.84,0.0,0.014109611511230469
file22f0e4a679,0.84,100,0.84,0.83,0.01,0.014111518859863281
file22f0e4a679,0.84,100,0.84,0.85,0.01,0.014098644256591797
file22f0e4a679,0.84,100,0.84,0.84,0.0,0.009158134460449219
file22f0e4a679,0.84,100,0.84,0.85,0.01,0.010606765747070312
file22f0e4a679,0.84,100,0.84,0.84,0.0,0.011609077453613281
file22f0e4a679,0.84,100,0.84,0.84,0.0,0.0035555362701416016
file22f0e4a679,0.84,100,0.84,0.85,0.01,0.014219284057617188
file22f0e4a679,0.89,100,0.89,0.89,0.0,0.011740684509277344
file22f0e4a679,0.89,100,0.89,0.89,0.0,0.014214277267456055
file22f0e4a679,0.89,100,0.89,0.91,0.02,0.014207124710083008
file22f0e4a679,0.89,100,0.89,0.9,0.01,0.019104719161987305
file22f0e4a679,0.89,100,0.89,0.89,0.0,0.01570582389831543
file22f0e4a679,0.89,100,0.89,0.89,0.0,0.016473054885864258
file22f0e4a679,0.89,100,0.89,0.89,0.0,0.022449731826782227
file22f0e4a679,0.89,100,0.89,0.91,0.02,0.02252650260925293
file22f0e4a679,0.89,100,0.89,0.9,0.01,0.014002561569213867
file22f0e4a679,0.89,100,0.89,0.9,0.01,0.014002561569213867
file22f0e4a679,0.95,100,0.95,0.95,0.0,0.014111757278442383
file22f0e4a679,0.95,100,0.95,0.96,0.01,0.014114618301391602
file22f0e4a679,0.95,100,0.95,0.95,0.0,0.016064167022705078
file22f0e4a679,0.95,100,0.95,0.96,0.01,0.008045673370361328
file22f0e4a679,0.95,100,0.95,0.97,0.02,0.014097452163696289
file22f0e4a679,0.95,100,0.95,0.96,0.01,0.013606786727905273
file22f0e4a679,0.95,100,0.95,0.97,0.02,0.008658885955810547
file22f0e4a679,0.95,100,0.95,0.97,0.02,0.01054239273071289
file22f0e4a679,0.95,100,0.95,0.96,0.01,0.014002084732055664
file22f0e4a679,0.95,100,0.95,0.96,0.01,0.013998985290527344
file22f0e4a679,1.0,100,1.0,1.0,0.0,0.003964662551879883
file22f0e4a679,1.0,100,1.0,1.0,0.0,0.017922639846801758
file22f0e4a679,1.0,100,1.0,1.0,0.0,0.022738218307495117
file22f0e4a679,1.0,100,1.0,1.0,0.0,0.015735387802124023
file22f0e4a679,1.0,100,1.0,1.0,0.0,0.01682567596435547
file22f0e4a679,1.0,100,1.0,1.0,0.0,0.008884668350219727
file22f0e4a679,1.0,100,1.0,1.0,0.0,0.016988515853881836
file22f0e4a679,1.0,100,1.0,1.0,0.0,0.015729665756225586
file22f0e4a679,1.0,100,1.0,1.0,0.0,0.015100240707397461
file22f0e4a679,1.0,100,1.0,1.0,0.0,0.014603853225708008
file7b5365fa741c,0.0,100,0.0,0.0,0.0,0.015720844268798828
file7b5365fa741c,0.0,100,0.0,0.02,0.02,0.015627384185791016
file7b5365fa741c,0.0,100,0.0,0.0,0.0,0.014212846755981445
file7b5365fa741c,0.0,100,0.0,0.0,0.0,0.015623807907104492
file7b5365fa741c,0.0,100,0.0,0.0,0.0,0.015717267990112305
file7b5365fa741c,0.0,100,0.0,0.0,0.0,0.015704631805419922
file7b5365fa741c,0.0,100,0.0,0.02,0.02,0.0028891563415527344
file7b5365fa741c,0.0,100,0.0,0.0,0.0,0.015625
file7b5365fa741c,0.0,100,0.0,0.0,0.0,0.015720605850219727
file7b5365fa741c,0.0,100,0.0,0.0,0.0,0.015711307525634766
file7b5365fa741c,0.05,100,0.05,0.0,0.05,0.0035855770111083984
file7b5365fa741c,0.05,100,0.05,0.02,0.03,0.014558076858520508
file7b5365fa741c,0.05,100,0.05,0.03,0.02,0.014321327209472656
file7b5365fa741c,0.05,100,0.05,0.05,0.0,0.012035608291625977
file7b5365fa741c,0.05,100,0.05,0.04,0.01,0.013589620590209961
file7b5365fa741c,0.05,100,0.05,0.07,0.02,0.011592388153076172
file7b5365fa741c,0.05,100,0.05,0.04,0.01,0.01205301284790039
file7b5365fa741c,0.05,100,0.05,0.02,0.03,0.014997720718383789
file7b5365fa741c,0.05,100,0.05,0.0,0.05,0.012161493301391602
file7b5365fa741c,0.05,100,0.05,0.0,0.05,0.014897584915161133
file7b5365fa741c,0.11,100,0.11,0.13,0.02,0.018216848373413086
file7b5365fa741c,0.11,100,0.11,0.14,0.03,0.018236637115478516
file7b5365fa741c,0.11,100,0.11,0.11,0.0,0.012342691421508789
file7b5365fa741c,0.11,100,0.11,0.06,0.05,0.0180356502532959
file7b5365fa741c,0.11,100,0.11,0.19,0.08,0.013139724731445312
file7b5365fa741c,0.11,100,0.11,0.19,0.08,0.012252569198608398
file7b5365fa741c,0.11,100,0.11,0.05,0.06,0.018285512924194336
file7b5365fa741c,0.11,100,0.11,0.07,0.04,0.01191854476928711
file7b5365fa741c,0.11,100,0.11,0.05,0.06,0.018367290496826172
file7b5365fa741c,0.11,100,0.11,0.15,0.04,0.014435052871704102
file7b5365fa741c,0.16,100,0.16,0.12,0.04,0.01838064193725586
file7b5365fa741c,0.16,100,0.16,0.21,0.05,0.017723798751831055
file7b5365fa741c,0.16,100,0.16,0.19,0.03,0.012083768844604492
file7b5365fa741c,0.16,100,0.16,0.2,0.04,0.017980098724365234
file7b5365fa741c,0.16,100,0.16,0.22,0.06,0.01837611198425293
file7b5365fa741c,0.16,100,0.16,0.11,0.05,0.011932611465454102
file7b5365fa741c,0.16,100,0.16,0.19,0.03,0.012335777282714844
file7b5365fa741c,0.16,100,0.16,0.08,0.08,0.014124631881713867
file7b5365fa741c,0.16,100,0.16,0.11,0.05,0.015494108200073242
file7b5365fa741c,0.16,100,0.16,0.11,0.05,0.01825547218322754
file7b5365fa741c,0.21,100,0.21,0.28,0.07,0.012043476104736328
file7b5365fa741c,0.21,100,0.21,0.16,0.05,0.01222991943359375
file7b5365fa741c,0.21,100,0.21,0.33,0.12,0.014196634292602539
file7b5365fa741c,0.21,100,0.21,0.29,0.08,0.011954069137573242
file7b5365fa741c,0.21,100,0.21,0.22,0.01,0.01788020133972168
file7b5365fa741c,0.21,100,0.21,0.13,0.08,0.012088298797607422
file7b5365fa741c,0.21,100,0.21,0.17,0.04,0.012038946151733398
file7b5365fa741c,0.21,100,0.21,0.21,0.0,0.01816105842590332
file7b5365fa741c,0.21,100,0.21,0.25,0.04,0.012133359909057617
file7b5365fa741c,0.21,100,0.21,0.24,0.03,0.01954793930053711
file7b5365fa741c,0.26,100,0.26,0.28,0.02,0.012058258056640625
file7b5365fa741c,0.26,100,0.26,0.24,0.02,0.014319419860839844
file7b5365fa741c,0.26,100,0.26,0.28,0.02,0.015015363693237305
file7b5365fa741c,0.26,100,0.26,0.2,0.06,0.013939142227172852
file7b5365fa741c,0.26,100,0.26,0.27,0.01,0.013830423355102539
file7b5365fa741c,0.26,100,0.26,0.29,0.03,0.0087738037109375
file7b5365fa741c,0.26,100,0.26,0.25,0.01,0.015031099319458008
file7b5365fa741c,0.26,100,0.26,0.24,0.02,0.017583847045898438
file7b5365fa741c,0.26,100,0.26,0.23,0.03,0.012012004852294922
file7b5365fa741c,0.26,100,0.26,0.23,0.03,0.015047550201416016
file7b5365fa741c,0.32,100,0.32,0.39,0.07,0.018155336380004883
file7b5365fa741c,0.32,100,0.32,0.33,0.01,0.01471257209777832
file7b5365fa741c,0.32,100,0.32,0.35,0.03,0.014394521713256836
file7b5365fa741c,0.32,100,0.32,0.29,0.03,0.014667749404907227
file7b5365fa741c,0.32,100,0.32,0.35,0.03,0.012183904647827148
file7b5365fa741c,0.32,100,0.32,0.35,0.03,0.014910459518432617
file7b5365fa741c,0.32,100,0.32,0.38,0.06,0.014111518859863281
file7b5365fa741c,0.32,100,0.32,0.32,0.0,0.013423681259155273
file7b5365fa741c,0.32,100,0.32,0.29,0.03,0.017404794692993164
file7b5365fa741c,0.32,100,0.32,0.36,0.04,0.015274286270141602
file7b5365fa741c,0.37,100,0.37,0.42,0.05,0.01406097412109375
file7b5365fa741c,0.37,100,0.37,0.38,0.01,0.009652376174926758
file7b5365fa741c,0.37,100,0.37,0.3,0.07,0.010840415954589844
file7b5365fa741c,0.37,100,0.37,0.36,0.01,0.01607346534729004
file7b5365fa741c,0.37,100,0.37,0.33,0.04,0.014147281646728516
file7b5365fa741c,0.37,100,0.37,0.35,0.02,0.019075632095336914
file7b5365fa741c,0.37,100,0.37,0.38,0.01,0.015214920043945312
file7b5365fa741c,0.37,100,0.37,0.3,0.07,0.017420530319213867
file7b5365fa741c,0.37,100,0.37,0.42,0.05,0.01425933837890625
file7b5365fa741c,0.37,100,0.37,0.39,0.02,0.014120817184448242
file7b5365fa741c,0.42,100,0.42,0.45,0.03,0.009525060653686523
file7b5365fa741c,0.42,100,0.42,0.43,0.01,0.015075206756591797
file7b5365fa741c,0.42,100,0.42,0.36,0.06,0.019098758697509766
file7b5365fa741c,0.42,100,0.42,0.44,0.02,0.01811981201171875
file7b5365fa741c,0.42,100,0.42,0.41,0.01,0.014146089553833008
file7b5365fa741c,0.42,100,0.42,0.42,0.0,0.01586627960205078
file7b5365fa741c,0.42,100,0.42,0.44,0.02,0.013678312301635742
file7b5365fa741c,0.42,100,0.42,0.41,0.01,0.011690139770507812
file7b5365fa741c,0.42,100,0.42,0.33,0.09,0.018227100372314453
file7b5365fa741c,0.42,100,0.42,0.48,0.06,0.017772436141967773
file7b5365fa741c,0.47,100,0.47,0.45,0.02,0.015189886093139648
file7b5365fa741c,0.47,100,0.47,0.39,0.08,0.014664411544799805
file7b5365fa741c,0.47,100,0.47,0.53,0.06,0.014052391052246094
file7b5365fa741c,0.47,100,0.47,0.56,0.09,0.014194250106811523
file7b5365fa741c,0.47,100,0.47,0.44,0.03,0.0097808837890625
file7b5365fa741c,0.47,100,0.47,0.44,0.03,0.01772904396057129
file7b5365fa741c,0.47,100,0.47,0.42,0.05,0.023079872131347656
file7b5365fa741c,0.47,100,0.47,0.49,0.02,0.014652490615844727
file7b5365fa741c,0.47,100,0.47,0.48,0.01,0.014574050903320312
file7b5365fa741c,0.47,100,0.47,0.43,0.04,0.014374256134033203
file7b5365fa741c,0.53,100,0.53,0.54,0.01,0.008690595626831055
file7b5365fa741c,0.53,100,0.53,0.5,0.03,0.018570661544799805
file7b5365fa741c,0.53,100,0.53,0.59,0.06,0.020278215408325195
file7b5365fa741c,0.53,100,0.53,0.53,0.0,0.016445159912109375
file7b5365fa741c,0.53,100,0.53,0.56,0.03,0.015748023986816406
file7b5365fa741c,0.53,100,0.53,0.53,0.0,0.01471567153930664
file7b5365fa741c,0.53,100,0.53,0.61,0.08,0.0027196407318115234
file7b5365fa741c,0.53,100,0.53,0.47,0.06,0.008796215057373047
file7b5365fa741c,0.53,100,0.53,0.54,0.01,0.009746789932250977
file7b5365fa741c,0.53,100,0.53,0.54,0.01,0.01513361930847168
file7b5365fa741c,0.58,100,0.58,0.57,0.01,0.014940977096557617
file7b5365fa741c,0.58,100,0.58,0.57,0.01,0.01605224609375
file7b5365fa741c,0.58,100,0.58,0.65,0.07,0.017891883850097656
file7b5365fa741c,0.58,100,0.58,0.64,0.06,0.017510175704956055
file7b5365fa741c,0.58,100,0.58,0.56,0.02,0.01456904411315918
file7b5365fa741c,0.58,100,0.58,0.52,0.06,0.018630027770996094
file7b5365fa741c,0.58,100,0.58,0.58,0.0,0.012417793273925781
file7b5365fa741c,0.58,100,0.58,0.62,0.04,0.010321378707885742
file7b5365fa741c,0.58,100,0.58,0.62,0.04,0.012733221054077148
file7b5365fa741c,0.58,100,0.58,0.61,0.03,0.01825690269470215
file7b5365fa741c,0.63,100,0.63,0.76,0.13,0.013233184814453125
file7b5365fa741c,0.63,100,0.63,0.62,0.01,0.0142974853515625
file7b5365fa741c,0.63,100,0.63,0.64,0.01,0.014569520950317383
file7b5365fa741c,0.63,100,0.63,0.6,0.03,0.004914522171020508
file7b5365fa741c,0.63,100,0.63,0.67,0.04,0.01076650619506836
file7b5365fa741c,0.63,100,0.63,0.66,0.03,0.014631271362304688
file7b5365fa741c,0.63,100,0.63,0.61,0.02,0.019422054290771484
file7b5365fa741c,0.63,100,0.63,0.59,0.04,0.011773109436035156
file7b5365fa741c,0.63,100,0.63,0.75,0.12,0.014220237731933594
file7b5365fa741c,0.63,100,0.63,0.67,0.04,0.015093088150024414
file7b5365fa741c,0.68,100,0.68,0.73,0.05,0.014899253845214844
file7b5365fa741c,0.68,100,0.68,0.83,0.15,0.015204668045043945
file7b5365fa741c,0.68,100,0.68,0.67,0.01,0.014581680297851562
file7b5365fa741c,0.68,100,0.68,0.64,0.04,0.01392817497253418
file7b5365fa741c,0.68,100,0.68,0.67,0.01,0.014631271362304688
file7b5365fa741c,0.68,100,0.68,0.58,0.1,0.019252777099609375
file7b5365fa741c,0.68,100,0.68,0.78,0.1,0.022634267807006836
file7b5365fa741c,0.68,100,0.68,0.68,0.0,0.013607263565063477
file7b5365fa741c,0.68,100,0.68,0.65,0.03,0.01417684555053711
file7b5365fa741c,0.68,100,0.68,0.67,0.01,0.010846853256225586
file7b5365fa741c,0.74,100,0.74,0.8,0.06,0.01986074447631836
file7b5365fa741c,0.74,100,0.74,0.72,0.02,0.014590978622436523
file7b5365fa741c,0.74,100,0.74,0.76,0.02,0.015160799026489258
file7b5365fa741c,0.74,100,0.74,0.74,0.0,0.017595291137695312
file7b5365fa741c,0.74,100,0.74,0.71,0.03,0.015767574310302734
file7b5365fa741c,0.74,100,0.74,0.71,0.03,0.018761634826660156
file7b5365fa741c,0.74,100,0.74,0.72,0.02,0.01063394546508789
file7b5365fa741c,0.74,100,0.74,0.73,0.01,0.014991283416748047
file7b5365fa741c,0.74,100,0.74,0.76,0.02,0.020331144332885742
file7b5365fa741c,0.74,100,0.74,0.75,0.01,0.011755704879760742
file7b5365fa741c,0.79,100,0.79,0.77,0.02,0.011598587036132812
file7b5365fa741c,0.79,100,0.79,0.77,0.02,0.015758514404296875
file7b5365fa741c,0.79,100,0.79,0.81,0.02,0.014586925506591797
file7b5365fa741c,0.79,100,0.79,0.75,0.04,0.015052556991577148
file7b5365fa741c,0.79,100,0.79,0.76,0.03,0.015127182006835938
file7b5365fa741c,0.79,100,0.79,0.71,0.08,0.014593839645385742
file7b5365fa741c,0.79,100,0.79,0.82,0.03,0.0056073665618896484
file7b5365fa741c,0.79,100,0.79,0.85,0.06,0.0095062255859375
file7b5365fa741c,0.79,100,0.79,0.83,0.04,0.00716853141784668
file7b5365fa741c,0.79,100,0.79,0.77,0.02,0.013409614562988281
file7b5365fa741c,0.84,100,0.84,0.85,0.01,0.015276908874511719
file7b5365fa741c,0.84,100,0.84,0.9,0.06,0.01747441291809082
file7b5365fa741c,0.84,100,0.84,0.83,0.01,0.016826391220092773
file7b5365fa741c,0.84,100,0.84,0.84,0.0,0.012110233306884766
file7b5365fa741c,0.84,100,0.84,0.95,0.11,0.010319709777832031
file7b5365fa741c,0.84,100,0.84,0.81,0.03,0.01864027976989746
file7b5365fa741c,0.84,100,0.84,0.88,0.04,0.018118619918823242
file7b5365fa741c,0.84,100,0.84,0.92,0.08,0.010358333587646484
file7b5365fa741c,0.84,100,0.84,0.84,0.0,0.014342784881591797
file7b5365fa741c,0.84,100,0.84,0.83,0.01,0.005725860595703125
file7b5365fa741c,0.89,100,0.89,1.0,0.11,0.011701107025146484
file7b5365fa741c,0.89,100,0.89,0.87,0.02,0.010605812072753906
file7b5365fa741c,0.89,100,0.89,0.94,0.05,0.016683101654052734
file7b5365fa741c,0.89,100,0.89,0.97,0.08,0.017606258392333984
file7b5365fa741c,0.89,100,0.89,0.91,0.02,0.0147857666015625
file7b5365fa741c,0.89,100,0.89,0.87,0.02,0.01510167121887207
file7b5365fa741c,0.89,100,0.89,0.84,0.05,0.013619184494018555
file7b5365fa741c,0.89,100,0.89,0.89,0.0,0.014230728149414062
file7b5365fa741c,0.89,100,0.89,0.94,0.05,0.02424931526184082
file7b5365fa741c,0.89,100,0.89,0.94,0.05,0.012124776840209961
file7b5365fa741c,0.95,100,0.95,1.0,0.05,0.02179121971130371
file7b5365fa741c,0.95,100,0.95,0.95,0.0,0.016028165817260742
file7b5365fa741c,0.95,100,0.95,1.0,0.05,0.01666569709777832
file7b5365fa741c,0.95,100,0.95,1.0,0.05,0.010323286056518555
file7b5365fa741c,0.95,100,0.95,0.85,0.1,0.002599000930786133
file7b5365fa741c,0.95,100,0.95,1.0,0.05,0.008697271347045898
file7b5365fa741c,0.95,100,0.95,0.96,0.01,0.007603168487548828
file7b5365fa741c,0.95,100,0.95,0.98,0.03,0.010814666748046875
file7b5365fa741c,0.95,100,0.95,1.0,0.05,0.004678487777709961
file7b5365fa741c,0.95,100,0.95,0.94,0.01,0.011195182800292969
file7b5365fa741c,1.0,100,1.0,1.0,0.0,0.016530990600585938
file7b5365fa741c,1.0,100,1.0,0.98,0.02,0.016124963760375977
file7b5365fa741c,1.0,100,1.0,1.0,0.0,0.018242835998535156
file7b5365fa741c,1.0,100,1.0,0.94,0.06,0.015144586563110352
file7b5365fa741c,1.0,100,1.0,1.0,0.0,0.018575429916381836
file7b5365fa741c,1.0,100,1.0,1.0,0.0,0.012132883071899414
file7b5365fa741c,1.0,100,1.0,1.0,0.0,0.007727861404418945
file7b5365fa741c,1.0,100,1.0,0.98,0.02,0.015697479248046875
file7b5365fa741c,1.0,100,1.0,1.0,0.0,0.014278888702392578
file7b5365fa741c,1.0,100,1.0,1.0,0.0,0.01035165786743164
houses,0.0,100,0.0,0.0,0.0,0.017992734909057617
houses,0.0,100,0.0,0.0,0.0,0.012220144271850586
houses,0.0,100,0.0,0.0,0.0,0.013898372650146484
houses,0.0,100,0.0,0.0,0.0,0.013650178909301758
houses,0.0,100,0.0,0.0,0.0,0.01703190803527832
houses,0.0,100,0.0,0.0,0.0,0.014339685440063477
houses,0.0,100,0.0,0.01,0.01,0.012056589126586914
houses,0.0,100,0.0,0.0,0.0,0.010416746139526367
houses,0.0,100,0.0,0.0,0.0,0.01892232894897461
houses,0.0,100,0.0,0.0,0.0,0.017509937286376953
houses,0.05,100,0.05,0.04,0.01,0.014142513275146484
houses,0.05,100,0.05,0.08,0.03,0.014736413955688477
houses,0.05,100,0.05,0.03,0.02,0.01517343521118164
houses,0.05,100,0.05,0.05,0.0,0.009536504745483398
houses,0.05,100,0.05,0.04,0.01,0.014974355697631836
houses,0.05,100,0.05,0.04,0.01,0.015752315521240234
houses,0.05,100,0.05,0.07,0.02,0.014258623123168945
houses,0.05,100,0.05,0.05,0.0,0.014039993286132812
houses,0.05,100,0.05,0.03,0.02,0.014882087707519531
houses,0.05,100,0.05,0.03,0.02,0.017570018768310547
houses,0.11,100,0.11,0.09,0.02,0.01406550407409668
houses,0.11,100,0.11,0.13,0.02,0.015657901763916016
houses,0.11,100,0.11,0.12,0.01,0.013910293579101562
houses,0.11,100,0.11,0.13,0.02,0.014292240142822266
houses,0.11,100,0.11,0.09,0.02,0.015106678009033203
houses,0.11,100,0.11,0.09,0.02,0.015752077102661133
houses,0.11,100,0.11,0.11,0.0,0.015336990356445312
houses,0.11,100,0.11,0.12,0.01,0.013937711715698242
houses,0.11,100,0.11,0.11,0.0,0.011284351348876953
houses,0.11,100,0.11,0.11,0.0,0.009660005569458008
houses,0.16,100,0.16,0.15,0.01,0.009690284729003906
houses,0.16,100,0.16,0.15,0.01,0.01055002212524414
houses,0.16,100,0.16,0.15,0.01,0.010576486587524414
houses,0.16,100,0.16,0.16,0.0,0.011950254440307617
houses,0.16,100,0.16,0.17,0.01,0.008663177490234375
houses,0.16,100,0.16,0.16,0.0,0.008673429489135742
houses,0.16,100,0.16,0.13,0.03,0.011841058731079102
houses,0.16,100,0.16,0.15,0.01,0.014521598815917969
houses,0.16,100,0.16,0.16,0.0,0.02160358428955078
houses,0.16,100,0.16,0.16,0.0,0.011948585510253906
houses,0.21,100,0.21,0.18,0.03,0.018289566040039062
houses,0.21,100,0.21,0.23,0.02,0.015344619750976562
houses,0.21,100,0.21,0.23,0.02,0.014513731002807617
houses,0.21,100,0.21,0.21,0.0,0.01859116554260254
houses,0.21,100,0.21,0.2,0.01,0.015020370483398438
houses,0.21,100,0.21,0.23,0.02,0.01286172866821289
houses,0.21,100,0.21,0.2,0.01,0.009707212448120117
houses,0.21,100,0.21,0.2,0.01,0.011787891387939453
houses,0.21,100,0.21,0.21,0.0,0.014578104019165039
houses,0.21,100,0.21,0.22,0.01,0.01449441909790039
houses,0.26,100,0.26,0.27,0.01,0.014186620712280273
houses,0.26,100,0.26,0.22,0.04,0.01847362518310547
houses,0.26,100,0.26,0.25,0.01,0.014752388000488281
houses,0.26,100,0.26,0.3,0.04,0.015560626983642578
houses,0.26,100,0.26,0.27,0.01,0.00458073616027832
houses,0.26,100,0.26,0.29,0.03,0.012365579605102539
houses,0.26,100,0.26,0.25,0.01,0.014254570007324219
houses,0.26,100,0.26,0.25,0.01,0.004525661468505859
houses,0.26,100,0.26,0.24,0.02,0.014154434204101562
houses,0.26,100,0.26,0.24,0.02,0.017525196075439453
houses,0.32,100,0.32,0.3,0.02,0.010510921478271484
houses,0.32,100,0.32,0.32,0.0,0.021735668182373047
houses,0.32,100,0.32,0.35,0.03,0.014238357543945312
houses,0.32,100,0.32,0.32,0.0,0.014557123184204102
houses,0.32,100,0.32,0.31,0.01,0.01515340805053711
houses,0.32,100,0.32,0.31,0.01,0.015010356903076172
houses,0.32,100,0.32,0.33,0.01,0.024237632751464844
houses,0.32,100,0.32,0.29,0.03,0.015455961227416992
houses,0.32,100,0.32,0.33,0.01,0.014500856399536133
houses,0.32,100,0.32,0.33,0.01,0.020625829696655273
houses,0.37,100,0.37,0.38,0.01,0.020872116088867188
houses,0.37,100,0.37,0.34,0.03,0.017562150955200195
houses,0.37,100,0.37,0.4,0.03,0.018702030181884766
houses,0.37,100,0.37,0.37,0.0,0.017531156539916992
houses,0.37,100,0.37,0.36,0.01,0.010612249374389648
houses,0.37,100,0.37,0.36,0.01,0.01519775390625
houses,0.37,100,0.37,0.39,0.02,0.009697437286376953
houses,0.37,100,0.37,0.39,0.02,0.014042377471923828
houses,0.37,100,0.37,0.37,0.0,0.015275716781616211
houses,0.37,100,0.37,0.4,0.03,0.015007495880126953
houses,0.42,100,0.42,0.4,0.02,0.010432720184326172
houses,0.42,100,0.42,0.44,0.02,0.012065410614013672
houses,0.42,100,0.42,0.47,0.05,0.01225423812866211
houses,0.42,100,0.42,0.43,0.01,0.014027595520019531
houses,0.42,100,0.42,0.41,0.01,0.01477360725402832
houses,0.42,100,0.42,0.45,0.03,0.015019416809082031
houses,0.42,100,0.42,0.4,0.02,0.012656211853027344
houses,0.42,100,0.42,0.42,0.0,0.01768636703491211
houses,0.42,100,0.42,0.42,0.0,0.017621278762817383
houses,0.42,100,0.42,0.45,0.03,0.014773368835449219
houses,0.47,100,0.47,0.47,0.0,0.015927553176879883
houses,0.47,100,0.47,0.47,0.0,0.01875591278076172
houses,0.47,100,0.47,0.48,0.01,0.016139745712280273
houses,0.47,100,0.47,0.48,0.01,0.01540231704711914
houses,0.47,100,0.47,0.52,0.05,0.02086162567138672
houses,0.47,100,0.47,0.51,0.04,0.014855146408081055
houses,0.47,100,0.47,0.47,0.0,0.015386581420898438
houses,0.47,100,0.47,0.48,0.01,0.011948585510253906
houses,0.47,100,0.47,0.49,0.02,0.011688947677612305
houses,0.47,100,0.47,0.46,0.01,0.012158632278442383
houses,0.53,100,0.53,0.54,0.01,0.004400014877319336
houses,0.53,100,0.53,0.54,0.01,0.014658212661743164
houses,0.53,100,0.53,0.52,0.01,0.015338659286499023
houses,0.53,100,0.53,0.56,0.03,0.008585929870605469
houses,0.53,100,0.53,0.54,0.01,0.012603282928466797
houses,0.53,100,0.53,0.54,0.01,0.014327049255371094
houses,0.53,100,0.53,0.52,0.01,0.011614799499511719
houses,0.53,100,0.53,0.51,0.02,0.01908087730407715
houses,0.53,100,0.53,0.55,0.02,0.018130779266357422
houses,0.53,100,0.53,0.51,0.02,0.018108129501342773
houses,0.58,100,0.58,0.59,0.01,0.010022163391113281
houses,0.58,100,0.58,0.58,0.0,0.012681245803833008
houses,0.58,100,0.58,0.59,0.01,0.011098384857177734
houses,0.58,100,0.58,0.6,0.02,0.014118194580078125
houses,0.58,100,0.58,0.59,0.01,0.014943122863769531
houses,0.58,100,0.58,0.61,0.03,0.015075445175170898
houses,0.58,100,0.58,0.57,0.01,0.009592294692993164
houses,0.58,100,0.58,0.6,0.02,0.01730823516845703
houses,0.58,100,0.58,0.61,0.03,0.009574174880981445
houses,0.58,100,0.58,0.6,0.02,0.017388582229614258
houses,0.63,100,0.63,0.63,0.0,0.014359474182128906
houses,0.63,100,0.63,0.63,0.0,0.016662120819091797
houses,0.63,100,0.63,0.61,0.02,0.01978898048400879
houses,0.63,100,0.63,0.62,0.01,0.015799283981323242
houses,0.63,100,0.63,0.62,0.01,0.012917518615722656
houses,0.63,100,0.63,0.69,0.06,0.015168905258178711
houses,0.63,100,0.63,0.66,0.03,0.016908884048461914
houses,0.63,100,0.63,0.61,0.02,0.02088022232055664
houses,0.63,100,0.63,0.66,0.03,0.016056060791015625
houses,0.63,100,0.63,0.6,0.03,0.014138460159301758
houses,0.68,100,0.68,0.69,0.01,0.01535177230834961
houses,0.68,100,0.68,0.68,0.0,0.014316082000732422
houses,0.68,100,0.68,0.7,0.02,0.01972794532775879
houses,0.68,100,0.68,0.69,0.01,0.01976752281188965
houses,0.68,100,0.68,0.7,0.02,0.019895076751708984
houses,0.68,100,0.68,0.69,0.01,0.01621556282043457
houses,0.68,100,0.68,0.68,0.0,0.014166831970214844
houses,0.68,100,0.68,0.71,0.03,0.018056631088256836
houses,0.68,100,0.68,0.67,0.01,0.013982057571411133
houses,0.68,100,0.68,0.67,0.01,0.01846480369567871
houses,0.74,100,0.74,0.74,0.0,0.014886617660522461
houses,0.74,100,0.74,0.74,0.0,0.017539262771606445
houses,0.74,100,0.74,0.74,0.0,0.015003204345703125
houses,0.74,100,0.74,0.75,0.01,0.014961719512939453
houses,0.74,100,0.74,0.76,0.02,0.015093564987182617
houses,0.74,100,0.74,0.74,0.0,0.014714241027832031
houses,0.74,100,0.74,0.77,0.03,0.014986753463745117
houses,0.74,100,0.74,0.78,0.04,0.015055179595947266
houses,0.74,100,0.74,0.75,0.01,0.015047073364257812
houses,0.74,100,0.74,0.74,0.0,0.015078544616699219
houses,0.79,100,0.79,0.8,0.01,0.014606952667236328
houses,0.79,100,0.79,0.85,0.06,0.013992786407470703
houses,0.79,100,0.79,0.85,0.06,0.014937639236450195
houses,0.79,100,0.79,0.8,0.01,0.014015674591064453
houses,0.79,100,0.79,0.79,0.0,0.014997482299804688
houses,0.79,100,0.79,0.79,0.0,0.015676498413085938
houses,0.79,100,0.79,0.8,0.01,0.014023542404174805
houses,0.79,100,0.79,0.83,0.04,0.014991044998168945
houses,0.79,100,0.79,0.8,0.01,0.014036178588867188
houses,0.79,100,0.79,0.78,0.01,0.0147247314453125
houses,0.84,100,0.84,0.83,0.01,0.014011859893798828
houses,0.84,100,0.84,0.88,0.04,0.015039682388305664
houses,0.84,100,0.84,0.83,0.01,0.014055490493774414
houses,0.84,100,0.84,0.85,0.01,0.015036582946777344
houses,0.84,100,0.84,0.85,0.01,0.014104604721069336
houses,0.84,100,0.84,0.86,0.02,0.013722896575927734
houses,0.84,100,0.84,0.84,0.0,0.013993501663208008
houses,0.84,100,0.84,0.87,0.03,0.015001535415649414
houses,0.84,100,0.84,0.84,0.0,0.012236595153808594
houses,0.84,100,0.84,0.92,0.08,0.013747692108154297
houses,0.89,100,0.89,0.89,0.0,0.01643681526184082
houses,0.89,100,0.89,0.89,0.0,0.015648603439331055
houses,0.89,100,0.89,0.92,0.03,0.014627933502197266
houses,0.89,100,0.89,0.91,0.02,0.014137506484985352
houses,0.89,100,0.89,0.91,0.02,0.01507115364074707
houses,0.89,100,0.89,0.92,0.03,0.015210390090942383
houses,0.89,100,0.89,0.89,0.0,0.013222932815551758
houses,0.89,100,0.89,0.91,0.02,0.015073537826538086
houses,0.89,100,0.89,0.85,0.04,0.014338254928588867
houses,0.89,100,0.89,0.9,0.01,0.01792287826538086
houses,0.95,100,0.95,0.97,0.02,0.015665292739868164
houses,0.95,100,0.95,0.98,0.03,0.015869617462158203
houses,0.95,100,0.95,0.97,0.02,0.014399528503417969
houses,0.95,100,0.95,0.96,0.01,0.014058351516723633
houses,0.95,100,0.95,1.0,0.05,0.012029170989990234
houses,0.95,100,0.95,0.98,0.03,0.014615058898925781
houses,0.95,100,0.95,1.0,0.05,0.014750003814697266
houses,0.95,100,0.95,0.99,0.04,0.01142573356628418
houses,0.95,100,0.95,0.98,0.03,0.013712167739868164
houses,0.95,100,0.95,0.96,0.01,0.017530441284179688
houses,1.0,100,1.0,1.0,0.0,0.013990640640258789
houses,1.0,100,1.0,1.0,0.0,0.002434968948364258
houses,1.0,100,1.0,1.0,0.0,0.015316009521484375
houses,1.0,100,1.0,1.0,0.0,0.014344453811645508
houses,1.0,100,1.0,1.0,0.0,0.014398813247680664
houses,1.0,100,1.0,1.0,0.0,0.014614582061767578
houses,1.0,100,1.0,1.0,0.0,0.02100086212158203
houses,1.0,100,1.0,1.0,0.0,0.018702983856201172
houses,1.0,100,1.0,1.0,0.0,0.01167750358581543
houses,1.0,100,1.0,0.99,0.01,0.011065244674682617
kdd_JapaneseVowels,0.0,100,0.0,0.0,0.0,0.018789052963256836
kdd_JapaneseVowels,0.0,100,0.0,0.0,0.0,0.016013145446777344
kdd_JapaneseVowels,0.0,100,0.0,0.0,0.0,0.014342546463012695
kdd_JapaneseVowels,0.0,100,0.0,0.0,0.0,0.0206758975982666
kdd_JapaneseVowels,0.0,100,0.0,0.0,0.0,0.010145902633666992
kdd_JapaneseVowels,0.0,100,0.0,0.0,0.0,0.012149333953857422
kdd_JapaneseVowels,0.0,100,0.0,0.0,0.0,0.012164592742919922
kdd_JapaneseVowels,0.0,100,0.0,0.0,0.0,0.014092445373535156
kdd_JapaneseVowels,0.0,100,0.0,0.01,0.01,0.013186216354370117
kdd_JapaneseVowels,0.0,100,0.0,0.0,0.0,0.014028310775756836
kdd_JapaneseVowels,0.05,100,0.05,0.05,0.0,0.01509404182434082
kdd_JapaneseVowels,0.05,100,0.05,0.07,0.02,0.012468338012695312
kdd_JapaneseVowels,0.05,100,0.05,0.05,0.0,0.018187522888183594
kdd_JapaneseVowels,0.05,100,0.05,0.06,0.01,0.012120962142944336
kdd_JapaneseVowels,0.05,100,0.05,0.05,0.0,0.01201939582824707
kdd_JapaneseVowels,0.05,100,0.05,0.05,0.0,0.01224827766418457
kdd_JapaneseVowels,0.05,100,0.05,0.04,0.01,0.012062549591064453
kdd_JapaneseVowels,0.05,100,0.05,0.06,0.01,0.012822628021240234
kdd_JapaneseVowels,0.05,100,0.05,0.04,0.01,0.012169361114501953
kdd_JapaneseVowels,0.05,100,0.05,0.05,0.0,0.012119293212890625
kdd_JapaneseVowels,0.11,100,0.11,0.1,0.01,0.012089967727661133
kdd_JapaneseVowels,0.11,100,0.11,0.11,0.0,0.018137693405151367
kdd_JapaneseVowels,0.11,100,0.11,0.1,0.01,0.012213468551635742
kdd_JapaneseVowels,0.11,100,0.11,0.1,0.01,0.018192052841186523
kdd_JapaneseVowels,0.11,100,0.11,0.11,0.0,0.01226043701171875
kdd_JapaneseVowels,0.11,100,0.11,0.11,0.0,0.012287616729736328
kdd_JapaneseVowels,0.11,100,0.11,0.1,0.01,0.018151044845581055
kdd_JapaneseVowels,0.11,100,0.11,0.12,0.01,0.012084245681762695
kdd_JapaneseVowels,0.11,100,0.11,0.13,0.02,0.018159151077270508
kdd_JapaneseVowels,0.11,100,0.11,0.09,0.02,0.01822662353515625
kdd_JapaneseVowels,0.16,100,0.16,0.16,0.0,0.011319637298583984
kdd_JapaneseVowels,0.16,100,0.16,0.14,0.02,0.018586397171020508
kdd_JapaneseVowels,0.16,100,0.16,0.15,0.01,0.012436628341674805
kdd_JapaneseVowels,0.16,100,0.16,0.15,0.01,0.01181483268737793
kdd_JapaneseVowels,0.16,100,0.16,0.15,0.01,0.016034603118896484
kdd_JapaneseVowels,0.16,100,0.16,0.18,0.02,0.011837005615234375
kdd_JapaneseVowels,0.16,100,0.16,0.17,0.01,0.014695167541503906
kdd_JapaneseVowels,0.16,100,0.16,0.2,0.04,0.010642051696777344
kdd_JapaneseVowels,0.16,100,0.16,0.19,0.03,0.01419520378112793
kdd_JapaneseVowels,0.16,100,0.16,0.15,0.01,0.014858007431030273
kdd_JapaneseVowels,0.21,100,0.21,0.2,0.01,0.014187812805175781
kdd_JapaneseVowels,0.21,100,0.21,0.21,0.0,0.014625787734985352
kdd_JapaneseVowels,0.21,100,0.21,0.19,0.02,0.007874488830566406
kdd_JapaneseVowels,0.21,100,0.21,0.19,0.02,0.014874696731567383
kdd_JapaneseVowels,0.21,100,0.21,0.19,0.02,0.02363753318786621
kdd_JapaneseVowels,0.21,100,0.21,0.21,0.0,0.011603832244873047
kdd_JapaneseVowels,0.21,100,0.21,0.2,0.01,0.01765131950378418
kdd_JapaneseVowels,0.21,100,0.21,0.21,0.0,0.015137672424316406
kdd_JapaneseVowels,0.21,100,0.21,0.22,0.01,0.010140657424926758
kdd_JapaneseVowels,0.21,100,0.21,0.24,0.03,0.01563286781311035
kdd_JapaneseVowels,0.26,100,0.26,0.29,0.03,0.011616230010986328
kdd_JapaneseVowels,0.26,100,0.26,0.27,0.01,0.015603780746459961
kdd_JapaneseVowels,0.26,100,0.26,0.23,0.03,0.01817917823791504
kdd_JapaneseVowels,0.26,100,0.26,0.26,0.0,0.008569002151489258
kdd_JapaneseVowels,0.26,100,0.26,0.28,0.02,0.012872695922851562
kdd_JapaneseVowels,0.26,100,0.26,0.27,0.01,0.012340307235717773
kdd_JapaneseVowels,0.26,100,0.26,0.28,0.02,0.01442098617553711
kdd_JapaneseVowels,0.26,100,0.26,0.3,0.04,0.011858224868774414
kdd_JapaneseVowels,0.26,100,0.26,0.28,0.02,0.014567375183105469
kdd_JapaneseVowels,0.26,100,0.26,0.26,0.0,0.018240928649902344
kdd_JapaneseVowels,0.32,100,0.32,0.33,0.01,0.009546995162963867
kdd_JapaneseVowels,0.32,100,0.32,0.3,0.02,0.014975547790527344
kdd_JapaneseVowels,0.32,100,0.32,0.38,0.06,0.01859307289123535
kdd_JapaneseVowels,0.32,100,0.32,0.3,0.02,0.013525724411010742
kdd_JapaneseVowels,0.32,100,0.32,0.33,0.01,0.015617132186889648
kdd_JapaneseVowels,0.32,100,0.32,0.34,0.02,0.018183231353759766
kdd_JapaneseVowels,0.32,100,0.32,0.36,0.04,0.009559869766235352
kdd_JapaneseVowels,0.32,100,0.32,0.33,0.01,0.019743919372558594
kdd_JapaneseVowels,0.32,100,0.32,0.3,0.02,0.014212608337402344
kdd_JapaneseVowels,0.32,100,0.32,0.31,0.01,0.016643762588500977
kdd_JapaneseVowels,0.37,100,0.37,0.37,0.0,0.013869285583496094
kdd_JapaneseVowels,0.37,100,0.37,0.35,0.02,0.01814866065979004
kdd_JapaneseVowels,0.37,100,0.37,0.37,0.0,0.014305353164672852
kdd_JapaneseVowels,0.37,100,0.37,0.36,0.01,0.01882624626159668
kdd_JapaneseVowels,0.37,100,0.37,0.41,0.04,0.015195369720458984
kdd_JapaneseVowels,0.37,100,0.37,0.37,0.0,0.01564764976501465
kdd_JapaneseVowels,0.37,100,0.37,0.39,0.02,0.014074563980102539
kdd_JapaneseVowels,0.37,100,0.37,0.36,0.01,0.015060663223266602
kdd_JapaneseVowels,0.37,100,0.37,0.35,0.02,0.008621454238891602
kdd_JapaneseVowels,0.37,100,0.37,0.36,0.01,0.014193534851074219
kdd_JapaneseVowels,0.42,100,0.42,0.4,0.02,0.01974320411682129
kdd_JapaneseVowels,0.42,100,0.42,0.36,0.06,0.010685205459594727
kdd_JapaneseVowels,0.42,100,0.42,0.41,0.01,0.009546279907226562
kdd_JapaneseVowels,0.42,100,0.42,0.45,0.03,0.014800310134887695
kdd_JapaneseVowels,0.42,100,0.42,0.39,0.03,0.01817011833190918
kdd_JapaneseVowels,0.42,100,0.42,0.45,0.03,0.011021137237548828
kdd_JapaneseVowels,0.42,100,0.42,0.44,0.02,0.013286590576171875
kdd_JapaneseVowels,0.42,100,0.42,0.43,0.01,0.01249074935913086
kdd_JapaneseVowels,0.42,100,0.42,0.4,0.02,0.014160394668579102
kdd_JapaneseVowels,0.42,100,0.42,0.42,0.0,0.012000322341918945
kdd_JapaneseVowels,0.47,100,0.47,0.47,0.0,0.009579181671142578
kdd_JapaneseVowels,0.47,100,0.47,0.48,0.01,0.015875577926635742
kdd_JapaneseVowels,0.47,100,0.47,0.47,0.0,0.014546632766723633
kdd_JapaneseVowels,0.47,100,0.47,0.46,0.01,0.01437687873840332
kdd_JapaneseVowels,0.47,100,0.47,0.48,0.01,0.0025916099548339844
kdd_JapaneseVowels,0.47,100,0.47,0.49,0.02,0.01588749885559082
kdd_JapaneseVowels,0.47,100,0.47,0.51,0.04,0.011670827865600586
kdd_JapaneseVowels,0.47,100,0.47,0.49,0.02,0.012653112411499023
kdd_JapaneseVowels,0.47,100,0.47,0.47,0.0,0.016106605529785156
kdd_JapaneseVowels,0.47,100,0.47,0.51,0.04,0.01510310173034668
kdd_JapaneseVowels,0.53,100,0.53,0.56,0.03,0.009589433670043945
kdd_JapaneseVowels,0.53,100,0.53,0.51,0.02,0.01771235466003418
kdd_JapaneseVowels,0.53,100,0.53,0.52,0.01,0.010646343231201172
kdd_JapaneseVowels,0.53,100,0.53,0.54,0.01,0.015488386154174805
kdd_JapaneseVowels,0.53,100,0.53,0.51,0.02,0.012279510498046875
kdd_JapaneseVowels,0.53,100,0.53,0.55,0.02,0.016800880432128906
kdd_JapaneseVowels,0.53,100,0.53,0.5,0.03,0.01569676399230957
kdd_JapaneseVowels,0.53,100,0.53,0.54,0.01,0.011795759201049805
kdd_JapaneseVowels,0.53,100,0.53,0.59,0.06,0.014323949813842773
kdd_JapaneseVowels,0.53,100,0.53,0.58,0.05,0.016544103622436523
kdd_JapaneseVowels,0.58,100,0.58,0.6,0.02,0.014848947525024414
kdd_JapaneseVowels,0.58,100,0.58,0.61,0.03,0.013158082962036133
kdd_JapaneseVowels,0.58,100,0.58,0.52,0.06,0.01593160629272461
kdd_JapaneseVowels,0.58,100,0.58,0.55,0.03,0.01742100715637207
kdd_JapaneseVowels,0.58,100,0.58,0.6,0.02,0.009630441665649414
kdd_JapaneseVowels,0.58,100,0.58,0.57,0.01,0.014127969741821289
kdd_JapaneseVowels,0.58,100,0.58,0.58,0.0,0.012086153030395508
kdd_JapaneseVowels,0.58,100,0.58,0.55,0.03,0.012810945510864258
kdd_JapaneseVowels,0.58,100,0.58,0.56,0.02,0.0181732177734375
kdd_JapaneseVowels,0.58,100,0.58,0.59,0.01,0.01786971092224121
kdd_JapaneseVowels,0.63,100,0.63,0.69,0.06,0.017661094665527344
kdd_JapaneseVowels,0.63,100,0.63,0.64,0.01,0.015096664428710938
kdd_JapaneseVowels,0.63,100,0.63,0.61,0.02,0.011956930160522461
kdd_JapaneseVowels,0.63,100,0.63,0.6,0.03,0.018152713775634766
kdd_JapaneseVowels,0.63,100,0.63,0.66,0.03,0.015009880065917969
kdd_JapaneseVowels,0.63,100,0.63,0.64,0.01,0.020634174346923828
kdd_JapaneseVowels,0.63,100,0.63,0.66,0.03,0.004645109176635742
kdd_JapaneseVowels,0.63,100,0.63,0.61,0.02,0.014616966247558594
kdd_JapaneseVowels,0.63,100,0.63,0.62,0.01,0.012180328369140625
kdd_JapaneseVowels,0.63,100,0.63,0.67,0.04,0.015004634857177734
kdd_JapaneseVowels,0.68,100,0.68,0.68,0.0,0.012647628784179688
kdd_JapaneseVowels,0.68,100,0.68,0.7,0.02,0.015660762786865234
kdd_JapaneseVowels,0.68,100,0.68,0.66,0.02,0.01568317413330078
kdd_JapaneseVowels,0.68,100,0.68,0.68,0.0,0.011670589447021484
kdd_JapaneseVowels,0.68,100,0.68,0.66,0.02,0.01563429832458496
kdd_JapaneseVowels,0.68,100,0.68,0.67,0.01,0.011812210083007812
kdd_JapaneseVowels,0.68,100,0.68,0.72,0.04,0.014612197875976562
kdd_JapaneseVowels,0.68,100,0.68,0.67,0.01,0.021821260452270508
kdd_JapaneseVowels,0.68,100,0.68,0.67,0.01,0.01505732536315918
kdd_JapaneseVowels,0.68,100,0.68,0.72,0.04,0.014723777770996094
kdd_JapaneseVowels,0.74,100,0.74,0.73,0.01,0.017802715301513672
kdd_JapaneseVowels,0.74,100,0.74,0.75,0.01,0.01914501190185547
kdd_JapaneseVowels,0.74,100,0.74,0.76,0.02,0.014154911041259766
kdd_JapaneseVowels,0.74,100,0.74,0.74,0.0,0.017885923385620117
kdd_JapaneseVowels,0.74,100,0.74,0.76,0.02,0.015560388565063477
kdd_JapaneseVowels,0.74,100,0.74,0.76,0.02,0.018786191940307617
kdd_JapaneseVowels,0.74,100,0.74,0.74,0.0,0.01501154899597168
kdd_JapaneseVowels,0.74,100,0.74,0.74,0.0,0.014061689376831055
kdd_JapaneseVowels,0.74,100,0.74,0.71,0.03,0.010788202285766602
kdd_JapaneseVowels,0.74,100,0.74,0.72,0.02,0.014669418334960938
kdd_JapaneseVowels,0.79,100,0.79,0.8,0.01,0.009576082229614258
kdd_JapaneseVowels,0.79,100,0.79,0.84,0.05,0.012734174728393555
kdd_JapaneseVowels,0.79,100,0.79,0.78,0.01,0.012521028518676758
kdd_JapaneseVowels,0.79,100,0.79,0.8,0.01,0.014169692993164062
kdd_JapaneseVowels,0.79,100,0.79,0.84,0.05,0.014825820922851562
kdd_JapaneseVowels,0.79,100,0.79,0.81,0.02,0.013013124465942383
kdd_JapaneseVowels,0.79,100,0.79,0.79,0.0,0.010140657424926758
kdd_JapaneseVowels,0.79,100,0.79,0.82,0.03,0.011205673217773438
kdd_JapaneseVowels,0.79,100,0.79,0.8,0.01,0.01829361915588379
kdd_JapaneseVowels,0.79,100,0.79,0.86,0.07,0.014711141586303711
kdd_JapaneseVowels,0.84,100,0.84,0.89,0.05,0.014972448348999023
kdd_JapaneseVowels,0.84,100,0.84,0.88,0.04,0.0149993896484375
kdd_JapaneseVowels,0.84,100,0.84,0.84,0.0,0.014881610870361328
kdd_JapaneseVowels,0.84,100,0.84,0.81,0.03,0.014879465103149414
kdd_JapaneseVowels,0.84,100,0.84,0.85,0.01,0.01766800880432129
kdd_JapaneseVowels,0.84,100,0.84,0.86,0.02,0.015105724334716797
kdd_JapaneseVowels,0.84,100,0.84,0.87,0.03,0.015668153762817383
kdd_JapaneseVowels,0.84,100,0.84,0.85,0.01,0.012117862701416016
kdd_JapaneseVowels,0.84,100,0.84,0.84,0.0,0.016402006149291992
kdd_JapaneseVowels,0.84,100,0.84,0.86,0.02,0.017940998077392578
kdd_JapaneseVowels,0.89,100,0.89,0.93,0.04,0.014725208282470703
kdd_JapaneseVowels,0.89,100,0.89,0.9,0.01,0.01523280143737793
kdd_JapaneseVowels,0.89,100,0.89,0.94,0.05,0.01816082000732422
kdd_JapaneseVowels,0.89,100,0.89,0.91,0.02,0.01523900032043457
kdd_JapaneseVowels,0.89,100,0.89,0.87,0.02,0.009762048721313477
kdd_JapaneseVowels,0.89,100,0.89,0.87,0.02,0.013974666595458984
kdd_JapaneseVowels,0.89,100,0.89,0.92,0.03,0.024736881256103516
kdd_JapaneseVowels,0.89,100,0.89,0.92,0.03,0.01477956771850586
kdd_JapaneseVowels,0.89,100,0.89,0.91,0.02,0.012183666229248047
kdd_JapaneseVowels,0.89,100,0.89,0.89,0.0,0.01923060417175293
kdd_JapaneseVowels,0.95,100,0.95,0.92,0.03,0.009595870971679688
kdd_JapaneseVowels,0.95,100,0.95,0.96,0.01,0.014055490493774414
kdd_JapaneseVowels,0.95,100,0.95,0.96,0.01,0.012197732925415039
kdd_JapaneseVowels,0.95,100,0.95,0.96,0.01,0.014638423919677734
kdd_JapaneseVowels,0.95,100,0.95,0.95,0.0,0.015268564224243164
kdd_JapaneseVowels,0.95,100,0.95,0.93,0.02,0.013760566711425781
kdd_JapaneseVowels,0.95,100,0.95,0.94,0.01,0.013243436813354492
kdd_JapaneseVowels,0.95,100,0.95,0.96,0.01,0.014078140258789062
kdd_JapaneseVowels,0.95,100,0.95,0.99,0.04,0.012148618698120117
kdd_JapaneseVowels,0.95,100,0.95,0.93,0.02,0.014436721801757812
kdd_JapaneseVowels,1.0,100,1.0,1.0,0.0,0.012117385864257812
kdd_JapaneseVowels,1.0,100,1.0,0.98,0.02,0.013690948486328125
kdd_JapaneseVowels,1.0,100,1.0,0.97,0.03,0.015285015106201172
kdd_JapaneseVowels,1.0,100,1.0,1.0,0.0,0.013466596603393555
kdd_JapaneseVowels,1.0,100,1.0,1.0,0.0,0.015285730361938477
kdd_JapaneseVowels,1.0,100,1.0,1.0,0.0,0.011268377304077148
kdd_JapaneseVowels,1.0,100,1.0,0.99,0.01,0.017168283462524414
kdd_JapaneseVowels,1.0,100,1.0,1.0,0.0,0.014461040496826172
kdd_JapaneseVowels,1.0,100,1.0,1.0,0.0,0.012449502944946289
kdd_JapaneseVowels,1.0,100,1.0,1.0,0.0,0.014672517776489258
MagicTelescope,0.0,100,0.0,0.0,0.0,0.017662763595581055
MagicTelescope,0.0,100,0.0,0.05,0.05,0.01923203468322754
MagicTelescope,0.0,100,0.0,0.0,0.0,0.014699935913085938
MagicTelescope,0.0,100,0.0,0.0,0.0,0.01262211799621582
MagicTelescope,0.0,100,0.0,0.0,0.0,0.013958215713500977
MagicTelescope,0.0,100,0.0,0.0,0.0,0.01480722427368164
MagicTelescope,0.0,100,0.0,0.0,0.0,0.015265703201293945
MagicTelescope,0.0,100,0.0,0.0,0.0,0.01173543930053711
MagicTelescope,0.0,100,0.0,0.0,0.0,0.01419830322265625
MagicTelescope,0.0,100,0.0,0.0,0.0,0.012271404266357422
MagicTelescope,0.05,100,0.05,0.0,0.05,0.015238761901855469
MagicTelescope,0.05,100,0.05,0.04,0.01,0.015030384063720703
MagicTelescope,0.05,100,0.05,0.0,0.05,0.01479339599609375
MagicTelescope,0.05,100,0.05,0.11,0.06,0.014099836349487305
MagicTelescope,0.05,100,0.05,0.0,0.05,0.015130281448364258
MagicTelescope,0.05,100,0.05,0.09,0.04,0.015574932098388672
MagicTelescope,0.05,100,0.05,0.1,0.05,0.018169641494750977
MagicTelescope,0.05,100,0.05,0.05,0.0,0.018758058547973633
MagicTelescope,0.05,100,0.05,0.07,0.02,0.014217853546142578
MagicTelescope,0.05,100,0.05,0.0,0.05,0.0166168212890625
MagicTelescope,0.11,100,0.11,0.14,0.03,0.015475988388061523
MagicTelescope,0.11,100,0.11,0.05,0.06,0.012108802795410156
MagicTelescope,0.11,100,0.11,0.11,0.0,0.018214702606201172
MagicTelescope,0.11,100,0.11,0.13,0.02,0.009799480438232422
MagicTelescope,0.11,100,0.11,0.08,0.03,0.014050722122192383
MagicTelescope,0.11,100,0.11,0.1,0.01,0.015175342559814453
MagicTelescope,0.11,100,0.11,0.02,0.09,0.014372825622558594
MagicTelescope,0.11,100,0.11,0.08,0.03,0.015664339065551758
MagicTelescope,0.11,100,0.11,0.09,0.02,0.012767791748046875
MagicTelescope,0.11,100,0.11,0.09,0.02,0.013692617416381836
MagicTelescope,0.16,100,0.16,0.18,0.02,0.014225244522094727
MagicTelescope,0.16,100,0.16,0.07,0.09,0.015257835388183594
MagicTelescope,0.16,100,0.16,0.12,0.04,0.017114639282226562
MagicTelescope,0.16,100,0.16,0.14,0.02,0.012174367904663086
MagicTelescope,0.16,100,0.16,0.21,0.05,0.012116432189941406
MagicTelescope,0.16,100,0.16,0.14,0.02,0.01509404182434082
MagicTelescope,0.16,100,0.16,0.14,0.02,0.009633779525756836
MagicTelescope,0.16,100,0.16,0.12,0.04,0.009888887405395508
MagicTelescope,0.16,100,0.16,0.04,0.12,0.016137123107910156
MagicTelescope,0.16,100,0.16,0.17,0.01,0.015157938003540039
MagicTelescope,0.21,100,0.21,0.24,0.03,0.01748800277709961
MagicTelescope,0.21,100,0.21,0.16,0.05,0.024532556533813477
MagicTelescope,0.21,100,0.21,0.2,0.01,0.015366792678833008
MagicTelescope,0.21,100,0.21,0.28,0.07,0.014860391616821289
MagicTelescope,0.21,100,0.21,0.22,0.01,0.012465476989746094
MagicTelescope,0.21,100,0.21,0.14,0.07,0.013684511184692383
MagicTelescope,0.21,100,0.21,0.17,0.04,0.014098167419433594
MagicTelescope,0.21,100,0.21,0.17,0.04,0.015136003494262695
MagicTelescope,0.21,100,0.21,0.17,0.04,0.012391805648803711
MagicTelescope,0.21,100,0.21,0.15,0.06,0.014610528945922852
MagicTelescope,0.26,100,0.26,0.27,0.01,0.01277470588684082
MagicTelescope,0.26,100,0.26,0.25,0.01,0.01890397071838379
MagicTelescope,0.26,100,0.26,0.31,0.05,0.017807960510253906
MagicTelescope,0.26,100,0.26,0.24,0.02,0.024577617645263672
MagicTelescope,0.26,100,0.26,0.21,0.05,0.01018524169921875
MagicTelescope,0.26,100,0.26,0.27,0.01,0.01375436782836914
MagicTelescope,0.26,100,0.26,0.25,0.01,0.014699459075927734
MagicTelescope,0.26,100,0.26,0.22,0.04,0.011909246444702148
MagicTelescope,0.26,100,0.26,0.2,0.06,0.008817434310913086
MagicTelescope,0.26,100,0.26,0.31,0.05,0.012181758880615234
MagicTelescope,0.32,100,0.32,0.27,0.05,0.015098810195922852
MagicTelescope,0.32,100,0.32,0.34,0.02,0.015023946762084961
MagicTelescope,0.32,100,0.32,0.29,0.03,0.014275550842285156
MagicTelescope,0.32,100,0.32,0.38,0.06,0.015478134155273438
MagicTelescope,0.32,100,0.32,0.26,0.06,0.01207733154296875
MagicTelescope,0.32,100,0.32,0.24,0.08,0.014887332916259766
MagicTelescope,0.32,100,0.32,0.3,0.02,0.013915061950683594
MagicTelescope,0.32,100,0.32,0.37,0.05,0.012516975402832031
MagicTelescope,0.32,100,0.32,0.4,0.08,0.014311552047729492
MagicTelescope,0.32,100,0.32,0.3,0.02,0.016063213348388672
MagicTelescope,0.37,100,0.37,0.46,0.09,0.011829376220703125
MagicTelescope,0.37,100,0.37,0.43,0.06,0.012073040008544922
MagicTelescope,0.37,100,0.37,0.32,0.05,0.014447212219238281
MagicTelescope,0.37,100,0.37,0.38,0.01,0.015736103057861328
MagicTelescope,0.37,100,0.37,0.34,0.03,0.012076377868652344
MagicTelescope,0.37,100,0.37,0.41,0.04,0.010359048843383789
MagicTelescope,0.37,100,0.37,0.45,0.08,0.015729665756225586
MagicTelescope,0.37,100,0.37,0.48,0.11,0.015636920928955078
MagicTelescope,0.37,100,0.37,0.4,0.03,0.015769243240356445
MagicTelescope,0.37,100,0.37,0.28,0.09,0.011946916580200195
MagicTelescope,0.42,100,0.42,0.5,0.08,0.03118729591369629
MagicTelescope,0.42,100,0.42,0.43,0.01,0.0312497615814209
MagicTelescope,0.42,100,0.42,0.45,0.03,0.03165078163146973
MagicTelescope,0.42,100,0.42,0.38,0.04,0.03133249282836914
MagicTelescope,0.42,100,0.42,0.46,0.04,0.04694628715515137
MagicTelescope,0.42,100,0.42,0.49,0.07,0.046957969665527344
MagicTelescope,0.42,100,0.42,0.42,0.0,0.03133869171142578
MagicTelescope,0.42,100,0.42,0.4,0.02,0.046956539154052734
MagicTelescope,0.42,100,0.42,0.47,0.05,0.0312502384185791
MagicTelescope,0.42,100,0.42,0.4,0.02,0.04292607307434082
MagicTelescope,0.47,100,0.47,0.36,0.11,0.04693913459777832
MagicTelescope,0.47,100,0.47,0.37,0.1,0.031336069107055664
MagicTelescope,0.47,100,0.47,0.5,0.03,0.04730629920959473
MagicTelescope,0.47,100,0.47,0.59,0.12,0.031248807907104492
MagicTelescope,0.47,100,0.47,0.46,0.01,0.046965599060058594
MagicTelescope,0.47,100,0.47,0.54,0.07,0.03179049491882324
MagicTelescope,0.47,100,0.47,0.44,0.03,0.04183387756347656
MagicTelescope,0.47,100,0.47,0.48,0.01,0.047420501708984375
MagicTelescope,0.47,100,0.47,0.39,0.08,0.04742002487182617
MagicTelescope,0.47,100,0.47,0.59,0.12,0.03186845779418945
MagicTelescope,0.53,100,0.53,0.47,0.06,0.04687047004699707
MagicTelescope,0.53,100,0.53,0.52,0.01,0.04689192771911621
MagicTelescope,0.53,100,0.53,0.54,0.01,0.03384709358215332
MagicTelescope,0.53,100,0.53,0.48,0.05,0.03125143051147461
MagicTelescope,0.53,100,0.53,0.48,0.05,0.04743337631225586
MagicTelescope,0.53,100,0.53,0.55,0.02,0.03180098533630371
MagicTelescope,0.53,100,0.53,0.53,0.0,0.03125309944152832
MagicTelescope,0.53,100,0.53,0.59,0.06,0.038912296295166016
MagicTelescope,0.53,100,0.53,0.57,0.04,0.03182506561279297
MagicTelescope,0.53,100,0.53,0.57,0.04,0.04688453674316406
MagicTelescope,0.58,100,0.58,0.56,0.02,0.03183698654174805
MagicTelescope,0.58,100,0.58,0.69,0.11,0.04696393013000488
MagicTelescope,0.58,100,0.58,0.55,0.03,0.031261444091796875
MagicTelescope,0.58,100,0.58,0.46,0.12,0.04688096046447754
MagicTelescope,0.58,100,0.58,0.52,0.06,0.031879425048828125
MagicTelescope,0.58,100,0.58,0.66,0.08,0.0448458194732666
MagicTelescope,0.58,100,0.58,0.54,0.04,0.031337738037109375
MagicTelescope,0.58,100,0.58,0.52,0.06,0.046878814697265625
MagicTelescope,0.58,100,0.58,0.51,0.07,0.031243324279785156
MagicTelescope,0.58,100,0.58,0.65,0.07,0.04687619209289551
MagicTelescope,0.63,100,0.63,0.63,0.0,0.031790971755981445
MagicTelescope,0.63,100,0.63,0.68,0.05,0.03633451461791992
MagicTelescope,0.63,100,0.63,0.59,0.04,0.031241655349731445
MagicTelescope,0.63,100,0.63,0.49,0.14,0.02478933334350586
MagicTelescope,0.63,100,0.63,0.64,0.01,0.034273624420166016
MagicTelescope,0.63,100,0.63,0.59,0.04,0.03182530403137207
MagicTelescope,0.63,100,0.63,0.51,0.12,0.0318145751953125
MagicTelescope,0.63,100,0.63,0.75,0.12,0.04749441146850586
MagicTelescope,0.63,100,0.63,0.48,0.15,0.04739952087402344
MagicTelescope,0.63,100,0.63,0.64,0.01,0.04742836952209473
MagicTelescope,0.68,100,0.68,0.6,0.08,0.03187990188598633
MagicTelescope,0.68,100,0.68,0.8,0.12,0.04694795608520508
MagicTelescope,0.68,100,0.68,0.7,0.02,0.0468599796295166
MagicTelescope,0.68,100,0.68,0.71,0.03,0.015251636505126953
MagicTelescope,0.68,100,0.68,0.74,0.06,0.01831674575805664
MagicTelescope,0.68,100,0.68,0.67,0.01,0.018239498138427734
MagicTelescope,0.68,100,0.68,0.84,0.16,0.016433000564575195
MagicTelescope,0.68,100,0.68,0.66,0.02,0.020157337188720703
MagicTelescope,0.68,100,0.68,0.64,0.04,0.019877910614013672
MagicTelescope,0.68,100,0.68,0.86,0.18,0.01711726188659668
MagicTelescope,0.74,100,0.74,0.76,0.02,0.013548612594604492
MagicTelescope,0.74,100,0.74,0.74,0.0,0.01069784164428711
MagicTelescope,0.74,100,0.74,0.62,0.12,0.009686946868896484
MagicTelescope,0.74,100,0.74,0.74,0.0,0.016358613967895508
MagicTelescope,0.74,100,0.74,0.62,0.12,0.02139902114868164
MagicTelescope,0.74,100,0.74,0.7,0.04,0.02421426773071289
MagicTelescope,0.74,100,0.74,0.71,0.03,0.015916824340820312
MagicTelescope,0.74,100,0.74,0.78,0.04,0.01710367202758789
MagicTelescope,0.74,100,0.74,0.7,0.04,0.01657557487487793
MagicTelescope,0.74,100,0.74,0.6,0.14,0.014951705932617188
MagicTelescope,0.79,100,0.79,0.92,0.13,0.016134262084960938
MagicTelescope,0.79,100,0.79,0.9,0.11,0.015441656112670898
MagicTelescope,0.79,100,0.79,0.85,0.06,0.014472007751464844
MagicTelescope,0.79,100,0.79,0.94,0.15,0.012032032012939453
MagicTelescope,0.79,100,0.79,0.84,0.05,0.015238523483276367
MagicTelescope,0.79,100,0.79,0.76,0.03,0.013354301452636719
MagicTelescope,0.79,100,0.79,0.87,0.08,0.0125885009765625
MagicTelescope,0.79,100,0.79,0.88,0.09,0.01810741424560547
MagicTelescope,0.79,100,0.79,0.81,0.02,0.014210224151611328
MagicTelescope,0.79,100,0.79,0.77,0.02,0.015190601348876953
MagicTelescope,0.84,100,0.84,0.82,0.02,0.01684117317199707
MagicTelescope,0.84,100,0.84,0.74,0.1,0.020110368728637695
MagicTelescope,0.84,100,0.84,0.81,0.03,0.013318538665771484
MagicTelescope,0.84,100,0.84,0.86,0.02,0.015882253646850586
MagicTelescope,0.84,100,0.84,0.96,0.12,0.014344215393066406
MagicTelescope,0.84,100,0.84,0.92,0.08,0.014099597930908203
MagicTelescope,0.84,100,0.84,0.83,0.01,0.015114784240722656
MagicTelescope,0.84,100,0.84,0.87,0.03,0.01731419563293457
MagicTelescope,0.84,100,0.84,0.65,0.19,0.01422429084777832
MagicTelescope,0.84,100,0.84,0.91,0.07,0.015229225158691406
MagicTelescope,0.89,100,0.89,1.0,0.11,0.013330936431884766
MagicTelescope,0.89,100,0.89,0.84,0.05,0.01232600212097168
MagicTelescope,0.89,100,0.89,0.84,0.05,0.015103340148925781
MagicTelescope,0.89,100,0.89,0.86,0.03,0.016047954559326172
MagicTelescope,0.89,100,0.89,0.96,0.07,0.014026165008544922
MagicTelescope,0.89,100,0.89,0.96,0.07,0.01393890380859375
MagicTelescope,0.89,100,0.89,0.84,0.05,0.011172294616699219
MagicTelescope,0.89,100,0.89,0.88,0.01,0.015255212783813477
MagicTelescope,0.89,100,0.89,0.76,0.13,0.012365579605102539
MagicTelescope,0.89,100,0.89,0.9,0.01,0.012293815612792969
MagicTelescope,0.95,100,0.95,0.92,0.03,0.01432943344116211
MagicTelescope,0.95,100,0.95,0.96,0.01,0.015643835067749023
MagicTelescope,0.95,100,0.95,1.0,0.05,0.01834845542907715
MagicTelescope,0.95,100,0.95,0.96,0.01,0.016122817993164062
MagicTelescope,0.95,100,0.95,0.94,0.01,0.014000415802001953
MagicTelescope,0.95,100,0.95,0.96,0.01,0.0149993896484375
MagicTelescope,0.95,100,0.95,1.0,0.05,0.014992713928222656
MagicTelescope,0.95,100,0.95,0.97,0.02,0.014993906021118164
MagicTelescope,0.95,100,0.95,1.0,0.05,0.014007091522216797
MagicTelescope,0.95,100,0.95,0.9,0.05,0.014998912811279297
MagicTelescope,1.0,100,1.0,0.98,0.02,0.014008283615112305
MagicTelescope,1.0,100,1.0,1.0,0.0,0.015003442764282227
MagicTelescope,1.0,100,1.0,1.0,0.0,0.013998985290527344
MagicTelescope,1.0,100,1.0,1.0,0.0,0.014995574951171875
MagicTelescope,1.0,100,1.0,0.96,0.04,0.015004396438598633
MagicTelescope,1.0,100,1.0,1.0,0.0,0.014187812805175781
MagicTelescope,1.0,100,1.0,1.0,0.0,0.013992547988891602
MagicTelescope,1.0,100,1.0,1.0,0.0,0.014020681381225586
MagicTelescope,1.0,100,1.0,1.0,0.0,0.06760263442993164
MagicTelescope,1.0,100,1.0,0.87,0.13,0.040999650955200195
page-blocks,0.0,100,0.0,0.0,0.0,0.04014945030212402
page-blocks,0.0,100,0.0,0.0,0.0,0.03853487968444824
page-blocks,0.0,100,0.0,0.0,0.0,0.08315300941467285
page-blocks,0.0,100,0.0,0.0,0.0,0.03700661659240723
page-blocks,0.0,100,0.0,0.0,0.0,0.040994882583618164
page-blocks,0.0,100,0.0,0.0,0.0,0.031066417694091797
page-blocks,0.0,100,0.0,0.0,0.0,0.03935885429382324
page-blocks,0.0,100,0.0,0.0,0.0,0.037999868392944336
page-blocks,0.0,100,0.0,0.0,0.0,0.039844512939453125
page-blocks,0.0,100,0.0,0.0,0.0,0.07999873161315918
page-blocks,0.05,100,0.05,0.0,0.05,0.042511701583862305
page-blocks,0.05,100,0.05,0.0,0.05,0.09105348587036133
page-blocks,0.05,100,0.05,0.0,0.05,0.05761575698852539
page-blocks,0.05,100,0.05,0.0,0.05,0.09375834465026855
page-blocks,0.05,100,0.05,0.0,0.05,0.031234264373779297
page-blocks,0.05,100,0.05,0.0,0.05,0.07810211181640625
page-blocks,0.05,100,0.05,0.0,0.05,0.046897172927856445
page-blocks,0.05,100,0.05,0.0,0.05,0.04700040817260742
page-blocks,0.05,100,0.05,0.0,0.05,0.04696369171142578
page-blocks,0.05,100,0.05,0.0,0.05,0.04736924171447754
page-blocks,0.11,100,0.11,0.0,0.11,0.03188204765319824
page-blocks,0.11,100,0.11,0.0,0.11,0.0313262939453125
page-blocks,0.11,100,0.11,0.08,0.03,0.03133225440979004
page-blocks,0.11,100,0.11,0.02,0.09,0.03188514709472656
page-blocks,0.11,100,0.11,0.0,0.11,0.031334877014160156
page-blocks,0.11,100,0.11,0.0,0.11,0.046953678131103516
page-blocks,0.11,100,0.11,0.0,0.11,0.0469212532043457
page-blocks,0.11,100,0.11,0.0,0.11,0.046958208084106445
page-blocks,0.11,100,0.11,0.02,0.09,0.03125476837158203
page-blocks,0.11,100,0.11,0.0,0.11,0.031778812408447266
page-blocks,0.16,100,0.16,0.02,0.14,0.04695439338684082
page-blocks,0.16,100,0.16,0.12,0.04,0.04694247245788574
page-blocks,0.16,100,0.16,0.03,0.13,0.03178739547729492
page-blocks,0.16,100,0.16,0.02,0.14,0.04743361473083496
page-blocks,0.16,100,0.16,0.05,0.11,0.04697299003601074
page-blocks,0.16,100,0.16,0.03,0.13,0.04687762260437012
page-blocks,0.16,100,0.16,0.11,0.05,0.04742884635925293
page-blocks,0.16,100,0.16,0.08,0.08,0.02728867530822754
page-blocks,0.16,100,0.16,0.1,0.06,0.04091215133666992
page-blocks,0.16,100,0.16,0.0,0.16,0.031374454498291016
page-blocks,0.21,100,0.21,0.0,0.21,0.04694366455078125
page-blocks,0.21,100,0.21,0.1,0.11,0.031282663345336914
page-blocks,0.21,100,0.21,0.13,0.08,0.046957969665527344
page-blocks,0.21,100,0.21,0.1,0.11,0.0468900203704834
page-blocks,0.21,100,0.21,0.13,0.08,0.04696464538574219
page-blocks,0.21,100,0.21,0.04,0.17,0.04686307907104492
page-blocks,0.21,100,0.21,0.09,0.12,0.03122091293334961
page-blocks,0.21,100,0.21,0.15,0.06,0.0474095344543457
page-blocks,0.21,100,0.21,0.02,0.19,0.04757976531982422
page-blocks,0.21,100,0.21,0.1,0.11,0.04695487022399902
page-blocks,0.26,100,0.26,0.1,0.16,0.031248092651367188
page-blocks,0.26,100,0.26,0.14,0.12,0.031748294830322266
page-blocks,0.26,100,0.26,0.14,0.12,0.030803680419921875
page-blocks,0.26,100,0.26,0.19,0.07,0.0313258171081543
page-blocks,0.26,100,0.26,0.06,0.2,0.031182050704956055
page-blocks,0.26,100,0.26,0.12,0.14,0.047334909439086914
page-blocks,0.26,100,0.26,0.1,0.16,0.03791308403015137
page-blocks,0.26,100,0.26,0.18,0.08,0.03186941146850586
page-blocks,0.26,100,0.26,0.21,0.05,0.04641103744506836
page-blocks,0.26,100,0.26,0.15,0.11,0.04642438888549805
page-blocks,0.32,100,0.32,0.15,0.17,0.04686856269836426
page-blocks,0.32,100,0.32,0.22,0.1,0.03883838653564453
page-blocks,0.32,100,0.32,0.3,0.02,0.03188180923461914
page-blocks,0.32,100,0.32,0.24,0.08,0.031246185302734375
page-blocks,0.32,100,0.32,0.18,0.14,0.04687166213989258
page-blocks,0.32,100,0.32,0.27,0.05,0.04697155952453613
page-blocks,0.32,100,0.32,0.2,0.12,0.03126120567321777
page-blocks,0.32,100,0.32,0.27,0.05,0.046936750411987305
page-blocks,0.32,100,0.32,0.25,0.07,0.048412322998046875
page-blocks,0.32,100,0.32,0.26,0.06,0.04737448692321777
page-blocks,0.37,100,0.37,0.29,0.08,0.04438948631286621
page-blocks,0.37,100,0.37,0.22,0.15,0.046942949295043945
page-blocks,0.37,100,0.37,0.3,0.07,0.04741787910461426
page-blocks,0.37,100,0.37,0.25,0.12,0.047419071197509766
page-blocks,0.37,100,0.37,0.36,0.01,0.031894683837890625
page-blocks,0.37,100,0.37,0.3,0.07,0.04695725440979004
page-blocks,0.37,100,0.37,0.24,0.13,0.04687786102294922
page-blocks,0.37,100,0.37,0.28,0.09,0.046826839447021484
page-blocks,0.37,100,0.37,0.26,0.11,0.031697750091552734
page-blocks,0.37,100,0.37,0.27,0.1,0.031873226165771484
page-blocks,0.42,100,0.42,0.41,0.01,0.04696512222290039
page-blocks,0.42,100,0.42,0.35,0.07,0.031252384185791016
page-blocks,0.42,100,0.42,0.32,0.1,0.04432058334350586
page-blocks,0.42,100,0.42,0.39,0.03,0.03186821937561035
page-blocks,0.42,100,0.42,0.35,0.07,0.03125286102294922
page-blocks,0.42,100,0.42,0.28,0.14,0.03124856948852539
page-blocks,0.42,100,0.42,0.32,0.1,0.031758785247802734
page-blocks,0.42,100,0.42,0.35,0.07,0.04241609573364258
page-blocks,0.42,100,0.42,0.28,0.14,0.0313410758972168
page-blocks,0.42,100,0.42,0.33,0.09,0.031179428100585938
page-blocks,0.47,100,0.47,0.35,0.12,0.04527640342712402
page-blocks,0.47,100,0.47,0.35,0.12,0.047515869140625
page-blocks,0.47,100,0.47,0.33,0.14,0.04749488830566406
page-blocks,0.47,100,0.47,0.34,0.13,0.031258344650268555
page-blocks,0.47,100,0.47,0.38,0.09,0.031147241592407227
page-blocks,0.47,100,0.47,0.44,0.03,0.04741716384887695
page-blocks,0.47,100,0.47,0.47,0.0,0.03191065788269043
page-blocks,0.47,100,0.47,0.38,0.09,0.031362295150756836
page-blocks,0.47,100,0.47,0.43,0.04,0.031239748001098633
page-blocks,0.47,100,0.47,0.34,0.13,0.047522783279418945
page-blocks,0.53,100,0.53,0.48,0.05,0.0312654972076416
page-blocks,0.53,100,0.53,0.5,0.03,0.03133416175842285
page-blocks,0.53,100,0.53,0.49,0.04,0.031230688095092773
page-blocks,0.53,100,0.53,0.49,0.04,0.047362565994262695
page-blocks,0.53,100,0.53,0.46,0.07,0.03892660140991211
page-blocks,0.53,100,0.53,0.45,0.08,0.04695582389831543
page-blocks,0.53,100,0.53,0.44,0.09,0.04687142372131348
page-blocks,0.53,100,0.53,0.44,0.09,0.031728506088256836
page-blocks,0.53,100,0.53,0.43,0.1,0.037834882736206055
page-blocks,0.53,100,0.53,0.37,0.16,0.03180360794067383
page-blocks,0.58,100,0.58,0.53,0.05,0.031240224838256836
page-blocks,0.58,100,0.58,0.48,0.1,0.046880483627319336
page-blocks,0.58,100,0.58,0.43,0.15,0.04686284065246582
page-blocks,0.58,100,0.58,0.48,0.1,0.032860755920410156
page-blocks,0.58,100,0.58,0.49,0.09,0.03179669380187988
page-blocks,0.58,100,0.58,0.57,0.01,0.03179001808166504
page-blocks,0.58,100,0.58,0.59,0.01,0.04696393013000488
page-blocks,0.58,100,0.58,0.54,0.04,0.04696536064147949
page-blocks,0.58,100,0.58,0.53,0.05,0.04680895805358887
page-blocks,0.58,100,0.58,0.57,0.01,0.031252384185791016
page-blocks,0.63,100,0.63,0.48,0.15,0.031746625900268555
page-blocks,0.63,100,0.63,0.66,0.03,0.032408714294433594
page-blocks,0.63,100,0.63,0.61,0.02,0.03180503845214844
page-blocks,0.63,100,0.63,0.55,0.08,0.029294967651367188
page-blocks,0.63,100,0.63,0.52,0.11,0.04441571235656738
page-blocks,0.63,100,0.63,0.58,0.05,0.04683732986450195
page-blocks,0.63,100,0.63,0.59,0.04,0.046878814697265625
page-blocks,0.63,100,0.63,0.59,0.04,0.04233384132385254
page-blocks,0.63,100,0.63,0.56,0.07,0.04742264747619629
page-blocks,0.63,100,0.63,0.63,0.0,0.03133749961853027
page-blocks,0.68,100,0.68,0.63,0.05,0.031247615814208984
page-blocks,0.68,100,0.68,0.63,0.05,0.031250953674316406
page-blocks,0.68,100,0.68,0.61,0.07,0.03584718704223633
page-blocks,0.68,100,0.68,0.61,0.07,0.04735445976257324
page-blocks,0.68,100,0.68,0.61,0.07,0.04745817184448242
page-blocks,0.68,100,0.68,0.6,0.08,0.031331539154052734
page-blocks,0.68,100,0.68,0.57,0.11,0.046964406967163086
page-blocks,0.68,100,0.68,0.62,0.06,0.046866655349731445
page-blocks,0.68,100,0.68,0.63,0.05,0.03124713897705078
page-blocks,0.68,100,0.68,0.61,0.07,0.04686880111694336
page-blocks,0.74,100,0.74,0.69,0.05,0.03179764747619629
page-blocks,0.74,100,0.74,0.67,0.07,0.047495365142822266
page-blocks,0.74,100,0.74,0.69,0.05,0.0313420295715332
page-blocks,0.74,100,0.74,0.69,0.05,0.03134036064147949
page-blocks,0.74,100,0.74,0.67,0.07,0.031243324279785156
page-blocks,0.74,100,0.74,0.7,0.04,0.031302452087402344
page-blocks,0.74,100,0.74,0.69,0.05,0.03679800033569336
page-blocks,0.74,100,0.74,0.7,0.04,0.03125333786010742
page-blocks,0.74,100,0.74,0.72,0.02,0.038826942443847656
page-blocks,0.74,100,0.74,0.7,0.04,0.039839982986450195
page-blocks,0.79,100,0.79,0.73,0.06,0.047395944595336914
page-blocks,0.79,100,0.79,0.71,0.08,0.031651973724365234
page-blocks,0.79,100,0.79,0.74,0.05,0.04756736755371094
page-blocks,0.79,100,0.79,0.78,0.01,0.031857967376708984
page-blocks,0.79,100,0.79,0.79,0.0,0.04696249961853027
page-blocks,0.79,100,0.79,0.75,0.04,0.03125190734863281
page-blocks,0.79,100,0.79,0.74,0.05,0.034264326095581055
page-blocks,0.79,100,0.79,0.74,0.05,0.03484463691711426
page-blocks,0.79,100,0.79,0.71,0.08,0.03181123733520508
page-blocks,0.79,100,0.79,0.78,0.01,0.031815290451049805
page-blocks,0.84,100,0.84,0.79,0.05,0.046967267990112305
page-blocks,0.84,100,0.84,0.79,0.05,0.046868324279785156
page-blocks,0.84,100,0.84,0.81,0.03,0.0317842960357666
page-blocks,0.84,100,0.84,0.85,0.01,0.04732847213745117
page-blocks,0.84,100,0.84,0.75,0.09,0.04735255241394043
page-blocks,0.84,100,0.84,0.75,0.09,0.031829833984375
page-blocks,0.84,100,0.84,0.79,0.05,0.02926802635192871
page-blocks,0.84,100,0.84,0.77,0.07,0.03133726119995117
page-blocks,0.84,100,0.84,0.88,0.04,0.046880245208740234
page-blocks,0.84,100,0.84,0.85,0.01,0.047261953353881836
page-blocks,0.89,100,0.89,0.84,0.05,0.03180360794067383
page-blocks,0.89,100,0.89,0.86,0.03,0.04759693145751953
page-blocks,0.89,100,0.89,0.85,0.04,0.031255245208740234
page-blocks,0.89,100,0.89,0.87,0.02,0.0317990779876709
page-blocks,0.89,100,0.89,0.86,0.03,0.04751896858215332
page-blocks,0.89,100,0.89,0.93,0.04,0.04491019248962402
page-blocks,0.89,100,0.89,0.88,0.01,0.04696178436279297
page-blocks,0.89,100,0.89,0.83,0.06,0.031267404556274414
page-blocks,0.89,100,0.89,0.88,0.01,0.03128838539123535
page-blocks,0.89,100,0.89,0.85,0.04,0.04687380790710449
page-blocks,0.95,100,0.95,0.97,0.02,0.04743146896362305
page-blocks,0.95,100,0.95,0.92,0.03,0.04748201370239258
page-blocks,0.95,100,0.95,0.92,0.03,0.031249523162841797
page-blocks,0.95,100,0.95,0.97,0.02,0.03757190704345703
page-blocks,0.95,100,0.95,0.97,0.02,0.031264305114746094
page-blocks,0.95,100,0.95,0.93,0.02,0.04690265655517578
page-blocks,0.95,100,0.95,0.92,0.03,0.046866416931152344
page-blocks,0.95,100,0.95,0.93,0.02,0.04734039306640625
page-blocks,0.95,100,0.95,0.92,0.03,0.031815528869628906
page-blocks,0.95,100,0.95,0.94,0.01,0.031337738037109375
page-blocks,1.0,100,1.0,1.0,0.0,0.03133678436279297
page-blocks,1.0,100,1.0,0.97,0.03,0.031176328659057617
page-blocks,1.0,100,1.0,1.0,0.0,0.031234264373779297
page-blocks,1.0,100,1.0,1.0,0.0,0.04690098762512207
page-blocks,1.0,100,1.0,0.98,0.02,0.04742765426635742
page-blocks,1.0,100,1.0,0.98,0.02,0.031331777572631836
page-blocks,1.0,100,1.0,1.0,0.0,0.031250953674316406
page-blocks,1.0,100,1.0,1.0,0.0,0.0468747615814209
page-blocks,1.0,100,1.0,1.0,0.0,0.03125429153442383
page-blocks,1.0,100,1.0,1.0,0.0,0.0468292236328125
php50jXam,0.0,100,0.0,0.0,0.0,0.031246662139892578
php50jXam,0.0,100,0.0,0.0,0.0,0.0474848747253418
php50jXam,0.0,100,0.0,0.01,0.01,0.031871795654296875
php50jXam,0.0,100,0.0,0.01,0.01,0.03188490867614746
php50jXam,0.0,100,0.0,0.0,0.0,0.04695844650268555
php50jXam,0.0,100,0.0,0.01,0.01,0.046872854232788086
php50jXam,0.0,100,0.0,0.0,0.0,0.0469052791595459
php50jXam,0.0,100,0.0,0.0,0.0,0.04742169380187988
php50jXam,0.0,100,0.0,0.0,0.0,0.047521114349365234
php50jXam,0.0,100,0.0,0.0,0.0,0.04695773124694824
php50jXam,0.05,100,0.05,0.05,0.0,0.046875953674316406
php50jXam,0.05,100,0.05,0.05,0.0,0.04688763618469238
php50jXam,0.05,100,0.05,0.05,0.0,0.0474238395690918
php50jXam,0.05,100,0.05,0.05,0.0,0.047414541244506836
php50jXam,0.05,100,0.05,0.06,0.01,0.031798601150512695
php50jXam,0.05,100,0.05,0.05,0.0,0.03187060356140137
php50jXam,0.05,100,0.05,0.06,0.01,0.04593157768249512
php50jXam,0.05,100,0.05,0.06,0.01,0.04695558547973633
php50jXam,0.05,100,0.05,0.06,0.01,0.04688310623168945
php50jXam,0.05,100,0.05,0.04,0.01,0.0338282585144043
php50jXam,0.11,100,0.11,0.11,0.0,0.047507524490356445
php50jXam,0.11,100,0.11,0.11,0.0,0.04688739776611328
php50jXam,0.11,100,0.11,0.11,0.0,0.031174182891845703
php50jXam,0.11,100,0.11,0.11,0.0,0.0337677001953125
php50jXam,0.11,100,0.11,0.1,0.01,0.04746890068054199
php50jXam,0.11,100,0.11,0.1,0.01,0.03179574012756348
php50jXam,0.11,100,0.11,0.1,0.01,0.04747462272644043
php50jXam,0.11,100,0.11,0.11,0.0,0.04751014709472656
php50jXam,0.11,100,0.11,0.11,0.0,0.03891897201538086
php50jXam,0.11,100,0.11,0.1,0.01,0.04695773124694824
php50jXam,0.16,100,0.16,0.17,0.01,0.03125572204589844
php50jXam,0.16,100,0.16,0.17,0.01,0.04700112342834473
php50jXam,0.16,100,0.16,0.16,0.0,0.04685354232788086
php50jXam,0.16,100,0.16,0.15,0.01,0.03689837455749512
php50jXam,0.16,100,0.16,0.17,0.01,0.03582501411437988
php50jXam,0.16,100,0.16,0.16,0.0,0.03180432319641113
php50jXam,0.16,100,0.16,0.15,0.01,0.03174734115600586
php50jXam,0.16,100,0.16,0.16,0.0,0.03582882881164551
php50jXam,0.16,100,0.16,0.16,0.0,0.0337526798248291
php50jXam,0.16,100,0.16,0.16,0.0,0.031809091567993164
php50jXam,0.21,100,0.21,0.2,0.01,0.031334638595581055
php50jXam,0.21,100,0.21,0.22,0.01,0.031330108642578125
php50jXam,0.21,100,0.21,0.22,0.01,0.046857357025146484
php50jXam,0.21,100,0.21,0.22,0.01,0.046881914138793945
php50jXam,0.21,100,0.21,0.22,0.01,0.046860456466674805
php50jXam,0.21,100,0.21,0.2,0.01,0.0474088191986084
php50jXam,0.21,100,0.21,0.22,0.01,0.047489166259765625
php50jXam,0.21,100,0.21,0.21,0.0,0.03641462326049805
php50jXam,0.21,100,0.21,0.22,0.01,0.03130340576171875
php50jXam,0.21,100,0.21,0.2,0.01,0.031250715255737305
php50jXam,0.26,100,0.26,0.27,0.01,0.03125786781311035
php50jXam,0.26,100,0.26,0.26,0.0,0.03125905990600586
php50jXam,0.26,100,0.26,0.27,0.01,0.04733538627624512
php50jXam,0.26,100,0.26,0.26,0.0,0.03187823295593262
php50jXam,0.26,100,0.26,0.27,0.01,0.04742074012756348
php50jXam,0.26,100,0.26,0.27,0.01,0.04342031478881836
php50jXam,0.26,100,0.26,0.26,0.0,0.03133249282836914
php50jXam,0.26,100,0.26,0.26,0.0,0.03133535385131836
php50jXam,0.26,100,0.26,0.28,0.02,0.03126025199890137
php50jXam,0.26,100,0.26,0.26,0.0,0.03124713897705078
php50jXam,0.32,100,0.32,0.33,0.01,0.03124833106994629
php50jXam,0.32,100,0.32,0.32,0.0,0.04740333557128906
php50jXam,0.32,100,0.32,0.32,0.0,0.031772613525390625
php50jXam,0.32,100,0.32,0.33,0.01,0.031336069107055664
php50jXam,0.32,100,0.32,0.33,0.01,0.046965837478637695
php50jXam,0.32,100,0.32,0.32,0.0,0.046930551528930664
php50jXam,0.32,100,0.32,0.33,0.01,0.046942949295043945
php50jXam,0.32,100,0.32,0.33,0.01,0.04687309265136719
php50jXam,0.32,100,0.32,0.31,0.01,0.04741835594177246
php50jXam,0.32,100,0.32,0.33,0.01,0.03179621696472168
php50jXam,0.37,100,0.37,0.37,0.0,0.0317995548248291
php50jXam,0.37,100,0.37,0.38,0.01,0.03186774253845215
php50jXam,0.37,100,0.37,0.37,0.0,0.03131294250488281
php50jXam,0.37,100,0.37,0.38,0.01,0.04741954803466797
php50jXam,0.37,100,0.37,0.37,0.0,0.03178572654724121
php50jXam,0.37,100,0.37,0.38,0.01,0.031804800033569336
php50jXam,0.37,100,0.37,0.37,0.0,0.04749631881713867
php50jXam,0.37,100,0.37,0.36,0.01,0.04241204261779785
php50jXam,0.37,100,0.37,0.37,0.0,0.03133535385131836
php50jXam,0.37,100,0.37,0.36,0.01,0.031235694885253906
php50jXam,0.42,100,0.42,0.42,0.0,0.04680156707763672
php50jXam,0.42,100,0.42,0.43,0.01,0.04687356948852539
php50jXam,0.42,100,0.42,0.44,0.02,0.047493934631347656
php50jXam,0.42,100,0.42,0.42,0.0,0.04688858985900879
php50jXam,0.42,100,0.42,0.42,0.0,0.0475006103515625
php50jXam,0.42,100,0.42,0.41,0.01,0.04733872413635254
php50jXam,0.42,100,0.42,0.42,0.0,0.04741811752319336
php50jXam,0.42,100,0.42,0.42,0.0,0.047362327575683594
php50jXam,0.42,100,0.42,0.42,0.0,0.0478053092956543
php50jXam,0.42,100,0.42,0.43,0.01,0.012187480926513672
php50jXam,0.47,100,0.47,0.47,0.0,0.012265920639038086
php50jXam,0.47,100,0.47,0.48,0.01,0.012142181396484375
php50jXam,0.47,100,0.47,0.48,0.01,0.012363672256469727
php50jXam,0.47,100,0.47,0.46,0.01,0.009635448455810547
php50jXam,0.47,100,0.47,0.46,0.01,0.017213821411132812
php50jXam,0.47,100,0.47,0.47,0.0,0.01209712028503418
php50jXam,0.47,100,0.47,0.46,0.01,0.012006759643554688
php50jXam,0.47,100,0.47,0.47,0.0,0.011759757995605469
php50jXam,0.47,100,0.47,0.46,0.01,0.01830887794494629
php50jXam,0.47,100,0.47,0.47,0.0,0.011942148208618164
php50jXam,0.53,100,0.53,0.55,0.02,0.012237310409545898
php50jXam,0.53,100,0.53,0.54,0.01,0.01845717430114746
php50jXam,0.53,100,0.53,0.52,0.01,0.017764568328857422
php50jXam,0.53,100,0.53,0.53,0.0,0.01171565055847168
php50jXam,0.53,100,0.53,0.54,0.01,0.014847517013549805
php50jXam,0.53,100,0.53,0.53,0.0,0.01818060874938965
php50jXam,0.53,100,0.53,0.54,0.01,0.018240690231323242
php50jXam,0.53,100,0.53,0.53,0.0,0.018396377563476562
php50jXam,0.53,100,0.53,0.54,0.01,0.012056827545166016
php50jXam,0.53,100,0.53,0.54,0.01,0.012146949768066406
php50jXam,0.58,100,0.58,0.57,0.01,0.01205897331237793
php50jXam,0.58,100,0.58,0.58,0.0,0.018340110778808594
php50jXam,0.58,100,0.58,0.59,0.01,0.015731096267700195
php50jXam,0.58,100,0.58,0.58,0.0,0.012072324752807617
php50jXam,0.58,100,0.58,0.6,0.02,0.012930631637573242
php50jXam,0.58,100,0.58,0.6,0.02,0.018065929412841797
php50jXam,0.58,100,0.58,0.57,0.01,0.013465642929077148
php50jXam,0.58,100,0.58,0.58,0.0,0.01208186149597168
php50jXam,0.58,100,0.58,0.59,0.01,0.018940210342407227
php50jXam,0.58,100,0.58,0.57,0.01,0.018268346786499023
php50jXam,0.63,100,0.63,0.64,0.01,0.012115955352783203
php50jXam,0.63,100,0.63,0.64,0.01,0.01169586181640625
php50jXam,0.63,100,0.63,0.63,0.0,0.018042802810668945
php50jXam,0.63,100,0.63,0.63,0.0,0.012477874755859375
php50jXam,0.63,100,0.63,0.63,0.0,0.014646291732788086
php50jXam,0.63,100,0.63,0.62,0.01,0.012123823165893555
php50jXam,0.63,100,0.63,0.64,0.01,0.014002561569213867
php50jXam,0.63,100,0.63,0.65,0.02,0.012221813201904297
php50jXam,0.63,100,0.63,0.63,0.0,0.018184185028076172
php50jXam,0.63,100,0.63,0.63,0.0,0.018056631088256836
php50jXam,0.68,100,0.68,0.68,0.0,0.01828455924987793
php50jXam,0.68,100,0.68,0.68,0.0,0.012168169021606445
php50jXam,0.68,100,0.68,0.67,0.01,0.012244462966918945
php50jXam,0.68,100,0.68,0.68,0.0,0.011981964111328125
php50jXam,0.68,100,0.68,0.67,0.01,0.011945962905883789
php50jXam,0.68,100,0.68,0.68,0.0,0.0187222957611084
php50jXam,0.68,100,0.68,0.69,0.01,0.014612913131713867
php50jXam,0.68,100,0.68,0.68,0.0,0.009618043899536133
php50jXam,0.68,100,0.68,0.67,0.01,0.01425480842590332
php50jXam,0.68,100,0.68,0.69,0.01,0.019946575164794922
php50jXam,0.74,100,0.74,0.74,0.0,0.017636537551879883
php50jXam,0.74,100,0.74,0.75,0.01,0.013573169708251953
php50jXam,0.74,100,0.74,0.76,0.02,0.014155387878417969
php50jXam,0.74,100,0.74,0.74,0.0,0.011990547180175781
php50jXam,0.74,100,0.74,0.74,0.0,0.018512964248657227
php50jXam,0.74,100,0.74,0.76,0.02,0.014695882797241211
php50jXam,0.74,100,0.74,0.74,0.0,0.014317989349365234
php50jXam,0.74,100,0.74,0.74,0.0,0.015213489532470703
php50jXam,0.74,100,0.74,0.74,0.0,0.0184783935546875
php50jXam,0.74,100,0.74,0.74,0.0,0.014205455780029297
php50jXam,0.79,100,0.79,0.79,0.0,0.009664058685302734
php50jXam,0.79,100,0.79,0.79,0.0,0.01710057258605957
php50jXam,0.79,100,0.79,0.79,0.0,0.018190860748291016
php50jXam,0.79,100,0.79,0.79,0.0,0.014548063278198242
php50jXam,0.79,100,0.79,0.79,0.0,0.010362386703491211
php50jXam,0.79,100,0.79,0.78,0.01,0.01468205451965332
php50jXam,0.79,100,0.79,0.79,0.0,0.012353181838989258
php50jXam,0.79,100,0.79,0.78,0.01,0.015067577362060547
php50jXam,0.79,100,0.79,0.79,0.0,0.014483213424682617
php50jXam,0.79,100,0.79,0.81,0.02,0.013198137283325195
php50jXam,0.84,100,0.84,0.85,0.01,0.009483098983764648
php50jXam,0.84,100,0.84,0.84,0.0,0.017732858657836914
php50jXam,0.84,100,0.84,0.85,0.01,0.014738082885742188
php50jXam,0.84,100,0.84,0.84,0.0,0.014171361923217773
php50jXam,0.84,100,0.84,0.85,0.01,0.01507115364074707
php50jXam,0.84,100,0.84,0.85,0.01,0.019078969955444336
php50jXam,0.84,100,0.84,0.85,0.01,0.012133121490478516
php50jXam,0.84,100,0.84,0.86,0.02,0.021120548248291016
php50jXam,0.84,100,0.84,0.86,0.02,0.022623777389526367
php50jXam,0.84,100,0.84,0.84,0.0,0.008918046951293945
php50jXam,0.89,100,0.89,0.9,0.01,0.012211084365844727
php50jXam,0.89,100,0.89,0.9,0.01,0.014698505401611328
php50jXam,0.89,100,0.89,0.89,0.0,0.011595964431762695
php50jXam,0.89,100,0.89,0.89,0.0,0.0235598087310791
php50jXam,0.89,100,0.89,0.9,0.01,0.020525693893432617
php50jXam,0.89,100,0.89,0.9,0.01,0.017586231231689453
php50jXam,0.89,100,0.89,0.91,0.02,0.01514577865600586
php50jXam,0.89,100,0.89,0.88,0.01,0.01163792610168457
php50jXam,0.89,100,0.89,0.9,0.01,0.011290550231933594
php50jXam,0.89,100,0.89,0.89,0.0,0.017561674118041992
php50jXam,0.95,100,0.95,0.95,0.0,0.01663064956665039
php50jXam,0.95,100,0.95,0.96,0.01,0.020029306411743164
php50jXam,0.95,100,0.95,0.96,0.01,0.015550613403320312
php50jXam,0.95,100,0.95,0.95,0.0,0.015002012252807617
php50jXam,0.95,100,0.95,0.96,0.01,0.01767444610595703
php50jXam,0.95,100,0.95,0.95,0.0,0.014560222625732422
php50jXam,0.95,100,0.95,0.95,0.0,0.010212898254394531
php50jXam,0.95,100,0.95,0.95,0.0,0.01817607879638672
php50jXam,0.95,100,0.95,0.95,0.0,0.010109901428222656
php50jXam,0.95,100,0.95,0.95,0.0,0.01424407958984375
php50jXam,1.0,100,1.0,1.0,0.0,0.014056682586669922
php50jXam,1.0,100,1.0,1.0,0.0,0.00877523422241211
php50jXam,1.0,100,1.0,1.0,0.0,0.018176555633544922
php50jXam,1.0,100,1.0,1.0,0.0,0.016527652740478516
php50jXam,1.0,100,1.0,1.0,0.0,0.017521142959594727
php50jXam,1.0,100,1.0,1.0,0.0,0.01818704605102539
php50jXam,1.0,100,1.0,1.0,0.0,0.012027502059936523
php50jXam,1.0,100,1.0,1.0,0.0,0.0181732177734375
php50jXam,1.0,100,1.0,1.0,0.0,0.016194581985473633
php50jXam,1.0,100,1.0,1.0,0.0,0.015068292617797852
phplE7q6h,0.0,100,0.0,0.5,0.5,0.015701770782470703
phplE7q6h,0.0,100,0.0,0.0,0.0,0.009690284729003906
phplE7q6h,0.0,100,0.0,0.0,0.0,0.009574413299560547
phplE7q6h,0.0,100,0.0,0.0,0.0,0.015411615371704102
phplE7q6h,0.0,100,0.0,0.0,0.0,0.015103340148925781
phplE7q6h,0.0,100,0.0,0.0,0.0,0.014113903045654297
phplE7q6h,0.0,100,0.0,0.2,0.2,0.014152765274047852
phplE7q6h,0.0,100,0.0,0.91,0.91,0.015581607818603516
phplE7q6h,0.0,100,0.0,0.0,0.0,0.02153635025024414
phplE7q6h,0.0,100,0.0,0.6,0.6,0.015237808227539062
phplE7q6h,0.05,100,0.05,0.36,0.31,0.014137983322143555
phplE7q6h,0.05,100,0.05,0.33,0.28,0.011604547500610352
phplE7q6h,0.05,100,0.05,0.0,0.05,0.01935434341430664
phplE7q6h,0.05,100,0.05,0.25,0.2,0.01702880859375
phplE7q6h,0.05,100,0.05,0.33,0.28,0.019086599349975586
phplE7q6h,0.05,100,0.05,0.0,0.05,0.014269113540649414
phplE7q6h,0.05,100,0.05,0.0,0.05,0.01422739028930664
phplE7q6h,0.05,100,0.05,0.29,0.24,0.014360666275024414
phplE7q6h,0.05,100,0.05,0.17,0.12,0.009501934051513672
phplE7q6h,0.05,100,0.05,0.75,0.7,0.005788326263427734
phplE7q6h,0.11,100,0.11,0.15,0.04,0.014667749404907227
phplE7q6h,0.11,100,0.11,0.73,0.62,0.01519918441772461
phplE7q6h,0.11,100,0.11,0.38,0.27,0.010578155517578125
phplE7q6h,0.11,100,0.11,0.5,0.39,0.013807058334350586
phplE7q6h,0.11,100,0.11,1.0,0.89,0.01251983642578125
phplE7q6h,0.11,100,0.11,0.5,0.39,0.01743936538696289
phplE7q6h,0.11,100,0.11,0.6,0.49,0.013646125793457031
phplE7q6h,0.11,100,0.11,0.5,0.39,0.014883041381835938
phplE7q6h,0.11,100,0.11,0.4,0.29,0.015078544616699219
phplE7q6h,0.11,100,0.11,0.2,0.09,0.021709442138671875
phplE7q6h,0.16,100,0.16,1.0,0.84,0.015324831008911133
phplE7q6h,0.16,100,0.16,0.5,0.34,0.014258623123168945
phplE7q6h,0.16,100,0.16,0.5,0.34,0.0146484375
phplE7q6h,0.16,100,0.16,0.5,0.34,0.015035867691040039
phplE7q6h,0.16,100,0.16,0.0,0.16,0.015045881271362305
phplE7q6h,0.16,100,0.16,0.67,0.51,0.004659891128540039
phplE7q6h,0.16,100,0.16,0.5,0.34,0.015067338943481445
phplE7q6h,0.16,100,0.16,1.0,0.84,0.02461385726928711
phplE7q6h,0.16,100,0.16,0.0,0.16,0.0242307186126709
phplE7q6h,0.16,100,0.16,0.5,0.34,0.015218496322631836
phplE7q6h,0.21,100,0.21,0.8,0.59,0.011861562728881836
phplE7q6h,0.21,100,0.21,0.5,0.29,0.019783735275268555
phplE7q6h,0.21,100,0.21,0.5,0.29,0.011868000030517578
phplE7q6h,0.21,100,0.21,0.53,0.32,0.009604454040527344
phplE7q6h,0.21,100,0.21,0.17,0.04,0.015566349029541016
phplE7q6h,0.21,100,0.21,0.13,0.08,0.014626502990722656
phplE7q6h,0.21,100,0.21,0.5,0.29,0.012035608291625977
phplE7q6h,0.21,100,0.21,0.0,0.21,0.01768779754638672
phplE7q6h,0.21,100,0.21,0.5,0.29,0.010779142379760742
phplE7q6h,0.21,100,0.21,0.5,0.29,0.014088153839111328
phplE7q6h,0.26,100,0.26,0.67,0.41,0.014382123947143555
phplE7q6h,0.26,100,0.26,0.0,0.26,0.01663684844970703
phplE7q6h,0.26,100,0.26,0.07,0.19,0.018184423446655273
phplE7q6h,0.26,100,0.26,0.08,0.18,0.005640506744384766
phplE7q6h,0.26,100,0.26,0.0,0.26,0.011387348175048828
phplE7q6h,0.26,100,0.26,1.0,0.74,0.015190362930297852
phplE7q6h,0.26,100,0.26,0.93,0.67,0.018511056900024414
phplE7q6h,0.26,100,0.26,0.25,0.01,0.017660140991210938
phplE7q6h,0.26,100,0.26,0.33,0.07,0.014728307723999023
phplE7q6h,0.26,100,0.26,0.86,0.6,0.021338939666748047
phplE7q6h,0.32,100,0.32,0.42,0.1,0.013177156448364258
phplE7q6h,0.32,100,0.32,0.5,0.18,0.010666370391845703
phplE7q6h,0.32,100,0.32,0.75,0.43,0.015350580215454102
phplE7q6h,0.32,100,0.32,0.6,0.28,0.010676145553588867
phplE7q6h,0.32,100,0.32,0.67,0.35,0.014928102493286133
phplE7q6h,0.32,100,0.32,0.4,0.08,0.01499795913696289
phplE7q6h,0.32,100,0.32,0.2,0.12,0.01761317253112793
phplE7q6h,0.32,100,0.32,0.47,0.15,0.016016483306884766
phplE7q6h,0.32,100,0.32,0.25,0.07,0.011526107788085938
phplE7q6h,0.32,100,0.32,0.8,0.48,0.01674509048461914
phplE7q6h,0.37,100,0.37,0.5,0.13,0.012054681777954102
phplE7q6h,0.37,100,0.37,0.6,0.23,0.01661992073059082
phplE7q6h,0.37,100,0.37,0.57,0.2,0.008449554443359375
phplE7q6h,0.37,100,0.37,0.9,0.53,0.007444143295288086
phplE7q6h,0.37,100,0.37,1.0,0.63,0.006075620651245117
phplE7q6h,0.37,100,0.37,0.5,0.13,0.008742094039916992
phplE7q6h,0.37,100,0.37,1.0,0.63,0.0014812946319580078
phplE7q6h,0.37,100,0.37,0.17,0.2,0.0027968883514404297
phplE7q6h,0.37,100,0.37,0.75,0.38,0.014351367950439453
phplE7q6h,0.37,100,0.37,1.0,0.63,0.007636070251464844
phplE7q6h,0.42,100,0.42,0.5,0.08,0.0005209445953369141
phplE7q6h,0.42,100,0.42,0.71,0.29,0.015081644058227539
phplE7q6h,0.42,100,0.42,1.0,0.58,0.014504194259643555
phplE7q6h,0.42,100,0.42,1.0,0.58,0.002578258514404297
phplE7q6h,0.42,100,0.42,0.5,0.08,0.01432943344116211
phplE7q6h,0.42,100,0.42,0.0,0.42,0.015078306198120117
phplE7q6h,0.42,100,0.42,0.5,0.08,0.018336057662963867
phplE7q6h,0.42,100,0.42,0.69,0.27,0.005562305450439453
phplE7q6h,0.42,100,0.42,1.0,0.58,0.020447731018066406
phplE7q6h,0.42,100,0.42,1.0,0.58,0.0277252197265625
phplE7q6h,0.47,100,0.47,0.5,0.03,0.02389073371887207
phplE7q6h,0.47,100,0.47,0.57,0.1,0.014221429824829102
phplE7q6h,0.47,100,0.47,0.5,0.03,0.02262735366821289
phplE7q6h,0.47,100,0.47,0.5,0.03,0.0
phplE7q6h,0.47,100,0.47,1.0,0.53,0.01064443588256836
phplE7q6h,0.47,100,0.47,0.5,0.03,0.0029306411743164062
phplE7q6h,0.47,100,0.47,1.0,0.53,0.02281951904296875
phplE7q6h,0.47,100,0.47,0.82,0.35,0.022660017013549805
phplE7q6h,0.47,100,0.47,1.0,0.53,0.010010719299316406
phplE7q6h,0.47,100,0.47,1.0,0.53,0.022572755813598633
phplE7q6h,0.53,100,0.53,0.3,0.23,0.015227794647216797
phplE7q6h,0.53,100,0.53,0.8,0.27,0.01487874984741211
phplE7q6h,0.53,100,0.53,1.0,0.47,0.007500171661376953
phplE7q6h,0.53,100,0.53,1.0,0.47,0.01446533203125
phplE7q6h,0.53,100,0.53,0.47,0.06,0.013042926788330078
phplE7q6h,0.53,100,0.53,1.0,0.47,0.021809816360473633
phplE7q6h,0.53,100,0.53,1.0,0.47,0.020738840103149414
phplE7q6h,0.53,100,0.53,1.0,0.47,0.013820409774780273
phplE7q6h,0.53,100,0.53,1.0,0.47,0.026762723922729492
phplE7q6h,0.53,100,0.53,0.86,0.33,0.015312433242797852
phplE7q6h,0.58,100,0.58,1.0,0.42,0.011835813522338867
phplE7q6h,0.58,100,0.58,1.0,0.42,0.02213001251220703
phplE7q6h,0.58,100,0.58,0.62,0.04,0.014096260070800781
phplE7q6h,0.58,100,0.58,1.0,0.42,0.01465153694152832
phplE7q6h,0.58,100,0.58,1.0,0.42,0.018899202346801758
phplE7q6h,0.58,100,0.58,1.0,0.42,0.015058755874633789
phplE7q6h,0.58,100,0.58,0.86,0.28,0.01803302764892578
phplE7q6h,0.58,100,0.58,1.0,0.42,0.00408482551574707
phplE7q6h,0.58,100,0.58,1.0,0.42,0.020653486251831055
phplE7q6h,0.58,100,0.58,1.0,0.42,0.012499332427978516
phplE7q6h,0.63,100,0.63,1.0,0.37,0.018271446228027344
phplE7q6h,0.63,100,0.63,0.0,0.63,0.012594223022460938
phplE7q6h,0.63,100,0.63,1.0,0.37,0.018129825592041016
phplE7q6h,0.63,100,0.63,0.83,0.2,0.012225151062011719
phplE7q6h,0.63,100,0.63,0.8,0.17,0.017735958099365234
phplE7q6h,0.63,100,0.63,0.99,0.36,0.015154361724853516
phplE7q6h,0.63,100,0.63,0.92,0.29,0.018301963806152344
phplE7q6h,0.63,100,0.63,0.7,0.07,0.018270254135131836
phplE7q6h,0.63,100,0.63,1.0,0.37,0.012036800384521484
phplE7q6h,0.63,100,0.63,0.67,0.04,0.018187761306762695
phplE7q6h,0.68,100,0.68,0.8,0.12,0.011936426162719727
phplE7q6h,0.68,100,0.68,1.0,0.32,0.012034416198730469
phplE7q6h,0.68,100,0.68,0.5,0.18,0.017691850662231445
phplE7q6h,0.68,100,0.68,0.1,0.58,0.012174606323242188
phplE7q6h,0.68,100,0.68,0.6,0.08,0.00962972640991211
phplE7q6h,0.68,100,0.68,1.0,0.32,0.019498348236083984
phplE7q6h,0.68,100,0.68,1.0,0.32,0.017590761184692383
phplE7q6h,0.68,100,0.68,1.0,0.32,0.015162229537963867
phplE7q6h,0.68,100,0.68,0.9,0.22,0.015306472778320312
phplE7q6h,0.68,100,0.68,0.67,0.01,0.014877080917358398
phplE7q6h,0.74,100,0.74,1.0,0.26,0.014161109924316406
phplE7q6h,0.74,100,0.74,1.0,0.26,0.01218724250793457
phplE7q6h,0.74,100,0.74,1.0,0.26,0.012068986892700195
phplE7q6h,0.74,100,0.74,0.8,0.06,0.014479875564575195
phplE7q6h,0.74,100,0.74,0.5,0.24,0.014696121215820312
phplE7q6h,0.74,100,0.74,1.0,0.26,0.0127410888671875
phplE7q6h,0.74,100,0.74,0.43,0.31,0.009633064270019531
phplE7q6h,0.74,100,0.74,1.0,0.26,0.012206792831420898
phplE7q6h,0.74,100,0.74,1.0,0.26,0.014989376068115234
phplE7q6h,0.74,100,0.74,0.73,0.01,0.016147375106811523
phplE7q6h,0.79,100,0.79,1.0,0.21,0.011220693588256836
phplE7q6h,0.79,100,0.79,1.0,0.21,0.014847517013549805
phplE7q6h,0.79,100,0.79,1.0,0.21,0.014458656311035156
phplE7q6h,0.79,100,0.79,1.0,0.21,0.014092445373535156
phplE7q6h,0.79,100,0.79,1.0,0.21,0.015074968338012695
phplE7q6h,0.79,100,0.79,1.0,0.21,0.017910480499267578
phplE7q6h,0.79,100,0.79,1.0,0.21,0.013252973556518555
phplE7q6h,0.79,100,0.79,1.0,0.21,0.012029170989990234
phplE7q6h,0.79,100,0.79,0.87,0.08,0.011912107467651367
phplE7q6h,0.79,100,0.79,0.83,0.04,0.014908552169799805
phplE7q6h,0.84,100,0.84,1.0,0.16,0.015003204345703125
phplE7q6h,0.84,100,0.84,1.0,0.16,0.01503443717956543
phplE7q6h,0.84,100,0.84,0.71,0.13,0.017911672592163086
phplE7q6h,0.84,100,0.84,1.0,0.16,0.016443729400634766
phplE7q6h,0.84,100,0.84,1.0,0.16,0.009440422058105469
phplE7q6h,0.84,100,0.84,0.8,0.04,0.014088630676269531
phplE7q6h,0.84,100,0.84,0.92,0.08,0.009472370147705078
phplE7q6h,0.84,100,0.84,0.8,0.04,0.014017820358276367
phplE7q6h,0.84,100,0.84,0.75,0.09,0.010251283645629883
phplE7q6h,0.84,100,0.84,0.5,0.34,0.0164186954498291
phplE7q6h,0.89,100,0.89,1.0,0.11,0.01601123809814453
phplE7q6h,0.89,100,0.89,1.0,0.11,0.0036115646362304688
phplE7q6h,0.89,100,0.89,0.67,0.22,0.014426946640014648
phplE7q6h,0.89,100,0.89,0.5,0.39,0.014489412307739258
phplE7q6h,0.89,100,0.89,1.0,0.11,0.009918689727783203
phplE7q6h,0.89,100,0.89,1.0,0.11,0.018718957901000977
phplE7q6h,0.89,100,0.89,1.0,0.11,0.01390385627746582
phplE7q6h,0.89,100,0.89,1.0,0.11,0.0151214599609375
phplE7q6h,0.89,100,0.89,1.0,0.11,0.015410184860229492
phplE7q6h,0.89,100,0.89,1.0,0.11,0.02429342269897461
phplE7q6h,0.95,100,0.95,0.93,0.02,0.009639501571655273
phplE7q6h,0.95,100,0.95,1.0,0.05,0.017966032028198242
phplE7q6h,0.95,100,0.95,1.0,0.05,0.01865673065185547
phplE7q6h,0.95,100,0.95,1.0,0.05,0.014267921447753906
phplE7q6h,0.95,100,0.95,0.71,0.24,0.019228696823120117
phplE7q6h,0.95,100,0.95,1.0,0.05,0.014273881912231445
phplE7q6h,0.95,100,0.95,1.0,0.05,0.01961374282836914
phplE7q6h,0.95,100,0.95,1.0,0.05,0.009792566299438477
phplE7q6h,0.95,100,0.95,1.0,0.05,0.015260457992553711
phplE7q6h,0.95,100,0.95,1.0,0.05,0.01540231704711914
phplE7q6h,1.0,100,1.0,1.0,0.0,0.018779516220092773
phplE7q6h,1.0,100,1.0,1.0,0.0,0.009823322296142578
phplE7q6h,1.0,100,1.0,1.0,0.0,0.015277385711669922
phplE7q6h,1.0,100,1.0,1.0,0.0,0.010040760040283203
phplE7q6h,1.0,100,1.0,0.75,0.25,0.014068841934204102
phplE7q6h,1.0,100,1.0,1.0,0.0,0.014085531234741211
phplE7q6h,1.0,100,1.0,1.0,0.0,0.014546871185302734
phplE7q6h,1.0,100,1.0,1.0,0.0,0.015773773193359375
phplE7q6h,1.0,100,1.0,1.0,0.0,0.01785755157470703
phplE7q6h,1.0,100,1.0,1.0,0.0,0.010704755783081055
phpWfYmlu,0.0,100,0.0,0.0,0.0,0.01498556137084961
phpWfYmlu,0.0,100,0.0,0.0,0.0,0.01503443717956543
phpWfYmlu,0.0,100,0.0,0.0,0.0,0.014322996139526367
phpWfYmlu,0.0,100,0.0,0.0,0.0,0.015228748321533203
phpWfYmlu,0.0,100,0.0,0.0,0.0,0.011564254760742188
phpWfYmlu,0.0,100,0.0,0.0,0.0,0.019196033477783203
phpWfYmlu,0.0,100,0.0,0.0,0.0,0.01126408576965332
phpWfYmlu,0.0,100,0.0,0.0,0.0,0.012701988220214844
phpWfYmlu,0.0,100,0.0,0.0,0.0,0.010728120803833008
phpWfYmlu,0.0,100,0.0,0.0,0.0,0.012085676193237305
phpWfYmlu,0.05,100,0.05,0.07,0.02,0.011788129806518555
phpWfYmlu,0.05,100,0.05,0.03,0.02,0.015074968338012695
phpWfYmlu,0.05,100,0.05,0.02,0.03,0.014268636703491211
phpWfYmlu,0.05,100,0.05,0.06,0.01,0.00918889045715332
phpWfYmlu,0.05,100,0.05,0.02,0.03,0.012891292572021484
phpWfYmlu,0.05,100,0.05,0.02,0.03,0.016417503356933594
phpWfYmlu,0.05,100,0.05,0.0,0.05,0.014465093612670898
phpWfYmlu,0.05,100,0.05,0.09,0.04,0.01551961898803711
phpWfYmlu,0.05,100,0.05,0.08,0.03,0.015149116516113281
phpWfYmlu,0.05,100,0.05,0.0,0.05,0.016690969467163086
phpWfYmlu,0.11,100,0.11,0.08,0.03,0.014689922332763672
phpWfYmlu,0.11,100,0.11,0.0,0.11,0.018512487411499023
phpWfYmlu,0.11,100,0.11,0.09,0.02,0.018158435821533203
phpWfYmlu,0.11,100,0.11,0.12,0.01,0.012196540832519531
phpWfYmlu,0.11,100,0.11,0.11,0.0,0.014394998550415039
phpWfYmlu,0.11,100,0.11,0.14,0.03,0.01384282112121582
phpWfYmlu,0.11,100,0.11,0.13,0.02,0.00966954231262207
phpWfYmlu,0.11,100,0.11,0.02,0.09,0.017483234405517578
phpWfYmlu,0.11,100,0.11,0.13,0.02,0.014180660247802734
phpWfYmlu,0.11,100,0.11,0.0,0.11,0.015104532241821289
phpWfYmlu,0.16,100,0.16,0.15,0.01,0.01407480239868164
phpWfYmlu,0.16,100,0.16,0.17,0.01,0.01500391960144043
phpWfYmlu,0.16,100,0.16,0.21,0.05,0.014238119125366211
phpWfYmlu,0.16,100,0.16,0.08,0.08,0.019002437591552734
phpWfYmlu,0.16,100,0.16,0.1,0.06,0.016053438186645508
phpWfYmlu,0.16,100,0.16,0.12,0.04,0.015311241149902344
phpWfYmlu,0.16,100,0.16,0.17,0.01,0.01125788688659668
phpWfYmlu,0.16,100,0.16,0.09,0.07,0.011533021926879883
phpWfYmlu,0.16,100,0.16,0.14,0.02,0.01218271255493164
phpWfYmlu,0.16,100,0.16,0.17,0.01,0.011862039566040039
phpWfYmlu,0.21,100,0.21,0.19,0.02,0.019208431243896484
phpWfYmlu,0.21,100,0.21,0.08,0.13,0.015082120895385742
phpWfYmlu,0.21,100,0.21,0.28,0.07,0.015072107315063477
phpWfYmlu,0.21,100,0.21,0.29,0.08,0.01515960693359375
phpWfYmlu,0.21,100,0.21,0.21,0.0,0.01198887825012207
phpWfYmlu,0.21,100,0.21,0.19,0.02,0.01774001121520996
phpWfYmlu,0.21,100,0.21,0.25,0.04,0.01818251609802246
phpWfYmlu,0.21,100,0.21,0.21,0.0,0.00904703140258789
phpWfYmlu,0.21,100,0.21,0.14,0.07,0.016777992248535156
phpWfYmlu,0.21,100,0.21,0.25,0.04,0.014060020446777344
phpWfYmlu,0.26,100,0.26,0.21,0.05,0.01781439781188965
phpWfYmlu,0.26,100,0.26,0.18,0.08,0.018122196197509766
phpWfYmlu,0.26,100,0.26,0.28,0.02,0.008678913116455078
phpWfYmlu,0.26,100,0.26,0.19,0.07,0.01816701889038086
phpWfYmlu,0.26,100,0.26,0.28,0.02,0.01593804359436035
phpWfYmlu,0.26,100,0.26,0.23,0.03,0.01082921028137207
phpWfYmlu,0.26,100,0.26,0.32,0.06,0.016691923141479492
phpWfYmlu,0.26,100,0.26,0.2,0.06,0.00712895393371582
phpWfYmlu,0.26,100,0.26,0.25,0.01,0.020639657974243164
phpWfYmlu,0.26,100,0.26,0.38,0.12,0.01513218879699707
phpWfYmlu,0.32,100,0.32,0.31,0.01,0.019119739532470703
phpWfYmlu,0.32,100,0.32,0.31,0.01,0.011661767959594727
phpWfYmlu,0.32,100,0.32,0.39,0.07,0.018265485763549805
phpWfYmlu,0.32,100,0.32,0.26,0.06,0.01518106460571289
phpWfYmlu,0.32,100,0.32,0.3,0.02,0.013220071792602539
phpWfYmlu,0.32,100,0.32,0.45,0.13,0.01593184471130371
phpWfYmlu,0.32,100,0.32,0.44,0.12,0.014145135879516602
phpWfYmlu,0.32,100,0.32,0.42,0.1,0.014845848083496094
phpWfYmlu,0.32,100,0.32,0.36,0.04,0.015099525451660156
phpWfYmlu,0.32,100,0.32,0.3,0.02,0.01413869857788086
phpWfYmlu,0.37,100,0.37,0.25,0.12,0.00872945785522461
phpWfYmlu,0.37,100,0.37,0.38,0.01,0.021479368209838867
phpWfYmlu,0.37,100,0.37,0.36,0.01,0.014203310012817383
phpWfYmlu,0.37,100,0.37,0.41,0.04,0.014106035232543945
phpWfYmlu,0.37,100,0.37,0.38,0.01,0.014315605163574219
phpWfYmlu,0.37,100,0.37,0.33,0.04,0.016022682189941406
phpWfYmlu,0.37,100,0.37,0.29,0.08,0.014705419540405273
phpWfYmlu,0.37,100,0.37,0.4,0.03,0.015113592147827148
phpWfYmlu,0.37,100,0.37,0.36,0.01,0.009238481521606445
phpWfYmlu,0.37,100,0.37,0.46,0.09,0.012089014053344727
phpWfYmlu,0.42,100,0.42,0.6,0.18,0.014676570892333984
phpWfYmlu,0.42,100,0.42,0.39,0.03,0.018781423568725586
phpWfYmlu,0.42,100,0.42,0.34,0.08,0.017554044723510742
phpWfYmlu,0.42,100,0.42,0.33,0.09,0.010476827621459961
phpWfYmlu,0.42,100,0.42,0.46,0.04,0.012272834777832031
phpWfYmlu,0.42,100,0.42,0.38,0.04,0.012085676193237305
phpWfYmlu,0.42,100,0.42,0.44,0.02,0.015663862228393555
phpWfYmlu,0.42,100,0.42,0.46,0.04,0.014628410339355469
phpWfYmlu,0.42,100,0.42,0.44,0.02,0.009681224822998047
phpWfYmlu,0.42,100,0.42,0.34,0.08,0.01798558235168457
phpWfYmlu,0.47,100,0.47,0.37,0.1,0.015113353729248047
phpWfYmlu,0.47,100,0.47,0.5,0.03,0.015184164047241211
phpWfYmlu,0.47,100,0.47,0.49,0.02,0.016095638275146484
phpWfYmlu,0.47,100,0.47,0.56,0.09,0.008770227432250977
phpWfYmlu,0.47,100,0.47,0.44,0.03,0.01246500015258789
phpWfYmlu,0.47,100,0.47,0.45,0.02,0.015524864196777344
phpWfYmlu,0.47,100,0.47,0.5,0.03,0.012144088745117188
phpWfYmlu,0.47,100,0.47,0.31,0.16,0.0182342529296875
phpWfYmlu,0.47,100,0.47,0.31,0.16,0.014426708221435547
phpWfYmlu,0.47,100,0.47,0.5,0.03,0.012300491333007812
phpWfYmlu,0.53,100,0.53,0.67,0.14,0.012635946273803711
phpWfYmlu,0.53,100,0.53,0.48,0.05,0.017487287521362305
phpWfYmlu,0.53,100,0.53,0.67,0.14,0.016608238220214844
phpWfYmlu,0.53,100,0.53,0.52,0.01,0.014543771743774414
phpWfYmlu,0.53,100,0.53,0.38,0.15,0.012339353561401367
phpWfYmlu,0.53,100,0.53,0.52,0.01,0.013683319091796875
phpWfYmlu,0.53,100,0.53,0.58,0.05,0.012593507766723633
phpWfYmlu,0.53,100,0.53,0.5,0.03,0.011839628219604492
phpWfYmlu,0.53,100,0.53,0.39,0.14,0.017459869384765625
phpWfYmlu,0.53,100,0.53,0.48,0.05,0.016520023345947266
phpWfYmlu,0.58,100,0.58,0.48,0.1,0.01421976089477539
phpWfYmlu,0.58,100,0.58,0.54,0.04,0.012784242630004883
phpWfYmlu,0.58,100,0.58,0.5,0.08,0.012220621109008789
phpWfYmlu,0.58,100,0.58,0.47,0.11,0.015326738357543945
phpWfYmlu,0.58,100,0.58,0.75,0.17,0.0097198486328125
phpWfYmlu,0.58,100,0.58,0.62,0.04,0.010362863540649414
phpWfYmlu,0.58,100,0.58,0.42,0.16,0.012258291244506836
phpWfYmlu,0.58,100,0.58,0.5,0.08,0.015203475952148438
phpWfYmlu,0.58,100,0.58,0.56,0.02,0.022903919219970703
phpWfYmlu,0.58,100,0.58,0.71,0.13,0.016031980514526367
phpWfYmlu,0.63,100,0.63,0.64,0.01,0.01868152618408203
phpWfYmlu,0.63,100,0.63,0.8,0.17,0.015066146850585938
phpWfYmlu,0.63,100,0.63,0.67,0.04,0.014333963394165039
phpWfYmlu,0.63,100,0.63,0.71,0.08,0.015937089920043945
phpWfYmlu,0.63,100,0.63,0.6,0.03,0.014179229736328125
phpWfYmlu,0.63,100,0.63,0.56,0.07,0.007633209228515625
phpWfYmlu,0.63,100,0.63,0.67,0.04,0.02161383628845215
phpWfYmlu,0.63,100,0.63,0.58,0.05,0.013885736465454102
phpWfYmlu,0.63,100,0.63,0.67,0.04,0.014725446701049805
phpWfYmlu,0.63,100,0.63,0.55,0.08,0.011381864547729492
phpWfYmlu,0.68,100,0.68,0.8,0.12,0.018288850784301758
phpWfYmlu,0.68,100,0.68,0.67,0.01,0.015207290649414062
phpWfYmlu,0.68,100,0.68,0.73,0.05,0.014087438583374023
phpWfYmlu,0.68,100,0.68,0.62,0.06,0.01771378517150879
phpWfYmlu,0.68,100,0.68,0.7,0.02,0.01791834831237793
phpWfYmlu,0.68,100,0.68,0.7,0.02,0.018183231353759766
phpWfYmlu,0.68,100,0.68,0.6,0.08,0.024300336837768555
phpWfYmlu,0.68,100,0.68,0.67,0.01,0.01762104034423828
phpWfYmlu,0.68,100,0.68,0.7,0.02,0.014637947082519531
phpWfYmlu,0.68,100,0.68,0.86,0.18,0.015403509140014648
phpWfYmlu,0.74,100,0.74,0.58,0.16,0.015103340148925781
phpWfYmlu,0.74,100,0.74,0.8,0.06,0.014420747756958008
phpWfYmlu,0.74,100,0.74,0.88,0.14,0.01621866226196289
phpWfYmlu,0.74,100,0.74,0.6,0.14,0.014288663864135742
phpWfYmlu,0.74,100,0.74,0.79,0.05,0.0169832706451416
phpWfYmlu,0.74,100,0.74,0.88,0.14,0.015300750732421875
phpWfYmlu,0.74,100,0.74,0.7,0.04,0.01399540901184082
phpWfYmlu,0.74,100,0.74,0.75,0.01,0.014080286026000977
phpWfYmlu,0.74,100,0.74,0.72,0.02,0.014409303665161133
phpWfYmlu,0.74,100,0.74,0.98,0.24,0.01500082015991211
phpWfYmlu,0.79,100,0.79,0.79,0.0,0.014834165573120117
phpWfYmlu,0.79,100,0.79,0.7,0.09,0.011531352996826172
phpWfYmlu,0.79,100,0.79,0.84,0.05,0.01764225959777832
phpWfYmlu,0.79,100,0.79,0.73,0.06,0.014634132385253906
phpWfYmlu,0.79,100,0.79,0.8,0.01,0.014589309692382812
phpWfYmlu,0.79,100,0.79,0.79,0.0,0.013931035995483398
phpWfYmlu,0.79,100,0.79,0.89,0.1,0.008830547332763672
phpWfYmlu,0.79,100,0.79,0.86,0.07,0.01842188835144043
phpWfYmlu,0.79,100,0.79,0.81,0.02,0.01212310791015625
phpWfYmlu,0.79,100,0.79,0.73,0.06,0.018318653106689453
phpWfYmlu,0.84,100,0.84,0.87,0.03,0.016039609909057617
phpWfYmlu,0.84,100,0.84,0.93,0.09,0.017974138259887695
phpWfYmlu,0.84,100,0.84,0.74,0.1,0.01739025115966797
phpWfYmlu,0.84,100,0.84,0.88,0.04,0.012678146362304688
phpWfYmlu,0.84,100,0.84,0.73,0.11,0.012285470962524414
phpWfYmlu,0.84,100,0.84,0.85,0.01,0.014362812042236328
phpWfYmlu,0.84,100,0.84,0.84,0.0,0.015218019485473633
phpWfYmlu,0.84,100,0.84,0.78,0.06,0.012148618698120117
phpWfYmlu,0.84,100,0.84,0.9,0.06,0.018009424209594727
phpWfYmlu,0.84,100,0.84,0.92,0.08,0.011167049407958984
phpWfYmlu,0.89,100,0.89,0.93,0.04,0.018080711364746094
phpWfYmlu,0.89,100,0.89,0.71,0.18,0.01565384864807129
phpWfYmlu,0.89,100,0.89,0.99,0.1,0.015056848526000977
phpWfYmlu,0.89,100,0.89,0.93,0.04,0.013100385665893555
phpWfYmlu,0.89,100,0.89,0.77,0.12,0.017549753189086914
phpWfYmlu,0.89,100,0.89,0.84,0.05,0.014737844467163086
phpWfYmlu,0.89,100,0.89,0.99,0.1,0.008828878402709961
phpWfYmlu,0.89,100,0.89,0.75,0.14,0.01405787467956543
phpWfYmlu,0.89,100,0.89,0.83,0.06,0.012363910675048828
phpWfYmlu,0.89,100,0.89,0.87,0.02,0.012322187423706055
phpWfYmlu,0.95,100,0.95,1.0,0.05,0.01614236831665039
phpWfYmlu,0.95,100,0.95,0.94,0.01,0.013784408569335938
phpWfYmlu,0.95,100,0.95,1.0,0.05,0.013987064361572266
phpWfYmlu,0.95,100,0.95,1.0,0.05,0.008674860000610352
phpWfYmlu,0.95,100,0.95,1.0,0.05,0.015267133712768555
phpWfYmlu,0.95,100,0.95,0.91,0.04,0.015519857406616211
phpWfYmlu,0.95,100,0.95,1.0,0.05,0.01703667640686035
phpWfYmlu,0.95,100,0.95,0.92,0.03,0.018181562423706055
phpWfYmlu,0.95,100,0.95,1.0,0.05,0.019591331481933594
phpWfYmlu,0.95,100,0.95,1.0,0.05,0.016556978225708008
phpWfYmlu,1.0,100,1.0,1.0,0.0,0.01795482635498047
phpWfYmlu,1.0,100,1.0,1.0,0.0,0.015648603439331055
phpWfYmlu,1.0,100,1.0,1.0,0.0,0.01519918441772461
phpWfYmlu,1.0,100,1.0,0.99,0.01,0.01392221450805664
phpWfYmlu,1.0,100,1.0,1.0,0.0,0.01493692398071289
phpWfYmlu,1.0,100,1.0,1.0,0.0,0.013239622116088867
phpWfYmlu,1.0,100,1.0,1.0,0.0,0.013331174850463867
phpWfYmlu,1.0,100,1.0,0.98,0.02,0.017685890197753906
phpWfYmlu,1.0,100,1.0,1.0,0.0,0.016562700271606445
phpWfYmlu,1.0,100,1.0,1.0,0.0,0.012800455093383789
phpwRjVjk,0.0,100,0.0,0.0,0.0,0.00808262825012207
phpwRjVjk,0.0,100,0.0,0.0,0.0,0.019020795822143555
phpwRjVjk,0.0,100,0.0,0.0,0.0,0.017435550689697266
phpwRjVjk,0.0,100,0.0,0.0,0.0,0.012917518615722656
phpwRjVjk,0.0,100,0.0,0.0,0.0,0.01795339584350586
phpwRjVjk,0.0,100,0.0,0.0,0.0,0.014550924301147461
phpwRjVjk,0.0,100,0.0,0.0,0.0,0.012430191040039062
phpwRjVjk,0.0,100,0.0,0.0,0.0,0.01219487190246582
phpwRjVjk,0.0,100,0.0,0.0,0.0,0.015096187591552734
phpwRjVjk,0.0,100,0.0,0.0,0.0,0.013986349105834961
phpwRjVjk,0.05,100,0.05,0.0,0.05,0.014794349670410156
phpwRjVjk,0.05,100,0.05,0.0,0.05,0.010408639907836914
phpwRjVjk,0.05,100,0.05,0.0,0.05,0.014798879623413086
phpwRjVjk,0.05,100,0.05,0.0,0.05,0.016954898834228516
phpwRjVjk,0.05,100,0.05,0.0,0.05,0.01455235481262207
phpwRjVjk,0.05,100,0.05,0.0,0.05,0.014030933380126953
phpwRjVjk,0.05,100,0.05,0.0,0.05,0.010130643844604492
phpwRjVjk,0.05,100,0.05,0.0,0.05,0.015067338943481445
phpwRjVjk,0.05,100,0.05,0.0,0.05,0.014173507690429688
phpwRjVjk,0.05,100,0.05,0.0,0.05,0.014173030853271484
phpwRjVjk,0.11,100,0.11,0.07,0.04,0.018187284469604492
phpwRjVjk,0.11,100,0.11,0.0,0.11,0.018482685089111328
phpwRjVjk,0.11,100,0.11,0.0,0.11,0.01519322395324707
phpwRjVjk,0.11,100,0.11,0.0,0.11,0.01488804817199707
phpwRjVjk,0.11,100,0.11,0.0,0.11,0.012321710586547852
phpwRjVjk,0.11,100,0.11,0.0,0.11,0.015072107315063477
phpwRjVjk,0.11,100,0.11,0.0,0.11,0.014200687408447266
phpwRjVjk,0.11,100,0.11,0.0,0.11,0.015191793441772461
phpwRjVjk,0.11,100,0.11,0.0,0.11,0.01445627212524414
phpwRjVjk,0.11,100,0.11,0.0,0.11,0.014197349548339844
phpwRjVjk,0.16,100,0.16,0.0,0.16,0.018609046936035156
phpwRjVjk,0.16,100,0.16,0.0,0.16,0.015567779541015625
phpwRjVjk,0.16,100,0.16,0.0,0.16,0.011789798736572266
phpwRjVjk,0.16,100,0.16,0.0,0.16,0.01224064826965332
phpwRjVjk,0.16,100,0.16,0.0,0.16,0.014595746994018555
phpwRjVjk,0.16,100,0.16,0.0,0.16,0.01875138282775879
phpwRjVjk,0.16,100,0.16,0.0,0.16,0.012603044509887695
phpwRjVjk,0.16,100,0.16,0.0,0.16,0.01932978630065918
phpwRjVjk,0.16,100,0.16,0.0,0.16,0.016070842742919922
phpwRjVjk,0.16,100,0.16,0.0,0.16,0.01593613624572754
phpwRjVjk,0.21,100,0.21,0.13,0.08,0.016432762145996094
phpwRjVjk,0.21,100,0.21,0.0,0.21,0.014278888702392578
phpwRjVjk,0.21,100,0.21,0.0,0.21,0.012918472290039062
phpwRjVjk,0.21,100,0.21,0.0,0.21,0.014336824417114258
phpwRjVjk,0.21,100,0.21,0.0,0.21,0.01766037940979004
phpwRjVjk,0.21,100,0.21,0.0,0.21,0.020688295364379883
phpwRjVjk,0.21,100,0.21,0.0,0.21,0.012521982192993164
phpwRjVjk,0.21,100,0.21,0.0,0.21,0.014969587326049805
phpwRjVjk,0.21,100,0.21,0.0,0.21,0.012231111526489258
phpwRjVjk,0.21,100,0.21,0.0,0.21,0.010885000228881836
phpwRjVjk,0.26,100,0.26,0.0,0.26,0.016061067581176758
phpwRjVjk,0.26,100,0.26,0.33,0.07,0.01113438606262207
phpwRjVjk,0.26,100,0.26,0.0,0.26,0.013104438781738281
phpwRjVjk,0.26,100,0.26,0.0,0.26,0.015741348266601562
phpwRjVjk,0.26,100,0.26,0.0,0.26,0.01540827751159668
phpwRjVjk,0.26,100,0.26,0.0,0.26,0.016541719436645508
phpwRjVjk,0.26,100,0.26,0.0,0.26,0.014030218124389648
phpwRjVjk,0.26,100,0.26,0.0,0.26,0.01461648941040039
phpwRjVjk,0.26,100,0.26,0.0,0.26,0.013962507247924805
phpwRjVjk,0.26,100,0.26,0.0,0.26,0.015609979629516602
phpwRjVjk,0.32,100,0.32,0.0,0.32,0.01428079605102539
phpwRjVjk,0.32,100,0.32,0.0,0.32,0.015334844589233398
phpwRjVjk,0.32,100,0.32,0.0,0.32,0.014814615249633789
phpwRjVjk,0.32,100,0.32,0.17,0.15,0.01542973518371582
phpwRjVjk,0.32,100,0.32,0.0,0.32,0.016634702682495117
phpwRjVjk,0.32,100,0.32,0.0,0.32,0.014095306396484375
phpwRjVjk,0.32,100,0.32,0.0,0.32,0.013614654541015625
phpwRjVjk,0.32,100,0.32,0.0,0.32,0.01515817642211914
phpwRjVjk,0.32,100,0.32,0.0,0.32,0.01488351821899414
phpwRjVjk,0.32,100,0.32,0.0,0.32,0.012606620788574219
phpwRjVjk,0.37,100,0.37,0.0,0.37,0.01407003402709961
phpwRjVjk,0.37,100,0.37,0.0,0.37,0.014847278594970703
phpwRjVjk,0.37,100,0.37,0.0,0.37,0.012388944625854492
phpwRjVjk,0.37,100,0.37,0.0,0.37,0.014039993286132812
phpwRjVjk,0.37,100,0.37,0.0,0.37,0.010799169540405273
phpwRjVjk,0.37,100,0.37,0.17,0.2,0.01805877685546875
phpwRjVjk,0.37,100,0.37,0.0,0.37,0.015574932098388672
phpwRjVjk,0.37,100,0.37,0.17,0.2,0.0025174617767333984
phpwRjVjk,0.37,100,0.37,0.5,0.13,0.01503753662109375
phpwRjVjk,0.37,100,0.37,0.0,0.37,0.011143684387207031
phpwRjVjk,0.42,100,0.42,0.46,0.04,0.01847386360168457
phpwRjVjk,0.42,100,0.42,0.24,0.18,0.014098882675170898
phpwRjVjk,0.42,100,0.42,0.06,0.36,0.014993906021118164
phpwRjVjk,0.42,100,0.42,0.0,0.42,0.012421846389770508
phpwRjVjk,0.42,100,0.42,0.0,0.42,0.01115870475769043
phpwRjVjk,0.42,100,0.42,0.0,0.42,0.01530766487121582
phpwRjVjk,0.42,100,0.42,0.17,0.25,0.01805853843688965
phpwRjVjk,0.42,100,0.42,0.17,0.25,0.014367818832397461
phpwRjVjk,0.42,100,0.42,0.0,0.42,0.01801013946533203
phpwRjVjk,0.42,100,0.42,0.33,0.09,0.010589122772216797
phpwRjVjk,0.47,100,0.47,0.5,0.03,0.015102148056030273
phpwRjVjk,0.47,100,0.47,0.25,0.22,0.010930299758911133
phpwRjVjk,0.47,100,0.47,0.0,0.47,0.014623641967773438
phpwRjVjk,0.47,100,0.47,0.0,0.47,0.014336585998535156
phpwRjVjk,0.47,100,0.47,0.25,0.22,0.01506948471069336
phpwRjVjk,0.47,100,0.47,0.0,0.47,0.016059398651123047
phpwRjVjk,0.47,100,0.47,0.0,0.47,0.015306949615478516
phpwRjVjk,0.47,100,0.47,0.2,0.27,0.017823219299316406
phpwRjVjk,0.47,100,0.47,0.47,0.0,0.016137361526489258
phpwRjVjk,0.47,100,0.47,0.4,0.07,0.015004396438598633
phpwRjVjk,0.53,100,0.53,0.0,0.53,0.010520219802856445
phpwRjVjk,0.53,100,0.53,0.2,0.33,0.012338638305664062
phpwRjVjk,0.53,100,0.53,0.33,0.2,0.018168926239013672
phpwRjVjk,0.53,100,0.53,0.25,0.28,0.01510930061340332
phpwRjVjk,0.53,100,0.53,0.0,0.53,0.014266490936279297
phpwRjVjk,0.53,100,0.53,0.0,0.53,0.014946222305297852
phpwRjVjk,0.53,100,0.53,0.0,0.53,0.018185138702392578
phpwRjVjk,0.53,100,0.53,0.4,0.13,0.010590076446533203
phpwRjVjk,0.53,100,0.53,0.33,0.2,0.008710861206054688
phpwRjVjk,0.53,100,0.53,0.33,0.2,0.015365839004516602
phpwRjVjk,0.58,100,0.58,0.33,0.25,0.012064456939697266
phpwRjVjk,0.58,100,0.58,0.5,0.08,0.01661229133605957
phpwRjVjk,0.58,100,0.58,0.17,0.41,0.015061378479003906
phpwRjVjk,0.58,100,0.58,0.0,0.58,0.017783403396606445
phpwRjVjk,0.58,100,0.58,0.33,0.25,0.014680147171020508
phpwRjVjk,0.58,100,0.58,0.25,0.33,0.013336896896362305
phpwRjVjk,0.58,100,0.58,0.33,0.25,0.01854705810546875
phpwRjVjk,0.58,100,0.58,0.0,0.58,0.010190486907958984
phpwRjVjk,0.58,100,0.58,0.25,0.33,0.013515949249267578
phpwRjVjk,0.58,100,0.58,0.33,0.25,0.009692192077636719
phpwRjVjk,0.63,100,0.63,0.5,0.13,0.023651123046875
phpwRjVjk,0.63,100,0.63,0.25,0.38,0.015642642974853516
phpwRjVjk,0.63,100,0.63,0.0,0.63,0.01888132095336914
phpwRjVjk,0.63,100,0.63,0.67,0.04,0.014976263046264648
phpwRjVjk,0.63,100,0.63,0.19,0.44,0.015282869338989258
phpwRjVjk,0.63,100,0.63,0.0,0.63,0.0038917064666748047
phpwRjVjk,0.63,100,0.63,0.5,0.13,0.003895282745361328
phpwRjVjk,0.63,100,0.63,0.0,0.63,0.015086650848388672
phpwRjVjk,0.63,100,0.63,0.0,0.63,0.016289710998535156
phpwRjVjk,0.63,100,0.63,0.4,0.23,0.015620231628417969
phpwRjVjk,0.68,100,0.68,0.17,0.51,0.012856006622314453
phpwRjVjk,0.68,100,0.68,0.0,0.68,0.010711193084716797
phpwRjVjk,0.68,100,0.68,0.32,0.36,0.018256425857543945
phpwRjVjk,0.68,100,0.68,0.0,0.68,0.013729095458984375
phpwRjVjk,0.68,100,0.68,0.5,0.18,0.017260313034057617
phpwRjVjk,0.68,100,0.68,0.4,0.28,0.0123291015625
phpwRjVjk,0.68,100,0.68,0.33,0.35,0.015775680541992188
phpwRjVjk,0.68,100,0.68,0.44,0.24,0.014319419860839844
phpwRjVjk,0.68,100,0.68,0.4,0.28,0.018825769424438477
phpwRjVjk,0.68,100,0.68,0.5,0.18,0.011734485626220703
phpwRjVjk,0.74,100,0.74,0.62,0.12,0.015635967254638672
phpwRjVjk,0.74,100,0.74,0.4,0.34,0.015706777572631836
phpwRjVjk,0.74,100,0.74,0.33,0.41,0.015715360641479492
phpwRjVjk,0.74,100,0.74,0.5,0.24,0.01508641242980957
phpwRjVjk,0.74,100,0.74,0.0,0.74,0.024157047271728516
phpwRjVjk,0.74,100,0.74,0.0,0.74,0.015616655349731445
phpwRjVjk,0.74,100,0.74,0.17,0.57,0.01804947853088379
phpwRjVjk,0.74,100,0.74,0.33,0.41,0.005108833312988281
phpwRjVjk,0.74,100,0.74,0.0,0.74,0.015717744827270508
phpwRjVjk,0.74,100,0.74,0.67,0.07,0.015738248825073242
phpwRjVjk,0.79,100,0.79,0.33,0.46,0.016180753707885742
phpwRjVjk,0.79,100,0.79,0.0,0.79,0.015633106231689453
phpwRjVjk,0.79,100,0.79,0.5,0.29,0.0
phpwRjVjk,0.79,100,0.79,0.4,0.39,0.016162395477294922
phpwRjVjk,0.79,100,0.79,0.0,0.79,0.015716552734375
phpwRjVjk,0.79,100,0.79,0.62,0.17,0.01389932632446289
phpwRjVjk,0.79,100,0.79,0.25,0.54,0.012582778930664062
phpwRjVjk,0.79,100,0.79,0.5,0.29,0.013887166976928711
phpwRjVjk,0.79,100,0.79,0.0,0.79,0.01058650016784668
phpwRjVjk,0.79,100,0.79,0.5,0.29,0.01490640640258789
phpwRjVjk,0.84,100,0.84,0.5,0.34,0.013701200485229492
phpwRjVjk,0.84,100,0.84,0.5,0.34,0.018687963485717773
phpwRjVjk,0.84,100,0.84,0.5,0.34,0.015274286270141602
phpwRjVjk,0.84,100,0.84,0.75,0.09,0.01151275634765625
phpwRjVjk,0.84,100,0.84,0.54,0.3,0.011504888534545898
phpwRjVjk,0.84,100,0.84,0.13,0.71,0.015695571899414062
phpwRjVjk,0.84,100,0.84,0.5,0.34,0.01436758041381836
phpwRjVjk,0.84,100,0.84,0.0,0.84,0.01420283317565918
phpwRjVjk,0.84,100,0.84,0.47,0.37,0.01794290542602539
phpwRjVjk,0.84,100,0.84,0.5,0.34,0.015585660934448242
phpwRjVjk,0.89,100,0.89,0.83,0.06,0.013605356216430664
phpwRjVjk,0.89,100,0.89,0.27,0.62,0.009572267532348633
phpwRjVjk,0.89,100,0.89,0.25,0.64,0.011365652084350586
phpwRjVjk,0.89,100,0.89,0.4,0.49,0.018205642700195312
phpwRjVjk,0.89,100,0.89,0.62,0.27,0.012507200241088867
phpwRjVjk,0.89,100,0.89,0.0,0.89,0.01186513900756836
phpwRjVjk,0.89,100,0.89,0.33,0.56,0.011900663375854492
phpwRjVjk,0.89,100,0.89,0.67,0.22,0.018265962600708008
phpwRjVjk,0.89,100,0.89,0.5,0.39,0.018169164657592773
phpwRjVjk,0.89,100,0.89,0.53,0.36,0.012126922607421875
phpwRjVjk,0.95,100,0.95,0.83,0.12,0.012235403060913086
phpwRjVjk,0.95,100,0.95,0.5,0.45,0.018189191818237305
phpwRjVjk,0.95,100,0.95,0.5,0.45,0.018187761306762695
phpwRjVjk,0.95,100,0.95,0.25,0.7,0.012218713760375977
phpwRjVjk,0.95,100,0.95,0.8,0.15,0.012299299240112305
phpwRjVjk,0.95,100,0.95,0.8,0.15,0.018259525299072266
phpwRjVjk,0.95,100,0.95,0.5,0.45,0.012126684188842773
phpwRjVjk,0.95,100,0.95,0.6,0.35,0.011994600296020508
phpwRjVjk,0.95,100,0.95,0.69,0.26,0.01149296760559082
phpwRjVjk,0.95,100,0.95,0.47,0.48,0.012223005294799805
phpwRjVjk,1.0,100,1.0,0.33,0.67,0.012668609619140625
phpwRjVjk,1.0,100,1.0,0.5,0.5,0.012195348739624023
phpwRjVjk,1.0,100,1.0,0.8,0.2,0.017978668212890625
phpwRjVjk,1.0,100,1.0,0.5,0.5,0.01204538345336914
phpwRjVjk,1.0,100,1.0,0.67,0.33,0.015182971954345703
phpwRjVjk,1.0,100,1.0,0.5,0.5,0.012161970138549805
phpwRjVjk,1.0,100,1.0,0.5,0.5,0.012128591537475586
phpwRjVjk,1.0,100,1.0,0.83,0.17,0.012309551239013672
phpwRjVjk,1.0,100,1.0,0.53,0.47,0.012307405471801758
phpwRjVjk,1.0,100,1.0,0.73,0.27,0.012033939361572266
phpxijhaP,0.0,100,0.0,0.01,0.01,0.018606901168823242
phpxijhaP,0.0,100,0.0,0.0,0.0,0.011792421340942383
phpxijhaP,0.0,100,0.0,0.0,0.0,0.01298975944519043
phpxijhaP,0.0,100,0.0,0.0,0.0,0.014423131942749023
phpxijhaP,0.0,100,0.0,0.0,0.0,0.018097877502441406
phpxijhaP,0.0,100,0.0,0.0,0.0,0.014252424240112305
phpxijhaP,0.0,100,0.0,0.01,0.01,0.011970043182373047
phpxijhaP,0.0,100,0.0,0.0,0.0,0.014330625534057617
phpxijhaP,0.0,100,0.0,0.01,0.01,0.012057304382324219
phpxijhaP,0.0,100,0.0,0.01,0.01,0.015811681747436523
phpxijhaP,0.05,100,0.05,0.04,0.01,0.014698982238769531
phpxijhaP,0.05,100,0.05,0.04,0.01,0.017912626266479492
phpxijhaP,0.05,100,0.05,0.05,0.0,0.008745670318603516
phpxijhaP,0.05,100,0.05,0.04,0.01,0.011415481567382812
phpxijhaP,0.05,100,0.05,0.05,0.0,0.014070749282836914
phpxijhaP,0.05,100,0.05,0.04,0.01,0.011319160461425781
phpxijhaP,0.05,100,0.05,0.06,0.01,0.013283729553222656
phpxijhaP,0.05,100,0.05,0.04,0.01,0.016757488250732422
phpxijhaP,0.05,100,0.05,0.04,0.01,0.015095233917236328
phpxijhaP,0.05,100,0.05,0.06,0.01,0.011629581451416016
phpxijhaP,0.11,100,0.11,0.1,0.01,0.013313055038452148
phpxijhaP,0.11,100,0.11,0.11,0.0,0.012120723724365234
phpxijhaP,0.11,100,0.11,0.12,0.01,0.01652812957763672
phpxijhaP,0.11,100,0.11,0.12,0.01,0.015368461608886719
phpxijhaP,0.11,100,0.11,0.09,0.02,0.01236724853515625
phpxijhaP,0.11,100,0.11,0.12,0.01,0.01430964469909668
phpxijhaP,0.11,100,0.11,0.1,0.01,0.014038324356079102
phpxijhaP,0.11,100,0.11,0.11,0.0,0.012675285339355469
phpxijhaP,0.11,100,0.11,0.12,0.01,0.012112855911254883
phpxijhaP,0.11,100,0.11,0.12,0.01,0.014148950576782227
phpxijhaP,0.16,100,0.16,0.16,0.0,0.012662649154663086
phpxijhaP,0.16,100,0.16,0.17,0.01,0.020118236541748047
phpxijhaP,0.16,100,0.16,0.18,0.02,0.014066696166992188
phpxijhaP,0.16,100,0.16,0.16,0.0,0.014162063598632812
phpxijhaP,0.16,100,0.16,0.14,0.02,0.012102842330932617
phpxijhaP,0.16,100,0.16,0.15,0.01,0.015868186950683594
phpxijhaP,0.16,100,0.16,0.15,0.01,0.011827707290649414
phpxijhaP,0.16,100,0.16,0.19,0.03,0.010619163513183594
phpxijhaP,0.16,100,0.16,0.17,0.01,0.017827749252319336
phpxijhaP,0.16,100,0.16,0.17,0.01,0.014868974685668945
phpxijhaP,0.21,100,0.21,0.2,0.01,0.010718107223510742
phpxijhaP,0.21,100,0.21,0.2,0.01,0.018203258514404297
phpxijhaP,0.21,100,0.21,0.2,0.01,0.017673015594482422
phpxijhaP,0.21,100,0.21,0.21,0.0,0.01514124870300293
phpxijhaP,0.21,100,0.21,0.21,0.0,0.011391162872314453
phpxijhaP,0.21,100,0.21,0.21,0.0,0.018330812454223633
phpxijhaP,0.21,100,0.21,0.2,0.01,0.014684438705444336
phpxijhaP,0.21,100,0.21,0.22,0.01,0.011857271194458008
phpxijhaP,0.21,100,0.21,0.2,0.01,0.012108087539672852
phpxijhaP,0.21,100,0.21,0.2,0.01,0.014202594757080078
phpxijhaP,0.26,100,0.26,0.27,0.01,0.01450204849243164
phpxijhaP,0.26,100,0.26,0.24,0.02,0.014694690704345703
phpxijhaP,0.26,100,0.26,0.25,0.01,0.012552976608276367
phpxijhaP,0.26,100,0.26,0.27,0.01,0.014970064163208008
phpxijhaP,0.26,100,0.26,0.25,0.01,0.015996456146240234
phpxijhaP,0.26,100,0.26,0.25,0.01,0.018130779266357422
phpxijhaP,0.26,100,0.26,0.26,0.0,0.014223337173461914
phpxijhaP,0.26,100,0.26,0.24,0.02,0.015266180038452148
phpxijhaP,0.26,100,0.26,0.26,0.0,0.013645410537719727
phpxijhaP,0.26,100,0.26,0.27,0.01,0.015441417694091797
phpxijhaP,0.32,100,0.32,0.33,0.01,0.014261722564697266
phpxijhaP,0.32,100,0.32,0.32,0.0,0.01273655891418457
phpxijhaP,0.32,100,0.32,0.3,0.02,0.013975858688354492
phpxijhaP,0.32,100,0.32,0.31,0.01,0.01810622215270996
phpxijhaP,0.32,100,0.32,0.31,0.01,0.014598369598388672
phpxijhaP,0.32,100,0.32,0.33,0.01,0.012579679489135742
phpxijhaP,0.32,100,0.32,0.34,0.02,0.012924909591674805
phpxijhaP,0.32,100,0.32,0.32,0.0,0.016147375106811523
phpxijhaP,0.32,100,0.32,0.31,0.01,0.014159440994262695
phpxijhaP,0.32,100,0.32,0.3,0.02,0.00867605209350586
phpxijhaP,0.37,100,0.37,0.39,0.02,0.018204689025878906
phpxijhaP,0.37,100,0.37,0.36,0.01,0.014207839965820312
phpxijhaP,0.37,100,0.37,0.36,0.01,0.014971494674682617
phpxijhaP,0.37,100,0.37,0.36,0.01,0.016096830368041992
phpxijhaP,0.37,100,0.37,0.36,0.01,0.013538360595703125
phpxijhaP,0.37,100,0.37,0.37,0.0,0.0181882381439209
phpxijhaP,0.37,100,0.37,0.39,0.02,0.018747329711914062
phpxijhaP,0.37,100,0.37,0.36,0.01,0.012639760971069336
phpxijhaP,0.37,100,0.37,0.39,0.02,0.012141227722167969
phpxijhaP,0.37,100,0.37,0.35,0.02,0.01820516586303711
phpxijhaP,0.42,100,0.42,0.45,0.03,0.014385223388671875
phpxijhaP,0.42,100,0.42,0.41,0.01,0.015146970748901367
phpxijhaP,0.42,100,0.42,0.42,0.0,0.015014171600341797
phpxijhaP,0.42,100,0.42,0.43,0.01,0.016588211059570312
phpxijhaP,0.42,100,0.42,0.41,0.01,0.014127731323242188
phpxijhaP,0.42,100,0.42,0.42,0.0,0.017716169357299805
phpxijhaP,0.42,100,0.42,0.42,0.0,0.014670133590698242
phpxijhaP,0.42,100,0.42,0.43,0.01,0.011200666427612305
phpxijhaP,0.42,100,0.42,0.4,0.02,0.017954111099243164
phpxijhaP,0.42,100,0.42,0.39,0.03,0.015482187271118164
phpxijhaP,0.47,100,0.47,0.45,0.02,0.014710664749145508
phpxijhaP,0.47,100,0.47,0.46,0.01,0.014308929443359375
phpxijhaP,0.47,100,0.47,0.46,0.01,0.01431131362915039
phpxijhaP,0.47,100,0.47,0.46,0.01,0.01488351821899414
phpxijhaP,0.47,100,0.47,0.46,0.01,0.017621278762817383
phpxijhaP,0.47,100,0.47,0.47,0.0,0.014249563217163086
phpxijhaP,0.47,100,0.47,0.46,0.01,0.01270437240600586
phpxijhaP,0.47,100,0.47,0.48,0.01,0.01216888427734375
phpxijhaP,0.47,100,0.47,0.46,0.01,0.016027450561523438
phpxijhaP,0.47,100,0.47,0.46,0.01,0.014629840850830078
phpxijhaP,0.53,100,0.53,0.52,0.01,0.015782594680786133
phpxijhaP,0.53,100,0.53,0.54,0.01,0.012147665023803711
phpxijhaP,0.53,100,0.53,0.55,0.02,0.013467073440551758
phpxijhaP,0.53,100,0.53,0.52,0.01,0.008775711059570312
phpxijhaP,0.53,100,0.53,0.53,0.0,0.01413583755493164
phpxijhaP,0.53,100,0.53,0.49,0.04,0.00960087776184082
phpxijhaP,0.53,100,0.53,0.54,0.01,0.013091802597045898
phpxijhaP,0.53,100,0.53,0.54,0.01,0.013513565063476562
phpxijhaP,0.53,100,0.53,0.52,0.01,0.015587568283081055
phpxijhaP,0.53,100,0.53,0.53,0.0,0.014658212661743164
phpxijhaP,0.58,100,0.58,0.57,0.01,0.012151002883911133
phpxijhaP,0.58,100,0.58,0.57,0.01,0.010927677154541016
phpxijhaP,0.58,100,0.58,0.6,0.02,0.014975309371948242
phpxijhaP,0.58,100,0.58,0.59,0.01,0.014328479766845703
phpxijhaP,0.58,100,0.58,0.56,0.02,0.01805424690246582
phpxijhaP,0.58,100,0.58,0.59,0.01,0.014528512954711914
phpxijhaP,0.58,100,0.58,0.59,0.01,0.015130996704101562
phpxijhaP,0.58,100,0.58,0.59,0.01,0.0036983489990234375
phpxijhaP,0.58,100,0.58,0.61,0.03,0.015354633331298828
phpxijhaP,0.58,100,0.58,0.58,0.0,0.016556739807128906
phpxijhaP,0.63,100,0.63,0.6,0.03,0.004617452621459961
phpxijhaP,0.63,100,0.63,0.64,0.01,0.011263370513916016
phpxijhaP,0.63,100,0.63,0.61,0.02,0.01077127456665039
phpxijhaP,0.63,100,0.63,0.64,0.01,0.01459956169128418
phpxijhaP,0.63,100,0.63,0.65,0.02,0.01535797119140625
phpxijhaP,0.63,100,0.63,0.63,0.0,0.009913206100463867
phpxijhaP,0.63,100,0.63,0.64,0.01,0.01754617691040039
phpxijhaP,0.63,100,0.63,0.63,0.0,0.018601179122924805
phpxijhaP,0.63,100,0.63,0.62,0.01,0.019824743270874023
phpxijhaP,0.63,100,0.63,0.63,0.0,0.013843297958374023
phpxijhaP,0.68,100,0.68,0.68,0.0,0.015518665313720703
phpxijhaP,0.68,100,0.68,0.71,0.03,0.01798081398010254
phpxijhaP,0.68,100,0.68,0.67,0.01,0.014939546585083008
phpxijhaP,0.68,100,0.68,0.68,0.0,0.0166780948638916
phpxijhaP,0.68,100,0.68,0.67,0.01,0.017546892166137695
phpxijhaP,0.68,100,0.68,0.68,0.0,0.019576549530029297
phpxijhaP,0.68,100,0.68,0.68,0.0,0.014290094375610352
phpxijhaP,0.68,100,0.68,0.68,0.0,0.011648416519165039
phpxijhaP,0.68,100,0.68,0.66,0.02,0.015640974044799805
phpxijhaP,0.68,100,0.68,0.66,0.02,0.011855840682983398
phpxijhaP,0.74,100,0.74,0.76,0.02,0.015058755874633789
phpxijhaP,0.74,100,0.74,0.75,0.01,0.0154571533203125
phpxijhaP,0.74,100,0.74,0.73,0.01,0.012270212173461914
phpxijhaP,0.74,100,0.74,0.75,0.01,0.01903247833251953
phpxijhaP,0.74,100,0.74,0.74,0.0,0.013153314590454102
phpxijhaP,0.74,100,0.74,0.74,0.0,0.014586925506591797
phpxijhaP,0.74,100,0.74,0.73,0.01,0.009534597396850586
phpxijhaP,0.74,100,0.74,0.73,0.01,0.01889777183532715
phpxijhaP,0.74,100,0.74,0.73,0.01,0.017676830291748047
phpxijhaP,0.74,100,0.74,0.75,0.01,0.017646074295043945
phpxijhaP,0.79,100,0.79,0.8,0.01,0.019013404846191406
phpxijhaP,0.79,100,0.79,0.8,0.01,0.01715874671936035
phpxijhaP,0.79,100,0.79,0.8,0.01,0.01507115364074707
phpxijhaP,0.79,100,0.79,0.79,0.0,0.018178701400756836
phpxijhaP,0.79,100,0.79,0.78,0.01,0.014177322387695312
phpxijhaP,0.79,100,0.79,0.8,0.01,0.01504206657409668
phpxijhaP,0.79,100,0.79,0.79,0.0,0.014405012130737305
phpxijhaP,0.79,100,0.79,0.8,0.01,0.015536785125732422
phpxijhaP,0.79,100,0.79,0.8,0.01,0.015060186386108398
phpxijhaP,0.79,100,0.79,0.78,0.01,0.012302398681640625
phpxijhaP,0.84,100,0.84,0.84,0.0,0.01408839225769043
phpxijhaP,0.84,100,0.84,0.86,0.02,0.009503602981567383
phpxijhaP,0.84,100,0.84,0.85,0.01,0.015679121017456055
phpxijhaP,0.84,100,0.84,0.84,0.0,0.012337207794189453
phpxijhaP,0.84,100,0.84,0.83,0.01,0.019091129302978516
phpxijhaP,0.84,100,0.84,0.85,0.01,0.012263298034667969
phpxijhaP,0.84,100,0.84,0.83,0.01,0.01513051986694336
phpxijhaP,0.84,100,0.84,0.84,0.0,0.007578849792480469
phpxijhaP,0.84,100,0.84,0.86,0.02,0.012673377990722656
phpxijhaP,0.84,100,0.84,0.85,0.01,0.024834156036376953
phpxijhaP,0.89,100,0.89,0.89,0.0,0.016051054000854492
phpxijhaP,0.89,100,0.89,0.89,0.0,0.014143943786621094
phpxijhaP,0.89,100,0.89,0.9,0.01,0.012028694152832031
phpxijhaP,0.89,100,0.89,0.89,0.0,0.012725591659545898
phpxijhaP,0.89,100,0.89,0.89,0.0,0.01831221580505371
phpxijhaP,0.89,100,0.89,0.89,0.0,0.01610255241394043
phpxijhaP,0.89,100,0.89,0.88,0.01,0.010108470916748047
phpxijhaP,0.89,100,0.89,0.91,0.02,0.018161296844482422
phpxijhaP,0.89,100,0.89,0.86,0.03,0.018728971481323242
phpxijhaP,0.89,100,0.89,0.88,0.01,0.014140605926513672
phpxijhaP,0.95,100,0.95,0.96,0.01,0.011100053787231445
phpxijhaP,0.95,100,0.95,0.97,0.02,0.0123748779296875
phpxijhaP,0.95,100,0.95,0.97,0.02,0.018061161041259766
phpxijhaP,0.95,100,0.95,0.96,0.01,0.017441749572753906
phpxijhaP,0.95,100,0.95,0.96,0.01,0.01458120346069336
phpxijhaP,0.95,100,0.95,0.96,0.01,0.014192819595336914
phpxijhaP,0.95,100,0.95,0.95,0.0,0.011548519134521484
phpxijhaP,0.95,100,0.95,0.95,0.0,0.015629291534423828
phpxijhaP,0.95,100,0.95,0.94,0.01,0.010213613510131836
phpxijhaP,0.95,100,0.95,0.95,0.0,0.01792597770690918
phpxijhaP,1.0,100,1.0,0.96,0.04,0.01515817642211914
phpxijhaP,1.0,100,1.0,1.0,0.0,0.008562564849853516
phpxijhaP,1.0,100,1.0,1.0,0.0,0.01571178436279297
phpxijhaP,1.0,100,1.0,1.0,0.0,0.017175674438476562
phpxijhaP,1.0,100,1.0,1.0,0.0,0.013701915740966797
phpxijhaP,1.0,100,1.0,1.0,0.0,0.011059761047363281
phpxijhaP,1.0,100,1.0,1.0,0.0,0.012737274169921875
phpxijhaP,1.0,100,1.0,0.99,0.01,0.014366865158081055
phpxijhaP,1.0,100,1.0,1.0,0.0,0.015310525894165039
phpxijhaP,1.0,100,1.0,1.0,0.0,0.017447710037231445
