dataset_name,alpha,sample_size,real_p,pred_p,abs_error,run_time
abalone,0.0,100,0.0,0.0,0.0,0.0
abalone,0.0,100,0.0,0.0,0.0,0.001003265380859375
abalone,0.0,100,0.0,0.0,0.0,0.0
abalone,0.0,100,0.0,0.12,0.12,0.0005688667297363281
abalone,0.0,100,0.0,0.07,0.07,0.0
abalone,0.0,100,0.0,0.03,0.03,0.0
abalone,0.0,100,0.0,0.19,0.19,0.0
abalone,0.0,100,0.0,0.0,0.0,0.0
abalone,0.0,100,0.0,0.05,0.05,0.0
abalone,0.0,100,0.0,0.05,0.05,0.005678892135620117
abalone,0.05,100,0.05,0.07,0.02,0.0
abalone,0.05,100,0.05,0.03,0.02,0.0
abalone,0.05,100,0.05,0.05,0.0,0.0
abalone,0.05,100,0.05,0.17,0.12,0.0
abalone,0.05,100,0.05,0.07,0.02,0.0
abalone,0.05,100,0.05,0.24,0.19,0.0
abalone,0.05,100,0.05,0.16,0.11,0.0
abalone,0.05,100,0.05,0.14,0.09,0.0026998519897460938
abalone,0.05,100,0.05,0.07,0.02,0.0
abalone,0.05,100,0.05,0.07,0.02,0.0057790279388427734
abalone,0.11,100,0.11,0.21,0.1,0.0
abalone,0.11,100,0.11,0.22,0.11,0.0
abalone,0.11,100,0.11,0.03,0.08,0.0
abalone,0.11,100,0.11,0.1,0.01,0.0
abalone,0.11,100,0.11,0.19,0.08,0.0
abalone,0.11,100,0.11,0.17,0.06,0.0
abalone,0.11,100,0.11,0.03,0.08,0.0
abalone,0.11,100,0.11,0.16,0.05,0.0
abalone,0.11,100,0.11,0.14,0.03,0.0
abalone,0.11,100,0.11,0.17,0.06,0.0
abalone,0.16,100,0.16,0.26,0.1,0.0
abalone,0.16,100,0.16,0.22,0.06,0.0
abalone,0.16,100,0.16,0.17,0.01,0.0
abalone,0.16,100,0.16,0.12,0.04,0.0
abalone,0.16,100,0.16,0.33,0.17,0.0
abalone,0.16,100,0.16,0.22,0.06,0.0
abalone,0.16,100,0.16,0.26,0.1,0.0
abalone,0.16,100,0.16,0.09,0.07,0.0
abalone,0.16,100,0.16,0.16,0.0,0.0
abalone,0.16,100,0.16,0.21,0.05,0.0
abalone,0.21,100,0.21,0.14,0.07,0.0
abalone,0.21,100,0.21,0.38,0.17,0.0
abalone,0.21,100,0.21,0.29,0.08,0.0
abalone,0.21,100,0.21,0.19,0.02,0.0
abalone,0.21,100,0.21,0.17,0.04,0.0
abalone,0.21,100,0.21,0.34,0.13,0.0
abalone,0.21,100,0.21,0.22,0.01,0.0
abalone,0.21,100,0.21,0.21,0.0,0.0
abalone,0.21,100,0.21,0.22,0.01,0.0
abalone,0.21,100,0.21,0.21,0.0,0.0
abalone,0.26,100,0.26,0.34,0.08,0.0
abalone,0.26,100,0.26,0.24,0.02,0.0
abalone,0.26,100,0.26,0.26,0.0,0.0
abalone,0.26,100,0.26,0.22,0.04,0.0
abalone,0.26,100,0.26,0.34,0.08,0.0
abalone,0.26,100,0.26,0.28,0.02,0.0
abalone,0.26,100,0.26,0.31,0.05,0.0
abalone,0.26,100,0.26,0.22,0.04,0.0
abalone,0.26,100,0.26,0.33,0.07,0.0020935535430908203
abalone,0.26,100,0.26,0.21,0.05,0.0
abalone,0.32,100,0.32,0.38,0.06,0.0
abalone,0.32,100,0.32,0.31,0.01,0.0
abalone,0.32,100,0.32,0.31,0.01,0.0
abalone,0.32,100,0.32,0.38,0.06,0.0
abalone,0.32,100,0.32,0.33,0.01,0.0
abalone,0.32,100,0.32,0.38,0.06,0.0
abalone,0.32,100,0.32,0.38,0.06,0.0
abalone,0.32,100,0.32,0.34,0.02,0.0
abalone,0.32,100,0.32,0.43,0.11,0.0
abalone,0.32,100,0.32,0.28,0.04,0.0
abalone,0.37,100,0.37,0.47,0.1,0.0
abalone,0.37,100,0.37,0.31,0.06,0.0
abalone,0.37,100,0.37,0.41,0.04,0.0
abalone,0.37,100,0.37,0.31,0.06,0.0
abalone,0.37,100,0.37,0.36,0.01,0.0
abalone,0.37,100,0.37,0.33,0.04,0.0006206035614013672
abalone,0.37,100,0.37,0.31,0.06,0.00099945068359375
abalone,0.37,100,0.37,0.4,0.03,0.0009953975677490234
abalone,0.37,100,0.37,0.45,0.08,0.0
abalone,0.37,100,0.37,0.43,0.06,0.0
abalone,0.42,100,0.42,0.47,0.05,0.0
abalone,0.42,100,0.42,0.41,0.01,0.0
abalone,0.42,100,0.42,0.45,0.03,0.0
abalone,0.42,100,0.42,0.41,0.01,0.0
abalone,0.42,100,0.42,0.43,0.01,0.0
abalone,0.42,100,0.42,0.29,0.13,0.0
abalone,0.42,100,0.42,0.48,0.06,0.0
abalone,0.42,100,0.42,0.48,0.06,0.0
abalone,0.42,100,0.42,0.45,0.03,0.0
abalone,0.42,100,0.42,0.36,0.06,0.0
abalone,0.47,100,0.47,0.48,0.01,0.0
abalone,0.47,100,0.47,0.53,0.06,0.0
abalone,0.47,100,0.47,0.47,0.0,0.0
abalone,0.47,100,0.47,0.4,0.07,0.0
abalone,0.47,100,0.47,0.53,0.06,0.0
abalone,0.47,100,0.47,0.45,0.02,0.0
abalone,0.47,100,0.47,0.52,0.05,0.0
abalone,0.47,100,0.47,0.43,0.04,0.0
abalone,0.47,100,0.47,0.43,0.04,0.0
abalone,0.47,100,0.47,0.4,0.07,0.0010008811950683594
abalone,0.53,100,0.53,0.59,0.06,0.0
abalone,0.53,100,0.53,0.5,0.03,0.0
abalone,0.53,100,0.53,0.53,0.0,0.0010085105895996094
abalone,0.53,100,0.53,0.66,0.13,0.0
abalone,0.53,100,0.53,0.6,0.07,0.0010330677032470703
abalone,0.53,100,0.53,0.55,0.02,0.0
abalone,0.53,100,0.53,0.62,0.09,0.0
abalone,0.53,100,0.53,0.62,0.09,0.0
abalone,0.53,100,0.53,0.53,0.0,0.0
abalone,0.53,100,0.53,0.4,0.13,0.0057163238525390625
abalone,0.58,100,0.58,0.5,0.08,0.0
abalone,0.58,100,0.58,0.55,0.03,0.0
abalone,0.58,100,0.58,0.62,0.04,0.0
abalone,0.58,100,0.58,0.62,0.04,0.0
abalone,0.58,100,0.58,0.55,0.03,0.0
abalone,0.58,100,0.58,0.66,0.08,0.0
abalone,0.58,100,0.58,0.67,0.09,0.0
abalone,0.58,100,0.58,0.48,0.1,0.0
abalone,0.58,100,0.58,0.72,0.14,0.0
abalone,0.58,100,0.58,0.71,0.13,5.6743621826171875e-05
abalone,0.63,100,0.63,0.71,0.08,0.0
abalone,0.63,100,0.63,0.59,0.04,0.0
abalone,0.63,100,0.63,0.69,0.06,0.0
abalone,0.63,100,0.63,0.67,0.04,0.0
abalone,0.63,100,0.63,0.71,0.08,0.0009989738464355469
abalone,0.63,100,0.63,0.72,0.09,0.0009999275207519531
abalone,0.63,100,0.63,0.67,0.04,0.0
abalone,0.63,100,0.63,0.57,0.06,0.0
abalone,0.63,100,0.63,0.64,0.01,0.0
abalone,0.63,100,0.63,0.72,0.09,0.0
abalone,0.68,100,0.68,0.72,0.04,0.0
abalone,0.68,100,0.68,0.71,0.03,0.0
abalone,0.68,100,0.68,0.69,0.01,0.0009992122650146484
abalone,0.68,100,0.68,0.67,0.01,0.0009658336639404297
abalone,0.68,100,0.68,0.67,0.01,0.0010039806365966797
abalone,0.68,100,0.68,0.67,0.01,0.0015835762023925781
abalone,0.68,100,0.68,0.6,0.08,0.0
abalone,0.68,100,0.68,0.69,0.01,0.0
abalone,0.68,100,0.68,0.74,0.06,0.0
abalone,0.68,100,0.68,0.74,0.06,0.0004918575286865234
abalone,0.74,100,0.74,0.72,0.02,0.0
abalone,0.74,100,0.74,0.74,0.0,0.0009999275207519531
abalone,0.74,100,0.74,0.81,0.07,0.0
abalone,0.74,100,0.74,0.83,0.09,0.0009944438934326172
abalone,0.74,100,0.74,0.74,0.0,0.0
abalone,0.74,100,0.74,0.67,0.07,0.0
abalone,0.74,100,0.74,0.76,0.02,0.0
abalone,0.74,100,0.74,0.67,0.07,0.0
abalone,0.74,100,0.74,0.84,0.1,0.0
abalone,0.74,100,0.74,0.79,0.05,0.0
abalone,0.79,100,0.79,0.84,0.05,0.0
abalone,0.79,100,0.79,0.83,0.04,0.0
abalone,0.79,100,0.79,0.81,0.02,0.0
abalone,0.79,100,0.79,0.79,0.0,0.0
abalone,0.79,100,0.79,0.9,0.11,0.0
abalone,0.79,100,0.79,0.79,0.0,0.0
abalone,0.79,100,0.79,0.86,0.07,0.0
abalone,0.79,100,0.79,0.79,0.0,0.0
abalone,0.79,100,0.79,0.76,0.03,0.0010004043579101562
abalone,0.79,100,0.79,0.84,0.05,0.0
abalone,0.84,100,0.84,0.86,0.02,0.0
abalone,0.84,100,0.84,0.88,0.04,0.0
abalone,0.84,100,0.84,0.83,0.01,0.0
abalone,0.84,100,0.84,0.95,0.11,0.0006825923919677734
abalone,0.84,100,0.84,0.93,0.09,0.0003921985626220703
abalone,0.84,100,0.84,0.76,0.08,0.0
abalone,0.84,100,0.84,0.91,0.07,0.0
abalone,0.84,100,0.84,0.84,0.0,0.0
abalone,0.84,100,0.84,0.91,0.07,0.0
abalone,0.84,100,0.84,0.88,0.04,0.0
abalone,0.89,100,0.89,0.97,0.08,0.005611419677734375
abalone,0.89,100,0.89,0.93,0.04,0.0
abalone,0.89,100,0.89,0.84,0.05,0.0
abalone,0.89,100,0.89,0.84,0.05,0.0
abalone,0.89,100,0.89,1.0,0.11,0.0010039806365966797
abalone,0.89,100,0.89,0.88,0.01,0.0
abalone,0.89,100,0.89,0.91,0.02,0.0010046958923339844
abalone,0.89,100,0.89,0.95,0.06,0.0
abalone,0.89,100,0.89,0.9,0.01,0.0
abalone,0.89,100,0.89,0.95,0.06,0.0
abalone,0.95,100,0.95,0.9,0.05,0.0
abalone,0.95,100,0.95,0.86,0.09,0.0
abalone,0.95,100,0.95,0.9,0.05,0.0061511993408203125
abalone,0.95,100,0.95,0.93,0.02,0.0
abalone,0.95,100,0.95,0.97,0.02,0.0004127025604248047
abalone,0.95,100,0.95,0.93,0.02,0.0
abalone,0.95,100,0.95,0.97,0.02,0.0
abalone,0.95,100,0.95,0.91,0.04,0.0
abalone,0.95,100,0.95,0.91,0.04,0.0
abalone,0.95,100,0.95,1.0,0.05,0.0
abalone,1.0,100,1.0,1.0,0.0,0.0
abalone,1.0,100,1.0,0.97,0.03,0.0
abalone,1.0,100,1.0,1.0,0.0,0.0
abalone,1.0,100,1.0,0.98,0.02,0.0
abalone,1.0,100,1.0,1.0,0.0,0.0
abalone,1.0,100,1.0,1.0,0.0,0.0
abalone,1.0,100,1.0,0.91,0.09,0.0
abalone,1.0,100,1.0,1.0,0.0,0.0
abalone,1.0,100,1.0,0.98,0.02,0.0
abalone,1.0,100,1.0,1.0,0.0,0.0
ailerons,0.0,100,0.0,0.0,0.0,0.0
ailerons,0.0,100,0.0,0.0,0.0,0.0
ailerons,0.0,100,0.0,0.07,0.07,0.0
ailerons,0.0,100,0.0,0.03,0.03,0.0010843276977539062
ailerons,0.0,100,0.0,0.08,0.08,0.0
ailerons,0.0,100,0.0,0.01,0.01,0.0
ailerons,0.0,100,0.0,0.03,0.03,0.0
ailerons,0.0,100,0.0,0.05,0.05,0.0
ailerons,0.0,100,0.0,0.0,0.0,0.0006058216094970703
ailerons,0.0,100,0.0,0.0,0.0,0.0
ailerons,0.05,100,0.05,0.05,0.0,0.0
ailerons,0.05,100,0.05,0.05,0.0,0.000993967056274414
ailerons,0.05,100,0.05,0.04,0.01,0.0
ailerons,0.05,100,0.05,0.07,0.02,0.0
ailerons,0.05,100,0.05,0.08,0.03,0.0004439353942871094
ailerons,0.05,100,0.05,0.07,0.02,0.0011286735534667969
ailerons,0.05,100,0.05,0.11,0.06,0.0
ailerons,0.05,100,0.05,0.11,0.06,0.0
ailerons,0.05,100,0.05,0.05,0.0,0.0
ailerons,0.05,100,0.05,0.09,0.04,0.0
ailerons,0.11,100,0.11,0.13,0.02,0.0
ailerons,0.11,100,0.11,0.21,0.1,0.0
ailerons,0.11,100,0.11,0.14,0.03,0.0
ailerons,0.11,100,0.11,0.14,0.03,0.0030002593994140625
ailerons,0.11,100,0.11,0.2,0.09,0.0
ailerons,0.11,100,0.11,0.07,0.04,0.0
ailerons,0.11,100,0.11,0.05,0.06,0.0005528926849365234
ailerons,0.11,100,0.11,0.14,0.03,0.0
ailerons,0.11,100,0.11,0.16,0.05,0.0
ailerons,0.11,100,0.11,0.17,0.06,0.0
ailerons,0.16,100,0.16,0.14,0.02,0.0009999275207519531
ailerons,0.16,100,0.16,0.21,0.05,0.0
ailerons,0.16,100,0.16,0.17,0.01,0.0
ailerons,0.16,100,0.16,0.16,0.0,0.0006325244903564453
ailerons,0.16,100,0.16,0.16,0.0,0.0
ailerons,0.16,100,0.16,0.13,0.03,0.0010046958923339844
ailerons,0.16,100,0.16,0.14,0.02,0.0
ailerons,0.16,100,0.16,0.2,0.04,0.0009944438934326172
ailerons,0.16,100,0.16,0.16,0.0,0.0
ailerons,0.16,100,0.16,0.2,0.04,0.0
ailerons,0.21,100,0.21,0.25,0.04,0.0
ailerons,0.21,100,0.21,0.24,0.03,0.0
ailerons,0.21,100,0.21,0.26,0.05,0.0
ailerons,0.21,100,0.21,0.21,0.0,0.0
ailerons,0.21,100,0.21,0.24,0.03,0.0
ailerons,0.21,100,0.21,0.2,0.01,0.0
ailerons,0.21,100,0.21,0.25,0.04,0.0
ailerons,0.21,100,0.21,0.17,0.04,0.0009975433349609375
ailerons,0.21,100,0.21,0.22,0.01,0.0
ailerons,0.21,100,0.21,0.34,0.13,0.0
ailerons,0.26,100,0.26,0.32,0.06,0.0
ailerons,0.26,100,0.26,0.29,0.03,0.0
ailerons,0.26,100,0.26,0.25,0.01,0.0
ailerons,0.26,100,0.26,0.22,0.04,0.0
ailerons,0.26,100,0.26,0.32,0.06,0.0
ailerons,0.26,100,0.26,0.29,0.03,0.0
ailerons,0.26,100,0.26,0.29,0.03,0.0
ailerons,0.26,100,0.26,0.32,0.06,0.0
ailerons,0.26,100,0.26,0.24,0.02,0.0
ailerons,0.26,100,0.26,0.32,0.06,0.0
ailerons,0.32,100,0.32,0.36,0.04,0.0
ailerons,0.32,100,0.32,0.32,0.0,0.0
ailerons,0.32,100,0.32,0.33,0.01,0.0
ailerons,0.32,100,0.32,0.32,0.0,0.0
ailerons,0.32,100,0.32,0.32,0.0,0.0
ailerons,0.32,100,0.32,0.37,0.05,0.0
ailerons,0.32,100,0.32,0.22,0.1,0.0
ailerons,0.32,100,0.32,0.29,0.03,0.0
ailerons,0.32,100,0.32,0.3,0.02,0.0
ailerons,0.32,100,0.32,0.3,0.02,0.0009953975677490234
ailerons,0.37,100,0.37,0.38,0.01,0.0
ailerons,0.37,100,0.37,0.39,0.02,0.0
ailerons,0.37,100,0.37,0.32,0.05,0.001001596450805664
ailerons,0.37,100,0.37,0.39,0.02,0.0
ailerons,0.37,100,0.37,0.49,0.12,0.0
ailerons,0.37,100,0.37,0.37,0.0,0.0
ailerons,0.37,100,0.37,0.37,0.0,0.0
ailerons,0.37,100,0.37,0.38,0.01,0.0
ailerons,0.37,100,0.37,0.39,0.02,0.0010013580322265625
ailerons,0.37,100,0.37,0.37,0.0,0.0
ailerons,0.42,100,0.42,0.47,0.05,0.0
ailerons,0.42,100,0.42,0.55,0.13,0.0
ailerons,0.42,100,0.42,0.38,0.04,0.0
ailerons,0.42,100,0.42,0.46,0.04,0.0
ailerons,0.42,100,0.42,0.47,0.05,0.0
ailerons,0.42,100,0.42,0.39,0.03,0.0
ailerons,0.42,100,0.42,0.43,0.01,0.0
ailerons,0.42,100,0.42,0.42,0.0,0.0
ailerons,0.42,100,0.42,0.42,0.0,0.0
ailerons,0.42,100,0.42,0.46,0.04,0.0
ailerons,0.47,100,0.47,0.51,0.04,0.0
ailerons,0.47,100,0.47,0.46,0.01,0.0
ailerons,0.47,100,0.47,0.55,0.08,0.00024366378784179688
ailerons,0.47,100,0.47,0.5,0.03,0.0
ailerons,0.47,100,0.47,0.46,0.01,0.0
ailerons,0.47,100,0.47,0.49,0.02,0.0
ailerons,0.47,100,0.47,0.54,0.07,0.0
ailerons,0.47,100,0.47,0.41,0.06,0.0
ailerons,0.47,100,0.47,0.46,0.01,0.0
ailerons,0.47,100,0.47,0.49,0.02,0.0
ailerons,0.53,100,0.53,0.53,0.0,0.0
ailerons,0.53,100,0.53,0.55,0.02,0.0
ailerons,0.53,100,0.53,0.42,0.11,0.0
ailerons,0.53,100,0.53,0.51,0.02,0.0
ailerons,0.53,100,0.53,0.49,0.04,0.0
ailerons,0.53,100,0.53,0.54,0.01,0.0
ailerons,0.53,100,0.53,0.58,0.05,0.0
ailerons,0.53,100,0.53,0.59,0.06,0.0
ailerons,0.53,100,0.53,0.51,0.02,0.0
ailerons,0.53,100,0.53,0.51,0.02,0.0006551742553710938
ailerons,0.58,100,0.58,0.57,0.01,0.0
ailerons,0.58,100,0.58,0.58,0.0,0.0
ailerons,0.58,100,0.58,0.66,0.08,0.0
ailerons,0.58,100,0.58,0.57,0.01,0.0
ailerons,0.58,100,0.58,0.61,0.03,0.0
ailerons,0.58,100,0.58,0.55,0.03,0.0
ailerons,0.58,100,0.58,0.61,0.03,0.0
ailerons,0.58,100,0.58,0.62,0.04,0.0
ailerons,0.58,100,0.58,0.61,0.03,0.0
ailerons,0.58,100,0.58,0.55,0.03,0.0
ailerons,0.63,100,0.63,0.62,0.01,0.00023937225341796875
ailerons,0.63,100,0.63,0.62,0.01,0.0
ailerons,0.63,100,0.63,0.64,0.01,0.0
ailerons,0.63,100,0.63,0.66,0.03,0.0
ailerons,0.63,100,0.63,0.66,0.03,0.0003800392150878906
ailerons,0.63,100,0.63,0.62,0.01,0.0
ailerons,0.63,100,0.63,0.68,0.05,0.0
ailerons,0.63,100,0.63,0.67,0.04,0.0003669261932373047
ailerons,0.63,100,0.63,0.64,0.01,0.005749225616455078
ailerons,0.63,100,0.63,0.67,0.04,0.0057871341705322266
ailerons,0.68,100,0.68,0.66,0.02,0.0
ailerons,0.68,100,0.68,0.75,0.07,0.0
ailerons,0.68,100,0.68,0.7,0.02,0.0
ailerons,0.68,100,0.68,0.74,0.06,0.0
ailerons,0.68,100,0.68,0.74,0.06,0.0
ailerons,0.68,100,0.68,0.7,0.02,0.0
ailerons,0.68,100,0.68,0.66,0.02,0.0
ailerons,0.68,100,0.68,0.67,0.01,0.0
ailerons,0.68,100,0.68,0.68,0.0,0.0
ailerons,0.68,100,0.68,0.75,0.07,0.0
ailerons,0.74,100,0.74,0.74,0.0,0.0
ailerons,0.74,100,0.74,0.76,0.02,0.0
ailerons,0.74,100,0.74,0.75,0.01,0.0
ailerons,0.74,100,0.74,0.72,0.02,0.0
ailerons,0.74,100,0.74,0.75,0.01,0.0
ailerons,0.74,100,0.74,0.75,0.01,0.005601406097412109
ailerons,0.74,100,0.74,0.72,0.02,0.0
ailerons,0.74,100,0.74,0.86,0.12,0.0
ailerons,0.74,100,0.74,0.75,0.01,0.0
ailerons,0.74,100,0.74,0.7,0.04,0.0010008811950683594
ailerons,0.79,100,0.79,0.75,0.04,0.0
ailerons,0.79,100,0.79,0.76,0.03,0.0
ailerons,0.79,100,0.79,0.8,0.01,0.0
ailerons,0.79,100,0.79,0.79,0.0,0.0
ailerons,0.79,100,0.79,0.79,0.0,0.0
ailerons,0.79,100,0.79,0.75,0.04,0.0
ailerons,0.79,100,0.79,0.74,0.05,0.0
ailerons,0.79,100,0.79,0.79,0.0,0.0
ailerons,0.79,100,0.79,0.79,0.0,0.0
ailerons,0.79,100,0.79,0.72,0.07,0.0010001659393310547
ailerons,0.84,100,0.84,0.91,0.07,0.0009949207305908203
ailerons,0.84,100,0.84,0.76,0.08,0.0010106563568115234
ailerons,0.84,100,0.84,0.79,0.05,0.001008749008178711
ailerons,0.84,100,0.84,0.86,0.02,0.0
ailerons,0.84,100,0.84,0.93,0.09,0.0
ailerons,0.84,100,0.84,0.87,0.03,0.0
ailerons,0.84,100,0.84,0.87,0.03,0.0
ailerons,0.84,100,0.84,0.91,0.07,0.0
ailerons,0.84,100,0.84,0.8,0.04,0.0
ailerons,0.84,100,0.84,0.91,0.07,0.0
ailerons,0.89,100,0.89,0.93,0.04,0.0
ailerons,0.89,100,0.89,0.89,0.0,0.0
ailerons,0.89,100,0.89,0.89,0.0,0.0
ailerons,0.89,100,0.89,0.92,0.03,0.0
ailerons,0.89,100,0.89,0.96,0.07,0.0
ailerons,0.89,100,0.89,0.89,0.0,0.0
ailerons,0.89,100,0.89,0.86,0.03,0.0
ailerons,0.89,100,0.89,0.91,0.02,0.0
ailerons,0.89,100,0.89,0.86,0.03,0.0
ailerons,0.89,100,0.89,0.92,0.03,0.0
ailerons,0.95,100,0.95,0.95,0.0,0.0
ailerons,0.95,100,0.95,0.93,0.02,0.0
ailerons,0.95,100,0.95,0.96,0.01,0.0
ailerons,0.95,100,0.95,0.95,0.0,0.0
ailerons,0.95,100,0.95,0.92,0.03,0.0
ailerons,0.95,100,0.95,1.0,0.05,0.0
ailerons,0.95,100,0.95,1.0,0.05,0.001003265380859375
ailerons,0.95,100,0.95,0.92,0.03,0.0
ailerons,0.95,100,0.95,0.97,0.02,0.0010058879852294922
ailerons,0.95,100,0.95,0.99,0.04,0.0
ailerons,1.0,100,1.0,0.97,0.03,0.0
ailerons,1.0,100,1.0,1.0,0.0,0.0
ailerons,1.0,100,1.0,1.0,0.0,0.0
ailerons,1.0,100,1.0,0.95,0.05,0.0
ailerons,1.0,100,1.0,1.0,0.0,0.0
ailerons,1.0,100,1.0,1.0,0.0,0.0
ailerons,1.0,100,1.0,1.0,0.0,0.00026798248291015625
ailerons,1.0,100,1.0,1.0,0.0,0.0
ailerons,1.0,100,1.0,0.89,0.11,0.0
ailerons,1.0,100,1.0,1.0,0.0,0.0
BNG_breast-w,0.0,100,0.0,0.0,0.0,0.0
BNG_breast-w,0.0,100,0.0,0.0,0.0,0.0
BNG_breast-w,0.0,100,0.0,0.0,0.0,0.0
BNG_breast-w,0.0,100,0.0,0.0,0.0,0.0
BNG_breast-w,0.0,100,0.0,0.0,0.0,0.0
BNG_breast-w,0.0,100,0.0,0.02,0.02,0.0
BNG_breast-w,0.0,100,0.0,0.0,0.0,0.0
BNG_breast-w,0.0,100,0.0,0.0,0.0,0.0
BNG_breast-w,0.0,100,0.0,0.0,0.0,0.0010004043579101562
BNG_breast-w,0.0,100,0.0,0.0,0.0,0.0
BNG_breast-w,0.05,100,0.05,0.04,0.01,0.0
BNG_breast-w,0.05,100,0.05,0.07,0.02,0.0
BNG_breast-w,0.05,100,0.05,0.04,0.01,0.0
BNG_breast-w,0.05,100,0.05,0.04,0.01,0.0
BNG_breast-w,0.05,100,0.05,0.03,0.02,0.0
BNG_breast-w,0.05,100,0.05,0.01,0.04,0.0
BNG_breast-w,0.05,100,0.05,0.03,0.02,0.0
BNG_breast-w,0.05,100,0.05,0.05,0.0,7.62939453125e-05
BNG_breast-w,0.05,100,0.05,0.06,0.01,0.0
BNG_breast-w,0.05,100,0.05,0.02,0.03,0.0009999275207519531
BNG_breast-w,0.11,100,0.11,0.11,0.0,0.0
BNG_breast-w,0.11,100,0.11,0.14,0.03,0.0
BNG_breast-w,0.11,100,0.11,0.08,0.03,0.0
BNG_breast-w,0.11,100,0.11,0.1,0.01,0.0
BNG_breast-w,0.11,100,0.11,0.1,0.01,0.005649566650390625
BNG_breast-w,0.11,100,0.11,0.1,0.01,0.0009992122650146484
BNG_breast-w,0.11,100,0.11,0.14,0.03,0.0
BNG_breast-w,0.11,100,0.11,0.1,0.01,0.0
BNG_breast-w,0.11,100,0.11,0.11,0.0,0.0
BNG_breast-w,0.11,100,0.11,0.1,0.01,0.0
BNG_breast-w,0.16,100,0.16,0.17,0.01,0.0
BNG_breast-w,0.16,100,0.16,0.17,0.01,0.0
BNG_breast-w,0.16,100,0.16,0.18,0.02,0.0
BNG_breast-w,0.16,100,0.16,0.16,0.0,0.0
BNG_breast-w,0.16,100,0.16,0.15,0.01,0.0
BNG_breast-w,0.16,100,0.16,0.18,0.02,0.0
BNG_breast-w,0.16,100,0.16,0.17,0.01,0.0
BNG_breast-w,0.16,100,0.16,0.17,0.01,0.0
BNG_breast-w,0.16,100,0.16,0.17,0.01,0.0
BNG_breast-w,0.16,100,0.16,0.15,0.01,0.0
BNG_breast-w,0.21,100,0.21,0.22,0.01,0.0
BNG_breast-w,0.21,100,0.21,0.22,0.01,0.0
BNG_breast-w,0.21,100,0.21,0.21,0.0,0.0
BNG_breast-w,0.21,100,0.21,0.21,0.0,0.0
BNG_breast-w,0.21,100,0.21,0.23,0.02,0.0
BNG_breast-w,0.21,100,0.21,0.21,0.0,0.0
BNG_breast-w,0.21,100,0.21,0.23,0.02,0.0004153251647949219
BNG_breast-w,0.21,100,0.21,0.21,0.0,0.0
BNG_breast-w,0.21,100,0.21,0.23,0.02,0.0
BNG_breast-w,0.21,100,0.21,0.23,0.02,0.0
BNG_breast-w,0.26,100,0.26,0.26,0.0,0.0
BNG_breast-w,0.26,100,0.26,0.28,0.02,0.0
BNG_breast-w,0.26,100,0.26,0.26,0.0,0.0
BNG_breast-w,0.26,100,0.26,0.24,0.02,0.0
BNG_breast-w,0.26,100,0.26,0.26,0.0,0.0
BNG_breast-w,0.26,100,0.26,0.27,0.01,0.0
BNG_breast-w,0.26,100,0.26,0.27,0.01,0.0
BNG_breast-w,0.26,100,0.26,0.26,0.0,0.0
BNG_breast-w,0.26,100,0.26,0.27,0.01,0.005538463592529297
BNG_breast-w,0.26,100,0.26,0.25,0.01,0.0
BNG_breast-w,0.32,100,0.32,0.3,0.02,0.0
BNG_breast-w,0.32,100,0.32,0.31,0.01,0.0010023117065429688
BNG_breast-w,0.32,100,0.32,0.31,0.01,0.0010001659393310547
BNG_breast-w,0.32,100,0.32,0.32,0.0,0.0003008842468261719
BNG_breast-w,0.32,100,0.32,0.31,0.01,0.0
BNG_breast-w,0.32,100,0.32,0.33,0.01,0.006103992462158203
BNG_breast-w,0.32,100,0.32,0.34,0.02,0.0
BNG_breast-w,0.32,100,0.32,0.32,0.0,0.0004990100860595703
BNG_breast-w,0.32,100,0.32,0.31,0.01,0.0
BNG_breast-w,0.32,100,0.32,0.32,0.0,0.0
BNG_breast-w,0.37,100,0.37,0.38,0.01,0.0
BNG_breast-w,0.37,100,0.37,0.36,0.01,0.0
BNG_breast-w,0.37,100,0.37,0.34,0.03,0.0
BNG_breast-w,0.37,100,0.37,0.35,0.02,0.0010030269622802734
BNG_breast-w,0.37,100,0.37,0.39,0.02,0.00024318695068359375
BNG_breast-w,0.37,100,0.37,0.38,0.01,0.0
BNG_breast-w,0.37,100,0.37,0.4,0.03,0.0
BNG_breast-w,0.37,100,0.37,0.34,0.03,0.0
BNG_breast-w,0.37,100,0.37,0.35,0.02,0.0
BNG_breast-w,0.37,100,0.37,0.35,0.02,0.0009958744049072266
BNG_breast-w,0.42,100,0.42,0.42,0.0,0.0
BNG_breast-w,0.42,100,0.42,0.42,0.0,0.0
BNG_breast-w,0.42,100,0.42,0.4,0.02,0.0
BNG_breast-w,0.42,100,0.42,0.43,0.01,0.0
BNG_breast-w,0.42,100,0.42,0.43,0.01,0.0
BNG_breast-w,0.42,100,0.42,0.41,0.01,0.0
BNG_breast-w,0.42,100,0.42,0.41,0.01,0.0
BNG_breast-w,0.42,100,0.42,0.42,0.0,0.005680561065673828
BNG_breast-w,0.42,100,0.42,0.42,0.0,0.0010154247283935547
BNG_breast-w,0.42,100,0.42,0.41,0.01,0.0
BNG_breast-w,0.47,100,0.47,0.46,0.01,0.0002193450927734375
BNG_breast-w,0.47,100,0.47,0.45,0.02,0.0
BNG_breast-w,0.47,100,0.47,0.47,0.0,0.0
BNG_breast-w,0.47,100,0.47,0.47,0.0,0.0
BNG_breast-w,0.47,100,0.47,0.47,0.0,0.0
BNG_breast-w,0.47,100,0.47,0.46,0.01,0.0
BNG_breast-w,0.47,100,0.47,0.48,0.01,0.0011069774627685547
BNG_breast-w,0.47,100,0.47,0.47,0.0,0.0
BNG_breast-w,0.47,100,0.47,0.47,0.0,0.0
BNG_breast-w,0.47,100,0.47,0.47,0.0,0.0
BNG_breast-w,0.53,100,0.53,0.51,0.02,0.0
BNG_breast-w,0.53,100,0.53,0.54,0.01,0.0
BNG_breast-w,0.53,100,0.53,0.52,0.01,0.0
BNG_breast-w,0.53,100,0.53,0.53,0.0,0.0011086463928222656
BNG_breast-w,0.53,100,0.53,0.54,0.01,0.0
BNG_breast-w,0.53,100,0.53,0.52,0.01,0.0
BNG_breast-w,0.53,100,0.53,0.53,0.0,0.0
BNG_breast-w,0.53,100,0.53,0.53,0.0,0.0
BNG_breast-w,0.53,100,0.53,0.51,0.02,0.0
BNG_breast-w,0.53,100,0.53,0.54,0.01,0.0
BNG_breast-w,0.58,100,0.58,0.58,0.0,0.0002887248992919922
BNG_breast-w,0.58,100,0.58,0.57,0.01,0.0
BNG_breast-w,0.58,100,0.58,0.55,0.03,0.0
BNG_breast-w,0.58,100,0.58,0.58,0.0,0.0
BNG_breast-w,0.58,100,0.58,0.57,0.01,0.001027822494506836
BNG_breast-w,0.58,100,0.58,0.57,0.01,0.0
BNG_breast-w,0.58,100,0.58,0.55,0.03,0.0
BNG_breast-w,0.58,100,0.58,0.57,0.01,0.0
BNG_breast-w,0.58,100,0.58,0.59,0.01,0.0
BNG_breast-w,0.58,100,0.58,0.57,0.01,0.0
BNG_breast-w,0.63,100,0.63,0.61,0.02,0.0
BNG_breast-w,0.63,100,0.63,0.61,0.02,0.0
BNG_breast-w,0.63,100,0.63,0.64,0.01,0.0
BNG_breast-w,0.63,100,0.63,0.61,0.02,0.0
BNG_breast-w,0.63,100,0.63,0.64,0.01,0.0
BNG_breast-w,0.63,100,0.63,0.6,0.03,0.0
BNG_breast-w,0.63,100,0.63,0.62,0.01,0.0
BNG_breast-w,0.63,100,0.63,0.65,0.02,0.0
BNG_breast-w,0.63,100,0.63,0.64,0.01,0.0
BNG_breast-w,0.63,100,0.63,0.61,0.02,0.000989675521850586
BNG_breast-w,0.68,100,0.68,0.69,0.01,0.0
BNG_breast-w,0.68,100,0.68,0.68,0.0,0.0
BNG_breast-w,0.68,100,0.68,0.67,0.01,0.0
BNG_breast-w,0.68,100,0.68,0.7,0.02,0.0
BNG_breast-w,0.68,100,0.68,0.68,0.0,0.0
BNG_breast-w,0.68,100,0.68,0.7,0.02,0.0
BNG_breast-w,0.68,100,0.68,0.68,0.0,0.0
BNG_breast-w,0.68,100,0.68,0.69,0.01,0.0
BNG_breast-w,0.68,100,0.68,0.69,0.01,0.0
BNG_breast-w,0.68,100,0.68,0.7,0.02,0.0
BNG_breast-w,0.74,100,0.74,0.73,0.01,0.0
BNG_breast-w,0.74,100,0.74,0.75,0.01,0.0
BNG_breast-w,0.74,100,0.74,0.76,0.02,0.0
BNG_breast-w,0.74,100,0.74,0.74,0.0,0.0
BNG_breast-w,0.74,100,0.74,0.76,0.02,0.0
BNG_breast-w,0.74,100,0.74,0.7,0.04,0.0
BNG_breast-w,0.74,100,0.74,0.73,0.01,0.0
BNG_breast-w,0.74,100,0.74,0.75,0.01,0.0
BNG_breast-w,0.74,100,0.74,0.76,0.02,0.0
BNG_breast-w,0.74,100,0.74,0.75,0.01,0.0
BNG_breast-w,0.79,100,0.79,0.77,0.02,0.0
BNG_breast-w,0.79,100,0.79,0.79,0.0,0.0
BNG_breast-w,0.79,100,0.79,0.77,0.02,0.0
BNG_breast-w,0.79,100,0.79,0.78,0.01,0.0
BNG_breast-w,0.79,100,0.79,0.78,0.01,0.0
BNG_breast-w,0.79,100,0.79,0.81,0.02,0.0
BNG_breast-w,0.79,100,0.79,0.8,0.01,0.0
BNG_breast-w,0.79,100,0.79,0.8,0.01,0.0
BNG_breast-w,0.79,100,0.79,0.77,0.02,0.0
BNG_breast-w,0.79,100,0.79,0.79,0.0,0.0
BNG_breast-w,0.84,100,0.84,0.82,0.02,0.0
BNG_breast-w,0.84,100,0.84,0.88,0.04,0.0
BNG_breast-w,0.84,100,0.84,0.83,0.01,0.0
BNG_breast-w,0.84,100,0.84,0.79,0.05,0.0
BNG_breast-w,0.84,100,0.84,0.85,0.01,0.0
BNG_breast-w,0.84,100,0.84,0.84,0.0,0.0
BNG_breast-w,0.84,100,0.84,0.81,0.03,0.0
BNG_breast-w,0.84,100,0.84,0.82,0.02,0.0
BNG_breast-w,0.84,100,0.84,0.83,0.01,0.0
BNG_breast-w,0.84,100,0.84,0.82,0.02,0.0
BNG_breast-w,0.89,100,0.89,0.91,0.02,0.0
BNG_breast-w,0.89,100,0.89,0.89,0.0,0.0
BNG_breast-w,0.89,100,0.89,0.88,0.01,0.0
BNG_breast-w,0.89,100,0.89,0.89,0.0,0.0010001659393310547
BNG_breast-w,0.89,100,0.89,0.9,0.01,0.0
BNG_breast-w,0.89,100,0.89,0.89,0.0,0.0
BNG_breast-w,0.89,100,0.89,0.9,0.01,0.0
BNG_breast-w,0.89,100,0.89,0.88,0.01,0.0
BNG_breast-w,0.89,100,0.89,0.89,0.0,0.0
BNG_breast-w,0.89,100,0.89,0.91,0.02,0.0
BNG_breast-w,0.95,100,0.95,0.97,0.02,0.0
BNG_breast-w,0.95,100,0.95,0.95,0.0,0.0
BNG_breast-w,0.95,100,0.95,0.95,0.0,0.0
BNG_breast-w,0.95,100,0.95,0.96,0.01,0.0
BNG_breast-w,0.95,100,0.95,0.94,0.01,0.0
BNG_breast-w,0.95,100,0.95,0.94,0.01,0.0
BNG_breast-w,0.95,100,0.95,0.93,0.02,0.0
BNG_breast-w,0.95,100,0.95,0.98,0.03,0.0
BNG_breast-w,0.95,100,0.95,0.95,0.0,0.0
BNG_breast-w,0.95,100,0.95,0.95,0.0,0.0
BNG_breast-w,1.0,100,1.0,1.0,0.0,0.0
BNG_breast-w,1.0,100,1.0,1.0,0.0,0.0
BNG_breast-w,1.0,100,1.0,1.0,0.0,0.0
BNG_breast-w,1.0,100,1.0,1.0,0.0,0.0
BNG_breast-w,1.0,100,1.0,0.99,0.01,0.0
BNG_breast-w,1.0,100,1.0,0.98,0.02,0.0
BNG_breast-w,1.0,100,1.0,0.99,0.01,0.0
BNG_breast-w,1.0,100,1.0,1.0,0.0,0.0
BNG_breast-w,1.0,100,1.0,0.99,0.01,0.01508021354675293
BNG_breast-w,1.0,100,1.0,1.0,0.0,0.0
file22f0e4a679,0.0,100,0.0,0.0,0.0,0.0
file22f0e4a679,0.0,100,0.0,0.0,0.0,0.0
file22f0e4a679,0.0,100,0.0,0.0,0.0,0.0
file22f0e4a679,0.0,100,0.0,0.0,0.0,0.0
file22f0e4a679,0.0,100,0.0,0.0,0.0,0.0
file22f0e4a679,0.0,100,0.0,0.0,0.0,0.0
file22f0e4a679,0.0,100,0.0,0.0,0.0,0.0
file22f0e4a679,0.0,100,0.0,0.0,0.0,0.0
file22f0e4a679,0.0,100,0.0,0.0,0.0,0.0
file22f0e4a679,0.0,100,0.0,0.0,0.0,0.0
file22f0e4a679,0.05,100,0.05,0.02,0.03,0.004555940628051758
file22f0e4a679,0.05,100,0.05,0.03,0.02,0.0
file22f0e4a679,0.05,100,0.05,0.02,0.03,0.0
file22f0e4a679,0.05,100,0.05,0.04,0.01,0.0
file22f0e4a679,0.05,100,0.05,0.04,0.01,0.0
file22f0e4a679,0.05,100,0.05,0.03,0.02,0.0
file22f0e4a679,0.05,100,0.05,0.03,0.02,0.0
file22f0e4a679,0.05,100,0.05,0.04,0.01,0.0
file22f0e4a679,0.05,100,0.05,0.02,0.03,0.0
file22f0e4a679,0.05,100,0.05,0.04,0.01,0.0
file22f0e4a679,0.11,100,0.11,0.1,0.01,0.0
file22f0e4a679,0.11,100,0.11,0.11,0.0,0.00662994384765625
file22f0e4a679,0.11,100,0.11,0.09,0.02,0.0008158683776855469
file22f0e4a679,0.11,100,0.11,0.07,0.04,0.0
file22f0e4a679,0.11,100,0.11,0.11,0.0,0.0
file22f0e4a679,0.11,100,0.11,0.07,0.04,0.0
file22f0e4a679,0.11,100,0.11,0.12,0.01,0.0
file22f0e4a679,0.11,100,0.11,0.09,0.02,0.0
file22f0e4a679,0.11,100,0.11,0.07,0.04,0.0
file22f0e4a679,0.11,100,0.11,0.09,0.02,0.0
file22f0e4a679,0.16,100,0.16,0.15,0.01,0.0
file22f0e4a679,0.16,100,0.16,0.14,0.02,0.0
file22f0e4a679,0.16,100,0.16,0.16,0.0,0.0
file22f0e4a679,0.16,100,0.16,0.14,0.02,0.0
file22f0e4a679,0.16,100,0.16,0.14,0.02,0.0
file22f0e4a679,0.16,100,0.16,0.15,0.01,0.0
file22f0e4a679,0.16,100,0.16,0.15,0.01,0.0
file22f0e4a679,0.16,100,0.16,0.15,0.01,0.0
file22f0e4a679,0.16,100,0.16,0.15,0.01,0.0
file22f0e4a679,0.16,100,0.16,0.14,0.02,0.0
file22f0e4a679,0.21,100,0.21,0.19,0.02,0.0
file22f0e4a679,0.21,100,0.21,0.19,0.02,0.0
file22f0e4a679,0.21,100,0.21,0.19,0.02,0.0
file22f0e4a679,0.21,100,0.21,0.2,0.01,0.0
file22f0e4a679,0.21,100,0.21,0.2,0.01,0.0
file22f0e4a679,0.21,100,0.21,0.18,0.03,0.0
file22f0e4a679,0.21,100,0.21,0.21,0.0,0.0
file22f0e4a679,0.21,100,0.21,0.22,0.01,0.0
file22f0e4a679,0.21,100,0.21,0.2,0.01,0.0
file22f0e4a679,0.21,100,0.21,0.21,0.0,0.0
file22f0e4a679,0.26,100,0.26,0.24,0.02,0.0
file22f0e4a679,0.26,100,0.26,0.24,0.02,0.0
file22f0e4a679,0.26,100,0.26,0.24,0.02,0.0
file22f0e4a679,0.26,100,0.26,0.24,0.02,0.0
file22f0e4a679,0.26,100,0.26,0.23,0.03,0.0
file22f0e4a679,0.26,100,0.26,0.23,0.03,0.0
file22f0e4a679,0.26,100,0.26,0.27,0.01,0.0
file22f0e4a679,0.26,100,0.26,0.26,0.0,0.0
file22f0e4a679,0.26,100,0.26,0.24,0.02,0.0
file22f0e4a679,0.26,100,0.26,0.26,0.0,0.0
file22f0e4a679,0.32,100,0.32,0.3,0.02,0.0
file22f0e4a679,0.32,100,0.32,0.31,0.01,0.0
file22f0e4a679,0.32,100,0.32,0.32,0.0,0.0
file22f0e4a679,0.32,100,0.32,0.31,0.01,0.0
file22f0e4a679,0.32,100,0.32,0.31,0.01,0.0
file22f0e4a679,0.32,100,0.32,0.31,0.01,0.0
file22f0e4a679,0.32,100,0.32,0.31,0.01,0.0
file22f0e4a679,0.32,100,0.32,0.33,0.01,0.0
file22f0e4a679,0.32,100,0.32,0.33,0.01,0.0
file22f0e4a679,0.32,100,0.32,0.32,0.0,0.0
file22f0e4a679,0.37,100,0.37,0.37,0.0,0.0
file22f0e4a679,0.37,100,0.37,0.35,0.02,0.0
file22f0e4a679,0.37,100,0.37,0.35,0.02,0.0
file22f0e4a679,0.37,100,0.37,0.37,0.0,0.0
file22f0e4a679,0.37,100,0.37,0.37,0.0,0.0
file22f0e4a679,0.37,100,0.37,0.36,0.01,0.0
file22f0e4a679,0.37,100,0.37,0.36,0.01,0.0
file22f0e4a679,0.37,100,0.37,0.37,0.0,0.0
file22f0e4a679,0.37,100,0.37,0.37,0.0,0.0
file22f0e4a679,0.37,100,0.37,0.36,0.01,0.0
file22f0e4a679,0.42,100,0.42,0.43,0.01,0.0
file22f0e4a679,0.42,100,0.42,0.4,0.02,0.0
file22f0e4a679,0.42,100,0.42,0.43,0.01,0.0
file22f0e4a679,0.42,100,0.42,0.4,0.02,0.0
file22f0e4a679,0.42,100,0.42,0.43,0.01,0.0
file22f0e4a679,0.42,100,0.42,0.41,0.01,0.0
file22f0e4a679,0.42,100,0.42,0.41,0.01,0.013999223709106445
file22f0e4a679,0.42,100,0.42,0.41,0.01,0.0
file22f0e4a679,0.42,100,0.42,0.41,0.01,0.0
file22f0e4a679,0.42,100,0.42,0.41,0.01,0.0
file22f0e4a679,0.47,100,0.47,0.47,0.0,0.0
file22f0e4a679,0.47,100,0.47,0.48,0.01,0.0
file22f0e4a679,0.47,100,0.47,0.47,0.0,0.0
file22f0e4a679,0.47,100,0.47,0.45,0.02,0.0002913475036621094
file22f0e4a679,0.47,100,0.47,0.48,0.01,0.0
file22f0e4a679,0.47,100,0.47,0.47,0.0,0.0
file22f0e4a679,0.47,100,0.47,0.47,0.0,0.0
file22f0e4a679,0.47,100,0.47,0.48,0.01,0.0
file22f0e4a679,0.47,100,0.47,0.49,0.02,0.0
file22f0e4a679,0.47,100,0.47,0.47,0.0,0.0
file22f0e4a679,0.53,100,0.53,0.53,0.0,0.0
file22f0e4a679,0.53,100,0.53,0.52,0.01,0.0
file22f0e4a679,0.53,100,0.53,0.52,0.01,0.0
file22f0e4a679,0.53,100,0.53,0.54,0.01,0.0
file22f0e4a679,0.53,100,0.53,0.53,0.0,0.0
file22f0e4a679,0.53,100,0.53,0.53,0.0,0.0
file22f0e4a679,0.53,100,0.53,0.55,0.02,0.0
file22f0e4a679,0.53,100,0.53,0.52,0.01,0.0
file22f0e4a679,0.53,100,0.53,0.54,0.01,0.0
file22f0e4a679,0.53,100,0.53,0.53,0.0,0.0
file22f0e4a679,0.58,100,0.58,0.59,0.01,0.0
file22f0e4a679,0.58,100,0.58,0.56,0.02,0.0
file22f0e4a679,0.58,100,0.58,0.59,0.01,0.0
file22f0e4a679,0.58,100,0.58,0.57,0.01,0.0
file22f0e4a679,0.58,100,0.58,0.6,0.02,0.0
file22f0e4a679,0.58,100,0.58,0.57,0.01,0.0
file22f0e4a679,0.58,100,0.58,0.59,0.01,0.0
file22f0e4a679,0.58,100,0.58,0.59,0.01,0.0
file22f0e4a679,0.58,100,0.58,0.59,0.01,0.0
file22f0e4a679,0.58,100,0.58,0.59,0.01,0.0
file22f0e4a679,0.63,100,0.63,0.63,0.0,0.0
file22f0e4a679,0.63,100,0.63,0.62,0.01,0.0
file22f0e4a679,0.63,100,0.63,0.62,0.01,0.0
file22f0e4a679,0.63,100,0.63,0.65,0.02,0.0
file22f0e4a679,0.63,100,0.63,0.63,0.0,0.0
file22f0e4a679,0.63,100,0.63,0.64,0.01,0.0009350776672363281
file22f0e4a679,0.63,100,0.63,0.64,0.01,0.0
file22f0e4a679,0.63,100,0.63,0.62,0.01,0.0
file22f0e4a679,0.63,100,0.63,0.64,0.01,0.0
file22f0e4a679,0.63,100,0.63,0.65,0.02,0.0
file22f0e4a679,0.68,100,0.68,0.69,0.01,0.0
file22f0e4a679,0.68,100,0.68,0.68,0.0,0.0
file22f0e4a679,0.68,100,0.68,0.68,0.0,0.0
file22f0e4a679,0.68,100,0.68,0.67,0.01,0.0
file22f0e4a679,0.68,100,0.68,0.68,0.0,0.0
file22f0e4a679,0.68,100,0.68,0.68,0.0,0.0
file22f0e4a679,0.68,100,0.68,0.68,0.0,0.0
file22f0e4a679,0.68,100,0.68,0.67,0.01,0.0006985664367675781
file22f0e4a679,0.68,100,0.68,0.69,0.01,0.0
file22f0e4a679,0.68,100,0.68,0.67,0.01,0.0
file22f0e4a679,0.74,100,0.74,0.74,0.0,0.0
file22f0e4a679,0.74,100,0.74,0.74,0.0,0.0
file22f0e4a679,0.74,100,0.74,0.74,0.0,0.0
file22f0e4a679,0.74,100,0.74,0.72,0.02,0.0
file22f0e4a679,0.74,100,0.74,0.76,0.02,0.0
file22f0e4a679,0.74,100,0.74,0.73,0.01,0.0
file22f0e4a679,0.74,100,0.74,0.76,0.02,0.0
file22f0e4a679,0.74,100,0.74,0.74,0.0,0.0
file22f0e4a679,0.74,100,0.74,0.74,0.0,0.0
file22f0e4a679,0.74,100,0.74,0.73,0.01,0.0
file22f0e4a679,0.79,100,0.79,0.8,0.01,0.0
file22f0e4a679,0.79,100,0.79,0.79,0.0,0.0
file22f0e4a679,0.79,100,0.79,0.81,0.02,0.0
file22f0e4a679,0.79,100,0.79,0.8,0.01,0.0
file22f0e4a679,0.79,100,0.79,0.8,0.01,0.0
file22f0e4a679,0.79,100,0.79,0.81,0.02,0.0
file22f0e4a679,0.79,100,0.79,0.8,0.01,0.0
file22f0e4a679,0.79,100,0.79,0.79,0.0,0.0
file22f0e4a679,0.79,100,0.79,0.81,0.02,0.0
file22f0e4a679,0.79,100,0.79,0.8,0.01,0.0
file22f0e4a679,0.84,100,0.84,0.86,0.02,0.013609170913696289
file22f0e4a679,0.84,100,0.84,0.84,0.0,0.0
file22f0e4a679,0.84,100,0.84,0.85,0.01,0.0
file22f0e4a679,0.84,100,0.84,0.83,0.01,0.0
file22f0e4a679,0.84,100,0.84,0.85,0.01,0.0
file22f0e4a679,0.84,100,0.84,0.84,0.0,0.0
file22f0e4a679,0.84,100,0.84,0.85,0.01,0.0
file22f0e4a679,0.84,100,0.84,0.85,0.01,0.0
file22f0e4a679,0.84,100,0.84,0.85,0.01,0.0
file22f0e4a679,0.84,100,0.84,0.84,0.0,0.0
file22f0e4a679,0.89,100,0.89,0.89,0.0,0.0
file22f0e4a679,0.89,100,0.89,0.89,0.0,0.0
file22f0e4a679,0.89,100,0.89,0.91,0.02,0.0
file22f0e4a679,0.89,100,0.89,0.89,0.0,0.0
file22f0e4a679,0.89,100,0.89,0.9,0.01,0.0
file22f0e4a679,0.89,100,0.89,0.89,0.0,0.0
file22f0e4a679,0.89,100,0.89,0.89,0.0,0.0
file22f0e4a679,0.89,100,0.89,0.91,0.02,0.0
file22f0e4a679,0.89,100,0.89,0.9,0.01,0.0
file22f0e4a679,0.89,100,0.89,0.9,0.01,0.0
file22f0e4a679,0.95,100,0.95,0.96,0.01,0.0
file22f0e4a679,0.95,100,0.95,0.97,0.02,0.0
file22f0e4a679,0.95,100,0.95,0.95,0.0,0.0
file22f0e4a679,0.95,100,0.95,0.97,0.02,0.0
file22f0e4a679,0.95,100,0.95,0.98,0.03,0.0
file22f0e4a679,0.95,100,0.95,0.97,0.02,0.0
file22f0e4a679,0.95,100,0.95,0.97,0.02,0.0
file22f0e4a679,0.95,100,0.95,0.97,0.02,0.0
file22f0e4a679,0.95,100,0.95,0.96,0.01,0.0
file22f0e4a679,0.95,100,0.95,0.97,0.02,0.0
file22f0e4a679,1.0,100,1.0,1.0,0.0,0.0
file22f0e4a679,1.0,100,1.0,1.0,0.0,0.0
file22f0e4a679,1.0,100,1.0,1.0,0.0,0.0
file22f0e4a679,1.0,100,1.0,1.0,0.0,0.0
file22f0e4a679,1.0,100,1.0,1.0,0.0,0.0
file22f0e4a679,1.0,100,1.0,1.0,0.0,0.0
file22f0e4a679,1.0,100,1.0,1.0,0.0,0.0
file22f0e4a679,1.0,100,1.0,1.0,0.0,0.0
file22f0e4a679,1.0,100,1.0,1.0,0.0,0.0
file22f0e4a679,1.0,100,1.0,1.0,0.0,0.0
file7b5365fa741c,0.0,100,0.0,0.0,0.0,0.0
file7b5365fa741c,0.0,100,0.0,0.0,0.0,0.0
file7b5365fa741c,0.0,100,0.0,0.05,0.05,0.0
file7b5365fa741c,0.0,100,0.0,0.0,0.0,0.0
file7b5365fa741c,0.0,100,0.0,0.0,0.0,0.0
file7b5365fa741c,0.0,100,0.0,0.0,0.0,0.0
file7b5365fa741c,0.0,100,0.0,0.05,0.05,0.0
file7b5365fa741c,0.0,100,0.0,0.05,0.05,0.0
file7b5365fa741c,0.0,100,0.0,0.0,0.0,0.0
file7b5365fa741c,0.0,100,0.0,0.0,0.0,0.0
file7b5365fa741c,0.05,100,0.05,0.0,0.05,0.0
file7b5365fa741c,0.05,100,0.05,0.02,0.03,0.0
file7b5365fa741c,0.05,100,0.05,0.09,0.04,0.0
file7b5365fa741c,0.05,100,0.05,0.04,0.01,0.0
file7b5365fa741c,0.05,100,0.05,0.09,0.04,0.0
file7b5365fa741c,0.05,100,0.05,0.07,0.02,0.0
file7b5365fa741c,0.05,100,0.05,0.0,0.05,0.0
file7b5365fa741c,0.05,100,0.05,0.04,0.01,0.0
file7b5365fa741c,0.05,100,0.05,0.0,0.05,0.0
file7b5365fa741c,0.05,100,0.05,0.07,0.02,0.0
file7b5365fa741c,0.11,100,0.11,0.13,0.02,0.0
file7b5365fa741c,0.11,100,0.11,0.15,0.04,0.0
file7b5365fa741c,0.11,100,0.11,0.09,0.02,0.0
file7b5365fa741c,0.11,100,0.11,0.09,0.02,0.0
file7b5365fa741c,0.11,100,0.11,0.2,0.09,0.0
file7b5365fa741c,0.11,100,0.11,0.24,0.13,0.0
file7b5365fa741c,0.11,100,0.11,0.04,0.07,0.0
file7b5365fa741c,0.11,100,0.11,0.07,0.04,0.0
file7b5365fa741c,0.11,100,0.11,0.04,0.07,0.0
file7b5365fa741c,0.11,100,0.11,0.16,0.05,0.0
file7b5365fa741c,0.16,100,0.16,0.15,0.01,0.0
file7b5365fa741c,0.16,100,0.16,0.16,0.0,0.0
file7b5365fa741c,0.16,100,0.16,0.13,0.03,0.0
file7b5365fa741c,0.16,100,0.16,0.22,0.06,0.0
file7b5365fa741c,0.16,100,0.16,0.24,0.08,0.0
file7b5365fa741c,0.16,100,0.16,0.09,0.07,0.0
file7b5365fa741c,0.16,100,0.16,0.18,0.02,0.0
file7b5365fa741c,0.16,100,0.16,0.09,0.07,0.0058782100677490234
file7b5365fa741c,0.16,100,0.16,0.11,0.05,0.0
file7b5365fa741c,0.16,100,0.16,0.07,0.09,0.0
file7b5365fa741c,0.21,100,0.21,0.27,0.06,0.0
file7b5365fa741c,0.21,100,0.21,0.2,0.01,0.0
file7b5365fa741c,0.21,100,0.21,0.31,0.1,0.0006613731384277344
file7b5365fa741c,0.21,100,0.21,0.29,0.08,0.0
file7b5365fa741c,0.21,100,0.21,0.18,0.03,0.0
file7b5365fa741c,0.21,100,0.21,0.16,0.05,0.0009152889251708984
file7b5365fa741c,0.21,100,0.21,0.16,0.05,0.0
file7b5365fa741c,0.21,100,0.21,0.16,0.05,0.0
file7b5365fa741c,0.21,100,0.21,0.29,0.08,0.0
file7b5365fa741c,0.21,100,0.21,0.18,0.03,0.0
file7b5365fa741c,0.26,100,0.26,0.35,0.09,0.0
file7b5365fa741c,0.26,100,0.26,0.27,0.01,0.0
file7b5365fa741c,0.26,100,0.26,0.33,0.07,0.0009963512420654297
file7b5365fa741c,0.26,100,0.26,0.18,0.08,0.0009999275207519531
file7b5365fa741c,0.26,100,0.26,0.24,0.02,6.67572021484375e-05
file7b5365fa741c,0.26,100,0.26,0.27,0.01,0.0
file7b5365fa741c,0.26,100,0.26,0.25,0.01,0.000518798828125
file7b5365fa741c,0.26,100,0.26,0.22,0.04,0.0
file7b5365fa741c,0.26,100,0.26,0.25,0.01,0.0
file7b5365fa741c,0.26,100,0.26,0.25,0.01,0.006146430969238281
file7b5365fa741c,0.32,100,0.32,0.36,0.04,0.0
file7b5365fa741c,0.32,100,0.32,0.33,0.01,0.0
file7b5365fa741c,0.32,100,0.32,0.36,0.04,0.0
file7b5365fa741c,0.32,100,0.32,0.29,0.03,0.0004296302795410156
file7b5365fa741c,0.32,100,0.32,0.35,0.03,0.0
file7b5365fa741c,0.32,100,0.32,0.33,0.01,0.0003464221954345703
file7b5365fa741c,0.32,100,0.32,0.27,0.05,0.00099945068359375
file7b5365fa741c,0.32,100,0.32,0.29,0.03,0.0
file7b5365fa741c,0.32,100,0.32,0.24,0.08,0.0
file7b5365fa741c,0.32,100,0.32,0.33,0.01,0.0
file7b5365fa741c,0.37,100,0.37,0.42,0.05,0.0
file7b5365fa741c,0.37,100,0.37,0.38,0.01,0.0
file7b5365fa741c,0.37,100,0.37,0.29,0.08,0.0
file7b5365fa741c,0.37,100,0.37,0.4,0.03,0.0
file7b5365fa741c,0.37,100,0.37,0.33,0.04,0.0
file7b5365fa741c,0.37,100,0.37,0.33,0.04,0.0
file7b5365fa741c,0.37,100,0.37,0.38,0.01,0.0
file7b5365fa741c,0.37,100,0.37,0.29,0.08,0.0
file7b5365fa741c,0.37,100,0.37,0.38,0.01,0.0
file7b5365fa741c,0.37,100,0.37,0.31,0.06,0.0
file7b5365fa741c,0.42,100,0.42,0.49,0.07,0.0
file7b5365fa741c,0.42,100,0.42,0.38,0.04,0.0
file7b5365fa741c,0.42,100,0.42,0.27,0.15,0.0
file7b5365fa741c,0.42,100,0.42,0.44,0.02,0.0
file7b5365fa741c,0.42,100,0.42,0.4,0.02,0.0
file7b5365fa741c,0.42,100,0.42,0.4,0.02,0.0
file7b5365fa741c,0.42,100,0.42,0.4,0.02,0.0
file7b5365fa741c,0.42,100,0.42,0.38,0.04,0.0
file7b5365fa741c,0.42,100,0.42,0.33,0.09,0.0005404949188232422
file7b5365fa741c,0.42,100,0.42,0.4,0.02,0.0
file7b5365fa741c,0.47,100,0.47,0.44,0.03,0.0
file7b5365fa741c,0.47,100,0.47,0.38,0.09,0.0
file7b5365fa741c,0.47,100,0.47,0.53,0.06,0.0009992122650146484
file7b5365fa741c,0.47,100,0.47,0.53,0.06,0.0
file7b5365fa741c,0.47,100,0.47,0.45,0.02,0.0009987354278564453
file7b5365fa741c,0.47,100,0.47,0.4,0.07,0.0
file7b5365fa741c,0.47,100,0.47,0.42,0.05,0.0
file7b5365fa741c,0.47,100,0.47,0.49,0.02,0.0
file7b5365fa741c,0.47,100,0.47,0.49,0.02,0.0
file7b5365fa741c,0.47,100,0.47,0.44,0.03,0.0
file7b5365fa741c,0.53,100,0.53,0.45,0.08,0.0
file7b5365fa741c,0.53,100,0.53,0.47,0.06,0.0
file7b5365fa741c,0.53,100,0.53,0.6,0.07,0.0
file7b5365fa741c,0.53,100,0.53,0.58,0.05,0.0009436607360839844
file7b5365fa741c,0.53,100,0.53,0.47,0.06,0.0
file7b5365fa741c,0.53,100,0.53,0.49,0.04,0.0
file7b5365fa741c,0.53,100,0.53,0.64,0.11,0.0
file7b5365fa741c,0.53,100,0.53,0.47,0.06,0.0
file7b5365fa741c,0.53,100,0.53,0.51,0.02,0.0
file7b5365fa741c,0.53,100,0.53,0.53,0.0,0.0
file7b5365fa741c,0.58,100,0.58,0.62,0.04,0.0
file7b5365fa741c,0.58,100,0.58,0.53,0.05,0.0
file7b5365fa741c,0.58,100,0.58,0.56,0.02,0.0
file7b5365fa741c,0.58,100,0.58,0.58,0.0,0.0
file7b5365fa741c,0.58,100,0.58,0.55,0.03,0.000997304916381836
file7b5365fa741c,0.58,100,0.58,0.45,0.13,0.0
file7b5365fa741c,0.58,100,0.58,0.58,0.0,0.0
file7b5365fa741c,0.58,100,0.58,0.55,0.03,0.00030231475830078125
file7b5365fa741c,0.58,100,0.58,0.55,0.03,0.0
file7b5365fa741c,0.58,100,0.58,0.62,0.04,0.0
file7b5365fa741c,0.63,100,0.63,0.67,0.04,0.0
file7b5365fa741c,0.63,100,0.63,0.62,0.01,0.0
file7b5365fa741c,0.63,100,0.63,0.6,0.03,0.0
file7b5365fa741c,0.63,100,0.63,0.58,0.05,0.0
file7b5365fa741c,0.63,100,0.63,0.64,0.01,0.0
file7b5365fa741c,0.63,100,0.63,0.64,0.01,0.0
file7b5365fa741c,0.63,100,0.63,0.53,0.1,0.0
file7b5365fa741c,0.63,100,0.63,0.6,0.03,0.0
file7b5365fa741c,0.63,100,0.63,0.73,0.1,0.0
file7b5365fa741c,0.63,100,0.63,0.62,0.01,0.0010042190551757812
file7b5365fa741c,0.68,100,0.68,0.67,0.01,0.0
file7b5365fa741c,0.68,100,0.68,0.87,0.19,0.0
file7b5365fa741c,0.68,100,0.68,0.69,0.01,0.0
file7b5365fa741c,0.68,100,0.68,0.58,0.1,0.0
file7b5365fa741c,0.68,100,0.68,0.62,0.06,0.0010128021240234375
file7b5365fa741c,0.68,100,0.68,0.51,0.17,0.0
file7b5365fa741c,0.68,100,0.68,0.78,0.1,0.0
file7b5365fa741c,0.68,100,0.68,0.69,0.01,0.0
file7b5365fa741c,0.68,100,0.68,0.6,0.08,0.0
file7b5365fa741c,0.68,100,0.68,0.58,0.1,0.0
file7b5365fa741c,0.74,100,0.74,0.69,0.05,0.0
file7b5365fa741c,0.74,100,0.74,0.71,0.03,0.0010023117065429688
file7b5365fa741c,0.74,100,0.74,0.75,0.01,0.0
file7b5365fa741c,0.74,100,0.74,0.73,0.01,0.0
file7b5365fa741c,0.74,100,0.74,0.71,0.03,0.0
file7b5365fa741c,0.74,100,0.74,0.64,0.1,0.0
file7b5365fa741c,0.74,100,0.74,0.64,0.1,0.000997781753540039
file7b5365fa741c,0.74,100,0.74,0.69,0.05,0.0009989738464355469
file7b5365fa741c,0.74,100,0.74,0.71,0.03,0.0
file7b5365fa741c,0.74,100,0.74,0.76,0.02,0.0
file7b5365fa741c,0.79,100,0.79,0.69,0.1,0.0
file7b5365fa741c,0.79,100,0.79,0.75,0.04,0.0
file7b5365fa741c,0.79,100,0.79,0.78,0.01,0.0
file7b5365fa741c,0.79,100,0.79,0.75,0.04,0.0
file7b5365fa741c,0.79,100,0.79,0.6,0.19,0.0010938644409179688
file7b5365fa741c,0.79,100,0.79,0.65,0.14,0.0
file7b5365fa741c,0.79,100,0.79,0.78,0.01,0.0
file7b5365fa741c,0.79,100,0.79,0.85,0.06,0.0
file7b5365fa741c,0.79,100,0.79,0.8,0.01,0.0
file7b5365fa741c,0.79,100,0.79,0.75,0.04,0.0
file7b5365fa741c,0.84,100,0.84,0.73,0.11,0.0
file7b5365fa741c,0.84,100,0.84,0.95,0.11,0.0
file7b5365fa741c,0.84,100,0.84,0.73,0.11,0.0010018348693847656
file7b5365fa741c,0.84,100,0.84,0.84,0.0,0.0
file7b5365fa741c,0.84,100,0.84,0.87,0.03,0.0
file7b5365fa741c,0.84,100,0.84,0.8,0.04,0.0
file7b5365fa741c,0.84,100,0.84,0.84,0.0,0.0
file7b5365fa741c,0.84,100,0.84,0.89,0.05,0.0
file7b5365fa741c,0.84,100,0.84,0.84,0.0,0.0
file7b5365fa741c,0.84,100,0.84,0.82,0.02,0.0006353855133056641
file7b5365fa741c,0.89,100,0.89,1.0,0.11,0.0
file7b5365fa741c,0.89,100,0.89,0.8,0.09,0.0
file7b5365fa741c,0.89,100,0.89,0.91,0.02,0.0
file7b5365fa741c,0.89,100,0.89,0.85,0.04,0.0
file7b5365fa741c,0.89,100,0.89,0.89,0.0,0.0
file7b5365fa741c,0.89,100,0.89,0.84,0.05,0.0
file7b5365fa741c,0.89,100,0.89,0.82,0.07,0.0
file7b5365fa741c,0.89,100,0.89,0.87,0.02,0.000993967056274414
file7b5365fa741c,0.89,100,0.89,0.89,0.0,0.0006659030914306641
file7b5365fa741c,0.89,100,0.89,0.89,0.0,0.0
file7b5365fa741c,0.95,100,0.95,1.0,0.05,0.0
file7b5365fa741c,0.95,100,0.95,0.95,0.0,0.0
file7b5365fa741c,0.95,100,0.95,1.0,0.05,0.0
file7b5365fa741c,0.95,100,0.95,1.0,0.05,0.0
file7b5365fa741c,0.95,100,0.95,0.76,0.19,0.0
file7b5365fa741c,0.95,100,0.95,1.0,0.05,0.0
file7b5365fa741c,0.95,100,0.95,1.0,0.05,0.0
file7b5365fa741c,0.95,100,0.95,0.98,0.03,0.0
file7b5365fa741c,0.95,100,0.95,0.93,0.02,0.0
file7b5365fa741c,0.95,100,0.95,0.91,0.04,0.0
file7b5365fa741c,1.0,100,1.0,1.0,0.0,0.0
file7b5365fa741c,1.0,100,1.0,0.98,0.02,0.0
file7b5365fa741c,1.0,100,1.0,1.0,0.0,0.0
file7b5365fa741c,1.0,100,1.0,0.93,0.07,0.0009999275207519531
file7b5365fa741c,1.0,100,1.0,0.91,0.09,0.0
file7b5365fa741c,1.0,100,1.0,0.95,0.05,0.0
file7b5365fa741c,1.0,100,1.0,1.0,0.0,0.0
file7b5365fa741c,1.0,100,1.0,0.95,0.05,0.0
file7b5365fa741c,1.0,100,1.0,0.95,0.05,0.0
file7b5365fa741c,1.0,100,1.0,1.0,0.0,0.0
houses,0.0,100,0.0,0.01,0.01,0.0
houses,0.0,100,0.0,0.0,0.0,0.0
houses,0.0,100,0.0,0.0,0.0,0.0
houses,0.0,100,0.0,0.0,0.0,0.0
houses,0.0,100,0.0,0.0,0.0,0.0010111331939697266
houses,0.0,100,0.0,0.0,0.0,0.0
houses,0.0,100,0.0,0.01,0.01,0.0
houses,0.0,100,0.0,0.02,0.02,0.0
houses,0.0,100,0.0,0.0,0.0,0.0
houses,0.0,100,0.0,0.0,0.0,0.0
houses,0.05,100,0.05,0.05,0.0,0.0
houses,0.05,100,0.05,0.09,0.04,0.0005869865417480469
houses,0.05,100,0.05,0.03,0.02,0.0
houses,0.05,100,0.05,0.05,0.0,0.0
houses,0.05,100,0.05,0.07,0.02,0.0
houses,0.05,100,0.05,0.03,0.02,0.005526304244995117
houses,0.05,100,0.05,0.09,0.04,0.0
houses,0.05,100,0.05,0.07,0.02,0.0009999275207519531
houses,0.05,100,0.05,0.04,0.01,0.0
houses,0.05,100,0.05,0.04,0.01,0.0
houses,0.11,100,0.11,0.1,0.01,0.0009980201721191406
houses,0.11,100,0.11,0.15,0.04,0.001007080078125
houses,0.11,100,0.11,0.12,0.01,0.0011119842529296875
houses,0.11,100,0.11,0.13,0.02,0.0
houses,0.11,100,0.11,0.08,0.03,0.0
houses,0.11,100,0.11,0.1,0.01,0.0
houses,0.11,100,0.11,0.1,0.01,0.0
houses,0.11,100,0.11,0.12,0.01,0.001123189926147461
houses,0.11,100,0.11,0.1,0.01,0.0
houses,0.11,100,0.11,0.11,0.0,0.0
houses,0.16,100,0.16,0.16,0.0,0.0010094642639160156
houses,0.16,100,0.16,0.14,0.02,0.0
houses,0.16,100,0.16,0.15,0.01,0.0010230541229248047
houses,0.16,100,0.16,0.16,0.0,0.0011126995086669922
houses,0.16,100,0.16,0.18,0.02,0.0
houses,0.16,100,0.16,0.16,0.0,0.0
houses,0.16,100,0.16,0.15,0.01,0.0
houses,0.16,100,0.16,0.15,0.01,0.0
houses,0.16,100,0.16,0.16,0.0,0.0
houses,0.16,100,0.16,0.16,0.0,0.0
houses,0.21,100,0.21,0.18,0.03,0.0
houses,0.21,100,0.21,0.22,0.01,0.0
houses,0.21,100,0.21,0.23,0.02,0.000980377197265625
houses,0.21,100,0.21,0.2,0.01,0.0
houses,0.21,100,0.21,0.2,0.01,0.0
houses,0.21,100,0.21,0.21,0.0,0.0
houses,0.21,100,0.21,0.2,0.01,0.0
houses,0.21,100,0.21,0.18,0.03,0.0010025501251220703
houses,0.21,100,0.21,0.23,0.02,0.0
houses,0.21,100,0.21,0.22,0.01,0.0
houses,0.26,100,0.26,0.26,0.0,0.0010025501251220703
houses,0.26,100,0.26,0.24,0.02,0.0
houses,0.26,100,0.26,0.27,0.01,0.0
houses,0.26,100,0.26,0.3,0.04,0.0
houses,0.26,100,0.26,0.27,0.01,0.001111745834350586
houses,0.26,100,0.26,0.28,0.02,0.0
houses,0.26,100,0.26,0.27,0.01,0.0
houses,0.26,100,0.26,0.25,0.01,0.0
houses,0.26,100,0.26,0.25,0.01,0.0
houses,0.26,100,0.26,0.24,0.02,0.0
houses,0.32,100,0.32,0.32,0.0,0.0
houses,0.32,100,0.32,0.34,0.02,0.0
houses,0.32,100,0.32,0.36,0.04,0.0
houses,0.32,100,0.32,0.32,0.0,0.0011119842529296875
houses,0.32,100,0.32,0.33,0.01,0.0
houses,0.32,100,0.32,0.33,0.01,0.0009915828704833984
houses,0.32,100,0.32,0.33,0.01,0.0
houses,0.32,100,0.32,0.32,0.0,0.0
houses,0.32,100,0.32,0.33,0.01,0.0
houses,0.32,100,0.32,0.34,0.02,0.0006010532379150391
houses,0.37,100,0.37,0.39,0.02,0.0
houses,0.37,100,0.37,0.34,0.03,0.0
houses,0.37,100,0.37,0.39,0.02,0.0
houses,0.37,100,0.37,0.37,0.0,0.0
houses,0.37,100,0.37,0.38,0.01,0.0
houses,0.37,100,0.37,0.37,0.0,0.0
houses,0.37,100,0.37,0.38,0.01,0.0
houses,0.37,100,0.37,0.38,0.01,0.0
houses,0.37,100,0.37,0.38,0.01,0.0
houses,0.37,100,0.37,0.41,0.04,0.0
houses,0.42,100,0.42,0.41,0.01,0.0
houses,0.42,100,0.42,0.45,0.03,0.0
houses,0.42,100,0.42,0.43,0.01,0.0
houses,0.42,100,0.42,0.43,0.01,0.0
houses,0.42,100,0.42,0.42,0.0,0.000997781753540039
houses,0.42,100,0.42,0.45,0.03,8.630752563476562e-05
houses,0.42,100,0.42,0.41,0.01,0.0
houses,0.42,100,0.42,0.42,0.0,0.0
houses,0.42,100,0.42,0.41,0.01,0.0
houses,0.42,100,0.42,0.45,0.03,0.0
houses,0.47,100,0.47,0.48,0.01,0.00043320655822753906
houses,0.47,100,0.47,0.48,0.01,0.0
houses,0.47,100,0.47,0.5,0.03,0.0
houses,0.47,100,0.47,0.49,0.02,0.0
houses,0.47,100,0.47,0.52,0.05,0.0
houses,0.47,100,0.47,0.51,0.04,0.0
houses,0.47,100,0.47,0.48,0.01,0.0
houses,0.47,100,0.47,0.5,0.03,0.0
houses,0.47,100,0.47,0.49,0.02,0.0
houses,0.47,100,0.47,0.47,0.0,0.0
houses,0.53,100,0.53,0.54,0.01,0.0
houses,0.53,100,0.53,0.55,0.02,0.0
houses,0.53,100,0.53,0.52,0.01,0.0
houses,0.53,100,0.53,0.55,0.02,0.0010235309600830078
houses,0.53,100,0.53,0.54,0.01,0.000995635986328125
houses,0.53,100,0.53,0.54,0.01,0.0
houses,0.53,100,0.53,0.51,0.02,0.0
houses,0.53,100,0.53,0.53,0.0,0.0
houses,0.53,100,0.53,0.53,0.0,0.0053157806396484375
houses,0.53,100,0.53,0.51,0.02,0.0
houses,0.58,100,0.58,0.59,0.01,0.0
houses,0.58,100,0.58,0.59,0.01,0.0
houses,0.58,100,0.58,0.59,0.01,0.00026154518127441406
houses,0.58,100,0.58,0.61,0.03,0.0
houses,0.58,100,0.58,0.58,0.0,0.0
houses,0.58,100,0.58,0.62,0.04,0.0009982585906982422
houses,0.58,100,0.58,0.58,0.0,0.0
houses,0.58,100,0.58,0.62,0.04,0.0
houses,0.58,100,0.58,0.61,0.03,0.0
houses,0.58,100,0.58,0.61,0.03,0.0
houses,0.63,100,0.63,0.63,0.0,0.0
houses,0.63,100,0.63,0.63,0.0,0.0
houses,0.63,100,0.63,0.6,0.03,0.0
houses,0.63,100,0.63,0.62,0.01,0.0
houses,0.63,100,0.63,0.6,0.03,0.0
houses,0.63,100,0.63,0.7,0.07,0.0004146099090576172
houses,0.63,100,0.63,0.64,0.01,0.0
houses,0.63,100,0.63,0.6,0.03,0.0
houses,0.63,100,0.63,0.67,0.04,0.00035834312438964844
houses,0.63,100,0.63,0.63,0.0,0.0
houses,0.68,100,0.68,0.7,0.02,0.0
houses,0.68,100,0.68,0.67,0.01,0.0
houses,0.68,100,0.68,0.72,0.04,0.0
houses,0.68,100,0.68,0.71,0.03,0.0
houses,0.68,100,0.68,0.7,0.02,0.0
houses,0.68,100,0.68,0.7,0.02,0.0
houses,0.68,100,0.68,0.68,0.0,0.0
houses,0.68,100,0.68,0.7,0.02,0.0
houses,0.68,100,0.68,0.68,0.0,0.0
houses,0.68,100,0.68,0.67,0.01,5.91278076171875e-05
houses,0.74,100,0.74,0.74,0.0,0.0
houses,0.74,100,0.74,0.75,0.01,0.0
houses,0.74,100,0.74,0.74,0.0,0.0
houses,0.74,100,0.74,0.73,0.01,0.0
houses,0.74,100,0.74,0.76,0.02,0.0
houses,0.74,100,0.74,0.75,0.01,0.0
houses,0.74,100,0.74,0.78,0.04,0.0
houses,0.74,100,0.74,0.78,0.04,0.0
houses,0.74,100,0.74,0.74,0.0,0.00104522705078125
houses,0.74,100,0.74,0.74,0.0,0.0
houses,0.79,100,0.79,0.79,0.0,0.0
houses,0.79,100,0.79,0.84,0.05,0.0
houses,0.79,100,0.79,0.83,0.04,0.0
houses,0.79,100,0.79,0.8,0.01,0.0
houses,0.79,100,0.79,0.79,0.0,0.0010085105895996094
houses,0.79,100,0.79,0.78,0.01,0.0
houses,0.79,100,0.79,0.79,0.0,0.0
houses,0.79,100,0.79,0.84,0.05,0.0
houses,0.79,100,0.79,0.8,0.01,0.0
houses,0.79,100,0.79,0.78,0.01,0.0
houses,0.84,100,0.84,0.84,0.0,0.0
houses,0.84,100,0.84,0.87,0.03,0.0
houses,0.84,100,0.84,0.83,0.01,0.0
houses,0.84,100,0.84,0.85,0.01,0.0
houses,0.84,100,0.84,0.85,0.01,0.0
houses,0.84,100,0.84,0.86,0.02,0.0008950233459472656
houses,0.84,100,0.84,0.84,0.0,0.000997304916381836
houses,0.84,100,0.84,0.87,0.03,0.0
houses,0.84,100,0.84,0.84,0.0,0.0
houses,0.84,100,0.84,0.88,0.04,0.0005643367767333984
houses,0.89,100,0.89,0.9,0.01,0.001001119613647461
houses,0.89,100,0.89,0.88,0.01,0.0
houses,0.89,100,0.89,0.89,0.0,0.0
houses,0.89,100,0.89,0.92,0.03,0.0005514621734619141
houses,0.89,100,0.89,0.9,0.01,0.0
houses,0.89,100,0.89,0.92,0.03,0.0
houses,0.89,100,0.89,0.89,0.0,0.0
houses,0.89,100,0.89,0.91,0.02,0.0009963512420654297
houses,0.89,100,0.89,0.85,0.04,0.0009872913360595703
houses,0.89,100,0.89,0.9,0.01,0.0
houses,0.95,100,0.95,0.95,0.0,0.0
houses,0.95,100,0.95,0.99,0.04,0.0
houses,0.95,100,0.95,0.97,0.02,0.0
houses,0.95,100,0.95,0.96,0.01,0.0
houses,0.95,100,0.95,0.97,0.02,0.0
houses,0.95,100,0.95,0.99,0.04,0.0
houses,0.95,100,0.95,0.99,0.04,0.0
houses,0.95,100,0.95,0.98,0.03,0.0
houses,0.95,100,0.95,0.97,0.02,0.001146554946899414
houses,0.95,100,0.95,0.96,0.01,0.0
houses,1.0,100,1.0,1.0,0.0,0.0
houses,1.0,100,1.0,1.0,0.0,0.0
houses,1.0,100,1.0,1.0,0.0,0.0
houses,1.0,100,1.0,1.0,0.0,0.0
houses,1.0,100,1.0,1.0,0.0,0.0
houses,1.0,100,1.0,0.99,0.01,0.0
houses,1.0,100,1.0,1.0,0.0,0.0
houses,1.0,100,1.0,1.0,0.0,0.0
houses,1.0,100,1.0,1.0,0.0,0.0
houses,1.0,100,1.0,1.0,0.0,0.0
kdd_JapaneseVowels,0.0,100,0.0,0.0,0.0,0.0002551078796386719
kdd_JapaneseVowels,0.0,100,0.0,0.0,0.0,0.0
kdd_JapaneseVowels,0.0,100,0.0,0.0,0.0,0.0
kdd_JapaneseVowels,0.0,100,0.0,0.0,0.0,0.0009927749633789062
kdd_JapaneseVowels,0.0,100,0.0,0.01,0.01,0.0
kdd_JapaneseVowels,0.0,100,0.0,0.01,0.01,0.0
kdd_JapaneseVowels,0.0,100,0.0,0.0,0.0,0.0
kdd_JapaneseVowels,0.0,100,0.0,0.0,0.0,0.0010061264038085938
kdd_JapaneseVowels,0.0,100,0.0,0.05,0.05,0.0
kdd_JapaneseVowels,0.0,100,0.0,0.01,0.01,0.0
kdd_JapaneseVowels,0.05,100,0.05,0.05,0.0,0.0
kdd_JapaneseVowels,0.05,100,0.05,0.09,0.04,0.0010013580322265625
kdd_JapaneseVowels,0.05,100,0.05,0.06,0.01,0.0
kdd_JapaneseVowels,0.05,100,0.05,0.07,0.02,0.0
kdd_JapaneseVowels,0.05,100,0.05,0.06,0.01,0.0
kdd_JapaneseVowels,0.05,100,0.05,0.06,0.01,0.0
kdd_JapaneseVowels,0.05,100,0.05,0.07,0.02,0.0006036758422851562
kdd_JapaneseVowels,0.05,100,0.05,0.06,0.01,0.0
kdd_JapaneseVowels,0.05,100,0.05,0.04,0.01,0.0050334930419921875
kdd_JapaneseVowels,0.05,100,0.05,0.06,0.01,0.0
kdd_JapaneseVowels,0.11,100,0.11,0.12,0.01,0.0
kdd_JapaneseVowels,0.11,100,0.11,0.13,0.02,0.0
kdd_JapaneseVowels,0.11,100,0.11,0.09,0.02,0.0
kdd_JapaneseVowels,0.11,100,0.11,0.08,0.03,0.0
kdd_JapaneseVowels,0.11,100,0.11,0.12,0.01,0.0
kdd_JapaneseVowels,0.11,100,0.11,0.09,0.02,0.0
kdd_JapaneseVowels,0.11,100,0.11,0.12,0.01,0.0010154247283935547
kdd_JapaneseVowels,0.11,100,0.11,0.12,0.01,0.0
kdd_JapaneseVowels,0.11,100,0.11,0.14,0.03,0.0
kdd_JapaneseVowels,0.11,100,0.11,0.11,0.0,0.0
kdd_JapaneseVowels,0.16,100,0.16,0.16,0.0,0.0
kdd_JapaneseVowels,0.16,100,0.16,0.14,0.02,0.0
kdd_JapaneseVowels,0.16,100,0.16,0.16,0.0,0.0
kdd_JapaneseVowels,0.16,100,0.16,0.15,0.01,0.0
kdd_JapaneseVowels,0.16,100,0.16,0.16,0.0,0.0
kdd_JapaneseVowels,0.16,100,0.16,0.18,0.02,0.0
kdd_JapaneseVowels,0.16,100,0.16,0.18,0.02,0.0
kdd_JapaneseVowels,0.16,100,0.16,0.2,0.04,0.0
kdd_JapaneseVowels,0.16,100,0.16,0.19,0.03,0.0
kdd_JapaneseVowels,0.16,100,0.16,0.15,0.01,0.0
kdd_JapaneseVowels,0.21,100,0.21,0.22,0.01,0.0005202293395996094
kdd_JapaneseVowels,0.21,100,0.21,0.21,0.0,0.0009968280792236328
kdd_JapaneseVowels,0.21,100,0.21,0.2,0.01,0.0009951591491699219
kdd_JapaneseVowels,0.21,100,0.21,0.19,0.02,0.0
kdd_JapaneseVowels,0.21,100,0.21,0.19,0.02,0.0
kdd_JapaneseVowels,0.21,100,0.21,0.22,0.01,0.0
kdd_JapaneseVowels,0.21,100,0.21,0.21,0.0,0.0003104209899902344
kdd_JapaneseVowels,0.21,100,0.21,0.21,0.0,0.0
kdd_JapaneseVowels,0.21,100,0.21,0.22,0.01,0.0
kdd_JapaneseVowels,0.21,100,0.21,0.27,0.06,0.0
kdd_JapaneseVowels,0.26,100,0.26,0.28,0.02,0.0
kdd_JapaneseVowels,0.26,100,0.26,0.27,0.01,0.0
kdd_JapaneseVowels,0.26,100,0.26,0.24,0.02,0.0
kdd_JapaneseVowels,0.26,100,0.26,0.26,0.0,0.0
kdd_JapaneseVowels,0.26,100,0.26,0.28,0.02,0.0
kdd_JapaneseVowels,0.26,100,0.26,0.26,0.0,0.0009949207305908203
kdd_JapaneseVowels,0.26,100,0.26,0.27,0.01,0.0011250972747802734
kdd_JapaneseVowels,0.26,100,0.26,0.29,0.03,0.0
kdd_JapaneseVowels,0.26,100,0.26,0.29,0.03,0.0
kdd_JapaneseVowels,0.26,100,0.26,0.28,0.02,0.0004496574401855469
kdd_JapaneseVowels,0.32,100,0.32,0.32,0.0,0.0
kdd_JapaneseVowels,0.32,100,0.32,0.32,0.0,0.0
kdd_JapaneseVowels,0.32,100,0.32,0.39,0.07,0.0
kdd_JapaneseVowels,0.32,100,0.32,0.31,0.01,0.0
kdd_JapaneseVowels,0.32,100,0.32,0.33,0.01,0.0
kdd_JapaneseVowels,0.32,100,0.32,0.33,0.01,0.0
kdd_JapaneseVowels,0.32,100,0.32,0.36,0.04,0.0
kdd_JapaneseVowels,0.32,100,0.32,0.34,0.02,0.0
kdd_JapaneseVowels,0.32,100,0.32,0.32,0.0,0.00099945068359375
kdd_JapaneseVowels,0.32,100,0.32,0.31,0.01,0.00041413307189941406
kdd_JapaneseVowels,0.37,100,0.37,0.38,0.01,0.0
kdd_JapaneseVowels,0.37,100,0.37,0.35,0.02,0.0
kdd_JapaneseVowels,0.37,100,0.37,0.38,0.01,0.0
kdd_JapaneseVowels,0.37,100,0.37,0.38,0.01,0.0
kdd_JapaneseVowels,0.37,100,0.37,0.39,0.02,0.0
kdd_JapaneseVowels,0.37,100,0.37,0.34,0.03,0.0
kdd_JapaneseVowels,0.37,100,0.37,0.39,0.02,0.0
kdd_JapaneseVowels,0.37,100,0.37,0.39,0.02,0.0
kdd_JapaneseVowels,0.37,100,0.37,0.36,0.01,0.0
kdd_JapaneseVowels,0.37,100,0.37,0.38,0.01,0.0
kdd_JapaneseVowels,0.42,100,0.42,0.41,0.01,7.653236389160156e-05
kdd_JapaneseVowels,0.42,100,0.42,0.35,0.07,0.0
kdd_JapaneseVowels,0.42,100,0.42,0.4,0.02,0.0009744167327880859
kdd_JapaneseVowels,0.42,100,0.42,0.46,0.04,0.0
kdd_JapaneseVowels,0.42,100,0.42,0.4,0.02,0.0004436969757080078
kdd_JapaneseVowels,0.42,100,0.42,0.46,0.04,0.0
kdd_JapaneseVowels,0.42,100,0.42,0.47,0.05,0.0
kdd_JapaneseVowels,0.42,100,0.42,0.41,0.01,0.0
kdd_JapaneseVowels,0.42,100,0.42,0.4,0.02,0.0
kdd_JapaneseVowels,0.42,100,0.42,0.44,0.02,0.0
kdd_JapaneseVowels,0.47,100,0.47,0.47,0.0,0.0
kdd_JapaneseVowels,0.47,100,0.47,0.48,0.01,0.0
kdd_JapaneseVowels,0.47,100,0.47,0.47,0.0,0.0
kdd_JapaneseVowels,0.47,100,0.47,0.46,0.01,0.0004150867462158203
kdd_JapaneseVowels,0.47,100,0.47,0.49,0.02,0.003770589828491211
kdd_JapaneseVowels,0.47,100,0.47,0.49,0.02,0.0
kdd_JapaneseVowels,0.47,100,0.47,0.51,0.04,0.0
kdd_JapaneseVowels,0.47,100,0.47,0.48,0.01,0.0
kdd_JapaneseVowels,0.47,100,0.47,0.46,0.01,0.0
kdd_JapaneseVowels,0.47,100,0.47,0.52,0.05,0.0
kdd_JapaneseVowels,0.53,100,0.53,0.54,0.01,0.0
kdd_JapaneseVowels,0.53,100,0.53,0.51,0.02,0.0
kdd_JapaneseVowels,0.53,100,0.53,0.51,0.02,0.0
kdd_JapaneseVowels,0.53,100,0.53,0.54,0.01,0.0
kdd_JapaneseVowels,0.53,100,0.53,0.52,0.01,0.0
kdd_JapaneseVowels,0.53,100,0.53,0.55,0.02,0.0010960102081298828
kdd_JapaneseVowels,0.53,100,0.53,0.48,0.05,0.0
kdd_JapaneseVowels,0.53,100,0.53,0.54,0.01,0.0
kdd_JapaneseVowels,0.53,100,0.53,0.59,0.06,0.0
kdd_JapaneseVowels,0.53,100,0.53,0.59,0.06,0.0
kdd_JapaneseVowels,0.58,100,0.58,0.6,0.02,0.0
kdd_JapaneseVowels,0.58,100,0.58,0.62,0.04,0.0
kdd_JapaneseVowels,0.58,100,0.58,0.54,0.04,0.005629301071166992
kdd_JapaneseVowels,0.58,100,0.58,0.55,0.03,0.0010006427764892578
kdd_JapaneseVowels,0.58,100,0.58,0.6,0.02,0.0
kdd_JapaneseVowels,0.58,100,0.58,0.56,0.02,0.0
kdd_JapaneseVowels,0.58,100,0.58,0.59,0.01,0.001001596450805664
kdd_JapaneseVowels,0.58,100,0.58,0.55,0.03,0.006083488464355469
kdd_JapaneseVowels,0.58,100,0.58,0.6,0.02,0.0
kdd_JapaneseVowels,0.58,100,0.58,0.6,0.02,0.0
kdd_JapaneseVowels,0.63,100,0.63,0.68,0.05,0.0
kdd_JapaneseVowels,0.63,100,0.63,0.62,0.01,0.0
kdd_JapaneseVowels,0.63,100,0.63,0.62,0.01,0.0
kdd_JapaneseVowels,0.63,100,0.63,0.59,0.04,0.0
kdd_JapaneseVowels,0.63,100,0.63,0.68,0.05,0.0
kdd_JapaneseVowels,0.63,100,0.63,0.67,0.04,0.0
kdd_JapaneseVowels,0.63,100,0.63,0.65,0.02,0.0
kdd_JapaneseVowels,0.63,100,0.63,0.61,0.02,0.0
kdd_JapaneseVowels,0.63,100,0.63,0.61,0.02,0.0
kdd_JapaneseVowels,0.63,100,0.63,0.68,0.05,0.0
kdd_JapaneseVowels,0.68,100,0.68,0.68,0.0,0.0
kdd_JapaneseVowels,0.68,100,0.68,0.71,0.03,0.0
kdd_JapaneseVowels,0.68,100,0.68,0.65,0.03,0.0
kdd_JapaneseVowels,0.68,100,0.68,0.68,0.0,0.0011777877807617188
kdd_JapaneseVowels,0.68,100,0.68,0.68,0.0,0.0060329437255859375
kdd_JapaneseVowels,0.68,100,0.68,0.71,0.03,0.001100778579711914
kdd_JapaneseVowels,0.68,100,0.68,0.72,0.04,0.006124019622802734
kdd_JapaneseVowels,0.68,100,0.68,0.71,0.03,0.0
kdd_JapaneseVowels,0.68,100,0.68,0.68,0.0,0.0
kdd_JapaneseVowels,0.68,100,0.68,0.75,0.07,0.0
kdd_JapaneseVowels,0.74,100,0.74,0.73,0.01,0.00044989585876464844
kdd_JapaneseVowels,0.74,100,0.74,0.75,0.01,0.0
kdd_JapaneseVowels,0.74,100,0.74,0.76,0.02,0.0
kdd_JapaneseVowels,0.74,100,0.74,0.74,0.0,0.0
kdd_JapaneseVowels,0.74,100,0.74,0.78,0.04,0.0
kdd_JapaneseVowels,0.74,100,0.74,0.78,0.04,0.0
kdd_JapaneseVowels,0.74,100,0.74,0.74,0.0,0.0
kdd_JapaneseVowels,0.74,100,0.74,0.75,0.01,0.0
kdd_JapaneseVowels,0.74,100,0.74,0.69,0.05,0.0
kdd_JapaneseVowels,0.74,100,0.74,0.71,0.03,0.0
kdd_JapaneseVowels,0.79,100,0.79,0.79,0.0,0.0005278587341308594
kdd_JapaneseVowels,0.79,100,0.79,0.82,0.03,0.0
kdd_JapaneseVowels,0.79,100,0.79,0.79,0.0,0.0
kdd_JapaneseVowels,0.79,100,0.79,0.8,0.01,0.0010063648223876953
kdd_JapaneseVowels,0.79,100,0.79,0.86,0.07,0.0
kdd_JapaneseVowels,0.79,100,0.79,0.82,0.03,0.0
kdd_JapaneseVowels,0.79,100,0.79,0.8,0.01,0.0
kdd_JapaneseVowels,0.79,100,0.79,0.81,0.02,0.0
kdd_JapaneseVowels,0.79,100,0.79,0.81,0.02,0.0
kdd_JapaneseVowels,0.79,100,0.79,0.86,0.07,0.0
kdd_JapaneseVowels,0.84,100,0.84,0.91,0.07,0.0
kdd_JapaneseVowels,0.84,100,0.84,0.89,0.05,0.0
kdd_JapaneseVowels,0.84,100,0.84,0.88,0.04,0.0
kdd_JapaneseVowels,0.84,100,0.84,0.81,0.03,0.0
kdd_JapaneseVowels,0.84,100,0.84,0.85,0.01,0.0
kdd_JapaneseVowels,0.84,100,0.84,0.87,0.03,0.0
kdd_JapaneseVowels,0.84,100,0.84,0.86,0.02,0.0
kdd_JapaneseVowels,0.84,100,0.84,0.86,0.02,0.0
kdd_JapaneseVowels,0.84,100,0.84,0.85,0.01,0.0
kdd_JapaneseVowels,0.84,100,0.84,0.85,0.01,0.0
kdd_JapaneseVowels,0.89,100,0.89,0.95,0.06,0.0010099411010742188
kdd_JapaneseVowels,0.89,100,0.89,0.91,0.02,0.0
kdd_JapaneseVowels,0.89,100,0.89,0.92,0.03,0.0009999275207519531
kdd_JapaneseVowels,0.89,100,0.89,0.93,0.04,0.0
kdd_JapaneseVowels,0.89,100,0.89,0.87,0.02,0.0
kdd_JapaneseVowels,0.89,100,0.89,0.88,0.01,0.0
kdd_JapaneseVowels,0.89,100,0.89,0.92,0.03,0.0
kdd_JapaneseVowels,0.89,100,0.89,0.92,0.03,0.0
kdd_JapaneseVowels,0.89,100,0.89,0.94,0.05,0.0
kdd_JapaneseVowels,0.89,100,0.89,0.87,0.02,0.0
kdd_JapaneseVowels,0.95,100,0.95,0.93,0.02,0.0
kdd_JapaneseVowels,0.95,100,0.95,0.98,0.03,0.0
kdd_JapaneseVowels,0.95,100,0.95,0.96,0.01,0.0
kdd_JapaneseVowels,0.95,100,0.95,0.99,0.04,0.0
kdd_JapaneseVowels,0.95,100,0.95,0.96,0.01,0.0
kdd_JapaneseVowels,0.95,100,0.95,0.88,0.07,0.0
kdd_JapaneseVowels,0.95,100,0.95,0.95,0.0,0.0010058879852294922
kdd_JapaneseVowels,0.95,100,0.95,1.0,0.05,0.0
kdd_JapaneseVowels,0.95,100,0.95,1.0,0.05,0.0009942054748535156
kdd_JapaneseVowels,0.95,100,0.95,0.93,0.02,0.0
kdd_JapaneseVowels,1.0,100,1.0,1.0,0.0,0.0010631084442138672
kdd_JapaneseVowels,1.0,100,1.0,0.99,0.01,0.0011026859283447266
kdd_JapaneseVowels,1.0,100,1.0,0.98,0.02,0.0
kdd_JapaneseVowels,1.0,100,1.0,1.0,0.0,0.0
kdd_JapaneseVowels,1.0,100,1.0,1.0,0.0,0.0
kdd_JapaneseVowels,1.0,100,1.0,0.99,0.01,0.0
kdd_JapaneseVowels,1.0,100,1.0,1.0,0.0,0.0009999275207519531
kdd_JapaneseVowels,1.0,100,1.0,1.0,0.0,0.0
kdd_JapaneseVowels,1.0,100,1.0,0.98,0.02,0.0
kdd_JapaneseVowels,1.0,100,1.0,0.99,0.01,0.0
MagicTelescope,0.0,100,0.0,0.0,0.0,0.0
MagicTelescope,0.0,100,0.0,0.08,0.08,0.0
MagicTelescope,0.0,100,0.0,0.0,0.0,0.0009844303131103516
MagicTelescope,0.0,100,0.0,0.0,0.0,0.0
MagicTelescope,0.0,100,0.0,0.04,0.04,0.0
MagicTelescope,0.0,100,0.0,0.04,0.04,0.0010929107666015625
MagicTelescope,0.0,100,0.0,0.0,0.0,0.0009999275207519531
MagicTelescope,0.0,100,0.0,0.0,0.0,0.0
MagicTelescope,0.0,100,0.0,0.0,0.0,0.0
MagicTelescope,0.0,100,0.0,0.0,0.0,0.0
MagicTelescope,0.05,100,0.05,0.0,0.05,0.0
MagicTelescope,0.05,100,0.05,0.04,0.01,0.0010075569152832031
MagicTelescope,0.05,100,0.05,0.02,0.03,0.0009918212890625
MagicTelescope,0.05,100,0.05,0.12,0.07,0.0010001659393310547
MagicTelescope,0.05,100,0.05,0.0,0.05,0.001001119613647461
MagicTelescope,0.05,100,0.05,0.1,0.05,0.0
MagicTelescope,0.05,100,0.05,0.12,0.07,0.0
MagicTelescope,0.05,100,0.05,0.08,0.03,0.0
MagicTelescope,0.05,100,0.05,0.08,0.03,0.0
MagicTelescope,0.05,100,0.05,0.0,0.05,0.0010066032409667969
MagicTelescope,0.11,100,0.11,0.2,0.09,0.0
MagicTelescope,0.11,100,0.11,0.08,0.03,0.0
MagicTelescope,0.11,100,0.11,0.08,0.03,0.0
MagicTelescope,0.11,100,0.11,0.14,0.03,0.0
MagicTelescope,0.11,100,0.11,0.08,0.03,0.0
MagicTelescope,0.11,100,0.11,0.08,0.03,0.0
MagicTelescope,0.11,100,0.11,0.0,0.11,0.0
MagicTelescope,0.11,100,0.11,0.12,0.01,0.0
MagicTelescope,0.11,100,0.11,0.06,0.05,0.0
MagicTelescope,0.11,100,0.11,0.06,0.05,0.0
MagicTelescope,0.16,100,0.16,0.18,0.02,0.004514932632446289
MagicTelescope,0.16,100,0.16,0.08,0.08,0.0
MagicTelescope,0.16,100,0.16,0.12,0.04,0.0
MagicTelescope,0.16,100,0.16,0.12,0.04,0.0
MagicTelescope,0.16,100,0.16,0.18,0.02,0.0
MagicTelescope,0.16,100,0.16,0.12,0.04,0.0
MagicTelescope,0.16,100,0.16,0.14,0.02,0.0
MagicTelescope,0.16,100,0.16,0.14,0.02,0.0
MagicTelescope,0.16,100,0.16,0.02,0.14,0.0
MagicTelescope,0.16,100,0.16,0.2,0.04,0.0
MagicTelescope,0.21,100,0.21,0.29,0.08,0.0
MagicTelescope,0.21,100,0.21,0.16,0.05,0.0
MagicTelescope,0.21,100,0.21,0.2,0.01,0.0
MagicTelescope,0.21,100,0.21,0.29,0.08,0.0
MagicTelescope,0.21,100,0.21,0.24,0.03,0.0
MagicTelescope,0.21,100,0.21,0.06,0.15,0.0
MagicTelescope,0.21,100,0.21,0.12,0.09,0.0
MagicTelescope,0.21,100,0.21,0.16,0.05,0.0
MagicTelescope,0.21,100,0.21,0.12,0.09,0.0
MagicTelescope,0.21,100,0.21,0.18,0.03,0.0
MagicTelescope,0.26,100,0.26,0.37,0.11,0.0
MagicTelescope,0.26,100,0.26,0.31,0.05,0.0
MagicTelescope,0.26,100,0.26,0.31,0.05,0.0
MagicTelescope,0.26,100,0.26,0.18,0.08,0.0
MagicTelescope,0.26,100,0.26,0.24,0.02,0.004086494445800781
MagicTelescope,0.26,100,0.26,0.22,0.04,0.0009951591491699219
MagicTelescope,0.26,100,0.26,0.27,0.01,0.0
MagicTelescope,0.26,100,0.26,0.22,0.04,0.0
MagicTelescope,0.26,100,0.26,0.2,0.06,0.0
MagicTelescope,0.26,100,0.26,0.33,0.07,0.0
MagicTelescope,0.32,100,0.32,0.31,0.01,0.0
MagicTelescope,0.32,100,0.32,0.35,0.03,0.0
MagicTelescope,0.32,100,0.32,0.31,0.01,0.0
MagicTelescope,0.32,100,0.32,0.41,0.09,0.0
MagicTelescope,0.32,100,0.32,0.29,0.03,0.0
MagicTelescope,0.32,100,0.32,0.22,0.1,0.0
MagicTelescope,0.32,100,0.32,0.29,0.03,0.0
MagicTelescope,0.32,100,0.32,0.45,0.13,0.0009987354278564453
MagicTelescope,0.32,100,0.32,0.43,0.11,0.0
MagicTelescope,0.32,100,0.32,0.24,0.08,0.0
MagicTelescope,0.37,100,0.37,0.39,0.02,0.0
MagicTelescope,0.37,100,0.37,0.45,0.08,0.0061414241790771484
MagicTelescope,0.37,100,0.37,0.27,0.1,0.0
MagicTelescope,0.37,100,0.37,0.31,0.06,0.0
MagicTelescope,0.37,100,0.37,0.31,0.06,0.0
MagicTelescope,0.37,100,0.37,0.41,0.04,0.0
MagicTelescope,0.37,100,0.37,0.47,0.1,0.0
MagicTelescope,0.37,100,0.37,0.55,0.18,0.0
MagicTelescope,0.37,100,0.37,0.37,0.0,0.0
MagicTelescope,0.37,100,0.37,0.29,0.08,0.0
MagicTelescope,0.42,100,0.42,0.53,0.11,0.0
MagicTelescope,0.42,100,0.42,0.43,0.01,0.0
MagicTelescope,0.42,100,0.42,0.45,0.03,0.0
MagicTelescope,0.42,100,0.42,0.37,0.05,0.0
MagicTelescope,0.42,100,0.42,0.45,0.03,0.0
MagicTelescope,0.42,100,0.42,0.45,0.03,0.0
MagicTelescope,0.42,100,0.42,0.43,0.01,0.0
MagicTelescope,0.42,100,0.42,0.39,0.03,0.0
MagicTelescope,0.42,100,0.42,0.45,0.03,0.0
MagicTelescope,0.42,100,0.42,0.43,0.01,0.0
MagicTelescope,0.47,100,0.47,0.39,0.08,0.0
MagicTelescope,0.47,100,0.47,0.37,0.1,0.0
MagicTelescope,0.47,100,0.47,0.53,0.06,0.0
MagicTelescope,0.47,100,0.47,0.65,0.18,0.0
MagicTelescope,0.47,100,0.47,0.39,0.08,0.0
MagicTelescope,0.47,100,0.47,0.51,0.04,0.0
MagicTelescope,0.47,100,0.47,0.41,0.06,0.0
MagicTelescope,0.47,100,0.47,0.41,0.06,0.0
MagicTelescope,0.47,100,0.47,0.37,0.1,0.015710830688476562
MagicTelescope,0.47,100,0.47,0.61,0.14,0.0
MagicTelescope,0.53,100,0.53,0.43,0.1,0.0
MagicTelescope,0.53,100,0.53,0.53,0.0,0.0
MagicTelescope,0.53,100,0.53,0.53,0.0,0.0
MagicTelescope,0.53,100,0.53,0.47,0.06,0.0
MagicTelescope,0.53,100,0.53,0.49,0.04,0.0
MagicTelescope,0.53,100,0.53,0.55,0.02,0.0
MagicTelescope,0.53,100,0.53,0.49,0.04,0.0
MagicTelescope,0.53,100,0.53,0.59,0.06,0.0
MagicTelescope,0.53,100,0.53,0.49,0.04,0.0
MagicTelescope,0.53,100,0.53,0.61,0.08,0.0
MagicTelescope,0.58,100,0.58,0.57,0.01,0.0
MagicTelescope,0.58,100,0.58,0.65,0.07,0.0
MagicTelescope,0.58,100,0.58,0.55,0.03,0.0
MagicTelescope,0.58,100,0.58,0.45,0.13,0.0
MagicTelescope,0.58,100,0.58,0.51,0.07,0.0
MagicTelescope,0.58,100,0.58,0.67,0.09,0.0
MagicTelescope,0.58,100,0.58,0.57,0.01,0.0
MagicTelescope,0.58,100,0.58,0.53,0.05,0.0
MagicTelescope,0.58,100,0.58,0.45,0.13,0.0
MagicTelescope,0.58,100,0.58,0.65,0.07,0.0
MagicTelescope,0.63,100,0.63,0.61,0.02,0.0
MagicTelescope,0.63,100,0.63,0.67,0.04,0.0
MagicTelescope,0.63,100,0.63,0.57,0.06,0.0
MagicTelescope,0.63,100,0.63,0.47,0.16,0.0
MagicTelescope,0.63,100,0.63,0.57,0.06,0.0
MagicTelescope,0.63,100,0.63,0.53,0.1,0.0
MagicTelescope,0.63,100,0.63,0.51,0.12,0.0
MagicTelescope,0.63,100,0.63,0.71,0.08,0.0
MagicTelescope,0.63,100,0.63,0.55,0.08,0.0
MagicTelescope,0.63,100,0.63,0.61,0.02,0.0
MagicTelescope,0.68,100,0.68,0.55,0.13,0.0
MagicTelescope,0.68,100,0.68,0.76,0.08,0.0
MagicTelescope,0.68,100,0.68,0.61,0.07,0.0
MagicTelescope,0.68,100,0.68,0.71,0.03,0.0
MagicTelescope,0.68,100,0.68,0.8,0.12,0.0
MagicTelescope,0.68,100,0.68,0.63,0.05,0.0
MagicTelescope,0.68,100,0.68,0.78,0.1,0.0
MagicTelescope,0.68,100,0.68,0.71,0.03,0.0
MagicTelescope,0.68,100,0.68,0.61,0.07,0.0
MagicTelescope,0.68,100,0.68,0.84,0.16,0.0
MagicTelescope,0.74,100,0.74,0.69,0.05,0.0
MagicTelescope,0.74,100,0.74,0.73,0.01,0.0
MagicTelescope,0.74,100,0.74,0.57,0.17,0.0
MagicTelescope,0.74,100,0.74,0.65,0.09,0.00099945068359375
MagicTelescope,0.74,100,0.74,0.61,0.13,0.0
MagicTelescope,0.74,100,0.74,0.73,0.01,0.0
MagicTelescope,0.74,100,0.74,0.71,0.03,0.0
MagicTelescope,0.74,100,0.74,0.78,0.04,0.0
MagicTelescope,0.74,100,0.74,0.71,0.03,0.0
MagicTelescope,0.74,100,0.74,0.57,0.17,0.0
MagicTelescope,0.79,100,0.79,0.88,0.09,0.0
MagicTelescope,0.79,100,0.79,0.9,0.11,0.0
MagicTelescope,0.79,100,0.79,0.8,0.01,0.0
MagicTelescope,0.79,100,0.79,0.94,0.15,0.0
MagicTelescope,0.79,100,0.79,0.9,0.11,0.0010089874267578125
MagicTelescope,0.79,100,0.79,0.73,0.06,0.0
MagicTelescope,0.79,100,0.79,0.88,0.09,0.0010099411010742188
MagicTelescope,0.79,100,0.79,0.84,0.05,0.0
MagicTelescope,0.79,100,0.79,0.84,0.05,0.0
MagicTelescope,0.79,100,0.79,0.71,0.08,0.0
MagicTelescope,0.84,100,0.84,0.8,0.04,0.0
MagicTelescope,0.84,100,0.84,0.76,0.08,0.0
MagicTelescope,0.84,100,0.84,0.82,0.02,0.0
MagicTelescope,0.84,100,0.84,0.92,0.08,0.0
MagicTelescope,0.84,100,0.84,0.94,0.1,0.0
MagicTelescope,0.84,100,0.84,0.9,0.06,0.0007722377777099609
MagicTelescope,0.84,100,0.84,0.78,0.06,0.0
MagicTelescope,0.84,100,0.84,0.96,0.12,0.0
MagicTelescope,0.84,100,0.84,0.63,0.21,0.0
MagicTelescope,0.84,100,0.84,0.82,0.02,0.0
MagicTelescope,0.89,100,0.89,1.0,0.11,0.0
MagicTelescope,0.89,100,0.89,0.71,0.18,0.0
MagicTelescope,0.89,100,0.89,0.82,0.07,0.0
MagicTelescope,0.89,100,0.89,0.88,0.01,0.0
MagicTelescope,0.89,100,0.89,0.96,0.07,0.0
MagicTelescope,0.89,100,0.89,0.98,0.09,0.0
MagicTelescope,0.89,100,0.89,0.82,0.07,0.0035867691040039062
MagicTelescope,0.89,100,0.89,0.92,0.03,0.0010061264038085938
MagicTelescope,0.89,100,0.89,0.8,0.09,0.000997781753540039
MagicTelescope,0.89,100,0.89,0.88,0.01,0.0
MagicTelescope,0.95,100,0.95,0.98,0.03,0.0003292560577392578
MagicTelescope,0.95,100,0.95,0.94,0.01,0.0
MagicTelescope,0.95,100,0.95,1.0,0.05,0.000995635986328125
MagicTelescope,0.95,100,0.95,1.0,0.05,0.0
MagicTelescope,0.95,100,0.95,0.92,0.03,0.0
MagicTelescope,0.95,100,0.95,1.0,0.05,0.0
MagicTelescope,0.95,100,0.95,1.0,0.05,0.0
MagicTelescope,0.95,100,0.95,0.94,0.01,0.0009891986846923828
MagicTelescope,0.95,100,0.95,1.0,0.05,0.0
MagicTelescope,0.95,100,0.95,0.9,0.05,0.0
MagicTelescope,1.0,100,1.0,0.96,0.04,0.0
MagicTelescope,1.0,100,1.0,1.0,0.0,0.0
MagicTelescope,1.0,100,1.0,1.0,0.0,0.0
MagicTelescope,1.0,100,1.0,1.0,0.0,0.0
MagicTelescope,1.0,100,1.0,0.88,0.12,0.0
MagicTelescope,1.0,100,1.0,1.0,0.0,0.0009922981262207031
MagicTelescope,1.0,100,1.0,1.0,0.0,0.0010001659393310547
MagicTelescope,1.0,100,1.0,1.0,0.0,0.0010075569152832031
MagicTelescope,1.0,100,1.0,1.0,0.0,0.0
MagicTelescope,1.0,100,1.0,0.86,0.14,0.0009953975677490234
page-blocks,0.0,100,0.0,0.0,0.0,0.0009262561798095703
page-blocks,0.0,100,0.0,0.0,0.0,0.0
page-blocks,0.0,100,0.0,0.0,0.0,0.0009963512420654297
page-blocks,0.0,100,0.0,0.0,0.0,0.0
page-blocks,0.0,100,0.0,0.0,0.0,0.0009996891021728516
page-blocks,0.0,100,0.0,0.0,0.0,0.0
page-blocks,0.0,100,0.0,0.0,0.0,0.0
page-blocks,0.0,100,0.0,0.0,0.0,0.0009999275207519531
page-blocks,0.0,100,0.0,0.0,0.0,0.0009999275207519531
page-blocks,0.0,100,0.0,0.0,0.0,0.0009982585906982422
page-blocks,0.05,100,0.05,0.0,0.05,0.0
page-blocks,0.05,100,0.05,0.0,0.05,0.0
page-blocks,0.05,100,0.05,0.0,0.05,0.0009996891021728516
page-blocks,0.05,100,0.05,0.0,0.05,0.0009992122650146484
page-blocks,0.05,100,0.05,0.0,0.05,0.0
page-blocks,0.05,100,0.05,0.0,0.05,0.0
page-blocks,0.05,100,0.05,0.0,0.05,0.0
page-blocks,0.05,100,0.05,0.0,0.05,0.0
page-blocks,0.05,100,0.05,0.0,0.05,0.0
page-blocks,0.05,100,0.05,0.0,0.05,0.0
page-blocks,0.11,100,0.11,0.0,0.11,0.0
page-blocks,0.11,100,0.11,0.0,0.11,0.0
page-blocks,0.11,100,0.11,0.08,0.03,0.0
page-blocks,0.11,100,0.11,0.02,0.09,0.0
page-blocks,0.11,100,0.11,0.0,0.11,0.0
page-blocks,0.11,100,0.11,0.0,0.11,0.0
page-blocks,0.11,100,0.11,0.0,0.11,0.0
page-blocks,0.11,100,0.11,0.0,0.11,0.0
page-blocks,0.11,100,0.11,0.0,0.11,0.0
page-blocks,0.11,100,0.11,0.0,0.11,0.0
page-blocks,0.16,100,0.16,0.0,0.16,0.0
page-blocks,0.16,100,0.16,0.1,0.06,0.0
page-blocks,0.16,100,0.16,0.03,0.13,0.0
page-blocks,0.16,100,0.16,0.0,0.16,0.0
page-blocks,0.16,100,0.16,0.07,0.09,0.0
page-blocks,0.16,100,0.16,0.0,0.16,0.0
page-blocks,0.16,100,0.16,0.1,0.06,0.0
page-blocks,0.16,100,0.16,0.07,0.09,0.0
page-blocks,0.16,100,0.16,0.1,0.06,0.0
page-blocks,0.16,100,0.16,0.0,0.16,0.0
page-blocks,0.21,100,0.21,0.0,0.21,0.0
page-blocks,0.21,100,0.21,0.08,0.13,0.0
page-blocks,0.21,100,0.21,0.13,0.08,0.0
page-blocks,0.21,100,0.21,0.1,0.11,0.0
page-blocks,0.21,100,0.21,0.15,0.06,0.0
page-blocks,0.21,100,0.21,0.03,0.18,0.0
page-blocks,0.21,100,0.21,0.1,0.11,0.007585287094116211
page-blocks,0.21,100,0.21,0.15,0.06,0.0
page-blocks,0.21,100,0.21,0.02,0.19,0.0
page-blocks,0.21,100,0.21,0.1,0.11,0.0
page-blocks,0.26,100,0.26,0.08,0.18,0.0
page-blocks,0.26,100,0.26,0.12,0.14,0.0
page-blocks,0.26,100,0.26,0.13,0.13,0.0
page-blocks,0.26,100,0.26,0.18,0.08,0.0
page-blocks,0.26,100,0.26,0.07,0.19,0.0
page-blocks,0.26,100,0.26,0.12,0.14,0.0
page-blocks,0.26,100,0.26,0.12,0.14,0.0
page-blocks,0.26,100,0.26,0.17,0.09,0.0
page-blocks,0.26,100,0.26,0.17,0.09,0.0
page-blocks,0.26,100,0.26,0.15,0.11,0.0
page-blocks,0.32,100,0.32,0.15,0.17,0.0
page-blocks,0.32,100,0.32,0.22,0.1,0.0
page-blocks,0.32,100,0.32,0.32,0.0,0.0
page-blocks,0.32,100,0.32,0.23,0.09,0.0
page-blocks,0.32,100,0.32,0.17,0.15,0.0
page-blocks,0.32,100,0.32,0.27,0.05,0.0
page-blocks,0.32,100,0.32,0.2,0.12,0.015626192092895508
page-blocks,0.32,100,0.32,0.23,0.09,0.0
page-blocks,0.32,100,0.32,0.23,0.09,0.0
page-blocks,0.32,100,0.32,0.28,0.04,0.0
page-blocks,0.37,100,0.37,0.23,0.14,0.0
page-blocks,0.37,100,0.37,0.22,0.15,0.0
page-blocks,0.37,100,0.37,0.3,0.07,0.0
page-blocks,0.37,100,0.37,0.25,0.12,0.0
page-blocks,0.37,100,0.37,0.3,0.07,0.0
page-blocks,0.37,100,0.37,0.28,0.09,0.0
page-blocks,0.37,100,0.37,0.17,0.2,0.0
page-blocks,0.37,100,0.37,0.28,0.09,0.0
page-blocks,0.37,100,0.37,0.25,0.12,0.0
page-blocks,0.37,100,0.37,0.28,0.09,0.0
page-blocks,0.42,100,0.42,0.4,0.02,0.0
page-blocks,0.42,100,0.42,0.35,0.07,0.0
page-blocks,0.42,100,0.42,0.27,0.15,0.0
page-blocks,0.42,100,0.42,0.37,0.05,0.0
page-blocks,0.42,100,0.42,0.35,0.07,0.0
page-blocks,0.42,100,0.42,0.28,0.14,0.0
page-blocks,0.42,100,0.42,0.32,0.1,0.0
page-blocks,0.42,100,0.42,0.33,0.09,0.01570606231689453
page-blocks,0.42,100,0.42,0.28,0.14,0.0
page-blocks,0.42,100,0.42,0.3,0.12,0.0
page-blocks,0.47,100,0.47,0.35,0.12,0.01569390296936035
page-blocks,0.47,100,0.47,0.33,0.14,0.0
page-blocks,0.47,100,0.47,0.33,0.14,0.0
page-blocks,0.47,100,0.47,0.35,0.12,0.0
page-blocks,0.47,100,0.47,0.38,0.09,0.0
page-blocks,0.47,100,0.47,0.42,0.05,0.0
page-blocks,0.47,100,0.47,0.45,0.02,0.0
page-blocks,0.47,100,0.47,0.35,0.12,0.0
page-blocks,0.47,100,0.47,0.43,0.04,0.0
page-blocks,0.47,100,0.47,0.33,0.14,0.0
page-blocks,0.53,100,0.53,0.48,0.05,0.0
page-blocks,0.53,100,0.53,0.5,0.03,0.0
page-blocks,0.53,100,0.53,0.5,0.03,0.0
page-blocks,0.53,100,0.53,0.5,0.03,0.0
page-blocks,0.53,100,0.53,0.47,0.06,0.0
page-blocks,0.53,100,0.53,0.45,0.08,0.0
page-blocks,0.53,100,0.53,0.42,0.11,0.0
page-blocks,0.53,100,0.53,0.43,0.1,0.0
page-blocks,0.53,100,0.53,0.4,0.13,0.0
page-blocks,0.53,100,0.53,0.35,0.18,0.0
page-blocks,0.58,100,0.58,0.53,0.05,0.0
page-blocks,0.58,100,0.58,0.47,0.11,0.0
page-blocks,0.58,100,0.58,0.42,0.16,0.0
page-blocks,0.58,100,0.58,0.48,0.1,0.0
page-blocks,0.58,100,0.58,0.43,0.15,0.0
page-blocks,0.58,100,0.58,0.57,0.01,0.0
page-blocks,0.58,100,0.58,0.62,0.04,0.0
page-blocks,0.58,100,0.58,0.52,0.06,0.0
page-blocks,0.58,100,0.58,0.53,0.05,0.0
page-blocks,0.58,100,0.58,0.55,0.03,0.0
page-blocks,0.63,100,0.63,0.48,0.15,0.0
page-blocks,0.63,100,0.63,0.65,0.02,0.0
page-blocks,0.63,100,0.63,0.6,0.03,0.0
page-blocks,0.63,100,0.63,0.55,0.08,0.0
page-blocks,0.63,100,0.63,0.5,0.13,0.0
page-blocks,0.63,100,0.63,0.58,0.05,0.0
page-blocks,0.63,100,0.63,0.57,0.06,0.0
page-blocks,0.63,100,0.63,0.62,0.01,0.0
page-blocks,0.63,100,0.63,0.55,0.08,0.0
page-blocks,0.63,100,0.63,0.63,0.0,0.0
page-blocks,0.68,100,0.68,0.62,0.06,0.0
page-blocks,0.68,100,0.68,0.63,0.05,0.0
page-blocks,0.68,100,0.68,0.62,0.06,0.0
page-blocks,0.68,100,0.68,0.58,0.1,0.0
page-blocks,0.68,100,0.68,0.6,0.08,0.015616893768310547
page-blocks,0.68,100,0.68,0.58,0.1,0.0
page-blocks,0.68,100,0.68,0.57,0.11,0.0
page-blocks,0.68,100,0.68,0.62,0.06,0.0
page-blocks,0.68,100,0.68,0.63,0.05,0.0
page-blocks,0.68,100,0.68,0.6,0.08,0.0
page-blocks,0.74,100,0.74,0.68,0.06,0.0
page-blocks,0.74,100,0.74,0.67,0.07,0.0
page-blocks,0.74,100,0.74,0.7,0.04,0.0
page-blocks,0.74,100,0.74,0.68,0.06,0.0
page-blocks,0.74,100,0.74,0.63,0.11,0.0
page-blocks,0.74,100,0.74,0.65,0.09,0.0
page-blocks,0.74,100,0.74,0.67,0.07,0.015624523162841797
page-blocks,0.74,100,0.74,0.7,0.04,0.0
page-blocks,0.74,100,0.74,0.73,0.01,0.0
page-blocks,0.74,100,0.74,0.68,0.06,0.0
page-blocks,0.79,100,0.79,0.72,0.07,0.0
page-blocks,0.79,100,0.79,0.7,0.09,0.0
page-blocks,0.79,100,0.79,0.75,0.04,0.0
page-blocks,0.79,100,0.79,0.78,0.01,0.0
page-blocks,0.79,100,0.79,0.77,0.02,0.0
page-blocks,0.79,100,0.79,0.73,0.06,0.0
page-blocks,0.79,100,0.79,0.78,0.01,0.0
page-blocks,0.79,100,0.79,0.73,0.06,0.0
page-blocks,0.79,100,0.79,0.72,0.07,0.0
page-blocks,0.79,100,0.79,0.75,0.04,0.0
page-blocks,0.84,100,0.84,0.78,0.06,0.0
page-blocks,0.84,100,0.84,0.77,0.07,0.0
page-blocks,0.84,100,0.84,0.82,0.02,0.0
page-blocks,0.84,100,0.84,0.87,0.03,0.0
page-blocks,0.84,100,0.84,0.77,0.07,0.0
page-blocks,0.84,100,0.84,0.73,0.11,0.0
page-blocks,0.84,100,0.84,0.78,0.06,0.0
page-blocks,0.84,100,0.84,0.77,0.07,0.0
page-blocks,0.84,100,0.84,0.9,0.06,0.0
page-blocks,0.84,100,0.84,0.82,0.02,0.0
page-blocks,0.89,100,0.89,0.87,0.02,0.0
page-blocks,0.89,100,0.89,0.88,0.01,0.015704870223999023
page-blocks,0.89,100,0.89,0.85,0.04,0.0
page-blocks,0.89,100,0.89,0.85,0.04,0.0
page-blocks,0.89,100,0.89,0.85,0.04,0.0
page-blocks,0.89,100,0.89,0.93,0.04,0.0
page-blocks,0.89,100,0.89,0.87,0.02,0.0
page-blocks,0.89,100,0.89,0.83,0.06,0.0
page-blocks,0.89,100,0.89,0.88,0.01,0.0
page-blocks,0.89,100,0.89,0.83,0.06,0.0
page-blocks,0.95,100,0.95,0.95,0.0,0.0
page-blocks,0.95,100,0.95,0.93,0.02,0.0
page-blocks,0.95,100,0.95,0.92,0.03,0.0
page-blocks,0.95,100,0.95,0.97,0.02,0.0
page-blocks,0.95,100,0.95,0.97,0.02,0.0
page-blocks,0.95,100,0.95,0.93,0.02,0.01570749282836914
page-blocks,0.95,100,0.95,0.9,0.05,0.0
page-blocks,0.95,100,0.95,0.95,0.0,0.0
page-blocks,0.95,100,0.95,0.92,0.03,0.0
page-blocks,0.95,100,0.95,0.95,0.0,0.0
page-blocks,1.0,100,1.0,1.0,0.0,0.0
page-blocks,1.0,100,1.0,0.98,0.02,0.0
page-blocks,1.0,100,1.0,0.98,0.02,0.0
page-blocks,1.0,100,1.0,0.98,0.02,0.0
page-blocks,1.0,100,1.0,0.97,0.03,0.0
page-blocks,1.0,100,1.0,0.98,0.02,0.0
page-blocks,1.0,100,1.0,0.98,0.02,0.0
page-blocks,1.0,100,1.0,1.0,0.0,0.0
page-blocks,1.0,100,1.0,1.0,0.0,0.0
page-blocks,1.0,100,1.0,1.0,0.0,0.0
php50jXam,0.0,100,0.0,0.0,0.0,0.0
php50jXam,0.0,100,0.0,0.0,0.0,0.0
php50jXam,0.0,100,0.0,0.01,0.01,0.0
php50jXam,0.0,100,0.0,0.01,0.01,0.0
php50jXam,0.0,100,0.0,0.0,0.0,0.0
php50jXam,0.0,100,0.0,0.01,0.01,0.0
php50jXam,0.0,100,0.0,0.0,0.0,0.0
php50jXam,0.0,100,0.0,0.0,0.0,0.0
php50jXam,0.0,100,0.0,0.0,0.0,0.0
php50jXam,0.0,100,0.0,0.0,0.0,0.0
php50jXam,0.05,100,0.05,0.05,0.0,0.0
php50jXam,0.05,100,0.05,0.05,0.0,0.0
php50jXam,0.05,100,0.05,0.05,0.0,0.010578632354736328
php50jXam,0.05,100,0.05,0.05,0.0,0.0
php50jXam,0.05,100,0.05,0.06,0.01,0.0
php50jXam,0.05,100,0.05,0.04,0.01,0.0
php50jXam,0.05,100,0.05,0.06,0.01,0.0
php50jXam,0.05,100,0.05,0.06,0.01,0.0
php50jXam,0.05,100,0.05,0.06,0.01,0.0
php50jXam,0.05,100,0.05,0.04,0.01,0.0
php50jXam,0.11,100,0.11,0.11,0.0,0.0
php50jXam,0.11,100,0.11,0.1,0.01,0.0
php50jXam,0.11,100,0.11,0.11,0.0,0.0
php50jXam,0.11,100,0.11,0.11,0.0,0.015625715255737305
php50jXam,0.11,100,0.11,0.09,0.02,0.0
php50jXam,0.11,100,0.11,0.1,0.01,0.0
php50jXam,0.11,100,0.11,0.1,0.01,0.0
php50jXam,0.11,100,0.11,0.1,0.01,0.0
php50jXam,0.11,100,0.11,0.1,0.01,0.0
php50jXam,0.11,100,0.11,0.1,0.01,0.0
php50jXam,0.16,100,0.16,0.17,0.01,0.0
php50jXam,0.16,100,0.16,0.17,0.01,0.0
php50jXam,0.16,100,0.16,0.16,0.0,0.0
php50jXam,0.16,100,0.16,0.15,0.01,0.0
php50jXam,0.16,100,0.16,0.17,0.01,0.0
php50jXam,0.16,100,0.16,0.16,0.0,0.0
php50jXam,0.16,100,0.16,0.15,0.01,0.0
php50jXam,0.16,100,0.16,0.16,0.0,0.0
php50jXam,0.16,100,0.16,0.16,0.0,0.0
php50jXam,0.16,100,0.16,0.16,0.0,0.0
php50jXam,0.21,100,0.21,0.19,0.02,0.0
php50jXam,0.21,100,0.21,0.21,0.0,0.0
php50jXam,0.21,100,0.21,0.21,0.0,0.0
php50jXam,0.21,100,0.21,0.21,0.0,0.0
php50jXam,0.21,100,0.21,0.21,0.0,0.0
php50jXam,0.21,100,0.21,0.2,0.01,0.0
php50jXam,0.21,100,0.21,0.21,0.0,0.0
php50jXam,0.21,100,0.21,0.21,0.0,0.0
php50jXam,0.21,100,0.21,0.22,0.01,0.0
php50jXam,0.21,100,0.21,0.2,0.01,0.0
php50jXam,0.26,100,0.26,0.27,0.01,0.0
php50jXam,0.26,100,0.26,0.26,0.0,0.0
php50jXam,0.26,100,0.26,0.27,0.01,0.0
php50jXam,0.26,100,0.26,0.26,0.0,0.0
php50jXam,0.26,100,0.26,0.28,0.02,0.0
php50jXam,0.26,100,0.26,0.27,0.01,0.0
php50jXam,0.26,100,0.26,0.27,0.01,0.0
php50jXam,0.26,100,0.26,0.26,0.0,0.0
php50jXam,0.26,100,0.26,0.28,0.02,0.0
php50jXam,0.26,100,0.26,0.26,0.0,0.015619993209838867
php50jXam,0.32,100,0.32,0.33,0.01,0.0
php50jXam,0.32,100,0.32,0.32,0.0,0.0
php50jXam,0.32,100,0.32,0.32,0.0,0.0
php50jXam,0.32,100,0.32,0.33,0.01,0.0
php50jXam,0.32,100,0.32,0.33,0.01,0.0
php50jXam,0.32,100,0.32,0.32,0.0,0.0
php50jXam,0.32,100,0.32,0.33,0.01,0.0
php50jXam,0.32,100,0.32,0.34,0.02,0.0
php50jXam,0.32,100,0.32,0.31,0.01,0.0
php50jXam,0.32,100,0.32,0.33,0.01,0.0
php50jXam,0.37,100,0.37,0.37,0.0,0.0
php50jXam,0.37,100,0.37,0.38,0.01,0.0
php50jXam,0.37,100,0.37,0.37,0.0,0.0
php50jXam,0.37,100,0.37,0.38,0.01,0.0
php50jXam,0.37,100,0.37,0.36,0.01,0.0
php50jXam,0.37,100,0.37,0.38,0.01,0.0
php50jXam,0.37,100,0.37,0.37,0.0,0.0
php50jXam,0.37,100,0.37,0.37,0.0,0.0
php50jXam,0.37,100,0.37,0.36,0.01,0.0
php50jXam,0.37,100,0.37,0.36,0.01,0.0
php50jXam,0.42,100,0.42,0.41,0.01,0.0
php50jXam,0.42,100,0.42,0.43,0.01,0.0
php50jXam,0.42,100,0.42,0.44,0.02,0.0
php50jXam,0.42,100,0.42,0.42,0.0,0.0
php50jXam,0.42,100,0.42,0.42,0.0,0.0
php50jXam,0.42,100,0.42,0.4,0.02,0.0
php50jXam,0.42,100,0.42,0.43,0.01,0.0
php50jXam,0.42,100,0.42,0.42,0.0,0.0
php50jXam,0.42,100,0.42,0.42,0.0,0.0
php50jXam,0.42,100,0.42,0.43,0.01,0.0
php50jXam,0.47,100,0.47,0.48,0.01,0.0
php50jXam,0.47,100,0.47,0.48,0.01,0.0
php50jXam,0.47,100,0.47,0.48,0.01,0.0
php50jXam,0.47,100,0.47,0.45,0.02,0.0
php50jXam,0.47,100,0.47,0.46,0.01,0.0
php50jXam,0.47,100,0.47,0.47,0.0,0.0
php50jXam,0.47,100,0.47,0.46,0.01,0.0
php50jXam,0.47,100,0.47,0.47,0.0,0.0
php50jXam,0.47,100,0.47,0.46,0.01,0.0
php50jXam,0.47,100,0.47,0.47,0.0,0.0
php50jXam,0.53,100,0.53,0.54,0.01,0.0
php50jXam,0.53,100,0.53,0.53,0.0,0.0
php50jXam,0.53,100,0.53,0.51,0.02,0.0
php50jXam,0.53,100,0.53,0.52,0.01,0.0
php50jXam,0.53,100,0.53,0.53,0.0,0.0
php50jXam,0.53,100,0.53,0.53,0.0,0.0
php50jXam,0.53,100,0.53,0.54,0.01,0.0
php50jXam,0.53,100,0.53,0.53,0.0,0.0
php50jXam,0.53,100,0.53,0.53,0.0,0.0
php50jXam,0.53,100,0.53,0.53,0.0,0.0
php50jXam,0.58,100,0.58,0.57,0.01,0.0
php50jXam,0.58,100,0.58,0.58,0.0,0.0
php50jXam,0.58,100,0.58,0.58,0.0,0.0
php50jXam,0.58,100,0.58,0.57,0.01,0.0
php50jXam,0.58,100,0.58,0.6,0.02,0.00022363662719726562
php50jXam,0.58,100,0.58,0.6,0.02,0.0
php50jXam,0.58,100,0.58,0.56,0.02,0.0
php50jXam,0.58,100,0.58,0.57,0.01,0.0
php50jXam,0.58,100,0.58,0.58,0.0,0.002089262008666992
php50jXam,0.58,100,0.58,0.56,0.02,0.0
php50jXam,0.63,100,0.63,0.63,0.0,0.0
php50jXam,0.63,100,0.63,0.63,0.0,0.0
php50jXam,0.63,100,0.63,0.62,0.01,0.0
php50jXam,0.63,100,0.63,0.62,0.01,0.0
php50jXam,0.63,100,0.63,0.63,0.0,0.0
php50jXam,0.63,100,0.63,0.61,0.02,0.0
php50jXam,0.63,100,0.63,0.63,0.0,0.0
php50jXam,0.63,100,0.63,0.64,0.01,0.0009257793426513672
php50jXam,0.63,100,0.63,0.62,0.01,0.0
php50jXam,0.63,100,0.63,0.63,0.0,0.0
php50jXam,0.68,100,0.68,0.68,0.0,0.0005335807800292969
php50jXam,0.68,100,0.68,0.68,0.0,0.0
php50jXam,0.68,100,0.68,0.67,0.01,0.0
php50jXam,0.68,100,0.68,0.68,0.0,0.0
php50jXam,0.68,100,0.68,0.66,0.02,0.0
php50jXam,0.68,100,0.68,0.68,0.0,0.0
php50jXam,0.68,100,0.68,0.68,0.0,0.0
php50jXam,0.68,100,0.68,0.67,0.01,0.0
php50jXam,0.68,100,0.68,0.67,0.01,0.0011115074157714844
php50jXam,0.68,100,0.68,0.68,0.0,0.0
php50jXam,0.74,100,0.74,0.73,0.01,0.0
php50jXam,0.74,100,0.74,0.74,0.0,0.0
php50jXam,0.74,100,0.74,0.76,0.02,0.0
php50jXam,0.74,100,0.74,0.72,0.02,0.0
php50jXam,0.74,100,0.74,0.73,0.01,0.0
php50jXam,0.74,100,0.74,0.76,0.02,0.0
php50jXam,0.74,100,0.74,0.73,0.01,0.0005843639373779297
php50jXam,0.74,100,0.74,0.73,0.01,0.0
php50jXam,0.74,100,0.74,0.74,0.0,0.0
php50jXam,0.74,100,0.74,0.73,0.01,0.0
php50jXam,0.79,100,0.79,0.78,0.01,0.0
php50jXam,0.79,100,0.79,0.78,0.01,0.0
php50jXam,0.79,100,0.79,0.79,0.0,0.0
php50jXam,0.79,100,0.79,0.79,0.0,0.0
php50jXam,0.79,100,0.79,0.79,0.0,0.0006422996520996094
php50jXam,0.79,100,0.79,0.78,0.01,0.0
php50jXam,0.79,100,0.79,0.78,0.01,0.0
php50jXam,0.79,100,0.79,0.78,0.01,0.0
php50jXam,0.79,100,0.79,0.79,0.0,0.0
php50jXam,0.79,100,0.79,0.81,0.02,0.0010018348693847656
php50jXam,0.84,100,0.84,0.85,0.01,0.00075531005859375
php50jXam,0.84,100,0.84,0.84,0.0,0.0
php50jXam,0.84,100,0.84,0.84,0.0,0.0
php50jXam,0.84,100,0.84,0.84,0.0,0.0
php50jXam,0.84,100,0.84,0.85,0.01,0.0009996891021728516
php50jXam,0.84,100,0.84,0.84,0.0,0.00042247772216796875
php50jXam,0.84,100,0.84,0.84,0.0,0.0
php50jXam,0.84,100,0.84,0.86,0.02,0.005697011947631836
php50jXam,0.84,100,0.84,0.86,0.02,0.0
php50jXam,0.84,100,0.84,0.83,0.01,0.0
php50jXam,0.89,100,0.89,0.89,0.0,0.0
php50jXam,0.89,100,0.89,0.89,0.0,0.0
php50jXam,0.89,100,0.89,0.89,0.0,0.0
php50jXam,0.89,100,0.89,0.88,0.01,0.0
php50jXam,0.89,100,0.89,0.9,0.01,0.0
php50jXam,0.89,100,0.89,0.89,0.0,0.0007069110870361328
php50jXam,0.89,100,0.89,0.9,0.01,0.0
php50jXam,0.89,100,0.89,0.87,0.02,0.0
php50jXam,0.89,100,0.89,0.9,0.01,0.0
php50jXam,0.89,100,0.89,0.88,0.01,0.0
php50jXam,0.95,100,0.95,0.94,0.01,0.0
php50jXam,0.95,100,0.95,0.96,0.01,0.0
php50jXam,0.95,100,0.95,0.96,0.01,0.0
php50jXam,0.95,100,0.95,0.94,0.01,0.0
php50jXam,0.95,100,0.95,0.95,0.0,0.0
php50jXam,0.95,100,0.95,0.95,0.0,0.0
php50jXam,0.95,100,0.95,0.95,0.0,0.0009970664978027344
php50jXam,0.95,100,0.95,0.94,0.01,0.0009965896606445312
php50jXam,0.95,100,0.95,0.95,0.0,0.0
php50jXam,0.95,100,0.95,0.94,0.01,0.0
php50jXam,1.0,100,1.0,0.99,0.01,0.0
php50jXam,1.0,100,1.0,1.0,0.0,0.0
php50jXam,1.0,100,1.0,0.98,0.02,0.0
php50jXam,1.0,100,1.0,0.99,0.01,0.0
php50jXam,1.0,100,1.0,1.0,0.0,0.0
php50jXam,1.0,100,1.0,1.0,0.0,0.0
php50jXam,1.0,100,1.0,1.0,0.0,0.0
php50jXam,1.0,100,1.0,1.0,0.0,0.00030493736267089844
php50jXam,1.0,100,1.0,1.0,0.0,0.0
php50jXam,1.0,100,1.0,0.99,0.01,0.0
phplE7q6h,0.0,100,0.0,1.0,1.0,0.0
phplE7q6h,0.0,100,0.0,0.0,0.0,0.0
phplE7q6h,0.0,100,0.0,0.2,0.2,0.0010731220245361328
phplE7q6h,0.0,100,0.0,0.0,0.0,0.0
phplE7q6h,0.0,100,0.0,0.0,0.0,0.0
phplE7q6h,0.0,100,0.0,0.0,0.0,0.001093149185180664
phplE7q6h,0.0,100,0.0,0.2,0.2,0.0
phplE7q6h,0.0,100,0.0,0.8,0.8,0.0
phplE7q6h,0.0,100,0.0,0.6,0.6,0.0
phplE7q6h,0.0,100,0.0,0.4,0.4,0.0
phplE7q6h,0.05,100,0.05,0.6,0.55,0.0
phplE7q6h,0.05,100,0.05,0.0,0.05,0.0
phplE7q6h,0.05,100,0.05,0.2,0.15,0.0
phplE7q6h,0.05,100,0.05,0.6,0.55,0.0
phplE7q6h,0.05,100,0.05,0.2,0.15,0.0
phplE7q6h,0.05,100,0.05,1.0,0.95,0.0
phplE7q6h,0.05,100,0.05,0.0,0.05,0.0
phplE7q6h,0.05,100,0.05,0.0,0.05,0.0
phplE7q6h,0.05,100,0.05,0.4,0.35,0.0
phplE7q6h,0.05,100,0.05,0.0,0.05,0.0009992122650146484
phplE7q6h,0.11,100,0.11,0.0,0.11,0.0
phplE7q6h,0.11,100,0.11,0.6,0.49,0.0
phplE7q6h,0.11,100,0.11,0.4,0.29,0.0
phplE7q6h,0.11,100,0.11,0.4,0.29,0.0
phplE7q6h,0.11,100,0.11,1.0,0.89,0.00016188621520996094
phplE7q6h,0.11,100,0.11,0.0,0.11,0.0003237724304199219
phplE7q6h,0.11,100,0.11,0.8,0.69,0.0
phplE7q6h,0.11,100,0.11,0.4,0.29,0.0
phplE7q6h,0.11,100,0.11,0.0,0.11,0.0
phplE7q6h,0.11,100,0.11,0.0,0.11,0.0
phplE7q6h,0.16,100,0.16,1.0,0.84,0.0
phplE7q6h,0.16,100,0.16,0.4,0.24,0.0
phplE7q6h,0.16,100,0.16,0.2,0.04,0.0
phplE7q6h,0.16,100,0.16,1.0,0.84,0.0
phplE7q6h,0.16,100,0.16,0.0,0.16,0.0
phplE7q6h,0.16,100,0.16,1.0,0.84,0.0
phplE7q6h,0.16,100,0.16,0.0,0.16,0.0
phplE7q6h,0.16,100,0.16,1.0,0.84,0.0
phplE7q6h,0.16,100,0.16,0.0,0.16,0.0
phplE7q6h,0.16,100,0.16,0.2,0.04,0.0
phplE7q6h,0.21,100,0.21,0.2,0.01,0.0010001659393310547
phplE7q6h,0.21,100,0.21,0.4,0.19,0.0
phplE7q6h,0.21,100,0.21,0.2,0.01,0.0012497901916503906
phplE7q6h,0.21,100,0.21,0.0,0.21,0.0
phplE7q6h,0.21,100,0.21,0.6,0.39,0.0
phplE7q6h,0.21,100,0.21,0.0,0.21,0.0
phplE7q6h,0.21,100,0.21,0.2,0.01,0.0
phplE7q6h,0.21,100,0.21,0.0,0.21,0.0
phplE7q6h,0.21,100,0.21,0.0,0.21,0.0
phplE7q6h,0.21,100,0.21,0.0,0.21,0.0
phplE7q6h,0.26,100,0.26,0.0,0.26,0.0
phplE7q6h,0.26,100,0.26,0.0,0.26,0.0
phplE7q6h,0.26,100,0.26,0.0,0.26,0.0
phplE7q6h,0.26,100,0.26,0.0,0.26,0.0
phplE7q6h,0.26,100,0.26,0.2,0.06,0.0
phplE7q6h,0.26,100,0.26,1.0,0.74,0.0
phplE7q6h,0.26,100,0.26,0.8,0.54,0.001117706298828125
phplE7q6h,0.26,100,0.26,0.2,0.06,0.0
phplE7q6h,0.26,100,0.26,0.4,0.14,0.0
phplE7q6h,0.26,100,0.26,0.8,0.54,0.0
phplE7q6h,0.32,100,0.32,0.4,0.08,0.0
phplE7q6h,0.32,100,0.32,0.8,0.48,0.0005178451538085938
phplE7q6h,0.32,100,0.32,0.6,0.28,0.0
phplE7q6h,0.32,100,0.32,0.6,0.28,0.0
phplE7q6h,0.32,100,0.32,0.6,0.28,0.0
phplE7q6h,0.32,100,0.32,0.2,0.12,0.0
phplE7q6h,0.32,100,0.32,0.0,0.32,0.0
phplE7q6h,0.32,100,0.32,0.0,0.32,0.0
phplE7q6h,0.32,100,0.32,0.2,0.12,0.0
phplE7q6h,0.32,100,0.32,0.8,0.48,0.0
phplE7q6h,0.37,100,0.37,0.8,0.43,0.0
phplE7q6h,0.37,100,0.37,0.8,0.43,0.0
phplE7q6h,0.37,100,0.37,0.6,0.23,0.0
phplE7q6h,0.37,100,0.37,0.0,0.37,0.0
phplE7q6h,0.37,100,0.37,0.2,0.17,0.0
phplE7q6h,0.37,100,0.37,0.6,0.23,0.0
phplE7q6h,0.37,100,0.37,1.0,0.63,0.0
phplE7q6h,0.37,100,0.37,0.2,0.17,0.0
phplE7q6h,0.37,100,0.37,0.2,0.17,0.0
phplE7q6h,0.37,100,0.37,0.8,0.43,0.0
phplE7q6h,0.42,100,0.42,0.0,0.42,0.0
phplE7q6h,0.42,100,0.42,0.4,0.02,0.0
phplE7q6h,0.42,100,0.42,1.0,0.58,0.0
phplE7q6h,0.42,100,0.42,0.8,0.38,0.0
phplE7q6h,0.42,100,0.42,0.4,0.02,0.0
phplE7q6h,0.42,100,0.42,0.0,0.42,0.0
phplE7q6h,0.42,100,0.42,0.2,0.22,0.0
phplE7q6h,0.42,100,0.42,0.2,0.22,0.0
phplE7q6h,0.42,100,0.42,0.6,0.18,0.0
phplE7q6h,0.42,100,0.42,0.8,0.38,0.0002512931823730469
phplE7q6h,0.47,100,0.47,0.0,0.47,0.0
phplE7q6h,0.47,100,0.47,0.0,0.47,0.0
phplE7q6h,0.47,100,0.47,0.0,0.47,0.0003654956817626953
phplE7q6h,0.47,100,0.47,0.2,0.27,0.0010979175567626953
phplE7q6h,0.47,100,0.47,0.4,0.07,0.00027108192443847656
phplE7q6h,0.47,100,0.47,0.2,0.27,0.0
phplE7q6h,0.47,100,0.47,0.4,0.07,0.0
phplE7q6h,0.47,100,0.47,0.0,0.47,0.0
phplE7q6h,0.47,100,0.47,1.0,0.53,0.0
phplE7q6h,0.47,100,0.47,0.8,0.33,0.0010089874267578125
phplE7q6h,0.53,100,0.53,0.8,0.27,0.0
phplE7q6h,0.53,100,0.53,0.0,0.53,0.0
phplE7q6h,0.53,100,0.53,0.8,0.27,0.001010894775390625
phplE7q6h,0.53,100,0.53,0.8,0.27,0.0
phplE7q6h,0.53,100,0.53,0.6,0.07,0.0
phplE7q6h,0.53,100,0.53,1.0,0.47,0.0
phplE7q6h,0.53,100,0.53,0.8,0.27,0.0
phplE7q6h,0.53,100,0.53,0.8,0.27,0.0
phplE7q6h,0.53,100,0.53,1.0,0.47,0.0
phplE7q6h,0.53,100,0.53,0.8,0.27,0.0005671977996826172
phplE7q6h,0.58,100,0.58,0.4,0.18,0.0
phplE7q6h,0.58,100,0.58,0.2,0.38,0.0
phplE7q6h,0.58,100,0.58,0.2,0.38,0.0
phplE7q6h,0.58,100,0.58,0.4,0.18,0.0003647804260253906
phplE7q6h,0.58,100,0.58,0.4,0.18,0.00099945068359375
phplE7q6h,0.58,100,0.58,0.0,0.58,0.0009989738464355469
phplE7q6h,0.58,100,0.58,0.0,0.58,0.0
phplE7q6h,0.58,100,0.58,1.0,0.42,0.0
phplE7q6h,0.58,100,0.58,1.0,0.42,0.0
phplE7q6h,0.58,100,0.58,1.0,0.42,0.0
phplE7q6h,0.63,100,0.63,0.8,0.17,0.0
phplE7q6h,0.63,100,0.63,0.2,0.43,0.0
phplE7q6h,0.63,100,0.63,0.0,0.63,0.0
phplE7q6h,0.63,100,0.63,0.4,0.23,0.0
phplE7q6h,0.63,100,0.63,0.8,0.17,0.0
phplE7q6h,0.63,100,0.63,1.0,0.37,0.0
phplE7q6h,0.63,100,0.63,0.8,0.17,0.0
phplE7q6h,0.63,100,0.63,0.6,0.03,0.0
phplE7q6h,0.63,100,0.63,0.4,0.23,0.0
phplE7q6h,0.63,100,0.63,0.0,0.63,0.0
phplE7q6h,0.68,100,0.68,0.8,0.12,0.0
phplE7q6h,0.68,100,0.68,0.4,0.28,0.0
phplE7q6h,0.68,100,0.68,0.8,0.12,0.0
phplE7q6h,0.68,100,0.68,0.2,0.48,0.0
phplE7q6h,0.68,100,0.68,0.2,0.48,0.0
phplE7q6h,0.68,100,0.68,0.2,0.48,0.0
phplE7q6h,0.68,100,0.68,1.0,0.32,0.0
phplE7q6h,0.68,100,0.68,1.0,0.32,0.0
phplE7q6h,0.68,100,0.68,1.0,0.32,0.0
phplE7q6h,0.68,100,0.68,0.6,0.08,0.0
phplE7q6h,0.74,100,0.74,0.8,0.06,0.0
phplE7q6h,0.74,100,0.74,0.4,0.34,0.0009996891021728516
phplE7q6h,0.74,100,0.74,0.4,0.34,0.0
phplE7q6h,0.74,100,0.74,0.4,0.34,0.0
phplE7q6h,0.74,100,0.74,0.4,0.34,0.0009989738464355469
phplE7q6h,0.74,100,0.74,1.0,0.26,0.0
phplE7q6h,0.74,100,0.74,0.0,0.74,0.0004925727844238281
phplE7q6h,0.74,100,0.74,1.0,0.26,0.0
phplE7q6h,0.74,100,0.74,0.8,0.06,0.0
phplE7q6h,0.74,100,0.74,0.8,0.06,0.0
phplE7q6h,0.79,100,0.79,0.8,0.01,0.0
phplE7q6h,0.79,100,0.79,0.0,0.79,0.0
phplE7q6h,0.79,100,0.79,0.4,0.39,0.0009999275207519531
phplE7q6h,0.79,100,0.79,1.0,0.21,0.0
phplE7q6h,0.79,100,0.79,1.0,0.21,0.0
phplE7q6h,0.79,100,0.79,1.0,0.21,0.0
phplE7q6h,0.79,100,0.79,1.0,0.21,0.0009970664978027344
phplE7q6h,0.79,100,0.79,1.0,0.21,0.0
phplE7q6h,0.79,100,0.79,0.2,0.59,0.0
phplE7q6h,0.79,100,0.79,0.6,0.19,0.0
phplE7q6h,0.84,100,0.84,0.6,0.24,0.0
phplE7q6h,0.84,100,0.84,0.8,0.04,0.0010552406311035156
phplE7q6h,0.84,100,0.84,0.0,0.84,0.0
phplE7q6h,0.84,100,0.84,1.0,0.16,0.0
phplE7q6h,0.84,100,0.84,0.8,0.04,0.0010154247283935547
phplE7q6h,0.84,100,0.84,1.0,0.16,0.0
phplE7q6h,0.84,100,0.84,1.0,0.16,0.0003662109375
phplE7q6h,0.84,100,0.84,0.6,0.24,0.0
phplE7q6h,0.84,100,0.84,0.2,0.64,0.0
phplE7q6h,0.84,100,0.84,0.8,0.04,0.0
phplE7q6h,0.89,100,0.89,0.6,0.29,0.0
phplE7q6h,0.89,100,0.89,1.0,0.11,0.0
phplE7q6h,0.89,100,0.89,0.4,0.49,0.0
phplE7q6h,0.89,100,0.89,0.6,0.29,0.0
phplE7q6h,0.89,100,0.89,1.0,0.11,0.0
phplE7q6h,0.89,100,0.89,1.0,0.11,0.0010068416595458984
phplE7q6h,0.89,100,0.89,0.4,0.49,0.0
phplE7q6h,0.89,100,0.89,1.0,0.11,0.0009987354278564453
phplE7q6h,0.89,100,0.89,0.6,0.29,0.0
phplE7q6h,0.89,100,0.89,1.0,0.11,0.0
phplE7q6h,0.95,100,0.95,0.6,0.35,0.0
phplE7q6h,0.95,100,0.95,1.0,0.05,0.0
phplE7q6h,0.95,100,0.95,0.6,0.35,0.0
phplE7q6h,0.95,100,0.95,1.0,0.05,0.0
phplE7q6h,0.95,100,0.95,0.4,0.55,0.0
phplE7q6h,0.95,100,0.95,1.0,0.05,0.0
phplE7q6h,0.95,100,0.95,1.0,0.05,0.0002532005310058594
phplE7q6h,0.95,100,0.95,1.0,0.05,0.0010044574737548828
phplE7q6h,0.95,100,0.95,1.0,0.05,0.0
phplE7q6h,0.95,100,0.95,1.0,0.05,0.0
phplE7q6h,1.0,100,1.0,1.0,0.0,0.0
phplE7q6h,1.0,100,1.0,0.8,0.2,0.0
phplE7q6h,1.0,100,1.0,1.0,0.0,0.0
phplE7q6h,1.0,100,1.0,1.0,0.0,0.0
phplE7q6h,1.0,100,1.0,1.0,0.0,0.0009906291961669922
phplE7q6h,1.0,100,1.0,1.0,0.0,0.0
phplE7q6h,1.0,100,1.0,0.2,0.8,0.0
phplE7q6h,1.0,100,1.0,1.0,0.0,0.0
phplE7q6h,1.0,100,1.0,0.6,0.4,0.0
phplE7q6h,1.0,100,1.0,1.0,0.0,0.0
phpWfYmlu,0.0,100,0.0,0.0,0.0,0.0
phpWfYmlu,0.0,100,0.0,0.0,0.0,0.0
phpWfYmlu,0.0,100,0.0,0.02,0.02,0.0
phpWfYmlu,0.0,100,0.0,0.0,0.0,0.005515098571777344
phpWfYmlu,0.0,100,0.0,0.0,0.0,0.0004017353057861328
phpWfYmlu,0.0,100,0.0,0.02,0.02,0.0010218620300292969
phpWfYmlu,0.0,100,0.0,0.0,0.0,0.0
phpWfYmlu,0.0,100,0.0,0.0,0.0,0.0
phpWfYmlu,0.0,100,0.0,0.0,0.0,0.0
phpWfYmlu,0.0,100,0.0,0.0,0.0,0.0
phpWfYmlu,0.05,100,0.05,0.02,0.03,0.0
phpWfYmlu,0.05,100,0.05,0.0,0.05,0.0
phpWfYmlu,0.05,100,0.05,0.0,0.05,0.0
phpWfYmlu,0.05,100,0.05,0.08,0.03,0.0
phpWfYmlu,0.05,100,0.05,0.0,0.05,0.0
phpWfYmlu,0.05,100,0.05,0.0,0.05,0.0
phpWfYmlu,0.05,100,0.05,0.08,0.03,0.0
phpWfYmlu,0.05,100,0.05,0.06,0.01,0.0
phpWfYmlu,0.05,100,0.05,0.06,0.01,0.0
phpWfYmlu,0.05,100,0.05,0.0,0.05,0.0
phpWfYmlu,0.11,100,0.11,0.08,0.03,0.0
phpWfYmlu,0.11,100,0.11,0.0,0.11,0.0
phpWfYmlu,0.11,100,0.11,0.0,0.11,0.0
phpWfYmlu,0.11,100,0.11,0.02,0.09,0.0
phpWfYmlu,0.11,100,0.11,0.12,0.01,0.0
phpWfYmlu,0.11,100,0.11,0.1,0.01,0.0
phpWfYmlu,0.11,100,0.11,0.1,0.01,0.0003955364227294922
phpWfYmlu,0.11,100,0.11,0.0,0.11,0.0
phpWfYmlu,0.11,100,0.11,0.0,0.11,0.0
phpWfYmlu,0.11,100,0.11,0.0,0.11,0.0009999275207519531
phpWfYmlu,0.16,100,0.16,0.13,0.03,0.0
phpWfYmlu,0.16,100,0.16,0.04,0.12,0.0
phpWfYmlu,0.16,100,0.16,0.0,0.16,0.0
phpWfYmlu,0.16,100,0.16,0.08,0.08,0.0
phpWfYmlu,0.16,100,0.16,0.12,0.04,0.0
phpWfYmlu,0.16,100,0.16,0.1,0.06,0.0
phpWfYmlu,0.16,100,0.16,0.12,0.04,0.000997304916381836
phpWfYmlu,0.16,100,0.16,0.13,0.03,0.0
phpWfYmlu,0.16,100,0.16,0.02,0.14,0.0
phpWfYmlu,0.16,100,0.16,0.19,0.03,0.0
phpWfYmlu,0.21,100,0.21,0.06,0.15,0.0004153251647949219
phpWfYmlu,0.21,100,0.21,0.08,0.13,0.0
phpWfYmlu,0.21,100,0.21,0.23,0.02,0.0
phpWfYmlu,0.21,100,0.21,0.12,0.09,0.0
phpWfYmlu,0.21,100,0.21,0.19,0.02,0.0
phpWfYmlu,0.21,100,0.21,0.19,0.02,0.0
phpWfYmlu,0.21,100,0.21,0.27,0.06,0.0
phpWfYmlu,0.21,100,0.21,0.12,0.09,0.0
phpWfYmlu,0.21,100,0.21,0.17,0.04,0.0
phpWfYmlu,0.21,100,0.21,0.25,0.04,0.0
phpWfYmlu,0.26,100,0.26,0.15,0.11,0.0
phpWfYmlu,0.26,100,0.26,0.19,0.07,0.0
phpWfYmlu,0.26,100,0.26,0.27,0.01,0.00099945068359375
phpWfYmlu,0.26,100,0.26,0.15,0.11,0.0
phpWfYmlu,0.26,100,0.26,0.15,0.11,0.0
phpWfYmlu,0.26,100,0.26,0.19,0.07,0.0
phpWfYmlu,0.26,100,0.26,0.13,0.13,0.0010268688201904297
phpWfYmlu,0.26,100,0.26,0.19,0.07,0.0
phpWfYmlu,0.26,100,0.26,0.15,0.11,0.0
phpWfYmlu,0.26,100,0.26,0.25,0.01,0.0
phpWfYmlu,0.32,100,0.32,0.31,0.01,0.0
phpWfYmlu,0.32,100,0.32,0.25,0.07,0.0010013580322265625
phpWfYmlu,0.32,100,0.32,0.31,0.01,0.0
phpWfYmlu,0.32,100,0.32,0.37,0.05,0.0
phpWfYmlu,0.32,100,0.32,0.25,0.07,0.0
phpWfYmlu,0.32,100,0.32,0.27,0.05,0.0
phpWfYmlu,0.32,100,0.32,0.44,0.12,0.0
phpWfYmlu,0.32,100,0.32,0.38,0.06,0.0
phpWfYmlu,0.32,100,0.32,0.31,0.01,0.0
phpWfYmlu,0.32,100,0.32,0.29,0.03,0.0
phpWfYmlu,0.37,100,0.37,0.35,0.02,0.0
phpWfYmlu,0.37,100,0.37,0.38,0.01,0.0
phpWfYmlu,0.37,100,0.37,0.29,0.08,0.0005788803100585938
phpWfYmlu,0.37,100,0.37,0.4,0.03,0.0
phpWfYmlu,0.37,100,0.37,0.33,0.04,0.0
phpWfYmlu,0.37,100,0.37,0.31,0.06,0.0
phpWfYmlu,0.37,100,0.37,0.31,0.06,0.0
phpWfYmlu,0.37,100,0.37,0.33,0.04,0.0
phpWfYmlu,0.37,100,0.37,0.27,0.1,0.0
phpWfYmlu,0.37,100,0.37,0.37,0.0,0.0
phpWfYmlu,0.42,100,0.42,0.44,0.02,0.0
phpWfYmlu,0.42,100,0.42,0.37,0.05,0.0
phpWfYmlu,0.42,100,0.42,0.35,0.07,0.0
phpWfYmlu,0.42,100,0.42,0.33,0.09,0.0
phpWfYmlu,0.42,100,0.42,0.46,0.04,0.000995635986328125
phpWfYmlu,0.42,100,0.42,0.31,0.11,0.005646944046020508
phpWfYmlu,0.42,100,0.42,0.44,0.02,0.0
phpWfYmlu,0.42,100,0.42,0.46,0.04,0.0
phpWfYmlu,0.42,100,0.42,0.44,0.02,0.0009970664978027344
phpWfYmlu,0.42,100,0.42,0.35,0.07,0.0
phpWfYmlu,0.47,100,0.47,0.5,0.03,0.0
phpWfYmlu,0.47,100,0.47,0.42,0.05,0.0
phpWfYmlu,0.47,100,0.47,0.42,0.05,0.0
phpWfYmlu,0.47,100,0.47,0.48,0.01,0.0005364418029785156
phpWfYmlu,0.47,100,0.47,0.27,0.2,0.0
phpWfYmlu,0.47,100,0.47,0.31,0.16,0.000274658203125
phpWfYmlu,0.47,100,0.47,0.48,0.01,0.0
phpWfYmlu,0.47,100,0.47,0.33,0.14,0.0
phpWfYmlu,0.47,100,0.47,0.38,0.09,0.0002579689025878906
phpWfYmlu,0.47,100,0.47,0.52,0.05,0.0
phpWfYmlu,0.53,100,0.53,0.38,0.15,0.0
phpWfYmlu,0.53,100,0.53,0.44,0.09,0.0055408477783203125
phpWfYmlu,0.53,100,0.53,0.56,0.03,0.0
phpWfYmlu,0.53,100,0.53,0.46,0.07,0.0
phpWfYmlu,0.53,100,0.53,0.38,0.15,0.0
phpWfYmlu,0.53,100,0.53,0.42,0.11,0.0003516674041748047
phpWfYmlu,0.53,100,0.53,0.46,0.07,0.0
phpWfYmlu,0.53,100,0.53,0.46,0.07,0.0
phpWfYmlu,0.53,100,0.53,0.48,0.05,0.0061054229736328125
phpWfYmlu,0.53,100,0.53,0.46,0.07,0.0
phpWfYmlu,0.58,100,0.58,0.44,0.14,0.001108407974243164
phpWfYmlu,0.58,100,0.58,0.54,0.04,0.0
phpWfYmlu,0.58,100,0.58,0.44,0.14,0.0
phpWfYmlu,0.58,100,0.58,0.44,0.14,0.0
phpWfYmlu,0.58,100,0.58,0.69,0.11,0.0
phpWfYmlu,0.58,100,0.58,0.58,0.0,0.0
phpWfYmlu,0.58,100,0.58,0.44,0.14,0.0010004043579101562
phpWfYmlu,0.58,100,0.58,0.5,0.08,0.0
phpWfYmlu,0.58,100,0.58,0.52,0.06,0.0
phpWfYmlu,0.58,100,0.58,0.62,0.04,0.0
phpWfYmlu,0.63,100,0.63,0.58,0.05,0.0
phpWfYmlu,0.63,100,0.63,0.65,0.02,0.0
phpWfYmlu,0.63,100,0.63,0.62,0.01,0.0
phpWfYmlu,0.63,100,0.63,0.69,0.06,0.0
phpWfYmlu,0.63,100,0.63,0.62,0.01,0.0
phpWfYmlu,0.63,100,0.63,0.52,0.11,0.0010006427764892578
phpWfYmlu,0.63,100,0.63,0.65,0.02,0.0
phpWfYmlu,0.63,100,0.63,0.65,0.02,0.0
phpWfYmlu,0.63,100,0.63,0.62,0.01,0.0
phpWfYmlu,0.63,100,0.63,0.54,0.09,0.0
phpWfYmlu,0.68,100,0.68,0.69,0.01,0.0
phpWfYmlu,0.68,100,0.68,0.67,0.01,0.0
phpWfYmlu,0.68,100,0.68,0.73,0.05,0.0
phpWfYmlu,0.68,100,0.68,0.6,0.08,0.0
phpWfYmlu,0.68,100,0.68,0.54,0.14,0.0
phpWfYmlu,0.68,100,0.68,0.71,0.03,0.0009958744049072266
phpWfYmlu,0.68,100,0.68,0.5,0.18,0.0
phpWfYmlu,0.68,100,0.68,0.71,0.03,0.0
phpWfYmlu,0.68,100,0.68,0.67,0.01,0.0009996891021728516
phpWfYmlu,0.68,100,0.68,0.71,0.03,0.0
phpWfYmlu,0.74,100,0.74,0.58,0.16,0.0
phpWfYmlu,0.74,100,0.74,0.73,0.01,0.0
phpWfYmlu,0.74,100,0.74,0.65,0.09,0.0
phpWfYmlu,0.74,100,0.74,0.69,0.05,0.0010077953338623047
phpWfYmlu,0.74,100,0.74,0.81,0.07,0.0
phpWfYmlu,0.74,100,0.74,0.79,0.05,0.0
phpWfYmlu,0.74,100,0.74,0.75,0.01,0.0
phpWfYmlu,0.74,100,0.74,0.71,0.03,0.0
phpWfYmlu,0.74,100,0.74,0.69,0.05,0.0
phpWfYmlu,0.74,100,0.74,0.67,0.07,0.0
phpWfYmlu,0.79,100,0.79,0.87,0.08,0.0
phpWfYmlu,0.79,100,0.79,0.62,0.17,0.0
phpWfYmlu,0.79,100,0.79,0.87,0.08,0.0
phpWfYmlu,0.79,100,0.79,0.81,0.02,0.0
phpWfYmlu,0.79,100,0.79,0.79,0.0,0.0
phpWfYmlu,0.79,100,0.79,0.77,0.02,0.0
phpWfYmlu,0.79,100,0.79,0.85,0.06,0.0
phpWfYmlu,0.79,100,0.79,0.88,0.09,0.0
phpWfYmlu,0.79,100,0.79,0.81,0.02,0.0009987354278564453
phpWfYmlu,0.79,100,0.79,0.69,0.1,0.0
phpWfYmlu,0.84,100,0.84,0.83,0.01,0.005567312240600586
phpWfYmlu,0.84,100,0.84,0.85,0.01,0.0
phpWfYmlu,0.84,100,0.84,0.75,0.09,0.0
phpWfYmlu,0.84,100,0.84,0.83,0.01,0.0
phpWfYmlu,0.84,100,0.84,0.67,0.17,0.0
phpWfYmlu,0.84,100,0.84,0.71,0.13,0.00023698806762695312
phpWfYmlu,0.84,100,0.84,0.71,0.13,0.0
phpWfYmlu,0.84,100,0.84,0.79,0.05,0.0
phpWfYmlu,0.84,100,0.84,0.87,0.03,0.0004792213439941406
phpWfYmlu,0.84,100,0.84,0.94,0.1,0.0
phpWfYmlu,0.89,100,0.89,0.92,0.03,0.0010256767272949219
phpWfYmlu,0.89,100,0.89,0.71,0.18,0.0010042190551757812
phpWfYmlu,0.89,100,0.89,0.92,0.03,0.0
phpWfYmlu,0.89,100,0.89,0.81,0.08,0.0
phpWfYmlu,0.89,100,0.89,0.77,0.12,0.0
phpWfYmlu,0.89,100,0.89,0.73,0.16,0.0
phpWfYmlu,0.89,100,0.89,0.9,0.01,0.0
phpWfYmlu,0.89,100,0.89,0.75,0.14,0.0
phpWfYmlu,0.89,100,0.89,0.81,0.08,0.0
phpWfYmlu,0.89,100,0.89,0.83,0.06,0.00032591819763183594
phpWfYmlu,0.95,100,0.95,0.88,0.07,0.0
phpWfYmlu,0.95,100,0.95,0.83,0.12,0.0
phpWfYmlu,0.95,100,0.95,1.0,0.05,0.0
phpWfYmlu,0.95,100,0.95,0.96,0.01,0.0
phpWfYmlu,0.95,100,0.95,1.0,0.05,0.0
phpWfYmlu,0.95,100,0.95,0.81,0.14,0.0
phpWfYmlu,0.95,100,0.95,0.92,0.03,0.0
phpWfYmlu,0.95,100,0.95,0.87,0.08,0.0
phpWfYmlu,0.95,100,0.95,0.96,0.01,0.0
phpWfYmlu,0.95,100,0.95,0.9,0.05,0.0010073184967041016
phpWfYmlu,1.0,100,1.0,1.0,0.0,0.0
phpWfYmlu,1.0,100,1.0,0.87,0.13,0.0
phpWfYmlu,1.0,100,1.0,1.0,0.0,0.0
phpWfYmlu,1.0,100,1.0,0.94,0.06,0.0
phpWfYmlu,1.0,100,1.0,0.94,0.06,0.0
phpWfYmlu,1.0,100,1.0,0.98,0.02,0.0
phpWfYmlu,1.0,100,1.0,1.0,0.0,0.0
phpWfYmlu,1.0,100,1.0,0.92,0.08,0.0
phpWfYmlu,1.0,100,1.0,0.85,0.15,0.0
phpWfYmlu,1.0,100,1.0,1.0,0.0,0.0
phpwRjVjk,0.0,100,0.0,0.0,0.0,0.0
phpwRjVjk,0.0,100,0.0,0.0,0.0,0.0
phpwRjVjk,0.0,100,0.0,0.0,0.0,0.0
phpwRjVjk,0.0,100,0.0,0.17,0.17,0.0
phpwRjVjk,0.0,100,0.0,0.33,0.33,0.0004417896270751953
phpwRjVjk,0.0,100,0.0,0.0,0.0,0.0
phpwRjVjk,0.0,100,0.0,0.0,0.0,0.0
phpwRjVjk,0.0,100,0.0,0.0,0.0,0.0
phpwRjVjk,0.0,100,0.0,0.0,0.0,0.0
phpwRjVjk,0.0,100,0.0,0.17,0.17,0.0
phpwRjVjk,0.05,100,0.05,0.5,0.45,0.0009844303131103516
phpwRjVjk,0.05,100,0.05,0.0,0.05,0.0
phpwRjVjk,0.05,100,0.05,0.33,0.28,0.0
phpwRjVjk,0.05,100,0.05,0.83,0.78,0.0002982616424560547
phpwRjVjk,0.05,100,0.05,0.5,0.45,0.0
phpwRjVjk,0.05,100,0.05,0.0,0.05,7.104873657226562e-05
phpwRjVjk,0.05,100,0.05,0.33,0.28,0.0
phpwRjVjk,0.05,100,0.05,0.0,0.05,0.0009984970092773438
phpwRjVjk,0.05,100,0.05,0.17,0.12,0.0
phpwRjVjk,0.05,100,0.05,0.0,0.05,0.0
phpwRjVjk,0.11,100,0.11,0.17,0.06,0.0
phpwRjVjk,0.11,100,0.11,0.83,0.72,0.0
phpwRjVjk,0.11,100,0.11,0.0,0.11,0.0
phpwRjVjk,0.11,100,0.11,0.0,0.11,0.0
phpwRjVjk,0.11,100,0.11,0.5,0.39,0.0
phpwRjVjk,0.11,100,0.11,0.33,0.22,0.0
phpwRjVjk,0.11,100,0.11,0.0,0.11,0.0
phpwRjVjk,0.11,100,0.11,0.0,0.11,0.0
phpwRjVjk,0.11,100,0.11,1.0,0.89,0.0
phpwRjVjk,0.11,100,0.11,1.0,0.89,0.0009996891021728516
phpwRjVjk,0.16,100,0.16,0.17,0.01,0.0
phpwRjVjk,0.16,100,0.16,0.0,0.16,0.0010025501251220703
phpwRjVjk,0.16,100,0.16,0.0,0.16,0.0
phpwRjVjk,0.16,100,0.16,0.17,0.01,0.0
phpwRjVjk,0.16,100,0.16,0.67,0.51,0.0
phpwRjVjk,0.16,100,0.16,0.5,0.34,0.0010027885437011719
phpwRjVjk,0.16,100,0.16,0.33,0.17,0.0
phpwRjVjk,0.16,100,0.16,1.0,0.84,0.0
phpwRjVjk,0.16,100,0.16,0.83,0.67,0.0
phpwRjVjk,0.16,100,0.16,0.5,0.34,0.0
phpwRjVjk,0.21,100,0.21,0.5,0.29,0.0
phpwRjVjk,0.21,100,0.21,0.83,0.62,0.0
phpwRjVjk,0.21,100,0.21,0.0,0.21,0.0
phpwRjVjk,0.21,100,0.21,0.67,0.46,0.0
phpwRjVjk,0.21,100,0.21,0.5,0.29,0.0
phpwRjVjk,0.21,100,0.21,0.33,0.12,0.0
phpwRjVjk,0.21,100,0.21,0.67,0.46,0.0
phpwRjVjk,0.21,100,0.21,0.33,0.12,0.005697965621948242
phpwRjVjk,0.21,100,0.21,0.67,0.46,0.0004971027374267578
phpwRjVjk,0.21,100,0.21,0.0,0.21,0.0011472702026367188
phpwRjVjk,0.26,100,0.26,0.33,0.07,0.0
phpwRjVjk,0.26,100,0.26,0.5,0.24,0.0
phpwRjVjk,0.26,100,0.26,0.83,0.57,0.0
phpwRjVjk,0.26,100,0.26,0.5,0.24,0.0
phpwRjVjk,0.26,100,0.26,1.0,0.74,0.0
phpwRjVjk,0.26,100,0.26,0.5,0.24,0.0
phpwRjVjk,0.26,100,0.26,0.17,0.09,0.0
phpwRjVjk,0.26,100,0.26,1.0,0.74,0.0009658336639404297
phpwRjVjk,0.26,100,0.26,0.33,0.07,0.0
phpwRjVjk,0.26,100,0.26,0.5,0.24,0.0008962154388427734
phpwRjVjk,0.32,100,0.32,0.17,0.15,0.0
phpwRjVjk,0.32,100,0.32,0.67,0.35,0.0
phpwRjVjk,0.32,100,0.32,0.67,0.35,0.0
phpwRjVjk,0.32,100,0.32,0.33,0.01,0.0005431175231933594
phpwRjVjk,0.32,100,0.32,0.33,0.01,0.0
phpwRjVjk,0.32,100,0.32,1.0,0.68,0.0
phpwRjVjk,0.32,100,0.32,0.0,0.32,0.0
phpwRjVjk,0.32,100,0.32,0.33,0.01,0.0010004043579101562
phpwRjVjk,0.32,100,0.32,0.0,0.32,0.0
phpwRjVjk,0.32,100,0.32,0.17,0.15,0.0
phpwRjVjk,0.37,100,0.37,0.0,0.37,0.0
phpwRjVjk,0.37,100,0.37,0.17,0.2,0.0
phpwRjVjk,0.37,100,0.37,0.17,0.2,0.0009920597076416016
phpwRjVjk,0.37,100,0.37,0.33,0.04,0.0
phpwRjVjk,0.37,100,0.37,0.5,0.13,0.0
phpwRjVjk,0.37,100,0.37,0.83,0.46,0.0
phpwRjVjk,0.37,100,0.37,0.33,0.04,0.0
phpwRjVjk,0.37,100,0.37,0.17,0.2,0.0
phpwRjVjk,0.37,100,0.37,0.67,0.3,0.0
phpwRjVjk,0.37,100,0.37,0.5,0.13,0.0
phpwRjVjk,0.42,100,0.42,1.0,0.58,0.0
phpwRjVjk,0.42,100,0.42,0.67,0.25,0.0
phpwRjVjk,0.42,100,0.42,0.0,0.42,0.0
phpwRjVjk,0.42,100,0.42,1.0,0.58,0.0
phpwRjVjk,0.42,100,0.42,0.5,0.08,0.0
phpwRjVjk,0.42,100,0.42,1.0,0.58,0.0
phpwRjVjk,0.42,100,0.42,1.0,0.58,0.0
phpwRjVjk,0.42,100,0.42,0.17,0.25,0.0009996891021728516
phpwRjVjk,0.42,100,0.42,0.0,0.42,0.0
phpwRjVjk,0.42,100,0.42,0.5,0.08,0.0
phpwRjVjk,0.47,100,0.47,0.67,0.2,0.0
phpwRjVjk,0.47,100,0.47,0.5,0.03,0.0
phpwRjVjk,0.47,100,0.47,0.33,0.14,0.0
phpwRjVjk,0.47,100,0.47,0.0,0.47,0.0
phpwRjVjk,0.47,100,0.47,1.0,0.53,0.0
phpwRjVjk,0.47,100,0.47,0.5,0.03,0.0005404949188232422
phpwRjVjk,0.47,100,0.47,0.0,0.47,0.0010008811950683594
phpwRjVjk,0.47,100,0.47,0.33,0.14,0.0
phpwRjVjk,0.47,100,0.47,0.67,0.2,0.0
phpwRjVjk,0.47,100,0.47,1.0,0.53,0.0
phpwRjVjk,0.53,100,0.53,1.0,0.47,0.0
phpwRjVjk,0.53,100,0.53,0.5,0.03,0.0
phpwRjVjk,0.53,100,0.53,0.5,0.03,0.0
phpwRjVjk,0.53,100,0.53,0.83,0.3,0.0
phpwRjVjk,0.53,100,0.53,1.0,0.47,0.0
phpwRjVjk,0.53,100,0.53,0.83,0.3,0.0
phpwRjVjk,0.53,100,0.53,1.0,0.47,0.0011048316955566406
phpwRjVjk,0.53,100,0.53,0.67,0.14,0.0
phpwRjVjk,0.53,100,0.53,0.17,0.36,0.0
phpwRjVjk,0.53,100,0.53,0.5,0.03,0.0
phpwRjVjk,0.58,100,0.58,1.0,0.42,0.0
phpwRjVjk,0.58,100,0.58,1.0,0.42,0.0
phpwRjVjk,0.58,100,0.58,1.0,0.42,0.0
phpwRjVjk,0.58,100,0.58,1.0,0.42,0.0
phpwRjVjk,0.58,100,0.58,0.33,0.25,0.0
phpwRjVjk,0.58,100,0.58,0.5,0.08,0.0
phpwRjVjk,0.58,100,0.58,1.0,0.42,0.0
phpwRjVjk,0.58,100,0.58,0.5,0.08,0.0
phpwRjVjk,0.58,100,0.58,0.17,0.41,0.0
phpwRjVjk,0.58,100,0.58,0.5,0.08,0.0
phpwRjVjk,0.63,100,0.63,1.0,0.37,0.0
phpwRjVjk,0.63,100,0.63,1.0,0.37,0.0
phpwRjVjk,0.63,100,0.63,1.0,0.37,0.0
phpwRjVjk,0.63,100,0.63,0.67,0.04,0.0
phpwRjVjk,0.63,100,0.63,1.0,0.37,0.0
phpwRjVjk,0.63,100,0.63,0.5,0.13,0.0
phpwRjVjk,0.63,100,0.63,1.0,0.37,0.0
phpwRjVjk,0.63,100,0.63,0.83,0.2,0.0
phpwRjVjk,0.63,100,0.63,1.0,0.37,0.0
phpwRjVjk,0.63,100,0.63,0.67,0.04,0.0
phpwRjVjk,0.68,100,0.68,0.5,0.18,0.0
phpwRjVjk,0.68,100,0.68,1.0,0.32,0.0
phpwRjVjk,0.68,100,0.68,0.83,0.15,0.0
phpwRjVjk,0.68,100,0.68,1.0,0.32,0.0
phpwRjVjk,0.68,100,0.68,0.5,0.18,0.001012563705444336
phpwRjVjk,0.68,100,0.68,0.17,0.51,0.0010001659393310547
phpwRjVjk,0.68,100,0.68,0.67,0.01,0.0
phpwRjVjk,0.68,100,0.68,0.5,0.18,0.0
phpwRjVjk,0.68,100,0.68,0.67,0.01,0.0
phpwRjVjk,0.68,100,0.68,1.0,0.32,0.0
phpwRjVjk,0.74,100,0.74,1.0,0.26,0.0
phpwRjVjk,0.74,100,0.74,0.5,0.24,0.0
phpwRjVjk,0.74,100,0.74,1.0,0.26,0.0
phpwRjVjk,0.74,100,0.74,1.0,0.26,0.0
phpwRjVjk,0.74,100,0.74,0.5,0.24,0.0
phpwRjVjk,0.74,100,0.74,0.83,0.09,0.0
phpwRjVjk,0.74,100,0.74,1.0,0.26,0.0
phpwRjVjk,0.74,100,0.74,1.0,0.26,0.0
phpwRjVjk,0.74,100,0.74,1.0,0.26,0.0
phpwRjVjk,0.74,100,0.74,1.0,0.26,0.0
phpwRjVjk,0.79,100,0.79,0.33,0.46,0.0
phpwRjVjk,0.79,100,0.79,0.33,0.46,0.0
phpwRjVjk,0.79,100,0.79,1.0,0.21,0.0
phpwRjVjk,0.79,100,0.79,0.83,0.04,0.0
phpwRjVjk,0.79,100,0.79,1.0,0.21,0.0
phpwRjVjk,0.79,100,0.79,1.0,0.21,0.0
phpwRjVjk,0.79,100,0.79,1.0,0.21,0.0
phpwRjVjk,0.79,100,0.79,0.5,0.29,0.0
phpwRjVjk,0.79,100,0.79,1.0,0.21,0.0
phpwRjVjk,0.79,100,0.79,1.0,0.21,0.0010528564453125
phpwRjVjk,0.84,100,0.84,1.0,0.16,0.0
phpwRjVjk,0.84,100,0.84,1.0,0.16,0.0
phpwRjVjk,0.84,100,0.84,1.0,0.16,0.0
phpwRjVjk,0.84,100,0.84,1.0,0.16,0.0
phpwRjVjk,0.84,100,0.84,1.0,0.16,0.0009386539459228516
phpwRjVjk,0.84,100,0.84,0.5,0.34,0.0
phpwRjVjk,0.84,100,0.84,1.0,0.16,0.001279592514038086
phpwRjVjk,0.84,100,0.84,1.0,0.16,0.0
phpwRjVjk,0.84,100,0.84,1.0,0.16,0.0
phpwRjVjk,0.84,100,0.84,1.0,0.16,0.0
phpwRjVjk,0.89,100,0.89,0.83,0.06,0.0
phpwRjVjk,0.89,100,0.89,0.5,0.39,0.0
phpwRjVjk,0.89,100,0.89,1.0,0.11,0.0
phpwRjVjk,0.89,100,0.89,1.0,0.11,0.0
phpwRjVjk,0.89,100,0.89,1.0,0.11,0.0
phpwRjVjk,0.89,100,0.89,1.0,0.11,0.005750179290771484
phpwRjVjk,0.89,100,0.89,1.0,0.11,0.0
phpwRjVjk,0.89,100,0.89,1.0,0.11,0.0
phpwRjVjk,0.89,100,0.89,1.0,0.11,0.0
phpwRjVjk,0.89,100,0.89,0.83,0.06,0.0
phpwRjVjk,0.95,100,0.95,1.0,0.05,0.0
phpwRjVjk,0.95,100,0.95,0.67,0.28,0.0055468082427978516
phpwRjVjk,0.95,100,0.95,1.0,0.05,0.0
phpwRjVjk,0.95,100,0.95,1.0,0.05,0.0
phpwRjVjk,0.95,100,0.95,1.0,0.05,0.0
phpwRjVjk,0.95,100,0.95,1.0,0.05,0.0
phpwRjVjk,0.95,100,0.95,0.83,0.12,0.0
phpwRjVjk,0.95,100,0.95,0.33,0.62,0.0
phpwRjVjk,0.95,100,0.95,0.17,0.78,0.0
phpwRjVjk,0.95,100,0.95,0.83,0.12,0.0
phpwRjVjk,1.0,100,1.0,0.83,0.17,0.0
phpwRjVjk,1.0,100,1.0,1.0,0.0,0.0
phpwRjVjk,1.0,100,1.0,1.0,0.0,0.0
phpwRjVjk,1.0,100,1.0,0.67,0.33,0.0
phpwRjVjk,1.0,100,1.0,0.83,0.17,0.0
phpwRjVjk,1.0,100,1.0,1.0,0.0,0.0
phpwRjVjk,1.0,100,1.0,0.5,0.5,0.0
phpwRjVjk,1.0,100,1.0,1.0,0.0,0.0
phpwRjVjk,1.0,100,1.0,1.0,0.0,0.0
phpwRjVjk,1.0,100,1.0,0.83,0.17,0.0
phpxijhaP,0.0,100,0.0,0.01,0.01,0.0017147064208984375
phpxijhaP,0.0,100,0.0,0.01,0.01,0.0
phpxijhaP,0.0,100,0.0,0.0,0.0,0.001001119613647461
phpxijhaP,0.0,100,0.0,0.0,0.0,0.0
phpxijhaP,0.0,100,0.0,0.0,0.0,0.0
phpxijhaP,0.0,100,0.0,0.0,0.0,0.0
phpxijhaP,0.0,100,0.0,0.03,0.03,0.0
phpxijhaP,0.0,100,0.0,0.0,0.0,0.0
phpxijhaP,0.0,100,0.0,0.02,0.02,0.0
phpxijhaP,0.0,100,0.0,0.01,0.01,0.005610227584838867
phpxijhaP,0.05,100,0.05,0.04,0.01,0.0010001659393310547
phpxijhaP,0.05,100,0.05,0.04,0.01,0.0
phpxijhaP,0.05,100,0.05,0.04,0.01,0.0
phpxijhaP,0.05,100,0.05,0.04,0.01,0.0
phpxijhaP,0.05,100,0.05,0.06,0.01,0.0
phpxijhaP,0.05,100,0.05,0.05,0.0,0.0
phpxijhaP,0.05,100,0.05,0.06,0.01,0.0
phpxijhaP,0.05,100,0.05,0.04,0.01,0.0
phpxijhaP,0.05,100,0.05,0.04,0.01,0.0
phpxijhaP,0.05,100,0.05,0.07,0.02,0.0
phpxijhaP,0.11,100,0.11,0.09,0.02,0.0
phpxijhaP,0.11,100,0.11,0.13,0.02,0.0
phpxijhaP,0.11,100,0.11,0.11,0.0,0.0002739429473876953
phpxijhaP,0.11,100,0.11,0.11,0.0,0.0
phpxijhaP,0.11,100,0.11,0.09,0.02,0.0
phpxijhaP,0.11,100,0.11,0.13,0.02,0.005511045455932617
phpxijhaP,0.11,100,0.11,0.1,0.01,0.0
phpxijhaP,0.11,100,0.11,0.11,0.0,0.0
phpxijhaP,0.11,100,0.11,0.14,0.03,0.0
phpxijhaP,0.11,100,0.11,0.11,0.0,0.0
phpxijhaP,0.16,100,0.16,0.17,0.01,0.0
phpxijhaP,0.16,100,0.16,0.18,0.02,0.005623817443847656
phpxijhaP,0.16,100,0.16,0.19,0.03,0.0
phpxijhaP,0.16,100,0.16,0.16,0.0,0.0
phpxijhaP,0.16,100,0.16,0.14,0.02,0.0
phpxijhaP,0.16,100,0.16,0.16,0.0,0.0
phpxijhaP,0.16,100,0.16,0.15,0.01,0.0
phpxijhaP,0.16,100,0.16,0.21,0.05,0.0
phpxijhaP,0.16,100,0.16,0.18,0.02,0.0
phpxijhaP,0.16,100,0.16,0.17,0.01,0.0
phpxijhaP,0.21,100,0.21,0.2,0.01,0.0
phpxijhaP,0.21,100,0.21,0.2,0.01,0.0
phpxijhaP,0.21,100,0.21,0.22,0.01,0.0004868507385253906
phpxijhaP,0.21,100,0.21,0.22,0.01,0.0
phpxijhaP,0.21,100,0.21,0.22,0.01,0.0
phpxijhaP,0.21,100,0.21,0.2,0.01,0.0
phpxijhaP,0.21,100,0.21,0.2,0.01,0.0
phpxijhaP,0.21,100,0.21,0.23,0.02,0.0
phpxijhaP,0.21,100,0.21,0.21,0.0,0.0
phpxijhaP,0.21,100,0.21,0.21,0.0,0.0
phpxijhaP,0.26,100,0.26,0.27,0.01,0.0
phpxijhaP,0.26,100,0.26,0.25,0.01,0.0
phpxijhaP,0.26,100,0.26,0.25,0.01,0.0
phpxijhaP,0.26,100,0.26,0.29,0.03,0.0
phpxijhaP,0.26,100,0.26,0.25,0.01,0.0
phpxijhaP,0.26,100,0.26,0.26,0.0,0.0
phpxijhaP,0.26,100,0.26,0.27,0.01,0.0
phpxijhaP,0.26,100,0.26,0.26,0.0,0.0
phpxijhaP,0.26,100,0.26,0.26,0.0,0.0
phpxijhaP,0.26,100,0.26,0.27,0.01,0.0
phpxijhaP,0.32,100,0.32,0.32,0.0,0.0
phpxijhaP,0.32,100,0.32,0.33,0.01,0.0005486011505126953
phpxijhaP,0.32,100,0.32,0.31,0.01,0.0
phpxijhaP,0.32,100,0.32,0.32,0.0,0.0
phpxijhaP,0.32,100,0.32,0.3,0.02,0.0
phpxijhaP,0.32,100,0.32,0.33,0.01,0.0
phpxijhaP,0.32,100,0.32,0.35,0.03,0.005673646926879883
phpxijhaP,0.32,100,0.32,0.33,0.01,0.0
phpxijhaP,0.32,100,0.32,0.3,0.02,0.0011336803436279297
phpxijhaP,0.32,100,0.32,0.29,0.03,0.0
phpxijhaP,0.37,100,0.37,0.39,0.02,0.0
phpxijhaP,0.37,100,0.37,0.36,0.01,0.0007033348083496094
phpxijhaP,0.37,100,0.37,0.36,0.01,0.0021657943725585938
phpxijhaP,0.37,100,0.37,0.36,0.01,0.0006070137023925781
phpxijhaP,0.37,100,0.37,0.36,0.01,0.0
phpxijhaP,0.37,100,0.37,0.36,0.01,0.0
phpxijhaP,0.37,100,0.37,0.4,0.03,0.0
phpxijhaP,0.37,100,0.37,0.36,0.01,0.0
phpxijhaP,0.37,100,0.37,0.4,0.03,0.0
phpxijhaP,0.37,100,0.37,0.35,0.02,0.0
phpxijhaP,0.42,100,0.42,0.46,0.04,0.0
phpxijhaP,0.42,100,0.42,0.43,0.01,0.0
phpxijhaP,0.42,100,0.42,0.43,0.01,0.0
phpxijhaP,0.42,100,0.42,0.43,0.01,0.0
phpxijhaP,0.42,100,0.42,0.42,0.0,0.0
phpxijhaP,0.42,100,0.42,0.43,0.01,0.0
phpxijhaP,0.42,100,0.42,0.42,0.0,0.0
phpxijhaP,0.42,100,0.42,0.43,0.01,0.0
phpxijhaP,0.42,100,0.42,0.41,0.01,0.0
phpxijhaP,0.42,100,0.42,0.4,0.02,0.0
phpxijhaP,0.47,100,0.47,0.45,0.02,0.00099945068359375
phpxijhaP,0.47,100,0.47,0.45,0.02,0.0
phpxijhaP,0.47,100,0.47,0.46,0.01,0.0
phpxijhaP,0.47,100,0.47,0.46,0.01,0.0009999275207519531
phpxijhaP,0.47,100,0.47,0.46,0.01,0.0009999275207519531
phpxijhaP,0.47,100,0.47,0.47,0.0,0.0
phpxijhaP,0.47,100,0.47,0.46,0.01,0.0
phpxijhaP,0.47,100,0.47,0.47,0.0,0.00556492805480957
phpxijhaP,0.47,100,0.47,0.47,0.0,0.0
phpxijhaP,0.47,100,0.47,0.46,0.01,0.0
phpxijhaP,0.53,100,0.53,0.5,0.03,0.0
phpxijhaP,0.53,100,0.53,0.55,0.02,0.0
phpxijhaP,0.53,100,0.53,0.54,0.01,0.00099945068359375
phpxijhaP,0.53,100,0.53,0.52,0.01,0.0
phpxijhaP,0.53,100,0.53,0.52,0.01,0.0
phpxijhaP,0.53,100,0.53,0.5,0.03,0.0
phpxijhaP,0.53,100,0.53,0.54,0.01,0.0
phpxijhaP,0.53,100,0.53,0.53,0.0,0.0
phpxijhaP,0.53,100,0.53,0.51,0.02,0.0
phpxijhaP,0.53,100,0.53,0.52,0.01,0.0009946823120117188
phpxijhaP,0.58,100,0.58,0.57,0.01,0.0
phpxijhaP,0.58,100,0.58,0.56,0.02,0.0
phpxijhaP,0.58,100,0.58,0.59,0.01,0.0
phpxijhaP,0.58,100,0.58,0.58,0.0,0.0
phpxijhaP,0.58,100,0.58,0.56,0.02,0.0
phpxijhaP,0.58,100,0.58,0.58,0.0,0.0
phpxijhaP,0.58,100,0.58,0.58,0.0,0.0
phpxijhaP,0.58,100,0.58,0.59,0.01,0.0
phpxijhaP,0.58,100,0.58,0.58,0.0,0.0
phpxijhaP,0.58,100,0.58,0.58,0.0,0.0
phpxijhaP,0.63,100,0.63,0.59,0.04,0.0
phpxijhaP,0.63,100,0.63,0.62,0.01,0.0
phpxijhaP,0.63,100,0.63,0.61,0.02,0.0
phpxijhaP,0.63,100,0.63,0.64,0.01,0.0
phpxijhaP,0.63,100,0.63,0.65,0.02,0.0
phpxijhaP,0.63,100,0.63,0.64,0.01,0.0
phpxijhaP,0.63,100,0.63,0.64,0.01,0.000995635986328125
phpxijhaP,0.63,100,0.63,0.62,0.01,0.0
phpxijhaP,0.63,100,0.63,0.62,0.01,0.0
phpxijhaP,0.63,100,0.63,0.62,0.01,0.0008671283721923828
phpxijhaP,0.68,100,0.68,0.68,0.0,0.0
phpxijhaP,0.68,100,0.68,0.72,0.04,0.0
phpxijhaP,0.68,100,0.68,0.68,0.0,0.0009996891021728516
phpxijhaP,0.68,100,0.68,0.69,0.01,0.00045037269592285156
phpxijhaP,0.68,100,0.68,0.66,0.02,0.0
phpxijhaP,0.68,100,0.68,0.69,0.01,0.0
phpxijhaP,0.68,100,0.68,0.68,0.0,0.0
phpxijhaP,0.68,100,0.68,0.69,0.01,0.0
phpxijhaP,0.68,100,0.68,0.65,0.03,0.0
phpxijhaP,0.68,100,0.68,0.66,0.02,0.0
phpxijhaP,0.74,100,0.74,0.75,0.01,0.0
phpxijhaP,0.74,100,0.74,0.75,0.01,0.0
phpxijhaP,0.74,100,0.74,0.73,0.01,0.0
phpxijhaP,0.74,100,0.74,0.76,0.02,0.0006196498870849609
phpxijhaP,0.74,100,0.74,0.73,0.01,0.0
phpxijhaP,0.74,100,0.74,0.75,0.01,0.0
phpxijhaP,0.74,100,0.74,0.72,0.02,0.0
phpxijhaP,0.74,100,0.74,0.73,0.01,0.0
phpxijhaP,0.74,100,0.74,0.73,0.01,0.005477190017700195
phpxijhaP,0.74,100,0.74,0.75,0.01,0.0
phpxijhaP,0.79,100,0.79,0.79,0.0,0.0
phpxijhaP,0.79,100,0.79,0.8,0.01,0.0
phpxijhaP,0.79,100,0.79,0.8,0.01,0.00040411949157714844
phpxijhaP,0.79,100,0.79,0.79,0.0,0.0006103515625
phpxijhaP,0.79,100,0.79,0.77,0.02,0.0
phpxijhaP,0.79,100,0.79,0.8,0.01,0.0
phpxijhaP,0.79,100,0.79,0.79,0.0,0.0
phpxijhaP,0.79,100,0.79,0.79,0.0,0.0
phpxijhaP,0.79,100,0.79,0.8,0.01,0.0
phpxijhaP,0.79,100,0.79,0.76,0.03,0.0
phpxijhaP,0.84,100,0.84,0.84,0.0,0.001119852066040039
phpxijhaP,0.84,100,0.84,0.86,0.02,0.0
phpxijhaP,0.84,100,0.84,0.85,0.01,0.0
phpxijhaP,0.84,100,0.84,0.84,0.0,0.0
phpxijhaP,0.84,100,0.84,0.83,0.01,0.0
phpxijhaP,0.84,100,0.84,0.85,0.01,0.0
phpxijhaP,0.84,100,0.84,0.83,0.01,0.0
phpxijhaP,0.84,100,0.84,0.82,0.02,0.0
phpxijhaP,0.84,100,0.84,0.85,0.01,0.0
phpxijhaP,0.84,100,0.84,0.84,0.0,0.0
phpxijhaP,0.89,100,0.89,0.89,0.0,0.0
phpxijhaP,0.89,100,0.89,0.9,0.01,0.0
phpxijhaP,0.89,100,0.89,0.89,0.0,0.0
phpxijhaP,0.89,100,0.89,0.89,0.0,0.0
phpxijhaP,0.89,100,0.89,0.88,0.01,0.0
phpxijhaP,0.89,100,0.89,0.89,0.0,0.0
phpxijhaP,0.89,100,0.89,0.89,0.0,0.0
phpxijhaP,0.89,100,0.89,0.91,0.02,0.0
phpxijhaP,0.89,100,0.89,0.84,0.05,0.0
phpxijhaP,0.89,100,0.89,0.88,0.01,0.0
phpxijhaP,0.95,100,0.95,0.96,0.01,0.0005688667297363281
phpxijhaP,0.95,100,0.95,0.97,0.02,0.0011057853698730469
phpxijhaP,0.95,100,0.95,0.97,0.02,0.0
phpxijhaP,0.95,100,0.95,0.97,0.02,0.001001596450805664
phpxijhaP,0.95,100,0.95,0.96,0.01,0.0
phpxijhaP,0.95,100,0.95,0.96,0.01,0.0
phpxijhaP,0.95,100,0.95,0.95,0.0,0.0007448196411132812
phpxijhaP,0.95,100,0.95,0.94,0.01,0.0
phpxijhaP,0.95,100,0.95,0.94,0.01,0.0
phpxijhaP,0.95,100,0.95,0.93,0.02,0.0
phpxijhaP,1.0,100,1.0,0.95,0.05,0.0
phpxijhaP,1.0,100,1.0,0.99,0.01,0.0
phpxijhaP,1.0,100,1.0,1.0,0.0,0.0004839897155761719
phpxijhaP,1.0,100,1.0,1.0,0.0,0.0
phpxijhaP,1.0,100,1.0,1.0,0.0,0.0
phpxijhaP,1.0,100,1.0,1.0,0.0,0.0
phpxijhaP,1.0,100,1.0,1.0,0.0,0.0005812644958496094
phpxijhaP,1.0,100,1.0,0.98,0.02,0.0
phpxijhaP,1.0,100,1.0,1.0,0.0,0.0
phpxijhaP,1.0,100,1.0,1.0,0.0,0.0
