dataset_name,alpha,sample_size,real_p,pred_p,abs_error,run_time
abalone,0.0,100,0.0,0.11,0.11,0.004843235015869141
abalone,0.0,100,0.0,0.08,0.08,0.001567840576171875
abalone,0.0,100,0.0,0.07,0.07,0.0
abalone,0.0,100,0.0,0.14,0.14,0.0
abalone,0.0,100,0.0,0.11,0.11,0.002131223678588867
abalone,0.0,100,0.0,0.13,0.13,0.0011434555053710938
abalone,0.0,100,0.0,0.17,0.17,0.0061321258544921875
abalone,0.0,100,0.0,0.07,0.07,0.0013358592987060547
abalone,0.0,100,0.0,0.13,0.13,0.000997781753540039
abalone,0.0,100,0.0,0.12,0.12,0.002001047134399414
abalone,0.05,100,0.05,0.09,0.04,0.0
abalone,0.05,100,0.05,0.13,0.08,0.0019922256469726562
abalone,0.05,100,0.05,0.16,0.11,0.0
abalone,0.05,100,0.05,0.21,0.16,0.0
abalone,0.05,100,0.05,0.13,0.08,0.0
abalone,0.05,100,0.05,0.22,0.17,0.0
abalone,0.05,100,0.05,0.22,0.17,0.0054454803466796875
abalone,0.05,100,0.05,0.15,0.1,0.0
abalone,0.05,100,0.05,0.17,0.12,0.0
abalone,0.05,100,0.05,0.17,0.12,0.0
abalone,0.11,100,0.11,0.23,0.12,0.006127357482910156
abalone,0.11,100,0.11,0.21,0.1,0.0
abalone,0.11,100,0.11,0.14,0.03,0.0
abalone,0.11,100,0.11,0.17,0.06,0.0005085468292236328
abalone,0.11,100,0.11,0.19,0.08,0.0
abalone,0.11,100,0.11,0.25,0.14,0.0
abalone,0.11,100,0.11,0.1,0.01,0.0
abalone,0.11,100,0.11,0.2,0.09,0.005572319030761719
abalone,0.11,100,0.11,0.19,0.08,0.0
abalone,0.11,100,0.11,0.23,0.12,0.0
abalone,0.16,100,0.16,0.24,0.08,0.0
abalone,0.16,100,0.16,0.22,0.06,0.0
abalone,0.16,100,0.16,0.25,0.09,0.0018482208251953125
abalone,0.16,100,0.16,0.18,0.02,0.0
abalone,0.16,100,0.16,0.31,0.15,0.015608787536621094
abalone,0.16,100,0.16,0.27,0.11,0.015631914138793945
abalone,0.16,100,0.16,0.28,0.12,0.0045833587646484375
abalone,0.16,100,0.16,0.18,0.02,0.0
abalone,0.16,100,0.16,0.19,0.03,0.015631675720214844
abalone,0.16,100,0.16,0.25,0.09,0.0
abalone,0.21,100,0.21,0.24,0.03,0.018198013305664062
abalone,0.21,100,0.21,0.3,0.09,0.0
abalone,0.21,100,0.21,0.34,0.13,0.0
abalone,0.21,100,0.21,0.24,0.03,0.0
abalone,0.21,100,0.21,0.24,0.03,0.0
abalone,0.21,100,0.21,0.35,0.14,0.0
abalone,0.21,100,0.21,0.23,0.02,0.0
abalone,0.21,100,0.21,0.24,0.03,0.015627384185791016
abalone,0.21,100,0.21,0.28,0.07,0.0
abalone,0.21,100,0.21,0.24,0.03,0.0
abalone,0.26,100,0.26,0.35,0.09,0.015620708465576172
abalone,0.26,100,0.26,0.28,0.02,0.0
abalone,0.26,100,0.26,0.29,0.03,0.0
abalone,0.26,100,0.26,0.29,0.03,0.0
abalone,0.26,100,0.26,0.32,0.06,0.0
abalone,0.26,100,0.26,0.28,0.02,0.0
abalone,0.26,100,0.26,0.31,0.05,0.0
abalone,0.26,100,0.26,0.27,0.01,0.0
abalone,0.26,100,0.26,0.33,0.07,0.0
abalone,0.26,100,0.26,0.27,0.01,0.0
abalone,0.32,100,0.32,0.37,0.05,0.0
abalone,0.32,100,0.32,0.31,0.01,0.0
abalone,0.32,100,0.32,0.35,0.03,0.0
abalone,0.32,100,0.32,0.38,0.06,0.0
abalone,0.32,100,0.32,0.34,0.02,0.0
abalone,0.32,100,0.32,0.34,0.02,0.0
abalone,0.32,100,0.32,0.37,0.05,0.015634775161743164
abalone,0.32,100,0.32,0.37,0.05,0.0
abalone,0.32,100,0.32,0.4,0.08,0.0055942535400390625
abalone,0.32,100,0.32,0.32,0.0,0.0
abalone,0.37,100,0.37,0.42,0.05,0.0
abalone,0.37,100,0.37,0.35,0.02,0.001184701919555664
abalone,0.37,100,0.37,0.41,0.04,0.0005109310150146484
abalone,0.37,100,0.37,0.37,0.0,0.001941680908203125
abalone,0.37,100,0.37,0.38,0.01,0.0009996891021728516
abalone,0.37,100,0.37,0.36,0.01,0.0010254383087158203
abalone,0.37,100,0.37,0.33,0.04,0.001542806625366211
abalone,0.37,100,0.37,0.39,0.02,0.0019998550415039062
abalone,0.37,100,0.37,0.43,0.06,0.0005784034729003906
abalone,0.37,100,0.37,0.42,0.05,0.0019958019256591797
abalone,0.42,100,0.42,0.42,0.0,0.0020067691802978516
abalone,0.42,100,0.42,0.4,0.02,0.0020029544830322266
abalone,0.42,100,0.42,0.42,0.0,0.0019969940185546875
abalone,0.42,100,0.42,0.44,0.02,0.0
abalone,0.42,100,0.42,0.41,0.01,0.0
abalone,0.42,100,0.42,0.34,0.08,0.0
abalone,0.42,100,0.42,0.44,0.02,0.0
abalone,0.42,100,0.42,0.49,0.07,0.0
abalone,0.42,100,0.42,0.43,0.01,0.0010085105895996094
abalone,0.42,100,0.42,0.37,0.05,0.0017116069793701172
abalone,0.47,100,0.47,0.45,0.02,0.0017423629760742188
abalone,0.47,100,0.47,0.47,0.0,0.0020034313201904297
abalone,0.47,100,0.47,0.48,0.01,0.0014312267303466797
abalone,0.47,100,0.47,0.41,0.06,0.0020046234130859375
abalone,0.47,100,0.47,0.48,0.01,0.012472391128540039
abalone,0.47,100,0.47,0.45,0.02,0.0021142959594726562
abalone,0.47,100,0.47,0.49,0.02,0.0
abalone,0.47,100,0.47,0.41,0.06,0.0
abalone,0.47,100,0.47,0.41,0.06,0.002083301544189453
abalone,0.47,100,0.47,0.4,0.07,0.0005948543548583984
abalone,0.53,100,0.53,0.54,0.01,0.0005121231079101562
abalone,0.53,100,0.53,0.48,0.05,0.0010616779327392578
abalone,0.53,100,0.53,0.51,0.02,0.001756429672241211
abalone,0.53,100,0.53,0.57,0.04,0.007047891616821289
abalone,0.53,100,0.53,0.53,0.0,0.001996278762817383
abalone,0.53,100,0.53,0.48,0.05,0.0
abalone,0.53,100,0.53,0.53,0.0,0.0
abalone,0.53,100,0.53,0.49,0.04,0.0015599727630615234
abalone,0.53,100,0.53,0.51,0.02,0.00589442253112793
abalone,0.53,100,0.53,0.43,0.1,0.0010118484497070312
abalone,0.58,100,0.58,0.48,0.1,0.0
abalone,0.58,100,0.58,0.52,0.06,0.0
abalone,0.58,100,0.58,0.58,0.0,0.0010004043579101562
abalone,0.58,100,0.58,0.53,0.05,0.0
abalone,0.58,100,0.58,0.52,0.06,0.0
abalone,0.58,100,0.58,0.58,0.0,0.0
abalone,0.58,100,0.58,0.56,0.02,0.0
abalone,0.58,100,0.58,0.44,0.14,0.0
abalone,0.58,100,0.58,0.6,0.02,0.001322031021118164
abalone,0.58,100,0.58,0.59,0.01,0.002080678939819336
abalone,0.63,100,0.63,0.59,0.04,0.0019075870513916016
abalone,0.63,100,0.63,0.55,0.08,0.0
abalone,0.63,100,0.63,0.6,0.03,0.0
abalone,0.63,100,0.63,0.54,0.09,0.0
abalone,0.63,100,0.63,0.57,0.06,0.0020072460174560547
abalone,0.63,100,0.63,0.59,0.04,0.0020117759704589844
abalone,0.63,100,0.63,0.59,0.04,0.0
abalone,0.63,100,0.63,0.53,0.1,0.005989789962768555
abalone,0.63,100,0.63,0.63,0.0,0.002254962921142578
abalone,0.63,100,0.63,0.61,0.02,0.0
abalone,0.68,100,0.68,0.64,0.04,0.002104520797729492
abalone,0.68,100,0.68,0.61,0.07,0.0010075569152832031
abalone,0.68,100,0.68,0.62,0.06,0.0019445419311523438
abalone,0.68,100,0.68,0.56,0.12,0.0011053085327148438
abalone,0.68,100,0.68,0.59,0.09,0.002000093460083008
abalone,0.68,100,0.68,0.61,0.07,0.0019800662994384766
abalone,0.68,100,0.68,0.58,0.1,0.0059583187103271484
abalone,0.68,100,0.68,0.58,0.1,0.002079486846923828
abalone,0.68,100,0.68,0.64,0.04,0.0
abalone,0.68,100,0.68,0.6,0.08,0.0
abalone,0.74,100,0.74,0.64,0.1,0.002428293228149414
abalone,0.74,100,0.74,0.66,0.08,0.0017120838165283203
abalone,0.74,100,0.74,0.69,0.05,0.001996755599975586
abalone,0.74,100,0.74,0.69,0.05,0.002002716064453125
abalone,0.74,100,0.74,0.64,0.1,0.0
abalone,0.74,100,0.74,0.57,0.17,0.0021772384643554688
abalone,0.74,100,0.74,0.67,0.07,0.001003265380859375
abalone,0.74,100,0.74,0.62,0.12,0.000986337661743164
abalone,0.74,100,0.74,0.67,0.07,0.012236833572387695
abalone,0.74,100,0.74,0.64,0.1,0.0021140575408935547
abalone,0.79,100,0.79,0.71,0.08,0.013502359390258789
abalone,0.79,100,0.79,0.72,0.07,0.0009999275207519531
abalone,0.79,100,0.79,0.68,0.11,0.01253199577331543
abalone,0.79,100,0.79,0.69,0.1,0.0013873577117919922
abalone,0.79,100,0.79,0.71,0.08,0.0006787776947021484
abalone,0.79,100,0.79,0.71,0.08,0.0
abalone,0.79,100,0.79,0.71,0.08,0.0
abalone,0.79,100,0.79,0.68,0.11,0.0019865036010742188
abalone,0.79,100,0.79,0.66,0.13,0.002096891403198242
abalone,0.79,100,0.79,0.68,0.11,0.0009920597076416016
abalone,0.84,100,0.84,0.74,0.1,0.0
abalone,0.84,100,0.84,0.75,0.09,0.0
abalone,0.84,100,0.84,0.72,0.12,0.002000570297241211
abalone,0.84,100,0.84,0.77,0.07,0.0021238327026367188
abalone,0.84,100,0.84,0.82,0.02,0.0021238327026367188
abalone,0.84,100,0.84,0.65,0.19,0.0009932518005371094
abalone,0.84,100,0.84,0.71,0.13,0.005625009536743164
abalone,0.84,100,0.84,0.72,0.12,0.005919694900512695
abalone,0.84,100,0.84,0.76,0.08,0.002003192901611328
abalone,0.84,100,0.84,0.75,0.09,0.00028204917907714844
abalone,0.89,100,0.89,0.8,0.09,0.0011110305786132812
abalone,0.89,100,0.89,0.75,0.14,0.0025315284729003906
abalone,0.89,100,0.89,0.75,0.14,0.0
abalone,0.89,100,0.89,0.71,0.18,0.002001523971557617
abalone,0.89,100,0.89,0.8,0.09,0.001999378204345703
abalone,0.89,100,0.89,0.72,0.17,0.0019969940185546875
abalone,0.89,100,0.89,0.77,0.12,0.001989603042602539
abalone,0.89,100,0.89,0.82,0.07,0.0014920234680175781
abalone,0.89,100,0.89,0.75,0.14,0.0010001659393310547
abalone,0.89,100,0.89,0.78,0.11,0.0
abalone,0.95,100,0.95,0.76,0.19,0.0
abalone,0.95,100,0.95,0.73,0.22,0.0019998550415039062
abalone,0.95,100,0.95,0.78,0.17,0.001116037368774414
abalone,0.95,100,0.95,0.77,0.18,0.0
abalone,0.95,100,0.95,0.81,0.14,0.0011012554168701172
abalone,0.95,100,0.95,0.78,0.17,0.0010037422180175781
abalone,0.95,100,0.95,0.84,0.11,0.0009744167327880859
abalone,0.95,100,0.95,0.76,0.19,0.0009996891021728516
abalone,0.95,100,0.95,0.76,0.19,0.002107858657836914
abalone,0.95,100,0.95,0.84,0.11,0.0
abalone,1.0,100,1.0,0.85,0.15,0.0
abalone,1.0,100,1.0,0.82,0.18,0.002103090286254883
abalone,1.0,100,1.0,0.86,0.14,0.0014019012451171875
abalone,1.0,100,1.0,0.85,0.15,0.0
abalone,1.0,100,1.0,0.86,0.14,0.0019996166229248047
abalone,1.0,100,1.0,0.82,0.18,0.0
abalone,1.0,100,1.0,0.8,0.2,0.0
abalone,1.0,100,1.0,0.88,0.12,0.012221097946166992
abalone,1.0,100,1.0,0.82,0.18,0.002000093460083008
abalone,1.0,100,1.0,0.86,0.14,0.005570888519287109
ailerons,0.0,100,0.0,0.06,0.06,0.0019986629486083984
ailerons,0.0,100,0.0,0.04,0.04,0.0010004043579101562
ailerons,0.0,100,0.0,0.05,0.05,0.002026081085205078
ailerons,0.0,100,0.0,0.06,0.06,0.0025582313537597656
ailerons,0.0,100,0.0,0.09,0.09,0.0
ailerons,0.0,100,0.0,0.02,0.02,0.0
ailerons,0.0,100,0.0,0.05,0.05,0.0
ailerons,0.0,100,0.0,0.06,0.06,0.0021102428436279297
ailerons,0.0,100,0.0,0.03,0.03,0.0
ailerons,0.0,100,0.0,0.02,0.02,0.006079912185668945
ailerons,0.05,100,0.05,0.1,0.05,0.0
ailerons,0.05,100,0.05,0.06,0.01,0.0020024776458740234
ailerons,0.05,100,0.05,0.07,0.02,0.0009932518005371094
ailerons,0.05,100,0.05,0.11,0.06,0.0
ailerons,0.05,100,0.05,0.1,0.05,0.002100229263305664
ailerons,0.05,100,0.05,0.09,0.04,0.0019838809967041016
ailerons,0.05,100,0.05,0.12,0.07,0.0
ailerons,0.05,100,0.05,0.09,0.04,0.0019991397857666016
ailerons,0.05,100,0.05,0.06,0.01,0.0020058155059814453
ailerons,0.05,100,0.05,0.1,0.05,0.0019991397857666016
ailerons,0.11,100,0.11,0.15,0.04,0.0
ailerons,0.11,100,0.11,0.2,0.09,0.007183551788330078
ailerons,0.11,100,0.11,0.16,0.05,0.0
ailerons,0.11,100,0.11,0.16,0.05,0.0011205673217773438
ailerons,0.11,100,0.11,0.2,0.09,0.0010039806365966797
ailerons,0.11,100,0.11,0.07,0.04,0.0010089874267578125
ailerons,0.11,100,0.11,0.11,0.0,0.0020897388458251953
ailerons,0.11,100,0.11,0.15,0.04,0.0
ailerons,0.11,100,0.11,0.16,0.05,0.0
ailerons,0.11,100,0.11,0.17,0.06,0.0020368099212646484
ailerons,0.16,100,0.16,0.17,0.01,0.0020017623901367188
ailerons,0.16,100,0.16,0.19,0.03,0.006599903106689453
ailerons,0.16,100,0.16,0.16,0.0,0.0020008087158203125
ailerons,0.16,100,0.16,0.16,0.0,0.0
ailerons,0.16,100,0.16,0.16,0.0,0.0017070770263671875
ailerons,0.16,100,0.16,0.18,0.02,0.00136566162109375
ailerons,0.16,100,0.16,0.16,0.0,0.0019872188568115234
ailerons,0.16,100,0.16,0.21,0.05,0.0020024776458740234
ailerons,0.16,100,0.16,0.2,0.04,0.0010106563568115234
ailerons,0.16,100,0.16,0.18,0.02,0.0012297630310058594
ailerons,0.21,100,0.21,0.22,0.01,0.001995563507080078
ailerons,0.21,100,0.21,0.22,0.01,0.0014400482177734375
ailerons,0.21,100,0.21,0.23,0.02,0.0
ailerons,0.21,100,0.21,0.19,0.02,0.006010770797729492
ailerons,0.21,100,0.21,0.25,0.04,0.0020008087158203125
ailerons,0.21,100,0.21,0.18,0.03,0.0014655590057373047
ailerons,0.21,100,0.21,0.22,0.01,0.0009965896606445312
ailerons,0.21,100,0.21,0.2,0.01,0.001989126205444336
ailerons,0.21,100,0.21,0.22,0.01,0.0009975433349609375
ailerons,0.21,100,0.21,0.29,0.08,0.0019996166229248047
ailerons,0.26,100,0.26,0.31,0.05,0.0011188983917236328
ailerons,0.26,100,0.26,0.24,0.02,0.0
ailerons,0.26,100,0.26,0.26,0.0,0.0020422935485839844
ailerons,0.26,100,0.26,0.24,0.02,0.001985788345336914
ailerons,0.26,100,0.26,0.27,0.01,0.0021011829376220703
ailerons,0.26,100,0.26,0.26,0.0,0.0
ailerons,0.26,100,0.26,0.25,0.01,0.0
ailerons,0.26,100,0.26,0.27,0.01,0.0
ailerons,0.26,100,0.26,0.26,0.0,0.001999378204345703
ailerons,0.26,100,0.26,0.28,0.02,0.002156972885131836
ailerons,0.32,100,0.32,0.36,0.04,0.001999378204345703
ailerons,0.32,100,0.32,0.29,0.03,0.0
ailerons,0.32,100,0.32,0.31,0.01,0.0019991397857666016
ailerons,0.32,100,0.32,0.3,0.02,0.0028641223907470703
ailerons,0.32,100,0.32,0.29,0.03,0.002002716064453125
ailerons,0.32,100,0.32,0.35,0.03,0.0
ailerons,0.32,100,0.32,0.25,0.07,0.0
ailerons,0.32,100,0.32,0.29,0.03,0.012661933898925781
ailerons,0.32,100,0.32,0.27,0.05,0.0015301704406738281
ailerons,0.32,100,0.32,0.28,0.04,0.0015103816986083984
ailerons,0.37,100,0.37,0.35,0.02,0.0
ailerons,0.37,100,0.37,0.34,0.03,0.0020058155059814453
ailerons,0.37,100,0.37,0.31,0.06,0.0019965171813964844
ailerons,0.37,100,0.37,0.35,0.02,0.0
ailerons,0.37,100,0.37,0.43,0.06,0.0017948150634765625
ailerons,0.37,100,0.37,0.34,0.03,0.0012352466583251953
ailerons,0.37,100,0.37,0.38,0.01,0.0020160675048828125
ailerons,0.37,100,0.37,0.35,0.02,0.0
ailerons,0.37,100,0.37,0.38,0.01,0.0011281967163085938
ailerons,0.37,100,0.37,0.35,0.02,0.004882097244262695
ailerons,0.42,100,0.42,0.42,0.0,0.005933523178100586
ailerons,0.42,100,0.42,0.52,0.1,0.0019922256469726562
ailerons,0.42,100,0.42,0.37,0.05,0.0020117759704589844
ailerons,0.42,100,0.42,0.43,0.01,0.0002391338348388672
ailerons,0.42,100,0.42,0.44,0.02,0.0029942989349365234
ailerons,0.42,100,0.42,0.39,0.03,0.001996755599975586
ailerons,0.42,100,0.42,0.44,0.02,0.0
ailerons,0.42,100,0.42,0.39,0.03,0.0
ailerons,0.42,100,0.42,0.39,0.03,0.005974292755126953
ailerons,0.42,100,0.42,0.41,0.01,0.006165504455566406
ailerons,0.47,100,0.47,0.47,0.0,0.0006785392761230469
ailerons,0.47,100,0.47,0.4,0.07,0.0
ailerons,0.47,100,0.47,0.49,0.02,0.0
ailerons,0.47,100,0.47,0.48,0.01,0.0
ailerons,0.47,100,0.47,0.45,0.02,0.006264448165893555
ailerons,0.47,100,0.47,0.42,0.05,0.0
ailerons,0.47,100,0.47,0.47,0.0,0.0
ailerons,0.47,100,0.47,0.42,0.05,0.0055315494537353516
ailerons,0.47,100,0.47,0.42,0.05,0.0
ailerons,0.47,100,0.47,0.44,0.03,0.0
ailerons,0.53,100,0.53,0.52,0.01,0.0017158985137939453
ailerons,0.53,100,0.53,0.48,0.05,0.0
ailerons,0.53,100,0.53,0.41,0.12,0.0
ailerons,0.53,100,0.53,0.47,0.06,0.0
ailerons,0.53,100,0.53,0.44,0.09,0.006941080093383789
ailerons,0.53,100,0.53,0.48,0.05,0.005944967269897461
ailerons,0.53,100,0.53,0.52,0.01,0.0
ailerons,0.53,100,0.53,0.52,0.01,0.007104635238647461
ailerons,0.53,100,0.53,0.48,0.05,0.0019958019256591797
ailerons,0.53,100,0.53,0.5,0.03,0.0022575855255126953
ailerons,0.58,100,0.58,0.49,0.09,0.006121158599853516
ailerons,0.58,100,0.58,0.51,0.07,0.0025289058685302734
ailerons,0.58,100,0.58,0.61,0.03,0.0020020008087158203
ailerons,0.58,100,0.58,0.54,0.04,0.0
ailerons,0.58,100,0.58,0.54,0.04,0.005757331848144531
ailerons,0.58,100,0.58,0.56,0.02,0.0
ailerons,0.58,100,0.58,0.56,0.02,0.0009980201721191406
ailerons,0.58,100,0.58,0.56,0.02,0.006110429763793945
ailerons,0.58,100,0.58,0.54,0.04,0.0
ailerons,0.58,100,0.58,0.5,0.08,0.007081508636474609
ailerons,0.63,100,0.63,0.57,0.06,0.0021047592163085938
ailerons,0.63,100,0.63,0.57,0.06,0.002788543701171875
ailerons,0.63,100,0.63,0.55,0.08,0.002115011215209961
ailerons,0.63,100,0.63,0.63,0.0,0.0005750656127929688
ailerons,0.63,100,0.63,0.66,0.03,0.0021162033081054688
ailerons,0.63,100,0.63,0.56,0.07,0.0020236968994140625
ailerons,0.63,100,0.63,0.63,0.0,0.005880117416381836
ailerons,0.63,100,0.63,0.62,0.01,0.002129793167114258
ailerons,0.63,100,0.63,0.59,0.04,0.0020847320556640625
ailerons,0.63,100,0.63,0.61,0.02,0.0021114349365234375
ailerons,0.68,100,0.68,0.63,0.05,0.0
ailerons,0.68,100,0.68,0.64,0.04,0.002359628677368164
ailerons,0.68,100,0.68,0.6,0.08,0.001996755599975586
ailerons,0.68,100,0.68,0.66,0.02,0.001708984375
ailerons,0.68,100,0.68,0.66,0.02,0.0019941329956054688
ailerons,0.68,100,0.68,0.61,0.07,0.0020003318786621094
ailerons,0.68,100,0.68,0.6,0.08,0.0020608901977539062
ailerons,0.68,100,0.68,0.59,0.09,0.0011091232299804688
ailerons,0.68,100,0.68,0.62,0.06,0.001024007797241211
ailerons,0.68,100,0.68,0.66,0.02,0.0
ailerons,0.74,100,0.74,0.68,0.06,0.002001523971557617
ailerons,0.74,100,0.74,0.67,0.07,0.0
ailerons,0.74,100,0.74,0.69,0.05,0.0026006698608398438
ailerons,0.74,100,0.74,0.69,0.05,0.0
ailerons,0.74,100,0.74,0.67,0.07,0.002105236053466797
ailerons,0.74,100,0.74,0.68,0.06,0.002080202102661133
ailerons,0.74,100,0.74,0.68,0.06,0.0013246536254882812
ailerons,0.74,100,0.74,0.74,0.0,0.0016131401062011719
ailerons,0.74,100,0.74,0.63,0.11,0.0015118122100830078
ailerons,0.74,100,0.74,0.62,0.12,0.0019979476928710938
ailerons,0.79,100,0.79,0.71,0.08,0.0007197856903076172
ailerons,0.79,100,0.79,0.7,0.09,0.0
ailerons,0.79,100,0.79,0.73,0.06,0.0
ailerons,0.79,100,0.79,0.72,0.07,0.0021207332611083984
ailerons,0.79,100,0.79,0.69,0.1,0.0
ailerons,0.79,100,0.79,0.68,0.11,0.007498502731323242
ailerons,0.79,100,0.79,0.67,0.12,0.006583213806152344
ailerons,0.79,100,0.79,0.68,0.11,0.0013904571533203125
ailerons,0.79,100,0.79,0.68,0.11,0.006058216094970703
ailerons,0.79,100,0.79,0.67,0.12,0.0022644996643066406
ailerons,0.84,100,0.84,0.79,0.05,0.0006604194641113281
ailerons,0.84,100,0.84,0.69,0.15,0.0019850730895996094
ailerons,0.84,100,0.84,0.7,0.14,0.0012080669403076172
ailerons,0.84,100,0.84,0.8,0.04,0.0
ailerons,0.84,100,0.84,0.82,0.02,0.00208282470703125
ailerons,0.84,100,0.84,0.77,0.07,0.0021927356719970703
ailerons,0.84,100,0.84,0.78,0.06,0.0
ailerons,0.84,100,0.84,0.78,0.06,0.0
ailerons,0.84,100,0.84,0.74,0.1,0.0
ailerons,0.84,100,0.84,0.77,0.07,0.00558018684387207
ailerons,0.89,100,0.89,0.83,0.06,0.0
ailerons,0.89,100,0.89,0.79,0.1,0.00042819976806640625
ailerons,0.89,100,0.89,0.78,0.11,0.0
ailerons,0.89,100,0.89,0.81,0.08,0.013583660125732422
ailerons,0.89,100,0.89,0.84,0.05,0.015666723251342773
ailerons,0.89,100,0.89,0.85,0.04,0.0
ailerons,0.89,100,0.89,0.79,0.1,0.0
ailerons,0.89,100,0.89,0.81,0.08,0.015707969665527344
ailerons,0.89,100,0.89,0.78,0.11,0.0
ailerons,0.89,100,0.89,0.84,0.05,0.0
ailerons,0.95,100,0.95,0.86,0.09,0.0
ailerons,0.95,100,0.95,0.84,0.11,0.0
ailerons,0.95,100,0.95,0.82,0.13,0.0019943714141845703
ailerons,0.95,100,0.95,0.85,0.1,0.0
ailerons,0.95,100,0.95,0.86,0.09,0.002516031265258789
ailerons,0.95,100,0.95,0.9,0.05,0.005799055099487305
ailerons,0.95,100,0.95,0.9,0.05,0.0017971992492675781
ailerons,0.95,100,0.95,0.83,0.12,0.002482175827026367
ailerons,0.95,100,0.95,0.87,0.08,0.0024302005767822266
ailerons,0.95,100,0.95,0.86,0.09,0.0019986629486083984
ailerons,1.0,100,1.0,0.85,0.15,0.0015621185302734375
ailerons,1.0,100,1.0,0.92,0.08,0.0
ailerons,1.0,100,1.0,0.94,0.06,0.0
ailerons,1.0,100,1.0,0.85,0.15,0.0019953250885009766
ailerons,1.0,100,1.0,0.9,0.1,0.0
ailerons,1.0,100,1.0,0.9,0.1,0.006962776184082031
ailerons,1.0,100,1.0,0.96,0.04,0.0020155906677246094
ailerons,1.0,100,1.0,0.93,0.07,0.005071163177490234
ailerons,1.0,100,1.0,0.81,0.19,0.0
ailerons,1.0,100,1.0,0.88,0.12,0.00606846809387207
BNG_breast-w,0.0,100,0.0,0.0,0.0,0.0
BNG_breast-w,0.0,100,0.0,0.0,0.0,0.001992464065551758
BNG_breast-w,0.0,100,0.0,0.0,0.0,0.0010159015655517578
BNG_breast-w,0.0,100,0.0,0.0,0.0,0.0015921592712402344
BNG_breast-w,0.0,100,0.0,0.02,0.02,0.0
BNG_breast-w,0.0,100,0.0,0.02,0.02,0.0
BNG_breast-w,0.0,100,0.0,0.01,0.01,0.005953550338745117
BNG_breast-w,0.0,100,0.0,0.0,0.0,0.0
BNG_breast-w,0.0,100,0.0,0.0,0.0,0.0006816387176513672
BNG_breast-w,0.0,100,0.0,0.0,0.0,0.0
BNG_breast-w,0.05,100,0.05,0.04,0.01,0.0009982585906982422
BNG_breast-w,0.05,100,0.05,0.06,0.01,0.0
BNG_breast-w,0.05,100,0.05,0.05,0.0,0.005405426025390625
BNG_breast-w,0.05,100,0.05,0.05,0.0,0.0021805763244628906
BNG_breast-w,0.05,100,0.05,0.04,0.01,0.0069310665130615234
BNG_breast-w,0.05,100,0.05,0.03,0.02,0.0014867782592773438
BNG_breast-w,0.05,100,0.05,0.04,0.01,0.0
BNG_breast-w,0.05,100,0.05,0.06,0.01,0.0010380744934082031
BNG_breast-w,0.05,100,0.05,0.05,0.0,0.0014696121215820312
BNG_breast-w,0.05,100,0.05,0.03,0.02,0.0019998550415039062
BNG_breast-w,0.11,100,0.11,0.11,0.0,0.0011472702026367188
BNG_breast-w,0.11,100,0.11,0.11,0.0,0.0010099411010742188
BNG_breast-w,0.11,100,0.11,0.09,0.02,0.0
BNG_breast-w,0.11,100,0.11,0.12,0.01,0.00099945068359375
BNG_breast-w,0.11,100,0.11,0.11,0.0,0.002088308334350586
BNG_breast-w,0.11,100,0.11,0.11,0.0,0.0019996166229248047
BNG_breast-w,0.11,100,0.11,0.13,0.02,0.002031087875366211
BNG_breast-w,0.11,100,0.11,0.1,0.01,0.0
BNG_breast-w,0.11,100,0.11,0.12,0.01,0.006415367126464844
BNG_breast-w,0.11,100,0.11,0.11,0.0,0.0015387535095214844
BNG_breast-w,0.16,100,0.16,0.16,0.0,0.0
BNG_breast-w,0.16,100,0.16,0.17,0.01,0.001998424530029297
BNG_breast-w,0.16,100,0.16,0.16,0.0,0.0021157264709472656
BNG_breast-w,0.16,100,0.16,0.16,0.0,0.0009980201721191406
BNG_breast-w,0.16,100,0.16,0.15,0.01,0.00570368766784668
BNG_breast-w,0.16,100,0.16,0.18,0.02,0.0013158321380615234
BNG_breast-w,0.16,100,0.16,0.16,0.0,0.0019986629486083984
BNG_breast-w,0.16,100,0.16,0.16,0.0,0.0009999275207519531
BNG_breast-w,0.16,100,0.16,0.16,0.0,0.0
BNG_breast-w,0.16,100,0.16,0.15,0.01,0.0
BNG_breast-w,0.21,100,0.21,0.2,0.01,0.0035800933837890625
BNG_breast-w,0.21,100,0.21,0.22,0.01,0.0
BNG_breast-w,0.21,100,0.21,0.2,0.01,0.001712799072265625
BNG_breast-w,0.21,100,0.21,0.19,0.02,0.0
BNG_breast-w,0.21,100,0.21,0.23,0.02,0.0
BNG_breast-w,0.21,100,0.21,0.21,0.0,0.0
BNG_breast-w,0.21,100,0.21,0.22,0.01,0.0
BNG_breast-w,0.21,100,0.21,0.21,0.0,0.0015511512756347656
BNG_breast-w,0.21,100,0.21,0.22,0.01,0.0058863162994384766
BNG_breast-w,0.21,100,0.21,0.22,0.01,0.0
BNG_breast-w,0.26,100,0.26,0.26,0.0,0.0062787532806396484
BNG_breast-w,0.26,100,0.26,0.27,0.01,0.0
BNG_breast-w,0.26,100,0.26,0.26,0.0,0.0
BNG_breast-w,0.26,100,0.26,0.24,0.02,0.006284236907958984
BNG_breast-w,0.26,100,0.26,0.26,0.0,0.0
BNG_breast-w,0.26,100,0.26,0.27,0.01,0.005759477615356445
BNG_breast-w,0.26,100,0.26,0.27,0.01,0.0
BNG_breast-w,0.26,100,0.26,0.24,0.02,0.0020003318786621094
BNG_breast-w,0.26,100,0.26,0.27,0.01,0.0011093616485595703
BNG_breast-w,0.26,100,0.26,0.24,0.02,0.0020024776458740234
BNG_breast-w,0.32,100,0.32,0.3,0.02,0.006101846694946289
BNG_breast-w,0.32,100,0.32,0.31,0.01,0.0014340877532958984
BNG_breast-w,0.32,100,0.32,0.32,0.0,0.0020024776458740234
BNG_breast-w,0.32,100,0.32,0.31,0.01,0.0
BNG_breast-w,0.32,100,0.32,0.3,0.02,0.0016202926635742188
BNG_breast-w,0.32,100,0.32,0.32,0.0,0.0
BNG_breast-w,0.32,100,0.32,0.33,0.01,0.0018782615661621094
BNG_breast-w,0.32,100,0.32,0.31,0.01,0.0
BNG_breast-w,0.32,100,0.32,0.31,0.01,0.0
BNG_breast-w,0.32,100,0.32,0.33,0.01,0.0
BNG_breast-w,0.37,100,0.37,0.37,0.0,0.0060803890228271484
BNG_breast-w,0.37,100,0.37,0.36,0.01,0.0050923824310302734
BNG_breast-w,0.37,100,0.37,0.33,0.04,0.0
BNG_breast-w,0.37,100,0.37,0.34,0.03,0.0020351409912109375
BNG_breast-w,0.37,100,0.37,0.37,0.0,0.0
BNG_breast-w,0.37,100,0.37,0.37,0.0,0.0
BNG_breast-w,0.37,100,0.37,0.38,0.01,0.0010142326354980469
BNG_breast-w,0.37,100,0.37,0.34,0.03,0.006535053253173828
BNG_breast-w,0.37,100,0.37,0.34,0.03,0.0006132125854492188
BNG_breast-w,0.37,100,0.37,0.35,0.02,0.0
BNG_breast-w,0.42,100,0.42,0.41,0.01,0.0019991397857666016
BNG_breast-w,0.42,100,0.42,0.41,0.01,0.002044200897216797
BNG_breast-w,0.42,100,0.42,0.39,0.03,0.0
BNG_breast-w,0.42,100,0.42,0.41,0.01,0.0009944438934326172
BNG_breast-w,0.42,100,0.42,0.42,0.0,0.005919694900512695
BNG_breast-w,0.42,100,0.42,0.4,0.02,0.003451824188232422
BNG_breast-w,0.42,100,0.42,0.4,0.02,0.004083395004272461
BNG_breast-w,0.42,100,0.42,0.41,0.01,0.0011157989501953125
BNG_breast-w,0.42,100,0.42,0.41,0.01,0.0020020008087158203
BNG_breast-w,0.42,100,0.42,0.39,0.03,0.0
BNG_breast-w,0.47,100,0.47,0.46,0.01,0.0
BNG_breast-w,0.47,100,0.47,0.44,0.03,0.0006589889526367188
BNG_breast-w,0.47,100,0.47,0.47,0.0,0.0014998912811279297
BNG_breast-w,0.47,100,0.47,0.47,0.0,0.006490230560302734
BNG_breast-w,0.47,100,0.47,0.45,0.02,0.001003265380859375
BNG_breast-w,0.47,100,0.47,0.45,0.02,0.0021071434020996094
BNG_breast-w,0.47,100,0.47,0.48,0.01,0.001999378204345703
BNG_breast-w,0.47,100,0.47,0.46,0.01,0.0009965896606445312
BNG_breast-w,0.47,100,0.47,0.46,0.01,0.0015058517456054688
BNG_breast-w,0.47,100,0.47,0.44,0.03,0.0007739067077636719
BNG_breast-w,0.53,100,0.53,0.5,0.03,0.0004527568817138672
BNG_breast-w,0.53,100,0.53,0.52,0.01,0.0019986629486083984
BNG_breast-w,0.53,100,0.53,0.52,0.01,0.002002239227294922
BNG_breast-w,0.53,100,0.53,0.53,0.0,0.0019927024841308594
BNG_breast-w,0.53,100,0.53,0.52,0.01,0.0038094520568847656
BNG_breast-w,0.53,100,0.53,0.51,0.02,0.0
BNG_breast-w,0.53,100,0.53,0.52,0.01,0.0
BNG_breast-w,0.53,100,0.53,0.51,0.02,0.00099945068359375
BNG_breast-w,0.53,100,0.53,0.51,0.02,0.002106904983520508
BNG_breast-w,0.53,100,0.53,0.52,0.01,0.0009684562683105469
BNG_breast-w,0.58,100,0.58,0.57,0.01,0.0020263195037841797
BNG_breast-w,0.58,100,0.58,0.56,0.02,0.0009958744049072266
BNG_breast-w,0.58,100,0.58,0.55,0.03,0.0071451663970947266
BNG_breast-w,0.58,100,0.58,0.57,0.01,0.0010256767272949219
BNG_breast-w,0.58,100,0.58,0.56,0.02,0.001996755599975586
BNG_breast-w,0.58,100,0.58,0.56,0.02,0.0
BNG_breast-w,0.58,100,0.58,0.54,0.04,0.006019115447998047
BNG_breast-w,0.58,100,0.58,0.57,0.01,0.0016705989837646484
BNG_breast-w,0.58,100,0.58,0.56,0.02,0.0
BNG_breast-w,0.58,100,0.58,0.56,0.02,0.0
BNG_breast-w,0.63,100,0.63,0.59,0.04,0.0010001659393310547
BNG_breast-w,0.63,100,0.63,0.6,0.03,0.0
BNG_breast-w,0.63,100,0.63,0.62,0.01,0.0
BNG_breast-w,0.63,100,0.63,0.6,0.03,0.015640974044799805
BNG_breast-w,0.63,100,0.63,0.61,0.02,0.0
BNG_breast-w,0.63,100,0.63,0.6,0.03,0.0
BNG_breast-w,0.63,100,0.63,0.62,0.01,0.0010166168212890625
BNG_breast-w,0.63,100,0.63,0.63,0.0,0.0
BNG_breast-w,0.63,100,0.63,0.62,0.01,0.0010030269622802734
BNG_breast-w,0.63,100,0.63,0.6,0.03,0.0
BNG_breast-w,0.68,100,0.68,0.68,0.0,0.0
BNG_breast-w,0.68,100,0.68,0.67,0.01,0.0
BNG_breast-w,0.68,100,0.68,0.66,0.02,0.0
BNG_breast-w,0.68,100,0.68,0.67,0.01,0.0
BNG_breast-w,0.68,100,0.68,0.65,0.03,0.010083913803100586
BNG_breast-w,0.68,100,0.68,0.66,0.02,0.0002620220184326172
BNG_breast-w,0.68,100,0.68,0.66,0.02,0.0
BNG_breast-w,0.68,100,0.68,0.68,0.0,0.015718936920166016
BNG_breast-w,0.68,100,0.68,0.67,0.01,0.0
BNG_breast-w,0.68,100,0.68,0.67,0.01,0.002055644989013672
BNG_breast-w,0.74,100,0.74,0.71,0.03,0.0
BNG_breast-w,0.74,100,0.74,0.72,0.02,0.0
BNG_breast-w,0.74,100,0.74,0.73,0.01,0.0021834373474121094
BNG_breast-w,0.74,100,0.74,0.71,0.03,0.0
BNG_breast-w,0.74,100,0.74,0.75,0.01,0.0
BNG_breast-w,0.74,100,0.74,0.69,0.05,0.0002636909484863281
BNG_breast-w,0.74,100,0.74,0.71,0.03,0.0
BNG_breast-w,0.74,100,0.74,0.73,0.01,0.0
BNG_breast-w,0.74,100,0.74,0.73,0.01,0.0
BNG_breast-w,0.74,100,0.74,0.73,0.01,0.0
BNG_breast-w,0.79,100,0.79,0.76,0.03,0.0
BNG_breast-w,0.79,100,0.79,0.77,0.02,0.0
BNG_breast-w,0.79,100,0.79,0.75,0.04,0.0
BNG_breast-w,0.79,100,0.79,0.78,0.01,0.015621185302734375
BNG_breast-w,0.79,100,0.79,0.77,0.02,0.0018794536590576172
BNG_breast-w,0.79,100,0.79,0.78,0.01,0.007972240447998047
BNG_breast-w,0.79,100,0.79,0.79,0.0,0.0
BNG_breast-w,0.79,100,0.79,0.78,0.01,0.0
BNG_breast-w,0.79,100,0.79,0.75,0.04,0.0
BNG_breast-w,0.79,100,0.79,0.77,0.02,0.009588479995727539
BNG_breast-w,0.84,100,0.84,0.81,0.03,0.01563549041748047
BNG_breast-w,0.84,100,0.84,0.84,0.0,0.0
BNG_breast-w,0.84,100,0.84,0.8,0.04,0.0
BNG_breast-w,0.84,100,0.84,0.78,0.06,0.0
BNG_breast-w,0.84,100,0.84,0.84,0.0,0.0
BNG_breast-w,0.84,100,0.84,0.82,0.02,0.0
BNG_breast-w,0.84,100,0.84,0.81,0.03,0.002000570297241211
BNG_breast-w,0.84,100,0.84,0.8,0.04,0.002003192901611328
BNG_breast-w,0.84,100,0.84,0.8,0.04,0.0011730194091796875
BNG_breast-w,0.84,100,0.84,0.8,0.04,0.0
BNG_breast-w,0.89,100,0.89,0.87,0.02,0.0
BNG_breast-w,0.89,100,0.89,0.85,0.04,0.0
BNG_breast-w,0.89,100,0.89,0.84,0.05,0.0
BNG_breast-w,0.89,100,0.89,0.87,0.02,0.0
BNG_breast-w,0.89,100,0.89,0.86,0.03,0.015625953674316406
BNG_breast-w,0.89,100,0.89,0.86,0.03,0.0
BNG_breast-w,0.89,100,0.89,0.85,0.04,0.0
BNG_breast-w,0.89,100,0.89,0.84,0.05,0.0
BNG_breast-w,0.89,100,0.89,0.85,0.04,0.0
BNG_breast-w,0.89,100,0.89,0.87,0.02,0.0
BNG_breast-w,0.95,100,0.95,0.95,0.0,0.01401209831237793
BNG_breast-w,0.95,100,0.95,0.93,0.02,0.0010209083557128906
BNG_breast-w,0.95,100,0.95,0.93,0.02,0.0
BNG_breast-w,0.95,100,0.95,0.94,0.01,0.0026717185974121094
BNG_breast-w,0.95,100,0.95,0.92,0.03,0.00647425651550293
BNG_breast-w,0.95,100,0.95,0.89,0.06,0.006289005279541016
BNG_breast-w,0.95,100,0.95,0.9,0.05,0.0
BNG_breast-w,0.95,100,0.95,0.95,0.0,0.0017437934875488281
BNG_breast-w,0.95,100,0.95,0.93,0.02,0.0
BNG_breast-w,0.95,100,0.95,0.93,0.02,0.0
BNG_breast-w,1.0,100,1.0,0.98,0.02,0.015709877014160156
BNG_breast-w,1.0,100,1.0,0.98,0.02,0.0
BNG_breast-w,1.0,100,1.0,0.98,0.02,0.0
BNG_breast-w,1.0,100,1.0,0.98,0.02,0.0
BNG_breast-w,1.0,100,1.0,0.97,0.03,0.0
BNG_breast-w,1.0,100,1.0,0.95,0.05,0.0
BNG_breast-w,1.0,100,1.0,0.95,0.05,0.0
BNG_breast-w,1.0,100,1.0,0.99,0.01,0.0
BNG_breast-w,1.0,100,1.0,0.96,0.04,0.0
BNG_breast-w,1.0,100,1.0,0.98,0.02,0.0
file22f0e4a679,0.0,100,0.0,0.02,0.02,0.012511730194091797
file22f0e4a679,0.0,100,0.0,0.02,0.02,0.0
file22f0e4a679,0.0,100,0.0,0.01,0.01,0.0
file22f0e4a679,0.0,100,0.0,0.01,0.01,0.002942800521850586
file22f0e4a679,0.0,100,0.0,0.02,0.02,0.0
file22f0e4a679,0.0,100,0.0,0.03,0.03,0.006045341491699219
file22f0e4a679,0.0,100,0.0,0.01,0.01,0.0
file22f0e4a679,0.0,100,0.0,0.02,0.02,0.006028652191162109
file22f0e4a679,0.0,100,0.0,0.01,0.01,0.0
file22f0e4a679,0.0,100,0.0,0.0,0.0,0.002421140670776367
file22f0e4a679,0.05,100,0.05,0.05,0.0,0.0
file22f0e4a679,0.05,100,0.05,0.06,0.01,0.007572174072265625
file22f0e4a679,0.05,100,0.05,0.06,0.01,0.005058765411376953
file22f0e4a679,0.05,100,0.05,0.07,0.02,0.0
file22f0e4a679,0.05,100,0.05,0.07,0.02,0.0
file22f0e4a679,0.05,100,0.05,0.06,0.01,0.0
file22f0e4a679,0.05,100,0.05,0.06,0.01,0.004811763763427734
file22f0e4a679,0.05,100,0.05,0.07,0.02,0.007546663284301758
file22f0e4a679,0.05,100,0.05,0.05,0.0,0.007105112075805664
file22f0e4a679,0.05,100,0.05,0.07,0.02,0.0
file22f0e4a679,0.11,100,0.11,0.13,0.02,0.0
file22f0e4a679,0.11,100,0.11,0.12,0.01,0.0
file22f0e4a679,0.11,100,0.11,0.11,0.0,0.0030303001403808594
file22f0e4a679,0.11,100,0.11,0.11,0.0,0.0
file22f0e4a679,0.11,100,0.11,0.12,0.01,0.0
file22f0e4a679,0.11,100,0.11,0.11,0.0,0.0
file22f0e4a679,0.11,100,0.11,0.12,0.01,0.0
file22f0e4a679,0.11,100,0.11,0.12,0.01,0.003959178924560547
file22f0e4a679,0.11,100,0.11,0.1,0.01,0.0
file22f0e4a679,0.11,100,0.11,0.11,0.0,0.015627622604370117
file22f0e4a679,0.16,100,0.16,0.16,0.0,0.015623092651367188
file22f0e4a679,0.16,100,0.16,0.16,0.0,0.0
file22f0e4a679,0.16,100,0.16,0.18,0.02,0.0
file22f0e4a679,0.16,100,0.16,0.16,0.0,0.0018956661224365234
file22f0e4a679,0.16,100,0.16,0.16,0.0,0.0
file22f0e4a679,0.16,100,0.16,0.17,0.01,0.0
file22f0e4a679,0.16,100,0.16,0.15,0.01,0.0
file22f0e4a679,0.16,100,0.16,0.17,0.01,0.0
file22f0e4a679,0.16,100,0.16,0.16,0.0,0.0
file22f0e4a679,0.16,100,0.16,0.16,0.0,0.01741933822631836
file22f0e4a679,0.21,100,0.21,0.21,0.0,0.0
file22f0e4a679,0.21,100,0.21,0.22,0.01,0.0
file22f0e4a679,0.21,100,0.21,0.22,0.01,0.0
file22f0e4a679,0.21,100,0.21,0.22,0.01,0.0
file22f0e4a679,0.21,100,0.21,0.21,0.0,0.005281686782836914
file22f0e4a679,0.21,100,0.21,0.21,0.0,0.0
file22f0e4a679,0.21,100,0.21,0.22,0.01,0.015731096267700195
file22f0e4a679,0.21,100,0.21,0.24,0.03,0.0
file22f0e4a679,0.21,100,0.21,0.21,0.0,0.0
file22f0e4a679,0.21,100,0.21,0.23,0.02,0.007112741470336914
file22f0e4a679,0.26,100,0.26,0.27,0.01,0.0
file22f0e4a679,0.26,100,0.26,0.26,0.0,0.0
file22f0e4a679,0.26,100,0.26,0.26,0.0,0.0021986961364746094
file22f0e4a679,0.26,100,0.26,0.26,0.0,0.0
file22f0e4a679,0.26,100,0.26,0.25,0.01,0.0031843185424804688
file22f0e4a679,0.26,100,0.26,0.26,0.0,0.0
file22f0e4a679,0.26,100,0.26,0.26,0.0,0.004722118377685547
file22f0e4a679,0.26,100,0.26,0.27,0.01,0.0
file22f0e4a679,0.26,100,0.26,0.26,0.0,0.005325794219970703
file22f0e4a679,0.26,100,0.26,0.26,0.0,0.0028095245361328125
file22f0e4a679,0.32,100,0.32,0.31,0.01,0.0037245750427246094
file22f0e4a679,0.32,100,0.32,0.32,0.0,0.006834983825683594
file22f0e4a679,0.32,100,0.32,0.32,0.0,0.007786273956298828
file22f0e4a679,0.32,100,0.32,0.33,0.01,0.0
file22f0e4a679,0.32,100,0.32,0.32,0.0,0.0
file22f0e4a679,0.32,100,0.32,0.33,0.01,0.0
file22f0e4a679,0.32,100,0.32,0.33,0.01,0.0
file22f0e4a679,0.32,100,0.32,0.33,0.01,0.0
file22f0e4a679,0.32,100,0.32,0.34,0.02,0.0
file22f0e4a679,0.32,100,0.32,0.33,0.01,0.0
file22f0e4a679,0.37,100,0.37,0.38,0.01,0.0
file22f0e4a679,0.37,100,0.37,0.38,0.01,0.0
file22f0e4a679,0.37,100,0.37,0.36,0.01,0.0
file22f0e4a679,0.37,100,0.37,0.38,0.01,0.016734838485717773
file22f0e4a679,0.37,100,0.37,0.38,0.01,0.015675783157348633
file22f0e4a679,0.37,100,0.37,0.38,0.01,0.0
file22f0e4a679,0.37,100,0.37,0.36,0.01,0.0
file22f0e4a679,0.37,100,0.37,0.38,0.01,0.0
file22f0e4a679,0.37,100,0.37,0.39,0.02,0.0
file22f0e4a679,0.37,100,0.37,0.37,0.0,0.012132406234741211
file22f0e4a679,0.42,100,0.42,0.43,0.01,0.011115312576293945
file22f0e4a679,0.42,100,0.42,0.41,0.01,0.0
file22f0e4a679,0.42,100,0.42,0.42,0.0,0.0030319690704345703
file22f0e4a679,0.42,100,0.42,0.41,0.01,0.0
file22f0e4a679,0.42,100,0.42,0.42,0.0,0.0056133270263671875
file22f0e4a679,0.42,100,0.42,0.43,0.01,0.0028421878814697266
file22f0e4a679,0.42,100,0.42,0.42,0.0,0.0033850669860839844
file22f0e4a679,0.42,100,0.42,0.42,0.0,0.0
file22f0e4a679,0.42,100,0.42,0.42,0.0,0.014005184173583984
file22f0e4a679,0.42,100,0.42,0.42,0.0,0.0
file22f0e4a679,0.47,100,0.47,0.48,0.01,0.0
file22f0e4a679,0.47,100,0.47,0.47,0.0,0.0
file22f0e4a679,0.47,100,0.47,0.47,0.0,0.0
file22f0e4a679,0.47,100,0.47,0.45,0.02,0.0
file22f0e4a679,0.47,100,0.47,0.49,0.02,0.014004230499267578
file22f0e4a679,0.47,100,0.47,0.47,0.0,0.0
file22f0e4a679,0.47,100,0.47,0.46,0.01,0.014001607894897461
file22f0e4a679,0.47,100,0.47,0.47,0.0,0.0
file22f0e4a679,0.47,100,0.47,0.5,0.03,0.0
file22f0e4a679,0.47,100,0.47,0.46,0.01,0.0
file22f0e4a679,0.53,100,0.53,0.53,0.0,0.0
file22f0e4a679,0.53,100,0.53,0.52,0.01,0.0008790493011474609
file22f0e4a679,0.53,100,0.53,0.52,0.01,0.0
file22f0e4a679,0.53,100,0.53,0.53,0.0,0.0
file22f0e4a679,0.53,100,0.53,0.52,0.01,0.014007329940795898
file22f0e4a679,0.53,100,0.53,0.53,0.0,0.0
file22f0e4a679,0.53,100,0.53,0.54,0.01,0.0
file22f0e4a679,0.53,100,0.53,0.51,0.02,0.0033452510833740234
file22f0e4a679,0.53,100,0.53,0.54,0.01,0.0
file22f0e4a679,0.53,100,0.53,0.53,0.0,0.0
file22f0e4a679,0.58,100,0.58,0.57,0.01,0.0
file22f0e4a679,0.58,100,0.58,0.56,0.02,0.0
file22f0e4a679,0.58,100,0.58,0.58,0.0,0.0
file22f0e4a679,0.58,100,0.58,0.58,0.0,0.0023119449615478516
file22f0e4a679,0.58,100,0.58,0.59,0.01,0.0
file22f0e4a679,0.58,100,0.58,0.57,0.01,0.0
file22f0e4a679,0.58,100,0.58,0.57,0.01,0.0
file22f0e4a679,0.58,100,0.58,0.58,0.0,0.0066089630126953125
file22f0e4a679,0.58,100,0.58,0.59,0.01,0.0036072731018066406
file22f0e4a679,0.58,100,0.58,0.57,0.01,0.003107786178588867
file22f0e4a679,0.63,100,0.63,0.62,0.01,0.004106283187866211
file22f0e4a679,0.63,100,0.63,0.61,0.02,0.004104137420654297
file22f0e4a679,0.63,100,0.63,0.61,0.02,0.006601572036743164
file22f0e4a679,0.63,100,0.63,0.63,0.0,0.0
file22f0e4a679,0.63,100,0.63,0.62,0.01,0.005601406097412109
file22f0e4a679,0.63,100,0.63,0.63,0.0,0.0023391246795654297
file22f0e4a679,0.63,100,0.63,0.63,0.0,0.0
file22f0e4a679,0.63,100,0.63,0.61,0.02,0.0
file22f0e4a679,0.63,100,0.63,0.63,0.0,0.014110565185546875
file22f0e4a679,0.63,100,0.63,0.63,0.0,0.0
file22f0e4a679,0.68,100,0.68,0.69,0.01,0.0
file22f0e4a679,0.68,100,0.68,0.67,0.01,0.0
file22f0e4a679,0.68,100,0.68,0.68,0.0,0.0
file22f0e4a679,0.68,100,0.68,0.66,0.02,0.0
file22f0e4a679,0.68,100,0.68,0.67,0.01,0.0
file22f0e4a679,0.68,100,0.68,0.68,0.0,0.0
file22f0e4a679,0.68,100,0.68,0.68,0.0,0.0
file22f0e4a679,0.68,100,0.68,0.67,0.01,0.0033779144287109375
file22f0e4a679,0.68,100,0.68,0.68,0.0,0.0
file22f0e4a679,0.68,100,0.68,0.66,0.02,0.0
file22f0e4a679,0.74,100,0.74,0.74,0.0,0.0030989646911621094
file22f0e4a679,0.74,100,0.74,0.73,0.01,0.014108419418334961
file22f0e4a679,0.74,100,0.74,0.73,0.01,0.0
file22f0e4a679,0.74,100,0.74,0.71,0.03,0.0021963119506835938
file22f0e4a679,0.74,100,0.74,0.74,0.0,0.0030074119567871094
file22f0e4a679,0.74,100,0.74,0.71,0.03,0.0031054019927978516
file22f0e4a679,0.74,100,0.74,0.74,0.0,0.0
file22f0e4a679,0.74,100,0.74,0.73,0.01,0.0
file22f0e4a679,0.74,100,0.74,0.73,0.01,0.0
file22f0e4a679,0.74,100,0.74,0.73,0.01,0.0
file22f0e4a679,0.79,100,0.79,0.77,0.02,0.0031092166900634766
file22f0e4a679,0.79,100,0.79,0.78,0.01,0.0
file22f0e4a679,0.79,100,0.79,0.78,0.01,0.0
file22f0e4a679,0.79,100,0.79,0.77,0.02,0.0
file22f0e4a679,0.79,100,0.79,0.79,0.0,0.0
file22f0e4a679,0.79,100,0.79,0.78,0.01,0.0031354427337646484
file22f0e4a679,0.79,100,0.79,0.78,0.01,0.014086008071899414
file22f0e4a679,0.79,100,0.79,0.77,0.02,0.0
file22f0e4a679,0.79,100,0.79,0.79,0.0,0.0
file22f0e4a679,0.79,100,0.79,0.78,0.01,0.0
file22f0e4a679,0.84,100,0.84,0.85,0.01,0.0026040077209472656
file22f0e4a679,0.84,100,0.84,0.81,0.03,0.0
file22f0e4a679,0.84,100,0.84,0.82,0.02,0.0
file22f0e4a679,0.84,100,0.84,0.82,0.02,0.0
file22f0e4a679,0.84,100,0.84,0.82,0.02,0.0
file22f0e4a679,0.84,100,0.84,0.82,0.02,0.0
file22f0e4a679,0.84,100,0.84,0.82,0.02,0.013600587844848633
file22f0e4a679,0.84,100,0.84,0.82,0.02,0.015813827514648438
file22f0e4a679,0.84,100,0.84,0.82,0.02,0.0
file22f0e4a679,0.84,100,0.84,0.83,0.01,0.0
file22f0e4a679,0.89,100,0.89,0.87,0.02,0.0
file22f0e4a679,0.89,100,0.89,0.88,0.01,0.0
file22f0e4a679,0.89,100,0.89,0.88,0.01,0.01578211784362793
file22f0e4a679,0.89,100,0.89,0.88,0.01,0.0
file22f0e4a679,0.89,100,0.89,0.87,0.02,0.0
file22f0e4a679,0.89,100,0.89,0.87,0.02,0.012608766555786133
file22f0e4a679,0.89,100,0.89,0.87,0.02,0.0
file22f0e4a679,0.89,100,0.89,0.89,0.0,0.0
file22f0e4a679,0.89,100,0.89,0.87,0.02,0.0068585872650146484
file22f0e4a679,0.89,100,0.89,0.88,0.01,0.014219999313354492
file22f0e4a679,0.95,100,0.95,0.92,0.03,0.0
file22f0e4a679,0.95,100,0.95,0.94,0.01,0.01400136947631836
file22f0e4a679,0.95,100,0.95,0.92,0.03,0.0
file22f0e4a679,0.95,100,0.95,0.94,0.01,0.0065915584564208984
file22f0e4a679,0.95,100,0.95,0.95,0.0,0.013598918914794922
file22f0e4a679,0.95,100,0.95,0.94,0.01,0.01399850845336914
file22f0e4a679,0.95,100,0.95,0.94,0.01,0.0
file22f0e4a679,0.95,100,0.95,0.94,0.01,0.013550996780395508
file22f0e4a679,0.95,100,0.95,0.93,0.02,0.0
file22f0e4a679,0.95,100,0.95,0.94,0.01,0.0
file22f0e4a679,1.0,100,1.0,0.97,0.03,0.0
file22f0e4a679,1.0,100,1.0,0.98,0.02,0.015731096267700195
file22f0e4a679,1.0,100,1.0,0.99,0.01,0.0
file22f0e4a679,1.0,100,1.0,0.99,0.01,0.003001689910888672
file22f0e4a679,1.0,100,1.0,0.98,0.02,0.0
file22f0e4a679,1.0,100,1.0,0.97,0.03,0.0
file22f0e4a679,1.0,100,1.0,0.98,0.02,0.0
file22f0e4a679,1.0,100,1.0,1.0,0.0,0.0
file22f0e4a679,1.0,100,1.0,0.99,0.01,0.0
file22f0e4a679,1.0,100,1.0,0.98,0.02,0.0
file7b5365fa741c,0.0,100,0.0,0.13,0.13,0.0049932003021240234
file7b5365fa741c,0.0,100,0.0,0.14,0.14,0.0
file7b5365fa741c,0.0,100,0.0,0.11,0.11,0.0
file7b5365fa741c,0.0,100,0.0,0.1,0.1,0.0008480548858642578
file7b5365fa741c,0.0,100,0.0,0.05,0.05,0.0
file7b5365fa741c,0.0,100,0.0,0.12,0.12,0.015616416931152344
file7b5365fa741c,0.0,100,0.0,0.12,0.12,0.0
file7b5365fa741c,0.0,100,0.0,0.13,0.13,0.0
file7b5365fa741c,0.0,100,0.0,0.06,0.06,0.0
file7b5365fa741c,0.0,100,0.0,0.08,0.08,0.0
file7b5365fa741c,0.05,100,0.05,0.12,0.07,0.0
file7b5365fa741c,0.05,100,0.05,0.14,0.09,0.0018868446350097656
file7b5365fa741c,0.05,100,0.05,0.16,0.11,0.0
file7b5365fa741c,0.05,100,0.05,0.16,0.11,0.002268552780151367
file7b5365fa741c,0.05,100,0.05,0.16,0.11,0.0010173320770263672
file7b5365fa741c,0.05,100,0.05,0.17,0.12,0.0019989013671875
file7b5365fa741c,0.05,100,0.05,0.14,0.09,0.0
file7b5365fa741c,0.05,100,0.05,0.14,0.09,0.002040386199951172
file7b5365fa741c,0.05,100,0.05,0.11,0.06,0.0
file7b5365fa741c,0.05,100,0.05,0.12,0.07,0.0
file7b5365fa741c,0.11,100,0.11,0.23,0.12,0.005727529525756836
file7b5365fa741c,0.11,100,0.11,0.22,0.11,0.006066083908081055
file7b5365fa741c,0.11,100,0.11,0.2,0.09,0.006705284118652344
file7b5365fa741c,0.11,100,0.11,0.16,0.05,0.0
file7b5365fa741c,0.11,100,0.11,0.26,0.15,0.006098747253417969
file7b5365fa741c,0.11,100,0.11,0.26,0.15,0.0
file7b5365fa741c,0.11,100,0.11,0.14,0.03,0.0
file7b5365fa741c,0.11,100,0.11,0.18,0.07,0.006085395812988281
file7b5365fa741c,0.11,100,0.11,0.15,0.04,0.0
file7b5365fa741c,0.11,100,0.11,0.23,0.12,0.0006184577941894531
file7b5365fa741c,0.16,100,0.16,0.21,0.05,0.0056116580963134766
file7b5365fa741c,0.16,100,0.16,0.29,0.13,0.0
file7b5365fa741c,0.16,100,0.16,0.27,0.11,0.0
file7b5365fa741c,0.16,100,0.16,0.26,0.1,0.0009245872497558594
file7b5365fa741c,0.16,100,0.16,0.29,0.13,0.00039076805114746094
file7b5365fa741c,0.16,100,0.16,0.2,0.04,0.006188392639160156
file7b5365fa741c,0.16,100,0.16,0.26,0.1,0.0
file7b5365fa741c,0.16,100,0.16,0.17,0.01,0.0
file7b5365fa741c,0.16,100,0.16,0.2,0.04,0.005902767181396484
file7b5365fa741c,0.16,100,0.16,0.22,0.06,0.0
file7b5365fa741c,0.21,100,0.21,0.35,0.14,0.0006091594696044922
file7b5365fa741c,0.21,100,0.21,0.24,0.03,0.0
file7b5365fa741c,0.21,100,0.21,0.35,0.14,0.0
file7b5365fa741c,0.21,100,0.21,0.33,0.12,0.006087541580200195
file7b5365fa741c,0.21,100,0.21,0.28,0.07,0.0
file7b5365fa741c,0.21,100,0.21,0.21,0.0,0.0018537044525146484
file7b5365fa741c,0.21,100,0.21,0.27,0.06,0.0
file7b5365fa741c,0.21,100,0.21,0.29,0.08,0.0
file7b5365fa741c,0.21,100,0.21,0.31,0.1,0.0060961246490478516
file7b5365fa741c,0.21,100,0.21,0.3,0.09,0.0
file7b5365fa741c,0.26,100,0.26,0.34,0.08,0.0
file7b5365fa741c,0.26,100,0.26,0.32,0.06,0.0
file7b5365fa741c,0.26,100,0.26,0.33,0.07,0.0013914108276367188
file7b5365fa741c,0.26,100,0.26,0.27,0.01,0.0017726421356201172
file7b5365fa741c,0.26,100,0.26,0.33,0.07,0.0021016597747802734
file7b5365fa741c,0.26,100,0.26,0.33,0.07,0.0013413429260253906
file7b5365fa741c,0.26,100,0.26,0.3,0.04,0.0020155906677246094
file7b5365fa741c,0.26,100,0.26,0.33,0.07,0.0029463768005371094
file7b5365fa741c,0.26,100,0.26,0.31,0.05,0.0065119266510009766
file7b5365fa741c,0.26,100,0.26,0.3,0.04,0.0020775794982910156
file7b5365fa741c,0.32,100,0.32,0.42,0.1,0.0
file7b5365fa741c,0.32,100,0.32,0.37,0.05,0.0
file7b5365fa741c,0.32,100,0.32,0.37,0.05,0.0
file7b5365fa741c,0.32,100,0.32,0.33,0.01,0.0
file7b5365fa741c,0.32,100,0.32,0.39,0.07,0.002087831497192383
file7b5365fa741c,0.32,100,0.32,0.38,0.06,0.002077341079711914
file7b5365fa741c,0.32,100,0.32,0.39,0.07,0.0019996166229248047
file7b5365fa741c,0.32,100,0.32,0.36,0.04,0.0069713592529296875
file7b5365fa741c,0.32,100,0.32,0.34,0.02,0.0071125030517578125
file7b5365fa741c,0.32,100,0.32,0.39,0.07,0.0
file7b5365fa741c,0.37,100,0.37,0.45,0.08,0.0
file7b5365fa741c,0.37,100,0.37,0.42,0.05,0.002132415771484375
file7b5365fa741c,0.37,100,0.37,0.37,0.0,0.0019905567169189453
file7b5365fa741c,0.37,100,0.37,0.4,0.03,0.0
file7b5365fa741c,0.37,100,0.37,0.36,0.01,0.0
file7b5365fa741c,0.37,100,0.37,0.39,0.02,0.0
file7b5365fa741c,0.37,100,0.37,0.41,0.04,0.0020782947540283203
file7b5365fa741c,0.37,100,0.37,0.33,0.04,0.0019996166229248047
file7b5365fa741c,0.37,100,0.37,0.44,0.07,0.0
file7b5365fa741c,0.37,100,0.37,0.42,0.05,0.0021038055419921875
file7b5365fa741c,0.42,100,0.42,0.46,0.04,0.0019392967224121094
file7b5365fa741c,0.42,100,0.42,0.45,0.03,0.0006263256072998047
file7b5365fa741c,0.42,100,0.42,0.4,0.02,0.0
file7b5365fa741c,0.42,100,0.42,0.45,0.03,0.00072479248046875
file7b5365fa741c,0.42,100,0.42,0.43,0.01,0.0016942024230957031
file7b5365fa741c,0.42,100,0.42,0.43,0.01,0.0
file7b5365fa741c,0.42,100,0.42,0.46,0.04,0.0060312747955322266
file7b5365fa741c,0.42,100,0.42,0.42,0.0,0.0
file7b5365fa741c,0.42,100,0.42,0.36,0.06,0.0
file7b5365fa741c,0.42,100,0.42,0.49,0.07,0.003437519073486328
file7b5365fa741c,0.47,100,0.47,0.46,0.01,0.0060045719146728516
file7b5365fa741c,0.47,100,0.47,0.42,0.05,0.001001596450805664
file7b5365fa741c,0.47,100,0.47,0.54,0.07,0.0020084381103515625
file7b5365fa741c,0.47,100,0.47,0.55,0.08,0.0009968280792236328
file7b5365fa741c,0.47,100,0.47,0.46,0.01,0.0019998550415039062
file7b5365fa741c,0.47,100,0.47,0.48,0.01,0.0017843246459960938
file7b5365fa741c,0.47,100,0.47,0.45,0.02,0.0
file7b5365fa741c,0.47,100,0.47,0.5,0.03,0.0
file7b5365fa741c,0.47,100,0.47,0.47,0.0,0.002115964889526367
file7b5365fa741c,0.47,100,0.47,0.45,0.02,0.0014734268188476562
file7b5365fa741c,0.53,100,0.53,0.54,0.01,0.005971670150756836
file7b5365fa741c,0.53,100,0.53,0.5,0.03,0.012408256530761719
file7b5365fa741c,0.53,100,0.53,0.57,0.04,0.006184577941894531
file7b5365fa741c,0.53,100,0.53,0.52,0.01,0.0
file7b5365fa741c,0.53,100,0.53,0.55,0.02,0.0
file7b5365fa741c,0.53,100,0.53,0.52,0.01,0.0
file7b5365fa741c,0.53,100,0.53,0.58,0.05,0.0019986629486083984
file7b5365fa741c,0.53,100,0.53,0.51,0.02,0.0020034313201904297
file7b5365fa741c,0.53,100,0.53,0.53,0.0,0.0020079612731933594
file7b5365fa741c,0.53,100,0.53,0.53,0.0,0.0
file7b5365fa741c,0.58,100,0.58,0.57,0.01,0.0
file7b5365fa741c,0.58,100,0.58,0.55,0.03,0.0017676353454589844
file7b5365fa741c,0.58,100,0.58,0.61,0.03,0.002005338668823242
file7b5365fa741c,0.58,100,0.58,0.62,0.04,0.001995086669921875
file7b5365fa741c,0.58,100,0.58,0.57,0.01,0.002512216567993164
file7b5365fa741c,0.58,100,0.58,0.52,0.06,0.0019397735595703125
file7b5365fa741c,0.58,100,0.58,0.57,0.01,0.006739139556884766
file7b5365fa741c,0.58,100,0.58,0.58,0.0,0.0020356178283691406
file7b5365fa741c,0.58,100,0.58,0.59,0.01,0.0
file7b5365fa741c,0.58,100,0.58,0.59,0.01,0.0019464492797851562
file7b5365fa741c,0.63,100,0.63,0.69,0.06,0.005490779876708984
file7b5365fa741c,0.63,100,0.63,0.6,0.03,0.0060193538665771484
file7b5365fa741c,0.63,100,0.63,0.61,0.02,0.0005924701690673828
file7b5365fa741c,0.63,100,0.63,0.61,0.02,0.0005464553833007812
file7b5365fa741c,0.63,100,0.63,0.62,0.01,0.0020074844360351562
file7b5365fa741c,0.63,100,0.63,0.61,0.02,0.0019998550415039062
file7b5365fa741c,0.63,100,0.63,0.58,0.05,0.0
file7b5365fa741c,0.63,100,0.63,0.57,0.06,0.004415273666381836
file7b5365fa741c,0.63,100,0.63,0.68,0.05,0.0
file7b5365fa741c,0.63,100,0.63,0.63,0.0,0.0013685226440429688
file7b5365fa741c,0.68,100,0.68,0.67,0.01,0.0
file7b5365fa741c,0.68,100,0.68,0.74,0.06,0.0020020008087158203
file7b5365fa741c,0.68,100,0.68,0.62,0.06,0.002372264862060547
file7b5365fa741c,0.68,100,0.68,0.61,0.07,0.0014739036560058594
file7b5365fa741c,0.68,100,0.68,0.63,0.05,0.002009153366088867
file7b5365fa741c,0.68,100,0.68,0.57,0.11,0.002215147018432617
file7b5365fa741c,0.68,100,0.68,0.7,0.02,0.0020978450775146484
file7b5365fa741c,0.68,100,0.68,0.64,0.04,0.0
file7b5365fa741c,0.68,100,0.68,0.62,0.06,0.0007128715515136719
file7b5365fa741c,0.68,100,0.68,0.64,0.04,0.0026237964630126953
file7b5365fa741c,0.74,100,0.74,0.72,0.02,0.0
file7b5365fa741c,0.74,100,0.74,0.65,0.09,0.0
file7b5365fa741c,0.74,100,0.74,0.71,0.03,0.0023806095123291016
file7b5365fa741c,0.74,100,0.74,0.69,0.05,0.002095460891723633
file7b5365fa741c,0.74,100,0.74,0.66,0.08,0.006169795989990234
file7b5365fa741c,0.74,100,0.74,0.67,0.07,0.0
file7b5365fa741c,0.74,100,0.74,0.67,0.07,0.002150297164916992
file7b5365fa741c,0.74,100,0.74,0.68,0.06,0.002000093460083008
file7b5365fa741c,0.74,100,0.74,0.69,0.05,0.0058667659759521484
file7b5365fa741c,0.74,100,0.74,0.69,0.05,0.001409292221069336
file7b5365fa741c,0.79,100,0.79,0.71,0.08,0.0
file7b5365fa741c,0.79,100,0.79,0.7,0.09,0.0
file7b5365fa741c,0.79,100,0.79,0.74,0.05,0.0
file7b5365fa741c,0.79,100,0.79,0.69,0.1,0.0025136470794677734
file7b5365fa741c,0.79,100,0.79,0.7,0.09,0.0020089149475097656
file7b5365fa741c,0.79,100,0.79,0.66,0.13,0.002613544464111328
file7b5365fa741c,0.79,100,0.79,0.74,0.05,0.0014007091522216797
file7b5365fa741c,0.79,100,0.79,0.76,0.03,0.0021028518676757812
file7b5365fa741c,0.79,100,0.79,0.75,0.04,0.0020062923431396484
file7b5365fa741c,0.79,100,0.79,0.7,0.09,0.012538909912109375
file7b5365fa741c,0.84,100,0.84,0.76,0.08,0.0065305233001708984
file7b5365fa741c,0.84,100,0.84,0.8,0.04,0.002001047134399414
file7b5365fa741c,0.84,100,0.84,0.74,0.1,0.0020020008087158203
file7b5365fa741c,0.84,100,0.84,0.76,0.08,0.0020058155059814453
file7b5365fa741c,0.84,100,0.84,0.84,0.0,0.0009951591491699219
file7b5365fa741c,0.84,100,0.84,0.74,0.1,0.0015854835510253906
file7b5365fa741c,0.84,100,0.84,0.8,0.04,0.0
file7b5365fa741c,0.84,100,0.84,0.82,0.02,0.005800485610961914
file7b5365fa741c,0.84,100,0.84,0.76,0.08,0.0
file7b5365fa741c,0.84,100,0.84,0.76,0.08,0.0005412101745605469
file7b5365fa741c,0.89,100,0.89,0.89,0.0,0.0
file7b5365fa741c,0.89,100,0.89,0.78,0.11,0.002000093460083008
file7b5365fa741c,0.89,100,0.89,0.83,0.06,0.0
file7b5365fa741c,0.89,100,0.89,0.85,0.04,0.0
file7b5365fa741c,0.89,100,0.89,0.81,0.08,0.0
file7b5365fa741c,0.89,100,0.89,0.77,0.12,0.0014500617980957031
file7b5365fa741c,0.89,100,0.89,0.78,0.11,0.0027048587799072266
file7b5365fa741c,0.89,100,0.89,0.8,0.09,0.0016903877258300781
file7b5365fa741c,0.89,100,0.89,0.85,0.04,0.0021092891693115234
file7b5365fa741c,0.89,100,0.89,0.85,0.04,0.007575035095214844
file7b5365fa741c,0.95,100,0.95,0.92,0.03,0.002087116241455078
file7b5365fa741c,0.95,100,0.95,0.86,0.09,0.0
file7b5365fa741c,0.95,100,0.95,0.93,0.02,0.0
file7b5365fa741c,0.95,100,0.95,0.92,0.03,0.0009937286376953125
file7b5365fa741c,0.95,100,0.95,0.78,0.17,0.002000093460083008
file7b5365fa741c,0.95,100,0.95,0.91,0.04,0.0019989013671875
file7b5365fa741c,0.95,100,0.95,0.86,0.09,0.0
file7b5365fa741c,0.95,100,0.95,0.86,0.09,0.0
file7b5365fa741c,0.95,100,0.95,0.89,0.06,0.0
file7b5365fa741c,0.95,100,0.95,0.84,0.11,0.0019996166229248047
file7b5365fa741c,1.0,100,1.0,0.9,0.1,0.000997781753540039
file7b5365fa741c,1.0,100,1.0,0.87,0.13,0.0
file7b5365fa741c,1.0,100,1.0,0.91,0.09,0.0
file7b5365fa741c,1.0,100,1.0,0.83,0.17,0.0019998550415039062
file7b5365fa741c,1.0,100,1.0,0.89,0.11,0.0017669200897216797
file7b5365fa741c,1.0,100,1.0,0.88,0.12,0.0025510787963867188
file7b5365fa741c,1.0,100,1.0,0.94,0.06,0.0019986629486083984
file7b5365fa741c,1.0,100,1.0,0.86,0.14,0.012299537658691406
file7b5365fa741c,1.0,100,1.0,0.9,0.1,0.0
file7b5365fa741c,1.0,100,1.0,0.92,0.08,0.0006780624389648438
houses,0.0,100,0.0,0.04,0.04,0.002002716064453125
houses,0.0,100,0.0,0.0,0.0,0.0010302066802978516
houses,0.0,100,0.0,0.03,0.03,0.0
houses,0.0,100,0.0,0.04,0.04,0.0
houses,0.0,100,0.0,0.03,0.03,0.0
houses,0.0,100,0.0,0.02,0.02,0.002026081085205078
houses,0.0,100,0.0,0.06,0.06,0.0057146549224853516
houses,0.0,100,0.0,0.03,0.03,0.0010237693786621094
houses,0.0,100,0.0,0.02,0.02,0.0
houses,0.0,100,0.0,0.04,0.04,0.0004904270172119141
houses,0.05,100,0.05,0.07,0.02,0.0
houses,0.05,100,0.05,0.12,0.07,0.0018444061279296875
houses,0.05,100,0.05,0.06,0.01,0.0
houses,0.05,100,0.05,0.08,0.03,0.002000093460083008
houses,0.05,100,0.05,0.08,0.03,0.002003908157348633
houses,0.05,100,0.05,0.07,0.02,0.0010404586791992188
houses,0.05,100,0.05,0.11,0.06,0.0009088516235351562
houses,0.05,100,0.05,0.08,0.03,0.0018985271453857422
houses,0.05,100,0.05,0.07,0.02,0.00099945068359375
houses,0.05,100,0.05,0.07,0.02,0.0
houses,0.11,100,0.11,0.13,0.02,0.001999378204345703
houses,0.11,100,0.11,0.17,0.06,0.0018198490142822266
houses,0.11,100,0.11,0.15,0.04,0.0019991397857666016
houses,0.11,100,0.11,0.15,0.04,0.0
houses,0.11,100,0.11,0.12,0.01,0.0
houses,0.11,100,0.11,0.12,0.01,0.001999378204345703
houses,0.11,100,0.11,0.14,0.03,0.0020008087158203125
houses,0.11,100,0.11,0.14,0.03,0.0019207000732421875
houses,0.11,100,0.11,0.13,0.02,0.002900362014770508
houses,0.11,100,0.11,0.13,0.02,0.0
houses,0.16,100,0.16,0.18,0.02,0.0019958019256591797
houses,0.16,100,0.16,0.15,0.01,0.0
houses,0.16,100,0.16,0.17,0.01,0.0019969940185546875
houses,0.16,100,0.16,0.19,0.03,0.001997232437133789
houses,0.16,100,0.16,0.2,0.04,0.0010077953338623047
houses,0.16,100,0.16,0.18,0.02,0.0
houses,0.16,100,0.16,0.17,0.01,0.0
houses,0.16,100,0.16,0.18,0.02,0.0010013580322265625
houses,0.16,100,0.16,0.19,0.03,0.0
houses,0.16,100,0.16,0.19,0.03,0.0030825138092041016
houses,0.21,100,0.21,0.21,0.0,0.0
houses,0.21,100,0.21,0.25,0.04,0.005983114242553711
houses,0.21,100,0.21,0.25,0.04,0.0020020008087158203
houses,0.21,100,0.21,0.23,0.02,0.001001596450805664
houses,0.21,100,0.21,0.22,0.01,0.0015320777893066406
houses,0.21,100,0.21,0.25,0.04,0.0
houses,0.21,100,0.21,0.22,0.01,0.00110626220703125
houses,0.21,100,0.21,0.21,0.0,0.002001047134399414
houses,0.21,100,0.21,0.25,0.04,0.0006766319274902344
houses,0.21,100,0.21,0.24,0.03,0.0009996891021728516
houses,0.26,100,0.26,0.27,0.01,0.0019898414611816406
houses,0.26,100,0.26,0.26,0.0,0.0012063980102539062
houses,0.26,100,0.26,0.3,0.04,0.00642085075378418
houses,0.26,100,0.26,0.33,0.07,0.0
houses,0.26,100,0.26,0.28,0.02,0.001993894577026367
houses,0.26,100,0.26,0.31,0.05,0.0010006427764892578
houses,0.26,100,0.26,0.28,0.02,0.0021142959594726562
houses,0.26,100,0.26,0.26,0.0,0.0
houses,0.26,100,0.26,0.27,0.01,0.0
houses,0.26,100,0.26,0.27,0.01,0.0
houses,0.32,100,0.32,0.33,0.01,0.00613713264465332
houses,0.32,100,0.32,0.35,0.03,0.0
houses,0.32,100,0.32,0.37,0.05,0.0
houses,0.32,100,0.32,0.33,0.01,0.001984834671020508
houses,0.32,100,0.32,0.34,0.02,0.0
houses,0.32,100,0.32,0.34,0.02,0.0021605491638183594
houses,0.32,100,0.32,0.37,0.05,0.0
houses,0.32,100,0.32,0.32,0.0,0.0
houses,0.32,100,0.32,0.34,0.02,0.0009949207305908203
houses,0.32,100,0.32,0.35,0.03,0.0011734962463378906
houses,0.37,100,0.37,0.4,0.03,0.0
houses,0.37,100,0.37,0.35,0.02,0.0
houses,0.37,100,0.37,0.39,0.02,0.0
houses,0.37,100,0.37,0.38,0.01,0.00600743293762207
houses,0.37,100,0.37,0.38,0.01,0.006628274917602539
houses,0.37,100,0.37,0.38,0.01,0.0
houses,0.37,100,0.37,0.4,0.03,0.0023565292358398438
houses,0.37,100,0.37,0.42,0.05,0.0
houses,0.37,100,0.37,0.39,0.02,0.006274700164794922
houses,0.37,100,0.37,0.42,0.05,0.002147197723388672
houses,0.42,100,0.42,0.42,0.0,0.005913972854614258
houses,0.42,100,0.42,0.45,0.03,0.0009987354278564453
houses,0.42,100,0.42,0.45,0.03,0.007682085037231445
houses,0.42,100,0.42,0.45,0.03,0.001996278762817383
houses,0.42,100,0.42,0.43,0.01,0.0019805431365966797
houses,0.42,100,0.42,0.45,0.03,0.0011472702026367188
houses,0.42,100,0.42,0.43,0.01,0.0015940666198730469
houses,0.42,100,0.42,0.43,0.01,0.00038123130798339844
houses,0.42,100,0.42,0.42,0.0,0.0009870529174804688
houses,0.42,100,0.42,0.45,0.03,0.0016126632690429688
houses,0.47,100,0.47,0.48,0.01,0.0011441707611083984
houses,0.47,100,0.47,0.49,0.02,0.0
houses,0.47,100,0.47,0.5,0.03,0.005565166473388672
houses,0.47,100,0.47,0.49,0.02,0.0
houses,0.47,100,0.47,0.53,0.06,0.0013318061828613281
houses,0.47,100,0.47,0.52,0.05,0.0
houses,0.47,100,0.47,0.48,0.01,0.0
houses,0.47,100,0.47,0.5,0.03,0.005586385726928711
houses,0.47,100,0.47,0.5,0.03,0.002105236053466797
houses,0.47,100,0.47,0.47,0.0,0.0021071434020996094
houses,0.53,100,0.53,0.54,0.01,0.0010056495666503906
houses,0.53,100,0.53,0.56,0.03,0.0019941329956054688
houses,0.53,100,0.53,0.54,0.01,0.005936145782470703
houses,0.53,100,0.53,0.56,0.03,0.0019979476928710938
houses,0.53,100,0.53,0.54,0.01,0.0006122589111328125
houses,0.53,100,0.53,0.56,0.03,0.0014452934265136719
houses,0.53,100,0.53,0.53,0.0,0.0
houses,0.53,100,0.53,0.52,0.01,0.0
houses,0.53,100,0.53,0.54,0.01,0.001140594482421875
houses,0.53,100,0.53,0.53,0.0,0.0065572261810302734
houses,0.58,100,0.58,0.59,0.01,0.0060040950775146484
houses,0.58,100,0.58,0.59,0.01,0.002001047134399414
houses,0.58,100,0.58,0.59,0.01,0.002144336700439453
houses,0.58,100,0.58,0.61,0.03,0.0010521411895751953
houses,0.58,100,0.58,0.59,0.01,0.0030481815338134766
houses,0.58,100,0.58,0.61,0.03,0.0016548633575439453
houses,0.58,100,0.58,0.57,0.01,0.0019989013671875
houses,0.58,100,0.58,0.61,0.03,0.0
houses,0.58,100,0.58,0.61,0.03,0.006335735321044922
houses,0.58,100,0.58,0.61,0.03,0.0
houses,0.63,100,0.63,0.63,0.0,0.005478620529174805
houses,0.63,100,0.63,0.64,0.01,0.006624460220336914
houses,0.63,100,0.63,0.61,0.02,0.0
houses,0.63,100,0.63,0.62,0.01,0.0019068717956542969
houses,0.63,100,0.63,0.61,0.02,0.0
houses,0.63,100,0.63,0.69,0.06,0.0
houses,0.63,100,0.63,0.65,0.02,0.0
houses,0.63,100,0.63,0.61,0.02,0.0
houses,0.63,100,0.63,0.66,0.03,0.0
houses,0.63,100,0.63,0.63,0.0,0.0
houses,0.68,100,0.68,0.69,0.01,0.0027201175689697266
houses,0.68,100,0.68,0.69,0.01,0.002376556396484375
houses,0.68,100,0.68,0.71,0.03,0.0047435760498046875
houses,0.68,100,0.68,0.7,0.02,0.0
houses,0.68,100,0.68,0.7,0.02,0.0015645027160644531
houses,0.68,100,0.68,0.7,0.02,0.00029206275939941406
houses,0.68,100,0.68,0.69,0.01,0.0
houses,0.68,100,0.68,0.7,0.02,0.0
houses,0.68,100,0.68,0.69,0.01,0.0016434192657470703
houses,0.68,100,0.68,0.69,0.01,0.002117156982421875
houses,0.74,100,0.74,0.74,0.0,0.0024242401123046875
houses,0.74,100,0.74,0.74,0.0,0.0
houses,0.74,100,0.74,0.74,0.0,0.0020003318786621094
houses,0.74,100,0.74,0.73,0.01,0.001995563507080078
houses,0.74,100,0.74,0.77,0.03,0.001995563507080078
houses,0.74,100,0.74,0.75,0.01,0.00200653076171875
houses,0.74,100,0.74,0.78,0.04,0.0010044574737548828
houses,0.74,100,0.74,0.78,0.04,0.001995086669921875
houses,0.74,100,0.74,0.73,0.01,0.002009868621826172
houses,0.74,100,0.74,0.74,0.0,0.0009996891021728516
houses,0.79,100,0.79,0.79,0.0,0.0020165443420410156
houses,0.79,100,0.79,0.83,0.04,0.0010085105895996094
houses,0.79,100,0.79,0.82,0.03,0.000997781753540039
houses,0.79,100,0.79,0.8,0.01,0.0010030269622802734
houses,0.79,100,0.79,0.8,0.01,0.0019991397857666016
houses,0.79,100,0.79,0.78,0.01,0.002004861831665039
houses,0.79,100,0.79,0.8,0.01,0.0019898414611816406
houses,0.79,100,0.79,0.83,0.04,0.001992940902709961
houses,0.79,100,0.79,0.8,0.01,0.0019805431365966797
houses,0.79,100,0.79,0.78,0.01,0.0015158653259277344
houses,0.84,100,0.84,0.83,0.01,0.0010039806365966797
houses,0.84,100,0.84,0.87,0.03,0.001917123794555664
houses,0.84,100,0.84,0.82,0.02,0.0019376277923583984
houses,0.84,100,0.84,0.84,0.0,0.0010104179382324219
houses,0.84,100,0.84,0.84,0.0,0.0020084381103515625
houses,0.84,100,0.84,0.85,0.01,0.002033233642578125
houses,0.84,100,0.84,0.83,0.01,0.0020329952239990234
houses,0.84,100,0.84,0.87,0.03,0.001964569091796875
houses,0.84,100,0.84,0.83,0.01,0.0009992122650146484
houses,0.84,100,0.84,0.88,0.04,0.0
houses,0.89,100,0.89,0.88,0.01,0.0008366107940673828
houses,0.89,100,0.89,0.89,0.0,0.0018341541290283203
houses,0.89,100,0.89,0.89,0.0,0.0
houses,0.89,100,0.89,0.9,0.01,0.0
houses,0.89,100,0.89,0.9,0.01,0.006062984466552734
houses,0.89,100,0.89,0.91,0.02,0.001001596450805664
houses,0.89,100,0.89,0.88,0.01,0.00028634071350097656
houses,0.89,100,0.89,0.91,0.02,0.0015676021575927734
houses,0.89,100,0.89,0.84,0.05,0.0020017623901367188
houses,0.89,100,0.89,0.89,0.0,0.0
houses,0.95,100,0.95,0.95,0.0,0.0016319751739501953
houses,0.95,100,0.95,0.96,0.01,0.0009946823120117188
houses,0.95,100,0.95,0.95,0.0,0.0019905567169189453
houses,0.95,100,0.95,0.94,0.01,0.001003265380859375
houses,0.95,100,0.95,0.96,0.01,0.0019998550415039062
houses,0.95,100,0.95,0.97,0.02,0.0019998550415039062
houses,0.95,100,0.95,0.98,0.03,0.0
houses,0.95,100,0.95,0.97,0.02,0.004366397857666016
houses,0.95,100,0.95,0.97,0.02,0.002003192901611328
houses,0.95,100,0.95,0.94,0.01,0.002397298812866211
houses,1.0,100,1.0,0.99,0.01,0.0063533782958984375
houses,1.0,100,1.0,1.0,0.0,0.0013458728790283203
houses,1.0,100,1.0,1.0,0.0,0.0019867420196533203
houses,1.0,100,1.0,1.0,0.0,0.0
houses,1.0,100,1.0,1.0,0.0,0.0
houses,1.0,100,1.0,0.99,0.01,0.0057642459869384766
houses,1.0,100,1.0,1.0,0.0,0.0
houses,1.0,100,1.0,1.0,0.0,0.0
houses,1.0,100,1.0,1.0,0.0,0.0013580322265625
houses,1.0,100,1.0,0.98,0.02,0.0
kdd_JapaneseVowels,0.0,100,0.0,0.01,0.01,0.0021119117736816406
kdd_JapaneseVowels,0.0,100,0.0,0.02,0.02,0.0
kdd_JapaneseVowels,0.0,100,0.0,0.02,0.02,0.0
kdd_JapaneseVowels,0.0,100,0.0,0.01,0.01,0.0021347999572753906
kdd_JapaneseVowels,0.0,100,0.0,0.03,0.03,0.0
kdd_JapaneseVowels,0.0,100,0.0,0.03,0.03,0.0019986629486083984
kdd_JapaneseVowels,0.0,100,0.0,0.02,0.02,0.0021162033081054688
kdd_JapaneseVowels,0.0,100,0.0,0.01,0.01,0.0005986690521240234
kdd_JapaneseVowels,0.0,100,0.0,0.04,0.04,0.0019948482513427734
kdd_JapaneseVowels,0.0,100,0.0,0.03,0.03,0.0061511993408203125
kdd_JapaneseVowels,0.05,100,0.05,0.07,0.02,0.0
kdd_JapaneseVowels,0.05,100,0.05,0.1,0.05,0.0012671947479248047
kdd_JapaneseVowels,0.05,100,0.05,0.06,0.01,0.0
kdd_JapaneseVowels,0.05,100,0.05,0.08,0.03,0.005981922149658203
kdd_JapaneseVowels,0.05,100,0.05,0.07,0.02,0.0
kdd_JapaneseVowels,0.05,100,0.05,0.08,0.03,0.0
kdd_JapaneseVowels,0.05,100,0.05,0.07,0.02,0.0
kdd_JapaneseVowels,0.05,100,0.05,0.07,0.02,0.0
kdd_JapaneseVowels,0.05,100,0.05,0.06,0.01,0.0
kdd_JapaneseVowels,0.05,100,0.05,0.07,0.02,0.0
kdd_JapaneseVowels,0.11,100,0.11,0.12,0.01,0.0
kdd_JapaneseVowels,0.11,100,0.11,0.13,0.02,0.0
kdd_JapaneseVowels,0.11,100,0.11,0.12,0.01,0.0060882568359375
kdd_JapaneseVowels,0.11,100,0.11,0.11,0.0,0.0
kdd_JapaneseVowels,0.11,100,0.11,0.13,0.02,0.006214141845703125
kdd_JapaneseVowels,0.11,100,0.11,0.13,0.02,0.0
kdd_JapaneseVowels,0.11,100,0.11,0.12,0.01,0.0
kdd_JapaneseVowels,0.11,100,0.11,0.14,0.03,0.006783246994018555
kdd_JapaneseVowels,0.11,100,0.11,0.14,0.03,0.0
kdd_JapaneseVowels,0.11,100,0.11,0.11,0.0,0.006150007247924805
kdd_JapaneseVowels,0.16,100,0.16,0.17,0.01,0.006214141845703125
kdd_JapaneseVowels,0.16,100,0.16,0.16,0.0,0.0
kdd_JapaneseVowels,0.16,100,0.16,0.16,0.0,0.0015950202941894531
kdd_JapaneseVowels,0.16,100,0.16,0.16,0.0,0.0019998550415039062
kdd_JapaneseVowels,0.16,100,0.16,0.18,0.02,0.0020034313201904297
kdd_JapaneseVowels,0.16,100,0.16,0.19,0.03,0.0
kdd_JapaneseVowels,0.16,100,0.16,0.18,0.02,0.0010018348693847656
kdd_JapaneseVowels,0.16,100,0.16,0.21,0.05,0.0
kdd_JapaneseVowels,0.16,100,0.16,0.21,0.05,0.0020008087158203125
kdd_JapaneseVowels,0.16,100,0.16,0.17,0.01,0.002103567123413086
kdd_JapaneseVowels,0.21,100,0.21,0.21,0.0,0.0
kdd_JapaneseVowels,0.21,100,0.21,0.23,0.02,0.0017402172088623047
kdd_JapaneseVowels,0.21,100,0.21,0.21,0.0,0.002000570297241211
kdd_JapaneseVowels,0.21,100,0.21,0.21,0.0,0.012779712677001953
kdd_JapaneseVowels,0.21,100,0.21,0.2,0.01,0.0015621185302734375
kdd_JapaneseVowels,0.21,100,0.21,0.22,0.01,0.0
kdd_JapaneseVowels,0.21,100,0.21,0.22,0.01,0.0022029876708984375
kdd_JapaneseVowels,0.21,100,0.21,0.23,0.02,0.007585287094116211
kdd_JapaneseVowels,0.21,100,0.21,0.23,0.02,0.0
kdd_JapaneseVowels,0.21,100,0.21,0.25,0.04,0.0010046958923339844
kdd_JapaneseVowels,0.26,100,0.26,0.29,0.03,0.0
kdd_JapaneseVowels,0.26,100,0.26,0.28,0.02,0.001995086669921875
kdd_JapaneseVowels,0.26,100,0.26,0.25,0.01,0.0021102428436279297
kdd_JapaneseVowels,0.26,100,0.26,0.28,0.02,0.00617218017578125
kdd_JapaneseVowels,0.26,100,0.26,0.29,0.03,0.0
kdd_JapaneseVowels,0.26,100,0.26,0.28,0.02,0.002006053924560547
kdd_JapaneseVowels,0.26,100,0.26,0.3,0.04,0.00199127197265625
kdd_JapaneseVowels,0.26,100,0.26,0.31,0.05,0.0016143321990966797
kdd_JapaneseVowels,0.26,100,0.26,0.29,0.03,0.0
kdd_JapaneseVowels,0.26,100,0.26,0.27,0.01,0.0011172294616699219
kdd_JapaneseVowels,0.32,100,0.32,0.33,0.01,0.0
kdd_JapaneseVowels,0.32,100,0.32,0.3,0.02,0.0020012855529785156
kdd_JapaneseVowels,0.32,100,0.32,0.38,0.06,0.0020906925201416016
kdd_JapaneseVowels,0.32,100,0.32,0.31,0.01,0.0015463829040527344
kdd_JapaneseVowels,0.32,100,0.32,0.33,0.01,0.0019881725311279297
kdd_JapaneseVowels,0.32,100,0.32,0.34,0.02,0.0010874271392822266
kdd_JapaneseVowels,0.32,100,0.32,0.35,0.03,0.0
kdd_JapaneseVowels,0.32,100,0.32,0.34,0.02,0.0
kdd_JapaneseVowels,0.32,100,0.32,0.31,0.01,0.001270294189453125
kdd_JapaneseVowels,0.32,100,0.32,0.32,0.0,0.0021369457244873047
kdd_JapaneseVowels,0.37,100,0.37,0.38,0.01,0.0005066394805908203
kdd_JapaneseVowels,0.37,100,0.37,0.35,0.02,0.000997304916381836
kdd_JapaneseVowels,0.37,100,0.37,0.38,0.01,0.0
kdd_JapaneseVowels,0.37,100,0.37,0.36,0.01,0.0058825016021728516
kdd_JapaneseVowels,0.37,100,0.37,0.41,0.04,0.0015091896057128906
kdd_JapaneseVowels,0.37,100,0.37,0.37,0.0,0.0021059513092041016
kdd_JapaneseVowels,0.37,100,0.37,0.39,0.02,0.0
kdd_JapaneseVowels,0.37,100,0.37,0.37,0.0,0.002001047134399414
kdd_JapaneseVowels,0.37,100,0.37,0.36,0.01,0.0004916191101074219
kdd_JapaneseVowels,0.37,100,0.37,0.37,0.0,0.004075288772583008
kdd_JapaneseVowels,0.42,100,0.42,0.41,0.01,0.0011076927185058594
kdd_JapaneseVowels,0.42,100,0.42,0.38,0.04,0.0021665096282958984
kdd_JapaneseVowels,0.42,100,0.42,0.41,0.01,0.0015230178833007812
kdd_JapaneseVowels,0.42,100,0.42,0.46,0.04,0.0009989738464355469
kdd_JapaneseVowels,0.42,100,0.42,0.4,0.02,0.0021033287048339844
kdd_JapaneseVowels,0.42,100,0.42,0.45,0.03,0.006052255630493164
kdd_JapaneseVowels,0.42,100,0.42,0.44,0.02,0.0
kdd_JapaneseVowels,0.42,100,0.42,0.42,0.0,0.006852865219116211
kdd_JapaneseVowels,0.42,100,0.42,0.41,0.01,0.0009982585906982422
kdd_JapaneseVowels,0.42,100,0.42,0.42,0.0,0.0019922256469726562
kdd_JapaneseVowels,0.47,100,0.47,0.46,0.01,0.0
kdd_JapaneseVowels,0.47,100,0.47,0.48,0.01,0.0009989738464355469
kdd_JapaneseVowels,0.47,100,0.47,0.47,0.0,0.0011241436004638672
kdd_JapaneseVowels,0.47,100,0.47,0.45,0.02,0.0021038055419921875
kdd_JapaneseVowels,0.47,100,0.47,0.48,0.01,0.002104043960571289
kdd_JapaneseVowels,0.47,100,0.47,0.48,0.01,0.002009868621826172
kdd_JapaneseVowels,0.47,100,0.47,0.5,0.03,0.0
kdd_JapaneseVowels,0.47,100,0.47,0.49,0.02,0.0
kdd_JapaneseVowels,0.47,100,0.47,0.47,0.0,0.0009992122650146484
kdd_JapaneseVowels,0.47,100,0.47,0.5,0.03,0.0015034675598144531
kdd_JapaneseVowels,0.53,100,0.53,0.55,0.02,0.002026796340942383
kdd_JapaneseVowels,0.53,100,0.53,0.51,0.02,0.001995563507080078
kdd_JapaneseVowels,0.53,100,0.53,0.52,0.01,0.0014352798461914062
kdd_JapaneseVowels,0.53,100,0.53,0.54,0.01,0.0
kdd_JapaneseVowels,0.53,100,0.53,0.5,0.03,0.002100706100463867
kdd_JapaneseVowels,0.53,100,0.53,0.54,0.01,0.002002239227294922
kdd_JapaneseVowels,0.53,100,0.53,0.5,0.03,0.0
kdd_JapaneseVowels,0.53,100,0.53,0.53,0.0,0.0009999275207519531
kdd_JapaneseVowels,0.53,100,0.53,0.58,0.05,0.002028942108154297
kdd_JapaneseVowels,0.53,100,0.53,0.57,0.04,0.0010347366333007812
kdd_JapaneseVowels,0.58,100,0.58,0.59,0.01,0.0006847381591796875
kdd_JapaneseVowels,0.58,100,0.58,0.6,0.02,0.0008115768432617188
kdd_JapaneseVowels,0.58,100,0.58,0.52,0.06,0.0011217594146728516
kdd_JapaneseVowels,0.58,100,0.58,0.54,0.04,0.0019996166229248047
kdd_JapaneseVowels,0.58,100,0.58,0.58,0.0,0.0019927024841308594
kdd_JapaneseVowels,0.58,100,0.58,0.57,0.01,0.0
kdd_JapaneseVowels,0.58,100,0.58,0.57,0.01,0.001519918441772461
kdd_JapaneseVowels,0.58,100,0.58,0.54,0.04,0.0
kdd_JapaneseVowels,0.58,100,0.58,0.55,0.03,0.0
kdd_JapaneseVowels,0.58,100,0.58,0.58,0.0,0.002730131149291992
kdd_JapaneseVowels,0.63,100,0.63,0.67,0.04,0.0016396045684814453
kdd_JapaneseVowels,0.63,100,0.63,0.63,0.0,0.0
kdd_JapaneseVowels,0.63,100,0.63,0.61,0.02,0.0019986629486083984
kdd_JapaneseVowels,0.63,100,0.63,0.59,0.04,0.0009992122650146484
kdd_JapaneseVowels,0.63,100,0.63,0.65,0.02,0.0
kdd_JapaneseVowels,0.63,100,0.63,0.63,0.0,0.0011188983917236328
kdd_JapaneseVowels,0.63,100,0.63,0.64,0.01,0.0
kdd_JapaneseVowels,0.63,100,0.63,0.59,0.04,0.0
kdd_JapaneseVowels,0.63,100,0.63,0.61,0.02,0.0
kdd_JapaneseVowels,0.63,100,0.63,0.66,0.03,0.002120494842529297
kdd_JapaneseVowels,0.68,100,0.68,0.67,0.01,0.0
kdd_JapaneseVowels,0.68,100,0.68,0.69,0.01,0.0013644695281982422
kdd_JapaneseVowels,0.68,100,0.68,0.65,0.03,0.0019893646240234375
kdd_JapaneseVowels,0.68,100,0.68,0.66,0.02,0.0017015933990478516
kdd_JapaneseVowels,0.68,100,0.68,0.64,0.04,0.0011246204376220703
kdd_JapaneseVowels,0.68,100,0.68,0.66,0.02,0.0019989013671875
kdd_JapaneseVowels,0.68,100,0.68,0.72,0.04,0.0011107921600341797
kdd_JapaneseVowels,0.68,100,0.68,0.66,0.02,0.0019621849060058594
kdd_JapaneseVowels,0.68,100,0.68,0.66,0.02,0.0
kdd_JapaneseVowels,0.68,100,0.68,0.71,0.03,0.0019948482513427734
kdd_JapaneseVowels,0.74,100,0.74,0.72,0.02,0.0006055831909179688
kdd_JapaneseVowels,0.74,100,0.74,0.74,0.0,0.0
kdd_JapaneseVowels,0.74,100,0.74,0.74,0.0,0.0009119510650634766
kdd_JapaneseVowels,0.74,100,0.74,0.73,0.01,0.002006053924560547
kdd_JapaneseVowels,0.74,100,0.74,0.75,0.01,0.0015075206756591797
kdd_JapaneseVowels,0.74,100,0.74,0.76,0.02,0.001003265380859375
kdd_JapaneseVowels,0.74,100,0.74,0.72,0.02,0.0
kdd_JapaneseVowels,0.74,100,0.74,0.73,0.01,0.0019991397857666016
kdd_JapaneseVowels,0.74,100,0.74,0.7,0.04,0.0
kdd_JapaneseVowels,0.74,100,0.74,0.71,0.03,0.0019969940185546875
kdd_JapaneseVowels,0.79,100,0.79,0.78,0.01,0.0
kdd_JapaneseVowels,0.79,100,0.79,0.83,0.04,0.0
kdd_JapaneseVowels,0.79,100,0.79,0.75,0.04,0.0010111331939697266
kdd_JapaneseVowels,0.79,100,0.79,0.77,0.02,0.001993417739868164
kdd_JapaneseVowels,0.79,100,0.79,0.82,0.03,0.0020966529846191406
kdd_JapaneseVowels,0.79,100,0.79,0.8,0.01,0.0
kdd_JapaneseVowels,0.79,100,0.79,0.77,0.02,0.0009980201721191406
kdd_JapaneseVowels,0.79,100,0.79,0.8,0.01,0.0
kdd_JapaneseVowels,0.79,100,0.79,0.79,0.0,0.0009999275207519531
kdd_JapaneseVowels,0.79,100,0.79,0.83,0.04,0.005777835845947266
kdd_JapaneseVowels,0.84,100,0.84,0.86,0.02,0.002006053924560547
kdd_JapaneseVowels,0.84,100,0.84,0.86,0.02,0.0013477802276611328
kdd_JapaneseVowels,0.84,100,0.84,0.83,0.01,0.0022721290588378906
kdd_JapaneseVowels,0.84,100,0.84,0.79,0.05,0.0033295154571533203
kdd_JapaneseVowels,0.84,100,0.84,0.83,0.01,0.002084493637084961
kdd_JapaneseVowels,0.84,100,0.84,0.84,0.0,0.0
kdd_JapaneseVowels,0.84,100,0.84,0.85,0.01,0.0021114349365234375
kdd_JapaneseVowels,0.84,100,0.84,0.83,0.01,0.0
kdd_JapaneseVowels,0.84,100,0.84,0.82,0.02,0.0004570484161376953
kdd_JapaneseVowels,0.84,100,0.84,0.84,0.0,0.0019996166229248047
kdd_JapaneseVowels,0.89,100,0.89,0.9,0.01,0.0020151138305664062
kdd_JapaneseVowels,0.89,100,0.89,0.87,0.02,0.0
kdd_JapaneseVowels,0.89,100,0.89,0.91,0.02,0.0015854835510253906
kdd_JapaneseVowels,0.89,100,0.89,0.89,0.0,0.0
kdd_JapaneseVowels,0.89,100,0.89,0.86,0.03,0.0009465217590332031
kdd_JapaneseVowels,0.89,100,0.89,0.85,0.04,0.0
kdd_JapaneseVowels,0.89,100,0.89,0.9,0.01,0.0019960403442382812
kdd_JapaneseVowels,0.89,100,0.89,0.9,0.01,0.00610041618347168
kdd_JapaneseVowels,0.89,100,0.89,0.89,0.0,0.00322723388671875
kdd_JapaneseVowels,0.89,100,0.89,0.86,0.03,0.001997232437133789
kdd_JapaneseVowels,0.95,100,0.95,0.89,0.06,0.001032114028930664
kdd_JapaneseVowels,0.95,100,0.95,0.94,0.01,0.0
kdd_JapaneseVowels,0.95,100,0.95,0.94,0.01,0.0010023117065429688
kdd_JapaneseVowels,0.95,100,0.95,0.92,0.03,0.0020377635955810547
kdd_JapaneseVowels,0.95,100,0.95,0.92,0.03,0.0
kdd_JapaneseVowels,0.95,100,0.95,0.9,0.05,0.002003908157348633
kdd_JapaneseVowels,0.95,100,0.95,0.92,0.03,0.0007777214050292969
kdd_JapaneseVowels,0.95,100,0.95,0.93,0.02,0.007090568542480469
kdd_JapaneseVowels,0.95,100,0.95,0.96,0.01,0.0012285709381103516
kdd_JapaneseVowels,0.95,100,0.95,0.9,0.05,0.002111673355102539
kdd_JapaneseVowels,1.0,100,1.0,0.98,0.02,0.0020279884338378906
kdd_JapaneseVowels,1.0,100,1.0,0.95,0.05,0.0020017623901367188
kdd_JapaneseVowels,1.0,100,1.0,0.94,0.06,0.0009963512420654297
kdd_JapaneseVowels,1.0,100,1.0,0.97,0.03,0.0019998550415039062
kdd_JapaneseVowels,1.0,100,1.0,1.0,0.0,0.0020051002502441406
kdd_JapaneseVowels,1.0,100,1.0,0.96,0.04,0.0
kdd_JapaneseVowels,1.0,100,1.0,0.96,0.04,0.0019996166229248047
kdd_JapaneseVowels,1.0,100,1.0,1.0,0.0,0.0020003318786621094
kdd_JapaneseVowels,1.0,100,1.0,0.97,0.03,0.0
kdd_JapaneseVowels,1.0,100,1.0,0.97,0.03,0.0071773529052734375
MagicTelescope,0.0,100,0.0,0.27,0.27,0.001672506332397461
MagicTelescope,0.0,100,0.0,0.3,0.3,0.0
MagicTelescope,0.0,100,0.0,0.24,0.24,0.0015349388122558594
MagicTelescope,0.0,100,0.0,0.18,0.18,0.0020797252655029297
MagicTelescope,0.0,100,0.0,0.27,0.27,0.0
MagicTelescope,0.0,100,0.0,0.25,0.25,0.0017504692077636719
MagicTelescope,0.0,100,0.0,0.27,0.27,0.0019979476928710938
MagicTelescope,0.0,100,0.0,0.2,0.2,0.006659507751464844
MagicTelescope,0.0,100,0.0,0.21,0.21,0.0
MagicTelescope,0.0,100,0.0,0.22,0.22,0.006134748458862305
MagicTelescope,0.05,100,0.05,0.24,0.19,0.0020301342010498047
MagicTelescope,0.05,100,0.05,0.3,0.25,0.001993894577026367
MagicTelescope,0.05,100,0.05,0.24,0.19,0.002004861831665039
MagicTelescope,0.05,100,0.05,0.34,0.29,0.001798868179321289
MagicTelescope,0.05,100,0.05,0.18,0.13,0.0019154548645019531
MagicTelescope,0.05,100,0.05,0.31,0.26,0.0
MagicTelescope,0.05,100,0.05,0.33,0.28,0.0
MagicTelescope,0.05,100,0.05,0.29,0.24,0.006474018096923828
MagicTelescope,0.05,100,0.05,0.31,0.26,0.001119375228881836
MagicTelescope,0.05,100,0.05,0.24,0.19,0.0014235973358154297
MagicTelescope,0.11,100,0.11,0.36,0.25,0.0
MagicTelescope,0.11,100,0.11,0.3,0.19,0.006491184234619141
MagicTelescope,0.11,100,0.11,0.33,0.22,0.0010900497436523438
MagicTelescope,0.11,100,0.11,0.34,0.23,0.006245851516723633
MagicTelescope,0.11,100,0.11,0.31,0.2,0.0
MagicTelescope,0.11,100,0.11,0.34,0.23,0.002002239227294922
MagicTelescope,0.11,100,0.11,0.25,0.14,0.0006690025329589844
MagicTelescope,0.11,100,0.11,0.33,0.22,0.0
MagicTelescope,0.11,100,0.11,0.33,0.22,0.002551555633544922
MagicTelescope,0.11,100,0.11,0.32,0.21,0.001074075698852539
MagicTelescope,0.16,100,0.16,0.4,0.24,0.001344442367553711
MagicTelescope,0.16,100,0.16,0.32,0.16,0.0014019012451171875
MagicTelescope,0.16,100,0.16,0.35,0.19,0.0021905899047851562
MagicTelescope,0.16,100,0.16,0.34,0.18,0.000835418701171875
MagicTelescope,0.16,100,0.16,0.39,0.23,0.0014641284942626953
MagicTelescope,0.16,100,0.16,0.36,0.2,0.0009996891021728516
MagicTelescope,0.16,100,0.16,0.36,0.2,0.002031087875366211
MagicTelescope,0.16,100,0.16,0.35,0.19,0.0009999275207519531
MagicTelescope,0.16,100,0.16,0.29,0.13,0.0020017623901367188
MagicTelescope,0.16,100,0.16,0.37,0.21,0.0
MagicTelescope,0.21,100,0.21,0.43,0.22,0.0
MagicTelescope,0.21,100,0.21,0.35,0.14,0.0
MagicTelescope,0.21,100,0.21,0.39,0.18,0.004555463790893555
MagicTelescope,0.21,100,0.21,0.47,0.26,0.0015895366668701172
MagicTelescope,0.21,100,0.21,0.41,0.2,0.002098560333251953
MagicTelescope,0.21,100,0.21,0.35,0.14,0.0
MagicTelescope,0.21,100,0.21,0.4,0.19,0.002971649169921875
MagicTelescope,0.21,100,0.21,0.4,0.19,0.0025489330291748047
MagicTelescope,0.21,100,0.21,0.38,0.17,0.0019960403442382812
MagicTelescope,0.21,100,0.21,0.37,0.16,0.0
MagicTelescope,0.26,100,0.26,0.46,0.2,0.0009999275207519531
MagicTelescope,0.26,100,0.26,0.43,0.17,0.002131223678588867
MagicTelescope,0.26,100,0.26,0.5,0.24,0.0
MagicTelescope,0.26,100,0.26,0.44,0.18,0.007431745529174805
MagicTelescope,0.26,100,0.26,0.42,0.16,0.0020186901092529297
MagicTelescope,0.26,100,0.26,0.45,0.19,0.0019960403442382812
MagicTelescope,0.26,100,0.26,0.44,0.18,0.006909370422363281
MagicTelescope,0.26,100,0.26,0.42,0.16,0.0
MagicTelescope,0.26,100,0.26,0.38,0.12,0.0
MagicTelescope,0.26,100,0.26,0.48,0.22,0.0
MagicTelescope,0.32,100,0.32,0.44,0.12,0.002029895782470703
MagicTelescope,0.32,100,0.32,0.5,0.18,0.0
MagicTelescope,0.32,100,0.32,0.46,0.14,0.001996278762817383
MagicTelescope,0.32,100,0.32,0.52,0.2,0.0011074542999267578
MagicTelescope,0.32,100,0.32,0.45,0.13,0.0010035037994384766
MagicTelescope,0.32,100,0.32,0.43,0.11,0.0010056495666503906
MagicTelescope,0.32,100,0.32,0.47,0.15,0.0022385120391845703
MagicTelescope,0.32,100,0.32,0.52,0.2,0.0009920597076416016
MagicTelescope,0.32,100,0.32,0.55,0.23,0.001119375228881836
MagicTelescope,0.32,100,0.32,0.48,0.16,0.0
MagicTelescope,0.37,100,0.37,0.57,0.2,0.00045561790466308594
MagicTelescope,0.37,100,0.37,0.56,0.19,0.0
MagicTelescope,0.37,100,0.37,0.47,0.1,0.0
MagicTelescope,0.37,100,0.37,0.51,0.14,0.0020406246185302734
MagicTelescope,0.37,100,0.37,0.5,0.13,0.0
MagicTelescope,0.37,100,0.37,0.55,0.18,0.0013446807861328125
MagicTelescope,0.37,100,0.37,0.58,0.21,0.001972675323486328
MagicTelescope,0.37,100,0.37,0.61,0.24,0.005324363708496094
MagicTelescope,0.37,100,0.37,0.53,0.16,0.0
MagicTelescope,0.37,100,0.37,0.46,0.09,0.0
MagicTelescope,0.42,100,0.42,0.63,0.21,0.0
MagicTelescope,0.42,100,0.42,0.56,0.14,0.0
MagicTelescope,0.42,100,0.42,0.57,0.15,0.0
MagicTelescope,0.42,100,0.42,0.53,0.11,0.0
MagicTelescope,0.42,100,0.42,0.59,0.17,0.0
MagicTelescope,0.42,100,0.42,0.6,0.18,0.015063047409057617
MagicTelescope,0.42,100,0.42,0.56,0.14,0.0
MagicTelescope,0.42,100,0.42,0.54,0.12,0.0
MagicTelescope,0.42,100,0.42,0.6,0.18,0.0
MagicTelescope,0.42,100,0.42,0.55,0.13,0.015624046325683594
MagicTelescope,0.47,100,0.47,0.5,0.03,0.0
MagicTelescope,0.47,100,0.47,0.55,0.08,0.0
MagicTelescope,0.47,100,0.47,0.62,0.15,0.0
MagicTelescope,0.47,100,0.47,0.69,0.22,0.0
MagicTelescope,0.47,100,0.47,0.59,0.12,0.0
MagicTelescope,0.47,100,0.47,0.65,0.18,0.0
MagicTelescope,0.47,100,0.47,0.57,0.1,0.0
MagicTelescope,0.47,100,0.47,0.62,0.15,0.0
MagicTelescope,0.47,100,0.47,0.54,0.07,0.0
MagicTelescope,0.47,100,0.47,0.68,0.21,0.015733718872070312
MagicTelescope,0.53,100,0.53,0.61,0.08,0.0
MagicTelescope,0.53,100,0.53,0.64,0.11,0.012582778930664062
MagicTelescope,0.53,100,0.53,0.65,0.12,0.0
MagicTelescope,0.53,100,0.53,0.61,0.08,0.0
MagicTelescope,0.53,100,0.53,0.62,0.09,0.0
MagicTelescope,0.53,100,0.53,0.65,0.12,0.015639305114746094
MagicTelescope,0.53,100,0.53,0.64,0.11,0.0
MagicTelescope,0.53,100,0.53,0.68,0.15,0.0
MagicTelescope,0.53,100,0.53,0.66,0.13,0.01562643051147461
MagicTelescope,0.53,100,0.53,0.64,0.11,0.01572585105895996
MagicTelescope,0.58,100,0.58,0.66,0.08,0.0
MagicTelescope,0.58,100,0.58,0.74,0.16,0.0
MagicTelescope,0.58,100,0.58,0.65,0.07,0.015629291534423828
MagicTelescope,0.58,100,0.58,0.59,0.01,0.0
MagicTelescope,0.58,100,0.58,0.62,0.04,0.0
MagicTelescope,0.58,100,0.58,0.73,0.15,0.0
MagicTelescope,0.58,100,0.58,0.67,0.09,0.015637874603271484
MagicTelescope,0.58,100,0.58,0.63,0.05,0.0
MagicTelescope,0.58,100,0.58,0.62,0.04,0.0
MagicTelescope,0.58,100,0.58,0.72,0.14,0.0
MagicTelescope,0.63,100,0.63,0.71,0.08,0.012581110000610352
MagicTelescope,0.63,100,0.63,0.74,0.11,0.0
MagicTelescope,0.63,100,0.63,0.68,0.05,0.0
MagicTelescope,0.63,100,0.63,0.61,0.02,0.0
MagicTelescope,0.63,100,0.63,0.71,0.08,0.0
MagicTelescope,0.63,100,0.63,0.68,0.05,0.013082027435302734
MagicTelescope,0.63,100,0.63,0.63,0.0,0.0
MagicTelescope,0.63,100,0.63,0.81,0.18,0.015706777572631836
MagicTelescope,0.63,100,0.63,0.61,0.02,0.015617132186889648
MagicTelescope,0.63,100,0.63,0.72,0.09,0.0
MagicTelescope,0.68,100,0.68,0.69,0.01,0.015720844268798828
MagicTelescope,0.68,100,0.68,0.82,0.14,0.0
MagicTelescope,0.68,100,0.68,0.75,0.07,0.0
MagicTelescope,0.68,100,0.68,0.76,0.08,0.0
MagicTelescope,0.68,100,0.68,0.79,0.11,0.0
MagicTelescope,0.68,100,0.68,0.74,0.06,0.0
MagicTelescope,0.68,100,0.68,0.85,0.17,0.00594782829284668
MagicTelescope,0.68,100,0.68,0.73,0.05,0.00489354133605957
MagicTelescope,0.68,100,0.68,0.72,0.04,0.007513999938964844
MagicTelescope,0.68,100,0.68,0.87,0.19,0.0
MagicTelescope,0.74,100,0.74,0.77,0.03,0.0013070106506347656
MagicTelescope,0.74,100,0.74,0.78,0.04,0.0009946823120117188
MagicTelescope,0.74,100,0.74,0.7,0.04,0.0
MagicTelescope,0.74,100,0.74,0.78,0.04,0.0019931793212890625
MagicTelescope,0.74,100,0.74,0.71,0.03,0.0
MagicTelescope,0.74,100,0.74,0.76,0.02,0.0
MagicTelescope,0.74,100,0.74,0.77,0.03,0.0065500736236572266
MagicTelescope,0.74,100,0.74,0.81,0.07,0.0
MagicTelescope,0.74,100,0.74,0.79,0.05,0.0
MagicTelescope,0.74,100,0.74,0.69,0.05,0.0
MagicTelescope,0.79,100,0.79,0.9,0.11,0.0009164810180664062
MagicTelescope,0.79,100,0.79,0.89,0.1,0.001813650131225586
MagicTelescope,0.79,100,0.79,0.86,0.07,0.0020084381103515625
MagicTelescope,0.79,100,0.79,0.92,0.13,0.0004792213439941406
MagicTelescope,0.79,100,0.79,0.86,0.07,0.0019941329956054688
MagicTelescope,0.79,100,0.79,0.8,0.01,0.0020246505737304688
MagicTelescope,0.79,100,0.79,0.87,0.08,0.0012519359588623047
MagicTelescope,0.79,100,0.79,0.88,0.09,0.0010521411895751953
MagicTelescope,0.79,100,0.79,0.84,0.05,0.0
MagicTelescope,0.79,100,0.79,0.82,0.03,0.0022280216217041016
MagicTelescope,0.84,100,0.84,0.85,0.01,0.0
MagicTelescope,0.84,100,0.84,0.79,0.05,0.0
MagicTelescope,0.84,100,0.84,0.84,0.0,0.0010318756103515625
MagicTelescope,0.84,100,0.84,0.88,0.04,0.0014481544494628906
MagicTelescope,0.84,100,0.84,0.96,0.12,0.0
MagicTelescope,0.84,100,0.84,0.92,0.08,0.0
MagicTelescope,0.84,100,0.84,0.85,0.01,0.0012192726135253906
MagicTelescope,0.84,100,0.84,0.88,0.04,0.0022470951080322266
MagicTelescope,0.84,100,0.84,0.72,0.12,0.0
MagicTelescope,0.84,100,0.84,0.91,0.07,0.002184629440307617
MagicTelescope,0.89,100,0.89,0.99,0.1,0.0010256767272949219
MagicTelescope,0.89,100,0.89,0.84,0.05,0.00401759147644043
MagicTelescope,0.89,100,0.89,0.87,0.02,0.0009992122650146484
MagicTelescope,0.89,100,0.89,0.89,0.0,0.0
MagicTelescope,0.89,100,0.89,0.93,0.04,0.0020227432250976562
MagicTelescope,0.89,100,0.89,0.94,0.05,0.0
MagicTelescope,0.89,100,0.89,0.87,0.02,0.0
MagicTelescope,0.89,100,0.89,0.89,0.0,0.001996755599975586
MagicTelescope,0.89,100,0.89,0.8,0.09,0.002008676528930664
MagicTelescope,0.89,100,0.89,0.9,0.01,0.0
MagicTelescope,0.95,100,0.95,0.91,0.04,0.0020608901977539062
MagicTelescope,0.95,100,0.95,0.95,0.0,0.002262592315673828
MagicTelescope,0.95,100,0.95,1.0,0.05,0.0016291141510009766
MagicTelescope,0.95,100,0.95,0.95,0.0,0.0017712116241455078
MagicTelescope,0.95,100,0.95,0.92,0.03,0.0015194416046142578
MagicTelescope,0.95,100,0.95,0.93,0.02,0.0019974708557128906
MagicTelescope,0.95,100,0.95,0.95,0.0,0.002000093460083008
MagicTelescope,0.95,100,0.95,0.94,0.01,0.001998424530029297
MagicTelescope,0.95,100,0.95,0.98,0.03,0.0009999275207519531
MagicTelescope,0.95,100,0.95,0.89,0.06,0.0020003318786621094
MagicTelescope,1.0,100,1.0,0.96,0.04,0.0019996166229248047
MagicTelescope,1.0,100,1.0,1.0,0.0,0.002008199691772461
MagicTelescope,1.0,100,1.0,0.97,0.03,0.0020003318786621094
MagicTelescope,1.0,100,1.0,1.0,0.0,0.0019943714141845703
MagicTelescope,1.0,100,1.0,0.93,0.07,0.0019989013671875
MagicTelescope,1.0,100,1.0,0.99,0.01,0.0019974708557128906
MagicTelescope,1.0,100,1.0,1.0,0.0,0.002001047134399414
MagicTelescope,1.0,100,1.0,1.0,0.0,0.001993417739868164
MagicTelescope,1.0,100,1.0,1.0,0.0,0.002515077590942383
MagicTelescope,1.0,100,1.0,0.88,0.12,0.0049953460693359375
page-blocks,0.0,100,0.0,0.0,0.0,0.002997159957885742
page-blocks,0.0,100,0.0,0.0,0.0,0.003999948501586914
page-blocks,0.0,100,0.0,0.0,0.0,0.004001140594482422
page-blocks,0.0,100,0.0,0.0,0.0,0.004003286361694336
page-blocks,0.0,100,0.0,0.0,0.0,0.0039942264556884766
page-blocks,0.0,100,0.0,0.0,0.0,0.005005836486816406
page-blocks,0.0,100,0.0,0.0,0.0,0.004083156585693359
page-blocks,0.0,100,0.0,0.0,0.0,0.004006862640380859
page-blocks,0.0,100,0.0,0.0,0.0,0.004012346267700195
page-blocks,0.0,100,0.0,0.0,0.0,0.003998517990112305
page-blocks,0.05,100,0.05,0.0,0.05,0.009513139724731445
page-blocks,0.05,100,0.05,0.0,0.05,0.004991054534912109
page-blocks,0.05,100,0.05,0.0,0.05,0.011010408401489258
page-blocks,0.05,100,0.05,0.0,0.05,0.0030226707458496094
page-blocks,0.05,100,0.05,0.0,0.05,0.01564502716064453
page-blocks,0.05,100,0.05,0.0,0.05,0.015559911727905273
page-blocks,0.05,100,0.05,0.02,0.03,0.009506464004516602
page-blocks,0.05,100,0.05,0.0,0.05,0.0
page-blocks,0.05,100,0.05,0.0,0.05,0.0
page-blocks,0.05,100,0.05,0.0,0.05,0.0
page-blocks,0.11,100,0.11,0.0,0.11,0.0
page-blocks,0.11,100,0.11,0.07,0.04,0.0
page-blocks,0.11,100,0.11,0.1,0.01,0.015625476837158203
page-blocks,0.11,100,0.11,0.05,0.06,0.0
page-blocks,0.11,100,0.11,0.0,0.11,0.0
page-blocks,0.11,100,0.11,0.07,0.04,0.0
page-blocks,0.11,100,0.11,0.05,0.06,0.015625
page-blocks,0.11,100,0.11,0.06,0.05,0.0
page-blocks,0.11,100,0.11,0.09,0.02,0.0
page-blocks,0.11,100,0.11,0.03,0.08,0.00708770751953125
page-blocks,0.16,100,0.16,0.09,0.07,0.0
page-blocks,0.16,100,0.16,0.16,0.0,0.0
page-blocks,0.16,100,0.16,0.06,0.1,0.014579057693481445
page-blocks,0.16,100,0.16,0.07,0.09,0.0
page-blocks,0.16,100,0.16,0.06,0.1,0.0
page-blocks,0.16,100,0.16,0.08,0.08,0.01560831069946289
page-blocks,0.16,100,0.16,0.16,0.0,0.015621662139892578
page-blocks,0.16,100,0.16,0.12,0.04,0.0
page-blocks,0.16,100,0.16,0.15,0.01,0.0
page-blocks,0.16,100,0.16,0.01,0.15,0.015631437301635742
page-blocks,0.21,100,0.21,0.06,0.15,0.0
page-blocks,0.21,100,0.21,0.15,0.06,0.0
page-blocks,0.21,100,0.21,0.16,0.05,0.0
page-blocks,0.21,100,0.21,0.16,0.05,0.0
page-blocks,0.21,100,0.21,0.18,0.03,0.0
page-blocks,0.21,100,0.21,0.12,0.09,0.0
page-blocks,0.21,100,0.21,0.13,0.08,0.0
page-blocks,0.21,100,0.21,0.2,0.01,0.0075836181640625
page-blocks,0.21,100,0.21,0.09,0.12,0.015709877014160156
page-blocks,0.21,100,0.21,0.13,0.08,0.0
page-blocks,0.26,100,0.26,0.15,0.11,0.0
page-blocks,0.26,100,0.26,0.17,0.09,0.0
page-blocks,0.26,100,0.26,0.18,0.08,0.0
page-blocks,0.26,100,0.26,0.22,0.04,0.0
page-blocks,0.26,100,0.26,0.13,0.13,0.0
page-blocks,0.26,100,0.26,0.16,0.1,0.0
page-blocks,0.26,100,0.26,0.16,0.1,0.0
page-blocks,0.26,100,0.26,0.22,0.04,0.0
page-blocks,0.26,100,0.26,0.24,0.02,0.0
page-blocks,0.26,100,0.26,0.21,0.05,0.0
page-blocks,0.32,100,0.32,0.18,0.14,0.015555381774902344
page-blocks,0.32,100,0.32,0.26,0.06,0.0
page-blocks,0.32,100,0.32,0.31,0.01,0.0
page-blocks,0.32,100,0.32,0.26,0.06,0.0
page-blocks,0.32,100,0.32,0.2,0.12,0.0
page-blocks,0.32,100,0.32,0.29,0.03,0.01562356948852539
page-blocks,0.32,100,0.32,0.23,0.09,0.0
page-blocks,0.32,100,0.32,0.29,0.03,0.0
page-blocks,0.32,100,0.32,0.28,0.04,0.015606164932250977
page-blocks,0.32,100,0.32,0.27,0.05,0.0
page-blocks,0.37,100,0.37,0.33,0.04,0.015710115432739258
page-blocks,0.37,100,0.37,0.27,0.1,0.0
page-blocks,0.37,100,0.37,0.32,0.05,0.015635013580322266
page-blocks,0.37,100,0.37,0.29,0.08,0.01570272445678711
page-blocks,0.37,100,0.37,0.37,0.0,0.0
page-blocks,0.37,100,0.37,0.33,0.04,0.0
page-blocks,0.37,100,0.37,0.28,0.09,0.015622854232788086
page-blocks,0.37,100,0.37,0.31,0.06,0.0
page-blocks,0.37,100,0.37,0.28,0.09,0.01566481590270996
page-blocks,0.37,100,0.37,0.28,0.09,0.0
page-blocks,0.42,100,0.42,0.41,0.01,0.0
page-blocks,0.42,100,0.42,0.35,0.07,0.01561737060546875
page-blocks,0.42,100,0.42,0.35,0.07,0.012592554092407227
page-blocks,0.42,100,0.42,0.4,0.02,0.0
page-blocks,0.42,100,0.42,0.34,0.08,0.0
page-blocks,0.42,100,0.42,0.29,0.13,0.015641450881958008
page-blocks,0.42,100,0.42,0.32,0.1,0.0
page-blocks,0.42,100,0.42,0.37,0.05,0.0
page-blocks,0.42,100,0.42,0.31,0.11,0.0
page-blocks,0.42,100,0.42,0.34,0.08,0.0
page-blocks,0.47,100,0.47,0.38,0.09,0.0
page-blocks,0.47,100,0.47,0.36,0.11,0.0
page-blocks,0.47,100,0.47,0.36,0.11,0.0
page-blocks,0.47,100,0.47,0.36,0.11,0.0
page-blocks,0.47,100,0.47,0.39,0.08,0.0
page-blocks,0.47,100,0.47,0.45,0.02,0.0
page-blocks,0.47,100,0.47,0.48,0.01,0.015711069107055664
page-blocks,0.47,100,0.47,0.4,0.07,0.0
page-blocks,0.47,100,0.47,0.4,0.07,0.0
page-blocks,0.47,100,0.47,0.4,0.07,0.0
page-blocks,0.53,100,0.53,0.48,0.05,0.0
page-blocks,0.53,100,0.53,0.49,0.04,0.0
page-blocks,0.53,100,0.53,0.5,0.03,0.0
page-blocks,0.53,100,0.53,0.46,0.07,0.0
page-blocks,0.53,100,0.53,0.46,0.07,0.0
page-blocks,0.53,100,0.53,0.46,0.07,0.0
page-blocks,0.53,100,0.53,0.44,0.09,0.015653371810913086
page-blocks,0.53,100,0.53,0.44,0.09,0.01616692543029785
page-blocks,0.53,100,0.53,0.45,0.08,0.0
page-blocks,0.53,100,0.53,0.4,0.13,0.0
page-blocks,0.58,100,0.58,0.53,0.05,0.0
page-blocks,0.58,100,0.58,0.49,0.09,0.0
page-blocks,0.58,100,0.58,0.45,0.13,0.0
page-blocks,0.58,100,0.58,0.46,0.12,0.0
page-blocks,0.58,100,0.58,0.48,0.1,0.0
page-blocks,0.58,100,0.58,0.56,0.02,0.0
page-blocks,0.58,100,0.58,0.57,0.01,0.0
page-blocks,0.58,100,0.58,0.52,0.06,0.015622854232788086
page-blocks,0.58,100,0.58,0.52,0.06,0.0
page-blocks,0.58,100,0.58,0.56,0.02,0.01569652557373047
page-blocks,0.63,100,0.63,0.49,0.14,0.0
page-blocks,0.63,100,0.63,0.64,0.01,0.0
page-blocks,0.63,100,0.63,0.59,0.04,0.0
page-blocks,0.63,100,0.63,0.55,0.08,0.0
page-blocks,0.63,100,0.63,0.5,0.13,0.015625476837158203
page-blocks,0.63,100,0.63,0.55,0.08,0.015627384185791016
page-blocks,0.63,100,0.63,0.57,0.06,0.0
page-blocks,0.63,100,0.63,0.58,0.05,0.009580612182617188
page-blocks,0.63,100,0.63,0.56,0.07,0.0
page-blocks,0.63,100,0.63,0.6,0.03,0.015694141387939453
page-blocks,0.68,100,0.68,0.61,0.07,0.0
page-blocks,0.68,100,0.68,0.61,0.07,0.015630483627319336
page-blocks,0.68,100,0.68,0.59,0.09,0.0
page-blocks,0.68,100,0.68,0.59,0.09,0.0
page-blocks,0.68,100,0.68,0.6,0.08,0.0
page-blocks,0.68,100,0.68,0.59,0.09,0.015616893768310547
page-blocks,0.68,100,0.68,0.57,0.11,0.015627384185791016
page-blocks,0.68,100,0.68,0.6,0.08,0.015625476837158203
page-blocks,0.68,100,0.68,0.62,0.06,0.0156400203704834
page-blocks,0.68,100,0.68,0.59,0.09,0.015631675720214844
page-blocks,0.74,100,0.74,0.68,0.06,0.0035109519958496094
page-blocks,0.74,100,0.74,0.65,0.09,0.0
page-blocks,0.74,100,0.74,0.66,0.08,0.015596628189086914
page-blocks,0.74,100,0.74,0.66,0.08,0.0
page-blocks,0.74,100,0.74,0.66,0.08,0.0
page-blocks,0.74,100,0.74,0.67,0.07,0.0
page-blocks,0.74,100,0.74,0.67,0.07,0.0050868988037109375
page-blocks,0.74,100,0.74,0.68,0.06,0.0
page-blocks,0.74,100,0.74,0.69,0.05,0.0
page-blocks,0.74,100,0.74,0.69,0.05,0.0
page-blocks,0.79,100,0.79,0.72,0.07,0.0
page-blocks,0.79,100,0.79,0.69,0.1,0.0
page-blocks,0.79,100,0.79,0.7,0.09,0.0
page-blocks,0.79,100,0.79,0.74,0.05,0.0
page-blocks,0.79,100,0.79,0.76,0.03,0.0
page-blocks,0.79,100,0.79,0.72,0.07,0.0
page-blocks,0.79,100,0.79,0.7,0.09,0.0025196075439453125
page-blocks,0.79,100,0.79,0.72,0.07,0.0
page-blocks,0.79,100,0.79,0.69,0.1,0.0
page-blocks,0.79,100,0.79,0.74,0.05,0.0
page-blocks,0.84,100,0.84,0.76,0.08,0.0
page-blocks,0.84,100,0.84,0.75,0.09,0.01554560661315918
page-blocks,0.84,100,0.84,0.78,0.06,0.0
page-blocks,0.84,100,0.84,0.81,0.03,0.01571512222290039
page-blocks,0.84,100,0.84,0.72,0.12,0.0
page-blocks,0.84,100,0.84,0.72,0.12,0.01571035385131836
page-blocks,0.84,100,0.84,0.76,0.08,0.0
page-blocks,0.84,100,0.84,0.75,0.09,0.0
page-blocks,0.84,100,0.84,0.84,0.0,0.0
page-blocks,0.84,100,0.84,0.81,0.03,0.0
page-blocks,0.89,100,0.89,0.8,0.09,0.01563549041748047
page-blocks,0.89,100,0.89,0.82,0.07,0.0
page-blocks,0.89,100,0.89,0.8,0.09,0.015481948852539062
page-blocks,0.89,100,0.89,0.83,0.06,0.0
page-blocks,0.89,100,0.89,0.82,0.07,0.01566171646118164
page-blocks,0.89,100,0.89,0.88,0.01,0.0
page-blocks,0.89,100,0.89,0.84,0.05,0.0
page-blocks,0.89,100,0.89,0.79,0.1,0.0
page-blocks,0.89,100,0.89,0.84,0.05,0.01569962501525879
page-blocks,0.89,100,0.89,0.81,0.08,0.0
page-blocks,0.95,100,0.95,0.92,0.03,0.016190052032470703
page-blocks,0.95,100,0.95,0.86,0.09,0.0
page-blocks,0.95,100,0.95,0.88,0.07,0.015617609024047852
page-blocks,0.95,100,0.95,0.91,0.04,0.0
page-blocks,0.95,100,0.95,0.92,0.03,0.0
page-blocks,0.95,100,0.95,0.88,0.07,0.0
page-blocks,0.95,100,0.95,0.87,0.08,0.0
page-blocks,0.95,100,0.95,0.88,0.07,0.0035881996154785156
page-blocks,0.95,100,0.95,0.87,0.08,0.0
page-blocks,0.95,100,0.95,0.89,0.06,0.0
page-blocks,1.0,100,1.0,0.93,0.07,0.0
page-blocks,1.0,100,1.0,0.91,0.09,0.0
page-blocks,1.0,100,1.0,0.92,0.08,0.01569342613220215
page-blocks,1.0,100,1.0,0.94,0.06,0.0
page-blocks,1.0,100,1.0,0.93,0.07,0.009078264236450195
page-blocks,1.0,100,1.0,0.93,0.07,0.0
page-blocks,1.0,100,1.0,0.93,0.07,0.0
page-blocks,1.0,100,1.0,0.94,0.06,0.0
page-blocks,1.0,100,1.0,0.96,0.04,0.016093969345092773
page-blocks,1.0,100,1.0,0.96,0.04,0.0
php50jXam,0.0,100,0.0,0.03,0.03,0.0
php50jXam,0.0,100,0.0,0.04,0.04,0.0
php50jXam,0.0,100,0.0,0.04,0.04,0.0
php50jXam,0.0,100,0.0,0.04,0.04,0.0
php50jXam,0.0,100,0.0,0.03,0.03,0.0
php50jXam,0.0,100,0.0,0.04,0.04,0.0
php50jXam,0.0,100,0.0,0.04,0.04,0.0
php50jXam,0.0,100,0.0,0.03,0.03,0.0
php50jXam,0.0,100,0.0,0.04,0.04,0.015708208084106445
php50jXam,0.0,100,0.0,0.03,0.03,0.0
php50jXam,0.05,100,0.05,0.08,0.03,0.0
php50jXam,0.05,100,0.05,0.08,0.03,0.0
php50jXam,0.05,100,0.05,0.08,0.03,0.0
php50jXam,0.05,100,0.05,0.09,0.04,0.0
php50jXam,0.05,100,0.05,0.08,0.03,0.015704631805419922
php50jXam,0.05,100,0.05,0.08,0.03,0.0
php50jXam,0.05,100,0.05,0.08,0.03,0.015554666519165039
php50jXam,0.05,100,0.05,0.09,0.04,0.0
php50jXam,0.05,100,0.05,0.09,0.04,0.0
php50jXam,0.05,100,0.05,0.07,0.02,0.0
php50jXam,0.11,100,0.11,0.14,0.03,0.0
php50jXam,0.11,100,0.11,0.13,0.02,0.0
php50jXam,0.11,100,0.11,0.14,0.03,0.01569652557373047
php50jXam,0.11,100,0.11,0.14,0.03,0.0
php50jXam,0.11,100,0.11,0.13,0.02,0.013595819473266602
php50jXam,0.11,100,0.11,0.14,0.03,0.0
php50jXam,0.11,100,0.11,0.13,0.02,0.015718936920166016
php50jXam,0.11,100,0.11,0.14,0.03,0.0
php50jXam,0.11,100,0.11,0.14,0.03,0.015630722045898438
php50jXam,0.11,100,0.11,0.13,0.02,0.01561737060546875
php50jXam,0.16,100,0.16,0.19,0.03,0.015625476837158203
php50jXam,0.16,100,0.16,0.2,0.04,0.0
php50jXam,0.16,100,0.16,0.19,0.03,0.0
php50jXam,0.16,100,0.16,0.18,0.02,0.0
php50jXam,0.16,100,0.16,0.19,0.03,0.0
php50jXam,0.16,100,0.16,0.19,0.03,0.0
php50jXam,0.16,100,0.16,0.18,0.02,0.0
php50jXam,0.16,100,0.16,0.19,0.03,0.0
php50jXam,0.16,100,0.16,0.18,0.02,0.0
php50jXam,0.16,100,0.16,0.19,0.03,0.0
php50jXam,0.21,100,0.21,0.22,0.01,0.0
php50jXam,0.21,100,0.21,0.24,0.03,0.0
php50jXam,0.21,100,0.21,0.24,0.03,0.0
php50jXam,0.21,100,0.21,0.24,0.03,0.015636682510375977
php50jXam,0.21,100,0.21,0.23,0.02,0.0
php50jXam,0.21,100,0.21,0.23,0.02,0.015009880065917969
php50jXam,0.21,100,0.21,0.24,0.03,0.0
php50jXam,0.21,100,0.21,0.24,0.03,0.015624284744262695
php50jXam,0.21,100,0.21,0.23,0.02,0.0
php50jXam,0.21,100,0.21,0.22,0.01,0.0
php50jXam,0.26,100,0.26,0.29,0.03,0.0
php50jXam,0.26,100,0.26,0.27,0.01,0.0
php50jXam,0.26,100,0.26,0.29,0.03,0.0
php50jXam,0.26,100,0.26,0.28,0.02,0.015705347061157227
php50jXam,0.26,100,0.26,0.28,0.02,0.0
php50jXam,0.26,100,0.26,0.28,0.02,0.0
php50jXam,0.26,100,0.26,0.28,0.02,0.015615224838256836
php50jXam,0.26,100,0.26,0.27,0.01,0.0
php50jXam,0.26,100,0.26,0.29,0.03,0.0
php50jXam,0.26,100,0.26,0.28,0.02,0.0
php50jXam,0.32,100,0.32,0.35,0.03,0.0
php50jXam,0.32,100,0.32,0.34,0.02,0.0
php50jXam,0.32,100,0.32,0.34,0.02,0.0
php50jXam,0.32,100,0.32,0.34,0.02,0.0
php50jXam,0.32,100,0.32,0.34,0.02,0.0
php50jXam,0.32,100,0.32,0.34,0.02,0.015615224838256836
php50jXam,0.32,100,0.32,0.35,0.03,0.01565265655517578
php50jXam,0.32,100,0.32,0.34,0.02,0.015641212463378906
php50jXam,0.32,100,0.32,0.34,0.02,0.0
php50jXam,0.32,100,0.32,0.35,0.03,0.0
php50jXam,0.37,100,0.37,0.38,0.01,0.0
php50jXam,0.37,100,0.37,0.39,0.02,0.0
php50jXam,0.37,100,0.37,0.38,0.01,0.0
php50jXam,0.37,100,0.37,0.39,0.02,0.0
php50jXam,0.37,100,0.37,0.39,0.02,0.0
php50jXam,0.37,100,0.37,0.39,0.02,0.0
php50jXam,0.37,100,0.37,0.39,0.02,0.0
php50jXam,0.37,100,0.37,0.37,0.0,0.015619277954101562
php50jXam,0.37,100,0.37,0.38,0.01,0.0
php50jXam,0.37,100,0.37,0.37,0.0,0.0
php50jXam,0.42,100,0.42,0.43,0.01,0.0
php50jXam,0.42,100,0.42,0.44,0.02,0.0
php50jXam,0.42,100,0.42,0.45,0.03,0.0
php50jXam,0.42,100,0.42,0.44,0.02,0.015558481216430664
php50jXam,0.42,100,0.42,0.43,0.01,0.0
php50jXam,0.42,100,0.42,0.42,0.0,0.0
php50jXam,0.42,100,0.42,0.43,0.01,0.0
php50jXam,0.42,100,0.42,0.43,0.01,0.0
php50jXam,0.42,100,0.42,0.43,0.01,0.015717029571533203
php50jXam,0.42,100,0.42,0.44,0.02,0.004017353057861328
php50jXam,0.47,100,0.47,0.48,0.01,0.002081632614135742
php50jXam,0.47,100,0.47,0.49,0.02,0.0
php50jXam,0.47,100,0.47,0.48,0.01,0.00030684471130371094
php50jXam,0.47,100,0.47,0.47,0.0,0.0003173351287841797
php50jXam,0.47,100,0.47,0.48,0.01,0.0
php50jXam,0.47,100,0.47,0.5,0.03,0.0
php50jXam,0.47,100,0.47,0.48,0.01,0.0010793209075927734
php50jXam,0.47,100,0.47,0.49,0.02,0.0
php50jXam,0.47,100,0.47,0.47,0.0,0.0
php50jXam,0.47,100,0.47,0.48,0.01,0.005561113357543945
php50jXam,0.53,100,0.53,0.55,0.02,0.0
php50jXam,0.53,100,0.53,0.54,0.01,0.0
php50jXam,0.53,100,0.53,0.53,0.0,0.005762338638305664
php50jXam,0.53,100,0.53,0.54,0.01,0.0
php50jXam,0.53,100,0.53,0.55,0.02,0.0005214214324951172
php50jXam,0.53,100,0.53,0.53,0.0,0.0
php50jXam,0.53,100,0.53,0.55,0.02,0.0
php50jXam,0.53,100,0.53,0.53,0.0,0.005929708480834961
php50jXam,0.53,100,0.53,0.54,0.01,0.006092071533203125
php50jXam,0.53,100,0.53,0.54,0.01,0.0
php50jXam,0.58,100,0.58,0.58,0.0,0.0
php50jXam,0.58,100,0.58,0.59,0.01,0.0
php50jXam,0.58,100,0.58,0.59,0.01,0.0056726932525634766
php50jXam,0.58,100,0.58,0.58,0.0,0.0057964324951171875
php50jXam,0.58,100,0.58,0.61,0.03,0.0
php50jXam,0.58,100,0.58,0.61,0.03,0.0011484622955322266
php50jXam,0.58,100,0.58,0.58,0.0,0.0050487518310546875
php50jXam,0.58,100,0.58,0.58,0.0,0.0
php50jXam,0.58,100,0.58,0.6,0.02,0.0
php50jXam,0.58,100,0.58,0.58,0.0,0.00533294677734375
php50jXam,0.63,100,0.63,0.64,0.01,0.006028890609741211
php50jXam,0.63,100,0.63,0.63,0.0,0.0
php50jXam,0.63,100,0.63,0.63,0.0,0.0
php50jXam,0.63,100,0.63,0.63,0.0,0.0
php50jXam,0.63,100,0.63,0.63,0.0,0.0
php50jXam,0.63,100,0.63,0.62,0.01,0.0
php50jXam,0.63,100,0.63,0.64,0.01,0.0
php50jXam,0.63,100,0.63,0.64,0.01,0.0020189285278320312
php50jXam,0.63,100,0.63,0.63,0.0,0.0
php50jXam,0.63,100,0.63,0.64,0.01,0.00609278678894043
php50jXam,0.68,100,0.68,0.68,0.0,0.0
php50jXam,0.68,100,0.68,0.7,0.02,0.005578517913818359
php50jXam,0.68,100,0.68,0.67,0.01,0.0
php50jXam,0.68,100,0.68,0.68,0.0,0.0
php50jXam,0.68,100,0.68,0.67,0.01,0.00032711029052734375
php50jXam,0.68,100,0.68,0.69,0.01,0.0
php50jXam,0.68,100,0.68,0.69,0.01,0.00619816780090332
php50jXam,0.68,100,0.68,0.69,0.01,0.0
php50jXam,0.68,100,0.68,0.67,0.01,0.0020008087158203125
php50jXam,0.68,100,0.68,0.69,0.01,0.0
php50jXam,0.74,100,0.74,0.74,0.0,0.0003771781921386719
php50jXam,0.74,100,0.74,0.75,0.01,0.0
php50jXam,0.74,100,0.74,0.75,0.01,0.00063323974609375
php50jXam,0.74,100,0.74,0.74,0.0,0.0010113716125488281
php50jXam,0.74,100,0.74,0.74,0.0,0.0009996891021728516
php50jXam,0.74,100,0.74,0.76,0.02,0.006065845489501953
php50jXam,0.74,100,0.74,0.74,0.0,0.0
php50jXam,0.74,100,0.74,0.74,0.0,0.0014495849609375
php50jXam,0.74,100,0.74,0.74,0.0,0.0
php50jXam,0.74,100,0.74,0.74,0.0,0.005758523941040039
php50jXam,0.79,100,0.79,0.78,0.01,0.0009336471557617188
php50jXam,0.79,100,0.79,0.78,0.01,0.002015829086303711
php50jXam,0.79,100,0.79,0.78,0.01,0.0
php50jXam,0.79,100,0.79,0.79,0.0,0.002000093460083008
php50jXam,0.79,100,0.79,0.79,0.0,0.0011019706726074219
php50jXam,0.79,100,0.79,0.77,0.02,0.002068042755126953
php50jXam,0.79,100,0.79,0.78,0.01,0.0
php50jXam,0.79,100,0.79,0.78,0.01,0.00026917457580566406
php50jXam,0.79,100,0.79,0.79,0.0,0.0
php50jXam,0.79,100,0.79,0.8,0.01,0.0019986629486083984
php50jXam,0.84,100,0.84,0.83,0.01,0.001012563705444336
php50jXam,0.84,100,0.84,0.84,0.0,0.0010001659393310547
php50jXam,0.84,100,0.84,0.84,0.0,0.0
php50jXam,0.84,100,0.84,0.84,0.0,0.0
php50jXam,0.84,100,0.84,0.84,0.0,0.002007722854614258
php50jXam,0.84,100,0.84,0.84,0.0,0.002027750015258789
php50jXam,0.84,100,0.84,0.84,0.0,0.002154827117919922
php50jXam,0.84,100,0.84,0.85,0.01,0.0010256767272949219
php50jXam,0.84,100,0.84,0.85,0.01,0.0
php50jXam,0.84,100,0.84,0.83,0.01,0.0017135143280029297
php50jXam,0.89,100,0.89,0.88,0.01,0.0010008811950683594
php50jXam,0.89,100,0.89,0.89,0.0,0.002115011215209961
php50jXam,0.89,100,0.89,0.88,0.01,0.005494594573974609
php50jXam,0.89,100,0.89,0.88,0.01,0.0
php50jXam,0.89,100,0.89,0.89,0.0,0.0
php50jXam,0.89,100,0.89,0.89,0.0,0.0
php50jXam,0.89,100,0.89,0.89,0.0,0.0009999275207519531
php50jXam,0.89,100,0.89,0.87,0.02,0.002079486846923828
php50jXam,0.89,100,0.89,0.89,0.0,0.0020020008087158203
php50jXam,0.89,100,0.89,0.88,0.01,0.0
php50jXam,0.95,100,0.95,0.93,0.02,0.0073168277740478516
php50jXam,0.95,100,0.95,0.94,0.01,0.0
php50jXam,0.95,100,0.95,0.95,0.0,0.0
php50jXam,0.95,100,0.95,0.93,0.02,0.0
php50jXam,0.95,100,0.95,0.94,0.01,0.0
php50jXam,0.95,100,0.95,0.94,0.01,0.0010001659393310547
php50jXam,0.95,100,0.95,0.94,0.01,0.0015492439270019531
php50jXam,0.95,100,0.95,0.93,0.02,0.0019996166229248047
php50jXam,0.95,100,0.95,0.94,0.01,0.005919933319091797
php50jXam,0.95,100,0.95,0.93,0.02,0.0
php50jXam,1.0,100,1.0,0.98,0.02,0.006114006042480469
php50jXam,1.0,100,1.0,0.99,0.01,0.0
php50jXam,1.0,100,1.0,0.98,0.02,0.0009996891021728516
php50jXam,1.0,100,1.0,0.98,0.02,0.006386518478393555
php50jXam,1.0,100,1.0,0.99,0.01,0.0
php50jXam,1.0,100,1.0,0.99,0.01,0.0
php50jXam,1.0,100,1.0,0.99,0.01,0.0064678192138671875
php50jXam,1.0,100,1.0,0.99,0.01,0.0020461082458496094
php50jXam,1.0,100,1.0,1.0,0.0,0.006401538848876953
php50jXam,1.0,100,1.0,0.99,0.01,0.0
phplE7q6h,0.0,100,0.0,0.0,0.0,0.0020329952239990234
phplE7q6h,0.0,100,0.0,0.0,0.0,0.0
phplE7q6h,0.0,100,0.0,0.0,0.0,0.0020117759704589844
phplE7q6h,0.0,100,0.0,0.0,0.0,0.0
phplE7q6h,0.0,100,0.0,0.0,0.0,0.0
phplE7q6h,0.0,100,0.0,0.0,0.0,0.0019295215606689453
phplE7q6h,0.0,100,0.0,0.0,0.0,0.0
phplE7q6h,0.0,100,0.0,0.0,0.0,0.0
phplE7q6h,0.0,100,0.0,0.0,0.0,0.0024254322052001953
phplE7q6h,0.0,100,0.0,0.0,0.0,0.0
phplE7q6h,0.05,100,0.05,0.0,0.05,0.0
phplE7q6h,0.05,100,0.05,0.0,0.05,0.0020215511322021484
phplE7q6h,0.05,100,0.05,0.0,0.05,0.0019969940185546875
phplE7q6h,0.05,100,0.05,0.0,0.05,0.00023984909057617188
phplE7q6h,0.05,100,0.05,0.0,0.05,0.0
phplE7q6h,0.05,100,0.05,0.0,0.05,0.001767873764038086
phplE7q6h,0.05,100,0.05,0.0,0.05,0.0
phplE7q6h,0.05,100,0.05,0.0,0.05,0.0010044574737548828
phplE7q6h,0.05,100,0.05,0.0,0.05,0.0
phplE7q6h,0.05,100,0.05,0.0,0.05,0.0011625289916992188
phplE7q6h,0.11,100,0.11,0.0,0.11,0.0012059211730957031
phplE7q6h,0.11,100,0.11,0.0,0.11,0.0018124580383300781
phplE7q6h,0.11,100,0.11,0.0,0.11,0.0
phplE7q6h,0.11,100,0.11,0.0,0.11,0.0019214153289794922
phplE7q6h,0.11,100,0.11,0.0,0.11,0.002157926559448242
phplE7q6h,0.11,100,0.11,0.0,0.11,0.0
phplE7q6h,0.11,100,0.11,0.0,0.11,0.00468754768371582
phplE7q6h,0.11,100,0.11,0.0,0.11,0.0010001659393310547
phplE7q6h,0.11,100,0.11,0.0,0.11,0.0
phplE7q6h,0.11,100,0.11,0.0,0.11,0.0
phplE7q6h,0.16,100,0.16,0.0,0.16,0.002113819122314453
phplE7q6h,0.16,100,0.16,0.0,0.16,0.006479978561401367
phplE7q6h,0.16,100,0.16,0.0,0.16,0.0010192394256591797
phplE7q6h,0.16,100,0.16,0.0,0.16,0.0029435157775878906
phplE7q6h,0.16,100,0.16,0.0,0.16,0.0020067691802978516
phplE7q6h,0.16,100,0.16,0.0,0.16,0.001995086669921875
phplE7q6h,0.16,100,0.16,0.0,0.16,0.015008687973022461
phplE7q6h,0.16,100,0.16,0.0,0.16,0.0019965171813964844
phplE7q6h,0.16,100,0.16,0.0,0.16,0.0016109943389892578
phplE7q6h,0.16,100,0.16,0.0,0.16,0.001997232437133789
phplE7q6h,0.21,100,0.21,0.0,0.21,0.002001047134399414
phplE7q6h,0.21,100,0.21,0.0,0.21,0.0021181106567382812
phplE7q6h,0.21,100,0.21,0.0,0.21,0.0
phplE7q6h,0.21,100,0.21,0.0,0.21,0.002077341079711914
phplE7q6h,0.21,100,0.21,0.0,0.21,0.0019981861114501953
phplE7q6h,0.21,100,0.21,0.0,0.21,0.0
phplE7q6h,0.21,100,0.21,0.0,0.21,0.0010025501251220703
phplE7q6h,0.21,100,0.21,0.0,0.21,0.0
phplE7q6h,0.21,100,0.21,0.0,0.21,0.0
phplE7q6h,0.21,100,0.21,0.0,0.21,0.0
phplE7q6h,0.26,100,0.26,0.0,0.26,0.001996755599975586
phplE7q6h,0.26,100,0.26,0.0,0.26,0.0
phplE7q6h,0.26,100,0.26,0.0,0.26,0.0025794506072998047
phplE7q6h,0.26,100,0.26,0.0,0.26,0.0
phplE7q6h,0.26,100,0.26,0.0,0.26,0.0036432743072509766
phplE7q6h,0.26,100,0.26,0.0,0.26,0.0019969940185546875
phplE7q6h,0.26,100,0.26,0.0,0.26,0.001994609832763672
phplE7q6h,0.26,100,0.26,0.0,0.26,0.002000093460083008
phplE7q6h,0.26,100,0.26,0.0,0.26,0.0
phplE7q6h,0.26,100,0.26,0.0,0.26,0.0013136863708496094
phplE7q6h,0.32,100,0.32,0.0,0.32,0.006243228912353516
phplE7q6h,0.32,100,0.32,0.0,0.32,0.0021109580993652344
phplE7q6h,0.32,100,0.32,0.0,0.32,0.0010094642639160156
phplE7q6h,0.32,100,0.32,0.0,0.32,0.0016837120056152344
phplE7q6h,0.32,100,0.32,0.0,0.32,0.0009906291961669922
phplE7q6h,0.32,100,0.32,0.0,0.32,0.0020055770874023438
phplE7q6h,0.32,100,0.32,0.0,0.32,0.001001119613647461
phplE7q6h,0.32,100,0.32,0.0,0.32,0.0
phplE7q6h,0.32,100,0.32,0.0,0.32,0.0009949207305908203
phplE7q6h,0.32,100,0.32,0.0,0.32,0.0
phplE7q6h,0.37,100,0.37,0.0,0.37,0.0
phplE7q6h,0.37,100,0.37,0.0,0.37,0.0
phplE7q6h,0.37,100,0.37,0.0,0.37,0.0008368492126464844
phplE7q6h,0.37,100,0.37,0.0,0.37,0.0
phplE7q6h,0.37,100,0.37,0.0,0.37,0.0
phplE7q6h,0.37,100,0.37,0.0,0.37,0.0
phplE7q6h,0.37,100,0.37,0.0,0.37,0.0
phplE7q6h,0.37,100,0.37,0.0,0.37,0.0
phplE7q6h,0.37,100,0.37,0.0,0.37,0.0
phplE7q6h,0.37,100,0.37,0.0,0.37,0.0
phplE7q6h,0.42,100,0.42,0.0,0.42,0.0
phplE7q6h,0.42,100,0.42,0.0,0.42,0.003257274627685547
phplE7q6h,0.42,100,0.42,0.0,0.42,0.0009961128234863281
phplE7q6h,0.42,100,0.42,0.0,0.42,0.0062694549560546875
phplE7q6h,0.42,100,0.42,0.0,0.42,0.0
phplE7q6h,0.42,100,0.42,0.0,0.42,0.0061223506927490234
phplE7q6h,0.42,100,0.42,0.0,0.42,0.001444101333618164
phplE7q6h,0.42,100,0.42,0.0,0.42,0.0019974708557128906
phplE7q6h,0.42,100,0.42,0.0,0.42,0.0022132396697998047
phplE7q6h,0.42,100,0.42,0.0,0.42,0.0021038055419921875
phplE7q6h,0.47,100,0.47,0.0,0.47,0.0021104812622070312
phplE7q6h,0.47,100,0.47,0.0,0.47,0.0010030269622802734
phplE7q6h,0.47,100,0.47,0.0,0.47,0.0020995140075683594
phplE7q6h,0.47,100,0.47,0.0,0.47,0.0019991397857666016
phplE7q6h,0.47,100,0.47,0.0,0.47,0.002107858657836914
phplE7q6h,0.47,100,0.47,0.0,0.47,0.0019965171813964844
phplE7q6h,0.47,100,0.47,0.0,0.47,0.016623258590698242
phplE7q6h,0.47,100,0.47,0.0,0.47,0.0010037422180175781
phplE7q6h,0.47,100,0.47,0.0,0.47,0.000972747802734375
phplE7q6h,0.47,100,0.47,0.0,0.47,0.001985311508178711
phplE7q6h,0.53,100,0.53,0.0,0.53,0.002000570297241211
phplE7q6h,0.53,100,0.53,0.0,0.53,0.0
phplE7q6h,0.53,100,0.53,0.0,0.53,0.0019893646240234375
phplE7q6h,0.53,100,0.53,0.0,0.53,0.0030891895294189453
phplE7q6h,0.53,100,0.53,0.0,0.53,0.0028231143951416016
phplE7q6h,0.53,100,0.53,0.0,0.53,0.00211334228515625
phplE7q6h,0.53,100,0.53,0.0,0.53,0.0019998550415039062
phplE7q6h,0.53,100,0.53,0.0,0.53,0.0020995140075683594
phplE7q6h,0.53,100,0.53,0.0,0.53,0.00039958953857421875
phplE7q6h,0.53,100,0.53,0.0,0.53,0.0
phplE7q6h,0.58,100,0.58,0.0,0.58,0.0011153221130371094
phplE7q6h,0.58,100,0.58,0.0,0.58,0.001369476318359375
phplE7q6h,0.58,100,0.58,0.0,0.58,0.0015306472778320312
phplE7q6h,0.58,100,0.58,0.0,0.58,0.0020766258239746094
phplE7q6h,0.58,100,0.58,0.0,0.58,0.002004861831665039
phplE7q6h,0.58,100,0.58,0.0,0.58,0.001434326171875
phplE7q6h,0.58,100,0.58,0.0,0.58,0.0053255558013916016
phplE7q6h,0.58,100,0.58,0.0,0.58,0.0057125091552734375
phplE7q6h,0.58,100,0.58,0.0,0.58,0.0018508434295654297
phplE7q6h,0.58,100,0.58,0.0,0.58,0.0011014938354492188
phplE7q6h,0.63,100,0.63,0.0,0.63,0.002003908157348633
phplE7q6h,0.63,100,0.63,0.0,0.63,0.006026506423950195
phplE7q6h,0.63,100,0.63,0.0,0.63,0.006105184555053711
phplE7q6h,0.63,100,0.63,0.0,0.63,0.006126880645751953
phplE7q6h,0.63,100,0.63,0.0,0.63,0.0
phplE7q6h,0.63,100,0.63,0.0,0.63,0.0
phplE7q6h,0.63,100,0.63,0.0,0.63,0.0
phplE7q6h,0.63,100,0.63,0.0,0.63,0.006060600280761719
phplE7q6h,0.63,100,0.63,0.0,0.63,0.005509853363037109
phplE7q6h,0.63,100,0.63,0.0,0.63,0.0
phplE7q6h,0.68,100,0.68,0.0,0.68,0.006215333938598633
phplE7q6h,0.68,100,0.68,0.0,0.68,0.0
phplE7q6h,0.68,100,0.68,0.0,0.68,0.0
phplE7q6h,0.68,100,0.68,0.0,0.68,0.0
phplE7q6h,0.68,100,0.68,0.0,0.68,0.0
phplE7q6h,0.68,100,0.68,0.0,0.68,0.0
phplE7q6h,0.68,100,0.68,0.0,0.68,0.0013039112091064453
phplE7q6h,0.68,100,0.68,0.0,0.68,0.0
phplE7q6h,0.68,100,0.68,0.0,0.68,0.005998134613037109
phplE7q6h,0.68,100,0.68,0.0,0.68,0.0026276111602783203
phplE7q6h,0.74,100,0.74,0.0,0.74,0.0
phplE7q6h,0.74,100,0.74,0.0,0.74,0.0011870861053466797
phplE7q6h,0.74,100,0.74,0.0,0.74,0.0019998550415039062
phplE7q6h,0.74,100,0.74,0.0,0.74,0.0010001659393310547
phplE7q6h,0.74,100,0.74,0.0,0.74,0.0019998550415039062
phplE7q6h,0.74,100,0.74,0.0,0.74,0.002778768539428711
phplE7q6h,0.74,100,0.74,0.0,0.74,0.0
phplE7q6h,0.74,100,0.74,0.0,0.74,0.000997304916381836
phplE7q6h,0.74,100,0.74,0.0,0.74,0.0014553070068359375
phplE7q6h,0.74,100,0.74,0.0,0.74,0.0019998550415039062
phplE7q6h,0.79,100,0.79,0.0,0.79,0.0
phplE7q6h,0.79,100,0.79,0.0,0.79,0.0
phplE7q6h,0.79,100,0.79,0.0,0.79,0.001999378204345703
phplE7q6h,0.79,100,0.79,0.0,0.79,0.0
phplE7q6h,0.79,100,0.79,0.0,0.79,0.0010018348693847656
phplE7q6h,0.79,100,0.79,0.0,0.79,0.0
phplE7q6h,0.79,100,0.79,0.0,0.79,0.002164602279663086
phplE7q6h,0.79,100,0.79,0.0,0.79,0.00695037841796875
phplE7q6h,0.79,100,0.79,0.0,0.79,0.0007486343383789062
phplE7q6h,0.79,100,0.79,0.0,0.79,0.001996755599975586
phplE7q6h,0.84,100,0.84,0.0,0.84,0.0016753673553466797
phplE7q6h,0.84,100,0.84,0.0,0.84,0.0019774436950683594
phplE7q6h,0.84,100,0.84,0.0,0.84,0.0
phplE7q6h,0.84,100,0.84,0.0,0.84,0.0
phplE7q6h,0.84,100,0.84,0.0,0.84,0.0019996166229248047
phplE7q6h,0.84,100,0.84,0.0,0.84,0.0
phplE7q6h,0.84,100,0.84,0.0,0.84,0.0010957717895507812
phplE7q6h,0.84,100,0.84,0.0,0.84,0.0010325908660888672
phplE7q6h,0.84,100,0.84,0.0,0.84,0.0019996166229248047
phplE7q6h,0.84,100,0.84,0.0,0.84,0.0007672309875488281
phplE7q6h,0.89,100,0.89,0.0,0.89,0.0
phplE7q6h,0.89,100,0.89,0.0,0.89,0.0
phplE7q6h,0.89,100,0.89,0.0,0.89,0.0
phplE7q6h,0.89,100,0.89,0.0,0.89,0.0055522918701171875
phplE7q6h,0.89,100,0.89,0.0,0.89,0.005590677261352539
phplE7q6h,0.89,100,0.89,0.0,0.89,0.002000570297241211
phplE7q6h,0.89,100,0.89,0.0,0.89,0.0013384819030761719
phplE7q6h,0.89,100,0.89,0.0,0.89,0.002245187759399414
phplE7q6h,0.89,100,0.89,0.0,0.89,0.001707315444946289
phplE7q6h,0.89,100,0.89,0.0,0.89,0.0
phplE7q6h,0.95,100,0.95,0.0,0.95,0.00541996955871582
phplE7q6h,0.95,100,0.95,0.0,0.95,0.0
phplE7q6h,0.95,100,0.95,0.0,0.95,0.0058710575103759766
phplE7q6h,0.95,100,0.95,0.0,0.95,0.006969451904296875
phplE7q6h,0.95,100,0.95,0.0,0.95,0.001100301742553711
phplE7q6h,0.95,100,0.95,0.0,0.95,0.0030829906463623047
phplE7q6h,0.95,100,0.95,0.0,0.95,0.0020186901092529297
phplE7q6h,0.95,100,0.95,0.0,0.95,0.0011088848114013672
phplE7q6h,0.95,100,0.95,0.0,0.95,0.0
phplE7q6h,0.95,100,0.95,0.0,0.95,0.005721092224121094
phplE7q6h,1.0,100,1.0,0.0,1.0,0.0020003318786621094
phplE7q6h,1.0,100,1.0,0.0,1.0,0.006028890609741211
phplE7q6h,1.0,100,1.0,0.0,1.0,0.0
phplE7q6h,1.0,100,1.0,0.0,1.0,0.0
phplE7q6h,1.0,100,1.0,0.0,1.0,0.002010822296142578
phplE7q6h,1.0,100,1.0,0.0,1.0,0.0033524036407470703
phplE7q6h,1.0,100,1.0,0.0,1.0,0.000986337661743164
phplE7q6h,1.0,100,1.0,0.0,1.0,0.0005185604095458984
phplE7q6h,1.0,100,1.0,0.0,1.0,0.006642818450927734
phplE7q6h,1.0,100,1.0,0.0,1.0,0.007147789001464844
phpWfYmlu,0.0,100,0.0,0.33,0.33,0.0054624080657958984
phpWfYmlu,0.0,100,0.0,0.29,0.29,0.0
phpWfYmlu,0.0,100,0.0,0.35,0.35,0.0017163753509521484
phpWfYmlu,0.0,100,0.0,0.29,0.29,0.001013040542602539
phpWfYmlu,0.0,100,0.0,0.36,0.36,0.002068758010864258
phpWfYmlu,0.0,100,0.0,0.37,0.37,0.0019991397857666016
phpWfYmlu,0.0,100,0.0,0.31,0.31,0.002012491226196289
phpWfYmlu,0.0,100,0.0,0.31,0.31,0.0009944438934326172
phpWfYmlu,0.0,100,0.0,0.32,0.32,0.0005643367767333984
phpWfYmlu,0.0,100,0.0,0.33,0.33,0.0019958019256591797
phpWfYmlu,0.05,100,0.05,0.37,0.32,0.0011734962463378906
phpWfYmlu,0.05,100,0.05,0.31,0.26,0.0
phpWfYmlu,0.05,100,0.05,0.37,0.32,0.0
phpWfYmlu,0.05,100,0.05,0.4,0.35,0.0019931793212890625
phpWfYmlu,0.05,100,0.05,0.35,0.3,0.0009999275207519531
phpWfYmlu,0.05,100,0.05,0.36,0.31,0.0
phpWfYmlu,0.05,100,0.05,0.34,0.29,0.0
phpWfYmlu,0.05,100,0.05,0.41,0.36,0.0
phpWfYmlu,0.05,100,0.05,0.39,0.34,0.0009989738464355469
phpWfYmlu,0.05,100,0.05,0.33,0.28,0.0017514228820800781
phpWfYmlu,0.11,100,0.11,0.38,0.27,0.0
phpWfYmlu,0.11,100,0.11,0.35,0.24,0.0014901161193847656
phpWfYmlu,0.11,100,0.11,0.38,0.27,0.0006029605865478516
phpWfYmlu,0.11,100,0.11,0.39,0.28,0.0
phpWfYmlu,0.11,100,0.11,0.41,0.3,0.00200653076171875
phpWfYmlu,0.11,100,0.11,0.44,0.33,0.0
phpWfYmlu,0.11,100,0.11,0.4,0.29,0.0021088123321533203
phpWfYmlu,0.11,100,0.11,0.35,0.24,0.002003908157348633
phpWfYmlu,0.11,100,0.11,0.41,0.3,0.0
phpWfYmlu,0.11,100,0.11,0.33,0.22,0.0021562576293945312
phpWfYmlu,0.16,100,0.16,0.41,0.25,0.0019996166229248047
phpWfYmlu,0.16,100,0.16,0.4,0.24,0.0015616416931152344
phpWfYmlu,0.16,100,0.16,0.41,0.25,0.0014960765838623047
phpWfYmlu,0.16,100,0.16,0.41,0.25,0.005911588668823242
phpWfYmlu,0.16,100,0.16,0.4,0.24,0.0009469985961914062
phpWfYmlu,0.16,100,0.16,0.42,0.26,0.001379251480102539
phpWfYmlu,0.16,100,0.16,0.46,0.3,0.0019974708557128906
phpWfYmlu,0.16,100,0.16,0.42,0.26,0.0
phpWfYmlu,0.16,100,0.16,0.4,0.24,0.0
phpWfYmlu,0.16,100,0.16,0.42,0.26,0.0021233558654785156
phpWfYmlu,0.21,100,0.21,0.44,0.23,0.0
phpWfYmlu,0.21,100,0.21,0.37,0.16,0.0014221668243408203
phpWfYmlu,0.21,100,0.21,0.51,0.3,0.0017676353454589844
phpWfYmlu,0.21,100,0.21,0.44,0.23,0.0019922256469726562
phpWfYmlu,0.21,100,0.21,0.45,0.24,0.0
phpWfYmlu,0.21,100,0.21,0.49,0.28,0.0010061264038085938
phpWfYmlu,0.21,100,0.21,0.51,0.3,0.00635075569152832
phpWfYmlu,0.21,100,0.21,0.46,0.25,0.006148338317871094
phpWfYmlu,0.21,100,0.21,0.42,0.21,0.0009999275207519531
phpWfYmlu,0.21,100,0.21,0.46,0.25,0.0
phpWfYmlu,0.26,100,0.26,0.45,0.19,0.0019996166229248047
phpWfYmlu,0.26,100,0.26,0.46,0.2,0.0
phpWfYmlu,0.26,100,0.26,0.5,0.24,0.0016002655029296875
phpWfYmlu,0.26,100,0.26,0.43,0.17,0.0020051002502441406
phpWfYmlu,0.26,100,0.26,0.46,0.2,0.0
phpWfYmlu,0.26,100,0.26,0.48,0.22,0.00099945068359375
phpWfYmlu,0.26,100,0.26,0.49,0.23,0.0020029544830322266
phpWfYmlu,0.26,100,0.26,0.46,0.2,0.0
phpWfYmlu,0.26,100,0.26,0.46,0.2,0.0
phpWfYmlu,0.26,100,0.26,0.53,0.27,0.0
phpWfYmlu,0.32,100,0.32,0.52,0.2,0.002290010452270508
phpWfYmlu,0.32,100,0.32,0.52,0.2,0.0014922618865966797
phpWfYmlu,0.32,100,0.32,0.53,0.21,0.0
phpWfYmlu,0.32,100,0.32,0.5,0.18,0.0053637027740478516
phpWfYmlu,0.32,100,0.32,0.49,0.17,0.0009984970092773438
phpWfYmlu,0.32,100,0.32,0.57,0.25,0.006998538970947266
phpWfYmlu,0.32,100,0.32,0.6,0.28,0.0
phpWfYmlu,0.32,100,0.32,0.58,0.26,0.002171039581298828
phpWfYmlu,0.32,100,0.32,0.51,0.19,0.0
phpWfYmlu,0.32,100,0.32,0.51,0.19,0.001995086669921875
phpWfYmlu,0.37,100,0.37,0.49,0.12,0.0011789798736572266
phpWfYmlu,0.37,100,0.37,0.54,0.17,0.011013507843017578
phpWfYmlu,0.37,100,0.37,0.56,0.19,0.0
phpWfYmlu,0.37,100,0.37,0.57,0.2,0.001692056655883789
phpWfYmlu,0.37,100,0.37,0.54,0.17,0.002005338668823242
phpWfYmlu,0.37,100,0.37,0.53,0.16,0.005661487579345703
phpWfYmlu,0.37,100,0.37,0.52,0.15,0.0
phpWfYmlu,0.37,100,0.37,0.57,0.2,0.0
phpWfYmlu,0.37,100,0.37,0.54,0.17,0.0019032955169677734
phpWfYmlu,0.37,100,0.37,0.59,0.22,0.0
phpWfYmlu,0.42,100,0.42,0.63,0.21,0.002003908157348633
phpWfYmlu,0.42,100,0.42,0.56,0.14,0.002097606658935547
phpWfYmlu,0.42,100,0.42,0.54,0.12,0.006024837493896484
phpWfYmlu,0.42,100,0.42,0.53,0.11,0.002685070037841797
phpWfYmlu,0.42,100,0.42,0.61,0.19,0.001997232437133789
phpWfYmlu,0.42,100,0.42,0.56,0.14,0.0011017322540283203
phpWfYmlu,0.42,100,0.42,0.62,0.2,0.007516145706176758
phpWfYmlu,0.42,100,0.42,0.61,0.19,0.0
phpWfYmlu,0.42,100,0.42,0.58,0.16,0.001999378204345703
phpWfYmlu,0.42,100,0.42,0.53,0.11,0.0
phpWfYmlu,0.47,100,0.47,0.59,0.12,0.0070455074310302734
phpWfYmlu,0.47,100,0.47,0.64,0.17,0.0
phpWfYmlu,0.47,100,0.47,0.61,0.14,0.0014698505401611328
phpWfYmlu,0.47,100,0.47,0.66,0.19,0.0010104179382324219
phpWfYmlu,0.47,100,0.47,0.56,0.09,0.0
phpWfYmlu,0.47,100,0.47,0.55,0.08,0.002106189727783203
phpWfYmlu,0.47,100,0.47,0.62,0.15,0.002320528030395508
phpWfYmlu,0.47,100,0.47,0.51,0.04,0.0004558563232421875
phpWfYmlu,0.47,100,0.47,0.53,0.06,0.0020453929901123047
phpWfYmlu,0.47,100,0.47,0.63,0.16,0.006122112274169922
phpWfYmlu,0.53,100,0.53,0.64,0.11,0.0
phpWfYmlu,0.53,100,0.53,0.59,0.06,0.0011129379272460938
phpWfYmlu,0.53,100,0.53,0.69,0.16,0.006090641021728516
phpWfYmlu,0.53,100,0.53,0.63,0.1,0.0
phpWfYmlu,0.53,100,0.53,0.58,0.05,0.0011131763458251953
phpWfYmlu,0.53,100,0.53,0.63,0.1,0.0020399093627929688
phpWfYmlu,0.53,100,0.53,0.65,0.12,0.0
phpWfYmlu,0.53,100,0.53,0.59,0.06,0.0010013580322265625
phpWfYmlu,0.53,100,0.53,0.58,0.05,0.0011224746704101562
phpWfYmlu,0.53,100,0.53,0.64,0.11,0.0
phpWfYmlu,0.58,100,0.58,0.63,0.05,0.0019996166229248047
phpWfYmlu,0.58,100,0.58,0.66,0.08,0.0
phpWfYmlu,0.58,100,0.58,0.63,0.05,0.0004792213439941406
phpWfYmlu,0.58,100,0.58,0.61,0.03,0.0020036697387695312
phpWfYmlu,0.58,100,0.58,0.76,0.18,0.00587916374206543
phpWfYmlu,0.58,100,0.58,0.69,0.11,0.0009992122650146484
phpWfYmlu,0.58,100,0.58,0.6,0.02,0.0019989013671875
phpWfYmlu,0.58,100,0.58,0.64,0.06,0.0010006427764892578
phpWfYmlu,0.58,100,0.58,0.68,0.1,0.0
phpWfYmlu,0.58,100,0.58,0.74,0.16,0.0019998550415039062
phpWfYmlu,0.63,100,0.63,0.73,0.1,0.0
phpWfYmlu,0.63,100,0.63,0.76,0.13,0.00043892860412597656
phpWfYmlu,0.63,100,0.63,0.72,0.09,0.0
phpWfYmlu,0.63,100,0.63,0.75,0.12,0.005436897277832031
phpWfYmlu,0.63,100,0.63,0.7,0.07,0.001993417739868164
phpWfYmlu,0.63,100,0.63,0.66,0.03,0.0015411376953125
phpWfYmlu,0.63,100,0.63,0.71,0.08,0.012691020965576172
phpWfYmlu,0.63,100,0.63,0.68,0.05,0.0
phpWfYmlu,0.63,100,0.63,0.73,0.1,0.002276182174682617
phpWfYmlu,0.63,100,0.63,0.66,0.03,0.0010025501251220703
phpWfYmlu,0.68,100,0.68,0.78,0.1,0.001005411148071289
phpWfYmlu,0.68,100,0.68,0.75,0.07,0.0010876655578613281
phpWfYmlu,0.68,100,0.68,0.75,0.07,0.005875587463378906
phpWfYmlu,0.68,100,0.68,0.71,0.03,0.0
phpWfYmlu,0.68,100,0.68,0.72,0.04,0.0
phpWfYmlu,0.68,100,0.68,0.76,0.08,0.0015463829040527344
phpWfYmlu,0.68,100,0.68,0.62,0.06,0.0
phpWfYmlu,0.68,100,0.68,0.76,0.08,0.0054705142974853516
phpWfYmlu,0.68,100,0.68,0.73,0.05,0.0019996166229248047
phpWfYmlu,0.68,100,0.68,0.81,0.13,0.005564451217651367
phpWfYmlu,0.74,100,0.74,0.67,0.07,0.0
phpWfYmlu,0.74,100,0.74,0.8,0.06,0.0019998550415039062
phpWfYmlu,0.74,100,0.74,0.81,0.07,0.0019903182983398438
phpWfYmlu,0.74,100,0.74,0.7,0.04,0.0011997222900390625
phpWfYmlu,0.74,100,0.74,0.8,0.06,0.005925655364990234
phpWfYmlu,0.74,100,0.74,0.84,0.1,0.0
phpWfYmlu,0.74,100,0.74,0.74,0.0,0.0
phpWfYmlu,0.74,100,0.74,0.78,0.04,0.0020380020141601562
phpWfYmlu,0.74,100,0.74,0.75,0.01,0.001999378204345703
phpWfYmlu,0.74,100,0.74,0.76,0.02,0.005812406539916992
phpWfYmlu,0.79,100,0.79,0.8,0.01,0.0
phpWfYmlu,0.79,100,0.79,0.73,0.06,0.0017905235290527344
phpWfYmlu,0.79,100,0.79,0.82,0.03,0.001007080078125
phpWfYmlu,0.79,100,0.79,0.77,0.02,0.0066187381744384766
phpWfYmlu,0.79,100,0.79,0.78,0.01,0.0006055831909179688
phpWfYmlu,0.79,100,0.79,0.82,0.03,0.0009996891021728516
phpWfYmlu,0.79,100,0.79,0.83,0.04,0.000997781753540039
phpWfYmlu,0.79,100,0.79,0.84,0.05,0.0
phpWfYmlu,0.79,100,0.79,0.81,0.02,0.0017163753509521484
phpWfYmlu,0.79,100,0.79,0.77,0.02,0.0021209716796875
phpWfYmlu,0.84,100,0.84,0.84,0.0,0.0011262893676757812
phpWfYmlu,0.84,100,0.84,0.86,0.02,0.0026662349700927734
phpWfYmlu,0.84,100,0.84,0.78,0.06,0.0026586055755615234
phpWfYmlu,0.84,100,0.84,0.84,0.0,0.0009992122650146484
phpWfYmlu,0.84,100,0.84,0.74,0.1,0.00099945068359375
phpWfYmlu,0.84,100,0.84,0.8,0.04,0.002113819122314453
phpWfYmlu,0.84,100,0.84,0.82,0.02,0.000997304916381836
phpWfYmlu,0.84,100,0.84,0.8,0.04,0.0069122314453125
phpWfYmlu,0.84,100,0.84,0.88,0.04,0.0
phpWfYmlu,0.84,100,0.84,0.87,0.03,0.0014188289642333984
phpWfYmlu,0.89,100,0.89,0.88,0.01,0.001997232437133789
phpWfYmlu,0.89,100,0.89,0.76,0.13,0.0016641616821289062
phpWfYmlu,0.89,100,0.89,0.89,0.0,0.0003902912139892578
phpWfYmlu,0.89,100,0.89,0.85,0.04,0.0
phpWfYmlu,0.89,100,0.89,0.79,0.1,0.0015406608581542969
phpWfYmlu,0.89,100,0.89,0.82,0.07,0.0
phpWfYmlu,0.89,100,0.89,0.89,0.0,0.0009975433349609375
phpWfYmlu,0.89,100,0.89,0.78,0.11,0.0
phpWfYmlu,0.89,100,0.89,0.81,0.08,0.0020012855529785156
phpWfYmlu,0.89,100,0.89,0.85,0.04,0.0021169185638427734
phpWfYmlu,0.95,100,0.95,0.9,0.05,0.0020034313201904297
phpWfYmlu,0.95,100,0.95,0.85,0.1,0.0
phpWfYmlu,0.95,100,0.95,0.94,0.01,0.001943826675415039
phpWfYmlu,0.95,100,0.95,0.91,0.04,0.0021085739135742188
phpWfYmlu,0.95,100,0.95,0.96,0.01,0.0
phpWfYmlu,0.95,100,0.95,0.83,0.12,0.0
phpWfYmlu,0.95,100,0.95,0.89,0.06,0.0
phpWfYmlu,0.95,100,0.95,0.81,0.14,0.0
phpWfYmlu,0.95,100,0.95,0.91,0.04,0.0
phpWfYmlu,0.95,100,0.95,0.95,0.0,0.0005896091461181641
phpWfYmlu,1.0,100,1.0,0.95,0.05,0.0
phpWfYmlu,1.0,100,1.0,0.88,0.12,0.0017380714416503906
phpWfYmlu,1.0,100,1.0,0.96,0.04,0.0
phpWfYmlu,1.0,100,1.0,0.88,0.12,0.0
phpWfYmlu,1.0,100,1.0,0.91,0.09,0.0020046234130859375
phpWfYmlu,1.0,100,1.0,0.92,0.08,0.0020017623901367188
phpWfYmlu,1.0,100,1.0,0.96,0.04,0.0021042823791503906
phpWfYmlu,1.0,100,1.0,0.89,0.11,0.005891323089599609
phpWfYmlu,1.0,100,1.0,0.89,0.11,0.0
phpWfYmlu,1.0,100,1.0,0.96,0.04,0.0
phpwRjVjk,0.0,100,0.0,1.0,1.0,0.0
phpwRjVjk,0.0,100,0.0,1.0,1.0,0.0
phpwRjVjk,0.0,100,0.0,1.0,1.0,0.001331329345703125
phpwRjVjk,0.0,100,0.0,1.0,1.0,0.0
phpwRjVjk,0.0,100,0.0,1.0,1.0,0.002117156982421875
phpwRjVjk,0.0,100,0.0,1.0,1.0,0.0019905567169189453
phpwRjVjk,0.0,100,0.0,1.0,1.0,0.001001596450805664
phpwRjVjk,0.0,100,0.0,1.0,1.0,0.0
phpwRjVjk,0.0,100,0.0,1.0,1.0,0.0
phpwRjVjk,0.0,100,0.0,1.0,1.0,0.0
phpwRjVjk,0.05,100,0.05,1.0,0.95,0.0020003318786621094
phpwRjVjk,0.05,100,0.05,1.0,0.95,0.0010905265808105469
phpwRjVjk,0.05,100,0.05,1.0,0.95,0.0
phpwRjVjk,0.05,100,0.05,1.0,0.95,0.0021228790283203125
phpwRjVjk,0.05,100,0.05,1.0,0.95,0.0
phpwRjVjk,0.05,100,0.05,1.0,0.95,0.001096963882446289
phpwRjVjk,0.05,100,0.05,1.0,0.95,0.0009908676147460938
phpwRjVjk,0.05,100,0.05,1.0,0.95,0.001992464065551758
phpwRjVjk,0.05,100,0.05,1.0,0.95,0.0018391609191894531
phpwRjVjk,0.05,100,0.05,1.0,0.95,0.002093076705932617
phpwRjVjk,0.11,100,0.11,1.0,0.89,0.0012760162353515625
phpwRjVjk,0.11,100,0.11,1.0,0.89,0.006616830825805664
phpwRjVjk,0.11,100,0.11,1.0,0.89,0.0016694068908691406
phpwRjVjk,0.11,100,0.11,1.0,0.89,0.0052716732025146484
phpwRjVjk,0.11,100,0.11,1.0,0.89,0.0
phpwRjVjk,0.11,100,0.11,1.0,0.89,0.002000093460083008
phpwRjVjk,0.11,100,0.11,1.0,0.89,0.0019996166229248047
phpwRjVjk,0.11,100,0.11,1.0,0.89,0.0011129379272460938
phpwRjVjk,0.11,100,0.11,1.0,0.89,0.0014417171478271484
phpwRjVjk,0.11,100,0.11,1.0,0.89,0.001922607421875
phpwRjVjk,0.16,100,0.16,1.0,0.84,0.0014269351959228516
phpwRjVjk,0.16,100,0.16,1.0,0.84,0.0015332698822021484
phpwRjVjk,0.16,100,0.16,1.0,0.84,0.0
phpwRjVjk,0.16,100,0.16,1.0,0.84,0.002117633819580078
phpwRjVjk,0.16,100,0.16,1.0,0.84,0.0021216869354248047
phpwRjVjk,0.16,100,0.16,1.0,0.84,0.0016078948974609375
phpwRjVjk,0.16,100,0.16,1.0,0.84,0.0023839473724365234
phpwRjVjk,0.16,100,0.16,1.0,0.84,0.0061016082763671875
phpwRjVjk,0.16,100,0.16,1.0,0.84,0.0028104782104492188
phpwRjVjk,0.16,100,0.16,1.0,0.84,0.0
phpwRjVjk,0.21,100,0.21,1.0,0.79,0.0
phpwRjVjk,0.21,100,0.21,1.0,0.79,0.0
phpwRjVjk,0.21,100,0.21,1.0,0.79,0.0
phpwRjVjk,0.21,100,0.21,1.0,0.79,0.0
phpwRjVjk,0.21,100,0.21,1.0,0.79,0.0059664249420166016
phpwRjVjk,0.21,100,0.21,1.0,0.79,0.0
phpwRjVjk,0.21,100,0.21,1.0,0.79,0.0060079097747802734
phpwRjVjk,0.21,100,0.21,1.0,0.79,0.0010199546813964844
phpwRjVjk,0.21,100,0.21,1.0,0.79,0.0
phpwRjVjk,0.21,100,0.21,1.0,0.79,0.0019805431365966797
phpwRjVjk,0.26,100,0.26,1.0,0.74,0.0009996891021728516
phpwRjVjk,0.26,100,0.26,1.0,0.74,0.0
phpwRjVjk,0.26,100,0.26,1.0,0.74,0.0
phpwRjVjk,0.26,100,0.26,1.0,0.74,0.0
phpwRjVjk,0.26,100,0.26,1.0,0.74,0.0
phpwRjVjk,0.26,100,0.26,1.0,0.74,0.0
phpwRjVjk,0.26,100,0.26,1.0,0.74,0.0
phpwRjVjk,0.26,100,0.26,1.0,0.74,0.0020062923431396484
phpwRjVjk,0.26,100,0.26,1.0,0.74,0.0
phpwRjVjk,0.26,100,0.26,1.0,0.74,0.0
phpwRjVjk,0.32,100,0.32,1.0,0.68,0.0
phpwRjVjk,0.32,100,0.32,1.0,0.68,0.0
phpwRjVjk,0.32,100,0.32,1.0,0.68,0.0
phpwRjVjk,0.32,100,0.32,1.0,0.68,0.0
phpwRjVjk,0.32,100,0.32,1.0,0.68,0.0
phpwRjVjk,0.32,100,0.32,1.0,0.68,0.001996755599975586
phpwRjVjk,0.32,100,0.32,1.0,0.68,0.0
phpwRjVjk,0.32,100,0.32,1.0,0.68,0.0011973381042480469
phpwRjVjk,0.32,100,0.32,1.0,0.68,0.005999326705932617
phpwRjVjk,0.32,100,0.32,1.0,0.68,0.002101421356201172
phpwRjVjk,0.37,100,0.37,1.0,0.63,0.0010347366333007812
phpwRjVjk,0.37,100,0.37,1.0,0.63,0.0022268295288085938
phpwRjVjk,0.37,100,0.37,1.0,0.63,0.002002239227294922
phpwRjVjk,0.37,100,0.37,1.0,0.63,0.0
phpwRjVjk,0.37,100,0.37,1.0,0.63,0.0016582012176513672
phpwRjVjk,0.37,100,0.37,1.0,0.63,0.0
phpwRjVjk,0.37,100,0.37,1.0,0.63,0.0009944438934326172
phpwRjVjk,0.37,100,0.37,1.0,0.63,0.0
phpwRjVjk,0.37,100,0.37,1.0,0.63,0.0
phpwRjVjk,0.37,100,0.37,1.0,0.63,0.0059964656829833984
phpwRjVjk,0.42,100,0.42,1.0,0.58,0.0
phpwRjVjk,0.42,100,0.42,1.0,0.58,0.001695394515991211
phpwRjVjk,0.42,100,0.42,1.0,0.58,0.0009930133819580078
phpwRjVjk,0.42,100,0.42,1.0,0.58,0.0013535022735595703
phpwRjVjk,0.42,100,0.42,1.0,0.58,0.0
phpwRjVjk,0.42,100,0.42,1.0,0.58,0.002103090286254883
phpwRjVjk,0.42,100,0.42,1.0,0.58,0.0
phpwRjVjk,0.42,100,0.42,1.0,0.58,0.0020132064819335938
phpwRjVjk,0.42,100,0.42,1.0,0.58,0.0019345283508300781
phpwRjVjk,0.42,100,0.42,1.0,0.58,0.0014889240264892578
phpwRjVjk,0.47,100,0.47,1.0,0.53,0.0
phpwRjVjk,0.47,100,0.47,1.0,0.53,0.0
phpwRjVjk,0.47,100,0.47,1.0,0.53,0.0010006427764892578
phpwRjVjk,0.47,100,0.47,1.0,0.53,0.0028765201568603516
phpwRjVjk,0.47,100,0.47,1.0,0.53,0.005939960479736328
phpwRjVjk,0.47,100,0.47,1.0,0.53,0.0
phpwRjVjk,0.47,100,0.47,1.0,0.53,0.002000570297241211
phpwRjVjk,0.47,100,0.47,1.0,0.53,0.0
phpwRjVjk,0.47,100,0.47,1.0,0.53,0.0
phpwRjVjk,0.47,100,0.47,1.0,0.53,0.0
phpwRjVjk,0.53,100,0.53,1.0,0.47,0.006036520004272461
phpwRjVjk,0.53,100,0.53,1.0,0.47,0.0
phpwRjVjk,0.53,100,0.53,1.0,0.47,0.002104520797729492
phpwRjVjk,0.53,100,0.53,1.0,0.47,0.006009817123413086
phpwRjVjk,0.53,100,0.53,1.0,0.47,0.0
phpwRjVjk,0.53,100,0.53,1.0,0.47,0.0014290809631347656
phpwRjVjk,0.53,100,0.53,1.0,0.47,0.0019998550415039062
phpwRjVjk,0.53,100,0.53,1.0,0.47,0.0056345462799072266
phpwRjVjk,0.53,100,0.53,1.0,0.47,0.001003265380859375
phpwRjVjk,0.53,100,0.53,1.0,0.47,0.0
phpwRjVjk,0.58,100,0.58,1.0,0.42,0.0
phpwRjVjk,0.58,100,0.58,1.0,0.42,0.006737709045410156
phpwRjVjk,0.58,100,0.58,1.0,0.42,0.0019969940185546875
phpwRjVjk,0.58,100,0.58,1.0,0.42,0.0
phpwRjVjk,0.58,100,0.58,1.0,0.42,0.0010154247283935547
phpwRjVjk,0.58,100,0.58,1.0,0.42,0.0009996891021728516
phpwRjVjk,0.58,100,0.58,1.0,0.42,0.0020003318786621094
phpwRjVjk,0.58,100,0.58,1.0,0.42,0.005663394927978516
phpwRjVjk,0.58,100,0.58,1.0,0.42,0.0
phpwRjVjk,0.58,100,0.58,1.0,0.42,0.0009996891021728516
phpwRjVjk,0.63,100,0.63,1.0,0.37,0.0
phpwRjVjk,0.63,100,0.63,1.0,0.37,0.0021431446075439453
phpwRjVjk,0.63,100,0.63,1.0,0.37,0.0
phpwRjVjk,0.63,100,0.63,1.0,0.37,0.0065348148345947266
phpwRjVjk,0.63,100,0.63,1.0,0.37,0.0009968280792236328
phpwRjVjk,0.63,100,0.63,1.0,0.37,0.0
phpwRjVjk,0.63,100,0.63,1.0,0.37,0.015704631805419922
phpwRjVjk,0.63,100,0.63,1.0,0.37,0.015079259872436523
phpwRjVjk,0.63,100,0.63,1.0,0.37,0.0
phpwRjVjk,0.63,100,0.63,1.0,0.37,0.0
phpwRjVjk,0.68,100,0.68,1.0,0.32,0.0
phpwRjVjk,0.68,100,0.68,1.0,0.32,0.0
phpwRjVjk,0.68,100,0.68,1.0,0.32,0.0
phpwRjVjk,0.68,100,0.68,1.0,0.32,0.006257057189941406
phpwRjVjk,0.68,100,0.68,1.0,0.32,0.0019986629486083984
phpwRjVjk,0.68,100,0.68,1.0,0.32,0.002000093460083008
phpwRjVjk,0.68,100,0.68,1.0,0.32,0.0
phpwRjVjk,0.68,100,0.68,1.0,0.32,0.0
phpwRjVjk,0.68,100,0.68,1.0,0.32,0.0014507770538330078
phpwRjVjk,0.68,100,0.68,1.0,0.32,0.002089977264404297
phpwRjVjk,0.74,100,0.74,1.0,0.26,0.0
phpwRjVjk,0.74,100,0.74,1.0,0.26,0.0
phpwRjVjk,0.74,100,0.74,1.0,0.26,0.00958395004272461
phpwRjVjk,0.74,100,0.74,1.0,0.26,0.0
phpwRjVjk,0.74,100,0.74,1.0,0.26,0.0015873908996582031
phpwRjVjk,0.74,100,0.74,1.0,0.26,0.0
phpwRjVjk,0.74,100,0.74,1.0,0.26,0.0
phpwRjVjk,0.74,100,0.74,1.0,0.26,0.0
phpwRjVjk,0.74,100,0.74,1.0,0.26,0.013088226318359375
phpwRjVjk,0.74,100,0.74,1.0,0.26,0.0
phpwRjVjk,0.79,100,0.79,1.0,0.21,0.015633344650268555
phpwRjVjk,0.79,100,0.79,1.0,0.21,0.0
phpwRjVjk,0.79,100,0.79,1.0,0.21,0.0
phpwRjVjk,0.79,100,0.79,1.0,0.21,0.0
phpwRjVjk,0.79,100,0.79,1.0,0.21,0.0
phpwRjVjk,0.79,100,0.79,1.0,0.21,0.0
phpwRjVjk,0.79,100,0.79,1.0,0.21,0.003361940383911133
phpwRjVjk,0.79,100,0.79,1.0,0.21,0.0
phpwRjVjk,0.79,100,0.79,1.0,0.21,0.0
phpwRjVjk,0.79,100,0.79,1.0,0.21,0.0
phpwRjVjk,0.84,100,0.84,1.0,0.16,0.001645803451538086
phpwRjVjk,0.84,100,0.84,1.0,0.16,0.0
phpwRjVjk,0.84,100,0.84,1.0,0.16,0.002009153366088867
phpwRjVjk,0.84,100,0.84,1.0,0.16,0.0028162002563476562
phpwRjVjk,0.84,100,0.84,1.0,0.16,0.0012960433959960938
phpwRjVjk,0.84,100,0.84,1.0,0.16,0.0018646717071533203
phpwRjVjk,0.84,100,0.84,1.0,0.16,0.0
phpwRjVjk,0.84,100,0.84,1.0,0.16,0.0010161399841308594
phpwRjVjk,0.84,100,0.84,1.0,0.16,0.0
phpwRjVjk,0.84,100,0.84,1.0,0.16,0.0
phpwRjVjk,0.89,100,0.89,1.0,0.11,0.0019986629486083984
phpwRjVjk,0.89,100,0.89,1.0,0.11,0.0019905567169189453
phpwRjVjk,0.89,100,0.89,1.0,0.11,0.0
phpwRjVjk,0.89,100,0.89,1.0,0.11,0.0019817352294921875
phpwRjVjk,0.89,100,0.89,1.0,0.11,0.0019958019256591797
phpwRjVjk,0.89,100,0.89,1.0,0.11,0.0
phpwRjVjk,0.89,100,0.89,1.0,0.11,0.0
phpwRjVjk,0.89,100,0.89,1.0,0.11,0.0
phpwRjVjk,0.89,100,0.89,1.0,0.11,0.006048440933227539
phpwRjVjk,0.89,100,0.89,1.0,0.11,0.00587773323059082
phpwRjVjk,0.95,100,0.95,1.0,0.05,0.0
phpwRjVjk,0.95,100,0.95,1.0,0.05,0.0005736351013183594
phpwRjVjk,0.95,100,0.95,1.0,0.05,0.00623631477355957
phpwRjVjk,0.95,100,0.95,1.0,0.05,0.0
phpwRjVjk,0.95,100,0.95,1.0,0.05,0.0
phpwRjVjk,0.95,100,0.95,1.0,0.05,0.0005028247833251953
phpwRjVjk,0.95,100,0.95,1.0,0.05,0.005682468414306641
phpwRjVjk,0.95,100,0.95,1.0,0.05,0.0
phpwRjVjk,0.95,100,0.95,1.0,0.05,0.0
phpwRjVjk,0.95,100,0.95,1.0,0.05,0.0
phpwRjVjk,1.0,100,1.0,1.0,0.0,0.0
phpwRjVjk,1.0,100,1.0,1.0,0.0,0.0
phpwRjVjk,1.0,100,1.0,1.0,0.0,0.0
phpwRjVjk,1.0,100,1.0,1.0,0.0,0.0
phpwRjVjk,1.0,100,1.0,1.0,0.0,0.0
phpwRjVjk,1.0,100,1.0,1.0,0.0,0.0
phpwRjVjk,1.0,100,1.0,1.0,0.0,0.0
phpwRjVjk,1.0,100,1.0,1.0,0.0,0.0
phpwRjVjk,1.0,100,1.0,1.0,0.0,0.0
phpwRjVjk,1.0,100,1.0,1.0,0.0,0.0
phpxijhaP,0.0,100,0.0,0.03,0.03,0.0008237361907958984
phpxijhaP,0.0,100,0.0,0.01,0.01,0.0015833377838134766
phpxijhaP,0.0,100,0.0,0.01,0.01,0.0020017623901367188
phpxijhaP,0.0,100,0.0,0.01,0.01,0.0
phpxijhaP,0.0,100,0.0,0.01,0.01,0.005588531494140625
phpxijhaP,0.0,100,0.0,0.01,0.01,0.0026254653930664062
phpxijhaP,0.0,100,0.0,0.03,0.03,0.0013260841369628906
phpxijhaP,0.0,100,0.0,0.02,0.02,0.0013952255249023438
phpxijhaP,0.0,100,0.0,0.02,0.02,0.005851030349731445
phpxijhaP,0.0,100,0.0,0.03,0.03,0.002118825912475586
phpxijhaP,0.05,100,0.05,0.05,0.0,0.0007767677307128906
phpxijhaP,0.05,100,0.05,0.06,0.01,0.0013697147369384766
phpxijhaP,0.05,100,0.05,0.07,0.02,0.0020258426666259766
phpxijhaP,0.05,100,0.05,0.06,0.01,0.01239323616027832
phpxijhaP,0.05,100,0.05,0.07,0.02,0.0
phpxijhaP,0.05,100,0.05,0.05,0.0,0.0017964839935302734
phpxijhaP,0.05,100,0.05,0.09,0.04,0.0013096332550048828
phpxijhaP,0.05,100,0.05,0.05,0.0,0.0
phpxijhaP,0.05,100,0.05,0.06,0.01,0.0009918212890625
phpxijhaP,0.05,100,0.05,0.08,0.03,0.0020279884338378906
phpxijhaP,0.11,100,0.11,0.11,0.0,0.0
phpxijhaP,0.11,100,0.11,0.12,0.01,0.0012850761413574219
phpxijhaP,0.11,100,0.11,0.13,0.02,0.002034902572631836
phpxijhaP,0.11,100,0.11,0.14,0.03,0.0035452842712402344
phpxijhaP,0.11,100,0.11,0.1,0.01,0.0005426406860351562
phpxijhaP,0.11,100,0.11,0.13,0.02,0.0020508766174316406
phpxijhaP,0.11,100,0.11,0.11,0.0,0.0
phpxijhaP,0.11,100,0.11,0.12,0.01,0.0
phpxijhaP,0.11,100,0.11,0.13,0.02,0.001379251480102539
phpxijhaP,0.11,100,0.11,0.14,0.03,0.002023935317993164
phpxijhaP,0.16,100,0.16,0.17,0.01,0.001996755599975586
phpxijhaP,0.16,100,0.16,0.18,0.02,0.0020008087158203125
phpxijhaP,0.16,100,0.16,0.19,0.03,0.0013308525085449219
phpxijhaP,0.16,100,0.16,0.17,0.01,0.002020597457885742
phpxijhaP,0.16,100,0.16,0.15,0.01,0.0011188983917236328
phpxijhaP,0.16,100,0.16,0.16,0.0,0.002010345458984375
phpxijhaP,0.16,100,0.16,0.16,0.0,0.0
phpxijhaP,0.16,100,0.16,0.2,0.04,0.002002716064453125
phpxijhaP,0.16,100,0.16,0.18,0.02,0.0
phpxijhaP,0.16,100,0.16,0.18,0.02,0.0016787052154541016
phpxijhaP,0.21,100,0.21,0.21,0.0,0.0
phpxijhaP,0.21,100,0.21,0.21,0.0,0.0
phpxijhaP,0.21,100,0.21,0.21,0.0,0.0017085075378417969
phpxijhaP,0.21,100,0.21,0.23,0.02,0.0
phpxijhaP,0.21,100,0.21,0.21,0.0,0.001031637191772461
phpxijhaP,0.21,100,0.21,0.23,0.02,0.0
phpxijhaP,0.21,100,0.21,0.22,0.01,0.00688481330871582
phpxijhaP,0.21,100,0.21,0.23,0.02,0.0
phpxijhaP,0.21,100,0.21,0.21,0.0,0.0015697479248046875
phpxijhaP,0.21,100,0.21,0.21,0.0,0.0
phpxijhaP,0.26,100,0.26,0.29,0.03,0.0
phpxijhaP,0.26,100,0.26,0.25,0.01,0.0011043548583984375
phpxijhaP,0.26,100,0.26,0.26,0.0,0.0
phpxijhaP,0.26,100,0.26,0.28,0.02,0.002009153366088867
phpxijhaP,0.26,100,0.26,0.26,0.0,0.006728649139404297
phpxijhaP,0.26,100,0.26,0.26,0.0,0.0016160011291503906
phpxijhaP,0.26,100,0.26,0.27,0.01,0.005911827087402344
phpxijhaP,0.26,100,0.26,0.25,0.01,0.0023081302642822266
phpxijhaP,0.26,100,0.26,0.27,0.01,0.0
phpxijhaP,0.26,100,0.26,0.28,0.02,0.0025424957275390625
phpxijhaP,0.32,100,0.32,0.33,0.01,0.0
phpxijhaP,0.32,100,0.32,0.33,0.01,0.0020055770874023438
phpxijhaP,0.32,100,0.32,0.31,0.01,0.0
phpxijhaP,0.32,100,0.32,0.32,0.0,0.005899190902709961
phpxijhaP,0.32,100,0.32,0.32,0.0,0.0014085769653320312
phpxijhaP,0.32,100,0.32,0.33,0.01,0.002064228057861328
phpxijhaP,0.32,100,0.32,0.35,0.03,0.002094268798828125
phpxijhaP,0.32,100,0.32,0.32,0.0,0.002042531967163086
phpxijhaP,0.32,100,0.32,0.31,0.01,0.00041484832763671875
phpxijhaP,0.32,100,0.32,0.31,0.01,0.0007989406585693359
phpxijhaP,0.37,100,0.37,0.4,0.03,0.0
phpxijhaP,0.37,100,0.37,0.37,0.0,0.002300262451171875
phpxijhaP,0.37,100,0.37,0.36,0.01,0.0010294914245605469
phpxijhaP,0.37,100,0.37,0.36,0.01,0.0
phpxijhaP,0.37,100,0.37,0.37,0.0,0.0
phpxijhaP,0.37,100,0.37,0.37,0.0,0.001004934310913086
phpxijhaP,0.37,100,0.37,0.39,0.02,0.0013523101806640625
phpxijhaP,0.37,100,0.37,0.37,0.0,0.005892276763916016
phpxijhaP,0.37,100,0.37,0.4,0.03,0.001998424530029297
phpxijhaP,0.37,100,0.37,0.35,0.02,0.002009153366088867
phpxijhaP,0.42,100,0.42,0.45,0.03,0.006148815155029297
phpxijhaP,0.42,100,0.42,0.42,0.0,0.0006020069122314453
phpxijhaP,0.42,100,0.42,0.42,0.0,0.001512765884399414
phpxijhaP,0.42,100,0.42,0.44,0.02,0.0
phpxijhaP,0.42,100,0.42,0.42,0.0,0.0
phpxijhaP,0.42,100,0.42,0.43,0.01,0.005930185317993164
phpxijhaP,0.42,100,0.42,0.43,0.01,0.005486726760864258
phpxijhaP,0.42,100,0.42,0.43,0.01,0.001386404037475586
phpxijhaP,0.42,100,0.42,0.41,0.01,0.001994609832763672
phpxijhaP,0.42,100,0.42,0.4,0.02,0.0
phpxijhaP,0.47,100,0.47,0.45,0.02,0.002000093460083008
phpxijhaP,0.47,100,0.47,0.46,0.01,0.0020062923431396484
phpxijhaP,0.47,100,0.47,0.46,0.01,0.0
phpxijhaP,0.47,100,0.47,0.46,0.01,0.002297639846801758
phpxijhaP,0.47,100,0.47,0.47,0.0,0.0019998550415039062
phpxijhaP,0.47,100,0.47,0.47,0.0,0.006355762481689453
phpxijhaP,0.47,100,0.47,0.46,0.01,0.0051424503326416016
phpxijhaP,0.47,100,0.47,0.48,0.01,0.00103759765625
phpxijhaP,0.47,100,0.47,0.47,0.0,0.0019989013671875
phpxijhaP,0.47,100,0.47,0.46,0.01,0.0
phpxijhaP,0.53,100,0.53,0.52,0.01,0.0
phpxijhaP,0.53,100,0.53,0.54,0.01,0.0
phpxijhaP,0.53,100,0.53,0.55,0.02,0.002008199691772461
phpxijhaP,0.53,100,0.53,0.51,0.02,0.0
phpxijhaP,0.53,100,0.53,0.53,0.0,0.0009918212890625
phpxijhaP,0.53,100,0.53,0.5,0.03,0.0
phpxijhaP,0.53,100,0.53,0.54,0.01,0.0
phpxijhaP,0.53,100,0.53,0.54,0.01,0.0060350894927978516
phpxijhaP,0.53,100,0.53,0.52,0.01,0.001062154769897461
phpxijhaP,0.53,100,0.53,0.53,0.0,0.0019998550415039062
phpxijhaP,0.58,100,0.58,0.57,0.01,0.0
phpxijhaP,0.58,100,0.58,0.57,0.01,0.0019986629486083984
phpxijhaP,0.58,100,0.58,0.59,0.01,0.001994609832763672
phpxijhaP,0.58,100,0.58,0.59,0.01,0.0
phpxijhaP,0.58,100,0.58,0.56,0.02,0.0
phpxijhaP,0.58,100,0.58,0.59,0.01,0.0016684532165527344
phpxijhaP,0.58,100,0.58,0.58,0.0,0.006009340286254883
phpxijhaP,0.58,100,0.58,0.58,0.0,0.0010001659393310547
phpxijhaP,0.58,100,0.58,0.6,0.02,0.001999378204345703
phpxijhaP,0.58,100,0.58,0.58,0.0,0.004370927810668945
phpxijhaP,0.63,100,0.63,0.6,0.03,0.0020313262939453125
phpxijhaP,0.63,100,0.63,0.63,0.0,0.001999378204345703
phpxijhaP,0.63,100,0.63,0.61,0.02,0.0019998550415039062
phpxijhaP,0.63,100,0.63,0.63,0.0,0.00099945068359375
phpxijhaP,0.63,100,0.63,0.65,0.02,0.0
phpxijhaP,0.63,100,0.63,0.63,0.0,0.0014104843139648438
phpxijhaP,0.63,100,0.63,0.64,0.01,0.0019998550415039062
phpxijhaP,0.63,100,0.63,0.63,0.0,0.006181478500366211
phpxijhaP,0.63,100,0.63,0.62,0.01,0.006952524185180664
phpxijhaP,0.63,100,0.63,0.64,0.01,0.0
phpxijhaP,0.68,100,0.68,0.68,0.0,0.0010120868682861328
phpxijhaP,0.68,100,0.68,0.7,0.02,0.0
phpxijhaP,0.68,100,0.68,0.67,0.01,0.0016415119171142578
phpxijhaP,0.68,100,0.68,0.68,0.0,0.0
phpxijhaP,0.68,100,0.68,0.66,0.02,0.0
phpxijhaP,0.68,100,0.68,0.68,0.0,0.0
phpxijhaP,0.68,100,0.68,0.67,0.01,0.0013003349304199219
phpxijhaP,0.68,100,0.68,0.68,0.0,0.0020055770874023438
phpxijhaP,0.68,100,0.68,0.65,0.03,0.0
phpxijhaP,0.68,100,0.68,0.65,0.03,0.0
phpxijhaP,0.74,100,0.74,0.75,0.01,0.0009963512420654297
phpxijhaP,0.74,100,0.74,0.74,0.0,0.0
phpxijhaP,0.74,100,0.74,0.72,0.02,0.0
phpxijhaP,0.74,100,0.74,0.74,0.0,0.0
phpxijhaP,0.74,100,0.74,0.73,0.01,0.0016300678253173828
phpxijhaP,0.74,100,0.74,0.73,0.01,0.0070302486419677734
phpxijhaP,0.74,100,0.74,0.72,0.02,0.0009984970092773438
phpxijhaP,0.74,100,0.74,0.73,0.01,0.0
phpxijhaP,0.74,100,0.74,0.72,0.02,0.0
phpxijhaP,0.74,100,0.74,0.74,0.0,0.0
phpxijhaP,0.79,100,0.79,0.79,0.0,0.0
phpxijhaP,0.79,100,0.79,0.8,0.01,0.0
phpxijhaP,0.79,100,0.79,0.79,0.0,0.0
phpxijhaP,0.79,100,0.79,0.78,0.01,0.002094745635986328
phpxijhaP,0.79,100,0.79,0.77,0.02,0.006148099899291992
phpxijhaP,0.79,100,0.79,0.8,0.01,0.0
phpxijhaP,0.79,100,0.79,0.78,0.01,0.0
phpxijhaP,0.79,100,0.79,0.79,0.0,0.0021092891693115234
phpxijhaP,0.79,100,0.79,0.79,0.0,0.00673985481262207
phpxijhaP,0.79,100,0.79,0.77,0.02,0.002138376235961914
phpxijhaP,0.84,100,0.84,0.83,0.01,0.0020020008087158203
phpxijhaP,0.84,100,0.84,0.85,0.01,0.001575469970703125
phpxijhaP,0.84,100,0.84,0.84,0.0,0.0
phpxijhaP,0.84,100,0.84,0.83,0.01,0.0
phpxijhaP,0.84,100,0.84,0.82,0.02,0.0
phpxijhaP,0.84,100,0.84,0.84,0.0,0.0010840892791748047
phpxijhaP,0.84,100,0.84,0.82,0.02,0.00099945068359375
phpxijhaP,0.84,100,0.84,0.82,0.02,0.0
phpxijhaP,0.84,100,0.84,0.85,0.01,0.012698888778686523
phpxijhaP,0.84,100,0.84,0.84,0.0,0.0010042190551757812
phpxijhaP,0.89,100,0.89,0.88,0.01,0.001440286636352539
phpxijhaP,0.89,100,0.89,0.88,0.01,0.0
phpxijhaP,0.89,100,0.89,0.88,0.01,0.001436471939086914
phpxijhaP,0.89,100,0.89,0.88,0.01,0.0
phpxijhaP,0.89,100,0.89,0.88,0.01,0.00099945068359375
phpxijhaP,0.89,100,0.89,0.88,0.01,0.0015802383422851562
phpxijhaP,0.89,100,0.89,0.87,0.02,0.0
phpxijhaP,0.89,100,0.89,0.89,0.0,0.0020020008087158203
phpxijhaP,0.89,100,0.89,0.85,0.04,0.0059795379638671875
phpxijhaP,0.89,100,0.89,0.87,0.02,0.0023796558380126953
phpxijhaP,0.95,100,0.95,0.95,0.0,0.0
phpxijhaP,0.95,100,0.95,0.94,0.01,0.0019998550415039062
phpxijhaP,0.95,100,0.95,0.95,0.0,0.0010907649993896484
phpxijhaP,0.95,100,0.95,0.93,0.02,0.001967191696166992
phpxijhaP,0.95,100,0.95,0.94,0.01,0.006719112396240234
phpxijhaP,0.95,100,0.95,0.94,0.01,0.0013415813446044922
phpxijhaP,0.95,100,0.95,0.94,0.01,0.0011043548583984375
phpxijhaP,0.95,100,0.95,0.93,0.02,0.0
phpxijhaP,0.95,100,0.95,0.92,0.03,0.0
phpxijhaP,0.95,100,0.95,0.93,0.02,0.0
phpxijhaP,1.0,100,1.0,0.95,0.05,0.005874156951904297
phpxijhaP,1.0,100,1.0,0.98,0.02,0.0
phpxijhaP,1.0,100,1.0,0.99,0.01,0.001007080078125
phpxijhaP,1.0,100,1.0,0.99,0.01,0.0
phpxijhaP,1.0,100,1.0,1.0,0.0,0.0010058879852294922
phpxijhaP,1.0,100,1.0,0.99,0.01,0.0021429061889648438
phpxijhaP,1.0,100,1.0,0.99,0.01,0.0
phpxijhaP,1.0,100,1.0,0.97,0.03,0.0019905567169189453
phpxijhaP,1.0,100,1.0,0.99,0.01,0.005768775939941406
phpxijhaP,1.0,100,1.0,1.0,0.0,0.002099275588989258
