Random Forest HitRate,XGBOOST HitRate,SVM HitRate
0.7669172932330827,0.7593984962406015,0.7593984962406015
